method,drive,outage_s,speed_mae,speed_bias,endpoint_error_m,drift_pct,changed
S0,S1,30,3.1457478193344715,1.9042396288520096,59.37834168671118,36.36581484243986,changed
S1,S1,30,2.4007974760733313,-1.6910197669600981,50.581659627829296,30.97835365888336,changed
S2,S1,30,2.5937463606176263,-1.4908182777110535,44.99245782578905,27.555289422390626,changed
S0,S1,30,5.394074580590768,-5.243380204266956,181.1929618068001,35.725443346343425,changed
S1,S1,30,1.9168759966626894,-1.4851433277799244,113.43285533062401,22.365322616941135,changed
S2,S1,30,1.9168760033701617,-1.485143334521761,113.4328553924619,22.365322629133587,changed
S0,S1,30,3.409416247189068,1.1106761003646046,48.73678949825387,38.91778850484158,changed
S1,S1,30,3.977851499746669,3.596191971841896,112.2857535071186,89.66354271762977,changed
S2,S1,30,3.8695474681406683,3.5992553245208825,112.52889883487768,89.85770155613936,changed
S0,S1,30,2.89577343328512,2.16432871286949,36.4369145863582,10.869297794629595,changed
S1,S1,30,1.2908638939751305,0.8036849237056344,32.02682149956132,9.553746914249098,changed
S2,S1,30,1.2908638913205965,0.8036849264023691,32.0268214914919,9.553746911841953,changed
S0,S1,30,5.139259050330005,-4.470161638070065,147.52207245961765,40.537247623392425,changed
S1,S1,30,4.746404647431248,-3.4774576307387774,115.0808735070912,31.622805918417804,changed
S2,S1,30,4.746404648724057,-3.47745762939041,115.08087349208648,31.62280591429469,changed
S0,S1,30,3.2590058771342734,2.3579214162812794,241.03489987032714,70.8815205686856,changed
S1,S1,30,2.328767130668352,-1.5188866992630632,166.47676595918045,48.95609024623482,changed
S2,S1,30,2.3287671258594207,-1.518886704656532,166.4767660062372,48.95609026007287,changed
S0,S1,30,2.1792736501249697,-0.5132346733428872,65.31857634589423,26.67295677386234,changed
S1,S1,30,4.744573219354463,4.218334700835685,141.35736409958938,57.72353093443481,changed
S2,S1,30,4.225708122421406,4.225708122421406,141.7925410419727,57.90123621251229,changed
S0,S1,30,2.1891591727423285,0.029074756802377144,172.00016264107865,46.598634651623804,changed
S1,S1,30,7.0812411096358225,-7.0812411096358225,243.1879069056639,65.88496343016637,changed
S2,S1,30,7.081241116588344,-7.081241116588344,243.18790697976019,65.88496345024069,changed
S0,S1,30,3.363450212832996,2.8675321442010384,194.01044576084263,50.3663939344537,steady
S1,S1,30,0.5373512962955243,0.18021425925992188,179.6060259282013,46.62691134709654,steady
S2,S1,30,0.5373512962955243,0.18021425925992188,179.6060259282013,46.62691134709654,steady
S0,S1,30,2.5992120748725447,2.18434636159575,92.8343083671686,27.863046176095235,steady
S1,S1,30,3.2986958822293215,-3.2986958822293215,122.44741427752012,36.75104622597259,steady
S2,S1,30,3.2986958903195256,-3.2986958903195256,122.44741435831722,36.751046250222814,steady
S0,S1,30,4.8328287021358936,4.5506776097886235,162.85808219089333,77.36230385260542,changed
S1,S1,30,5.867472189625404,5.867472189625404,174.72932677104444,83.00148870584323,changed
S2,S1,30,5.867472184231933,5.867472184231933,174.729326760891,83.00148870102007,changed
S0,S1,30,3.17983919848817,3.0809198272000375,104.60975593953783,42.18724952736968,changed
S1,S1,30,2.3983482352787218,1.406196646117981,92.65484724211174,37.36604798870309,changed
S2,S1,30,2.3983482277113275,1.4061966537025494,92.65484718616217,37.366047966139625,changed
S0,S1,30,1.4651374822160284,-0.03187938066389445,72.28927499705645,42.21960225167602,changed
S1,S1,30,1.5717707546551611,0.6457845124141697,49.42466796200226,28.865828615128013,changed
S2,S1,30,1.5717707615922611,0.6457845193666907,49.42466796080474,28.865828614428615,changed
S0,S1,30,2.6724088496721286,1.146878608426077,18.915141418332325,15.852972644071892,changed
S1,S1,30,2.6043925849632403,-1.5396684918164956,64.21341194756135,53.81791446722158,changed
S2,S1,30,2.6012595347683174,-1.5396568710795528,64.20579150905729,53.811527700108975,changed
S0,S1,30,1.6944836300734762,-0.2056083376985566,8.931224990741612,3.85393122981056,changed
S1,S1,30,1.953518008276015,-1.6743901796357725,45.5124545709419,19.63917270006236,changed
S2,S1,30,1.9535180034564295,-1.674390186377609,45.5124546392951,19.63917272955759,changed
S0,S1,30,3.6945786207075275,3.2213319828570457,94.6708009579964,81.00087707797032,changed
S1,S1,30,4.5051759005654635,4.406391178343972,131.3677653912705,112.39900907975952,changed
S2,S1,30,4.415288417591516,4.415288417591516,130.99301826337754,112.07837330046314,changed
S0,S1,30,4.861645389368091,-1.2383718560731505,107.4320862885547,36.98804746993571,changed
S1,S1,30,3.250143306630454,-2.9125325353729585,114.94756257601406,39.57556860336211,changed
S2,S1,30,3.2501433086524267,-2.912532537395509,114.94756259452875,39.57556860973657,changed
S0,S1,30,4.59688830134107,4.457253695479114,115.11437110116702,61.57884032413701,changed
S1,S1,30,7.2161201962816595,7.2161201962816595,135.55400561877158,72.51274004667592,changed
S2,S1,30,7.2161201827979875,7.2161201827979875,135.55400565917128,72.51274006828717,changed
S0,S1,30,1.9969863550270526,0.923218897130236,99.53039031085586,41.177361605530365,changed
S1,S1,30,4.887818635559442,-4.887818635559442,142.57273841484164,58.98468986671194,changed
S2,S1,30,4.8878186393517264,-4.8878186393517264,142.5727384572943,58.9846898842753,changed
S0,S1,30,2.5581381077320615,-1.3476022606154028,51.73191243332752,22.737797320498025,steady
S1,S1,30,3.727250070743736,-3.727250070743736,102.80870783655428,45.187650168213686,steady
S2,S1,30,3.7272500747888375,-3.7272500747888375,102.8087078746985,45.18765018497927,steady
S0,S1,30,1.6272999296087256,-0.10753450734357858,28.169169242867724,15.815487000884533,changed
S1,S1,30,3.106509861053458,3.0419047114722906,69.16378721765793,38.831779817211746,changed
S2,S1,30,3.106509856014116,3.041904702033719,69.16378719522756,38.831779804618286,changed
S0,S1,30,3.9606076937933348,3.237417942709718,63.63764997071373,27.93776017374993,changed
S1,S1,30,3.650062171359217,3.1941572548195225,79.22558164838533,34.781065937177765,changed
S2,S1,30,3.65006216605024,3.1941572602129913,79.22558168260416,34.78106595220028,changed
S0,S1,30,1.5407254646392186,1.531544387876434,56.58897640981772,24.49754104867036,changed
S1,S1,30,1.9974985744668783,-1.5996800762943595,16.824867155977316,7.283536475497591,changed
S2,S1,30,1.997498571865201,-1.5996800735976247,16.824867182884162,7.283536487145648,changed
S0,S1,30,1.5716490924339663,0.20065041790991348,84.23242789738457,82.68656076593523,changed
S1,S1,30,2.6273101521242457,2.314931633605491,129.9286000236704,127.54409850536553,changed
S2,S1,30,2.5119203627043176,2.5119203627043176,135.4673515365456,132.98120064012414,changed
S0,S1,30,2.615300671579889,0.9670664750920189,38.38175104862483,23.964413262567337,changed
S1,S1,30,2.3690604524304817,-1.4067612064776782,19.054555838254817,11.897092711171762,changed
S2,S1,30,2.3690604492880416,-1.406761203317441,19.054555812220244,11.897092694916557,changed
S0,S1,30,3.8006804625078145,3.7410151847304856,48.65692801529932,68.37359147544956,changed
S1,S1,30,3.7488813167583577,3.6892160389810287,80.52509605463803,113.155315095724,changed
S2,S1,30,3.9161793880362317,3.9161793880362317,83.97104641493017,117.99762659769982,changed
S0,S1,30,2.8089368637514536,2.7466498294107518,51.586449215661915,69.43958324622561,changed
S1,S1,30,4.1983244198208665,4.1983244198208665,100.83580284387601,135.73324452909776,changed
S2,S1,30,4.198324427236887,4.198324427236887,100.83580278755184,135.7332444532808,changed
S0,S1,30,2.074114712421818,-0.7396206947043231,56.28524978372482,16.187515446613187,steady
S1,S1,30,1.027982352784314,0.9501030144571214,64.60953721228887,18.581562410066336,steady
S2,S1,30,1.0279823679516666,0.9501030296262585,64.60953735144271,18.58156245008668,steady
S0,S1,30,3.8831646031211022,2.1403835091931596,22.825295850712706,8.46199157268617,changed
S1,S1,30,3.293894170239549,0.2220692647965148,34.3154167558593,12.721708813786456,changed
S2,S1,30,3.2938941769420658,0.2220692580546783,34.31541682952639,12.721708841096957,changed
S0,S1,30,3.3087882494669882,-3.1337153856014623,90.25218162272145,24.976553536540425,steady
S1,S1,30,1.3217019281453648,-1.3217019281453648,42.826687146939044,11.851935599625413,steady
S2,S1,30,1.32170192544863,-1.32170192544863,42.8266871170573,11.851935591355884,steady
S0,S1,30,1.4333337808940483,0.34410084393540397,126.88085562716897,61.085838834072014,changed
S1,S1,30,3.465675364820327,3.465675364820327,142.06435268927873,68.39581991742024,changed
S2,S1,30,3.465675371562164,3.465675371562164,142.06435265750852,68.39581990212471,changed
S0,S1,30,4.232180540630866,2.372437278573183,81.5973162511473,34.74827140112967,changed
S1,S1,30,3.1393399734707694,-1.2079511561070584,55.30061121389687,23.549802069401082,changed
S2,S1,30,3.1393399725047133,-1.2079511523147741,55.30061124094078,23.549802080917747,changed
S0,S1,30,1.9202168543266533,1.3700412317469708,59.36548044968531,22.129422705120717,changed
S1,S1,30,1.1857229049338145,0.9166772333215536,55.864144816012626,20.8242444149237,changed
S2,S1,30,1.18572289773538,0.9166772198378804,55.864144893329225,20.82424444374469,changed
S0,S1,30,2.340425580035324,0.23997876411524022,9.904094913752127,4.251506584434491,changed
S1,S1,30,3.1227948488869557,0.02769039611798252,4.436503321926347,1.9044469231454115,changed
S2,S1,30,3.1227948564263475,0.02769040370255116,4.436503305654964,1.9044469161606346,changed
S0,S1,30,2.676007814042727,2.1830372582301036,58.1751509201354,35.00719055321174,changed
S1,S1,30,2.2577907979591774,1.6755367620329418,50.06217110631801,30.125164021186638,changed
S2,S1,30,2.257790798797836,1.6755367586620233,50.06217107133366,30.125164000134628,changed
S0,S1,30,2.4640036223892032,2.3485878506082276,42.66919487584443,16.74452181596913,changed
S1,S1,30,0.988079469023958,-0.3896081558217846,55.42033157538186,21.748405467045018,changed
S2,S1,30,0.9880794576476393,-0.3896081444449317,55.42033147097484,21.748405426072935,changed
S0,S1,30,1.2894884320270625,1.0815882265188081,57.70354308503107,75.24963056980062,changed
S1,S1,30,1.523094229110034,1.3615393346205549,61.04225795994646,79.60355837879256,changed
S2,S1,30,1.6700445125561236,1.6249802434765048,67.9682072382312,88.63550159531407,changed
S0,S1,30,1.2970712203989296,-0.43994972123226306,57.25098140144913,17.941304948196805,steady
S1,S1,30,3.9063336424082746,-3.9063336424082746,126.37905083293441,39.60465016587383,steady
S2,S1,30,3.906333643672369,-3.906333643672369,126.379050847624,39.60465017047725,steady
S0,S1,30,1.6295859841750728,0.5005092386830863,15.430689594112618,10.001800269382196,changed
S1,S1,30,3.291398100291018,3.1702289325845396,87.81418803452058,56.91903554811645,changed
S2,S1,30,3.2913980925158546,3.1702289244943356,87.81418800430008,56.919035528528255,changed
S0,S1,30,2.3582076554759985,1.79735470776436,57.96670920584677,20.985679514968318,changed
S1,S1,30,2.102779147593339,1.9128454479641666,79.51314960369643,28.786134277234385,changed
S2,S1,30,2.1027791466727255,1.912845449228261,79.51314960611707,28.786134278110726,changed
S0,S1,30,3.028721993920365,0.43424278516125103,31.70493007648528,12.69342458350964,changed
S1,S1,30,3.1632489253010125,-2.89567371722812,92.44680452162363,37.01211572934574,changed
S2,S1,30,3.1632489313686563,-2.895673723295773,92.44680458973438,37.01211575661464,changed
S0,S1,30,2.350692003807845,-2.2767521199166163,72.48616111686076,19.693025595387223,changed
S1,S1,30,9.769213619910285,-9.769213619910285,290.40185055905556,78.89631604007023,changed
S2,S1,30,9.769213623070524,-9.769213623070524,290.40185059656244,78.89631605026008,changed
S0,S1,30,2.414301303919579,1.2142545382981975,60.28885562297766,14.685193572431839,steady
S1,S1,30,0.3821770289328972,0.3332021004574668,40.942858520558815,9.9728846495793,steady
S2,S1,30,0.38217702262595143,0.3332020941369932,40.94285851159143,9.972884647395018,steady
S0,S1,30,2.5931991716799114,-0.921074506057937,21.65082495661469,11.433975523604724,changed
S1,S1,30,3.7914616094464284,-1.7902785320419734,48.11351361155613,25.409135129563822,changed
S2,S1,30,3.7914616154782252,-1.790278538109626,48.1135136798102,25.409135165609346,changed
S0,S1,30,3.407235347823231,2.765649346084696,61.910935735888046,24.218390042362298,changed
S1,S1,30,3.262415626299807,2.920877990011381,68.8530721432636,26.9340228339314,changed
S2,S1,30,3.2624156384311713,2.920878002146687,68.8530722062267,26.934022858561377,changed
S0,S1,30,3.1239545325913545,-1.9584076399680725,79.17522987412008,25.134537891709073,changed
S1,S1,30,5.240791859016361,4.721213725200866,103.55702053008687,32.8746485561737,changed
S2,S1,30,5.240791840434943,4.721213744078008,103.55702053285111,32.87464855705123,changed
S0,S1,30,3.3161140732321965,1.1341159827289249,35.534380412584085,23.11930150896824,changed
S1,S1,30,1.0760115094556608,0.9718633714810113,22.48506965746222,14.629187249791677,changed
S2,S1,30,1.0760115084361843,0.9718633701326438,22.485069643096146,14.629187240444853,changed
S0,S1,30,2.205244404196553,0.9564729976937557,63.49691542408638,47.7567454126464,changed
S1,S1,30,1.8756844126539074,1.4758239787059202,59.33010455396436,44.62284001617134,changed
S2,S1,30,1.8756844160058297,1.4758239820768382,59.330104584919816,44.62284003945329,changed
S0,S1,30,2.1322354971449817,1.844895844033403,63.65840618650896,146.240937487446,changed
S1,S1,30,4.40517459402731,4.400682742175534,99.31085600522887,228.1444597015897,changed
S2,S1,30,4.409794109579404,4.409794109579404,101.6086444583948,233.42311428421152,changed
S0,S1,30,1.956834441508898,1.465962074270268,53.39228516283936,33.06323142748253,changed
S1,S1,30,1.5157550418749186,-0.5320599149069745,52.93411389817781,32.779508366918144,changed
S2,S1,30,1.5157550413972345,-0.5320599142749273,52.93411389236011,32.77950836331553,changed
S0,S1,30,2.8224820293248927,2.2249423702757722,84.20556959209259,39.82060014203924,changed
S1,S1,30,2.042401719856332,1.748506843227992,59.497329948064426,28.13613632515983,changed
S2,S1,30,2.0424017233465497,1.7485068293229502,59.4973298455436,28.13613627667799,changed
S0,S1,30,2.9338759724684538,2.6931498364884447,65.86952164099955,73.15454700340325,changed
S1,S1,30,0.9064642592589267,0.3110045406203374,23.003885073828723,25.54806456719173,changed
S2,S1,30,1.109949480761177,0.5296866040222855,28.310210377436306,31.44125787067081,changed
S0,S1,30,3.985241588629782,3.966412705918096,100.61901003842402,54.96979895387666,changed
S1,S1,30,1.3605933168037068,-1.1816507216686796,37.72220672480649,20.60825403636286,changed
S2,S1,30,1.3605933174769438,-1.1816507223428632,37.7222067322087,20.608254040406806,changed
S0,S1,30,3.951051853933726,-3.9006635179279896,133.79019398544827,29.49453507453986,changed
S1,S1,30,4.364161326767425,-4.364161326767425,144.04099161607272,31.754360710874217,changed
S2,S1,30,4.364161336880183,-4.364161336880183,144.04099173363625,31.75436073679153,changed
S0,S1,30,4.466935637954719,-2.6500870171543585,104.37870836713734,27.574258294375394,changed
S1,S1,30,4.542986894620915,4.240369324453823,159.8711330224527,42.233976495186056,changed
S2,S1,30,4.54298688427845,4.2403693352407625,159.87113310094503,42.233976515921775,changed
S0,S1,30,1.490991787673556,-0.37956737214181485,27.01288256319565,32.13342401915005,changed
S1,S1,30,1.7704098433804054,0.8590871690331526,59.397286719588955,70.65659117579891,changed
S2,S1,30,1.5515843232100117,0.8860579320100597,61.12433925791114,72.71102247861988,changed
S0,S1,30,1.4763646797654513,0.6759828977309111,35.60819243473827,20.64893517928576,changed
S1,S1,30,2.3786612906842093,-1.2269904668861593,41.20122906651103,23.892296972404406,changed
S2,S1,30,2.397494620724885,-1.222621471113099,40.70759678096733,23.60604315355988,changed
S0,S1,30,1.4231744242625681,0.15034986931300806,65.41113615178625,20.473057643007373,changed
S1,S1,30,3.7656826799858933,3.7656826799858933,137.52876597107837,43.0451834189807,changed
S2,S1,30,3.7656826638054848,3.7656826638054848,137.52876593047915,43.04518340627353,changed
S0,S1,30,3.431316065130118,3.182655687428754,86.35362127329448,55.11441154652416,changed
S1,S1,30,1.6304396601465612,-0.06109755999543112,13.119368218444212,8.373317164468904,changed
S2,S1,30,1.6304396553358695,-0.061097554601962104,13.119368263487498,8.37331719321737,changed
S0,S1,30,1.8891309096204711,0.39796848231959253,21.91110308465993,15.69996456803863,changed
S1,S1,30,2.9898677560170217,-2.6206969584460866,51.95874508718999,37.230004063088224,changed
S2,S1,30,3.0686646738574868,-2.618914904956453,51.48163566296153,36.88814080652273,changed
S0,S1,30,2.552690670169075,0.7554241187278463,44.71951755496419,25.37201608198351,changed
S1,S1,30,4.935942244719552,-4.935942244719552,121.58598722777117,68.98289140743216,changed
S2,S1,30,4.935942242823409,-4.935942242823409,121.58598720971233,68.98289139718632,changed
S0,S1,30,2.274998840975421,1.2004486418084157,11.31744795576115,9.185177900040976,changed
S1,S1,30,3.2529351088916827,3.2529351088916827,61.54594459678433,49.950346788187204,changed
S2,S1,30,3.2529351115884166,3.2529351115884166,61.545944607102456,49.95034679656134,changed
S0,S1,30,2.93657556451432,1.1043257159152569,126.39605755447498,58.80244340773777,changed
S1,S1,30,3.6233919747302377,-1.743669310930134,146.3120533405177,68.06783694750692,changed
S2,S1,30,3.62339197944801,-1.7436693156494187,146.31205339132026,68.06783697114147,changed
S0,S1,30,2.023840910649958,0.7118408986479421,55.15485592570233,19.81874590570886,changed
S1,S1,30,1.0554414052747134,0.37074791276786195,50.74092784122805,18.232693006393735,changed
S2,S1,30,1.0554414165838022,0.37074790139100905,50.740927856987994,18.232693012056743,changed
S0,S1,30,2.659548698029843,2.0459854379386933,76.12327159554121,20.270353119675555,changed
S1,S1,30,10.449140456160553,-10.449140456160553,331.2163973778031,88.19738291789474,changed
S2,S1,30,10.44914045600254,-10.44914045600254,331.21639737629044,88.19738291749196,changed
S0,S1,30,2.843950037482257,0.38770650553048835,39.86924326535117,15.930620277524085,changed
S1,S1,30,6.044218980832426,-6.044218980832426,143.04281911847136,57.15585870633549,changed
S2,S1,30,6.044218978936284,-6.044218978936284,143.04281909910694,57.15585869859802,changed
S0,S1,30,1.7013850594602338,0.42016053645610274,63.066305747488066,42.61133670509021,changed
S1,S1,30,3.401295012961585,2.9558454364787132,63.566624955306146,42.949382036454956,changed
S2,S1,30,3.531359170785655,3.091404376065012,64.43313615424735,43.53484839633106,changed
S0,S1,30,2.564197717966041,1.6497897156694044,98.94783829352222,66.91439691947085,changed
S1,S1,30,2.55054125560464,-1.8683823361990985,68.3701360927924,46.23594110646534,changed
S2,S1,30,2.6101301186837302,-1.8687408332618178,69.40257885116041,46.934140134574825,changed
S0,S1,30,2.228863245861771,1.3310061206784272,25.154336157206718,10.746907893669313,changed
S1,S1,30,6.622280512641138,-6.462141609448066,201.20421719770513,85.96224430363537,changed
S2,S1,30,6.622280514537253,-6.46214161134421,201.20421722011457,85.96224431320955,changed
S0,S1,30,2.994000072148537,2.4802278454728333,55.81450165459366,29.34842864362906,changed
S1,S1,30,1.0073402996262804,0.03553000555019601,38.29826299540768,20.138025161479774,changed
S2,S1,30,1.0073402928845583,0.03552999880835941,38.298262949692116,20.138025137441577,changed
S0,S1,30,3.0692275967010696,-0.733425093438989,253.2949362202885,73.32490067755347,changed
S1,S1,30,5.908320486110865,-5.908320486110865,253.8004566240331,73.47124088453972,changed
S2,S1,30,5.908320486110865,-5.908320486110865,253.8004566240331,73.47124088453972,changed
S0,S1,30,0.2012121359519422,0.16874998317423523,1.3582256016172058,23.060658611435105,steady
S1,S1,30,1.0567866605541816,1.0243245077764744,21.052177817083294,357.4347921942712,steady
S2,S1,30,1.2983917264000533,1.2768867102722778,29.11894314724883,494.3965172243493,steady
S0,S1,30,1.397891034071743,1.3745420757383888,25.122348715939346,50.09566677299,changed
S1,S1,30,1.3400497123833173,1.3167007540499633,32.50763031035988,64.82241903497307,changed
S2,S1,30,1.7204538233781417,1.7115972455398238,45.11777653274426,89.96790563967272,changed
S0,S1,30,2.3378203364532713,-0.38757285596827556,124.78734163718889,31.825045172010118,steady
S1,S1,30,0.47463287395308623,0.41108758704345194,124.82764000119667,31.835322634756576,steady
S2,S1,30,0.4746328794978583,0.4110875937852884,124.82764000095563,31.8353226346951,steady
S0,S1,30,0.7647254336986458,0.24779357342097258,17.19148110874554,52.51913369349107,changed
S1,S1,30,0.9300003703705961,0.4344418671101959,6.427577393483249,19.635934467675437,changed
S2,S1,30,1.0530821555808472,0.4377424798730993,4.246569999707727,12.973063585543079,changed
S0,S1,60,2.19339337865125,0.36796378535963675,60.73833023266159,19.08954663412384,changed
S1,S1,60,2.617591092905384,-2.1535726201629486,101.25283615492899,31.82291528616027,changed
S2,S1,60,2.713937621796457,-2.1535550324380788,103.29486999857208,32.46470935816329,changed
S0,S1,60,3.58336514940686,-2.1824377111733018,250.76981263271134,29.59198487434419,changed
S1,S1,60,3.0618971677733215,1.3608875055520144,184.0573994871941,21.719614990555268,changed
S2,S1,60,3.0618971711270557,1.3608875021810944,184.05739951084914,21.719614993346674,changed
S0,S1,60,2.8935700899713486,0.12157522494288253,41.97504619539779,8.274253394447486,changed
S1,S1,60,3.123273985064134,0.6637477507301478,44.365143300845986,8.74539686849522,changed
S2,S1,60,3.0706538835491193,0.6637475127816564,45.4758842360505,8.964349622250031,changed
S0,S1,60,3.7355304741439728,3.2509636348982687,263.558853143524,37.194476039966226,changed
S1,S1,60,1.409696774517585,0.733432608889948,225.7447653387457,31.858001222092845,changed
S2,S1,60,1.4096967731903172,0.733432610238316,225.74476531194162,31.858001218310147,changed
S0,S1,60,3.882914608129918,-3.349051054059184,278.7234539588205,34.84645735276429,changed
S1,S1,60,4.938713916863164,-4.304240408516929,286.97704097916744,35.87833416121666,changed
S2,S1,60,4.938713917509569,-4.3042404078427445,286.977040964052,35.8783341593269,changed
S0,S1,60,4.201997913122231,3.7514556826957333,161.22452665206066,23.365877887936946,changed
S1,S1,60,2.3087929843467916,-1.3348660511151842,134.8996772407597,19.55068159283326,changed
S2,S1,60,2.308792981942326,-1.3348660538119204,134.89967729815518,19.55068160115145,changed
S0,S1,60,1.8214132898709054,0.4628011651740943,68.95529315705653,27.055714006632833,changed
S1,S1,60,4.110488934664417,3.835011712442145,237.22528506272056,93.07914119341396,changed
S2,S1,60,3.9459984124688066,3.9432301868088717,242.5776053686734,95.17920981526613,changed
S0,S1,60,2.1525529536741512,0.743172087185934,474.1729539121272,59.780573458228744,changed
S1,S1,60,8.074969145029531,-8.074969145029531,567.9275070330513,71.60052418221596,changed
S2,S1,60,8.07496914861793,-8.07496914861793,567.9275071077243,71.60052419163026,changed
S0,S1,60,2.8919483580631957,2.0449894112424754,489.2787852724148,72.71439564980514,changed
S1,S1,60,2.6376911111109016,2.3669329629632347,527.6722551852367,78.42025914857805,changed
S2,S1,60,2.6376911111109016,2.3669329629632347,527.6722551852367,78.42025914857805,changed
S0,S1,60,3.9348576132885267,3.678295127020483,335.6476024782322,64.39729907203261,changed
S1,S1,60,3.334457941114263,-0.6254296861554245,298.4671242540866,57.263858051857945,changed
S2,S1,60,3.3263352044327004,-0.5844228012975474,299.56840755941,57.47515010296249,changed
S0,S1,60,3.1705292297589223,2.3161943574276673,236.9678111976203,48.448430304819816,changed
S1,S1,60,5.046950985921474,5.046950985921474,300.87061016058135,61.51345498556861,changed
S2,S1,60,5.046950983224738,5.046950983224738,300.8706101402661,61.51345498141512,changed
S0,S1,60,4.51282852275978,3.3355742315838497,278.36399385202503,63.0324572002592,changed
S1,S1,60,2.826853548319635,2.3147753087528007,166.82437419284193,37.775540150714214,changed
S2,S1,60,2.8268535444138836,2.3147753126674178,166.82437412239105,37.775540134761386,changed
S0,S1,60,3.588094449919729,2.163524407857909,432.05388373095957,106.66415990959261,changed
S1,S1,60,2.126411476301896,-0.3257978800589871,268.9736348420662,66.4033998502921,changed
S2,S1,60,2.1264114798823344,-0.32579787647058855,268.9736348640276,66.40339985571386,changed
S0,S1,60,2.2961505219118794,0.8515924345897875,20.70927812244105,8.538845416136697,changed
S1,S1,60,2.4830883247505597,-1.6254255298064355,33.24701388057645,13.708402117926193,changed
S2,S1,60,2.4881732602623656,-1.6254234625106294,34.09158124736534,14.056633965791,changed
S0,S1,60,1.8922528191840546,-0.040268430394640474,81.59370851702543,15.573523254552136,changed
S1,S1,60,2.9996444098804362,-2.4680249018577425,59.757023704273074,11.405626918981556,changed
S2,S1,60,2.999644407470645,-2.468024905228662,59.75702363736192,11.405626906210443,changed
S0,S1,60,3.9611658324888586,3.2176770075094288,144.19964752014255,32.82703723807055,changed
S1,S1,60,2.8887650570066326,2.6256068029865616,112.50573553693525,25.61192092686358,changed
S2,S1,60,2.8401314992052256,2.625606569822423,105.65424311104347,24.05217927097853,changed
S0,S1,60,4.220490087198242,-0.9180811482256129,350.38766146606764,54.30206068743591,changed
S1,S1,60,3.932543198778522,-3.763737813149774,337.046053777636,52.23441713134187,changed
S2,S1,60,3.932543199789509,-3.76373781416105,337.04605379603004,52.23441713419252,changed
S0,S1,60,3.1849020226455034,2.7508519788921935,212.62371671911413,63.560715037794935,changed
S1,S1,60,7.484853319001058,7.384847948630614,397.86178960621794,118.93489693341724,changed
S2,S1,60,7.4205025767967445,7.4205025767967445,400.74855387064537,119.79785240999256,changed
S0,S1,60,2.1248284443526426,1.281232758648786,315.07937961227253,66.58186920278527,changed
S1,S1,60,4.759699892942258,-4.692728559394258,307.19028382839167,64.91476314126837,changed
S2,S1,60,4.759699894899567,-4.692728561351567,307.19028386727416,64.91476314948494,changed
S0,S1,60,2.553282609676645,-0.7001241444923717,119.43826258027111,30.107244960205733,changed
S1,S1,60,3.066011019558323,-2.5441993300025243,189.96559579097348,47.885330905968736,changed
S2,S1,60,3.0660110215808754,-2.5441993320250758,189.9655958165197,47.88533091240827,changed
S0,S1,60,1.7550917142857607,0.8317062878363564,147.1080493665965,56.31928958379297,changed
S1,S1,60,3.753486139547737,3.7033306017943106,249.46072387054045,95.50429638582213,changed
S2,S1,60,3.879737619495628,3.8474350425054293,255.8193025701945,97.93863384505072,changed
S0,S1,60,3.7981752561112256,2.9777211587724937,84.39499143460286,21.420845670272385,changed
S1,S1,60,4.679151472349181,4.451199014079333,41.469024638738475,10.52552481827644,changed
S2,S1,60,4.679151469694694,4.451199016776069,41.46902468051215,10.52552482887929,changed
S0,S1,60,1.4516998789593105,1.078217186627832,176.28887221724239,38.65445739561792,changed
S1,S1,60,1.750079948096935,-1.0888285022204998,150.87518627912777,33.08205666490189,changed
S2,S1,60,1.7500799467960955,-1.0888285008721317,150.8751862967923,33.08205666877515,changed
S0,S1,60,1.1368782766090655,-0.06385461901507507,81.75557737356857,49.74987564479899,changed
S1,S1,60,3.344718391594539,3.1774917249276466,135.82438078992328,82.65180518454896,changed
S2,S1,60,3.1792901066178674,3.1792901066178674,138.2350912495603,84.11876987901312,changed
S0,S1,60,2.370175488793877,1.236927181767266,92.47914548920727,34.224264635628224,changed
S1,S1,60,2.296052709706634,-0.7089029627502698,11.83718073943638,4.3806504052690585,changed
S2,S1,60,2.29605270808473,-0.7089029611191795,11.83718070879689,4.380650393930134,changed
S0,S1,60,3.072324059758769,2.8764690310707555,96.47901993470217,45.84917505342578,changed
S1,S1,60,3.006440921742789,2.8600122577522877,107.85654126324383,51.25604970264433,changed
S2,S1,60,2.9756792747023404,2.8600123152068453,112.3470366333883,53.39004223741196,changed
S0,S1,60,3.7729601869101757,3.6515620578375145,162.01716171307132,70.29693739065368,changed
S1,S1,60,3.0136842765977305,2.943257938339657,125.88257492760245,54.61865517636705,changed
S2,S1,60,3.013684280305742,2.9432579420476688,125.88257485734782,54.618655145884574,changed
S0,S1,60,2.8722998762936975,1.2523593087810467,170.94680495949,27.24611679038038,changed
S1,S1,60,2.0798752580745195,2.0396794705508072,124.7452837276544,19.88235211707082,changed
S2,S1,60,2.0798752659028317,2.0396794783800405,124.74528355766826,19.88235208997782,changed
S0,S1,60,2.9398429730707574,0.2754928315421381,30.36489790838621,4.70028923302196,changed
S1,S1,60,3.655676341604025,-1.8976946240859924,150.77677562868377,23.33926684737979,changed
S2,S1,60,3.6556763449552845,-1.8976946274569118,150.77677570460207,23.33926685913145,changed
S0,S1,60,3.036528008205973,-1.4542637007820483,117.17995025139514,15.931777613981687,changed
S1,S1,60,1.2960958841960817,-1.0719042429601624,100.83665077360243,13.709743791640168,changed
S2,S1,60,1.2960958828477136,-1.0719042416117943,100.83665074532455,13.70974378779551,changed
S0,S1,60,1.4734675947322367,0.23015781138179006,223.34606634808642,61.51277297875543,changed
S1,S1,60,4.626837216672151,4.626837216672151,321.56647393895054,88.56410964569027,changed
S2,S1,60,4.626837220043071,4.626837220043071,321.5664738667853,88.56410962581491,changed
S0,S1,60,2.7346725672317675,1.4579928304180663,205.33338989663554,40.16605861648339,changed
S1,S1,60,3.028568790356107,-1.9428181251932601,155.07019404258855,30.333880460063074,changed
S2,S1,60,3.028568789857498,-1.9428181232359514,155.07019408529086,30.333880468416236,changed
S0,S1,60,2.2913751057031098,1.4842366055885843,144.11621655454948,27.73276416579122,changed
S1,S1,60,1.8158199256719216,1.6347045481358433,143.23234318366005,27.562677465395353,changed
S2,S1,60,1.8158199220727067,1.6347045413940036,143.23234321323744,27.562677471087028,changed
S0,S1,60,2.1845650802799295,0.8361251734461045,50.683424950606884,10.194394580095098,changed
S1,S1,60,2.2678497523261907,-0.48905632207191263,46.860589641079365,9.425474729117726,changed
S2,S1,60,2.2678497562174895,-0.48905631815729594,46.86058955113387,9.425474711026212,changed
S0,S1,60,3.1457621544544665,2.899276876548155,95.8098034685744,21.211876310869016,changed
S1,S1,60,2.059425469319375,0.053040002773973575,53.83598347713582,11.919054013773824,changed
S2,S1,60,2.0594254697387053,0.05304000108851362,53.835983511969694,11.919054021485893,changed
S0,S1,60,1.9855546864392697,1.3687650151948667,33.028793197948396,7.047481988315628,changed
S1,S1,60,1.3477825601065032,0.2980309290794809,137.63841935010257,29.368444540393725,changed
S2,S1,60,1.347782554234855,0.29803093495140615,137.63841921756475,29.36844451211362,changed
S0,S1,60,1.540356424871713,1.1713523450996466,197.06908082719158,90.20448196913645,changed
S1,S1,60,1.7904186078434772,1.3780611912630447,190.53809070466906,87.21505015022879,changed
S2,S1,60,1.742671790119809,1.378061352561937,186.7686213040735,85.48964993446691,changed
S0,S1,60,1.4482478901180424,0.2656305985275739,94.85947681335855,22.529618544094276,changed
S1,S1,60,3.559322921840418,-1.3192064196180122,118.32031684183103,28.10168993138942,changed
S2,S1,60,3.648982303107444,-1.2187332403726396,114.26779696911731,27.13919540852543,changed
S0,S1,60,2.1708159379301204,0.7459942852394156,90.46075912652528,21.704427904417262,changed
S1,S1,60,2.647473834442975,1.1913334619930196,110.66384634368713,26.551794366799353,changed
S2,S1,60,2.5648145750340765,1.1913338431799498,110.34070851856123,26.474263272694497,changed
S0,S1,60,1.9716681572987493,1.3735686870264023,78.8751693093988,22.81598796684281,changed
S1,S1,60,4.285229814098804,4.0622692307777895,189.44101401612497,54.799044288116185,changed
S2,S1,60,4.165855034237647,4.062330069413668,192.94227029431602,55.811842381755525,changed
S0,S1,60,3.2354695620635727,1.9378892169432533,71.57485726538977,19.584683108380066,changed
S1,S1,60,2.8416938373912037,-0.7523585377639523,62.619683502598896,17.134322087408165,changed
S2,S1,60,2.8622407435121255,-0.7523567703106664,59.961225645186914,16.406901081155272,changed
S0,S1,60,2.5425516305986533,-2.5043891098806,236.43522248015623,30.417630317923194,changed
S1,S1,60,10.527227323987589,-10.527227323987589,633.103691428832,81.44942972873255,changed
S2,S1,60,10.52722732561868,-10.52722732561868,633.1036914665076,81.44942973357955,changed
S0,S1,60,3.655228272561376,2.8112313096200974,164.98338808878987,24.05722105488546,changed
S1,S1,60,2.6688301717405323,2.6435527893016,136.78807710092897,19.945893017536836,changed
S2,S1,60,2.6688301684853335,2.64355278603942,136.78807704536405,19.94589300943458,changed
S0,S1,60,2.5720221850507565,0.043809149014101816,121.85235689287819,24.7649678385083,changed
S1,S1,60,4.489899711818376,-3.3869285320419213,213.92819196796034,43.47822995737566,changed
S2,S1,60,4.489899714834276,-3.386928535075749,213.92819203343794,43.47822997068317,changed
S0,S1,60,2.9456150396170524,0.49161817309256617,13.586894967168266,2.271929183640119,changed
S1,S1,60,3.1180748616303218,1.705721601122815,62.243033832568855,10.407953059490312,changed
S2,S1,60,3.1180748676960075,1.705721607190471,62.24303395367747,10.407953079741459,changed
S0,S1,60,2.410840516869935,-0.7746417427734295,143.69788929737433,27.7175664143754,changed
S1,S1,60,7.230612606923168,6.970823540015419,293.847986651034,56.679684896939904,changed
S2,S1,60,7.2306125976324624,6.970823549453995,293.8479864787861,56.679684863715394,changed
S0,S1,60,2.8454362895117,0.5702782523940928,47.95404123303448,14.607214176363868,changed
S1,S1,60,1.213211872196056,0.7684176307397153,73.30383556497324,22.328979967362937,changed
S2,S1,60,1.2132118716863176,0.7684176300655312,73.30383555423384,22.328979964091623,changed
S0,S1,60,2.7883321700109414,1.5686122372507862,86.4350061173705,34.16384749676169,changed
S1,S1,60,2.282439968209764,1.5272350961749646,53.1043058031853,20.989729582686028,changed
S2,S1,60,2.287431688494791,1.527483299373761,51.26488525229623,20.262689856470814,changed
S0,S1,60,2.8417380277902353,2.1547672580110104,91.04721528409245,47.27212814189411,changed
S1,S1,60,3.1658535805944936,2.691158575508516,70.5384274217096,36.62387223598424,changed
S2,S1,60,3.0820701437309066,2.691817148552322,73.69170184635833,38.26106665432463,changed
S0,S1,60,1.6950372848672821,1.1917994454862557,175.73000556462114,48.7159189133449,changed
S1,S1,60,1.636433435859762,-1.128719821940823,135.53064130140245,37.57184045319352,changed
S2,S1,60,1.636433435613215,-1.128719821614605,135.53064129615424,37.571840451738616,changed
S0,S1,60,2.369410860554356,1.4907308899341174,121.36505651964887,31.809717686962824,changed
S1,S1,60,2.5009325423207436,2.3492448640609553,154.02155185883302,40.36896799487073,changed
S2,S1,60,2.5009325441221457,2.349244856884158,154.0215518752767,40.36896799918061,changed
S0,S1,60,2.4114754144131405,1.4439572139816113,24.209490294485935,13.245992449105202,changed
S1,S1,60,0.935324042920818,0.5163113880215273,9.555527882926844,5.228216234411673,changed
S2,S1,60,0.9265829773733343,0.5163140354235145,15.354184453901773,8.400896047979765,changed
S0,S1,60,3.6271193982292464,2.9064889446080646,128.19496232020603,33.06734922580993,changed
S1,S1,60,1.7563134119391022,-1.281786555001811,155.48620996547766,40.10701131830399,changed
S2,S1,60,1.7563134122757207,-1.281786555338903,155.4862099726236,40.107011320147265,changed
S0,S1,60,4.963045556688776,-4.937038673589042,342.9572519829489,35.98807573251414,changed
S1,S1,60,5.149616809519513,-5.149616809519513,350.8150587248002,36.81263139501189,changed
S2,S1,60,5.1496168147390025,-5.1496168147390025,350.81505883665386,36.812631406749205,changed
S0,S1,60,3.6434378503255513,-0.9186947580031654,184.73744569465762,35.7230991590886,changed
S1,S1,60,8.654930064153831,8.152084242033586,517.5967926031371,100.08886653737464,changed
S2,S1,60,8.303491650963691,8.152182876444847,517.9237130815878,100.15208389228023,changed
S0,S1,60,1.58019635341873,-0.22318122696650458,90.75859862390749,33.306716983413246,changed
S1,S1,60,2.2004034388580846,-0.28903279922366415,67.37225803535253,24.72436512837339,changed
S2,S1,60,2.10137995716382,-0.2890327887051538,67.8517531672187,24.900330919980313,changed
S0,S1,60,2.1498163924408042,-1.0389273201846174,108.55558347801338,18.91206054765208,changed
S1,S1,60,5.035462467503651,-4.441051719736914,271.6196941128058,47.320349045303004,changed
S2,S1,60,5.047437860434894,-4.4410517186997795,271.41849126841225,47.28529639988747,changed
S0,S1,60,1.3538635467720375,-0.01709664726069211,67.46833807668483,13.367382971332605,changed
S1,S1,60,6.448260920726082,6.448260920726082,333.4626242713401,66.06836232121432,changed
S2,S1,60,6.448260912635874,6.448260912635874,333.46262426747677,66.0683623204489,changed
S0,S1,60,2.3279414642913854,1.9112736703914437,99.0418928627761,37.186713340174684,changed
S1,S1,60,1.5537542541724856,0.4264815293375445,47.681730665566086,17.9027964689701,changed
S2,S1,60,1.552781544082273,0.42681195443540076,44.25391743047625,16.615774336491747,changed
S0,S1,60,1.9539615732109379,-0.33449301547269067,40.7185078205272,11.415247522471727,changed
S1,S1,60,3.8465241623933646,-3.5587784942322553,179.53567856745917,50.332006737469236,changed
S2,S1,60,3.8881132690492204,-3.558778492166683,179.40252650580788,50.2946781656911,changed
S0,S1,60,2.1112628223398904,0.6568450111796278,87.00374423869921,20.837410872147018,changed
S1,S1,60,5.918008300947511,-5.918008300947511,277.5639902871926,66.4766207424239,changed
S2,S1,60,5.918008299968856,-5.918008299968856,277.56399027364256,66.47662073917867,changed
S0,S1,60,2.308749743246507,0.5912867452381432,19.967642836813134,7.987103240735824,changed
S1,S1,60,3.708242531557878,3.3549206644469494,88.52790327595176,35.41136572451599,changed
S2,S1,60,3.7082425329062456,3.354920665795318,88.52790325858822,35.41136571757054,changed
S0,S1,60,2.360507284684273,-0.23880551240739797,197.0039398327999,40.51457980974447,changed
S1,S1,60,3.3271273094971283,-2.387265977597076,258.45170847264944,53.15153787668871,changed
S2,S1,60,3.327127311856016,-2.38726597995672,258.4517085241602,53.15153788728208,changed
S0,S1,60,2.108556332145199,0.25201087118372695,141.57813332319924,31.663556414374614,changed
S1,S1,60,2.1805430087391473,1.820020224720903,193.59406082951782,43.29677417465184,changed
S2,S1,60,2.1958247909394255,1.8371120310545972,192.84860677637374,43.13005544548081,changed
S0,S1,60,1.9877926493229479,1.410139654221296,55.35812860137584,12.77202212498441,changed
S1,S1,60,6.197457780639408,-6.0083050034978625,370.89396730195074,85.57128060658515,changed
S2,S1,60,6.1719904815853175,-5.97498870271134,369.0728783079063,85.15112570772675,changed
S0,S1,60,3.9854485850436236,2.7177099879072277,126.95742571420294,23.284198153120833,changed
S1,S1,60,6.765683838583099,-6.765683838583099,338.9838421697846,62.17018742610267,changed
S2,S1,60,6.765683837604446,-6.765683837604446,338.9838421577904,62.1701874239029,changed
S0,S1,60,2.3608588440055227,0.7396914973218272,177.48499965454363,44.84576927147876,changed
S1,S1,60,2.869683292948967,2.2752342776062604,227.94720978969394,57.59623628026574,changed
S2,S1,60,2.8731144612748696,2.2752343100897563,226.6503682245367,57.26855868652033,changed
S0,S1,60,2.430054002230212,0.1426825341101811,270.4715442911643,74.53099879317413,changed
S1,S1,60,3.3591567134822684,-2.751715947310596,227.65443315228154,62.73233780285596,changed
S2,S1,60,3.3575225113479528,-2.7451717776497997,228.13456414245144,62.86464245007015,changed
S0,S1,60,1.8732843049008538,0.3274132349973213,150.26508203302734,26.359758911100425,changed
S1,S1,60,8.3121537136045,-8.22950137647259,399.9309957240414,70.15658252557292,changed
S2,S1,60,8.312153714583138,-8.229501377451244,399.9309957366451,70.15658252778388,changed
S0,S1,60,2.4412357008139205,1.10189795791606,80.84572626886064,18.84662034559853,changed
S1,S1,60,2.4318151180234713,-0.26860008704335064,98.36864574533793,22.931533994854263,changed
S2,S1,60,2.431815114652612,-0.2686000904142708,98.36864571794639,22.931533988468797,changed
S0,S1,60,2.8746871094628643,0.7115115861858649,292.2933945959465,61.61385827955549,changed
S1,S1,60,4.507689964156987,-2.284269534049493,281.35726631309143,59.30858190107856,changed
S2,S1,60,4.507689964156987,-2.284269534049493,281.35726631309143,59.30858190107856,changed
S0,S1,60,0.2574724946619398,0.07344035653711724,2.5096416871014884,14.812275471630297,steady
S1,S1,60,1.4967661684099198,1.4150516522807814,45.70556150742686,269.7609667200954,steady
S2,S1,60,1.4920933738993087,1.4160350586452903,42.65841342857098,251.77624922881435,steady
S0,S1,60,1.8180289952888717,0.6369588427947186,58.20769297883791,15.613199567099036,changed
S1,S1,60,2.5032790322572818,0.21757951373558093,106.34651541885735,28.525600028571063,changed
S2,S1,60,2.4990361579005405,0.21757788993344188,107.137563142845,28.737784799168463,changed
S0,S1,60,2.2351617438305156,0.07622622697970996,203.76637236062646,36.183929571826106,changed
S1,S1,60,1.9311523982740497,1.8942364214859273,232.54684225978502,41.29463789828225,changed
S2,S1,60,2.220595499760823,2.1888228569045376,237.65162167414866,42.201122008830865,changed
S0,S1,60,2.1195145932931267,1.8343813134853364,141.4048335590483,92.92858535432282,changed
S1,S1,60,1.3376113013823987,0.36708465506084237,80.69382471490414,53.03045722587959,changed
S2,S1,60,1.4548113637858973,0.4233540661265357,79.96057752653057,52.54858102535963,changed
S0,S1,120,2.8883792640290546,-0.9072369629068326,306.78237698854514,25.631783439851645,changed
S1,S1,120,5.813351974874806,-5.581342738503588,657.4728511968173,54.9321049823141,changed
S2,S1,120,5.861534031666453,-5.581342736987265,657.6805005523653,54.94945416437951,changed
S0,S1,120,3.2384676196891045,-1.0304312431152096,372.32612393438933,26.97536174910559,changed
S1,S1,120,4.118164225273004,3.2398175423103917,352.50312190239174,25.53916746567513,changed
S2,S1,120,4.090322375661541,3.2398175411885606,350.84694826919775,25.41917619994646,changed
S0,S1,120,3.314550282057661,1.6862694299205756,415.72410433680915,33.42973335574976,changed
S1,S1,120,2.717757479943145,-0.41640959130811617,345.61498101670236,27.79202971059928,changed
S2,S1,120,2.6914474295690125,-0.41640971066657173,346.1653906349179,27.83628994612914,changed
S0,S1,120,3.809222541136945,-0.049043709580458,602.4882097512262,39.63595926819006,changed
S1,S1,120,2.13865645807313,-0.015403918886976712,619.767246183943,40.772697171365834,changed
S2,S1,120,2.138656457409496,-0.015403918212792685,619.7672461608144,40.772697169844264,changed
S0,S1,120,4.042456260626074,0.2012023143182741,333.12608815201213,22.076523624010747,changed
S1,S1,120,3.9702812754308554,-3.469553325183488,467.49387826743975,30.981181044403886,changed
S2,S1,120,3.970281275754057,-3.469553324846396,467.4938782530583,30.981181043450817,changed
S0,S1,120,3.011705601496567,2.1071284239349137,176.21555146847234,18.115751732085624,changed
S1,S1,120,2.6063139972593334,0.25107285355166414,288.6175934016575,29.67118749738682,changed
S2,S1,120,2.5115233928451417,0.292237854697202,287.54354571905225,29.560770561966798,changed
S0,S1,120,1.9078894844101062,0.46271745115474017,728.6941096671992,70.85143878063747,changed
S1,S1,120,2.676312471505004,2.3298964036277163,749.1076453641496,72.83626115746357,changed
S2,S1,120,2.5400051862326625,2.3298964028885814,742.0349476737586,72.14857780614136,changed
S0,S1,120,2.5480448166445733,1.4383054719750588,1220.5018598374995,82.07777807124134,changed
S1,S1,120,7.52954575800415,-7.28568080111982,1203.8640908348416,80.95890135606571,changed
S2,S1,120,7.529545759827762,-7.285680802943433,1203.8640909121284,80.95890136126319,changed
S0,S1,120,3.413402985675861,2.8616422691314796,942.9212892333411,77.63026781251962,changed
S1,S1,120,3.6841954166663413,3.5242515277776847,936.2365642251024,77.07991753560037,changed
S2,S1,120,3.6933612968692056,3.5579822227953724,935.1542453807216,76.99081073240566,changed
S0,S1,120,3.2200954428229087,0.6602424525974102,1175.3941690872036,99.80034046803776,changed
S1,S1,120,3.5703652254111957,-1.7655392231921792,1019.1875512394301,86.53715263320696,changed
S2,S1,120,3.5520191164971484,-1.7655392252146906,1021.5486642500778,86.73762996119058,changed
S0,S1,120,3.889187867212561,3.00982451164619,568.7676147585511,60.662330921566245,changed
S1,S1,120,5.583023439625232,5.583023439625232,664.3857173109752,70.86055042038521,changed
S2,S1,120,5.5830234382768635,5.5830234382768635,664.3857173062577,70.86055041988207,changed
S0,S1,120,4.042660428210453,2.868825964834782,551.1886534114714,65.09998727375519,changed
S1,S1,120,2.987215935851374,2.6181688512640933,486.08325033776316,57.41049496414645,changed
S2,S1,120,2.9872159338664837,2.618168853253489,486.0832502598695,57.41049495494656,changed
S0,S1,120,2.8696881912636805,1.6888762682274212,457.3480466504391,69.40333066260034,changed
S1,S1,120,2.2441904345426567,0.8346227899878347,291.1256545887345,44.178804780664336,changed
S2,S1,120,2.2452972880197026,0.8346228450147035,293.44621154084473,44.530953177598015,changed
S0,S1,120,2.094201670547967,0.4056620020975737,158.2039451275887,20.346368342161437,changed
S1,S1,120,4.2655566943664684,-3.836725296894406,198.51735779167134,25.53101492307621,changed
S2,S1,120,4.268100415580615,-3.836725516704746,198.68051699195448,25.55199857923406,changed
S0,S1,120,3.06315068406851,1.8123022800397706,146.96378142817875,15.285523909294955,changed
S1,S1,120,3.1792402159914146,-2.0736911645736567,204.6431549670124,21.28468529949002,changed
S2,S1,120,3.1887700264838315,-2.073691164451381,201.20222633905067,20.926798503833567,changed
S0,S1,120,4.064687715744008,1.3008876774494025,88.22368286027749,7.9711258822883675,changed
S1,S1,120,2.5477950973729677,1.6277412290290605,138.75740103689026,12.536913841104454,changed
S2,S1,120,2.523079683920553,1.627741109365148,129.83025911607146,11.730334817050364,changed
S0,S1,120,3.702696054921873,0.9163854153332908,637.4664851889906,63.639117865320394,changed
S1,S1,120,3.7121460419265384,-1.2974450835759055,676.8023272040848,67.56606672379732,changed
S2,S1,120,3.6715501118063383,-1.2880383295220146,677.9870119477864,67.68433536032856,changed
S0,S1,120,2.503137796526102,1.8842310311457064,638.1364844635921,79.57360096577135,changed
S1,S1,120,6.8645727761613395,6.814570090976117,962.572880631797,120.02979326319605,changed
S2,S1,120,6.814570087605202,6.814570087605202,962.5757467127884,120.03015065442928,changed
S0,S1,120,2.4061157770372423,0.2701004787848729,748.02030365137,84.18205249001976,changed
S1,S1,120,4.456691794921464,-4.273098883737591,663.2884543533701,74.64634744249324,changed
S2,S1,120,4.4566917959161625,-4.273098884732288,663.2884543831558,74.64634744584532,changed
S0,S1,120,2.1541871619812034,0.0657910716719923,242.62206421939473,35.851894042232686,changed
S1,S1,120,2.6931973425575744,-1.6261010968921927,227.020223738899,33.546433763629395,changed
S2,S1,120,2.717595966083158,-1.5927759939077402,230.2098276627588,34.017756692493386,changed
S0,S1,120,2.043628664321297,1.0557057986673428,331.07922554869776,56.788178006677185,changed
S1,S1,120,3.9396252599191874,3.81747816589357,392.25696400868077,67.28165519768397,changed
S2,S1,120,3.9306987771785704,3.8174781635339436,386.98948033627096,66.37815302251632,changed
S0,S1,120,2.6249375675352673,2.0279691727001623,148.028044595117,16.965863314622815,changed
S1,S1,120,4.09687460523812,3.9711852177824443,292.7723493297402,33.55536901548199,changed
S2,S1,120,4.0968746039108765,3.971185219130812,292.7723493279928,33.55536901528172,changed
S0,S1,120,1.2942890777841878,0.5071812838063784,283.8017092371746,45.18960127445157,changed
S1,S1,120,2.565399152679599,1.062331594187436,309.2172918625442,49.23651152064218,changed
S2,S1,120,2.4826903063452597,1.063236082511146,311.50321458819735,49.60049782923114,changed
S0,S1,120,1.7458766678212323,0.5495215220137423,177.57441932738675,40.54079895797665,changed
S1,S1,120,2.957260762241793,2.6896170470942216,200.95419253563566,45.878474783745354,changed
S2,S1,120,2.875347072609968,2.6896170474306373,202.6519457345988,46.266077183799,changed
S0,S1,120,2.6646741511731986,1.9892281936788816,98.55974578463642,20.50584990964882,changed
S1,S1,120,2.0530352630992432,-0.363143079489619,85.41531107295265,17.771084278922313,changed
S2,S1,120,2.0387696280955314,-0.3631430620470836,87.32625192252783,18.16866511616625,changed
S0,S1,120,3.5107858932864433,3.3736284391805835,248.02188560437182,55.688371289949735,changed
S1,S1,120,3.078749970210902,2.9629353196945845,266.7268556942603,59.8881995300861,changed
S2,S1,120,3.0631169721814397,2.9629353190314367,269.0289435292077,60.40508747238296,changed
S0,S1,120,3.4110888382050253,2.2683015817296743,214.80544983628846,34.1640781901518,changed
S1,S1,120,3.1762019671008748,1.54669941982185,174.77179681573955,27.796861468817088,changed
S2,S1,120,3.1762019689548806,1.5466994216758565,174.77179674544027,27.796861457636226,changed
S0,S1,120,2.818079215551596,0.6511318541421319,512.438397349429,39.52716136710432,changed
S1,S1,120,2.091747491012689,1.9258281852258703,515.703289903066,39.779000291512375,changed
S2,S1,120,2.091747494991011,1.9258281892046607,515.7032897249004,39.77900027776949,changed
S0,S1,120,2.9881854906383656,-0.589385434619955,387.6600838096394,27.60013158552306,changed
S1,S1,120,3.8787901587676887,-2.9997993000086733,536.6645166626452,38.208760447061096,changed
S2,S1,120,3.878790160443319,-2.999799301694133,536.6645167307365,38.20876045190897,changed
S0,S1,120,2.2549978014691043,-0.6120529447001293,370.876873503842,33.26775161428928,changed
S1,S1,120,3.276466607654575,2.0924665440764536,472.4120873382573,42.37548659392016,changed
S2,S1,120,3.276466606980391,2.0924665447506374,472.4120873148551,42.37548659182097,changed
S0,S1,120,2.1697600189454533,0.8645128418068496,520.6028889256812,59.850936856430366,changed
S1,S1,120,3.6630368653757794,3.5270013833394662,592.6282066564937,68.13130339928023,changed
S2,S1,120,3.6630368670612397,3.5270013850249256,592.6282066595842,68.13130339963553,changed
S0,S1,120,2.5378641183090536,1.4897200669306585,731.0761067205373,70.40029214909308,changed
S1,S1,120,2.8546299836953537,-2.0091690124367756,572.2728034489083,55.10804166820393,changed
S2,S1,120,2.8546299834419626,-2.009169011442078,572.2728034908591,55.10804167224366,changed
S0,S1,120,2.2389988755640364,1.1265947924225548,181.47040633930365,18.027464891126687,changed
S1,S1,120,2.154220704559982,2.0176200110990306,275.49591144741373,27.368059461888876,changed
S2,S1,120,2.154220702760375,2.0176200077281106,275.49591144301104,27.368059461451505,changed
S0,S1,120,2.701522357343804,1.8865036740366234,141.01581888077206,14.611201371727097,changed
S1,S1,120,2.148812320835713,-0.3050770503757818,187.91833948425074,19.470955254789143,changed
S2,S1,120,2.1488123228132583,-0.30507704838638644,187.91833941832468,19.470955247958283,changed
S0,S1,120,2.602383918303465,2.170152315024504,36.87828874460042,3.9613051543191533,changed
S1,S1,120,1.672408975122651,0.007206762033392936,124.09779977352099,13.330045146264862,changed
S2,S1,120,1.6724089753323166,0.007206761190663021,124.09779977879634,13.33004514683152,changed
S0,S1,120,1.7815405320844415,1.2805633799285312,243.73885592610753,35.472005181903846,changed
S1,S1,120,1.8631536041007122,1.2357689639985068,371.3955165939773,54.050240119086,changed
S2,S1,120,1.8323220116478613,1.2357690744696852,368.2962691038925,53.59919786482343,changed
S0,S1,120,1.5176002272076625,0.7314687074993249,641.2479127949999,100.27133358173772,changed
S1,S1,120,2.6328377180501037,0.15120299147875316,591.1737947323261,92.44129079190824,changed
S2,S1,120,2.655507355708933,0.20363284203475765,589.907137030928,92.24322471734253,changed
S0,S1,120,1.6762447622529757,0.031040090164336186,126.06861648516735,16.42800903586006,changed
S1,S1,120,2.907224084250508,-0.2894899012277714,22.352240234169713,2.912721776254745,changed
S2,S1,120,2.9163738992104413,-0.2894899015593247,24.704623951091268,3.219261040623876,changed
S0,S1,120,2.098534125856568,0.9998446796578053,340.9143217065779,44.162592028419056,changed
S1,S1,120,3.1374563306284835,1.4559954875861574,387.91917605340905,50.25167680339379,changed
S2,S1,120,2.9458905920205405,1.4572211274956106,385.8161276555962,49.97924451617365,changed
S0,S1,120,2.634856322065542,1.646942646736572,189.19384347164123,26.076570252257326,changed
S1,S1,120,4.280699195222846,4.166865492587937,300.0094219283669,41.35027136031947,changed
S2,S1,120,4.219477168609521,4.166866120912089,309.2009921409994,42.617144647420865,changed
S0,S1,120,2.833075366503884,-0.23511384640680172,819.9528604965368,72.53065628367956,changed
S1,S1,120,4.964781323605483,-3.9201136737918576,632.4866357258276,55.94793675342584,changed
S2,S1,120,4.9750556619095025,-3.920113675308771,633.9181775397141,56.07456679798211,changed
S0,S1,120,3.1299767374073704,0.17565088865632356,153.20220899504199,10.471123603782514,changed
S1,S1,120,9.769435745646247,-9.738980369113339,1164.9956091631454,79.62556872666234,changed
S2,S1,120,9.769435746475162,-9.738980369942253,1164.9956092010962,79.6255687292562,changed
S0,S1,120,3.3154080932986263,1.6157554896273791,273.5409762277445,22.901471764823857,changed
S1,S1,120,4.175437737153841,3.8539033296847087,454.5143022260983,38.05296962336367,changed
S2,S1,120,4.000291528296349,3.853903330441268,454.7017851500062,38.06866611954305,changed
S0,S1,120,2.758818612333904,0.2677136610533341,316.3713233205604,28.585803101171788,changed
S1,S1,120,5.1486855742808135,-4.360603207967488,503.12075015607303,45.45959017120779,changed
S2,S1,120,5.148685575788762,-4.360603209484402,503.1207502241839,45.45959017736196,changed
S0,S1,120,2.6782277782434942,-0.14151178484043167,199.34074206514526,17.32563234029021,changed
S1,S1,120,3.925472605595498,2.3632726659365493,212.30130315743497,18.452095069798347,changed
S2,S1,120,3.9254726086283407,2.363272668970377,212.30130303456878,18.452095059119472,changed
S0,S1,120,2.6281384031908175,-0.10218174518966844,290.99968636969516,33.86138038970653,changed
S1,S1,120,8.799514832729146,8.669620299275271,724.4692561837583,84.30087801923047,changed
S2,S1,120,8.799514828083794,8.66962030399456,724.4692559902212,84.30087799671004,changed
S0,S1,120,2.8168842297613206,1.0694452448224396,211.1649191543811,35.56890069687102,changed
S1,S1,120,1.7661592757886437,1.199159759097395,214.54178362706872,36.13770425371564,changed
S2,S1,120,1.7687041669903296,1.1992860092965005,213.9314417511753,36.03489745388482,changed
S0,S1,120,2.8150350989005886,1.8616897476308982,174.28971424084958,38.52206536473963,changed
S1,S1,120,2.6495171250632135,2.020530142472193,131.0065461502329,28.9554822898736,changed
S2,S1,120,2.617208175688942,2.0208498630828675,134.73801061276785,29.780222398938996,changed
S0,S1,120,2.3079798151252633,1.7552659623577695,256.1739716952838,46.55380401132305,changed
S1,S1,120,2.1867021118280743,1.5936457964583908,195.97715819067147,35.61439967038048,changed
S2,S1,120,2.1448937656207336,1.5936457967910702,198.96811014802032,36.15793729174088,changed
S0,S1,120,2.0193029335583836,1.3170168333938062,342.0759916182436,46.085829096795166,changed
S1,S1,120,1.9280353922065339,-1.240666913426939,276.76909157045293,37.28742550171676,changed
S2,S1,120,1.9280353920812399,-1.240666913261156,276.76909156778663,37.287425501357546,changed
S0,S1,120,2.4356209708199343,1.5643179222004706,126.42789733349025,21.98989173298431,changed
S1,S1,120,2.7458501067666075,2.640301359526971,242.04156011842517,42.098839054858516,changed
S2,S1,120,2.7410259070584315,2.640302164314792,236.14433270227954,41.07312087761349,changed
S0,S1,120,3.0192974063211935,2.1752230792948377,431.92637472321286,74.34057207744314,changed
S1,S1,120,1.2907476633667636,-0.30273765978408707,358.47134212968575,61.69793327477831,changed
S2,S1,120,1.28637844559173,-0.30273765863367097,363.72569831490694,62.602281486804735,changed
S0,S1,120,3.3149750182355193,2.1851201910735485,547.0631356140074,55.75493769244756,changed
S1,S1,120,3.5761965594511675,-3.0708454438894695,413.71005319383437,42.164014968167045,changed
S2,S1,120,3.576196559619476,-3.0708454440580155,413.7100531922758,42.1640149680082,changed
S0,S1,120,4.169225973953247,-2.816592753726345,430.44809195933175,29.064712015217612,changed
S1,S1,120,5.189232646292472,-1.6128510154070432,313.33214207814393,21.156809949277026,changed
S2,S1,120,5.189232648944998,-1.6128510180595705,313.33214218279664,21.156809956343384,changed
S0,S1,120,2.641670689686313,-0.5626340523583273,95.89216235450836,12.208548408389351,changed
S1,S1,120,9.920307260944988,9.554924535070018,375.9461988067273,47.86373833258448,changed
S2,S1,120,9.630578959047616,9.554924571788195,374.3055188370408,47.65485451621437,changed
S0,S1,120,1.8653725245099444,-0.6111917022155049,622.4645470224959,73.53432151167522,changed
S1,S1,120,3.888044845753974,-2.7195330181546797,548.4075974762558,64.78566656553204,changed
S2,S1,120,3.8578423318792283,-2.7195330158625985,552.6656091389613,65.28868316318982,changed
S0,S1,120,1.728836404762829,-0.4981144209812836,159.71223686370743,14.625621512903408,changed
S1,S1,120,4.07746499304219,-3.6196646356217705,476.7351525522034,43.65694226094216,changed
S2,S1,120,4.08355084904109,-3.6196646356695283,476.5678215665842,43.64161895377981,changed
S0,S1,120,1.8409025055317114,0.9470885115653757,258.7071227849538,33.02248736867662,changed
S1,S1,120,7.76447835154188,7.761871499690015,816.3556624128256,104.20314006114032,changed
S2,S1,120,7.762317215640707,7.762317215640707,814.5106457775078,103.96763422009926,changed
S0,S1,120,2.11722018381653,0.8400333753286539,143.66334380900366,22.887866024955706,changed
S1,S1,120,2.0234182585425837,-0.14889865839085184,156.52952410326455,24.937654112997638,changed
S2,S1,120,2.03650839177936,-0.1488986556776765,160.06823515531772,25.501427322732347,changed
S0,S1,120,2.0192177043955137,0.21053423214531797,82.1514869124981,10.610610057152835,changed
S1,S1,120,4.134270613946809,-3.9880392088157537,219.78290734409057,28.386957007113086,changed
S2,S1,120,4.155406061826051,-3.988039208000499,219.21525614315584,28.31363970309389,changed
S0,S1,120,2.243301159347015,0.5388992586239453,96.07139096649551,13.958274979517922,changed
S1,S1,120,4.805059568896627,-4.773691175563069,328.8212166400855,47.77464877720582,changed
S2,S1,120,4.803425077513501,-4.773691016452588,328.7697351427405,47.7671689969188,changed
S0,S1,120,2.3346285139653906,0.1762406164153726,439.92982648437163,58.09241461492871,changed
S1,S1,120,2.962102119457639,1.343827238520762,442.00375555907954,58.36627544553589,changed
S2,S1,120,2.9621021201318234,1.343827239194946,442.0037555870953,58.36627544923535,changed
S0,S1,120,2.280979153005868,0.03993830554351384,506.3737415670696,53.504892930834764,changed
S1,S1,120,3.022678250999895,-2.0298459798224795,517.4177871508987,54.671838267805335,changed
S2,S1,120,3.036565958207546,-2.015124941640758,515.5008121776668,54.469285227877855,changed
S0,S1,120,2.0536032085876617,0.805561556206742,517.3996882358687,58.7576590786295,changed
S1,S1,120,2.5921690329802245,0.7893904770091681,388.2158142881502,44.08710129426461,changed
S2,S1,120,2.6023295394209653,0.8879086184991113,395.3533228839702,44.89766091824489,changed
S0,S1,120,1.1482967033190734,0.5506694484530484,40.061752880372055,8.681884060300312,changed
S1,S1,120,3.272467547886067,-3.1540948631781087,389.55279377584543,84.42097381577572,changed
S2,S1,120,3.255385670058813,-3.1537465952022186,389.1364424899126,84.33074527276564,changed
S0,S1,120,3.149342919764579,1.681210390937974,246.2363521709117,26.16699092734387,changed
S1,S1,120,5.68999950420643,-5.6057021491243555,373.56901614122813,39.69835066968251,changed
S2,S1,120,5.709515149753796,-5.605702144440043,373.82793699242563,39.72586561418381,changed
S0,S1,120,2.439536395509383,0.40326230219288844,75.75306707317077,9.847178913837555,changed
S1,S1,120,3.0044358623893457,2.5852842930858757,95.51701759676763,12.416304684839101,changed
S2,S1,120,2.9812904032668617,2.5886553191337933,96.50814358380238,12.545141645474079,changed
S0,S1,120,2.2095094740802983,0.26672980034026433,639.9202947903366,68.74547174019486,changed
S1,S1,120,4.8603159188162,-4.311773028100564,543.9458494606984,58.435111883032924,changed
S2,S1,120,4.862860681345389,-4.311862864857068,544.9021119593921,58.53784142156349,changed
S0,S1,120,2.179398603408223,0.6675421277602559,362.8620518419373,36.294657721255525,changed
S1,S1,120,7.236417346486261,-7.117264971040469,400.68648246633813,40.0779818689457,changed
S2,S1,120,7.24285096450584,-7.109847747458195,401.20724354000527,40.13007010696166,changed
S0,S1,120,1.3190629679848198,0.4703686032181906,87.39875038952675,18.299722957621476,changed
S1,S1,120,1.3860878399684375,0.006846083484084205,104.65514684551901,21.912901326695515,changed
S2,S1,120,1.3890075504582302,0.007418797733979998,106.25370049757473,22.247609647296617,changed
S0,S1,120,2.6668367754434943,0.9067392759100042,426.967865805691,52.97638721813561,changed
S1,S1,120,3.4356517759556735,-1.5355303734054406,412.16808424131005,51.140092214016306,changed
S2,S1,120,3.4264289882513514,-1.535530373404789,410.28060507515875,50.9059016924802,changed
S0,S1,120,1.2094930277192697,0.47882755028065255,102.5416460200384,17.47460784411391,changed
S1,S1,120,3.2921055405472264,-0.7870303238887556,279.7181936818576,47.66810297251489,changed
S2,S1,120,3.28926208884968,-0.7870571310482737,277.37737405427623,47.26919280661219,changed
S0,S1,120,2.0029410594513846,0.3350242933992073,576.83473490346,61.53458769441833,changed
S1,S1,120,2.636244989527473,-0.5328530986983486,645.8180308735135,68.89346956901574,changed
S2,S1,120,2.7351311269819503,-0.429390180245462,657.512616077555,70.14100449582345,changed
S0,S1,120,1.5682922803852042,-0.18905251470861142,252.39319491355673,33.99231465733508,changed
S1,S1,120,3.1336117533053676,3.02698737602249,402.243939049692,54.17421238265176,changed
S2,S1,120,3.0760200980635735,3.0274334985990925,403.60365315658095,54.3573386740766,changed
S0,S2,30,2.903910421609887,0.9157518663118074,190.24065083473496,66.13603073952952,changed
S1,S2,30,2.6545813972446544,2.350861683982875,63.29286597093543,22.00338839821936,changed
S2,S2,30,2.348628812219058,2.348628812219058,62.90341918266952,21.867999538650434,changed
S0,S2,30,2.678802597124404,2.599184764432975,91.47179795976328,49.731685937854714,changed
S1,S2,30,4.309537101080061,4.244901175154047,105.16843832935581,57.1783201186319,changed
S2,S2,30,4.52924462146207,4.52924462146207,111.8062199478181,60.787170913481695,changed
S0,S2,30,2.5837914861834483,2.5067219123873334,102.67398546650047,47.86474679035014,changed
S1,S2,30,1.821369091412319,1.8152723637104549,77.42203469502525,36.09274608201682,changed
S2,S2,30,1.8213690994992382,1.8152723717974217,77.42203468859188,36.0927460790177,changed
S0,S2,30,2.5697799414269835,1.2726922891020729,91.82364883869957,44.120301562404066,changed
S1,S2,30,7.427868148149366,-7.427868148149366,152.20332588817755,73.13210400496602,changed
S2,S2,30,7.427868148149366,-7.427868148149366,152.20332588817755,73.13210400496602,changed
S0,S2,30,10.635484361385716,10.635484361385716,291.4019350995994,197.44176506869175,steady
S1,S2,30,0.9006902271455085,0.7651417238856534,25.243613347675073,17.104016740221724,steady
S2,S2,30,0.9006902251237785,0.7651417218639118,25.24361332588919,17.10401672546052,steady
S0,S2,30,2.324209217952706,2.059814124767709,66.05644467814545,35.06040087562236,changed
S1,S2,30,1.1427447326258402,-0.6161266531433068,12.170160393443906,6.459486340716343,changed
S2,S2,30,1.1427447281943581,-0.6161266470780821,12.170160420705717,6.459486355185939,changed
S0,S2,30,6.219355745066453,6.219355745066453,159.51728488234446,117.27548079069744,changed
S1,S2,30,2.0314402080732163,1.4445599292555555,39.32870832745214,28.91406521481955,changed
S2,S2,30,2.0314402041871436,1.4445599252120724,39.32870832646433,28.914065214093323,changed
S0,S2,30,1.3375339687821965,0.7802421136380349,63.69189296365161,32.71100990811644,changed
S1,S2,30,2.1377271306678063,-1.6114844770407761,67.33444466695475,34.58175890478348,changed
S2,S2,30,2.1377271360547363,-1.6114844824320875,67.33444470266858,34.581758923125456,changed
S0,S2,30,4.149680586461533,2.7227562796544915,21.954300441590682,7.85589868870908,changed
S1,S2,30,3.274705041962255,-2.974056909072402,105.4438879253591,37.730944927580566,changed
S2,S2,30,3.274705043407774,-2.9740569070506604,105.44388791384638,37.730944923460974,changed
S0,S2,30,3.360418063571556,0.6652485745735219,104.5773520527981,32.35920566465568,changed
S1,S2,30,3.9812902233331284,3.9812902233331284,83.74148527657539,25.911996159171583,changed
S2,S2,30,3.9812902219853012,3.9812902219853012,83.74148528414354,25.91199616151338,changed
S0,S2,30,2.6316226783863117,1.3613045498968528,114.87223837066291,60.14123680110095,changed
S1,S2,30,4.449425492613019,-3.865405469724894,125.14548311334039,65.51978303253595,changed
S2,S2,30,4.449425495645613,-3.865405472757507,125.14548313207668,65.51978304234531,changed
S0,S2,30,3.634376720552455,0.8055813857747438,7.527906471203181,2.611013963702723,changed
S1,S2,30,3.701077863781481,3.6935871077819793,94.39385217536328,32.74000109597164,changed
S2,S2,30,3.7010778627749272,3.6935871118254626,94.393852220004,32.740001111455044,changed
S0,S2,30,6.410916168689663,6.410916168689663,148.89155589212248,97.76943547715157,changed
S1,S2,30,2.010207158644798,1.2238644388961397,39.087346731716075,25.66665249323085,changed
S2,S2,30,2.010207152011132,1.2238644456352785,39.08734676775644,25.666652516896708,changed
S0,S2,30,6.757857838333215,6.757857838333215,141.30177340593542,127.04857140301677,changed
S1,S2,30,1.1638696423457964,-0.5493732951868087,18.2082873344323,16.371605520402444,changed
S2,S2,30,1.1638696409981344,-0.5493732965346363,18.20828733044764,16.37160551681972,changed
S0,S2,30,6.475685987229832,6.475685987229832,198.19019195141996,106.4243057885473,changed
S1,S2,30,3.8959618518517023,-3.733283703704701,112.90868167689466,60.629781658968184,changed
S2,S2,30,3.8959618518517023,-3.733283703704701,112.90868167689466,60.629781658968184,changed
S0,S2,30,4.951422786838042,4.676932915269311,148.28713820540628,84.1418823013529,changed
S1,S2,30,1.3591978922183061,-0.9123279685120984,17.548232019932374,9.957311814681375,changed
S2,S2,30,1.3591978859323723,-0.9123279617729594,17.54823208382585,9.957311850936154,changed
S0,S2,30,2.7213180254691407,2.550447192078602,37.18464365860167,46.31891420529813,changed
S1,S2,30,1.0716391007775883,-0.30200100603390695,26.623990921357233,33.16407607966187,changed
S2,S2,30,1.1656840561790827,-0.2916119407219639,19.80159718515773,24.665786488854163,changed
S0,S2,30,4.882309523879986,4.308195466625557,140.0554029414881,135.471131657791,changed
S1,S2,30,1.7211664814828505,-0.30094907407461896,42.8177378524948,41.41623443350806,changed
S2,S2,30,1.7672879656331155,-0.2993605245908767,44.24834667080843,42.800016790391,changed
S0,S2,30,6.5404121419463275,6.5404121419463275,369.9255834429229,174.53144291499038,changed
S1,S2,30,4.439169254808852,-3.476445175648005,201.62253539603148,95.12581341181448,changed
S2,S2,30,4.43916925448577,-3.4764451759849626,201.62253539490354,95.12581341128231,changed
S0,S2,30,2.299275443980061,2.271204432764999,52.827449120187275,37.40691741296287,changed
S1,S2,30,1.9320752080737336,0.02685803370765599,9.007380961988309,6.37809247585711,changed
S2,S2,30,1.9320752091041555,0.026858037751139107,9.00738095489078,6.378092470831376,changed
S0,S2,30,3.1371139275591005,3.095722115523246,112.7113059959717,53.49400634838225,changed
S1,S2,30,2.737824528367377,-1.7854386329589214,93.4420997064566,44.348632381936966,changed
S2,S2,30,2.737824524323918,-1.7854386289154383,93.442099674867,44.34863236694419,changed
S0,S2,30,5.9439026789728215,5.784423959694952,145.19182165692712,136.6761152115079,steady
S1,S2,30,0.6716589710784642,0.5544792727841673,30.793768579852788,28.987670339734116,steady
S2,S2,30,0.6716589695679874,0.5544792788493921,30.793768542395355,28.987670304473614,steady
S0,S2,30,3.22248802841329,2.688347207312276,75.57045677942315,103.9633656727157,changed
S1,S2,30,2.600372407844397,-2.600372407844397,57.10276911546429,78.55710180240868,changed
S2,S2,30,2.6006281942236424,-2.600372304980932,57.12985789591297,78.59436822777427,changed
S0,S2,30,2.1864009351250897,1.7944731687137525,56.87419000406076,39.2524063470856,changed
S1,S2,30,1.9891591963147652,-1.7327243586126169,37.803085155297566,26.09025393738836,changed
S2,S2,30,1.9891591993319413,-1.7327243616452288,37.80308518833639,26.090253960190502,changed
S0,S2,30,3.960835092650544,3.960835092650544,105.23643923576556,52.40911680302043,changed
S1,S2,30,0.8899898397833691,0.8562452885272618,30.72994687380051,15.3039136135297,changed
S2,S2,30,0.8899898313705196,0.856245297962056,30.72994688343869,15.303913618329638,changed
S0,S2,30,2.570538582519303,2.169069922221317,39.81210381450589,23.306452974283015,changed
S1,S2,30,2.3169206593600533,1.6262100855397317,46.86191763011618,27.43349320648259,changed
S2,S2,30,2.338949537221779,1.6253977111276987,47.452835864170716,27.779423381331085,changed
S0,S2,30,2.357282809919141,0.7555925973111182,30.820325478193713,19.439885936320863,changed
S1,S2,30,4.354524979971667,-4.254358301861843,122.20612043769258,77.08137422850683,changed
S2,S2,30,4.349585840445103,-4.2049257799646105,120.78585414190682,76.18554284577823,changed
S0,S2,30,2.6480947877887266,1.5340750029306052,154.23486618961724,40.495081156940145,steady
S1,S2,30,1.8126171188805718,-1.8126171188805718,140.76547721422764,36.95863046217814,steady
S2,S2,30,1.8126171094457775,-1.8126171094457775,140.76547718912028,36.95863045558609,steady
S0,S2,30,0.9147470882660722,0.577030441921016,31.147303176236935,15.716825191310841,changed
S1,S2,30,7.176756285197717,7.176756285197717,22.91573318872932,11.563202458335333,changed
S2,S2,30,7.176756298675995,7.176756298675995,22.915733193415686,11.563202460700056,changed
S0,S2,30,2.7306389586465154,-1.76264494864944,166.5839847051639,41.867953704936646,changed
S1,S2,30,1.5436069607430307,-1.5436069607430307,162.8183953134541,40.921539062479,changed
S2,S2,30,1.5436069634386864,-1.5436069634386864,162.8183953208151,40.92153906432906,changed
S0,S2,30,4.280376240967181,-3.6560358513461315,118.98926957587756,30.29326450582251,steady
S1,S2,30,0.33558555555530145,-0.3016499999996648,62.14548610408674,15.821507730102667,steady
S2,S2,30,0.33558555555530145,-0.3016499999996648,62.14548610408674,15.821507730102667,steady
S0,S2,30,2.6352699194186355,2.544533993493355,62.73855516410274,42.183055381687495,changed
S1,S2,30,1.5601733206183197,0.49374452073967506,24.989891282461475,16.802267205438884,changed
S2,S2,30,1.7457016575865771,0.7700087770256083,30.851142060385886,20.74315276654934,changed
S0,S2,30,2.568155757339688,0.9313581481188835,38.534099773573686,21.460355088375152,changed
S1,S2,30,5.846252598950744,-5.73099408170401,149.77229689521255,83.41097087149427,changed
S2,S2,30,5.867670321112951,-5.731106818484915,150.15828121354537,83.62593269955408,changed
S0,S2,30,2.905572751314121,-2.8726861096402474,141.16796977306714,35.70507044627747,steady
S1,S2,30,4.962274765569317,-4.962274765569317,175.34468759555077,44.34925594696841,steady
S2,S2,30,4.962274780395423,-4.962274780395423,175.34468772925965,44.349255980786886,steady
S0,S2,30,3.759540298441473,3.384427578438566,91.62128701984223,29.755989612191843,changed
S1,S2,30,2.636760339854349,1.349752699404378,39.85612262992099,12.944135686517182,changed
S2,S2,30,2.9588131751319,1.6761647858552424,48.32511915350874,15.694625019056138,changed
S0,S2,30,4.172000098309829,2.6376259956597994,67.12271869326156,51.575761078694605,changed
S1,S2,30,4.291227712582854,3.694134008879209,113.6175472763607,87.30146196031752,changed
S2,S2,30,3.8219929437884548,3.69461114592031,113.3945106302766,87.13008504063711,changed
S0,S2,30,2.4135386304307587,1.3917527835489907,24.690593973120755,21.8915174960699,changed
S1,S2,30,8.123248112544818,7.818322186619331,200.03828808946747,177.3607264516103,changed
S2,S2,30,7.809813834349826,7.809813834349826,199.81462789141275,177.1624217391267,changed
S0,S2,30,1.8468634154820436,0.1659835688896925,24.724644628305494,9.345265736626828,changed
S1,S2,30,9.34374240740857,-9.34374240740857,196.49742248879755,74.27086040370313,changed
S2,S2,30,9.34374240740857,-9.34374240740857,196.49742248879755,74.27086040370313,changed
S0,S2,30,4.269751608482285,2.6173338036292804,66.18461445717072,22.635081705253963,changed
S1,S2,30,3.3927190715306774,-0.0016838507417552032,12.059007052794145,4.124170128706642,changed
S2,S2,30,3.392719072823073,-0.0016838520895827713,12.059007064717028,4.124170132784258,changed
S0,S2,30,2.1054758672533187,1.536187840629571,40.370437461520524,19.475813122862927,changed
S1,S2,30,3.2958729171875203,-0.10499572756003146,14.803540990803315,7.141636703053638,changed
S2,S2,30,3.5807713960379086,0.18390792030853872,12.800227585723075,6.175183031575403,changed
S0,S2,30,2.341125642625558,1.030085795293102,63.50830518837417,23.207689517491275,changed
S1,S2,30,2.4813634651130263,-1.6160448855588683,68.34329857741919,24.97452969783072,changed
S2,S2,30,2.4813634612360267,-1.6160448896023516,68.34329859822292,24.97452970543298,changed
S0,S2,30,1.6347280513568294,0.16722827534126752,14.390971040760267,23.35192070222021,steady
S1,S2,30,3.4169606008685145,2.371940600867585,63.79986275450434,103.52667180247555,steady
S2,S2,30,2.4565364630439457,2.391754612789811,64.21135980895097,104.1943992655785,steady
S0,S2,30,0.5837129695115955,0.12079108234400711,4.587067491317437,25.994102283979977,steady
S1,S2,30,0.6233211022101803,0.20718776887680299,7.17372473023777,40.65223255334325,steady
S2,S2,30,0.43401330752142625,0.21723936800625196,6.300242913103078,35.70236518366242,steady
S0,S2,30,1.8567516015394079,1.4183145911678128,52.987078565241035,28.785739185323123,changed
S1,S2,30,4.653433716102555,-4.628292236528293,104.03587029508604,56.51848543688114,changed
S2,S2,30,4.653433716228374,-4.628292236022856,104.03587029035441,56.51848543431064,changed
S0,S2,30,4.902441849445833,4.147527627427826,180.63702974423438,85.85428529445436,changed
S1,S2,30,3.136693287557379,-0.13505347482227528,96.26179377272643,45.75190102063429,changed
S2,S2,30,3.136693293346399,-0.1350534829092423,96.2617936882344,45.75190098047641,changed
S0,S2,30,1.3260418674463026,-0.8338348188694061,33.30199484949071,13.190835768654559,changed
S1,S2,30,1.8532693571700123,-1.6267393927737777,21.045002548376136,8.335872178864134,changed
S2,S2,30,1.8532693583509399,-1.6267393880563807,21.045002525561646,8.33587216982737,changed
S0,S2,30,1.6060563149850111,1.5946333520219846,33.64761791583659,71.2013451031826,changed
S1,S2,30,3.7565757301060407,3.745152767143013,101.19498942109216,214.13757676714724,changed
S2,S2,30,4.2437932585236995,4.243313831496082,116.12943472243906,245.74018817594256,changed
S0,S2,30,2.0029106443659783,1.399799542764332,22.524976833670618,14.48920992907836,changed
S1,S2,30,2.7953918345138278,2.340233346511814,64.88240239005358,41.73565885879876,changed
S2,S2,30,2.574063464870017,2.4633524873763943,68.56635020216486,44.10536132782238,changed
S0,S2,30,1.8860914618489053,-0.6034135408113627,16.344342502755175,6.4015145659574335,changed
S1,S2,30,2.0359563242704812,1.9100537418505885,70.75052649343672,27.710538115592293,changed
S2,S2,30,2.035956322922661,1.9100537405027598,70.75052649605838,27.71053811661911,changed
S0,S2,30,2.2022691386257196,0.41134961640761036,6.435699691173614,2.1570846071785708,changed
S1,S2,30,3.7428546436161816,-3.3734290931472035,94.05765144947712,31.52575817160841,changed
S2,S2,30,3.742854642942295,-3.37342909247329,94.05765144191405,31.525758169073452,changed
S0,S2,30,1.9518653672733397,1.1623688091218625,43.924931270930735,18.192727502789676,steady
S1,S2,30,1.7674120751846598,1.7674120751846598,55.881338122865834,23.144804728091927,steady
S2,S2,30,1.7674120738368322,1.7674120738368322,55.88133810810069,23.14480472197653,steady
S0,S2,30,1.4332981038375194,0.27506565275166456,54.68817299756921,26.96869043611568,changed
S1,S2,30,4.560980767444135,-4.560980767444135,132.91468106814813,65.54497419947194,changed
S2,S2,30,4.560982006953113,-4.560982006953113,132.88460730243176,65.53014375198399,changed
S0,S2,30,2.5629583745872546,-0.34139110012133234,11.36035852226477,4.413908824160795,changed
S1,S2,30,3.9172622985157335,-3.9172622985157335,96.08376012495066,37.332004605565956,changed
S2,S2,30,3.917262295820079,-3.917262295820079,96.08376010554213,37.332004598025044,changed
S0,S2,30,2.8026785430418317,-0.5210593116928905,82.47393233429081,25.982057259192153,changed
S1,S2,30,3.111129732970308,-3.111129732970308,116.30471178034698,36.63988845278333,changed
S2,S2,30,3.1111297424051023,-3.1111297424051023,116.30471188652028,36.639888486231484,changed
S0,S2,30,2.3115699294083782,-1.2846278191728069,52.228292909933174,25.886561175808623,changed
S1,S2,30,4.282511598003712,3.803127879040696,106.2061421445364,52.64027680575949,changed
S2,S2,30,4.363085366780664,4.361018689905042,122.37322879023876,60.65337189600658,changed
S0,S2,30,4.417246416402405,-4.417246416402405,130.72705977938804,31.52932211922381,changed
S1,S2,30,0.9363310831370674,0.4644784692730281,17.804961414986,4.294278206216935,changed
S2,S2,30,0.9363310963590865,0.46447848409913395,17.804961486716955,4.29427822351732,changed
S0,S2,30,2.061565571169143,-1.78299746060421,58.01554506809715,25.65539603000492,changed
S1,S2,30,4.314014797012813,-3.9448762683209067,117.49817955635257,51.95956231704029,changed
S2,S2,30,4.145439518937108,-3.7263098858996186,111.39227423435375,49.259433946726375,changed
S0,S2,30,2.52399736331169,-1.221161285991351,45.893832920855836,17.975896017367237,changed
S1,S2,30,3.0901261263703272,2.0374177909584055,50.072045466619876,19.61243647348116,changed
S2,S2,30,3.1200024485393802,2.483714467371226,63.34886025286333,24.81275701438981,changed
S0,S2,30,6.041044344900746,-1.322873630414682,66.2615199470384,21.70103615584073,changed
S1,S2,30,6.260491121285524,4.666392663801501,140.7200768559926,46.08664996132603,changed
S2,S2,30,6.678716305635277,5.088853027961225,151.9952333062164,49.77932978491955,changed
S0,S2,30,4.445437812283825,4.4286898998523725,105.36952573640276,50.85378177083462,changed
S1,S2,30,1.252701992531267,-0.8920112009277421,67.59229516702253,32.621612404449564,changed
S2,S2,30,1.2527019958988992,-0.8920112042973117,67.59229519930821,32.62161242003138,changed
S0,S2,30,3.014648817556268,2.9788109169421007,86.00478256439744,61.06030871916522,changed
S1,S2,30,2.0403660488047306,-0.9376811627820936,36.53292020106091,25.937062095577375,changed
S2,S2,30,2.040366053518288,-0.9376811674994908,36.53292023646169,25.937062120710657,changed
S0,S2,30,4.7691553592316875,-3.8663487575107998,136.60096092913403,31.91734071349191,changed
S1,S2,30,11.131113694167757,-11.131113694167757,327.52991794314437,76.5286269858428,changed
S2,S2,30,11.13111369450471,-11.13111369450471,327.5299179468643,76.52862698671198,changed
S0,S2,30,2.237672934979485,1.5946560411098576,56.1657960003992,34.24998119062224,changed
S1,S2,30,4.59694373676464,4.4705359589869555,128.8652158137576,78.58218937581343,changed
S2,S2,30,4.626229824084456,4.626229824084456,133.53484593538576,81.42973637455606,changed
S0,S2,30,10.063639153384493,-8.70506591146418,258.5439826659647,42.809458768176746,changed
S1,S2,30,2.2635277044906568,2.1600995970320693,30.53892004050742,5.056604392096154,changed
S2,S2,30,2.263527708345373,2.160099591640758,30.53891998033476,5.056604382132824,changed
S0,S2,30,2.3580590659171805,-0.8647211461230477,157.73072208657734,46.155992989408276,steady
S1,S2,30,1.7359853266749636,-1.7359853266749636,155.49818640628413,45.50269666358751,steady
S2,S2,30,1.7359853347619303,-1.7359853347619303,155.49818640759943,45.5026966639724,steady
S0,S2,30,3.4277779454213877,-2.3243589490045866,114.85730077884982,29.58843776752459,changed
S1,S2,30,1.2741370421231233,0.308903627410391,84.07740055595787,21.659214670168296,changed
S2,S2,30,1.2741370394297826,0.3089036301060466,84.07740054036631,21.659214666151748,changed
S0,S2,30,5.926654072275486,5.6665557872792816,138.77867571174409,119.2405722002403,changed
S1,S2,30,2.4815137176916826,0.23088386426629448,60.845143832917685,52.27899552315051,changed
S2,S2,30,2.4815137110806735,0.23088387167934724,60.8451438271708,52.27899551821272,changed
S0,S2,30,5.952948570989391,-5.139210783940009,198.68962885766646,44.04200975051659,changed
S1,S2,30,12.230211970280896,-12.230211970280896,349.48519207066215,77.4677084321473,changed
S2,S2,30,12.230211972639596,-12.230211972639596,349.4851920866973,77.46770843570168,changed
S0,S2,30,8.348475058099053,-6.0436191424251255,193.41766642941863,37.969991735456745,changed
S1,S2,30,7.347416013320037,7.347416013320037,239.33612470258583,46.984284552257506,changed
S2,S2,30,7.347415997146103,7.347415997146103,239.33612456733854,46.98428452570699,changed
S0,S2,30,15.293771581181915,-15.293771581181915,429.7780465368989,56.281054002982664,changed
S1,S2,30,2.135070653348841,-1.5278496074323147,67.26231510310842,8.808253514081406,changed
S2,S2,30,2.1350706293121298,-1.5278496343888708,67.26231534130261,8.808253545273832,changed
S0,S2,30,2.429830557546062,0.2920170715437998,62.06536655736947,21.44202145715603,changed
S1,S2,30,4.4902698512268,-4.281259828338455,140.06128531812956,48.387647599442005,changed
S2,S2,30,4.490269857292015,-4.28125983440368,140.061285385151,48.387647622596226,changed
S0,S2,30,3.8815581254956393,2.856684471209472,65.15798209842423,33.57998392396085,changed
S1,S2,30,3.1154361111112165,2.273710925925592,48.528198755714456,25.00961634468846,changed
S2,S2,30,2.698891581199327,2.273818252749467,48.898352201654035,25.200379569143045,changed
S0,S2,30,6.202592369288235,6.202592369288235,212.8991428334393,246.6736364725846,changed
S1,S2,30,2.843916857018075,-2.83098278373875,79.83913819985452,92.50488419299572,changed
S2,S2,30,2.8439168568075894,-2.830982783528152,79.83913819862772,92.5048841915743,changed
S0,S2,30,3.0715971271525153,2.6562844665284353,76.95988919416966,32.09712076688309,changed
S1,S2,30,2.1152364683042397,-1.9275282896377806,68.46398725739321,28.553794583027713,changed
S2,S2,30,2.1152364763911935,-1.9275282977247472,68.46398734807357,28.553794620847135,changed
S0,S2,30,4.832072118876582,4.668252647973517,98.83786075600501,71.48173567512349,changed
S1,S2,30,3.230443512968935,3.230443512968935,58.57151127084964,42.36021757989149,changed
S2,S2,30,3.2304435197080745,3.2304435197080745,58.5715112766381,42.36021758407783,changed
S0,S2,30,6.122890441564286,5.060973034156672,127.02121871048725,67.70764486117089,changed
S1,S2,30,2.5107481990103016,-2.3295582371571935,82.00320548700556,43.711152915693,changed
S2,S2,30,2.5103141467158276,-2.329560286446346,81.7873375878704,43.596086258327006,changed
S0,S2,30,4.45503081154601,4.4513631186543785,88.79764141922597,70.46343745104619,changed
S1,S2,30,7.347165114440791,7.347165114440791,144.31167843687302,114.51539437837394,changed
S2,S2,30,7.347165110397308,7.347165110397308,144.31167840015533,114.51539434923741,changed
S0,S2,30,2.055759427504203,1.8456055401080385,42.14224536137206,191.79396137898812,changed
S1,S2,30,0.799089074074176,-0.332079814814475,3.292214499859895,14.983227761666551,changed
S2,S2,30,0.8052945009926897,-0.2710661668670447,1.5342610997211819,6.98258983549394,changed
S0,S2,30,3.441782105192283,-3.380022830719655,315.83176726199423,61.871405301470425,changed
S1,S2,30,2.264498474823415,-1.8956283222357555,313.14462172961913,61.34499381418106,changed
S2,S2,30,2.2644984883001116,-1.8956283357140336,313.14462171314966,61.34499381095469,changed
S0,S2,30,11.247049973735537,-11.247049973735537,348.66477534876077,49.08427518934512,changed
S1,S2,30,5.99582618740468,-5.99582618740468,229.54107918740388,32.314298130127526,changed
S2,S2,30,5.995826184709026,-5.995826184709026,229.5410791618337,32.31429812652781,changed
S0,S2,30,2.7534840750220457,-0.7372821459186091,76.0443019821916,27.771728222508635,changed
S1,S2,30,4.3838543549719775,4.278526764459366,77.10195059222035,28.157986350823244,changed
S2,S2,30,4.38385434054995,4.2785267806333,77.10195055392681,28.15798633683827,changed
S0,S2,30,10.54016937265953,10.54016937265953,258.2802606116246,210.19340521734281,changed
S1,S2,30,1.5970405746293583,1.5970405746293583,52.50451368734709,42.72917525748911,changed
S2,S2,30,1.597040573955445,1.597040573955445,52.50451368573261,42.72917525617521,changed
S0,S2,30,5.658114192417904,5.658114192417904,174.778163158342,81.31360680482396,steady
S1,S2,30,3.288870261479134,-3.288870261479134,93.58214727209598,43.538058700962765,steady
S2,S2,30,3.2888702587834797,-3.2888702587834797,93.58214724274491,43.538058687307505,steady
S0,S2,30,4.363747704023425,3.266789311651127,115.18051298515412,78.01193928236135,changed
S1,S2,30,1.1434114891095648,0.09209085518114195,40.62970191530338,27.518559839072996,changed
S2,S2,30,1.1434114923902314,0.09209085113765872,40.62970193396346,27.518559851711494,changed
S0,S2,30,4.638804865644072,4.334693276546385,126.10213632248183,92.8619349405063,changed
S1,S2,30,4.677147967730857,-4.677147967730857,93.08448137376459,68.54764959093102,changed
S2,S2,30,4.6771479675623775,-4.6771479675623775,93.0844813719538,68.54764958959755,changed
S0,S2,30,4.180953860151276,3.1927468242168118,53.237979398477464,23.143545633323086,changed
S1,S2,30,2.3055923900687634,-1.93666133999245,56.26128429625471,24.45783283309532,changed
S2,S2,30,2.305592381981844,-1.936661331905483,56.26128422718515,24.45783280306949,changed
S0,S2,30,1.85279006419424,1.254951332811227,83.03796022572348,40.95284169697825,changed
S1,S2,30,2.8715372738932348,-2.8715372738932348,54.8064290469772,27.029553792462185,changed
S2,S2,30,2.8715372786106323,-2.8715372786106323,54.806429000515685,27.02955376954819,changed
S0,S2,30,2.7920362630904245,2.467076915985096,185.85143094647566,64.8121204706179,changed
S1,S2,30,2.179617264992105,1.976599694823117,198.39709369267874,69.18717963023678,changed
S2,S2,30,2.1796172546534383,1.9765997056057392,198.39709357851766,69.1871795904253,changed
S0,S2,30,3.547048997156389,3.4870753114923954,103.90527304266855,67.55736872510695,changed
S1,S2,30,3.894375057219897,-3.4688769319596946,30.190981994179236,19.629641913517354,changed
S2,S2,30,3.9095646196734744,-3.4487425486261745,30.215682979017515,19.64570205648919,changed
S0,S2,30,2.452551592131552,1.7400176864847592,52.187123681451105,21.980252681443243,changed
S1,S2,30,2.7529436426682112,1.6766326577871866,38.744522473581824,16.31847731615595,changed
S2,S2,30,2.75294365344732,1.6766326685698085,38.74452253173009,16.318477340646925,changed
S0,S2,30,5.025360971357684,5.025360971357684,211.1818442060793,87.29920696930488,changed
S1,S2,30,1.0897412179232688,-0.38522874739957924,138.48113212239005,57.245891851853465,changed
S2,S2,30,1.089741211269598,-0.38522873931261276,138.48113208369074,57.24589183585579,changed
S0,S2,30,5.07123206945141,5.07123206945141,162.636503600078,60.88782741428264,steady
S1,S2,30,1.8366701525875095,-1.8366701525875095,73.55161151044972,27.536240195515855,steady
S2,S2,30,1.8366701471961986,-1.8366701471961986,73.55161147521491,27.536240182324654,steady
S0,S2,30,1.6342427321416726,1.3984089263591253,26.489759613867268,147.50126612625027,changed
S1,S2,30,0.5983629820368924,0.25898706882597494,9.969132368645287,55.510494167926886,changed
S2,S2,30,0.7562250836343851,0.2801824973079512,11.127003490102823,61.95779527278861,changed
S0,S2,30,3.7972482207594624,-3.7972482207594624,125.90085157226322,29.333693291005112,steady
S1,S2,30,0.38239534748240267,-0.1797905826025808,79.59380616623645,18.544594963315234,steady
S2,S2,30,0.3823953594267479,-0.17979059473303044,79.59380618027626,18.544594966586377,steady
S0,S2,30,3.729345135632598,-1.9801370982139508,327.1566858592666,75.16773877499259,steady
S1,S2,30,1.0807349618535453,-1.0807349618535453,349.7340833607394,80.3551367129333,steady
S2,S2,30,1.080734963201373,-1.080734963201373,349.73408336383307,80.3551367136441,steady
S0,S2,30,1.3918550221505315,-0.6471256882168255,66.07397866977166,20.098778284367047,changed
S1,S2,30,2.0499558750633597,-1.0151128103753,71.86732441826246,21.86103286730269,changed
S2,S2,30,2.049955873721038,-1.0151128157666107,71.86732445774878,21.86103287931388,changed
S0,S2,30,2.764963850566287,1.9687412552265944,55.07989145345053,30.36549437218938,changed
S1,S2,30,5.717296970915523,5.635352886669154,147.6090103202835,81.37671396743866,changed
S2,S2,30,5.717296970244487,5.63535288936481,147.6090103411102,81.3767139789204,changed
S0,S2,30,1.9745675447536282,1.100100808909491,90.23088907115245,32.75847236492998,changed
S1,S2,30,1.18250092592583,-0.13548722222160342,75.67987646670024,27.475703357646744,changed
S2,S2,30,1.18250092592583,-0.13548722222160342,75.67987646670024,27.475703357646744,changed
S0,S2,30,3.0514386799164823,2.3613348554485776,79.59095620250184,36.78866713742355,changed
S1,S2,30,2.6015250173389037,2.1219931044520224,54.75681289371029,25.309787181443223,changed
S2,S2,30,2.601525011556829,2.121993112538989,54.756812919757905,25.309787193482997,changed
S0,S2,30,1.9703602370044697,1.3236866511695875,10.12965503828346,5.843694878150646,changed
S1,S2,30,3.260877095065341,2.7287157296414097,47.21580904327981,27.238319610211413,changed
S2,S2,30,3.2608770917085206,2.7287157431196873,47.21580914689784,27.238319669987593,changed
S0,S2,30,2.004182818844016,-1.6405921989238859,63.6422501426763,19.883815459052343,changed
S1,S2,30,1.4698778027447288,-0.7678616937133739,45.67523562762677,14.270362129441072,changed
S2,S2,30,1.4698778116076727,-0.7678617058438235,45.675235681328495,14.270362146219158,changed
S0,S2,30,4.156572560002001,-1.3016331302380968,111.2073404348273,29.196531319353166,changed
S1,S2,30,5.0748985948129794,4.267695043697213,138.27652811841986,36.303313865390464,changed
S2,S2,30,5.074898602773377,4.267695035610246,138.27652816981617,36.303313878884126,changed
S0,S2,30,2.4656105001488227,2.403354903314756,32.46143393472522,22.08138244354337,changed
S1,S2,30,1.3894285846396477,1.243186742960278,20.741021976671018,14.108755622371968,changed
S2,S2,30,1.3894285819439962,1.2431867402646228,20.74102197951921,14.108755624309406,changed
S0,S2,30,4.977882197496433,-4.977848788211444,130.02247659665076,31.997273323013033,changed
S1,S2,30,14.40139092592606,-14.40139092592606,385.506372766723,94.86938797086353,changed
S2,S2,30,14.40139092592606,-14.40139092592606,385.506372766723,94.86938797086353,changed
S0,S2,30,2.4325270915146193,-0.8066141625949865,70.65334293456765,38.517771620258976,changed
S1,S2,30,9.856387664026784,9.79593766402689,243.22035118147983,132.59536705691977,changed
S2,S2,30,9.797311110152277,9.797311110152277,243.1579929546908,132.56137149721457,changed
S0,S2,30,1.9882775484140554,1.7202183629184804,43.52112780225667,50.92224672957086,changed
S1,S2,30,3.299090509777753,3.219653835480928,87.7483948407621,102.67071736990687,changed
S2,S2,30,3.2647696093517165,3.244592935190823,89.73190819098944,104.991543169059,changed
S0,S2,30,3.7321388769905695,3.7321388769905695,79.95810587165226,60.02566904524027,changed
S1,S2,30,1.4987912873968792,0.027536985366864643,8.289143832580145,6.222776276885918,changed
S2,S2,30,1.498791288754976,0.027536980649467503,8.289143877161061,6.222776310353436,changed
S0,S2,30,2.740658139118985,-2.5137416079524026,75.75361161454772,21.95905680004352,steady
S1,S2,30,0.8830857407408869,-0.7548157407409141,53.85507175326083,15.611223734356791,steady
S2,S2,30,0.8830857407408869,-0.7548157407409141,53.85507175326083,15.611223734356791,steady
S0,S2,30,1.4386857414673941,1.0961231586137514,41.29612379263705,38.17163451862647,changed
S1,S2,30,3.0118147842980525,2.9744558852366536,90.3467854879665,83.51109399265923,changed
S2,S2,30,3.2041098713148535,3.1813883801372964,96.13507280704954,88.86143605242012,changed
S0,S2,30,1.2312922160477333,0.0005989643006083512,19.862276355582093,12.421438845920447,changed
S1,S2,30,5.7614414814817225,-5.7614414814817225,156.49931977080325,97.87129607704077,changed
S2,S2,30,5.7614414814817225,-5.7614414814817225,156.49931977080325,97.87129607704077,changed
S0,S2,30,2.18193112135808,1.1972384138696848,64.27788979244083,23.251382836844172,changed
S1,S2,30,2.4271655555552107,-1.6188400000001424,63.50940876342102,22.973398499363746,changed
S2,S2,30,2.4271655555552107,-1.6188400000001424,63.50940876342102,22.973398499363746,changed
S0,S2,30,5.071432586089598,5.071432586089598,283.7728598527908,101.29540445433788,changed
S1,S2,30,2.99401490953184,-2.99401490953184,184.26577101163957,65.77540858346067,changed
S2,S2,30,2.994014904477484,-2.994014904477484,184.26577102502253,65.77540858823784,changed
S0,S2,30,4.951555729134324,4.788779445765275,152.06186979276708,61.03321366856784,changed
S1,S2,30,0.9686417572929038,0.7903838777898632,75.64407606656576,30.361332947069336,changed
S2,S2,30,0.9686417707025764,0.7903838912681412,75.64407604158859,30.361332937044224,changed
S0,S2,30,6.109214421515637,6.015635259773093,189.45348217878046,97.67975596220066,changed
S1,S2,30,6.027531303448774,-6.027531303448774,104.6117190180643,53.93644427621575,changed
S2,S2,30,6.027531303196056,-6.027531303196056,104.61171901683002,53.936444275579376,changed
S0,S2,30,3.3432221201149797,3.0244006130918293,77.41956652184415,33.31959025859679,changed
S1,S2,30,3.2140723845196186,-2.1707116285204173,33.5257055099663,14.42868800366217,changed
S2,S2,30,3.214072385864566,-2.170711629868245,33.52570552089454,14.428688008365432,changed
S0,S2,30,1.9322185900423072,0.9467883582543084,13.833435329522864,5.531615975052031,changed
S1,S2,30,8.073864601018553,-8.073864601018553,119.96977040798842,47.97266063736625,changed
S2,S2,30,8.073864602029422,-8.073864602029422,119.96977041780255,47.972660641290666,changed
S0,S2,30,2.7135294109625536,2.3336677380771635,143.12843282601463,40.30297653871116,steady
S1,S2,30,2.2374757462916426,-2.2374757462916426,126.61451385320167,35.6528865755764,steady
S2,S2,30,2.237475739552503,-2.237475739552503,126.61451382443866,35.65288656747713,steady
S0,S2,30,3.083831515868326,-0.5354740510025354,14.977485844789484,5.118803922974567,changed
S1,S2,30,6.202852829447859,-6.202852829447859,173.52890611701523,59.30637855954172,changed
S2,S2,30,6.202852834165255,-6.202852834165255,173.52890616912705,59.3063785773518,changed
S0,S2,30,4.108626446335264,-3.642020488694666,132.57891476331255,33.04640595162818,changed
S1,S2,30,7.827482764253454,-7.827482764253454,236.14606500435747,58.86138638218095,changed
S2,S2,30,7.827482758188228,-7.827482758188228,236.14606493835655,58.861386365729665,changed
S0,S2,30,1.7963410706756107,1.49755393515197,166.12333625402195,67.57740230390431,steady
S1,S2,30,1.9363956453735522,-1.9363956453735522,125.74978400895537,51.153823028259296,steady
S2,S2,30,1.936395648743122,-1.936395648743122,125.74978401987973,51.15382303270322,steady
S0,S2,30,2.641600076021796,2.409620733318966,103.94037894788002,74.8599220649754,changed
S1,S2,30,3.327045556827156,0.6810433524068605,91.82304513699331,66.13277796659638,changed
S2,S2,30,3.3270455561538204,0.6810433517329469,91.82304512962862,66.13277796129218,changed
S0,S2,30,4.547253586893457,4.547253586893457,120.41962986309802,98.11550565116362,changed
S1,S2,30,4.057278386274756,3.991662810373948,108.11823320587273,88.09257372045305,changed
S2,S2,30,4.057278391666059,3.9916628157652596,108.11823326489802,88.09257376854568,changed
S0,S2,30,3.0112512200441626,-1.5574738783036883,124.65424334660318,44.34093201926477,changed
S1,S2,30,4.657823914321454,-1.0717262891318726,137.0557436063753,48.75228670076134,changed
S2,S2,30,4.678190731454145,-1.072673414186272,140.30831236773395,49.90926239981056,changed
S0,S2,30,2.8527433734559593,-1.67473917315674,72.05927103128957,19.554601067982812,changed
S1,S2,30,3.6570242023844437,3.4023807511406035,34.30651815495695,9.309701124514516,changed
S2,S2,30,3.657024210943151,3.4023807834884696,34.30651829480633,9.309701162465204,changed
S0,S2,30,10.418470599269918,-10.418470599269918,291.6255484835123,45.0081620212988,steady
S1,S2,30,1.7324242807577717,-1.7324242807577717,67.84881638442164,10.471478019203975,steady
S2,S2,30,1.7324242996273602,-1.7324242996273602,67.84881653015702,10.471478041696109,steady
S0,S2,30,4.77431600846283,-4.493961566986414,180.98486158351088,40.426976537947226,changed
S1,S2,30,3.6846397766671233,-0.519009700375332,125.49452144204899,28.03198029707946,changed
S2,S2,30,3.684639772686924,-0.5190097044188154,125.49452146513207,28.031980302235578,changed
S0,S2,30,5.832951918797408,-3.495896946258851,100.8747300029724,24.516280244771124,changed
S1,S2,30,7.099513866691182,7.099513866691182,185.41416823773082,45.06248204811459,changed
S2,S2,30,7.099513893647738,7.099513893647738,185.41416853697615,45.06248212084224,changed
S0,S2,30,5.43205284046674,-3.4231687391437493,122.08923580116782,25.411100086344888,changed
S1,S2,30,4.920111339995125,4.920111339995125,151.0587642048546,31.440686404004964,changed
S2,S2,30,4.920111331908158,4.920111331908158,151.05876413235077,31.44068638891434,changed
S0,S2,30,6.663961103132888,-6.315742990182618,219.36164795998815,48.38572565085096,changed
S1,S2,30,5.388848518518811,-2.0521477777798784,172.23406708204413,37.990553020836714,changed
S2,S2,30,5.388848518518811,-2.0521477777798784,172.23406708204413,37.990553020836714,changed
S0,S2,30,3.9148883028064145,-2.8883458546036365,151.37325013732112,38.8638919413295,changed
S1,S2,30,9.489659422247748,9.489659422247748,349.5220334419203,89.73703429422143,changed
S2,S2,30,9.489659449204305,9.489659449204305,349.52203373559854,89.73703436962101,changed
S0,S2,60,1.986118947443838,0.9184833210190189,198.10857655921907,58.386267793852305,changed
S1,S2,60,2.1541764497753855,1.9525288177171025,132.78803541479923,39.13509414990152,changed
S2,S2,60,2.0346745983197083,2.018548034315233,72.53605406760826,21.377718981463467,changed
S0,S2,60,1.8727390781179556,1.3288824242315855,197.904913265721,48.26012620911204,changed
S1,S2,60,3.9151530359064037,3.8828350729433967,259.84043173815814,63.36341944718008,changed
S2,S2,60,3.882835139337098,3.882835139337098,262.6472210295391,64.04786938432012,changed
S0,S2,60,2.393978021579774,2.1088458440492825,245.1243769157742,64.48116083635566,changed
S1,S2,60,1.8832527483004091,1.741376005339657,227.75016569512954,59.91078998128502,changed
S2,S2,60,1.893607595475775,1.8135812228854742,233.36138078403783,61.38684743092661,changed
S0,S2,60,3.5246978415987473,2.423050916403973,287.14572275564706,63.47940559824916,changed
S1,S2,60,7.6597824074077465,-7.6597824074077465,308.6168906073963,68.22604420268044,changed
S2,S2,60,7.6597824074077465,-7.6597824074077465,308.6168906073963,68.22604420268044,changed
S0,S2,60,6.633314806942646,6.547612251353846,357.40953791109837,106.89440041568537,changed
S1,S2,60,1.3130350114434344,0.3836128349975116,23.353496588410486,6.984587009115671,changed
S2,S2,60,1.3130350104325699,0.3836128339866403,23.353496566584077,6.984587002587807,changed
S0,S2,60,2.6684886434332316,2.5362910968407335,156.33786229690122,52.92809228817435,changed
S1,S2,60,2.1802085299621567,1.041172050560719,126.27978004117965,42.75194603503538,changed
S2,S2,60,2.180208527746415,1.0411720535933329,126.2797800943614,42.75194605304003,changed
S0,S2,60,4.165811222566311,4.080842868114163,204.9399181130252,60.68918987729752,changed
S1,S2,60,2.3824632407402144,0.6295568737006371,50.84122422750156,15.055694074374658,changed
S2,S2,60,2.3824632387971794,0.6295568716788945,50.84122419330217,15.055694064247138,changed
S0,S2,60,1.7139246565763182,1.2189909328970094,331.6372040828208,70.97091481755345,changed
S1,S2,60,2.688337100151806,-2.4252157733382913,297.192250823801,63.59963736874824,changed
S2,S2,60,2.688337102845273,-2.4252157760339483,297.1922508587121,63.599637376219285,changed
S0,S2,60,3.4410352619114226,0.8009979165204296,69.80626189927595,9.821133579993866,changed
S1,S2,60,5.526521716258521,-5.376197649813594,348.02801659243806,48.964513319257236,changed
S2,S2,60,5.5265217169812795,-5.376197648802722,348.028016590184,48.96451331894011,changed
S0,S2,60,4.150704695423218,2.6087118815949255,237.51676663508505,43.64942824398952,changed
S1,S2,60,6.330033834444588,6.330033834444588,354.8495655870379,65.21215689290328,changed
S2,S2,60,6.330033833770673,6.330033833770673,354.8495655916465,65.21215689375023,changed
S0,S2,60,1.9687611396706175,0.6540446480120657,263.13211602634743,65.73296686305785,changed
S1,S2,60,5.145471056752068,-4.579776959790329,279.182600800231,69.74253437503751,changed
S2,S2,60,5.1800072872265295,-4.579775730391163,277.90823269652157,69.42418480373667,changed
S0,S2,60,5.0257938609302055,3.6113961935413497,192.13861077393747,38.985051356189174,changed
S1,S2,60,5.4975872080040755,5.493841830004325,309.11437354819657,62.719511081982475,changed
S2,S2,60,5.4975872075008,5.493841832026067,309.1143735904429,62.71951109055428,changed
S0,S2,60,3.980713605079482,3.5421367404493904,173.63438585902088,92.18421073425522,changed
S1,S2,60,3.1017909167934503,2.4586195569191207,118.67309752694118,63.0047198127721,changed
S2,S2,60,2.9584756073512537,2.4915673502967097,120.42062218524669,63.932497917135244,changed
S0,S2,60,6.3991477504304495,6.380408676356186,343.24423530047756,132.93522561303246,changed
S1,S2,60,1.7279563850742854,-1.2205987619636742,118.1031626625903,45.740230889588574,changed
S2,S2,60,1.776061669501554,-1.153754403462226,118.51008243458371,45.89782704455093,changed
S0,S2,60,4.634496855561855,4.611700623856056,214.34580875665674,55.48076459213032,changed
S1,S2,60,3.7860767592590454,-3.704737685185545,53.56903128448749,13.865681962072955,changed
S2,S2,60,3.7860767592590454,-3.704737685185545,53.56903128448749,13.865681962072955,changed
S0,S2,60,5.620655206340978,5.483410270556612,265.646142750156,76.92864259599133,changed
S1,S2,60,1.8237773783929436,-0.5201645425864593,78.99961535887797,22.877550986613535,changed
S2,S2,60,1.8237773752499749,-0.520164539216888,78.99961539176908,22.877550996138492,changed
S0,S2,60,5.1411717591711605,5.055736342475891,280.9593819939598,100.04240095242052,changed
S1,S2,60,1.8897767200725688,-1.15137418088529,153.84364224703572,54.77975938169442,changed
S2,S2,60,1.9419937517681012,-1.1513742916263823,150.94067795516267,53.74608855149461,changed
S0,S2,60,4.616096469460958,3.6047493829802284,131.73622125854018,33.328756149741636,changed
S1,S2,60,3.185248981482194,-2.475140277778078,170.94326527199567,43.24798714629592,changed
S2,S2,60,3.2091041225232417,-2.4751404020021224,172.1940906095886,43.56444113491259,changed
S0,S2,60,5.126155741482903,4.834049702838284,829.4224934739952,180.26230829960787,changed
S1,S2,60,4.558988328247153,-3.784228879351542,502.3010567167627,109.16746128483766,changed
S2,S2,60,4.558988328085612,-3.78422887952002,502.301056715392,109.16746128453977,changed
S0,S2,60,2.07238100539154,1.6576971850334912,99.07102449606975,44.9699066547654,changed
S1,S2,60,2.0496400925927225,0.5740520304478076,56.79281733751827,25.77915901566817,changed
S2,S2,60,1.9504454745663984,0.5777293098639393,57.09659281412781,25.917047514314714,changed
S0,S2,60,3.043753320610112,2.432535492667884,162.93191813741703,35.86411644975435,changed
S1,S2,60,2.8921353738592543,-2.1659802191918445,195.36603416292937,43.0034230225939,changed
S2,S2,60,2.8921353718375244,-2.1659802171701017,195.36603411952765,43.00342301304044,changed
S0,S2,60,3.533715202605558,3.0240544531210976,118.04106741894206,81.44832463322928,changed
S1,S2,60,1.467794613503723,1.0901134680603255,71.72623474549681,49.49109475210465,changed
S2,S2,60,1.3070814515554978,1.102505780006479,71.73448648875558,49.4967884541223,changed
S0,S2,60,4.1996904354993285,3.484815024948847,139.63671424650877,67.52636547719733,changed
S1,S2,60,3.446248796792816,-3.446248796792816,146.48005489953832,70.83570947397494,changed
S2,S2,60,3.4463760511865313,-3.446248106565177,146.54898946874832,70.86904526921766,changed
S0,S2,60,2.279761492790911,2.0428714995055204,147.4273008171278,44.46073464868608,changed
S1,S2,60,2.4651307589458757,-2.3369133400948017,136.44871114417,41.149840672056534,changed
S2,S2,60,2.4651307604544646,-2.3369133416111083,136.4487111574514,41.149840676061906,changed
S0,S2,60,3.3875705310809385,3.3638379038044017,89.78057781637105,23.46321967655672,changed
S1,S2,60,1.4272219516108324,1.3905692700085197,50.20486918640526,13.120520085788794,changed
S2,S2,60,1.4272219474044099,1.390569274725919,50.20486928647825,13.120520111941829,changed
S0,S2,60,2.1750620351940695,1.9197093730181036,153.57114542508012,45.743263887943144,changed
S1,S2,60,2.2389383547179147,1.70384092904513,165.94233245344003,49.42819097029951,changed
S2,S2,60,2.256062251576794,1.7114264378542952,164.09350316159882,48.877491905404476,changed
S0,S2,60,1.989016192975664,0.8341703203254978,28.398611097015866,8.438945111407815,changed
S1,S2,60,4.630254324672415,-4.580170985617502,75.07432084123121,22.309121762716888,changed
S2,S2,60,4.672639555814609,-4.580170653034973,74.94220706623757,22.26986276896457,changed
S0,S2,60,2.8299877494882986,2.133472379971768,451.11396189358277,55.31375697483482,changed
S1,S2,60,2.282142396658502,-2.282142396658502,399.8625104006892,49.02951269965053,changed
S2,S2,60,2.282142391941103,-2.282142391941103,399.86251036753265,49.02951269558501,changed
S0,S2,60,1.295114560318235,0.690312013556482,192.75238305098824,37.05992603317147,changed
S1,S2,60,5.414926377789541,5.414926377789541,233.37075977630076,44.86950022987221,changed
S2,S2,60,5.414926384528685,5.414926384528685,233.37075978900188,44.869500232314216,changed
S0,S2,60,3.325932339021781,-2.841935334023243,475.4101883422264,56.74928924834643,changed
S1,S2,60,1.7822432570393987,-1.7822432570393987,481.2312731738096,57.44414694165459,changed
S2,S2,60,1.7822432583872272,-1.7822432583872272,481.23127318635164,57.444146943151715,changed
S0,S2,60,4.060205673520441,-0.6874606663505749,107.01189012225993,15.42430827778009,changed
S1,S2,60,2.2188647222225675,1.9002469444450845,117.9437609314405,16.99998874862332,changed
S2,S2,60,2.2188647222225675,1.9002469444450845,117.9437609314405,16.99998874862332,changed
S0,S2,60,1.590643127810274,1.4647664563290332,77.11542694108815,50.47768787347871,changed
S1,S2,60,3.298251787869516,2.7606822027450733,171.88310967557587,112.51006841412942,changed
S2,S2,60,3.2488231363681246,2.7609766960876403,171.9077887255495,112.52622265759274,changed
S0,S2,60,2.695380498181228,1.645081648953502,187.55760147019035,52.46107669993126,changed
S1,S2,60,5.464471395882764,-5.354122878636077,305.0705575649974,85.33021212606938,changed
S2,S2,60,5.479385101175722,-5.3541783553584485,305.40804224509253,85.42460877834442,changed
S0,S2,60,2.708127659449941,-1.5663711200850734,280.6751783253166,33.893734951584364,changed
S1,S2,60,5.115422080383584,-5.115422080383584,375.2339355448324,45.31244847542431,changed
S2,S2,60,5.115422087796641,-5.115422087796641,375.2339356830046,45.312448492109695,changed
S0,S2,60,1.8877661677392779,1.6842177707007417,89.56656720984743,28.823384151703006,changed
S1,S2,60,1.3263761884457155,0.6668803311836481,39.18418886497003,12.609849450652385,changed
S2,S2,60,1.5784028354513342,0.930174567890231,52.57617589728613,16.919519886973774,changed
S0,S2,60,3.1826394605459027,0.37821868350569093,273.96284859424577,54.43877947608765,changed
S1,S2,60,3.3116920751837737,1.1426008988786205,252.0396181067764,50.08244460793044,changed
S2,S2,60,3.0773151283666564,1.1425990256809735,251.41280941444666,49.95789231790089,changed
S0,S2,60,1.2433043871541367,0.6593413198357376,23.30504571706322,20.24160544705681,changed
S1,S2,60,4.445825629074874,4.275146555000935,214.90713365927584,186.6576646148342,changed
S2,S2,60,4.374271210236363,4.368337857600067,222.6109749811104,193.3488386359662,changed
S0,S2,60,2.705750230691317,-1.3582191373309878,48.101954034421716,7.2193163614803115,changed
S1,S2,60,11.437454444445523,-11.437454444445523,538.4160084253939,80.8074344781677,changed
S2,S2,60,11.437454444445523,-11.437454444445523,538.4160084253939,80.8074344781677,changed
S0,S2,60,2.943987815987371,1.6015875372716328,79.31795390564272,12.548559975205933,changed
S1,S2,60,3.4241152726909814,-0.23704598037143423,37.438378878767715,5.922968503367787,changed
S2,S2,60,3.424115273337179,-0.23704598104534824,37.438378891589856,5.922968505396323,changed
S0,S2,60,2.2286894191145605,1.6743141166226432,139.12392715861,35.944168079150295,changed
S1,S2,60,2.226201759258994,0.3932976983648545,98.56214504050642,25.464593905106007,changed
S2,S2,60,2.2534585136906533,0.39329826656604067,96.83507711321201,25.018387266674882,changed
S0,S2,60,2.5227207751501597,1.8429925427184801,106.26633234373791,25.56467244380027,changed
S1,S2,60,2.4489835805942044,-0.5609938899277953,72.0570949580863,17.334897979697146,changed
S2,S2,60,2.6082086063070857,-0.3953010865203943,62.63783451050827,15.068890461659702,changed
S0,S2,60,1.657110945108313,-0.30518887211696405,36.300748588345236,33.190970599992184,steady
S1,S2,60,2.899078416793304,1.435835824200366,85.92645063573583,78.56538522536277,steady
S2,S2,60,2.05689846625324,1.530588707219614,90.93708564247795,83.14677392018062,steady
S0,S2,60,0.9248404628396524,-0.4197453247201477,24.006644063169766,41.20856561647468,steady
S1,S2,60,0.8585057375620256,-0.3537263032902836,20.48412923734101,35.16199855140682,steady
S2,S2,60,0.7464197990374605,-0.3217809089961873,19.839953438950975,34.05623963788896,steady
S0,S2,60,2.2789171556606025,2.051826453249464,160.3301866111111,41.8947553021734,changed
S1,S2,60,4.722637697583042,-4.670641588379487,196.25311306257393,51.281522979756275,changed
S2,S2,60,4.7226376976459505,-4.670641588126769,196.25311305841203,51.281522978668754,changed
S0,S2,60,3.261153283522662,2.2118103875887676,287.12572838559606,72.39392679202012,changed
S1,S2,60,2.968236481481932,0.6903744881409926,196.3820633039993,49.51443673833025,changed
S2,S2,60,2.9682364843764435,0.6903744840975072,196.38206321747776,49.5144367165153,changed
S0,S2,60,1.8777137347873198,-0.08702875648978002,237.59893236630444,41.02129882408773,changed
S1,S2,60,2.6900279860831486,-2.576763003885031,205.89014663375394,35.546797899653484,changed
S2,S2,60,2.690027986673611,-2.576763001526331,205.89014663310593,35.54679789954161,changed
S0,S2,60,0.8087857500850483,0.7915590834184493,33.22206134237944,69.23267646589113,changed
S1,S2,60,1.8840454576455627,1.8668187909789642,100.80719036468666,210.07581450254426,changed
S2,S2,60,2.127545563782739,2.1160079812271517,115.74933177988244,241.2142929866054,changed
S0,S2,60,2.0021172580546738,1.0369749174240803,168.13045857120088,46.874057681429264,changed
S1,S2,60,2.6220021743660604,2.299170213622789,206.3163875759951,57.52013248548791,changed
S2,S2,60,2.45397287030197,2.299170240367981,206.4679457473404,57.5623862598849,changed
S0,S2,60,2.8140261812545977,1.5206534410799908,124.28186115178399,22.39847237327306,changed
S1,S2,60,1.9878500178016898,1.5637857788878924,131.80825741394588,23.754903450069172,changed
S2,S2,60,1.9878500171277798,1.5637857782139781,131.8082574182746,23.754903450849305,changed
S0,S2,60,1.6662213614278683,0.7611528966150719,32.00830960054332,9.473390102865492,changed
S1,S2,60,2.3638079686848417,-1.2216379750421757,69.2099083513645,20.48382026350167,changed
S2,S2,60,2.506955947443408,-1.0730274461287685,60.50719066334553,17.908106624056245,changed
S0,S2,60,2.1006212921638303,1.2553450063184939,167.25267141414972,33.78785901087656,changed
S1,S2,60,2.00363799602496,1.989202815925643,192.7604238504973,38.94085498825945,changed
S2,S2,60,2.003637995351046,1.9892028152517287,192.76042384107248,38.94085498635548,changed
S0,S2,60,2.675590073096304,1.8489486392275436,76.68921436936036,18.09435406371134,changed
S1,S2,60,4.5360074350639445,-4.5360074350639445,272.1622469324133,64.2150281400959,changed
S2,S2,60,4.5360102745062205,-4.5360102745062205,272.1237797817709,64.20595204967992,changed
S0,S2,60,3.032117601429886,1.2977487424950962,134.73783611619214,24.23574518590811,changed
S1,S2,60,4.253838317034058,-4.253838317034058,255.57971796300723,45.97197860514936,changed
S2,S2,60,4.25383831568623,-4.25383831568623,255.5797179415268,45.9719786012856,changed
S0,S2,60,3.74390909138249,-2.5047343457526803,227.00365688996425,28.990283908283697,changed
S1,S2,60,5.238853807045043,-5.238853807045043,319.5657881558192,40.81124970820333,changed
S2,S2,60,5.238853811762442,-5.238853811762442,319.5657882379602,40.811249718693425,changed
S0,S2,60,2.2555498619816077,-1.4876044134498205,155.48077578670106,34.36343039193901,changed
S1,S2,60,3.837176324039011,3.519816301150615,256.7022961316587,56.7348049296631,changed
S2,S2,60,3.577756575367602,3.5198191022781797,255.51022415217892,56.471340316229266,changed
S0,S2,60,2.8588402585701838,-1.867612300723948,112.82713433194745,21.01882543436638,changed
S1,S2,60,3.589531512807586,3.2701902058754455,187.48049477774308,34.92617104400051,changed
S2,S2,60,3.5699015838805477,3.276622845014531,187.8885703155577,35.00219237117635,changed
S0,S2,60,1.7034289935982372,-1.5641449383157706,90.08037911328445,26.860949767406648,changed
S1,S2,60,3.0832366514080447,-2.733186643778589,154.60476858108555,46.10139259555621,changed
S2,S2,60,2.9722606600229344,-2.7330586162530968,154.30029135992638,46.010600933449744,changed
S0,S2,60,3.207131751468423,-2.5291003882713046,143.4344290299808,25.01156374600725,changed
S1,S2,60,3.451741651407922,0.9657013094754222,61.89356314176365,10.792769981774534,changed
S2,S2,60,3.213656682031485,0.9657021894321706,61.96623273854333,10.805441836534534,changed
S0,S2,60,3.647252377614796,-0.6951449998989921,61.45006715367478,14.200287414630699,changed
S1,S2,60,8.306939575184488,7.262831087183367,390.20810295519834,90.17186587647629,changed
S2,S2,60,8.05788994966156,7.262958310824533,390.64769453590895,90.27344960258567,changed
S0,S2,60,3.3010628618112148,3.1282044018604678,133.06202899216765,44.29846752495398,changed
S1,S2,60,2.2437965836104974,1.1251266662632464,153.33903225387462,51.04900467890782,changed
S2,S2,60,2.2424654829785555,1.1253809326330921,153.75634394735897,51.18793438441148,changed
S0,S2,60,3.464421576317864,3.3069363184953278,279.95616871237775,83.6397339526257,changed
S1,S2,60,2.628973817681751,-1.7137033850044425,183.77705914592036,54.90525321966636,changed
S2,S2,60,2.62897382003853,-1.7137033873631422,183.7770591431325,54.905253218833465,changed
S0,S2,60,4.835365428985493,-4.135239348188304,276.13194641006476,31.93259714468136,changed
S1,S2,60,10.955741564537407,-10.955741564537407,655.979295955274,75.85910600102866,changed
S2,S2,60,10.955741564705884,-10.955741564705884,655.9792959590387,75.85910600146403,changed
S0,S2,60,3.5767030981125996,-1.2434362361402216,258.0711962854175,44.684267930776784,changed
S1,S2,60,5.431318809012172,0.8283192022696565,251.5812239088387,43.560548318853655,changed
S2,S2,60,5.368584689451269,0.8283192405304488,250.60048076069563,43.39073552984937,changed
S0,S2,60,6.272940457940852,-4.554155225163635,385.23469771614833,39.41956944108279,changed
S1,S2,60,6.704197261873222,6.652483208143929,430.5302945654503,44.05449182985469,changed
S2,S2,60,6.7041972638005785,6.652483205448272,430.53029454218984,44.05449182747453,changed
S0,S2,60,2.5458370444866287,-1.0072746275819324,509.9293309896008,69.35501402696646,changed
S1,S2,60,2.2179181044523393,-2.2179181044523393,496.45158093578954,67.52191777768816,changed
S2,S2,60,2.217918108495825,-2.217918108495825,496.45158092108187,67.52191777568778,changed
S0,S2,60,2.787850923089709,-0.5798600943307295,193.98450807457988,29.233533602805174,changed
S1,S2,60,3.128288112544923,2.6456714051885566,166.4495278943022,25.08400240393619,changed
S2,S2,60,3.1282881111982532,2.645671406536385,166.4495278842361,25.084002402419223,changed
S0,S2,60,5.536834220636024,5.341260492159605,147.55814263520776,74.73075708193471,changed
S1,S2,60,2.3631879070149107,0.9988871975996312,71.99265375534942,36.46064814447694,changed
S2,S2,60,2.363187903709408,0.9988872013061594,71.99265368839733,36.46064811056908,changed
S0,S2,60,7.483181883258838,-7.053824371681592,562.3190932911837,50.630347280497354,changed
S1,S2,60,15.311652803614162,-15.311652803614162,897.405686614639,80.80102935659062,changed
S2,S2,60,15.311652804793512,-15.311652804793512,897.4056866348539,80.80102935841074,changed
S0,S2,60,10.476043998813894,-9.32361604097693,645.6432560506098,50.11643635492693,changed
S1,S2,60,4.534598948884638,3.508207587393639,481.1406032148929,37.34733104205179,changed
S2,S2,60,4.534598940797669,3.508207579306669,481.1406031993689,37.34733104084678,changed
S0,S2,60,14.74138149397121,-14.047493599762102,836.6008239425837,57.41775668157146,changed
S1,S2,60,4.342550014333576,0.8822485407177951,80.61146350653227,5.5325422410546246,changed
S2,S2,60,4.342550002315226,0.8822485272395105,80.61146342762868,5.532542235639298,changed
S0,S2,60,4.109659384740262,3.0236958884558387,115.96646043194716,21.809854587860755,changed
S1,S2,60,3.441097999374361,-3.3281903838941482,158.3012657610413,29.7717768953435,changed
S2,S2,60,3.4410980024069677,-3.328190386926763,158.30126582056192,29.77177690653757,changed
S0,S2,60,4.848070921568734,4.142551389511891,216.69053667481134,58.63882974296736,changed
S1,S2,60,3.670070092592121,3.1411712037034287,162.52551571214772,43.981182524065545,changed
S2,S2,60,3.4617495496695847,3.1411709957444143,163.0108877789437,44.11252951514137,changed
S0,S2,60,5.304176899527069,5.304176899527069,765.9878844116696,223.5356577012634,changed
S1,S2,60,5.546452875934137,-5.5399858392944745,332.8634083472007,97.13840443667746,changed
S2,S2,60,5.546452875828893,-5.539985839189175,332.86340834570404,97.13840443624069,changed
S0,S2,60,4.00074832308199,3.7644309058023535,227.40852984441602,56.96803148065171,changed
S1,S2,60,2.1596164977817693,-0.4384719007484485,85.40972839080597,21.39596126429477,changed
S2,S2,60,2.159616501825244,-0.4384719047919338,85.40972846445204,21.395961282743823,changed
S0,S2,60,3.6286598600745483,2.844710839601346,91.6918328398719,25.691222807440344,changed
S1,S2,60,3.0894495024734154,2.2207361055616333,51.561316885388614,14.447014955638718,changed
S2,S2,60,3.0894495058429845,2.220736108931204,51.56131687439357,14.447014952558005,changed
S0,S2,60,4.7215235514029965,3.436302711775078,166.08421074075673,41.14909447567253,changed
S1,S2,60,3.5509577328685458,-2.523436851447846,154.7012268605712,38.32884156293814,changed
S2,S2,60,3.5507416455015397,-2.523441548957068,154.51130273437764,38.281785880901346,changed
S0,S2,60,4.477989252359488,4.476155405913672,80.0985981868863,38.37803403407925,changed
S1,S2,60,8.172127058884794,8.172127058884794,194.19851340823104,93.04728579093761,changed
S2,S2,60,8.17212705686305,8.17212705686305,194.1985134203205,93.04728579673008,changed
S0,S2,60,3.7633095268173844,-1.8126270430112628,174.2975868093472,40.98911173616939,changed
S1,S2,60,6.655424259259936,-6.415040925926729,343.9800664390259,80.89290067857716,changed
S2,S2,60,6.6821566473826035,-6.415042480319781,345.3651548418589,81.21862832832538,changed
S0,S2,60,3.4945860821906787,-3.0650807993256484,639.5929298104455,63.04396512114811,changed
S1,S2,60,2.454446169140581,-1.2734479518647879,659.8443635267187,65.04012646276949,changed
S2,S2,60,2.454446175878931,-1.27344795860393,659.8443635212578,65.04012646223121,changed
S0,S2,60,10.3432291661551,-10.3432291661551,829.7732267825193,61.95953981961897,changed
S1,S2,60,5.0443696804922,-3.6504567429601464,724.6994877410125,54.11363649566799,changed
S2,S2,60,5.044369679144372,-3.650456741612319,724.6994877200996,54.11363649410642,changed
S0,S2,60,3.480164652799488,1.7240788333525983,208.09580405086245,39.33118869377275,changed
S1,S2,60,5.093379078233584,5.040715282977278,222.61908432578005,42.07616416096533,changed
S2,S2,60,5.093379071022574,5.040715291064249,222.61908417983935,42.07616413338177,changed
S0,S2,60,10.347560090767624,10.347560090767624,181.53011535006078,72.54122601066774,changed
S1,S2,60,1.6403895535675999,1.6242051116665173,74.11328618150544,29.61640074385644,changed
S2,S2,60,1.6403895532306427,1.6242051113295601,74.11328617874655,29.616400742753957,changed
S0,S2,60,4.024547270134827,3.770693734659012,198.7361539720673,62.421950931384615,changed
S1,S2,60,2.628724672863164,-1.6397732168125498,128.93741207082343,40.49854366526531,changed
S2,S2,60,2.6664441500971345,-1.6276850663845466,133.075500331468,41.79829480361128,changed
S0,S2,60,4.294854591759076,3.7445103955729144,141.99728782273053,57.25222719299293,changed
S1,S2,60,1.8026324417389554,1.0777071476622448,42.74552224783179,17.23466968095321,changed
S2,S2,60,1.8022571312933697,1.0791968335545974,42.96155166162483,17.32177109865274,changed
S0,S2,60,3.563549025798865,2.1849417466662855,216.6874556135162,58.52151777335517,changed
S1,S2,60,6.197360560005682,-6.190279264027295,247.37876989006335,66.81042535610935,changed
S2,S2,60,6.197360559921441,-6.190279263943054,247.37876988984695,66.81042535605091,changed
S0,S2,60,4.7883251481224,4.294221630155168,175.2309417944096,40.612308396069416,changed
S1,S2,60,2.0492726068115767,-1.206729210363075,3.07988058057391,0.7138069263365874,changed
S2,S2,60,2.0492726027681147,-1.2067292063195894,3.079880627734517,0.713806937266741,changed
S0,S2,60,2.440083279439371,2.0856692573670714,380.87818672900926,75.14972890500106,changed
S1,S2,60,4.402015699819391,-4.402015699819391,299.2090064831877,59.03587158994861,changed
S2,S2,60,4.402015702178092,-4.402015702178092,299.20900645162817,59.035871583721715,changed
S0,S2,60,4.01708829425991,3.8546086207072467,473.5681173131774,98.55392785632255,changed
S1,S2,60,4.121693109537793,4.020184324453298,501.92029638741167,104.45427990473496,changed
S2,S2,60,4.121693104368462,4.0201843298446125,501.9202962691853,104.45427988013097,changed
S0,S2,60,3.386029068407713,2.3501369248835378,130.34492352632418,32.55685463968532,changed
S1,S2,60,5.16358766411795,-4.950838601487849,175.43716561748167,43.81975258325446,changed
S2,S2,60,5.181249630459864,-4.950838594936214,175.65615529226588,43.874450647564586,changed
S0,S2,60,3.6720698652801937,3.2582580616745056,251.5340563185243,51.52503275909379,changed
S1,S2,60,2.385693798376173,1.8475383059356598,171.29546607670304,35.088705800974154,changed
S2,S2,60,2.38569380376573,1.8475383113269739,171.29546595869985,35.08870577680201,changed
S0,S2,60,4.929882629174898,4.929882629174898,389.015552242842,89.31957140882425,changed
S1,S2,60,1.396092346372781,0.6586073637113566,317.9628455069775,73.00557759419503,changed
S2,S2,60,1.3960923430459475,0.658607367754842,317.9628454392481,73.00557757864408,changed
S0,S2,60,4.888887867088392,4.862917901123835,236.27121022513435,47.88612370210086,changed
S1,S2,60,1.768289535997149,-0.8074151525875923,60.70694509324361,12.303743141374328,changed
S2,S2,60,1.768289533301492,-0.8074151498919353,60.7069450692272,12.303743136506817,changed
S0,S2,60,2.6772750421981213,-0.9113157239476777,202.6554312738742,49.10264653457053,changed
S1,S2,60,5.190589406297716,-4.761914380866282,299.0130101739698,72.44972441902271,changed
S2,S2,60,5.2803011452739135,-4.762097354802747,302.5587648322385,73.30884739731577,changed
S0,S2,60,3.508044210403195,-3.5046539140096473,403.2332305892131,46.594613015641094,changed
S1,S2,60,0.5580625915527588,0.20531765813774439,380.2999844291414,43.94461879651494,changed
S2,S2,60,0.5580625975249288,0.20531765207251654,380.2999844774396,43.94461880209591,changed
S0,S2,60,3.1673804223850954,-1.7615581464130865,879.6610557429076,104.29584253763706,changed
S1,S2,60,1.4714786884458344,-0.05660625814953069,953.1321792771272,113.00684853382357,changed
S2,S2,60,1.4714786891197487,-0.05660625882344483,953.1321792848208,113.00684853473578,changed
S0,S2,60,1.6824206813240896,-0.6645898592786358,97.04587644051718,14.795555523736022,changed
S1,S2,60,1.5985953296804218,-0.7374659585235148,100.77164861475708,15.36358449204098,changed
S2,S2,60,1.5985953290092616,-0.7374659612191716,100.77164865556482,15.363584498262503,changed
S0,S2,60,2.373641216314922,0.6848149564998732,200.60523231884918,38.46804551997013,changed
S1,S2,60,4.238290154667476,3.439336220002476,263.5031996690055,50.52935540292309,changed
S2,S2,60,4.238290154331958,3.4393362213503047,263.50319969888614,50.529355408653,changed
S0,S2,60,1.986808593827518,-0.2571933770884024,461.6146477036757,77.11642767392834,changed
S1,S2,60,1.2124103703709972,-0.6225837037036343,449.12590803753363,75.03008359019208,changed
S2,S2,60,1.2124103703709972,-0.6225837037036343,449.12590803753363,75.03008359019208,changed
S0,S2,60,2.994888497336748,2.6302508878921818,72.71975832344901,19.340410754412627,changed
S1,S2,60,3.7156756349690974,3.475909678525657,35.03001025093101,9.316515931899453,changed
S2,S2,60,3.715675632078062,3.475909682569142,35.030010163684466,9.316515908695527,changed
S0,S2,60,2.3242786203879735,1.578745746283999,91.20721272609724,22.257831107720754,changed
S1,S2,60,2.8313893935814027,1.9303025814935373,34.921606687835926,8.522124516646912,changed
S2,S2,60,2.831389391902989,1.9303025882326799,34.92160663800404,8.522124504486145,changed
S0,S2,60,2.2830653323594707,-0.42377013272529607,174.54988585099463,30.967259241850797,changed
S1,S2,60,3.659845880149365,0.7050746025819422,236.70129525135908,41.99367038938076,changed
S2,S2,60,3.659845884580834,0.7050745965167144,236.70129515841944,41.99367037289215,changed
S0,S2,60,4.362906955151228,1.6338041100311795,215.01013924607963,36.53050086215421,changed
S1,S2,60,8.149550985921648,7.745949210363765,336.72010398289297,57.20918135294873,changed
S2,S2,60,8.149550989901847,7.74594920632028,336.7201040085541,57.20918135730858,changed
S0,S2,60,2.7751016181832937,2.2883868174726083,66.7508003556298,21.73930597407178,changed
S1,S2,60,1.8598177258748834,1.2866970207384265,105.04463924965918,34.21078910541828,changed
S2,S2,60,1.8598177245270582,1.286697019390598,105.04463927062822,34.21078911224745,changed
S0,S2,60,5.205282002585515,-5.20526529794302,307.3779264537056,32.54677258520785,changed
S1,S2,60,16.15385842592592,-16.15385842592592,887.6820897088566,93.9923937773962,changed
S2,S2,60,16.15385842592592,-16.15385842592592,887.6820897088566,93.9923937773962,changed
S0,S2,60,2.2313099655493707,0.3360825475403325,164.80594743014288,43.88196939612158,changed
S1,S2,60,10.752539670545751,10.722314670545805,521.3037853845736,138.80467976451328,changed
S2,S2,60,10.722314679063,10.722314679063,520.8764622524286,138.6908987942301,changed
S0,S2,60,3.4405169871989396,3.2241765291036995,220.845502883562,93.90712215022124,changed
S1,S2,60,2.4904675410932637,2.4507492039448517,208.76583423477766,88.77064934672626,changed
S2,S2,60,2.4608375482718388,2.450749211191392,211.45314146219886,89.9133363598898,changed
S0,S2,60,3.2376066208519965,3.1151122734238537,148.75143602065876,62.713992296139935,changed
S1,S2,60,1.6755715696246676,0.330505583126287,80.4210647163637,33.9057300419537,changed
S2,S2,60,1.5953764919733995,0.3432762327605591,80.66452842108656,34.00837497306051,changed
S0,S2,60,2.265434509665181,-2.111923216672776,75.81277250871976,10.617714153848146,steady
S1,S2,60,0.9266319444446879,-0.8279384259263279,119.03396164425159,16.670918863881692,steady
S2,S2,60,0.9266319444446879,-0.8279384259263279,119.03396164425159,16.670918863881692,steady
S0,S2,60,1.405851247789376,0.4957874606158734,101.5733941360217,39.695040692466335,changed
S1,S2,60,3.945593475285805,3.906199581310711,231.49939983961812,90.47032616247172,changed
S2,S2,60,4.018982409279522,4.007621663690743,235.91771799126732,92.197011780431,changed
S0,S2,60,2.5749079348572397,1.519380592781629,77.02231448592954,18.426203261724492,changed
S1,S2,60,7.15725685185159,-7.15725685185159,363.2828486447404,86.90888679863194,changed
S2,S2,60,7.15725685185159,-7.15725685185159,363.2828486447404,86.90888679863194,changed
S0,S2,60,2.854712034512121,2.2709278065021286,154.23060503368868,29.373457959090807,changed
S1,S2,60,2.405163055555351,-0.7894000925926444,21.934405458842637,4.177441542566948,changed
S2,S2,60,2.405163055555351,-0.7894000925926444,21.934405458842637,4.177441542566948,changed
S0,S2,60,3.9270347189811274,3.789428932867708,150.66306243992932,28.26783372782141,changed
S1,S2,60,3.0572554196373742,-2.6919061561721245,216.0290053099788,40.531978466347134,changed
S2,S2,60,3.0572554170286748,-2.691906153563424,216.02900526013963,40.53197845699617,changed
S0,S2,60,4.178769992353723,3.9324103542525326,208.0993657129018,47.27316081682096,changed
S1,S2,60,1.910890885812556,1.8215495386536422,161.73178415827468,36.74000934848348,changed
S2,S2,60,1.9571609660198925,1.8680320263026753,164.4518728402899,37.35792180227886,changed
S0,S2,60,4.900183805610312,4.769590638148368,223.7398931032263,50.40402461598103,changed
S1,S2,60,6.75347102567103,-6.75347102567103,261.975108136608,59.017637025506716,changed
S2,S2,60,6.753471025544671,-6.753471025544671,261.9751081359758,59.01763702536428,changed
S0,S2,60,2.96318048245644,2.6078174402648466,222.67169113729958,51.57636886175937,changed
S1,S2,60,3.695752669926201,-1.2710233877788994,79.75632412012767,18.47357232914411,changed
S2,S2,60,3.6957526705986745,-1.2710233884528137,79.75632410533612,18.473572325718013,changed
S0,S2,60,1.8327877483943031,0.6364381239122602,107.37277853738262,20.91159605978564,changed
S1,S2,60,8.005921082501022,-8.005921082501022,149.82484874502072,29.179432248589443,changed
S2,S2,60,8.005921083006458,-8.005921083006458,149.82484873883408,29.17943224738455,changed
S0,S2,60,2.58522078278119,2.2378691714266385,292.29947510295096,42.43018447842368,changed
S1,S2,60,2.3572940033303538,-1.339632598142546,254.2753243889745,36.91059971399275,changed
S2,S2,60,2.357293999960783,-1.3396325947729748,254.27532440185058,36.91059971586184,changed
S0,S2,60,3.0865077879768767,1.0595129053020822,58.42346792616269,9.697952652561163,changed
S1,S2,60,6.197799218336771,-6.197799218336771,340.916021547359,56.59005794801957,changed
S2,S2,60,6.19779922069547,-6.19779922069547,340.91602159965964,56.59005795670117,changed
S0,S2,60,3.7009654498935047,-0.8196021787915607,64.42008923730829,10.234739005178898,changed
S1,S2,60,4.971229761237481,-4.879290165939731,174.86632071007872,27.781879448671596,changed
S2,S2,60,4.969594541354734,-4.877654946056983,176.43262256122566,28.030725590296207,changed
S0,S2,60,2.236457790204839,1.8742120772319428,562.6839038453679,107.3722881059573,changed
S1,S2,60,2.2206261146940744,-2.104927775002577,440.06700766189203,83.97432592204436,changed
S2,S2,60,2.2206261163788596,-2.104927776687363,440.06700766914116,83.97432592342764,changed
S0,S2,60,2.5274111868260745,2.1300528508380063,232.5564006282423,58.514972140328204,changed
S1,S2,60,3.3581201788273973,-0.9933386846297646,220.5142067887199,55.484960344804605,changed
S2,S2,60,3.3581201784907297,-0.9933386849667215,220.5142067816691,55.48496034303051,changed
S0,S2,60,3.644730690610179,3.3202473162400774,185.22491260505362,51.02109331238663,changed
S1,S2,60,2.576323251952433,2.221467625188902,121.6537275752953,33.510104548698045,changed
S2,S2,60,2.5763232546480834,2.221467627884559,121.65372762680867,33.51010456288765,changed
S0,S2,60,3.9045313608229426,-3.1776426899527053,635.8035948672511,77.93319877655073,changed
S1,S2,60,6.3953558488245585,-4.6023070362297664,629.0133244346735,77.10088593711309,changed
S2,S2,60,6.40554037786369,-4.602781719229754,632.070862209824,77.47566157713975,changed
S0,S2,60,5.396800998173496,-4.807798898023887,261.76744764934466,28.166506405750415,changed
S1,S2,60,3.110285770219548,0.5624532511392041,76.46060418989283,8.22725712093543,changed
S2,S2,60,3.110285774498908,0.5624532673131454,76.4606045209747,8.227257156560256,changed
S0,S2,60,9.173665613116201,-8.618436788327541,635.385435804039,49.704444802373835,changed
S1,S2,60,2.5210942735929,-0.43325816964556046,361.4901108625744,28.27837128377976,changed
S2,S2,60,2.521094283027699,-0.43325817908035913,361.4901109935925,28.278371294028947,changed
S0,S2,60,7.4825550895718385,-7.342377868833631,619.8565246575229,54.63117938223226,changed
S1,S2,60,5.615721590372064,-4.0329065522261685,527.063343380201,46.45283370036618,changed
S2,S2,60,5.615721588381965,-4.032906554247912,527.0633434151198,46.45283370344376,changed
S0,S2,60,7.256521542991414,-6.0879940567221364,360.61484165894063,34.548956605767565,changed
S1,S2,60,4.277673060754853,3.929296459282986,208.58801180491352,19.983920060469927,changed
S2,S2,60,4.277673074233138,3.9292964727612705,208.5880121062063,19.98392008933549,changed
S0,S2,60,3.8979827358703414,-1.4156502240514646,246.14667561200585,35.40992302111332,changed
S1,S2,60,9.67694726591964,9.67694726591964,614.4237947836356,88.38916561247142,changed
S2,S2,60,9.676947261876155,9.676947261876155,614.4237947231949,88.3891656037766,changed
S0,S2,60,8.516900990468079,-8.342791933992945,551.0096452321518,47.20977740795416,changed
S1,S2,60,7.596784722222542,-5.928434351853075,457.34943926884904,39.18509487513257,changed
S2,S2,60,7.596784722222542,-5.928434351853075,457.34943926884904,39.18509487513257,changed
S0,S2,60,2.877259916698293,-0.7728753465438982,358.260219652598,59.08328707721688,changed
S1,S2,60,12.883060903728056,12.883060903728056,937.9892718450084,154.69060304129798,changed
S2,S2,60,12.88306091720634,12.88306091720634,937.989272136364,154.69060308934755,changed
S0,S2,120,1.9683374437331893,1.403714754194895,165.01313373453513,47.905301823186704,changed
S1,S2,120,1.9783352123117044,1.8502849827433163,426.1729537299369,123.72314563855114,changed
S2,S2,120,1.9099732060059096,1.8835675149086424,417.08292706462214,121.08420132468055,changed
S0,S2,120,2.1333585498488645,1.718864134140434,436.3281647207998,54.24196477420062,changed
S1,S2,120,3.608856587369524,3.5617724207028068,386.53723408782355,48.05222474860144,changed
S2,S2,120,3.604456429635771,3.604456429635771,394.89449595582124,49.09115448201155,changed
S0,S2,120,2.959337931589261,2.2659483802266274,630.9508814458796,75.19943882988154,changed
S1,S2,120,2.341120772818152,1.785796684525038,577.1032522650912,68.78164686573452,changed
S2,S2,120,2.3161899781185986,1.7857966865467894,583.953451403053,69.59808305149149,changed
S0,S2,120,5.079006324270696,4.485331583878909,486.3143077001011,61.108683027951905,changed
S1,S2,120,6.7330848148153475,-6.7330848148153475,41.744703529795686,5.2455044314082375,changed
S2,S2,120,6.7330848148153475,-6.7330848148153475,41.744703529795686,5.2455044314082375,changed
S0,S2,120,4.65090172518794,4.541951674097292,485.0110622817187,75.39565625800181,changed
S1,S2,120,1.7462884297400676,0.7173925572200335,82.11300026827081,12.764582138424988,changed
S2,S2,120,1.7462884292346355,0.7173925567145977,82.11300024795331,12.764582135266604,changed
S0,S2,120,3.417149932999771,3.3085669824774486,132.36112168416824,20.673148472493796,changed
S1,S2,120,2.2813358853511856,0.7353643190795306,91.97996518405681,14.366117879252283,changed
S2,S2,120,2.2813358842433145,0.7353643205958377,91.97996522597208,14.366117885798923,changed
S0,S2,120,2.9267616193510917,2.4399850674453694,254.49282973600805,48.4466260657797,changed
S1,S2,120,2.637463358128888,1.5571850161262357,202.21490260507778,38.49471822683004,changed
S2,S2,120,2.6277376447110044,1.5594064075263583,204.76491029950608,38.98015142887734,changed
S0,S2,120,2.577479959243871,1.0099944247087194,1235.1063920397346,103.67642053038676,changed
S1,S2,120,4.642267270078525,-4.510706606671769,955.598383023025,80.21415843604949,changed
S2,S2,120,4.642267271425259,-4.510706608019597,955.5983830238769,80.214158436121,changed
S0,S2,120,3.7958699786673202,1.7048548990576777,421.70308394191306,32.87603677092188,changed
S1,S2,120,4.70617851418399,-4.09808195536822,585.8474235232827,45.67275453113422,changed
S2,S2,120,4.70617851454537,-4.098081954862783,585.8474235328433,45.67275453187957,changed
S0,S2,120,3.0597329175469175,1.6313782648034958,248.3670719567719,26.171049687942922,changed
S1,S2,120,6.749894619573168,6.747628415869459,606.9007546308682,63.950626304677655,changed
S2,S2,120,6.747632050435039,6.747632050435039,603.1366271563417,63.553990927888535,changed
S0,S2,120,3.4972775003004113,2.1327204207767076,937.472248487846,101.73010473443063,changed
S1,S2,120,5.555814513238067,-5.272967464757199,723.8117882746993,78.54467068008928,changed
S2,S2,120,5.573083243933035,-5.272967465515352,722.4183556824576,78.39346189094617,changed
S0,S2,120,4.503253733004843,3.5767664669953705,418.5705604093364,60.03316830176548,changed
S1,S2,120,7.3184367488556425,7.191564059855765,710.4343684483121,101.89351579506035,changed
S2,S2,120,7.228154868334343,7.226282180596977,713.2919915643588,102.3033682445515,changed
S0,S2,120,5.1899306777549645,4.961272708402789,441.97328835308974,97.69946895388138,changed
S1,S2,120,2.463523518923163,2.0770102944808975,210.5435529762067,46.5412590749275,changed
S2,S2,120,2.430741791062966,2.1417295431003245,218.61942745240253,48.32645439884084,changed
S0,S2,120,4.016835615956834,3.8928150839509175,438.1948463069943,153.3399528377886,changed
S1,S2,120,1.239620419209807,-0.30428520859295705,138.41964364938679,48.4379535905137,changed
S2,S2,120,1.2673364236334905,-0.26899067715757763,144.27088722467803,50.48551170635923,changed
S0,S2,120,5.127576030951416,5.047555447206334,306.0333601527871,41.08032146733386,changed
S1,S2,120,3.518895555555176,-3.3374510185185704,157.1988735149916,21.101556559306356,changed
S2,S2,120,3.518895555555176,-3.3374510185185704,157.1988735149916,21.101556559306356,changed
S0,S2,120,5.380913482756069,5.269573306516252,126.2568037456892,19.85321326252757,changed
S1,S2,120,1.713017887652327,-0.5117693846240582,132.99341153382,20.91250913503481,changed
S2,S2,120,1.7108800852652462,-0.5117693814133625,125.92488749173977,19.80102119065927,changed
S0,S2,120,4.878634114316059,4.33024286272806,411.7750506422629,59.98024139310814,changed
S1,S2,120,2.6515739138006365,-1.9692572871879257,164.32603432760953,23.936164152657827,changed
S2,S2,120,2.6885688334304882,-1.969257343673229,161.2112053840495,23.482449942334576,changed
S0,S2,120,4.871126105471931,4.2193995429092555,850.8955167399173,98.38800244513561,changed
S1,S2,120,3.602785324074472,-2.6246845833331816,637.3394271344508,73.69477436611339,changed
S2,S2,120,3.6147128944046227,-2.624684645643874,638.6493034276568,73.84623375143552,changed
S0,S2,120,3.5992683734372215,3.2458734439358876,1010.0510016284396,147.0015030968347,changed
S1,S2,120,3.327305783540082,-2.0947550373948807,683.140869473011,99.4234295867299,changed
S2,S2,120,3.295019728967074,-2.0933221920526908,684.1371804628416,99.56843138646167,changed
S0,S2,120,2.558067163000826,2.045116338850688,139.6743408138732,20.23220095891264,changed
S1,S2,120,2.654221066559322,-1.0459640943720183,161.6748950515748,23.41903994416185,changed
S2,S2,120,2.606462384214321,-1.0459640933611465,163.86992030803833,23.73699520953045,changed
S0,S2,120,2.712500355377125,2.0764531034848464,551.3844315614343,62.627752167173824,changed
S1,S2,120,2.9012914674471513,-1.8140149353351556,492.7063169127409,55.96293137880172,changed
S2,S2,120,2.9012914664362865,-1.8140149343242842,492.70631687082226,55.96293137404049,changed
S0,S2,120,3.8667028190524437,3.254434739034972,44.575541740772785,12.497489005592017,changed
S1,S2,120,1.4711218757797935,0.6219322643565338,54.906467652949324,15.393934633911005,changed
S2,S2,120,1.3712999445685294,0.6219644606647263,49.794517713740035,13.960715077457056,changed
S0,S2,120,3.2397259641451206,2.763843262227184,139.97202723587188,25.715413926144304,changed
S1,S2,120,4.541581111657178,-4.541581111657178,341.3844476876139,62.71854850999339,changed
S2,S2,120,4.541645538273274,-4.541581565962597,341.4588625727055,62.73221988141087,changed
S0,S2,120,2.8336660119359247,2.703354701654961,219.43573184538357,30.048070454939886,changed
S1,S2,120,2.847280568038929,-2.783171858613392,129.93311973454456,17.792177706795254,changed
S2,S2,120,2.847280568793223,-2.783171859371545,129.93311972316786,17.792177705237403,changed
S0,S2,120,2.781316283137504,2.6417736384112525,182.43189178182317,25.026300155097136,changed
S1,S2,120,1.8086820183677519,1.4167051166929625,131.27145121944687,18.008028683614178,changed
S2,S2,120,1.8171012281808947,1.4205621524999803,129.2910945707456,17.736360175326098,changed
S0,S2,120,2.0820391140848664,1.3769398466718001,127.82958974452063,18.665266255916862,changed
S1,S2,120,2.2821715232111144,1.049668171612216,197.8684369660597,28.8921138446501,changed
S2,S2,120,2.2033712837141897,1.0494653573607742,197.08263039741593,28.777372892584943,changed
S0,S2,120,2.4095019712319816,1.4838213501486328,1136.7261400633402,96.6881209518797,changed
S1,S2,120,8.43119820569338,-8.406156536165925,748.4756657071221,63.66415194023461,changed
S2,S2,120,8.452390988402536,-8.406156537012718,748.5610935395256,63.671418296044486,changed
S0,S2,120,2.062551154903267,1.4118921967641247,947.1014610946308,69.585011128034,changed
S1,S2,120,2.5952444230595524,0.13139204778597863,974.9012646038408,71.62750574556922,changed
S2,S2,120,2.5952444207008525,0.13139205014467828,974.9012645601381,71.62750574235832,changed
S0,S2,120,2.310523449670008,-1.0758116602333805,388.72575353015554,28.106252958755363,changed
S1,S2,120,3.048603256056163,2.8063413314932353,321.433578367068,23.24078963376912,changed
S2,S2,120,3.0486032594257346,2.806341334862806,321.4335783548486,23.240789632885612,changed
S0,S2,120,3.693069006271111,-1.7646980001869086,1108.9000804034624,71.12766052192926,changed
S1,S2,120,2.0235913894089124,-0.48099811815018456,1143.3602122837578,73.3380206844344,changed
S2,S2,120,2.0235913900828266,-0.4809981188240988,1143.3602122945056,73.33802068512378,changed
S0,S2,120,3.6434807108320855,-0.6048682071385111,145.89821724864467,10.367157692482984,changed
S1,S2,120,2.2772816666662212,1.6000369444443092,114.48601882227159,8.135086453402776,changed
S2,S2,120,2.2765491213562585,1.6000369444443667,121.95669653563958,8.665933885158655,changed
S0,S2,120,2.143011812995751,1.5549240526412678,312.44074686569223,60.326447802911254,changed
S1,S2,120,3.2153337180093486,1.3639463741796407,161.657078366369,31.212949648440173,changed
S2,S2,120,3.1939736023124765,1.3639538821481436,157.5375244309413,30.417541053530854,changed
S0,S2,120,2.701754078815584,0.03935526443421417,1081.4551469852288,89.38930734486162,changed
S1,S2,120,9.314946952709896,-9.259772694086553,1139.5747957359545,94.193274628606,changed
S2,S2,120,9.322404866041639,-9.259801493133004,1139.9498407839194,94.22427454307694,changed
S0,S2,120,2.2979469135946093,0.05892332530783427,405.1546717117855,34.75855508882139,changed
S1,S2,120,3.5848182527614814,-3.1156041367256195,505.24319703951596,43.34523263264499,changed
S2,S2,120,3.672022792343833,-3.0230014272269163,496.62592967810843,42.60595012349585,changed
S0,S2,120,0.9507913709066698,0.83520059831334,88.88845708542763,28.40108697137932,changed
S1,S2,120,0.6700963812598887,0.32653187855479293,37.7426931547402,12.05931057833146,changed
S2,S2,120,0.7961096797317379,0.45817902193904453,51.30995372962317,16.394237296434962,changed
S0,S2,120,2.2129719238500196,0.5187800016707144,485.37665061800135,77.28949060376391,changed
S1,S2,120,3.4562589570334987,2.2863738318439526,604.0433312270468,96.18551142436766,changed
S2,S2,120,3.2989339385121763,2.3285295738378635,610.6162318397039,97.23215456118648,changed
S0,S2,120,1.974527308922727,-0.3494389087476249,366.65582555681414,46.52357825833704,changed
S1,S2,120,3.534784935265986,2.68884603620422,542.7740916140327,68.87056243946252,changed
S2,S2,120,3.45028472776651,2.6867186709035726,541.2370621373163,68.67553455183305,changed
S0,S2,120,2.824869023339344,0.12168419997032244,129.1100343870437,9.749441677825638,changed
S1,S2,120,11.192250231481962,-11.192250231481962,1138.9125005550877,86.0023084419739,changed
S2,S2,120,11.192250231481962,-11.192250231481962,1138.9125005550877,86.0023084419739,changed
S0,S2,120,2.586338617550966,1.6379508269471377,344.05116276426713,33.15096739020654,changed
S1,S2,120,3.2392400989505172,1.139792443011603,372.76237516598525,35.91742938503141,changed
S2,S2,120,3.230715228972594,1.1397928136639424,370.93315949833635,35.74117574745998,changed
S0,S2,120,2.3757050971323603,1.7586533296705615,346.4925296364986,42.323626175826796,changed
S1,S2,120,2.3202593213344773,-0.03184805000510331,257.73752825424,31.48231452134889,changed
S2,S2,120,2.414824666577197,0.052323079061798415,250.38126137682391,30.583755785620877,changed
S0,S2,120,2.271838114447996,1.5161322935781105,189.23168994499102,30.069550654442384,changed
S1,S2,120,1.88228456998228,-0.03801265709456812,211.72401715955274,33.643656940293155,changed
S2,S2,120,1.9246810831639931,0.04051980916663363,218.3459092574473,34.695897819840205,changed
S0,S2,120,1.2909757039739824,-0.36246709841855584,86.46327422702558,50.49886730609348,changed
S1,S2,120,2.6464221363914624,1.3532213956504553,191.2032124687069,111.67221853759065,changed
S2,S2,120,2.0400050401801493,1.4155202260630873,197.05526493962063,115.09010924134793,changed
S0,S2,120,1.6018788092501275,0.8160405642646583,315.2025480923453,70.81802297243414,changed
S1,S2,120,2.8425717196388276,-2.572183948219071,254.61671588545664,57.205922172492414,changed
S2,S2,120,2.802328984809836,-2.574296855240202,255.24611385779278,57.34733194323654,changed
S0,S2,120,2.770035219591633,2.1318184204191155,558.6373277117153,70.22190570738614,changed
S1,S2,120,4.929142465147732,-4.800133671712723,320.7030883424419,40.31306343580414,changed
S2,S2,120,4.929142465179186,-4.800133671586364,320.7030883412766,40.313063435657654,changed
S0,S2,120,2.569433509154991,1.0623908155494932,504.28686148619056,51.20426452710233,changed
S1,S2,120,2.778997732521616,-0.883194076673899,337.03957683350575,34.222314651277216,changed
S2,S2,120,2.778997733968872,-0.8831940786956416,337.03957679436843,34.222314647303286,changed
S0,S2,120,1.343249742436184,0.35226516346433473,316.0432786628384,48.71771335796862,changed
S1,S2,120,1.8540166715510815,-0.9149720730744323,244.76335635131633,37.72999408723025,changed
S2,S2,120,1.9268182521514807,-0.8394385027454645,244.983883358479,37.76398807554761,changed
S0,S2,120,0.7445047572606617,0.5018392287105421,104.76374932758405,53.263624622892785,changed
S1,S2,120,2.0668594967509133,2.042860515269511,178.11838795418913,90.5583373573358,changed
S2,S2,120,2.0640160708708897,2.042861631499341,171.519766730784,87.20348908082833,changed
S0,S2,120,2.4080717196546355,1.2788141792520358,492.76225762904704,52.66919535355467,changed
S1,S2,120,2.164733934665205,0.9564780916227725,323.52216213225796,34.579864213902084,changed
S2,S2,120,2.0807192865336224,0.9564780896000007,323.47873967545576,34.57522297804313,changed
S0,S2,120,2.2401237713412328,1.1409031688475315,143.5331530517879,15.667912433941561,changed
S1,S2,120,1.9745658428701127,1.4187405867093366,153.0961477465625,16.711797838102616,changed
S2,S2,120,2.086168703611897,1.533315829521056,163.49775908078743,17.847225661510976,changed
S0,S2,120,1.7743469432870418,0.7163068292772938,290.66833633230925,40.345551750298895,changed
S1,S2,120,2.374978291487267,-0.8691886713944846,294.9828360064076,40.94441598186409,changed
S2,S2,120,2.3853619406977487,-0.8691886712236645,293.93363766128766,40.798784412001694,changed
S0,S2,120,2.388105682630067,1.5521468227730189,478.0007995329516,51.805243418651784,changed
S1,S2,120,2.6375117916848345,2.4385977226968305,572.2218071699419,62.01682097365637,changed
S2,S2,120,2.504972488945668,2.438597722361962,572.0580435623823,61.99907243942581,changed
S0,S2,120,2.853853837263095,1.5733486908613201,54.63732569255661,5.4977211731715485,changed
S1,S2,120,5.669922852207142,-5.669922852207142,560.0834651329991,56.35676135269673,changed
S2,S2,120,5.669924271928836,-5.669924271928836,560.0026317224397,56.34862772706445,changed
S0,S2,120,3.3880133464061877,-0.6034928016287918,368.7615657867874,27.19843561656245,changed
S1,S2,120,6.191346233700926,-6.191346233700926,658.8872113756091,48.596988026505365,changed
S2,S2,120,6.191346233027013,-6.191346233027013,658.8872113494045,48.59698802457261,changed
S0,S2,120,2.999729476682049,-1.9961693796012503,486.12656462448444,38.404158280573604,changed
S1,S2,120,4.448317187542317,-3.5045186067171517,554.0149049508899,43.767359465258274,changed
S2,S2,120,4.3327338921142795,-3.504517848163881,553.0262732746515,43.68925723810519,changed
S0,S2,120,2.557195060275896,-1.677608357086884,432.34795853117936,42.388390849377394,changed
S1,S2,120,3.700520641038858,3.3658367140029397,619.6482879129524,60.751747056780786,changed
S2,S2,120,3.5609982530188597,3.369038209128215,618.3109924987492,60.62063553056726,changed
S0,S2,120,2.2811346260842105,-1.7158786195198592,269.83552665079804,30.23613033915117,changed
S1,S2,120,3.4952947045928453,3.187501643719327,427.4036466462283,47.89225691599883,changed
S2,S2,120,3.3452549173153305,3.1876797379397734,427.35226623236537,47.886499538867206,changed
S0,S2,120,2.45528037253333,-2.0466226632935376,252.69735273572564,27.000894452652744,changed
S1,S2,120,4.532700537753791,-4.047076083136692,475.94362473119054,50.85491968022115,changed
S2,S2,120,4.395092287131857,-4.047075894346138,475.4994835883532,50.807462878675736,changed
S0,S2,120,3.4271920645416087,-1.612122694085148,195.3646135868424,18.69689758945493,changed
S1,S2,120,5.018465821369422,2.3547662669939444,252.89473041575118,24.202678206072843,changed
S2,S2,120,4.776290748800256,2.3548149569600594,253.53812003735015,24.264252252898917,changed
S0,S2,120,3.474157619713005,1.2165297009807376,73.32795612029354,9.711415400866539,changed
S1,S2,120,9.55982579669021,9.036978867504455,265.7816281981118,35.199614634236376,changed
S2,S2,120,9.434763381619645,9.037297562201132,262.2865007796644,34.73672658941185,changed
S0,S2,120,3.3827422190645398,3.217570360177898,367.04755866357635,56.95132081975063,changed
S1,S2,120,2.174503304521134,0.9757116215559157,280.89077497843397,43.58318224306074,changed
S2,S2,120,2.173723046295137,0.975711620713523,279.5678019940147,43.37790895600808,changed
S0,S2,120,4.149893502651678,-0.41415151484648827,791.6991951188929,65.2298143810683,changed
S1,S2,120,6.607357629120747,-6.149722412782093,854.447271894679,70.3997645668063,changed
S2,S2,120,6.607357630299137,-6.1497224139614435,854.4472719476988,70.39976457117471,changed
S0,S2,120,4.206034263549046,-2.6893377921642627,648.8157481475332,44.59104407544438,changed
S1,S2,120,8.993971473534701,-8.783044527818646,1098.701053863541,75.51023115336909,changed
S2,S2,120,8.971820959963246,-8.783044521684888,1098.406473423843,75.48998557608796,changed
S0,S2,120,4.924821778026725,-2.898795730651928,1089.7358451673406,68.02959793360706,changed
S1,S2,120,5.392508047926057,-2.1995988520136667,1026.2013480617586,64.06329150056233,changed
S2,S2,120,5.361141007614261,-2.199598852351925,1025.2230340552096,64.0022177010599,changed
S0,S2,120,4.409388751213741,-2.780714926372783,1136.8836143445305,65.44795460722432,changed
S1,S2,120,8.783139540563468,8.757282513698822,1719.2840644611563,98.97550108737676,changed
S2,S2,120,8.783139541527147,8.757282512350994,1719.2840644619932,98.97550108742493,changed
S0,S2,120,2.666843983788169,-0.7935673609563311,1279.7794927324805,89.64478237663576,changed
S1,S2,120,2.6419848550419487,-1.5711231970440012,1254.7293201394846,87.89009160111658,changed
S2,S2,120,2.641984857063691,-1.5711231990657437,1254.7293201359246,87.89009160086722,changed
S0,S2,120,4.162342571862866,2.380700198914438,115.46033762423266,13.24123872828983,changed
S1,S2,120,6.868587721829479,6.627279368151296,354.2342774405129,40.62434537995538,changed
S2,S2,120,6.8685877211561435,6.62727936882521,354.23427744942586,40.62434538097752,changed
S0,S2,120,6.510008051947429,-0.8562819397609932,321.10880452716094,24.38562245903834,changed
S1,S2,120,8.442420493597314,-6.761382941290042,765.8408490648635,58.15943239708167,changed
S2,S2,120,8.442420491944562,-6.7613829394367775,765.8408491235197,58.15943240153613,changed
S0,S2,120,8.979612941036363,-8.18872020632926,1454.7286807064836,59.388809682602826,changed
S1,S2,120,16.946722803613497,-16.946722803613497,2051.7584459293294,83.76234927931245,changed
S2,S2,120,16.94672280420317,-16.94672280420317,2051.7584459522295,83.76234928024734,changed
S0,S2,120,12.608712746392554,-11.685554820369514,1526.7200094814054,54.66950602691057,changed
S1,S2,120,4.42240836437213,2.2302279114678267,875.6902479915602,31.35712703899325,changed
S2,S2,120,4.422408360328644,2.230227907424341,875.6902479546212,31.35712703767052,changed
S0,S2,120,9.425520439355735,-5.511898855653131,828.8293166889675,41.35385361645814,changed
S1,S2,120,10.44718011085875,8.717029374050862,767.3746564716349,38.28761673088421,changed
S2,S2,120,10.447180104849576,8.717029367311719,767.3746562341292,38.287616719034034,changed
S0,S2,120,4.4788651531545,3.5831236389838645,265.6099880894373,29.083694537336115,changed
S1,S2,120,3.0476202411039597,-1.9930095071256941,131.15152922069774,14.360796600295368,changed
S2,S2,120,3.0475677926035454,-1.993009508633959,130.86142162172203,14.329030472627275,changed
S0,S2,120,5.076123910547902,4.72336414451948,235.96662880639457,32.97475192217567,changed
S1,S2,120,3.770161481480933,3.500592685184709,279.34255649345766,39.036246558557814,changed
S2,S2,120,3.6660012100061925,3.5005925811917296,279.1930315564908,39.015351452637105,changed
S0,S2,120,4.6524626113045295,4.534303902664711,1580.4076508290686,208.62757785976305,changed
S1,S2,120,6.072462505762442,-6.069228987442611,632.7977810994821,83.534819814724,changed
S2,S2,120,6.072462505709821,-6.0692289873899625,632.797781099249,83.53481981469324,changed
S0,S2,120,3.814704091578269,3.304570872701849,236.8275373137585,30.635278291674698,changed
S1,S2,120,2.2495213273346484,-0.078867687785058,32.60080547399835,4.217139440611283,changed
S2,S2,120,2.2495213293563854,-0.07886768980680062,32.600805558788984,4.217139451579538,changed
S0,S2,120,4.175091705738772,3.140506775688212,194.81771626046714,25.24395197473406,changed
S1,S2,120,3.0428342197251905,1.7094829142959684,104.2886110543731,13.513435736247459,changed
S2,S2,120,3.031886912280893,1.7094829159824414,104.06856691193556,13.484923012298944,changed
S0,S2,120,4.599756401881241,3.9562290588443756,76.57992371870745,12.221686511283057,changed
S1,S2,120,2.862059372514871,-0.8156550011857016,233.580415536859,37.27800283991853,changed
S2,S2,120,2.861951328832224,-0.815657349941231,233.45343642318522,37.25773775155801,changed
S0,S2,120,4.1206493895884355,1.3317641814512045,431.1698085673081,67.13821938927703,changed
S1,S2,120,6.3771676016093135,4.511543106533352,542.6942908315515,84.50389529875679,changed
S2,S2,120,6.343693438034443,4.511543165950585,530.4604643696763,82.59894437536786,changed
S0,S2,120,3.628947804504031,-2.438853921168456,792.708212536423,53.79808431530593,changed
S1,S2,120,11.389436296297227,-11.269244629630624,1207.2012212782186,81.92814463226192,changed
S2,S2,120,11.402802497988368,-11.269245414456957,1208.18874858414,81.99516434572955,changed
S0,S2,120,6.918907624172889,-6.704154982740374,1790.475769805043,74.59881185921267,changed
S1,S2,120,4.7980482224757095,-3.9519521185306314,1890.773917540865,78.7776579396524,changed
S2,S2,120,4.798048225844884,-3.951952121900202,1890.7739176194882,78.77765794292817,changed
S0,S2,120,6.9116969094772935,-4.309575166401248,1173.9227537223603,61.8738523921724,changed
S1,S2,120,7.592542672469603,3.2451294607434287,1153.2617057718267,60.78487219555782,changed
S2,S2,120,7.592542671795688,3.2451294614173425,1153.2617057428913,60.78487219403272,changed
S0,S2,120,6.913862371783556,6.035819462060112,317.99437624245525,40.25669426760389,changed
S1,S2,120,7.4837918565314725,7.4574599589033195,356.13718227096655,45.08540633145357,changed
S2,S2,120,7.483791852925969,7.457459962946805,356.13718218377403,45.08540632041539,changed
S0,S2,120,7.186053680451225,7.059126912713319,671.0923862108624,115.64927864879976,changed
S1,S2,120,1.7836001442932579,0.7347159903423278,389.8567703124517,67.18397524602413,changed
S2,S2,120,1.7834669580659182,0.7430632341696572,382.9601507998042,65.9954815480755,changed
S0,S2,120,4.159700930946952,3.757602065115963,311.28588368854406,53.698215646026526,changed
S1,S2,120,2.2282328133819687,-0.9093664600970028,162.85317993516873,28.092906337987213,changed
S2,S2,120,2.2527737143308566,-0.9087936043233306,166.25953596297313,28.680518080546022,changed
S0,S2,120,3.9292018087789717,2.9647260711195993,181.27686036443063,29.229551436686364,changed
S1,S2,120,2.301560757906486,0.19371400142212,191.1589949085245,30.82297245788099,changed
S2,S2,120,2.3006550840366504,0.1937140004112488,191.2733526522803,30.841411797279154,changed
S0,S2,120,4.175937086960633,3.2395816884107274,172.5519561897872,21.107771523397425,changed
S1,S2,120,6.757044773127646,-6.753504125138452,283.6752232701465,34.70115281132582,changed
S2,S2,120,6.757044773085527,-6.753504125096333,283.6752232709025,34.701152811418304,changed
S0,S2,120,3.614204213780886,3.18994544376112,310.57379518553887,32.82342683334116,changed
S1,S2,120,2.4613877222922724,-1.8643726362893536,301.7341166645865,31.889193019476078,changed
S2,S2,120,2.4613877202705416,-1.8643726342676108,301.73411661705927,31.889193014453095,changed
S0,S2,120,3.2285857868496404,2.9701389390371586,504.28819325588955,49.80081598331753,changed
S1,S2,120,4.305435208362396,-4.170915468337954,506.67999961868514,50.03701804026489,changed
S2,S2,120,4.305435209541746,-4.170915469517305,506.67999964640046,50.03701804300191,changed
S0,S2,120,3.7015586813338115,3.102372772795391,467.73903954332656,52.501389804024676,changed
S1,S2,120,4.531163351711869,4.479172755465929,494.88936617815955,55.54887945413741,changed
S2,S2,120,4.529927160264648,4.479172773002722,493.5570332633888,55.399331685417046,changed
S0,S2,120,3.529049466843953,2.8041974932790215,214.0209876828904,23.54138756403596,changed
S1,S2,120,5.773024569418598,-5.666650038103547,276.2291172726549,30.384014094085813,changed
S2,S2,120,5.781855555107248,-5.666650037345423,276.2878120100696,30.39047026259718,changed
S0,S2,120,4.300976247227545,4.094070345424702,184.16759001490612,19.52150762259995,changed
S1,S2,120,2.562150542896792,2.2930727966765354,70.49284827141277,7.47214357725909,changed
S2,S2,120,2.56215054559157,2.2930727993721924,70.49284815526711,7.472143564947813,changed
S0,S2,120,4.909385248131645,4.896400265149367,341.50363700403113,36.10954258001432,changed
S1,S2,120,1.4272947451105815,0.21559606741490958,262.05026300472605,27.708387568245463,changed
S2,S2,120,1.4272947434471648,0.21559606943665216,262.05026300727303,27.708387568514773,changed
S0,S2,120,3.783081454643257,1.975801088588078,576.6599021740074,63.09468714494132,changed
S1,S2,120,2.7299440526890963,-1.447998182712044,290.32044889516607,31.76513197078867,changed
S2,S2,120,2.7497730542030796,-1.4479981757060327,296.7112864415497,32.46437929848226,changed
S0,S2,120,3.0926596263006583,-2.207984818978662,984.5921928714,75.18971448626853,changed
S1,S2,120,8.237635998057646,-8.023298485341929,1104.498413419999,84.34651519365973,changed
S2,S2,120,8.282491870241879,-8.023389975006294,1107.9136837096587,84.6073269285406,changed
S0,S2,120,3.337712316394145,-2.633106030211367,668.5405229348921,38.45152323914191,changed
S1,S2,120,0.884373391073959,0.4143558525819974,419.9091575484226,24.151335896469092,changed
S2,S2,120,0.8843733940600439,0.4143558495493835,419.9091576815914,24.151335904128373,changed
S0,S2,120,2.4249005518545923,-1.2130740028458615,1818.9116003279798,119.66898788645227,changed
S1,S2,120,2.3020063077407014,1.5379638344430184,2056.318006445226,135.28831998191424,changed
S2,S2,120,2.302006308077658,1.537963834106061,2056.3180064508565,135.2883199822847,changed
S0,S2,120,2.0280309488195063,0.01011254861061867,246.69200031602284,20.4766149333651,changed
S1,S2,120,2.6120558282469877,0.3559352451803989,256.3308220354658,21.27668319868197,changed
S2,S2,120,2.612055827911407,0.35593524383257047,256.3308220365874,21.276683198775064,changed
S0,S2,120,2.1802249050712197,0.21381078970573542,1017.0966514103665,89.05483868103678,changed
S1,S2,120,3.2228531873349486,2.823376220002449,1089.0534306050388,95.35522257700447,changed
S2,S2,120,3.2228531871671895,2.823376220676363,1089.0534306058644,95.35522257707676,changed
S0,S2,120,2.490848545582133,1.1865287554018897,809.3303946958137,81.00006675259762,changed
S1,S2,120,2.360043101852177,1.306663101851929,731.7640890257626,73.23701228410957,changed
S2,S2,120,2.360043101852177,1.306663101851929,731.7640890257626,73.23701228410957,changed
S0,S2,120,2.597259095045059,2.219806883985736,158.40821537207128,31.381399532695028,changed
S1,S2,120,3.2980266491529515,3.166863856116379,91.53485362362136,18.13347752187393,changed
S2,S2,120,3.392852252088718,3.2689718900610467,107.85460888730215,21.366496459701466,changed
S0,S2,120,2.303671976373722,0.5774878067793516,137.3321939048314,13.757590640727015,changed
S1,S2,120,3.4315369825910613,0.5726882296414995,57.948323036272335,5.805115930807242,changed
S2,S2,120,3.4315369817518544,0.5726882330110707,57.94832300744415,5.805115927919307,changed
S0,S2,120,3.3229861437553496,0.6050169886529417,335.18130657637624,28.181830897739616,changed
S1,S2,120,3.9675756361837373,0.5405119636933127,389.9637548034433,32.78790427297895,changed
S2,S2,120,3.967575638399472,0.5405119606606987,389.96375471321517,32.787904265392626,changed
S0,S2,120,3.5690042866672615,1.9610954637518938,257.75705166443294,28.46312284618287,changed
S1,S2,120,10.388124079623985,10.186323191845043,595.9882563670764,65.81269783432734,changed
S2,S2,120,10.388124081614084,10.1863231898233,595.98825633336,65.81269783060417,changed
S0,S2,120,3.9901918103844043,-1.458439240235205,1040.9669956509147,82.2139274469639,changed
S1,S2,120,5.67183803775343,-4.098580664446775,872.7635986769741,68.92948909980825,changed
S2,S2,120,5.6718380370795165,-4.098580665120689,872.7635986550926,68.92948909808008,changed
S0,S2,120,3.7182959840674426,-2.4345913752013435,371.933523669929,27.450697953325317,changed
S1,S2,120,11.396438101851844,-11.396438101851844,1221.412603227699,90.14683085502989,changed
S2,S2,120,11.396438101851844,-11.396438101851844,1221.412603227699,90.14683085502989,changed
S0,S2,120,2.835913476374155,1.780129538322016,97.8647853475432,15.841391247135153,changed
S1,S2,120,12.005625689063685,11.975698189063666,440.6379521427717,71.32614835296624,changed
S2,S2,120,11.97569820137493,11.97569820137493,453.2072576499335,73.3607442041359,changed
S0,S2,120,3.339061804025467,3.1696444012637772,441.90566151397013,91.46305620553048,changed
S1,S2,120,2.3760503708903027,2.268127307704881,319.0306915318553,66.03111164246732,changed
S2,S2,120,2.316520275938554,2.277074647402268,321.66828679853114,66.57702572579659,changed
S0,S2,120,2.8032395870382185,2.405205490537974,193.78984104827055,28.533708540873278,changed
S1,S2,120,2.6456601869770084,-1.2508291809421315,303.20224578432135,44.643643151516265,changed
S2,S2,120,2.6205648094511624,-1.2508291821213398,304.00789116005075,44.76226676054559,changed
S0,S2,120,1.8356428787272785,-0.8080678780284508,352.42711430866444,35.37119056762615,changed
S1,S2,120,2.0386825462965272,0.9596306018519408,452.43514540646953,45.408452125076586,changed
S2,S2,120,2.068443824605321,1.0033798325686116,455.29953646040303,45.69593545912037,changed
S0,S2,120,1.9903795913233082,1.0075840266987515,327.0149890822753,48.08481216983121,changed
S1,S2,120,4.394641518125571,4.372971330397286,619.7632189183527,91.13098471446868,changed
S2,S2,120,4.378651689156644,4.372971316362255,621.4428141793662,91.37795511443055,changed
S0,S2,120,2.7148099846846803,1.8951541996418786,300.6332859570429,31.426024361030787,changed
S1,S2,120,8.098328472222118,-8.098328472222118,771.6902101379258,80.66690042575205,changed
S2,S2,120,8.098328472222118,-8.098328472222118,771.6902101379258,80.66690042575205,changed
S0,S2,120,3.3738439524400006,2.9120474189704555,254.78117158719212,24.090147764188792,changed
S1,S2,120,1.9684634722220984,-0.7153511574074697,171.1691156562949,16.184434913843347,changed
S2,S2,120,1.9684634722220984,-0.7153511574074697,171.1691156562949,16.184434913843347,changed
S0,S2,120,3.905140391803169,3.7057548427225186,398.11812483318147,40.77965437663124,changed
S1,S2,120,2.735852073172017,-2.0562405417076524,338.11055717778186,34.63301669216288,changed
S2,S2,120,2.740871791935432,-2.0506933157390357,338.62497616347815,34.68570916490639,changed
S0,S2,120,4.5394768989820165,4.35100049620045,699.7148337221107,78.91297077782666,changed
S1,S2,120,2.0646932197005694,1.9490390693327209,648.8958071872196,73.18166401879611,changed
S2,S2,120,2.0645870193592244,1.9490390727022984,647.6719780246865,73.04364208430846,changed
S0,S2,120,3.9316821440333753,3.688704039206607,470.99865347241877,52.93398459219532,changed
S1,S2,120,6.786792043474231,-6.70724722937473,514.8995945945613,57.86786651268462,changed
S2,S2,120,6.786792043411051,-6.70724722931155,514.8995945932196,57.86786651253382,changed
S0,S2,120,2.397984115425372,1.6221277820885536,179.2411349821437,18.577398785430894,changed
S1,S2,120,3.5106707641486015,-2.018472230371589,134.61579392848265,13.952217424175227,changed
S2,S2,120,3.5106707644848387,-2.018472230708546,134.61579394306779,13.9522174256869,changed
S0,S2,120,2.209004265587746,1.4371536476694495,737.9151824712943,60.14259608581318,changed
S1,S2,120,9.412776730649238,-9.412776730649238,737.9200486633306,60.14299269700789,changed
S2,S2,120,9.412776730901957,-9.412776730901957,737.9200486551393,60.142992696340286,changed
S0,S2,120,2.8358642853790332,1.6486910383643603,255.68880213552427,19.643896259228182,changed
S1,S2,120,2.1124420543188145,-0.5987160703642919,210.5922417200347,16.17924646990988,changed
S2,S2,120,2.112442052634029,-0.5987160686795064,210.5922417223944,16.17924647009117,changed
S0,S2,120,3.3937366189351916,0.11995536325526063,157.92804715890182,12.59463627278101,changed
S1,S2,120,6.5390445446366225,-6.5390445446366225,290.6562834295142,23.179607650753734,changed
S2,S2,120,6.538500796490806,-6.538500796490806,292.5100485509475,23.327443946203704,changed
S0,S2,120,2.9687116200491723,0.5273049492201911,907.7797250993589,77.51045462924615,changed
S1,S2,120,3.931928062579222,-3.852109103985558,590.980062094378,50.46062610039197,changed
S2,S2,120,3.931928061062913,-3.8521091024692504,588.2936643898621,50.2312489710788,changed
S0,S2,120,2.3819344885154563,2.0021324640349745,111.17736283524357,11.965920569825432,changed
S1,S2,120,2.5943731340450786,-0.9641331916691984,83.55571580018912,8.993027293709332,changed
S2,S2,120,2.5943731348874715,-0.9641331925115911,83.55571582512249,8.993027296392889,changed
S0,S2,120,3.086070938718126,2.7251500835390416,411.05775342588294,53.87319520799627,changed
S1,S2,120,2.9188468448585394,-0.7259354438897425,331.47737149655904,43.4433969261877,changed
S2,S2,120,2.9188468446902056,-0.725935444058221,331.4773714892851,43.443396925234374,changed
S0,S2,120,3.77463102571656,0.07130231314368597,1029.4456070199528,86.3733321785134,changed
S1,S2,120,4.893667229851781,-1.8139196870827285,904.4091163991757,75.88242497061597,changed
S2,S2,120,4.89876329883449,-1.8139196857346576,906.589509018311,76.0653659387331,changed
S0,S2,120,4.650666179498219,-3.9927207939882963,1256.589431096632,70.66058702736349,changed
S1,S2,120,6.677763787743359,-5.524926530149042,1157.5118910639014,65.0892548430476,changed
S2,S2,120,6.682856052263206,-5.525163871649315,1158.6272391224024,65.15197313957563,changed
S0,S2,120,7.285233305644849,-6.713117843175714,886.6619521009367,39.34759151007207,changed
S1,S2,120,4.508138714284217,-2.300403184045659,535.3418428912855,23.756982131040548,changed
S2,S2,120,4.508138716423898,-2.300403175958688,535.3418431046547,23.75698214050928,changed
S0,S2,120,8.32811035134402,-7.980407328580587,1108.0477150367115,45.57802762832795,changed
S1,S2,120,3.0308953953385975,0.796917848872485,563.9490991832666,23.19727505840665,changed
S2,S2,120,3.030895400055997,0.7969178441550856,563.9490992621368,23.197275061650863,changed
S0,S2,120,7.369538316281625,-6.715185962777883,1306.815051612536,58.85755156233419,changed
S1,S2,120,5.225912342557022,-3.386804607781406,1190.288360964252,53.60931410535313,changed
S2,S2,120,5.225912341561972,-3.386804608792277,1190.2883609975145,53.60931410685124,changed
S0,S2,120,5.577252139430877,-3.7518221403868,507.64520817867714,28.475652885101,changed
S1,S2,120,7.122309667426603,6.948121366690669,725.682132262121,40.70613131039909,changed
S2,S2,120,7.122309674165745,6.948121373429811,725.6821325301914,40.706131325436125,changed
S0,S2,120,6.207441863169209,-4.879221079022204,963.031001727032,51.39668820501416,changed
S1,S2,120,6.851234211923148,5.754256571474201,1426.368105059206,76.1248564478556,changed
S2,S2,120,6.851234209901406,5.754256569452457,1426.3681049832562,76.12485644380219,changed
S0,S2,120,5.697080453583185,-4.557833640268422,464.72773997004595,25.534681136681698,changed
S1,S2,120,6.708782731481751,-1.2976863425927827,160.87674451172134,8.83944731527967,changed
S2,S2,120,6.708782731481751,-1.2976863425927827,160.87674451172134,8.83944731527967,changed
S0,S3a,30,3.1308706740936674,1.8296034800513743,34.45938946549304,15.699815802742844,changed
S1,S3a,30,2.0073790867911985,-0.8748087927142847,40.53264406325596,18.46681138760425,changed
S2,S3a,30,1.6616942962211512,-0.8478738970876328,39.95704095593309,18.204564641488655,changed
S0,S3a,30,3.033688145360898,-0.571667479145159,126.25133347989869,37.49934797151179,changed
S1,S3a,30,3.616845669999848,-3.616845669999848,138.89403943044513,41.25450220769677,changed
S2,S3a,30,3.616845665954444,-3.616845665954444,138.89403938623943,41.25450219456672,changed
S0,S3a,30,5.384371548693016,4.9522486487058295,160.0512225476987,45.26454752888958,changed
S1,S3a,30,1.3357325339837394,1.084733955382384,41.20466454662451,11.65320993550545,changed
S2,S3a,30,1.33573254767258,1.0847339692884685,41.204664673683766,11.653209971439443,changed
S0,S3a,30,2.0800728000384363,-0.11439568258805544,9.482585160556953,2.0851001045431015,steady
S1,S3a,30,2.9772242592586773,-2.9772242592586773,85.14659618405648,18.722655647042746,steady
S2,S3a,30,2.9772242592586773,-2.9772242592586773,85.14659618405648,18.722655647042746,steady
S0,S3a,30,3.5869093357586954,-2.3339101967894478,61.376906840821064,15.700167043114302,steady
S1,S3a,30,0.5947258729837203,-0.5815244118465348,27.937949303256644,7.146506617558319,steady
S2,S3a,30,0.5947258679522066,-0.5815244064526609,27.937949266705147,7.146506608208472,steady
S0,S3a,30,3.052453527461449,-1.5795496609923192,42.63429607527938,16.05440841343014,changed
S1,S3a,30,5.476501474316486,-5.476501474316486,146.32133465534582,55.098891793763876,changed
S2,S3a,30,5.476911764967341,-5.476911764967341,146.79602805798265,55.27764276325652,changed
S0,S3a,30,1.9900503521730748,-1.2645735221959973,29.590998857879764,10.580945465979822,changed
S1,S3a,30,2.657509591482454,-1.3245017374101986,37.97271061611731,13.57802019980068,changed
S2,S3a,30,2.6575095955187673,-1.324501741455603,37.97271064989658,13.578020211879236,changed
S0,S3a,30,1.0193196112731808,0.0137149708999795,4.015472404778412,4.048855406212766,changed
S1,S3a,30,6.582252827410516,6.229372619076486,183.59148337767095,185.1177881645346,changed
S2,S3a,30,6.229215708491165,6.229215708491165,183.5929353905341,185.11925224884106,changed
S0,S3a,30,3.9108866779623073,-3.52253168470158,87.8139133965816,23.17294419150735,changed
S1,S3a,30,7.745348134626374,-7.745348134626374,214.13831794427097,56.508303741978736,changed
S2,S3a,30,7.745348128558267,-7.745348128558267,214.13831788205212,56.50830372556,changed
S0,S3a,30,5.5820721535222475,-3.8027438570240975,113.37052848752838,28.975050719420317,steady
S1,S3a,30,0.3051791829670413,-0.21882443334388563,16.52314076562519,4.222956778231641,steady
S2,S3a,30,0.3051791959464315,-0.2188244468285698,16.523140812873315,4.222956790307238,steady
S0,S3a,30,1.3814167579491863,-0.8694148879034677,27.917939842124984,5.485231372912864,steady
S1,S3a,30,3.006948509894335,-3.006948509894335,89.05386164100833,17.497030171805093,steady
S2,S3a,30,3.0069484959882504,-3.0069484959882504,89.05386147582333,17.49703013935005,steady
S0,S3a,30,2.365556445050568,-2.2458468114698444,59.2081666947001,14.337917970450507,changed
S1,S3a,30,3.1297046283281156,-2.1871305135077233,86.27725486924534,20.89299959935463,changed
S2,S3a,30,3.1297046192879248,-2.187130503394208,86.2772549146894,20.892999610359418,changed
S0,S3a,30,6.385097080297763,-6.385097080297763,230.5412525480317,38.48938995343567,changed
S1,S3a,30,1.4485229130273503,1.357573126649066,179.28107734538546,29.9313863395487,changed
S2,S3a,30,1.448522917723678,1.3575731077705087,179.28107728080434,29.931386328766735,changed
S0,S3a,30,4.061839343351081,3.00010889403233,64.52942459811874,29.359967244816236,changed
S1,S3a,30,13.602802625190446,13.602802625190446,312.4738813824347,142.17115648225285,changed
S2,S3a,30,13.602802630584323,13.602802630584323,312.4738814202268,142.17115649944773,changed
S0,S3a,30,5.312936664162754,-5.312936664162754,216.711765310526,29.574990707388476,changed
S1,S3a,30,7.0245634575722224,-7.0245634575722224,259.04290257998053,35.35198666136171,changed
S2,S3a,30,7.02456343734519,-7.02456343734519,259.04290235022876,35.35198663000712,changed
S0,S3a,30,2.14785205671158,-1.1705967205857513,107.36523241928255,21.297702121838693,changed
S1,S3a,30,6.52774304249217,6.51976812595195,218.99628730044898,43.44160197501611,changed
S2,S3a,30,6.527743035783289,6.519768152921318,218.99628753899796,43.44160202233632,changed
S0,S3a,30,4.401880832396145,-4.401880832396145,133.96312818336037,19.911158998586004,steady
S1,S3a,30,1.5886027378931689,-1.5832206885446947,58.15639877286107,8.643880733858824,steady
S2,S3a,30,1.5886027657053208,-1.5832207163568635,58.15639907482468,8.643880778740169,steady
S0,S3a,30,4.396909360874692,-4.396909360874692,113.07403783212447,23.28235487089597,steady
S1,S3a,30,0.429675527115607,0.2932678755691382,32.80235068217553,6.754123084521304,steady
S2,S3a,30,0.42967551554781686,0.2932678917507585,32.80235074737616,6.7541230979463505,steady
S0,S3a,30,2.070506103638742,-1.4501534922800474,124.11025803443269,24.96182195344693,steady
S1,S3a,30,0.5864026057706989,-0.5768100436956601,120.76068656486511,24.288135443017673,steady
S2,S3a,30,0.5864025976805138,-0.5768100356048507,120.7606865645997,24.28813544296429,steady
S0,S3a,30,2.1845483843333344,0.6242601185082706,21.624758036164668,6.263176246617354,changed
S1,S3a,30,1.4649116946407597,0.8040669010968274,16.801405250582846,4.866189119862449,changed
S2,S3a,30,1.4649116840323377,0.8040668862636752,16.80140508826512,4.866189072850385,changed
S0,S3a,30,0.8992524831336122,0.6248792192449839,22.492442848759403,152.33183452346535,changed
S1,S3a,30,1.7754013459719373,1.5010280820833093,38.761927006667484,262.5181929012212,changed
S2,S3a,30,2.054175378844362,1.9318265921247886,52.3912511436518,354.8238603230362,changed
S0,S3a,30,3.175893072821643,-1.4740344671209864,92.98358960125957,26.82363826691286,steady
S1,S3a,30,1.7576343300041666,-1.7576343300041666,96.23390916732417,27.7612810990068,steady
S2,S3a,30,1.7576343340495721,-1.7576343340495721,96.23390919635823,27.761281107382462,steady
S0,S3a,30,4.969928713209786,4.969928713209786,145.20814455158632,43.72497578364212,changed
S1,S3a,30,0.9114748645341831,0.1176070760089144,8.136199518125853,2.449966756338167,changed
S2,S3a,30,0.9114748746247925,0.11760706589539849,8.13619946733302,2.4499667410434642,changed
S0,S3a,30,4.434542211456333,3.5624880356951754,110.1665554703177,38.21187314550017,changed
S1,S3a,30,1.1602933770303514,0.9356976036926008,34.78190422119633,12.064293979105,changed
S2,S3a,30,1.160293380384871,0.9356975902079167,34.781904084980255,12.06429393185771,changed
S0,S3a,30,5.1230771540143305,4.266684047995032,147.90384466973762,53.29809923321319,changed
S1,S3a,30,1.5672423439904426,-1.5672423439904426,67.03635568490243,24.1569808107764,changed
S2,S3a,30,1.5672423503113904,-1.5672423503113904,67.03635574076547,24.156980830907006,changed
S0,S3a,30,4.225356536898802,2.0325118234631496,203.56072283725499,70.08896389667859,changed
S1,S3a,30,3.5469780534726336,-3.316248862964622,174.2198939032306,59.986483068392346,changed
S2,S3a,30,3.5469780512133484,-3.316248866125095,174.2198939255248,59.986483076068566,changed
S0,S3a,30,2.850464545574678,1.9190249696337622,40.13097755575769,38.78053561153477,changed
S1,S3a,30,3.6826636456742694,3.501965548388673,74.5922174846499,72.08212514852595,changed
S2,S3a,30,3.6824286031180367,3.5025821048858234,77.3543470108219,74.75130663817588,changed
S0,S3a,30,4.146336015872855,4.097817497353672,106.85641639813701,46.35451186700076,changed
S1,S3a,30,3.1647820166904648,0.4979335897256591,8.070819113674462,3.501136319107946,changed
S2,S3a,30,3.1507841390161477,0.5324542251775312,13.403036739503413,5.814262227176749,changed
S0,S3a,30,3.516719926844469,3.023760362176199,83.01862510516703,32.67642762620381,changed
S1,S3a,30,1.4584075760623612,-1.4502594253705474,50.3729905508642,19.826989160150713,changed
S2,S3a,30,1.4584075767365943,-1.4502594260447814,50.3729905583881,19.826989163112145,changed
S0,S3a,30,1.986913863643667,1.685968909874282,21.656338158845344,15.28387703751202,steady
S1,S3a,30,2.52418828963505,2.52418828963505,16.938752020686188,11.954458835753574,steady
S2,S3a,30,2.524188297725861,2.524188297725861,16.93875195189404,11.954458787203782,steady
S0,S3a,30,4.146883456083295,3.225767679562578,21.490136381772867,14.34209941691402,changed
S1,S3a,30,3.250547880902956,2.3628048253473937,27.974045854957193,18.66933460158941,changed
S2,S3a,30,2.9168118623500234,2.3643231852352393,27.972927616010146,18.668588310646182,changed
S0,S3a,30,3.1563249521800585,1.6842762816246586,55.150726948997686,22.535719325873618,changed
S1,S3a,30,4.5542265903719406,-4.531640651731442,126.53966057396337,51.70670328467865,changed
S2,S3a,30,4.554286182752814,-4.531700248322096,126.53445805433546,51.704577428346234,changed
S0,S3a,30,1.7861367405461195,0.6577238871388,35.61259594118861,22.417804477374176,steady
S1,S3a,30,1.0463260738535447,-0.25272692240054895,22.419878916026715,14.113109383430015,steady
S2,S3a,30,0.8837717115863983,-0.2523269717791021,24.11831553521789,15.182259751157163,steady
S0,S3a,30,4.604266316971149,3.6834699197580356,117.23861580910767,55.541887396818275,changed
S1,S3a,30,3.66705378368055,-3.1803971650013376,94.99987453010935,45.00626604509345,changed
S2,S3a,30,3.667053785576611,-3.1803971668976216,94.99987455282276,45.00626605585394,changed
S0,S3a,30,3.5968136487372937,2.1189932657983173,45.13786989484093,13.82629883545343,changed
S1,S3a,30,1.0731229629624768,0.9033811111111087,25.392016187762202,7.777894806834867,changed
S2,S3a,30,1.0731229629624768,0.9033811111111087,25.392016187762202,7.777894806834867,changed
S0,S3a,60,3.021624395191689,1.7396491802052734,110.66273116863583,23.886449681281356,changed
S1,S3a,60,2.1536089047841007,-0.8846760181153596,78.16663409881882,16.872196740845933,changed
S2,S3a,60,1.9711886650661297,-0.8846760096722291,78.23888987241801,16.88779308373421,changed
S0,S3a,60,3.2776394425097526,0.4173635440667004,399.9432590316748,57.27677861575148,changed
S1,S3a,60,3.660663910739678,-3.660663910739678,380.23219478136497,54.45391252699853,changed
S2,S3a,60,3.660663908716974,-3.660663908716974,380.2321947365991,54.453912520587515,changed
S0,S3a,60,4.454115224315723,4.21207383507516,270.0626810359048,53.25192925764225,changed
S1,S3a,60,2.364153386334901,2.0007427484220934,128.81852404039674,25.400899165187067,changed
S2,S3a,60,2.3560362733743854,2.000851587871532,129.15675240429044,25.46759224857759,changed
S0,S3a,60,1.9309154937222819,0.1719177097514434,7.195230976076043,1.013808496569405,changed
S1,S3a,60,3.9683831481494694,0.25836148148279897,6.686202966824802,0.9420864180862273,changed
S2,S3a,60,4.031774148276689,0.3314445186469103,9.959662484121086,1.4033170697283244,changed
S0,S3a,60,2.3811922281188225,-0.9738637908512312,61.030732237584864,10.677752741522806,changed
S1,S3a,60,2.578755205529961,1.8072817196096305,95.81220991848008,16.76301511746198,changed
S2,S3a,60,2.4464992581949114,1.8220407774867595,96.63219172306749,16.906476659556013,changed
S0,S3a,60,2.50096562760656,-1.2909728624833803,74.21102069471866,12.261923534643604,changed
S1,S3a,60,6.304808147340229,-6.304808147340229,359.69256390334374,59.4321796584128,changed
S2,S3a,60,6.305013779245721,-6.305013779245721,360.18864165694276,59.51414683020109,changed
S0,S3a,60,2.7557175570044503,-1.1882005888877543,181.55030145575026,28.27301091833455,changed
S1,S3a,60,2.935662516298196,-2.269158589262068,195.0619821872654,30.377198538977453,changed
S2,S3a,60,2.9356625183163536,-2.269158591284772,195.06198220830888,30.37719854225458,changed
S0,S3a,60,0.8163047213639767,0.0070043598561573776,4.086137937725778,3.0370170104531935,changed
S1,S3a,60,5.776963785522889,5.587709305235711,332.51087029042884,247.13829650955822,changed
S2,S3a,60,5.591146497631372,5.591146497631372,333.12288759062454,247.59317761727243,changed
S0,S3a,60,4.629568630052612,-4.1271085679239,257.35772364028236,32.144252336007035,changed
S1,S3a,60,8.0590763753669,-8.0590763753669,476.32739504873433,59.493796278678595,changed
S2,S3a,60,8.059076372332845,-8.059076372332845,476.32739498564,59.49379627079804,changed
S0,S3a,60,4.378427619348646,-3.104999564032555,184.45799662674116,22.306250332440452,steady
S1,S3a,60,0.4964174817370898,-0.4513947111233738,25.600463725870288,3.0958286598513225,steady
S2,S3a,60,0.4964174882267883,-0.4513947178657192,25.600463871306474,3.09582867743872,steady
S0,S3a,60,2.070605727849822,0.0903175207238637,56.06521690406834,5.714944463685194,changed
S1,S3a,60,2.801417336419722,-2.3523516740984816,147.27980997380197,15.01280082555624,changed
S2,S3a,60,2.801417329242387,-2.3523516669211464,147.27980985501088,15.012800813447406,changed
S0,S3a,60,3.3009535928123173,-3.004699472249197,134.51109120688915,14.201478876286162,changed
S1,S3a,60,4.78141920314658,-4.294929337432829,214.03158926539317,22.597133563769365,changed
S2,S3a,60,4.781419198480674,-4.294929332212949,214.0315892036332,22.597133557248842,changed
S0,S3a,60,5.856494182632798,-5.856494182632798,559.0744445782401,44.36139059388189,changed
S1,S3a,60,1.3569970440901977,1.1635878488721765,511.288238344898,40.569654841559526,changed
S2,S3a,60,1.3569970464383654,1.1635878394328933,511.2882383290664,40.56965484030333,changed
S0,S3a,60,4.000043883634279,1.0865898081843817,98.40116018745904,15.185907310307735,changed
S1,S3a,60,10.482697347411316,10.482697347411316,438.38443856196267,67.65433900983325,changed
S2,S3a,60,10.482697350108252,10.482697350108252,438.3844385840573,67.65433901324303,changed
S0,S3a,60,6.6313894087287455,-6.6313894087287455,515.8718505055593,34.34967783407792,changed
S1,S3a,60,7.659988603182304,-7.659988603182304,561.8804424449586,37.41319120308446,changed
S2,S3a,60,7.659988592742542,-7.659988592742542,561.8804422229118,37.41319118829932,changed
S0,S3a,60,2.22339449781825,-1.6134069377757332,262.2295621821193,24.63105055368336,changed
S1,S3a,60,6.184190861997459,6.180203403727348,453.014915389767,42.55139348014664,changed
S2,S3a,60,6.184190858643024,6.18020341721204,453.0149156278764,42.551393502512106,changed
S0,S3a,60,3.551547117060613,-3.180367197639332,276.6745216659232,22.71053330444046,changed
S1,S3a,60,2.132744919545083,0.4956747639642498,222.73531421242362,18.282990934756835,changed
S2,S3a,60,2.1327449338997395,0.4956747496095795,222.73531420824574,18.2829909344139,changed
S0,S3a,60,3.262922028934911,-2.360460675018433,216.89988205536665,22.133328637687246,changed
S1,S3a,60,0.8175528124534139,0.7493489866801795,139.67808147659102,14.253308261430435,changed
S2,S3a,60,0.8175528066695229,0.7493489947709937,139.67808145650125,14.253308259380393,changed
S0,S3a,60,1.9033731086047538,-1.4688384376550383,230.653106010674,24.59869722587177,changed
S1,S3a,60,1.691617607850967,1.0688725488968838,242.910848612018,25.905961212636274,changed
S2,S3a,60,1.691617603805873,1.0688725529422904,242.9108486396971,25.9059612155882,changed
S0,S3a,60,2.3203266471819504,-0.42221062476988996,80.60160419721241,11.923692060863623,changed
S1,S3a,60,1.8403010291557462,1.4943503270248426,122.432337647235,18.111866468878528,changed
S2,S3a,60,1.8403010238515363,1.4943503196082628,122.43233763876474,18.11186646762549,changed
S0,S3a,60,0.5176096842903744,0.3613293975521844,24.20518940981217,153.23532341950533,changed
S1,S3a,60,1.2855462966309008,1.1292660098927105,58.705577728887306,371.646263018636,changed
S2,S3a,60,1.4183127485187097,1.3440362445524745,71.84943759141957,454.85584187858575,changed
S0,S3a,60,2.918793841922702,-0.05205590558145078,127.86448056125722,19.61735497437897,changed
S1,S3a,60,1.7785066905948717,-0.6687992374116907,137.74705891470006,21.133570007440653,changed
S2,S3a,60,1.7785066926175752,-0.6687992394343941,137.74705893125582,21.133570009980687,changed
S0,S3a,60,4.599168046427781,4.599168046427781,281.2246799730245,42.387748138513224,changed
S1,S3a,60,0.6590524291982023,0.09941078904702577,51.03565472982083,7.6923777777230375,changed
S2,S3a,60,0.6590524344062575,0.09941078382714556,51.035654684506866,7.692377770893065,changed
S0,S3a,60,4.88807772330556,3.906934266523614,239.59156308569416,39.018658109930676,changed
S1,S3a,60,1.251065236048086,0.7732194555469102,108.46774476262303,17.66450284951923,changed
S2,S3a,60,1.2510652377253493,0.7732194488045648,108.46774471475281,17.66450284172333,changed
S0,S3a,60,5.703504358402709,5.2614950133604905,98.81301980338357,20.122166814579707,changed
S1,S3a,60,1.7372979240784314,-0.5091677304134673,91.40431469837735,18.613466844681017,changed
S2,S3a,60,1.7372979273408562,-0.5091677336758924,91.40431476039623,18.613466857310467,changed
S0,S3a,60,4.137053381826829,2.8815805224609274,214.55267845090643,45.15527932260646,changed
S1,S3a,60,2.7145825764933327,-1.7610681842016218,212.3069798875791,44.68264413280796,changed
S2,S3a,60,2.714582575327251,-1.7610681858328343,212.3069799112478,44.68264413778933,changed
S0,S3a,60,3.098209762144551,1.8200049021772637,54.84699226078373,17.849683749382766,changed
S1,S3a,60,2.8971855456140294,2.308955647339374,116.72827990886967,37.988644319380974,changed
S2,S3a,60,2.897143473740177,2.3089556405255776,119.42077517747097,38.864903655767705,changed
S0,S3a,60,3.8359627152884936,3.5971394541125803,327.29987623554496,59.932468629081164,changed
S1,S3a,60,2.7537876622983135,-0.37950853735924006,177.3792497440924,32.480233243617896,changed
S2,S3a,60,2.742648362899293,-0.3795085300470199,183.12050814964047,33.531525389644656,changed
S0,S3a,60,3.472902238503762,3.226422456169627,101.10972567900806,21.064496739418853,changed
S1,S3a,60,1.530578787394903,-0.7037956290755576,111.67198705059576,23.264964782711065,changed
S2,S3a,60,1.5305787877320196,-0.7037956294126748,111.67198705767613,23.26496478418614,changed
S0,S3a,60,2.919425044513785,2.5672921061637557,74.90849021236686,24.394428266042908,changed
S1,S3a,60,2.3450950946693903,2.3204469007468598,46.50473652740594,15.144564468364347,changed
S2,S3a,60,2.345095098714798,2.3204469047922673,46.50473654084772,15.14456447274175,changed
S0,S3a,60,4.120125587425001,2.9284773381107487,133.0448686126193,35.38272349270653,changed
S1,S3a,60,2.8638757879930865,1.1978347313390023,125.4684672876224,33.367811411184036,changed
S2,S3a,60,2.6906536520939834,1.1978409600640252,123.71024511240337,32.9002196151738,changed
S0,S3a,60,3.4353247344788493,2.6617114557103307,82.76575957420229,18.467772284987202,changed
S1,S3a,60,3.726046963922388,-3.4653332411459012,102.45936823899791,22.862066280018198,changed
S2,S3a,60,3.72607797346958,-3.4653643787529567,102.53555449122989,22.879065947087106,changed
S0,S3a,60,1.95610812462575,0.5966844501438481,12.11506602192112,3.9957979319353494,changed
S1,S3a,60,1.3617816806621692,0.017112078149510535,8.592483442818933,2.8339777520717306,changed
S2,S3a,60,1.2158970444473727,0.017116389468606413,3.9532967113794677,1.3038785587362394,changed
S0,S3a,60,3.7841596835429945,3.144738626949351,160.04895531038102,27.188863558258138,changed
S1,S3a,60,6.142074595430436,-5.890896985789552,295.65513786422275,50.225427514346045,changed
S2,S3a,60,6.142074596409048,-5.890896986768279,295.65513787624934,50.225427516389104,changed
S0,S3a,60,2.2818039714201985,0.6788334645496542,41.45170251891613,7.689214006315007,changed
S1,S3a,60,3.417788440859938,3.335655286738308,35.73193673702909,6.628208052630547,changed
S2,S3a,60,3.417788440859938,3.335655286738308,35.73193673702909,6.628208052630547,changed
S0,S3a,120,3.149631918850721,1.078506362135987,389.4049256740347,33.006655214293104,changed
S1,S3a,120,3.4171363982251464,-2.7826699548907756,440.9526266748717,37.375930181935225,changed
S2,S3a,120,3.3259262817456503,-2.7826699540487,441.00916524429664,37.380722491801585,changed
S0,S3a,120,3.9834336322179067,2.3849427775646865,838.0968178874151,69.68316770123636,changed
S1,S3a,120,3.502118781905897,-2.568775660461306,655.3885774399201,54.491976555094936,changed
S2,S3a,120,3.506783879966831,-2.5686781173140774,654.579397108591,54.42469763513592,changed
S0,S3a,120,3.1121998141719565,2.176284797162051,217.10743212752575,17.81952024399456,changed
S1,S3a,120,3.43774468588851,1.096694938190057,103.05778093138764,8.458670417737338,changed
S2,S3a,120,3.5086741178695275,1.1774472523481325,114.10050716431324,9.365023930043282,changed
S0,S3a,120,1.8444110885036942,-0.36746047976526913,83.10306647834858,7.803075679456611,changed
S1,S3a,120,4.846037453704174,2.5848620833326756,272.43845178729794,25.580979708421967,changed
S2,S3a,120,4.8385035680653825,2.5848620842173236,272.43625913673117,25.58077382650887,changed
S0,S3a,120,2.441078927862691,-1.1324183266673056,156.20140080234287,13.20380569243066,changed
S1,S3a,120,2.8383716956806517,2.202736804572404,317.9702608905976,26.878232328297806,changed
S2,S3a,120,2.596226421324653,2.2027368059212646,318.8103357615694,26.94924440185431,changed
S0,S3a,120,2.628341592305505,-1.239586725685567,257.642672810873,20.274643459043933,changed
S1,S3a,120,6.6269835208890395,-6.6269835208890395,753.473247433268,59.29297845334574,changed
S2,S3a,120,6.6270863368419075,-6.6270863368419075,753.7217046633544,59.31253026787966,changed
S0,S3a,120,1.6823397027727287,-0.5676126123697298,267.1913905880304,34.25297395165089,changed
S1,S3a,120,2.8155002701482883,0.10366203218306838,261.87685658499305,33.571669833391034,changed
S2,S3a,120,2.710867479217284,0.10845692441672167,263.39854685802936,33.76674504584486,changed
S0,S3a,120,2.6014264704371914,-1.9455244822357864,221.329988937595,22.99993806849749,changed
S1,S3a,120,3.9591554819909938,1.8548222767979494,226.82580419959217,23.571046445037815,changed
S2,S3a,120,3.864293732162808,1.854773970995781,227.32036656960045,23.622439859621174,changed
S0,S3a,120,4.5039981247006295,-3.616054065978228,660.8035377938709,39.924102299639515,changed
S1,S3a,120,8.340235819810689,-8.340235819810689,1053.060200606752,63.623271928997276,changed
S2,S3a,120,8.34023581829366,-8.34023581829366,1053.0602005404824,63.623271924993425,changed
S0,S3a,120,3.2509495061293694,-1.4492860169897548,231.33354431680874,12.752864895616575,changed
S1,S3a,120,1.7045163660584146,-1.5006567944559943,297.4863189801527,16.39970911029061,changed
S2,S3a,120,1.704516369303264,-1.500656797827167,297.4863189884083,16.399709110745718,changed
S0,S3a,120,2.6977678543510644,-1.449038371674983,93.81681156529488,4.865535781749318,changed
S1,S3a,120,3.2632332595999403,-2.195175647303648,173.17408012240128,8.981169464714139,changed
S2,S3a,120,3.2632332559524424,-2.1951756436561496,173.17407995831883,8.981169456204482,changed
S0,S3a,120,4.518200195533265,-4.152904351047601,454.1838671651099,20.255087904736737,changed
S1,S3a,120,7.320863278826075,-7.073630724119088,807.7532120790012,36.02310319412084,changed
S2,S3a,120,7.320863276454877,-7.073630721466362,807.7532120307173,36.02310319196754,changed
S0,S3a,120,4.92826903313354,-2.384952187224208,437.1968740954336,22.509103771785103,changed
S1,S3a,120,6.43484753907351,6.338142941464498,478.25883357576066,24.62318088847959,changed
S2,S3a,120,6.434847540247592,6.338142936744857,478.2588333671134,24.623180877737376,changed
S0,S3a,120,5.288956009345909,-2.745639163436579,464.5027018864151,21.706301092191243,changed
S1,S3a,120,6.845121939357688,3.672752440004132,372.9333487588017,17.427247511376557,changed
S2,S3a,120,6.845121940706158,3.6727524413526007,372.9333487545768,17.42724751117913,changed
S0,S3a,120,4.501192286773513,-4.244287714062402,853.4180532718804,32.668723915185865,changed
S1,S3a,120,4.943274009606586,-4.464431120369309,872.8740383979716,33.41349630914382,changed
S2,S3a,120,4.943274004301134,-4.464431115063856,872.8740382081554,33.41349630187768,changed
S0,S3a,120,2.6665508791951598,-2.197937528156809,434.2806379875449,18.944049252844078,changed
S1,S3a,120,5.259462225455886,5.257468496320831,678.4152869115386,29.593611791422127,changed
S2,S3a,120,5.2594622237786695,5.257468503063177,678.4152871543748,29.59361180201505,changed
S0,S3a,120,3.144503105701381,-2.4981866312041987,802.6572084635557,35.9501696962823,changed
S1,S3a,120,3.016304934692393,2.184351249069347,838.8201422143072,37.56986935305547,changed
S2,S3a,120,3.016304941987383,2.1843512417743507,838.8201422048404,37.56986935263146,changed
S0,S3a,120,2.5831475687698324,-1.914649556336736,380.6915433121007,19.502480508845625,changed
S1,S3a,120,1.2947762220811763,1.1541106533476138,309.48902077726177,15.854840228121274,changed
S2,S3a,120,1.294776219189231,1.1541106573930204,309.48902079041585,15.854840228795148,changed
S0,S3a,120,2.1118498778933517,-0.9455245312124644,509.6842407047479,31.18162086116262,changed
S1,S3a,120,3.6829836431886376,3.371611113711596,722.567859524048,44.20548104643565,changed
S2,S3a,120,3.68298364116609,3.371611115734299,722.5678595408821,44.20548104746553,changed
S0,S3a,120,1.4151481669684176,-0.04112343197066356,89.7002187302172,12.752975806032357,changed
S1,S3a,120,1.6983666073680002,1.4403882933393872,200.69873737703907,28.534001123995065,changed
S2,S3a,120,1.7712939372893133,1.5619589233664917,215.01589962724609,30.569519279609352,changed
S0,S3a,120,1.5279475872731163,0.15490970493621992,322.78722357179566,75.46815811765286,changed
S1,S3a,120,1.7839420840062987,0.8773828789825538,360.8997708687083,84.37893133179209,changed
S2,S3a,120,1.905477848656558,0.9849342179318014,365.10120898845565,85.36123414054035,changed
S0,S3a,120,3.7675844715803257,2.2821595978282487,202.85795278628734,15.425559500670577,changed
S1,S3a,120,1.252960320779258,-0.5552297929670544,141.52349348203447,10.761614417699366,changed
S2,S3a,120,1.2529603217906093,-0.5552297939784061,141.5234935172793,10.761614420379424,changed
S0,S3a,120,4.55403804993444,4.202377272576547,508.63410378067357,39.341020032875946,changed
S1,S3a,120,0.9915882763801199,0.3888282651032339,158.8526850360216,12.28668431358872,changed
S2,S3a,120,0.9915882790268363,0.38882826245050794,158.85268499314213,12.286684310272149,changed
S0,S3a,120,5.325850932819585,4.635952445320993,156.3634069517486,13.990752077670619,changed
S1,S3a,120,2.142689151351511,1.9037662611009234,27.634013734785114,2.4725774566528123,changed
S2,S3a,120,2.142689152190143,1.9037662577297505,27.6340135829976,2.472577443071492,changed
S0,S3a,120,3.9536599310665097,2.9636669594237004,209.15436223758297,24.424538731854177,changed
S1,S3a,120,2.770955293475146,-0.3217746458779123,167.34932484802624,19.54264794084124,changed
S2,S3a,120,2.715520196405546,-0.32177166632625886,170.6082919928545,19.923222213369584,changed
S0,S3a,120,3.5260780292999234,2.3307649391656398,143.64686841968341,17.864894986241826,changed
S1,S3a,120,2.6833367754100266,-0.7121227659402997,170.52414505706426,21.20753468264042,changed
S2,S3a,120,2.684950164908608,-0.7121227667471729,168.87493949958784,21.002428338038722,changed
S0,S3a,120,3.4670862387165227,2.708572178144922,285.5319482365443,32.61640545319916,changed
S1,S3a,120,3.0964090740744497,0.3025569436365108,20.57338265016275,2.3501040573772065,changed
S2,S3a,120,3.09900615022399,0.3025569438535978,22.047183501848426,2.5184567984022754,changed
S0,S3a,120,3.6544324768961274,3.4117809551411034,502.5256289209556,48.14682498328475,changed
S1,S3a,120,2.0874561225553943,0.42834794539283066,425.7638819102209,40.792305758717276,changed
S2,S3a,120,2.081886469613027,0.4283479447176765,431.2430909244144,41.31726707863974,changed
S0,S3a,120,3.1961636415087735,2.896857281166691,189.81986828871115,23.79254588501434,changed
S1,S3a,120,1.8378116692082769,0.6783257598133123,150.57907554251813,18.873996681523717,changed
S2,S3a,120,1.8378116693768347,0.6783257596447538,150.57907555004422,18.87399668246706,changed
S0,S3a,120,3.315158665120637,2.9980011253205268,221.6930633301191,32.16281786891085,changed
S1,S3a,120,2.2772451404471235,1.8369157896364865,82.84231714129075,12.018609504647936,changed
S2,S3a,120,2.2772451424698277,1.8369157916591903,82.84231714134614,12.018609504655972,changed
S0,S3a,120,3.95664928860363,3.006893793107151,111.79651563933848,13.328160846941898,changed
S1,S3a,120,2.3621268607774772,0.6148357560786871,135.80112554491848,16.189943256349,changed
S2,S3a,120,2.27409277689614,0.6148357563735762,133.92467795311038,15.96623686280488,changed
S0,S3a,120,2.6317114279332827,1.8786971208300494,73.88489271496793,9.781150994514315,changed
S1,S3a,120,2.4406449380118476,-2.113214443258863,89.65882583947715,11.869361669237799,changed
S2,S3a,120,2.4406604427857754,-2.113230012062727,89.71997885082645,11.877457327440679,changed
S0,S3a,120,2.907211591611668,1.9113526287673526,203.71467789710226,22.841772310950503,changed
S1,S3a,120,3.16898575576615,-2.152151109011928,244.9027087064803,27.46003365272498,changed
S2,S3a,120,3.0948498539062754,-2.1521511106810616,238.74351486643792,26.769426059960757,changed
S0,S3a,120,2.998179834886316,1.8586037944373026,225.06255681037766,19.95686174111852,changed
S1,S3a,120,5.633772261704156,-5.506124624017806,524.1479354610522,46.47751286635434,changed
S2,S3a,120,5.633772262201484,-5.506124624515191,524.147935470634,46.477512867203984,changed
S0,S3c,30,3.884182523340185,-3.853254710974438,135.63762536049066,28.89874402697705,changed
S1,S3c,30,1.9894863820394233,-1.9894863820394233,81.47670431322719,17.35930141693194,changed
S2,S3c,30,1.9894863845666428,-1.9894863845666428,81.4767043407149,17.359301422788434,changed
S0,S3c,30,3.9521504717296825,-1.5080315090521235,55.065126321364836,16.821094540176873,changed
S1,S3c,30,6.165425864892417,-2.488265250380374,99.32520828211133,30.341503422428588,changed
S2,S3c,30,6.165425875671705,-2.4882652611631744,99.32520839696056,30.341503457512317,changed
S0,S3c,30,5.635936651046709,-5.634674727517057,147.08367136450153,29.73871606590737,changed
S1,S3c,30,5.497018312984097,0.21734456443198624,34.20446411816423,6.915770031846662,changed
S2,S3c,30,5.4970183022256744,0.2173445536491857,34.20446408975612,6.915770026102852,changed
S0,S3c,30,7.74735513887879,-7.475508821804216,221.44321187315182,44.149519622398685,changed
S1,S3c,30,4.555823225741927,-2.3926153198242104,73.81839873612104,14.717302986741764,changed
S2,S3c,30,4.555823235847505,-2.392615329933089,73.81839885269447,14.717303009983212,changed
S0,S3c,30,4.519939878287378,-4.026825175614514,93.14538113778389,47.419063056696075,changed
S1,S3c,30,3.306726651408004,-0.5905139977811955,11.866006492246992,6.040824603580686,changed
S2,S3c,30,3.3067266540877123,-0.5905140004768954,11.866006498912569,6.040824606974041,changed
S0,S3c,30,5.88604658173825,-5.88604658173825,62.954522700477504,19.5504043186921,changed
S1,S3c,30,0.9225093202922322,-0.16779154667618304,16.09029331057331,4.996809225680445,changed
S2,S3c,30,0.922509323000553,-0.16779155745898358,16.090293419467187,4.996809259497227,changed
S0,S3c,30,7.902784323984315,-7.902784323984315,218.8861637820213,48.630959998203565,changed
S1,S3c,30,3.6602708135656683,-3.575196693714984,110.77536730120865,24.61148006310789,changed
S2,S3c,30,3.6602708256959646,-3.5751967058456353,110.77536743740602,24.611480093367497,changed
S0,S3c,30,2.0323419624567918,-2.0323419624567918,62.43862981304106,31.20846385421138,changed
S1,S3c,30,4.295565043697777,4.295565043697777,79.45626267293272,39.71432283257806,changed
S2,S3c,30,4.295565035610676,4.295565035610676,79.45626266784113,39.71432283003315,changed
S0,S3c,30,1.6574968636048066,1.1229170906013664,13.946627484431179,9.666022638706915,changed
S1,S3c,30,1.6782687036956945,0.16057709760853597,24.640280271319536,17.077498283548085,changed
S2,S3c,30,1.8152310802825644,0.3035102243436493,20.55954297065495,14.249251872372902,changed
S0,S3c,30,1.5028746174607808,0.38010459563172666,65.11138061404961,33.53170270616709,changed
S1,S3c,30,4.894864306942113,-4.894864306942113,138.06299310201686,71.10104555856223,changed
S2,S3c,30,4.894864305257301,-4.894864305257301,138.06299308391436,71.10104554923963,changed
S0,S3c,30,2.0703597909237037,-1.463654288470837,62.59761104638942,26.96024448122665,steady
S1,S3c,30,0.5622922908862655,-0.3891775218474528,39.69916566282415,17.098084001596913,steady
S2,S3c,30,0.5622922918957869,-0.3891775178039025,39.699165626382126,17.098083985901653,steady
S0,S3c,30,2.1368242540948716,-1.111678110124306,30.19724713786347,20.299116839678923,changed
S1,S3c,30,2.9331127197474625,1.1598386711099915,36.1885802447207,24.326595576607797,changed
S2,S3c,30,2.6453555176733916,1.4545367835193397,40.648119319541856,27.32437561654402,changed
S0,S3c,30,2.9362179436542557,1.612144860926755,32.78200914465513,22.64764084085242,changed
S1,S3c,30,1.437248329514549,-0.34947646240911323,23.79714023526919,16.44039212818189,changed
S2,S3c,30,1.4372483300235743,-0.3494764630830384,23.797140241444,16.440392132447798,changed
S0,S3c,30,2.159235346934667,-0.5040246041065278,20.58605436234202,7.180604079394991,changed
S1,S3c,30,1.491371225548796,-1.2052429359156345,34.73744518926963,12.11673865440292,changed
S2,S3c,30,1.4913712142332156,-1.2052429237849833,34.73744506701337,12.116738611758818,changed
S0,S3c,30,4.532654370424345,-3.9749216061698167,83.16114545781777,21.485213237321815,changed
S1,S3c,30,5.637236819257755,-5.069283546960438,113.87921859852933,29.421423687941488,changed
S2,S3c,30,5.246720538503314,-5.114442662200779,119.94400915610622,30.98830107583569,changed
S0,S3c,30,15.824747384844809,-15.824747384844809,478.88791764379346,55.285234593361935,steady
S1,S3c,30,0.7055350826687452,0.7055350826687452,54.92060328639121,6.340311218617052,steady
S2,S3c,30,0.7055350649782082,0.7055350649782082,54.92060320829164,6.340311209600844,steady
S0,S3c,30,15.64022968975728,-15.64022968975728,467.2596956402273,52.087410277110834,steady
S1,S3c,30,0.5090621527777954,0.28394618055553655,14.563598795325365,1.6234658213436584,steady
S2,S3c,30,0.5090621527777954,0.28394618055553655,14.563598795325365,1.6234658213436584,steady
S0,S3c,30,16.38522760600147,-16.38522760600147,454.4778084696481,51.96006806464093,steady
S1,S3c,30,0.1779364611357046,0.024782472605186238,27.90014401340479,3.1898001507077187,steady
S2,S3c,30,0.17793647190924514,0.02478248338798655,27.900144021703536,3.1898001516565073,steady
S0,S3c,30,15.581737067296563,-15.581737067296563,468.9377281214069,52.513788714978745,steady
S1,S3c,30,0.8774419664171347,0.8774419664171347,37.02512680101925,4.146242815145467,steady
S2,S3c,30,0.8774419967437714,0.8774419967437714,37.02512703777238,4.146242841658164,steady
S0,S3c,30,16.372551641100483,-16.372551641100483,459.37920475189884,51.83673912764738,steady
S1,S3c,30,0.9688155992533651,-0.9688155992533651,49.76727912173076,5.615781990652475,steady
S2,S3c,30,0.968815591166265,-0.968815591166265,49.76727907336198,5.615781985194501,steady
S0,S3c,30,12.8560184179363,-12.8560184179363,367.77309488683153,46.434968314105575,changed
S1,S3c,30,3.266731041758775,3.2211016562692416,115.99563245369032,14.645588794958384,changed
S2,S3c,30,3.26673106488731,3.221101623920839,115.99563218110981,14.645588760542415,changed
S0,S3c,30,8.986963126540669,-8.986963126540669,243.44417543141859,40.3419605552097,changed
S1,S3c,30,1.6218470065210058,-1.1331620696381666,48.74109495321959,8.077052270960786,changed
S2,S3c,30,1.6218470013515627,-1.133162075029567,48.74109500128263,8.077052278925475,changed
S0,S3c,30,3.7956044518324963,-3.7313475682602038,104.44429326421958,23.661369842398233,changed
S1,S3c,30,3.455682222221156,3.455682222221156,100.06620123311387,22.669533414437677,changed
S2,S3c,30,3.455682222221156,3.455682222221156,100.06620123311387,22.669533414437677,changed
S0,S3c,30,1.9813987813473732,-1.553972738148595,53.77170192586838,16.756627866742313,changed
S1,S3c,30,6.2103402719285645,6.142576901923237,132.72211980220672,41.35958304382521,changed
S2,S3c,30,6.210340288190809,6.14257687917826,132.72211976222871,41.35958303136705,changed
S0,S3c,30,1.3955062816028572,1.0854691907956875,30.23479465965027,8.885810336296975,steady
S1,S3c,30,0.5340506753710209,-0.07226443074539202,22.96251229463197,6.748533647800448,steady
S2,S3c,30,0.5340506802850575,-0.07226443579983122,22.962512327863838,6.748533657567079,steady
S0,S3c,30,2.9754036889715008,1.3407290213553715,40.10208445665311,14.346117977853972,changed
S1,S3c,30,2.100558556664387,-0.12426315369687255,49.33279248452604,17.648311072832076,changed
S2,S3c,30,2.1005585499403336,-0.12426314695762196,49.33279242151739,17.648311050291365,changed
S0,S3c,30,2.8973435366708595,-1.0523101503840417,69.38229285385495,30.163585322398266,changed
S1,S3c,30,4.892170694967067,-4.763763267217998,125.73209473665736,54.661364036232044,changed
S2,S3c,30,4.84528436042334,-4.763702381274483,126.17138656155268,54.85234383664845,changed
S0,S3c,30,2.0612977378366675,0.957432871306582,32.16133484531199,16.074058401021336,changed
S1,S3c,30,4.239649996100517,4.239649996100517,103.56782260354477,51.76262854147859,changed
S2,S3c,30,4.239649984728028,4.239649984728028,103.56782246930483,51.76262847438621,changed
S0,S3c,30,3.1429481011646283,0.16155795926889063,33.23596325132055,14.16077944540287,changed
S1,S3c,30,1.5601264585988364,-0.24149015813196364,20.13522921754178,8.578976269656092,changed
S2,S3c,30,1.5601264702398911,-0.24149014600131277,20.13522917559738,8.578976251784928,changed
S0,S3c,30,2.162002556358553,-0.803547579936482,26.048331139983283,12.778803235568056,changed
S1,S3c,30,2.9925934027776897,0.9962149305555823,26.019155580871036,12.764490275279757,changed
S2,S3c,30,2.864294213890838,0.9978180621545295,25.86966181551216,12.69115154957794,changed
S0,S3c,30,1.571354634628593,-0.28410980373729516,8.659987716681718,6.434880660441162,changed
S1,S3c,30,3.147850772688268,2.2028209115772093,55.41778916107329,41.178679622150646,changed
S2,S3c,30,2.8333851872754305,2.604932331713404,63.18837149469386,46.95267972640721,changed
S0,S3c,30,0.13127622345697204,0.05202205679033245,4.120118711168526,80.07467955582003,changed
S1,S3c,30,0.6322485991901686,0.5529944325235291,4.120118711168526,80.07467955582003,changed
S2,S3c,30,1.060793028829632,1.049129404385693,12.132915627471275,235.80372291555182,changed
S0,S3c,30,5.769918147057866,-5.5968120748684855,149.76126908890586,35.982518313252406,steady
S1,S3c,30,1.0052415272597857,0.9455648911108366,40.34885339763651,9.694451476885513,steady
S2,S3c,30,1.0052415279407636,0.9455648884151364,40.34885337554175,9.694451471576896,steady
S0,S3c,30,3.419095145016151,-3.419095145016151,101.39189280599183,28.20369847098086,changed
S1,S3c,30,2.390991819256292,2.390991819256292,64.38882659736898,17.910732308028766,changed
S2,S3c,30,2.3909918138648916,2.3909918138648916,64.38882656262801,17.910732298365037,changed
S0,S3c,30,2.038282597085277,-1.9448646345788543,55.30772350768335,14.841325157398204,changed
S1,S3c,30,5.748468769073557,-5.748468769073557,177.3156109486405,47.58103336518469,changed
S2,S3c,30,5.748468768441752,-5.748468768441752,177.31561094107926,47.58103336315569,changed
S0,S3c,30,2.3168262651697322,-1.3779062518865093,26.67567970447489,7.721340087360662,changed
S1,S3c,30,2.267093776660465,-0.9469825472089163,15.971215289811528,4.622906940976739,changed
S2,S3c,30,2.3171799164284463,-0.9970819070624324,22.208304509660525,6.428247519180877,changed
S0,S3c,30,2.754727621052319,-1.840679735860642,71.48260794048498,41.57743468702398,changed
S1,S3c,30,2.8893000238418383,-1.9552539386538055,65.32085472006649,37.993487493983565,changed
S2,S3c,30,2.7059749466781464,-1.9552904599141343,64.10968994584702,37.28902069085209,changed
S0,S3c,30,2.367783836532703,-0.8231665150215417,19.283269044934286,9.617071619553244,changed
S1,S3c,30,6.864403888886333,-6.864403888886333,187.5895129527255,93.5558061726779,changed
S2,S3c,30,6.864403888886333,-6.864403888886333,187.5895129527255,93.5558061726779,changed
S0,S3c,30,2.348500903162728,1.9692963635022633,52.52820331694225,21.566332945984552,changed
S1,S3c,30,3.0805759424586605,-2.957390759817954,104.71552568211105,42.992711512480184,changed
S2,S3c,30,3.080575942098822,-2.9573907591440287,104.71552567505559,42.99271150958345,changed
S0,S3c,30,3.0929632508053775,1.3583853496746694,43.305983030384056,20.98552983198973,changed
S1,S3c,30,1.5330102049084844,1.4276469723170613,41.30063562946288,20.013763928973322,changed
S2,S3c,30,1.53301020734514,1.427646974844281,41.30063565326352,20.013763940506806,changed
S0,S3c,30,2.848877992895264,2.848877992895264,92.6726826180089,47.15771733475093,changed
S1,S3c,30,1.1652250500684227,0.9101442307364103,38.222454565852324,19.450000338142264,changed
S2,S3c,30,1.165225045706265,0.910144226313776,38.22245453040469,19.450000320104266,changed
S0,S3c,30,3.977601533843953,-3.248271232733731,87.45193777744981,35.632666744804304,changed
S1,S3c,30,4.658587107775047,-4.658587107775047,123.36836869498376,50.26697041002599,changed
S2,S3c,30,4.6907791854114445,-4.6907791854114445,128.0353075736272,52.16853465213879,changed
S0,S3c,30,3.535577216630572,-1.6875872006060009,51.44756953212454,20.76731227613823,steady
S1,S3c,30,2.3450205762758203,-2.3450205762758203,66.61448914144714,26.889587024165184,steady
S2,S3c,30,2.3211425724416506,-2.3211425724416506,65.82698996813686,26.571705316670265,steady
S0,S3c,30,3.1860013444407307,-1.2141070507915195,52.90186551516615,26.4605213193572,changed
S1,S3c,30,3.3411788051393945,-1.5257679935667556,64.58957086354668,32.306492411936674,changed
S2,S3c,30,3.3166583869779327,-1.5261015893844705,66.55254192325278,33.288333733954765,changed
S0,S3c,30,3.7822024652914674,-3.7822024652914674,104.21887755813849,20.35517383349089,steady
S1,S3c,30,0.5566200783723853,-0.2339003918674853,23.007411080072476,4.493618267306779,steady
S2,S3c,30,0.5566200602793325,-0.23390041073738577,23.007411210518733,4.493618292784468,steady
S0,S3c,30,7.5722691731919385,-7.5722691731919385,190.08048101434457,36.24687396474683,changed
S1,S3c,30,1.3253220227058855,0.8328387259081218,69.8360110464983,13.317185841991119,changed
S2,S3c,30,1.325322046842349,0.8328386989511195,69.83601113279212,13.317185858446681,changed
S0,S3c,30,5.730741276751969,-5.730741276751969,177.12071946025412,32.11334676271992,changed
S1,S3c,30,1.6005057330663273,-1.4756097852920758,51.814884042495116,9.394436426169548,changed
S2,S3c,30,1.6005057292836995,-1.4756098004553941,51.814884219767116,9.394436458310324,changed
S0,S3c,30,1.3574902825177575,-0.5597321522554063,35.973441857596505,29.007830126968226,changed
S1,S3c,30,4.856061051940761,4.794332232496357,81.13294021033238,65.42300168661247,changed
S2,S3c,30,4.7853589691332505,4.7853589691332505,81.75199662825997,65.92218893373047,changed
S0,S3c,30,7.120599692492077,-7.120599692492077,215.39208981450565,40.93775299455686,changed
S1,S3c,30,0.7997958162095528,0.431266077338304,16.42326005641973,3.1214301515626244,changed
S2,S3c,30,0.7997958225576164,0.43126610261050147,16.423260230199418,3.12143018459146,changed
S0,S3c,30,6.897544689463426,-6.897544689463426,219.97165732008796,45.49268344964086,changed
S1,S3c,30,0.7819622679996037,0.3507699459072093,158.2675350224211,32.73155714171383,changed
S2,S3c,30,0.7819622446853489,0.3507699216459076,158.26753507419494,32.73155715242125,changed
S0,S3c,30,4.913746409254729,-4.913746409254729,119.60575459757801,25.04337911784237,steady
S1,S3c,30,0.6651442195003632,-0.6003235296200223,3.807452899956897,0.7972148728776949,steady
S2,S3c,30,0.6651442060229004,-0.6003235161415212,3.8074527840883023,0.7972148486168125,steady
S0,S3c,30,2.5507107877343853,-1.1605711394425502,62.47059418645036,40.783003559464,changed
S1,S3c,30,4.943130928009073,4.6055538909728,122.92994472850238,80.25299644924178,changed
S2,S3c,30,4.614515628048425,4.609308121819172,122.52933138215366,79.99146195060477,changed
S0,S3c,30,5.149705584715377,-5.149705584715377,141.421606416947,29.4326883230587,steady
S1,S3c,30,0.6765646367950023,0.145220381470939,26.730431391828812,5.563141841120559,steady
S2,S3c,30,0.6765646502728797,0.14522036799243784,26.730431442886786,5.563141851746754,steady
S0,S3c,30,2.3608600674215516,-1.888034360208957,57.412235703651156,38.41675367592783,changed
S1,S3c,30,2.2613652253257355,-1.4029769259770792,53.957262277176746,36.104896953140376,changed
S2,S3c,30,2.2894876336173358,-1.2235882121347745,58.890186832479486,39.40570809941227,changed
S0,S3c,30,3.105243412676516,0.14222948525779375,22.298627742210517,13.60875386999052,changed
S1,S3c,30,2.6463051622969815,1.2027366132608777,29.20473084521905,17.823518043649223,changed
S2,S3c,30,2.2772647248627544,1.204207220521331,28.96006879473608,17.67420187653607,changed
S0,S3c,30,3.626139589551046,0.009539219179690821,21.6796572417983,19.123226921974474,steady
S1,S3c,30,4.928236385770206,1.3116360153988509,36.325359691650505,32.04193169006746,steady
S2,S3c,30,3.807758312654147,1.5925055574596745,43.32194579556861,38.21349161152223,steady
S0,S3c,60,4.117356186981829,-3.980546878711777,239.97892889723965,28.449321461259586,changed
S1,S3c,60,2.2354873335971908,-0.4499550312329534,73.113402664668,8.667538875566581,changed
S2,S3c,60,2.235487334901563,-0.4499550325373251,73.11340268500794,8.667538877977867,changed
S0,S3c,60,4.66949745719362,-3.4474379758548404,201.805485903322,23.61517864008954,changed
S1,S3c,60,7.374315094673916,-5.535734787417893,338.46775025322864,39.60732955479894,changed
S2,S3c,60,7.374315100063561,-5.535734792809296,338.46775037440597,39.60732956897905,changed
S0,S3c,60,6.243316594349949,-6.185950331233444,361.6734951863604,34.80262837249917,changed
S1,S3c,60,5.975687962960267,0.10635993480575122,108.93371753436524,10.482326570902906,changed
S2,S3c,60,5.975687957581058,0.10635992941434834,108.93371755465279,10.48232657285511,changed
S0,S3c,60,5.5989920348406885,-5.220074847415485,265.4222389621784,39.76870167765077,changed
S1,S3c,60,6.034675556316859,2.0295506439099595,122.5591756641977,18.363266446346277,changed
S2,S3c,60,5.702552027739197,2.0295563875115175,119.04318656588912,17.83645934043368,changed
S0,S3c,60,5.36242072240391,-5.115863371067477,59.06040609144025,11.05637366332251,changed
S1,S3c,60,4.025294491260344,-2.66718816444694,36.03298359629657,6.745536599057783,changed
S2,S3c,60,4.0252944926001994,-2.6671881657947907,36.032983567759224,6.745536593715464,changed
S0,S3c,60,5.2324917846332255,-5.115143627430554,68.08238824169364,11.473482334991044,changed
S1,S3c,60,1.9286640425157335,1.0521991014724092,79.90299619679212,13.465532556264293,changed
S2,S3c,60,1.928664043869893,1.0521990960810061,79.90299608855044,13.465532538023027,changed
S0,S3c,60,5.4746920383773094,-4.789939893879467,266.2977638653191,34.80025564214177,changed
S1,S3c,60,3.1318578474822805,-0.7398690085282611,65.68896685997245,8.584348611922135,changed
S2,S3c,60,3.1318578535474306,-0.7398690145935893,65.68896699113184,8.584348629062271,changed
S0,S3c,60,2.426880570713192,-1.0199452498444876,57.85783746187719,14.06623730838474,changed
S1,S3c,60,4.480341424956907,3.954781795327474,183.06951734433753,44.50735436825915,changed
S2,S3c,60,4.1887099315291545,3.954845391630868,182.0274754802613,44.254016034364014,changed
S0,S3c,60,1.9897536214821703,0.40597766997211354,32.994492322031384,13.998168963510249,changed
S1,S3c,60,2.165879404386812,0.5230143331808911,47.75585635023688,20.26079200319644,changed
S2,S3c,60,1.9952898075871026,0.594567511817894,53.654346796844294,22.76327226855056,changed
S0,S3c,60,1.420477716776136,0.11666141022658089,55.880533095929124,13.392381965082581,changed
S1,S3c,60,5.1689320847222735,-5.1689320847222735,67.58083641820669,16.19648784092078,changed
S2,S3c,60,5.168932083879867,-5.168932083879867,67.5808364035305,16.196487837403474,changed
S0,S3c,60,2.1670956236885632,-1.298615574176634,94.66242846259456,22.986166296821807,changed
S1,S3c,60,1.3685490043702069,0.7341544225961131,84.46717158451422,20.510528666936015,changed
S2,S3c,60,1.368549004874968,0.7341544246178893,84.46717156005754,20.510528660997384,changed
S0,S3c,60,1.942564583704205,-0.5328722836686313,60.04442545228643,21.043319257528786,changed
S1,S3c,60,3.4545104303651284,2.176206739380229,33.38478602814131,11.700115463553203,changed
S2,S3c,60,2.9535350933819804,2.176252672620941,31.66780570884485,11.098378254050546,changed
S0,S3c,60,2.423082777214403,0.9836469513009358,38.662784855603746,17.883169202048776,changed
S1,S3c,60,1.0647006468751832,-0.09516952304984622,18.725530554362987,8.661347922879163,changed
S2,S3c,60,1.1579774813683001,0.006589048098721987,23.497440223085256,10.868557474425065,changed
S0,S3c,60,4.600191368627749,-3.750828719940201,220.74809986296847,29.856848216237253,changed
S1,S3c,60,3.776364928214078,-3.5982267322111756,203.97332919321562,27.58800974351698,changed
S2,S3c,60,3.7763649225562848,-3.5982267261458474,203.97332906562283,27.588009726259667,changed
S0,S3c,60,8.274755892844919,-7.995889510717652,452.71115472176433,37.6262310817924,changed
S1,S3c,60,11.796400283330863,-11.512423647182205,652.2310241238597,54.20894752964794,changed
S2,S3c,60,11.601142310097153,-11.535003371945885,657.9314147694654,54.6827247128496,changed
S0,S3c,60,15.665614322069633,-15.665614322069633,940.46718539946,52.99241859520205,steady
S1,S3c,60,0.7044730803568159,0.04987858065263117,50.03757727757262,2.8194627965213233,steady
S2,S3c,60,0.7044730712262176,0.04987857152202992,50.037577269254776,2.819462796052638,steady
S0,S3c,60,15.890083556217553,-15.890083556217553,955.0159226463339,52.138958046658665,steady
S1,S3c,60,0.7181086021505504,-0.3088139784946371,150.88200549178868,8.237381563789251,steady
S2,S3c,60,0.7181086021505504,-0.3088139784946371,150.88200549178868,8.237381563789251,steady
S0,S3c,60,16.507025391189938,-16.507025391189938,955.6921091673465,52.92015998706341,steady
S1,S3c,60,0.27333132785250386,0.14276589852968868,59.28745403135128,3.282962705738303,steady
S2,S3c,60,0.2733313332392715,0.14276590392109145,59.28745400721224,3.2829627044016356,steady
S0,S3c,60,16.361911080824758,-16.361911080824758,979.6172641069697,54.28731398004866,steady
S1,S3c,60,0.7125376089007337,0.5501768622504629,79.9180267974087,4.428806200523555,steady
S2,S3c,60,0.7125376245531941,0.5501768779029235,79.91802689984206,4.428806206200091,steady
S0,S3c,60,15.756611246667086,-15.756611246667086,913.1689785239046,49.9634515382424,steady
S1,S3c,60,0.9069415567357861,-0.8183164325857489,47.762928519876446,2.61331782019675,steady
S2,S3c,60,0.9069415526922341,-0.8183164285421968,47.762928428782864,2.613317815212623,steady
S0,S3c,60,11.292120771718995,-11.292120771718995,665.801890380377,47.16946352627811,changed
S1,S3c,60,7.116720515680071,7.093905822935303,443.897361660455,31.448394353899577,changed
S2,S3c,60,7.11672052724433,7.093905806761095,443.89736132260043,31.448394329963897,changed
S0,S3c,60,7.740190749394933,-7.740190749394933,431.200178652767,34.63552690646273,changed
S1,S3c,60,1.7936794861766756,-1.0709254955613503,92.96745114555311,7.4674752353709435,changed
S2,S3c,60,1.7936794835919538,-1.0709254982570517,92.96745118489721,7.467475238531201,changed
S0,S3c,60,3.5805955573253443,-3.4455107520887727,221.7346527683033,26.20963050606669,changed
S1,S3c,60,4.584867037036387,4.584867037036387,277.6848049485426,32.82308851587353,changed
S2,S3c,60,4.584867037036387,4.584867037036387,277.6848049485426,32.82308851587353,changed
S0,S3c,60,2.3193205309990588,-0.1221111075562251,37.16267069654221,5.762222739141682,changed
S1,S3c,60,6.146706063995859,6.111731421412465,314.3091504328664,48.73490790082214,changed
S2,S3c,60,6.146706072389274,6.111731409673119,314.3091502905204,48.73490787875082,changed
S0,S3c,60,2.792093081766153,1.3617282769779633,79.13220057702607,12.951652039926868,changed
S1,S3c,60,2.0715366536677413,0.35496815349623345,41.39884870289154,6.77579391630233,changed
S2,S3c,60,2.0267603451166574,0.3655109297412792,42.01595140301249,6.87679577631109,changed
S0,S3c,60,2.741245602251378,0.3228352166498807,52.10024606727018,9.955043471555298,changed
S1,S3c,60,2.1361334930879727,0.924048327786173,109.13609236507178,20.853155710765133,changed
S2,S3c,60,2.1361334897259456,0.9240483311557998,109.13609229275984,20.853155696948143,changed
S0,S3c,60,2.5669320174248216,-0.7217464873789342,147.97215880699545,28.89760723377864,changed
S1,S3c,60,5.102273087113435,-5.0380693732388995,204.52914509065104,39.942668609702956,changed
S2,S3c,60,5.078888090263922,-5.038097100689494,205.06573012455107,40.04745875186337,changed
S0,S3c,60,2.4209319159687857,0.39012823986390666,24.044468957592525,5.4093833441380275,changed
S1,S3c,60,3.901784998592264,2.78563517780374,80.93624339329496,18.208560468562244,changed
S2,S3c,60,3.58553344462813,2.7856358099336314,82.34639358040823,18.525807771813454,changed
S0,S3c,60,2.829330974902145,-0.22799650137332075,72.3152645518647,16.41581173311905,changed
S1,S3c,60,1.6232971535606215,0.4664716937170894,92.31264039102453,20.95528426310797,changed
S2,S3c,60,1.6232971593811494,0.4664716997824179,92.31264031255427,20.955284245294955,changed
S0,S3c,60,2.2034492716990157,-0.8302443720640783,25.59430904715118,5.028578999948648,changed
S1,S3c,60,2.386005824372732,-0.316620878136204,43.920765315822464,8.62922447806423,changed
S2,S3c,60,2.320614309246595,-0.3166208777988213,44.44493580376082,8.73220958710483,changed
S0,S3c,60,0.8196689691273054,-0.15528454028018374,8.899356491557313,6.541479595800929,changed
S1,S3c,60,1.6333443952226216,1.1282926031079472,55.491631474049186,40.789171146202264,changed
S2,S3c,60,1.4706928807307755,1.339178429062318,63.33742826783246,46.55623078562935,changed
S0,S3c,60,1.6397657195300412,-1.5451601555314327,86.4145529009909,36.079169582454945,changed
S1,S3c,60,1.2861065939079297,0.951097954840942,52.11952202256609,21.760560119580212,changed
S2,S3c,60,1.2463774957953186,0.9460393109675136,51.81597277193661,21.63382446542904,changed
S0,S3c,60,4.96781996750256,-4.714795760705356,282.0316920196698,35.384904258822736,changed
S1,S3c,60,1.828736905262089,1.7930282219036624,121.64157513525588,15.261673109251946,changed
S2,S3c,60,2.0253911442321164,1.9947565332591362,131.81265532738658,16.53778040141489,changed
S0,S3c,60,2.7911210563256157,-1.6380143136351442,106.95449036493595,17.957156382212755,changed
S1,S3c,60,4.071207549824979,4.058894216491597,198.46974303992502,33.322137301062064,changed
S2,S3c,60,4.064496339953214,4.064496339953214,199.69082399755982,33.52715105632164,changed
S0,S3c,60,2.6204832928925907,-2.2901595143487117,151.53584908352283,20.924055884414948,changed
S1,S3c,60,5.695100735304163,-5.695100735304163,345.57621143520794,47.717130989969355,changed
S2,S3c,60,5.615148437887286,-5.615148437887286,341.6273483649628,47.17187234614726,changed
S0,S3c,60,2.6385884566765547,-1.0964012764584559,57.78669700212214,10.038044975367931,changed
S1,S3c,60,2.995329914555193,0.9370252886154405,80.99361845165498,14.069286304867811,changed
S2,S3c,60,2.7656622720240316,0.9310674865030621,74.03950160746005,12.86129655519534,changed
S0,S3c,60,2.5335518781557242,-1.6052059963543057,137.43591795191577,32.14364390160387,changed
S1,S3c,60,3.5353521997595085,-2.546075941811849,177.14305590011057,41.43038729138631,changed
S2,S3c,60,3.2754420287296755,-2.440885734710365,170.03861377686124,39.768793574602775,changed
S0,S3c,60,2.938743351326844,0.6707163840689371,64.36350392605928,16.066150763538054,changed
S1,S3c,60,6.6289929629625854,-6.6289929629625854,375.65875974499403,93.77038075242521,changed
S2,S3c,60,6.6289929629625854,-6.6289929629625854,375.65875974499403,93.77038075242521,changed
S0,S3c,60,2.771279383146045,1.6433981975303091,60.10313540709039,15.400369900651205,changed
S1,S3c,60,2.3822782477340585,-1.7655845542027713,123.84134199560769,31.73216277000443,changed
S2,S3c,60,2.3006325282923132,-1.7653195461454367,123.38246679332373,31.61458408121317,changed
S0,S3c,60,2.942710479529057,-0.10083794577640377,21.391872543449725,5.878132561869252,changed
S1,S3c,60,2.5727616019846398,1.1710597901812112,52.10443558193859,14.317436624116162,changed
S2,S3c,60,2.2507673084437614,1.208841882389315,51.14719788804409,14.054403547114552,changed
S0,S3c,60,3.0403526273595722,1.0804321725005765,68.68295449981429,16.613906109165885,changed
S1,S3c,60,1.5030182459543437,0.5093158059041186,26.654923105452177,6.447631629216187,changed
S2,S3c,60,1.3742254496196393,0.6381085977047362,31.4106249497571,7.5980012442082545,changed
S0,S3c,60,3.4115756490616564,-0.7296147920616407,29.976593841949605,5.829596923814141,changed
S1,S3c,60,3.8087454353836514,-3.6546157828684596,181.76167102713816,35.34748757226411,changed
S2,S3c,60,3.8248593690478643,-3.6707297264142595,185.73376447486456,36.11994704067656,changed
S0,S3c,60,3.176217872583728,-0.9286351868419506,120.93877323873073,27.585814721325875,changed
S1,S3c,60,2.1353876901743933,-0.8940044806777874,76.39626314747865,17.42578582658459,changed
S2,S3c,60,2.131829843942211,-0.8940044791182195,76.52951081015846,17.456179266474038,changed
S0,S3c,60,4.090791862872165,-2.8384563422535343,83.9697533476614,14.00110637719648,changed
S1,S3c,60,5.714237960837333,-4.647054593048653,149.15487938709475,24.87006630030533,changed
S2,S3c,60,5.701484366106386,-4.647334277856666,147.2491574454452,24.552306457425715,changed
S0,S3c,60,3.115471414001006,-3.115471414001006,145.71782398501722,14.047279602346306,changed
S1,S3c,60,0.7350524430108287,0.005884793316648285,51.05182784256934,4.921424711840029,changed
S2,S3c,60,0.735052433964298,0.005884783881693659,51.05182800101651,4.921424727114426,changed
S0,S3c,60,6.356111023712214,-6.356111023712214,329.01157186510414,31.533820482290103,changed
S1,S3c,60,1.6419806520811602,1.3957390036822785,116.38152197910283,11.15448311054975,changed
S2,S3c,60,1.6419806641493857,1.3957389902037707,116.3815220338018,11.154483115792322,changed
S0,S3c,60,4.650135470850571,-4.448367074060049,264.90787435257204,26.760377769886727,changed
S1,S3c,60,2.6867124424433606,0.5716890778353387,25.495687156856373,2.5755150596704093,changed
S2,S3c,60,2.6867124404910374,0.5716890700091086,25.49568708488047,2.5755150523995707,changed
S0,S3c,60,3.1436944089867804,-2.731948277238471,115.7495431836063,19.246300144112606,changed
S1,S3c,60,4.5632360264275125,0.6221282690997598,196.04520997745666,32.59749325365893,changed
S2,S3c,60,4.526740638581345,0.6174912950624609,196.59985467248254,32.68971701524109,changed
S0,S3c,60,7.50470577895684,-7.50470577895684,300.22981304984864,29.73323943156811,changed
S1,S3c,60,1.237126960584823,1.0197704736196385,110.95637272965867,10.988556943482129,changed
S2,S3c,60,1.2371269638612454,1.0197704866633557,110.95637291612564,10.988556961948872,changed
S0,S3c,60,5.495475089516689,-4.709771591509904,437.7107855653082,43.75241985303406,changed
S1,S3c,60,1.2029097669614879,0.7445238347945431,349.03985523236616,34.88910667770185,changed
S2,S3c,60,1.2029097553043633,0.7445238226638861,349.03985542462704,34.88910669691973,changed
S0,S3c,60,4.200156065785841,-3.954318725726592,181.85648559270757,17.86108505975343,changed
S1,S3c,60,1.6833130575280035,-0.9319087148049322,46.8725982473017,4.6036052084593715,changed
S2,S3c,60,1.6833130507892693,-0.9319087080656788,46.87259826763031,4.603605210455951,changed
S0,S3c,60,3.6827890509425205,-2.9877192267966035,134.24010298640698,21.636981185031086,changed
S1,S3c,60,4.2261578703718925,0.6077215608967278,169.47078364134234,27.315504647903158,changed
S2,S3c,60,4.061399695720812,0.6077220588009697,169.16569285859566,27.26632974875484,changed
S0,S3c,60,3.397551957832415,-3.0584603868894504,183.77369819221985,28.290988941689545,changed
S1,S3c,60,2.9326339143206877,2.5961777125849634,139.73184882772583,21.5109791492153,changed
S2,S3c,60,3.0302912843108762,2.7286605716686356,147.26638158680944,22.67088062077994,changed
S0,S3c,60,1.2869535831853154,-1.0429145084949443,61.57639175746812,39.5645463302028,changed
S1,S3c,60,1.235601406619733,-0.7925622843752653,58.33283184371891,37.48046876703906,changed
S2,S3c,60,1.2503398870037237,-0.6979998729364195,63.567506156367365,40.84389277509137,changed
S0,S3c,60,3.271683292078852,1.6639121713939817,8.071594262371313,1.8484538005113351,changed
S1,S3c,60,3.1674464943013687,1.284337493119988,42.3574497726394,9.70016411469141,changed
S2,S3c,60,2.9933300412425594,1.2843379220404791,42.67566858835083,9.773038538278106,changed
S0,S3c,120,4.399843735480919,-3.7804684379824534,458.4754363007841,26.609499814650583,changed
S1,S3c,120,3.6846281588473,-0.7111646322670868,123.76901573778956,7.183441773690862,changed
S2,S3c,120,3.6846281595101775,-0.7111646329299642,123.76901576804991,7.183441775447144,changed
S0,S3c,120,5.456407025771784,-4.816694153544142,527.4815255493723,27.496512679019425,changed
S1,S3c,120,8.015014637315417,-7.089687426306071,808.2506093568051,42.132419907708005,changed
S2,S3c,120,8.015014640010241,-7.0896874290017715,808.2506094688564,42.13241991354901,changed
S0,S3c,120,5.95215912328646,-5.699932923612249,646.3688687768386,37.57321854604709,changed
S1,S3c,120,6.514471954095514,2.4736248732510426,268.7266951002457,15.620998058377248,changed
S2,S3c,120,6.252681346451774,2.473635784816208,263.92265708638325,15.341740843313737,changed
S0,S3c,120,5.374312989194735,-5.112939010639916,201.515884414176,16.41694227735836,changed
S1,S3c,120,5.20084846969633,3.137624698181712,163.7281818689272,13.338482565446453,changed
S2,S3c,120,5.0042290373359615,3.1376246955809113,162.3117684123952,13.223091274956582,changed
S0,S3c,120,5.297456253518569,-5.115503499249016,143.3239418229534,12.42225490588923,changed
S1,S3c,120,4.255292541729771,-3.1874946459281834,57.160158559950986,4.954218053602551,changed
S2,S3c,120,4.255292542399698,-3.187494646602109,57.16015853816945,4.9542180517146885,changed
S0,S3c,120,5.3535919115052675,-4.95254176065501,356.5113757614961,25.731533763374685,changed
S1,S3c,120,2.576245555554903,-0.3238349726014122,75.93368805955666,5.480583204136476,changed
S2,S3c,120,2.576245556231983,-0.32383497529711375,75.93368816396493,5.480583211672238,changed
S0,S3c,120,3.950786304545251,-2.904942571861977,359.91798359578604,30.252082364932257,changed
S1,S3c,120,4.231433024866037,2.03278978204605,197.02907475629593,16.560827937144637,changed
S2,S3c,120,4.07446890184555,2.03282401047754,197.58667147350818,16.607695453035326,changed
S0,S3c,120,2.208317096097682,-0.3069837899361871,73.43062233924428,11.078946974792448,changed
S1,S3c,120,5.39057849303116,4.68473154858595,388.2020367154063,58.57052062566899,changed
S2,S3c,120,5.0095101712628045,4.757743700361753,399.1890622829374,60.228203344344685,changed
S0,S3c,120,1.7051156691291534,0.2613195400993472,44.576991695814115,6.679628360348813,changed
S1,S3c,120,1.9340194733723097,-0.5279589186860353,45.50303117561586,6.818390518510941,changed
S2,S3c,120,1.8839451168715373,-0.5279589175066701,47.77099856800171,7.158233534789434,changed
S0,S3c,120,1.7937866702323495,-0.5909770819750266,42.21240220476058,5.007871171283943,changed
S1,S3c,120,5.239874255879353,-5.127388797684478,225.4938955847581,26.751483450806052,changed
S2,S3c,120,5.239874255458149,-5.127388797263276,225.49389560260857,26.751483452923743,changed
S0,S3c,120,2.0548301036963843,-0.9157439289226325,159.1914623775921,22.30721945372783,changed
S1,S3c,120,2.2426835805933223,1.2688471154119993,133.78852001561714,18.74754984848938,changed
S2,S3c,120,2.0115792698206034,1.26886889483973,130.75811197440217,18.322904103044934,changed
S0,S3c,120,2.1828236804593044,0.22538733381615242,64.10588232240725,12.503733495204893,changed
S1,S3c,120,2.903046720303969,2.2578520044410295,106.35358308247889,20.744069201565768,changed
S2,S3c,120,2.7329188173199728,2.3426508139126554,114.83246000368779,22.397858425279217,changed
S0,S3c,120,2.162374017334605,-0.08772595508902074,84.63925833343566,16.156088443524073,changed
S1,S3c,120,1.491867863693879,-0.9632106344795897,104.48249117368495,19.943799147575273,changed
S2,S3c,120,1.5454938993047445,-0.963210634571233,110.03949813545206,21.004530275462795,changed
S0,S3c,120,6.437473630736334,-5.873359115328927,591.848718667138,30.222575635840464,changed
S1,S3c,120,7.94471598678952,-7.738991911676467,766.0108888159922,39.11611412668949,changed
S2,S3c,120,7.845961139838707,-7.738991908643765,767.098851704334,39.171670622200615,changed
S0,S3c,120,11.991798345372672,-11.85236515430904,1446.1179298515415,48.56941633548607,changed
S1,S3c,120,15.979077339439886,-15.837089021365557,1883.547903357112,63.26096953612566,changed
S2,S3c,120,15.881448352823073,-15.84837888374744,1889.5587960471264,63.46285179177213,changed
S0,S3c,120,15.791875236683932,-15.791875236683932,1881.0274395246427,52.158114815708856,changed
S1,S3c,120,0.8165497320623338,-0.42280115082397635,45.790202430448495,1.2696947347059662,changed
S2,S3c,120,0.8165497274221937,-0.42280115546411795,45.790202623967595,1.2696947400719651,changed
S0,S3c,120,16.119276566237367,-16.119276566237367,2002.2608923285006,54.13367358821358,steady
S1,S3c,120,0.8124396174863343,-0.604437431693985,718.6554372493185,19.429765127763794,steady
S2,S3c,120,0.8124396174863343,-0.604437431693985,718.6554372493185,19.429765127763794,steady
S0,S3c,120,16.510957687517593,-16.510957687517593,1959.7330785027038,54.294365494385275,steady
S1,S3c,120,0.7397205113384392,0.6744377966770315,408.1127723545916,11.306756143584927,steady
S2,S3c,120,0.739720514031823,0.6744377993727331,408.11277231674353,11.306756142536347,steady
S0,S3c,120,16.0910921158355,-16.0910921158355,1930.964949896756,52.25479064205263,changed
S1,S3c,120,0.8286388418173382,-0.14988306488980094,229.21324060799546,6.202852051249115,changed
S2,S3c,120,0.8286388497718672,-0.1498830569352718,229.21324049471707,6.202852048183633,changed
S0,S3c,120,13.524366009193042,-13.524366009193042,1604.850035986562,48.59706275564358,changed
S1,S3c,120,3.7134444520746337,2.7377941229701874,370.1761283256497,11.209441465241927,changed
S2,S3c,120,3.713444450052857,2.737794124991963,370.17612840341087,11.20944146759664,changed
S0,S3c,120,9.516155760556963,-9.516155760556963,1117.2359785952572,41.45700088003452,changed
S1,S3c,120,8.622897891529085,8.611490545156702,1003.0485662570417,37.219876633690134,changed
S2,S3c,120,8.622897897311216,8.611490537069598,1003.0485658938829,37.21987662021449,changed
S0,S3c,120,5.660393153360139,-5.592850750741854,723.1015449476773,34.08078731058544,changed
S1,S3c,120,3.7342733379004764,2.3019708470314635,492.6130301772949,23.217541194868,changed
S2,S3c,120,3.734273336608116,2.301970845683613,492.6130301894128,23.21754119543914,changed
S0,S3c,120,2.9482132058453843,-1.8540063324994447,301.50968824321745,20.097469186511525,changed
S1,S3c,120,6.484066620369588,6.484066620369588,651.3180289655588,43.4143396652502,changed
S2,S3c,120,6.484066620369588,6.484066620369588,651.3180289655588,43.4143396652502,changed
S0,S3c,120,2.535152766920937,0.5675185088283523,174.3286180706056,13.880574366729654,changed
S1,S3c,120,6.523599070837024,5.914862139542359,480.0897408043339,38.22620418662149,changed
S2,S3c,120,6.238702033643107,5.922908291655801,480.3285327890083,38.24521753014555,changed
S0,S3c,120,2.7744957890416826,0.6972033650127604,151.9439118120492,13.309651202705052,changed
S1,S3c,120,2.4833240507087737,1.435911031009441,79.09854405565132,6.928701646991773,changed
S2,S3c,120,2.4658416198673785,1.4359110296836872,78.98688689467751,6.918920946672013,changed
S0,S3c,120,2.6540888098381004,-0.1994556353645267,119.52150755281839,11.472077616559762,changed
S1,S3c,120,2.4637450735183966,0.7569893526601917,188.83506989150328,18.125027226304674,changed
S2,S3c,120,2.3407652785489756,0.7569893543819355,189.80068862925296,18.21771057120453,changed
S0,S3c,120,2.3392132877045233,-0.045159688591119275,129.58383859590063,13.636163225718608,changed
S1,S3c,120,4.49243623399033,-4.33140844604051,184.4974056345814,19.41474156974353,changed
S2,S3c,120,4.480743702897981,-4.331422277098213,184.79443998350837,19.445998622393777,changed
S0,S3c,120,2.550391576228378,-0.013612023970509445,46.70194050475103,5.1700384066959515,changed
S1,S3c,120,3.5426705849263707,2.97196786394242,75.53431806166041,8.361865078446678,changed
S2,S3c,120,3.3819522610536557,2.971967860959471,74.55433725267211,8.253378399616297,changed
S0,S3c,120,2.6452417211610495,-0.7571159506474695,20.694623487966787,2.1788234944189475,changed
S1,S3c,120,2.230767650333323,-0.25051723002437554,28.551767367770772,3.006059114061956,changed
S2,S3c,120,2.2054822047570664,-0.24944423858660697,28.954004720330232,3.0484084805338334,changed
S0,S3c,120,1.492636302541615,-0.544545037594255,38.9442952162963,6.037669486229416,changed
S1,S3c,120,1.6977208105646875,0.055685655737753366,74.73693415200984,11.586726741818303,changed
S2,S3c,120,1.5862186939684546,0.14114143225595666,81.3167877116522,12.60682431555195,changed
S0,S3c,120,1.7419528500422212,-1.273680195544363,156.1138193696278,28.734739170766836,changed
S1,S3c,120,2.3736499799884925,0.008022339334167274,46.26550296238723,8.515755783803337,changed
S2,S3c,120,2.185368793810138,0.008034077083856528,46.13868576819404,8.492413462077918,changed
S0,S3c,120,3.2305163975145645,-3.1072219180032827,382.0843931658549,36.79905422041434,changed
S1,S3c,120,1.5719609365800233,-0.11595617841155531,48.435917813027565,4.664927428855836,changed
S2,S3c,120,1.6158517530625573,0.006887581931698427,39.162219042327294,3.77176521131754,changed
S0,S3c,120,4.0849892071103335,-3.9584771037117323,462.07554226597586,34.182350772112635,changed
S1,S3c,120,1.8096152747143115,1.710420202467692,284.13218544591496,21.018870596203747,changed
S2,S3c,120,1.8002757376290255,1.7104202020393862,284.18210534676547,21.02256345463337,changed
S0,S3c,120,2.546475552795514,-1.7146856917258484,204.3533489876791,15.593673604632004,changed
S1,S3c,120,3.7044222771314606,3.69826561046477,369.3169828860428,28.18162029788725,changed
S2,S3c,120,3.69826560911692,3.69826560911692,370.0388410569626,28.236703421124144,changed
S0,S3c,120,2.4658078654458864,-1.5142039355832422,243.12153559846638,18.70316515667004,changed
S1,S3c,120,4.551462448266015,-4.45038330624411,552.9071703565917,42.53475159257617,changed
S2,S3c,120,4.510905241774219,-4.444511754298294,552.2300217624393,42.48265903746432,changed
S0,S3c,120,2.565172565689019,-1.4362401529502637,164.04501102412786,16.35144467266587,changed
S1,S3c,120,2.9749333038274606,0.8904641511955755,129.11035778756394,12.869278125873262,changed
S2,S3c,120,2.48426299736915,0.9744658050500985,131.74539416885077,13.131929524596604,changed
S0,S3c,120,2.755648155604499,-0.4156229389600796,165.60086122203475,19.78356675714673,changed
S1,S3c,120,2.792148625864041,-1.8085672328427733,259.7676256932621,31.033233319709,changed
S2,S3c,120,2.673284934182902,-1.8087415748995808,258.9882564338417,30.940125689359547,changed
S0,S3c,120,2.855011367236444,1.1570572907996233,82.84708190215107,10.35756676733658,changed
S1,S3c,120,6.456288749999609,-6.456288749999609,643.277607368055,80.42275738952925,changed
S2,S3c,120,6.456288749999609,-6.456288749999609,643.277607368055,80.42275738952925,changed
S0,S3c,120,3.0161921241806744,0.7131634622669771,10.216134980024217,1.3639905717910874,changed
S1,S3c,120,2.348957783500457,-1.7043893683807072,191.01110818601046,25.50253605522233,changed
S2,S3c,120,2.2309308145450077,-1.6724854703968268,189.66294355046784,25.322538056400084,changed
S0,S3c,120,3.0346599788913733,0.4919134988077968,76.71546583977819,9.869107004078515,changed
S1,S3c,120,2.189226499491423,1.0680095395892044,128.23213528923463,16.496499769342837,changed
S2,S3c,120,1.9432227755380882,1.137503989297515,127.71893613301242,16.430478956828477,changed
S0,S3c,120,3.105451629990343,0.261767947463596,24.45584156751715,2.589193678926653,changed
S1,S3c,120,1.9926471657411464,-0.7330983313484881,111.69737420354923,11.825646418345519,changed
S2,S3c,120,1.9924003159718984,-0.7330983087830879,111.773133947428,11.833667268882452,changed
S0,S3c,120,3.144807574347917,-0.6647758661587289,111.05012254368008,11.569757122497766,changed
S1,S3c,120,3.232624471749496,-2.811527857622385,249.71212222739325,26.016257691008164,changed
S2,S3c,120,3.236662351912268,-2.8195847808766197,251.4136166784748,26.193527892007246,changed
S0,S3c,120,3.636576228757431,-1.9709178565063843,69.39934984337158,6.684932596979779,changed
S1,S3c,120,3.7981704071809963,-2.5282431289492284,60.19042080667503,5.797877170097186,changed
S2,S3c,120,3.790511211536122,-2.528236003222352,57.51372845360488,5.540043227797881,changed
S0,S3c,120,3.7387341125226126,-3.102301306962325,388.7454764872287,23.172550103507795,changed
S1,S3c,120,8.745515656601514,-8.203176568053168,677.8368174477645,40.40486272983452,changed
S2,S3c,120,8.739040695512776,-8.203325076894064,677.2100585658203,40.36750254824243,changed
S0,S3c,120,4.735791218856609,-4.735791218856609,370.0440810618561,17.44277044623533,changed
S1,S3c,120,0.891707692291913,0.07081178405854545,203.95281471656506,9.613725258775165,changed
S2,S3c,120,0.8917076877686477,0.07081177934106814,203.9528148363494,9.61372526442144,changed
S0,S3c,120,5.572747280747876,-5.468648452263305,360.1075422528164,17.476410270524397,changed
S1,S3c,120,2.0931273696089514,1.9666688184940335,188.99848713253766,9.172301921179272,changed
S2,S3c,120,2.093127375643064,1.9666688117547797,188.99848740552122,9.17230193442746,changed
S0,S3c,120,3.9506039722180732,-3.6592075386870397,153.41462477505792,9.640607788230799,changed
S1,S3c,120,3.712777330420123,2.426958305706256,157.95951208016825,9.92620947721268,changed
S2,S3c,120,3.696586187536431,2.42695830173097,159.46188329328115,10.020618805131623,changed
S0,S3c,120,5.3633729990572006,-5.154124964890026,388.36484197977063,24.10472291584493,changed
S1,S3c,120,4.61536727718499,-1.9801821433924407,311.41834862865096,19.32886861317544,changed
S2,S3c,120,4.596820440740003,-1.9825386383964292,312.6090101568459,19.402769654467924,changed
S0,S3c,120,6.4408825477521985,-6.06357272495516,468.58671195261553,22.92320789166963,changed
S1,S3c,120,1.2616521123388607,1.016776741614199,144.7436924626468,7.080844737365641,changed
S2,S3c,120,1.2616521140039278,1.0167767482429733,144.74369266792561,7.080844747407856,changed
S0,S3c,120,4.847815577651264,-4.332045158618247,590.1633650542987,28.75408691899798,changed
S1,S3c,120,1.2931857865202516,0.3463080940524226,460.763505925843,22.44943465319125,changed
S2,S3c,120,1.2931857806916895,0.3463080879870942,460.763506174758,22.44943466531895,changed
S0,S3c,120,3.941472558364181,-3.4710189762615973,183.50703710142926,11.073003831895283,changed
S1,S3c,120,3.6057818727205406,1.7489063569244787,291.8716272262856,17.61183493422008,changed
S2,S3c,120,3.3720538332512477,1.748906726101534,290.1835599504587,17.509975214238892,changed
S0,S3c,120,3.540170504387468,-3.0230898068430268,314.71073704504335,24.132453436534835,changed
S1,S3c,120,4.025200832813654,-0.3420506073997795,270.33508631330864,20.7296673255346,changed
S2,S3c,120,3.973313042517884,-0.29463570891014385,266.3250173141065,20.422169703085554,changed
S0,S3c,120,2.3368410145631224,-2.0058332303193374,232.66351504868766,28.599044399569266,changed
S1,S3c,120,3.6318937927155597,3.3908044881436874,111.9439547939817,13.760172637065622,changed
S2,S3c,120,3.74844234768591,3.5655866823679774,97.33607870071751,11.964569674189189,changed
S0,S3c,120,1.5229537018170978,-1.1939936280934906,147.88458934076826,31.169241565375724,changed
S1,S3c,120,2.3979860243000033,-1.6897294960869418,198.7997595478592,41.90049657038621,changed
S2,S3c,120,2.3608869220592563,-1.6897293547037593,204.6855649161642,43.14103211333415,changed
B1,S1,30,3.5055941851853034,-0.337478240740683,8.199608328614838,5.005784439999258,changed
B1,S1,30,2.272111898146392,-1.0100771018525336,46.5768069498185,8.438944154400641,changed
B1,S1,30,5.928600222222308,5.779632000000078,173.3893383309182,120.01535082120066,changed
B1,S1,30,1.313673601851877,0.742880916666735,58.88277398905753,16.245793265710187,changed
B1,S1,30,4.78890422222224,-3.8339392777776555,116.08151839537965,29.51847447268213,changed
B1,S1,30,2.283775990740755,-1.5825220648147713,55.11778773139388,15.154615584652811,changed
B1,S1,30,5.473008277777851,5.472241611111185,165.44264598951523,65.68988483143809,changed
B1,S1,30,7.272405961609389,-7.272405961609389,217.9854331815278,59.03229326808126,changed
B1,S1,30,0.5217714999998787,0.16202520370375756,75.80906893603307,18.34859888725753,steady
B1,S1,30,3.3462084351852144,-3.3462084351852144,103.98982299732565,29.30279589140259,steady
B1,S1,30,5.907259277777886,5.907259277777886,169.7545109059247,73.9765234931614,changed
B1,S1,30,2.4180191675894935,1.4346581303063048,36.907232797823546,14.84306504425169,changed
B1,S1,30,1.5922851513471663,0.7161436969361455,24.651824644560826,14.299687980018088,changed
B1,S1,30,2.3014385092593077,-1.1264770092592915,65.837962610353,53.76492949352777,changed
B1,S1,30,2.066364092592553,-1.8529929814815054,62.933796109674255,24.992476501199977,changed
B1,S1,30,7.736523523440285,7.736523523440285,225.7731357174876,192.44254841041356,changed
B1,S1,30,3.120917472222205,-2.720177749999998,85.47680035684954,28.25991982384584,changed
B1,S1,30,7.15922211111126,7.15922211111126,141.71665048194816,68.05873789457502,changed
B1,S1,30,4.904004226651867,-4.904004226651867,137.8631242883265,56.82952135538349,changed
B1,S1,30,3.7515914351853006,-3.7515914351853006,103.76919021563896,42.78393608921216,steady
B1,S1,30,3.1073033055558823,3.046644287037366,68.2394336161907,35.57126378987608,changed
B1,S1,30,3.751405601851989,3.331700546296407,73.68955209160741,30.549028032453727,changed
B1,S1,30,1.8689297870370334,-1.4880608425925572,7.856033355941969,3.1709825999326937,changed
B1,S1,30,3.2970858240740712,3.2970858240740712,100.24410946547393,95.83885193331378,changed
B1,S1,30,2.295060465116453,-1.5299570874860748,21.04740332603589,13.11270736905479,changed
B1,S1,30,4.512363528977602,4.512363528977602,73.66998909687858,102.34745779666528,changed
B1,S1,30,4.275035851851867,4.275035851851867,80.2935464446238,100.3274180388406,changed
B1,S1,30,1.0238015688440465,0.9132745662604517,62.83513739707431,18.053305678903424,changed
B1,S1,30,3.3729227685159318,0.16214884259200105,40.90128684595441,13.895852477141526,changed
B1,S1,30,1.3693621574073613,-1.3693621574073613,43.80392508736277,11.337691574762292,steady
B1,S1,30,3.374728731481518,3.374728731481518,67.1924905055899,29.67227680688225,changed
B1,S1,30,3.266814820967112,-1.2218401070503742,73.8763902960836,31.42742031419476,changed
B1,S1,30,1.233824666666606,0.9149218518519471,50.89563045096856,17.589625144064986,changed
B1,S1,30,3.0429617017348973,-0.031230657069030346,30.87683658613886,13.248142278201977,changed
B1,S1,30,2.3465337129628883,1.6676938055554786,37.91861123726933,20.37698111430393,changed
B1,S1,30,1.013783407161439,-0.4276697674418284,18.869506774936763,7.388184792440173,changed
B1,S1,30,4.3606801218161495,4.323016943521545,130.40804146712588,169.2123641462701,changed
B1,S1,30,3.9358593484679556,-3.9358593484679556,118.67223450436832,37.18140187208578,steady
B1,S1,30,3.3146245648147965,3.19851428703712,90.19371573014114,54.245429372312216,changed
B1,S1,30,1.9435935400516764,1.7675813030637606,42.73991224219522,15.444867063902189,changed
B1,S1,30,3.242256249999877,-2.7113849351850803,80.60578665575764,31.670832445044955,changed
B1,S1,30,9.896211867847772,-9.896211867847772,290.485280832592,78.8927380696379,changed
B1,S1,30,0.3764734126985689,0.34013758767071023,13.448445916359708,3.275525696787362,steady
B1,S1,30,3.9557375462963154,-1.9388661944445835,59.88515729216072,28.502842866166954,changed
B1,S1,30,3.222258249999968,2.866647546296222,95.25419501330212,34.55672418853842,changed
B1,S1,30,5.5615050925926,5.095152314814831,128.45347885297872,39.31334488270385,changed
B1,S1,30,1.083415453703591,0.9944502129631273,29.48675948612769,18.07699279873053,changed
B1,S1,30,1.8963034999999464,1.500651888888847,47.17723100577478,32.53934643298979,changed
B1,S1,30,4.842498828841179,4.842498828841179,110.38283859829922,217.3392131652616,changed
B1,S1,30,1.5174754614249728,-0.43814284791456615,11.252680436776233,6.93107198232319,changed
B1,S1,30,2.0020868032483503,1.721912993724545,52.72403024474276,24.91730914467894,changed
B1,S1,30,2.827949370370248,2.3325680185184856,75.46410220528573,83.02929765610492,changed
B1,S1,30,1.4776376018517954,-1.2639539537038218,40.233376716272566,20.486003630902715,changed
B1,S1,30,4.405535095976064,-4.405535095976064,134.92962229026548,29.74183130616293,changed
B1,S1,30,4.855943499999902,4.529235666666697,121.16396140750194,30.668524153363965,changed
B1,S1,30,2.689955610926408,2.1348255444812496,83.17080256168002,98.12211553542504,changed
B1,S1,30,3.424796040974879,0.0035420173494775404,32.87880092695614,18.82810944175584,changed
B1,S1,30,3.982345620370329,3.982345620370329,91.15796975546068,27.020423776536795,changed
B1,S1,30,1.709240833333122,-0.08968685185186596,21.060484404545285,12.232578839686278,changed
B1,S1,30,3.145873615725361,-2.0675592746400766,52.5425294893755,37.47539224609065,changed
B1,S1,30,4.822114996308465,-4.822114996308465,121.52649467740832,68.77440136324765,changed
B1,S1,30,3.4412694629628944,3.4412694629628944,69.56779296463401,53.12553517967457,changed
B1,S1,30,3.536363462962886,-1.6694278333333565,52.67125986446519,22.75861106920872,changed
B1,S1,30,0.9834001291989461,0.3349249538574542,29.061217058930325,10.439105979135064,changed
B1,S1,30,10.76614478589882,-10.76614478589882,326.6838475807163,86.95308289753648,changed
B1,S1,30,6.045635649686177,-6.045635649686177,138.119492151777,55.07388516732127,changed
B1,S1,30,5.294225719822868,4.888295173495893,136.81850338922214,92.1934839516793,changed
B1,S1,30,2.8383964444445073,-1.671816351851917,56.04142897703928,35.095965606807695,changed
B1,S1,30,6.725634929863375,-6.583748200442936,197.30609424025437,84.19817440962859,changed
B1,S1,30,1.082751037037167,-0.1219524259258614,15.853302294738542,7.382074539681255,changed
B1,S1,30,6.003668733850189,-6.003668733850189,180.5701084518145,52.25128691674129,changed
B1,S1,30,6.427650027685486,6.427650027685486,192.2653224326968,3073.3002940104584,steady
B1,S1,30,8.606053460686672,8.606053460686672,258.8742725124851,513.8109803271867,changed
B1,S1,30,0.5503295833332925,0.488498509259294,14.830855423663984,3.5648930739097278,steady
B1,S1,30,3.5824974814814095,2.973948259259222,92.59703644553562,207.7033328459888,changed
B1,S1,60,4.275871861111208,-0.6877959907407519,77.16130916948418,22.06295096515987,changed
B1,S1,60,3.2907550324065746,1.6496605324071119,80.71446883187734,9.083674705461863,changed
B1,S1,60,4.167888824074141,1.6862272870370516,87.70449004942202,16.416439978576914,changed
B1,S1,60,1.5256974814815276,0.8184560925926062,268.79587458548883,37.27528721843945,changed
B1,S1,60,4.857469861111142,-4.375210481481445,252.9433035416953,30.9004952371355,changed
B1,S1,60,2.3168060509259387,-1.4002523287036344,84.31615763000221,11.749961281334157,changed
B1,S1,60,9.527214185185196,9.526830851851862,571.4129723324927,217.36344359019483,changed
B1,S1,60,8.20102663616184,-8.20102663616184,497.9131918497178,62.75654552067571,changed
B1,S1,60,2.6708410740740565,2.4192089629630598,230.92668512326065,33.328948806370015,changed
B1,S1,60,3.6624686759259233,-0.20543819444443898,68.0960864026808,13.04730916265954,changed
B1,S1,60,5.05715189814813,5.05715189814813,235.10084696042443,46.051538533329136,changed
B1,S1,60,2.8384514143094925,2.3459527916435365,148.6492380312115,33.57513428136685,changed
B1,S1,60,2.1509871464225334,-0.315416689776286,87.8129703308614,21.599688029868897,changed
B1,S1,60,2.34299278703705,-1.2838174814815084,37.91020350677705,14.889905419832727,changed
B1,S1,60,3.0713537870370478,-2.5804543611111086,131.2815403186904,24.00981251724485,changed
B1,S1,60,4.481906771122191,4.323212853577375,336.7073055669835,76.53739917874476,changed
B1,S1,60,3.9198497638888408,-3.7194799027777377,248.4220597357732,37.28050512385712,changed
B1,S1,60,8.433775074074298,8.433775074074298,421.456414367996,123.12678249232842,changed
B1,S1,60,4.827477329450943,-4.764554367720481,277.1958351051817,58.37331432809093,changed
B1,S1,60,3.1208490740741843,-2.5744263888888863,142.0563542750115,34.14217950799569,changed
B1,S1,60,5.100707810185376,5.070378300926117,270.9213721154,102.87927564141413,changed
B1,S1,60,4.651278800926001,4.439383671296353,27.86036283492855,6.682394181373271,changed
B1,S1,60,1.6901332407407392,-0.9599416666666646,73.11800593132874,15.722734162501274,changed
B1,S1,60,3.8249412731481796,3.8247964120370677,80.16890491165351,45.143908593396695,changed
B1,S1,60,2.3459069883527857,-0.6911500092437739,10.68049167989276,3.934417368120573,changed
B1,S1,60,3.498777375670238,3.3672665418747263,117.64665713858652,55.26571599565666,changed
B1,S1,60,3.080736425925956,3.0100303796296375,128.44533424354756,54.29499286495399,changed
B1,S1,60,2.0959499537805515,2.04059449990757,163.35482997507805,26.016707333765417,changed
B1,S1,60,3.688796939813498,-1.9212611342595312,173.1684856363259,25.825703033715698,changed
B1,S1,60,1.3738573240740488,-0.9947540833332112,83.78711265599385,11.153112927581835,changed
B1,S1,60,4.590891999999972,4.590891999999972,185.94233891610108,48.89599580498479,changed
B1,S1,60,3.0355087816601576,-1.925296690700584,165.73199691193705,32.35849575199127,changed
B1,S1,60,1.9679799212962454,1.7735155972222276,137.79928599157023,26.107157971190848,changed
B1,S1,60,2.231881026992053,-0.5628315446478601,106.56391270795496,21.42231338289506,changed
B1,S1,60,2.0691836851851306,0.07036229629627323,78.93314398156996,16.85280462553284,changed
B1,S1,60,1.3152253374006313,0.25885076723975703,77.81573975327149,16.56648856407761,changed
B1,S1,60,3.5020700915139957,3.2295846690700616,172.06846820494044,78.35865728028097,changed
B1,S1,60,4.638897961730396,-0.319795484377857,65.87231700365648,15.63061489693397,changed
B1,S1,60,2.373317550925945,1.4171921435186356,111.8936494469453,25.46089558395041,changed
B1,S1,60,5.322675721020535,5.234523169717104,270.1853070601886,77.83533743033618,changed
B1,S1,60,3.0679203379628777,-0.5500834212962512,74.46572562873317,19.593944484395163,changed
B1,S1,60,10.58817207432059,-10.58817207432059,629.5253863735883,80.96887376448052,changed
B1,S1,60,2.6126839018304175,2.5944857598447513,145.12977519986575,21.154233967721925,changed
B1,S1,60,4.502713615740656,-3.4037473935184304,206.4902840579698,40.64186880787974,changed
B1,S1,60,3.1283176805555484,1.56972989351849,107.7171602907241,17.056071728946424,changed
B1,S1,60,7.385587398148018,7.152411009259134,322.8939310295626,60.66945954558397,changed
B1,S1,60,1.1817290879628826,0.7460260879630554,55.1175487857437,16.121474598831885,changed
B1,S1,60,2.3697919953702478,2.002985254629582,85.75701772407646,32.90180244118749,changed
B1,S1,60,3.1383281412724306,3.0687350023835553,83.76741099038733,40.29550862580397,changed
B1,S1,60,1.602374685709075,-1.0618104316880561,45.84467753702013,12.65197737072095,changed
B1,S1,60,2.5442908300978573,2.403970835644171,139.96975344381377,36.53024700157033,changed
B1,S1,60,2.480655541666569,2.152382106481459,104.68197780176176,53.93658770140814,changed
B1,S1,60,1.860882217592448,-1.2202630694444563,85.5124125711018,21.95730996756137,changed
B1,S1,60,5.176643459974018,-5.176643459974018,320.2787632139152,33.60500266776116,changed
B1,S1,60,9.122301856481341,8.958947939814738,411.92776188019326,78.09065478527191,changed
B1,S1,60,2.6361452440376847,0.4056316555739538,61.25860915328918,22.38184868665091,changed
B1,S1,60,5.50858202070649,-3.7915607968202485,244.6659066244432,42.39197686314493,changed
B1,S1,60,6.596891495370334,6.596891495370334,266.60611378414774,51.45107059072065,changed
B1,S1,60,2.1470196296295057,0.9916653148147634,55.89693905139599,19.91716065287573,changed
B1,S1,60,4.033617840635969,-3.365461120354977,174.05368704627494,48.67164106977403,changed
B1,S1,60,5.908773742835945,-5.908773742835945,277.4394268897,66.26579738913588,changed
B1,S1,60,3.754521361111043,3.3154294722221214,130.21117445916497,48.10362505798547,changed
B1,S1,60,3.3120505277777794,-2.3785827129630155,120.65491920170216,23.8076314518142,changed
B1,S1,60,2.4963748659640883,2.1563423460898394,147.69006851469217,32.96841736986532,changed
B1,S1,60,6.4510792453703365,-5.523764273148123,336.0328604357007,77.4678486501237,changed
B1,S1,60,6.788292151968844,-6.788292151968844,329.7799833717152,60.41212885918985,changed
B1,S1,60,3.8454958541319835,3.246610921612132,184.25759175243024,46.50084248615577,changed
B1,S1,60,3.5857361527778857,-2.557563412037099,157.58243576708827,42.14767969163956,changed
B1,S1,60,8.393952135330007,-8.322890728415612,387.8842171185188,67.97802044894311,changed
B1,S1,60,2.5151153611112,-0.18850453703705503,24.510013193204816,5.650959280080366,changed
B1,S1,60,4.550181378258459,-2.4321136577926032,134.28822379955176,28.23747731417371,changed
B1,S1,60,6.3297615409503,6.3297615409503,339.15545944920103,1883.546955328976,steady
B1,S1,60,6.290937654834526,4.065832034571999,356.34759137679936,95.36648382013291,changed
B1,S1,60,5.0463610462962984,5.015445509259299,300.4070857837666,53.31606622278995,changed
B1,S1,60,2.844799805555486,1.887214601851894,105.54701219878736,68.50562812095954,changed
B1,S1,120,6.527563914351765,-4.704067729166821,522.9742708169397,42.17929828053797,changed
B1,S1,120,4.963491159721814,4.142943909722082,446.0121471743291,31.3197302274436,changed
B1,S1,120,3.2673719259259246,0.13734168981482867,471.0679476912949,37.4835589496385,changed
B1,S1,120,2.15554618518523,-0.008377194444418829,638.9249280702061,41.483059509485855,changed
B1,S1,120,3.9602533171296392,-3.53773140509254,411.81311255837954,26.792707865846104,changed
B1,S1,120,4.6059572199073715,2.3982892615741136,305.4362973299155,31.108177160326026,changed
B1,S1,120,5.311611122685177,5.101262826388954,662.7545949577783,62.74373655410632,changed
B1,S1,120,7.6253828776944035,-7.376595862244321,950.9954573236288,63.9227451554325,changed
B1,S1,120,3.9777014398148087,3.8518853842593104,691.517887503645,56.87546670337952,changed
B1,S1,120,3.806682185185129,-1.5053102824073823,424.0732285442044,35.327487884202256,changed
B1,S1,120,5.629394805555537,5.629394805555537,282.2527425130997,29.609428978495544,changed
B1,S1,120,2.998226013044695,2.6497104056804455,328.2515747213105,38.65041257286865,changed
B1,S1,120,2.3514291123137605,0.9493289596632362,142.82819958065727,21.57825163171418,changed
B1,S1,120,4.251723574074079,-3.722135921296308,257.0591008223301,32.05673879175263,changed
B1,S1,120,3.6435673495370438,-1.6952872893518478,380.4871339266647,38.5612673659264,changed
B1,S1,120,3.3332772689425605,2.4284454482376017,794.3610162259524,71.71893757976383,changed
B1,S1,120,3.9083987152777704,-0.9728524143517194,437.62276823057664,43.3451487666772,changed
B1,S1,120,7.316351465277876,7.316351465277876,979.7037883764516,119.8910025253222,changed
B1,S1,120,4.462403689055506,-4.294881772134339,511.8078040835647,57.40058443092505,changed
B1,S1,120,3.0118564004629986,-1.2970240439813854,19.82205347674342,2.913595253281557,changed
B1,S1,120,4.558525527777889,4.415059509259375,336.66897362237376,55.44869420235125,changed
B1,S1,120,4.146337770833381,4.029721002314844,265.67859182150096,30.083817202278947,changed
B1,S1,120,2.7774648263889032,1.4524273726852015,176.89646772459574,27.510495458695612,changed
B1,S1,120,3.22297637731486,3.038723863425981,116.22999896713397,25.88362860259516,changed
B1,S1,120,2.14640970718849,-0.19694427560359246,97.13176760516478,20.0545551769643,changed
B1,S1,120,3.2696575053196844,3.1638180012027415,248.956016206966,55.310320340217714,changed
B1,S1,120,3.1904623379630532,1.5117974861110468,140.16473679535125,21.38134200361829,changed
B1,S1,120,2.1995635188266953,2.0246799449531476,588.2152679154252,45.26363965600444,changed
B1,S1,120,3.8754805208326117,-2.9730076087963715,502.610584366564,35.322146257289724,changed
B1,S1,120,3.29737466203701,2.1130689583333804,296.66381584942087,26.20335835900367,changed
B1,S1,120,3.6442627037037196,3.4972816666667033,434.355441460898,48.6696799240125,changed
B1,S1,120,2.8491804769173545,-2.065773482745807,412.135945762161,39.588511810406985,changed
B1,S1,120,2.1716758240740073,2.0301197592592324,521.9539407968618,50.90915440397884,changed
B1,S1,120,2.1549743385141684,-0.32643162410957544,286.2606827055751,29.611541496372038,changed
B1,S1,120,1.7055907361110867,0.060113907407385675,171.20301837836618,18.25025225066986,changed
B1,S1,120,2.920971151355328,2.3523170297899756,315.1671617321348,45.722212013993165,changed
B1,S1,120,4.045863761679984,1.5484447867517934,249.5275369926912,38.92650047687337,changed
B1,S1,120,3.479616932648728,0.298630375150338,127.66939063163709,16.594227501184733,changed
B1,S1,120,3.3765400416666904,2.1906505462963386,365.7567538805785,46.49863361060368,changed
B1,S1,120,4.996567906374348,4.95245493107596,441.834852062746,60.69959993791471,changed
B1,S1,120,5.122047923611074,-3.8631294652777606,430.4487018338499,37.186662178030346,changed
B1,S1,120,9.850916220279371,-9.82047407484502,1176.6327641287364,80.39601894488058,changed
B1,S1,120,4.0932344620225,4.084127814784045,522.3272878875117,43.71728963401026,changed
B1,S1,120,5.218025486111039,-4.43700874999997,473.55519081995874,41.52687321154136,changed
B1,S1,120,3.9348048356480936,2.3860704513888127,266.4559072970481,22.86212889066417,changed
B1,S1,120,8.865806743055536,8.749218548611095,682.4072420292512,78.01970090916554,changed
B1,S1,120,1.7986626990739683,1.4295056712963188,118.49702827939016,19.64575813279584,changed
B1,S1,120,2.68038610072873,2.4408601285065687,175.69068298542706,37.47044434062865,changed
B1,S1,120,2.212250216469522,1.7644924896176368,144.50122337366437,25.34066096870904,changed
B1,S1,120,1.9241511217504355,-1.2216307590897757,143.54477138047258,19.254492621021537,changed
B1,S1,120,4.057075814136293,3.986857398926746,170.163485939409,29.44632472949514,changed
B1,S1,120,2.1214913194443312,0.5460595185185009,204.742893551321,35.05284860747189,changed
B1,S1,120,3.65761512268511,-3.1360706458333283,297.96694557526,29.62917057368553,changed
B1,S1,120,5.218937084836606,-1.6817601628272625,297.02256268183146,20.036159567345525,changed
B1,S1,120,11.189178856481368,11.107501898148065,204.59323609419735,25.53594150495857,changed
B1,S1,120,4.305349882042848,-2.092091842446223,386.7710697189238,45.457066524547066,changed
B1,S1,120,4.376289279767009,-3.3477045309465194,329.1407275484276,30.007732685080864,changed
B1,S1,120,8.599278405092548,8.599278405092548,755.9875846605217,94.56744189403904,changed
B1,S1,120,2.5017301712962445,0.34448412037033677,79.85146638571725,12.510900707976182,changed
B1,S1,120,4.202387461837319,-3.868030934869062,226.80289494941303,29.21645935769893,changed
B1,S1,120,4.7151606277176255,-4.6826938685354955,319.2140191125998,46.25584614317404,changed
B1,S1,120,2.9766848055555153,1.328423379629553,160.72841303640212,20.64465552347826,changed
B1,S1,120,3.115154166666676,-1.8735556388889223,223.00320696938493,23.356860438247672,changed
B1,S1,120,4.009347405092646,2.318895942129647,252.6818032472208,28.65701130172033,changed
B1,S1,120,4.101599724537028,-2.2417330162037152,278.31498858203594,59.19466012284495,changed
B1,S1,120,5.856822872143548,-5.533708832916965,371.2509865587035,39.405518138689885,changed
B1,S1,120,3.812001433990218,3.4293714543435736,121.53100561055652,15.773703425423562,changed
B1,S1,120,4.961362863425972,-4.202371145833364,412.60047041482335,43.68527710552764,changed
B1,S1,120,7.322295587010825,-7.1866445045795295,363.8650391316341,36.205993218477545,changed
B1,S1,120,4.293964053240774,2.9246520532407314,340.1744268137492,68.55716682868797,changed
B1,S1,120,3.806102130169291,-1.2376575654546742,218.14051914402685,26.981692785550056,changed
B1,S1,120,5.7714879544823665,1.7176658664076387,506.2954404786884,85.95878196603832,changed
B1,S1,120,5.672395001850329,2.4669711559811422,579.7539982578331,61.77153340443708,changed
B1,S1,120,8.193127379629638,8.177669611111138,979.4374135523976,130.47824135465163,changed
B1,S2,30,3.4601802921057065,3.4601802921057065,90.4997611662054,30.900813798496213,changed
B1,S2,30,5.112243842592753,5.112243842592753,130.9341962664102,70.35111044959949,changed
B1,S2,30,1.7323585555555383,1.7279558333333263,40.8661501277516,17.54818742181892,changed
B1,S2,30,7.676050379629908,-7.676050379629908,170.67411001506383,73.92974786956245,changed
B1,S2,30,0.9402965648148074,0.7294686944442806,23.951798243506907,14.82320869726983,changed
B1,S2,30,1.170443712962907,-0.6563285092594625,22.538673497331256,11.007563023106046,changed
B1,S2,30,1.975620657407463,1.2605050833331815,40.40217201028584,26.463545961731327,changed
B1,S2,30,2.1185699166662646,-1.5570993796294468,51.767859905659165,24.592393779589223,changed
B1,S2,30,3.4381916851853416,-3.2321408703706123,101.95729698811584,33.389879642525855,changed
B1,S2,30,4.047185250000086,4.047185250000086,94.74964831195074,27.30107909964389,changed
B1,S2,30,4.581339046296468,-3.7729386759257992,108.69982255267364,56.65636027403619,changed
B1,S2,30,3.8713376759260836,3.869766527777959,94.12098343193728,30.97045235196101,changed
B1,S2,30,2.1426599259262153,1.4280907777781215,36.78769922029445,23.34149177899021,changed
B1,S2,30,1.2424619907408672,-0.6928085833335195,31.37616499384741,25.14096463697429,changed
B1,S2,30,3.9631778148148515,-3.7457122777778227,96.78872071515256,48.0436978533012,changed
B1,S2,30,1.4044887037039635,-0.9815699814817763,14.542606825688756,7.561064181024507,changed
B1,S2,30,2.8140131111109685,1.5039915555554064,47.37368557296342,50.602269659299374,changed
B1,S2,30,3.238170694444708,0.8711168796294055,50.283445470209934,40.71879936727456,changed
B1,S2,30,4.579103361111585,-3.6965977685188123,125.38319956204816,54.47080143682389,changed
B1,S2,30,1.9481945648146957,-0.08897054629624739,21.452548117823905,13.761328130912544,changed
B1,S2,30,2.712696592592588,-1.6470229629627928,51.29646560041724,23.664871642246585,changed
B1,S2,30,0.7224964629628625,0.6376929444442991,16.71342843221798,14.964404736271137,changed
B1,S2,30,2.6822254166668427,-2.658480046296482,65.91113647658318,79.39822216201523,changed
B1,S2,30,2.0722482314815442,-1.8105717314814596,38.80981943259448,24.908446849125504,changed
B1,S2,30,1.0193028240743172,0.9849046574075923,23.890977127643424,11.34912174731397,changed
B1,S2,30,2.8004357499999037,2.0783433611107713,50.463432968893535,27.034166277350007,changed
B1,S2,30,4.442924046296151,-3.5122947685181316,105.25912544974436,66.24385291693146,changed
B1,S2,30,1.9211502222222907,-1.9211502222222907,68.27535154124132,16.7118562095342,changed
B1,S2,30,7.34496071296336,7.34496071296336,24.37184151666501,11.208553015433631,changed
B1,S2,30,1.6346447314815673,-1.6346447314815673,48.828784858344,11.446215051890526,changed
B1,S2,30,0.3554512314815565,-0.29485882407410363,26.3979950550102,6.3065904063988425,steady
B1,S2,30,3.126656851852505,2.148537759259662,67.57148876976999,45.33045380842076,changed
B1,S2,30,6.1904193425927305,-5.722293157407628,168.4496242641835,83.67009155863718,changed
B1,S2,30,4.958982314815002,-4.958982314815002,160.98630937747652,38.170626352914816,steady
B1,S2,30,3.865671222222934,2.639840222222762,76.94883941818497,24.96408037773217,changed
B1,S2,30,5.799821990740718,5.775823546296227,172.65883982856883,114.15749448639475,changed
B1,S2,30,8.79127662962976,8.79127662962976,240.18500781038705,212.11475315855452,changed
B1,S2,30,9.58037298148202,-9.58037298148202,217.19572625839567,75.77552780045521,changed
B1,S2,30,3.3974887314814777,-0.05341128703712703,34.42425031177343,10.722463800623984,changed
B1,S2,30,4.595361407407732,1.2942864259263045,45.30989407327434,21.84522485887356,changed
B1,S2,30,2.5692841944446667,-1.7773456944447101,80.50215190425938,27.167663011387816,changed
B1,S2,30,4.043001629629586,4.043001629629586,119.81560351812873,181.0303635865357,steady
B1,S2,30,1.1775803425925522,1.1755935277777043,33.33047227659929,167.15980772900167,steady
B1,S2,30,4.846609759259588,-4.791942648148476,116.5930608827569,57.91397989971966,changed
B1,S2,30,3.2187792314817743,-0.19822706481480584,82.16541579984052,35.48733808601795,changed
B1,S2,30,1.897988055555691,-1.817301629629825,21.82381816236729,7.925035918198221,changed
B1,S2,30,10.583761675926514,10.583761675926514,318.11668877133616,668.8936673311076,changed
B1,S2,30,3.756700750000185,3.7393488240742774,100.35387101384278,61.23309899506578,changed
B1,S2,30,2.007698925926026,1.9040343888889708,37.54574192610573,13.504143927465838,changed
B1,S2,30,3.5925146759259032,-3.254470638888903,92.4368531041686,29.406371840346974,changed
B1,S2,30,1.827780657407607,1.827780657407607,56.30844940047152,21.88597851964145,steady
B1,S2,30,4.608887935185644,-4.608887935185644,138.30102262921167,62.32507441908995,changed
B1,S2,30,3.978796749999783,-3.978796749999783,109.6817032232398,39.57271791644815,changed
B1,S2,30,3.3031593055557398,-3.3031593055557398,83.82894158198731,24.335277667058502,changed
B1,S2,30,8.326812416667554,8.32600730555635,250.3802113093764,123.96711843774293,changed
B1,S2,30,1.139594731481815,0.6699192500002903,35.44688563807822,8.18272654021481,changed
B1,S2,30,5.268830351851918,-2.138044351851293,72.4646042874106,32.02050925220035,changed
B1,S2,30,4.729263518518969,4.144794166667319,128.6331836544188,50.1600942340688,changed
B1,S2,30,7.7836055740747225,6.3902993888898205,192.3201806088045,62.89923674913513,changed
B1,S2,30,1.1451421111109705,-0.7277707407404244,33.947207552299034,15.438984211357171,changed
B1,S2,30,1.966024879629625,-0.8946065462962629,27.299646567792838,18.282551995000308,changed
B1,S2,30,11.210246129629699,-11.210246129629699,334.56105987851424,74.81344046768767,changed
B1,S2,30,6.136721777777851,6.136721777777851,179.51515317165098,107.8772935200886,changed
B1,S2,30,2.6283532037041346,2.543368074074556,87.90007634835843,13.99628294383466,changed
B1,S2,30,1.7554238888889646,-1.7554238888889646,72.54341014596125,19.80317362835159,changed
B1,S2,30,1.4220848148151584,0.4642884074076568,59.24303342786762,14.575171313127209,changed
B1,S2,30,2.393209185184913,0.21996705555568014,27.47051378504012,21.687857614588157,changed
B1,S2,30,12.555308981481879,-12.555308981481879,370.50404949373626,76.17283218593144,changed
B1,S2,30,7.38568687037075,7.368871388889185,244.1926532318492,44.484982723092415,changed
B1,S2,30,2.1441090740741227,-1.6717069074076158,119.497238518355,14.599135878737243,changed
B1,S2,30,4.400452111111081,-4.162395185185058,126.05288019402948,42.258980920676606,changed
B1,S2,30,2.9099358240738584,2.9099358240738584,65.46704049785636,31.863577893397185,changed
B1,S2,30,3.0297713796296764,-3.0213256203704653,93.49064454909376,92.544635120561,changed
B1,S2,30,2.151472518518655,-1.7568829814811833,59.783852918763365,24.19089002582772,changed
B1,S2,30,3.304391259259217,3.2089285185183396,86.00206496491163,55.02158232130744,changed
B1,S2,30,2.2776223240739206,-2.060190342592528,51.39252724086502,25.74657725665109,changed
B1,S2,30,7.512013694444712,7.512013694444712,188.8941196955412,144.4334252487004,changed
B1,S2,30,1.4358270462960916,0.7117727870371647,28.227659741756973,120.7974592474476,changed
B1,S2,30,2.250832712962975,-1.8792626944443842,78.2974134342918,14.382925809963895,changed
B1,S2,30,6.064960388888893,-6.064960388888893,186.27152893652143,24.55049708632477,changed
B1,S2,30,4.541031768518857,4.455097472222465,66.70098761102928,22.870691611216937,changed
B1,S2,30,1.7112323055556757,1.7112323055556757,48.241650539537545,37.78169625451115,changed
B1,S2,30,3.333402185185123,-3.333402185185123,97.04849983074536,42.31132912892674,steady
B1,S2,30,1.0478332499999654,0.18084963888887914,21.80633300603327,13.410303671007744,changed
B1,S2,30,4.970258787037572,-4.970258787037572,97.8195726458102,64.09177020713597,changed
B1,S2,30,2.251445787036762,-1.9216339722220597,45.06070507771425,18.48408371656638,changed
B1,S2,30,3.0182727407410046,-3.0067560925929016,50.36787442329189,22.8524657644534,changed
B1,S2,30,2.237157194444578,2.0744162685187826,65.62272175412143,21.44892591348096,changed
B1,S2,30,3.9112760925925985,-3.2664118888887286,31.108710733684475,19.46151587792405,changed
B1,S2,30,2.758753277777793,1.703401870370443,72.13763333600244,28.07623526140784,changed
B1,S2,30,1.0012538240741697,-0.3198294166663789,59.35530106968381,23.21895976750256,changed
B1,S2,30,1.8591440833334385,-1.8591440833334385,68.0050419715806,23.9081514601734,steady
B1,S2,30,3.169157361111367,2.5310895462960548,88.68447065080943,266.2599348331151,changed
B1,S2,30,0.370817351851951,-0.16180077777777005,31.28919887007582,6.847521668338965,steady
B1,S2,30,1.0871032777778775,-1.0871032777778775,74.19977843309884,15.960892632648408,steady
B1,S2,30,2.023983249999954,-1.0305973425925472,53.67082973540198,15.439340796028056,changed
B1,S2,30,5.752919787036988,5.7359826574074635,154.98946678151023,75.94176283693382,changed
B1,S2,30,1.1856080092594732,-0.13785871296296942,41.372824344148896,13.98745718155059,changed
B1,S2,30,2.53785117592591,2.2194547870372343,57.38385592393329,24.71222783485536,changed
B1,S2,30,3.212032268518526,2.7506848981482475,49.99323083750228,26.175742711659645,changed
B1,S2,30,1.5538164814814848,-0.6121310185183189,61.169512941249366,18.210342539741617,changed
B1,S2,30,5.27575871296323,4.503591398148488,84.9048298447048,21.04488903249826,changed
B1,S2,30,1.405893796296203,1.162629759259074,35.26114962273748,21.43139776410348,changed
B1,S2,30,14.741130916667105,-14.741130916667105,419.4428836267309,94.93373349075624,changed
B1,S2,30,11.271994416667,11.271994416667,283.1921287963281,142.5229796516543,changed
B1,S2,30,3.6785489351851828,3.672645583333263,118.4984581009942,126.18606107558271,changed
B1,S2,30,1.4883179166667577,-0.03783287962979041,27.42106656646704,18.65145968890172,changed
B1,S2,30,0.8724608703703706,-0.7687935185185663,83.51708215781684,22.774982470207974,steady
B1,S2,30,9.525366833333777,9.49675670370412,284.44342253926726,250.18177172277197,changed
B1,S2,30,5.963606287037329,-5.963606287037329,170.64197685978863,95.6973789049301,changed
B1,S2,30,2.5662538518520015,-1.7470705185185307,70.8655534655281,23.691043032991047,changed
B1,S2,30,3.199859634551376,-3.199859634551376,90.60384385247038,32.28289566550623,changed
B1,S2,30,0.9997427592592522,0.8121921851851865,32.68723983677661,12.370083060670964,changed
B1,S2,30,6.2441455833335615,-6.2441455833335615,108.4906821316322,51.20268331104793,changed
B1,S2,30,3.3072920370371035,-2.2914307407408696,42.45964393233858,16.692328790699236,changed
B1,S2,30,8.067988592592464,-8.067988592592464,108.2379766926092,40.10776869730472,changed
B1,S2,30,2.268239703703702,-2.268239703703702,96.211067982505,25.3271483591994,steady
B1,S2,30,6.39295844444469,-6.39295844444469,189.24604657858643,60.179835732786096,changed
B1,S2,30,7.674264888888763,-7.674264888888763,231.8911773868383,55.96029756891986,changed
B1,S2,30,1.9353163425923958,-1.9353163425923958,50.91416939075797,19.287476369751847,steady
B1,S2,30,3.3145328703704062,0.504559481481312,30.71595096596957,19.635817696863867,changed
B1,S2,30,3.8468085555552816,3.7484890185180864,110.77151119287085,79.13363840769438,changed
B1,S2,30,5.421323092592783,-0.7567353888893353,125.25190786818372,39.94444239336497,changed
B1,S2,30,3.6912370462965383,3.430887583333499,88.60201078758463,22.3437692316669,changed
B1,S2,30,1.732248138888953,-1.732248138888953,100.07684819452122,14.44960190043522,steady
B1,S2,30,3.6361657129629354,-0.8952104537042392,36.77860942354674,7.5460359848346386,changed
B1,S2,30,7.234130240740985,7.234130240740985,223.38857984932812,50.49833867368192,changed
B1,S2,30,5.573044444445401,5.573044444445401,181.9557312370156,37.65540798443012,changed
B1,S2,30,5.435534240740756,-2.6209667222230566,109.204863788607,21.903421612986,changed
B1,S2,30,10.026156240741422,10.026156240741422,272.44992895044777,67.51786516800873,changed
B1,S2,60,4.776232535387253,4.776232535387253,162.22341308023482,46.77185393375387,changed
B1,S2,60,4.2176027638888804,4.2176027638888804,240.6972090493052,56.627986500152986,changed
B1,S2,60,3.115722773148288,3.0371028009260552,168.1807818179187,43.4016586025869,changed
B1,S2,60,7.705378444444529,-7.705378444444529,307.2063686674231,66.34309024083548,changed
B1,S2,60,1.3152176296296783,0.3558670555553823,51.72691263832056,14.85240530778379,changed
B1,S2,60,2.20432356944449,1.1085132175926427,57.90482261604885,19.06132101967127,changed
B1,S2,60,2.4013143425926486,0.6579577314816033,93.7729616159619,27.549816921957515,changed
B1,S2,60,2.665910388888648,-2.3849459907405746,171.59619535751187,35.5476441399933,changed
B1,S2,60,5.622777870370494,-5.519752462963129,350.23577594113766,47.45319497135749,changed
B1,S2,60,6.49351577777793,6.49351577777793,349.8780241097938,63.623454421777886,changed
B1,S2,60,5.611621259259522,-4.496584305555789,262.4937802827346,61.23150934534334,changed
B1,S2,60,5.577621365740845,5.576835791666784,269.2932803807181,52.90840590456741,changed
B1,S2,60,3.802362879629731,3.4450783055556835,176.31627163929392,90.04841039084799,changed
B1,S2,60,2.1308742685186424,-0.8500505833333276,70.26920634695027,27.052605194364173,changed
B1,S2,60,3.811878712962848,-3.703145944444333,44.57084686491861,11.14114301465712,changed
B1,S2,60,1.8283748194445018,-0.5005812824075593,16.400836440268463,4.607141217077728,changed
B1,S2,60,2.73104562499993,-0.23846420833338453,49.06672274622768,16.82187019977612,changed
B1,S2,60,3.8710444212964057,-1.7768720509259122,134.49598356680104,33.16859153184343,changed
B1,S2,60,4.561680768518709,-3.809601083333317,243.2838185921985,52.07389204491148,changed
B1,S2,60,2.509633611111048,1.1706792129629802,86.27844978079135,36.47870693775386,changed
B1,S2,60,2.9464635286150176,-2.0312820471332516,72.0934132707877,15.758744623557597,changed
B1,S2,60,1.9143330231481215,1.8719312638888395,84.40416076678339,55.71459151905458,changed
B1,S2,60,3.451208629629651,-3.439335944444471,147.48524964692345,69.09092848309884,changed
B1,S2,60,2.5396189398148756,-2.408780689814833,83.40509168777328,23.9729514216706,changed
B1,S2,60,1.4806448425927095,1.4454401481482828,62.762099798461215,15.925001933126635,changed
B1,S2,60,3.0489768888888498,2.483667240740496,35.51433875606881,10.167919389681687,changed
B1,S2,60,5.004205314814996,-4.215626768518645,25.62806297802775,7.096608381545976,changed
B1,S2,60,2.2851470370369564,-2.2851470370369564,222.99313740153917,26.550644885447344,changed
B1,S2,60,5.4075062592593195,5.4075062592593195,155.24893072341632,28.133200357976595,changed
B1,S2,60,1.7962832453703235,-1.7962832453703235,140.69257730586912,16.284929140691826,changed
B1,S2,60,2.441067875000336,2.115912847222506,164.35628108163752,23.670379652059395,changed
B1,S2,60,4.968817009259505,4.479757462963083,271.1923885915267,168.74042323111232,changed
B1,S2,60,5.672323481481552,-5.338106129629739,320.6236793086666,83.92627368504014,changed
B1,S2,60,5.117653837963148,-5.117653837963148,394.4863275914378,46.18813580966391,changed
B1,S2,60,8.366007662037392,7.753092162037306,459.2052371357056,147.57006507783757,changed
B1,S2,60,4.197657837963104,2.2837189861112606,142.5784497295048,27.8079048397722,changed
B1,S2,60,10.54630833796294,10.54630833796294,577.2832761286336,473.89648699256014,changed
B1,S2,60,11.57759785648186,-11.57759785648186,561.4872332072333,81.01292901527871,changed
B1,S2,60,3.3752954583332233,-0.1852878287036561,199.16111423110345,30.5997568287798,changed
B1,S2,60,3.2721293148147885,1.5242450185184362,151.97859807784724,37.757838996772726,changed
B1,S2,60,4.168473486111323,1.1740546435186452,135.66519995214907,32.59768988607845,changed
B1,S2,60,4.342497629629572,4.342497629629572,260.4817747843714,230.38979181297088,steady
B1,S2,60,1.0150854074073936,0.7886347962962815,48.66330231555551,77.87528847040235,steady
B1,S2,60,4.812820972222307,-4.75970161111128,203.25368818970375,50.71819894793343,changed
B1,S2,60,2.996176305555613,0.7283351018518878,139.46508268084864,34.35773769901542,changed
B1,S2,60,2.707467879629671,-2.662679731481571,109.73242411471672,18.22552306522285,changed
B1,S2,60,11.380594194444738,11.380594194444738,680.1861373020398,1402.408189605606,changed
B1,S2,60,3.076503004629714,2.8775604398148418,185.0601995739938,48.44723034863469,changed
B1,S2,60,1.9815391018519093,1.5452163240739105,71.37128977355067,12.33017608602891,changed
B1,S2,60,5.048867458333481,1.6233022083335,116.02093970301456,34.28424738383049,changed
B1,S2,60,2.131099300926268,2.1212617638890916,136.03215350887336,27.270121361261527,changed
B1,S2,60,4.50990849537053,-4.50990849537053,268.50769142120447,61.39463339316156,changed
B1,S2,60,4.2804490740738705,-4.2804490740738705,245.4480431159107,42.8007348341573,changed
B1,S2,60,5.348534111111205,-5.348534111111205,302.7222424203769,37.26497538005644,changed
B1,S2,60,7.099138569444573,7.053624717592629,430.56496587561975,89.35190804413908,changed
B1,S2,60,6.1147876435186195,5.879949902777857,362.4174175745288,65.15532538810065,changed
B1,S2,60,5.0430689907408235,-0.5879053425926464,107.1365528758292,29.64461295149141,changed
B1,S2,60,4.989732504629793,2.552744171296128,215.18148724752533,35.2614881308473,changed
B1,S2,60,9.738155611111196,9.041502518518746,451.8580996839093,99.29759139576154,changed
B1,S2,60,2.4023940324072792,1.4285273194445818,137.4617685638501,44.08586645767019,changed
B1,S2,60,2.6557066620371512,-1.74458806944452,99.24542835123582,28.35995908684951,changed
B1,S2,60,10.919623504629543,-10.919623504629543,666.0748935030472,75.88711173620158,changed
B1,S2,60,6.23976641203709,1.311887347221794,68.72665663916375,11.036279375405282,changed
B1,S2,60,6.890686875000262,6.848194310185472,426.31390558537385,42.59374054410528,changed
B1,S2,60,2.2459320185185394,-2.2459320185185394,214.27560614786125,28.07987023857581,changed
B1,S2,60,3.2586070231484565,2.776415513889133,170.483518605037,25.219607872122467,changed
B1,S2,60,2.3102486620369347,0.9841449583334004,26.18041350683002,12.57306909320044,changed
B1,S2,60,15.653153333333806,-15.653153333333806,921.3666394461736,79.5059156405071,changed
B1,S2,60,4.518889578703881,3.4821442638889177,438.1104274139244,32.858558540341306,changed
B1,S2,60,4.557057930555964,1.12094709722257,454.7199786812845,30.8959932075301,changed
B1,S2,60,3.404056620370437,-3.27587964814818,192.0538602008525,35.28943435206235,changed
B1,S2,60,3.6507350370370166,3.5296338611110634,187.2451847964769,50.11856244068035,changed
B1,S2,60,5.634109657407495,-5.629886777777889,340.0854665564641,94.93010180734994,changed
B1,S2,60,2.1174924351852127,-0.435140092592513,109.26729101260294,26.27616243915627,changed
B1,S2,60,3.1505397638889114,2.273706986111134,105.34415685361348,28.54479229551045,changed
B1,S2,60,3.4544565324074408,-2.390190439814829,147.72629411668066,35.22467495219421,changed
B1,S2,60,8.210682805555583,8.210682805555583,247.9841410657088,112.8522690343166,changed
B1,S2,60,7.22041367129661,-6.146269819444814,353.536195517526,77.13023892969457,changed
B1,S2,60,2.543715032407621,-1.3606022361112782,305.08795260923665,28.784367249139247,changed
B1,S2,60,5.059842324074093,-3.51571939814785,337.86645595326985,24.719573352179847,changed
B1,S2,60,5.235987134259553,5.1930199861113575,234.6307165008629,43.401888361376464,changed
B1,S2,60,1.6226796944444584,1.5978904444444388,52.192605982022215,19.8829198600686,changed
B1,S2,60,3.0320046712963222,-1.2152080324074233,78.93411151483986,23.740199141390807,changed
B1,S2,60,2.0144903703703614,1.386812842592659,63.14585907256225,24.82132886975206,changed
B1,S2,60,6.335818736111358,-6.328939263889132,260.8038432848437,67.37973192885433,changed
B1,S2,60,2.054777810185003,-1.1386623935183087,14.813751064275015,3.356350329925351,changed
B1,S2,60,4.531559319444616,-4.525800995370564,234.54429450731223,44.06331145666896,changed
B1,S2,60,4.196118435185395,4.1147479722224976,273.77310318123136,55.774534437143615,changed
B1,S2,60,5.289358805555785,-4.96692670370385,186.7178533781186,44.23250530916389,changed
B1,S2,60,2.3488905138887968,1.8212148101851222,141.03371423140064,27.756757514302503,changed
B1,S2,60,1.344776754629662,0.6718726898149102,163.45280982790666,36.09047306561319,changed
B1,S2,60,1.8211809907408065,-0.7220058055554035,101.03534692327132,20.130688922291924,changed
B1,S2,60,6.6008113148150755,-3.7506878611113645,335.3790567894721,75.6931365790392,changed
B1,S2,60,0.547557828703845,0.20691218981489057,159.83543913735633,17.88169568036256,changed
B1,S2,60,1.5280874861112868,0.04029405092603269,188.2838994793794,21.80776081166273,changed
B1,S2,60,1.6211159768519479,-0.7914233101852757,164.18924900086628,24.064190222758885,changed
B1,S2,60,4.279849481481442,3.5085826203704173,223.39566311096613,41.12048640372008,changed
B1,S2,60,1.2218975833335368,-0.6365355277778727,154.26129508141727,24.792904914239383,changed
B1,S2,60,3.7766796203705546,3.6174814259262167,14.040840273311376,3.680106976237532,changed
B1,S2,60,2.8632380972222027,1.8927511620370538,34.26549539567956,7.890153800860896,changed
B1,S2,60,3.7772231944445487,0.6165137777776077,75.45643447524786,12.57579101130865,changed
B1,S2,60,8.343946643518816,7.957862986111444,329.70778430854,54.79883895758915,changed
B1,S2,60,1.8811087129628943,1.2560012777776923,80.83806592590871,24.949802080240275,changed
B1,S2,60,16.32517255092612,-16.32517255092612,916.1593193767392,93.57915160589836,changed
B1,S2,60,11.52835057870399,11.52835057870399,546.0880138265557,142.2411463525389,changed
B1,S2,60,2.680789759259079,2.6778380833331195,187.37887113804103,75.55012836847439,changed
B1,S2,60,2.0892746944446383,0.8649031111111976,25.4620109271344,10.590616338112776,changed
B1,S2,60,0.9403211250000567,-0.8616385046297019,131.05581694616097,17.708530907655856,steady
B1,S2,60,8.947411425926118,8.933106361111289,464.6521624416456,176.9237042053762,changed
B1,S2,60,7.214985791666695,-7.214985791666695,369.4633545287924,85.49356594875536,changed
B1,S2,60,2.412029787037153,-0.7897848888889026,123.99931625472315,22.899629855254737,changed
B1,S2,60,3.141721034387009,-2.746094264189157,103.36541857029265,19.3559385089332,changed
B1,S2,60,2.329274421296386,2.2354991342593533,142.64217531576037,32.112934933340256,changed
B1,S2,60,6.841236472222331,-6.841236472222331,257.40880374883926,55.99400814284768,changed
B1,S2,60,3.7187090509258556,-1.3187698009258744,50.08812514803833,11.107101495371632,changed
B1,S2,60,8.024097129629654,-8.024097129629654,171.50807671917232,31.861351461752424,changed
B1,S2,60,2.402685134259274,-1.2455564120368796,276.66626451327824,39.54239687635079,changed
B1,S2,60,6.311289680555661,-6.3071201435186,340.95267029136284,54.63378301390684,changed
B1,S2,60,4.7382784013086825,-4.640798006098719,163.54144714192603,25.255379023298776,changed
B1,S2,60,2.2269287546295486,-1.9997691064812628,150.6526677427317,28.27593094146317,changed
B1,S2,60,3.37002687500013,-0.9677442731481066,113.42377115753249,28.252433388655646,changed
B1,S2,60,2.4870983148147885,2.145050453703715,123.8728904623247,32.931902613044215,changed
B1,S2,60,6.7679029212963515,-4.435609069444628,394.6651024057505,46.5401638103594,changed
B1,S2,60,3.1970586851854326,0.44902302777763947,292.75453220822914,30.066736871176516,changed
B1,S2,60,2.672713222222462,-0.2042403240738012,260.07687980106624,20.07055056235492,changed
B1,S2,60,5.589160259259233,-4.218682629629885,308.1708121044815,26.22556257574422,changed
B1,S2,60,4.256612435185181,3.9104082407407548,395.2356264426038,36.38254451817323,changed
B1,S2,60,9.936059671296674,9.936059671296674,609.3585702312531,86.15986231958917,changed
B1,S2,60,7.61395181481481,-6.206668055555961,482.3019331102717,39.78016303083623,changed
B1,S2,60,13.100323273148437,13.100323273148437,742.5823295377376,118.766535816936,changed
B1,S2,120,5.711484831551715,5.711484831551715,528.9531380502846,147.8386727467836,changed
B1,S2,120,4.492352782407468,4.492352782407468,436.2975702463327,53.651619170917456,changed
B1,S2,120,2.931921613425937,2.4108621782407633,193.10307733446683,22.690809161648687,changed
B1,S2,120,6.769755694444574,-6.769755694444574,54.569745312636535,6.721824191424065,changed
B1,S2,120,1.759646784722264,0.7371901365740128,158.95984335015427,24.35210064451737,changed
B1,S2,120,2.300604090277834,0.7832354745371229,217.3985528133534,33.738544665481726,changed
B1,S2,120,2.914348018518631,1.8307861620370276,300.9283047716298,55.09627595911838,changed
B1,S2,120,4.702959425925901,-4.562349226851852,543.0026381627324,44.457517509738594,changed
B1,S2,120,4.712691745370395,-4.0881183425926,493.1054598472704,38.24439389879621,changed
B1,S2,120,7.523465736111071,7.523465736111071,552.3088104167791,56.41699103721282,changed
B1,S2,120,5.747392733796369,-5.189874256944503,552.3998894582749,58.823035159327766,changed
B1,S2,120,8.221349835648265,8.220957048611234,617.7040403770247,87.54317885992471,changed
B1,S2,120,3.1681133055556763,2.917513861111178,325.0585837612156,71.31129986264489,changed
B1,S2,120,2.576135756944557,1.0785096828703935,163.5933867898625,55.8893640625788,changed
B1,S2,120,3.5321743217592636,-3.3268636134259464,81.11715822938534,10.71936032249609,changed
B1,S2,120,2.226851249999999,0.03547725462952831,41.840832245415264,6.454209488747815,changed
B1,S2,120,3.380731518518499,-1.1876681296296487,170.18358090199217,24.388592575416904,changed
B1,S2,120,3.935897525463088,-2.2882365671296143,286.07266727086846,32.77039475223508,changed
B1,S2,120,3.5180677777778904,-1.8844609351851687,256.3743832095327,36.41001880403527,changed
B1,S2,120,2.8959118661593166,-0.6803014170851356,18.446917306235594,2.654772580123164,changed
B1,S2,120,2.9492197388445582,-1.7472116693999782,155.84221509142813,17.676938085228567,changed
B1,S2,120,1.8592839606481175,1.3762976597221843,75.27319745453784,20.60680636690278,changed
B1,S2,120,4.579994659722242,-4.574058317129652,333.19911562523646,59.314848255947766,changed
B1,S2,120,2.857089395833296,-2.791670270833275,73.02942548908209,9.831452387618674,changed
B1,S2,120,2.2205552824074815,1.8195536944443889,66.92384295699068,8.99736242650074,changed
B1,S2,120,3.571396282407424,2.379020236110926,188.47368922105773,26.499300223639164,changed
B1,S2,120,8.619676175925976,-8.2253869027778,732.0449293882776,60.892446716002006,changed
B1,S2,120,2.602085379629635,0.1261796111111814,483.72302703575326,34.72755502878872,changed
B1,S2,120,3.034601590277811,2.7956115069444984,536.4980094329072,37.86021188298823,changed
B1,S2,120,2.122686393518643,-0.38018519907390885,450.8794550093933,28.908536678809565,changed
B1,S2,120,2.551646814814835,1.8740514212962838,329.40532372378414,23.170100540836,changed
B1,S2,120,4.522120092592769,2.640825666666672,68.50387832668594,12.612399134348252,changed
B1,S2,120,9.41998865972235,-9.252879983796443,1137.650605064045,91.943544583311,changed
B1,S2,120,6.033918814815003,-0.5922808379629214,606.632245431775,51.99750623245711,changed
B1,S2,120,10.616056143518692,10.309598393518652,1195.1374333472545,380.4426524369827,changed
B1,S2,120,6.526983087963021,5.5700136620371,663.9902184239021,104.58430731156716,changed
B1,S2,120,6.519934476851725,5.75435524074054,998.5298674644102,122.45881060873296,changed
B1,S2,120,11.236442842592758,-11.236442842592758,1156.0342934109892,85.92882058504469,changed
B1,S2,120,3.919553585648061,1.8944785949073903,701.2240582692439,66.5064240177597,changed
B1,S2,120,3.717161340277871,1.4141498310185399,532.8322873808648,65.02942174936133,changed
B1,S2,120,4.631106761574175,2.872843418981551,302.9371680741001,47.98133250299591,changed
B1,S2,120,4.780566212962927,4.780566212962927,579.1448641019513,329.54759889213403,changed
B1,S2,120,2.966597814814856,-2.0455334074074996,202.58185231685087,43.71458208194054,changed
B1,S2,120,4.945236212963012,-4.825683254629696,312.2103247409664,38.663926153663546,changed
B1,S2,120,2.801897976851866,-0.9071723148148417,210.9859312478852,20.919022982418596,changed
B1,S2,120,4.719912703703786,1.958957231481584,299.25460344954274,45.92746993216039,changed
B1,S2,120,10.386178087962936,10.386178087962936,1113.6818360308146,513.0853946348512,changed
B1,S2,120,2.390621474537158,1.2363883819443755,62.3461236987901,6.481603567061315,changed
B1,S2,120,4.1021423263890915,3.5542592662037062,400.73142499572094,43.63239285348861,changed
B1,S2,120,4.266595421296305,1.086726597222186,54.939767081781376,7.421827165051825,changed
B1,S2,120,2.662543648148235,2.645676634259282,399.3485468219222,42.6429272001018,changed
B1,S2,120,5.6701787847222,-5.6701787847222,541.6415375136908,53.546616209372274,changed
B1,S2,120,6.259491592592538,-6.259491592592538,651.4913015655479,46.981515523915846,changed
B1,S2,120,5.325313618055628,-2.5974546967592875,413.7938544694677,31.93506926996843,changed
B1,S2,120,6.5891104675927235,6.431787310185243,862.4977738304895,82.96330601577378,changed
B1,S2,120,7.6284411504629865,7.511022280092605,951.0960761901584,103.52546662597484,changed
B1,S2,120,5.802719011574171,-2.667580585648259,477.09455135422087,49.032876910434176,changed
B1,S2,120,6.250278743055587,3.8421233449074363,523.0046237395348,49.00311362961951,changed
B1,S2,120,10.59334146527789,10.245014918981665,195.36457021406187,25.439131944412257,changed
B1,S2,120,2.2485783981481617,1.111969625000031,171.90253448139663,25.954287091000324,changed
B1,S2,120,6.602665083333347,-6.147105787037032,729.0646835068952,59.34398806999473,changed
B1,S2,120,9.211671361111279,-8.788868078703874,1106.4184560856445,73.71358551088385,changed
B1,S2,120,5.699883518518386,-1.8599591712963661,520.4369479785515,32.007166185926145,changed
B1,S2,120,8.862377428240862,8.841131145833467,1239.8527582138931,70.23934511751948,changed
B1,S2,120,2.6644800069445154,-1.5197582523147033,583.629099602472,40.514428236011696,changed
B1,S2,120,6.926375990740929,6.685280236111266,271.8190600143955,30.71942207686885,changed
B1,S2,120,8.586700997685371,-6.939504187500203,921.6647357739436,67.39105156657783,changed
B1,S2,120,17.130504534722444,-17.130504534722444,2083.6905649722985,83.5221550365567,changed
B1,S2,120,4.5233805555558595,2.336545680555744,1556.1916572870218,55.43057195551414,changed
B1,S2,120,10.580589141203895,8.862533724537196,1323.687583899561,65.63040310733366,changed
B1,S2,120,2.9828296250001913,-1.838122893518558,337.064299609953,36.70371905329269,changed
B1,S2,120,3.7165056018518197,3.649873541666587,137.5287475148167,18.78689077361447,changed
B1,S2,120,6.114624875000004,-6.1125134351852015,644.877831876253,83.22401547651623,changed
B1,S2,120,2.2288148449074225,-0.05071655324068928,21.23127713344376,2.702121988436103,changed
B1,S2,120,2.946711481481597,1.8667582731481522,167.9005964008291,21.283476934422804,changed
B1,S2,120,2.7886347152777886,-0.729753817129624,253.68680552701144,39.6549323969145,changed
B1,S2,120,8.108725900462959,6.222206493055384,304.1580163772232,44.82170834968472,changed
B1,S2,120,11.715507953703945,-11.178436027778048,1241.9805117164549,81.70514870432781,changed
B1,S2,120,4.80159995138893,-3.9281608171295623,1268.5469606958015,52.22408349688093,changed
B1,S2,120,7.676431155092724,3.3886502939817524,764.5703972039456,40.05412360933185,changed
B1,S2,120,7.5419387893519945,7.520455215277898,280.2412941733497,34.874908687257495,changed
B1,S2,120,2.057813243055541,1.016341206018508,219.6217499034834,36.87160243432962,changed
B1,S2,120,2.4998085393518132,-0.5641975949073822,121.2740645752284,20.637801303675708,changed
B1,S2,120,2.3941021782407175,0.2789367893517638,195.2411904334853,30.42883758010821,changed
B1,S2,120,6.792240564814834,-6.78880082870372,278.0083456838837,33.524349273803644,changed
B1,S2,120,2.5092303981481017,-1.8922316944444366,245.0724448781555,25.157993990199188,changed
B1,S2,120,4.323941724537044,-4.185526511574033,458.94928348058426,44.80075747296594,changed
B1,S2,120,4.729595865740772,4.688910634259324,298.71426273998185,32.6964324722234,changed
B1,S2,120,5.849071997685332,-5.687855946759364,248.7952256723845,26.71686097318242,changed
B1,S2,120,2.550381601851853,2.286543750000016,441.8743340528728,45.93206249359451,changed
B1,S2,120,1.4388725115741527,0.26493344212975334,283.4231210965424,29.65777037119807,changed
B1,S2,120,4.06588650462971,-0.2313468333333839,432.47754644227655,45.74973467314768,changed
B1,S2,120,8.941949562500094,-7.516887835648237,1045.4434834033711,78.10553351103873,changed
B1,S2,120,0.9243539074076181,0.4636031203704615,693.6173049214254,39.438030408810334,changed
B1,S2,120,2.303332087963006,1.559435370370379,660.9371320707916,42.73509268056857,changed
B1,S2,120,2.637326627314819,0.36357965509257073,448.8421868728713,36.58326088791473,changed
B1,S2,120,3.2366569768517848,2.8510235462962723,575.203121205486,49.3048557040925,changed
B1,S2,120,2.392509333333528,1.3704729490741718,257.42179043379804,25.61524708059831,changed
B1,S2,120,5.826222166666804,5.746623069444635,343.05829417180723,67.36511759455007,changed
B1,S2,120,3.4995946828704123,0.5096324699073305,349.74719409827753,33.77493721439689,changed
B1,S2,120,4.017525895833379,0.6021883819445261,358.6589135835717,29.799239634165627,changed
B1,S2,120,10.469973960648256,10.276932131944568,316.0519846474174,34.12373606965052,changed
B1,S2,120,5.768140631944506,-4.199585636574213,666.4184528588588,51.11416674902209,changed
B1,S2,120,11.378410986111065,-11.378410986111065,1227.8266728830006,89.97371407364749,changed
B1,S2,120,12.678094331018556,12.678094331018556,568.7263674639848,89.94389181059908,changed
B1,S2,120,2.771841986111072,2.7463705972221577,329.6983182231853,67.43093171754302,changed
B1,S2,120,2.945978314814905,-0.984308541666779,356.68769393898646,50.81118159775362,changed
B1,S2,120,4.1958081365741595,3.1207339282407935,487.5075405851889,48.5547185273936,changed
B1,S2,120,7.5312128171297115,7.524060284722297,934.1894687094558,134.37402281268496,changed
B1,S2,120,8.1273853402778,-8.1273853402778,776.9138464901962,79.72889069754626,changed
B1,S2,120,1.9858050717593125,-0.7236513680554821,222.40725810133597,20.67914434935033,changed
B1,S2,120,2.8660933573872884,-2.000918544731117,267.3559317264211,27.308238095764143,changed
B1,S2,120,2.232753326388879,2.112131331018511,364.4632403944974,40.30732508063401,changed
B1,S2,120,6.856072053240766,-6.775003136574102,494.9625766172076,54.30198671108497,changed
B1,S2,120,3.530767243055523,-2.051433465277764,86.65686007376928,8.750760081387945,changed
B1,S2,120,9.374826770833266,-9.374826770833266,746.2689024818415,60.22171096672103,changed
B1,S2,120,2.09257289814808,-0.6063382777777406,787.4748147098423,59.46104861568019,changed
B1,S2,120,6.51104384332719,-6.50895907480866,274.7467578879416,21.58650491629596,changed
B1,S2,120,3.807213897413547,-3.680283556289991,312.73608869444894,26.474790141877804,changed
B1,S2,120,2.602074291666685,-0.8987566898146847,109.06504180524584,11.669983020543588,changed
B1,S2,120,2.896385048611102,-0.751346909722196,301.6305211679415,38.78192397206962,changed
B1,S2,120,5.026011923611168,-1.7902793078704562,649.7079019781584,53.051288928508754,changed
B1,S2,120,6.917405252314917,-5.498293020833495,647.2526673577886,35.49779112944248,changed
B1,S2,120,4.560039847222371,-2.242608648148081,1082.3957375595023,47.64494724485117,changed
B1,S2,120,3.0166071574073947,0.818538523148157,1012.878882574742,40.97781154357973,changed
B1,S2,120,5.2200224166666525,-3.4891371944445653,942.2689303242244,41.62992124052416,changed
B1,S2,120,7.241336053240927,7.068233956018715,1308.343247471081,72.85888941518013,changed
B1,S2,120,6.860096979166665,5.744695807870357,1012.4222254543076,52.72425400136516,changed
B1,S2,120,6.681454372685135,-1.3281723912037622,534.548778264698,29.05185237984546,changed
B1,S3a,30,2.0752084722225868,-0.3143620092592654,30.824194286811355,13.48576489432703,changed
B1,S3a,30,3.7061180092594546,-3.7061180092594546,109.58084547442024,30.349837404849595,changed
B1,S3a,30,1.13724561646361,0.8760062476928585,30.077321059194176,8.50391189907345,changed
B1,S3a,30,3.045096416667061,-3.045096416667061,97.37820137180472,20.01645303513094,steady
B1,S3a,30,0.587781907406712,-0.5843125925920534,24.42864760543309,5.848858901474508,steady
B1,S3a,30,5.4835129722222575,-5.4835129722222575,157.98617965673049,54.4899844561053,changed
B1,S3a,30,2.6779683333331454,-1.3493263148147914,50.75387131441627,16.628546266428952,changed
B1,S3a,30,8.570196456256806,8.570196456256806,255.37218338167952,256.82785246962635,changed
B1,S3a,30,7.950621629629671,-7.950621629629671,232.424781514672,57.126301832813226,changed
B1,S3a,30,0.32639989814761683,-0.234869768518235,8.31830461395743,1.9802275097083373,steady
B1,S3a,30,3.012379282022664,-3.012379282022664,94.27236094757563,18.5190908578505,changed
B1,S3a,30,3.2547933647100735,-2.240707908822366,63.51975550978107,15.318172740196976,changed
B1,S3a,30,1.4948231759259003,1.3416387870369682,39.22601573103849,6.087730921010301,changed
B1,S3a,30,13.767240407406947,13.767240407406947,311.9139625104069,128.3004107708347,changed
B1,S3a,30,7.109945607235257,-7.109945607235257,212.01846573641487,28.929933171341453,changed
B1,S3a,30,6.753946185185521,6.753431907407676,205.68293388912235,38.2966213245983,changed
B1,S3a,30,1.6124285345142213,-1.6120660760424779,48.95133553996998,7.274938946527187,steady
B1,S3a,30,0.42946733333307036,0.3208145740741834,11.879449495971812,2.288966555994586,steady
B1,S3a,30,0.5767765740735101,-0.5661924629624759,16.33888482339404,3.076930980547656,steady
B1,S3a,30,1.2893764722221104,0.651147472222261,20.42001522195834,5.516461469929978,changed
B1,S3a,30,10.732357124400183,10.732357124400183,327.0269082003835,2141.403104456876,changed
B1,S3a,30,1.7339788796293218,-1.7339788796293218,52.88034467186149,14.32326764534147,steady
B1,S3a,30,0.9166675710595782,0.10228185677368364,15.278308928670953,4.59956256302607,changed
B1,S3a,30,1.1907467499998958,0.9163426018520509,31.37582156508994,10.067377825865917,changed
B1,S3a,30,1.723452667034528,-1.723452667034528,50.92801712462133,18.344143568685062,changed
B1,S3a,30,3.7090862403099503,-3.536453774455472,106.92130637969788,36.74087401865385,changed
B1,S3a,30,4.2251002314811545,3.9851735648146382,100.6578213211382,83.06245880443045,changed
B1,S3a,30,3.7488909074071604,1.1867684629626367,38.34989461577779,15.63043463826102,changed
B1,S3a,30,1.4440837962965316,-1.433404722222312,42.92866509322231,15.99087846922747,changed
B1,S3a,30,2.5030318518518366,2.5030318518518366,20.074973898521208,12.865558560738982,steady
B1,S3a,30,2.9711580657073133,2.9711580657073133,46.30242842972596,30.56085121006157,changed
B1,S3a,30,4.32127239814784,-4.318589398147886,119.67423830104428,45.86049775368808,changed
B1,S3a,30,0.6977933554814639,0.1730700627535219,2.8869927658834325,1.7888872240757878,changed
B1,S3a,30,3.7256997508303473,-3.110812190845094,76.74963224587823,36.27698293750559,changed
B1,S3a,30,1.2417378703702433,1.097958166666232,50.773793348356335,14.939814436388568,changed
B1,S3a,60,2.1854946111112445,-0.6908512777775758,75.9904704941576,15.7827317260185,changed
B1,S3a,60,3.705346134259336,-3.705346134259336,224.43611960250007,31.049312977507,changed
B1,S3a,60,4.500018986873638,4.217511961545469,254.35807636174616,50.12066445012668,changed
B1,S3a,60,5.035304041667207,1.3700190972225352,103.76699175784988,14.615646962395733,changed
B1,S3a,60,4.362028745369842,3.748093217592734,229.55109662136863,39.74790838001014,changed
B1,S3a,60,6.283479361110996,-6.283479361110996,367.6200729131724,58.53747699725987,changed
B1,S3a,60,2.8707031296295002,-2.2056760462962717,141.92455490729213,21.42662495490817,changed
B1,S3a,60,9.643788098539492,9.643788098539492,575.2474868562467,424.9639960091105,changed
B1,S3a,60,8.157423263889127,-8.157423263889127,481.4670468677857,58.22246474268732,changed
B1,S3a,60,0.5211106149135442,-0.47100548599508635,27.0629970667459,3.1664213886961825,steady
B1,S3a,60,2.8366478184504578,-2.4093396838600873,173.6299268740024,17.692203399431406,changed
B1,S3a,60,4.7618719726383665,-4.253985579589781,215.9068584589349,22.741857113151315,changed
B1,S3a,60,1.4870919722220803,1.2938141851849523,78.45967710567585,6.066339823607339,changed
B1,S3a,60,10.430701962962786,10.430701962962786,469.6255534794248,68.33530214461729,changed
B1,S3a,60,7.722153198373037,-7.722153198373037,457.4992853617347,30.459326981635996,changed
B1,S3a,60,6.227654050925699,6.2273969120367765,381.8996268068121,34.44671365198709,changed
B1,S3a,60,2.1245222638192733,0.5095923507118416,53.60398121045774,4.3996359717375055,changed
B1,S3a,60,0.823980138888529,0.7696537592590855,49.62538496277683,4.899841174170895,changed
B1,S3a,60,1.7953263611109438,1.1986061111113706,74.32697213143841,7.760689417497411,changed
B1,S3a,60,1.868276324074069,1.5437358611111536,104.16325366240682,15.145361317989607,changed
B1,S3a,60,10.977589170826425,10.977589170826425,662.978424231236,3959.418261660401,changed
B1,S3a,60,1.7593719722220589,-0.6300553055553676,53.75351778070582,7.980197803725748,changed
B1,S3a,60,0.6738391800702646,0.11821998983169224,26.085598669249578,3.93106179514247,changed
B1,S3a,60,1.3292214398145843,0.840341652777989,49.959916034529485,7.943924607582679,changed
B1,S3a,60,1.7264719726378797,-0.6772034664442597,64.85773096042513,13.192906781004377,changed
B1,S3a,60,2.739132912738052,-1.799459544278038,111.30347158102798,23.340688404985546,changed
B1,S3a,60,3.1952087083330243,2.5356135879630135,126.63153746825168,38.39636500304223,changed
B1,S3a,60,3.0897593333331397,-0.009877740739898873,62.382083698769534,11.06769013034631,changed
B1,S3a,60,1.5411670416665804,-0.6899008750001352,22.65956801106816,4.612216224366413,changed
B1,S3a,60,2.3064917129624676,2.288854935184896,36.135707775425125,11.08877629350599,changed
B1,S3a,60,2.4052413385099696,1.7234035496397846,47.42118886525251,12.545474649720298,changed
B1,S3a,60,3.5750399120370306,-3.3496094675926353,81.21022717494027,17.51062092575539,changed
B1,S3a,60,1.0291111434645253,0.4287344657052808,9.795812010805797,3.1841140644489334,changed
B1,S3a,60,6.204837086337361,-5.896881752634264,291.78024772051674,49.51852408395887,changed
B1,S3a,60,3.4557163616192645,3.383946126825249,59.22450707571062,10.853846913713792,changed
B1,S3a,120,3.45542037268529,-2.7080987060184554,360.2490250444937,29.889233809016076,changed
B1,S3a,120,4.217183543981499,-1.9005207800926813,293.87117810373184,23.8855755465456,changed
B1,S3a,120,4.849286740216648,2.5151841359053693,254.5267239430608,20.881358385904456,changed
B1,S3a,120,6.392698303241017,4.130715858796384,504.735026617904,46.20312551003289,changed
B1,S3a,120,3.6442746921294225,3.337306928240869,398.0009147596264,33.00214212502779,changed
B1,S3a,120,6.584577703703634,-6.584577703703634,754.7345524557676,58.43397144782397,changed
B1,S3a,120,4.74781422916662,2.209426775462991,330.93349621214577,41.48395314451096,changed
B1,S3a,120,5.870690299750363,3.862999740956502,466.9398275884034,48.47590949797681,changed
B1,S3a,120,8.399012714299026,-8.399012714299026,994.1915691348254,59.07184256010831,changed
B1,S3a,120,1.715048645833105,-1.4868628634258079,166.81616543306316,9.07752430005058,changed
B1,S3a,120,3.2165654732167903,-2.1495407854565958,278.8353234912604,14.44163988769135,changed
B1,S3a,120,7.416816440003903,-7.1626618003517795,811.3325614655269,36.138868196396096,changed
B1,S3a,120,6.4738969675924345,6.37725807407387,556.6634629001941,28.08505442867448,changed
B1,S3a,120,6.830540069444317,3.6106091620369707,331.2731835771864,15.13189622543878,changed
B1,S3a,120,4.9466306018131645,-4.455100686927668,527.7006056454268,20.19429569880761,changed
B1,S3a,120,5.335683740740663,5.335555171296202,653.3954492327235,28.07838252629121,changed
B1,S3a,120,3.016344826070637,2.208207542325786,278.520707899537,12.47301474858653,changed
B1,S3a,120,1.3540765231478644,1.2291299351852292,152.29394158485607,7.721742555575324,changed
B1,S3a,120,3.7595311111110483,3.461170986111262,398.5887345618525,24.20705969491972,changed
B1,S3a,120,7.336234905092607,7.173964673611151,875.2201547634965,124.2326087619218,changed
B1,S3a,120,8.126640896475172,7.668093593301939,890.290795047652,207.50123799089815,changed
B1,S3a,120,1.2429710995368453,-0.5308133541666086,137.9224450132257,10.314559767785166,changed
B1,S3a,120,0.9895038902764751,0.3940509621612327,56.52231691061567,4.369190675398454,changed
B1,S3a,120,2.225842104166831,1.981402210648533,75.34226160572207,6.723878756388451,changed
B1,S3a,120,3.0377341405309934,0.3740065616615386,229.7821171197456,26.77161023625638,changed
B1,S3a,120,2.7550251734664375,-0.5829367471551151,120.3752716150213,14.908282745079545,changed
B1,S3a,120,3.3586172245366765,0.5778679236115577,50.06240878588558,5.596188656952162,changed
B1,S3a,120,2.270879506944209,0.6201106921299828,104.88306519293565,9.934770367852026,changed
B1,S3a,120,1.820087210647859,0.6694770300923804,52.201683649197776,6.383145452417248,changed
B1,S3a,120,2.2897680138886405,1.857043652777778,87.11306484181576,12.376286167726091,changed
B1,S3a,120,2.01235516467756,1.0074936326210897,20.622338147957223,2.448667638467844,changed
B1,S3a,120,2.3515527361110027,-2.0439135555555925,84.74797182748684,10.985922397446345,changed
B1,S3a,120,2.9791773360161433,-1.920441638911916,215.4495820314684,24.02209417992724,changed
B1,S3a,120,5.687940531039043,-5.533834656305021,502.2907661410299,44.25901883163443,changed
B1,S3c,30,2.030890162420927,-2.030890162420927,59.659591288287096,12.700838594654591,changed
B1,S3c,30,6.053186944444005,-2.3434251296290234,94.35707118122816,27.481013907643487,changed
B1,S3c,30,5.485365481480971,-0.20354050000117468,11.309054270895448,2.0834436955849776,changed
B1,S3c,30,4.627848994093513,-2.576798274270834,90.05057351301961,17.94094639250326,changed
B1,S3c,30,3.395829083333481,-0.5974115648148908,3.799325117275248,1.7525439835822496,changed
B1,S3c,30,0.915488398147707,-0.13073745370347975,12.269251814272543,3.5577786359833303,changed
B1,S3c,30,3.7278998888884955,-3.6236119999997816,106.11170374371508,22.171242015812176,changed
B1,S3c,30,4.274190277777581,4.274190277777581,89.72423315436932,41.53694088415428,changed
B1,S3c,30,2.1506163240734937,0.7506297500006729,15.15685619611502,10.407846091680415,changed
B1,S3c,30,4.858898768518185,-4.858898768518185,137.04136816659627,66.47342600326874,changed
B1,S3c,30,0.5422337129630873,-0.4225520462960232,11.212627337033313,4.5267402949116855,steady
B1,S3c,30,2.904790379630197,2.888247027778417,74.17293039959782,45.86460331055265,changed
B1,S3c,30,1.4468161203697498,-0.33546256481556763,5.987813574411895,3.770473272995812,changed
B1,S3c,30,1.4363701481477589,-1.1497403703700964,34.77996336119241,11.371908841548212,changed
B1,S3c,30,5.673181990742394,-4.950723361112652,149.71284524959518,34.67960517182381,changed
B1,S3c,30,0.7415151901070098,0.7415151901070098,27.43315841952113,3.166983516990725,steady
B1,S3c,30,0.5088946936139902,0.3104136674047448,37.083997124657145,4.133687525831654,changed
B1,S3c,30,0.18261961111087602,0.03178096296333855,2.000652200674358,0.2140872903239869,steady
B1,S3c,30,0.8894738002955098,0.8894738002955098,28.294540989519355,3.16842857382513,steady
B1,S3c,30,1.0090779444445095,-1.0090779444445095,33.37774068214483,3.5226737053471293,steady
B1,S3c,30,3.5674133888896553,3.5433570185193535,108.04948118575793,12.939609059413888,changed
B1,S3c,30,1.5985837870370183,-1.1507529351854597,33.68090699963807,5.249395458727332,changed
B1,S3c,30,3.416396814814939,3.416396814814939,97.53347850045594,20.60559968272357,changed
B1,S3c,30,6.350089627169513,6.279001421189768,117.54072294017844,36.553767753488046,changed
B1,S3c,30,0.5104295773351546,-0.01611883536358787,4.371430860345925,1.2836108218990885,steady
B1,S3c,30,2.0651833148150383,-0.10570538888883145,15.894623501654316,5.296483187243702,changed
B1,S3c,30,4.5355680462966745,-4.473053805556258,120.84493242936789,48.24144173771225,changed
B1,S3c,30,4.20692739940947,4.20692739940947,115.54750911007444,57.5867795979067,changed
B1,S3c,30,1.5889927407413602,-0.24168212962897873,5.029315726640268,2.012365181572297,changed
B1,S3c,30,2.564060188261079,1.6372576227389362,48.73309933382727,23.83084984030794,changed
B1,S3c,30,6.141533139535757,6.141533139535757,132.7065720662513,98.03575978719492,changed
B1,S3c,30,13.042415430048424,13.042415430048424,392.13652252318576,6772.550651638983,changed
B1,S3c,30,1.0228184537036944,0.9545645092594267,33.66329977235564,7.536375425552214,changed
B1,S3c,30,2.427012444444651,2.427012444444651,67.70030643581816,17.544753351012492,changed
B1,S3c,30,5.884252011812641,-5.884252011812641,176.61515684487654,47.35916167458703,changed
B1,S3c,30,1.5129842192694107,-0.3207521040969448,9.461722639002272,2.7359359388269366,changed
B1,S3c,30,3.3615840716135255,0.5387289774818992,17.195962602052443,9.957435449782071,changed
B1,S3c,30,6.950886833333342,-6.950886833333342,193.96298779849096,90.06425107758534,changed
B1,S3c,30,3.1913334814814234,-2.95789231481541,108.49602446209272,42.46309312509435,changed
B1,S3c,30,1.4352605020300062,1.3563535991140192,42.346517104130506,20.272345959741894,changed
B1,S3c,30,1.2979446566989057,1.1383413159826754,34.64846055804156,17.22834983631075,changed
B1,S3c,30,2.577276101850943,-2.5044866574073876,83.94433754253144,31.867183945956093,changed
B1,S3c,30,1.4507895441125616,-1.4305894887421882,40.35651218273613,16.06252668951262,changed
B1,S3c,30,3.1015748615721757,-0.3756394425987284,52.9759064670433,26.33271741173142,changed
B1,S3c,30,0.6592423703713554,-0.3436443888893837,14.56025199887555,2.6662226197543166,changed
B1,S3c,30,1.2876464907407437,0.8457376759265112,30.72000112685281,5.404679353283456,changed
B1,S3c,30,1.5831560631226835,-1.5540967423414283,48.190772695439485,8.734296747570669,changed
B1,S3c,30,8.107815217791007,8.107815217791007,207.10488997715217,165.89916063499146,changed
B1,S3c,30,0.7660793835367141,0.39382999261737994,11.70717706081162,2.2245675121560464,changed
B1,S3c,30,0.7419916481482789,0.20846794444449893,95.86383756736208,18.12417750242342,changed
B1,S3c,30,0.6919800370361117,-0.6329451111115251,11.890783057352838,2.3274098220795203,changed
B1,S3c,30,6.928384574073246,6.928384574073246,203.3789188956468,113.6475412223828,changed
B1,S3c,30,0.7549867777778091,0.2053256666669878,5.763318846207754,1.1313982956963409,changed
B1,S3c,30,3.2310561461791156,-0.2667104835719662,71.91218753093881,47.57787646832031,changed
B1,S3c,30,2.5336684722238156,1.9620152314829329,39.493806408683184,22.52195857063099,changed
B1,S3c,30,4.969311055555286,4.969311055555286,130.3352344683071,106.47322237851114,steady
B1,S3c,60,2.2822144712513275,-0.4469306202620071,52.401245839781,6.205188648789766,changed
B1,S3c,60,7.372886518518377,-5.518005611110886,350.8646914087306,39.938242442959,changed
B1,S3c,60,5.872801101851161,0.03657743518521064,42.29104675890312,3.9469086872131953,changed
B1,S3c,60,6.62452479201341,3.0162072749124635,124.07478534296204,18.569322001979067,changed
B1,S3c,60,4.10819697685197,-2.7089882175926756,34.865561381208536,6.21024046384186,changed
B1,S3c,60,1.9528623287035192,1.0358141990741465,76.5674893584916,12.315427823468,changed
B1,S3c,60,3.195667787036748,-0.6441293240736555,67.01642737478326,8.594306780082322,changed
B1,S3c,60,4.338032004629506,4.338032004629506,186.34260286500265,43.47425981671295,changed
B1,S3c,60,2.293209583333155,1.4435696759259997,92.7671492333852,36.96431116146013,changed
B1,S3c,60,5.178832263889043,-5.178832263889043,60.91615317499826,14.0886151785689,changed
B1,S3c,60,1.3442815000001058,0.694714009259257,47.36803240133881,11.035762007325886,changed
B1,S3c,60,3.325487759260037,3.3172160833341477,122.42035192885773,41.01806545833289,changed
B1,S3c,60,2.4505507361109977,1.3388380509257156,94.34159187570822,43.29026013805969,changed
B1,S3c,60,3.7562510555553112,-3.5357663981478527,201.35911317594935,26.632710690879083,changed
B1,S3c,60,11.920188601853019,-11.558959287038146,694.3140668808995,55.13566607804655,changed
B1,S3c,60,0.7061068820483339,0.048906456831121374,92.30296981230556,5.200676315313157,changed
B1,S3c,60,0.7279571778515611,-0.3175585182103772,105.35946754495802,5.751828581914946,changed
B1,S3c,60,0.278135319444289,0.15835547685223184,23.934561212789838,1.2840737070728026,steady
B1,S3c,60,0.7274786004809397,0.5778727583656847,51.65831848580165,2.862671679521064,steady
B1,S3c,60,0.9181383611109865,-0.8342440370370228,66.64144670438041,3.530344327090428,steady
B1,S3c,60,7.316000449074518,7.303972263889366,440.8926961127642,30.44722656348652,changed
B1,S3c,60,1.8469114814819796,-0.9701365185185223,53.66881992794956,4.2075943722601865,changed
B1,S3c,60,4.542961523147932,4.542961523147932,250.24755163487535,28.42856711004077,changed
B1,S3c,60,6.29047312349814,6.2548698789059545,292.6399467820256,45.2835423389319,changed
B1,S3c,60,1.6718883989647997,1.1339752542060402,56.439947691683365,9.226369420521165,changed
B1,S3c,60,2.206903828703969,1.0548692453705988,77.65819284557372,14.602017579547962,changed
B1,S3c,60,4.847320361111012,-4.816063240740804,190.9064715379741,36.50583352985564,changed
B1,S3c,60,3.456197693658679,3.456197693658679,108.80249040284244,24.41097076354307,changed
B1,S3c,60,1.6302671527782069,0.4164634583335114,28.11648214840971,6.102415546726538,changed
B1,S3c,60,2.1356920872618237,-0.013591846921989763,58.54777475820127,11.485660052715334,changed
B1,S3c,60,8.388055791274217,8.388055791274217,437.1171873497263,318.38299573222633,changed
B1,S3c,60,9.428730518579718,9.22055134497991,553.7424174507635,230.28911250770173,changed
B1,S3c,60,2.614370449074844,2.578350365741672,159.09509018845898,19.95137741150768,changed
B1,S3c,60,5.199866273148531,5.199866273148531,276.96922529235496,45.33722102449576,changed
B1,S3c,60,5.556419079312297,-5.556419079312297,324.8908140042994,44.82758850658135,changed
B1,S3c,60,2.508420655389223,1.5900269227215476,99.25364508782896,17.163497210657596,changed
B1,S3c,60,3.829843954520368,-0.8687053244588654,81.89803088165083,19.09264884687335,changed
B1,S3c,60,6.777776643518541,-6.777776643518541,383.75675304863006,91.72849833418238,changed
B1,S3c,60,2.3567259953695774,-1.2502313009266803,109.48013764765888,26.94438251512506,changed
B1,S3c,60,2.302318866703191,2.2627997689033372,89.78566094452538,24.437073594054127,changed
B1,S3c,60,1.3155901645405441,1.1122972638190298,48.16858284404851,11.480282143683423,changed
B1,S3c,60,2.912907236110534,-2.6787359583331734,160.68196538496258,29.827726866343355,changed
B1,S3c,60,1.6611851867255203,-0.46471430486226945,33.01941442016515,7.44924994456832,changed
B1,S3c,60,5.280531609355276,-3.8000713856541006,174.9567697648756,29.055879057272797,changed
B1,S3c,60,0.8291781296299442,-0.08585486111136374,37.90421994747659,3.519564175795547,changed
B1,S3c,60,1.6494746944445597,1.4283301574078109,87.61976218440904,8.075008002528493,changed
B1,S3c,60,2.4916502865599703,0.30230706230393173,66.79599500461319,6.746055659542638,changed
B1,S3c,60,6.1241670133106325,2.2689507071536674,322.7876236043596,53.27619591914388,changed
B1,S3c,60,1.2473132880386675,1.0400395036053258,58.41240895661376,5.779970486874883,changed
B1,S3c,60,1.0209915740764683,0.5867640277800857,254.54962023159752,24.325376977916697,changed
B1,S3c,60,1.7928531944443535,-0.7984669999999561,37.73680749371984,3.6386756989986746,changed
B1,S3c,60,4.860340166666342,2.0793706203697,247.81879793362535,37.76812845116935,changed
B1,S3c,60,6.4644463520818265,6.189615796526416,356.91189857135345,54.04662294240838,changed
B1,S3c,60,3.9546977860970336,2.2029045156226985,216.758219081109,137.49847781156691,changed
B1,S3c,60,3.4367812534670215,1.9293393788135837,25.838989245672487,4.644211715149385,changed
B1,S3c,120,3.732011437228109,-0.7372262027010809,305.6454203212099,17.724607647616665,changed
B1,S3c,120,8.051381736110981,-7.115714087962837,856.096963414884,43.876952178912816,changed
B1,S3c,120,7.081888314814558,3.406316740740894,324.93526731803587,18.677996268999355,changed
B1,S3c,120,5.71352745166066,3.907866479322885,43.89161989869192,3.5668215005750614,changed
B1,S3c,120,4.300711532407434,-3.2165870092592646,19.332946358074903,1.6322865006749552,changed
B1,S3c,120,2.6081108078701445,-0.2841575624997549,76.93725138153067,5.484052091673689,changed
B1,S3c,120,4.206849895833128,2.2869513402779256,238.2348987240833,19.70312143845576,changed
B1,S3c,120,5.825800840277754,5.825800840277754,479.77532746422855,70.51781818440021,changed
B1,S3c,120,2.004983673611103,-0.0726312939815215,104.16899727278148,15.226818916979942,changed
B1,S3c,120,5.2589915347223135,-5.152059127314893,248.98251710111984,28.873672646882223,changed
B1,S3c,120,2.1408504259263417,1.7909650462967017,107.3964275597696,14.74277262870094,changed
B1,S3c,120,3.992162905092876,3.9880270671299316,114.234192480338,22.096954241569687,changed
B1,S3c,120,2.897619425925953,0.41009543981452384,169.42830310694464,30.89693872476259,changed
B1,S3c,120,7.994583254630106,-7.737362842593001,785.5854085556994,38.96606933995579,changed
B1,S3c,120,16.035868604167295,-15.855253946759857,1903.068204022916,62.72246757884653,changed
B1,S3c,120,0.8201319872327841,-0.4150073087242471,380.6474462499533,10.55424256717544,changed
B1,S3c,120,0.8197243778330137,-0.6143541909517883,300.2132647902887,8.116365150360314,changed
B1,S3c,120,0.7333330532406617,0.673443131944633,160.46276453802935,4.374064710845246,changed
B1,S3c,120,0.8336047645481269,-0.14258525765565,186.67582870818495,5.051634668010654,changed
B1,S3c,120,3.8036660300927543,2.834864113426171,356.59168972176684,10.679824658878168,changed
B1,S3c,120,8.772931965277998,8.766917872685422,1041.7265430526447,38.22141796542709,changed
B1,S3c,120,3.7399365023149556,2.3314125023147048,287.10495821229,13.308795796755833,changed
B1,S3c,120,6.514393833333438,6.514393833333438,498.59868802387456,32.66271913128848,changed
B1,S3c,120,6.558794641040052,6.540978196410657,529.5964283329828,42.09950936236792,changed
B1,S3c,120,2.2438254579519312,1.788876498751199,53.49240295179535,4.672964931167756,changed
B1,S3c,120,2.2729681504629524,1.1344030023148974,96.35548976688722,9.132002111396648,changed
B1,S3c,120,4.30330677083328,-4.166089182870421,163.3297810311454,16.861427126696928,changed
B1,S3c,120,3.3287752150986214,3.3264387084837415,46.7227235783072,5.149934879332903,changed
B1,S3c,120,1.9446495995372706,0.007442071759251452,72.07290205657638,7.426443047499027,changed
B1,S3c,120,4.195820480618144,3.109681790637542,394.02063798194814,60.89590818520098,changed
B1,S3c,120,7.174832089000098,6.1299633592377845,700.3076506102971,128.3305895361452,changed
B1,S3c,120,6.160199671570035,4.543348524377958,549.2875281037834,52.84228276684658,changed
B1,S3c,120,4.476478444444439,4.38959629166677,536.8805727261661,38.893887047379735,changed
B1,S3c,120,4.228794868055727,4.228794868055727,432.8712018323586,32.40865261983995,changed
B1,S3c,120,4.411510179017388,-4.336731674993004,505.53069508035446,38.796260889901546,changed
B1,S3c,120,3.5528628203351076,2.872675411694222,346.4574007570787,34.39691498765729,changed
B1,S3c,120,2.9226713132571116,-0.7233621033396354,187.97069037299184,22.18022445506866,changed
B1,S3c,120,6.5240039722226095,-6.5240039722226095,644.5597593387154,78.09181192095211,changed
B1,S3c,120,2.051307706018392,-1.0244493125005485,181.51044492759905,23.45900171499689,changed
B1,S3c,120,1.97173240817792,1.9236721574609383,152.65500891259214,19.39726566730989,changed
B1,S3c,120,1.499272650105769,0.11261372236081023,73.3640151641146,7.650515230924605,changed
B1,S3c,120,2.5789703564811752,-2.1099107731480693,222.78426718308967,22.6877535983509,changed
B1,S3c,120,3.2898896567675533,-1.7706629475439954,159.20011003539886,15.22867180452829,changed
B1,S3c,120,8.56545579840911,-7.824609341752652,689.8439102763066,41.040666590172016,changed
B1,S3c,120,0.9534802453704477,0.0412376481482245,128.22277798143026,5.92504276358244,changed
B1,S3c,120,2.201376745370545,2.0805237731485318,143.81878541291678,6.930283459142613,changed
B1,S3c,120,4.90257478721406,3.615888451752813,332.52456802793057,20.83454930680476,changed
B1,S3c,120,5.397127921176428,-1.1970748404111953,455.1682172131414,28.158049792368026,changed
B1,S3c,120,1.1943435031006335,0.9484780668899684,34.69664230694168,1.6853235248734286,changed
B1,S3c,120,1.263126759260673,0.3341485138900661,291.231803801542,13.966386447179158,changed
B1,S3c,120,4.1458791712959036,2.8454518101848705,317.48349924892665,18.740917769278287,changed
B1,S3c,120,5.536964578818271,1.7044932084480575,278.7991621290164,21.14840919520228,changed
B1,S3c,120,10.497106095022689,10.359690817244983,317.22262798138286,38.77923488209149,changed
B1,S3c,120,4.203604877879232,0.8174023152002491,364.5157340641704,76.28367036118593,changed
B2,S1,30,0.0,0.0,1.5339972709283487,0.9364910325066276,changed
B2,S1,30,0.0,0.0,27.88977938220344,5.053164999879545,changed
B2,S1,30,0.0,0.0,8.136875509218331,5.632122356701667,changed
B2,S1,30,0.0,0.0,53.789754324918135,14.840626033317546,changed
B2,S1,30,0.0,0.0,3.854738196428228,0.9802248680326396,changed
B2,S1,30,0.0,0.0,38.54443856035356,10.597779289601664,changed
B2,S1,30,0.0,0.0,17.859923965140766,7.091378050389074,changed
B2,S1,30,0.0,0.0,27.608337427062825,7.476570557268894,changed
B2,S1,30,0.0,0.0,74.70088715022727,18.08037790304953,steady
B2,S1,30,0.0,0.0,28.87475646395105,8.136479808210415,steady
B2,S1,30,0.0,0.0,29.378176142175143,12.802577828239626,changed
B2,S1,30,0.0,0.0,9.558587058831328,3.844198513136497,changed
B2,S1,30,0.0,0.0,16.661420523897963,9.66472535931244,changed
B2,S1,30,0.0,0.0,19.644381011887557,16.042093621561218,changed
B2,S1,30,0.0,0.0,46.71236832383893,18.55056964328709,changed
B2,S1,30,0.0,0.0,5.903190382542344,5.031710249131736,changed
B2,S1,30,0.0,0.0,24.924639862721342,8.240461987558405,changed
B2,S1,30,0.0,0.0,34.36662956991876,16.504408100705056,changed
B2,S1,30,0.0,0.0,48.44566592348529,19.970126314681256,changed
B2,S1,30,0.0,0.0,11.553528444853573,4.763508528517104,steady
B2,S1,30,0.0,0.0,21.71612558022476,11.319994768024747,changed
B2,S1,30,0.0,0.0,13.669687397901606,5.666958906117928,changed
B2,S1,30,0.0,0.0,16.642957459235937,6.717706776886429,changed
B2,S1,30,0.0,0.0,11.479665095993454,10.975187761609844,changed
B2,S1,30,0.0,0.0,13.063408931731152,8.138612441193217,changed
B2,S1,30,0.0,0.0,11.417187345429047,15.861548431292368,changed
B2,S1,30,0.0,0.0,19.24222537748484,24.043312008592565,changed
B2,S1,30,0.0,0.0,52.573946808187486,15.10513976402653,changed
B2,S1,30,0.0,0.0,47.70070262874621,16.20589418815845,changed
B2,S1,30,0.0,0.0,18.469170032125064,4.780342242126764,steady
B2,S1,30,0.0,0.0,41.49952437253923,18.326235049041657,changed
B2,S1,30,0.0,0.0,37.40093394574125,15.910561771431826,changed
B2,S1,30,0.0,0.0,25.62091142344377,8.854634942027564,changed
B2,S1,30,0.0,0.0,27.78671116493558,11.922280377699906,changed
B2,S1,30,0.0,0.0,20.653122952102898,11.09872652542601,changed
B2,S1,30,0.0,0.0,4.901196270371984,1.9190190915654253,changed
B2,S1,30,0.0,0.0,3.282866412065557,4.2597188065433125,changed
B2,S1,30,0.0,0.0,16.29822346898976,5.106424422970326,steady
B2,S1,30,0.0,0.0,10.736841682553742,6.457485230071643,changed
B2,S1,30,0.0,0.0,24.74277645804723,8.9412652749696,changed
B2,S1,30,0.0,0.0,7.44843636072987,2.926566314223869,changed
B2,S1,30,0.0,0.0,31.447149093815035,8.540713971407675,changed
B2,S1,30,0.0,0.0,8.24593944310553,2.0083946284966565,steady
B2,S1,30,0.0,0.0,12.608478233680868,6.001110961816517,changed
B2,S1,30,0.0,0.0,27.717527744248464,10.05548323947724,changed
B2,S1,30,0.0,0.0,15.594477870619569,4.772709094901588,changed
B2,S1,30,0.0,0.0,9.09766306816004,5.5773639638420285,changed
B2,S1,30,0.0,0.0,14.494406006776233,9.997163638899634,changed
B2,S1,30,0.0,0.0,13.442275901662676,26.467281551343785,changed
B2,S1,30,0.0,0.0,8.047415634535543,4.956793836635288,changed
B2,S1,30,0.0,0.0,6.708849195882967,3.1705935347291696,changed
B2,S1,30,0.0,0.0,1.5675550675612495,1.724700784789332,changed
B2,S1,30,0.0,0.0,6.057692445841724,3.0844517554554045,changed
B2,S1,30,0.0,0.0,25.65294608794272,5.654544807161508,changed
B2,S1,30,0.0,0.0,17.885831370598904,4.527188159087745,changed
B2,S1,30,0.0,0.0,17.9424159577048,21.16785888029553,changed
B2,S1,30,0.0,0.0,29.191671956642537,16.716667849552984,changed
B2,S1,30,0.0,0.0,12.061764758076766,3.575266058803461,changed
B2,S1,30,0.0,0.0,6.672721573942501,3.875722474403812,changed
B2,S1,30,0.0,0.0,8.868761040535283,6.325548121890717,changed
B2,S1,30,0.0,0.0,18.423732569371744,10.426378064294315,changed
B2,S1,30,0.0,0.0,1.7168594631516534,1.311081952169851,changed
B2,S1,30,0.0,0.0,14.707777904197764,6.355052031701339,changed
B2,S1,30,0.0,0.0,23.8669262610667,8.5732600988545,changed
B2,S1,30,0.0,0.0,14.163023790602558,3.769756573103189,changed
B2,S1,30,0.0,0.0,22.141081367902256,8.828553839426185,changed
B2,S1,30,0.0,0.0,0.8341194684204307,0.5620612557559964,changed
B2,S1,30,0.0,0.0,2.492814346583322,1.5611259057596418,changed
B2,S1,30,0.0,0.0,11.981841499897085,5.113117180903758,changed
B2,S1,30,0.0,0.0,6.833716806005004,3.1821134743481174,changed
B2,S1,30,0.0,0.0,1.8902667152099824,0.5469834920764838,changed
B2,S1,30,0.0,0.0,1.5088322657597772,24.11820596298753,steady
B2,S1,30,0.0,0.0,0.966405394805039,1.918111438726732,changed
B2,S1,30,0.0,0.0,0.6186843037161414,0.1487131609236233,steady
B2,S1,30,0.0,0.0,2.535318810096027,5.686944063202359,changed
B2,S1,60,0.0,0.0,11.458005499537489,3.2762198596133234,changed
B2,S1,60,0.0,0.0,11.873745760361128,1.336281407576832,changed
B2,S1,60,0.0,0.0,76.86483043698483,14.387483179267043,changed
B2,S1,60,0.0,0.0,248.03165226386076,34.39580719628586,changed
B2,S1,60,0.0,0.0,2.669247525621055,0.3260852107855582,changed
B2,S1,60,0.0,0.0,22.9949691891617,3.204486604142646,changed
B2,S1,60,0.0,0.0,21.950555070346304,8.34991235731064,changed
B2,S1,60,0.0,0.0,129.21340451574108,16.2859450906476,changed
B2,S1,60,0.0,0.0,160.71406266052426,23.195373735249696,changed
B2,S1,60,0.0,0.0,59.01782546339679,11.307901167408415,changed
B2,S1,60,0.0,0.0,111.86770245993485,21.91263824470991,changed
B2,S1,60,0.0,0.0,64.93497664081208,14.666745616381258,changed
B2,S1,60,0.0,0.0,86.12388604116849,21.184217586538526,changed
B2,S1,60,0.0,0.0,28.633760864522426,11.246417894080391,changed
B2,S1,60,0.0,0.0,130.0112491516816,23.77749156269057,changed
B2,S1,60,0.0,0.0,108.67489094692728,24.70303843008489,changed
B2,S1,60,0.0,0.0,130.61213296607437,19.600861121024103,changed
B2,S1,60,0.0,0.0,70.86491033703089,20.70289620455836,changed
B2,S1,60,0.0,0.0,156.4405831565716,32.94405679220717,changed
B2,S1,60,0.0,0.0,52.10678419012314,12.523474845479114,changed
B2,S1,60,0.0,0.0,57.76001622034384,21.933701957090907,changed
B2,S1,60,0.0,0.0,42.24916914428768,10.133593870632987,changed
B2,S1,60,0.0,0.0,71.20340445064814,15.31103297174199,changed
B2,S1,60,0.0,0.0,7.378362178451927,4.1548292086573175,changed
B2,S1,60,0.0,0.0,24.151419060533463,8.896759200272623,changed
B2,S1,60,0.0,0.0,33.54449909445237,15.757870263893162,changed
B2,S1,60,0.0,0.0,50.52761410401697,21.35847489842601,changed
B2,S1,60,0.0,0.0,118.83572712343654,18.92637232604227,changed
B2,S1,60,0.0,0.0,107.86390567085547,16.086421184986573,changed
B2,S1,60,0.0,0.0,59.07120204163534,7.863116012164328,changed
B2,S1,60,0.0,0.0,87.61969659073301,23.040757376229504,changed
B2,S1,60,0.0,0.0,130.33539537119177,25.44745381722389,changed
B2,S1,60,0.0,0.0,76.71364343450324,14.534002794562388,changed
B2,S1,60,0.0,0.0,103.33862015999432,20.77393978288205,changed
B2,S1,60,0.0,0.0,106.0496427779872,22.642375815693697,changed
B2,S1,60,0.0,0.0,34.4883740044628,7.342361010126412,changed
B2,S1,60,0.0,0.0,37.13012654090839,16.908774110357125,changed
B2,S1,60,0.0,0.0,30.40180854901044,7.21394028956837,changed
B2,S1,60,0.0,0.0,67.52645224696009,15.365339841111073,changed
B2,S1,60,0.0,0.0,42.901312035785885,12.359066208458414,changed
B2,S1,60,0.0,0.0,15.176730996814213,3.9934080020759737,changed
B2,S1,60,0.0,0.0,149.7192809442082,19.256731851138245,changed
B2,S1,60,0.0,0.0,64.47073185873019,9.397306265593278,changed
B2,S1,60,0.0,0.0,33.164137174675915,6.5274379292408335,changed
B2,S1,60,0.0,0.0,96.62165441637808,15.299195261436273,changed
B2,S1,60,0.0,0.0,56.38188708975317,10.593753208642015,changed
B2,S1,60,0.0,0.0,27.982118817745565,8.184562406709608,changed
B2,S1,60,0.0,0.0,28.15375132861261,10.801555240327216,changed
B2,S1,60,0.0,0.0,28.148590885916324,13.540609330492853,changed
B2,S1,60,0.0,0.0,44.01304770418627,12.146493627753442,changed
B2,S1,60,0.0,0.0,32.26435461515819,8.420568118747914,changed
B2,S1,60,0.0,0.0,15.603475458893849,8.039571282548255,changed
B2,S1,60,0.0,0.0,38.399599720605,9.859994453957706,changed
B2,S1,60,0.0,0.0,98.24247690164682,10.308016258206496,changed
B2,S1,60,0.0,0.0,44.97676450268515,8.526410004769668,changed
B2,S1,60,0.0,0.0,19.848720004415995,7.25205899877481,changed
B2,S1,60,0.0,0.0,134.17484189311685,23.2477702824366,changed
B2,S1,60,0.0,0.0,30.228765412228743,5.8337084660936736,changed
B2,S1,60,0.0,0.0,7.283000064121507,2.595073805000948,changed
B2,S1,60,0.0,0.0,53.7899272894914,15.04158905583724,changed
B2,S1,60,0.0,0.0,70.40383463069345,16.815801176343058,changed
B2,S1,60,0.0,0.0,11.305218811612908,4.176461883329816,changed
B2,S1,60,0.0,0.0,45.59806067241852,8.997410388146761,changed
B2,S1,60,0.0,0.0,62.794245285724216,14.01737373288244,changed
B2,S1,60,0.0,0.0,11.03755213583958,2.544558937534871,changed
B2,S1,60,0.0,0.0,58.85032439378934,10.780743404536349,changed
B2,S1,60,0.0,0.0,14.934971169924218,3.769118739167304,changed
B2,S1,60,0.0,0.0,14.075704689539204,3.764748842730553,changed
B2,S1,60,0.0,0.0,72.30452791016555,12.671612970853586,changed
B2,S1,60,0.0,0.0,12.944020846095173,2.9843368155376733,changed
B2,S1,60,0.0,0.0,28.59470382728466,6.012755830576127,changed
B2,S1,60,0.0,0.0,2.528469946609919,14.042209072241876,steady
B2,S1,60,0.0,0.0,58.61755544225508,15.687352146990037,changed
B2,S1,60,0.0,0.0,10.33528106580298,1.8342993751223813,changed
B2,S1,60,0.0,0.0,5.0138424182518975,3.254250565756926,changed
B2,S1,120,0.0,0.0,63.074619385642485,5.0871397188288645,changed
B2,S1,120,0.0,0.0,128.84986038861933,9.048055961664176,changed
B2,S1,120,0.0,0.0,461.3928153998227,36.71369465857319,changed
B2,S1,120,0.0,0.0,676.9397997335636,43.951226134662896,changed
B2,S1,120,0.0,0.0,38.710837932280064,2.518540911721607,changed
B2,S1,120,0.0,0.0,49.96268656088795,5.088616246755798,changed
B2,S1,120,0.0,0.0,403.25893342881005,38.17698507810278,changed
B2,S1,120,0.0,0.0,452.2749444866624,30.40041442255792,changed
B2,S1,120,0.0,0.0,446.61627585579896,36.73297478727904,changed
B2,S1,120,0.0,0.0,387.15724694167193,32.252196153870926,changed
B2,S1,120,0.0,0.0,68.66132904110778,7.202844966926899,changed
B2,S1,120,0.0,0.0,227.45356060066663,26.781818079159446,changed
B2,S1,120,0.0,0.0,64.96482233159982,9.81477948750052,changed
B2,S1,120,0.0,0.0,249.90309026626548,31.16434338364241,changed
B2,S1,120,0.0,0.0,393.20699776692567,39.85038867034617,changed
B2,S1,120,0.0,0.0,555.0351614598419,50.111386745078825,changed
B2,S1,120,0.0,0.0,229.10908497424765,22.692529029416686,changed
B2,S1,120,0.0,0.0,387.8990168904341,47.46904377153559,changed
B2,S1,120,0.0,0.0,424.1727139927521,47.572079770124496,changed
B2,S1,120,0.0,0.0,93.60446773807485,13.758692216605189,changed
B2,S1,120,0.0,0.0,170.64997225854563,28.105702837996805,changed
B2,S1,120,0.0,0.0,159.5407654124359,18.0654195359634,changed
B2,S1,120,0.0,0.0,108.95565109351658,16.94450987723509,changed
B2,S1,120,0.0,0.0,100.16906574953371,22.30696823857848,changed
B2,S1,120,0.0,0.0,38.20226668585548,7.887527263488781,changed
B2,S1,120,0.0,0.0,108.85704940727032,24.18466669631163,changed
B2,S1,120,0.0,0.0,121.42020804517507,18.52196960320249,changed
B2,S1,120,0.0,0.0,501.25087754773375,38.57165962213483,changed
B2,S1,120,0.0,0.0,378.564945464726,26.60454591986008,changed
B2,S1,120,0.0,0.0,178.6556763965963,15.78007987959798,changed
B2,S1,120,0.0,0.0,274.16408842946174,30.720182497637204,changed
B2,S1,120,0.0,0.0,400.4101859557236,38.4621713750327,changed
B2,S1,120,0.0,0.0,385.9760742520088,37.64645503076017,changed
B2,S1,120,0.0,0.0,347.7497884355648,35.972132789208125,changed
B2,S1,120,0.0,0.0,65.3676424062069,6.968194686312894,changed
B2,S1,120,0.0,0.0,128.73572352459234,18.67606387802828,changed
B2,S1,120,0.0,0.0,189.76092452593457,29.60285990105808,changed
B2,S1,120,0.0,0.0,112.6695587288064,14.644577535412752,changed
B2,S1,120,0.0,0.0,190.6014006755493,24.231144337457557,changed
B2,S1,120,0.0,0.0,126.63664823757884,17.39743673368675,changed
B2,S1,120,0.0,0.0,282.3163690067919,24.38944152196801,changed
B2,S1,120,0.0,0.0,445.6967192837121,30.45320764438955,changed
B2,S1,120,0.0,0.0,235.37472123249464,19.700186261111888,changed
B2,S1,120,0.0,0.0,113.87843303637923,9.98619662904012,changed
B2,S1,120,0.0,0.0,147.2965572182556,12.6381618273552,changed
B2,S1,120,0.0,0.0,128.13184523691666,14.649329061333752,changed
B2,S1,120,0.0,0.0,77.14114734378211,12.789319232792066,changed
B2,S1,120,0.0,0.0,44.38613625950919,9.466456729213425,changed
B2,S1,120,0.0,0.0,134.94064670034854,23.66405694773575,changed
B2,S1,120,0.0,0.0,168.9964576046958,22.668474892085488,changed
B2,S1,120,0.0,0.0,76.7788821423443,13.286375061310984,changed
B2,S1,120,0.0,0.0,112.98351847622092,19.34325582486583,changed
B2,S1,120,0.0,0.0,241.3888793011293,24.003173458035363,changed
B2,S1,120,0.0,0.0,224.3322498468368,15.132711513393,changed
B2,S1,120,0.0,0.0,39.3281390646467,4.9086718496955095,changed
B2,S1,120,0.0,0.0,266.71334391769125,31.346724630313503,changed
B2,S1,120,0.0,0.0,220.87518765780456,20.137172441010893,changed
B2,S1,120,0.0,0.0,93.6285821320696,11.7121176062326,changed
B2,S1,120,0.0,0.0,90.45118964704416,14.171635209881416,changed
B2,S1,120,0.0,0.0,160.12215180001397,20.626731159564123,changed
B2,S1,120,0.0,0.0,83.76653118691314,12.138225599554518,changed
B2,S1,120,0.0,0.0,83.85205886195078,10.770322666891095,changed
B2,S1,120,0.0,0.0,176.16802260392393,18.45144728437383,changed
B2,S1,120,0.0,0.0,185.3131048448236,21.01662910288497,changed
B2,S1,120,0.0,0.0,8.57433207196465,1.823669919346618,changed
B2,S1,120,0.0,0.0,121.95094292283174,12.944181341902272,changed
B2,S1,120,0.0,0.0,10.47864043801098,1.360039487375709,changed
B2,S1,120,0.0,0.0,51.54808168552741,5.457803357389812,changed
B2,S1,120,0.0,0.0,84.61861228719157,8.41988257497499,changed
B2,S1,120,0.0,0.0,8.433366575990277,1.6996213521782526,changed
B2,S1,120,0.0,0.0,58.82758793236788,7.276355218803213,changed
B2,S1,120,0.0,0.0,131.96237008411634,22.404556096846164,changed
B2,S1,120,0.0,0.0,179.5267362601109,19.128185090927357,changed
B2,S1,120,0.0,0.0,59.48264708084368,7.924131827962564,changed
B2,S2,30,0.0,0.0,11.02269870322083,3.763660321264404,changed
B2,S2,30,0.0,0.0,20.92245935037685,11.241664061852289,changed
B2,S2,30,0.0,0.0,4.3639708864980165,1.8739171363153255,changed
B2,S2,30,0.0,0.0,20.895141091244017,9.051006695967311,changed
B2,S2,30,0.0,0.0,15.806829014089033,9.7824774130026,changed
B2,S2,30,0.0,0.0,13.81041958624407,6.744809715137845,changed
B2,S2,30,0.0,0.0,7.641044330744355,5.00490735475311,changed
B2,S2,30,0.0,0.0,18.642525037846863,8.85615742300491,changed
B2,S2,30,0.0,0.0,26.671986571021705,8.73477865480571,changed
B2,S2,30,0.0,0.0,22.064360402133804,6.35760511361948,changed
B2,S2,30,0.0,0.0,22.417887873577005,11.684618264513306,changed
B2,S2,30,0.0,0.0,8.631595337979087,2.8402211960482044,changed
B2,S2,30,0.0,0.0,3.557677277784397,2.2573168937375074,changed
B2,S2,30,0.0,0.0,2.8248671707056032,2.26349796594917,changed
B2,S2,30,0.0,0.0,0.5898690287822864,0.2927974373712304,changed
B2,S2,30,0.0,0.0,3.073959227705766,1.5982281092465027,changed
B2,S2,30,0.0,0.0,5.0918827238637165,5.438901777435888,changed
B2,S2,30,0.0,0.0,9.01827623200555,7.302868311743826,changed
B2,S2,30,0.0,0.0,9.553976307304607,4.150577973644495,changed
B2,S2,30,0.0,0.0,5.113181285202974,3.2799910328627586,changed
B2,S2,30,0.0,0.0,7.833973566629996,3.6140887434073736,changed
B2,S2,30,0.0,0.0,3.761354377758337,3.367736876583582,changed
B2,S2,30,0.0,0.0,6.585894625198251,7.933535249735694,changed
B2,S2,30,0.0,0.0,4.046392814182868,2.5970066806883736,changed
B2,S2,30,0.0,0.0,5.945338607738391,2.824261700462509,changed
B2,S2,30,0.0,0.0,1.0479483086740655,0.5614047075280374,changed
B2,S2,30,0.0,0.0,24.981227553487027,15.721703526101347,changed
B2,S2,30,0.0,0.0,40.4209818142935,9.893901981897995,changed
B2,S2,30,0.0,0.0,2.13300497002072,0.9809640060359364,changed
B2,S2,30,0.0,0.0,11.994295330904444,2.811646534963041,changed
B2,S2,30,0.0,0.0,25.31039315340461,6.046757805311013,steady
B2,S2,30,0.0,0.0,11.414859892480573,7.657679126305962,changed
B2,S2,30,0.0,0.0,37.43842555014974,18.595924492413907,changed
B2,S2,30,0.0,0.0,67.38783186064751,15.977978255619943,steady
B2,S2,30,0.0,0.0,7.798812070295652,2.530124857577491,changed
B2,S2,30,0.0,0.0,26.348071862017022,17.420653766130858,changed
B2,S2,30,0.0,0.0,13.327414990841303,11.769849279084228,changed
B2,S2,30,0.0,0.0,44.17812093404931,15.412920358420372,changed
B2,S2,30,0.0,0.0,56.68649254710128,17.656705921428735,changed
B2,S2,30,0.0,0.0,17.26185650902116,8.322445784387748,changed
B2,S2,30,0.0,0.0,64.6369172781006,21.813503678694527,changed
B2,S2,30,0.0,0.0,8.176698573291521,12.354239950362604,steady
B2,S2,30,0.0,0.0,2.917192416087076,14.630375451474736,steady
B2,S2,30,0.0,0.0,29.493309852565663,14.649885173657887,changed
B2,S2,30,0.0,0.0,46.174584849385546,19.942856584860703,changed
B2,S2,30,0.0,0.0,15.939593936339705,5.788256368668545,changed
B2,S2,30,0.0,0.0,2.331967160247628,4.903351886184645,changed
B2,S2,30,0.0,0.0,11.342628694446514,6.920951814758714,changed
B2,S2,30,0.0,0.0,0.9583070175028622,0.3446759932598683,changed
B2,S2,30,0.0,0.0,12.54812272738881,3.99185768909807,changed
B2,S2,30,0.0,0.0,6.939666854781486,2.697310995673476,steady
B2,S2,30,0.0,0.0,24.54327471360265,11.06037680657295,changed
B2,S2,30,0.0,0.0,7.691107116894143,2.774920551539631,changed
B2,S2,30,0.0,0.0,5.116016610939789,1.485163505908503,changed
B2,S2,30,0.0,0.0,3.610827743189662,1.7877767102975437,changed
B2,S2,30,0.0,0.0,25.183916877008095,5.813574346703319,changed
B2,S2,30,0.0,0.0,10.274587339849065,4.540113372775774,changed
B2,S2,30,0.0,0.0,18.467808692610443,7.201462313230034,changed
B2,S2,30,0.0,0.0,5.091232573469913,1.665112012529652,changed
B2,S2,30,0.0,0.0,16.80570006073417,7.643130513717535,changed
B2,S2,30,0.0,0.0,13.070324448599203,8.753186079886982,changed
B2,S2,30,0.0,0.0,62.59594237788397,13.997498125774491,changed
B2,S2,30,0.0,0.0,4.54629667589712,2.7320377821598143,changed
B2,S2,30,0.0,0.0,38.152749333401175,6.075042217701723,changed
B2,S2,30,0.0,0.0,54.44950797874593,14.863831991243275,changed
B2,S2,30,0.0,0.0,43.65795851306787,10.740878508257511,changed
B2,S2,30,0.0,0.0,7.061238774627238,5.574818961344767,changed
B2,S2,30,0.0,0.0,72.83601945326166,14.97453508129156,changed
B2,S2,30,0.0,0.0,87.69075466954126,15.974770963914873,changed
B2,S2,30,0.0,0.0,112.12665297532038,13.698661682154947,changed
B2,S2,30,0.0,0.0,14.032554752177962,4.704386465647185,changed
B2,S2,30,0.0,0.0,16.25866255464855,7.913282115898722,changed
B2,S2,30,0.0,0.0,166.54037633215677,164.85519417300625,changed
B2,S2,30,0.0,0.0,18.476542328524275,7.476333185387594,changed
B2,S2,30,0.0,0.0,18.04875381336092,11.5470598775043,changed
B2,S2,30,0.0,0.0,20.47611974467092,10.25810613383128,changed
B2,S2,30,0.0,0.0,23.705992821034968,18.126227262033733,changed
B2,S2,30,0.0,0.0,4.252032272894529,18.19614873860736,changed
B2,S2,30,0.0,0.0,74.54361883494504,13.693368558196475,changed
B2,S2,30,0.0,0.0,45.394108069020746,5.982921406440985,changed
B2,S2,30,0.0,0.0,16.073759329978063,5.511432526496236,changed
B2,S2,30,0.0,0.0,23.386876090795067,18.31603684621315,changed
B2,S2,30,0.0,0.0,26.837880138987988,11.700813321832111,steady
B2,S2,30,0.0,0.0,9.24386168444201,5.684724352639347,changed
B2,S2,30,0.0,0.0,21.900740815354528,14.349451850358982,changed
B2,S2,30,0.0,0.0,12.69979879737754,5.209508900258493,changed
B2,S2,30,0.0,0.0,26.01786181584836,11.804593765743716,changed
B2,S2,30,0.0,0.0,40.16180984049274,13.126972804445398,changed
B2,S2,30,0.0,0.0,11.224166289668714,7.021804674994833,changed
B2,S2,30,0.0,0.0,32.9517193666655,12.824931764772224,changed
B2,S2,30,0.0,0.0,56.12069877803868,21.953628800932165,changed
B2,S2,30,0.0,0.0,37.73287978982729,13.265537067394286,steady
B2,S2,30,0.0,0.0,6.462029647778095,19.401137316157048,changed
B2,S2,30,0.0,0.0,31.154406108894683,6.818022787375099,steady
B2,S2,30,0.0,0.0,69.56848674904126,14.964669316612914,steady
B2,S2,30,0.0,0.0,44.56919715478286,12.821099045244765,changed
B2,S2,30,0.0,0.0,22.484019405274385,11.016723295805685,changed
B2,S2,30,0.0,0.0,42.54602244730202,14.384095759976564,changed
B2,S2,30,0.0,0.0,23.764653362441376,10.234194249467906,changed
B2,S2,30,0.0,0.0,28.090002688791973,14.70752481554124,changed
B2,S2,30,0.0,0.0,60.99499569537461,18.15838824627644,changed
B2,S2,30,0.0,0.0,14.126697741792045,3.5015061795121016,changed
B2,S2,30,0.0,0.0,12.9973801889041,7.899686416918843,changed
B2,S2,30,0.0,0.0,70.03396095821483,15.85099102748368,changed
B2,S2,30,0.0,0.0,11.461209511047922,5.768118403817762,changed
B2,S2,30,0.0,0.0,28.688159059698577,30.549307132484824,changed
B2,S2,30,0.0,0.0,21.456580876200025,14.594492606771936,changed
B2,S2,30,0.0,0.0,87.03299600363661,23.73376687857601,steady
B2,S2,30,0.0,0.0,0.7968990638114168,0.7009113372661506,changed
B2,S2,30,0.0,0.0,23.629959834651583,13.251869565851283,changed
B2,S2,30,0.0,0.0,43.21348999942748,14.446689556727582,changed
B2,S2,30,0.0,0.0,33.10679798759892,11.796224749503342,changed
B2,S2,30,0.0,0.0,22.64659326734596,8.57032411293149,changed
B2,S2,30,0.0,0.0,27.011960203171007,12.748420571413607,changed
B2,S2,30,0.0,0.0,34.8199895032135,13.688921042356071,changed
B2,S2,30,0.0,0.0,12.544501112247383,4.648386494344504,changed
B2,S2,30,0.0,0.0,85.21144317351924,22.431544607213493,steady
B2,S2,30,0.0,0.0,38.04111666495001,12.096993270809405,changed
B2,S2,30,0.0,0.0,71.02668038102419,17.14025610739027,changed
B2,S2,30,0.0,0.0,26.923211323065555,10.199141190069636,steady
B2,S2,30,0.0,0.0,14.652415511835692,9.366864796986569,changed
B2,S2,30,0.0,0.0,4.61899919838598,3.2997492625525435,changed
B2,S2,30,0.0,0.0,37.83636385270936,12.066502474992296,changed
B2,S2,30,0.0,0.0,54.32615118630086,13.700038797781374,changed
B2,S2,30,0.0,0.0,88.59370234505135,12.7916071785495,steady
B2,S2,30,0.0,0.0,25.996751970313557,5.333872838901069,changed
B2,S2,30,0.0,0.0,64.02499855366239,14.473237901084952,changed
B2,S2,30,0.0,0.0,52.9608002721716,10.960141391934586,changed
B2,S2,30,0.0,0.0,87.67882941348896,17.58590506457902,changed
B2,S2,30,0.0,0.0,24.453433116432578,6.059989101155172,changed
B2,S2,60,0.0,0.0,21.707182615611817,6.25856129724359,changed
B2,S2,60,0.0,0.0,70.47888712552066,16.581320092798602,changed
B2,S2,60,0.0,0.0,15.664502922308602,4.042467876914264,changed
B2,S2,60,0.0,0.0,44.68223697356978,9.649401776917925,changed
B2,S2,60,0.0,0.0,61.61101886317687,17.690439597268902,changed
B2,S2,60,0.0,0.0,23.56077483764456,7.755821922301582,changed
B2,S2,60,0.0,0.0,20.41502136633236,5.997785410720903,changed
B2,S2,60,0.0,0.0,79.41280393250567,16.45105294129818,changed
B2,S2,60,0.0,0.0,143.1913417100149,19.40089255050173,changed
B2,S2,60,0.0,0.0,80.37892119396442,14.616478534390811,changed
B2,S2,60,0.0,0.0,23.07488102108337,5.382641033868663,changed
B2,S2,60,0.0,0.0,33.05955365437722,6.495254101018615,changed
B2,S2,60,0.0,0.0,20.908152582297905,10.678231150990609,changed
B2,S2,60,0.0,0.0,19.253534766727395,7.412326134274694,changed
B2,S2,60,0.0,0.0,12.5898155738134,3.147010786245888,changed
B2,S2,60,0.0,0.0,16.169013980666737,4.542020220806274,changed
B2,S2,60,0.0,0.0,23.473336242084635,8.047519649157863,changed
B2,S2,60,0.0,0.0,54.05969747143858,13.331877846557346,changed
B2,S2,60,0.0,0.0,24.460568685629408,5.235683246273472,changed
B2,S2,60,0.0,0.0,18.73997414861485,7.923299812702482,changed
B2,S2,60,0.0,0.0,12.529258160111125,2.738743675877825,changed
B2,S2,60,0.0,0.0,10.921349630428177,7.209105901513157,changed
B2,S2,60,0.0,0.0,21.285545600654316,9.97142502276819,changed
B2,S2,60,0.0,0.0,1.9364315566022,0.556584480616544,changed
B2,S2,60,0.0,0.0,17.694478425143565,4.489725551422478,changed
B2,S2,60,0.0,0.0,11.092629903741567,3.175871229238163,changed
B2,S2,60,0.0,0.0,7.311189991802198,2.02452492095801,changed
B2,S2,60,0.0,0.0,190.56345547035025,22.689409608271223,changed
B2,S2,60,0.0,0.0,86.12260283500756,15.606577318231164,changed
B2,S2,60,0.0,0.0,104.65278757158602,12.11338410749305,changed
B2,S2,60,0.0,0.0,67.19916417939822,9.677936966931878,changed
B2,S2,60,0.0,0.0,15.304840694996336,9.522926914620358,changed
B2,S2,60,0.0,0.0,125.46956160258674,32.84284176672806,changed
B2,S2,60,0.0,0.0,280.06263428788867,32.790923494561184,changed
B2,S2,60,0.0,0.0,7.751026785889519,2.4908677748284345,changed
B2,S2,60,0.0,0.0,194.3864313310273,37.9123170075928,changed
B2,S2,60,0.0,0.0,15.332296926766675,12.586405932020313,changed
B2,S2,60,0.0,0.0,157.9138324382292,22.78424395292925,changed
B2,S2,60,0.0,0.0,232.25506816593503,35.6844187961436,changed
B2,S2,60,0.0,0.0,110.82376373026548,27.533257187965084,changed
B2,S2,60,0.0,0.0,116.76067138413512,28.055302008273475,changed
B2,S2,60,0.0,0.0,26.209428916617576,23.181602154834053,steady
B2,S2,60,0.0,0.0,16.613675851270415,26.58666259601276,steady
B2,S2,60,0.0,0.0,90.3165549615686,22.53682599135657,changed
B2,S2,60,0.0,0.0,110.16872385960151,27.140471609408998,changed
B2,S2,60,0.0,0.0,66.8578008482992,11.104451590141547,changed
B2,S2,60,0.0,0.0,2.089865251509644,4.3088854405567645,changed
B2,S2,60,0.0,0.0,86.06931199717235,22.53223434252415,changed
B2,S2,60,0.0,0.0,17.554346636127534,3.03270664976626,changed
B2,S2,60,0.0,0.0,14.478271959612172,4.278336814236496,changed
B2,S2,60,0.0,0.0,38.80656985956232,7.779483323518128,changed
B2,S2,60,0.0,0.0,60.04803857975224,13.73006223795335,changed
B2,S2,60,0.0,0.0,26.00788864279966,4.535203178910989,changed
B2,S2,60,0.0,0.0,56.116203305160624,6.907880035075649,changed
B2,S2,60,0.0,0.0,75.66793832904014,15.702797959226205,changed
B2,S2,60,0.0,0.0,50.051961027163095,8.99833078901819,changed
B2,S2,60,0.0,0.0,52.00946735785418,14.39098503966012,changed
B2,S2,60,0.0,0.0,116.1466499545592,19.032788420591533,changed
B2,S2,60,0.0,0.0,22.48194154196578,4.940494917716778,changed
B2,S2,60,0.0,0.0,35.90485935188615,11.515178737376992,changed
B2,S2,60,0.0,0.0,75.10594518001926,21.46196119932395,changed
B2,S2,60,0.0,0.0,251.9495927364743,28.705070679556904,changed
B2,S2,60,0.0,0.0,138.3455222094234,22.215831645293186,changed
B2,S2,60,0.0,0.0,96.29029092327272,9.620525192277483,changed
B2,S2,60,0.0,0.0,195.24022400477895,25.585367620528785,changed
B2,S2,60,0.0,0.0,120.56031480544208,17.83447390816028,changed
B2,S2,60,0.0,0.0,6.313092607108442,3.031844761360999,changed
B2,S2,60,0.0,0.0,293.1798443488491,25.29886689440783,changed
B2,S2,60,0.0,0.0,394.0893355276898,29.55694886788545,changed
B2,S2,60,0.0,0.0,399.71078861462047,27.1583884346318,changed
B2,S2,60,0.0,0.0,71.5672348279851,13.150307067921146,changed
B2,S2,60,0.0,0.0,62.79239796421604,16.807186372190355,changed
B2,S2,60,0.0,0.0,632.9753976178445,176.6862299228343,changed
B2,S2,60,0.0,0.0,76.21599825023777,18.328119347762627,changed
B2,S2,60,0.0,0.0,65.45464948274386,17.736051339389263,changed
B2,S2,60,0.0,0.0,102.0280085727482,24.328122894331315,changed
B2,S2,60,0.0,0.0,7.095315927396673,3.2289262469807376,changed
B2,S2,60,0.0,0.0,173.7857726525038,37.91447194720041,changed
B2,S2,60,0.0,0.0,296.12601217600087,27.938828175934432,changed
B2,S2,60,0.0,0.0,222.15275156109809,16.2535260332641,changed
B2,S2,60,0.0,0.0,129.9551546891304,24.03904825386451,changed
B2,S2,60,0.0,0.0,52.919326431246255,20.159766056588687,changed
B2,S2,60,0.0,0.0,52.79923421103352,15.87988146857414,changed
B2,S2,60,0.0,0.0,21.54004953060208,8.466947177889242,changed
B2,S2,60,0.0,0.0,92.90195157959448,24.00159642687388,changed
B2,S2,60,0.0,0.0,23.514907169803944,5.327770535301487,changed
B2,S2,60,0.0,0.0,162.3781404400404,30.5056176744524,changed
B2,S2,60,0.0,0.0,123.2540770429993,25.10998591414731,changed
B2,S2,60,0.0,0.0,65.20627456315077,15.44703323021047,changed
B2,S2,60,0.0,0.0,89.71014197728357,17.655797204287957,changed
B2,S2,60,0.0,0.0,129.91753009642363,28.685864290938863,changed
B2,S2,60,0.0,0.0,72.37743695724939,14.420771668015048,changed
B2,S2,60,0.0,0.0,144.12684485022197,32.5286052635124,changed
B2,S2,60,0.0,0.0,155.14027222621704,17.356420770576435,changed
B2,S2,60,0.0,0.0,186.75201207593,21.6303317581048,changed
B2,S2,60,0.0,0.0,148.01925281759435,21.694255123941986,changed
B2,S2,60,0.0,0.0,101.23719069196892,18.634750851595975,changed
B2,S2,60,0.0,0.0,154.22860349353104,24.787650715968,changed
B2,S2,60,0.0,0.0,42.21717011904207,11.065128528483193,changed
B2,S2,60,0.0,0.0,82.17307172486848,18.92160515152324,changed
B2,S2,60,0.0,0.0,125.28373152164134,20.88015469707745,changed
B2,S2,60,0.0,0.0,59.98340850156078,9.9694981405969,changed
B2,S2,60,0.0,0.0,45.21098293249846,13.953885005769672,changed
B2,S2,60,0.0,0.0,237.0474611024584,24.212710421797684,changed
B2,S2,60,0.0,0.0,72.35559179249854,18.84667317537974,changed
B2,S2,60,0.0,0.0,69.87425229927804,28.172913513672544,changed
B2,S2,60,0.0,0.0,33.515235493764294,13.940257963588287,changed
B2,S2,60,0.0,0.0,140.1246504142252,18.933930294785497,steady
B2,S2,60,0.0,0.0,39.338889233935845,14.978908020183823,changed
B2,S2,60,0.0,0.0,118.20925448216369,27.353540127716485,changed
B2,S2,60,0.0,0.0,119.80170921473614,22.12443487517876,changed
B2,S2,60,0.0,0.0,66.1521734441457,12.387483349147558,changed
B2,S2,60,0.0,0.0,57.93827536975296,13.04360413026634,changed
B2,S2,60,0.0,0.0,101.55087389967927,22.0903107323406,changed
B2,S2,60,0.0,0.0,86.88489564960277,19.266829244310543,changed
B2,S2,60,0.0,0.0,80.41917237023762,14.939608467225986,changed
B2,S2,60,0.0,0.0,241.8270194361804,34.56301401543485,changed
B2,S2,60,0.0,0.0,102.29263478901602,16.3912299270398,changed
B2,S2,60,0.0,0.0,160.8415330927031,24.83843668950446,changed
B2,S2,60,0.0,0.0,134.1453978840437,25.177688941836337,changed
B2,S2,60,0.0,0.0,107.9794964134764,26.896333093397832,changed
B2,S2,60,0.0,0.0,21.735271283875782,5.778373577279168,changed
B2,S2,60,0.0,0.0,197.36313072731852,23.27368793993717,changed
B2,S2,60,0.0,0.0,245.3238102206244,25.19546459110504,changed
B2,S2,60,0.0,0.0,251.46184402824832,19.405714413877988,changed
B2,S2,60,0.0,0.0,206.54065545621376,17.576761559967967,changed
B2,S2,60,0.0,0.0,320.67475911210045,29.51900820343874,changed
B2,S2,60,0.0,0.0,142.9759709362555,20.215995265648505,changed
B2,S2,60,0.0,0.0,383.7282715661354,31.64982794906564,changed
B2,S2,60,0.0,0.0,95.17257014424426,15.22163403465664,changed
B2,S2,120,0.0,0.0,127.75805301270216,35.70747506996655,changed
B2,S2,120,0.0,0.0,169.73613981595585,20.872494723740235,changed
B2,S2,120,0.0,0.0,126.06855990939133,14.81383763363406,changed
B2,S2,120,0.0,0.0,70.07589784711848,8.631850170564126,changed
B2,S2,120,0.0,0.0,185.955086035495,28.48767886944364,changed
B2,S2,120,0.0,0.0,81.78143332987597,12.691834906444956,changed
B2,S2,120,0.0,0.0,54.06177810422456,9.898047468586908,changed
B2,S2,120,0.0,0.0,350.429633059562,28.69089476321809,changed
B2,S2,120,0.0,0.0,379.34897041456486,29.42164025953183,changed
B2,S2,120,0.0,0.0,210.986711321461,21.55177534215241,changed
B2,S2,120,0.0,0.0,9.234213432676912,0.9833174694364594,changed
B2,S2,120,0.0,0.0,66.60361468009432,9.43929741676638,changed
B2,S2,120,0.0,0.0,67.03095144692102,14.70523935531928,changed
B2,S2,120,0.0,0.0,26.127281307137217,8.926015688003893,changed
B2,S2,120,0.0,0.0,16.257491960454534,2.148373020802704,changed
B2,S2,120,0.0,0.0,28.54860009310295,4.403799726798265,changed
B2,S2,120,0.0,0.0,73.42039867646695,10.521697689956587,changed
B2,S2,120,0.0,0.0,178.00187604451904,20.39059446072189,changed
B2,S2,120,0.0,0.0,40.09791222416623,5.694663093118901,changed
B2,S2,120,0.0,0.0,50.67327024407111,7.292601043083621,changed
B2,S2,120,0.0,0.0,11.965808802786324,1.3572629291905585,changed
B2,S2,120,0.0,0.0,50.65496630468457,13.867314229517854,changed
B2,S2,120,0.0,0.0,67.95556457014857,12.097192974423164,changed
B2,S2,120,0.0,0.0,23.09921480187229,3.109689402526317,changed
B2,S2,120,0.0,0.0,53.63803129089065,7.211193889123776,changed
B2,S2,120,0.0,0.0,15.491519183552713,2.178099338225099,changed
B2,S2,120,0.0,0.0,550.0538417764609,45.75419199924546,changed
B2,S2,120,0.0,0.0,464.7757471935984,33.36728754804367,changed
B2,S2,120,0.0,0.0,504.0647437884864,35.57142369036666,changed
B2,S2,120,0.0,0.0,389.8857764083024,24.997872807512916,changed
B2,S2,120,0.0,0.0,473.9013897074925,33.33383541539795,changed
B2,S2,120,0.0,0.0,292.03350281353727,53.76692806385715,changed
B2,S2,120,0.0,0.0,852.3526225224191,68.88610703563091,changed
B2,S2,120,0.0,0.0,493.7533336035959,42.32208596672244,changed
B2,S2,120,0.0,0.0,9.2630516093113,2.9486650033520574,changed
B2,S2,120,0.0,0.0,277.22066629265333,43.66469648527067,changed
B2,S2,120,0.0,0.0,502.5636139918,61.63395250353466,changed
B2,S2,120,0.0,0.0,588.3762313044443,43.73440814379888,changed
B2,S2,120,0.0,0.0,606.3747382569749,57.51059876027821,changed
B2,S2,120,0.0,0.0,464.6342470628064,56.70620404774155,changed
B2,S2,120,0.0,0.0,256.12491180021823,40.56687607372351,changed
B2,S2,120,0.0,0.0,69.60564528859751,39.607315364462735,changed
B2,S2,120,0.0,0.0,250.37224991479357,54.02714085574569,changed
B2,S2,120,0.0,0.0,330.177113843574,40.88892178011509,changed
B2,S2,120,0.0,0.0,268.6353494658378,26.63489937991891,changed
B2,S2,120,0.0,0.0,70.98623153636865,10.894462363830106,changed
B2,S2,120,0.0,0.0,85.28122424471958,39.28999215116451,changed
B2,S2,120,0.0,0.0,226.10943384156133,23.506701395168204,changed
B2,S2,120,0.0,0.0,4.444130317879472,0.4838852853226745,changed
B2,S2,120,0.0,0.0,213.36098898252092,28.822990487666488,changed
B2,S2,120,0.0,0.0,190.1033112988499,20.29946453725304,changed
B2,S2,120,0.0,0.0,234.49533220901355,23.182179886578435,changed
B2,S2,120,0.0,0.0,261.09896023532093,18.828839040669564,changed
B2,S2,120,0.0,0.0,288.0172155159361,22.228096500460524,changed
B2,S2,120,0.0,0.0,313.6895331578441,30.17366713625188,changed
B2,S2,120,0.0,0.0,202.75598567781935,22.06970310779516,changed
B2,S2,120,0.0,0.0,375.85234210024873,38.62781826870437,changed
B2,S2,120,0.0,0.0,234.31671958489505,21.954392588423183,changed
B2,S2,120,0.0,0.0,130.72951202373596,17.02276570289343,changed
B2,S2,120,0.0,0.0,164.06222108911695,24.770536395988536,changed
B2,S2,120,0.0,0.0,684.6468206107377,55.72848839563791,changed
B2,S2,120,0.0,0.0,700.0029694920455,46.63672091305963,changed
B2,S2,120,0.0,0.0,632.2631995046332,38.88454380188277,changed
B2,S2,120,0.0,0.0,464.6793576420352,26.324717636169098,changed
B2,S2,120,0.0,0.0,569.0203929858764,39.50031945315259,changed
B2,S2,120,0.0,0.0,132.9825539841607,15.028921093624122,changed
B2,S2,120,0.0,0.0,666.6022207398028,48.7411776632079,changed
B2,S2,120,0.0,0.0,1234.0015007984498,49.46342148763436,changed
B2,S2,120,0.0,0.0,1434.2153015424503,51.08585057604216,changed
B2,S2,120,0.0,0.0,659.391021851409,32.69358955681519,changed
B2,S2,120,0.0,0.0,230.08898843884387,25.054927498071542,changed
B2,S2,120,0.0,0.0,150.84233549963483,20.605571797003687,changed
B2,S2,120,0.0,0.0,1231.521917164132,158.9327373768433,changed
B2,S2,120,0.0,0.0,38.38844655397202,4.885728959375449,changed
B2,S2,120,0.0,0.0,263.5848013587947,33.41263319036443,changed
B2,S2,120,0.0,0.0,112.77122413333204,17.627780286146667,changed
B2,S2,120,0.0,0.0,415.1939244761317,61.184318641630206,changed
B2,S2,120,0.0,0.0,1053.5705603861277,69.31037845987005,changed
B2,S2,120,0.0,0.0,1309.8822018341932,53.92579037211637,changed
B2,S2,120,0.0,0.0,230.0951560920499,12.054167749266233,changed
B2,S2,120,0.0,0.0,100.51808998393383,12.509074438682765,changed
B2,S2,120,0.0,0.0,287.72897140228065,48.305908895843935,changed
B2,S2,120,0.0,0.0,113.70795535555766,19.35023945552299,changed
B2,S2,120,0.0,0.0,152.84499699482032,23.8212826820065,changed
B2,S2,120,0.0,0.0,125.10760791597708,15.08642171970751,changed
B2,S2,120,0.0,0.0,242.96430884069653,24.941582578515256,changed
B2,S2,120,0.0,0.0,303.4161126077945,29.618243591629845,changed
B2,S2,120,0.0,0.0,249.78101544364912,27.340335307007575,changed
B2,S2,120,0.0,0.0,222.7505774944269,23.92005792929195,changed
B2,S2,120,0.0,0.0,318.2091835669419,33.07728686473918,changed
B2,S2,120,0.0,0.0,319.3187510117471,33.41393657681974,changed
B2,S2,120,0.0,0.0,289.0116015847011,30.573157378301797,changed
B2,S2,120,0.0,0.0,665.7722635266363,49.74013293412634,changed
B2,S2,120,0.0,0.0,672.7051054940872,38.24899439272666,changed
B2,S2,120,0.0,0.0,565.9982407764885,36.59650230399112,changed
B2,S2,120,0.0,0.0,426.1650132561219,34.734938731742155,changed
B2,S2,120,0.0,0.0,466.6416097297206,39.99925658440583,changed
B2,S2,120,0.0,0.0,257.9954732966776,25.672332489932927,changed
B2,S2,120,0.0,0.0,5.608241612926979,1.1012701402994471,changed
B2,S2,120,0.0,0.0,355.6594777440154,34.34588392189897,changed
B2,S2,120,0.0,0.0,338.2500448050708,28.10356514132724,changed
B2,S2,120,0.0,0.0,69.99314128343337,7.557071608033509,changed
B2,S2,120,0.0,0.0,723.2410538488463,55.4724492810493,changed
B2,S2,120,0.0,0.0,429.84556954954576,31.498584633012204,changed
B2,S2,120,0.0,0.0,46.01951237003838,7.277971057055613,changed
B2,S2,120,0.0,0.0,217.4413511306046,44.47178553920509,changed
B2,S2,120,0.0,0.0,306.7435295360077,43.69649261254318,changed
B2,S2,120,0.0,0.0,272.33776561880694,27.124264658814603,changed
B2,S2,120,0.0,0.0,317.96863625848266,45.736679992058654,changed
B2,S2,120,0.0,0.0,429.83163019463984,44.11042384809526,changed
B2,S2,120,0.0,0.0,232.3573075910262,21.604287312026187,changed
B2,S2,120,0.0,0.0,227.9081689451993,23.27896935495629,changed
B2,S2,120,0.0,0.0,262.5217664176363,29.033243978965874,changed
B2,S2,120,0.0,0.0,300.58707459782016,32.97719080478716,changed
B2,S2,120,0.0,0.0,80.24305607386289,8.103083025417437,changed
B2,S2,120,0.0,0.0,616.0912211621257,49.71675400994284,changed
B2,S2,120,0.0,0.0,767.1619759296572,57.92725645919566,changed
B2,S2,120,0.0,0.0,364.5777763028597,28.64441430003617,changed
B2,S2,120,0.0,0.0,569.8786079994625,48.24328594795467,changed
B2,S2,120,0.0,0.0,144.15334262110477,15.424438783481772,changed
B2,S2,120,0.0,0.0,282.0082018740564,36.25899859944984,changed
B2,S2,120,0.0,0.0,414.7994748269013,33.87006179151475,changed
B2,S2,120,0.0,0.0,630.7215785666396,34.59116352225783,changed
B2,S2,120,0.0,0.0,1076.4961350149863,47.38525825842479,changed
B2,S2,120,0.0,0.0,984.9175517011092,39.84658631343693,changed
B2,S2,120,0.0,0.0,927.3105033972884,40.9690503205457,changed
B2,S2,120,0.0,0.0,808.2248371975385,45.00834482831617,changed
B2,S2,120,0.0,0.0,844.8765617677909,43.998921914674526,changed
B2,S2,120,0.0,0.0,752.5359943528879,40.89910127459763,changed
B2,S3a,30,0.0,0.0,8.224221303452387,3.5981448178429543,changed
B2,S3a,30,0.0,0.0,20.251860781927512,5.609015692625109,changed
B2,S3a,30,0.0,0.0,18.564478178825595,5.248828064650584,changed
B2,S3a,30,0.0,0.0,41.80902380589959,8.594001015280316,steady
B2,S3a,30,0.0,0.0,17.985872175580035,4.306289495597271,steady
B2,S3a,30,0.0,0.0,1.4672078886018018,0.5060451187407475,changed
B2,S3a,30,0.0,0.0,8.975575960204408,2.940677750422416,changed
B2,S3a,30,0.0,0.0,1.7758351505279473,1.785957742188799,changed
B2,S3a,30,0.0,0.0,4.146877694546561,1.0192363537941982,changed
B2,S3a,30,0.0,0.0,5.977192851754647,1.4229103483438692,steady
B2,S3a,30,0.0,0.0,36.53533147982887,7.177088983407243,changed
B2,S3a,30,0.0,0.0,1.0798883831490544,0.2604216067969914,changed
B2,S3a,30,0.0,0.0,1.1599093362071315,0.1800135904705034,changed
B2,S3a,30,0.0,0.0,1.7519145069068982,0.7206197153294795,changed
B2,S3a,30,0.0,0.0,26.853365132122715,3.664143384867969,changed
B2,S3a,30,0.0,0.0,20.0408345303852,3.731453244695696,changed
B2,S3a,30,0.0,0.0,14.63755349660399,2.175370842075801,steady
B2,S3a,30,0.0,0.0,4.3526580095044345,0.8386826861645389,steady
B2,S3a,30,0.0,0.0,4.409752968486457,0.830442571323507,steady
B2,S3a,30,0.0,0.0,7.740920328873173,2.0912074879409057,changed
B2,S3a,30,0.0,0.0,8.157550255339817,53.41641009810697,changed
B2,S3a,30,0.0,0.0,13.551705557358794,3.670639950503155,steady
B2,S3a,30,0.0,0.0,17.861960141605433,5.377375438155836,changed
B2,S3a,30,0.0,0.0,15.076755344063166,4.837591013256766,changed
B2,S3a,30,0.0,0.0,0.9164069294364704,0.3300874691387359,changed
B2,S3a,30,0.0,0.0,6.027724616711213,2.0712791328536984,changed
B2,S3a,30,0.0,0.0,11.801694930164912,9.738714648231907,changed
B2,S3a,30,0.0,0.0,10.194881702089605,4.155172620050834,changed
B2,S3a,30,0.0,0.0,11.004257157496207,4.099073159333591,changed
B2,S3a,30,0.0,0.0,1.9194752149178584,1.2301446023415197,steady
B2,S3a,30,0.0,0.0,1.1318386685711317,0.7470440388778821,changed
B2,S3a,30,0.0,0.0,2.0019039089964146,0.7671518200156228,changed
B2,S3a,30,0.0,0.0,0.1845588497600432,0.1143594720178785,changed
B2,S3a,30,0.0,0.0,2.157666019367209,1.0198565267213184,changed
B2,S3a,30,0.0,0.0,42.15398434018334,12.4034991728101,changed
B2,S3a,60,0.0,0.0,25.321861122570827,5.259187610001168,changed
B2,S3a,60,0.0,0.0,61.18966632481881,8.46520205425685,changed
B2,S3a,60,0.0,0.0,23.114933664323186,4.5547436533087255,changed
B2,S3a,60,0.0,0.0,63.994382204047824,9.013649543331075,changed
B2,S3a,60,0.0,0.0,24.104691166014973,4.173846564434201,changed
B2,S3a,60,0.0,0.0,1.198759446727775,0.1908828127419717,changed
B2,S3a,60,0.0,0.0,40.13493724958212,6.0592492158760685,changed
B2,S3a,60,0.0,0.0,3.03279881043108,2.2404796735679526,changed
B2,S3a,60,0.0,0.0,4.387919496719078,0.5306188447443886,changed
B2,S3a,60,0.0,0.0,3.2348863911111074,0.3784877718293323,steady
B2,S3a,60,0.0,0.0,107.95512630127028,11.000200754097994,changed
B2,S3a,60,0.0,0.0,6.104602892948065,0.6430087849680803,changed
B2,S3a,60,0.0,0.0,3.46557121648055,0.2679507927845199,changed
B2,S3a,60,0.0,0.0,1.775526714176104,0.2583572243463522,changed
B2,S3a,60,0.0,0.0,38.37339750870585,2.554818989913396,changed
B2,S3a,60,0.0,0.0,78.53305565756712,7.083551516064287,changed
B2,S3a,60,0.0,0.0,32.320423526037835,2.6527525522526934,changed
B2,S3a,60,0.0,0.0,9.825549636801556,0.9701412433449512,changed
B2,S3a,60,0.0,0.0,3.081763293778975,0.3217756232417053,changed
B2,S3a,60,0.0,0.0,47.62320455066048,6.92442502207082,changed
B2,S3a,60,0.0,0.0,7.775037361272009,46.43382618221543,changed
B2,S3a,60,0.0,0.0,35.703231828381895,5.300468955076139,changed
B2,S3a,60,0.0,0.0,28.18279888415381,4.247106818532834,changed
B2,S3a,60,0.0,0.0,13.75061744248658,2.186430181254277,changed
B2,S3a,60,0.0,0.0,2.1105135491959066,0.4293059301068984,changed
B2,S3a,60,0.0,0.0,8.266505040346788,1.7335121322295317,changed
B2,S3a,60,0.0,0.0,12.878928227505249,3.9050621903351233,changed
B2,S3a,60,0.0,0.0,24.67313044579979,4.377451763848531,changed
B2,S3a,60,0.0,0.0,28.518098597424068,5.8046842276460495,changed
B2,S3a,60,0.0,0.0,0.4175132225959762,0.1281201063978075,changed
B2,S3a,60,0.0,0.0,11.05185731686966,2.9238152631535854,changed
B2,S3a,60,0.0,0.0,7.012048087785107,1.5119440032333988,changed
B2,S3a,60,0.0,0.0,4.578667277517206,1.4882889604958218,changed
B2,S3a,60,0.0,0.0,3.496438057142413,0.5933864731875838,changed
B2,S3a,60,0.0,0.0,43.19561211638721,7.916293176675662,changed
B2,S3a,120,0.0,0.0,124.61580746169308,10.339156379567845,changed
B2,S3a,120,0.0,0.0,145.67658812899714,11.84045735131581,changed
B2,S3a,120,0.0,0.0,53.52834399098199,4.391462386989731,changed
B2,S3a,120,0.0,0.0,91.2213103585808,8.350341128351698,changed
B2,S3a,120,0.0,0.0,61.94126305577393,5.136154945786947,changed
B2,S3a,120,0.0,0.0,30.84299709274808,2.3879638286317686,changed
B2,S3a,120,0.0,0.0,55.69480318807588,6.981585824016394,changed
B2,S3a,120,0.0,0.0,33.52098961584041,3.4800211138392445,changed
B2,S3a,120,0.0,0.0,5.297941991956713,0.3147876173540677,changed
B2,S3a,120,0.0,0.0,27.99097494139212,1.5231662624120783,changed
B2,S3a,120,0.0,0.0,222.36441763059707,11.516858061772584,changed
B2,S3a,120,0.0,0.0,63.00565621453193,2.806436242927939,changed
B2,S3a,120,0.0,0.0,27.36780974222864,1.380773981823033,changed
B2,S3a,120,0.0,0.0,18.03425098619165,0.823768502719706,changed
B2,S3a,120,0.0,0.0,121.99318852002538,4.668492883764279,changed
B2,S3a,120,0.0,0.0,167.43331546913532,7.195116961570849,changed
B2,S3a,120,0.0,0.0,71.50679192027349,3.2022942817142037,changed
B2,S3a,120,0.0,0.0,13.790319960500272,0.6992090386908966,changed
B2,S3a,120,0.0,0.0,65.20488615050682,3.96001802002968,changed
B2,S3a,120,0.0,0.0,51.48655706141929,7.30822898112771,changed
B2,S3a,120,0.0,0.0,7.659458543044602,1.7852000030356914,changed
B2,S3a,120,0.0,0.0,130.3329786375061,9.746979889611971,changed
B2,S3a,120,0.0,0.0,32.34543721853502,2.500311211771413,changed
B2,S3a,120,0.0,0.0,11.042695638604515,0.9854993072312712,changed
B2,S3a,120,0.0,0.0,26.25543883910749,3.058986417189956,changed
B2,S3a,120,0.0,0.0,13.399390317719828,1.6594928242996434,changed
B2,S3a,120,0.0,0.0,9.16779086870072,1.0248145966799191,changed
B2,S3a,120,0.0,0.0,28.02993882535248,2.655061664555292,changed
B2,S3a,120,0.0,0.0,44.7900864755816,5.47686620073944,changed
B2,S3a,120,0.0,0.0,16.155505911814345,2.2952373987997703,changed
B2,S3a,120,0.0,0.0,3.170646455466908,0.3764781332175784,changed
B2,S3a,120,0.0,0.0,7.908035114625685,1.0251225865606035,changed
B2,S3a,120,0.0,0.0,27.88944171915121,3.1096035986052093,changed
B2,S3a,120,0.0,0.0,40.40517893471551,3.5602756329886964,changed
B2,S3c,30,0.0,0.0,17.882648176417,3.807009455297052,changed
B2,S3c,30,0.0,0.0,5.569157723631898,1.6219886749456045,changed
B2,S3c,30,0.0,0.0,18.24980503053678,3.3621238633879376,changed
B2,S3c,30,0.0,0.0,17.539029274411003,3.494334036009868,changed
B2,S3c,30,0.0,0.0,3.667762581072021,1.6918571183704765,changed
B2,S3c,30,0.0,0.0,4.634103641129968,1.3437750875864878,changed
B2,S3c,30,0.0,0.0,11.550102882572146,2.413307083783436,changed
B2,S3c,30,0.0,0.0,3.1905874115613826,1.477050692333482,changed
B2,S3c,30,0.0,0.0,0.7156831274781178,0.4914422717234717,changed
B2,S3c,30,0.0,0.0,5.321042426564014,2.581030273810945,changed
B2,S3c,30,0.0,0.0,3.08590960373087,1.2458374767817348,steady
B2,S3c,30,0.0,0.0,1.5748931364102274,0.9738303255490472,changed
B2,S3c,30,0.0,0.0,2.310063785343388,1.454626743687198,changed
B2,S3c,30,0.0,0.0,10.761121371639268,3.5185342204145003,changed
B2,S3c,30,0.0,0.0,17.570187341160572,4.069972478116891,changed
B2,S3c,30,0.0,0.0,12.218173876192306,1.410510400657802,steady
B2,S3c,30,0.0,0.0,35.09484560690286,3.9119603266764464,changed
B2,S3c,30,0.0,0.0,1.1875709627120876,0.1270804837486404,steady
B2,S3c,30,0.0,0.0,4.823251955156421,0.5401087552237096,steady
B2,S3c,30,0.0,0.0,17.942529096489427,1.8936475077068495,steady
B2,S3c,30,0.0,0.0,2.7965230941324437,0.3349013356342336,changed
B2,S3c,30,0.0,0.0,2.4421646110929327,0.3806277491005097,changed
B2,S3c,30,0.0,0.0,1.7819647120944837,0.3764702343307385,changed
B2,S3c,30,0.0,0.0,1.6947160939572838,0.5270365619423758,changed
B2,S3c,30,0.0,0.0,0.643496181541547,0.1889538434589598,steady
B2,S3c,30,0.0,0.0,1.95426168738619,0.6512085152339819,changed
B2,S3c,30,0.0,0.0,4.994334310834812,1.9937442376048105,changed
B2,S3c,30,0.0,0.0,4.256429022427097,2.121326905932164,changed
B2,S3c,30,0.0,0.0,7.870426404629752,3.149170368626772,changed
B2,S3c,30,0.0,0.0,4.93518261399281,2.4133411873298267,changed
B2,S3c,30,0.0,0.0,2.055920069522672,1.5187920457833526,changed
B2,S3c,30,0.0,0.0,1.5436559671321226,26.660327782880568,changed
B2,S3c,30,0.0,0.0,15.45984120172104,3.461073872837304,changed
B2,S3c,30,0.0,0.0,14.289621429869054,3.7032016052109498,changed
B2,S3c,30,0.0,0.0,7.60813014129641,2.0401117992349014,changed
B2,S3c,30,0.0,0.0,3.666269680751308,1.0601324265891592,changed
B2,S3c,30,0.0,0.0,38.47792914253771,22.2808984029994,changed
B2,S3c,30,0.0,0.0,26.74858367534909,12.420365263754634,changed
B2,S3c,30,0.0,0.0,48.50043472729103,18.982063966335257,changed
B2,S3c,30,0.0,0.0,27.52430284350462,13.17657809193964,changed
B2,S3c,30,0.0,0.0,12.992813460259036,6.460452558239783,changed
B2,S3c,30,0.0,0.0,22.39017215062735,8.499819706649724,changed
B2,S3c,30,0.0,0.0,10.789341350774214,4.294327582729254,changed
B2,S3c,30,0.0,0.0,4.547437279092753,2.2603932391872776,changed
B2,S3c,30,0.0,0.0,11.192084464817327,2.049455515234307,changed
B2,S3c,30,0.0,0.0,4.946216745240859,0.8702055514086781,changed
B2,S3c,30,0.0,0.0,8.37861638746031,1.5185753987518522,changed
B2,S3c,30,0.0,0.0,18.85995115736001,15.107562486661402,changed
B2,S3c,30,0.0,0.0,5.732429330724921,1.0892613982535104,changed
B2,S3c,30,0.0,0.0,96.23029933947292,18.193461378117657,changed
B2,S3c,30,0.0,0.0,11.638512970157828,2.278032428183544,changed
B2,S3c,30,0.0,0.0,26.838595270109,14.997328036125412,changed
B2,S3c,30,0.0,0.0,4.366943475440855,0.8572755624594738,changed
B2,S3c,30,0.0,0.0,1.4935545179892444,0.9881517277585486,changed
B2,S3c,30,0.0,0.0,11.877695955896217,6.773441219239652,changed
B2,S3c,30,0.0,0.0,0.9499458114601323,0.776028002279955,steady
B2,S3c,60,0.0,0.0,57.68287290984462,6.830622105896985,changed
B2,S3c,60,0.0,0.0,51.52467104612241,5.864952656739577,changed
B2,S3c,60,0.0,0.0,52.80265229077116,4.927928320678619,changed
B2,S3c,60,0.0,0.0,25.903972471231228,3.8768489876414622,changed
B2,S3c,60,0.0,0.0,1.745465569929017,0.3109016600105074,changed
B2,S3c,60,0.0,0.0,8.946466219449219,1.4389861796937995,changed
B2,S3c,60,0.0,0.0,21.91981100187135,2.811035856297991,changed
B2,S3c,60,0.0,0.0,16.794237794822344,3.918143495316022,changed
B2,S3c,60,0.0,0.0,25.147226766199847,10.020248791897572,changed
B2,S3c,60,0.0,0.0,7.388178825649089,1.7087291780555556,changed
B2,S3c,60,0.0,0.0,8.97010972700195,2.0898481762564107,changed
B2,S3c,60,0.0,0.0,7.343551537452484,2.4605245199336987,changed
B2,S3c,60,0.0,0.0,4.498762227750088,2.0643343329966077,changed
B2,S3c,60,0.0,0.0,44.20551868609224,5.846831422415917,changed
B2,S3c,60,0.0,0.0,92.51074564311162,7.346303097852474,changed
B2,S3c,60,0.0,0.0,91.97966686811468,5.182460282091871,changed
B2,S3c,60,0.0,0.0,103.6445574167668,5.65820748339775,changed
B2,S3c,60,0.0,0.0,20.71719305031764,1.1114639889888114,steady
B2,S3c,60,0.0,0.0,39.82897381052775,2.20714259956258,steady
B2,S3c,60,0.0,0.0,48.5062119326901,2.569626540144761,steady
B2,S3c,60,0.0,0.0,4.433544167420955,0.3061722839476677,changed
B2,S3c,60,0.0,0.0,14.164414495356825,1.1104792465538558,changed
B2,S3c,60,0.0,0.0,3.2387125955352563,0.3679235132204062,changed
B2,S3c,60,0.0,0.0,1.4610409050309725,0.2260836512903068,changed
B2,S3c,60,0.0,0.0,2.365927324988637,0.3867636384373753,changed
B2,S3c,60,0.0,0.0,2.2630685329558973,0.4255232486243376,changed
B2,S3c,60,0.0,0.0,6.148538066672725,1.175745931008353,changed
B2,S3c,60,0.0,0.0,6.132271804692498,1.375838982951601,changed
B2,S3c,60,0.0,0.0,13.095463867730068,2.842246120130345,changed
B2,S3c,60,0.0,0.0,7.354303475509338,1.4427368075568214,changed
B2,S3c,60,0.0,0.0,2.84672400916825,2.073468040817839,changed
B2,S3c,60,0.0,0.0,1.5333120876978603,0.6376702754664234,changed
B2,S3c,60,0.0,0.0,32.208037900900365,4.0390606591555365,changed
B2,S3c,60,0.0,0.0,19.26382215266605,3.1533039881601086,changed
B2,S3c,60,0.0,0.0,10.237128570397566,1.4124923428480702,changed
B2,S3c,60,0.0,0.0,9.412479591319794,1.6276587833931264,changed
B2,S3c,60,0.0,0.0,95.74622105528869,22.32103699373938,changed
B2,S3c,60,0.0,0.0,59.10254262083796,14.127145488054705,changed
B2,S3c,60,0.0,0.0,49.08905325277099,12.081408158297922,changed
B2,S3c,60,0.0,0.0,36.64848304001834,9.974662632518944,changed
B2,S3c,60,0.0,0.0,11.901675966612132,2.8365916124577333,changed
B2,S3c,60,0.0,0.0,30.973662044920133,5.749705197548974,changed
B2,S3c,60,0.0,0.0,13.974371991291363,3.152647968158111,changed
B2,S3c,60,0.0,0.0,8.115179768673327,1.347725396413539,changed
B2,S3c,60,0.0,0.0,34.69104990053328,3.22120799794433,changed
B2,S3c,60,0.0,0.0,15.170648362465448,1.398121883424289,changed
B2,S3c,60,0.0,0.0,32.74882385683936,3.307464594359859,changed
B2,S3c,60,0.0,0.0,15.061456461511815,2.48589799172313,changed
B2,S3c,60,0.0,0.0,3.2190717645186595,0.3185306020826833,changed
B2,S3c,60,0.0,0.0,249.08338240013344,23.803010078369432,changed
B2,S3c,60,0.0,0.0,12.963019414082584,1.2499261824286558,changed
B2,S3c,60,0.0,0.0,48.27526008346354,7.35725553932432,changed
B2,S3c,60,0.0,0.0,7.630369120055502,1.1554551260234616,changed
B2,S3c,60,0.0,0.0,7.989497427007427,5.068060345531287,changed
B2,S3c,60,0.0,0.0,113.79506757699814,20.453136960681302,changed
B2,S3c,120,0.0,0.0,227.65613714497675,13.201950499458247,changed
B2,S3c,120,0.0,0.0,214.886415797392,11.013426507472436,changed
B2,S3c,120,0.0,0.0,134.98972036608916,7.759507037084029,changed
B2,S3c,120,0.0,0.0,17.297821535754967,1.4056952536554683,changed
B2,S3c,120,0.0,0.0,17.79375947213584,1.502332486972078,changed
B2,S3c,120,0.0,0.0,79.60803410975862,5.674424263074921,changed
B2,S3c,120,0.0,0.0,49.52157513624886,4.095661945243313,changed
B2,S3c,120,0.0,0.0,37.03731205454852,5.443778135290374,changed
B2,S3c,120,0.0,0.0,39.72263964264256,5.806424719238507,changed
B2,S3c,120,0.0,0.0,42.32823806210338,4.908664687601781,changed
B2,S3c,120,0.0,0.0,25.604108300397566,3.5147868100483914,changed
B2,S3c,120,0.0,0.0,5.210508780038587,1.00789764945051,changed
B2,S3c,120,0.0,0.0,37.83439458852735,6.899478716683816,changed
B2,S3c,120,0.0,0.0,228.46677171920223,11.33225232002904,changed
B2,S3c,120,0.0,0.0,337.12880332731174,11.111294062867971,changed
B2,S3c,120,0.0,0.0,379.82265843710286,10.531373608696846,changed
B2,S3c,120,0.0,0.0,293.5858676226936,7.937191270597739,changed
B2,S3c,120,0.0,0.0,136.3778363560733,3.717532120700518,changed
B2,S3c,120,0.0,0.0,195.3028412944053,5.285090258718333,changed
B2,S3c,120,0.0,0.0,70.83184635767174,2.121394640337173,changed
B2,S3c,120,0.0,0.0,44.06017202799994,1.6165876370740608,changed
B2,S3c,120,0.0,0.0,17.508542842834416,0.811611275698475,changed
B2,S3c,120,0.0,0.0,5.123534565585963,0.3356378075089706,changed
B2,S3c,120,0.0,0.0,3.031824703837028,0.2410105613929724,changed
B2,S3c,120,0.0,0.0,3.89379734293092,0.3401525717397162,changed
B2,S3c,120,0.0,0.0,1.2242517579642744,0.1160273240856153,changed
B2,S3c,120,0.0,0.0,5.609614588097668,0.5791112128413873,changed
B2,S3c,120,0.0,0.0,22.07989813487191,2.4337202292224367,changed
B2,S3c,120,0.0,0.0,14.950840712608606,1.5405452520457563,changed
B2,S3c,120,0.0,0.0,12.297723421023225,1.90061373477583,changed
B2,S3c,120,0.0,0.0,28.11102064874206,5.1513129253578605,changed
B2,S3c,120,0.0,0.0,45.0241078766353,4.331386601759217,changed
B2,S3c,120,0.0,0.0,65.12811440008896,4.718154565033733,changed
B2,S3c,120,0.0,0.0,63.42009020083555,4.74820145978154,changed
B2,S3c,120,0.0,0.0,8.633043918683983,0.6625311329315117,changed
B2,S3c,120,0.0,0.0,27.260705720171597,2.706491981730676,changed
B2,S3c,120,0.0,0.0,205.05435802729744,24.196068427000668,changed
B2,S3c,120,0.0,0.0,82.81954811896102,10.03402474538512,changed
B2,S3c,120,0.0,0.0,65.95144621641195,8.52377994288132,changed
B2,S3c,120,0.0,0.0,29.61870776651853,3.763531556298537,changed
B2,S3c,120,0.0,0.0,24.60391870309109,2.5657354543280446,changed
B2,S3c,120,0.0,0.0,62.6016744203798,6.375187000644583,changed
B2,S3c,120,0.0,0.0,13.015327769269105,1.2450126760747238,changed
B2,S3c,120,0.0,0.0,49.53762679569668,2.947126436437264,changed
B2,S3c,120,0.0,0.0,104.72259613885672,4.839123517710407,changed
B2,S3c,120,0.0,0.0,58.75699619929394,2.831359183709948,changed
B2,S3c,120,0.0,0.0,13.838674520457388,0.8670714117372355,changed
B2,S3c,120,0.0,0.0,28.410935008292164,1.7575843223618763,changed
B2,S3c,120,0.0,0.0,40.69096240361655,1.9764862427288847,changed
B2,S3c,120,0.0,0.0,309.40252309614186,14.83778608272354,changed
B2,S3c,120,0.0,0.0,30.613430676835108,1.807097969838846,changed
B2,S3c,120,0.0,0.0,88.8138580336311,6.737006659405417,changed
B2,S3c,120,0.0,0.0,17.922169641862872,2.19091566878791,changed
B2,S3c,120,0.0,0.0,47.50768520925445,9.942123917997362,changed
