method,drive,outage_s,start_s,end_s,distance_m,endpoint_error_m,drift_pct,rmse_m,end_heading_error_deg,status,model_label
B1,S1,30,60.0,90.0,163.8026652345432,8.199608328614838,5.005784439999258,38.71554401249352,-11.535313399408977,MEASURED,
B2,S1,30,60.0,90.0,163.8026652345432,1.5339972709283487,0.9364910325066277,3.138445126868545,-11.535313399408977,MEASURED,
B3,S1,30,60.0,90.0,163.8026652345432,13.36489303124721,8.159142595213877,38.92136238825525,0.0,MEASURED,
B4,S1,30,60.0,90.0,163.8026652345432,116.73042733883007,71.26283761725605,46.643820704692686,-11.535313399408977,MEASURED,
X,S1,30,60.0,90.0,163.8026652345432,86.35246518041987,52.71737493207137,59.01250477857129,-6.65993451328556,MEASURED,
CURRENT,S1,30,60.0,90.0,,,,,,NOT_FOUND,No dedicated IO-VNBD model found
B1,S1,30,120.0,150.0,551.9269484148699,46.5768069498185,8.438944154400641,46.87102498750317,2.660395634204916,MEASURED,
B2,S1,30,120.0,150.0,551.9269484148699,27.889779382203436,5.053164999879545,41.73008679917262,2.660395634204916,MEASURED,
B3,S1,30,120.0,150.0,551.9269484148699,81.5592346565408,14.777179279029282,47.868123867832445,0.0,MEASURED,
B4,S1,30,120.0,150.0,551.9269484148699,78.78116762907689,14.273839654928214,55.51516926782499,2.660395634204916,MEASURED,
X,S1,30,120.0,150.0,551.9269484148699,43.07548871175993,7.804563418306067,46.67903417807381,4.63911678648566,MEASURED,
CURRENT,S1,30,120.0,150.0,,,,,,NOT_FOUND,No dedicated IO-VNBD model found
B1,S1,30,180.0,210.0,144.472633829346,173.3893383309182,120.01535082120066,103.17650609157207,-2.792028901586882,MEASURED,
B2,S1,30,180.0,210.0,144.472633829346,8.136875509218331,5.632122356701667,4.18841827142891,-2.792028901586882,MEASURED,
B3,S1,30,180.0,210.0,144.472633829346,173.0787359016974,119.8003603271617,102.7798485004447,0.0,MEASURED,
B4,S1,30,180.0,210.0,144.472633829346,214.01741467676715,148.13699245600301,125.44323237942623,-2.792028901586882,MEASURED,
X,S1,30,180.0,210.0,144.472633829346,51.22223950734007,35.45463119876725,21.976679672770334,3.311901717152902,MEASURED,
CURRENT,S1,30,180.0,210.0,,,,,,NOT_FOUND,No dedicated IO-VNBD model found
B1,S1,30,240.0,270.0,362.44936166546415,58.88277398905753,16.245793265710187,25.082614295630002,-23.66323853788697,MEASURED,
B2,S1,30,240.0,270.0,362.44936166546415,53.789754324918135,14.840626033317546,20.83652193621252,-23.66323853788697,MEASURED,
B3,S1,30,240.0,270.0,362.44936166546415,20.047675144017575,5.531165802554595,14.439832782703233,0.0,MEASURED,
B4,S1,30,240.0,270.0,362.44936166546415,85.95513746469807,23.715074864453342,42.16568459504158,-23.66323853788697,MEASURED,
X,S1,30,240.0,270.0,362.44936166546415,85.4603599248971,23.578565439377396,37.19803624997743,-1.650019975396961,MEASURED,
CURRENT,S1,30,240.0,270.0,,,,,,NOT_FOUND,No dedicated IO-VNBD model found
B1,S1,30,300.0,330.0,393.2503981627074,116.08151839537963,29.51847447268213,53.13891972268744,-1.69617977856012,MEASURED,
B2,S1,30,300.0,330.0,393.2503981627074,3.854738196428228,0.9802248680326395,1.7040874418857115,-1.69617977856012,MEASURED,
B3,S1,30,300.0,330.0,393.2503981627074,115.54255889092518,29.38142197204322,52.81504178395745,0.0,MEASURED,
B4,S1,30,300.0,330.0,393.2503981627074,228.93083323573288,58.2150289752568,115.57190430404485,-1.69617977856012,MEASURED,
X,S1,30,300.0,330.0,393.2503981627074,67.99744051665813,17.29113074884267,35.852891764281274,0.4400823861930424,MEASURED,
CURRENT,S1,30,300.0,330.0,,,,,,NOT_FOUND,No dedicated IO-VNBD model found
B1,S1,30,360.0,390.0,363.7029750013063,55.11778773139388,15.154615584652811,27.324613767203058,5.456378575195447,MEASURED,
B2,S1,30,360.0,390.0,363.7029750013063,38.54443856035356,10.597779289601664,20.325755862396424,5.456378575195447,MEASURED,
B3,S1,30,360.0,390.0,363.7029750013063,47.94188415951751,13.181603521209942,23.701557352365278,0.0,MEASURED,
B4,S1,30,360.0,390.0,363.7029750013063,103.72380136106617,28.518821260863653,56.591119287635856,5.456378575195447,MEASURED,
X,S1,30,360.0,390.0,363.7029750013063,32.85807748647693,9.034316391379233,14.654205395491012,4.010875967738396,MEASURED,
CURRENT,S1,30,360.0,390.0,,,,,,NOT_FOUND,No dedicated IO-VNBD model found
B1,S1,30,420.0,450.0,251.8540661382574,165.44264598951523,65.68988483143809,72.47767451668825,-8.869364070411791,MEASURED,
B2,S1,30,420.0,450.0,251.8540661382574,17.859923965140766,7.091378050389074,10.323576476967448,-8.869364070411791,MEASURED,
B3,S1,30,420.0,450.0,251.8540661382574,162.96635807553952,64.70666151011346,70.98798401429661,0.0,MEASURED,
B4,S1,30,420.0,450.0,251.8540661382574,158.37354809252173,62.883061814686464,68.29578400458777,-8.869364070411791,MEASURED,
X,S1,30,420.0,450.0,251.8540661382574,87.94469394483059,34.91890970565177,36.76537260555911,2.9520435412073645,MEASURED,
CURRENT,S1,30,420.0,450.0,,,,,,NOT_FOUND,No dedicated IO-VNBD model found
B1,S1,30,480.0,510.0,369.2647212460446,217.9854331815278,59.03229326808126,112.90073889534136,-7.1420919568593035,MEASURED,
B2,S1,30,480.0,510.0,369.2647212460446,27.608337427062825,7.476570557268894,13.371670290511014,-7.1420919568593035,MEASURED,
B3,S1,30,480.0,510.0,369.2647212460446,217.40313749402773,58.87460268623115,112.6541514717806,0.0,MEASURED,
B4,S1,30,480.0,510.0,369.2647212460446,203.36788867271622,55.073738966038476,105.24107324252937,-7.1420919568593035,MEASURED,
X,S1,30,480.0,510.0,369.2647212460446,75.75861097705008,20.51607061768877,33.62856525939538,0.1851101747871444,MEASURED,
CURRENT,S1,30,480.0,510.0,,,,,,NOT_FOUND,No dedicated IO-VNBD model found
B1,S1,30,540.0,570.0,413.1599878652306,75.80906893603307,18.348598887257534,39.10840739813345,-15.20774911905498,MEASURED,
B2,S1,30,540.0,570.0,413.1599878652306,74.70088715022727,18.08037790304953,38.0218859633517,-15.20774911905498,MEASURED,
B3,S1,30,540.0,570.0,413.1599878652306,5.64250790566573,1.365695631568822,4.953686766446331,0.0,MEASURED,
B4,S1,30,540.0,570.0,413.1599878652306,80.72131911878303,19.537545137384807,41.9647216528199,-15.20774911905498,MEASURED,
X,S1,30,540.0,570.0,413.1599878652306,53.8936911580456,13.044266807274976,24.41309943822631,-1.760965699650904,MEASURED,
CURRENT,S1,30,540.0,570.0,,,,,,NOT_FOUND,No dedicated IO-VNBD model found
B1,S1,30,600.0,630.0,354.8802079593919,103.98982299732565,29.30279589140259,57.18720267973663,-5.315987675773888,MEASURED,
B2,S1,30,600.0,630.0,354.8802079593919,28.87475646395105,8.136479808210415,12.9973986140486,-5.315987675773888,MEASURED,
B3,S1,30,600.0,630.0,354.8802079593919,100.13490382086687,28.216536615737407,55.717464691447354,0.0,MEASURED,
B4,S1,30,600.0,630.0,354.8802079593919,61.81645252095588,17.41896311333017,30.332054151982728,-5.315987675773888,MEASURED,
X,S1,30,600.0,630.0,354.8802079593919,141.69583072561997,39.927791842884034,58.30019216186314,-1.0974695031208768,MEASURED,
CURRENT,S1,30,600.0,630.0,,,,,,NOT_FOUND,No dedicated IO-VNBD model found
B1,S1,30,720.0,750.0,229.47078733919864,169.7545109059247,73.9765234931614,100.85722738239241,-16.834244348032104,MEASURED,
B2,S1,30,720.0,750.0,229.47078733919864,29.378176142175146,12.802577828239626,10.88475421899867,-16.834244348032104,MEASURED,
B3,S1,30,720.0,750.0,229.47078733919864,159.01785569993277,69.29764679147421,96.22608468462793,0.0,MEASURED,
B4,S1,30,720.0,750.0,229.47078733919864,92.9561722788955,40.50893508352754,59.22964631038115,-16.834244348032104,MEASURED,
X,S1,30,720.0,750.0,229.47078733919864,116.97537676972432,50.976151747287076,49.69689624160529,0.038931133955505036,MEASURED,
CURRENT,S1,30,720.0,750.0,,,,,,NOT_FOUND,No dedicated IO-VNBD model found
B1,S1,30,780.0,810.0,248.64967368796042,36.907232797823546,14.84306504425169,16.99477223555056,-12.419423488802579,MEASURED,
B2,S1,30,780.0,810.0,248.64967368796042,9.558587058831327,3.8441985131364973,5.6520998783797936,-12.419423488802579,MEASURED,
B3,S1,30,780.0,810.0,248.64967368796042,38.538030467747205,15.498926620796611,19.21015983822965,0.0,MEASURED,
B4,S1,30,780.0,810.0,248.64967368796042,66.3603411774298,26.688288061342007,33.73833641164414,-12.419423488802579,MEASURED,
X,S1,30,780.0,810.0,248.64967368796042,24.383179656909345,9.80623834942518,16.569547163450704,-2.1901411274200573,MEASURED,
CURRENT,S1,30,780.0,810.0,,,,,,NOT_FOUND,No dedicated IO-VNBD model found
B1,S1,30,840.0,870.0,172.39414369746018,24.651824644560826,14.299687980018088,12.917694257747867,-18.341989029227726,MEASURED,
B2,S1,30,840.0,870.0,172.39414369746018,16.661420523897963,9.66472535931244,8.002974053354254,-18.341989029227726,MEASURED,
B3,S1,30,840.0,870.0,172.39414369746018,22.51878863433504,13.062386083052774,13.377518270930322,0.0,MEASURED,
B4,S1,30,840.0,870.0,172.39414369746018,9.982332944600131,5.790413021290582,7.992601916805416,-18.341989029227726,MEASURED,
X,S1,30,840.0,870.0,172.39414369746018,26.803368911097003,15.547725889189755,9.808407584558807,-4.005232960509811,MEASURED,
CURRENT,S1,30,840.0,870.0,,,,,,NOT_FOUND,No dedicated IO-VNBD model found
B1,S1,30,900.0,930.0,122.45521984415248,65.837962610353,53.76492949352777,36.40125926853708,155.5674505579476,MEASURED,
B2,S1,30,900.0,930.0,122.45521984415248,19.644381011887553,16.042093621561218,8.370711636309244,155.5674505579476,MEASURED,
B3,S1,30,900.0,930.0,122.45521984415248,40.405356227540004,32.996026040346415,32.24432005062512,0.0,MEASURED,
B4,S1,30,900.0,930.0,122.45521984415248,42.39671414093591,34.62221879548604,15.141965625926362,155.5674505579476,MEASURED,
X,S1,30,900.0,930.0,122.45521984415248,20.53304057293721,16.767795279833237,14.846658359078853,171.16298873452922,MEASURED,
CURRENT,S1,30,900.0,930.0,,,,,,NOT_FOUND,No dedicated IO-VNBD model found
B1,S1,30,960.0,990.0,251.81096441824235,62.933796109674255,24.992476501199977,30.96763114138055,-23.95385407084628,MEASURED,
B2,S1,30,960.0,990.0,251.81096441824235,46.71236832383893,18.550569643287094,20.36517911428111,-23.95385407084628,MEASURED,
B3,S1,30,960.0,990.0,251.81096441824235,51.931681686411764,20.623280565399238,26.31973563529431,0.0,MEASURED,
B4,S1,30,960.0,990.0,251.81096441824235,101.66855046214111,40.37494979498827,54.449937047157725,-23.95385407084628,MEASURED,
X,S1,30,960.0,990.0,251.81096441824235,112.45889626218096,44.660047477278916,53.999074541570906,-3.1096733719156067,MEASURED,
CURRENT,S1,30,960.0,990.0,,,,,,NOT_FOUND,No dedicated IO-VNBD model found
B1,S1,30,1020.0,1050.0,117.31975988802196,225.7731357174876,192.44254841041354,130.2770210072464,-9.340288680075105,MEASURED,
B2,S1,30,1020.0,1050.0,117.31975988802196,5.903190382542344,5.031710249131736,1.9858895555011586,-9.340288680075105,MEASURED,
B3,S1,30,1020.0,1050.0,117.31975988802196,220.70586942435463,188.12335589078216,129.40046909079936,0.0,MEASURED,
B4,S1,30,1020.0,1050.0,117.31975988802196,205.12879632690854,174.84590534680396,116.8517224277621,-9.340288680075105,MEASURED,
X,S1,30,1020.0,1050.0,117.31975988802196,29.50661375984865,25.150591671864817,15.507232173263159,-3.561153001593368,MEASURED,
CURRENT,S1,30,1020.0,1050.0,,,,,,NOT_FOUND,No dedicated IO-VNBD model found
B1,S1,30,1080.0,1110.0,302.46653525437057,85.47680035684954,28.25991982384584,65.5833719472954,-10.34411116136482,MEASURED,
B2,S1,30,1080.0,1110.0,302.46653525437057,24.924639862721346,8.240461987558405,13.120796637174609,-10.34411116136482,MEASURED,
B3,S1,30,1080.0,1110.0,302.46653525437057,79.92347138515072,26.423905480299194,64.04755136548037,0.0,MEASURED,
B4,S1,30,1080.0,1110.0,302.46653525437057,81.47275927962298,26.93612343299579,33.825487938747784,-10.34411116136482,MEASURED,
X,S1,30,1080.0,1110.0,302.46653525437057,67.93771971988406,22.461235145484537,32.90568468154522,-0.8151002684024945,MEASURED,
CURRENT,S1,30,1080.0,1110.0,,,,,,NOT_FOUND,No dedicated IO-VNBD model found
B1,S1,30,1140.0,1170.0,208.22697403156582,141.71665048194816,68.05873789457502,107.12506492268218,-11.660729977773443,MEASURED,
B2,S1,30,1140.0,1170.0,208.22697403156582,34.36662956991876,16.504408100705056,14.219300350202838,-11.660729977773443,MEASURED,
B3,S1,30,1140.0,1170.0,208.22697403156582,163.65634680740445,78.59517123972384,116.86459798368932,0.0,MEASURED,
B4,S1,30,1140.0,1170.0,208.22697403156582,45.18766049521405,21.70115601274785,48.94212996207929,-11.660729977773443,MEASURED,
X,S1,30,1140.0,1170.0,208.22697403156582,11.056168031376176,5.309671373171919,4.0879752276101655,-2.069149486621042,MEASURED,
CURRENT,S1,30,1140.0,1170.0,,,,,,NOT_FOUND,No dedicated IO-VNBD model found
B1,S1,30,1200.0,1230.0,242.59068350444,137.8631242883265,56.82952135538349,66.23165419696251,-22.94414428731884,MEASURED,
B2,S1,30,1200.0,1230.0,242.59068350444,48.44566592348529,19.970126314681256,18.526659990020907,-22.94414428731884,MEASURED,
B3,S1,30,1200.0,1230.0,242.59068350444,135.69888353339914,55.93738455785155,65.44728069885106,0.0,MEASURED,
B4,S1,30,1200.0,1230.0,242.59068350444,108.48370551656419,44.71882594558858,50.575893298093604,-22.94414428731884,MEASURED,
X,S1,30,1200.0,1230.0,242.59068350444,62.62351434833053,25.81447623778362,28.26910027335595,2.801728887379481,MEASURED,
CURRENT,S1,30,1200.0,1230.0,,,,,,NOT_FOUND,No dedicated IO-VNBD model found
B1,S1,30,1260.0,1290.0,242.54241124346686,103.76919021563897,42.783936089212155,57.315942156227685,-5.809148083726891,MEASURED,
B2,S1,30,1260.0,1290.0,242.54241124346686,11.553528444853571,4.763508528517104,5.098153546323768,-5.809148083726891,MEASURED,
B3,S1,30,1260.0,1290.0,242.54241124346686,103.41684417625086,42.63866416024035,57.270608812234826,0.0,MEASURED,
B4,S1,30,1260.0,1290.0,242.54241124346686,16.175424900786428,6.669111937107507,7.579302574311165,-5.809148083726891,MEASURED,
X,S1,30,1260.0,1290.0,242.54241124346686,33.49091571775657,13.808271941412343,15.630717015773788,0.57239622283284,MEASURED,
CURRENT,S1,30,1260.0,1290.0,,,,,,NOT_FOUND,No dedicated IO-VNBD model found
B1,S1,30,1320.0,1350.0,191.83865386197576,68.2394336161907,35.57126378987608,45.9910415350801,-20.281182238115562,MEASURED,
B2,S1,30,1320.0,1350.0,191.83865386197576,21.716125580224762,11.319994768024747,11.316627684574849,-20.281182238115562,MEASURED,
B3,S1,30,1320.0,1350.0,191.83865386197576,42.67266418908256,22.24403858660556,36.727074384404666,0.0,MEASURED,
B4,S1,30,1320.0,1350.0,191.83865386197576,58.83614302018449,30.66959751631492,38.36837927752635,-20.281182238115562,MEASURED,
X,S1,30,1320.0,1350.0,191.83865386197576,21.84891202415795,11.389212541012627,9.503421668445172,-1.3599701466944594,MEASURED,
CURRENT,S1,30,1320.0,1350.0,,,,,,NOT_FOUND,No dedicated IO-VNBD model found
B1,S1,30,1440.0,1470.0,241.2173376296077,73.68955209160741,30.549028032453727,36.59656865432362,-11.80783836199392,MEASURED,
B2,S1,30,1440.0,1470.0,241.2173376296077,13.669687397901606,5.666958906117928,7.076570497859159,-11.80783836199392,MEASURED,
B3,S1,30,1440.0,1470.0,241.2173376296077,78.7109584041404,32.63072181196282,38.96124709289624,0.0,MEASURED,
B4,S1,30,1440.0,1470.0,241.2173376296077,61.69859898704791,25.578011760409566,30.13909824084792,-11.80783836199392,MEASURED,
X,S1,30,1440.0,1470.0,241.2173376296077,101.5233538258836,42.08791740408561,53.21011878897411,-0.871137459522967,MEASURED,
CURRENT,S1,30,1440.0,1470.0,,,,,,NOT_FOUND,No dedicated IO-VNBD model found
B1,S1,30,1500.0,1530.0,247.7476021504728,7.856033355941969,3.1709825999326937,14.90753003090524,-13.049966994025798,MEASURED,
B2,S1,30,1500.0,1530.0,247.7476021504728,16.642957459235937,6.717706776886429,6.832974210011362,-13.049966994025798,MEASURED,
B3,S1,30,1500.0,1530.0,247.7476021504728,17.234656287231214,6.9565380805435675,17.840799963269532,0.0,MEASURED,
B4,S1,30,1500.0,1530.0,247.7476021504728,69.79897096067876,28.17341938118353,41.74543804269764,-13.049966994025798,MEASURED,
X,S1,30,1500.0,1530.0,247.7476021504728,110.03749082373272,44.415158761819214,62.96738467294122,-0.6440270304831796,MEASURED,
CURRENT,S1,30,1500.0,1530.0,,,,,,NOT_FOUND,No dedicated IO-VNBD model found
B1,S1,30,1560.0,1590.0,104.59652577560654,100.24410946547391,95.83885193331378,46.0482750288398,-14.508966468628214,MEASURED,
B2,S1,30,1560.0,1590.0,104.59652577560654,11.479665095993454,10.975187761609844,7.1105234274049,-14.508966468628214,MEASURED,
B3,S1,30,1560.0,1590.0,104.59652577560654,97.60170515004228,93.31256887004983,44.34128511581457,0.0,MEASURED,
B4,S1,30,1560.0,1590.0,104.59652577560654,29.674755156405638,28.370689118362886,17.35744076668216,-14.508966468628214,MEASURED,
X,S1,30,1560.0,1590.0,104.59652577560654,58.40807576922563,55.84131531723137,36.01632330713428,0.23023119521945243,MEASURED,
CURRENT,S1,30,1560.0,1590.0,,,,,,NOT_FOUND,No dedicated IO-VNBD model found
B1,S1,30,1620.0,1650.0,160.51150028488024,21.04740332603589,13.11270736905479,20.320175337117828,0.1354916624079652,MEASURED,
B2,S1,30,1620.0,1650.0,160.51150028488024,13.063408931731152,8.138612441193217,6.456815370670558,0.1354916624079652,MEASURED,
B3,S1,30,1620.0,1650.0,160.51150028488024,22.59157025494751,14.074736211954512,21.390575891004374,0.0,MEASURED,
B4,S1,30,1620.0,1650.0,160.51150028488024,99.79835313220146,62.175204240865355,50.672671621215464,0.1354916624079652,MEASURED,
X,S1,30,1620.0,1650.0,160.51150028488024,73.19764129844657,45.60273947258195,40.56299561194084,10.047877921728373,MEASURED,
CURRENT,S1,30,1620.0,1650.0,,,,,,NOT_FOUND,No dedicated IO-VNBD model found
B1,S1,30,1680.0,1710.0,71.98028234686541,73.66998909687858,102.34745779666528,36.196500686583406,5.083392295086334,MEASURED,
B2,S1,30,1680.0,1710.0,71.98028234686541,11.417187345429047,15.861548431292368,5.630937679366862,5.083392295086334,MEASURED,
B3,S1,30,1680.0,1710.0,71.98028234686541,41.67782884790735,57.901730153080365,25.276431064086267,0.0,MEASURED,
B4,S1,30,1680.0,1710.0,71.98028234686541,49.23613101483724,68.40224768440544,23.273634147781227,5.083392295086334,MEASURED,
X,S1,30,1680.0,1710.0,71.98028234686541,75.58825519300451,105.01244608732245,53.683656878129675,20.583967537545067,MEASURED,
CURRENT,S1,30,1680.0,1710.0,,,,,,NOT_FOUND,No dedicated IO-VNBD model found
B1,S1,30,1740.0,1770.0,80.03150884789947,80.2935464446238,100.32741803884059,36.148691122201996,-12.499161582204048,MEASURED,
B2,S1,30,1740.0,1770.0,80.03150884789947,19.242225377484836,24.043312008592565,8.86930513988372,-12.499161582204048,MEASURED,
B3,S1,30,1740.0,1770.0,80.03150884789947,45.488630920637775,56.8384022436579,25.84742131633213,0.0,MEASURED,
B4,S1,30,1740.0,1770.0,80.03150884789947,48.902635161998575,61.10422740490677,22.67457008934342,-12.499161582204048,MEASURED,
X,S1,30,1740.0,1770.0,80.03150884789947,32.28076227382992,40.3350664488655,32.004080805694514,3.7415358784264163,MEASURED,
CURRENT,S1,30,1740.0,1770.0,,,,,,NOT_FOUND,No dedicated IO-VNBD model found
B1,S1,30,1860.0,1890.0,348.05336216348263,62.83513739707431,18.053305678903424,35.36123098520884,-13.041494308631721,MEASURED,
B2,S1,30,1860.0,1890.0,348.05336216348263,52.573946808187486,15.10513976402653,27.910061461051342,-13.041494308631721,MEASURED,
B3,S1,30,1860.0,1890.0,348.05336216348263,24.59315320274128,7.06591456260369,16.286154180716647,0.0,MEASURED,
B4,S1,30,1860.0,1890.0,348.05336216348263,64.01621916414226,18.392644957146967,33.82269154183631,-13.041494308631721,MEASURED,
X,S1,30,1860.0,1890.0,348.05336216348263,32.35604141896711,9.296287562873562,19.294467605961664,-2.940971854413541,MEASURED,
CURRENT,S1,30,1860.0,1890.0,,,,,,NOT_FOUND,No dedicated IO-VNBD model found
B1,S1,30,1920.0,1950.0,294.3416887394021,40.90128684595441,13.895852477141526,20.528080459979353,-12.317276971710616,MEASURED,
B2,S1,30,1920.0,1950.0,294.3416887394021,47.70070262874621,16.20589418815845,25.813133121020677,-12.317276971710616,MEASURED,
B3,S1,30,1920.0,1950.0,294.3416887394021,36.162803064288674,12.28599428751179,18.976952633863327,0.0,MEASURED,
B4,S1,30,1920.0,1950.0,294.3416887394021,100.8573700698906,34.26540443585805,56.93419507014149,-12.317276971710616,MEASURED,
X,S1,30,1920.0,1950.0,294.3416887394021,37.93212876935846,12.887107134505158,18.009186961463556,-3.5560681606378646,MEASURED,
CURRENT,S1,30,1920.0,1950.0,,,,,,NOT_FOUND,No dedicated IO-VNBD model found
B1,S1,30,1980.0,2010.0,386.35664763425325,43.80392508736277,11.337691574762292,22.414800465862346,-3.9805656354631482,MEASURED,
B2,S1,30,1980.0,2010.0,386.35664763425325,18.469170032125064,4.780342242126764,8.553304571305613,-3.9805656354631482,MEASURED,
B3,S1,30,1980.0,2010.0,386.35664763425325,40.03494032026268,10.362171989379611,20.85046697446414,0.0,MEASURED,
B4,S1,30,1980.0,2010.0,386.35664763425325,25.981258016241974,6.724682537580479,11.625352992955742,-3.9805656354631482,MEASURED,
X,S1,30,1980.0,2010.0,386.35664763425325,62.1505850931857,16.0863247659248,27.338317455754453,-1.2440811631181348,MEASURED,
CURRENT,S1,30,1980.0,2010.0,,,,,,NOT_FOUND,No dedicated IO-VNBD model found
B1,S1,30,2040.0,2070.0,226.44871825273998,67.1924905055899,29.67227680688225,54.11592174558221,-21.335953094995634,MEASURED,
B2,S1,30,2040.0,2070.0,226.44871825273998,41.49952437253923,18.326235049041657,17.00670064202927,-21.335953094995634,MEASURED,
B3,S1,30,2040.0,2070.0,226.44871825273998,83.11064113430947,36.70174941840452,60.017849313611094,0.0,MEASURED,
B4,S1,30,2040.0,2070.0,226.44871825273998,31.878457416144084,14.077561428528139,13.127762664055425,-21.335953094995634,MEASURED,
X,S1,30,2040.0,2070.0,226.44871825273998,13.962053640222685,6.1656580562490095,10.807149273610925,-2.024449395273876,MEASURED,
CURRENT,S1,30,2040.0,2070.0,,,,,,NOT_FOUND,No dedicated IO-VNBD model found
B1,S1,30,2100.0,2130.0,235.06985160572026,73.8763902960836,31.42742031419476,36.20076605482908,-17.35938873265829,MEASURED,
B2,S1,30,2100.0,2130.0,235.06985160572026,37.40093394574125,15.910561771431826,14.537586793856535,-17.35938873265829,MEASURED,
B3,S1,30,2100.0,2130.0,235.06985160572026,57.48654573854741,24.45509083613533,29.096358546645774,0.0,MEASURED,
B4,S1,30,2100.0,2130.0,235.06985160572026,71.92760215809888,30.59839518627091,47.25623088556107,-17.35938873265829,MEASURED,
X,S1,30,2100.0,2130.0,235.06985160572026,6.045186620460976,2.5716554373805844,4.173291915015582,-0.8979702058793995,MEASURED,
CURRENT,S1,30,2100.0,2130.0,,,,,,NOT_FOUND,No dedicated IO-VNBD model found
B1,S1,30,2160.0,2190.0,289.3502848077552,50.895630450968554,17.589625144064986,27.072480940693588,-13.365436153341312,MEASURED,
B2,S1,30,2160.0,2190.0,289.3502848077552,25.62091142344377,8.854634942027564,10.65778667307919,-13.365436153341312,MEASURED,
B3,S1,30,2160.0,2190.0,289.3502848077552,27.911530306085627,9.64627711516859,20.551228369879507,0.0,MEASURED,
B4,S1,30,2160.0,2190.0,289.3502848077552,109.64059752028896,37.8919957148597,56.376730761340006,-13.365436153341312,MEASURED,
X,S1,30,2160.0,2190.0,289.3502848077552,104.32781695472923,36.05588880759001,47.80153000800678,-1.2595809931795372,MEASURED,
CURRENT,S1,30,2160.0,2190.0,,,,,,NOT_FOUND,No dedicated IO-VNBD model found
B1,S1,30,2220.0,2250.0,233.06540598482638,30.87683658613886,13.248142278201975,32.41080984455667,-10.238913859961048,MEASURED,
B2,S1,30,2220.0,2250.0,233.06540598482638,27.78671116493558,11.922280377699906,11.552755665768421,-10.238913859961048,MEASURED,
B3,S1,30,2220.0,2250.0,233.06540598482638,8.057881733575037,3.457347820250785,29.857172027587232,0.0,MEASURED,
B4,S1,30,2220.0,2250.0,233.06540598482638,105.17494569041037,45.12679401989746,52.475795603538096,-10.238913859961048,MEASURED,
X,S1,30,2220.0,2250.0,233.06540598482638,5.90860315101852,2.5351695272198382,2.734278326281172,-2.2526078377619356,MEASURED,
CURRENT,S1,30,2220.0,2250.0,,,,,,NOT_FOUND,No dedicated IO-VNBD model found
B1,S1,30,2280.0,2310.0,186.08551985481196,37.91861123726933,20.376981114303934,33.69511881796925,-17.226097478540467,MEASURED,
B2,S1,30,2280.0,2310.0,186.08551985481196,20.653122952102898,11.09872652542601,8.205029205745827,-17.226097478540467,MEASURED,
B3,S1,30,2280.0,2310.0,186.08551985481196,47.67447964976902,25.619661157389196,32.92285775216281,0.0,MEASURED,
B4,S1,30,2280.0,2310.0,186.08551985481196,75.95056027921909,40.81486852844724,54.67702641226772,-17.226097478540467,MEASURED,
X,S1,30,2280.0,2310.0,186.08551985481196,108.1027436532229,58.09304439032497,50.391883459776814,0.5869941016308701,MEASURED,
CURRENT,S1,30,2280.0,2310.0,,,,,,NOT_FOUND,No dedicated IO-VNBD model found
B1,S1,30,2340.0,2370.0,255.40112091192745,18.869506774936763,7.388184792440173,15.150879538329164,-3.7350387441821584,MEASURED,
B2,S1,30,2340.0,2370.0,255.40112091192745,4.901196270371984,1.9190190915654255,3.9513883194085566,-3.7350387441821584,MEASURED,
B3,S1,30,2340.0,2370.0,255.40112091192745,16.510977543269128,6.464723993503057,14.483828909962343,0.0,MEASURED,
B4,S1,30,2340.0,2370.0,255.40112091192745,46.922985972517694,18.372270961449154,23.818000522863517,-3.7350387441821584,MEASURED,
X,S1,30,2340.0,2370.0,255.40112091192745,137.06500199388762,53.666562427168486,74.66039825236996,0.027426713312411158,MEASURED,
CURRENT,S1,30,2340.0,2370.0,,,,,,NOT_FOUND,No dedicated IO-VNBD model found
B1,S1,30,2400.0,2430.0,77.0676789045976,130.40804146712588,169.2123641462701,60.29639678027864,-22.690103275782782,MEASURED,
B2,S1,30,2400.0,2430.0,77.0676789045976,3.282866412065557,4.2597188065433125,2.627034197757432,-22.690103275782782,MEASURED,
B3,S1,30,2400.0,2430.0,77.0676789045976,129.36201751888683,167.8550844628714,59.75873581216101,0.0,MEASURED,
B4,S1,30,2400.0,2430.0,77.0676789045976,58.561533359724585,75.98715076422393,24.25276303313761,-22.690103275782782,MEASURED,
X,S1,30,2400.0,2430.0,77.0676789045976,50.80985342378264,65.92887465403022,23.340462286770396,-8.92393024267721,MEASURED,
CURRENT,S1,30,2400.0,2430.0,,,,,,NOT_FOUND,No dedicated IO-VNBD model found
B1,S1,30,2460.0,2490.0,319.17095249026215,118.67223450436833,37.18140187208578,65.34601780758476,-7.402092222710759,MEASURED,
B2,S1,30,2460.0,2490.0,319.17095249026215,16.29822346898976,5.106424422970326,7.020419495024029,-7.402092222710759,MEASURED,
B3,S1,30,2460.0,2490.0,319.17095249026215,117.46840973960475,36.80422946483161,64.98877050572513,0.0,MEASURED,
B4,S1,30,2460.0,2490.0,319.17095249026215,40.11976875410016,12.56999374193496,19.373327110650592,-7.402092222710759,MEASURED,
X,S1,30,2460.0,2490.0,319.17095249026215,65.58984875276614,20.55006830697329,36.964441310480666,1.0602183436202397,MEASURED,
CURRENT,S1,30,2460.0,2490.0,,,,,,NOT_FOUND,No dedicated IO-VNBD model found
B1,S1,30,2580.0,2610.0,166.2697056209081,90.19371573014114,54.245429372312216,42.67637382835489,-10.626053506435847,MEASURED,
B2,S1,30,2580.0,2610.0,166.2697056209081,10.736841682553742,6.457485230071643,8.08082329383802,-10.626053506435847,MEASURED,
B3,S1,30,2580.0,2610.0,166.2697056209081,88.81007435789128,53.41326252202349,40.42445792657383,0.0,MEASURED,
B4,S1,30,2580.0,2610.0,166.2697056209081,61.73387113118247,37.12875469445683,28.88897249557033,-10.626053506435847,MEASURED,
X,S1,30,2580.0,2610.0,166.2697056209081,31.201752189285877,18.765746936742225,20.27991153788782,2.5854310650636316,MEASURED,
CURRENT,S1,30,2580.0,2610.0,,,,,,NOT_FOUND,No dedicated IO-VNBD model found
B1,S1,30,2640.0,2670.0,276.7256724539062,42.73991224219522,15.444867063902189,19.135260841297143,-16.580024970086257,MEASURED,
B2,S1,30,2640.0,2670.0,276.7256724539062,24.74277645804723,8.9412652749696,13.944122018980071,-16.580024970086257,MEASURED,
B3,S1,30,2640.0,2670.0,276.7256724539062,44.365681919414804,16.03236935915468,14.667474665487365,0.0,MEASURED,
B4,S1,30,2640.0,2670.0,276.7256724539062,46.316278480250574,16.737253927159724,21.62792562552153,-16.580024970086257,MEASURED,
X,S1,30,2640.0,2670.0,276.7256724539062,32.76199292032322,11.839159204059877,18.115839793092192,-1.6446103099421625,MEASURED,
CURRENT,S1,30,2640.0,2670.0,,,,,,NOT_FOUND,No dedicated IO-VNBD model found
B1,S1,30,2700.0,2730.0,254.5111082748593,80.60578665575764,31.670832445044955,58.05156211776239,2.277080642897678,MEASURED,
B2,S1,30,2700.0,2730.0,254.5111082748593,7.44843636072987,2.926566314223869,4.421279552560102,2.277080642897678,MEASURED,
B3,S1,30,2700.0,2730.0,254.5111082748593,79.8854767084623,31.387815349179167,57.850502789599396,0.0,MEASURED,
B4,S1,30,2700.0,2730.0,254.5111082748593,48.33312220236671,18.99057472578735,36.11886895282525,2.277080642897678,MEASURED,
X,S1,30,2700.0,2730.0,254.5111082748593,23.225457880405262,9.1255183468546,8.575680157977814,4.857761295780814,MEASURED,
CURRENT,S1,30,2700.0,2730.0,,,,,,NOT_FOUND,No dedicated IO-VNBD model found
B1,S1,30,2760.0,2790.0,368.20281300946016,290.485280832592,78.8927380696379,162.72557752817636,-9.153280423355907,MEASURED,
B2,S1,30,2760.0,2790.0,368.20281300946016,31.447149093815035,8.540713971407675,12.744422808765613,-9.153280423355907,MEASURED,
B3,S1,30,2760.0,2790.0,368.20281300946016,290.77184496604013,78.97056586544042,162.84488450219266,0.0,MEASURED,
B4,S1,30,2760.0,2790.0,368.20281300946016,135.80467864179158,36.883118173869676,71.91771027362117,-9.153280423355907,MEASURED,
X,S1,30,2760.0,2790.0,368.20281300946016,63.79491702617166,17.32602651912184,31.37321331547232,2.23709032798326,MEASURED,
CURRENT,S1,30,2760.0,2790.0,,,,,,NOT_FOUND,No dedicated IO-VNBD model found
B1,S1,30,2820.0,2850.0,410.573665459256,13.448445916359708,3.275525696787362,5.357360436545679,-5.66296250474114,MEASURED,
B2,S1,30,2820.0,2850.0,410.573665459256,8.24593944310553,2.0083946284966565,2.909317620229321,-5.66296250474114,MEASURED,
B3,S1,30,2820.0,2850.0,410.573665459256,10.939854241104747,2.664528965555484,4.683039592369323,0.0,MEASURED,
B4,S1,30,2820.0,2850.0,410.573665459256,8.298721840425813,2.0212503963553283,2.9683992973754854,-5.66296250474114,MEASURED,
X,S1,30,2820.0,2850.0,410.573665459256,44.09453522718169,10.739737819730546,18.824095556874884,0.8839558139700081,MEASURED,
CURRENT,S1,30,2820.0,2850.0,,,,,,NOT_FOUND,No dedicated IO-VNBD model found
B1,S1,30,2880.0,2910.0,210.1024012704528,59.88515729216072,28.502842866166954,32.18040734875998,-7.66878679848356,MEASURED,
B2,S1,30,2880.0,2910.0,210.1024012704528,12.608478233680867,6.001110961816517,4.497683627539326,-7.66878679848356,MEASURED,
B3,S1,30,2880.0,2910.0,210.1024012704528,58.55606211279659,27.8702488685128,31.73506144225627,0.0,MEASURED,
B4,S1,30,2880.0,2910.0,210.1024012704528,50.05622468957993,23.824679959342976,24.377018793865194,-7.66878679848356,MEASURED,
X,S1,30,2880.0,2910.0,210.1024012704528,5.261908527098779,2.5044494947610927,2.382901415381859,-1.890960893707891,MEASURED,
CURRENT,S1,30,2880.0,2910.0,,,,,,NOT_FOUND,No dedicated IO-VNBD model found
B1,S1,30,2940.0,2970.0,275.6459046685203,95.25419501330211,34.55672418853842,72.98430534478625,-7.295467161713617,MEASURED,
B2,S1,30,2940.0,2970.0,275.6459046685203,27.717527744248464,10.055483239477239,13.08302362045736,-7.295467161713617,MEASURED,
B3,S1,30,2940.0,2970.0,275.6459046685203,74.76767354215824,27.124536325714892,65.46046406776676,0.0,MEASURED,
B4,S1,30,2940.0,2970.0,275.6459046685203,79.13047251853527,28.707291194365506,41.133391789955134,-7.295467161713617,MEASURED,
X,S1,30,2940.0,2970.0,275.6459046685203,24.9744862581798,9.060350919493262,12.844901228590638,-1.1693625631899265,MEASURED,
CURRENT,S1,30,2940.0,2970.0,,,,,,NOT_FOUND,No dedicated IO-VNBD model found
B1,S1,30,3000.0,3030.0,326.74268555940813,128.45347885297872,39.31334488270385,55.982938384661736,-9.029007649299924,MEASURED,
B2,S1,30,3000.0,3030.0,326.74268555940813,15.594477870619569,4.772709094901588,7.85760043601446,-9.029007649299924,MEASURED,
B3,S1,30,3000.0,3030.0,326.74268555940813,125.24109214527157,38.33018998752776,54.34995841685988,0.0,MEASURED,
B4,S1,30,3000.0,3030.0,326.74268555940813,129.29684616360856,39.57145848337588,59.08402582384684,-9.029007649299924,MEASURED,
X,S1,30,3000.0,3030.0,326.74268555940813,12.72022528160584,3.893040561819419,8.899755653121938,2.0102472187084124,MEASURED,
CURRENT,S1,30,3000.0,3030.0,,,,,,NOT_FOUND,No dedicated IO-VNBD model found
B1,S1,30,3060.0,3090.0,163.11761482915693,29.486759486127692,18.076992798730526,13.709714955553258,-8.865534749929893,MEASURED,
B2,S1,30,3060.0,3090.0,163.11761482915693,9.09766306816004,5.5773639638420285,4.1478690765087975,-8.865534749929893,MEASURED,
B3,S1,30,3060.0,3090.0,163.11761482915693,25.69926593836396,15.755052552282827,11.793321749219086,0.0,MEASURED,
B4,S1,30,3060.0,3090.0,163.11761482915693,11.81698683648954,7.244457840354149,6.5691263814159395,-8.865534749929893,MEASURED,
X,S1,30,3060.0,3090.0,163.11761482915693,14.997693288797945,9.194404482008855,6.386175966478881,-1.2149148561419298,MEASURED,
CURRENT,S1,30,3060.0,3090.0,,,,,,NOT_FOUND,No dedicated IO-VNBD model found
B1,S1,30,3120.0,3150.0,144.98518310111007,47.17723100577478,32.53934643298979,36.2683766772893,-8.800102420963876,MEASURED,
B2,S1,30,3120.0,3150.0,144.98518310111007,14.494406006776233,9.997163638899634,7.377316343766057,-8.800102420963876,MEASURED,
B3,S1,30,3120.0,3150.0,144.98518310111007,42.38860185338567,29.236506066847273,32.197786298205,0.0,MEASURED,
B4,S1,30,3120.0,3150.0,144.98518310111007,34.4076534113749,23.731841196061822,31.868754990260612,-8.800102420963876,MEASURED,
X,S1,30,3120.0,3150.0,144.98518310111007,22.30360821069719,15.383370723574597,11.836167533657799,3.144211284904463,MEASURED,
CURRENT,S1,30,3120.0,3150.0,,,,,,NOT_FOUND,No dedicated IO-VNBD model found
B1,S1,30,3180.0,3210.0,50.788275613368356,110.38283859829922,217.33921316526158,75.801940665091,-1.2377184500606206,MEASURED,
B2,S1,30,3180.0,3210.0,50.788275613368356,13.442275901662676,26.467281551343785,9.11861081108323,-1.2377184500606206,MEASURED,
B3,S1,30,3180.0,3210.0,50.788275613368356,26.537772523937083,52.25176914049801,31.823348040887286,0.0,MEASURED,
B4,S1,30,3180.0,3210.0,50.788275613368356,45.22635786207576,89.04881553051074,27.373054196898178,-1.2377184500606206,MEASURED,
X,S1,30,3180.0,3210.0,50.788275613368356,4.42726088260648,8.71709233900658,2.606792433710397,6.8411917910971995,MEASURED,
CURRENT,S1,30,3180.0,3210.0,,,,,,NOT_FOUND,No dedicated IO-VNBD model found
B1,S1,30,3240.0,3270.0,162.3512274215987,11.252680436776231,6.93107198232319,5.582522073248701,-9.500063123204258,MEASURED,
B2,S1,30,3240.0,3270.0,162.3512274215987,8.047415634535543,4.9567938366352875,2.8938821875960823,-9.500063123204258,MEASURED,
B3,S1,30,3240.0,3270.0,162.3512274215987,9.424992998760002,5.8053105901594995,4.813574854587632,0.0,MEASURED,
B4,S1,30,3240.0,3270.0,162.3512274215987,45.460632657401106,28.00140989346975,28.356805892608637,-9.500063123204258,MEASURED,
X,S1,30,3240.0,3270.0,162.3512274215987,100.18255744858239,61.70729906982792,46.10512303202787,1.0051603694293116,MEASURED,
CURRENT,S1,30,3240.0,3270.0,,,,,,NOT_FOUND,No dedicated IO-VNBD model found
B1,S1,30,3300.0,3330.0,211.59600315831818,52.72403024474276,24.91730914467894,37.61179120423829,-7.613317267068145,MEASURED,
B2,S1,30,3300.0,3330.0,211.59600315831818,6.708849195882967,3.1705935347291696,2.369683157208727,-7.613317267068145,MEASURED,
B3,S1,30,3300.0,3330.0,211.59600315831818,52.100451780348344,24.622606761322555,37.44222047006261,0.0,MEASURED,
B4,S1,30,3300.0,3330.0,211.59600315831818,57.07902278082635,26.975473037701605,38.090672341211615,-7.613317267068145,MEASURED,
X,S1,30,3300.0,3330.0,211.59600315831818,27.282019875854353,12.8934476401436,13.329985017441901,2.2529009979223296,MEASURED,
CURRENT,S1,30,3300.0,3330.0,,,,,,NOT_FOUND,No dedicated IO-VNBD model found
B1,S1,30,3360.0,3390.0,90.88852288965143,75.46410220528573,83.02929765610492,30.133040735153127,-2.294187895231033,MEASURED,
B2,S1,30,3360.0,3390.0,90.88852288965143,1.5675550675612497,1.724700784789332,1.1262404686017506,-2.294187895231033,MEASURED,
B3,S1,30,3360.0,3390.0,90.88852288965143,75.17715182599733,82.71358080851482,29.966126201491726,0.0,MEASURED,
B4,S1,30,3360.0,3390.0,90.88852288965143,104.5659991203447,115.04862857909927,44.73870232576955,-2.294187895231033,MEASURED,
X,S1,30,3360.0,3390.0,90.88852288965143,1.57328670644074,1.731007014329941,1.643935287447798,6.5138819604896065,MEASURED,
CURRENT,S1,30,3360.0,3390.0,,,,,,NOT_FOUND,No dedicated IO-VNBD model found
B1,S1,30,3420.0,3450.0,196.3944624884345,40.233376716272566,20.486003630902715,20.646517942547703,-5.505926390079356,MEASURED,
B2,S1,30,3420.0,3450.0,196.3944624884345,6.057692445841724,3.0844517554554045,2.327324124350358,-5.505926390079356,MEASURED,
B3,S1,30,3420.0,3450.0,196.3944624884345,40.175361919364704,20.45646369572696,20.715123180248895,0.0,MEASURED,
B4,S1,30,3420.0,3450.0,196.3944624884345,38.58431181931556,19.6463338784757,18.60512538169782,-5.505926390079356,MEASURED,
X,S1,30,3420.0,3450.0,196.3944624884345,44.64913145121283,22.734414649721696,23.472157253394723,2.968489168836258,MEASURED,
CURRENT,S1,30,3420.0,3450.0,,,,,,NOT_FOUND,No dedicated IO-VNBD model found
B1,S1,30,3540.0,3570.0,453.66951651798985,134.92962229026548,29.741831306162926,70.65491750515844,-6.490206405951793,MEASURED,
B2,S1,30,3540.0,3570.0,453.66951651798985,25.652946087942716,5.654544807161508,11.317124996995963,-6.490206405951793,MEASURED,
B3,S1,30,3540.0,3570.0,453.66951651798985,133.02448311570862,29.321891436898795,69.90817251203445,0.0,MEASURED,
B4,S1,30,3540.0,3570.0,453.66951651798985,91.38031535536216,20.14248522949603,45.92406547319214,-6.490206405951793,MEASURED,
X,S1,30,3540.0,3570.0,453.66951651798985,102.08743444678848,22.502599520093675,50.136959460584904,2.7916186373245626,MEASURED,
CURRENT,S1,30,3540.0,3570.0,,,,,,NOT_FOUND,No dedicated IO-VNBD model found
B1,S1,30,3600.0,3630.0,395.07594431866954,121.16396140750194,30.668524153363965,51.80234783173897,-11.110363669259437,MEASURED,
B2,S1,30,3600.0,3630.0,395.07594431866954,17.885831370598904,4.527188159087745,8.904638275217598,-11.110363669259437,MEASURED,
B3,S1,30,3600.0,3630.0,395.07594431866954,116.88955383899429,29.58660366947343,50.16442389309346,0.0,MEASURED,
B4,S1,30,3600.0,3630.0,395.07594431866954,120.86346785529663,30.592464459898316,50.469813947039576,-11.110363669259437,MEASURED,
X,S1,30,3600.0,3630.0,395.07594431866954,84.62433000801973,21.419762763323668,39.97099964904425,4.65809478044781,MEASURED,
CURRENT,S1,30,3600.0,3630.0,,,,,,NOT_FOUND,No dedicated IO-VNBD model found
B1,S1,30,3660.0,3690.0,84.76254523033887,83.17080256168002,98.12211553542504,38.07973693188233,-9.572185017018134,MEASURED,
B2,S1,30,3660.0,3690.0,84.76254523033887,17.9424159577048,21.167858880295526,9.282564512171458,-9.572185017018134,MEASURED,
B3,S1,30,3660.0,3690.0,84.76254523033887,7.85010968172319,9.261295375676633,8.267103040119226,0.0,MEASURED,
B4,S1,30,3660.0,3690.0,84.76254523033887,82.37605271311294,97.18449639432048,37.341156537814896,-9.572185017018134,MEASURED,
X,S1,30,3660.0,3690.0,84.76254523033887,9.60622324937164,11.33309909850761,6.113566887392973,4.447332838094949,MEASURED,
CURRENT,S1,30,3660.0,3690.0,,,,,,NOT_FOUND,No dedicated IO-VNBD model found
B1,S1,30,3720.0,3750.0,174.6261409233129,32.87880092695614,18.828109441755842,32.246719130253084,-24.428744548803007,MEASURED,
B2,S1,30,3720.0,3750.0,174.6261409233129,29.191671956642537,16.716667849552984,16.622553778729717,-24.428744548803007,MEASURED,
B3,S1,30,3720.0,3750.0,174.6261409233129,2.1100669392234397,1.2083339459182552,27.408690740770577,0.0,MEASURED,
B4,S1,30,3720.0,3750.0,174.6261409233129,83.86824832934582,48.02731589091039,39.79057599223243,-24.428744548803007,MEASURED,
X,S1,30,3720.0,3750.0,174.6261409233129,225.72975177938093,129.26458237344326,93.29730260824148,-14.886098006850895,MEASURED,
CURRENT,S1,30,3720.0,3750.0,,,,,,NOT_FOUND,No dedicated IO-VNBD model found
B1,S1,30,3780.0,3810.0,337.3669136700135,91.15796975546068,27.020423776536795,41.74379574882637,-8.128448201277585,MEASURED,
B2,S1,30,3780.0,3810.0,337.3669136700135,12.061764758076766,3.575266058803461,7.843548993519928,-8.128448201277585,MEASURED,
B3,S1,30,3780.0,3810.0,337.3669136700135,92.78270179664761,27.50201576892053,43.21192412432061,0.0,MEASURED,
B4,S1,30,3780.0,3810.0,337.3669136700135,97.15268774514304,28.797337204255417,44.77089593144796,-8.128448201277585,MEASURED,
X,S1,30,3780.0,3810.0,337.3669136700135,86.33925033116941,25.592091824280033,47.77792211427824,-3.5434383585659033,MEASURED,
CURRENT,S1,30,3780.0,3810.0,,,,,,NOT_FOUND,No dedicated IO-VNBD model found
B1,S1,30,3840.0,3870.0,172.16716671564419,21.060484404545285,12.232578839686278,15.128194916637696,-3.2351365747238447,MEASURED,
B2,S1,30,3840.0,3870.0,172.16716671564419,6.672721573942501,3.8757224744038115,2.9242656739162407,-3.2351365747238447,MEASURED,
B3,S1,30,3840.0,3870.0,172.16716671564419,14.85486459144185,8.62816347322282,12.455805344785245,0.0,MEASURED,
B4,S1,30,3840.0,3870.0,172.16716671564419,34.50870304473157,20.04371896398054,15.929469041028435,-3.2351365747238447,MEASURED,
X,S1,30,3840.0,3870.0,172.16716671564419,52.956263680921644,30.758631097406397,17.32609831094065,0.49112633683315204,MEASURED,
CURRENT,S1,30,3840.0,3870.0,,,,,,NOT_FOUND,No dedicated IO-VNBD model found
B1,S1,30,3900.0,3930.0,140.20541571477912,52.5425294893755,37.47539224609065,39.14665760809679,-8.629702233023531,MEASURED,
B2,S1,30,3900.0,3930.0,140.20541571477912,8.868761040535283,6.325548121890717,3.581251029535714,-8.629702233023531,MEASURED,
B3,S1,30,3900.0,3930.0,140.20541571477912,48.17871093343985,34.362945744870615,37.44267891542682,0.0,MEASURED,
B4,S1,30,3900.0,3930.0,140.20541571477912,79.66797578700505,56.82232414550533,43.64705961989424,-8.629702233023531,MEASURED,
X,S1,30,3900.0,3930.0,140.20541571477912,69.8262026911154,49.80278567353157,28.73959163648019,0.21985312251220862,MEASURED,
CURRENT,S1,30,3900.0,3930.0,,,,,,NOT_FOUND,No dedicated IO-VNBD model found
B1,S1,30,3960.0,3990.0,176.70309340177096,121.52649467740832,68.77440136324765,69.80929755579623,-12.756516146194867,MEASURED,
B2,S1,30,3960.0,3990.0,176.70309340177096,18.423732569371744,10.426378064294315,8.142795242484937,-12.756516146194867,MEASURED,
B3,S1,30,3960.0,3990.0,176.70309340177096,122.04673777587738,69.06881788332869,70.0476622660471,0.0,MEASURED,
B4,S1,30,3960.0,3990.0,176.70309340177096,32.48177511920426,18.382120252615067,12.19370734429128,-12.756516146194867,MEASURED,
X,S1,30,3960.0,3990.0,176.70309340177096,163.88871240122424,92.7480720603965,82.9340278155419,-0.2244307871318625,MEASURED,
CURRENT,S1,30,3960.0,3990.0,,,,,,NOT_FOUND,No dedicated IO-VNBD model found
B1,S1,30,4020.0,4050.0,130.94982051352608,69.56779296463401,53.12553517967457,44.71547586969977,-3.9531183185685013,MEASURED,
B2,S1,30,4020.0,4050.0,130.94982051352608,1.7168594631516534,1.3110819521698507,0.9214706684847839,-3.9531183185685013,MEASURED,
B3,S1,30,4020.0,4050.0,130.94982051352608,71.36326353796485,54.496648607925046,45.43308279431246,0.0,MEASURED,
B4,S1,30,4020.0,4050.0,130.94982051352608,65.78648336866158,50.237933210352395,43.19249660293375,-3.9531183185685013,MEASURED,
X,S1,30,4020.0,4050.0,130.94982051352608,26.940206121469334,20.57292328910571,7.356039614924136,0.3660923132299255,MEASURED,
CURRENT,S1,30,4020.0,4050.0,,,,,,NOT_FOUND,No dedicated IO-VNBD model found
B1,S1,30,4080.0,4110.0,231.43442147806113,52.67125986446519,22.758611069208722,49.65249104332418,-9.185543318582166,MEASURED,
B2,S1,30,4080.0,4110.0,231.43442147806113,14.707777904197764,6.355052031701339,10.6321310365336,-9.185543318582166,MEASURED,
B3,S1,30,4080.0,4110.0,231.43442147806113,41.75625899468123,18.042371885739357,46.49716790104311,0.0,MEASURED,
B4,S1,30,4080.0,4110.0,231.43442147806113,54.02948509574707,23.345483679863413,29.673376805280054,-9.185543318582166,MEASURED,
X,S1,30,4080.0,4110.0,231.43442147806113,68.4252994479021,29.5657400532308,36.92780033593195,4.285426082413585,MEASURED,
CURRENT,S1,30,4080.0,4110.0,,,,,,NOT_FOUND,No dedicated IO-VNBD model found
B1,S1,30,4140.0,4170.0,278.3879876017716,29.061217058930325,10.439105979135064,13.921219859527634,-9.790021419567637,MEASURED,
B2,S1,30,4140.0,4170.0,278.3879876017716,23.8669262610667,8.5732600988545,11.196949909720395,-9.790021419567637,MEASURED,
B3,S1,30,4140.0,4170.0,278.3879876017716,10.892046946003672,3.9125420029202287,6.0079758545059105,0.0,MEASURED,
B4,S1,30,4140.0,4170.0,278.3879876017716,30.07868964121414,10.80459322269361,14.158765097165066,-9.790021419567637,MEASURED,
X,S1,30,4140.0,4170.0,278.3879876017716,54.99335062142361,19.75421105456981,27.491044040010078,3.7737128580289134,MEASURED,
CURRENT,S1,30,4140.0,4170.0,,,,,,NOT_FOUND,No dedicated IO-VNBD model found
B1,S1,30,4200.0,4230.0,375.7012824555894,326.6838475807163,86.95308289753648,183.82351515125444,-6.6567946697355955,MEASURED,
B2,S1,30,4200.0,4230.0,375.7012824555894,14.163023790602558,3.7697565731031886,13.610617107237273,-6.6567946697355955,MEASURED,
B3,S1,30,4200.0,4230.0,375.7012824555894,326.53669393208185,86.91391517160467,183.72430065302493,0.0,MEASURED,
B4,S1,30,4200.0,4230.0,375.7012824555894,220.074279757715,58.57693067197059,124.64099060623481,-6.6567946697355955,MEASURED,
X,S1,30,4200.0,4230.0,375.7012824555894,151.96411577549938,40.44812271660601,75.1735682872398,6.976409904844599,MEASURED,
CURRENT,S1,30,4200.0,4230.0,,,,,,NOT_FOUND,No dedicated IO-VNBD model found
B1,S1,30,4320.0,4350.0,250.78944718018874,138.119492151777,55.07388516732127,91.80835366432329,-7.446226343867102,MEASURED,
B2,S1,30,4320.0,4350.0,250.78944718018874,22.141081367902256,8.828553839426185,12.872211870853025,-7.446226343867102,MEASURED,
B3,S1,30,4320.0,4350.0,250.78944718018874,138.87357081518286,55.37456714253376,91.91028340908584,0.0,MEASURED,
B4,S1,30,4320.0,4350.0,250.78944718018874,90.31273572867889,36.0113779683044,61.64223128619893,-7.446226343867102,MEASURED,
X,S1,30,4320.0,4350.0,250.78944718018874,77.71248318033949,30.98714242330306,35.529625432889716,0.5300296327633697,MEASURED,
CURRENT,S1,30,4320.0,4350.0,,,,,,NOT_FOUND,No dedicated IO-VNBD model found
B1,S1,30,4380.0,4410.0,148.40365883225743,136.81850338922214,92.1934839516793,56.37264632842916,-1.6260515123452575,MEASURED,
B2,S1,30,4380.0,4410.0,148.40365883225743,0.8341194684204307,0.5620612557559964,0.43336250800183157,-1.6260515123452575,MEASURED,
B3,S1,30,4380.0,4410.0,148.40365883225743,134.94723218920942,90.93255061975393,55.34661416260303,0.0,MEASURED,
B4,S1,30,4380.0,4410.0,148.40365883225743,135.34692539659653,91.2018790248163,56.341694702027354,-1.6260515123452575,MEASURED,
X,S1,30,4380.0,4410.0,148.40365883225743,38.2962280043636,25.80544732232668,17.93461278757885,3.454782104570549,MEASURED,
CURRENT,S1,30,4380.0,4410.0,,,,,,NOT_FOUND,No dedicated IO-VNBD model found
B1,S1,30,4440.0,4470.0,159.6805444958856,56.04142897703928,35.095965606807695,33.72748943182385,1.7551659527641577,MEASURED,
B2,S1,30,4440.0,4470.0,159.6805444958856,2.492814346583322,1.5611259057596418,1.603884362349784,1.7551659527641577,MEASURED,
B3,S1,30,4440.0,4470.0,159.6805444958856,55.487059644769005,34.74879160760797,33.78067138701394,0.0,MEASURED,
B4,S1,30,4440.0,4470.0,159.6805444958856,64.93278589367753,40.664181161625876,38.85690163062361,1.7551659527641577,MEASURED,
X,S1,30,4440.0,4470.0,159.6805444958856,68.9236319248714,43.163449963465844,42.218231549235085,-1.3386106030344964,MEASURED,
CURRENT,S1,30,4440.0,4470.0,,,,,,NOT_FOUND,No dedicated IO-VNBD model found
B1,S1,30,4500.0,4530.0,234.3353589596251,197.30609424025434,84.19817440962859,141.17775985807975,-12.201671849998299,MEASURED,
B2,S1,30,4500.0,4530.0,234.3353589596251,11.981841499897085,5.113117180903758,6.7788470580927624,-12.201671849998299,MEASURED,
B3,S1,30,4500.0,4530.0,234.3353589596251,196.78727984906072,83.97677615650238,141.11703312614583,0.0,MEASURED,
B4,S1,30,4500.0,4530.0,234.3353589596251,38.57046101967728,16.459513916686724,43.70889849537699,-12.201671849998299,MEASURED,
X,S1,30,4500.0,4530.0,234.3353589596251,92.87432823178563,39.63308339130649,54.385387678855615,-0.4892522345096136,MEASURED,
CURRENT,S1,30,4500.0,4530.0,,,,,,NOT_FOUND,No dedicated IO-VNBD model found
B1,S1,30,4560.0,4590.0,214.75402624995792,15.853302294738542,7.382074539681255,5.348649263467652,0.8279227570301052,MEASURED,
B2,S1,30,4560.0,4590.0,214.75402624995792,6.833716806005004,3.1821134743481174,3.4584934470545865,0.8279227570301052,MEASURED,
B3,S1,30,4560.0,4590.0,214.75402624995792,15.806632722475893,7.3603428994984865,4.2529360851870495,0.0,MEASURED,
B4,S1,30,4560.0,4590.0,214.75402624995792,60.38453922727987,28.118000990117274,19.789328735733676,0.8279227570301052,MEASURED,
X,S1,30,4560.0,4590.0,214.75402624995792,49.411465745235255,23.008400172075905,20.54481044376126,2.315221910081033,MEASURED,
CURRENT,S1,30,4560.0,4590.0,,,,,,NOT_FOUND,No dedicated IO-VNBD model found
B1,S1,30,4680.0,4710.0,345.58021267407275,180.57010845181452,52.25128691674129,91.23571367227412,-6.820550573372251,MEASURED,
B2,S1,30,4680.0,4710.0,345.58021267407275,1.8902667152099824,0.5469834920764838,2.153614202534461,-6.820550573372251,MEASURED,
B3,S1,30,4680.0,4710.0,345.58021267407275,180.33038200592384,52.18191765394823,91.15297031240428,0.0,MEASURED,
B4,S1,30,4680.0,4710.0,345.58021267407275,135.26361364673974,39.141018115615026,65.40645616326987,-6.820550573372251,MEASURED,
X,S1,30,4680.0,4710.0,345.58021267407275,85.90240935600389,24.85744443852781,39.41689161140628,3.3959645016399476,MEASURED,
CURRENT,S1,30,4680.0,4710.0,,,,,,NOT_FOUND,No dedicated IO-VNBD model found
B1,S1,30,4800.0,4830.0,6.255988808103194,192.26532243269682,3073.3002940104584,109.87951090671886,1.1020197405607606,MEASURED,
B2,S1,30,4800.0,4830.0,6.255988808103194,1.5088322657597772,24.118205962987535,0.919943629101195,1.1020197405607606,MEASURED,
B3,S1,30,4800.0,4830.0,6.255988808103194,192.16404535429436,3071.681411983827,109.79989246542387,0.0,MEASURED,
B4,S1,30,4800.0,4830.0,6.255988808103194,51.48176171909332,822.9196582386871,30.06142056651696,1.1020197405607606,MEASURED,
X,S1,30,4800.0,4830.0,6.255988808103194,46.845470363894506,748.8100091102623,21.548459076248243,3.7752695422294753,MEASURED,
CURRENT,S1,30,4800.0,4830.0,,,,,,NOT_FOUND,No dedicated IO-VNBD model found
B1,S1,30,4920.0,4950.0,50.38317249421919,258.8742725124851,513.8109803271867,137.10002071859688,-3.308414725554176,MEASURED,
B2,S1,30,4920.0,4950.0,50.38317249421919,0.966405394805039,1.9181114387267322,0.9054567122426168,-3.308414725554176,MEASURED,
B3,S1,30,4920.0,4950.0,50.38317249421919,258.87334962654216,513.8091485927062,137.09158889827503,0.0,MEASURED,
B4,S1,30,4920.0,4950.0,50.38317249421919,255.28012212144316,506.6773477806171,133.94824065641586,-3.308414725554176,MEASURED,
X,S1,30,4920.0,4950.0,50.38317249421919,8.046768114628604,15.97114218155251,7.014861921696242,1.9829934257225688,MEASURED,
CURRENT,S1,30,4920.0,4950.0,,,,,,NOT_FOUND,No dedicated IO-VNBD model found
B1,S1,30,4980.0,5010.0,416.0252528247231,14.830855423663985,3.5648930739097273,6.3846803450992216,-4.329661248502023,MEASURED,
B2,S1,30,4980.0,5010.0,416.0252528247231,0.6186843037161414,0.14871316092362336,2.509757759479589,-4.329661248502023,MEASURED,
B3,S1,30,4980.0,5010.0,416.0252528247231,15.867230190125836,3.8140065013819986,6.028437340264689,0.0,MEASURED,
B4,S1,30,4980.0,5010.0,416.0252528247231,2.9999316257731667,0.7210936368415783,4.030767584229506,-4.329661248502023,MEASURED,
X,S1,30,4980.0,5010.0,416.0252528247231,43.85549002525433,10.541545189260717,25.36985627015884,2.490873416641737,MEASURED,
CURRENT,S1,30,4980.0,5010.0,,,,,,NOT_FOUND,No dedicated IO-VNBD model found
B1,S1,30,5100.0,5130.0,44.58139172672591,92.59703644553562,207.70333284598877,67.71558026581859,-2.287594899870736,MEASURED,
B2,S1,30,5100.0,5130.0,44.58139172672591,2.535318810096027,5.686944063202359,0.7693191205445578,-2.287594899870736,MEASURED,
B3,S1,30,5100.0,5130.0,44.58139172672591,94.33303266102274,211.59732571666538,67.91223394368615,0.0,MEASURED,
B4,S1,30,5100.0,5130.0,44.58139172672591,46.16365661224352,103.54915991680238,35.19391697045805,-2.287594899870736,MEASURED,
X,S1,30,5100.0,5130.0,44.58139172672591,15.21822437444726,34.13582166239137,4.796523073439299,1.623549550916816,MEASURED,
CURRENT,S1,30,5100.0,5130.0,,,,,,NOT_FOUND,No dedicated IO-VNBD model found
B1,S1,60,60.0,120.0,349.7324963071868,77.16130916948418,22.06295096515987,41.185915738072275,-5.719186940273246,MEASURED,
B2,S1,60,60.0,120.0,349.7324963071868,11.458005499537487,3.2762198596133234,4.079555580126104,-5.719186940273246,MEASURED,
B3,S1,60,60.0,120.0,349.7324963071868,52.994521442553264,15.152873125065748,38.92645981587603,0.0,MEASURED,
B4,S1,60,60.0,120.0,349.7324963071868,239.5290722033158,68.4892238303546,157.1394921486091,-5.719186940273246,MEASURED,
X,S1,60,60.0,120.0,349.7324963071868,227.95308970324473,65.17927047391747,100.13532278791227,0.48362018495865305,MEASURED,
CURRENT,S1,60,60.0,120.0,,,,,,NOT_FOUND,No dedicated IO-VNBD model found
B1,S1,60,120.0,180.0,888.5662625429009,80.71446883187734,9.083674705461863,45.28449677329849,-5.522565811288893,MEASURED,
B2,S1,60,120.0,180.0,888.5662625429009,11.873745760361127,1.3362814075768321,33.97816418166094,-5.522565811288893,MEASURED,
B3,S1,60,120.0,180.0,888.5662625429009,74.25079045993728,8.356246865309314,64.46792014227684,0.0,MEASURED,
B4,S1,60,120.0,180.0,888.5662625429009,24.048840401655365,2.7064768735234606,57.46042958449,-5.522565811288893,MEASURED,
X,S1,60,120.0,180.0,888.5662625429009,123.6309635701134,13.913533383127335,63.791511550486895,6.866919264234361,MEASURED,
CURRENT,S1,60,120.0,180.0,,,,,,NOT_FOUND,No dedicated IO-VNBD model found
B1,S1,60,180.0,240.0,534.2479256396297,87.70449004942202,16.416439978576914,120.81242331755783,-16.754957661015425,MEASURED,
B2,S1,60,180.0,240.0,534.2479256396297,76.86483043698483,14.387483179267045,29.010421967006376,-16.754957661015425,MEASURED,
B3,S1,60,180.0,240.0,534.2479256396297,113.85401374350708,21.31108204251707,127.32537230561306,0.0,MEASURED,
B4,S1,60,180.0,240.0,534.2479256396297,152.47486652964065,28.540095190278883,160.76557700355553,-16.754957661015425,MEASURED,
X,S1,60,180.0,240.0,534.2479256396297,143.86827319607107,26.929121535441514,74.14496237663886,4.073975207780569,MEASURED,
CURRENT,S1,60,180.0,240.0,,,,,,NOT_FOUND,No dedicated IO-VNBD model found
B1,S1,60,240.0,300.0,721.1101366175927,268.79587458548883,37.27528721843945,121.15356466052933,-35.4658418118248,MEASURED,
B2,S1,60,240.0,300.0,721.1101366175927,248.03165226386074,34.39580719628586,119.62724843666267,-35.4658418118248,MEASURED,
B3,S1,60,240.0,300.0,721.1101366175927,47.263406177755606,6.554256247103562,16.308860656748255,0.0,MEASURED,
B4,S1,60,240.0,300.0,721.1101366175927,279.90540058046264,38.81590153390084,133.46147669988665,-35.4658418118248,MEASURED,
X,S1,60,240.0,300.0,721.1101366175927,439.6038351227048,60.96209341678251,185.87637898747658,-4.620121715564132,MEASURED,
CURRENT,S1,60,240.0,300.0,,,,,,NOT_FOUND,No dedicated IO-VNBD model found
B1,S1,60,300.0,360.0,818.5736234988035,252.9433035416953,30.9004952371355,148.50105794002283,-5.633878220656143,MEASURED,
B2,S1,60,300.0,360.0,818.5736234988035,2.669247525621055,0.3260852107855582,2.502453249683245,-5.633878220656143,MEASURED,
B3,S1,60,300.0,360.0,818.5736234988035,253.43448504563776,30.960499797488065,148.5479292732239,0.0,MEASURED,
B4,S1,60,300.0,360.0,818.5736234988035,476.66797790014664,58.231534002126736,277.3759984964481,-5.633878220656143,MEASURED,
X,S1,60,300.0,360.0,818.5736234988035,141.7270371695973,17.313902268658243,79.99447949377796,4.341695925737686,MEASURED,
CURRENT,S1,60,300.0,360.0,,,,,,NOT_FOUND,No dedicated IO-VNBD model found
B1,S1,60,360.0,420.0,717.5866848510032,84.31615763000221,11.749961281334155,47.69396529311537,-12.000320723079144,MEASURED,
B2,S1,60,360.0,420.0,717.5866848510032,22.9949691891617,3.204486604142646,32.72661279529388,-12.000320723079144,MEASURED,
B3,S1,60,360.0,420.0,717.5866848510032,83.88917925755194,11.690459289245364,39.98148780978777,0.0,MEASURED,
B4,S1,60,360.0,420.0,717.5866848510032,169.9016883963726,23.676817307674863,98.88742600886253,-12.000320723079144,MEASURED,
X,S1,60,360.0,420.0,717.5866848510032,196.45629715492032,27.37736099377481,78.616047052276,5.788303886218997,MEASURED,
CURRENT,S1,60,360.0,420.0,,,,,,NOT_FOUND,No dedicated IO-VNBD model found
B1,S1,60,420.0,480.0,262.8836583072375,571.4129723324927,217.36344359019483,281.0747809570442,-18.68793122231723,MEASURED,
B2,S1,60,420.0,480.0,262.8836583072375,21.950555070346304,8.34991235731064,15.057583152395324,-18.68793122231723,MEASURED,
B3,S1,60,420.0,480.0,262.8836583072375,567.0500788769824,215.7038145803112,278.51727672076987,0.0,MEASURED,
B4,S1,60,420.0,480.0,262.8836583072375,572.1575643247294,217.646683711331,277.82545984739636,-18.68793122231723,MEASURED,
X,S1,60,420.0,480.0,262.8836583072375,334.5768918177841,127.2718486847734,155.12103252126502,3.2744668957561034,MEASURED,
CURRENT,S1,60,420.0,480.0,,,,,,NOT_FOUND,No dedicated IO-VNBD model found
B1,S1,60,480.0,540.0,793.4043974515389,497.9131918497178,62.75654552067571,271.3749861678921,-16.449182018526365,MEASURED,
B2,S1,60,480.0,540.0,793.4043974515389,129.21340451574108,16.2859450906476,56.162882617928446,-16.449182018526365,MEASURED,
B3,S1,60,480.0,540.0,793.4043974515389,489.5852462807383,61.70689850640034,268.7990576871299,0.0,MEASURED,
B4,S1,60,480.0,540.0,793.4043974515389,472.4504790454773,59.54724735116364,255.51923179925768,-16.449182018526365,MEASURED,
X,S1,60,480.0,540.0,793.4043974515389,275.93746159683104,34.778917596519285,129.53894527509192,1.464139608029097,MEASURED,
CURRENT,S1,60,480.0,540.0,,,,,,NOT_FOUND,No dedicated IO-VNBD model found
B1,S1,60,540.0,600.0,692.8711927425825,230.92668512326063,33.328948806370015,117.48503228214844,-34.00332339274935,MEASURED,
B2,S1,60,540.0,600.0,692.8711927425825,160.71406266052426,23.195373735249696,98.20615652627858,-34.00332339274935,MEASURED,
B3,S1,60,540.0,600.0,692.8711927425825,116.56908895886555,16.824063430527644,46.162427780455445,0.0,MEASURED,
B4,S1,60,540.0,600.0,692.8711927425825,249.1309002488871,35.95630802065182,127.05660493261135,-34.00332339274935,MEASURED,
X,S1,60,540.0,600.0,692.8711927425825,131.50604321359015,18.97986878239974,80.37713669980303,-4.494724159879795,MEASURED,
CURRENT,S1,60,540.0,600.0,,,,,,NOT_FOUND,No dedicated IO-VNBD model found
B1,S1,60,600.0,660.0,521.9167075274563,68.0960864026808,13.04730916265954,85.93155098737645,-22.233854461675133,MEASURED,
B2,S1,60,600.0,660.0,521.9167075274563,59.01782546339679,11.307901167408415,36.24259034688143,-22.233854461675133,MEASURED,
B3,S1,60,600.0,660.0,521.9167075274563,19.341384978386596,3.7058374831522536,77.30507534873772,0.0,MEASURED,
B4,S1,60,600.0,660.0,521.9167075274563,74.28236394734692,14.232608934719563,55.87491653742678,-22.233854461675133,MEASURED,
X,S1,60,600.0,660.0,521.9167075274563,133.17968093237812,25.517420502460535,145.44011518016967,-7.814337734496786,MEASURED,
CURRENT,S1,60,600.0,660.0,,,,,,NOT_FOUND,No dedicated IO-VNBD model found
B1,S1,60,720.0,780.0,510.516813222806,235.10084696042443,46.051538533329136,163.72054861967536,-26.983668580777127,MEASURED,
B2,S1,60,720.0,780.0,510.516813222806,111.86770245993485,21.91263824470991,50.510121918027146,-26.983668580777127,MEASURED,
B3,S1,60,720.0,780.0,510.516813222806,253.43257618154715,49.64235645476009,163.61210409507618,0.0,MEASURED,
B4,S1,60,720.0,780.0,510.516813222806,81.79668785092088,16.022329868932676,74.90644854691092,-26.983668580777127,MEASURED,
X,S1,60,720.0,780.0,510.516813222806,332.9136270368663,65.21109950037473,169.53691458429483,2.2654372223601698,MEASURED,
CURRENT,S1,60,720.0,780.0,,,,,,NOT_FOUND,No dedicated IO-VNBD model found
B1,S1,60,780.0,840.0,442.73609387679255,148.6492380312115,33.57513428136685,69.88146678715293,-37.670524454514286,MEASURED,
B2,S1,60,780.0,840.0,442.73609387679255,64.93497664081208,14.666745616381258,29.974386500383893,-37.670524454514286,MEASURED,
B3,S1,60,780.0,840.0,442.73609387679255,86.29983733412324,19.492388022499767,47.49383281441796,0.0,MEASURED,
B4,S1,60,780.0,840.0,442.73609387679255,192.23126845577195,43.41892859299322,99.3310780788894,-37.670524454514286,MEASURED,
X,S1,60,780.0,840.0,442.73609387679255,40.34743334292974,9.113201724673003,24.320171341814465,-6.456610339751988,MEASURED,
CURRENT,S1,60,780.0,840.0,,,,,,NOT_FOUND,No dedicated IO-VNBD model found
B1,S1,60,840.0,900.0,406.5474010987112,87.8129703308614,21.599688029868897,52.21577440878298,-32.88112631640872,MEASURED,
B2,S1,60,840.0,900.0,406.5474010987112,86.12388604116849,21.184217586538526,44.611908360697576,-32.88112631640872,MEASURED,
B3,S1,60,840.0,900.0,406.5474010987112,25.64591659133388,6.308222982615244,22.09762561423666,0.0,MEASURED,
B4,S1,60,840.0,900.0,406.5474010987112,98.00072557913805,24.105608673007634,59.848298424501586,-32.88112631640872,MEASURED,
X,S1,60,840.0,900.0,406.5474010987112,196.81580742406524,48.41152763298016,91.5184508516982,-4.907414012415312,MEASURED,
CURRENT,S1,60,840.0,900.0,,,,,,NOT_FOUND,No dedicated IO-VNBD model found
B1,S1,60,900.0,960.0,254.60338691125773,37.91020350677705,14.889905419832727,49.00888496169231,-29.54453210884722,MEASURED,
B2,S1,60,900.0,960.0,254.60338691125773,28.633760864522426,11.246417894080391,13.098527154642474,-29.54453210884722,MEASURED,
B3,S1,60,900.0,960.0,254.60338691125773,15.430842306745225,6.060737248606855,30.09155809400983,0.0,MEASURED,
B4,S1,60,900.0,960.0,254.60338691125773,32.07378440243644,12.597548206857038,32.25075624213962,-29.54453210884722,MEASURED,
X,S1,60,900.0,960.0,254.60338691125773,37.97946608766759,14.917109528046211,19.30031586456765,0.6453963536228849,MEASURED,
CURRENT,S1,60,900.0,960.0,,,,,,NOT_FOUND,No dedicated IO-VNBD model found
B1,S1,60,960.0,1020.0,546.7828631497998,131.2815403186904,24.009812517244846,62.804766852451515,-40.97954196267842,MEASURED,
B2,S1,60,960.0,1020.0,546.7828631497998,130.0112491516816,23.777491562690575,59.47390179132663,-40.97954196267842,MEASURED,
B3,S1,60,960.0,1020.0,546.7828631497998,76.25930133992321,13.94690771774074,45.81751831945366,0.0,MEASURED,
B4,S1,60,960.0,1020.0,546.7828631497998,131.07117232350424,23.971338744681034,88.74074910315905,-40.97954196267842,MEASURED,
X,S1,60,960.0,1020.0,546.7828631497998,184.44905847987488,33.73351121820768,122.97998245780904,-2.710330899042981,MEASURED,
CURRENT,S1,60,960.0,1020.0,,,,,,NOT_FOUND,No dedicated IO-VNBD model found
B1,S1,60,1020.0,1080.0,439.9251988960851,336.7073055669835,76.53739917874476,213.67317148385965,-28.292193872810884,MEASURED,
B2,S1,60,1020.0,1080.0,439.9251988960851,108.67489094692729,24.70303843008489,41.68365791736946,-28.292193872810884,MEASURED,
B3,S1,60,1020.0,1080.0,439.9251988960851,229.9473973395165,52.26965809563286,183.22607295773759,0.0,MEASURED,
B4,S1,60,1020.0,1080.0,439.9251988960851,313.75822542314955,71.32081231320021,196.06400289302155,-28.292193872810884,MEASURED,
X,S1,60,1020.0,1080.0,439.9251988960851,123.19864293778181,28.004452403937563,59.59402911749949,-4.070629158281723,MEASURED,
CURRENT,S1,60,1020.0,1080.0,,,,,,NOT_FOUND,No dedicated IO-VNBD model found
B1,S1,60,1080.0,1140.0,666.3591571799789,248.42205973577316,37.28050512385712,123.12592406724967,-23.25124090390076,MEASURED,
B2,S1,60,1080.0,1140.0,666.3591571799789,130.61213296607437,19.600861121024103,54.27280764230413,-23.25124090390076,MEASURED,
B3,S1,60,1080.0,1140.0,666.3591571799789,220.4330011869803,33.080208895132344,111.94763627835816,0.0,MEASURED,
B4,S1,60,1080.0,1140.0,666.3591571799789,184.8989348410385,27.747639219595598,100.43028538085677,-23.25124090390076,MEASURED,
X,S1,60,1080.0,1140.0,666.3591571799789,208.66013443987657,31.31346394681854,100.51954884450018,-2.183326200045529,MEASURED,
CURRENT,S1,60,1080.0,1140.0,,,,,,NOT_FOUND,No dedicated IO-VNBD model found
B1,S1,60,1140.0,1200.0,342.29467045015605,421.456414367996,123.12678249232842,202.35214564487862,-25.256662901002628,MEASURED,
B2,S1,60,1140.0,1200.0,342.29467045015605,70.86491033703089,20.702896204558357,43.44439683693198,-25.256662901002628,MEASURED,
B3,S1,60,1140.0,1200.0,342.29467045015605,442.5539172155382,129.29033240089015,219.3752728397939,0.0,MEASURED,
B4,S1,60,1140.0,1200.0,342.29467045015605,221.83286579374672,64.80757223067818,91.56151720457527,-25.256662901002628,MEASURED,
X,S1,60,1140.0,1200.0,342.29467045015605,19.081699573006127,5.574641155794668,13.942716839543912,-3.9306192986786535,MEASURED,
CURRENT,S1,60,1140.0,1200.0,,,,,,NOT_FOUND,No dedicated IO-VNBD model found
B1,S1,60,1200.0,1260.0,474.8673915398822,277.1958351051817,58.37331432809093,172.48253089281974,-35.141137083448484,MEASURED,
B2,S1,60,1200.0,1260.0,474.8673915398822,156.4405831565716,32.94405679220717,82.78356395449669,-35.141137083448484,MEASURED,
B3,S1,60,1200.0,1260.0,474.8673915398822,267.62334917724377,56.35749136393737,167.22525301704565,0.0,MEASURED,
B4,S1,60,1200.0,1260.0,474.8673915398822,226.22779479436716,47.64020415484081,140.87116329945135,-35.141137083448484,MEASURED,
X,S1,60,1200.0,1260.0,474.8673915398822,119.997149570906,25.269612466289534,76.384515370165,4.294707359362781,MEASURED,
CURRENT,S1,60,1200.0,1260.0,,,,,,NOT_FOUND,No dedicated IO-VNBD model found
B1,S1,60,1260.0,1320.0,416.0728937698415,142.0563542750115,34.14217950799569,87.55660061816087,-23.135249191400696,MEASURED,
B2,S1,60,1260.0,1320.0,416.0728937698415,52.10678419012314,12.523474845479114,19.008099215932205,-23.135249191400696,MEASURED,
B3,S1,60,1260.0,1320.0,416.0728937698415,136.68397034941617,32.850967317526205,87.8216685111214,0.0,MEASURED,
B4,S1,60,1260.0,1320.0,416.0728937698415,63.8688726252289,15.350404600151425,28.0168162230985,-23.135249191400696,MEASURED,
X,S1,60,1260.0,1320.0,416.0728937698415,89.12115942473014,21.419602372374,45.53293733861247,2.149686573867022,MEASURED,
CURRENT,S1,60,1260.0,1320.0,,,,,,NOT_FOUND,No dedicated IO-VNBD model found
B1,S1,60,1320.0,1380.0,263.3391131754241,270.9213721154,102.87927564141411,126.78838295757785,-25.375808628693477,MEASURED,
B2,S1,60,1320.0,1380.0,263.3391131754241,57.760016220343836,21.933701957090907,34.697886783517134,-25.375808628693477,MEASURED,
B3,S1,60,1320.0,1380.0,263.3391131754241,65.23851582497036,24.773576184070897,52.95794845956241,0.0,MEASURED,
B4,S1,60,1320.0,1380.0,263.3391131754241,196.0740216765109,74.45685500805027,93.16768135230402,-25.375808628693477,MEASURED,
X,S1,60,1320.0,1380.0,263.3391131754241,43.252431723372936,16.424613572143464,30.0640421905227,9.061037491771476,MEASURED,
CURRENT,S1,60,1320.0,1380.0,,,,,,NOT_FOUND,No dedicated IO-VNBD model found
B1,S1,60,1440.0,1500.0,416.9218707957615,27.86036283492855,6.682394181373271,62.052679390362734,-26.97254357326491,MEASURED,
B2,S1,60,1440.0,1500.0,416.9218707957615,42.24916914428768,10.133593870632989,13.66935690173141,-26.97254357326491,MEASURED,
B3,S1,60,1440.0,1500.0,416.9218707957615,66.20342622563544,15.879096507764322,70.96228931568075,0.0,MEASURED,
B4,S1,60,1440.0,1500.0,416.9218707957615,34.631026888752686,8.306358892291708,55.780671014922845,-26.97254357326491,MEASURED,
X,S1,60,1440.0,1500.0,416.9218707957615,24.8179092247141,5.952652274476555,69.1787564943542,2.115527717722461,MEASURED,
CURRENT,S1,60,1440.0,1500.0,,,,,,NOT_FOUND,No dedicated IO-VNBD model found
B1,S1,60,1500.0,1560.0,465.0463791833052,73.11800593132874,15.722734162501274,32.087880602594026,-25.96524019661036,MEASURED,
B2,S1,60,1500.0,1560.0,465.0463791833052,71.20340445064814,15.31103297174199,33.57794636327356,-25.96524019661036,MEASURED,
B3,S1,60,1500.0,1560.0,465.0463791833052,7.604327329924255,1.6351761179774484,16.233182704379008,0.0,MEASURED,
B4,S1,60,1500.0,1560.0,465.0463791833052,164.17460861393414,35.302846331639145,85.09628260012012,-25.96524019661036,MEASURED,
X,S1,60,1500.0,1560.0,465.0463791833052,48.27408332659061,10.380487944313753,81.65744011799686,-0.8061468105670352,MEASURED,
CURRENT,S1,60,1500.0,1560.0,,,,,,NOT_FOUND,No dedicated IO-VNBD model found
B1,S1,60,1560.0,1620.0,177.5852100750089,80.16890491165351,45.143908593396695,86.32435833588688,-28.755935706072428,MEASURED,
B2,S1,60,1560.0,1620.0,177.5852100750089,7.378362178451927,4.1548292086573175,14.86108433739609,-28.755935706072428,MEASURED,
B3,S1,60,1560.0,1620.0,177.5852100750089,119.73640682861857,67.42476289441221,93.45190922143884,0.0,MEASURED,
B4,S1,60,1560.0,1620.0,177.5852100750089,55.63373080778484,31.327907760047207,43.49724946109265,-28.755935706072428,MEASURED,
X,S1,60,1560.0,1620.0,177.5852100750089,37.75214048643312,21.258606204023,56.089149231768815,0.39526643483753227,MEASURED,
CURRENT,S1,60,1560.0,1620.0,,,,,,NOT_FOUND,No dedicated IO-VNBD model found
B1,S1,60,1620.0,1680.0,271.46310827198056,10.680491679892759,3.934417368120573,21.908880130412616,-18.131475451711736,MEASURED,
B2,S1,60,1620.0,1680.0,271.46310827198056,24.151419060533463,8.896759200272623,15.786504658074909,-18.131475451711736,MEASURED,
B3,S1,60,1620.0,1680.0,271.46310827198056,60.99454829471747,22.468816732771902,31.99476400509581,0.0,MEASURED,
B4,S1,60,1620.0,1680.0,271.46310827198056,267.0240341751494,98.36475971814791,150.57178934039985,-18.131475451711736,MEASURED,
X,S1,60,1620.0,1680.0,271.46310827198056,170.81762501381604,62.924802600680756,86.87230922459005,0.7756499125981567,MEASURED,
CURRENT,S1,60,1620.0,1680.0,,,,,,NOT_FOUND,No dedicated IO-VNBD model found
B1,S1,60,1680.0,1740.0,212.87457335725531,117.64665713858652,55.26571599565666,72.7509845889921,-26.53873852523591,MEASURED,
B2,S1,60,1680.0,1740.0,212.87457335725531,33.54449909445237,15.757870263893162,13.300591411902694,-26.53873852523591,MEASURED,
B3,S1,60,1680.0,1740.0,212.87457335725531,14.41093174631106,6.769682033431964,23.196915296567138,0.0,MEASURED,
B4,S1,60,1680.0,1740.0,212.87457335725531,58.00084419871591,27.24648758373617,37.13552094470479,-26.53873852523591,MEASURED,
X,S1,60,1680.0,1740.0,212.87457335725531,35.2440375790854,16.55624578513533,53.7870473630087,0.8445245719274691,MEASURED,
CURRENT,S1,60,1680.0,1740.0,,,,,,NOT_FOUND,No dedicated IO-VNBD model found
B1,S1,60,1740.0,1800.0,236.56939151465605,128.44533424354756,54.29499286495399,82.72477474637299,-25.59974270394457,MEASURED,
B2,S1,60,1740.0,1800.0,236.56939151465605,50.52761410401697,21.35847489842601,24.306526186241168,-25.59974270394457,MEASURED,
B3,S1,60,1740.0,1800.0,236.56939151465605,41.24630793025614,17.435183675357607,28.375281393058845,0.0,MEASURED,
B4,S1,60,1740.0,1800.0,236.56939151465605,84.96462654741175,35.91530840207956,50.371274838000815,-25.59974270394457,MEASURED,
X,S1,60,1740.0,1800.0,236.56939151465605,75.97376167722383,32.11478931859918,53.67307346274647,1.455554447749316,MEASURED,
CURRENT,S1,60,1740.0,1800.0,,,,,,NOT_FOUND,No dedicated IO-VNBD model found
B1,S1,60,1860.0,1920.0,627.8843355518331,163.35482997507805,26.016707333765417,80.78901623011588,-25.6946053163259,MEASURED,
B2,S1,60,1860.0,1920.0,627.8843355518331,118.83572712343654,18.92637232604227,62.25288836101723,-25.6946053163259,MEASURED,
B3,S1,60,1860.0,1920.0,627.8843355518331,106.80545810255403,17.010371505555263,48.83660427930859,0.0,MEASURED,
B4,S1,60,1860.0,1920.0,627.8843355518331,236.34563320291647,37.64158776077726,102.79365706506474,-25.6946053163259,MEASURED,
X,S1,60,1860.0,1920.0,627.8843355518331,285.35650808434,45.44730485011172,90.50271365297972,-2.9751249409625484,MEASURED,
CURRENT,S1,60,1860.0,1920.0,,,,,,NOT_FOUND,No dedicated IO-VNBD model found
B1,S1,60,1920.0,1980.0,670.5276731876488,173.1684856363259,25.825703033715698,81.06521946353948,-16.557006233170288,MEASURED,
B2,S1,60,1920.0,1980.0,670.5276731876488,107.86390567085547,16.086421184986573,57.55897676039655,-16.557006233170288,MEASURED,
B3,S1,60,1920.0,1980.0,670.5276731876488,153.52274188750846,22.895809975697265,72.5673159390317,0.0,MEASURED,
B4,S1,60,1920.0,1980.0,670.5276731876488,254.93187686187431,38.01959069786684,126.53172545200822,-16.557006233170288,MEASURED,
X,S1,60,1920.0,1980.0,670.5276731876488,31.75893214935791,4.736408864137975,29.859059301992552,-6.319636086851635,MEASURED,
CURRENT,S1,60,1920.0,1980.0,,,,,,NOT_FOUND,No dedicated IO-VNBD model found
B1,S1,60,1980.0,2040.0,751.244188057909,83.78711265599385,11.153112927581837,53.68442420933042,-7.728828486898877,MEASURED,
B2,S1,60,1980.0,2040.0,751.244188057909,59.07120204163534,7.863116012164328,29.334992207434908,-7.728828486898877,MEASURED,
B3,S1,60,1980.0,2040.0,751.244188057909,57.53910318249664,7.659174486426947,45.31044957480182,0.0,MEASURED,
B4,S1,60,1980.0,2040.0,751.244188057909,211.2840808810536,28.1245544710646,78.02017639482854,-7.728828486898877,MEASURED,
X,S1,60,1980.0,2040.0,751.244188057909,237.3828380896103,31.598625568509803,107.00934936486308,-1.4506900845339445,MEASURED,
CURRENT,S1,60,1980.0,2040.0,,,,,,NOT_FOUND,No dedicated IO-VNBD model found
B1,S1,60,2040.0,2100.0,380.28132131250067,185.94233891610108,48.89599580498479,90.2242062124732,-30.698184941496468,MEASURED,
B2,S1,60,2040.0,2100.0,380.28132131250067,87.61969659073301,23.040757376229504,44.591162132525724,-30.698184941496468,MEASURED,
B3,S1,60,2040.0,2100.0,380.28132131250067,166.74631345494578,43.84814717678969,93.91215004486367,0.0,MEASURED,
B4,S1,60,2040.0,2100.0,380.28132131250067,142.55625953658776,37.48705275467382,63.4093307733603,-30.698184941496468,MEASURED,
X,S1,60,2040.0,2100.0,380.28132131250067,41.22765257573517,10.841356192158559,19.85735518438502,-1.065395689474964,MEASURED,
CURRENT,S1,60,2040.0,2100.0,,,,,,NOT_FOUND,No dedicated IO-VNBD model found
B1,S1,60,2100.0,2160.0,512.1746022502863,165.73199691193705,32.35849575199127,79.20409078491676,-29.65386152478034,MEASURED,
B2,S1,60,2100.0,2160.0,512.1746022502863,130.33539537119177,25.447453817223895,54.789134380305214,-29.65386152478034,MEASURED,
B3,S1,60,2100.0,2160.0,512.1746022502863,123.31121183440077,24.07601065976751,61.10461075985861,0.0,MEASURED,
B4,S1,60,2100.0,2160.0,512.1746022502863,161.4906540891661,31.530390882258125,80.0738666375439,-29.65386152478034,MEASURED,
X,S1,60,2100.0,2160.0,512.1746022502863,71.05515008762521,13.873227953014043,27.011295138086176,-0.6844758426483902,MEASURED,
CURRENT,S1,60,2100.0,2160.0,,,,,,NOT_FOUND,No dedicated IO-VNBD model found
B1,S1,60,2160.0,2220.0,527.8218569161425,137.79928599157023,26.107157971190848,69.6873079315321,-25.070379447783544,MEASURED,
B2,S1,60,2160.0,2220.0,527.8218569161425,76.71364343450324,14.534002794562388,39.58918436235616,-25.070379447783544,MEASURED,
B3,S1,60,2160.0,2220.0,527.8218569161425,89.63771311132241,16.982569390938195,39.61703899828327,0.0,MEASURED,
B4,S1,60,2160.0,2220.0,527.8218569161425,302.7310222543291,57.35477193443041,150.44490339337096,-25.070379447783544,MEASURED,
X,S1,60,2160.0,2220.0,527.8218569161425,246.77832097908686,46.75409283369137,138.24239743970682,-0.06096918100026362,MEASURED,
CURRENT,S1,60,2160.0,2220.0,,,,,,NOT_FOUND,No dedicated IO-VNBD model found
B1,S1,60,2220.0,2280.0,497.44353377372573,106.56391270795496,21.42231338289506,53.57348235981843,-25.691360172863973,MEASURED,
B2,S1,60,2220.0,2280.0,497.44353377372573,103.33862015999432,20.77393978288205,46.22336968039721,-25.691360172863973,MEASURED,
B3,S1,60,2220.0,2280.0,497.44353377372573,34.385814470941,6.912506070806063,27.182316687005603,0.0,MEASURED,
B4,S1,60,2220.0,2280.0,497.44353377372573,146.06165150658276,29.362458568618656,104.38954915430116,-25.691360172863973,MEASURED,
X,S1,60,2220.0,2280.0,497.44353377372573,103.45988384899445,20.798317160567553,33.544464754775476,-3.110969553646939,MEASURED,
CURRENT,S1,60,2220.0,2280.0,,,,,,NOT_FOUND,No dedicated IO-VNBD model found
B1,S1,60,2280.0,2340.0,468.3680000774607,78.93314398156996,16.85280462553284,38.72778749904439,-31.477914300089683,MEASURED,
B2,S1,60,2280.0,2340.0,468.3680000774607,106.04964277798719,22.642375815693697,53.86585420271414,-31.477914300089683,MEASURED,
B3,S1,60,2280.0,2340.0,468.3680000774607,65.68850145226764,14.024976394929586,47.724806009510445,0.0,MEASURED,
B4,S1,60,2280.0,2340.0,468.3680000774607,47.91636991282391,10.230496085321649,52.201545560802984,-31.477914300089683,MEASURED,
X,S1,60,2280.0,2340.0,468.3680000774607,307.45304660630416,65.64347832376599,173.5337932454278,1.3739017140522316,MEASURED,
CURRENT,S1,60,2280.0,2340.0,,,,,,NOT_FOUND,No dedicated IO-VNBD model found
B1,S1,60,2340.0,2400.0,469.71776458413365,77.81573975327149,16.56648856407761,30.426135578160785,-18.39195802831058,MEASURED,
B2,S1,60,2340.0,2400.0,469.71776458413365,34.4883740044628,7.342361010126412,14.892250486764489,-18.39195802831058,MEASURED,
B3,S1,60,2340.0,2400.0,469.71776458413365,47.89439656326235,10.196420100411963,18.193524520401844,0.0,MEASURED,
B4,S1,60,2340.0,2400.0,469.71776458413365,166.6498893517813,35.47872827405738,72.02674730912149,-18.39195802831058,MEASURED,
X,S1,60,2340.0,2400.0,469.71776458413365,400.30548357826086,85.2225557048439,205.45745304380785,0.3626500819575743,MEASURED,
CURRENT,S1,60,2340.0,2400.0,,,,,,NOT_FOUND,No dedicated IO-VNBD model found
B1,S1,60,2400.0,2460.0,219.5908839906087,172.06846820494044,78.35865728028097,124.372650086403,-16.905544008621497,MEASURED,
B2,S1,60,2400.0,2460.0,219.5908839906087,37.13012654090839,16.908774110357125,12.376978782133353,-16.905544008621497,MEASURED,
B3,S1,60,2400.0,2460.0,219.5908839906087,180.0633475626604,81.99946386224357,128.80036464647756,0.0,MEASURED,
B4,S1,60,2400.0,2460.0,219.5908839906087,53.498372324744246,24.36274737481007,55.948924255138074,-16.905544008621497,MEASURED,
X,S1,60,2400.0,2460.0,219.5908839906087,55.529489931143246,25.28770271425206,51.54250548114265,4.211212745973606,MEASURED,
CURRENT,S1,60,2400.0,2460.0,,,,,,NOT_FOUND,No dedicated IO-VNBD model found
B1,S1,60,2460.0,2520.0,421.43138602037783,65.87231700365648,15.63061489693397,95.00073225582966,-11.341276566792414,MEASURED,
B2,S1,60,2460.0,2520.0,421.43138602037783,30.40180854901044,7.21394028956837,20.694198399493153,-11.341276566792414,MEASURED,
B3,S1,60,2460.0,2520.0,421.43138602037783,30.957594955374052,7.345820928932221,90.74325130608881,0.0,MEASURED,
B4,S1,60,2460.0,2520.0,421.43138602037783,157.91868995173851,37.47198125013464,56.7870307399335,-11.341276566792414,MEASURED,
X,S1,60,2460.0,2520.0,421.43138602037783,73.12941337128562,17.35262626304476,59.78654252681819,7.183193168078668,MEASURED,
CURRENT,S1,60,2460.0,2520.0,,,,,,NOT_FOUND,No dedicated IO-VNBD model found
B1,S1,60,2580.0,2640.0,439.47255931358063,111.8936494469453,25.460895583950414,72.5426159775302,-17.99498264126115,MEASURED,
B2,S1,60,2580.0,2640.0,439.47255931358063,67.52645224696009,15.365339841111071,25.71324170037349,-17.99498264126115,MEASURED,
B3,S1,60,2580.0,2640.0,439.47255931358063,76.48978734883535,17.404906342345015,70.13009756698295,0.0,MEASURED,
B4,S1,60,2580.0,2640.0,439.47255931358063,81.99902000161215,18.658507400254468,47.90149134361003,-17.99498264126115,MEASURED,
X,S1,60,2580.0,2640.0,439.47255931358063,161.6454158407775,36.78168577652587,59.15101903261103,3.5392913270021436,MEASURED,
CURRENT,S1,60,2580.0,2640.0,,,,,,NOT_FOUND,No dedicated IO-VNBD model found
B1,S1,60,2640.0,2700.0,347.1242188703924,270.1853070601886,77.83533743033618,135.7388670808947,-20.902886594324652,MEASURED,
B2,S1,60,2640.0,2700.0,347.1242188703924,42.901312035785885,12.359066208458414,28.212198922649375,-20.902886594324652,MEASURED,
B3,S1,60,2640.0,2700.0,347.1242188703924,51.59517658717578,14.863606104776037,35.101183700446526,0.0,MEASURED,
B4,S1,60,2640.0,2700.0,347.1242188703924,249.5028136167481,71.87709760750121,126.61732670271998,-20.902886594324652,MEASURED,
X,S1,60,2640.0,2700.0,347.1242188703924,64.57466515042249,18.602754184240045,46.58900122985148,4.167613058031824,MEASURED,
CURRENT,S1,60,2640.0,2700.0,,,,,,NOT_FOUND,No dedicated IO-VNBD model found
B1,S1,60,2700.0,2760.0,380.04458820447564,74.46572562873317,19.593944484395163,63.13261645722602,-9.001223913783182,MEASURED,
B2,S1,60,2700.0,2760.0,380.04458820447564,15.176730996814213,3.9934080020759737,7.587021538692307,-9.001223913783182,MEASURED,
B3,S1,60,2700.0,2760.0,380.04458820447564,77.8511345654494,20.48473704973878,63.92882287411427,0.0,MEASURED,
B4,S1,60,2700.0,2760.0,380.04458820447564,74.06740643591688,19.489135942140123,46.27937993404663,-9.001223913783182,MEASURED,
X,S1,60,2700.0,2760.0,380.04458820447564,176.04814021044024,46.32302252800952,57.15781514875815,6.297975399173376,MEASURED,
CURRENT,S1,60,2700.0,2760.0,,,,,,NOT_FOUND,No dedicated IO-VNBD model found
B1,S1,60,2760.0,2820.0,777.4906048523413,629.5253863735883,80.96887376448052,350.27125627849415,-20.132488264861106,MEASURED,
B2,S1,60,2760.0,2820.0,777.4906048523413,149.7192809442082,19.256731851138245,65.1286021365125,-20.132488264861106,MEASURED,
B3,S1,60,2760.0,2820.0,777.4906048523413,625.0738328981835,80.39631977506605,349.0471911757921,0.0,MEASURED,
B4,S1,60,2760.0,2820.0,777.4906048523413,355.0738520428511,45.66921449941967,183.87144899297235,-20.132488264861106,MEASURED,
X,S1,60,2760.0,2820.0,777.4906048523413,217.23412618199998,27.94041816405697,100.67915743350615,3.716400942370528,MEASURED,
CURRENT,S1,60,2760.0,2820.0,,,,,,NOT_FOUND,No dedicated IO-VNBD model found
B1,S1,60,2820.0,2880.0,686.0554507495343,145.12977519986575,21.154233967721925,55.92157945104977,-22.0146504950013,MEASURED,
B2,S1,60,2820.0,2880.0,686.0554507495343,64.47073185873019,9.397306265593278,31.607819299122998,-22.0146504950013,MEASURED,
B3,S1,60,2820.0,2880.0,686.0554507495343,136.15293378257584,19.845762268024405,45.411512897526165,0.0,MEASURED,
B4,S1,60,2820.0,2880.0,686.0554507495343,124.74091226629976,18.182336738235506,48.19806894590132,-22.0146504950013,MEASURED,
X,S1,60,2820.0,2880.0,686.0554507495343,176.44266031804122,25.718425547858093,84.41295038005708,-0.6778773276154886,MEASURED,
CURRENT,S1,60,2820.0,2880.0,,,,,,NOT_FOUND,No dedicated IO-VNBD model found
B1,S1,60,2880.0,2940.0,508.07280795595454,206.4902840579698,40.64186880787974,96.40846699930482,2.9582418680452385,MEASURED,
B2,S1,60,2880.0,2940.0,508.07280795595454,33.164137174675915,6.5274379292408335,21.417085280483356,2.9582418680452385,MEASURED,
B3,S1,60,2880.0,2940.0,508.07280795595454,204.2563884240088,40.202188589025226,94.52819522150287,0.0,MEASURED,
B4,S1,60,2880.0,2940.0,508.07280795595454,194.27824815682797,38.23826922334923,87.9217618905859,2.9582418680452385,MEASURED,
X,S1,60,2880.0,2940.0,508.07280795595454,118.63641374875992,23.350278127666428,37.2649989230751,-2.669467392539419,MEASURED,
CURRENT,S1,60,2880.0,2940.0,,,,,,NOT_FOUND,No dedicated IO-VNBD model found
B1,S1,60,2940.0,3000.0,631.5472988303264,107.7171602907241,17.056071728946424,101.6139529295249,-19.39843692399173,MEASURED,
B2,S1,60,2940.0,3000.0,631.5472988303264,96.62165441637808,15.299195261436273,39.25843238028386,-19.39843692399173,MEASURED,
B3,S1,60,2940.0,3000.0,631.5472988303264,73.94775012108737,11.708980508355307,84.38496103094478,0.0,MEASURED,
B4,S1,60,2940.0,3000.0,631.5472988303264,201.5496434007731,31.913626069505536,90.78501486501156,-19.39843692399173,MEASURED,
X,S1,60,2940.0,3000.0,631.5472988303264,53.71401753687143,8.505145637762029,26.72889056732352,-4.018793570733276,MEASURED,
CURRENT,S1,60,2940.0,3000.0,,,,,,NOT_FOUND,No dedicated IO-VNBD model found
B1,S1,60,3000.0,3060.0,532.218242008496,322.8939310295626,60.66945954558397,185.33284096724685,-19.66666801618994,MEASURED,
B2,S1,60,3000.0,3060.0,532.218242008496,56.38188708975317,10.593753208642017,29.59865490128982,-19.66666801618994,MEASURED,
B3,S1,60,3000.0,3060.0,532.218242008496,332.03125814628237,62.386297939216824,184.7248779479185,0.0,MEASURED,
B4,S1,60,3000.0,3060.0,532.218242008496,332.0760714858705,62.394718045115305,190.33136235830116,-19.66666801618994,MEASURED,
X,S1,60,3000.0,3060.0,532.218242008496,25.306203014521085,4.754854497098789,13.896078613388061,1.7189368953662294,MEASURED,
CURRENT,S1,60,3000.0,3060.0,,,,,,NOT_FOUND,No dedicated IO-VNBD model found
B1,S1,60,3060.0,3120.0,341.88900306760627,55.1175487857437,16.121474598831885,32.32390938430273,-10.421399951985737,MEASURED,
B2,S1,60,3060.0,3120.0,341.88900306760627,27.982118817745565,8.184562406709608,15.319248908103782,-10.421399951985737,MEASURED,
B3,S1,60,3060.0,3120.0,341.88900306760627,27.282828757699075,7.980025245884869,20.71669075627832,0.0,MEASURED,
B4,S1,60,3060.0,3120.0,341.88900306760627,45.76417033633107,13.38568071090649,24.88607062347854,-10.421399951985737,MEASURED,
X,S1,60,3060.0,3120.0,341.88900306760627,36.271451652917214,10.609130837046775,23.622926133223398,1.5771238524059075,MEASURED,
CURRENT,S1,60,3060.0,3120.0,,,,,,NOT_FOUND,No dedicated IO-VNBD model found
B1,S1,60,3120.0,3180.0,260.6453487688662,85.75701772407646,32.90180244118749,68.07395802973363,-21.277794486279568,MEASURED,
B2,S1,60,3120.0,3180.0,260.6453487688662,28.15375132861261,10.801555240327215,13.565808590580012,-21.277794486279568,MEASURED,
B3,S1,60,3120.0,3180.0,260.6453487688662,105.54748867430469,40.494675685888254,68.41379195190592,0.0,MEASURED,
B4,S1,60,3120.0,3180.0,260.6453487688662,58.14164041013939,22.306801439107186,51.40784953745874,-21.277794486279568,MEASURED,
X,S1,60,3120.0,3180.0,260.6453487688662,91.81749776992996,35.22698494472327,39.31524514459473,2.9660006032515103,MEASURED,
CURRENT,S1,60,3120.0,3180.0,,,,,,NOT_FOUND,No dedicated IO-VNBD model found
B1,S1,60,3180.0,3240.0,207.8827488400167,83.76741099038733,40.29550862580397,85.90170110212132,-14.133604507101811,MEASURED,
B2,S1,60,3180.0,3240.0,207.8827488400167,28.148590885916324,13.540609330492853,15.46463749951458,-14.133604507101811,MEASURED,
B3,S1,60,3180.0,3240.0,207.8827488400167,47.88280962000327,23.033565741837066,35.542865131527144,0.0,MEASURED,
B4,S1,60,3180.0,3240.0,207.8827488400167,117.08467468752218,56.32245837658647,59.42854067914839,-14.133604507101811,MEASURED,
X,S1,60,3180.0,3240.0,207.8827488400167,53.58095176026747,25.77460229829005,18.197217828485154,4.22057983923419,MEASURED,
CURRENT,S1,60,3180.0,3240.0,,,,,,NOT_FOUND,No dedicated IO-VNBD model found
B1,S1,60,3240.0,3300.0,362.35187744734134,45.84467753702013,12.65197737072095,23.152613142162103,-20.453497473822917,MEASURED,
B2,S1,60,3240.0,3300.0,362.35187744734134,44.01304770418627,12.146493627753442,18.940301480591963,-20.453497473822917,MEASURED,
B3,S1,60,3240.0,3300.0,362.35187744734134,41.46787792407956,11.444090814764955,22.54094744774792,0.0,MEASURED,
B4,S1,60,3240.0,3300.0,362.35187744734134,81.98332500613394,22.625334683976668,45.17737655491121,-20.453497473822917,MEASURED,
X,S1,60,3240.0,3300.0,362.35187744734134,204.68283478660015,56.487311788896584,117.50451256367242,4.633364693384099,MEASURED,
CURRENT,S1,60,3240.0,3300.0,,,,,,NOT_FOUND,No dedicated IO-VNBD model found
B1,S1,60,3300.0,3360.0,383.1612565822423,139.96975344381377,36.53024700157033,73.42423203235614,-14.515121070697072,MEASURED,
B2,S1,60,3300.0,3360.0,383.1612565822423,32.26435461515819,8.420568118747914,14.505472948258081,-14.515121070697072,MEASURED,
B3,S1,60,3300.0,3360.0,383.1612565822423,119.37088743125106,31.154216503001035,65.54458841134152,0.0,MEASURED,
B4,S1,60,3300.0,3360.0,383.1612565822423,135.74889325677145,35.42865854122026,73.62983709176798,-14.515121070697072,MEASURED,
X,S1,60,3300.0,3360.0,383.1612565822423,43.470280983283445,11.345166098220298,27.046541529546978,3.1089844818586276,MEASURED,
CURRENT,S1,60,3300.0,3360.0,,,,,,NOT_FOUND,No dedicated IO-VNBD model found
B1,S1,60,3360.0,3420.0,194.08342697035093,104.68197780176175,53.93658770140814,81.21180770543293,-12.189257526848495,MEASURED,
B2,S1,60,3360.0,3420.0,194.08342697035093,15.603475458893847,8.039571282548255,4.976490043548447,-12.189257526848495,MEASURED,
B3,S1,60,3360.0,3420.0,194.08342697035093,125.33037481292132,64.57551619390324,85.8377064082972,0.0,MEASURED,
B4,S1,60,3360.0,3420.0,194.08342697035093,142.32713186534227,73.33296515167409,110.48415039075499,-12.189257526848495,MEASURED,
X,S1,60,3360.0,3420.0,194.08342697035093,30.325060719773333,15.624755391611014,15.065828709743197,5.118779845779252,MEASURED,
CURRENT,S1,60,3360.0,3420.0,,,,,,NOT_FOUND,No dedicated IO-VNBD model found
B1,S1,60,3420.0,3480.0,389.4484920850212,85.5124125711018,21.95730996756137,50.973323995785464,-14.524436579347828,MEASURED,
B2,S1,60,3420.0,3480.0,389.4484920850212,38.399599720605,9.859994453957706,16.719655176070372,-14.524436579347828,MEASURED,
B3,S1,60,3420.0,3480.0,389.4484920850212,75.50988135401614,19.38892636347182,49.67514146183027,0.0,MEASURED,
B4,S1,60,3420.0,3480.0,389.4484920850212,89.82915551609274,23.065734581527657,51.60615944322388,-14.524436579347828,MEASURED,
X,S1,60,3420.0,3480.0,389.4484920850212,155.5139181449834,39.931832143551574,73.91916782027562,8.691925032227171,MEASURED,
CURRENT,S1,60,3420.0,3480.0,,,,,,NOT_FOUND,No dedicated IO-VNBD model found
B1,S1,60,3540.0,3600.0,953.0687034319848,320.27876321391517,33.605002667761156,169.67260706863823,-9.765434111421829,MEASURED,
B2,S1,60,3540.0,3600.0,953.0687034319848,98.24247690164682,10.308016258206495,45.815542437127576,-9.765434111421829,MEASURED,
B3,S1,60,3540.0,3600.0,953.0687034319848,311.0519137440334,32.63688259030441,165.7112154774352,0.0,MEASURED,
B4,S1,60,3540.0,3600.0,953.0687034319848,224.8523882394667,23.592463736326348,117.19209414044587,-9.765434111421829,MEASURED,
X,S1,60,3540.0,3600.0,953.0687034319848,210.50508901744178,22.08708441053792,119.81751874293353,5.400642417179073,MEASURED,
CURRENT,S1,60,3540.0,3600.0,,,,,,NOT_FOUND,No dedicated IO-VNBD model found
B1,S1,60,3600.0,3660.0,527.4994338476002,411.92776188019326,78.09065478527191,202.6116459908654,-19.37436107045992,MEASURED,
B2,S1,60,3600.0,3660.0,527.4994338476002,44.97676450268515,8.526410004769668,21.861267748178257,-19.37436107045992,MEASURED,
B3,S1,60,3600.0,3660.0,527.4994338476002,426.2402986893308,80.80393481758234,206.2198424351715,0.0,MEASURED,
B4,S1,60,3600.0,3660.0,527.4994338476002,397.240945527508,75.3064212088377,197.1039248411094,-19.37436107045992,MEASURED,
X,S1,60,3600.0,3660.0,527.4994338476002,190.3918981369572,36.09328956966488,99.37022951242481,9.716114537333947,MEASURED,
CURRENT,S1,60,3600.0,3660.0,,,,,,NOT_FOUND,No dedicated IO-VNBD model found
B1,S1,60,3660.0,3720.0,273.69771823104736,61.25860915328918,22.38184868665091,57.061342781659704,-12.767397799183605,MEASURED,
B2,S1,60,3660.0,3720.0,273.69771823104736,19.848720004415995,7.25205899877481,11.404386729538611,-12.767397799183605,MEASURED,
B3,S1,60,3660.0,3720.0,273.69771823104736,30.689280680582648,11.212837607464335,21.40638902427546,0.0,MEASURED,
B4,S1,60,3660.0,3720.0,273.69771823104736,56.448272733501206,20.624312507365982,55.32711978615905,-12.767397799183605,MEASURED,
X,S1,60,3660.0,3720.0,273.69771823104736,71.72266504243206,26.205065027939305,36.128387183938116,10.885623087544952,MEASURED,
CURRENT,S1,60,3660.0,3720.0,,,,,,NOT_FOUND,No dedicated IO-VNBD model found
B1,S1,60,3720.0,3780.0,577.151444044009,244.66590662444318,42.39197686314493,98.83420334484886,-16.87173113947457,MEASURED,
B2,S1,60,3720.0,3780.0,577.151444044009,134.17484189311685,23.2477702824366,60.33478095441907,-16.87173113947457,MEASURED,
B3,S1,60,3720.0,3780.0,577.151444044009,228.0635583129968,39.51537515266209,87.17400284454699,0.0,MEASURED,
B4,S1,60,3720.0,3780.0,577.151444044009,124.58240226449699,21.58573863933663,77.10854193119997,-16.87173113947457,MEASURED,
X,S1,60,3720.0,3780.0,577.151444044009,850.7511373773215,147.40518215050153,408.2523722982995,-1.6371591638425724,MEASURED,
CURRENT,S1,60,3720.0,3780.0,,,,,,NOT_FOUND,No dedicated IO-VNBD model found
B1,S1,60,3780.0,3840.0,518.1740840825787,266.60611378414774,51.45107059072065,131.73527974328425,-16.295618277541493,MEASURED,
B2,S1,60,3780.0,3840.0,518.1740840825787,30.228765412228743,5.8337084660936736,15.580487257558111,-16.295618277541493,MEASURED,
B3,S1,60,3780.0,3840.0,518.1740840825787,254.83439702440128,49.17930187025518,127.19725466533698,0.0,MEASURED,
B4,S1,60,3780.0,3840.0,518.1740840825787,280.080938522528,54.05151417759692,140.29695166161693,-16.295618277541493,MEASURED,
X,S1,60,3780.0,3840.0,518.1740840825787,100.2648896428623,19.349653470296598,85.04334804535237,-5.437300179379852,MEASURED,
CURRENT,S1,60,3780.0,3840.0,,,,,,NOT_FOUND,No dedicated IO-VNBD model found
B1,S1,60,3840.0,3900.0,280.64712649353135,55.89693905139599,19.917160652875726,31.9544698269178,-8.321903921510057,MEASURED,
B2,S1,60,3840.0,3900.0,280.64712649353135,7.283000064121507,2.595073805000948,5.465421542443959,-8.321903921510057,MEASURED,
B3,S1,60,3840.0,3900.0,280.64712649353135,55.29996659726758,19.704447819650913,28.709833184000953,0.0,MEASURED,
B4,S1,60,3840.0,3900.0,280.64712649353135,13.20451958820401,4.705025757143592,26.10014600619488,-8.321903921510057,MEASURED,
X,S1,60,3840.0,3900.0,280.64712649353135,320.08844941844865,114.05370631002216,154.24195085100214,2.463021363130911,MEASURED,
CURRENT,S1,60,3840.0,3900.0,,,,,,NOT_FOUND,No dedicated IO-VNBD model found
B1,S1,60,3900.0,3960.0,357.6080099636612,174.05368704627494,48.67164106977403,102.03665747656024,-17.039224072872713,MEASURED,
B2,S1,60,3900.0,3960.0,357.6080099636612,53.7899272894914,15.04158905583724,27.01500015041201,-17.039224072872713,MEASURED,
B3,S1,60,3900.0,3960.0,357.6080099636612,168.25839688345278,47.05107050050433,98.3191926729221,0.0,MEASURED,
B4,S1,60,3900.0,3960.0,357.6080099636612,94.5312573546897,26.4343232592289,59.861865638730094,-17.039224072872713,MEASURED,
X,S1,60,3900.0,3960.0,357.6080099636612,269.8532666127328,75.46063261842326,146.99437912996396,0.5217735194887297,MEASURED,
CURRENT,S1,60,3900.0,3960.0,,,,,,NOT_FOUND,No dedicated IO-VNBD model found
B1,S1,60,3960.0,4020.0,418.6766594846492,277.4394268897,66.26579738913588,160.82589550756552,-20.820264683336532,MEASURED,
B2,S1,60,3960.0,4020.0,418.6766594846492,70.40383463069345,16.815801176343058,32.93510504123063,-20.820264683336532,MEASURED,
B3,S1,60,3960.0,4020.0,418.6766594846492,278.2978964815643,66.47084096451002,161.09285130739428,0.0,MEASURED,
B4,S1,60,3960.0,4020.0,418.6766594846492,147.00282499730093,35.11130168523063,67.62530024766417,-20.820264683336532,MEASURED,
X,S1,60,3960.0,4020.0,418.6766594846492,349.82360043923114,83.55459816408931,207.1409185770108,4.619680943938478,MEASURED,
CURRENT,S1,60,3960.0,4020.0,,,,,,NOT_FOUND,No dedicated IO-VNBD model found
B1,S1,60,4020.0,4080.0,270.68890193245255,130.21117445916497,48.10362505798547,86.01595092672919,-5.717935526289236,MEASURED,
B2,S1,60,4020.0,4080.0,270.68890193245255,11.305218811612907,4.176461883329816,3.7856552454371712,-5.717935526289236,MEASURED,
B3,S1,60,4020.0,4080.0,270.68890193245255,140.53172838379808,51.91632437848015,88.73124410147858,0.0,MEASURED,
B4,S1,60,4020.0,4080.0,270.68890193245255,113.06913716419018,41.77088028248951,74.35423323760759,-5.717935526289236,MEASURED,
X,S1,60,4020.0,4080.0,270.68890193245255,251.98439110548884,93.09003409691645,114.89044074185479,5.321715390342873,MEASURED,
CURRENT,S1,60,4020.0,4080.0,,,,,,NOT_FOUND,No dedicated IO-VNBD model found
B1,S1,60,4080.0,4140.0,506.79093989632463,120.65491920170217,23.8076314518142,67.99305395719033,-10.393723117897922,MEASURED,
B2,S1,60,4080.0,4140.0,506.79093989632463,45.59806067241852,8.997410388146761,23.129864587099956,-10.393723117897922,MEASURED,
B3,S1,60,4080.0,4140.0,506.79093989632463,103.18465924874272,20.360399353203007,57.87439753196836,0.0,MEASURED,
B4,S1,60,4080.0,4140.0,506.79093989632463,104.94903226711818,20.708545478060014,55.403115433572495,-10.393723117897922,MEASURED,
X,S1,60,4080.0,4140.0,506.79093989632463,119.09808886542302,23.500437653796094,73.18591593831117,5.964942262260535,MEASURED,
CURRENT,S1,60,4080.0,4140.0,,,,,,NOT_FOUND,No dedicated IO-VNBD model found
B1,S1,60,4140.0,4200.0,447.9743957915548,147.69006851469217,32.96841736986532,58.695443650206435,-23.51244651287927,MEASURED,
B2,S1,60,4140.0,4200.0,447.9743957915548,62.794245285724216,14.01737373288244,35.276141991339124,-23.51244651287927,MEASURED,
B3,S1,60,4140.0,4200.0,447.9743957915548,128.99615723230997,28.795430820187466,43.25142727218329,0.0,MEASURED,
B4,S1,60,4140.0,4200.0,447.9743957915548,147.67971741990476,32.96610672557746,59.07193805769371,-23.51244651287927,MEASURED,
X,S1,60,4140.0,4200.0,447.9743957915548,73.16313125630833,16.331989493960183,55.479321611708606,1.009427267592978,MEASURED,
CURRENT,S1,60,4140.0,4200.0,,,,,,NOT_FOUND,No dedicated IO-VNBD model found
B1,S1,60,4200.0,4260.0,433.77074010840516,336.0328604357007,77.4678486501237,279.3916834322097,-7.184094921938598,MEASURED,
B2,S1,60,4200.0,4260.0,433.77074010840516,11.037552135839581,2.544558937534871,12.376773007009369,-7.184094921938598,MEASURED,
B3,S1,60,4200.0,4260.0,433.77074010840516,335.6750443066774,77.38535896238362,279.22539238756286,0.0,MEASURED,
B4,S1,60,4200.0,4260.0,433.77074010840516,103.42099552194428,23.842317141100384,158.68990721429225,-7.184094921938598,MEASURED,
X,S1,60,4200.0,4260.0,433.77074010840516,204.08990242527844,47.05017732968195,147.36305308311043,7.172746890402522,MEASURED,
CURRENT,S1,60,4200.0,4260.0,,,,,,NOT_FOUND,No dedicated IO-VNBD model found
B1,S1,60,4320.0,4380.0,545.8837316267648,329.7799833717152,60.41212885918985,177.60874079396496,-15.68248915715048,MEASURED,
B2,S1,60,4320.0,4380.0,545.8837316267648,58.85032439378934,10.780743404536349,29.259738438229164,-15.68248915715048,MEASURED,
B3,S1,60,4320.0,4380.0,545.8837316267648,329.82645250310026,60.42064150184482,177.81576599926734,0.0,MEASURED,
B4,S1,60,4320.0,4380.0,545.8837316267648,239.58007096388923,43.8884797409014,124.40020139907168,-15.68248915715048,MEASURED,
X,S1,60,4320.0,4380.0,545.8837316267648,223.1127855546255,40.87185102397843,123.39295105695425,1.01580651463369,MEASURED,
CURRENT,S1,60,4320.0,4380.0,,,,,,NOT_FOUND,No dedicated IO-VNBD model found
B1,S1,60,4380.0,4440.0,396.2457063165843,184.25759175243024,46.50084248615577,120.0013367115031,-4.418330185029651,MEASURED,
B2,S1,60,4380.0,4440.0,396.2457063165843,14.934971169924218,3.7691187391673036,6.146006280143351,-4.418330185029651,MEASURED,
B3,S1,60,4380.0,4440.0,396.2457063165843,179.54513046254513,45.31156492055357,117.79998904952379,0.0,MEASURED,
B4,S1,60,4380.0,4440.0,396.2457063165843,212.35397486054364,53.59148918849897,129.8081507913928,-4.418330185029651,MEASURED,
X,S1,60,4380.0,4440.0,396.2457063165843,185.8401978510232,46.900242674817626,79.377279059701,4.661474875055416,MEASURED,
CURRENT,S1,60,4380.0,4440.0,,,,,,NOT_FOUND,No dedicated IO-VNBD model found
B1,S1,60,4440.0,4500.0,373.8816393215269,157.58243576708827,42.14767969163956,95.11089237791447,3.9931333110166745,MEASURED,
B2,S1,60,4440.0,4500.0,373.8816393215269,14.075704689539204,3.764748842730553,6.809034827983571,3.9931333110166745,MEASURED,
B3,S1,60,4440.0,4500.0,373.8816393215269,155.59641203807794,41.61648919707173,94.26619160803685,0.0,MEASURED,
B4,S1,60,4440.0,4500.0,373.8816393215269,210.01677900111645,56.171995870732864,116.19817773356822,3.9931333110166745,MEASURED,
X,S1,60,4440.0,4500.0,373.8816393215269,77.25858340768048,20.663914801454165,64.790915322833,0.806315910455644,MEASURED,
CURRENT,S1,60,4440.0,4500.0,,,,,,NOT_FOUND,No dedicated IO-VNBD model found
B1,S1,60,4500.0,4560.0,570.602401418633,387.8842171185188,67.97802044894311,223.8756861912152,-9.628488111781243,MEASURED,
B2,S1,60,4500.0,4560.0,570.602401418633,72.30452791016555,12.671612970853586,32.8920237461345,-9.628488111781243,MEASURED,
B3,S1,60,4500.0,4560.0,570.602401418633,385.2785924170299,67.52137591064276,222.58145767545096,0.0,MEASURED,
B4,S1,60,4500.0,4560.0,570.602401418633,147.20938372760688,25.79894219891374,75.68884489050329,-9.628488111781243,MEASURED,
X,S1,60,4500.0,4560.0,570.602401418633,285.9956114801241,50.12169783531951,140.70830651632366,0.8191642612587532,MEASURED,
CURRENT,S1,60,4500.0,4560.0,,,,,,NOT_FOUND,No dedicated IO-VNBD model found
B1,S1,60,4560.0,4620.0,433.7319024683583,24.510013193204816,5.650959280080366,39.714211188380276,0.6113664408747189,MEASURED,
B2,S1,60,4560.0,4620.0,433.7319024683583,12.944020846095173,2.9843368155376733,8.349233052802862,0.6113664408747189,MEASURED,
B3,S1,60,4560.0,4620.0,433.7319024683583,23.15581773006301,5.33873980638357,40.03198434578627,0.0,MEASURED,
B4,S1,60,4560.0,4620.0,433.7319024683583,185.90972607766037,42.86282033201901,115.93169556400122,0.6113664408747189,MEASURED,
X,S1,60,4560.0,4620.0,433.7319024683583,112.4467115726732,25.925395603307372,67.00569319426984,5.9683508106833125,MEASURED,
CURRENT,S1,60,4560.0,4620.0,,,,,,NOT_FOUND,No dedicated IO-VNBD model found
B1,S1,60,4680.0,4740.0,475.5673543547965,134.28822379955176,28.23747731417371,145.75444873049588,167.24785177774535,MEASURED,
B2,S1,60,4680.0,4740.0,475.5673543547965,28.59470382728466,6.012755830576127,10.290888349536802,167.24785177774535,MEASURED,
B3,S1,60,4680.0,4740.0,475.5673543547965,223.71441208033784,47.04158307582987,156.06602379946787,0.0,MEASURED,
B4,S1,60,4680.0,4740.0,475.5673543547965,92.0574682688502,19.35739857369832,106.26908105999925,167.24785177774535,MEASURED,
X,S1,60,4680.0,4740.0,475.5673543547965,318.4651974252283,66.96531931997117,148.91723081584718,-178.6802048284029,MEASURED,
CURRENT,S1,60,4680.0,4740.0,,,,,,NOT_FOUND,No dedicated IO-VNBD model found
B1,S1,60,4800.0,4860.0,18.00621208245721,339.15545944920103,1883.546955328976,220.20375452605373,132.55963503761788,MEASURED,
B2,S1,60,4800.0,4860.0,18.00621208245721,2.528469946609919,14.042209072241876,1.989477707817886,132.55963503761788,MEASURED,
B3,S1,60,4800.0,4860.0,18.00621208245721,191.98645228431315,1066.2234311421805,167.950446672824,0.0,MEASURED,
B4,S1,60,4800.0,4860.0,18.00621208245721,86.70255122795521,481.5146618895282,57.85847309560847,132.55963503761788,MEASURED,
X,S1,60,4800.0,4860.0,18.00621208245721,146.9898068496975,816.3283103440964,79.0647008328231,139.17869557224972,MEASURED,
CURRENT,S1,60,4800.0,4860.0,,,,,,NOT_FOUND,No dedicated IO-VNBD model found
B1,S1,60,4920.0,4980.0,373.6612456519766,356.34759137679936,95.36648382013291,244.62022582736734,-11.583732782979682,MEASURED,
B2,S1,60,4920.0,4980.0,373.6612456519766,58.617555442255075,15.687352146990037,19.591498309797146,-11.583732782979682,MEASURED,
B3,S1,60,4920.0,4980.0,373.6612456519766,308.5464457291197,82.5738417669613,233.59856048240954,0.0,MEASURED,
B4,S1,60,4920.0,4980.0,373.6612456519766,358.1627239879611,95.8522533860922,244.54935547788082,-11.583732782979682,MEASURED,
X,S1,60,4920.0,4980.0,373.6612456519766,280.5071595236085,75.06990965417627,103.07065257978974,-1.6458639584534893,MEASURED,
CURRENT,S1,60,4920.0,4980.0,,,,,,NOT_FOUND,No dedicated IO-VNBD model found
B1,S1,60,4980.0,5040.0,563.4457060812892,300.4070857837666,53.31606622278995,103.60878745360455,-5.351434461388813,MEASURED,
B2,S1,60,4980.0,5040.0,563.4457060812892,10.33528106580298,1.8342993751223815,6.230430378716405,-5.351434461388813,MEASURED,
B3,S1,60,4980.0,5040.0,563.4457060812892,299.92935098948436,53.23127814309993,103.63896667054934,0.0,MEASURED,
B4,S1,60,4980.0,5040.0,563.4457060812892,238.90902029870742,42.40142709761632,77.76070403506081,-5.351434461388813,MEASURED,
X,S1,60,4980.0,5040.0,563.4457060812892,50.72032772103186,9.001812805316568,40.055785238073845,9.196054272718323,MEASURED,
CURRENT,S1,60,4980.0,5040.0,,,,,,NOT_FOUND,No dedicated IO-VNBD model found
B1,S1,60,5100.0,5160.0,154.0705706871621,105.54701219878737,68.50562812095954,82.28900518203203,179.8298031519534,MEASURED,
B2,S1,60,5100.0,5160.0,154.0705706871621,5.0138424182518975,3.254250565756926,2.608710739718496,179.8298031519534,MEASURED,
B3,S1,60,5100.0,5160.0,154.0705706871621,96.65395860009157,62.7335630477711,82.49222267453045,0.0,MEASURED,
B4,S1,60,5100.0,5160.0,154.0705706871621,88.88344720666906,57.69008760741564,60.37576175346532,179.8298031519534,MEASURED,
X,S1,60,5100.0,5160.0,154.0705706871621,66.07076400623191,42.88344212107033,36.52269687272377,-178.85951511150205,MEASURED,
CURRENT,S1,60,5100.0,5160.0,,,,,,NOT_FOUND,No dedicated IO-VNBD model found
B1,S1,120,60.0,180.0,1239.8837632115046,522.9742708169397,42.17929828053797,253.14602668092488,-10.12136188456861,MEASURED,
B2,S1,120,60.0,180.0,1239.8837632115046,63.074619385642485,5.0871397188288645,25.526111143402968,-10.12136188456861,MEASURED,
B3,S1,120,60.0,180.0,1239.8837632115046,524.8225878157865,42.328370076918254,252.19440578474772,0.0,MEASURED,
B4,S1,120,60.0,180.0,1239.8837632115046,206.2815773208387,16.637170631748187,157.6306177641602,-10.12136188456861,MEASURED,
X,S1,120,60.0,180.0,1239.8837632115046,1004.9380234819961,81.05098665692984,501.35578102332715,7.885320861176972,MEASURED,
CURRENT,S1,120,60.0,180.0,,,,,,NOT_FOUND,No dedicated IO-VNBD model found
B1,S1,120,120.0,240.0,1424.0612672439797,446.0121471743291,31.319730227443596,250.30964981626076,-23.08160805550489,MEASURED,
B2,S1,120,120.0,240.0,1424.0612672439797,128.84986038861933,9.048055961664176,44.40443330272053,-23.08160805550489,MEASURED,
B3,S1,120,120.0,240.0,1424.0612672439797,441.86783996857974,31.028709939126234,239.5520324676131,0.0,MEASURED,
B4,S1,120,120.0,240.0,1424.0612672439797,164.41577197040533,11.545554657813506,118.74603336487033,-23.08160805550489,MEASURED,
X,S1,120,120.0,240.0,1424.0612672439797,227.92034939282857,16.004953904401063,137.02402969110452,10.227445078022821,MEASURED,
CURRENT,S1,120,120.0,240.0,,,,,,NOT_FOUND,No dedicated IO-VNBD model found
B1,S1,120,180.0,300.0,1256.7321804319704,471.0679476912949,37.4835589496385,200.74771308103274,-51.34686849096108,MEASURED,
B2,S1,120,180.0,300.0,1256.7321804319704,461.3928153998227,36.71369465857319,182.7253832311491,-51.34686849096108,MEASURED,
B3,S1,120,180.0,300.0,1256.7321804319704,78.68555496477546,6.261123586230542,107.85613984729109,0.0,MEASURED,
B4,S1,120,180.0,300.0,1256.7321804319704,526.2859314516809,41.87733390186469,249.4991882359992,-51.34686849096108,MEASURED,
X,S1,120,180.0,300.0,1256.7321804319704,689.611485148055,54.873384789989075,257.46830709569826,0.31010410524329246,MEASURED,
CURRENT,S1,120,180.0,300.0,,,,,,NOT_FOUND,No dedicated IO-VNBD model found
B1,S1,120,240.0,360.0,1540.2068594388616,638.9249280702061,41.483059509485855,346.6891472843111,-40.06759777236205,MEASURED,
B2,S1,120,240.0,360.0,1540.2068594388616,676.9397997335636,43.951226134662896,353.2982887776617,-40.06759777236205,MEASURED,
B3,S1,120,240.0,360.0,1540.2068594388616,25.67878477546009,1.6672296073798527,40.25233961449384,0.0,MEASURED,
B4,S1,120,240.0,360.0,1540.2068594388616,626.143223367027,40.653190156233144,349.62611186510924,-40.06759777236205,MEASURED,
X,S1,120,240.0,360.0,1540.2068594388616,1503.6930921650276,97.62929459441982,743.4870710997166,0.735624826255059,MEASURED,
CURRENT,S1,120,240.0,360.0,,,,,,NOT_FOUND,No dedicated IO-VNBD model found
B1,S1,120,300.0,420.0,1537.0343103070093,411.81311255837954,26.792707865846104,248.74242666208167,-17.368163614396884,MEASURED,
B2,S1,120,300.0,420.0,1537.0343103070093,38.710837932280064,2.518540911721607,8.525736966523993,-17.368163614396884,MEASURED,
B3,S1,120,300.0,420.0,1537.0343103070093,399.6757166557611,26.003044562871818,246.22868888293985,0.0,MEASURED,
B4,S1,120,300.0,420.0,1537.0343103070093,818.2488835959539,53.23556397596067,489.3751227953355,-17.368163614396884,MEASURED,
X,S1,120,300.0,420.0,1537.0343103070093,495.5483464156227,32.24055202233197,211.13207142607126,10.522359821832529,MEASURED,
CURRENT,S1,120,300.0,420.0,,,,,,NOT_FOUND,No dedicated IO-VNBD model found
B1,S1,120,360.0,480.0,981.8521212469346,305.4362973299155,31.108177160326022,108.34176081481354,-29.83595747347225,MEASURED,
B2,S1,120,360.0,480.0,981.8521212469346,49.96268656088795,5.088616246755798,34.85995642230905,-29.83595747347225,MEASURED,
B3,S1,120,360.0,480.0,981.8521212469346,289.43088085820307,29.478052203078303,98.29443418947797,0.0,MEASURED,
B4,S1,120,360.0,480.0,981.8521212469346,188.9556273847009,19.24481531340286,128.07045822541377,-29.83595747347225,MEASURED,
X,S1,120,360.0,480.0,981.8521212469346,1025.5456367204065,104.45011163371342,435.81366741584026,10.328690778933876,MEASURED,
CURRENT,S1,120,360.0,480.0,,,,,,NOT_FOUND,No dedicated IO-VNBD model found
B1,S1,120,420.0,540.0,1056.2880557587764,662.7545949577783,62.74373655410632,484.27242834229503,-35.13711324084365,MEASURED,
B2,S1,120,420.0,540.0,1056.2880557587764,403.25893342881005,38.17698507810278,152.63177111696763,-35.13711324084365,MEASURED,
B3,S1,120,420.0,540.0,1056.2880557587764,605.8067772236573,57.35242142717222,472.8425292983688,0.0,MEASURED,
B4,S1,120,420.0,540.0,1056.2880557587764,704.9579976502353,66.73918102234282,498.2705903480494,-35.13711324084365,MEASURED,
X,S1,120,420.0,540.0,1056.2880557587764,1214.7036535086154,114.99738607155246,561.1815490666138,4.7386065037852,MEASURED,
CURRENT,S1,120,420.0,540.0,,,,,,NOT_FOUND,No dedicated IO-VNBD model found
B1,S1,120,480.0,600.0,1487.7262467549203,950.9954573236287,63.9227451554325,584.8146468169036,-49.91194783132996,MEASURED,
B2,S1,120,480.0,600.0,1487.7262467549203,452.27494448666243,30.40041442255792,237.7347365588789,-49.91194783132996,MEASURED,
B3,S1,120,480.0,600.0,1487.7262467549203,856.493960018524,57.5706694619886,555.5637105139558,0.0,MEASURED,
B4,S1,120,480.0,600.0,1487.7262467549203,908.6820461110907,61.078578676227515,556.301670619296,-49.91194783132996,MEASURED,
X,S1,120,480.0,600.0,1487.7262467549203,820.9167615664627,55.17928875403486,429.6954879527989,-2.562964130814238,MEASURED,
CURRENT,S1,120,480.0,600.0,,,,,,NOT_FOUND,No dedicated IO-VNBD model found
B1,S1,120,540.0,660.0,1215.8456494257748,691.517887503645,56.87546670337952,312.06034148791156,-57.23706362703334,MEASURED,
B2,S1,120,540.0,660.0,1215.8456494257748,446.61627585579896,36.73297478727904,247.9214582095788,-57.23706362703334,MEASURED,
B3,S1,120,540.0,660.0,1215.8456494257748,395.3171521274565,32.513761291505936,148.85335392011774,0.0,MEASURED,
B4,S1,120,540.0,660.0,1215.8456494257748,637.7224877178639,52.450941286753824,302.46178203237787,-57.23706362703334,MEASURED,
X,S1,120,540.0,660.0,1215.8456494257748,111.53606975308986,9.17353858244808,113.78295246086661,-13.313060677430794,MEASURED,
CURRENT,S1,120,540.0,660.0,,,,,,NOT_FOUND,No dedicated IO-VNBD model found
B1,S1,120,600.0,720.0,1200.405842425726,424.07322854420437,35.327487884202256,177.88313184620975,-44.43500419641162,MEASURED,
B2,S1,120,600.0,720.0,1200.405842425726,387.15724694167193,32.252196153870926,147.18473893241617,-44.43500419641162,MEASURED,
B3,S1,120,600.0,720.0,1200.405842425726,165.61005820764078,13.796172290613267,79.87829214625259,0.0,MEASURED,
B4,S1,120,600.0,720.0,1200.405842425726,442.51608132758344,36.863872674375436,184.7343431415892,-44.43500419641162,MEASURED,
X,S1,120,600.0,720.0,1200.405842425726,1164.6956901482026,97.02516007374957,457.5732238213509,-8.282511722314755,MEASURED,
CURRENT,S1,120,600.0,720.0,,,,,,NOT_FOUND,No dedicated IO-VNBD model found
B1,S1,120,720.0,840.0,953.2529070995984,282.2527425130997,29.609428978495544,249.95530232398713,-64.65419303529151,MEASURED,
B2,S1,120,720.0,840.0,953.2529070995984,68.66132904110778,7.202844966926899,116.65561244155627,-64.65419303529151,MEASURED,
B3,S1,120,720.0,840.0,953.2529070995984,183.24187331848705,19.22279721926318,234.91803186670523,0.0,MEASURED,
B4,S1,120,720.0,840.0,953.2529070995984,139.26297451578398,14.609236801544148,105.7538827866983,-64.65419303529151,MEASURED,
X,S1,120,720.0,840.0,953.2529070995984,297.83634332157044,31.24421033530105,307.94342582960934,-4.191173117391845,MEASURED,
CURRENT,S1,120,720.0,840.0,,,,,,NOT_FOUND,No dedicated IO-VNBD model found
B1,S1,120,780.0,900.0,849.2834949755038,328.2515747213105,38.65041257286865,182.0518446643524,-70.5516507709233,MEASURED,
B2,S1,120,780.0,900.0,849.2834949755038,227.45356060066666,26.781818079159446,108.82062161246432,-70.5516507709233,MEASURED,
B3,S1,120,780.0,900.0,849.2834949755038,51.15434973883261,6.023236062100567,63.625225947627605,0.0,MEASURED,
B4,S1,120,780.0,900.0,849.2834949755038,326.4449255466271,38.437686294144086,202.29260554650776,-70.5516507709233,MEASURED,
X,S1,120,780.0,900.0,849.2834949755038,148.828674020725,17.524027595169237,51.6873430219459,-11.364024352166576,MEASURED,
CURRENT,S1,120,780.0,900.0,,,,,,NOT_FOUND,No dedicated IO-VNBD model found
B1,S1,120,840.0,960.0,661.9081194267775,142.82819958065727,21.57825163171418,110.3938188044004,-62.450805324477834,MEASURED,
B2,S1,120,840.0,960.0,661.9081194267775,64.96482233159982,9.814779487500521,91.97870524519675,-62.450805324477834,MEASURED,
B3,S1,120,840.0,960.0,661.9081194267775,34.78408186368384,5.255122401853505,22.725221436963917,0.0,MEASURED,
B4,S1,120,840.0,960.0,661.9081194267775,99.32464014698981,15.00580476834254,104.9535774326868,-62.450805324477834,MEASURED,
X,S1,120,840.0,960.0,661.9081194267775,197.05309524307216,29.770460500427635,195.39307867951038,-4.313097652695461,MEASURED,
CURRENT,S1,120,840.0,960.0,,,,,,NOT_FOUND,No dedicated IO-VNBD model found
B1,S1,120,900.0,1020.0,801.8878729125895,257.0591008223301,32.05673879175263,137.83795109933732,-71.54840365293231,MEASURED,
B2,S1,120,900.0,1020.0,801.8878729125895,249.90309026626548,31.16434338364241,124.17879111346848,-71.54840365293231,MEASURED,
B3,S1,120,900.0,1020.0,801.8878729125895,172.9386458433554,21.5664373642681,104.20058512626612,0.0,MEASURED,
B4,S1,120,900.0,1020.0,801.8878729125895,247.07938698205044,30.812211448542946,128.86912994990013,-71.54840365293231,MEASURED,
X,S1,120,900.0,1020.0,801.8878729125895,156.02640921211042,19.45738481433778,70.08628992502986,-3.0981033254212926,MEASURED,
CURRENT,S1,120,900.0,1020.0,,,,,,NOT_FOUND,No dedicated IO-VNBD model found
B1,S1,120,960.0,1080.0,986.7080620458851,380.4871339266647,38.5612673659264,163.54976995238826,-69.27173583548915,MEASURED,
B2,S1,120,960.0,1080.0,986.7080620458851,393.20699776692567,39.85038867034617,174.04648595069085,-69.27173583548915,MEASURED,
B3,S1,120,960.0,1080.0,986.7080620458851,70.86181214085907,7.181639115619568,51.58469374874419,0.0,MEASURED,
B4,S1,120,960.0,1080.0,986.7080620458851,292.3684517577431,29.630694528990993,139.16931718972242,-69.27173583548915,MEASURED,
X,S1,120,960.0,1080.0,986.7080620458851,257.4592616513875,26.09274937082807,171.93269506327394,-6.78096005732501,MEASURED,
CURRENT,S1,120,960.0,1080.0,,,,,,NOT_FOUND,No dedicated IO-VNBD model found
B1,S1,120,1020.0,1140.0,1107.602877332763,794.3610162259524,71.71893757976383,423.91051110057595,-51.278510543064165,MEASURED,
B2,S1,120,1020.0,1140.0,1107.602877332763,555.0351614598419,50.111386745078825,231.56307000372783,-51.278510543064165,MEASURED,
B3,S1,120,1020.0,1140.0,1107.602877332763,242.60506155798822,21.903614239627974,213.5501971481573,0.0,MEASURED,
B4,S1,120,1020.0,1140.0,1107.602877332763,781.5060239003553,70.55832373623957,405.4261421531068,-51.278510543064165,MEASURED,
X,S1,120,1020.0,1140.0,1107.602877332763,85.14415487436885,7.6872457283070545,99.02092264388543,-6.052334146342408,MEASURED,
CURRENT,S1,120,1020.0,1140.0,,,,,,NOT_FOUND,No dedicated IO-VNBD model found
B1,S1,120,1080.0,1200.0,1009.6234081148464,437.62276823057664,43.3451487666772,242.01841350099053,-47.58061353880494,MEASURED,
B2,S1,120,1080.0,1200.0,1009.6234081148464,229.10908497424765,22.692529029416686,132.83527905245592,-47.58061353880494,MEASURED,
B3,S1,120,1080.0,1200.0,1009.6234081148464,157.21175832523807,15.571326601745644,151.29504200261047,0.0,MEASURED,
B4,S1,120,1080.0,1200.0,1009.6234081148464,576.7889870797432,57.12912185313878,255.79053555107637,-47.58061353880494,MEASURED,
X,S1,120,1080.0,1200.0,1009.6234081148464,484.1183570302659,47.9503895352629,254.10011506720474,-4.990715190729313,MEASURED,
CURRENT,S1,120,1080.0,1200.0,,,,,,NOT_FOUND,No dedicated IO-VNBD model found
B1,S1,120,1140.0,1260.0,817.1620619900383,979.7037883764517,119.8910025253222,523.365761459366,-60.39779998445097,MEASURED,
B2,S1,120,1140.0,1260.0,817.1620619900383,387.89901689043404,47.46904377153559,172.35975488436304,-60.39779998445097,MEASURED,
B3,S1,120,1140.0,1260.0,817.1620619900383,688.8648538188809,84.29966170251286,441.2746133568444,0.0,MEASURED,
B4,S1,120,1140.0,1260.0,817.1620619900383,638.2202874189342,78.10204573921035,317.4640218617987,-60.39779998445097,MEASURED,
X,S1,120,1140.0,1260.0,817.1620619900383,207.21144054405698,25.35744746145386,92.27667318386061,0.3640880606840262,MEASURED,
CURRENT,S1,120,1140.0,1260.0,,,,,,NOT_FOUND,No dedicated IO-VNBD model found
B1,S1,120,1200.0,1320.0,891.6421481726655,511.8078040835647,57.40058443092505,310.31922529507517,-58.4292433291403,MEASURED,
B2,S1,120,1200.0,1320.0,891.6421481726655,424.1727139927521,47.572079770124496,216.1111742081349,-58.4292433291403,MEASURED,
B3,S1,120,1200.0,1320.0,891.6421481726655,455.7834056121926,51.11730154819135,290.18922679686534,0.0,MEASURED,
B4,S1,120,1200.0,1320.0,891.6421481726655,420.2883148590993,47.13643424331606,251.2895890754489,-58.4292433291403,MEASURED,
X,S1,120,1200.0,1320.0,891.6421481726655,123.78648484844099,13.882978177078039,102.4321456809174,6.458093933232779,MEASURED,
CURRENT,S1,120,1200.0,1320.0,,,,,,NOT_FOUND,No dedicated IO-VNBD model found
B1,S1,120,1260.0,1380.0,680.3296873310736,19.82205347674342,2.913595253281557,104.62410018112442,-48.87012583728047,MEASURED,
B2,S1,120,1260.0,1380.0,680.3296873310736,93.60446773807483,13.758692216605187,61.09828188888868,-48.87012583728047,MEASURED,
B3,S1,120,1260.0,1380.0,680.3296873310736,117.95041996993027,17.337244304691236,118.73046097276949,0.0,MEASURED,
B4,S1,120,1260.0,1380.0,680.3296873310736,252.40585888119244,37.100521053458365,106.44997008463288,-48.87012583728047,MEASURED,
X,S1,120,1260.0,1380.0,680.3296873310736,113.5655521284121,16.692723284489993,82.69851026623708,10.892505268650112,MEASURED,
CURRENT,S1,120,1260.0,1380.0,,,,,,NOT_FOUND,No dedicated IO-VNBD model found
B1,S1,120,1320.0,1440.0,607.1720506054724,336.66897362237376,55.44869420235125,225.2823066480902,-56.28552285808449,MEASURED,
B2,S1,120,1320.0,1440.0,607.1720506054724,170.64997225854563,28.105702837996805,57.28112352549193,-56.28552285808449,MEASURED,
B3,S1,120,1320.0,1440.0,607.1720506054724,177.4812169301872,29.230794921011736,103.67781233286044,0.0,MEASURED,
B4,S1,120,1320.0,1440.0,607.1720506054724,221.38254052763452,36.4612534959196,157.88940688424702,-56.28552285808449,MEASURED,
X,S1,120,1320.0,1440.0,607.1720506054724,216.31079448266337,35.62594725283519,71.18557219518976,2.9185994416036496,MEASURED,
CURRENT,S1,120,1320.0,1440.0,,,,,,NOT_FOUND,No dedicated IO-VNBD model found
B1,S1,120,1440.0,1560.0,883.127928996241,265.67859182150096,30.083817202278947,98.2193897053973,-52.60326294725784,MEASURED,
B2,S1,120,1440.0,1560.0,883.127928996241,159.5407654124359,18.065419535963397,66.03931944248528,-52.60326294725784,MEASURED,
B3,S1,120,1440.0,1560.0,883.127928996241,206.7191103587683,23.407606482757743,97.35901717579796,0.0,MEASURED,
B4,S1,120,1440.0,1560.0,883.127928996241,195.577468216418,22.14599513784038,77.82381393399957,-52.60326294725784,MEASURED,
X,S1,120,1440.0,1560.0,883.127928996241,98.03573831467958,11.100966813053521,63.82490622835826,1.828511713205524,MEASURED,
CURRENT,S1,120,1440.0,1560.0,,,,,,NOT_FOUND,No dedicated IO-VNBD model found
B1,S1,120,1500.0,1620.0,643.0144742038141,176.89646772459574,27.510495458695615,121.18249872885222,-54.45192876323868,MEASURED,
B2,S1,120,1500.0,1620.0,643.0144742038141,108.95565109351658,16.94450987723509,88.86130975566628,-54.45192876323868,MEASURED,
B3,S1,120,1500.0,1620.0,643.0144742038141,114.06134243852009,17.738534203254414,63.733401202632294,0.0,MEASURED,
B4,S1,120,1500.0,1620.0,643.0144742038141,312.302090007862,48.568438586791856,238.9948404217209,-54.45192876323868,MEASURED,
X,S1,120,1500.0,1620.0,643.0144742038141,114.82971000433263,17.858028801997925,105.74705799737734,-0.1744608655783044,MEASURED,
CURRENT,S1,120,1500.0,1620.0,,,,,,NOT_FOUND,No dedicated IO-VNBD model found
B1,S1,120,1560.0,1680.0,449.0483183469895,116.22999896713395,25.88362860259516,91.29468988529622,-46.88741115778396,MEASURED,
B2,S1,120,1560.0,1680.0,449.0483183469895,100.16906574953373,22.30696823857848,41.3277329986798,-46.88741115778396,MEASURED,
B3,S1,120,1560.0,1680.0,449.0483183469895,93.50599149591642,20.823147014585253,99.84027314979845,0.0,MEASURED,
B4,S1,120,1560.0,1680.0,449.0483183469895,319.123914047321,71.06672066428428,140.34050651623798,-46.88741115778396,MEASURED,
X,S1,120,1560.0,1680.0,449.0483183469895,14.992100911141995,3.3386386940118253,42.01911813187242,1.1709163474357904,MEASURED,
CURRENT,S1,120,1560.0,1680.0,,,,,,NOT_FOUND,No dedicated IO-VNBD model found
B1,S1,120,1620.0,1740.0,484.3376816292359,97.13176760516478,20.0545551769643,43.80130410342872,-44.670213976947544,MEASURED,
B2,S1,120,1620.0,1740.0,484.3376816292359,38.20226668585548,7.887527263488781,25.289575880130993,-44.670213976947544,MEASURED,
B3,S1,120,1620.0,1740.0,484.3376816292359,66.38813639961735,13.706993884163232,52.8838091961209,0.0,MEASURED,
B4,S1,120,1620.0,1740.0,484.3376816292359,57.33900793362733,11.838642771041046,201.2816252013602,-44.670213976947544,MEASURED,
X,S1,120,1620.0,1740.0,484.3376816292359,61.72111244095022,12.743405021333482,142.16957228358714,1.6201744845257275,MEASURED,
CURRENT,S1,120,1620.0,1740.0,,,,,,NOT_FOUND,No dedicated IO-VNBD model found
B1,S1,120,1680.0,1800.0,450.10770987334695,248.95601620696596,55.310320340217714,129.27916570570937,-52.477906300660436,MEASURED,
B2,S1,120,1680.0,1800.0,450.10770987334695,108.85704940727032,24.18466669631163,41.01152228960616,-52.477906300660436,MEASURED,
B3,S1,120,1680.0,1800.0,450.10770987334695,29.709737757812423,6.600584061573231,24.198057139239797,0.0,MEASURED,
B4,S1,120,1680.0,1800.0,450.10770987334695,136.7544691089658,30.382609786321208,66.10763570496336,-52.477906300660436,MEASURED,
X,S1,120,1680.0,1800.0,450.10770987334695,70.41216569907628,15.64340360197099,46.01321962584421,2.058459641738546,MEASURED,
CURRENT,S1,120,1680.0,1800.0,,,,,,NOT_FOUND,No dedicated IO-VNBD model found
B1,S1,120,1740.0,1860.0,655.546956648613,140.16473679535125,21.381342003618286,133.08931527429542,-33.3137346654802,MEASURED,
B2,S1,120,1740.0,1860.0,655.546956648613,121.42020804517507,18.521969603202486,67.61690527708586,-33.3137346654802,MEASURED,
B3,S1,120,1740.0,1860.0,655.546956648613,124.07290182853721,18.926623115274854,56.85373978744523,0.0,MEASURED,
B4,S1,120,1740.0,1860.0,655.546956648613,72.08750238392017,10.99654291013063,92.77997854916167,-33.3137346654802,MEASURED,
X,S1,120,1740.0,1860.0,655.546956648613,232.02819166604078,35.394595202188206,113.30582363176515,6.341760540500104,MEASURED,
CURRENT,S1,120,1740.0,1860.0,,,,,,NOT_FOUND,No dedicated IO-VNBD model found
B1,S1,120,1860.0,1980.0,1299.5315277024913,588.2152679154252,45.26363965600444,274.29959783686553,-43.177580562379326,MEASURED,
B2,S1,120,1860.0,1980.0,1299.5315277024913,501.25087754773375,38.57165962213483,221.69963928612722,-43.177580562379326,MEASURED,
B3,S1,120,1860.0,1980.0,1299.5315277024913,177.7793673615501,13.68026581670207,121.1020055445974,0.0,MEASURED,
B4,S1,120,1860.0,1980.0,1299.5315277024913,1034.515178962877,79.60677805115276,457.96881296912795,-43.177580562379326,MEASURED,
X,S1,120,1860.0,1980.0,1299.5315277024913,1328.1174350082692,102.19970864087588,599.232226439457,-10.094580118780767,MEASURED,
CURRENT,S1,120,1860.0,1980.0,,,,,,NOT_FOUND,No dedicated IO-VNBD model found
B1,S1,120,1920.0,2040.0,1422.9333084844357,502.61058436656396,35.322146257289724,258.1396606205853,-24.046790103464776,MEASURED,
B2,S1,120,1920.0,2040.0,1422.9333084844357,378.56494546472595,26.60454591986008,183.09889257303718,-24.046790103464776,MEASURED,
B3,S1,120,1920.0,2040.0,1422.9333084844357,391.1270781310442,27.48737947160947,212.93680482768545,0.0,MEASURED,
B4,S1,120,1920.0,2040.0,1422.9333084844357,989.6835413509838,69.55234904193046,434.32082639993376,-24.046790103464776,MEASURED,
X,S1,120,1920.0,2040.0,1422.9333084844357,427.0817329576,30.014177784093352,156.9696206713751,-7.432755877409721,MEASURED,
CURRENT,S1,120,1920.0,2040.0,,,,,,NOT_FOUND,No dedicated IO-VNBD model found
B1,S1,120,1980.0,2100.0,1132.1595185812698,296.66381584942087,26.20335835900367,109.60051729154802,-38.94626051611643,MEASURED,
B2,S1,120,1980.0,2100.0,1132.1595185812698,178.6556763965963,15.78007987959798,87.00973088801008,-38.94626051611643,MEASURED,
B3,S1,120,1980.0,2100.0,1132.1595185812698,140.91063102090305,12.446181718056904,61.324027426869215,0.0,MEASURED,
B4,S1,120,1980.0,2100.0,1132.1595185812698,760.6603516078815,67.18667635821136,364.79118217999365,-38.94626051611643,MEASURED,
X,S1,120,1980.0,2100.0,1132.1595185812698,572.4890954454282,50.56611599775489,297.55935815407827,-2.9330647639443748,MEASURED,
CURRENT,S1,120,1980.0,2100.0,,,,,,NOT_FOUND,No dedicated IO-VNBD model found
B1,S1,120,2040.0,2160.0,892.4559235627869,434.355441460898,48.6696799240125,227.42569264861035,-60.35204646627691,MEASURED,
B2,S1,120,2040.0,2160.0,892.4559235627869,274.16408842946174,30.720182497637204,112.99677946578493,-60.35204646627691,MEASURED,
B3,S1,120,2040.0,2160.0,892.4559235627869,170.67591706289838,19.124296512206502,153.50552447638754,0.0,MEASURED,
B4,S1,120,2040.0,2160.0,892.4559235627869,276.9734825851358,31.03497610049197,140.1587873617355,-60.35204646627691,MEASURED,
X,S1,120,2040.0,2160.0,892.4559235627869,56.34465757578835,6.313438690714717,37.20310250098042,-1.7498715321233542,MEASURED,
CURRENT,S1,120,2040.0,2160.0,,,,,,NOT_FOUND,No dedicated IO-VNBD model found
B1,S1,120,2100.0,2220.0,1041.049352236118,412.135945762161,39.588511810406985,221.07725748200576,-54.387274357598045,MEASURED,
B2,S1,120,2100.0,2220.0,1041.049352236118,400.4101859557236,38.4621713750327,201.9140069215867,-54.387274357598045,MEASURED,
B3,S1,120,2100.0,2220.0,1041.049352236118,210.7736854096636,20.24627218267156,137.73648323075696,0.0,MEASURED,
B4,S1,120,2100.0,2220.0,1041.049352236118,665.5443672922835,63.93014566146455,295.880711505659,-54.387274357598045,MEASURED,
X,S1,120,2100.0,2220.0,1041.049352236118,432.71978231564157,41.565731863353335,202.22607152894656,-0.47746352965755695,MEASURED,
CURRENT,S1,120,2100.0,2220.0,,,,,,NOT_FOUND,No dedicated IO-VNBD model found
B1,S1,120,2160.0,2280.0,1025.2653906898681,521.9539407968618,50.90915440397884,243.13293435240726,-50.76173962064762,MEASURED,
B2,S1,120,2160.0,2280.0,1025.2653906898681,385.97607425200874,37.64645503076017,163.99240243766903,-50.76173962064762,MEASURED,
B3,S1,120,2160.0,2280.0,1025.2653906898681,215.58916407633558,21.02764474779282,125.6148105623987,0.0,MEASURED,
B4,S1,120,2160.0,2280.0,1025.2653906898681,1282.9963028790323,125.13797057128255,577.5987214781204,-50.76173962064762,MEASURED,
X,S1,120,2160.0,2280.0,1025.2653906898681,564.944869799927,55.1023056986049,323.066031506683,-3.171938734647101,MEASURED,
CURRENT,S1,120,2160.0,2280.0,,,,,,NOT_FOUND,No dedicated IO-VNBD model found
B1,S1,120,2220.0,2340.0,966.7199620142956,286.2606827055751,29.611541496372034,129.54163738745797,-57.87297715856612,MEASURED,
B2,S1,120,2220.0,2340.0,966.7199620142956,347.74978843556477,35.972132789208125,161.73808402203943,-57.87297715856612,MEASURED,
B3,S1,120,2220.0,2340.0,966.7199620142956,94.89066903827934,9.815734935333436,49.80336750988771,0.0,MEASURED,
B4,S1,120,2220.0,2340.0,966.7199620142956,300.49826223873583,31.084313353021685,134.88000435148814,-57.87297715856612,MEASURED,
X,S1,120,2220.0,2340.0,966.7199620142956,162.11288099944554,16.769373486574207,86.45266487483684,-2.2979960156656043,MEASURED,
CURRENT,S1,120,2220.0,2340.0,,,,,,NOT_FOUND,No dedicated IO-VNBD model found
B1,S1,120,2280.0,2400.0,938.0857646615943,171.20301837836618,18.25025225066986,104.06954903391592,-49.869872328400376,MEASURED,
B2,S1,120,2280.0,2400.0,938.0857646615943,65.3676424062069,6.968194686312894,85.52801965033179,-49.869872328400376,MEASURED,
B3,S1,120,2280.0,2400.0,938.0857646615943,108.3422195595013,11.549287244390149,65.43616116268859,0.0,MEASURED,
B4,S1,120,2280.0,2400.0,938.0857646615943,306.7285864293056,32.69728611007705,134.89209354748107,-49.869872328400376,MEASURED,
X,S1,120,2280.0,2400.0,938.0857646615943,277.433566208204,29.57443515927199,237.88654189989944,1.7365517960100096,MEASURED,
CURRENT,S1,120,2280.0,2400.0,,,,,,NOT_FOUND,No dedicated IO-VNBD model found
B1,S1,120,2340.0,2460.0,689.3086485747424,315.1671617321348,45.722212013993165,151.36786541569026,-35.29750203693208,MEASURED,
B2,S1,120,2340.0,2460.0,689.3086485747424,128.73572352459234,18.676063878028277,50.923236474272734,-35.29750203693208,MEASURED,
B3,S1,120,2340.0,2460.0,689.3086485747424,262.833364880737,38.12999668931874,129.76957461099244,0.0,MEASURED,
B4,S1,120,2340.0,2460.0,689.3086485747424,756.1920127771416,109.70296315601023,369.9617591428409,-35.29750203693208,MEASURED,
X,S1,120,2340.0,2460.0,689.3086485747424,1152.5747420116134,167.2073525255702,608.6496782451138,4.57386282793118,MEASURED,
CURRENT,S1,120,2340.0,2460.0,,,,,,NOT_FOUND,No dedicated IO-VNBD model found
B1,S1,120,2400.0,2520.0,641.0222700109865,249.52753699269118,38.92650047687337,143.25388744208956,-28.246820575413913,MEASURED,
B2,S1,120,2400.0,2520.0,641.0222700109865,189.76092452593457,29.60285990105808,103.1712307542075,-28.246820575413913,MEASURED,
B3,S1,120,2400.0,2520.0,641.0222700109865,168.2045867074071,26.240053517099213,122.55045749425993,0.0,MEASURED,
B4,S1,120,2400.0,2520.0,641.0222700109865,212.15043000000742,33.09564112279146,128.61931572844057,-28.246820575413913,MEASURED,
X,S1,120,2400.0,2520.0,641.0222700109865,132.06274743187348,20.601896940274795,76.6190982234184,11.394405914052275,MEASURED,
CURRENT,S1,120,2400.0,2520.0,,,,,,NOT_FOUND,No dedicated IO-VNBD model found
B1,S1,120,2460.0,2580.0,769.3602526693226,127.66939063163707,16.594227501184733,94.80369232989017,-35.75064144471562,MEASURED,
B2,S1,120,2460.0,2580.0,769.3602526693226,112.66955872880641,14.644577535412752,46.18599376142077,-35.75064144471562,MEASURED,
B3,S1,120,2460.0,2580.0,769.3602526693226,54.64258073851843,7.102339969985982,70.68707210460158,0.0,MEASURED,
B4,S1,120,2460.0,2580.0,769.3602526693226,123.56349304104054,16.060550647415518,123.6619276226095,-35.75064144471562,MEASURED,
X,S1,120,2460.0,2580.0,769.3602526693226,63.354489961163175,8.23469756090889,59.268729459914034,5.464574112934816,MEASURED,
CURRENT,S1,120,2460.0,2580.0,,,,,,NOT_FOUND,No dedicated IO-VNBD model found
B1,S1,120,2580.0,2700.0,786.5967781839729,365.7567538805785,46.49863361060368,173.9509251979854,-38.89786923558591,MEASURED,
B2,S1,120,2580.0,2700.0,786.5967781839729,190.6014006755493,24.231144337457554,110.3314478911351,-38.89786923558591,MEASURED,
B3,S1,120,2580.0,2700.0,786.5967781839729,87.29028507289557,11.0972085690999,65.05111770780681,0.0,MEASURED,
B4,S1,120,2580.0,2700.0,786.5967781839729,289.5640864641351,36.81226449117371,139.4184513799809,-38.89786923558591,MEASURED,
X,S1,120,2580.0,2700.0,786.5967781839729,414.5837505467177,52.706006691747845,252.09767979370224,7.706904385034069,MEASURED,
CURRENT,S1,120,2580.0,2700.0,,,,,,NOT_FOUND,No dedicated IO-VNBD model found
B1,S1,120,2640.0,2760.0,727.9040595237321,441.834852062746,60.69959993791471,281.88690071633283,-29.7738138044904,MEASURED,
B2,S1,120,2640.0,2760.0,727.9040595237321,126.63664823757884,17.39743673368675,78.03395981987192,-29.7738138044904,MEASURED,
B3,S1,120,2640.0,2760.0,727.9040595237321,203.4800101346583,27.954234829765248,104.45183902710018,0.0,MEASURED,
B4,S1,120,2640.0,2760.0,727.9040595237321,401.3524540574527,55.13809805100658,256.8226652089389,-29.7738138044904,MEASURED,
X,S1,120,2640.0,2760.0,727.9040595237321,180.88222012674075,24.849733664776103,66.20450079908008,10.654532076384141,MEASURED,
CURRENT,S1,120,2640.0,2760.0,,,,,,NOT_FOUND,No dedicated IO-VNBD model found
B1,S1,120,2700.0,2820.0,1157.535193056817,430.4487018338499,37.186662178030346,168.2417574990451,-29.133712178644394,MEASURED,
B2,S1,120,2700.0,2820.0,1157.535193056817,282.3163690067919,24.38944152196801,100.42552639720903,-29.133712178644394,MEASURED,
B3,S1,120,2700.0,2820.0,1157.535193056817,363.1616566207485,31.373703261817187,141.79634468548866,0.0,MEASURED,
B4,S1,120,2700.0,2820.0,1157.535193056817,487.86177170257423,42.14660380339968,192.90241736630728,-29.133712178644394,MEASURED,
X,S1,120,2700.0,2820.0,1157.535193056817,1229.0966320449177,106.18222576880115,509.6087471604127,10.014376341543851,MEASURED,
CURRENT,S1,120,2700.0,2820.0,,,,,,NOT_FOUND,No dedicated IO-VNBD model found
B1,S1,120,2760.0,2880.0,1463.5460556018757,1176.6327641287364,80.39601894488058,731.5131700292251,-42.14713875986246,MEASURED,
B2,S1,120,2760.0,2880.0,1463.5460556018757,445.6967192837121,30.45320764438955,231.3054867323634,-42.14713875986246,MEASURED,
B3,S1,120,2760.0,2880.0,1463.5460556018757,1157.1822818480318,79.06702200581906,722.0949263339094,0.0,MEASURED,
B4,S1,120,2760.0,2880.0,1463.5460556018757,703.8428736076019,48.09161084569697,435.9748923699205,-42.14713875986246,MEASURED,
X,S1,120,2760.0,2880.0,1463.5460556018757,782.5822084766132,53.4716489092501,368.66856414194683,3.0385236147550647,MEASURED,
CURRENT,S1,120,2760.0,2880.0,,,,,,NOT_FOUND,No dedicated IO-VNBD model found
B1,S1,120,2820.0,2940.0,1194.7842427110634,522.3272878875117,43.717289634010264,250.01039183549037,-18.21735124289328,MEASURED,
B2,S1,120,2820.0,2940.0,1194.7842427110634,235.37472123249464,19.700186261111888,101.44537492946156,-18.21735124289328,MEASURED,
B3,S1,120,2820.0,2940.0,1194.7842427110634,395.81115551176345,33.12825373505391,205.38862366925807,0.0,MEASURED,
B4,S1,120,2820.0,2940.0,1194.7842427110634,441.29884766279986,36.93544255835318,213.21309183198585,-18.21735124289328,MEASURED,
X,S1,120,2820.0,2940.0,1194.7842427110634,301.4406611794442,25.229715157227936,189.4973316321025,-2.6611652898482614,MEASURED,
CURRENT,S1,120,2820.0,2940.0,,,,,,NOT_FOUND,No dedicated IO-VNBD model found
B1,S1,120,2880.0,3000.0,1140.35840937898,473.55519081995874,41.52687321154136,217.10165155951964,-18.047550430670288,MEASURED,
B2,S1,120,2880.0,3000.0,1140.35840937898,113.87843303637925,9.986196629040121,42.20626610419755,-18.047550430670288,MEASURED,
B3,S1,120,2880.0,3000.0,1140.35840937898,463.33767644887195,40.63088171561762,212.81656197741557,0.0,MEASURED,
B4,S1,120,2880.0,3000.0,1140.35840937898,491.9699170322125,43.14169238249674,216.35732341902474,-18.047550430670288,MEASURED,
X,S1,120,2880.0,3000.0,1140.35840937898,468.95474763075936,41.12345239652718,219.3783270877629,-8.069040359360775,MEASURED,
CURRENT,S1,120,2880.0,3000.0,,,,,,NOT_FOUND,No dedicated IO-VNBD model found
B1,S1,120,2940.0,3060.0,1165.4903555628903,266.4559072970481,22.86212889066417,153.65700580643556,-38.45688142773935,MEASURED,
B2,S1,120,2940.0,3060.0,1165.4903555628903,147.2965572182556,12.638161827355201,116.43231354820787,-38.45688142773935,MEASURED,
B3,S1,120,2940.0,3060.0,1165.4903555628903,145.5318139661568,12.486745451949288,84.3856507309148,0.0,MEASURED,
B4,S1,120,2940.0,3060.0,1165.4903555628903,385.2363760193933,33.053587632077644,247.14819206501676,-38.45688142773935,MEASURED,
X,S1,120,2940.0,3060.0,1165.4903555628903,259.27653039772275,22.246132639381766,134.2746428864036,-1.7196454753915194,MEASURED,
CURRENT,S1,120,2940.0,3060.0,,,,,,NOT_FOUND,No dedicated IO-VNBD model found
B1,S1,120,3000.0,3120.0,874.660161570914,682.4072420292512,78.01970090916554,414.4103348519267,-30.126917866680394,MEASURED,
B2,S1,120,3000.0,3120.0,874.660161570914,128.13184523691666,14.649329061333752,79.67673492779379,-30.126917866680394,MEASURED,
B3,S1,120,3000.0,3120.0,874.660161570914,611.9917903718208,69.96909397047037,405.8591251678022,0.0,MEASURED,
B4,S1,120,3000.0,3120.0,874.660161570914,670.6249177878963,76.67262638136339,410.623459057976,-30.126917866680394,MEASURED,
X,S1,120,3000.0,3120.0,874.660161570914,57.86154129176031,6.615316877796214,38.14787559914578,3.705061866914437,MEASURED,
CURRENT,S1,120,3000.0,3120.0,,,,,,NOT_FOUND,No dedicated IO-VNBD model found
B1,S1,120,3060.0,3180.0,603.1685185087154,118.49702827939015,19.64575813279584,66.74406306506233,-31.90166699474603,MEASURED,
B2,S1,120,3060.0,3180.0,603.1685185087154,77.14114734378211,12.789319232792066,35.7690006660603,-31.90166699474603,MEASURED,
B3,S1,120,3060.0,3180.0,603.1685185087154,103.1632282600618,17.103549852887618,47.55559339148515,0.0,MEASURED,
B4,S1,120,3060.0,3180.0,603.1685185087154,104.39764301890527,17.308204890570195,53.59177465551671,-31.90166699474603,MEASURED,
X,S1,120,3060.0,3180.0,603.1685185087154,96.10125436984131,15.932737107606972,48.32242987255501,4.391135946650032,MEASURED,
CURRENT,S1,120,3060.0,3180.0,,,,,,NOT_FOUND,No dedicated IO-VNBD model found
B1,S1,120,3120.0,3240.0,468.8780346138789,175.69068298542706,37.47044434062865,122.12395337053972,-34.500042662281345,MEASURED,
B2,S1,120,3120.0,3240.0,468.8780346138789,44.386136259509186,9.466456729213423,27.854729652359396,-34.500042662281345,MEASURED,
B3,S1,120,3120.0,3240.0,468.8780346138789,90.69750602444263,19.343517786908492,92.39465791735084,0.0,MEASURED,
B4,S1,120,3120.0,3240.0,468.8780346138789,159.67003714243575,34.053639828516175,99.20720428524972,-34.500042662281345,MEASURED,
X,S1,120,3120.0,3240.0,468.8780346138789,99.15121199627481,21.146482598172003,92.70414616558628,8.224151452648742,MEASURED,
CURRENT,S1,120,3120.0,3240.0,,,,,,NOT_FOUND,No dedicated IO-VNBD model found
B1,S1,120,3180.0,3300.0,570.234626287358,144.50122337366437,25.34066096870904,98.16244009025623,-34.587101980924686,MEASURED,
B2,S1,120,3180.0,3300.0,570.234626287358,134.94064670034854,23.66405694773575,58.54945414677824,-34.587101980924686,MEASURED,
B3,S1,120,3180.0,3300.0,570.234626287358,73.38042398437449,12.868461612395304,55.35992239945038,0.0,MEASURED,
B4,S1,120,3180.0,3300.0,570.234626287358,300.9479601088292,52.77616374652996,158.4536376218703,-34.587101980924686,MEASURED,
X,S1,120,3180.0,3300.0,570.234626287358,312.21709892910087,54.75239217966492,142.46511087439194,8.85394453261839,MEASURED,
CURRENT,S1,120,3180.0,3300.0,,,,,,NOT_FOUND,No dedicated IO-VNBD model found
B1,S1,120,3240.0,3360.0,745.5131340295836,143.54477138047258,19.254492621021537,78.34208979770084,-34.96861854451999,MEASURED,
B2,S1,120,3240.0,3360.0,745.5131340295836,168.9964576046958,22.668474892085488,82.45278182660542,-34.96861854451999,MEASURED,
B3,S1,120,3240.0,3360.0,745.5131340295836,82.6303736434042,11.083691201626133,53.484516562892644,0.0,MEASURED,
B4,S1,120,3240.0,3360.0,745.5131340295836,242.03065286595844,32.464975037764276,123.98579296429105,-34.96861854451999,MEASURED,
X,S1,120,3240.0,3360.0,745.5131340295836,402.29929957929784,53.962738041223254,246.96571854355867,7.7423491752427385,MEASURED,
CURRENT,S1,120,3240.0,3360.0,,,,,,NOT_FOUND,No dedicated IO-VNBD model found
B1,S1,120,3300.0,3420.0,577.8768233475447,170.16348593940901,29.44632472949514,110.61648483031595,-26.47703000666865,MEASURED,
B2,S1,120,3300.0,3420.0,577.8768233475447,76.7788821423443,13.286375061310983,33.54168108258769,-26.47703000666865,MEASURED,
B3,S1,120,3300.0,3420.0,577.8768233475447,199.94335482790265,34.59964939754184,107.56031815852624,0.0,MEASURED,
B4,S1,120,3300.0,3420.0,577.8768233475447,117.53113708689347,20.338441054973458,94.79160253397303,-26.47703000666865,MEASURED,
X,S1,120,3300.0,3420.0,577.8768233475447,93.4571272957653,16.17249966080724,41.48181080751233,8.493284626546616,MEASURED,
CURRENT,S1,120,3300.0,3420.0,,,,,,NOT_FOUND,No dedicated IO-VNBD model found
B1,S1,120,3360.0,3480.0,584.0977315255282,204.742893551321,35.05284860747189,121.24274117076317,-25.88445118739388,MEASURED,
B2,S1,120,3360.0,3480.0,584.0977315255282,112.98351847622091,19.34325582486583,44.456730632358884,-25.88445118739388,MEASURED,
B3,S1,120,3360.0,3480.0,584.0977315255282,191.6030498597069,32.803251839257115,130.6806656478888,0.0,MEASURED,
B4,S1,120,3360.0,3480.0,584.0977315255282,180.086123615122,30.83150539632789,130.69496883973136,-25.88445118739388,MEASURED,
X,S1,120,3360.0,3480.0,584.0977315255282,149.70256432496086,25.629711646708916,52.044667974507355,14.720245483937541,MEASURED,
CURRENT,S1,120,3360.0,3480.0,,,,,,NOT_FOUND,No dedicated IO-VNBD model found
B1,S1,120,3420.0,3540.0,1005.6540220531602,297.96694557526,29.629170573685535,131.25490070957213,-39.58305436681469,MEASURED,
B2,S1,120,3420.0,3540.0,1005.6540220531602,241.38887930112926,24.003173458035363,99.442932713029,-39.58305436681469,MEASURED,
B3,S1,120,3420.0,3540.0,1005.6540220531602,245.31607103335296,24.39368467224061,117.90187976729402,0.0,MEASURED,
B4,S1,120,3420.0,3540.0,1005.6540220531602,288.73480620138133,28.71114716091877,130.32596090602175,-39.58305436681469,MEASURED,
X,S1,120,3420.0,3540.0,1005.6540220531602,410.44948104553924,40.81418380921488,207.8313358526483,9.368910503166466,MEASURED,
CURRENT,S1,120,3420.0,3540.0,,,,,,NOT_FOUND,No dedicated IO-VNBD model found
B1,S1,120,3540.0,3660.0,1482.4326073241705,297.02256268183146,20.036159567345525,287.45453512704506,-29.321059861123473,MEASURED,
B2,S1,120,3540.0,3660.0,1482.4326073241705,224.33224984683682,15.132711513393001,126.57373390748342,-29.321059861123473,MEASURED,
B3,S1,120,3540.0,3660.0,1482.4326073241705,274.5478359017785,18.52008884217304,287.70167171583137,0.0,MEASURED,
B4,S1,120,3540.0,3660.0,1482.4326073241705,183.61541625583146,12.386088605219099,190.73664990355337,-29.321059861123473,MEASURED,
X,S1,120,3540.0,3660.0,1482.4326073241705,143.61471454139203,9.687773584569241,176.94797862676583,15.043857149551451,MEASURED,
CURRENT,S1,120,3540.0,3660.0,,,,,,NOT_FOUND,No dedicated IO-VNBD model found
B1,S1,120,3600.0,3720.0,801.1971520786476,204.59323609419738,25.53594150495857,333.4285066510752,-32.14175886964336,MEASURED,
B2,S1,120,3600.0,3720.0,801.1971520786476,39.3281390646467,4.9086718496955095,44.27093247578413,-32.14175886964336,MEASURED,
B3,S1,120,3600.0,3720.0,801.1971520786476,334.448837864147,41.74363787944626,378.97424018848426,0.0,MEASURED,
B4,S1,120,3600.0,3720.0,801.1971520786476,191.98401521235058,23.962143988438058,320.54773745608156,-32.14175886964336,MEASURED,
X,S1,120,3600.0,3720.0,801.1971520786476,116.19662269914788,14.502875153473052,163.61620244283438,20.60173762487886,MEASURED,
CURRENT,S1,120,3600.0,3720.0,,,,,,NOT_FOUND,No dedicated IO-VNBD model found
B1,S1,120,3660.0,3780.0,850.8491622750564,386.7710697189238,45.457066524547066,143.21256773232054,-29.639128938658022,MEASURED,
B2,S1,120,3660.0,3780.0,850.8491622750564,266.71334391769125,31.346724630313506,91.53702412245697,-29.639128938658022,MEASURED,
B3,S1,120,3660.0,3780.0,850.8491622750564,279.2021119634774,32.81452510535809,85.14093114750861,0.0,MEASURED,
B4,S1,120,3660.0,3780.0,850.8491622750564,306.2533112146115,35.993842950462714,119.78627306623632,-29.639128938658022,MEASURED,
X,S1,120,3660.0,3780.0,850.8491622750564,692.9813525237441,81.44585236128165,225.02091124358986,9.248463923702023,MEASURED,
CURRENT,S1,120,3660.0,3780.0,,,,,,NOT_FOUND,No dedicated IO-VNBD model found
B1,S1,120,3720.0,3840.0,1096.8530378573673,329.1407275484276,30.007732685080864,262.1998535815551,-34.12834843858078,MEASURED,
B2,S1,120,3720.0,3840.0,1096.8530378573673,220.87518765780456,20.137172441010893,156.18351067830895,-34.12834843858078,MEASURED,
B3,S1,120,3720.0,3840.0,1096.8530378573673,377.8756963693572,34.450895728703394,257.47877833636244,0.0,MEASURED,
B4,S1,120,3720.0,3840.0,1096.8530378573673,69.06038217344327,6.2962292841298355,120.09380720253293,-34.12834843858078,MEASURED,
X,S1,120,3720.0,3840.0,1096.8530378573673,1079.1092198575514,98.38229759253096,827.5626815917252,-7.962508733234499,MEASURED,
CURRENT,S1,120,3720.0,3840.0,,,,,,NOT_FOUND,No dedicated IO-VNBD model found
B1,S1,120,3780.0,3900.0,799.4163419452445,755.9875846605217,94.56744189403905,388.73490148718014,-25.573851637443024,MEASURED,
B2,S1,120,3780.0,3900.0,799.4163419452445,93.62858213206961,11.712117606232601,48.12667110042097,-25.573851637443024,MEASURED,
B3,S1,120,3780.0,3900.0,799.4163419452445,713.8899022197646,89.30138962166251,360.6712922998031,0.0,MEASURED,
B4,S1,120,3780.0,3900.0,799.4163419452445,703.1941066322343,87.96343904117974,381.50354729542937,-25.573851637443024,MEASURED,
X,S1,120,3780.0,3900.0,799.4163419452445,382.72555457354366,47.875623062976885,164.5545114055721,-3.9244082062201797,MEASURED,
CURRENT,S1,120,3780.0,3900.0,,,,,,NOT_FOUND,No dedicated IO-VNBD model found
B1,S1,120,3840.0,3960.0,638.2551364571925,79.85146638571725,12.510900707976182,44.51011262810744,-25.36112799438282,MEASURED,
B2,S1,120,3840.0,3960.0,638.2551364571925,90.45118964704417,14.171635209881416,33.577140225463104,-25.36112799438282,MEASURED,
B3,S1,120,3840.0,3960.0,638.2551364571925,59.7704882772599,9.364670155109465,41.17612939157144,0.0,MEASURED,
B4,S1,120,3840.0,3960.0,638.2551364571925,161.44515560741118,25.294767936151068,67.70676596317375,-25.36112799438282,MEASURED,
X,S1,120,3840.0,3960.0,638.2551364571925,301.12172487820084,47.17889566070056,238.6713916536527,2.98479488261959,MEASURED,
CURRENT,S1,120,3840.0,3960.0,,,,,,NOT_FOUND,No dedicated IO-VNBD model found
B1,S1,120,3900.0,4020.0,776.2846694483103,226.80289494941306,29.21645935769893,164.9792338878869,-37.85948875620924,MEASURED,
B2,S1,120,3900.0,4020.0,776.2846694483103,160.12215180001397,20.626731159564123,76.38674357108965,-37.85948875620924,MEASURED,
B3,S1,120,3900.0,4020.0,776.2846694483103,232.54998341167442,29.956791955835342,164.9102546721694,0.0,MEASURED,
B4,S1,120,3900.0,4020.0,776.2846694483103,270.85535297444056,34.89124075668427,130.94517541434573,-37.85948875620924,MEASURED,
X,S1,120,3900.0,4020.0,776.2846694483103,444.92139625414984,57.31420621385534,261.40921788683744,5.141454463427182,MEASURED,
CURRENT,S1,120,3900.0,4020.0,,,,,,NOT_FOUND,No dedicated IO-VNBD model found
B1,S1,120,3960.0,4080.0,690.1052423180158,319.2140191125998,46.25584614317404,262.02959462505845,-26.833693728971564,MEASURED,
B2,S1,120,3960.0,4080.0,690.1052423180158,83.76653118691314,12.138225599554518,73.7262237660191,-26.833693728971564,MEASURED,
B3,S1,120,3960.0,4080.0,690.1052423180158,314.16305199443093,45.52393355818874,261.5043608971328,0.0,MEASURED,
B4,S1,120,3960.0,4080.0,690.1052423180158,138.3335836940778,20.045288053373547,130.34990216518042,-26.833693728971564,MEASURED,
X,S1,120,3960.0,4080.0,690.1052423180158,636.8374109117925,92.2812017443455,391.74139811429194,9.775126340311735,MEASURED,
CURRENT,S1,120,3960.0,4080.0,,,,,,NOT_FOUND,No dedicated IO-VNBD model found
B1,S1,120,4020.0,4140.0,778.547323560874,160.72841303640212,20.64465552347826,114.86630836893225,-15.629783638349666,MEASURED,
B2,S1,120,4020.0,4140.0,778.547323560874,83.85205886195078,10.770322666891095,33.0633113320536,-15.629783638349666,MEASURED,
B3,S1,120,4020.0,4140.0,778.547323560874,159.5195381949256,20.489382387871363,121.1388925555501,0.0,MEASURED,
B4,S1,120,4020.0,4140.0,778.547323560874,193.5658375902235,24.86243696849454,127.02413255840041,-15.629783638349666,MEASURED,
X,S1,120,4020.0,4140.0,778.547323560874,671.4838633540053,86.24830412142602,329.0498621047689,12.39394854358064,MEASURED,
CURRENT,S1,120,4020.0,4140.0,,,,,,NOT_FOUND,No dedicated IO-VNBD model found
B1,S1,120,4080.0,4200.0,954.7653356878795,223.00320696938493,23.356860438247672,152.98109369797717,-33.90616963077719,MEASURED,
B2,S1,120,4080.0,4200.0,954.7653356878795,176.16802260392393,18.45144728437383,85.88506846066538,-33.90616963077719,MEASURED,
B3,S1,120,4080.0,4200.0,954.7653356878795,175.56081506915322,18.387849716251687,130.6062847091808,0.0,MEASURED,
B4,S1,120,4080.0,4200.0,954.7653356878795,373.61814775595576,39.13193470590081,166.30225753514023,-33.90616963077719,MEASURED,
X,S1,120,4080.0,4200.0,954.7653356878795,382.88710251012594,40.102744433454674,195.51723188843255,6.974369529853512,MEASURED,
CURRENT,S1,120,4080.0,4200.0,,,,,,NOT_FOUND,No dedicated IO-VNBD model found
B1,S1,120,4140.0,4260.0,881.7451358999599,252.6818032472208,28.65701130172033,94.79409398270496,-30.69654143481802,MEASURED,
B2,S1,120,4140.0,4260.0,881.7451358999599,185.3131048448236,21.01662910288497,107.06354897664023,-30.69654143481802,MEASURED,
B3,S1,120,4140.0,4260.0,881.7451358999599,210.46203685711848,23.868806108276264,105.49182737819194,0.0,MEASURED,
B4,S1,120,4140.0,4260.0,881.7451358999599,298.1623211634324,33.81502307456574,105.43313202203979,-30.69654143481802,MEASURED,
X,S1,120,4140.0,4260.0,881.7451358999599,281.71905737268753,31.950168580759883,157.09464989804852,8.18217415799555,MEASURED,
CURRENT,S1,120,4140.0,4260.0,,,,,,NOT_FOUND,No dedicated IO-VNBD model found
B1,S1,120,4200.0,4320.0,470.1690794481411,278.31498858203594,59.19466012284495,285.9118733339583,-20.94164539637776,MEASURED,
B2,S1,120,4200.0,4320.0,470.1690794481411,8.57433207196465,1.823669919346618,11.767956933014782,-20.94164539637776,MEASURED,
B3,S1,120,4200.0,4320.0,470.1690794481411,273.35653551036074,58.14004949691966,284.8784039172092,0.0,MEASURED,
B4,S1,120,4200.0,4320.0,470.1690794481411,259.2935028925688,55.14899091129375,152.2401068725912,-20.94164539637776,MEASURED,
X,S1,120,4200.0,4320.0,470.1690794481411,239.370539195641,50.91158684373739,179.5904747608577,4.806512219191824,MEASURED,
CURRENT,S1,120,4200.0,4320.0,,,,,,NOT_FOUND,No dedicated IO-VNBD model found
B1,S1,120,4320.0,4440.0,942.1294379433491,371.2509865587035,39.405518138689885,300.66172999300954,-20.100819342180486,MEASURED,
B2,S1,120,4320.0,4440.0,942.1294379433491,121.95094292283174,12.944181341902272,70.12111187101047,-20.100819342180486,MEASURED,
B3,S1,120,4320.0,4440.0,942.1294379433491,393.574914028686,41.775036229400996,307.0794988040244,0.0,MEASURED,
B4,S1,120,4320.0,4440.0,942.1294379433491,234.32750533758463,24.87211373514845,210.5216362708301,-20.100819342180486,MEASURED,
X,S1,120,4320.0,4440.0,942.1294379433491,305.8629944751691,32.465071375209575,193.5338223726646,5.677281389689055,MEASURED,
CURRENT,S1,120,4320.0,4440.0,,,,,,NOT_FOUND,No dedicated IO-VNBD model found
B1,S1,120,4380.0,4500.0,770.4658971505489,121.53100561055652,15.773703425423562,165.44818656717038,-0.5238696110423631,MEASURED,
B2,S1,120,4380.0,4500.0,770.4658971505489,10.478640438010979,1.3600394873757087,10.15118190714502,-0.5238696110423631,MEASURED,
B3,S1,120,4380.0,4500.0,770.4658971505489,111.98225773660464,14.534356179910624,158.9333158590485,0.0,MEASURED,
B4,S1,120,4380.0,4500.0,770.4658971505489,167.62246197969225,21.755987201979796,187.9711526248059,-0.5238696110423631,MEASURED,
X,S1,120,4380.0,4500.0,770.4658971505489,237.94096253673715,30.882737758637422,161.60817310769943,5.302980788569251,MEASURED,
CURRENT,S1,120,4380.0,4500.0,,,,,,NOT_FOUND,No dedicated IO-VNBD model found
B1,S1,120,4440.0,4560.0,944.4840407401598,412.60047041482335,43.68527710552764,221.69758870523512,-5.6353548007648495,MEASURED,
B2,S1,120,4440.0,4560.0,944.4840407401598,51.54808168552741,5.457803357389812,21.053004622639403,-5.6353548007648495,MEASURED,
B3,S1,120,4440.0,4560.0,944.4840407401598,396.59569915254167,41.99072531090554,216.79669733275273,0.0,MEASURED,
B4,S1,120,4440.0,4560.0,944.4840407401598,547.3024222527455,57.9472387721706,294.49538826400953,-5.6353548007648495,MEASURED,
X,S1,120,4440.0,4560.0,944.4840407401598,277.5510196904028,29.386522981679562,102.78152519354195,1.6254801717144738,MEASURED,
CURRENT,S1,120,4440.0,4560.0,,,,,,NOT_FOUND,No dedicated IO-VNBD model found
B1,S1,120,4500.0,4620.0,1004.9856578604712,363.8650391316341,36.205993218477545,306.38814468067045,-10.098278885456697,MEASURED,
B2,S1,120,4500.0,4620.0,1004.9856578604712,84.61861228719157,8.41988257497499,59.25943159870516,-10.098278885456697,MEASURED,
B3,S1,120,4500.0,4620.0,1004.9856578604712,359.5868597480185,35.78029765256037,304.28929726242586,0.0,MEASURED,
B4,S1,120,4500.0,4620.0,1004.9856578604712,190.11409145189774,18.917094981896003,127.85927960070259,-10.098278885456697,MEASURED,
X,S1,120,4500.0,4620.0,1004.9856578604712,360.17804406781823,35.839122802469305,240.0593984851081,5.633067571748363,MEASURED,
CURRENT,S1,120,4500.0,4620.0,,,,,,NOT_FOUND,No dedicated IO-VNBD model found
B1,S1,120,4560.0,4680.0,496.19090541443165,340.1744268137492,68.55716682868797,157.05892923545073,-4.194156441026541,MEASURED,
B2,S1,120,4560.0,4680.0,496.19090541443165,8.433366575990277,1.6996213521782526,10.90872552159219,-4.194156441026541,MEASURED,
B3,S1,120,4560.0,4680.0,496.19090541443165,339.44331753660566,68.409822476108,156.30748571382753,0.0,MEASURED,
B4,S1,120,4560.0,4680.0,496.19090541443165,14.16463800628185,2.854675055853991,107.4314875485914,-4.194156441026541,MEASURED,
X,S1,120,4560.0,4680.0,496.19090541443165,66.28090359984188,13.357944064791418,72.97035654937898,6.676807206870618,MEASURED,
CURRENT,S1,120,4560.0,4680.0,,,,,,NOT_FOUND,No dedicated IO-VNBD model found
B1,S1,120,4680.0,4800.0,808.4760317960894,218.14051914402683,26.981692785550056,157.48289665801863,-6.494653940511907,MEASURED,
B2,S1,120,4680.0,4800.0,808.4760317960894,58.82758793236788,7.2763552188032135,26.211113001928666,-6.494653940511907,MEASURED,
B3,S1,120,4680.0,4800.0,808.4760317960894,294.74989363675667,36.45746837812223,217.0531674038426,0.0,MEASURED,
B4,S1,120,4680.0,4800.0,808.4760317960894,219.29937786935466,27.125031447396758,124.03632519693683,-6.494653940511907,MEASURED,
X,S1,120,4680.0,4800.0,808.4760317960894,711.9801891179384,88.06447700573408,408.9833841089263,19.52101420253568,MEASURED,
CURRENT,S1,120,4680.0,4800.0,,,,,,NOT_FOUND,No dedicated IO-VNBD model found
B1,S1,120,4800.0,4920.0,588.9979230728537,506.2954404786884,85.95878196603832,303.8585599034674,-21.92610345631718,MEASURED,
B2,S1,120,4800.0,4920.0,588.9979230728537,131.96237008411634,22.404556096846164,38.427645674869694,-21.92610345631718,MEASURED,
B3,S1,120,4800.0,4920.0,588.9979230728537,360.6293993927765,61.227618174159495,209.026626587391,0.0,MEASURED,
B4,S1,120,4800.0,4920.0,588.9979230728537,462.70429045132136,78.55788150106754,183.48949659564957,-21.92610345631718,MEASURED,
X,S1,120,4800.0,4920.0,588.9979230728537,242.58139777571677,41.185441963894945,114.69664425975739,1.6291098756146059,MEASURED,
CURRENT,S1,120,4800.0,4920.0,,,,,,NOT_FOUND,No dedicated IO-VNBD model found
B1,S1,120,4920.0,5040.0,938.5455829014423,579.7539982578331,61.77153340443708,369.93770680527126,-16.970086794947324,MEASURED,
B2,S1,120,4920.0,5040.0,938.5455829014423,179.5267362601109,19.128185090927353,100.65421058270353,-16.970086794947324,MEASURED,
B3,S1,120,4920.0,5040.0,938.5455829014423,391.7053800373492,41.735360239661645,295.22400346042275,0.0,MEASURED,
B4,S1,120,4920.0,5040.0,938.5455829014423,575.2647042083978,61.29320884234634,365.78427722581614,-16.970086794947324,MEASURED,
X,S1,120,4920.0,5040.0,938.5455829014423,668.4815071191412,71.22525738734835,390.6764587580267,7.090559698170951,MEASURED,
CURRENT,S1,120,4920.0,5040.0,,,,,,NOT_FOUND,No dedicated IO-VNBD model found
B1,S1,120,4980.0,5100.0,750.6519120611063,979.4374135523976,130.47824135465163,490.940951074382,-17.198136952109586,MEASURED,
B2,S1,120,4980.0,5100.0,750.6519120611063,59.482647080843684,7.924131827962564,23.099541697452644,-17.198136952109586,MEASURED,
B3,S1,120,4980.0,5100.0,750.6519120611063,978.1484030872887,130.30652255338066,490.4623587338571,0.0,MEASURED,
B4,S1,120,4980.0,5100.0,750.6519120611063,865.6361632230364,115.31791890680883,423.92851147078096,-17.198136952109586,MEASURED,
X,S1,120,4980.0,5100.0,750.6519120611063,103.9842332996444,13.852523603667267,49.16777162921896,5.325214297360675,MEASURED,
CURRENT,S1,120,4980.0,5100.0,,,,,,NOT_FOUND,No dedicated IO-VNBD model found
B1,S2,30,60.0,90.0,292.8717727512069,90.4997611662054,30.900813798496213,92.63530335620952,30.23139564463617,MEASURED,
B2,S2,30,60.0,90.0,292.8717727512069,11.02269870322083,3.763660321264404,32.547263977336875,30.23139564463617,MEASURED,
B3,S2,30,60.0,90.0,292.8717727512069,102.71582333907217,35.07194372956138,69.22736760990142,0.0,MEASURED,
B4,S2,30,60.0,90.0,292.8717727512069,20.23396513956239,6.908813693271506,30.48802396555072,30.23139564463617,MEASURED,
X,S2,30,60.0,90.0,292.8717727512069,178.30546199407695,60.88175050777138,516.4435563570864,-8.300911366007249,MEASURED,
CURRENT,S2,30,60.0,90.0,,,,,,NOT_FOUND,No dedicated IO-VNBD model found
B1,S2,30,300.0,330.0,186.11532274279205,130.9341962664102,70.35111044959949,58.821600723446124,-10.040128572006815,MEASURED,
B2,S2,30,300.0,330.0,186.11532274279205,20.922459350376855,11.241664061852289,12.88899041175492,-10.040128572006815,MEASURED,
B3,S2,30,300.0,330.0,186.11532274279205,135.17697082005364,72.63075862209676,61.82053015927471,0.0,MEASURED,
B4,S2,30,300.0,330.0,186.11532274279205,100.37550871338449,53.93188869897703,70.1783620515962,-10.040128572006815,MEASURED,
X,S2,30,300.0,330.0,186.11532274279205,101.4742465132602,54.52224191852046,60.09665479935457,-5.624488004563223,MEASURED,
CURRENT,S2,30,300.0,330.0,,,,,,NOT_FOUND,No dedicated IO-VNBD model found
B1,S2,30,360.0,390.0,232.87960827760352,40.866150127751595,17.54818742181892,31.184513869348056,-3.176203880061953,MEASURED,
B2,S2,30,360.0,390.0,232.87960827760352,4.3639708864980165,1.8739171363153257,2.159571772179991,-3.176203880061953,MEASURED,
B3,S2,30,360.0,390.0,232.87960827760352,40.844892445023554,17.539059236279076,30.96803395099316,0.0,MEASURED,
B4,S2,30,360.0,390.0,232.87960827760352,58.561373291535226,25.146629936669807,27.86241606289882,-3.176203880061953,MEASURED,
X,S2,30,360.0,390.0,232.87960827760352,69.8496498613762,29.99388842071226,28.837161148031658,0.8502598056900249,MEASURED,
CURRENT,S2,30,360.0,390.0,,,,,,NOT_FOUND,No dedicated IO-VNBD model found
B1,S2,30,420.0,450.0,230.85985673343802,170.67411001506383,73.92974786956245,96.23364545485785,-5.860184954499097,MEASURED,
B2,S2,30,420.0,450.0,230.85985673343802,20.895141091244017,9.051006695967311,9.348549638928041,-5.860184954499097,MEASURED,
B3,S2,30,420.0,450.0,230.85985673343802,170.67411001506383,73.92974786956245,96.23364545485785,0.0,MEASURED,
B4,S2,30,420.0,450.0,230.85985673343802,92.23354858204539,39.95218133074678,41.01907065675136,-5.860184954499097,MEASURED,
X,S2,30,420.0,450.0,230.85985673343802,75.59644810691853,32.74560123902609,42.20155908005879,1.6513956664367044,MEASURED,
CURRENT,S2,30,420.0,450.0,,,,,,NOT_FOUND,No dedicated IO-VNBD model found
B1,S2,30,480.0,510.0,161.58308725639407,23.951798243506907,14.82320869726983,18.826439494273984,-13.816900664566127,MEASURED,
B2,S2,30,480.0,510.0,161.58308725639407,15.806829014089033,9.782477413002601,5.351674935959666,-13.816900664566127,MEASURED,
B3,S2,30,480.0,510.0,161.58308725639407,22.16912060636346,13.719951130272884,18.61752588261236,0.0,MEASURED,
B4,S2,30,480.0,510.0,161.58308725639407,33.28216673486711,20.59755590760325,11.952863493280672,-13.816900664566127,MEASURED,
X,S2,30,480.0,510.0,161.58308725639407,17.7239655554068,10.968948456395728,9.736689275623373,6.73426255370042,MEASURED,
CURRENT,S2,30,480.0,510.0,,,,,,NOT_FOUND,No dedicated IO-VNBD model found
B1,S2,30,540.0,570.0,204.75625213337577,22.538673497331256,11.007563023106046,8.54192141500404,-11.88690884988926,MEASURED,
B2,S2,30,540.0,570.0,204.75625213337577,13.81041958624407,6.744809715137845,5.1975306924557,-11.88690884988926,MEASURED,
B3,S2,30,540.0,570.0,204.75625213337577,22.881125610717472,11.17481169552419,10.1515372238391,0.0,MEASURED,
B4,S2,30,540.0,570.0,204.75625213337577,18.161531716144292,8.869830116012325,7.267640822819277,-11.88690884988926,MEASURED,
X,S2,30,540.0,570.0,204.75625213337577,24.26827668751811,11.852276272233214,17.24478529347358,6.1597211711736,MEASURED,
CURRENT,S2,30,540.0,570.0,,,,,,NOT_FOUND,No dedicated IO-VNBD model found
B1,S2,30,600.0,630.0,152.67104441978796,40.40217201028584,26.463545961731327,26.26712580658675,-6.906122013295214,MEASURED,
B2,S2,30,600.0,630.0,152.67104441978796,7.641044330744355,5.00490735475311,2.740028261357797,-6.906122013295214,MEASURED,
B3,S2,30,600.0,630.0,152.67104441978796,32.16343439110235,21.067147679074626,23.495418453917782,0.0,MEASURED,
B4,S2,30,600.0,630.0,152.67104441978796,64.25403107900725,42.08658644027667,33.69891250121469,-6.906122013295214,MEASURED,
X,S2,30,600.0,630.0,152.67104441978796,38.25927191865787,25.059939862243468,19.015855712272103,7.4803567230642996,MEASURED,
CURRENT,S2,30,600.0,630.0,,,,,,NOT_FOUND,No dedicated IO-VNBD model found
B1,S2,30,720.0,750.0,210.50354174397032,51.767859905659165,24.592393779589223,31.622033823966248,-8.164286893073065,MEASURED,
B2,S2,30,720.0,750.0,210.50354174397032,18.642525037846866,8.85615742300491,9.629011235855192,-8.164286893073065,MEASURED,
B3,S2,30,720.0,750.0,210.50354174397032,49.6581856277666,23.5901900824854,30.81543195461949,0.0,MEASURED,
B4,S2,30,720.0,750.0,210.50354174397032,49.59787040743938,23.561537253260997,27.979827565210677,-8.164286893073065,MEASURED,
X,S2,30,720.0,750.0,210.50354174397032,66.35332169336714,31.521237668329046,32.9212792009262,1.753398322790799,MEASURED,
CURRENT,S2,30,720.0,750.0,,,,,,NOT_FOUND,No dedicated IO-VNBD model found
B1,S2,30,780.0,810.0,305.35389189681734,101.95729698811583,33.389879642525855,44.76002991987112,-10.3267904808274,MEASURED,
B2,S2,30,780.0,810.0,305.35389189681734,26.671986571021705,8.73477865480571,14.972939264565275,-10.3267904808274,MEASURED,
B3,S2,30,780.0,810.0,305.35389189681734,95.59662139644497,31.30682920155745,41.27281661874653,0.0,MEASURED,
B4,S2,30,780.0,810.0,305.35389189681734,100.34493535865863,32.86184915978289,47.14388331357307,-10.3267904808274,MEASURED,
X,S2,30,780.0,810.0,305.35389189681734,51.75734736936049,16.94995503343704,22.715270673029462,1.4667501395934093,MEASURED,
CURRENT,S2,30,780.0,810.0,,,,,,NOT_FOUND,No dedicated IO-VNBD model found
B1,S2,30,840.0,870.0,347.0545906487141,94.74964831195074,27.301079099643886,50.525416420463316,-10.097663742083538,MEASURED,
B2,S2,30,840.0,870.0,347.0545906487141,22.064360402133804,6.35760511361948,12.718343422788513,-10.097663742083538,MEASURED,
B3,S2,30,840.0,870.0,347.0545906487141,89.44759806576323,25.773351073837652,49.4564642380106,0.0,MEASURED,
B4,S2,30,840.0,870.0,347.0545906487141,63.68458032608877,18.350018136066033,29.330574392361978,-10.097663742083538,MEASURED,
X,S2,30,840.0,870.0,347.0545906487141,44.16299673762846,12.725086464085962,20.755111948676024,8.659613449835204,MEASURED,
CURRENT,S2,30,840.0,870.0,,,,,,NOT_FOUND,No dedicated IO-VNBD model found
B1,S2,30,900.0,930.0,191.85811094626092,108.69982255267365,56.65636027403619,85.47123926743896,-18.722050219321606,MEASURED,
B2,S2,30,900.0,930.0,191.85811094626092,22.417887873577005,11.684618264513306,15.19015363862019,-18.722050219321606,MEASURED,
B3,S2,30,900.0,930.0,191.85811094626092,112.58855699075517,58.68324066960661,85.82807028589941,0.0,MEASURED,
B4,S2,30,900.0,930.0,191.85811094626092,100.8246612041922,52.551680357382956,74.5876878020527,-18.722050219321606,MEASURED,
X,S2,30,900.0,930.0,191.85811094626092,36.43747242931206,18.991885331091435,21.454151738674028,-2.1306889818292842,MEASURED,
CURRENT,S2,30,900.0,930.0,,,,,,NOT_FOUND,No dedicated IO-VNBD model found
B1,S2,30,960.0,990.0,303.9057433269219,94.12098343193728,30.97045235196101,45.06434874246704,-3.485432284306567,MEASURED,
B2,S2,30,960.0,990.0,303.9057433269219,8.631595337979087,2.8402211960482044,5.1392377528468804,-3.485432284306567,MEASURED,
B3,S2,30,960.0,990.0,303.9057433269219,95.54753752198062,31.439859107630234,45.53164044116112,0.0,MEASURED,
B4,S2,30,960.0,990.0,303.9057433269219,75.16517718754194,24.73305583655396,35.6926797327662,-3.485432284306567,MEASURED,
X,S2,30,960.0,990.0,303.9057433269219,16.97426765844089,5.585372448911269,7.798185337415185,5.514476258820617,MEASURED,
CURRENT,S2,30,960.0,990.0,,,,,,NOT_FOUND,No dedicated IO-VNBD model found
B1,S2,30,1020.0,1050.0,157.6064613548275,36.78769922029445,23.341491778990214,16.6564905999659,-3.4716199679656894,MEASURED,
B2,S2,30,1020.0,1050.0,157.6064613548275,3.5576772777843972,2.2573168937375074,1.6706728853368933,-3.4716199679656894,MEASURED,
B3,S2,30,1020.0,1050.0,157.6064613548275,34.70124614351161,22.017654508076873,15.949115271975664,0.0,MEASURED,
B4,S2,30,1020.0,1050.0,157.6064613548275,40.31830361049753,25.581631148818744,19.642218751556943,-3.4716199679656894,MEASURED,
X,S2,30,1020.0,1050.0,157.6064613548275,58.62350044310308,37.196127582054515,28.38972774690564,8.246459264708218,MEASURED,
CURRENT,S2,30,1020.0,1050.0,,,,,,NOT_FOUND,No dedicated IO-VNBD model found
B1,S2,30,1080.0,1110.0,124.80095909964867,31.376164993847414,25.14096463697429,11.344041907710546,-2.9135083346861057,MEASURED,
B2,S2,30,1080.0,1110.0,124.80095909964867,2.8248671707056032,2.26349796594917,1.3954520748227093,-2.9135083346861057,MEASURED,
B3,S2,30,1080.0,1110.0,124.80095909964867,30.806316959419505,24.684359144084677,11.096715133919906,0.0,MEASURED,
B4,S2,30,1080.0,1110.0,124.80095909964867,37.58461805253077,30.1156484082153,13.426974997072486,-2.9135083346861057,MEASURED,
X,S2,30,1080.0,1110.0,124.80095909964867,94.89592787930422,76.0378193917032,60.115128301106225,2.813159775459969,MEASURED,
CURRENT,S2,30,1080.0,1110.0,,,,,,NOT_FOUND,No dedicated IO-VNBD model found
B1,S2,30,1260.0,1290.0,201.45976483885903,96.78872071515255,48.0436978533012,71.2408888226782,-2.092772434217764,MEASURED,
B2,S2,30,1260.0,1290.0,201.45976483885903,0.5898690287822864,0.29279743737123043,2.505982410159163,-2.092772434217764,MEASURED,
B3,S2,30,1260.0,1290.0,201.45976483885903,96.88458255671438,48.09128146963198,70.90394096411873,0.0,MEASURED,
B4,S2,30,1260.0,1290.0,201.45976483885903,4.415524387600411,2.191764887213207,11.885671827383206,-2.092772434217764,MEASURED,
X,S2,30,1260.0,1290.0,201.45976483885903,56.30232329091819,27.947180091246775,28.940401710655394,1.755340754921079,MEASURED,
CURRENT,S2,30,1260.0,1290.0,,,,,,NOT_FOUND,No dedicated IO-VNBD model found
B1,S2,30,1320.0,1350.0,192.3354501101228,14.542606825688756,7.561064181024507,12.169284057585404,1.8305147193360118,MEASURED,
B2,S2,30,1320.0,1350.0,192.3354501101228,3.073959227705766,1.5982281092465027,1.5937021883489386,1.8305147193360118,MEASURED,
B3,S2,30,1320.0,1350.0,192.3354501101228,12.619301627221612,6.5610898146942525,12.133083305227453,0.0,MEASURED,
B4,S2,30,1320.0,1350.0,192.3354501101228,22.827963178205437,11.868827699280166,15.439868892232775,1.8305147193360118,MEASURED,
X,S2,30,1320.0,1350.0,192.3354501101228,49.56107415682123,25.768039188014868,27.6922480586855,2.1443748301500247,MEASURED,
CURRENT,S2,30,1320.0,1350.0,,,,,,NOT_FOUND,No dedicated IO-VNBD model found
B1,S2,30,1380.0,1410.0,93.61968522741424,47.37368557296342,50.602269659299374,30.412722906927655,-7.294900617423667,MEASURED,
B2,S2,30,1380.0,1410.0,93.61968522741424,5.0918827238637165,5.438901777435888,2.6765958664694662,-7.294900617423667,MEASURED,
B3,S2,30,1380.0,1410.0,93.61968522741424,51.07682623411219,54.557784626214044,30.58136421483484,0.0,MEASURED,
B4,S2,30,1380.0,1410.0,93.61968522741424,84.9686294780523,90.75936249054094,53.23184385364062,-7.294900617423667,MEASURED,
X,S2,30,1380.0,1410.0,93.61968522741424,150.34547814319083,160.5917364259262,81.92798881624823,3.5441993058559005,MEASURED,
CURRENT,S2,30,1380.0,1410.0,,,,,,NOT_FOUND,No dedicated IO-VNBD model found
B1,S2,30,1440.0,1470.0,123.4895091494825,50.283445470209934,40.718799367274556,30.5930638676356,-8.881702750539986,MEASURED,
B2,S2,30,1440.0,1470.0,123.4895091494825,9.01827623200555,7.302868311743826,2.5480830043885723,-8.881702750539986,MEASURED,
B3,S2,30,1440.0,1470.0,123.4895091494825,43.20402723086898,34.98598992613295,29.56117477478831,0.0,MEASURED,
B4,S2,30,1440.0,1470.0,123.4895091494825,69.85764897861236,56.56970333735034,41.969193682921784,-8.881702750539986,MEASURED,
X,S2,30,1440.0,1470.0,123.4895091494825,63.74069442413483,51.61628292406403,36.5727215659739,3.414437859340232,MEASURED,
CURRENT,S2,30,1440.0,1470.0,,,,,,NOT_FOUND,No dedicated IO-VNBD model found
B1,S2,30,1500.0,1530.0,230.18423862823022,125.38319956204816,54.47080143682389,61.887766269887045,3.7060112114534043,MEASURED,
B2,S2,30,1500.0,1530.0,230.18423862823022,9.553976307304607,4.150577973644495,3.781477438813267,3.7060112114534043,MEASURED,
B3,S2,30,1500.0,1530.0,230.18423862823022,125.22557095163451,54.40232211289058,61.86942202458271,0.0,MEASURED,
B4,S2,30,1500.0,1530.0,230.18423862823022,139.89777881738559,60.776437018928135,68.21401858404819,3.7060112114534043,MEASURED,
X,S2,30,1500.0,1530.0,230.18423862823022,126.13680368324533,54.798193149518134,63.06756773813385,7.0905748887205595,MEASURED,
CURRENT,S2,30,1500.0,1530.0,,,,,,NOT_FOUND,No dedicated IO-VNBD model found
B1,S2,30,1560.0,1590.0,155.8900995146995,21.452548117823905,13.761328130912545,11.437012368982888,-4.65303254177003,MEASURED,
B2,S2,30,1560.0,1590.0,155.8900995146995,5.113181285202974,3.2799910328627586,1.5698312270230625,-4.65303254177003,MEASURED,
B3,S2,30,1560.0,1590.0,155.8900995146995,25.63360374121115,16.443381472595735,12.4955863878224,0.0,MEASURED,
B4,S2,30,1560.0,1590.0,155.8900995146995,31.972536492903473,20.509664560120864,16.44693588268732,-4.65303254177003,MEASURED,
X,S2,30,1560.0,1590.0,155.8900995146995,68.34561765360893,43.842179757646726,30.37166212474251,7.244711533665203,MEASURED,
CURRENT,S2,30,1560.0,1590.0,,,,,,NOT_FOUND,No dedicated IO-VNBD model found
B1,S2,30,1620.0,1650.0,216.76206985565335,51.29646560041724,23.664871642246585,42.29693205585144,0.27743692740569764,MEASURED,
B2,S2,30,1620.0,1650.0,216.76206985565335,7.833973566629996,3.6140887434073736,4.552195491450733,0.27743692740569764,MEASURED,
B3,S2,30,1620.0,1650.0,216.76206985565335,49.9850739897336,23.059880366993987,42.062732946323855,0.0,MEASURED,
B4,S2,30,1620.0,1650.0,216.76206985565335,23.661090647531616,10.915696949788336,7.617130085370363,0.27743692740569764,MEASURED,
X,S2,30,1620.0,1650.0,216.76206985565335,15.323658396960031,7.069344930671862,7.156875043975236,2.9503164269115527,MEASURED,
CURRENT,S2,30,1620.0,1650.0,,,,,,NOT_FOUND,No dedicated IO-VNBD model found
B1,S2,30,1800.0,1830.0,111.68789354986846,16.71342843221798,14.964404736271137,9.3262594473623,-1.8635719441435195,MEASURED,
B2,S2,30,1800.0,1830.0,111.68789354986846,3.7613543777583365,3.367736876583582,1.6880331690157298,-1.8635719441435195,MEASURED,
B3,S2,30,1800.0,1830.0,111.68789354986846,16.290640600782762,14.585860725817179,9.301659436716742,0.0,MEASURED,
B4,S2,30,1800.0,1830.0,111.68789354986846,23.215353182470576,20.78591729559745,14.177652003252835,-1.8635719441435195,MEASURED,
X,S2,30,1800.0,1830.0,111.68789354986846,23.68585740624199,21.20718428239162,10.59380242392711,6.211861589928646,MEASURED,
CURRENT,S2,30,1800.0,1830.0,,,,,,NOT_FOUND,No dedicated IO-VNBD model found
B1,S2,30,1860.0,1890.0,83.01336564197733,65.91113647658318,79.39822216201523,29.318153515503084,-6.943903438527209,MEASURED,
B2,S2,30,1860.0,1890.0,83.01336564197733,6.585894625198251,7.933535249735694,2.2767260416956816,-6.943903438527209,MEASURED,
B3,S2,30,1860.0,1890.0,83.01336564197733,65.95521433842848,79.45131946930354,29.342589485154726,0.0,MEASURED,
B4,S2,30,1860.0,1890.0,83.01336564197733,23.309153908687545,28.07879638227897,19.339644809247417,-6.943903438527209,MEASURED,
X,S2,30,1860.0,1890.0,83.01336564197733,26.746501206509993,32.21951188181328,12.397814955512231,2.4147895653328395,MEASURED,
CURRENT,S2,30,1860.0,1890.0,,,,,,NOT_FOUND,No dedicated IO-VNBD model found
B1,S2,30,1920.0,1950.0,155.80987312324947,38.80981943259448,24.908446849125504,19.31516862093527,0.09793091818858264,MEASURED,
B2,S2,30,1920.0,1950.0,155.80987312324947,4.046392814182868,2.5970066806883736,2.1298847888211285,0.09793091818858264,MEASURED,
B3,S2,30,1920.0,1950.0,155.80987312324947,39.07014864188023,25.075528179767385,19.716438249129908,0.0,MEASURED,
B4,S2,30,1920.0,1950.0,155.80987312324947,47.70897025860881,30.619991725986342,22.16526908057237,0.09793091818858264,MEASURED,
X,S2,30,1920.0,1950.0,155.80987312324947,61.65539613654858,39.57091736271271,27.119837492522024,8.246690030727759,MEASURED,
CURRENT,S2,30,1920.0,1950.0,,,,,,NOT_FOUND,No dedicated IO-VNBD model found
B1,S2,30,1980.0,2010.0,210.50947958416054,23.890977127643424,11.34912174731397,14.182856918528117,-5.82502356173062,MEASURED,
B2,S2,30,1980.0,2010.0,210.50947958416054,5.945338607738391,2.824261700462509,2.248658261210591,-5.82502356173062,MEASURED,
B3,S2,30,1980.0,2010.0,210.50947958416054,25.133018553225046,11.939138609279114,14.447034871307531,0.0,MEASURED,
B4,S2,30,1980.0,2010.0,210.50947958416054,11.038747974370063,5.2438246468405865,7.0172936203507525,-5.82502356173062,MEASURED,
X,S2,30,1980.0,2010.0,210.50947958416054,44.19752595116773,20.995503878720957,16.593052501214085,0.04900666652582788,MEASURED,
CURRENT,S2,30,1980.0,2010.0,,,,,,NOT_FOUND,No dedicated IO-VNBD model found
B1,S2,30,2040.0,2070.0,186.66539389887987,50.463432968893535,27.034166277350007,51.88164501942812,-0.5356372214622688,MEASURED,
B2,S2,30,2040.0,2070.0,186.66539389887987,1.0479483086740655,0.5614047075280374,0.675732244854589,-0.5356372214622688,MEASURED,
B3,S2,30,2040.0,2070.0,186.66539389887987,51.8928104723035,27.799909446747694,52.594650843173724,0.0,MEASURED,
B4,S2,30,2040.0,2070.0,186.66539389887987,83.70680675582118,44.84323794970091,46.15176813502704,-0.5356372214622688,MEASURED,
X,S2,30,2040.0,2070.0,186.66539389887987,61.42340043987128,32.90561745641267,36.71575722597987,0.9629387335439011,MEASURED,
CURRENT,S2,30,2040.0,2070.0,,,,,,NOT_FOUND,No dedicated IO-VNBD model found
B1,S2,30,2100.0,2130.0,158.8964421826993,105.25912544974437,66.24385291693146,92.80719904728618,-21.303329352698686,MEASURED,
B2,S2,30,2100.0,2130.0,158.8964421826993,24.981227553487027,15.721703526101349,16.770086147760463,-21.303329352698686,MEASURED,
B3,S2,30,2100.0,2130.0,158.8964421826993,103.78850137527903,65.31832931535553,92.17137236438208,0.0,MEASURED,
B4,S2,30,2100.0,2130.0,158.8964421826993,67.91923497769993,42.74433967477152,33.164377777914126,-21.303329352698686,MEASURED,
X,S2,30,2100.0,2130.0,158.8964421826993,7.54943401237582,4.751166173812421,3.604288833590642,-3.000634828737775,MEASURED,
CURRENT,S2,30,2100.0,2130.0,,,,,,NOT_FOUND,No dedicated IO-VNBD model found
B1,S2,30,2160.0,2190.0,408.54439318529967,68.27535154124132,16.7118562095342,33.13772740959893,-12.332043052778236,MEASURED,
B2,S2,30,2160.0,2190.0,408.54439318529967,40.4209818142935,9.893901981897995,17.305333345088588,-12.332043052778236,MEASURED,
B3,S2,30,2160.0,2190.0,408.54439318529967,56.281101241387475,13.776006275004876,28.417668041096988,0.0,MEASURED,
B4,S2,30,2160.0,2190.0,408.54439318529967,46.701840624865994,11.43127684625545,22.025237695336262,-12.332043052778236,MEASURED,
X,S2,30,2160.0,2190.0,408.54439318529967,36.07171934327973,8.829326737796894,14.73364574576942,-0.23165736234318912,MEASURED,
CURRENT,S2,30,2160.0,2190.0,,,,,,NOT_FOUND,No dedicated IO-VNBD model found
B1,S2,30,2220.0,2250.0,217.4396773883852,24.371841516665015,11.208553015433633,38.42252490446151,-6.7060183166624565,MEASURED,
B2,S2,30,2220.0,2250.0,217.4396773883852,2.13300497002072,0.9809640060359365,1.3393674941298421,-6.7060183166624565,MEASURED,
B3,S2,30,2220.0,2250.0,217.4396773883852,22.60903918682395,10.397844339347625,39.02003601764943,0.0,MEASURED,
B4,S2,30,2220.0,2250.0,217.4396773883852,11.286240790160411,5.190515790731797,23.040061809554416,-6.7060183166624565,MEASURED,
X,S2,30,2220.0,2250.0,217.4396773883852,16.79615623397566,7.7245130399889215,9.367317761892114,0.403079288908216,MEASURED,
CURRENT,S2,30,2220.0,2250.0,,,,,,NOT_FOUND,No dedicated IO-VNBD model found
B1,S2,30,2280.0,2310.0,426.59328552698423,48.828784858344,11.446215051890526,23.046641312560215,-7.018275611421175,MEASURED,
B2,S2,30,2280.0,2310.0,426.59328552698423,11.994295330904444,2.811646534963041,4.155378583888751,-7.018275611421175,MEASURED,
B3,S2,30,2280.0,2310.0,426.59328552698423,47.63498186271636,11.16636934495379,22.57282687797168,0.0,MEASURED,
B4,S2,30,2280.0,2310.0,426.59328552698423,23.713068026876723,5.558706344283693,10.95186474036249,-7.018275611421175,MEASURED,
X,S2,30,2280.0,2310.0,426.59328552698423,81.18055993036158,19.02996664142912,38.36677817983052,2.0602969900116364,MEASURED,
CURRENT,S2,30,2280.0,2310.0,,,,,,NOT_FOUND,No dedicated IO-VNBD model found
B1,S2,30,2340.0,2370.0,418.57792172813475,26.397995055010202,6.3065904063988425,14.607324769046858,-5.913732867689807,MEASURED,
B2,S2,30,2340.0,2370.0,418.57792172813475,25.31039315340461,6.046757805311013,13.527457553738861,-5.913732867689807,MEASURED,
B3,S2,30,2340.0,2370.0,418.57792172813475,7.443429642998314,1.7782661857241486,6.017714802267111,0.0,MEASURED,
B4,S2,30,2340.0,2370.0,418.57792172813475,33.142390306339536,7.917854379301311,15.532513409866187,-5.913732867689807,MEASURED,
X,S2,30,2340.0,2370.0,418.57792172813475,48.5524069874775,11.599371220303434,23.438121579642267,6.076682458326772,MEASURED,
CURRENT,S2,30,2340.0,2370.0,,,,,,NOT_FOUND,No dedicated IO-VNBD model found
B1,S2,30,2460.0,2490.0,149.06422303942972,67.57148876976999,45.330453808420756,23.741716438095484,-8.043478667040503,MEASURED,
B2,S2,30,2460.0,2490.0,149.06422303942972,11.414859892480571,7.657679126305962,6.918093734950915,-8.043478667040503,MEASURED,
B3,S2,30,2460.0,2490.0,149.06422303942972,64.79170463355052,43.46563066069324,21.810414719547314,0.0,MEASURED,
B4,S2,30,2460.0,2490.0,149.06422303942972,62.63775905002855,42.02065242272113,23.11875299321291,-8.043478667040503,MEASURED,
X,S2,30,2460.0,2490.0,149.06422303942972,104.73168483115961,70.2594376408191,43.531011029313326,9.120316327733738,MEASURED,
CURRENT,S2,30,2460.0,2490.0,,,,,,NOT_FOUND,No dedicated IO-VNBD model found
B1,S2,30,2520.0,2550.0,201.32597099661547,168.4496242641835,83.67009155863718,69.73631852153297,-20.473988167734355,MEASURED,
B2,S2,30,2520.0,2550.0,201.32597099661547,37.43842555014974,18.595924492413907,13.33989929225627,-20.473988167734355,MEASURED,
B3,S2,30,2520.0,2550.0,201.32597099661547,168.35054247106507,83.62087694781079,69.77476438076911,0.0,MEASURED,
B4,S2,30,2520.0,2550.0,201.32597099661547,94.4927156113574,46.93518433990115,44.59625879208637,-20.473988167734355,MEASURED,
X,S2,30,2520.0,2550.0,201.32597099661547,38.683039804574705,19.21413298695826,19.79398247865128,-8.424274903662646,MEASURED,
CURRENT,S2,30,2520.0,2550.0,,,,,,NOT_FOUND,No dedicated IO-VNBD model found
B1,S2,30,2580.0,2610.0,421.7544346509869,160.98630937747652,38.170626352914816,88.97114961223956,-17.03383161893148,MEASURED,
B2,S2,30,2580.0,2610.0,421.7544346509869,67.38783186064751,15.977978255619943,31.912771752895942,-17.03383161893148,MEASURED,
B3,S2,30,2580.0,2610.0,421.7544346509869,150.42350395074905,35.66613450673697,84.76650302388859,0.0,MEASURED,
B4,S2,30,2580.0,2610.0,421.7544346509869,85.76532080061922,20.33536905701829,42.80358778686882,-17.03383161893148,MEASURED,
X,S2,30,2580.0,2610.0,421.7544346509869,62.46439032094117,14.810606644274442,21.03675388317456,-3.8657873614237004,MEASURED,
CURRENT,S2,30,2580.0,2610.0,,,,,,NOT_FOUND,No dedicated IO-VNBD model found
B1,S2,30,2640.0,2670.0,308.23822970391865,76.94883941818497,24.96408037773217,23.341237509066225,-12.496092431796077,MEASURED,
B2,S2,30,2640.0,2670.0,308.23822970391865,7.798812070295652,2.530124857577491,4.500450166124623,-12.496092431796077,MEASURED,
B3,S2,30,2640.0,2670.0,308.23822970391865,78.41524990734796,25.439819707850813,23.88286280967706,0.0,MEASURED,
B4,S2,30,2640.0,2670.0,308.23822970391865,90.90059360660123,29.49036973574521,27.669945886757315,-12.496092431796077,MEASURED,
X,S2,30,2640.0,2670.0,308.23822970391865,8.447820305308891,2.7406789590712126,9.834651878951298,-7.810473455782326,MEASURED,
CURRENT,S2,30,2640.0,2670.0,,,,,,NOT_FOUND,No dedicated IO-VNBD model found
B1,S2,30,2820.0,2850.0,151.24617144531516,172.65883982856883,114.15749448639477,120.60040259094482,-16.35138517645011,MEASURED,
B2,S2,30,2820.0,2850.0,151.24617144531516,26.348071862017026,17.420653766130858,9.210787366846946,-16.35138517645011,MEASURED,
B3,S2,30,2820.0,2850.0,151.24617144531516,173.24522151427254,114.54519467086902,120.68349087587316,0.0,MEASURED,
B4,S2,30,2820.0,2850.0,151.24617144531516,119.39816496883608,78.94293377998392,83.13935958973488,-16.35138517645011,MEASURED,
X,S2,30,2820.0,2850.0,151.24617144531516,20.216585967565912,13.366676177238283,8.342512851578151,0.9907239799049524,MEASURED,
CURRENT,S2,30,2820.0,2850.0,,,,,,NOT_FOUND,No dedicated IO-VNBD model found
B1,S2,30,2880.0,2910.0,113.23352300292386,240.18500781038702,212.11475315855455,134.4502595959779,-18.659232379940693,MEASURED,
B2,S2,30,2880.0,2910.0,113.23352300292386,13.327414990841305,11.769849279084227,8.844135902980668,-18.659232379940693,MEASURED,
B3,S2,30,2880.0,2910.0,113.23352300292386,244.90695106735825,216.28484619438572,135.379226639358,0.0,MEASURED,
B4,S2,30,2880.0,2910.0,113.23352300292386,36.75147208029114,32.456353123749544,18.83377645412522,-18.659232379940693,MEASURED,
X,S2,30,2880.0,2910.0,113.23352300292386,21.930536671688397,19.36753011837503,13.458454485645856,0.7767942842848955,MEASURED,
CURRENT,S2,30,2880.0,2910.0,,,,,,NOT_FOUND,No dedicated IO-VNBD model found
B1,S2,30,2940.0,2970.0,286.630436716128,217.19572625839572,75.77552780045521,126.64532230469024,-14.522847201558669,MEASURED,
B2,S2,30,2940.0,2970.0,286.630436716128,44.17812093404931,15.412920358420372,21.434802424313858,-14.522847201558669,MEASURED,
B3,S2,30,2940.0,2970.0,286.630436716128,217.19572625839572,75.77552780045521,126.64532230469024,0.0,MEASURED,
B4,S2,30,2940.0,2970.0,286.630436716128,97.79633584542529,34.11931299615626,55.11358222083578,-14.522847201558669,MEASURED,
X,S2,30,2940.0,2970.0,286.630436716128,32.33444625455572,11.280883713887997,13.970687977620395,0.571833654064899,MEASURED,
CURRENT,S2,30,2940.0,2970.0,,,,,,NOT_FOUND,No dedicated IO-VNBD model found
B1,S2,30,3000.0,3030.0,321.047950842885,34.42425031177343,10.722463800623984,19.205520066347802,-25.47108519023532,MEASURED,
B2,S2,30,3000.0,3030.0,321.047950842885,56.68649254710128,17.656705921428735,21.59541501545236,-25.47108519023532,MEASURED,
B3,S2,30,3000.0,3030.0,321.047950842885,26.80357829720986,8.348777254874006,18.6850646128853,0.0,MEASURED,
B4,S2,30,3000.0,3030.0,321.047950842885,52.73594272881882,16.4261888575725,45.344640947793245,-25.47108519023532,MEASURED,
X,S2,30,3000.0,3030.0,321.047950842885,17.60507673801839,5.4836284398631765,7.745052573579057,-2.1456524416424365,MEASURED,
CURRENT,S2,30,3000.0,3030.0,,,,,,NOT_FOUND,No dedicated IO-VNBD model found
B1,S2,30,3060.0,3090.0,207.41326475689448,45.30989407327434,21.84522485887356,33.28264382460653,-17.01264724771536,MEASURED,
B2,S2,30,3060.0,3090.0,207.41326475689448,17.26185650902116,8.322445784387748,11.83159389942189,-17.01264724771536,MEASURED,
B3,S2,30,3060.0,3090.0,207.41326475689448,41.12668287365421,19.828376416454407,31.61308921586494,0.0,MEASURED,
B4,S2,30,3060.0,3090.0,207.41326475689448,84.0463198391895,40.52118842914832,30.583854707183132,-17.01264724771536,MEASURED,
X,S2,30,3060.0,3090.0,207.41326475689448,31.266269497454193,15.074382795189521,14.48626019908403,-2.506101433934346,MEASURED,
CURRENT,S2,30,3060.0,3090.0,,,,,,NOT_FOUND,No dedicated IO-VNBD model found
B1,S2,30,3120.0,3150.0,296.31607205417504,80.50215190425938,27.167663011387816,35.3932729270334,-26.86000459260367,MEASURED,
B2,S2,30,3120.0,3150.0,296.31607205417504,64.6369172781006,21.813503678694527,27.692586008293365,-26.86000459260367,MEASURED,
B3,S2,30,3120.0,3150.0,296.31607205417504,54.1641792496583,18.27919048540693,22.870092901776005,0.0,MEASURED,
B4,S2,30,3120.0,3150.0,296.31607205417504,98.02710715957892,33.08194067234287,44.6448924355537,-26.86000459260367,MEASURED,
X,S2,30,3120.0,3150.0,296.31607205417504,135.97146770086744,45.88730768407593,59.93328765402448,-5.756735897540408,MEASURED,
CURRENT,S2,30,3120.0,3150.0,,,,,,NOT_FOUND,No dedicated IO-VNBD model found
B1,S2,30,3480.0,3510.0,66.18536313155818,119.81560351812873,181.0303635865357,69.02664006565226,-13.871761463322867,MEASURED,
B2,S2,30,3480.0,3510.0,66.18536313155818,8.176698573291521,12.354239950362603,3.742715296310897,-13.871761463322867,MEASURED,
B3,S2,30,3480.0,3510.0,66.18536313155818,118.95379118552947,179.7282443688981,68.7059761284983,0.0,MEASURED,
B4,S2,30,3480.0,3510.0,66.18536313155818,11.73071136634972,17.724026599404333,7.100157962561854,-13.871761463322867,MEASURED,
X,S2,30,3480.0,3510.0,66.18536313155818,43.07263206674854,65.07878785998662,14.86629453649624,-0.7130626562278708,MEASURED,
CURRENT,S2,30,3480.0,3510.0,,,,,,NOT_FOUND,No dedicated IO-VNBD model found
B1,S2,30,3540.0,3570.0,19.939286081636574,33.33047227659929,167.15980772900167,19.02285078963937,-15.179498424257671,MEASURED,
B2,S2,30,3540.0,3570.0,19.939286081636574,2.917192416087076,14.630375451474736,1.491504775060714,-15.179498424257671,MEASURED,
B3,S2,30,3540.0,3570.0,19.939286081636574,33.116801977087476,166.08820316584433,18.94156741512058,0.0,MEASURED,
B4,S2,30,3540.0,3570.0,19.939286081636574,28.643895096576294,143.65557011068907,16.97453763063144,-15.179498424257671,MEASURED,
X,S2,30,3540.0,3570.0,19.939286081636574,132.29121499478435,663.4701686567414,60.0078221364678,-3.2045862836263663,MEASURED,
CURRENT,S2,30,3540.0,3570.0,,,,,,NOT_FOUND,No dedicated IO-VNBD model found
B1,S2,30,3600.0,3630.0,201.3210991277795,116.5930608827569,57.91397989971966,59.00423945046768,-16.864748704478476,MEASURED,
B2,S2,30,3600.0,3630.0,201.3210991277795,29.493309852565666,14.649885173657887,11.561125609085263,-16.864748704478476,MEASURED,
B3,S2,30,3600.0,3630.0,201.3210991277795,117.06371060367692,58.14776052329021,59.41308876828331,0.0,MEASURED,
B4,S2,30,3600.0,3630.0,201.3210991277795,126.01323168150165,62.59315701506301,65.43340074525659,-16.864748704478476,MEASURED,
X,S2,30,3600.0,3630.0,201.3210991277795,46.86345750707865,23.277966248999157,20.448562930245732,1.1705152870748343,MEASURED,
CURRENT,S2,30,3600.0,3630.0,,,,,,NOT_FOUND,No dedicated IO-VNBD model found
B1,S2,30,3660.0,3690.0,231.53445772878013,82.16541579984052,35.48733808601795,42.723612498850905,-22.04926672163839,MEASURED,
B2,S2,30,3660.0,3690.0,231.53445772878013,46.174584849385546,19.942856584860703,16.61598802851807,-22.04926672163839,MEASURED,
B3,S2,30,3660.0,3690.0,231.53445772878013,50.602819915469304,21.855416429957714,31.522300309877682,0.0,MEASURED,
B4,S2,30,3660.0,3690.0,231.53445772878013,86.44083578452329,37.33389692076858,49.71625037611986,-22.04926672163839,MEASURED,
X,S2,30,3660.0,3690.0,231.53445772878013,16.893246039653484,7.296212496993541,11.140221010208032,-2.3500164910814783,MEASURED,
CURRENT,S2,30,3660.0,3690.0,,,,,,NOT_FOUND,No dedicated IO-VNBD model found
B1,S2,30,3720.0,3750.0,275.37816090212743,21.82381816236729,7.925035918198221,13.309886334948107,-7.901597007702791,MEASURED,
B2,S2,30,3720.0,3750.0,275.37816090212743,15.939593936339705,5.788256368668545,6.932324730962408,-7.901597007702791,MEASURED,
B3,S2,30,3720.0,3750.0,275.37816090212743,24.751975421787392,8.988358169253853,11.097202209710707,0.0,MEASURED,
B4,S2,30,3720.0,3750.0,275.37816090212743,28.604234341145187,10.387255927426816,18.922951412471573,-7.901597007702791,MEASURED,
X,S2,30,3720.0,3750.0,275.37816090212743,15.316493267758212,5.5619854594068086,11.05828773893791,1.9122939340062846,MEASURED,
CURRENT,S2,30,3720.0,3750.0,,,,,,NOT_FOUND,No dedicated IO-VNBD model found
B1,S2,30,3780.0,3810.0,47.55863365258411,318.11668877133616,668.8936673311076,171.8984340805082,-15.384912203656965,MEASURED,
B2,S2,30,3780.0,3810.0,47.55863365258411,2.331967160247628,4.903351886184645,2.288918982774954,-15.384912203656965,MEASURED,
B3,S2,30,3780.0,3810.0,47.55863365258411,318.22117711728225,669.1133715949209,171.83835694211328,0.0,MEASURED,
B4,S2,30,3780.0,3810.0,47.55863365258411,229.88440388860798,483.37049707507134,119.97327138328879,-15.384912203656965,MEASURED,
X,S2,30,3780.0,3810.0,47.55863365258411,12.613932722077859,26.522908152119456,11.507624654199695,-3.710865586620243,MEASURED,
CURRENT,S2,30,3780.0,3810.0,,,,,,NOT_FOUND,No dedicated IO-VNBD model found
B1,S2,30,3900.0,3930.0,163.88827719127752,100.35387101384278,61.23309899506578,41.705738933399765,-13.524269683206995,MEASURED,
B2,S2,30,3900.0,3930.0,163.88827719127752,11.342628694446514,6.920951814758714,6.47059874364295,-13.524269683206995,MEASURED,
B3,S2,30,3900.0,3930.0,163.88827719127752,102.52587836431623,62.55839656222396,43.12122049217148,0.0,MEASURED,
B4,S2,30,3900.0,3930.0,163.88827719127752,86.26545259647007,52.63674380797097,35.90704920858907,-13.524269683206995,MEASURED,
X,S2,30,3900.0,3930.0,163.88827719127752,47.71760773063829,29.115937117909933,25.00757643882058,-2.7912254497324813,MEASURED,
CURRENT,S2,30,3900.0,3930.0,,,,,,NOT_FOUND,No dedicated IO-VNBD model found
B1,S2,30,3960.0,3990.0,278.03126305357364,37.545741926105734,13.504143927465838,27.219680442664618,4.354378383924443,MEASURED,
B2,S2,30,3960.0,3990.0,278.03126305357364,0.9583070175028622,0.3446759932598683,1.1467965401261018,4.354378383924443,MEASURED,
B3,S2,30,3960.0,3990.0,278.03126305357364,37.361340367524335,13.437819890177316,27.012520334971192,0.0,MEASURED,
B4,S2,30,3960.0,3990.0,278.03126305357364,16.6115528948628,5.9747068413892475,18.135551981252775,4.354378383924443,MEASURED,
X,S2,30,3960.0,3990.0,278.03126305357364,75.50088924051293,27.155539420746624,27.005375985030465,-4.592114182959787,MEASURED,
CURRENT,S2,30,3960.0,3990.0,,,,,,NOT_FOUND,No dedicated IO-VNBD model found
B1,S2,30,4020.0,4050.0,314.34293766679747,92.43685310416859,29.406371840346978,72.50212104211445,-7.703109440913409,MEASURED,
B2,S2,30,4020.0,4050.0,314.34293766679747,12.54812272738881,3.99185768909807,4.68592764037512,-7.703109440913409,MEASURED,
B3,S2,30,4020.0,4050.0,314.34293766679747,96.19089182450567,30.600621263668316,73.19630553831601,0.0,MEASURED,
B4,S2,30,4020.0,4050.0,314.34293766679747,36.476312265616485,11.603986568415054,13.150141879885323,-7.703109440913409,MEASURED,
X,S2,30,4020.0,4050.0,314.34293766679747,75.87230010775521,24.13679170619052,34.45710401776679,-2.552185554596432,MEASURED,
CURRENT,S2,30,4020.0,4050.0,,,,,,NOT_FOUND,No dedicated IO-VNBD model found
B1,S2,30,4140.0,4170.0,257.2809314874261,56.30844940047152,21.885978519641455,31.846559448478608,-3.0492982491966485,MEASURED,
B2,S2,30,4140.0,4170.0,257.2809314874261,6.939666854781486,2.697310995673476,3.1712667558489773,-3.0492982491966485,MEASURED,
B3,S2,30,4140.0,4170.0,257.2809314874261,55.164190444099624,21.441227737002198,31.352450817334528,0.0,MEASURED,
B4,S2,30,4140.0,4170.0,257.2809314874261,20.632051633385096,8.01926964198411,11.405653958009124,-3.0492982491966485,MEASURED,
X,S2,30,4140.0,4170.0,257.2809314874261,9.519042416481119,3.699863165703105,3.668913175057123,-3.0454177278028,MEASURED,
CURRENT,S2,30,4140.0,4170.0,,,,,,NOT_FOUND,No dedicated IO-VNBD model found
B1,S2,30,4200.0,4230.0,221.90269954471256,138.30102262921167,62.32507441908995,67.34247213616578,-6.418186355901382,MEASURED,
B2,S2,30,4200.0,4230.0,221.90269954471256,24.54327471360265,11.06037680657295,10.959404042939521,-6.418186355901382,MEASURED,
B3,S2,30,4200.0,4230.0,221.90269954471256,137.46922416113324,61.950226132077184,67.01298723520945,0.0,MEASURED,
B4,S2,30,4200.0,4230.0,221.90269954471256,106.31830397279037,47.91212733821097,50.08953615407103,-6.418186355901382,MEASURED,
X,S2,30,4200.0,4230.0,221.90269954471256,2.4609116486288785,1.1090048267452528,3.4341097451031146,-2.9266088762163966,MEASURED,
CURRENT,S2,30,4200.0,4230.0,,,,,,NOT_FOUND,No dedicated IO-VNBD model found
B1,S2,30,4260.0,4290.0,277.1649484748969,109.68170322323981,39.57271791644815,54.29320411400421,-4.422727125624683,MEASURED,
B2,S2,30,4260.0,4290.0,277.1649484748969,7.691107116894143,2.774920551539631,8.377085878299456,-4.422727125624683,MEASURED,
B3,S2,30,4260.0,4290.0,277.1649484748969,109.41006319428789,39.47471128521768,54.18498880555172,0.0,MEASURED,
B4,S2,30,4260.0,4290.0,277.1649484748969,63.326990562699656,22.84812380178558,29.884781677248885,-4.422727125624683,MEASURED,
X,S2,30,4260.0,4290.0,277.1649484748969,13.560610225686851,4.8926136945902625,7.047785304388262,-1.811360408465328,MEASURED,
CURRENT,S2,30,4260.0,4290.0,,,,,,NOT_FOUND,No dedicated IO-VNBD model found
B1,S2,30,4320.0,4350.0,344.47497468032805,83.82894158198731,24.335277667058506,44.30307466548149,2.5395907140534586,MEASURED,
B2,S2,30,4320.0,4350.0,344.47497468032805,5.116016610939789,1.485163505908503,2.9492831122797614,2.5395907140534586,MEASURED,
B3,S2,30,4320.0,4350.0,344.47497468032805,83.70011618084878,24.297880058928023,43.995216392207176,0.0,MEASURED,
B4,S2,30,4320.0,4350.0,344.47497468032805,59.689965044057864,17.327808819624707,31.28622512935544,2.5395907140534586,MEASURED,
X,S2,30,4320.0,4350.0,344.47497468032805,110.06516156898142,31.95156968111301,52.04805365953038,-4.783147178719498,MEASURED,
CURRENT,S2,30,4320.0,4350.0,,,,,,NOT_FOUND,No dedicated IO-VNBD model found
B1,S2,30,4380.0,4410.0,201.97308323748683,250.3802113093764,123.96711843774291,110.0380501668795,-8.496209403773532,MEASURED,
B2,S2,30,4380.0,4410.0,201.97308323748683,3.610827743189662,1.7877767102975437,2.5432637963064115,-8.496209403773532,MEASURED,
B3,S2,30,4380.0,4410.0,201.97308323748683,250.1482065232762,123.8522492767729,109.88128476404125,0.0,MEASURED,
B4,S2,30,4380.0,4410.0,201.97308323748683,226.12881079750122,111.95987463914251,98.09275977089156,-8.496209403773532,MEASURED,
X,S2,30,4380.0,4410.0,201.97308323748683,13.176371236446522,6.523825365854963,7.723530620187586,-6.098309120304031,MEASURED,
CURRENT,S2,30,4380.0,4410.0,,,,,,NOT_FOUND,No dedicated IO-VNBD model found
B1,S2,30,4440.0,4470.0,433.1916197354394,35.44688563807822,8.18272654021481,14.777718389032362,-7.152340170110469,MEASURED,
B2,S2,30,4440.0,4470.0,433.1916197354394,25.183916877008098,5.8135743467033185,13.114699513273555,-7.152340170110469,MEASURED,
B3,S2,30,4440.0,4470.0,433.1916197354394,21.07645427339557,4.865388274654867,5.399805825883993,0.0,MEASURED,
B4,S2,30,4440.0,4470.0,433.1916197354394,36.053459924424175,8.322751014076148,14.868691492532886,-7.152340170110469,MEASURED,
X,S2,30,4440.0,4470.0,433.1916197354394,16.841445916237163,3.8877589383014013,8.184643256419669,-4.702171354182164,MEASURED,
CURRENT,S2,30,4440.0,4470.0,,,,,,NOT_FOUND,No dedicated IO-VNBD model found
B1,S2,30,4500.0,4530.0,226.30684514310482,72.4646042874106,32.02050925220035,82.04139949016188,-9.125364345855228,MEASURED,
B2,S2,30,4500.0,4530.0,226.30684514310482,10.274587339849063,4.540113372775774,6.811010739864842,-9.125364345855228,MEASURED,
B3,S2,30,4500.0,4530.0,226.30684514310482,65.94997812756434,29.141839737927928,80.89449822044344,0.0,MEASURED,
B4,S2,30,4500.0,4530.0,226.30684514310482,83.10441581143695,36.72200713101983,30.637932203954147,-9.125364345855228,MEASURED,
X,S2,30,4500.0,4530.0,226.30684514310482,38.39255834591999,16.964824162363495,22.804583631770168,-1.507404258830255,MEASURED,
CURRENT,S2,30,4500.0,4530.0,,,,,,NOT_FOUND,No dedicated IO-VNBD model found
B1,S2,30,4560.0,4590.0,256.4452591619156,128.63318365441881,50.160094234068794,47.015845715480445,-13.895954818824064,MEASURED,
B2,S2,30,4560.0,4590.0,256.4452591619156,18.467808692610443,7.201462313230034,11.253104516189133,-13.895954818824064,MEASURED,
B3,S2,30,4560.0,4590.0,256.4452591619156,125.08071391286123,48.77482013964126,44.51249317253434,0.0,MEASURED,
B4,S2,30,4560.0,4590.0,256.4452591619156,119.44916196825936,46.578814659560926,44.39948783112577,-13.895954818824064,MEASURED,
X,S2,30,4560.0,4590.0,256.4452591619156,10.489339280109595,4.090283951588588,4.285180455517172,-4.171701269920117,MEASURED,
CURRENT,S2,30,4560.0,4590.0,,,,,,NOT_FOUND,No dedicated IO-VNBD model found
B1,S2,30,4620.0,4650.0,305.75916425798107,192.32018060880446,62.89923674913513,70.8233374657686,-8.433235849906579,MEASURED,
B2,S2,30,4620.0,4650.0,305.75916425798107,5.091232573469913,1.665112012529652,4.409379915751943,-8.433235849906579,MEASURED,
B3,S2,30,4620.0,4650.0,305.75916425798107,192.908194283317,63.09154943939889,71.00599017255026,0.0,MEASURED,
B4,S2,30,4620.0,4650.0,305.75916425798107,231.41810781939566,75.68640121744285,92.56278897834706,-8.433235849906579,MEASURED,
X,S2,30,4620.0,4650.0,305.75916425798107,86.10791780221845,28.16200718339412,41.447907238961136,-3.5971545111826906,MEASURED,
CURRENT,S2,30,4620.0,4650.0,,,,,,NOT_FOUND,No dedicated IO-VNBD model found
B1,S2,30,4680.0,4710.0,219.87979965240788,33.947207552299034,15.438984211357171,22.750578165045898,-9.952356174054652,MEASURED,
B2,S2,30,4680.0,4710.0,219.87979965240788,16.80570006073417,7.643130513717535,8.89468697497376,-9.952356174054652,MEASURED,
B3,S2,30,4680.0,4710.0,219.87979965240788,19.97985128020493,9.086715247052997,19.090117077549763,0.0,MEASURED,
B4,S2,30,4680.0,4710.0,219.87979965240788,60.07114119844948,27.319990873837256,31.66833955682952,-9.952356174054652,MEASURED,
X,S2,30,4680.0,4710.0,219.87979965240788,45.70358323523307,20.785712606379747,22.529190259656403,-3.8272470047044176,MEASURED,
CURRENT,S2,30,4680.0,4710.0,,,,,,NOT_FOUND,No dedicated IO-VNBD model found
B1,S2,30,4740.0,4770.0,149.32076536830533,27.299646567792834,18.282551995000308,22.261747333911277,-13.06987553940531,MEASURED,
B2,S2,30,4740.0,4770.0,149.32076536830533,13.070324448599203,8.753186079886982,5.669695028702661,-13.06987553940531,MEASURED,
B3,S2,30,4740.0,4770.0,149.32076536830533,27.843712478992806,18.646912511006246,23.235158216183667,0.0,MEASURED,
B4,S2,30,4740.0,4770.0,149.32076536830533,10.780874539665804,7.219943263131801,7.831971390016823,-13.06987553940531,MEASURED,
X,S2,30,4740.0,4770.0,149.32076536830533,46.13546997608191,30.896888227358744,18.28302328692355,-3.193442966213597,MEASURED,
CURRENT,S2,30,4740.0,4770.0,,,,,,NOT_FOUND,No dedicated IO-VNBD model found
B1,S2,30,4800.0,4830.0,447.1937900289627,334.56105987851424,74.81344046768767,209.45822516690674,-20.745192539131484,MEASURED,
B2,S2,30,4800.0,4830.0,447.1937900289627,62.59594237788397,13.997498125774491,31.328079664506436,-20.745192539131484,MEASURED,
B3,S2,30,4800.0,4830.0,447.1937900289627,333.4490678060933,74.5647804689992,208.76713536697503,0.0,MEASURED,
B4,S2,30,4800.0,4830.0,447.1937900289627,213.16502191993305,47.667258954138724,131.51174123999655,-20.745192539131484,MEASURED,
X,S2,30,4800.0,4830.0,447.1937900289627,8.013692903387657,1.7919955692740381,13.24029891279403,-3.0802404597847315,MEASURED,
CURRENT,S2,30,4800.0,4830.0,,,,,,NOT_FOUND,No dedicated IO-VNBD model found
B1,S2,30,4860.0,4890.0,166.406801018068,179.51515317165098,107.87729352008859,84.46138700014161,-5.8983197744975095,MEASURED,
B2,S2,30,4860.0,4890.0,166.406801018068,4.54629667589712,2.7320377821598143,2.915858646653779,-5.8983197744975095,MEASURED,
B3,S2,30,4860.0,4890.0,166.406801018068,179.44848105494552,107.8372277798078,84.2012097502533,0.0,MEASURED,
B4,S2,30,4860.0,4890.0,166.406801018068,40.87144484387018,24.56116252089509,22.69498742761961,-5.8983197744975095,MEASURED,
X,S2,30,4860.0,4890.0,166.406801018068,94.38321669522742,56.71836494530025,49.742255515581135,-3.7130217436897603,MEASURED,
CURRENT,S2,30,4860.0,4890.0,,,,,,NOT_FOUND,No dedicated IO-VNBD model found
B1,S2,30,4920.0,4950.0,628.0244312085606,87.90007634835843,13.996282943834661,29.745616400605286,-8.28426214636979,MEASURED,
B2,S2,30,4920.0,4950.0,628.0244312085606,38.152749333401175,6.075042217701723,16.532055031940214,-8.28426214636979,MEASURED,
B3,S2,30,4920.0,4950.0,628.0244312085606,77.29532401393455,12.30769380503058,24.136476809509933,0.0,MEASURED,
B4,S2,30,4920.0,4950.0,628.0244312085606,77.29339113258962,12.307386033350232,26.913647577022147,-8.28426214636979,MEASURED,
X,S2,30,4920.0,4950.0,628.0244312085606,4.8196321478077175,0.7674274929930498,7.64087743889098,0.3229428037785618,MEASURED,
CURRENT,S2,30,4920.0,4950.0,,,,,,NOT_FOUND,No dedicated IO-VNBD model found
B1,S2,30,4980.0,5010.0,366.32214364925375,72.54341014596125,19.80317362835159,36.80888852535987,-14.658821964441433,MEASURED,
B2,S2,30,4980.0,5010.0,366.32214364925375,54.44950797874593,14.863831991243275,25.65814026085828,-14.658821964441433,MEASURED,
B3,S2,30,4980.0,5010.0,366.32214364925375,50.08878962601763,13.67342665312001,26.672099221595946,0.0,MEASURED,
B4,S2,30,4980.0,5010.0,366.32214364925375,59.018478395318844,16.11108676297436,28.74733191460511,-14.658821964441433,MEASURED,
X,S2,30,4980.0,5010.0,366.32214364925375,46.61794556385242,12.725942554127494,22.551003615104797,2.021218452993518,MEASURED,
CURRENT,S2,30,4980.0,5010.0,,,,,,NOT_FOUND,No dedicated IO-VNBD model found
B1,S2,30,5040.0,5070.0,406.4654346430224,59.24303342786762,14.575171313127209,27.871174704649214,-12.432468857875726,MEASURED,
B2,S2,30,5040.0,5070.0,406.4654346430224,43.65795851306787,10.740878508257511,21.570078378590576,-12.432468857875726,MEASURED,
B3,S2,30,5040.0,5070.0,406.4654346430224,17.964542100154926,4.419697363917859,9.394128659983195,0.0,MEASURED,
B4,S2,30,5040.0,5070.0,406.4654346430224,67.85672464637307,16.694340739199173,29.19444308873502,-12.432468857875726,MEASURED,
X,S2,30,5040.0,5070.0,406.4654346430224,47.94795483745875,11.796317903284685,22.22564262902951,-1.242240645946256,MEASURED,
CURRENT,S2,30,5040.0,5070.0,,,,,,NOT_FOUND,No dedicated IO-VNBD model found
B1,S2,30,5100.0,5130.0,126.663104642306,27.47051378504012,21.687857614588154,31.974133271647155,-11.480608015515761,MEASURED,
B2,S2,30,5100.0,5130.0,126.663104642306,7.061238774627238,5.574818961344767,7.937262548664115,-11.480608015515761,MEASURED,
B3,S2,30,5100.0,5130.0,126.663104642306,29.10082137676137,22.974978750869475,13.6197498654257,0.0,MEASURED,
B4,S2,30,5100.0,5130.0,126.663104642306,54.490542026343995,43.020058745776176,44.61758884025652,-11.480608015515761,MEASURED,
X,S2,30,5100.0,5130.0,126.663104642306,28.239518099641355,22.294983357141902,11.82708439007608,0.1642095299248163,MEASURED,
CURRENT,S2,30,5100.0,5130.0,,,,,,NOT_FOUND,No dedicated IO-VNBD model found
B1,S2,30,5160.0,5190.0,486.39920410123017,370.50404949373626,76.17283218593144,186.0563760930548,-13.67713545032019,MEASURED,
B2,S2,30,5160.0,5190.0,486.39920410123017,72.83601945326166,14.974535081291561,30.23102016103924,-13.67713545032019,MEASURED,
B3,S2,30,5160.0,5190.0,486.39920410123017,369.3947745585498,75.94477364351746,185.73111170266858,0.0,MEASURED,
B4,S2,30,5160.0,5190.0,486.39920410123017,318.2839569992138,65.43677586548272,155.04104622303487,-13.67713545032019,MEASURED,
X,S2,30,5160.0,5190.0,486.39920410123017,133.62175563342598,27.47162300159036,57.33052986398072,-2.262711710791703,MEASURED,
CURRENT,S2,30,5160.0,5190.0,,,,,,NOT_FOUND,No dedicated IO-VNBD model found
B1,S2,30,5220.0,5250.0,548.9327819949616,244.19265323184922,44.484982723092415,126.36307075705724,-15.992246663971576,MEASURED,
B2,S2,30,5220.0,5250.0,548.9327819949616,87.69075466954126,15.974770963914873,43.65116694903135,-15.992246663971576,MEASURED,
B3,S2,30,5220.0,5250.0,548.9327819949616,221.10677475387018,40.27938975521044,115.53559675773332,0.0,MEASURED,
B4,S2,30,5220.0,5250.0,548.9327819949616,216.83335756946462,39.50089422268369,110.25312038304396,-15.992246663971576,MEASURED,
X,S2,30,5220.0,5250.0,548.9327819949616,12.584394460922931,2.292520117889122,4.751337660032738,-1.2734525601169338,MEASURED,
CURRENT,S2,30,5220.0,5250.0,,,,,,NOT_FOUND,No dedicated IO-VNBD model found
B1,S2,30,5280.0,5310.0,818.5226818280079,119.497238518355,14.599135878737245,50.26758681808168,-18.73516565454548,MEASURED,
B2,S2,30,5280.0,5310.0,818.5226818280079,112.12665297532038,13.698661682154947,45.967016129388284,-18.73516565454548,MEASURED,
B3,S2,30,5280.0,5310.0,818.5226818280079,50.518352321691395,6.171894004069465,22.826170154785792,0.0,MEASURED,
B4,S2,30,5280.0,5310.0,818.5226818280079,156.52864733365166,19.123312134011485,73.32353664815635,-18.73516565454548,MEASURED,
X,S2,30,5280.0,5310.0,818.5226818280079,60.82323673944195,7.43085538003728,32.56795109999053,-5.238915363754431,MEASURED,
CURRENT,S2,30,5280.0,5310.0,,,,,,NOT_FOUND,No dedicated IO-VNBD model found
B1,S2,30,5340.0,5370.0,298.28660665206417,126.05288019402948,42.258980920676606,87.3392788157165,-6.522126098599801,MEASURED,
B2,S2,30,5340.0,5370.0,298.28660665206417,14.032554752177962,4.704386465647185,8.428038608581254,-6.522126098599801,MEASURED,
B3,S2,30,5340.0,5370.0,298.28660665206417,124.08888860367917,41.600556591004576,87.25649572871797,0.0,MEASURED,
B4,S2,30,5340.0,5370.0,298.28660665206417,41.72056041986587,13.986736075123458,30.368223346530545,-6.522126098599801,MEASURED,
X,S2,30,5340.0,5370.0,298.28660665206417,18.562842058588835,6.223156402138239,11.898639586636735,-3.4894558974912555,MEASURED,
CURRENT,S2,30,5340.0,5370.0,,,,,,NOT_FOUND,No dedicated IO-VNBD model found
B1,S2,30,5400.0,5430.0,205.46041852827372,65.46704049785636,31.863577893397185,47.99489234202785,-9.33919001832985,MEASURED,
B2,S2,30,5400.0,5430.0,205.46041852827372,16.25866255464855,7.913282115898722,7.022794918543001,-9.33919001832985,MEASURED,
B3,S2,30,5400.0,5430.0,205.46041852827372,72.1232773663595,35.10324659269324,50.40041044558809,0.0,MEASURED,
B4,S2,30,5400.0,5430.0,205.46041852827372,57.436758933666724,27.955145494733216,28.081008840502214,-9.33919001832985,MEASURED,
X,S2,30,5400.0,5430.0,205.46041852827372,4.869858718037471,2.3702174622832874,2.265213945086183,-2.132266374083685,MEASURED,
CURRENT,S2,30,5400.0,5430.0,,,,,,NOT_FOUND,No dedicated IO-VNBD model found
B1,S2,30,5460.0,5490.0,101.02221963196503,93.49064454909377,92.544635120561,34.35672693068738,163.8879918915466,MEASURED,
B2,S2,30,5460.0,5490.0,101.02221963196503,166.54037633215677,164.85519417300623,57.628076514104976,163.8879918915466,MEASURED,
B3,S2,30,5460.0,5490.0,101.02221963196503,83.57393739542867,82.72827275019065,30.567658033767447,0.0,MEASURED,
B4,S2,30,5460.0,5490.0,101.02221963196503,118.04062371243495,116.84619892779017,44.392180666678335,163.8879918915466,MEASURED,
X,S2,30,5460.0,5490.0,101.02221963196503,201.40858843102532,199.3705831893011,73.05256551306245,177.28951600013582,MEASURED,
CURRENT,S2,30,5460.0,5490.0,,,,,,NOT_FOUND,No dedicated IO-VNBD model found
B1,S2,30,5520.0,5550.0,247.13374685649993,59.783852918763365,24.19089002582772,38.51344799122531,-13.427310744080568,MEASURED,
B2,S2,30,5520.0,5550.0,247.13374685649993,18.476542328524275,7.4763331853875945,7.978327067702378,-13.427310744080568,MEASURED,
B3,S2,30,5520.0,5550.0,247.13374685649993,52.36892907908062,21.190521223914047,36.73129782683668,0.0,MEASURED,
B4,S2,30,5520.0,5550.0,247.13374685649993,26.035379608511537,10.534935005711372,12.574485872424022,-13.427310744080568,MEASURED,
X,S2,30,5520.0,5550.0,247.13374685649993,33.827291847683966,13.687848089531066,18.453871739887607,6.97316881833576,MEASURED,
CURRENT,S2,30,5520.0,5550.0,,,,,,NOT_FOUND,No dedicated IO-VNBD model found
B1,S2,30,5580.0,5610.0,156.30605543600808,86.00206496491163,55.021582321307434,49.815342341366474,-22.015848183240536,MEASURED,
B2,S2,30,5580.0,5610.0,156.30605543600808,18.048753813360918,11.5470598775043,8.431530867739301,-22.015848183240536,MEASURED,
B3,S2,30,5580.0,5610.0,156.30605543600808,64.15086657028033,41.04183065162423,43.13706809224043,0.0,MEASURED,
B4,S2,30,5580.0,5610.0,156.30605543600808,101.04084114809203,64.6429473677418,60.0433318784256,-22.015848183240536,MEASURED,
X,S2,30,5580.0,5610.0,156.30605543600808,90.78283208666608,58.08017599409813,31.850134201439463,0.6644444214697744,MEASURED,
CURRENT,S2,30,5580.0,5610.0,,,,,,NOT_FOUND,No dedicated IO-VNBD model found
B1,S2,30,5640.0,5670.0,199.6091625250453,51.39252724086502,25.74657725665109,36.72943410041671,-18.688873433653725,MEASURED,
B2,S2,30,5640.0,5670.0,199.6091625250453,20.47611974467092,10.25810613383128,10.595856042592192,-18.688873433653725,MEASURED,
B3,S2,30,5640.0,5670.0,199.6091625250453,53.3987420464746,26.75164875749357,36.236810626516736,0.0,MEASURED,
B4,S2,30,5640.0,5670.0,199.6091625250453,37.4691770364041,18.771271099192543,33.70132073691569,-18.688873433653725,MEASURED,
X,S2,30,5640.0,5670.0,199.6091625250453,33.56707087787648,16.816397831269278,18.502939474531267,-0.9364451139806034,MEASURED,
CURRENT,S2,30,5640.0,5670.0,,,,,,NOT_FOUND,No dedicated IO-VNBD model found
B1,S2,30,5700.0,5730.0,130.78282909256205,188.8941196955412,144.4334252487004,92.6132428698943,153.94079383859494,MEASURED,
B2,S2,30,5700.0,5730.0,130.78282909256205,23.705992821034968,18.126227262033733,9.137357250291503,153.94079383859494,MEASURED,
B3,S2,30,5700.0,5730.0,130.78282909256205,77.65732723386668,59.37884030548415,75.57904879168802,0.0,MEASURED,
B4,S2,30,5700.0,5730.0,130.78282909256205,74.67028857994116,57.0948717794543,28.77123775626189,153.94079383859494,MEASURED,
X,S2,30,5700.0,5730.0,130.78282909256205,60.62696419259792,46.356975616186546,43.35510992504557,174.83435551068726,MEASURED,
CURRENT,S2,30,5700.0,5730.0,,,,,,NOT_FOUND,No dedicated IO-VNBD model found
B1,S2,30,5760.0,5790.0,23.367759485680914,28.227659741756973,120.7974592474476,14.714707842808743,-12.397582001792902,MEASURED,
B2,S2,30,5760.0,5790.0,23.367759485680914,4.252032272894529,18.19614873860736,2.579719233795794,-12.397582001792902,MEASURED,
B3,S2,30,5760.0,5790.0,23.367759485680914,6.880363255448102,29.443829476523796,6.778232524449288,0.0,MEASURED,
B4,S2,30,5760.0,5790.0,23.367759485680914,111.63586141178625,477.7345533712527,60.04931109796641,-12.397582001792902,MEASURED,
X,S2,30,5760.0,5790.0,23.367759485680914,1.449386476490566,6.2025051112782466,1.2760787490294425,3.329080661996159,MEASURED,
CURRENT,S2,30,5760.0,5790.0,,,,,,NOT_FOUND,No dedicated IO-VNBD model found
B1,S2,30,5820.0,5850.0,544.3775103119185,78.2974134342918,14.382925809963895,50.58284764614693,-15.382452109486128,MEASURED,
B2,S2,30,5820.0,5850.0,544.3775103119185,74.54361883494504,13.693368558196477,40.59850463504962,-15.382452109486128,MEASURED,
B3,S2,30,5820.0,5850.0,544.3775103119185,53.261805273501,9.783983405740429,37.17903522503415,0.0,MEASURED,
B4,S2,30,5820.0,5850.0,544.3775103119185,54.86948037192611,10.079306975868068,37.7258604076573,-15.382452109486128,MEASURED,
X,S2,30,5820.0,5850.0,544.3775103119185,139.75956778331525,25.67328097430688,72.16626883055463,-3.5655759688723894,MEASURED,
CURRENT,S2,30,5820.0,5850.0,,,,,,NOT_FOUND,No dedicated IO-VNBD model found
B1,S2,30,5880.0,5910.0,758.7281360599386,186.27152893652146,24.55049708632477,101.5158782540875,-8.12147918557262,MEASURED,
B2,S2,30,5880.0,5910.0,758.7281360599386,45.394108069020746,5.982921406440985,17.364577080034636,-8.12147918557262,MEASURED,
B3,S2,30,5880.0,5910.0,758.7281360599386,180.7416083958451,23.82165624362278,99.92962477521374,0.0,MEASURED,
B4,S2,30,5880.0,5910.0,758.7281360599386,66.8714174669949,8.813620358704101,30.799605979448472,-8.12147918557262,MEASURED,
X,S2,30,5880.0,5910.0,758.7281360599386,32.05203316874287,4.2244424116375185,15.465524647906557,-2.7955542662437303,MEASURED,
CURRENT,S2,30,5880.0,5910.0,,,,,,NOT_FOUND,No dedicated IO-VNBD model found
B1,S2,30,5940.0,5970.0,291.643946518503,66.70098761102928,22.870691611216937,43.16189826029313,-18.057592886214202,MEASURED,
B2,S2,30,5940.0,5970.0,291.643946518503,16.073759329978063,5.511432526496236,10.798770208317404,-18.057592886214202,MEASURED,
B3,S2,30,5940.0,5970.0,291.643946518503,71.42449950347127,24.49030756718958,41.61103736057134,0.0,MEASURED,
B4,S2,30,5940.0,5970.0,291.643946518503,76.23173276904821,26.13863023013638,51.0226362504113,-18.057592886214202,MEASURED,
X,S2,30,5940.0,5970.0,291.643946518503,33.90725811828094,11.626251298217753,12.141141298884806,-3.6783307385408395,MEASURED,
CURRENT,S2,30,5940.0,5970.0,,,,,,NOT_FOUND,No dedicated IO-VNBD model found
B1,S2,30,6000.0,6030.0,127.68524264915045,48.241650539537545,37.78169625451115,30.22073526146097,-22.15622386995193,MEASURED,
B2,S2,30,6000.0,6030.0,127.68524264915045,23.386876090795067,18.31603684621315,12.2501176367244,-22.15622386995193,MEASURED,
B3,S2,30,6000.0,6030.0,127.68524264915045,40.491489537000525,31.711957229279648,27.53652409265895,0.0,MEASURED,
B4,S2,30,6000.0,6030.0,127.68524264915045,30.479011634609986,23.870426215470545,15.703381241308612,-22.15622386995193,MEASURED,
X,S2,30,6000.0,6030.0,127.68524264915045,20.20564768124839,15.824575543760247,14.739230985454805,4.595514424061261,MEASURED,
CURRENT,S2,30,6000.0,6030.0,,,,,,NOT_FOUND,No dedicated IO-VNBD model found
B1,S2,30,6060.0,6090.0,229.36764651147956,97.04849983074537,42.31132912892674,55.770731190281694,-16.66017905154687,MEASURED,
B2,S2,30,6060.0,6090.0,229.36764651147956,26.837880138987988,11.700813321832113,11.621971679638936,-16.66017905154687,MEASURED,
B3,S2,30,6060.0,6090.0,229.36764651147956,95.86365499903536,41.794758963199065,55.60002688093782,0.0,MEASURED,
B4,S2,30,6060.0,6090.0,229.36764651147956,42.22958369605377,18.41130793219358,22.700434557693644,-16.66017905154687,MEASURED,
X,S2,30,6060.0,6090.0,229.36764651147956,12.809813524012469,5.5848388902448605,6.688365531280882,0.12434133262223779,MEASURED,
CURRENT,S2,30,6060.0,6090.0,,,,,,NOT_FOUND,No dedicated IO-VNBD model found
B1,S2,30,6120.0,6150.0,162.60879351432754,21.80633300603327,13.410303671007744,12.084983349458062,-9.554371326749244,MEASURED,
B2,S2,30,6120.0,6150.0,162.60879351432754,9.24386168444201,5.684724352639347,3.3732402623565134,-9.554371326749244,MEASURED,
B3,S2,30,6120.0,6150.0,162.60879351432754,13.754826902076404,8.458845677902689,9.609782878435723,0.0,MEASURED,
B4,S2,30,6120.0,6150.0,162.60879351432754,48.506679348395124,29.830292876578767,23.94291563531828,-9.554371326749244,MEASURED,
X,S2,30,6120.0,6150.0,162.60879351432754,71.0842933544228,43.714913454640154,34.36089625119422,-1.792203467152721,MEASURED,
CURRENT,S2,30,6120.0,6150.0,,,,,,NOT_FOUND,No dedicated IO-VNBD model found
B1,S2,30,6180.0,6210.0,152.62423292361956,97.8195726458102,64.09177020713597,64.9201206586782,-17.71102661996278,MEASURED,
B2,S2,30,6180.0,6210.0,152.62423292361956,21.900740815354528,14.349451850358982,11.443735724860419,-17.71102661996278,MEASURED,
B3,S2,30,6180.0,6210.0,152.62423292361956,97.84952573838996,64.11139559165453,64.93034743272766,0.0,MEASURED,
B4,S2,30,6180.0,6210.0,152.62423292361956,82.74110982734376,54.21230183594198,49.00580632599687,-17.71102661996278,MEASURED,
X,S2,30,6180.0,6210.0,152.62423292361956,62.96076336081252,41.25214073463753,27.786404235235402,-6.246968194765961,MEASURED,
CURRENT,S2,30,6180.0,6210.0,,,,,,NOT_FOUND,No dedicated IO-VNBD model found
B1,S2,30,6240.0,6270.0,243.78111335499173,45.06070507771425,18.48408371656638,34.900477525343774,-3.647915994131832,MEASURED,
B2,S2,30,6240.0,6270.0,243.78111335499173,12.699798797377541,5.209508900258493,8.329847285468984,-3.647915994131832,MEASURED,
B3,S2,30,6240.0,6270.0,243.78111335499173,48.824846976544244,20.028149968060063,35.89966958128917,0.0,MEASURED,
B4,S2,30,6240.0,6270.0,243.78111335499173,23.299189707412857,9.557421978578299,10.35294861834899,-3.647915994131832,MEASURED,
X,S2,30,6240.0,6270.0,243.78111335499173,34.40179350164514,14.111755019983676,19.66437883778863,-1.3703765572305615,MEASURED,
CURRENT,S2,30,6240.0,6270.0,,,,,,NOT_FOUND,No dedicated IO-VNBD model found
B1,S2,30,6300.0,6330.0,220.4045503992756,50.367874423291894,22.852465764453402,27.141619592026334,-18.90638516829801,MEASURED,
B2,S2,30,6300.0,6330.0,220.4045503992756,26.017861815848356,11.804593765743716,9.64141480581434,-18.90638516829801,MEASURED,
B3,S2,30,6300.0,6330.0,220.4045503992756,50.87974174243333,23.084705669761238,28.277656036221835,0.0,MEASURED,
B4,S2,30,6300.0,6330.0,220.4045503992756,29.437012872886662,13.355900692413025,18.279331678410948,-18.90638516829801,MEASURED,
X,S2,30,6300.0,6330.0,220.4045503992756,10.61125326045725,4.81444382215991,7.545944380735376,-2.693607805400894,MEASURED,
CURRENT,S2,30,6300.0,6330.0,,,,,,NOT_FOUND,No dedicated IO-VNBD model found
B1,S2,30,6360.0,6390.0,305.9487548179585,65.62272175412143,21.44892591348096,35.68896132465467,-20.29701325867439,MEASURED,
B2,S2,30,6360.0,6390.0,305.9487548179585,40.161809840492744,13.126972804445398,18.804566141750797,-20.29701325867439,MEASURED,
B3,S2,30,6360.0,6390.0,305.9487548179585,50.45099983143275,16.4900163955403,26.27660374730485,0.0,MEASURED,
B4,S2,30,6360.0,6390.0,305.9487548179585,86.46007144155004,28.259657893686917,45.49081600862688,-20.29701325867439,MEASURED,
X,S2,30,6360.0,6390.0,305.9487548179585,8.338252843515848,2.7253756428841043,5.143720169323216,-1.1050988913662638,MEASURED,
CURRENT,S2,30,6360.0,6390.0,,,,,,NOT_FOUND,No dedicated IO-VNBD model found
B1,S2,30,6420.0,6450.0,159.84731574261534,31.108710733684475,19.46151587792405,26.103093276299667,-12.413000602401887,MEASURED,
B2,S2,30,6420.0,6450.0,159.84731574261534,11.224166289668714,7.021804674994833,6.660849102941329,-12.413000602401887,MEASURED,
B3,S2,30,6420.0,6450.0,159.84731574261534,27.656899043029345,17.302072865309935,25.319990289453912,0.0,MEASURED,
B4,S2,30,6420.0,6450.0,159.84731574261534,44.5644131399641,27.879362836296423,16.429773689506533,-12.413000602401887,MEASURED,
X,S2,30,6420.0,6450.0,159.84731574261534,71.37977306031831,44.65497135732536,43.4333696589386,0.3345024452896854,MEASURED,
CURRENT,S2,30,6420.0,6450.0,,,,,,NOT_FOUND,No dedicated IO-VNBD model found
B1,S2,30,6480.0,6510.0,256.9348513586476,72.13763333600244,28.076235261407838,55.263891084861214,-9.710587438354846,MEASURED,
B2,S2,30,6480.0,6510.0,256.9348513586476,32.9517193666655,12.824931764772225,15.27506261618663,-9.710587438354846,MEASURED,
B3,S2,30,6480.0,6510.0,256.9348513586476,45.72022998845045,17.794483600292494,45.798598821921445,0.0,MEASURED,
B4,S2,30,6480.0,6510.0,256.9348513586476,60.749762566885515,23.644033592814058,44.07938677615368,-9.710587438354846,MEASURED,
X,S2,30,6480.0,6510.0,256.9348513586476,76.45645780899953,29.75713781322576,36.68653192168427,0.2256879269827941,MEASURED,
CURRENT,S2,30,6480.0,6510.0,,,,,,NOT_FOUND,No dedicated IO-VNBD model found
B1,S2,30,6540.0,6570.0,255.632903730502,59.35530106968381,23.21895976750256,26.064951258677493,-29.603839445566482,MEASURED,
B2,S2,30,6540.0,6570.0,255.632903730502,56.12069877803868,21.953628800932165,24.74085579704511,-29.603839445566482,MEASURED,
B3,S2,30,6540.0,6570.0,255.632903730502,9.054232639036025,3.54188858590025,9.573313254063663,0.0,MEASURED,
B4,S2,30,6540.0,6570.0,255.632903730502,81.74882258512181,31.978990729340758,38.263905061992695,-29.603839445566482,MEASURED,
X,S2,30,6540.0,6570.0,255.632903730502,31.28874523455279,12.239717492525369,13.77546123188871,-0.7445347388125169,MEASURED,
CURRENT,S2,30,6540.0,6570.0,,,,,,NOT_FOUND,No dedicated IO-VNBD model found
B1,S2,30,6600.0,6630.0,284.44291096643144,68.0050419715806,23.908151460173396,40.17858625267145,-13.411500456307063,MEASURED,
B2,S2,30,6600.0,6630.0,284.44291096643144,37.73287978982729,13.265537067394286,18.68947729773548,-13.411500456307063,MEASURED,
B3,S2,30,6600.0,6630.0,284.44291096643144,54.026098581866044,18.99365268000718,35.45821159837505,0.0,MEASURED,
B4,S2,30,6600.0,6630.0,284.44291096643144,61.122062216945345,21.48834084466203,34.2591955339263,-13.411500456307063,MEASURED,
X,S2,30,6600.0,6630.0,284.44291096643144,10.827333116867282,3.8065048202748395,6.401343635657535,2.095138615005979,MEASURED,
CURRENT,S2,30,6600.0,6630.0,,,,,,NOT_FOUND,No dedicated IO-VNBD model found
B1,S2,30,6660.0,6690.0,33.30747853836687,88.68447065080943,266.2599348331151,55.14982379615909,-15.880381270643714,MEASURED,
B2,S2,30,6660.0,6690.0,33.30747853836687,6.462029647778095,19.401137316157048,1.2763311886724351,-15.880381270643714,MEASURED,
B3,S2,30,6660.0,6690.0,33.30747853836687,84.18766626496003,252.75904979713275,54.820797159879845,0.0,MEASURED,
B4,S2,30,6660.0,6690.0,33.30747853836687,87.3820595671542,262.3496686082041,52.36027517555673,-15.880381270643714,MEASURED,
X,S2,30,6660.0,6690.0,33.30747853836687,10.986233885905316,32.98428571604505,2.654042931342791,-0.13031163834559428,MEASURED,
CURRENT,S2,30,6660.0,6690.0,,,,,,NOT_FOUND,No dedicated IO-VNBD model found
B1,S2,30,6720.0,6750.0,456.9419475479482,31.28919887007582,6.847521668338965,14.950080882278145,-9.544720999065918,MEASURED,
B2,S2,30,6720.0,6750.0,456.9419475479482,31.154406108894683,6.818022787375099,14.045744081665102,-9.544720999065918,MEASURED,
B3,S2,30,6720.0,6750.0,456.9419475479482,4.37257526725267,0.9569213968463343,5.499110007051384,0.0,MEASURED,
B4,S2,30,6720.0,6750.0,456.9419475479482,32.89373922480095,7.198669196670616,14.773908530222982,-9.544720999065918,MEASURED,
X,S2,30,6720.0,6750.0,456.9419475479482,71.2029668050334,15.58249733628622,30.146484538278905,1.0970918236242844,MEASURED,
CURRENT,S2,30,6720.0,6750.0,,,,,,NOT_FOUND,No dedicated IO-VNBD model found
B1,S2,30,6780.0,6810.0,464.88489172166555,74.19977843309884,15.960892632648408,39.23082095672969,-14.326702200495717,MEASURED,
B2,S2,30,6780.0,6810.0,464.88489172166555,69.56848674904126,14.964669316612914,34.98701758979001,-14.326702200495717,MEASURED,
B3,S2,30,6780.0,6810.0,464.88489172166555,31.72656767559269,6.824607174927922,18.480550712095525,0.0,MEASURED,
B4,S2,30,6780.0,6810.0,464.88489172166555,72.54247910597384,15.60439592633745,36.65013634025521,-14.326702200495717,MEASURED,
X,S2,30,6780.0,6810.0,464.88489172166555,7.232374792733981,1.5557345316061866,3.7089514461311612,0.8922375652559245,MEASURED,
CURRENT,S2,30,6780.0,6810.0,,,,,,NOT_FOUND,No dedicated IO-VNBD model found
B1,S2,30,6840.0,6870.0,347.62384252318213,53.67082973540198,15.439340796028056,36.936549791992,-8.860677979709326,MEASURED,
B2,S2,30,6840.0,6870.0,347.62384252318213,44.56919715478286,12.821099045244763,23.642822735649027,-8.860677979709326,MEASURED,
B3,S2,30,6840.0,6870.0,347.62384252318213,30.961082612004102,8.906489953990825,29.400251352408212,0.0,MEASURED,
B4,S2,30,6840.0,6870.0,347.62384252318213,80.6891542423349,23.211628309687633,54.13147376395956,-8.860677979709326,MEASURED,
X,S2,30,6840.0,6870.0,347.62384252318213,12.478269318019972,3.5895896056634347,4.311160777689384,-0.7077907344127428,MEASURED,
CURRENT,S2,30,6840.0,6870.0,,,,,,NOT_FOUND,No dedicated IO-VNBD model found
B1,S2,30,6900.0,6930.0,204.08989861653836,154.98946678151023,75.94176283693382,93.26005339963669,-11.07275316454543,MEASURED,
B2,S2,30,6900.0,6930.0,204.08989861653836,22.484019405274385,11.016723295805685,9.03696047998921,-11.07275316454543,MEASURED,
B3,S2,30,6900.0,6930.0,204.08989861653836,141.50491045722393,69.33459784949744,88.05540942270076,0.0,MEASURED,
B4,S2,30,6900.0,6930.0,204.08989861653836,139.05787113082846,68.13559714295431,86.29355994669464,-11.07275316454543,MEASURED,
X,S2,30,6900.0,6930.0,204.08989861653836,3.206419825677016,1.5710820806969545,3.5811769211506914,-2.5453871644814927,MEASURED,
CURRENT,S2,30,6900.0,6930.0,,,,,,NOT_FOUND,No dedicated IO-VNBD model found
B1,S2,30,6960.0,6990.0,295.78517243805766,41.372824344148896,13.98745718155059,21.065304258852894,-17.111766371652358,MEASURED,
B2,S2,30,6960.0,6990.0,295.78517243805766,42.54602244730202,14.384095759976564,20.479062249507987,-17.111766371652358,MEASURED,
B3,S2,30,6960.0,6990.0,295.78517243805766,3.7360923105231008,1.2631100740201913,9.029336537807612,0.0,MEASURED,
B4,S2,30,6960.0,6990.0,295.78517243805766,44.626833977066696,15.087583197366765,20.988560118491016,-17.111766371652358,MEASURED,
X,S2,30,6960.0,6990.0,295.78517243805766,97.25105654299767,32.87894918510956,41.78723421410371,-2.5721654811442147,MEASURED,
CURRENT,S2,30,6960.0,6990.0,,,,,,NOT_FOUND,No dedicated IO-VNBD model found
B1,S2,30,7020.0,7050.0,232.20834765450093,57.38385592393329,24.712227834855362,27.780325642873727,-19.37927133766225,MEASURED,
B2,S2,30,7020.0,7050.0,232.20834765450093,23.764653362441376,10.234194249467906,11.188548209501036,-19.37927133766225,MEASURED,
B3,S2,30,7020.0,7050.0,232.20834765450093,52.277161179883706,22.513041287243496,26.945002958285098,0.0,MEASURED,
B4,S2,30,7020.0,7050.0,232.20834765450093,125.59909497125396,54.08896632696894,68.42746890859215,-19.37927133766225,MEASURED,
X,S2,30,7020.0,7050.0,232.20834765450093,54.69457516427783,23.554095154949817,25.84676152343308,-3.2310494169330384,MEASURED,
CURRENT,S2,30,7020.0,7050.0,,,,,,NOT_FOUND,No dedicated IO-VNBD model found
B1,S2,30,7260.0,7290.0,190.9906870196789,49.99323083750228,26.175742711659645,56.83508308821561,-14.766063801976486,MEASURED,
B2,S2,30,7260.0,7290.0,190.9906870196789,28.090002688791973,14.70752481554124,10.935263499035065,-14.766063801976486,MEASURED,
B3,S2,30,7260.0,7290.0,190.9906870196789,78.57773684102004,41.14218241066577,65.02491209151184,0.0,MEASURED,
B4,S2,30,7260.0,7290.0,190.9906870196789,50.63114154271177,26.509743659645007,57.975186161789495,-14.766063801976486,MEASURED,
X,S2,30,7260.0,7290.0,190.9906870196789,3.9847898095362995,2.086379117074815,6.8160260630708835,2.5703883622554073,MEASURED,
CURRENT,S2,30,7260.0,7290.0,,,,,,NOT_FOUND,No dedicated IO-VNBD model found
B1,S2,30,7320.0,7350.0,335.9053395495178,61.169512941249366,18.210342539741617,31.649531661109354,-11.960376278816817,MEASURED,
B2,S2,30,7320.0,7350.0,335.9053395495178,60.99499569537461,18.15838824627644,31.357648558544952,-11.960376278816817,MEASURED,
B3,S2,30,7320.0,7350.0,335.9053395495178,17.468297446901122,5.200363135140344,11.486554082610906,0.0,MEASURED,
B4,S2,30,7320.0,7350.0,335.9053395495178,73.25611189899438,21.808558326949505,39.10908773504894,-11.960376278816817,MEASURED,
X,S2,30,7320.0,7350.0,335.9053395495178,26.233470731203596,7.809780805028366,11.948241484735323,3.8637627557946788,MEASURED,
CURRENT,S2,30,7320.0,7350.0,,,,,,NOT_FOUND,No dedicated IO-VNBD model found
B1,S2,30,7380.0,7410.0,403.44631760040056,84.9048298447048,21.04488903249826,45.403313705679786,-14.014798447379654,MEASURED,
B2,S2,30,7380.0,7410.0,403.44631760040056,14.126697741792045,3.5015061795121016,10.992529954879181,-14.014798447379654,MEASURED,
B3,S2,30,7380.0,7410.0,403.44631760040056,81.504049591909,20.201956502335932,40.84711127241393,0.0,MEASURED,
B4,S2,30,7380.0,7410.0,403.44631760040056,84.24988812587027,20.882552262954803,50.38262186962337,-14.014798447379654,MEASURED,
X,S2,30,7380.0,7410.0,403.44631760040056,28.501582995405325,7.064529220374529,12.115221587489717,4.968576858334525,MEASURED,
CURRENT,S2,30,7380.0,7410.0,,,,,,NOT_FOUND,No dedicated IO-VNBD model found
B1,S2,30,7440.0,7470.0,164.5303307365147,35.26114962273748,21.43139776410348,17.729377889878343,-13.27298842125978,MEASURED,
B2,S2,30,7440.0,7470.0,164.5303307365147,12.997380188904101,7.899686416918843,5.293517086017244,-13.27298842125978,MEASURED,
B3,S2,30,7440.0,7470.0,164.5303307365147,24.092069438374395,14.642935032420482,15.560099494057615,0.0,MEASURED,
B4,S2,30,7440.0,7470.0,164.5303307365147,26.634088184285805,16.187950309866377,11.936781672244535,-13.27298842125978,MEASURED,
X,S2,30,7440.0,7470.0,164.5303307365147,33.98129780587331,20.65351577047048,19.691597422042953,3.922089223780012,MEASURED,
CURRENT,S2,30,7440.0,7470.0,,,,,,NOT_FOUND,No dedicated IO-VNBD model found
B1,S2,30,7500.0,7530.0,441.8270178614353,419.4428836267309,94.93373349075623,216.68214679053912,-15.911148069716473,MEASURED,
B2,S2,30,7500.0,7530.0,441.8270178614353,70.03396095821483,15.85099102748368,29.02825446529379,-15.911148069716473,MEASURED,
B3,S2,30,7500.0,7530.0,441.8270178614353,419.4428836267309,94.93373349075623,216.68214679053912,0.0,MEASURED,
B4,S2,30,7500.0,7530.0,441.8270178614353,180.4474946057886,40.84120873350033,82.77855799360182,-15.911148069716473,MEASURED,
X,S2,30,7500.0,7530.0,441.8270178614353,67.73797291280387,15.331333344138697,37.80969112139658,1.5547058674382344,MEASURED,
CURRENT,S2,30,7500.0,7530.0,,,,,,NOT_FOUND,No dedicated IO-VNBD model found
B1,S2,30,7560.0,7590.0,198.69927606656026,283.1921287963281,142.5229796516543,170.64236969775567,-14.233101674961745,MEASURED,
B2,S2,30,7560.0,7590.0,198.69927606656026,11.461209511047922,5.768118403817762,4.93855544856318,-14.233101674961745,MEASURED,
B3,S2,30,7560.0,7590.0,198.69927606656026,297.2339736493835,149.5898623957825,173.07982833385265,0.0,MEASURED,
B4,S2,30,7560.0,7590.0,198.69927606656026,254.93380544901615,128.30132574998333,151.31060333839514,-14.233101674961745,MEASURED,
X,S2,30,7560.0,7590.0,198.69927606656026,8.93633107954629,4.49741501652618,4.382045831911559,2.261506297061937,MEASURED,
CURRENT,S2,30,7560.0,7590.0,,,,,,NOT_FOUND,No dedicated IO-VNBD model found
B1,S2,30,7620.0,7650.0,93.90772411068144,118.49845810099421,126.18606107558273,61.51909706122621,-13.222015580038464,MEASURED,
B2,S2,30,7620.0,7650.0,93.90772411068144,28.688159059698577,30.549307132484824,14.89770120990882,-13.222015580038464,MEASURED,
B3,S2,30,7620.0,7650.0,93.90772411068144,18.165963884486132,19.344483168472255,17.898608437983007,0.0,MEASURED,
B4,S2,30,7620.0,7650.0,93.90772411068144,64.09095021493765,68.24885899630453,36.140859228147626,-13.222015580038464,MEASURED,
X,S2,30,7620.0,7650.0,93.90772411068144,17.527651247855335,18.664759916018102,10.17934656825903,2.3051972745723743,MEASURED,
CURRENT,S2,30,7620.0,7650.0,,,,,,NOT_FOUND,No dedicated IO-VNBD model found
B1,S2,30,7680.0,7710.0,147.01834078318035,27.42106656646704,18.65145968890172,15.166407092987685,-15.529699223484455,MEASURED,
B2,S2,30,7680.0,7710.0,147.01834078318035,21.456580876200025,14.594492606771935,8.553157759653779,-15.529699223484455,MEASURED,
B3,S2,30,7680.0,7710.0,147.01834078318035,14.275717298527686,9.710160802033009,8.890239655690557,0.0,MEASURED,
B4,S2,30,7680.0,7710.0,147.01834078318035,32.07561898754549,21.817426871147973,24.298093022375316,-15.529699223484455,MEASURED,
X,S2,30,7680.0,7710.0,147.01834078318035,53.164078550277985,36.161528056341815,21.385364989421035,4.176043089742731,MEASURED,
CURRENT,S2,30,7680.0,7710.0,,,,,,NOT_FOUND,No dedicated IO-VNBD model found
B1,S2,30,7800.0,7830.0,366.70536307576,83.51708215781684,22.774982470207974,42.579246671815895,-23.077298320221953,MEASURED,
B2,S2,30,7800.0,7830.0,366.70536307576,87.03299600363661,23.73376687857601,42.513801546455156,-23.077298320221953,MEASURED,
B3,S2,30,7800.0,7830.0,366.70536307576,22.47605786231757,6.129187114635708,13.729851552575038,0.0,MEASURED,
B4,S2,30,7800.0,7830.0,366.70536307576,79.32081860730415,21.63066772244527,40.69008091078643,-23.077298320221953,MEASURED,
X,S2,30,7800.0,7830.0,366.70536307576,93.77536751185694,25.57240143021396,46.46121984759141,-0.24920968876803343,MEASURED,
CURRENT,S2,30,7800.0,7830.0,,,,,,NOT_FOUND,No dedicated IO-VNBD model found
B1,S2,30,7860.0,7890.0,113.69470308750587,284.44342253926726,250.18177172277194,143.02284837720524,-13.210911885468873,MEASURED,
B2,S2,30,7860.0,7890.0,113.69470308750587,0.7968990638114168,0.7009113372661506,1.6906808834240905,-13.210911885468873,MEASURED,
B3,S2,30,7860.0,7890.0,113.69470308750587,285.1589061751192,250.8110742464799,143.32238092311212,0.0,MEASURED,
B4,S2,30,7860.0,7890.0,113.69470308750587,241.7546864891484,212.63496005005646,118.99219373363049,-13.210911885468873,MEASURED,
X,S2,30,7860.0,7890.0,113.69470308750587,61.09771307928468,53.73839890523345,29.04074721423875,-0.6451999449213042,MEASURED,
CURRENT,S2,30,7860.0,7890.0,,,,,,NOT_FOUND,No dedicated IO-VNBD model found
B1,S2,30,7920.0,7950.0,178.3141595020191,170.64197685978863,95.6973789049301,118.80061862064294,-19.331012929481535,MEASURED,
B2,S2,30,7920.0,7950.0,178.3141595020191,23.629959834651583,13.251869565851283,12.1203166249273,-19.331012929481535,MEASURED,
B3,S2,30,7920.0,7950.0,178.3141595020191,170.64197685978863,95.6973789049301,118.80061862064294,0.0,MEASURED,
B4,S2,30,7920.0,7950.0,178.3141595020191,34.26200792693782,19.21440676535273,42.332247407731586,-19.331012929481535,MEASURED,
X,S2,30,7920.0,7950.0,178.3141595020191,40.589146316309126,22.76271633708905,17.83218645797615,0.4844760700148068,MEASURED,
CURRENT,S2,30,7920.0,7950.0,,,,,,NOT_FOUND,No dedicated IO-VNBD model found
B1,S2,30,7980.0,8010.0,299.1238223105838,70.8655534655281,23.691043032991047,40.60341875558487,-19.63831381296832,MEASURED,
B2,S2,30,7980.0,8010.0,299.1238223105838,43.21348999942748,14.446689556727582,18.522869483924243,-19.63831381296832,MEASURED,
B3,S2,30,7980.0,8010.0,299.1238223105838,41.570627273237484,13.897464585777529,30.212640756987053,0.0,MEASURED,
B4,S2,30,7980.0,8010.0,299.1238223105838,79.64693536266253,26.6267443186,47.54833212533086,-19.63831381296832,MEASURED,
X,S2,30,7980.0,8010.0,299.1238223105838,77.24427412080053,25.823511321875554,27.772630339965374,0.3061027406228818,MEASURED,
CURRENT,S2,30,7980.0,8010.0,,,,,,NOT_FOUND,No dedicated IO-VNBD model found
B1,S2,30,8040.0,8070.0,280.65587669472654,90.60384385247038,32.28289566550623,48.12582443750584,-15.643773883929251,MEASURED,
B2,S2,30,8040.0,8070.0,280.65587669472654,33.10679798759892,11.796224749503342,14.14663963928901,-15.643773883929251,MEASURED,
B3,S2,30,8040.0,8070.0,280.65587669472654,87.42903427365125,31.151684868779384,48.40172909992211,0.0,MEASURED,
B4,S2,30,8040.0,8070.0,280.65587669472654,34.627724913725764,12.338143537749913,14.234299989788484,-15.643773883929251,MEASURED,
X,S2,30,8040.0,8070.0,280.65587669472654,39.212649316641425,13.971789858258905,14.88737295599042,-0.6797084385393821,MEASURED,
CURRENT,S2,30,8040.0,8070.0,,,,,,NOT_FOUND,No dedicated IO-VNBD model found
B1,S2,30,8100.0,8130.0,264.2443035867831,32.68723983677661,12.370083060670964,16.280501503200636,-11.411160729654723,MEASURED,
B2,S2,30,8100.0,8130.0,264.2443035867831,22.646593267345956,8.57032411293149,11.194707538979124,-11.411160729654723,MEASURED,
B3,S2,30,8100.0,8130.0,264.2443035867831,22.95408455740203,8.686690401961098,11.813673441791813,0.0,MEASURED,
B4,S2,30,8100.0,8130.0,264.2443035867831,29.08953217598369,11.00857493657573,14.963999896439052,-11.411160729654723,MEASURED,
X,S2,30,8100.0,8130.0,264.2443035867831,12.529495889713054,4.741633299049764,5.88115321887825,3.98497101859774,MEASURED,
CURRENT,S2,30,8100.0,8130.0,,,,,,NOT_FOUND,No dedicated IO-VNBD model found
B1,S2,30,8160.0,8190.0,211.8847589931353,108.49068213163221,51.20268331104793,75.26900172909734,-20.163904752132517,MEASURED,
B2,S2,30,8160.0,8190.0,211.8847589931353,27.011960203171007,12.748420571413607,13.075747841421036,-20.163904752132517,MEASURED,
B3,S2,30,8160.0,8190.0,211.8847589931353,109.26330931674538,51.56732831372988,75.41661053756972,0.0,MEASURED,
B4,S2,30,8160.0,8190.0,211.8847589931353,64.03184820698148,30.220129334104676,39.5158545918577,-20.163904752132517,MEASURED,
X,S2,30,8160.0,8190.0,211.8847589931353,25.838328509855614,12.194519621249743,18.05788648270328,1.2880773346484733,MEASURED,
CURRENT,S2,30,8160.0,8190.0,,,,,,NOT_FOUND,No dedicated IO-VNBD model found
B1,S2,30,8220.0,8250.0,254.36620896178715,42.45964393233858,16.692328790699236,29.023483355229438,-19.792078596923716,MEASURED,
B2,S2,30,8220.0,8250.0,254.36620896178715,34.8199895032135,13.688921042356073,13.413521460423409,-19.792078596923716,MEASURED,
B3,S2,30,8220.0,8250.0,254.36620896178715,42.65021128284272,16.76724729158108,31.3273415365764,0.0,MEASURED,
B4,S2,30,8220.0,8250.0,254.36620896178715,32.68592957502968,12.849949570125492,13.971330898471596,-19.792078596923716,MEASURED,
X,S2,30,8220.0,8250.0,254.36620896178715,11.428417534433482,4.492899265621538,7.30159610483699,1.2273482722103646,MEASURED,
CURRENT,S2,30,8220.0,8250.0,,,,,,NOT_FOUND,No dedicated IO-VNBD model found
B1,S2,30,8280.0,8310.0,269.86785904119097,108.23797669260921,40.107768697304714,108.14524896012732,-14.269568416490126,MEASURED,
B2,S2,30,8280.0,8310.0,269.86785904119097,12.544501112247385,4.648386494344504,8.823139615892163,-14.269568416490126,MEASURED,
B3,S2,30,8280.0,8310.0,269.86785904119097,109.23820622579191,40.47840547366497,108.33711092317002,0.0,MEASURED,
B4,S2,30,8280.0,8310.0,269.86785904119097,51.631933654027506,19.132301948616536,30.368928266825876,-14.269568416490126,MEASURED,
X,S2,30,8280.0,8310.0,269.86785904119097,21.5841364677342,7.998038945586229,10.895249766363477,0.6640612502500233,MEASURED,
CURRENT,S2,30,8280.0,8310.0,,,,,,NOT_FOUND,No dedicated IO-VNBD model found
B1,S2,30,8340.0,8370.0,379.8732751828294,96.21106798250499,25.3271483591994,53.92561072793316,-21.717375593694243,MEASURED,
B2,S2,30,8340.0,8370.0,379.8732751828294,85.21144317351924,22.431544607213493,42.83829535473642,-21.717375593694243,MEASURED,
B3,S2,30,8340.0,8370.0,379.8732751828294,64.31768358527859,16.931352581811158,39.40866838169099,0.0,MEASURED,
B4,S2,30,8340.0,8370.0,379.8732751828294,92.47742182963852,24.344282125435125,45.79590077819938,-21.717375593694243,MEASURED,
X,S2,30,8340.0,8370.0,379.8732751828294,13.799103862474855,3.6325545290948615,7.329258733944793,-3.559290751936839,MEASURED,
CURRENT,S2,30,8340.0,8370.0,,,,,,NOT_FOUND,No dedicated IO-VNBD model found
B1,S2,30,8400.0,8430.0,314.4675359681728,189.24604657858643,60.179835732786096,106.76570086005691,-10.586468310925612,MEASURED,
B2,S2,30,8400.0,8430.0,314.4675359681728,38.04111666495001,12.096993270809405,16.526742157190476,-10.586468310925612,MEASURED,
B3,S2,30,8400.0,8430.0,314.4675359681728,187.79439646697244,59.71821411987629,106.17887600774021,0.0,MEASURED,
B4,S2,30,8400.0,8430.0,314.4675359681728,125.31408918530266,39.84961080306416,70.48293018758046,-10.586468310925612,MEASURED,
X,S2,30,8400.0,8430.0,314.4675359681728,54.78708514047605,17.422175224478828,20.527884687086207,-0.6001356611981469,MEASURED,
CURRENT,S2,30,8400.0,8430.0,,,,,,NOT_FOUND,No dedicated IO-VNBD model found
B1,S2,30,8460.0,8490.0,414.3851756707416,231.8911773868383,55.96029756891986,146.99372399480285,-29.359037420688903,MEASURED,
B2,S2,30,8460.0,8490.0,414.3851756707416,71.02668038102419,17.14025610739027,34.56385738100486,-29.359037420688903,MEASURED,
B3,S2,30,8460.0,8490.0,414.3851756707416,228.1932986827905,55.06792039879975,145.01942729040772,0.0,MEASURED,
B4,S2,30,8460.0,8490.0,414.3851756707416,104.6285293020182,25.249100461342994,65.82045494487056,-29.359037420688903,MEASURED,
X,S2,30,8460.0,8490.0,414.3851756707416,21.423977280351668,5.170063636005777,9.909546810239316,-2.182514200509682,MEASURED,
CURRENT,S2,30,8460.0,8490.0,,,,,,NOT_FOUND,No dedicated IO-VNBD model found
B1,S2,30,8520.0,8550.0,263.9752781271355,50.91416939075797,19.287476369751847,31.55479738991259,-13.214346392899545,MEASURED,
B2,S2,30,8520.0,8550.0,263.9752781271355,26.923211323065555,10.199141190069636,12.23085025590107,-13.214346392899545,MEASURED,
B3,S2,30,8520.0,8550.0,263.9752781271355,49.41186958077753,18.718370118348673,30.421322122067497,0.0,MEASURED,
B4,S2,30,8520.0,8550.0,263.9752781271355,38.65476596848365,14.643328058117165,18.630394083381763,-13.214346392899545,MEASURED,
X,S2,30,8520.0,8550.0,263.9752781271355,68.35893735736907,25.89596186520395,36.38232440409424,-1.0498983888996414,MEASURED,
CURRENT,S2,30,8520.0,8550.0,,,,,,NOT_FOUND,No dedicated IO-VNBD model found
B1,S2,30,8580.0,8610.0,156.42817345404143,30.715950965969572,19.635817696863867,43.7734470106902,-15.319638336715611,MEASURED,
B2,S2,30,8580.0,8610.0,156.42817345404143,14.652415511835693,9.366864796986567,9.796317258272573,-15.319638336715611,MEASURED,
B3,S2,30,8580.0,8610.0,156.42817345404143,49.52082362818241,31.657228064950605,22.855529821323113,0.0,MEASURED,
B4,S2,30,8580.0,8610.0,156.42817345404143,68.2321850433109,43.6188594015371,32.15364365860089,-15.319638336715611,MEASURED,
X,S2,30,8580.0,8610.0,156.42817345404143,19.887338008349936,12.713399107861369,9.661404064628709,-0.9434336775168266,MEASURED,
CURRENT,S2,30,8580.0,8610.0,,,,,,NOT_FOUND,No dedicated IO-VNBD model found
B1,S2,30,8640.0,8670.0,139.9803085284402,110.77151119287083,79.13363840769438,85.75051130396596,2.168126825463541,MEASURED,
B2,S2,30,8640.0,8670.0,139.9803085284402,4.61899919838598,3.2997492625525435,1.5729898046039255,2.168126825463541,MEASURED,
B3,S2,30,8640.0,8670.0,139.9803085284402,110.96695215796878,79.27325873511938,85.7245228023832,0.0,MEASURED,
B4,S2,30,8640.0,8670.0,139.9803085284402,67.71879232424465,48.37737038598256,26.47912802969198,2.168126825463541,MEASURED,
X,S2,30,8640.0,8670.0,139.9803085284402,40.73788392568891,29.10258189451846,16.63796059609258,4.852563011638018,MEASURED,
CURRENT,S2,30,8640.0,8670.0,,,,,,NOT_FOUND,No dedicated IO-VNBD model found
B1,S2,30,8700.0,8730.0,313.5652931006714,125.25190786818372,39.94444239336497,74.69622009144548,-8.437516339740677,MEASURED,
B2,S2,30,8700.0,8730.0,313.5652931006714,37.83636385270936,12.066502474992296,15.413241950811388,-8.437516339740677,MEASURED,
B3,S2,30,8700.0,8730.0,313.5652931006714,106.38231272323166,33.926686104599334,66.59699447694494,0.0,MEASURED,
B4,S2,30,8700.0,8730.0,313.5652931006714,158.07033254288277,50.410659604516134,70.40129036201174,-8.437516339740677,MEASURED,
X,S2,30,8700.0,8730.0,313.5652931006714,66.04983194103903,21.06413987591205,31.30562416415889,1.0056463791169512,MEASURED,
CURRENT,S2,30,8700.0,8730.0,,,,,,NOT_FOUND,No dedicated IO-VNBD model found
B1,S2,30,8760.0,8790.0,396.5401265513102,88.60201078758463,22.3437692316669,47.658624805108296,-15.684935310241318,MEASURED,
B2,S2,30,8760.0,8790.0,396.5401265513102,54.32615118630086,13.700038797781374,33.671915239004754,-15.684935310241318,MEASURED,
B3,S2,30,8760.0,8790.0,396.5401265513102,78.17061036511974,19.713165233734518,38.28835995497772,0.0,MEASURED,
B4,S2,30,8760.0,8790.0,396.5401265513102,98.82841468741724,24.92267694241263,53.68485816811069,-15.684935310241318,MEASURED,
X,S2,30,8760.0,8790.0,396.5401265513102,16.99462957703557,4.285727581931498,11.432236060966323,-0.8027935487045882,MEASURED,
CURRENT,S2,30,8760.0,8790.0,,,,,,NOT_FOUND,No dedicated IO-VNBD model found
B1,S2,30,8820.0,8850.0,692.5924249269934,100.07684819452122,14.449601900435221,51.39912801342809,-10.910609565070295,MEASURED,
B2,S2,30,8820.0,8850.0,692.5924249269934,88.59370234505135,12.791607178549501,43.76747593456257,-10.910609565070295,MEASURED,
B3,S2,30,8820.0,8850.0,692.5924249269934,51.52679010290335,7.439698767761548,28.931379214182822,0.0,MEASURED,
B4,S2,30,8820.0,8850.0,692.5924249269934,88.20174093656419,12.735013806404481,43.61586443865907,-10.910609565070295,MEASURED,
X,S2,30,8820.0,8850.0,692.5924249269934,23.430144542763944,3.3829628652426758,10.602509604899394,-3.9261112403901155,MEASURED,
CURRENT,S2,30,8820.0,8850.0,,,,,,NOT_FOUND,No dedicated IO-VNBD model found
B1,S2,30,8880.0,8910.0,487.3897964104752,36.77860942354674,7.5460359848346386,24.9038864864374,-6.050805131369207,MEASURED,
B2,S2,30,8880.0,8910.0,487.3897964104752,25.996751970313554,5.333872838901069,11.606747792288703,-6.050805131369207,MEASURED,
B3,S2,30,8880.0,8910.0,487.3897964104752,31.26814784901184,6.415429309209029,23.67476584881452,0.0,MEASURED,
B4,S2,30,8880.0,8910.0,487.3897964104752,297.2605392076855,60.99030824956693,143.8669792703737,-6.050805131369207,MEASURED,
X,S2,30,8880.0,8910.0,487.3897964104752,17.068372858793403,3.501996345532555,8.906326730566011,-2.8956450866661756,MEASURED,
CURRENT,S2,30,8880.0,8910.0,,,,,,NOT_FOUND,No dedicated IO-VNBD model found
B1,S2,30,8940.0,8970.0,442.36817629359155,223.38857984932815,50.49833867368192,114.62079468714492,-16.16794490074171,MEASURED,
B2,S2,30,8940.0,8970.0,442.36817629359155,64.02499855366239,14.473237901084952,30.573704988708297,-16.16794490074171,MEASURED,
B3,S2,30,8940.0,8970.0,442.36817629359155,210.45983904294127,47.57571867087993,109.1056944797293,0.0,MEASURED,
B4,S2,30,8940.0,8970.0,442.36817629359155,170.40169560202548,38.520333227798254,87.70597787774979,-16.16794490074171,MEASURED,
X,S2,30,8940.0,8970.0,442.36817629359155,76.54739808040317,17.304002001626827,34.9934516238279,1.2430339770972187,MEASURED,
CURRENT,S2,30,8940.0,8970.0,,,,,,NOT_FOUND,No dedicated IO-VNBD model found
B1,S2,30,9000.0,9030.0,483.2127467912477,181.95573123701558,37.65540798443012,65.43073522665894,-14.888586609975018,MEASURED,
B2,S2,30,9000.0,9030.0,483.2127467912477,52.960800272171596,10.960141391934586,30.900677182566522,-14.888586609975018,MEASURED,
B3,S2,30,9000.0,9030.0,483.2127467912477,167.4020060788002,34.64354100557687,55.02925996874765,0.0,MEASURED,
B4,S2,30,9000.0,9030.0,483.2127467912477,189.713156829115,39.26079311626123,66.28529419087714,-14.888586609975018,MEASURED,
X,S2,30,9000.0,9030.0,483.2127467912477,21.321249834536633,4.412393914713431,7.708807160521112,-0.9104328397926125,MEASURED,
CURRENT,S2,30,9000.0,9030.0,,,,,,NOT_FOUND,No dedicated IO-VNBD model found
B1,S2,30,9060.0,9090.0,498.57444977392095,109.20486378860701,21.903421612985998,43.64864469229996,-13.97248063090697,MEASURED,
B2,S2,30,9060.0,9090.0,498.57444977392095,87.67882941348896,17.58590506457902,39.50567347206421,-13.97248063090697,MEASURED,
B3,S2,30,9060.0,9090.0,498.57444977392095,90.67810053965624,18.187474424486517,37.092398236344195,0.0,MEASURED,
B4,S2,30,9060.0,9090.0,498.57444977392095,337.8476898540828,67.76273633903224,159.82780366839506,-13.97248063090697,MEASURED,
X,S2,30,9060.0,9090.0,498.57444977392095,19.990588159730805,4.009549259653308,21.857708581193766,-1.0961065720388454,MEASURED,
CURRENT,S2,30,9060.0,9090.0,,,,,,NOT_FOUND,No dedicated IO-VNBD model found
B1,S2,30,9120.0,9150.0,403.52272435227974,272.44992895044777,67.51786516800873,128.47977905166414,-11.658433372578292,MEASURED,
B2,S2,30,9120.0,9150.0,403.52272435227974,24.453433116432578,6.059989101155172,11.50032289879722,-11.658433372578292,MEASURED,
B3,S2,30,9120.0,9150.0,403.52272435227974,265.479941211158,65.7905801060639,125.23570115899827,0.0,MEASURED,
B4,S2,30,9120.0,9150.0,403.52272435227974,247.26907748107212,61.277609056089624,113.64683719280254,-11.658433372578292,MEASURED,
X,S2,30,9120.0,9150.0,403.52272435227974,60.15148906155852,14.906592722407776,26.65748931169695,-1.9122538909465048,MEASURED,
CURRENT,S2,30,9120.0,9150.0,,,,,,NOT_FOUND,No dedicated IO-VNBD model found
B1,S2,60,60.0,120.0,346.83981804527735,162.22341308023482,46.77185393375387,139.32352430922168,-160.01545465839263,MEASURED,
B2,S2,60,60.0,120.0,346.83981804527735,21.707182615611817,6.25856129724359,75.40053573801893,-160.01545465839263,MEASURED,
B3,S2,60,60.0,120.0,346.83981804527735,285.72092110868925,82.378350536267,146.77138123790246,0.0,MEASURED,
B4,S2,60,60.0,120.0,346.83981804527735,106.21589351779853,30.623904174673754,67.87111787522505,-160.01545465839263,MEASURED,
X,S2,60,60.0,120.0,346.83981804527735,555.3147745131553,160.10698472937818,1975.2739001824827,-19.452229342694025,MEASURED,
CURRENT,S2,60,60.0,120.0,,,,,,NOT_FOUND,No dedicated IO-VNBD model found
B1,S2,60,300.0,360.0,425.0499159963156,240.6972090493052,56.627986500152986,138.83171918616975,-20.69166212771131,MEASURED,
B2,S2,60,300.0,360.0,425.0499159963156,70.47888712552066,16.581320092798602,28.846763703515066,-20.69166212771131,MEASURED,
B3,S2,60,300.0,360.0,425.0499159963156,193.91743176126778,45.62227269395547,127.06090135993159,0.0,MEASURED,
B4,S2,60,300.0,360.0,425.0499159963156,204.37445658274464,48.08246017498712,103.00350153712559,-20.69166212771131,MEASURED,
X,S2,60,300.0,360.0,425.0499159963156,256.44316366114333,60.332481906281856,120.29447116654654,-5.320334658070564,MEASURED,
CURRENT,S2,60,300.0,360.0,,,,,,NOT_FOUND,No dedicated IO-VNBD model found
B1,S2,60,360.0,420.0,387.4985132662522,168.1807818179187,43.4016586025869,63.89833207892063,-13.362861637113317,MEASURED,
B2,S2,60,360.0,420.0,387.4985132662522,15.664502922308602,4.042467876914264,8.011187049517492,-13.362861637113317,MEASURED,
B3,S2,60,360.0,420.0,387.4985132662522,168.0715811681458,43.37347768161963,64.08426016401393,0.0,MEASURED,
B4,S2,60,360.0,420.0,387.4985132662522,35.66263078907884,9.203294869050211,59.572451148228474,-13.362861637113317,MEASURED,
X,S2,60,360.0,420.0,387.4985132662522,277.92491914987784,71.72283496192776,125.90064427142816,2.0668750252823647,MEASURED,
CURRENT,S2,60,360.0,420.0,,,,,,NOT_FOUND,No dedicated IO-VNBD model found
B1,S2,60,420.0,480.0,463.0570682677237,307.2063686674231,66.34309024083548,208.24458132168647,-7.873163558678914,MEASURED,
B2,S2,60,420.0,480.0,463.0570682677237,44.68223697356978,9.649401776917925,26.457886046398006,-7.873163558678914,MEASURED,
B3,S2,60,420.0,480.0,463.0570682677237,307.2063686674231,66.34309024083548,208.24458132168647,0.0,MEASURED,
B4,S2,60,420.0,480.0,463.0570682677237,189.38105165389177,40.89799392596641,120.44630456038824,-7.873163558678914,MEASURED,
X,S2,60,420.0,480.0,463.0570682677237,103.16838909624514,22.27984327767495,73.34453075671235,1.2896350118482818,MEASURED,
CURRENT,S2,60,420.0,480.0,,,,,,NOT_FOUND,No dedicated IO-VNBD model found
B1,S2,60,480.0,540.0,348.2729670137114,51.72691263832056,14.85240530778379,28.91627852930741,-22.79737872126306,MEASURED,
B2,S2,60,480.0,540.0,348.2729670137114,61.61101886317687,17.690439597268902,33.05066801646304,-22.79737872126306,MEASURED,
B3,S2,60,480.0,540.0,348.2729670137114,21.375395533323225,6.137540825119993,16.514853704895838,0.0,MEASURED,
B4,S2,60,480.0,540.0,348.2729670137114,112.03645941690445,32.169151794228576,64.60156042477962,-22.79737872126306,MEASURED,
X,S2,60,480.0,540.0,348.2729670137114,57.18078676600012,16.418382183463848,30.059441269648755,10.49648164188363,MEASURED,
CURRENT,S2,60,480.0,540.0,,,,,,NOT_FOUND,No dedicated IO-VNBD model found
B1,S2,60,540.0,600.0,303.7817922288341,57.90482261604885,19.06132101967127,31.19993447654475,-16.75885547608241,MEASURED,
B2,S2,60,540.0,600.0,303.7817922288341,23.56077483764456,7.755821922301582,12.624955862200474,-16.75885547608241,MEASURED,
B3,S2,60,540.0,600.0,303.7817922288341,31.93244045478026,10.511637389618812,23.098464182617715,0.0,MEASURED,
B4,S2,60,540.0,600.0,303.7817922288341,42.63734370841822,14.035516544816542,24.400986516338186,-16.75885547608241,MEASURED,
X,S2,60,540.0,600.0,303.7817922288341,56.265875129352864,18.521806299361305,24.95198393813905,13.865030935518643,MEASURED,
CURRENT,S2,60,540.0,600.0,,,,,,NOT_FOUND,No dedicated IO-VNBD model found
B1,S2,60,600.0,660.0,340.3759882746219,93.7729616159619,27.549816921957515,49.630359215054646,-4.8763524387719235,MEASURED,
B2,S2,60,600.0,660.0,340.3759882746219,20.41502136633236,5.997785410720903,11.243245347707559,-4.8763524387719235,MEASURED,
B3,S2,60,600.0,660.0,340.3759882746219,72.28324409120893,21.23629356395417,40.446787167688264,0.0,MEASURED,
B4,S2,60,600.0,660.0,340.3759882746219,200.99886230928408,59.05200990473933,116.00831010713566,-4.8763524387719235,MEASURED,
X,S2,60,600.0,660.0,340.3759882746219,212.95982099414036,62.566052932711656,104.87141286596709,15.583537974741885,MEASURED,
CURRENT,S2,60,600.0,660.0,,,,,,NOT_FOUND,No dedicated IO-VNBD model found
B1,S2,60,720.0,780.0,482.721709156685,171.59619535751187,35.5476441399933,82.97549290301438,-14.95691364175,MEASURED,
B2,S2,60,720.0,780.0,482.721709156685,79.41280393250567,16.45105294129818,34.065233274151794,-14.95691364175,MEASURED,
B3,S2,60,720.0,780.0,482.721709156685,159.39922762309223,33.02093620391814,78.45775240871423,0.0,MEASURED,
B4,S2,60,720.0,780.0,482.721709156685,87.2778182033216,18.08035904492383,51.273619557417675,-14.95691364175,MEASURED,
X,S2,60,720.0,780.0,482.721709156685,22.69976549844842,4.7024538295791425,60.19848790809033,4.632165949121819,MEASURED,
CURRENT,S2,60,720.0,780.0,,,,,,NOT_FOUND,No dedicated IO-VNBD model found
B1,S2,60,780.0,840.0,738.0657427862091,350.23577594113766,47.45319497135749,166.76668821166638,-22.17227814812555,MEASURED,
B2,S2,60,780.0,840.0,738.0657427862091,143.1913417100149,19.400892550501734,58.09939094428144,-22.17227814812555,MEASURED,
B3,S2,60,780.0,840.0,738.0657427862091,330.01268466850615,44.71318278812174,158.05933449113556,0.0,MEASURED,
B4,S2,60,780.0,840.0,738.0657427862091,366.2831110071874,49.62743693054541,172.12629017853746,-22.17227814812555,MEASURED,
X,S2,60,780.0,840.0,738.0657427862091,139.51193821393295,18.902372800459933,81.83305955017234,10.29400040717111,MEASURED,
CURRENT,S2,60,780.0,840.0,,,,,,NOT_FOUND,No dedicated IO-VNBD model found
B1,S2,60,840.0,900.0,549.9198798454943,349.8780241097938,63.623454421777886,158.02676826967416,-24.850881479843647,MEASURED,
B2,S2,60,840.0,900.0,549.9198798454943,80.37892119396442,14.616478534390811,38.808508057548806,-24.850881479843647,MEASURED,
B3,S2,60,840.0,900.0,549.9198798454943,337.0622083474562,61.29296661218309,151.6700364378897,0.0,MEASURED,
B4,S2,60,840.0,900.0,549.9198798454943,258.9515765850223,47.08896442474082,111.85684759765284,-24.850881479843647,MEASURED,
X,S2,60,840.0,900.0,549.9198798454943,207.44069231613383,37.7219845869941,82.27698024088204,20.399308397712094,MEASURED,
CURRENT,S2,60,840.0,900.0,,,,,,NOT_FOUND,No dedicated IO-VNBD model found
B1,S2,60,900.0,960.0,428.69069060878417,262.4937802827346,61.23150934534334,123.12584152296557,6.703004686592864,MEASURED,
B2,S2,60,900.0,960.0,428.69069060878417,23.07488102108337,5.382641033868663,22.499294674973044,6.703004686592864,MEASURED,
B3,S2,60,900.0,960.0,428.69069060878417,276.9242526273231,64.59768282676319,130.22570479085394,0.0,MEASURED,
B4,S2,60,900.0,960.0,428.69069060878417,248.68131987604494,58.00949853212168,114.51187589880587,6.703004686592864,MEASURED,
X,S2,60,900.0,960.0,428.69069060878417,163.8603809343065,38.22345213552648,64.45593685733591,10.615060707548087,MEASURED,
CURRENT,S2,60,900.0,960.0,,,,,,NOT_FOUND,No dedicated IO-VNBD model found
B1,S2,60,960.0,1020.0,508.98014365893204,269.2932803807181,52.90840590456741,137.2800650699625,-6.375658666087427,MEASURED,
B2,S2,60,960.0,1020.0,508.98014365893204,33.05955365437722,6.495254101018615,14.563147650791175,-6.375658666087427,MEASURED,
B3,S2,60,960.0,1020.0,508.98014365893204,275.03976603295695,54.03742551836389,139.28285618221375,0.0,MEASURED,
B4,S2,60,960.0,1020.0,508.98014365893204,210.0009848706018,41.25917041890019,108.67100813901706,-6.375658666087427,MEASURED,
X,S2,60,960.0,1020.0,508.98014365893204,157.23328608307125,30.89183105508992,57.44747692142721,11.943686978090936,MEASURED,
CURRENT,S2,60,960.0,1020.0,,,,,,NOT_FOUND,No dedicated IO-VNBD model found
B1,S2,60,1020.0,1080.0,195.8016481068429,176.31627163929392,90.04841039084799,92.82041307132745,-9.602004281917292,MEASURED,
B2,S2,60,1020.0,1080.0,195.8016481068429,20.908152582297905,10.678231150990607,12.458378978360775,-9.602004281917292,MEASURED,
B3,S2,60,1020.0,1080.0,195.8016481068429,25.235889595302627,12.888497027120112,34.83292662256872,0.0,MEASURED,
B4,S2,60,1020.0,1080.0,195.8016481068429,153.3979534387231,78.34354558395678,83.72081163101065,-9.602004281917292,MEASURED,
X,S2,60,1020.0,1080.0,195.8016481068429,37.760647161699076,19.2851528711823,44.28718454116664,12.657982901280688,MEASURED,
CURRENT,S2,60,1020.0,1080.0,,,,,,NOT_FOUND,No dedicated IO-VNBD model found
B1,S2,60,1080.0,1140.0,259.75023788684626,70.26920634695027,27.052605194364173,52.31678829215849,-42.4795941851221,MEASURED,
B2,S2,60,1080.0,1140.0,259.75023788684626,19.253534766727395,7.412326134274694,10.17406474683026,-42.4795941851221,MEASURED,
B3,S2,60,1080.0,1140.0,259.75023788684626,61.94157855222318,23.846591655175498,50.590656901990776,0.0,MEASURED,
B4,S2,60,1080.0,1140.0,259.75023788684626,113.71288415216632,43.777778637378,68.83204655690108,-42.4795941851221,MEASURED,
X,S2,60,1080.0,1140.0,259.75023788684626,122.59691498619951,47.197999117754726,88.77196491875141,-26.45398670805612,MEASURED,
CURRENT,S2,60,1080.0,1140.0,,,,,,NOT_FOUND,No dedicated IO-VNBD model found
B1,S2,60,1260.0,1320.0,400.0563210281196,44.570846864918614,11.14114301465712,74.86662371636828,-9.719882452378686,MEASURED,
B2,S2,60,1260.0,1320.0,400.0563210281196,12.5898155738134,3.147010786245888,4.162122782533087,-9.719882452378686,MEASURED,
B3,S2,60,1260.0,1320.0,400.0563210281196,49.93386691458778,12.481709271899737,75.34070720874601,0.0,MEASURED,
B4,S2,60,1260.0,1320.0,400.0563210281196,30.553147465683427,7.637211527407881,14.04317676834426,-9.719882452378686,MEASURED,
X,S2,60,1260.0,1320.0,400.0563210281196,131.8940640283341,32.968873904897855,65.72265502604021,2.9131427615981473,MEASURED,
CURRENT,S2,60,1260.0,1320.0,,,,,,NOT_FOUND,No dedicated IO-VNBD model found
B1,S2,60,1320.0,1380.0,355.98727426617455,16.400836440268463,4.607141217077728,17.641570675184866,2.6019235035611286,MEASURED,
B2,S2,60,1320.0,1380.0,355.98727426617455,16.169013980666737,4.542020220806274,9.729554666991055,2.6019235035611286,MEASURED,
B3,S2,60,1320.0,1380.0,355.98727426617455,2.7570667371848243,0.7744846337184916,12.695479930183433,0.0,MEASURED,
B4,S2,60,1320.0,1380.0,355.98727426617455,61.753261286690744,17.347041804791406,27.082441428545675,2.6019235035611286,MEASURED,
X,S2,60,1320.0,1380.0,355.98727426617455,72.57481338320976,20.38691229421448,48.091566080375216,6.272258075170898,MEASURED,
CURRENT,S2,60,1320.0,1380.0,,,,,,NOT_FOUND,No dedicated IO-VNBD model found
B1,S2,60,1380.0,1440.0,291.68411219152495,49.066722746227676,16.82187019977612,40.31674967058201,-13.035764978356987,MEASURED,
B2,S2,60,1380.0,1440.0,291.68411219152495,23.473336242084635,8.047519649157863,11.388446988056668,-13.035764978356987,MEASURED,
B3,S2,60,1380.0,1440.0,291.68411219152495,69.57196743166736,23.85181932226229,48.48723127597899,0.0,MEASURED,
B4,S2,60,1380.0,1440.0,291.68411219152495,66.20237809637617,22.696600647520533,62.937712233760315,-13.035764978356987,MEASURED,
X,S2,60,1380.0,1440.0,291.68411219152495,420.6368363957652,144.20971825834917,213.52847207873742,9.067462456407444,MEASURED,
CURRENT,S2,60,1380.0,1440.0,,,,,,NOT_FOUND,No dedicated IO-VNBD model found
B1,S2,60,1440.0,1500.0,405.49199515354303,134.49598356680104,33.16859153184343,74.61799738976222,-20.510698806174183,MEASURED,
B2,S2,60,1440.0,1500.0,405.49199515354303,54.05969747143858,13.331877846557346,24.04955738760444,-20.510698806174183,MEASURED,
B3,S2,60,1440.0,1500.0,405.49199515354303,125.25269212058662,30.88906652106871,66.60582058876804,0.0,MEASURED,
B4,S2,60,1440.0,1500.0,405.49199515354303,136.03680507252088,33.54857967566274,77.36255779397756,-20.510698806174183,MEASURED,
X,S2,60,1440.0,1500.0,405.49199515354303,64.26643756090235,15.849002774165076,56.47107323024574,5.906674508471885,MEASURED,
CURRENT,S2,60,1440.0,1500.0,,,,,,NOT_FOUND,No dedicated IO-VNBD model found
B1,S2,60,1500.0,1560.0,467.1896204385428,243.2838185921985,52.07389204491148,153.86906719728444,0.4628518746857911,MEASURED,
B2,S2,60,1500.0,1560.0,467.1896204385428,24.460568685629408,5.235683246273472,14.2430842807924,0.4628518746857911,MEASURED,
B3,S2,60,1500.0,1560.0,467.1896204385428,242.48599199335086,51.90312057141455,153.62917473858406,0.0,MEASURED,
B4,S2,60,1500.0,1560.0,467.1896204385428,273.7958001800257,58.604855117076085,171.45827811709543,0.4628518746857911,MEASURED,
X,S2,60,1500.0,1560.0,467.1896204385428,281.6673832422627,60.289734814285126,161.97490466432663,14.654782551549687,MEASURED,
CURRENT,S2,60,1500.0,1560.0,,,,,,NOT_FOUND,No dedicated IO-VNBD model found
B1,S2,60,1560.0,1620.0,236.51729193146627,86.27844978079135,36.47870693775386,47.79882961446993,-6.682337340552672,MEASURED,
B2,S2,60,1560.0,1620.0,236.51729193146627,18.739974148614852,7.923299812702482,10.410884918832856,-6.682337340552672,MEASURED,
B3,S2,60,1560.0,1620.0,236.51729193146627,45.86895070868132,19.393487188231628,25.423193110356923,0.0,MEASURED,
B4,S2,60,1560.0,1620.0,236.51729193146627,23.131953416460433,9.780237727042467,22.6321716073477,-6.682337340552672,MEASURED,
X,S2,60,1560.0,1620.0,236.51729193146627,110.45086193982912,46.698852772182754,63.955442044151745,15.92411339272612,MEASURED,
CURRENT,S2,60,1560.0,1620.0,,,,,,NOT_FOUND,No dedicated IO-VNBD model found
B1,S2,60,1620.0,1680.0,457.48195679886805,72.0934132707877,15.758744623557597,52.769645284024435,-6.440000143423788,MEASURED,
B2,S2,60,1620.0,1680.0,457.48195679886805,12.529258160111125,2.738743675877825,7.223193274611977,-6.440000143423788,MEASURED,
B3,S2,60,1620.0,1680.0,457.48195679886805,81.21903741823695,17.753495238708375,54.69625983932826,0.0,MEASURED,
B4,S2,60,1620.0,1680.0,457.48195679886805,25.146651788957637,5.496752694885705,19.60589895157486,-6.440000143423788,MEASURED,
X,S2,60,1620.0,1680.0,457.48195679886805,143.049397058978,31.2688609754001,60.8885135609496,7.083936019636041,MEASURED,
CURRENT,S2,60,1620.0,1680.0,,,,,,NOT_FOUND,No dedicated IO-VNBD model found
B1,S2,60,1800.0,1860.0,151.49381601032985,84.40416076678339,55.71459151905458,35.102919395779374,-10.38727713418217,MEASURED,
B2,S2,60,1800.0,1860.0,151.49381601032985,10.921349630428175,7.2091059015131576,5.037335079552504,-10.38727713418217,MEASURED,
B3,S2,60,1800.0,1860.0,151.49381601032985,55.14323898011283,36.39966332114361,27.804102077567084,0.0,MEASURED,
B4,S2,60,1800.0,1860.0,151.49381601032985,58.55524586688254,38.65190501432075,28.070266195312232,-10.38727713418217,MEASURED,
X,S2,60,1800.0,1860.0,151.49381601032985,26.98518158569115,17.81272813396629,23.231496545241832,7.000325084964178,MEASURED,
CURRENT,S2,60,1800.0,1860.0,,,,,,NOT_FOUND,No dedicated IO-VNBD model found
B1,S2,60,1860.0,1920.0,213.46543299530504,147.48524964692345,69.09092848309884,79.58227359709002,-14.345617256946703,MEASURED,
B2,S2,60,1860.0,1920.0,213.46543299530504,21.285545600654313,9.97142502276819,10.219770507984562,-14.345617256946703,MEASURED,
B3,S2,60,1860.0,1920.0,213.46543299530504,147.51483063542528,69.10478599065252,79.62347195561298,0.0,MEASURED,
B4,S2,60,1860.0,1920.0,213.46543299530504,70.61615120513167,33.08083665549954,35.98671858248484,-14.345617256946703,MEASURED,
X,S2,60,1860.0,1920.0,213.46543299530504,76.17092674563261,35.683026369570534,39.16180525793206,0.9001568413485685,MEASURED,
CURRENT,S2,60,1860.0,1920.0,,,,,,NOT_FOUND,No dedicated IO-VNBD model found
B1,S2,60,1920.0,1980.0,347.91332206337506,83.40509168777328,23.972951421670597,56.397304335034896,-2.843394076468231,MEASURED,
B2,S2,60,1920.0,1980.0,347.91332206337506,1.9364315566022001,0.556584480616544,2.0366225233903705,-2.843394076468231,MEASURED,
B3,S2,60,1920.0,1980.0,347.91332206337506,83.53476565725227,24.010223340063927,56.005811210752306,0.0,MEASURED,
B4,S2,60,1920.0,1980.0,347.91332206337506,103.37776342882344,29.713654773470385,68.25570742194539,-2.843394076468231,MEASURED,
X,S2,60,1920.0,1980.0,347.91332206337506,126.79343626774481,36.44397274463908,83.43634589915825,7.523686275191272,MEASURED,
CURRENT,S2,60,1920.0,1980.0,,,,,,NOT_FOUND,No dedicated IO-VNBD model found
B1,S2,60,1980.0,2040.0,394.1104689469812,62.762099798461215,15.925001933126637,35.94535998635561,-10.878175695221895,MEASURED,
B2,S2,60,1980.0,2040.0,394.1104689469812,17.694478425143565,4.489725551422478,7.346067390875071,-10.878175695221895,MEASURED,
B3,S2,60,1980.0,2040.0,394.1104689469812,44.36561645588648,11.25715248682087,32.385240288567566,0.0,MEASURED,
B4,S2,60,1980.0,2040.0,394.1104689469812,38.130057025781355,9.674966799958543,16.768798865549556,-10.878175695221895,MEASURED,
X,S2,60,1980.0,2040.0,394.1104689469812,48.94714823199923,12.419651871410698,37.32402454151243,0.4596093805054078,MEASURED,
CURRENT,S2,60,1980.0,2040.0,,,,,,NOT_FOUND,No dedicated IO-VNBD model found
B1,S2,60,2040.0,2100.0,349.27832720731874,35.51433875606881,10.167919389681687,48.28530170284119,-9.76073265555308,MEASURED,
B2,S2,60,2040.0,2100.0,349.27832720731874,11.092629903741567,3.175871229238163,5.004394628508199,-9.76073265555308,MEASURED,
B3,S2,60,2040.0,2100.0,349.27832720731874,38.92466292714557,11.144310967809155,49.19711360418229,0.0,MEASURED,
B4,S2,60,2040.0,2100.0,349.27832720731874,135.1094044644205,38.68244718895041,100.8389251399753,-9.76073265555308,MEASURED,
X,S2,60,2040.0,2100.0,349.27832720731874,98.01562479562182,28.062326563263504,61.29610200712872,-0.3525396593518015,MEASURED,
CURRENT,S2,60,2040.0,2100.0,,,,,,NOT_FOUND,No dedicated IO-VNBD model found
B1,S2,60,2100.0,2160.0,361.1311432186533,25.62806297802775,7.096608381545976,97.84140952639063,-24.688932511330695,MEASURED,
B2,S2,60,2100.0,2160.0,361.1311432186533,7.311189991802198,2.02452492095801,24.315538093259097,-24.688932511330695,MEASURED,
B3,S2,60,2100.0,2160.0,361.1311432186533,28.06914963003921,7.772564110607388,96.62922347055259,0.0,MEASURED,
B4,S2,60,2100.0,2160.0,361.1311432186533,168.7100114698257,46.717103921352255,87.39738158262689,-24.688932511330695,MEASURED,
X,S2,60,2100.0,2160.0,361.1311432186533,23.87804555103879,6.612015053097041,9.169804551375188,-2.227724323662274,MEASURED,
CURRENT,S2,60,2100.0,2160.0,,,,,,NOT_FOUND,No dedicated IO-VNBD model found
B1,S2,60,2160.0,2220.0,839.8784224023265,222.99313740153914,26.550644885447344,107.50397051597167,-29.85160538855868,MEASURED,
B2,S2,60,2160.0,2220.0,839.8784224023265,190.56345547035025,22.689409608271223,83.90350609350789,-29.85160538855868,MEASURED,
B3,S2,60,2160.0,2220.0,839.8784224023265,134.17757414939229,15.975832998019001,73.84020664693138,0.0,MEASURED,
B4,S2,60,2160.0,2220.0,839.8784224023265,196.6142376026775,23.409845086899196,87.09578211022537,-29.85160538855868,MEASURED,
X,S2,60,2160.0,2220.0,839.8784224023265,174.23381442372812,20.745123315034398,74.58878966691306,-1.478531725921992,MEASURED,
CURRENT,S2,60,2160.0,2220.0,,,,,,NOT_FOUND,No dedicated IO-VNBD model found
B1,S2,60,2220.0,2280.0,551.8353004563118,155.24893072341632,28.133200357976595,76.33223065521666,-22.007102437274664,MEASURED,
B2,S2,60,2220.0,2280.0,551.8353004563118,86.12260283500756,15.606577318231164,28.650671516272144,-22.007102437274664,MEASURED,
B3,S2,60,2220.0,2280.0,551.8353004563118,123.15376231359726,22.317122919059653,69.02680392246386,0.0,MEASURED,
B4,S2,60,2220.0,2280.0,551.8353004563118,113.62147810803877,20.589744442605493,42.56085054723235,-22.007102437274664,MEASURED,
X,S2,60,2220.0,2280.0,551.8353004563118,233.76546210309527,42.361454932258766,96.31129434448226,-2.6225054852956964,MEASURED,
CURRENT,S2,60,2220.0,2280.0,,,,,,NOT_FOUND,No dedicated IO-VNBD model found
B1,S2,60,2280.0,2340.0,863.9434417575374,140.69257730586912,16.284929140691826,70.12117541559716,-18.78329831558249,MEASURED,
B2,S2,60,2280.0,2340.0,863.9434417575374,104.65278757158602,12.11338410749305,41.70328471718597,-18.78329831558249,MEASURED,
B3,S2,60,2280.0,2340.0,863.9434417575374,104.44572300185139,12.089416731884134,59.63112932534659,0.0,MEASURED,
B4,S2,60,2280.0,2340.0,863.9434417575374,106.36050636879148,12.311049685430818,43.59523853297884,-18.78329831558249,MEASURED,
X,S2,60,2280.0,2340.0,863.9434417575374,313.8365507503059,36.32605279251405,142.45177930354996,3.682275181641059,MEASURED,
CURRENT,S2,60,2280.0,2340.0,,,,,,NOT_FOUND,No dedicated IO-VNBD model found
B1,S2,60,2340.0,2400.0,694.3542245522793,164.35628108163752,23.670379652059395,55.16416218907338,-14.72561752840931,MEASURED,
B2,S2,60,2340.0,2400.0,694.3542245522793,67.19916417939822,9.677936966931878,37.06292239660844,-14.72561752840931,MEASURED,
B3,S2,60,2340.0,2400.0,694.3542245522793,129.55945033877035,18.658984961502966,32.7963564929472,0.0,MEASURED,
B4,S2,60,2340.0,2400.0,694.3542245522793,278.43507822201883,40.09986090335292,94.24899768292305,-14.72561752840931,MEASURED,
X,S2,60,2340.0,2400.0,694.3542245522793,96.50432113498196,13.898427880554497,62.26018550444967,17.51989892649261,MEASURED,
CURRENT,S2,60,2340.0,2400.0,,,,,,NOT_FOUND,No dedicated IO-VNBD model found
B1,S2,60,2460.0,2520.0,160.715721460585,271.1923885915267,168.74042323111232,131.23789879276902,-29.025776474235172,MEASURED,
B2,S2,60,2460.0,2520.0,160.715721460585,15.304840694996335,9.522926914620358,9.27057126654982,-29.025776474235172,MEASURED,
B3,S2,60,2460.0,2520.0,160.715721460585,268.27589983592327,166.92573532808802,129.43082802709773,0.0,MEASURED,
B4,S2,60,2460.0,2520.0,160.715721460585,238.1584977750823,148.1861859006058,116.41909991941925,-29.025776474235172,MEASURED,
X,S2,60,2460.0,2520.0,160.715721460585,538.3447605782534,334.9670808093785,227.00762948961142,2.586808762841884,MEASURED,
CURRENT,S2,60,2460.0,2520.0,,,,,,NOT_FOUND,No dedicated IO-VNBD model found
B1,S2,60,2520.0,2580.0,382.0301619870653,320.6236793086666,83.92627368504014,169.7340479037738,-31.553761978158228,MEASURED,
B2,S2,60,2520.0,2580.0,382.0301619870653,125.46956160258674,32.84284176672806,51.60677774110323,-31.553761978158228,MEASURED,
B3,S2,60,2520.0,2580.0,382.0301619870653,318.448447279315,83.35688617436887,169.28611431350816,0.0,MEASURED,
B4,S2,60,2520.0,2580.0,382.0301619870653,156.05602859411488,40.84913813674183,84.48263984003908,-31.553761978158228,MEASURED,
X,S2,60,2520.0,2580.0,382.0301619870653,448.6262422533474,117.43215245620762,162.3454193140699,-4.0018340256860885,MEASURED,
CURRENT,S2,60,2520.0,2580.0,,,,,,NOT_FOUND,No dedicated IO-VNBD model found
B1,S2,60,2580.0,2640.0,854.0858397426375,394.4863275914378,46.188135809663905,208.60023295628446,-41.342150936823245,MEASURED,
B2,S2,60,2580.0,2640.0,854.0858397426375,280.06263428788867,32.790923494561184,125.38150070945,-41.342150936823245,MEASURED,
B3,S2,60,2580.0,2640.0,854.0858397426375,310.32904034976866,36.334642949153725,178.8313961655576,0.0,MEASURED,
B4,S2,60,2580.0,2640.0,854.0858397426375,294.69622534477236,34.50428652857346,137.9795820219874,-41.342150936823245,MEASURED,
X,S2,60,2580.0,2640.0,854.0858397426375,286.63637474480186,33.56060496579293,140.29899315512716,-9.433407781264616,MEASURED,
CURRENT,S2,60,2580.0,2640.0,,,,,,NOT_FOUND,No dedicated IO-VNBD model found
B1,S2,60,2640.0,2700.0,311.1777696198022,459.20523713570554,147.57006507783757,206.2378390009689,-28.5555121475745,MEASURED,
B2,S2,60,2640.0,2700.0,311.1777696198022,7.751026785889519,2.4908677748284345,6.358853899782157,-28.5555121475745,MEASURED,
B3,S2,60,2640.0,2700.0,311.1777696198022,462.7864236592583,148.72091416578118,207.79850194586987,0.0,MEASURED,
B4,S2,60,2640.0,2700.0,311.1777696198022,472.8862179129974,151.9665811895146,214.47697629808812,-28.5555121475745,MEASURED,
X,S2,60,2640.0,2700.0,311.1777696198022,9.043066987668832,2.906077448500796,9.328249734430038,-8.400023698373323,MEASURED,
CURRENT,S2,60,2640.0,2700.0,,,,,,NOT_FOUND,No dedicated IO-VNBD model found
B1,S2,60,2820.0,2880.0,512.7263292615353,142.5784497295048,27.807904839772196,131.40128747653034,-37.61155193941957,MEASURED,
B2,S2,60,2820.0,2880.0,512.7263292615353,194.3864313310273,37.912317007592804,85.03882718242608,-37.61155193941957,MEASURED,
B3,S2,60,2820.0,2880.0,512.7263292615353,140.5037779816365,27.403269534451248,135.07483796404475,0.0,MEASURED,
B4,S2,60,2820.0,2880.0,512.7263292615353,115.18053273706076,22.46432963623146,90.60247663281714,-37.61155193941957,MEASURED,
X,S2,60,2820.0,2880.0,512.7263292615353,116.25697128116981,22.67427371022887,46.89514872495845,5.973252988022385,MEASURED,
CURRENT,S2,60,2820.0,2880.0,,,,,,NOT_FOUND,No dedicated IO-VNBD model found
B1,S2,60,2880.0,2940.0,121.8163231789681,577.2832761286336,473.89648699256014,314.226721071525,-36.39762065432002,MEASURED,
B2,S2,60,2880.0,2940.0,121.8163231789681,15.332296926766675,12.586405932020313,11.026617134083011,-36.39762065432002,MEASURED,
B3,S2,60,2880.0,2940.0,121.8163231789681,601.654549285914,493.9030612522962,324.27958694424876,0.0,MEASURED,
B4,S2,60,2880.0,2940.0,121.8163231789681,157.01367210098937,128.89378697657014,74.34368847956125,-36.39762065432002,MEASURED,
X,S2,60,2880.0,2940.0,121.8163231789681,29.119623860472995,23.904533563774947,18.699245835532526,-0.006039243283412373,MEASURED,
CURRENT,S2,60,2880.0,2940.0,,,,,,NOT_FOUND,No dedicated IO-VNBD model found
B1,S2,60,2940.0,3000.0,693.0834868362049,561.4872332072333,81.01292901527871,312.8728856177273,-20.835447243236977,MEASURED,
B2,S2,60,2940.0,3000.0,693.0834868362049,157.9138324382292,22.78424395292925,79.88237844087027,-20.835447243236977,MEASURED,
B3,S2,60,2940.0,3000.0,693.0834868362049,561.4872332072333,81.01292901527871,312.8728856177273,0.0,MEASURED,
B4,S2,60,2940.0,3000.0,693.0834868362049,328.49791586398237,47.39658671764252,172.66713630254648,-20.835447243236977,MEASURED,
X,S2,60,2940.0,3000.0,693.0834868362049,131.36962893588145,18.95437294799202,62.0629892041303,0.335539798656286,MEASURED,
CURRENT,S2,60,2940.0,3000.0,,,,,,NOT_FOUND,No dedicated IO-VNBD model found
B1,S2,60,3000.0,3060.0,650.8584867046644,199.16111423110343,30.5997568287798,96.14013354446509,-40.25106475656701,MEASURED,
B2,S2,60,3000.0,3060.0,650.8584867046644,232.25506816593503,35.684418796143596,114.53693891953343,-40.25106475656701,MEASURED,
B3,S2,60,3000.0,3060.0,650.8584867046644,42.736842775531365,6.56622655285799,39.52424361350724,0.0,MEASURED,
B4,S2,60,3000.0,3060.0,650.8584867046644,248.77738609500332,38.22296108553154,110.0957771471631,-40.25106475656701,MEASURED,
X,S2,60,3000.0,3060.0,650.8584867046644,21.249270727003626,3.2648065840840395,14.128724714321246,-5.382862132673241,MEASURED,
CURRENT,S2,60,3000.0,3060.0,,,,,,NOT_FOUND,No dedicated IO-VNBD model found
B1,S2,60,3060.0,3120.0,402.5087296199269,151.97859807784724,37.757838996772726,80.09318085570827,-36.21322328904549,MEASURED,
B2,S2,60,3060.0,3120.0,402.5087296199269,110.82376373026547,27.533257187965084,44.34901106021529,-36.21322328904549,MEASURED,
B3,S2,60,3060.0,3120.0,402.5087296199269,93.51594853060466,23.233272137701977,62.84560703240573,0.0,MEASURED,
B4,S2,60,3060.0,3120.0,402.5087296199269,238.4430077265651,59.23921400455523,124.97569737234792,-36.21322328904549,MEASURED,
X,S2,60,3060.0,3120.0,402.5087296199269,78.57822776047591,19.522117653118787,45.70876203848316,-10.285829542032054,MEASURED,
CURRENT,S2,60,3060.0,3120.0,,,,,,NOT_FOUND,No dedicated IO-VNBD model found
B1,S2,60,3120.0,3180.0,416.180411637353,135.66519995214907,32.59768988607845,84.13113632323336,-29.422123591694234,MEASURED,
B2,S2,60,3120.0,3180.0,416.180411637353,116.76067138413511,28.055302008273475,79.1345731497288,-29.422123591694234,MEASURED,
B3,S2,60,3120.0,3180.0,416.180411637353,73.46055990347821,17.65113346264108,43.290899401855604,0.0,MEASURED,
B4,S2,60,3120.0,3180.0,416.180411637353,104.74799358555285,25.168890859963653,93.53618901424409,-29.422123591694234,MEASURED,
X,S2,60,3120.0,3180.0,416.180411637353,241.5330904661118,58.03567003931372,163.89074857997124,2.0221507598605983,MEASURED,
CURRENT,S2,60,3120.0,3180.0,,,,,,NOT_FOUND,No dedicated IO-VNBD model found
B1,S2,60,3480.0,3540.0,113.0613351983186,260.4817747843714,230.38979181297088,146.18039578374805,-26.989668132332664,MEASURED,
B2,S2,60,3480.0,3540.0,113.0613351983186,26.209428916617576,23.181602154834053,12.646184484884213,-26.989668132332664,MEASURED,
B3,S2,60,3480.0,3540.0,113.0613351983186,258.09985468370223,228.28304144027175,144.9541551271443,0.0,MEASURED,
B4,S2,60,3480.0,3540.0,113.0613351983186,31.61068850840678,27.9588848415412,15.352631946778429,-26.989668132332664,MEASURED,
X,S2,60,3480.0,3540.0,113.0613351983186,458.8759799937879,405.8646390376364,174.2834314565104,-0.12425385495166295,MEASURED,
CURRENT,S2,60,3480.0,3540.0,,,,,,NOT_FOUND,No dedicated IO-VNBD model found
B1,S2,60,3540.0,3600.0,62.488760261929194,48.66330231555551,77.87528847040235,31.3451570504445,-28.87881956618756,MEASURED,
B2,S2,60,3540.0,3600.0,62.488760261929194,16.613675851270415,26.586662596012758,6.626490797664392,-28.87881956618756,MEASURED,
B3,S2,60,3540.0,3600.0,62.488760261929194,43.380114613807955,69.42066770403983,29.842719274303786,0.0,MEASURED,
B4,S2,60,3540.0,3600.0,62.488760261929194,28.31120849920241,45.3060812545049,23.02954234933687,-28.87881956618756,MEASURED,
X,S2,60,3540.0,3600.0,62.488760261929194,406.41662885366446,650.3835684211368,203.19431939084242,-3.148409083849906,MEASURED,
CURRENT,S2,60,3540.0,3600.0,,,,,,NOT_FOUND,No dedicated IO-VNBD model found
B1,S2,60,3600.0,3660.0,400.7509974838836,203.25368818970378,50.71819894793343,124.28685662275292,-32.195234066783215,MEASURED,
B2,S2,60,3600.0,3660.0,400.7509974838836,90.3165549615686,22.53682599135657,44.90349708936991,-32.195234066783215,MEASURED,
B3,S2,60,3600.0,3660.0,400.7509974838836,206.97310210871683,51.64630990520251,125.94629404786625,0.0,MEASURED,
B4,S2,60,3600.0,3660.0,400.7509974838836,217.8238246335722,54.35390703982766,132.03142587005436,-32.195234066783215,MEASURED,
X,S2,60,3600.0,3660.0,400.7509974838836,87.65353248936272,21.872317982911007,52.24444650105796,1.9506540592645947,MEASURED,
CURRENT,S2,60,3600.0,3660.0,,,,,,NOT_FOUND,No dedicated IO-VNBD model found
B1,S2,60,3660.0,3720.0,405.92044768082985,139.46508268084864,34.35773769901542,90.36576046240233,-36.586127542061725,MEASURED,
B2,S2,60,3660.0,3720.0,405.92044768082985,110.16872385960153,27.140471609408994,58.29248830827865,-36.586127542061725,MEASURED,
B3,S2,60,3660.0,3720.0,405.92044768082985,22.84726350996908,5.6285076646184615,38.299123402936885,0.0,MEASURED,
B4,S2,60,3660.0,3720.0,405.92044768082985,171.1520604118797,42.163941577649815,104.82870452980511,-36.586127542061725,MEASURED,
X,S2,60,3660.0,3720.0,405.92044768082985,40.98384570615468,10.096521606711413,25.090870695129944,-2.9842832563324357,MEASURED,
CURRENT,S2,60,3660.0,3720.0,,,,,,NOT_FOUND,No dedicated IO-VNBD model found
B1,S2,60,3720.0,3780.0,602.0810690701293,109.73242411471672,18.22552306522285,58.43395532826681,-12.346625072645251,MEASURED,
B2,S2,60,3720.0,3780.0,602.0810690701293,66.8578008482992,11.104451590141547,35.78145841006675,-12.346625072645251,MEASURED,
B3,S2,60,3720.0,3780.0,602.0810690701293,97.26178034363268,16.154266483390096,54.01423174045322,0.0,MEASURED,
B4,S2,60,3720.0,3780.0,602.0810690701293,134.34314418239302,22.31313208200954,72.5624473309419,-12.346625072645251,MEASURED,
X,S2,60,3720.0,3780.0,602.0810690701293,97.95975892401188,16.270194157624594,42.09132375674273,-1.3104796383623678,MEASURED,
CURRENT,S2,60,3720.0,3780.0,,,,,,NOT_FOUND,No dedicated IO-VNBD model found
B1,S2,60,3780.0,3840.0,48.50129529643763,680.1861373020398,1402.408189605606,381.25118740759814,-26.01721838817464,MEASURED,
B2,S2,60,3780.0,3840.0,48.50129529643763,2.089865251509644,4.3088854405567645,2.2561640529391545,-26.01721838817464,MEASURED,
B3,S2,60,3780.0,3840.0,48.50129529643763,683.5912706121675,1409.428895525552,382.27839744235933,0.0,MEASURED,
B4,S2,60,3780.0,3840.0,48.50129529643763,517.096868915129,1066.150637327637,283.88171066630287,-26.01721838817464,MEASURED,
X,S2,60,3780.0,3840.0,48.50129529643763,12.96674618860497,26.734845140429403,12.108701831690487,-4.081054169216548,MEASURED,
CURRENT,S2,60,3780.0,3840.0,,,,,,NOT_FOUND,No dedicated IO-VNBD model found
B1,S2,60,3900.0,3960.0,381.9830323472951,185.0601995739938,48.44723034863469,111.78399031677877,-28.601921212342265,MEASURED,
B2,S2,60,3900.0,3960.0,381.9830323472951,86.06931199717235,22.53223434252415,33.099056919070904,-28.601921212342265,MEASURED,
B3,S2,60,3900.0,3960.0,381.9830323472951,148.0535718147192,38.75920113648148,98.86216200112605,0.0,MEASURED,
B4,S2,60,3900.0,3960.0,381.9830323472951,163.59579026839495,42.82802543953191,97.61198186769434,-28.601921212342265,MEASURED,
X,S2,60,3900.0,3960.0,381.9830323472951,166.33872977571073,43.546104326560055,84.64031854689274,-7.879923021105137,MEASURED,
CURRENT,S2,60,3900.0,3960.0,,,,,,NOT_FOUND,No dedicated IO-VNBD model found
B1,S2,60,3960.0,4020.0,578.834310845083,71.37128977355067,12.33017608602891,38.36456364008186,-0.4191432539354043,MEASURED,
B2,S2,60,3960.0,4020.0,578.834310845083,17.554346636127534,3.0327066497662596,9.967600128051084,-0.4191432539354043,MEASURED,
B3,S2,60,3960.0,4020.0,578.834310845083,73.11697770373553,12.631762895497099,38.99573451636382,0.0,MEASURED,
B4,S2,60,3960.0,4020.0,578.834310845083,14.160181169021465,2.4463271965250244,16.57390725112105,-0.4191432539354043,MEASURED,
X,S2,60,3960.0,4020.0,578.834310845083,354.2971712797955,61.20873704990481,169.38190979761816,-6.173378608588041,MEASURED,
CURRENT,S2,60,3960.0,4020.0,,,,,,NOT_FOUND,No dedicated IO-VNBD model found
B1,S2,60,4020.0,4080.0,338.4088861689104,116.02093970301456,34.28424738383049,71.68953989685038,-19.470247810784553,MEASURED,
B2,S2,60,4020.0,4080.0,338.4088861689104,14.478271959612172,4.278336814236496,11.073940099647059,-19.470247810784553,MEASURED,
B3,S2,60,4020.0,4080.0,338.4088861689104,146.46722028680503,43.281138963265484,84.54584081958323,0.0,MEASURED,
B4,S2,60,4020.0,4080.0,338.4088861689104,340.9418439150169,100.74849031737371,140.82232908519472,-19.470247810784553,MEASURED,
X,S2,60,4020.0,4080.0,338.4088861689104,286.29766586885563,84.60110758615114,131.9161231331516,-7.0220797204921945,MEASURED,
CURRENT,S2,60,4020.0,4080.0,,,,,,NOT_FOUND,No dedicated IO-VNBD model found
B1,S2,60,4140.0,4200.0,498.83222632853165,136.03215350887336,27.270121361261527,64.08029080905938,-14.882016660590336,MEASURED,
B2,S2,60,4140.0,4200.0,498.83222632853165,38.80656985956232,7.779483323518128,18.234084282583773,-14.882016660590336,MEASURED,
B3,S2,60,4140.0,4200.0,498.83222632853165,127.11740196977128,25.482997140215147,60.08388564122579,0.0,MEASURED,
B4,S2,60,4140.0,4200.0,498.83222632853165,68.00134668511319,13.632107770103731,27.235542505459023,-14.882016660590336,MEASURED,
X,S2,60,4140.0,4200.0,498.83222632853165,71.72589282940737,14.378760842562041,29.500523875232044,-12.505986063228095,MEASURED,
CURRENT,S2,60,4140.0,4200.0,,,,,,NOT_FOUND,No dedicated IO-VNBD model found
B1,S2,60,4200.0,4260.0,437.34716958357507,268.50769142120447,61.394633393161556,162.0625373454192,-15.802979388040528,MEASURED,
B2,S2,60,4200.0,4260.0,437.34716958357507,60.04803857975224,13.73006223795335,30.374478696999233,-15.802979388040528,MEASURED,
B3,S2,60,4200.0,4260.0,437.34716958357507,265.78522669180956,60.77213828658818,160.96764006256717,0.0,MEASURED,
B4,S2,60,4200.0,4260.0,437.34716958357507,216.3511962179095,49.46898282751222,129.2969093060694,-15.802979388040528,MEASURED,
X,S2,60,4200.0,4260.0,437.34716958357507,101.83214044849007,23.28405155690173,35.186464133814894,-7.137563032621062,MEASURED,
CURRENT,S2,60,4200.0,4260.0,,,,,,NOT_FOUND,No dedicated IO-VNBD model found
B1,S2,60,4260.0,4320.0,573.46689038626,245.4480431159107,42.8007348341573,143.91804004213617,-16.354474307583946,MEASURED,
B2,S2,60,4260.0,4320.0,573.46689038626,26.00788864279966,4.535203178910989,9.453261990399817,-16.354474307583946,MEASURED,
B3,S2,60,4260.0,4320.0,573.46689038626,244.20906780517393,42.58468481775579,143.94141196785824,0.0,MEASURED,
B4,S2,60,4260.0,4320.0,573.46689038626,145.49019839236803,25.37028742746992,88.0934176786769,-16.354474307583946,MEASURED,
X,S2,60,4260.0,4320.0,573.46689038626,57.16432892299998,9.96820041075027,27.94145565158448,-5.983583155324173,MEASURED,
CURRENT,S2,60,4260.0,4320.0,,,,,,NOT_FOUND,No dedicated IO-VNBD model found
B1,S2,60,4320.0,4380.0,812.3505767358928,302.7222424203769,37.26497538005644,145.68005940261853,-19.363527191524447,MEASURED,
B2,S2,60,4320.0,4380.0,812.3505767358928,56.116203305160624,6.907880035075649,16.303629319663226,-19.363527191524447,MEASURED,
B3,S2,60,4320.0,4380.0,812.3505767358928,291.27459920393613,35.855775516810375,142.3595714275274,0.0,MEASURED,
B4,S2,60,4320.0,4380.0,812.3505767358928,259.89305234906277,31.99272085130283,119.65855366515643,-19.363527191524447,MEASURED,
X,S2,60,4320.0,4380.0,812.3505767358928,297.7453937677883,36.65232749192591,149.63534487790295,-9.110560861613758,MEASURED,
CURRENT,S2,60,4320.0,4380.0,,,,,,NOT_FOUND,No dedicated IO-VNBD model found
B1,S2,60,4380.0,4440.0,481.87551368564436,430.56496587561975,89.35190804413908,285.81841938316387,-19.027190263780213,MEASURED,
B2,S2,60,4380.0,4440.0,481.87551368564436,75.66793832904014,15.702797959226203,23.642528707926687,-19.027190263780213,MEASURED,
B3,S2,60,4380.0,4440.0,481.87551368564436,423.33732473932787,87.85201005575387,284.2991521588527,0.0,MEASURED,
B4,S2,60,4380.0,4440.0,481.87551368564436,433.2140763061333,89.90165800139499,272.71503109102923,-19.027190263780213,MEASURED,
X,S2,60,4380.0,4440.0,481.87551368564436,56.57295744430919,11.740160235910023,24.336471294959278,-10.186240977624822,MEASURED,
CURRENT,S2,60,4380.0,4440.0,,,,,,NOT_FOUND,No dedicated IO-VNBD model found
B1,S2,60,4440.0,4500.0,556.2360642292444,362.41741757452877,65.15532538810065,162.000169486847,-16.376847096051655,MEASURED,
B2,S2,60,4440.0,4500.0,556.2360642292444,50.051961027163095,8.99833078901819,25.54618435686159,-16.376847096051655,MEASURED,
B3,S2,60,4440.0,4500.0,556.2360642292444,353.41762624358086,63.5373448381666,157.47992909443136,0.0,MEASURED,
B4,S2,60,4440.0,4500.0,556.2360642292444,377.12290185421136,67.79907418926108,163.10175158015792,-16.376847096051655,MEASURED,
X,S2,60,4440.0,4500.0,556.2360642292444,72.77340859956844,13.083187746987933,29.994913372979738,-8.885674968355394,MEASURED,
CURRENT,S2,60,4440.0,4500.0,,,,,,NOT_FOUND,No dedicated IO-VNBD model found
B1,S2,60,4500.0,4560.0,361.4031090611328,107.13655287582921,29.64461295149141,76.96484745077946,-19.608988002660542,MEASURED,
B2,S2,60,4500.0,4560.0,361.4031090611328,52.00946735785418,14.390985039660121,16.03681667398556,-19.608988002660542,MEASURED,
B3,S2,60,4500.0,4560.0,361.4031090611328,56.240960458474696,15.561836367312852,64.64008616965033,0.0,MEASURED,
B4,S2,60,4500.0,4560.0,361.4031090611328,286.26252411833667,79.20865010320489,159.30510401731422,-19.608988002660542,MEASURED,
X,S2,60,4500.0,4560.0,361.4031090611328,155.29142941843006,42.96903527527813,53.68359692185828,-4.395666774778178,MEASURED,
CURRENT,S2,60,4500.0,4560.0,,,,,,NOT_FOUND,No dedicated IO-VNBD model found
B1,S2,60,4560.0,4620.0,610.2450538928936,215.18148724752535,35.2614881308473,152.37662273906184,-16.72235545185148,MEASURED,
B2,S2,60,4560.0,4620.0,610.2450538928936,116.1466499545592,19.032788420591533,44.14304185064444,-16.72235545185148,MEASURED,
B3,S2,60,4560.0,4620.0,610.2450538928936,155.71091045808748,25.516128228286618,140.09253149750384,0.0,MEASURED,
B4,S2,60,4560.0,4620.0,610.2450538928936,218.78192249771382,35.85148639912009,147.75330756080683,-16.72235545185148,MEASURED,
X,S2,60,4560.0,4620.0,610.2450538928936,114.67908244923156,18.792300194432926,41.804028308251965,-6.580840398084902,MEASURED,
CURRENT,S2,60,4560.0,4620.0,,,,,,NOT_FOUND,No dedicated IO-VNBD model found
B1,S2,60,4620.0,4680.0,455.05444123309985,451.8580996839093,99.29759139576154,277.52654288980557,-24.50295400823497,MEASURED,
B2,S2,60,4620.0,4680.0,455.05444123309985,22.48194154196578,4.940494917716778,6.306658247197814,-24.50295400823497,MEASURED,
B3,S2,60,4620.0,4680.0,455.05444123309985,484.1275943828106,106.38893954554729,280.4773974505252,0.0,MEASURED,
B4,S2,60,4620.0,4680.0,455.05444123309985,521.9099805730835,114.69176724411689,322.18528171733357,-24.50295400823497,MEASURED,
X,S2,60,4620.0,4680.0,455.05444123309985,195.68649859808642,43.00287633009756,119.29957444170972,-5.212166785357469,MEASURED,
CURRENT,S2,60,4620.0,4680.0,,,,,,NOT_FOUND,No dedicated IO-VNBD model found
B1,S2,60,4680.0,4740.0,311.8046204123863,137.4617685638501,44.08586645767019,66.2175323917444,-26.238876158872642,MEASURED,
B2,S2,60,4680.0,4740.0,311.8046204123863,35.90485935188615,11.515178737376992,23.688681492534194,-26.238876158872642,MEASURED,
B3,S2,60,4680.0,4740.0,311.8046204123863,21.976525726518634,7.0481719281301665,22.80937716306435,0.0,MEASURED,
B4,S2,60,4680.0,4740.0,311.8046204123863,116.70252392208663,37.42809319750884,73.77584740252271,-26.238876158872642,MEASURED,
X,S2,60,4680.0,4740.0,311.8046204123863,51.35452914331775,16.470098831568727,44.63665636381353,-5.979515283489824,MEASURED,
CURRENT,S2,60,4680.0,4740.0,,,,,,NOT_FOUND,No dedicated IO-VNBD model found
B1,S2,60,4740.0,4800.0,349.9491238591238,99.24542835123582,28.35995908684951,54.88373077525186,-30.748038138934273,MEASURED,
B2,S2,60,4740.0,4800.0,349.9491238591238,75.10594518001926,21.46196119932395,35.863921419140304,-30.748038138934273,MEASURED,
B3,S2,60,4740.0,4800.0,349.9491238591238,76.44575981153491,21.844821032416434,46.90704213864003,0.0,MEASURED,
B4,S2,60,4740.0,4800.0,349.9491238591238,96.64129725552897,27.615813461625663,49.408245389740436,-30.748038138934273,MEASURED,
X,S2,60,4740.0,4800.0,349.9491238591238,92.68317876099213,26.484758052517044,57.10774009030344,-4.5527020144838835,MEASURED,
CURRENT,S2,60,4740.0,4800.0,,,,,,NOT_FOUND,No dedicated IO-VNBD model found
B1,S2,60,4800.0,4860.0,877.718071308938,666.0748935030472,75.88711173620158,393.6821738211671,-32.894895714778976,MEASURED,
B2,S2,60,4800.0,4860.0,877.718071308938,251.9495927364743,28.705070679556904,117.92332017838251,-32.894895714778976,MEASURED,
B3,S2,60,4800.0,4860.0,877.718071308938,649.6038375245382,74.01053467610463,387.9317217695879,0.0,MEASURED,
B4,S2,60,4800.0,4860.0,877.718071308938,456.42845431978327,52.00171549836191,261.7402951587111,-32.894895714778976,MEASURED,
X,S2,60,4800.0,4860.0,877.718071308938,104.87973902243411,11.94913747942176,38.83876663394306,-7.552283419219424,MEASURED,
CURRENT,S2,60,4800.0,4860.0,,,,,,NOT_FOUND,No dedicated IO-VNBD model found
B1,S2,60,4860.0,4920.0,622.73393325221,68.72665663916375,11.036279375405282,139.29570140493172,-22.672010466644135,MEASURED,
B2,S2,60,4860.0,4920.0,622.73393325221,138.3455222094234,22.215831645293182,43.2577614245652,-22.672010466644135,MEASURED,
B3,S2,60,4860.0,4920.0,622.73393325221,86.68045212992811,13.919339785651626,145.6464369723685,0.0,MEASURED,
B4,S2,60,4860.0,4920.0,622.73393325221,186.96161026559395,30.022711190506726,58.27464863822117,-22.672010466644135,MEASURED,
X,S2,60,4860.0,4920.0,622.73393325221,166.7715293964243,26.780543100560585,101.61488493301742,-6.804192573241403,MEASURED,
CURRENT,S2,60,4860.0,4920.0,,,,,,NOT_FOUND,No dedicated IO-VNBD model found
B1,S2,60,4920.0,4980.0,1000.8839330369005,426.31390558537385,42.59374054410528,191.96327146515884,-14.128533412112523,MEASURED,
B2,S2,60,4920.0,4980.0,1000.8839330369005,96.29029092327272,9.620525192277483,47.88041008114096,-14.128533412112523,MEASURED,
B3,S2,60,4920.0,4980.0,1000.8839330369005,410.1740290623984,40.981178288859205,183.77608032573957,0.0,MEASURED,
B4,S2,60,4920.0,4980.0,1000.8839330369005,385.6524362245341,38.531184635403264,170.76135625086332,-14.128533412112523,MEASURED,
X,S2,60,4920.0,4980.0,1000.8839330369005,64.25202103070815,6.419527670481579,16.421116215622426,0.24530359075884697,MEASURED,
CURRENT,S2,60,4920.0,4980.0,,,,,,NOT_FOUND,No dedicated IO-VNBD model found
B1,S2,60,4980.0,5040.0,763.0932918396888,214.27560614786125,28.07987023857581,104.95042392879434,-25.664052142570743,MEASURED,
B2,S2,60,4980.0,5040.0,763.0932918396888,195.24022400477898,25.585367620528785,90.82195038509184,-25.664052142570743,MEASURED,
B3,S2,60,4980.0,5040.0,763.0932918396888,126.15059089007552,16.53147685074623,64.99907466647544,0.0,MEASURED,
B4,S2,60,4980.0,5040.0,763.0932918396888,201.11446342901596,26.355160709664084,94.73563109674805,-25.664052142570743,MEASURED,
X,S2,60,4980.0,5040.0,763.0932918396888,258.7079088438725,33.9025269400772,100.42890219294709,0.30642493021140904,MEASURED,
CURRENT,S2,60,4980.0,5040.0,,,,,,NOT_FOUND,No dedicated IO-VNBD model found
B1,S2,60,5040.0,5100.0,675.9959134554506,170.483518605037,25.219607872122467,96.94634225956393,-33.86257048021211,MEASURED,
B2,S2,60,5040.0,5100.0,675.9959134554506,120.56031480544209,17.83447390816028,64.04666086028264,-33.86257048021211,MEASURED,
B3,S2,60,5040.0,5100.0,675.9959134554506,118.13809527914023,17.476155244084293,63.01534772420171,0.0,MEASURED,
B4,S2,60,5040.0,5100.0,675.9959134554506,209.62517428611724,31.00982862671284,114.87323172669615,-33.86257048021211,MEASURED,
X,S2,60,5040.0,5100.0,675.9959134554506,147.5894669926107,21.83289337330249,79.10886472858472,-4.572051988081411,MEASURED,
CURRENT,S2,60,5040.0,5100.0,,,,,,NOT_FOUND,No dedicated IO-VNBD model found
B1,S2,60,5100.0,5160.0,208.22611657314826,26.18041350683002,12.57306909320044,30.865650809256078,-20.151006929597628,MEASURED,
B2,S2,60,5100.0,5160.0,208.22611657314826,6.313092607108442,3.031844761360999,10.962354127965598,-20.151006929597628,MEASURED,
B3,S2,60,5100.0,5160.0,208.22611657314826,34.772554139588564,16.699420184102234,24.560044047770198,0.0,MEASURED,
B4,S2,60,5100.0,5160.0,208.22611657314826,49.15176640195156,23.604995958652918,51.78357180318834,-20.151006929597628,MEASURED,
X,S2,60,5100.0,5160.0,208.22611657314826,77.43635404504035,37.18858869359816,40.865498769426026,0.7403128568818172,MEASURED,
CURRENT,S2,60,5100.0,5160.0,,,,,,NOT_FOUND,No dedicated IO-VNBD model found
B1,S2,60,5160.0,5220.0,1158.8655158846454,921.3666394461736,79.5059156405071,472.41432256841614,-25.9393143563868,MEASURED,
B2,S2,60,5160.0,5220.0,1158.8655158846454,293.1798443488491,25.29886689440783,127.2013469256001,-25.9393143563868,MEASURED,
B3,S2,60,5160.0,5220.0,1158.8655158846454,911.0408659742415,78.61489133005898,468.5747355933811,0.0,MEASURED,
B4,S2,60,5160.0,5220.0,1158.8655158846454,822.9132389871376,71.01024473568434,414.25916459693286,-25.9393143563868,MEASURED,
X,S2,60,5160.0,5220.0,1158.8655158846454,426.154885666857,36.77345471286565,209.1948068143892,-2.6288997848224644,MEASURED,
CURRENT,S2,60,5160.0,5220.0,,,,,,NOT_FOUND,No dedicated IO-VNBD model found
B1,S2,60,5220.0,5280.0,1333.3221141640915,438.1104274139244,32.858558540341306,250.0617910835378,-26.585249055809314,MEASURED,
B2,S2,60,5220.0,5280.0,1333.3221141640915,394.0893355276898,29.556948867885446,180.72229209175984,-26.585249055809314,MEASURED,
B3,S2,60,5220.0,5280.0,1333.3221141640915,209.84293737944702,15.738352731890691,173.9989074937138,0.0,MEASURED,
B4,S2,60,5220.0,5280.0,1333.3221141640915,429.83582572989053,32.23795819207351,237.32651631387606,-26.585249055809314,MEASURED,
X,S2,60,5220.0,5280.0,1333.3221141640915,62.89485474783047,4.717153797997384,27.93493280134735,-4.133481246253349,MEASURED,
CURRENT,S2,60,5220.0,5280.0,,,,,,NOT_FOUND,No dedicated IO-VNBD model found
B1,S2,60,5280.0,5340.0,1471.776536287101,454.7199786812845,30.8959932075301,217.37790257549256,-34.0890279005128,MEASURED,
B2,S2,60,5280.0,5340.0,1471.776536287101,399.71078861462047,27.158388434631796,208.41733126601417,-34.0890279005128,MEASURED,
B3,S2,60,5280.0,5340.0,1471.776536287101,67.30215405947962,4.572851407813918,54.86147158177865,0.0,MEASURED,
B4,S2,60,5280.0,5340.0,1471.776536287101,435.6884190209583,29.602892034145604,238.5776466711524,-34.0890279005128,MEASURED,
X,S2,60,5280.0,5340.0,1471.776536287101,127.89029433744967,8.689518495795749,78.19625653786049,-8.647626799958202,MEASURED,
CURRENT,S2,60,5280.0,5340.0,,,,,,NOT_FOUND,No dedicated IO-VNBD model found
B1,S2,60,5340.0,5400.0,544.2248189212721,192.05386020085254,35.28943435206235,123.00067816087831,-28.922505698857467,MEASURED,
B2,S2,60,5340.0,5400.0,544.2248189212721,71.5672348279851,13.150307067921146,27.044216865299326,-28.922505698857467,MEASURED,
B3,S2,60,5340.0,5400.0,544.2248189212721,147.52333652964748,27.107057855622767,111.21460211440329,0.0,MEASURED,
B4,S2,60,5340.0,5400.0,544.2248189212721,117.52862219228696,21.59560132249109,59.49166013684188,-28.922505698857467,MEASURED,
X,S2,60,5340.0,5400.0,544.2248189212721,25.035168983765672,4.600152016842744,15.42828059729503,-6.676013553604425,MEASURED,
CURRENT,S2,60,5340.0,5400.0,,,,,,NOT_FOUND,No dedicated IO-VNBD model found
B1,S2,60,5400.0,5460.0,373.60446045933134,187.2451847964769,50.11856244068035,81.0614686552442,155.0910718928714,MEASURED,
B2,S2,60,5400.0,5460.0,373.60446045933134,62.79239796421604,16.807186372190355,32.39414172095627,155.0910718928714,MEASURED,
B3,S2,60,5400.0,5460.0,373.60446045933134,110.87703335219126,29.67765246053875,77.46113789756905,0.0,MEASURED,
B4,S2,60,5400.0,5460.0,373.60446045933134,115.71687084069525,30.973096707257216,75.22323137143252,155.0910718928714,MEASURED,
X,S2,60,5400.0,5460.0,373.60446045933134,18.687671863832257,5.001993777284278,10.691393058420157,177.9271872485116,MEASURED,
CURRENT,S2,60,5400.0,5460.0,,,,,,NOT_FOUND,No dedicated IO-VNBD model found
B1,S2,60,5460.0,5520.0,358.2482901436571,340.0854665564641,94.93010180734994,172.83797583484946,138.9344298486045,MEASURED,
B2,S2,60,5460.0,5520.0,358.2482901436571,632.9753976178445,176.6862299228343,317.58011954351105,138.9344298486045,MEASURED,
B3,S2,60,5460.0,5520.0,358.2482901436571,311.4863206796803,86.94705020218652,158.19403931017695,0.0,MEASURED,
B4,S2,60,5460.0,5520.0,358.2482901436571,417.1898480295431,116.4527115711426,211.85098224514985,138.9344298486045,MEASURED,
X,S2,60,5460.0,5520.0,358.2482901436571,790.3375451948016,220.61167266921981,391.4066266604741,168.87937489998086,MEASURED,
CURRENT,S2,60,5460.0,5520.0,,,,,,NOT_FOUND,No dedicated IO-VNBD model found
B1,S2,60,5520.0,5580.0,415.8418919262532,109.26729101260294,26.27616243915627,59.836643330099015,-29.23286916275566,MEASURED,
B2,S2,60,5520.0,5580.0,415.8418919262532,76.21599825023777,18.328119347762627,30.083967399839732,-29.23286916275566,MEASURED,
B3,S2,60,5520.0,5580.0,415.8418919262532,32.20539323685526,7.7446245465251655,35.449000049524685,0.0,MEASURED,
B4,S2,60,5520.0,5580.0,415.8418919262532,141.01816666794696,33.91148641006943,66.36757811747786,-29.23286916275566,MEASURED,
X,S2,60,5520.0,5580.0,415.8418919262532,55.59489611418855,13.369238932773982,32.57539468048841,7.39059647772523,MEASURED,
CURRENT,S2,60,5520.0,5580.0,,,,,,NOT_FOUND,No dedicated IO-VNBD model found
B1,S2,60,5580.0,5640.0,369.04860180111416,105.34415685361348,28.54479229551045,95.56587852266391,-35.54247191911892,MEASURED,
B2,S2,60,5580.0,5640.0,369.04860180111416,65.45464948274386,17.736051339389263,44.722924479354646,-35.54247191911892,MEASURED,
B3,S2,60,5580.0,5640.0,369.04860180111416,37.30040915986944,10.107180728453535,53.33866987630431,0.0,MEASURED,
B4,S2,60,5580.0,5640.0,369.04860180111416,135.67746257614772,36.76411776497296,109.71316522093612,-35.54247191911892,MEASURED,
X,S2,60,5580.0,5640.0,369.04860180111416,292.6956016855382,79.31085506273676,178.89074542337957,-4.890839875499339,MEASURED,
CURRENT,S2,60,5580.0,5640.0,,,,,,NOT_FOUND,No dedicated IO-VNBD model found
B1,S2,60,5640.0,5700.0,419.3829874006502,147.72629411668066,35.22467495219421,60.80342413419366,-29.576798537087715,MEASURED,
B2,S2,60,5640.0,5700.0,419.3829874006502,102.0280085727482,24.328122894331315,37.948919031235,-29.576798537087715,MEASURED,
B3,S2,60,5640.0,5700.0,419.3829874006502,157.88463967882234,37.64688707508061,69.78340117522265,0.0,MEASURED,
B4,S2,60,5640.0,5700.0,419.3829874006502,116.86869558407352,27.866818420181897,47.974265362604264,-29.576798537087715,MEASURED,
X,S2,60,5640.0,5700.0,419.3829874006502,293.6882882209869,70.02866044740554,107.10767503343344,0.7560257106887577,MEASURED,
CURRENT,S2,60,5640.0,5700.0,,,,,,NOT_FOUND,No dedicated IO-VNBD model found
B1,S2,60,5700.0,5760.0,219.74227296245212,247.9841410657088,112.85226903431659,192.34465400477546,-34.931422274752016,MEASURED,
B2,S2,60,5700.0,5760.0,219.74227296245212,7.095315927396673,3.2289262469807376,23.73098810200502,-34.931422274752016,MEASURED,
B3,S2,60,5700.0,5760.0,219.74227296245212,63.79843889135201,29.033302528118202,81.98753437096103,0.0,MEASURED,
B4,S2,60,5700.0,5760.0,219.74227296245212,109.8623532265507,49.99600292899634,86.00593944063588,-34.931422274752016,MEASURED,
X,S2,60,5700.0,5760.0,219.74227296245212,13.850229462544334,6.302942659062672,44.46641453799014,-3.3958732953924846,MEASURED,
CURRENT,S2,60,5700.0,5760.0,,,,,,NOT_FOUND,No dedicated IO-VNBD model found
B1,S2,60,5760.0,5820.0,458.36263497093506,353.536195517526,77.13023892969457,140.6840051715985,-39.74042341557476,MEASURED,
B2,S2,60,5760.0,5820.0,458.36263497093506,173.7857726525038,37.91447194720041,61.963815431496286,-39.74042341557476,MEASURED,
B3,S2,60,5760.0,5820.0,458.36263497093506,365.21709477020914,79.67863584547368,144.83177240756825,0.0,MEASURED,
B4,S2,60,5760.0,5820.0,458.36263497093506,265.5591197032345,57.936467644242796,133.64864016791896,-39.74042341557476,MEASURED,
X,S2,60,5760.0,5820.0,458.36263497093506,134.32370127268226,29.305115867745148,48.41477149611614,-2.9222234425999023,MEASURED,
CURRENT,S2,60,5760.0,5820.0,,,,,,NOT_FOUND,No dedicated IO-VNBD model found
B1,S2,60,5820.0,5880.0,1059.9084911910295,305.08795260923665,28.784367249139247,133.43324972570292,-35.172140111705524,MEASURED,
B2,S2,60,5820.0,5880.0,1059.9084911910295,296.12601217600087,27.938828175934432,124.2753094489849,-35.172140111705524,MEASURED,
B3,S2,60,5820.0,5880.0,1059.9084911910295,78.99976538447746,7.453451504639297,41.58877126431617,0.0,MEASURED,
B4,S2,60,5820.0,5880.0,1059.9084911910295,255.83432853449824,24.137397771671278,108.69326732730613,-35.172140111705524,MEASURED,
X,S2,60,5820.0,5880.0,1059.9084911910295,338.8316891161267,31.968013458914577,176.60328259381265,-4.127939018081825,MEASURED,
CURRENT,S2,60,5820.0,5880.0,,,,,,NOT_FOUND,No dedicated IO-VNBD model found
B1,S2,60,5880.0,5940.0,1366.7972789808516,337.86645595326985,24.719573352179847,208.91264933826434,-24.194801088641015,MEASURED,
B2,S2,60,5880.0,5940.0,1366.7972789808516,222.15275156109809,16.2535260332641,100.24208702179331,-24.194801088641015,MEASURED,
B3,S2,60,5880.0,5940.0,1366.7972789808516,209.62468346291874,15.33692572312002,178.0900533537754,0.0,MEASURED,
B4,S2,60,5880.0,5940.0,1366.7972789808516,279.11186532789236,20.420867792187245,117.33729519338027,-24.194801088641015,MEASURED,
X,S2,60,5880.0,5940.0,1366.7972789808516,63.52782510538609,4.647933243820578,35.198084111159645,-4.2630318164317105,MEASURED,
CURRENT,S2,60,5880.0,5940.0,,,,,,NOT_FOUND,No dedicated IO-VNBD model found
B1,S2,60,5940.0,6000.0,540.6002488814792,234.63071650086292,43.401888361376464,108.63067402500688,-39.341637022678164,MEASURED,
B2,S2,60,5940.0,6000.0,540.6002488814792,129.9551546891304,24.03904825386451,55.34245691813258,-39.341637022678164,MEASURED,
B3,S2,60,5940.0,6000.0,540.6002488814792,221.32494976984108,40.94059339183993,107.58935877632456,0.0,MEASURED,
B4,S2,60,5940.0,6000.0,540.6002488814792,212.5924038887752,39.32525083527733,105.54857254730646,-39.341637022678164,MEASURED,
X,S2,60,5940.0,6000.0,540.6002488814792,124.61129215140684,23.050542875115575,61.30596876659762,-7.821601096120362,MEASURED,
CURRENT,S2,60,5940.0,6000.0,,,,,,NOT_FOUND,No dedicated IO-VNBD model found
B1,S2,60,6000.0,6060.0,262.49970501989515,52.192605982022215,19.882919860068597,31.23284657247408,-35.91284063490749,MEASURED,
B2,S2,60,6000.0,6060.0,262.49970501989515,52.919326431246255,20.159766056588687,20.59596899147865,-35.91284063490749,MEASURED,
B3,S2,60,6000.0,6060.0,262.49970501989515,14.680149073573517,5.592444026731722,24.802249802225194,0.0,MEASURED,
B4,S2,60,6000.0,6060.0,262.49970501989515,45.60714293315481,17.374169212760904,21.67995945073625,-35.91284063490749,MEASURED,
X,S2,60,6000.0,6060.0,262.49970501989515,84.65796400961547,32.25068919723134,41.414835208824535,-4.553562004843295,MEASURED,
CURRENT,S2,60,6000.0,6060.0,,,,,,NOT_FOUND,No dedicated IO-VNBD model found
B1,S2,60,6060.0,6120.0,332.49136220268264,78.93411151483986,23.740199141390807,80.53487718490491,-27.91771132884676,MEASURED,
B2,S2,60,6060.0,6120.0,332.49136220268264,52.799234211033514,15.879881468574139,32.293131113592295,-27.91771132884676,MEASURED,
B3,S2,60,6060.0,6120.0,332.49136220268264,117.68026851309993,35.39348142264324,88.82953986893644,0.0,MEASURED,
B4,S2,60,6060.0,6120.0,332.49136220268264,30.58497723771584,9.198728362474455,31.256862926365518,-27.91771132884676,MEASURED,
X,S2,60,6060.0,6120.0,332.49136220268264,27.431534100602814,8.250299772864741,12.81985106492911,1.8935148668587904,MEASURED,
CURRENT,S2,60,6060.0,6120.0,,,,,,NOT_FOUND,No dedicated IO-VNBD model found
B1,S2,60,6120.0,6180.0,254.4016051836511,63.14585907256225,24.82132886975206,24.84551695522225,-12.780425706197583,MEASURED,
B2,S2,60,6120.0,6180.0,254.4016051836511,21.54004953060208,8.466947177889242,11.419952691578871,-12.780425706197583,MEASURED,
B3,S2,60,6120.0,6180.0,254.4016051836511,20.944007052117524,8.232655229120178,14.295180406835165,0.0,MEASURED,
B4,S2,60,6120.0,6180.0,254.4016051836511,40.76070406133407,16.022188237338025,37.01832549297352,-12.780425706197583,MEASURED,
X,S2,60,6120.0,6180.0,254.4016051836511,94.20204086293097,37.028870472309734,67.22144025520322,2.473581295991157,MEASURED,
CURRENT,S2,60,6120.0,6180.0,,,,,,NOT_FOUND,No dedicated IO-VNBD model found
B1,S2,60,6180.0,6240.0,387.0657181602091,260.8038432848437,67.37973192885433,143.40583330136468,-25.52037142371116,MEASURED,
B2,S2,60,6180.0,6240.0,387.0657181602091,92.90195157959447,24.001596426873878,47.231113503477516,-25.52037142371116,MEASURED,
B3,S2,60,6180.0,6240.0,387.0657181602091,260.5988989268659,67.32678372177675,143.29959579055216,0.0,MEASURED,
B4,S2,60,6180.0,6240.0,387.0657181602091,264.6763294028805,68.38020444200879,141.58264792319,-25.52037142371116,MEASURED,
X,S2,60,6180.0,6240.0,387.0657181602091,252.5616367891629,65.25032441251383,130.78297718676393,-9.011763515561576,MEASURED,
CURRENT,S2,60,6180.0,6240.0,,,,,,NOT_FOUND,No dedicated IO-VNBD model found
B1,S2,60,6240.0,6300.0,441.36486385807325,14.813751064275017,3.356350329925351,31.0452649465431,-14.719748242497165,MEASURED,
B2,S2,60,6240.0,6300.0,441.36486385807325,23.514907169803944,5.327770535301487,13.246452987296204,-14.719748242497165,MEASURED,
B3,S2,60,6240.0,6300.0,441.36486385807325,33.158783900628265,7.51278287328529,36.40374196839586,0.0,MEASURED,
B4,S2,60,6240.0,6300.0,441.36486385807325,87.7153536880951,19.87366029125081,43.473407110012154,-14.719748242497165,MEASURED,
X,S2,60,6240.0,6300.0,441.36486385807325,38.96954063779702,8.829325537414821,29.74696260774158,-3.0819633798401225,MEASURED,
CURRENT,S2,60,6240.0,6300.0,,,,,,NOT_FOUND,No dedicated IO-VNBD model found
B1,S2,60,6300.0,6360.0,532.289305441691,234.54429450731226,44.06331145666896,94.86499259211023,-40.086070628900984,MEASURED,
B2,S2,60,6300.0,6360.0,532.289305441691,162.3781404400404,30.5056176744524,59.647062862590694,-40.086070628900984,MEASURED,
B3,S2,60,6300.0,6360.0,532.289305441691,215.36699863758574,40.460515820222106,90.79279048102369,0.0,MEASURED,
B4,S2,60,6300.0,6360.0,532.289305441691,203.1462401666128,38.16462928896215,75.26524380285089,-40.086070628900984,MEASURED,
X,S2,60,6300.0,6360.0,532.289305441691,85.36045990688672,16.03647847781857,31.624521321684696,-5.944448531189416,MEASURED,
CURRENT,S2,60,6300.0,6360.0,,,,,,NOT_FOUND,No dedicated IO-VNBD model found
B1,S2,60,6360.0,6420.0,490.85681475255734,273.77310318123136,55.774534437143615,126.91148374834941,-35.96113773320179,MEASURED,
B2,S2,60,6360.0,6420.0,490.85681475255734,123.2540770429993,25.10998591414731,63.050462237643494,-35.96113773320179,MEASURED,
B3,S2,60,6360.0,6420.0,490.85681475255734,222.1984165424094,45.267460869300635,100.37473382569877,0.0,MEASURED,
B4,S2,60,6360.0,6420.0,490.85681475255734,293.6119982187781,59.81622122671129,142.17427063894095,-35.96113773320179,MEASURED,
X,S2,60,6360.0,6420.0,490.85681475255734,106.62009932085765,21.7212221805671,43.24068826490359,-3.593602915293639,MEASURED,
CURRENT,S2,60,6360.0,6420.0,,,,,,NOT_FOUND,No dedicated IO-VNBD model found
B1,S2,60,6420.0,6480.0,422.1281432581104,186.7178533781186,44.232505309163884,90.7962615498408,-21.798044989220717,MEASURED,
B2,S2,60,6420.0,6480.0,422.1281432581104,65.20627456315077,15.44703323021047,28.524464067598675,-21.798044989220717,MEASURED,
B3,S2,60,6420.0,6480.0,422.1281432581104,182.41648300313884,43.21353264797609,88.20455031039629,0.0,MEASURED,
B4,S2,60,6420.0,6480.0,422.1281432581104,99.93890727522522,23.675016430761293,47.07655080819876,-21.798044989220717,MEASURED,
X,S2,60,6420.0,6480.0,422.1281432581104,232.08231323029787,54.97911402898126,125.36715299421819,-1.0322322324755029,MEASURED,
CURRENT,S2,60,6420.0,6480.0,,,,,,NOT_FOUND,No dedicated IO-VNBD model found
B1,S2,60,6480.0,6540.0,508.10586992637303,141.03371423140064,27.756757514302503,81.30044601182735,-17.925173144886735,MEASURED,
B2,S2,60,6480.0,6540.0,508.10586992637303,89.71014197728357,17.655797204287957,41.720052011162835,-17.925173144886735,MEASURED,
B3,S2,60,6480.0,6540.0,508.10586992637303,68.62438576777704,13.505922649096938,50.57615982721825,0.0,MEASURED,
B4,S2,60,6480.0,6540.0,508.10586992637303,116.49883215722184,22.928062644523884,67.25397106130487,-17.925173144886735,MEASURED,
X,S2,60,6480.0,6540.0,508.10586992637303,150.39104577775132,29.598368111658246,86.81388508321841,0.38097497647838807,MEASURED,
CURRENT,S2,60,6480.0,6540.0,,,,,,NOT_FOUND,No dedicated IO-VNBD model found
B1,S2,60,6540.0,6600.0,452.8973879914132,163.45280982790666,36.09047306561319,90.06560602376305,-52.207621632637256,MEASURED,
B2,S2,60,6540.0,6600.0,452.8973879914132,129.91753009642363,28.685864290938863,71.38993498253355,-52.207621632637256,MEASURED,
B3,S2,60,6540.0,6600.0,452.8973879914132,37.6965207202477,8.323413143853772,19.344839232316033,0.0,MEASURED,
B4,S2,60,6540.0,6600.0,452.8973879914132,187.34975157947255,41.36693135068923,109.20822134733042,-52.207621632637256,MEASURED,
X,S2,60,6540.0,6600.0,452.8973879914132,25.35453789291853,5.598296339346351,24.417170481318553,2.9027539474858584,MEASURED,
CURRENT,S2,60,6540.0,6600.0,,,,,,NOT_FOUND,No dedicated IO-VNBD model found
B1,S2,60,6600.0,6660.0,501.8971149635559,101.03534692327132,20.130688922291924,68.21396811483801,-20.184413405508444,MEASURED,
B2,S2,60,6600.0,6660.0,501.8971149635559,72.37743695724939,14.420771668015048,38.90986825732916,-20.184413405508444,MEASURED,
B3,S2,60,6600.0,6660.0,501.8971149635559,49.930490094683826,9.948351685247168,47.11339180278214,0.0,MEASURED,
B4,S2,60,6600.0,6660.0,501.8971149635559,85.4805707763245,17.031492755747653,59.11182264227525,-20.184413405508444,MEASURED,
X,S2,60,6600.0,6660.0,501.8971149635559,57.92711874482965,11.541632142881692,24.120655514970192,4.020857309031098,MEASURED,
CURRENT,S2,60,6600.0,6660.0,,,,,,NOT_FOUND,No dedicated IO-VNBD model found
B1,S2,60,6660.0,6720.0,443.0772351985538,335.3790567894721,75.6931365790392,148.81489027531074,-24.239199425490003,MEASURED,
B2,S2,60,6660.0,6720.0,443.0772351985538,144.12684485022197,32.5286052635124,55.088566976315526,-24.239199425490003,MEASURED,
B3,S2,60,6660.0,6720.0,443.0772351985538,303.9323654358984,68.59579804403602,132.93672383289427,0.0,MEASURED,
B4,S2,60,6660.0,6720.0,443.0772351985538,314.4293934132974,70.96491727280772,141.06018004907742,-24.239199425490003,MEASURED,
X,S2,60,6660.0,6720.0,443.0772351985538,22.035648415122157,4.973319923612741,14.218988841720991,2.4432395518631917,MEASURED,
CURRENT,S2,60,6660.0,6720.0,,,,,,NOT_FOUND,No dedicated IO-VNBD model found
B1,S2,60,6720.0,6780.0,893.8494536224855,159.83543913735633,17.88169568036256,68.46804882851612,-23.25754374388615,MEASURED,
B2,S2,60,6720.0,6780.0,893.8494536224855,155.14027222621704,17.356420770576435,66.68252252728288,-23.25754374388615,MEASURED,
B3,S2,60,6720.0,6780.0,893.8494536224855,13.060093949238967,1.4611066658161047,6.1419938836221775,0.0,MEASURED,
B4,S2,60,6720.0,6780.0,893.8494536224855,166.2573455304459,18.60015071404453,71.71716327221876,-23.25754374388615,MEASURED,
X,S2,60,6720.0,6780.0,893.8494536224855,262.2532272550864,29.339753600817016,121.54086280883031,1.618357319074409,MEASURED,
CURRENT,S2,60,6720.0,6780.0,,,,,,NOT_FOUND,No dedicated IO-VNBD model found
B1,S2,60,6780.0,6840.0,863.3802484603813,188.28389947937941,21.807760811662735,95.7905653323688,-24.169701531191855,MEASURED,
B2,S2,60,6780.0,6840.0,863.3802484603813,186.75201207593,21.630331758104802,93.82302063327809,-24.169701531191855,MEASURED,
B3,S2,60,6780.0,6840.0,863.3802484603813,8.717549937629133,1.0096999500712072,25.89928318148279,0.0,MEASURED,
B4,S2,60,6780.0,6840.0,863.3802484603813,226.30806284246296,26.211864731214984,105.23585344794516,-24.169701531191855,MEASURED,
X,S2,60,6780.0,6840.0,863.3802484603813,19.944000215080568,2.309990325890083,8.736669173162884,2.6831842947867397,MEASURED,
CURRENT,S2,60,6780.0,6840.0,,,,,,NOT_FOUND,No dedicated IO-VNBD model found
B1,S2,60,6840.0,6900.0,682.2970043080157,164.18924900086628,24.064190222758885,77.23125828921194,-27.931257421595603,MEASURED,
B2,S2,60,6840.0,6900.0,682.2970043080157,148.01925281759435,21.694255123941982,64.24339701801055,-27.931257421595603,MEASURED,
B3,S2,60,6840.0,6900.0,682.2970043080157,47.5363250016327,6.967101526386436,31.22187647201252,0.0,MEASURED,
B4,S2,60,6840.0,6900.0,682.2970043080157,197.87821055052578,29.001770387547495,100.4435386462506,-27.931257421595603,MEASURED,
X,S2,60,6840.0,6900.0,682.2970043080157,136.69831494071215,20.03501614071299,53.857430924849,-0.9211599037775345,MEASURED,
CURRENT,S2,60,6840.0,6900.0,,,,,,NOT_FOUND,No dedicated IO-VNBD model found
B1,S2,60,6900.0,6960.0,543.2709645447094,223.39566311096615,41.12048640372008,148.60274556721353,-25.072159926265847,MEASURED,
B2,S2,60,6900.0,6960.0,543.2709645447094,101.23719069196892,18.634750851595978,55.78326289785989,-25.072159926265847,MEASURED,
B3,S2,60,6900.0,6960.0,543.2709645447094,167.75300564306093,30.87833081299441,116.99095286305756,0.0,MEASURED,
B4,S2,60,6900.0,6960.0,543.2709645447094,218.32829858956018,40.187735557067946,134.64829106354037,-25.072159926265847,MEASURED,
X,S2,60,6900.0,6960.0,543.2709645447094,20.401543158506808,3.7553163135829304,11.548952202320521,-2.921198591874943,MEASURED,
CURRENT,S2,60,6900.0,6960.0,,,,,,NOT_FOUND,No dedicated IO-VNBD model found
B1,S2,60,6960.0,7020.0,622.1993574977166,154.26129508141727,24.792904914239386,71.87917255390462,-24.916999927603424,MEASURED,
B2,S2,60,6960.0,7020.0,622.1993574977166,154.22860349353104,24.787650715968,71.7886329158903,-24.916999927603424,MEASURED,
B3,S2,60,6960.0,7020.0,622.1993574977166,33.309815585509114,5.353559945717455,14.706822359964775,0.0,MEASURED,
B4,S2,60,6960.0,7020.0,622.1993574977166,168.10955021039655,27.0185991329979,79.21236124425565,-24.916999927603424,MEASURED,
X,S2,60,6960.0,7020.0,622.1993574977166,315.59823639727034,50.72300904753482,156.39276766225416,-6.3079450256826295,MEASURED,
CURRENT,S2,60,6960.0,7020.0,,,,,,NOT_FOUND,No dedicated IO-VNBD model found
B1,S2,60,7020.0,7080.0,381.53348160727785,14.040840273311375,3.680106976237532,61.41492242623322,133.9489286988559,MEASURED,
B2,S2,60,7020.0,7080.0,381.53348160727785,42.21717011904207,11.065128528483193,31.12926896855215,133.9489286988559,MEASURED,
B3,S2,60,7020.0,7080.0,381.53348160727785,84.22918115342284,22.07648482083208,55.465121751591575,0.0,MEASURED,
B4,S2,60,7020.0,7080.0,381.53348160727785,78.17304957785986,20.489171552793202,124.03910122629847,133.9489286988559,MEASURED,
X,S2,60,7020.0,7080.0,381.53348160727785,102.23641973983722,26.796185569127005,66.14757176555824,168.50818697996957,MEASURED,
CURRENT,S2,60,7020.0,7080.0,,,,,,NOT_FOUND,No dedicated IO-VNBD model found
B1,S2,60,7260.0,7320.0,434.28171694119374,34.26549539567956,7.8901538008608965,44.32911196733869,-33.27731470059191,MEASURED,
B2,S2,60,7260.0,7320.0,434.28171694119374,82.17307172486848,18.921605151523238,42.443503622971264,-33.27731470059191,MEASURED,
B3,S2,60,7260.0,7320.0,434.28171694119374,90.1436247523697,20.7569467550429,72.45709182683052,0.0,MEASURED,
B4,S2,60,7260.0,7320.0,434.28171694119374,18.22368674379188,4.196282282419814,46.341558532038704,-33.27731470059191,MEASURED,
X,S2,60,7260.0,7320.0,434.28171694119374,81.698283476936,18.812277903929996,31.796762328879765,3.8498931522121604,MEASURED,
CURRENT,S2,60,7260.0,7320.0,,,,,,NOT_FOUND,No dedicated IO-VNBD model found
B1,S2,60,7320.0,7380.0,600.0134258544408,75.45643447524786,12.57579101130865,74.01961829878641,-26.906964304843303,MEASURED,
B2,S2,60,7320.0,7380.0,600.0134258544408,125.28373152164134,20.88015469707745,58.21593261033548,-26.906964304843303,MEASURED,
B3,S2,60,7320.0,7380.0,600.0134258544408,60.841989891261626,10.140104749259642,51.100865579134634,0.0,MEASURED,
B4,S2,60,7320.0,7380.0,600.0134258544408,139.91307441290613,23.31832395477899,118.60451835118256,-26.906964304843303,MEASURED,
X,S2,60,7320.0,7380.0,600.0134258544408,80.15723756274701,13.359240661756894,32.7981401348547,4.916830853958509,MEASURED,
CURRENT,S2,60,7320.0,7380.0,,,,,,NOT_FOUND,No dedicated IO-VNBD model found
B1,S2,60,7380.0,7440.0,601.6692882192506,329.70778430854,54.79883895758915,150.7044076743646,-25.196493496500675,MEASURED,
B2,S2,60,7380.0,7440.0,601.6692882192506,59.98340850156078,9.9694981405969,27.32042253119688,-25.196493496500675,MEASURED,
B3,S2,60,7380.0,7440.0,601.6692882192506,298.6979350067333,49.644869840503915,135.49328219742728,0.0,MEASURED,
B4,S2,60,7380.0,7440.0,601.6692882192506,316.8858107616136,52.66777230719132,147.05042944437363,-25.196493496500675,MEASURED,
X,S2,60,7380.0,7440.0,601.6692882192506,116.69439131228229,19.395105184388008,46.50164086373648,9.762203404011549,MEASURED,
CURRENT,S2,60,7380.0,7440.0,,,,,,NOT_FOUND,No dedicated IO-VNBD model found
B1,S2,60,7440.0,7500.0,324.00283443503054,80.83806592590871,24.949802080240275,41.28006813488499,-34.09946056849003,MEASURED,
B2,S2,60,7440.0,7500.0,324.00283443503054,45.21098293249846,13.953885005769672,19.981010049726986,-34.09946056849003,MEASURED,
B3,S2,60,7440.0,7500.0,324.00283443503054,65.75686877779573,20.295152322496545,30.84976970176521,0.0,MEASURED,
B4,S2,60,7440.0,7500.0,324.00283443503054,56.013301819175,17.287904878007126,30.503085271520227,-34.09946056849003,MEASURED,
X,S2,60,7440.0,7500.0,324.00283443503054,53.45271175965123,16.497606217815243,33.83986341343366,6.692147880989532,MEASURED,
CURRENT,S2,60,7440.0,7500.0,,,,,,NOT_FOUND,No dedicated IO-VNBD model found
B1,S2,60,7500.0,7560.0,979.0207579943407,916.1593193767393,93.57915160589836,512.064333362489,-25.07237730880288,MEASURED,
B2,S2,60,7500.0,7560.0,979.0207579943407,237.0474611024584,24.212710421797684,110.50443041010507,-25.07237730880288,MEASURED,
B3,S2,60,7500.0,7560.0,979.0207579943407,916.1593193767393,93.57915160589836,512.064333362489,0.0,MEASURED,
B4,S2,60,7500.0,7560.0,979.0207579943407,487.6647136838673,49.81147842900858,252.0341635157082,-25.07237730880288,MEASURED,
X,S2,60,7500.0,7560.0,979.0207579943407,68.64452535670164,7.01154953009673,56.51198317455439,2.219565687997385,MEASURED,
CURRENT,S2,60,7500.0,7560.0,,,,,,NOT_FOUND,No dedicated IO-VNBD model found
B1,S2,60,7560.0,7620.0,383.91705060721233,546.0880138265557,142.2411463525389,324.4578759301968,-35.58559402488406,MEASURED,
B2,S2,60,7560.0,7620.0,383.91705060721233,72.35559179249854,18.84667317537974,31.322543446238836,-35.58559402488406,MEASURED,
B3,S2,60,7560.0,7620.0,383.91705060721233,574.8659578634581,149.73702182652124,334.6211346687552,0.0,MEASURED,
B4,S2,60,7560.0,7620.0,383.91705060721233,497.85065564965913,129.67662021320666,293.7190342180956,-35.58559402488406,MEASURED,
X,S2,60,7560.0,7620.0,383.91705060721233,37.00242076308408,9.638129044948688,12.233684758750403,4.009922987735202,MEASURED,
CURRENT,S2,60,7560.0,7620.0,,,,,,NOT_FOUND,No dedicated IO-VNBD model found
B1,S2,60,7620.0,7680.0,248.01926242157205,187.37887113804103,75.55012836847439,118.10650692000705,-34.882009103806226,MEASURED,
B2,S2,60,7620.0,7680.0,248.01926242157205,69.87425229927804,28.172913513672544,38.64143457584674,-34.882009103806226,MEASURED,
B3,S2,60,7620.0,7680.0,248.01926242157205,29.69482319194046,11.97278908985163,20.13957401438122,0.0,MEASURED,
B4,S2,60,7620.0,7680.0,248.01926242157205,71.94042301701008,29.005982162276158,57.2828265038078,-34.882009103806226,MEASURED,
X,S2,60,7620.0,7680.0,248.01926242157205,68.86644777654453,27.766572283199693,32.3153994358926,4.385182021867982,MEASURED,
CURRENT,S2,60,7620.0,7680.0,,,,,,NOT_FOUND,No dedicated IO-VNBD model found
B1,S2,60,7680.0,7740.0,240.42048275796265,25.4620109271344,10.590616338112776,28.081102280884732,158.30379239383507,MEASURED,
B2,S2,60,7680.0,7740.0,240.42048275796265,33.515235493764294,13.940257963588287,29.5166405062883,158.30379239383507,MEASURED,
B3,S2,60,7680.0,7740.0,240.42048275796265,39.776672530787316,16.54462717755687,18.942621278844612,0.0,MEASURED,
B4,S2,60,7680.0,7740.0,240.42048275796265,65.4486818074492,27.222589796285384,38.01792276785147,158.30379239383507,MEASURED,
X,S2,60,7680.0,7740.0,240.42048275796265,105.67565007612299,43.954512054827426,69.50038053161133,-161.62724640390078,MEASURED,
CURRENT,S2,60,7680.0,7740.0,,,,,,NOT_FOUND,No dedicated IO-VNBD model found
B1,S2,60,7800.0,7860.0,740.0716503789827,131.05581694616095,17.708530907655856,76.78649237588905,-41.5570705128291,MEASURED,
B2,S2,60,7800.0,7860.0,740.0716503789827,140.12465041422521,18.933930294785497,82.82850567218772,-41.5570705128291,MEASURED,
B3,S2,60,7800.0,7860.0,740.0716503789827,13.434488476892431,1.8152956500918223,16.014488578716662,0.0,MEASURED,
B4,S2,60,7800.0,7860.0,740.0716503789827,141.06101855260508,19.06045427903761,74.4985028533404,-41.5570705128291,MEASURED,
X,S2,60,7800.0,7860.0,740.0716503789827,85.78559719241397,11.591525921643411,80.45475473989089,-4.855991755661171,MEASURED,
CURRENT,S2,60,7800.0,7860.0,,,,,,NOT_FOUND,No dedicated IO-VNBD model found
B1,S2,60,7860.0,7920.0,262.6285519673888,464.6521624416456,176.9237042053762,275.8891076526371,-26.697831226309408,MEASURED,
B2,S2,60,7860.0,7920.0,262.6285519673888,39.338889233935845,14.978908020183825,20.18047903586394,-26.697831226309408,MEASURED,
B3,S2,60,7860.0,7920.0,262.6285519673888,387.23158617145276,147.44458790586341,249.60467783867628,0.0,MEASURED,
B4,S2,60,7860.0,7920.0,262.6285519673888,410.84566053384935,156.43602245686716,238.508949422536,-26.697831226309408,MEASURED,
X,S2,60,7860.0,7920.0,262.6285519673888,115.52643160590105,43.98852704341387,63.39684499260499,-0.31204018533041883,MEASURED,
CURRENT,S2,60,7860.0,7920.0,,,,,,NOT_FOUND,No dedicated IO-VNBD model found
B1,S2,60,7920.0,7980.0,432.15340292420115,369.4633545287924,85.49356594875536,210.6897717575594,-30.67732514118406,MEASURED,
B2,S2,60,7920.0,7980.0,432.15340292420115,118.20925448216367,27.353540127716485,52.45493802972313,-30.67732514118406,MEASURED,
B3,S2,60,7920.0,7980.0,432.15340292420115,369.4633545287924,85.49356594875536,210.6897717575594,0.0,MEASURED,
B4,S2,60,7920.0,7980.0,432.15340292420115,146.57615145499676,33.91762056324845,74.51504606377975,-30.67732514118406,MEASURED,
X,S2,60,7920.0,7980.0,432.15340292420115,93.53061604708667,21.642920179316913,57.12569855907083,0.03870775722421877,MEASURED,
CURRENT,S2,60,7920.0,7980.0,,,,,,NOT_FOUND,No dedicated IO-VNBD model found
B1,S2,60,7980.0,8040.0,541.4904827654639,123.99931625472317,22.899629855254737,82.23720393657653,-26.758979843434883,MEASURED,
B2,S2,60,7980.0,8040.0,541.4904827654639,119.80170921473614,22.12443487517876,65.89119961323246,-26.758979843434883,MEASURED,
B3,S2,60,7980.0,8040.0,541.4904827654639,28.77724995219051,5.3144516603913825,39.26781530709883,0.0,MEASURED,
B4,S2,60,7980.0,8040.0,541.4904827654639,142.58813636107615,26.332528622268594,91.10386314915178,-26.758979843434883,MEASURED,
X,S2,60,7980.0,8040.0,541.4904827654639,261.6559625556099,48.3214333185134,139.25009750057455,0.08659204234392508,MEASURED,
CURRENT,S2,60,7980.0,8040.0,,,,,,NOT_FOUND,No dedicated IO-VNBD model found
B1,S2,60,8040.0,8100.0,534.024317769904,103.36541857029265,19.3559385089332,72.68900121676404,-22.605640564811278,MEASURED,
B2,S2,60,8040.0,8100.0,534.024317769904,66.1521734441457,12.387483349147558,30.800812968895972,-22.605640564811278,MEASURED,
B3,S2,60,8040.0,8100.0,534.024317769904,63.70873216505986,11.929930912342863,60.249755214501945,0.0,MEASURED,
B4,S2,60,8040.0,8100.0,534.024317769904,50.96840887280826,9.544211223498834,27.265727643631053,-22.605640564811278,MEASURED,
X,S2,60,8040.0,8100.0,534.024317769904,62.22501624616553,11.652094141708456,41.305805150081056,0.4579284180901949,MEASURED,
CURRENT,S2,60,8040.0,8100.0,,,,,,NOT_FOUND,No dedicated IO-VNBD model found
B1,S2,60,8100.0,8160.0,444.1891580818001,142.64217531576037,32.112934933340256,54.616872210902045,-20.935612234548323,MEASURED,
B2,S2,60,8100.0,8160.0,444.1891580818001,57.93827536975296,13.04360413026634,31.70948405736794,-20.935612234548323,MEASURED,
B3,S2,60,8100.0,8160.0,444.1891580818001,123.25930473029646,27.749282594510674,43.73327438432669,0.0,MEASURED,
B4,S2,60,8100.0,8160.0,444.1891580818001,104.62433029074401,23.554003601203796,41.97963858851841,-20.935612234548323,MEASURED,
X,S2,60,8100.0,8160.0,444.1891580818001,40.11364936815365,9.030758324084642,20.229923108777,7.465663705387457,MEASURED,
CURRENT,S2,60,8100.0,8160.0,,,,,,NOT_FOUND,No dedicated IO-VNBD model found
B1,S2,60,8160.0,8220.0,459.7077656812089,257.40880374883926,55.99400814284768,142.66499462815136,-25.30956899446258,MEASURED,
B2,S2,60,8160.0,8220.0,459.7077656812089,101.55087389967929,22.0903107323406,51.78657172720221,-25.30956899446258,MEASURED,
B3,S2,60,8160.0,8220.0,459.7077656812089,255.79134484628102,55.64216311796292,142.64601188927867,0.0,MEASURED,
B4,S2,60,8160.0,8220.0,459.7077656812089,161.20772635151488,35.06743596393948,87.50174987941345,-25.30956899446258,MEASURED,
X,S2,60,8160.0,8220.0,459.7077656812089,70.86144631600533,15.414454922465948,38.18609150902648,2.4443526551032324,MEASURED,
CURRENT,S2,60,8160.0,8220.0,,,,,,NOT_FOUND,No dedicated IO-VNBD model found
B1,S2,60,8220.0,8280.0,450.95586070686596,50.08812514803833,11.107101495371632,55.78954806386607,-25.34323390249149,MEASURED,
B2,S2,60,8220.0,8280.0,450.95586070686596,86.88489564960277,19.266829244310543,52.586363384163825,-25.34323390249149,MEASURED,
B3,S2,60,8220.0,8280.0,450.95586070686596,47.77756447341131,10.594731909797282,52.97117346001389,0.0,MEASURED,
B4,S2,60,8220.0,8280.0,450.95586070686596,92.58478300096323,20.53078606314997,50.75318475160497,-25.34323390249149,MEASURED,
X,S2,60,8220.0,8280.0,450.95586070686596,69.18084705363589,15.340935351232831,31.987222713262188,1.5547657254433456,MEASURED,
CURRENT,S2,60,8220.0,8280.0,,,,,,NOT_FOUND,No dedicated IO-VNBD model found
B1,S2,60,8280.0,8340.0,538.2950466651018,171.50807671917232,31.861351461752424,103.19452621177571,-29.343455948792393,MEASURED,
B2,S2,60,8280.0,8340.0,538.2950466651018,80.41917237023762,14.939608467225986,34.2860517990469,-29.343455948792393,MEASURED,
B3,S2,60,8280.0,8340.0,538.2950466651018,173.4596790727359,32.223903999743314,104.23708069340665,0.0,MEASURED,
B4,S2,60,8280.0,8340.0,538.2950466651018,126.19060773115766,23.442647022844824,76.36859902386075,-29.343455948792393,MEASURED,
X,S2,60,8280.0,8340.0,538.2950466651018,75.85845831259307,14.092356744235122,38.653757571189054,-0.8927342382672764,MEASURED,
CURRENT,S2,60,8280.0,8340.0,,,,,,NOT_FOUND,No dedicated IO-VNBD model found
B1,S2,60,8340.0,8400.0,699.6699400352857,276.66626451327824,39.542396876350786,135.3049475780448,-44.78035148524583,MEASURED,
B2,S2,60,8340.0,8400.0,699.6699400352857,241.82701943618042,34.56301401543485,128.76200619358457,-44.78035148524583,MEASURED,
B3,S2,60,8340.0,8400.0,699.6699400352857,71.76403861060513,10.25684176270113,65.89832805698083,0.0,MEASURED,
B4,S2,60,8340.0,8400.0,699.6699400352857,306.5616946099657,43.8151872859516,146.33249832190012,-44.78035148524583,MEASURED,
X,S2,60,8340.0,8400.0,699.6699400352857,30.628287134114164,4.377533660023971,17.552672603321053,-4.2073320563763525,MEASURED,
CURRENT,S2,60,8340.0,8400.0,,,,,,NOT_FOUND,No dedicated IO-VNBD model found
B1,S2,60,8400.0,8460.0,624.0693056246434,340.95267029136284,54.633783013906836,222.00525536212666,-26.915571081751423,MEASURED,
B2,S2,60,8400.0,8460.0,624.0693056246434,102.29263478901602,16.3912299270398,51.0978935351528,-26.915571081751423,MEASURED,
B3,S2,60,8400.0,8460.0,624.0693056246434,344.38647784478223,55.184011573855386,220.93889237284148,0.0,MEASURED,
B4,S2,60,8400.0,8460.0,624.0693056246434,216.08028365231257,34.62440496669412,150.07081965279727,-26.915571081751423,MEASURED,
X,S2,60,8400.0,8460.0,624.0693056246434,305.9455671768927,49.024293362844645,142.38482032118068,-2.4201331739025966,MEASURED,
CURRENT,S2,60,8400.0,8460.0,,,,,,NOT_FOUND,No dedicated IO-VNBD model found
B1,S2,60,8460.0,8520.0,647.5509513876414,163.54144714192603,25.255379023298776,175.71902713707397,-39.60595769213979,MEASURED,
B2,S2,60,8460.0,8520.0,647.5509513876414,160.8415330927031,24.83843668950446,84.16301108805517,-39.60595769213979,MEASURED,
B3,S2,60,8460.0,8520.0,647.5509513876414,233.8317420440382,36.11016886670595,193.36230528552784,0.0,MEASURED,
B4,S2,60,8460.0,8520.0,647.5509513876414,73.60022222303166,11.365935308304813,69.11254550117494,-39.60595769213979,MEASURED,
X,S2,60,8460.0,8520.0,647.5509513876414,66.56159792362408,10.27897461674464,30.111617661159652,-0.3214535378583609,MEASURED,
CURRENT,S2,60,8460.0,8520.0,,,,,,NOT_FOUND,No dedicated IO-VNBD model found
B1,S2,60,8520.0,8580.0,532.7947223191795,150.65266774273167,28.27593094146317,83.27487386592472,-29.38829022381188,MEASURED,
B2,S2,60,8520.0,8580.0,532.7947223191795,134.1453978840437,25.177688941836337,63.60438152713326,-29.38829022381188,MEASURED,
B3,S2,60,8520.0,8580.0,532.7947223191795,105.70030673741975,19.838842674214447,66.71802085916009,0.0,MEASURED,
B4,S2,60,8520.0,8580.0,532.7947223191795,143.79152312123455,26.98816581653259,69.65369986147432,-29.38829022381188,MEASURED,
X,S2,60,8520.0,8580.0,532.7947223191795,208.831592401654,39.195506947336085,104.56895431745913,-1.0310653361486,MEASURED,
CURRENT,S2,60,8520.0,8580.0,,,,,,NOT_FOUND,No dedicated IO-VNBD model found
B1,S2,60,8580.0,8640.0,401.4654935991324,113.42377115753249,28.252433388655646,66.09288277587363,-25.35243993501285,MEASURED,
B2,S2,60,8580.0,8640.0,401.4654935991324,107.97949641347641,26.896333093397832,51.395836202990104,-25.35243993501285,MEASURED,
B3,S2,60,8580.0,8640.0,401.4654935991324,117.43678212614444,29.252023897079017,71.41638446796046,0.0,MEASURED,
B4,S2,60,8580.0,8640.0,401.4654935991324,219.6212296822416,54.704883279840665,119.48135225303072,-25.35243993501285,MEASURED,
X,S2,60,8580.0,8640.0,401.4654935991324,13.939415188717419,3.4721328260993896,18.04183182813831,1.077615435744534,MEASURED,
CURRENT,S2,60,8580.0,8640.0,,,,,,NOT_FOUND,No dedicated IO-VNBD model found
B1,S2,60,8640.0,8700.0,376.1485994837695,123.8728904623247,32.931902613044215,104.75108698098312,-14.83520499868039,MEASURED,
B2,S2,60,8640.0,8700.0,376.1485994837695,21.735271283875782,5.778373577279168,6.27491216602613,-14.83520499868039,MEASURED,
B3,S2,60,8640.0,8700.0,376.1485994837695,125.61004324440849,33.39372881270782,104.48356240086733,0.0,MEASURED,
B4,S2,60,8640.0,8700.0,376.1485994837695,217.09914553931782,57.71632430301937,104.12455600389868,-14.83520499868039,MEASURED,
X,S2,60,8640.0,8700.0,376.1485994837695,229.92012376619468,61.12481186470974,100.78186954958106,7.6115107918104385,MEASURED,
CURRENT,S2,60,8640.0,8700.0,,,,,,NOT_FOUND,No dedicated IO-VNBD model found
B1,S2,60,8700.0,8760.0,848.009697632181,394.66510240575053,46.5401638103594,197.47177087968575,-22.658269905039777,MEASURED,
B2,S2,60,8700.0,8760.0,848.009697632181,197.36313072731855,23.27368793993717,85.33688308728293,-22.658269905039777,MEASURED,
B3,S2,60,8700.0,8760.0,848.009697632181,347.4683032638721,40.97456718172866,174.02964811206604,0.0,MEASURED,
B4,S2,60,8700.0,8760.0,848.009697632181,507.0561345071379,59.79367169065918,250.46215904064974,-22.658269905039777,MEASURED,
X,S2,60,8700.0,8760.0,848.009697632181,162.08837883732693,19.113977032327732,87.7639755036614,0.5766690422431592,MEASURED,
CURRENT,S2,60,8700.0,8760.0,,,,,,NOT_FOUND,No dedicated IO-VNBD model found
B1,S2,60,8760.0,8820.0,973.6824234121607,292.75453220822914,30.066736871176513,136.814210009173,-25.776267795315505,MEASURED,
B2,S2,60,8760.0,8820.0,973.6824234121607,245.3238102206244,25.19546459110504,103.89473433036707,-25.776267795315505,MEASURED,
B3,S2,60,8760.0,8820.0,973.6824234121607,59.51030214294177,6.111880086568123,57.24499776930734,0.0,MEASURED,
B4,S2,60,8760.0,8820.0,973.6824234121607,305.17035515275194,31.341877784269403,146.66800063836297,-25.776267795315505,MEASURED,
X,S2,60,8760.0,8820.0,973.6824234121607,46.61880204887779,4.787885754937163,20.61111260618111,-2.658826282212832,MEASURED,
CURRENT,S2,60,8760.0,8820.0,,,,,,NOT_FOUND,No dedicated IO-VNBD model found
B1,S2,60,8820.0,8880.0,1295.8133808689645,260.07687980106624,20.07055056235492,137.6927095559494,-26.898710984918445,MEASURED,
B2,S2,60,8820.0,8880.0,1295.8133808689645,251.46184402824832,19.405714413877988,128.81668418860306,-26.898710984918445,MEASURED,
B3,S2,60,8820.0,8880.0,1295.8133808689645,14.956773712266896,1.1542382516714695,52.536752651754526,0.0,MEASURED,
B4,S2,60,8820.0,8880.0,1295.8133808689645,267.93055869510647,20.676631577568205,130.1751558127037,-26.898710984918445,MEASURED,
X,S2,60,8820.0,8880.0,1295.8133808689645,113.94417746882371,8.793255197937023,50.13778934222913,-6.549521363882492,MEASURED,
CURRENT,S2,60,8820.0,8880.0,,,,,,NOT_FOUND,No dedicated IO-VNBD model found
B1,S2,60,8880.0,8940.0,1175.077984368983,308.1708121044815,26.22556257574422,134.85215270879124,-21.840308549477474,MEASURED,
B2,S2,60,8880.0,8940.0,1175.077984368983,206.54065545621378,17.576761559967967,83.99560853228047,-21.840308549477474,MEASURED,
B3,S2,60,8880.0,8940.0,1175.077984368983,257.36987624833966,21.9023656022751,116.71499620075856,0.0,MEASURED,
B4,S2,60,8880.0,8940.0,1175.077984368983,848.1671117939105,72.17964450669004,435.9759127992173,-21.840308549477474,MEASURED,
X,S2,60,8880.0,8940.0,1175.077984368983,41.45319294007682,3.527697181931052,23.507829575321395,-0.5348335099021181,MEASURED,
CURRENT,S2,60,8880.0,8940.0,,,,,,NOT_FOUND,No dedicated IO-VNBD model found
B1,S2,60,8940.0,9000.0,1086.3331074746077,395.2356264426038,36.38254451817323,231.25797735623658,-29.09994532054361,MEASURED,
B2,S2,60,8940.0,9000.0,1086.3331074746077,320.67475911210045,29.51900820343874,137.68322635199684,-29.09994532054361,MEASURED,
B3,S2,60,8940.0,9000.0,1086.3331074746077,227.9984837057939,20.987897923485058,181.26840691301854,0.0,MEASURED,
B4,S2,60,8940.0,9000.0,1086.3331074746077,303.63592496867204,27.950535878864333,169.31013024127884,-29.09994532054361,MEASURED,
X,S2,60,8940.0,9000.0,1086.3331074746077,271.95126798633396,25.033874611309372,132.0264012140809,0.061860847081069474,MEASURED,
CURRENT,S2,60,8940.0,9000.0,,,,,,NOT_FOUND,No dedicated IO-VNBD model found
B1,S2,60,9000.0,9060.0,707.2418105439688,609.3585702312531,86.15986231958917,314.20276224756833,-29.28463661600639,MEASURED,
B2,S2,60,9000.0,9060.0,707.2418105439688,142.9759709362555,20.215995265648505,66.93757179506885,-29.28463661600639,MEASURED,
B3,S2,60,9000.0,9060.0,707.2418105439688,578.4150516505807,81.78462345229532,298.6352762249488,0.0,MEASURED,
B4,S2,60,9000.0,9060.0,707.2418105439688,600.2403796095492,84.87060163310758,317.69346626106255,-29.28463661600639,MEASURED,
X,S2,60,9000.0,9060.0,707.2418105439688,154.66131895839118,21.868237518287387,61.877042566606896,-3.783955172206893,MEASURED,
CURRENT,S2,60,9000.0,9060.0,,,,,,NOT_FOUND,No dedicated IO-VNBD model found
B1,S2,60,9060.0,9120.0,1212.418191288979,482.30193311027165,39.78016303083623,219.89462097097908,-31.78141705998703,MEASURED,
B2,S2,60,9060.0,9120.0,1212.418191288979,383.7282715661354,31.64982794906564,168.11663988780776,-31.78141705998703,MEASURED,
B3,S2,60,9060.0,9120.0,1212.418191288979,383.9282371948485,31.66632107249037,180.810809244841,0.0,MEASURED,
B4,S2,60,9060.0,9120.0,1212.418191288979,927.1811974798588,76.47371213509497,475.858491122449,-31.78141705998703,MEASURED,
X,S2,60,9060.0,9120.0,1212.418191288979,72.04624534480729,5.942359316483986,31.755574933632428,-3.4597314452626624,MEASURED,
CURRENT,S2,60,9060.0,9120.0,,,,,,NOT_FOUND,No dedicated IO-VNBD model found
B1,S2,60,9120.0,9180.0,625.2454232413892,742.5823295377376,118.766535816936,392.37276731832776,-25.521538581589475,MEASURED,
B2,S2,60,9120.0,9180.0,625.2454232413892,95.17257014424426,15.22163403465664,39.596627403967226,-25.521538581589475,MEASURED,
B3,S2,60,9120.0,9180.0,625.2454232413892,734.1086228037735,117.41127491953753,387.2078896383642,0.0,MEASURED,
B4,S2,60,9120.0,9180.0,625.2454232413892,718.7162597582209,114.9494635294188,370.3626288300402,-25.521538581589475,MEASURED,
X,S2,60,9120.0,9180.0,625.2454232413892,271.71751268554715,43.457737167736916,116.13296297505113,-4.774165530224128,MEASURED,
CURRENT,S2,60,9120.0,9180.0,,,,,,NOT_FOUND,No dedicated IO-VNBD model found
B1,S2,120,60.0,180.0,357.79077843607905,528.9531380502846,147.8386727467836,382.04359952586833,-154.81828669041045,MEASURED,
B2,S2,120,60.0,180.0,357.79077843607905,127.75805301270216,35.70747506996655,126.92933660668318,-154.81828669041045,MEASURED,
B3,S2,120,60.0,180.0,357.79077843607905,688.3381657586494,192.38566426094297,369.3864759646064,0.0,MEASURED,
B4,S2,120,60.0,180.0,357.79077843607905,167.3426369759421,46.771087200012516,130.7451092505984,-154.81828669041045,MEASURED,
X,S2,120,60.0,180.0,357.79077843607905,1846.4400652354154,516.0669800675956,8083.3218732564055,-26.35293036189875,MEASURED,
CURRENT,S2,120,60.0,180.0,,,,,,NOT_FOUND,No dedicated IO-VNBD model found
B1,S2,120,300.0,420.0,813.2048519475687,436.29757024633267,53.651619170917456,234.3586806319581,-33.97841205073947,MEASURED,
B2,S2,120,300.0,420.0,813.2048519475687,169.73613981595585,20.872494723740235,90.78422692368291,-33.97841205073947,MEASURED,
B3,S2,120,300.0,420.0,813.2048519475687,411.93349021645946,50.65556227682454,215.23110445998498,0.0,MEASURED,
B4,S2,120,300.0,420.0,813.2048519475687,447.0148501283194,54.96952570533121,254.9718553666479,-33.97841205073947,MEASURED,
X,S2,120,300.0,420.0,813.2048519475687,406.3882196438774,49.973658995098965,260.45933059530597,-3.084129638805734,MEASURED,
CURRENT,S2,120,300.0,420.0,,,,,,NOT_FOUND,No dedicated IO-VNBD model found
B1,S2,120,360.0,480.0,851.0189123658215,193.10307733446683,22.690809161648687,152.60566297945743,-20.959286742367613,MEASURED,
B2,S2,120,360.0,480.0,851.0189123658215,126.06855990939133,14.81383763363406,60.32257105035935,-20.959286742367613,MEASURED,
B3,S2,120,360.0,480.0,851.0189123658215,195.31974591921485,22.951281467556164,144.69502448871097,0.0,MEASURED,
B4,S2,120,360.0,480.0,851.0189123658215,173.54853641762676,20.39302933176468,86.37798763945968,-20.959286742367613,MEASURED,
X,S2,120,360.0,480.0,851.0189123658215,494.0081629088735,58.049022851388486,292.4562074605983,3.6138510321205644,MEASURED,
CURRENT,S2,120,360.0,480.0,,,,,,NOT_FOUND,No dedicated IO-VNBD model found
B1,S2,120,420.0,540.0,811.8294046169565,54.569745312636535,6.721824191424065,194.70544894937316,-31.543387193269695,MEASURED,
B2,S2,120,420.0,540.0,811.8294046169565,70.07589784711848,8.631850170564126,35.027187742722916,-31.543387193269695,MEASURED,
B3,S2,120,420.0,540.0,811.8294046169565,54.569745312636535,6.721824191424065,194.70544894937316,0.0,MEASURED,
B4,S2,120,420.0,540.0,811.8294046169565,90.50275581125453,11.148001697962176,117.13564349737364,-31.543387193269695,MEASURED,
X,S2,120,420.0,540.0,811.8294046169565,316.93053590392,39.03905600135986,184.98119699791917,11.076017648732725,MEASURED,
CURRENT,S2,120,420.0,540.0,,,,,,NOT_FOUND,No dedicated IO-VNBD model found
B1,S2,120,480.0,600.0,652.7561858855181,158.95984335015427,24.352100644517375,79.0205121740328,-39.02628304826702,MEASURED,
B2,S2,120,480.0,600.0,652.7561858855181,185.955086035495,28.487678869443638,97.08789770364731,-39.02628304826702,MEASURED,
B3,S2,120,480.0,600.0,652.7561858855181,10.515926070369959,1.6110036638112024,17.87827633337049,0.0,MEASURED,
B4,S2,120,480.0,600.0,652.7561858855181,284.8403793618106,43.636565308898746,159.94223130597518,-39.02628304826702,MEASURED,
X,S2,120,480.0,600.0,652.7561858855181,177.2357917632454,27.15191301064582,82.25018847508701,24.853814080413084,MEASURED,
CURRENT,S2,120,480.0,600.0,,,,,,NOT_FOUND,No dedicated IO-VNBD model found
B1,S2,120,540.0,660.0,644.3625680030481,217.3985528133534,33.738544665481726,101.06237821193152,-21.194192965614697,MEASURED,
B2,S2,120,540.0,660.0,644.3625680030481,81.78143332987597,12.691834906444955,37.536486298806516,-21.194192965614697,MEASURED,
B3,S2,120,540.0,660.0,644.3625680030481,49.75542632242552,7.721650634769672,24.33838265441591,0.0,MEASURED,
B4,S2,120,540.0,660.0,644.3625680030481,200.55754337852986,31.12495252479985,93.0889107854119,-21.194192965614697,MEASURED,
X,S2,120,540.0,660.0,644.3625680030481,95.95972147556647,14.89219365627591,60.75173414858829,29.837660698268643,MEASURED,
CURRENT,S2,120,540.0,660.0,,,,,,NOT_FOUND,No dedicated IO-VNBD model found
B1,S2,120,600.0,720.0,546.1862885159782,300.9283047716298,55.09627595911838,138.64013191676534,-15.117683278516543,MEASURED,
B2,S2,120,600.0,720.0,546.1862885159782,54.06177810422456,9.898047468586908,27.21973950875175,-15.117683278516543,MEASURED,
B3,S2,120,600.0,720.0,546.1862885159782,244.47765020877057,44.760854556241505,110.59764177753907,0.0,MEASURED,
B4,S2,120,600.0,720.0,546.1862885159782,341.7657038704421,62.57310208189967,213.50532766662937,-15.117683278516543,MEASURED,
X,S2,120,600.0,720.0,546.1862885159782,1057.4529573956654,193.60664660199186,473.1143997124999,30.167294438484493,MEASURED,
CURRENT,S2,120,600.0,720.0,,,,,,NOT_FOUND,No dedicated IO-VNBD model found
B1,S2,120,720.0,840.0,1221.396669401942,543.0026381627324,44.457517509738594,238.95474825499753,-37.04153530926653,MEASURED,
B2,S2,120,720.0,840.0,1221.396669401942,350.429633059562,28.69089476321809,136.1979686722432,-37.04153530926653,MEASURED,
B3,S2,120,720.0,840.0,1221.396669401942,475.236737092427,38.9092871298828,211.92490522729625,0.0,MEASURED,
B4,S2,120,720.0,840.0,1221.396669401942,442.6860628121256,36.244250037859295,176.73470133789874,-37.04153530926653,MEASURED,
X,S2,120,720.0,840.0,1221.396669401942,422.0733443979916,34.55661497788922,170.14517433835144,14.973098180177425,MEASURED,
CURRENT,S2,120,720.0,840.0,,,,,,NOT_FOUND,No dedicated IO-VNBD model found
B1,S2,120,780.0,900.0,1289.3535746759253,493.10545984727037,38.24439389879621,352.6552302931062,-46.49280196892552,MEASURED,
B2,S2,120,780.0,900.0,1289.3535746759253,379.34897041456486,29.42164025953183,199.58031591451447,-46.49280196892552,MEASURED,
B3,S2,120,780.0,900.0,1289.3535746759253,458.34591786488494,35.54850483740184,330.49916252381496,0.0,MEASURED,
B4,S2,120,780.0,900.0,1289.3535746759253,545.7839357276727,42.33004401952766,376.25252608434147,-46.49280196892552,MEASURED,
X,S2,120,780.0,900.0,1289.3535746759253,415.17331767711534,32.200113749362174,175.83624493685517,30.534309719873523,MEASURED,
CURRENT,S2,120,780.0,900.0,,,,,,NOT_FOUND,No dedicated IO-VNBD model found
B1,S2,120,840.0,960.0,978.9760146060867,552.3088104167791,56.41699103721282,335.5500222349444,-17.265110906334776,MEASURED,
B2,S2,120,840.0,960.0,978.9760146060867,210.986711321461,21.551775342152414,95.56714855321728,-17.265110906334776,MEASURED,
B3,S2,120,840.0,960.0,978.9760146060867,379.5942933593043,38.77462651748855,263.1690132161185,0.0,MEASURED,
B4,S2,120,840.0,960.0,978.9760146060867,432.29192178235445,44.15756007631065,262.90319972197716,-17.265110906334776,MEASURED,
X,S2,120,840.0,960.0,978.9760146060867,350.5277977401568,35.805555244496944,193.56999116115048,31.895649115213146,MEASURED,
CURRENT,S2,120,840.0,960.0,,,,,,NOT_FOUND,No dedicated IO-VNBD model found
B1,S2,120,900.0,1020.0,939.0877025676207,552.3998894582749,58.823035159327766,330.26948005103674,0.3017243115983104,MEASURED,
B2,S2,120,900.0,1020.0,939.0877025676207,9.234213432676912,0.9833174694364594,18.160453560978944,0.3017243115983104,MEASURED,
B3,S2,120,900.0,1020.0,939.0877025676207,564.3193446565072,60.092294160978255,340.5763218605613,0.0,MEASURED,
B4,S2,120,900.0,1020.0,939.0877025676207,592.7233851411959,63.11693609878954,333.09926369799473,0.3017243115983104,MEASURED,
X,S2,120,900.0,1020.0,939.0877025676207,495.17162429341397,52.72900741214405,248.95029111528748,22.779037685652774,MEASURED,
CURRENT,S2,120,900.0,1020.0,,,,,,NOT_FOUND,No dedicated IO-VNBD model found
B1,S2,120,960.0,1080.0,705.5992807450995,617.7040403770247,87.54317885992471,361.5183136208265,-16.71115303089411,MEASURED,
B2,S2,120,960.0,1080.0,705.5992807450995,66.60361468009432,9.43929741676638,39.69702037726331,-16.71115303089411,MEASURED,
B3,S2,120,960.0,1080.0,705.5992807450995,424.2122142384861,60.120839946226425,322.62838817043104,0.0,MEASURED,
B4,S2,120,960.0,1080.0,705.5992807450995,450.61178313833227,63.862279261749634,267.3261810461321,-16.71115303089411,MEASURED,
X,S2,120,960.0,1080.0,705.5992807450995,264.5428257024717,37.49193528416292,186.89959579438693,24.524450176385308,MEASURED,
CURRENT,S2,120,960.0,1080.0,,,,,,NOT_FOUND,No dedicated IO-VNBD model found
B1,S2,120,1020.0,1140.0,455.8304004937814,325.0585837612156,71.31129986264489,181.38622397030258,-51.95166607253532,MEASURED,
B2,S2,120,1020.0,1140.0,455.8304004937814,67.03095144692102,14.705239355319279,30.726378591404906,-51.95166607253532,MEASURED,
B3,S2,120,1020.0,1140.0,455.8304004937814,131.61900081996953,28.87455524629168,61.01687256069328,0.0,MEASURED,
B4,S2,120,1020.0,1140.0,455.8304004937814,232.6149025008044,51.03101992513503,145.26091237287912,-51.95166607253532,MEASURED,
X,S2,120,1020.0,1140.0,455.8304004937814,44.782492153933326,9.824375931360082,37.77400837765902,-13.632803199808532,MEASURED,
CURRENT,S2,120,1020.0,1140.0,,,,,,NOT_FOUND,No dedicated IO-VNBD model found
B1,S2,120,1080.0,1200.0,292.70933662206016,163.5933867898625,55.8893640625788,76.50767643619743,-52.39056508758308,MEASURED,
B2,S2,120,1080.0,1200.0,292.70933662206016,26.127281307137217,8.926015688003893,18.100326684728017,-52.39056508758308,MEASURED,
B3,S2,120,1080.0,1200.0,292.70933662206016,92.59429345970669,31.633529195982703,48.656244549317485,0.0,MEASURED,
B4,S2,120,1080.0,1200.0,292.70933662206016,81.35011508644396,27.79211487588503,84.96075053669382,-52.39056508758308,MEASURED,
X,S2,120,1080.0,1200.0,292.70933662206016,128.15746074796132,43.7831817143009,107.22795991234325,-17.955420334827433,MEASURED,
CURRENT,S2,120,1080.0,1200.0,,,,,,NOT_FOUND,No dedicated IO-VNBD model found
B1,S2,120,1260.0,1380.0,756.735064303693,81.11715822938534,10.71936032249609,62.897963578205776,-4.543337801397759,MEASURED,
B2,S2,120,1260.0,1380.0,756.735064303693,16.257491960454534,2.148373020802704,13.78771488425241,-4.543337801397759,MEASURED,
B3,S2,120,1260.0,1380.0,756.735064303693,74.9340461278688,9.902282801817712,63.03507092097597,0.0,MEASURED,
B4,S2,120,1260.0,1380.0,756.735064303693,22.063980927725183,2.9156810578121255,23.291953064997173,-4.543337801397759,MEASURED,
X,S2,120,1260.0,1380.0,756.735064303693,42.73389953143087,5.647141456402884,103.91844703614413,11.717660836848507,MEASURED,
CURRENT,S2,120,1260.0,1380.0,,,,,,NOT_FOUND,No dedicated IO-VNBD model found
B1,S2,120,1320.0,1440.0,648.2719892863724,41.840832245415264,6.454209488747815,31.487913180628524,-10.393601156353707,MEASURED,
B2,S2,120,1320.0,1440.0,648.2719892863724,28.54860009310295,4.403799726798265,16.02536404178154,-10.393601156353707,MEASURED,
B3,S2,120,1320.0,1440.0,648.2719892863724,69.76582496194128,10.761813885980258,40.31348862014892,0.0,MEASURED,
B4,S2,120,1320.0,1440.0,648.2719892863724,114.1862921493405,17.613948163183554,76.12655097586973,-10.393601156353707,MEASURED,
X,S2,120,1320.0,1440.0,648.2719892863724,440.7512904095576,67.98863712972441,172.13685817301237,15.504990541602552,MEASURED,
CURRENT,S2,120,1320.0,1440.0,,,,,,NOT_FOUND,No dedicated IO-VNBD model found
B1,S2,120,1380.0,1500.0,697.7999258289836,170.18358090199217,24.388592575416904,73.3990798862958,-32.015361055545505,MEASURED,
B2,S2,120,1380.0,1500.0,697.7999258289836,73.42039867646695,10.521697689956587,31.86366765405122,-32.015361055545505,MEASURED,
B3,S2,120,1380.0,1500.0,697.7999258289836,140.21288874642644,20.093566014621466,73.1397296261094,0.0,MEASURED,
B4,S2,120,1380.0,1500.0,697.7999258289836,239.83954666023578,34.370818594643346,119.8607477120324,-32.015361055545505,MEASURED,
X,S2,120,1380.0,1500.0,697.7999258289836,258.5858205532058,37.05730123803135,369.994916873589,16.007824464912026,MEASURED,
CURRENT,S2,120,1380.0,1500.0,,,,,,NOT_FOUND,No dedicated IO-VNBD model found
B1,S2,120,1440.0,1560.0,872.9606995391995,286.07266727086846,32.77039475223508,161.57983150495372,-21.301178201108687,MEASURED,
B2,S2,120,1440.0,1560.0,872.9606995391995,178.00187604451904,20.39059446072189,87.44930855753321,-21.301178201108687,MEASURED,
B3,S2,120,1440.0,1560.0,872.9606995391995,261.88880880421317,30.000068610471658,148.32115878094328,0.0,MEASURED,
B4,S2,120,1440.0,1560.0,872.9606995391995,275.061055569739,31.50898496518028,157.22920998256163,-21.301178201108687,MEASURED,
X,S2,120,1440.0,1560.0,872.9606995391995,300.17551346003063,34.38591377807513,125.2617205991747,19.341867670001193,MEASURED,
CURRENT,S2,120,1440.0,1560.0,,,,,,NOT_FOUND,No dedicated IO-VNBD model found
B1,S2,120,1500.0,1620.0,704.1314221488925,256.3743832095327,36.41001880403527,207.74204546538354,-6.908996273362749,MEASURED,
B2,S2,120,1500.0,1620.0,704.1314221488925,40.09791222416623,5.694663093118901,22.94158943541983,-6.908996273362749,MEASURED,
B3,S2,120,1500.0,1620.0,704.1314221488925,293.850602399682,41.732351824734444,212.7512891721714,0.0,MEASURED,
B4,S2,120,1500.0,1620.0,704.1314221488925,302.15313018690597,42.91146804168811,234.11369645420345,-6.908996273362749,MEASURED,
X,S2,120,1500.0,1620.0,704.1314221488925,378.0864519892811,53.69543810946881,249.34615042764793,29.759325449237863,MEASURED,
CURRENT,S2,120,1500.0,1620.0,,,,,,NOT_FOUND,No dedicated IO-VNBD model found
B1,S2,120,1560.0,1680.0,694.8586648947452,18.446917306235594,2.6547725801231636,61.16933693844876,-13.354238441588464,MEASURED,
B2,S2,120,1560.0,1680.0,694.8586648947452,50.673270244071105,7.292601043083621,19.558728465122666,-13.354238441588464,MEASURED,
B3,S2,120,1560.0,1680.0,694.8586648947452,138.7668565241478,19.970515377421066,79.14149212824654,0.0,MEASURED,
B4,S2,120,1560.0,1680.0,694.8586648947452,161.39398286900908,23.226879223483024,81.20857989849281,-13.354238441588464,MEASURED,
X,S2,120,1560.0,1680.0,694.8586648947452,409.7871541046265,58.97417342657728,220.322182066654,22.587872625851233,MEASURED,
CURRENT,S2,120,1560.0,1680.0,,,,,,NOT_FOUND,No dedicated IO-VNBD model found
B1,S2,120,1620.0,1740.0,881.6131749743188,155.84221509142813,17.676938085228567,92.66962276028731,3.490269479182833,MEASURED,
B2,S2,120,1620.0,1740.0,881.6131749743188,11.965808802786324,1.3572629291905585,9.160191246844008,3.490269479182833,MEASURED,
B3,S2,120,1620.0,1740.0,881.6131749743188,155.9299666473775,17.686891606618712,94.38221776448147,0.0,MEASURED,
B4,S2,120,1620.0,1740.0,881.6131749743188,60.74866953702596,6.890626326993758,33.151338672867794,3.490269479182833,MEASURED,
X,S2,120,1620.0,1740.0,881.6131749743188,358.11924702299484,40.620904631266065,173.42164183034427,20.58382154043289,MEASURED,
CURRENT,S2,120,1620.0,1740.0,,,,,,NOT_FOUND,No dedicated IO-VNBD model found
B1,S2,120,1800.0,1920.0,365.28317932581933,75.27319745453784,20.60680636690278,68.67867496860289,-24.690046232333128,MEASURED,
B2,S2,120,1800.0,1920.0,365.28317932581933,50.65496630468457,13.867314229517854,22.095429556282607,-24.690046232333128,MEASURED,
B3,S2,120,1800.0,1920.0,365.28317932581933,78.9689246559997,21.618549422874544,52.62678320921746,0.0,MEASURED,
B4,S2,120,1800.0,1920.0,365.28317932581933,15.030650884261162,4.114794147379659,40.637206015962946,-24.690046232333128,MEASURED,
X,S2,120,1800.0,1920.0,365.28317932581933,134.58284832495514,36.84342886342218,49.49106284691277,7.925352926282668,MEASURED,
CURRENT,S2,120,1800.0,1920.0,,,,,,NOT_FOUND,No dedicated IO-VNBD model found
B1,S2,120,1860.0,1980.0,561.7465532196234,333.19911562523646,59.314848255947766,187.14032391152742,-16.96815262401468,MEASURED,
B2,S2,120,1860.0,1980.0,561.7465532196234,67.95556457014857,12.097192974423164,37.08314543221979,-16.96815262401468,MEASURED,
B3,S2,120,1860.0,1980.0,561.7465532196234,332.9935740739275,59.27825852519982,187.0165899253816,0.0,MEASURED,
B4,S2,120,1860.0,1980.0,561.7465532196234,198.902920028324,35.40794667778938,111.97671884907092,-16.96815262401468,MEASURED,
X,S2,120,1860.0,1980.0,561.7465532196234,256.4868715152808,45.65882425895427,134.1168213484586,8.798584601636533,MEASURED,
CURRENT,S2,120,1860.0,1980.0,,,,,,NOT_FOUND,No dedicated IO-VNBD model found
B1,S2,120,1920.0,2040.0,742.8142110625724,73.02942548908209,9.831452387618674,89.33246122951088,-14.268463983339707,MEASURED,
B2,S2,120,1920.0,2040.0,742.8142110625724,23.099214801872286,3.109689402526317,11.59921482535338,-14.268463983339707,MEASURED,
B3,S2,120,1920.0,2040.0,742.8142110625724,84.7815646253974,11.41356255208419,92.42820455621468,0.0,MEASURED,
B4,S2,120,1920.0,2040.0,742.8142110625724,90.08456241514965,12.127468897813156,112.2592615419188,-14.268463983339707,MEASURED,
X,S2,120,1920.0,2040.0,742.8142110625724,95.20668329106898,12.817025020950906,125.42735838349769,7.460753866495401,MEASURED,
CURRENT,S2,120,1920.0,2040.0,,,,,,NOT_FOUND,No dedicated IO-VNBD model found
B1,S2,120,1980.0,2100.0,743.8162406337426,66.92384295699068,8.99736242650074,47.73570948358513,-21.763647679037394,MEASURED,
B2,S2,120,1980.0,2100.0,743.8162406337426,53.63803129089065,7.211193889123776,26.291837227848188,-21.763647679037394,MEASURED,
B3,S2,120,1980.0,2100.0,743.8162406337426,69.01308673747087,9.278244137109818,50.55868078088787,0.0,MEASURED,
B4,S2,120,1980.0,2100.0,743.8162406337426,61.313650337691165,8.24311798912202,44.447046039479844,-21.763647679037394,MEASURED,
X,S2,120,1980.0,2100.0,743.8162406337426,95.74949719087299,12.872735490326614,52.93570315602674,-0.680469973858827,MEASURED,
CURRENT,S2,120,1980.0,2100.0,,,,,,NOT_FOUND,No dedicated IO-VNBD model found
B1,S2,120,2040.0,2160.0,711.240250234708,188.47368922105773,26.499300223639164,110.8685549591489,-35.000858324329194,MEASURED,
B2,S2,120,2040.0,2160.0,711.240250234708,15.491519183552713,2.178099338225099,37.97996749539387,-35.000858324329194,MEASURED,
B3,S2,120,2040.0,2160.0,711.240250234708,188.02657131029696,26.43643568375785,92.61296193506556,0.0,MEASURED,
B4,S2,120,2040.0,2160.0,711.240250234708,96.43920962552286,13.559301458782473,113.69094788031794,-35.000858324329194,MEASURED,
X,S2,120,2040.0,2160.0,711.240250234708,118.54479430741976,16.66733487992281,109.41603054223465,-3.0810129880531467,MEASURED,
CURRENT,S2,120,2040.0,2160.0,,,,,,NOT_FOUND,No dedicated IO-VNBD model found
B1,S2,120,2100.0,2220.0,1202.1933242434527,732.0449293882776,60.892446716002006,297.68033228417596,-54.73591200329116,MEASURED,
B2,S2,120,2100.0,2220.0,1202.1933242434527,550.0538417764609,45.754191999245464,206.378941110412,-54.73591200329116,MEASURED,
B3,S2,120,2100.0,2220.0,1202.1933242434527,704.8013002807985,58.62628631084223,288.5646622742791,0.0,MEASURED,
B4,S2,120,2100.0,2220.0,1202.1933242434527,734.9522847696303,61.13428430757092,337.78931985188746,-54.73591200329116,MEASURED,
X,S2,120,2100.0,2220.0,1202.1933242434527,56.4798104118266,4.698063886469314,48.18462886657212,-3.7089848265281256,MEASURED,
CURRENT,S2,120,2100.0,2220.0,,,,,,NOT_FOUND,No dedicated IO-VNBD model found
B1,S2,120,2160.0,2280.0,1392.9083882661844,483.72302703575326,34.72755502878872,227.9947698814725,-51.90035049939007,MEASURED,
B2,S2,120,2160.0,2280.0,1392.9083882661844,464.77574719359836,33.36728754804367,205.97461937912587,-51.90035049939007,MEASURED,
B3,S2,120,2160.0,2280.0,1392.9083882661844,108.27961133594094,7.773634809588693,94.27654003251989,0.0,MEASURED,
B4,S2,120,2160.0,2280.0,1392.9083882661844,493.6238624164243,35.4383580840417,226.30337194162044,-51.90035049939007,MEASURED,
X,S2,120,2160.0,2280.0,1392.9083882661844,150.77942191845932,10.824791004822739,149.211774603124,-4.172187211223351,MEASURED,
CURRENT,S2,120,2160.0,2280.0,,,,,,NOT_FOUND,No dedicated IO-VNBD model found
B1,S2,120,2220.0,2340.0,1417.0496749754652,536.4980094329072,37.86021188298823,242.33104105795593,-39.849095702031796,MEASURED,
B2,S2,120,2220.0,2340.0,1417.0496749754652,504.06474378848634,35.57142369036666,210.28710070640713,-39.849095702031796,MEASURED,
B3,S2,120,2220.0,2340.0,1417.0496749754652,136.91301782728672,9.661836154731644,106.82674873914588,0.0,MEASURED,
B4,S2,120,2220.0,2340.0,1417.0496749754652,529.2402668316229,37.34803911096385,238.75433143677105,-39.849095702031796,MEASURED,
X,S2,120,2220.0,2340.0,1417.0496749754652,310.90486045318676,21.94029369214384,237.69447657076748,2.2474506053036825,MEASURED,
CURRENT,S2,120,2220.0,2340.0,,,,,,NOT_FOUND,No dedicated IO-VNBD model found
B1,S2,120,2280.0,2400.0,1559.6758148602362,450.8794550093933,28.908536678809565,220.3934272665067,-33.17412428149857,MEASURED,
B2,S2,120,2280.0,2400.0,1559.6758148602362,389.88577640830243,24.997872807512913,197.91541557651138,-33.17412428149857,MEASURED,
B3,S2,120,2280.0,2400.0,1559.6758148602362,47.40704738190871,3.03954494454714,99.56617814118155,0.0,MEASURED,
B4,S2,120,2280.0,2400.0,1559.6758148602362,699.319291916788,44.837477458702175,267.2519392979414,-33.17412428149857,MEASURED,
X,S2,120,2280.0,2400.0,1559.6758148602362,990.1047302809769,63.48144408264105,499.5262171478945,21.401795334246263,MEASURED,
CURRENT,S2,120,2280.0,2400.0,,,,,,NOT_FOUND,No dedicated IO-VNBD model found
B1,S2,120,2340.0,2460.0,1421.6827550800906,329.40532372378414,23.170100540835996,136.49983664082058,-67.27473972074613,MEASURED,
B2,S2,120,2340.0,2460.0,1421.6827550800906,473.9013897074925,33.33383541539795,171.6659546841426,-67.27473972074613,MEASURED,
B3,S2,120,2340.0,2460.0,1421.6827550800906,187.78725967381425,13.20880196392586,127.99470513978558,0.0,MEASURED,
B4,S2,120,2340.0,2460.0,1421.6827550800906,325.6479323653895,22.905808711666065,207.6188562233749,-67.27473972074613,MEASURED,
X,S2,120,2340.0,2460.0,1421.6827550800906,510.07562063138744,35.87830117575368,219.7834868645702,23.842083600300448,MEASURED,
CURRENT,S2,120,2340.0,2460.0,,,,,,NOT_FOUND,No dedicated IO-VNBD model found
B1,S2,120,2460.0,2580.0,543.1470856335683,68.50387832668594,12.612399134348253,198.41033890070588,-59.04082718101502,MEASURED,
B2,S2,120,2460.0,2580.0,543.1470856335683,292.03350281353727,53.76692806385715,100.32202392338371,-59.04082718101502,MEASURED,
B3,S2,120,2460.0,2580.0,543.1470856335683,347.57130720253485,63.992114916183546,255.6413548012091,0.0,MEASURED,
B4,S2,120,2460.0,2580.0,543.1470856335683,34.946454534413824,6.434068313861909,169.1882335004529,-59.04082718101502,MEASURED,
X,S2,120,2460.0,2580.0,543.1470856335683,1741.4320339165768,320.6188673341103,776.4936915163822,0.09980595415725597,MEASURED,
CURRENT,S2,120,2460.0,2580.0,,,,,,NOT_FOUND,No dedicated IO-VNBD model found
B1,S2,120,2520.0,2640.0,1237.3360307348257,1137.650605064045,91.943544583311,552.6771775193127,-74.25262966952971,MEASURED,
B2,S2,120,2520.0,2640.0,1237.3360307348257,852.3526225224191,68.88610703563091,352.7267829651808,-74.25262966952971,MEASURED,
B3,S2,120,2520.0,2640.0,1237.3360307348257,1109.90257893397,89.70098270514471,543.1666346538035,0.0,MEASURED,
B4,S2,120,2520.0,2640.0,1237.3360307348257,852.1845566381775,68.8725241543386,375.1491359913388,-74.25262966952971,MEASURED,
X,S2,120,2520.0,2640.0,1237.3360307348257,1479.3996558208482,119.563289120601,752.0156141879709,-14.733041506993484,MEASURED,
CURRENT,S2,120,2520.0,2640.0,,,,,,NOT_FOUND,No dedicated IO-VNBD model found
B1,S2,120,2580.0,2700.0,1166.6564214056714,606.632245431775,51.997506232457106,415.5544673679273,-68.55406464506214,MEASURED,
B2,S2,120,2580.0,2700.0,1166.6564214056714,493.7533336035959,42.32208596672244,335.4643391568517,-68.55406464506214,MEASURED,
B3,S2,120,2580.0,2700.0,1166.6564214056714,119.5500120474285,10.247233877424346,252.6166129409955,0.0,MEASURED,
B4,S2,120,2580.0,2700.0,1166.6564214056714,695.5303034357185,59.61740669096851,376.68819538206833,-68.55406464506214,MEASURED,
X,S2,120,2580.0,2700.0,1166.6564214056714,378.65739676242816,32.45663331679044,270.80748290540413,-16.474901179549242,MEASURED,
CURRENT,S2,120,2580.0,2700.0,,,,,,NOT_FOUND,No dedicated IO-VNBD model found
B1,S2,120,2640.0,2760.0,314.1439125428292,1195.1374333472545,380.4426524369827,625.1443722103043,-60.51663062207503,MEASURED,
B2,S2,120,2640.0,2760.0,314.1439125428292,9.2630516093113,2.9486650033520574,7.631374167002967,-60.51663062207503,MEASURED,
B3,S2,120,2640.0,2760.0,314.1439125428292,1235.0880039937904,393.1599355201267,638.0389822137337,0.0,MEASURED,
B4,S2,120,2640.0,2760.0,314.1439125428292,1223.7574359905382,389.55312744559257,640.7908657754905,-60.51663062207503,MEASURED,
X,S2,120,2640.0,2760.0,314.1439125428292,10.318869268770014,3.284758627103168,9.65421445220248,-9.130118509134594,MEASURED,
CURRENT,S2,120,2640.0,2760.0,,,,,,NOT_FOUND,No dedicated IO-VNBD model found
B1,S2,120,2820.0,2940.0,634.8851328582294,663.9902184239021,104.58430731156716,312.8727258469828,-75.18837907184984,MEASURED,
B2,S2,120,2820.0,2940.0,634.8851328582294,277.22066629265333,43.66469648527067,192.95336248697984,-75.18837907184984,MEASURED,
B3,S2,120,2820.0,2940.0,634.8851328582294,560.4686627633276,88.27875055761952,260.6822269854562,0.0,MEASURED,
B4,S2,120,2820.0,2940.0,634.8851328582294,562.7132723331899,88.63229633364945,255.78794943213708,-75.18837907184984,MEASURED,
X,S2,120,2820.0,2940.0,634.8851328582294,219.67116728618768,34.600143540491516,142.9730093660413,4.821174781877301,MEASURED,
CURRENT,S2,120,2820.0,2940.0,,,,,,NOT_FOUND,No dedicated IO-VNBD model found
B1,S2,120,2880.0,3000.0,815.4005926570723,998.5298674644102,122.45881060873296,574.4097916704824,-55.47520075717959,MEASURED,
B2,S2,120,2880.0,3000.0,815.4005926570723,502.5636139918,61.63395250353466,195.307039474462,-55.47520075717959,MEASURED,
B3,S2,120,2880.0,3000.0,815.4005926570723,635.7208949521178,77.9642424443857,509.31908938881986,0.0,MEASURED,
B4,S2,120,2880.0,3000.0,815.4005926570723,534.1306638012999,65.50530728224965,222.63887458675504,-55.47520075717959,MEASURED,
X,S2,120,2880.0,3000.0,815.4005926570723,437.6269000601706,53.670171937711665,177.10809962275948,2.2359717494663487,MEASURED,
CURRENT,S2,120,2880.0,3000.0,,,,,,NOT_FOUND,No dedicated IO-VNBD model found
B1,S2,120,2940.0,3060.0,1345.3394164381082,1156.0342934109892,85.92882058504469,659.2961483669573,-61.35291591360538,MEASURED,
B2,S2,120,2940.0,3060.0,1345.3394164381082,588.3762313044443,43.73440814379888,266.21121384790723,-61.35291591360538,MEASURED,
B3,S2,120,2940.0,3060.0,1345.3394164381082,1156.0342934109892,85.92882058504469,659.2961483669573,0.0,MEASURED,
B4,S2,120,2940.0,3060.0,1345.3394164381082,769.225974307379,57.17709337201799,412.43638620690166,-61.35291591360538,MEASURED,
X,S2,120,2940.0,3060.0,1345.3394164381082,338.73084953605866,25.178095980631802,187.04196847043448,-5.320121140029461,MEASURED,
CURRENT,S2,120,2940.0,3060.0,,,,,,NOT_FOUND,No dedicated IO-VNBD model found
B1,S2,120,3000.0,3120.0,1054.370414024953,701.2240582692439,66.5064240177597,324.6254325672851,-76.16041052105784,MEASURED,
B2,S2,120,3000.0,3120.0,1054.370414024953,606.3747382569749,57.51059876027821,307.53866125994915,-76.16041052105784,MEASURED,
B3,S2,120,3000.0,3120.0,1054.370414024953,246.21269411076784,23.351631536290515,108.94571954145748,0.0,MEASURED,
B4,S2,120,3000.0,3120.0,1054.370414024953,919.6820337109586,87.22570564173598,423.783821197863,-76.16041052105784,MEASURED,
X,S2,120,3000.0,3120.0,1054.370414024953,295.10117897612906,27.988378187662715,124.5304450063056,-15.512743168541494,MEASURED,
CURRENT,S2,120,3000.0,3120.0,,,,,,NOT_FOUND,No dedicated IO-VNBD model found
B1,S2,120,3060.0,3180.0,819.3710985690841,532.8322873808648,65.02942174936133,268.84174281155725,-64.26477678775319,MEASURED,
B2,S2,120,3060.0,3180.0,819.3710985690841,464.6342470628064,56.70620404774155,250.01039720932664,-64.26477678775319,MEASURED,
B3,S2,120,3060.0,3180.0,819.3710985690841,162.1050462982883,19.784081545148698,75.32823398009822,0.0,MEASURED,
B4,S2,120,3060.0,3180.0,819.3710985690841,704.7604067738897,86.01235850332704,355.2501086524457,-64.26477678775319,MEASURED,
X,S2,120,3060.0,3180.0,819.3710985690841,239.92616267653054,29.281745853072888,122.44769263054482,-6.3885578579336375,MEASURED,
CURRENT,S2,120,3060.0,3180.0,,,,,,NOT_FOUND,No dedicated IO-VNBD model found
B1,S2,120,3120.0,3240.0,631.3646417701823,302.9371680741001,47.981332502995905,199.15991577517286,-84.90782720135725,MEASURED,
B2,S2,120,3120.0,3240.0,631.3646417701823,256.12491180021823,40.566876073723506,138.66683171699873,-84.90782720135725,MEASURED,
B3,S2,120,3120.0,3240.0,631.3646417701823,299.8877549638113,47.498344874525124,172.81443077584103,0.0,MEASURED,
B4,S2,120,3120.0,3240.0,631.3646417701823,256.8416711915054,40.68040149847291,155.62258481830528,-84.90782720135725,MEASURED,
X,S2,120,3120.0,3240.0,631.3646417701823,388.6056112692295,61.550106794020074,245.28663667042954,-21.140622609844414,MEASURED,
CURRENT,S2,120,3120.0,3240.0,,,,,,NOT_FOUND,No dedicated IO-VNBD model found
B1,S2,120,3480.0,3600.0,175.73936695303132,579.1448641019513,329.54759889213403,322.7948126252596,-55.4676291145316,MEASURED,
B2,S2,120,3480.0,3600.0,175.73936695303132,69.60564528859751,39.607315364462735,32.347932717054505,-55.4676291145316,MEASURED,
B3,S2,120,3480.0,3600.0,175.73936695303132,563.8927991817097,320.86880074651543,318.2943264947098,0.0,MEASURED,
B4,S2,120,3480.0,3600.0,175.73936695303132,100.21593212887561,57.02531758616136,51.143814995886494,-55.4676291145316,MEASURED,
X,S2,120,3480.0,3600.0,175.73936695303132,2115.6001653779,1203.8282611677564,952.8256575746402,-2.7823729357227447,MEASURED,
CURRENT,S2,120,3480.0,3600.0,,,,,,NOT_FOUND,No dedicated IO-VNBD model found
B1,S2,120,3540.0,3660.0,463.4193961573794,202.58185231685087,43.71458208194054,81.98735605056206,-61.279725748395926,MEASURED,
B2,S2,120,3540.0,3660.0,463.4193961573794,250.37224991479354,54.02714085574569,102.25430174370338,-61.279725748395926,MEASURED,
B3,S2,120,3540.0,3660.0,463.4193961573794,168.80005501793656,36.424900730873006,73.73456241863165,0.0,MEASURED,
B4,S2,120,3540.0,3660.0,463.4193961573794,237.84163118153734,51.32319301990657,97.11724759477133,-61.279725748395926,MEASURED,
X,S2,120,3540.0,3660.0,463.4193961573794,681.3578602325176,147.02834319889476,413.1486071702077,-1.3609544084857856,MEASURED,
CURRENT,S2,120,3540.0,3660.0,,,,,,NOT_FOUND,No dedicated IO-VNBD model found
B1,S2,120,3600.0,3720.0,807.4977266926714,312.21032474096637,38.663926153663546,227.23791560912935,-71.45404037731595,MEASURED,
B2,S2,120,3600.0,3720.0,807.4977266926714,330.177113843574,40.88892178011509,167.79027554070095,-71.45404037731595,MEASURED,
B3,S2,120,3600.0,3720.0,807.4977266926714,306.75179403064834,37.987945215280604,221.5416804193015,0.0,MEASURED,
B4,S2,120,3600.0,3720.0,807.4977266926714,318.92503845795034,39.49547198902904,237.9298078337041,-71.45404037731595,MEASURED,
X,S2,120,3600.0,3720.0,807.4977266926714,81.36696470069754,10.076432664889134,76.2775652176943,-3.451668887993788,MEASURED,
CURRENT,S2,120,3600.0,3720.0,,,,,,NOT_FOUND,No dedicated IO-VNBD model found
B1,S2,120,3660.0,3780.0,1008.5840597106684,210.98593124788516,20.919022982418593,128.77034037792293,-49.55791241993353,MEASURED,
B2,S2,120,3660.0,3780.0,1008.5840597106684,268.6353494658378,26.63489937991891,124.15821094006105,-49.55791241993353,MEASURED,
B3,S2,120,3660.0,3780.0,1008.5840597106684,77.04833404183748,7.6392575611338005,40.510618590325166,0.0,MEASURED,
B4,S2,120,3660.0,3780.0,1008.5840597106684,203.87015123964912,20.213501222509226,150.1202085517063,-49.55791241993353,MEASURED,
X,S2,120,3660.0,3780.0,1008.5840597106684,124.12549159660614,12.306905944182175,44.49721072068329,-4.930182900721846,MEASURED,
CURRENT,S2,120,3660.0,3780.0,,,,,,NOT_FOUND,No dedicated IO-VNBD model found
B1,S2,120,3720.0,3840.0,651.5808597590346,299.25460344954274,45.927469932160385,116.78764838651368,-38.27025314720338,MEASURED,
B2,S2,120,3720.0,3840.0,651.5808597590346,70.98623153636865,10.894462363830106,56.2049125723444,-38.27025314720338,MEASURED,
B3,S2,120,3720.0,3840.0,651.5808597590346,389.2880543446984,59.74516416714014,162.30108291967258,0.0,MEASURED,
B4,S2,120,3720.0,3840.0,651.5808597590346,156.38163162418763,24.000341520470712,93.09691063522308,-38.27025314720338,MEASURED,
X,S2,120,3720.0,3840.0,651.5808597590346,104.31659300209482,16.00976938467358,79.6896048010294,-5.498953801567331,MEASURED,
CURRENT,S2,120,3720.0,3840.0,,,,,,NOT_FOUND,No dedicated IO-VNBD model found
B1,S2,120,3780.0,3900.0,217.0558444415264,1113.6818360308146,513.0853946348512,763.628909671091,-47.06559612247768,MEASURED,
B2,S2,120,3780.0,3900.0,217.0558444415264,85.28122424471958,39.28999215116451,21.778544728036525,-47.06559612247768,MEASURED,
B3,S2,120,3780.0,3900.0,217.0558444415264,1204.0020927223077,554.6969241119232,775.1567256297355,0.0,MEASURED,
B4,S2,120,3780.0,3900.0,217.0558444415264,852.3948130461167,392.70760722397733,587.8345810688082,-47.06559612247768,MEASURED,
X,S2,120,3780.0,3900.0,217.0558444415264,123.94274994019383,57.10177961763351,35.86076274232178,-3.4276542875255287,MEASURED,
CURRENT,S2,120,3780.0,3900.0,,,,,,NOT_FOUND,No dedicated IO-VNBD model found
B1,S2,120,3900.0,4020.0,961.893504496714,62.3461236987901,6.481603567061315,112.77065445891193,-29.572416332033754,MEASURED,
B2,S2,120,3900.0,4020.0,961.893504496714,226.10943384156135,23.506701395168204,98.45354887679513,-29.572416332033754,MEASURED,
B3,S2,120,3900.0,4020.0,961.893504496714,154.11222134089707,16.021755071683568,128.72397400013767,0.0,MEASURED,
B4,S2,120,3900.0,4020.0,961.893504496714,71.41246881897806,7.424155427304065,99.10339985968713,-29.572416332033754,MEASURED,
X,S2,120,3900.0,4020.0,961.893504496714,459.5501840707322,47.775578265411,200.59148952628433,-14.065559829725867,MEASURED,
CURRENT,S2,120,3900.0,4020.0,,,,,,NOT_FOUND,No dedicated IO-VNBD model found
B1,S2,120,3960.0,4080.0,918.4264230965289,400.73142499572094,43.63239285348861,134.0116429914331,-20.62749942683252,MEASURED,
B2,S2,120,3960.0,4080.0,918.4264230965289,4.444130317879472,0.4838852853226745,9.608068012191161,-20.62749942683252,MEASURED,
B3,S2,120,3960.0,4080.0,918.4264230965289,390.60608053434146,42.52992626424989,130.45408574614027,0.0,MEASURED,
B4,S2,120,3960.0,4080.0,918.4264230965289,240.15379156654487,26.148397468449588,66.74787566141455,-20.62749942683252,MEASURED,
X,S2,120,3960.0,4080.0,918.4264230965289,550.3924181072832,59.927763865025,379.290053588913,-13.50393701807053,MEASURED,
CURRENT,S2,120,3960.0,4080.0,,,,,,NOT_FOUND,No dedicated IO-VNBD model found
B1,S2,120,4020.0,4140.0,740.2458432403787,54.939767081781376,7.421827165051825,104.69601533647588,-44.335897309596895,MEASURED,
B2,S2,120,4020.0,4140.0,740.2458432403787,213.36098898252095,28.822990487666488,72.34623564178115,-44.335897309596895,MEASURED,
B3,S2,120,4020.0,4140.0,740.2458432403787,254.32405712091054,34.35670182322447,167.881193318805,0.0,MEASURED,
B4,S2,120,4020.0,4140.0,740.2458432403787,321.1455310701652,43.38363180323597,310.69192974624247,-44.335897309596895,MEASURED,
X,S2,120,4020.0,4140.0,740.2458432403787,734.6128467992651,99.23903707227109,376.27621578282697,-8.751333888998538,MEASURED,
CURRENT,S2,120,4020.0,4140.0,,,,,,NOT_FOUND,No dedicated IO-VNBD model found
B1,S2,120,4140.0,4260.0,936.4942161404176,399.3485468219222,42.642927200101795,197.18328187774907,-28.113431454366086,MEASURED,
B2,S2,120,4140.0,4260.0,936.4942161404176,190.1033112988499,20.299464537253037,84.87662130782996,-28.113431454366086,MEASURED,
B3,S2,120,4140.0,4260.0,936.4942161404176,311.16404563047195,33.22647809965931,164.16353172908055,0.0,MEASURED,
B4,S2,120,4140.0,4260.0,936.4942161404176,284.0518477603858,30.33140438721035,130.12197618022,-28.113431454366086,MEASURED,
X,S2,120,4140.0,4260.0,936.4942161404176,203.98444073515142,21.781708548701392,123.31730237127071,-17.06985808961765,MEASURED,
CURRENT,S2,120,4140.0,4260.0,,,,,,NOT_FOUND,No dedicated IO-VNBD model found
B1,S2,120,4200.0,4320.0,1011.5327089872901,541.6415375136908,53.546616209372274,304.1092531929255,-35.119038894633206,MEASURED,
B2,S2,120,4200.0,4320.0,1011.5327089872901,234.49533220901353,23.182179886578435,99.99994018540312,-35.119038894633206,MEASURED,
B3,S2,120,4200.0,4320.0,1011.5327089872901,535.6331653260081,52.952629269128096,301.0571217672488,0.0,MEASURED,
B4,S2,120,4200.0,4320.0,1011.5327089872901,462.1750130987104,45.690565316609806,253.92656398242235,-35.119038894633206,MEASURED,
X,S2,120,4200.0,4320.0,1011.5327089872901,350.2420215919245,34.6248834545918,166.13438175686707,-16.177976188019073,MEASURED,
CURRENT,S2,120,4200.0,4320.0,,,,,,NOT_FOUND,No dedicated IO-VNBD model found
B1,S2,120,4260.0,4380.0,1386.6970750100804,651.4913015655479,46.981515523915846,325.30613491719976,-35.68634376615673,MEASURED,
B2,S2,120,4260.0,4380.0,1386.6970750100804,261.09896023532093,18.828839040669564,94.29897305561438,-35.68634376615673,MEASURED,
B3,S2,120,4260.0,4380.0,1386.6970750100804,611.784616305258,44.11811543633715,314.68817676322266,0.0,MEASURED,
B4,S2,120,4260.0,4380.0,1386.6970750100804,463.80258046712987,33.44656802306721,211.91191403455318,-35.68634376615673,MEASURED,
X,S2,120,4260.0,4380.0,1386.6970750100804,338.2836671880168,24.394921809837793,125.1790515792361,-14.898203711940988,MEASURED,
CURRENT,S2,120,4260.0,4380.0,,,,,,NOT_FOUND,No dedicated IO-VNBD model found
B1,S2,120,4320.0,4440.0,1295.7349519783168,413.79385446946765,31.93506926996843,253.22176695093106,-37.93859106755054,MEASURED,
B2,S2,120,4320.0,4440.0,1295.7349519783168,288.0172155159361,22.228096500460524,107.83785540117591,-37.93859106755054,MEASURED,
B3,S2,120,4320.0,4440.0,1295.7349519783168,281.4394052298563,21.72044558959817,218.6134427927468,0.0,MEASURED,
B4,S2,120,4320.0,4440.0,1295.7349519783168,370.0558909410735,28.559536066853443,221.00445031709356,-37.93859106755054,MEASURED,
X,S2,120,4320.0,4440.0,1295.7349519783168,698.5188093333852,53.909081349306256,373.30387821543576,-18.869851233210372,MEASURED,
CURRENT,S2,120,4320.0,4440.0,,,,,,NOT_FOUND,No dedicated IO-VNBD model found
B1,S2,120,4380.0,4500.0,1039.613553570904,862.4977738304895,82.96330601577378,463.81299852318557,-35.9170401660244,MEASURED,
B2,S2,120,4380.0,4500.0,1039.613553570904,313.68953315784415,30.173667136251876,162.84141519181867,-35.9170401660244,MEASURED,
B3,S2,120,4380.0,4500.0,1039.613553570904,771.0737908838256,74.16927070980482,426.60733636575776,0.0,MEASURED,
B4,S2,120,4380.0,4500.0,1039.613553570904,963.377654841738,92.66690026622796,491.94477141818817,-35.9170401660244,MEASURED,
X,S2,120,4380.0,4500.0,1039.613553570904,200.40710078637923,19.277076573118283,101.02497005700127,-19.736104427098528,MEASURED,
CURRENT,S2,120,4380.0,4500.0,,,,,,NOT_FOUND,No dedicated IO-VNBD model found
B1,S2,120,4440.0,4560.0,918.7073549992825,951.0960761901584,103.52546662597484,480.301858180883,-35.90554931033872,MEASURED,
B2,S2,120,4440.0,4560.0,918.7073549992825,202.75598567781938,22.06970310779516,89.12934487124073,-35.90554931033872,MEASURED,
B3,S2,120,4440.0,4560.0,918.7073549992825,893.8828272169316,97.29788515926595,460.176449383384,0.0,MEASURED,
B4,S2,120,4440.0,4560.0,918.7073549992825,1076.5900778746495,117.18531173351609,529.4076696877769,-35.90554931033872,MEASURED,
X,S2,120,4440.0,4560.0,918.7073549992825,317.56952185942276,34.56699460729481,131.67859050793282,-13.172297748478247,MEASURED,
CURRENT,S2,120,4440.0,4560.0,,,,,,NOT_FOUND,No dedicated IO-VNBD model found
B1,S2,120,4500.0,4620.0,973.0095018199827,477.09455135422087,49.032876910434176,197.8029338233893,-36.603373449343515,MEASURED,
B2,S2,120,4500.0,4620.0,973.0095018199827,375.85234210024873,38.627818268704374,138.2038972820956,-36.603373449343515,MEASURED,
B3,S2,120,4500.0,4620.0,973.0095018199827,330.4715163488337,33.963852946009,128.75436065768181,0.0,MEASURED,
B4,S2,120,4500.0,4620.0,973.0095018199827,574.4081715255451,59.03417905489445,318.57520228422845,-36.603373449343515,MEASURED,
X,S2,120,4500.0,4620.0,973.0095018199827,514.4029323990461,52.86720545245161,265.7974753809883,-11.209657183925938,MEASURED,
CURRENT,S2,120,4500.0,4620.0,,,,,,NOT_FOUND,No dedicated IO-VNBD model found
B1,S2,120,4560.0,4680.0,1067.288555769259,523.0046237395348,49.003113629619506,291.0043352174409,-41.348331148062215,MEASURED,
B2,S2,120,4560.0,4680.0,1067.288555769259,234.31671958489503,21.954392588423186,146.3894377715417,-41.348331148062215,MEASURED,
B3,S2,120,4560.0,4680.0,1067.288555769259,433.401130111205,40.60768081588083,218.42461665251977,0.0,MEASURED,
B4,S2,120,4560.0,4680.0,1067.288555769259,492.0079453988523,46.098868271311375,277.95989766887453,-41.348331148062215,MEASURED,
X,S2,120,4560.0,4680.0,1067.288555769259,599.9610800294695,56.213577554669975,291.8127112206473,-11.770697378476607,MEASURED,
CURRENT,S2,120,4560.0,4680.0,,,,,,NOT_FOUND,No dedicated IO-VNBD model found
B1,S2,120,4620.0,4740.0,767.9686973634098,195.36457021406187,25.439131944412257,292.4882069485816,-50.51964366920035,MEASURED,
B2,S2,120,4620.0,4740.0,767.9686973634098,130.72951202373596,17.02276570289343,74.59426286475815,-50.51964366920035,MEASURED,
B3,S2,120,4620.0,4740.0,767.9686973634098,436.42147262130493,56.82802881414661,386.7468941525881,0.0,MEASURED,
B4,S2,120,4620.0,4740.0,767.9686973634098,238.25714220370367,31.024329900644144,347.4652009150151,-50.51964366920035,MEASURED,
X,S2,120,4620.0,4740.0,767.9686973634098,188.70260240443397,24.57165286193145,161.99169737484723,-10.713371774837778,MEASURED,
CURRENT,S2,120,4620.0,4740.0,,,,,,NOT_FOUND,No dedicated IO-VNBD model found
B1,S2,120,4680.0,4800.0,662.3280919975798,171.90253448139663,25.954287091000324,96.12207966760111,-56.86488897490239,MEASURED,
B2,S2,120,4680.0,4800.0,662.3280919975798,164.06222108911695,24.770536395988536,60.56219506999955,-56.86488897490239,MEASURED,
B3,S2,120,4680.0,4800.0,662.3280919975798,64.78323117128326,9.78113897840226,37.62093370260328,0.0,MEASURED,
B4,S2,120,4680.0,4800.0,662.3280919975798,233.94959933491947,35.32231263652552,103.72384602026695,-56.86488897490239,MEASURED,
X,S2,120,4680.0,4800.0,662.3280919975798,180.11369477502015,27.19402920564606,75.67261840445293,-10.124064782848393,MEASURED,
CURRENT,S2,120,4680.0,4800.0,,,,,,NOT_FOUND,No dedicated IO-VNBD model found
B1,S2,120,4740.0,4860.0,1228.5400884197097,729.0646835068952,59.34398806999473,305.04698820041864,-63.2510181826345,MEASURED,
B2,S2,120,4740.0,4860.0,1228.5400884197097,684.6468206107377,55.72848839563791,270.06135132753576,-63.2510181826345,MEASURED,
B3,S2,120,4740.0,4860.0,1228.5400884197097,647.9909033974614,52.74479111471097,282.54986484119996,0.0,MEASURED,
B4,S2,120,4740.0,4860.0,1228.5400884197097,650.38436000853,52.93961232027272,260.3851986215662,-63.2510181826345,MEASURED,
X,S2,120,4740.0,4860.0,1228.5400884197097,213.60855892349673,17.387186705341033,123.16593404258258,-11.793304839691762,MEASURED,
CURRENT,S2,120,4740.0,4860.0,,,,,,NOT_FOUND,No dedicated IO-VNBD model found
B1,S2,120,4800.0,4920.0,1500.969527418092,1106.4184560856445,73.71358551088385,625.7947954182979,-55.780483914376454,MEASURED,
B2,S2,120,4800.0,4920.0,1500.969527418092,700.0029694920455,46.63672091305963,296.1559815319294,-55.780483914376454,MEASURED,
B3,S2,120,4800.0,4920.0,1500.969527418092,1023.8748344241997,68.2142319161821,597.4693981952199,0.0,MEASURED,
B4,S2,120,4800.0,4920.0,1500.969527418092,805.7196560108446,53.67994761338103,422.16209226438593,-55.780483914376454,MEASURED,
X,S2,120,4800.0,4920.0,1500.969527418092,636.541840867306,42.408711785259214,284.1277423612399,-14.62933599746006,MEASURED,
CURRENT,S2,120,4800.0,4920.0,,,,,,NOT_FOUND,No dedicated IO-VNBD model found
B1,S2,120,4860.0,4980.0,1626.0013303126866,520.4369479785515,32.007166185926145,256.28057464442134,-37.450304733228904,MEASURED,
B2,S2,120,4860.0,4980.0,1626.0013303126866,632.2631995046332,38.88454380188277,306.63629339437324,-37.450304733228904,MEASURED,
B3,S2,120,4860.0,4980.0,1626.0013303126866,246.00652567150843,15.129540246083339,173.7420385211093,0.0,MEASURED,
B4,S2,120,4860.0,4980.0,1626.0013303126866,823.5038498207771,50.645951787900074,422.7273829202071,-37.450304733228904,MEASURED,
X,S2,120,4860.0,4980.0,1626.0013303126866,466.99872874775787,28.7206855272346,224.38289734288443,-7.103019284445218,MEASURED,
CURRENT,S2,120,4860.0,4980.0,,,,,,NOT_FOUND,No dedicated IO-VNBD model found
B1,S2,120,4920.0,5040.0,1765.1826852022318,1239.8527582138931,70.23934511751948,612.1599676199003,-39.81570798370842,MEASURED,
B2,S2,120,4920.0,5040.0,1765.1826852022318,464.67935764203514,26.324717636169098,196.83520122628087,-39.81570798370842,MEASURED,
B3,S2,120,4920.0,5040.0,1765.1826852022318,1005.998574015205,56.99118750986109,544.8244869630539,0.0,MEASURED,
B4,S2,120,4920.0,5040.0,1765.1826852022318,1193.153508568826,67.59376910793401,579.1744182606889,-39.81570798370842,MEASURED,
X,S2,120,4920.0,5040.0,1765.1826852022318,769.667283055609,43.60269843500252,294.8012726641163,0.7416388239749971,MEASURED,
CURRENT,S2,120,4920.0,5040.0,,,,,,NOT_FOUND,No dedicated IO-VNBD model found
B1,S2,120,4980.0,5100.0,1440.5463066209754,583.629099602472,40.514428236011696,319.9500406494888,-59.48483993024005,MEASURED,
B2,S2,120,4980.0,5100.0,1440.5463066209754,569.0203929858764,39.50031945315259,301.30258576940173,-59.48483993024005,MEASURED,
B3,S2,120,4980.0,5100.0,1440.5463066209754,192.1517962963672,13.33881426880952,142.30126921681634,0.0,MEASURED,
B4,S2,120,4980.0,5100.0,1440.5463066209754,619.34448028036,42.99372241168203,321.9085994575494,-59.48483993024005,MEASURED,
X,S2,120,4980.0,5100.0,1440.5463066209754,683.4546662195886,47.444130263520464,383.7238264120012,-4.407976441775806,MEASURED,
CURRENT,S2,120,4980.0,5100.0,,,,,,NOT_FOUND,No dedicated IO-VNBD model found
B1,S2,120,5040.0,5160.0,884.844315541568,271.8190600143955,30.71942207686885,218.19965412905012,-53.371636695899085,MEASURED,
B2,S2,120,5040.0,5160.0,884.844315541568,132.9825539841607,15.028921093624122,107.68576082087775,-53.371636695899085,MEASURED,
B3,S2,120,5040.0,5160.0,884.844315541568,38.08033500057294,4.303619781663615,88.56597942405315,0.0,MEASURED,
B4,S2,120,5040.0,5160.0,884.844315541568,312.5337644812115,35.32076309830002,251.74829967075894,-53.371636695899085,MEASURED,
X,S2,120,5040.0,5160.0,884.844315541568,133.63071955439042,15.102173027195398,120.51351676038956,-3.367676225226529,MEASURED,
CURRENT,S2,120,5040.0,5160.0,,,,,,NOT_FOUND,No dedicated IO-VNBD model found
B1,S2,120,5100.0,5220.0,1367.6366733399325,921.6647357739436,67.39105156657783,336.9122224688214,-45.5141883602955,MEASURED,
B2,S2,120,5100.0,5220.0,1367.6366733399325,666.6022207398028,48.7411776632079,230.49275065696327,-45.5141883602955,MEASURED,
B3,S2,120,5100.0,5220.0,1367.6366733399325,899.0383911713752,65.73663961319609,332.2315574392781,0.0,MEASURED,
B4,S2,120,5100.0,5220.0,1367.6366733399325,813.1580799072972,59.45717132032354,295.0374248889718,-45.5141883602955,MEASURED,
X,S2,120,5100.0,5220.0,1367.6366733399325,61.05069822435516,4.463955918589258,50.29722079439034,-1.1657864229696453,MEASURED,
CURRENT,S2,120,5100.0,5220.0,,,,,,NOT_FOUND,No dedicated IO-VNBD model found
B1,S2,120,5160.0,5280.0,2494.775864033071,2083.6905649722985,83.5221550365567,1103.461999862049,-52.48553716514425,MEASURED,
B2,S2,120,5160.0,5280.0,2494.775864033071,1234.0015007984498,49.46342148763436,528.4706900629299,-52.48553716514425,MEASURED,
B3,S2,120,5160.0,5280.0,2494.775864033071,1995.7048605730874,79.99535707174985,1070.0642227159394,0.0,MEASURED,
B4,S2,120,5160.0,5280.0,2494.775864033071,1949.9051206023664,78.15953123140038,1014.4885390549442,-52.48553716514425,MEASURED,
X,S2,120,5160.0,5280.0,2494.775864033071,1082.8307020723153,43.40392728995719,565.4208558624771,-6.879361534149347,MEASURED,
CURRENT,S2,120,5160.0,5280.0,,,,,,NOT_FOUND,No dedicated IO-VNBD model found
B1,S2,120,5220.0,5340.0,2807.46094147458,1556.1916572870218,55.43057195551414,731.2029742327815,-60.633228615162515,MEASURED,
B2,S2,120,5220.0,5340.0,2807.46094147458,1434.2153015424503,51.085850576042155,691.8517505487857,-60.633228615162515,MEASURED,
B3,S2,120,5220.0,5340.0,2807.46094147458,275.58500589039744,9.816165269449847,179.70703350623225,0.0,MEASURED,
B4,S2,120,5220.0,5340.0,2807.46094147458,1506.718288818218,53.66836156327201,716.1211706449951,-60.633228615162515,MEASURED,
X,S2,120,5220.0,5340.0,2807.46094147458,289.20548744229325,10.30131828977083,133.0250087926944,-12.77875624621853,MEASURED,
CURRENT,S2,120,5220.0,5340.0,,,,,,NOT_FOUND,No dedicated IO-VNBD model found
B1,S2,120,5280.0,5400.0,2016.8816908449708,1323.6875838995613,65.63040310733366,658.9236388999427,-63.87074136169889,MEASURED,
B2,S2,120,5280.0,5400.0,2016.8816908449708,659.391021851409,32.69358955681519,421.46643536957856,-63.87074136169889,MEASURED,
B3,S2,120,5280.0,5400.0,2016.8816908449708,823.996819388758,40.854990311481544,352.27372489751303,0.0,MEASURED,
B4,S2,120,5280.0,5400.0,2016.8816908449708,1143.318467266865,56.68743349977423,571.1398896169175,-63.87074136169889,MEASURED,
X,S2,120,5280.0,5400.0,2016.8816908449708,240.24377431810248,11.911644367075025,135.53413138927667,-15.996350353577268,MEASURED,
CURRENT,S2,120,5280.0,5400.0,,,,,,NOT_FOUND,No dedicated IO-VNBD model found
B1,S2,120,5340.0,5460.0,918.3382728070303,337.064299609953,36.703719053292694,192.1537931317123,126.85017657633351,MEASURED,
B2,S2,120,5340.0,5460.0,918.3382728070303,230.08898843884387,25.054927498071542,110.25677159936556,126.85017657633351,MEASURED,
B3,S2,120,5340.0,5460.0,918.3382728070303,113.49617915854495,12.358864104795272,117.77532181488897,0.0,MEASURED,
B4,S2,120,5340.0,5460.0,918.3382728070303,264.3257155956822,28.783044703966592,125.41102597927163,126.85017657633351,MEASURED,
X,S2,120,5340.0,5460.0,918.3382728070303,100.97650193095251,10.995567202301567,51.02681192050978,172.09563458290265,MEASURED,
CURRENT,S2,120,5340.0,5460.0,,,,,,NOT_FOUND,No dedicated IO-VNBD model found
B1,S2,120,5400.0,5520.0,732.0463464234913,137.5287475148167,18.78689077361447,177.07849858780872,-66.26386500786737,MEASURED,
B2,S2,120,5400.0,5520.0,732.0463464234913,150.84233549963483,20.605571797003687,63.85141010978804,-66.26386500786737,MEASURED,
B3,S2,120,5400.0,5520.0,732.0463464234913,106.33242462687555,14.525367846773172,94.55319010512746,0.0,MEASURED,
B4,S2,120,5400.0,5520.0,732.0463464234913,63.444933212605164,8.666791866740915,99.47367059644128,-66.26386500786737,MEASURED,
X,S2,120,5400.0,5520.0,732.0463464234913,11.765335918442657,1.6071845691087392,12.73885687736702,-13.580257232376777,MEASURED,
CURRENT,S2,120,5400.0,5520.0,,,,,,NOT_FOUND,No dedicated IO-VNBD model found
B1,S2,120,5460.0,5580.0,774.8698836313921,644.877831876253,83.22401547651623,368.3369488388373,113.35689931493138,MEASURED,
B2,S2,120,5460.0,5580.0,774.8698836313921,1231.521917164132,158.93273737684333,706.4961568867403,113.35689931493138,MEASURED,
B3,S2,120,5460.0,5580.0,774.8698836313921,586.9404869985439,75.74697370452368,335.90929922589476,0.0,MEASURED,
B4,S2,120,5460.0,5580.0,774.8698836313921,814.5933182572793,105.12646516079901,462.37329268952107,113.35689931493138,MEASURED,
X,S2,120,5460.0,5580.0,774.8698836313921,1594.7413275557244,205.80762799581814,903.0158349966543,179.91080287492343,MEASURED,
CURRENT,S2,120,5460.0,5580.0,,,,,,NOT_FOUND,No dedicated IO-VNBD model found
B1,S2,120,5520.0,5640.0,785.7260784044655,21.231277133443758,2.702121988436103,85.86040358443505,-64.4354486942603,MEASURED,
B2,S2,120,5520.0,5640.0,785.7260784044655,38.38844655397202,4.885728959375449,65.29811118944642,-64.4354486942603,MEASURED,
B3,S2,120,5520.0,5640.0,785.7260784044655,12.017692650283792,1.5295015630240396,30.37168758173239,0.0,MEASURED,
B4,S2,120,5520.0,5640.0,785.7260784044655,121.2431905759575,15.430719930049918,138.63830920567068,-64.4354486942603,MEASURED,
X,S2,120,5520.0,5640.0,785.7260784044655,256.3917566847165,32.63118836597079,124.60985169904671,3.0297272112595963,MEASURED,
CURRENT,S2,120,5520.0,5640.0,,,,,,NOT_FOUND,No dedicated IO-VNBD model found
B1,S2,120,5580.0,5700.0,788.8776674889772,167.9005964008291,21.283476934422804,93.57804366396377,-64.77501417002567,MEASURED,
B2,S2,120,5580.0,5700.0,788.8776674889772,263.5848013587947,33.41263319036443,82.56059967092663,-64.77501417002567,MEASURED,
B3,S2,120,5580.0,5700.0,788.8776674889772,103.23240499554687,13.085983955426057,71.3789442013852,0.0,MEASURED,
B4,S2,120,5580.0,5700.0,788.8776674889772,117.1911649023677,14.85542939444476,96.21160553765915,-64.77501417002567,MEASURED,
X,S2,120,5580.0,5700.0,788.8776674889772,305.96255085877954,38.784537003394725,188.30176972650838,-3.6894826778207053,MEASURED,
CURRENT,S2,120,5580.0,5700.0,,,,,,NOT_FOUND,No dedicated IO-VNBD model found
B1,S2,120,5640.0,5760.0,639.7358164371766,253.68680552701144,39.654932396914504,171.87337438094747,-64.55766535631052,MEASURED,
B2,S2,120,5640.0,5760.0,639.7358164371766,112.77122413333205,17.627780286146667,108.86265108739622,-64.55766535631052,MEASURED,
B3,S2,120,5640.0,5760.0,639.7358164371766,187.2180569249046,29.26490156007856,135.30347121871463,0.0,MEASURED,
B4,S2,120,5640.0,5760.0,639.7358164371766,253.69638467248672,39.6564297564853,160.8471486335793,-64.55766535631052,MEASURED,
X,S2,120,5640.0,5760.0,639.7358164371766,294.1956375803961,45.98705122042933,282.3839049999834,-2.587786975721122,MEASURED,
CURRENT,S2,120,5640.0,5760.0,,,,,,NOT_FOUND,No dedicated IO-VNBD model found
B1,S2,120,5700.0,5820.0,678.5953226152806,304.1580163772232,44.82170834968472,175.67589719180958,-75.02212170814617,MEASURED,
B2,S2,120,5700.0,5820.0,678.5953226152806,415.1939244761317,61.184318641630206,113.40659050822318,-75.02212170814617,MEASURED,
B3,S2,120,5700.0,5820.0,678.5953226152806,182.86260075413148,26.947223869652678,125.28619561994005,0.0,MEASURED,
B4,S2,120,5700.0,5820.0,678.5953226152806,331.21420563837523,48.80879584637988,114.44608865951022,-75.02212170814617,MEASURED,
X,S2,120,5700.0,5820.0,678.5953226152806,210.97536382698803,31.09001149814841,64.76047592882465,-6.374504742953484,MEASURED,
CURRENT,S2,120,5700.0,5820.0,,,,,,NOT_FOUND,No dedicated IO-VNBD model found
B1,S2,120,5760.0,5880.0,1520.0761903156153,1241.9805117164547,81.70514870432781,589.4201937740535,-74.21313905015904,MEASURED,
B2,S2,120,5760.0,5880.0,1520.0761903156153,1053.5705603861275,69.31037845987005,445.79050728626135,-74.21313905015904,MEASURED,
B3,S2,120,5760.0,5880.0,1520.0761903156153,1222.1631042216432,80.40143724426628,590.9151683943829,0.0,MEASURED,
B4,S2,120,5760.0,5880.0,1520.0761903156153,1005.411092386159,66.14215121528903,452.64395915629336,-74.21313905015904,MEASURED,
X,S2,120,5760.0,5880.0,1520.0761903156153,112.14484217922252,7.377580340623436,105.40385030651363,-6.237581860659045,MEASURED,
CURRENT,S2,120,5760.0,5880.0,,,,,,NOT_FOUND,No dedicated IO-VNBD model found
B1,S2,120,5820.0,5940.0,2429.04590325949,1268.5469606958015,52.22408349688093,590.7722216791378,-59.410435570728616,MEASURED,
B2,S2,120,5820.0,5940.0,2429.04590325949,1309.8822018341932,53.925790372116374,613.6374029699803,-59.410435570728616,MEASURED,
B3,S2,120,5820.0,5940.0,2429.04590325949,465.5501209333785,19.16596637011535,249.98448746332275,0.0,MEASURED,
B4,S2,120,5820.0,5940.0,2429.04590325949,1219.7259287432491,50.21419838573336,555.7659196911823,-59.410435570728616,MEASURED,
X,S2,120,5820.0,5940.0,2429.04590325949,923.8342834649533,38.03280465903415,480.45003384015394,-8.395289910364324,MEASURED,
CURRENT,S2,120,5820.0,5940.0,,,,,,NOT_FOUND,No dedicated IO-VNBD model found
B1,S2,120,5880.0,6000.0,1908.8431559786147,764.5703972039456,40.05412360933185,415.26768510271097,-64.09090317936884,MEASURED,
B2,S2,120,5880.0,6000.0,1908.8431559786147,230.0951560920499,12.054167749266233,209.98064072844207,-64.09090317936884,MEASURED,
B3,S2,120,5880.0,6000.0,1908.8431559786147,494.64820867699785,25.913507200826274,223.94165885360232,0.0,MEASURED,
B4,S2,120,5880.0,6000.0,1908.8431559786147,673.276422813547,35.2714376089415,397.174211851414,-64.09090317936884,MEASURED,
X,S2,120,5880.0,6000.0,1908.8431559786147,54.57290134638584,2.85895156841253,51.592842558442236,-12.627171997563064,MEASURED,
CURRENT,S2,120,5880.0,6000.0,,,,,,NOT_FOUND,No dedicated IO-VNBD model found
B1,S2,120,5940.0,6060.0,803.5613704007876,280.2412941733497,34.874908687257495,293.24035733306846,-74.71989402973736,MEASURED,
B2,S2,120,5940.0,6060.0,803.5613704007876,100.51808998393385,12.509074438682763,131.25536616498357,-74.71989402973736,MEASURED,
B3,S2,120,5940.0,6060.0,803.5613704007876,188.00656294549552,23.396665129848714,260.7231389808307,0.0,MEASURED,
B4,S2,120,5940.0,6060.0,803.5613704007876,270.0475714151261,33.60634064333332,265.94874329427824,-74.71989402973736,MEASURED,
X,S2,120,5940.0,6060.0,803.5613704007876,69.9654311987913,8.70691819890434,110.59573665969192,-11.70786130093529,MEASURED,
CURRENT,S2,120,5940.0,6060.0,,,,,,NOT_FOUND,No dedicated IO-VNBD model found
B1,S2,120,6000.0,6120.0,595.6392871577576,219.6217499034834,36.871602434329624,133.12688678119554,-64.60492174860931,MEASURED,
B2,S2,120,6000.0,6120.0,595.6392871577576,287.72897140228065,48.305908895843935,150.5035284086838,-64.60492174860931,MEASURED,
B3,S2,120,6000.0,6120.0,595.6392871577576,100.00990688326077,16.79034762137386,42.46422315817379,0.0,MEASURED,
B4,S2,120,6000.0,6120.0,595.6392871577576,217.5685344773032,36.526894576663345,132.11619819839729,-64.60492174860931,MEASURED,
X,S2,120,6000.0,6120.0,595.6392871577576,141.23321553968827,23.71119880517251,91.57151570415354,-3.150947140999624,MEASURED,
CURRENT,S2,120,6000.0,6120.0,,,,,,NOT_FOUND,No dedicated IO-VNBD model found
B1,S2,120,6060.0,6180.0,587.6307402650921,121.2740645752284,20.637801303675708,76.85279771372188,-40.735041389891954,MEASURED,
B2,S2,120,6060.0,6180.0,587.6307402650921,113.70795535555766,19.35023945552299,62.5129716107548,-40.735041389891954,MEASURED,
B3,S2,120,6060.0,6180.0,587.6307402650921,114.59521324918454,19.501228475128503,101.94795969779436,0.0,MEASURED,
B4,S2,120,6060.0,6180.0,587.6307402650921,47.31959149319619,8.052606552177542,47.161451151089764,-40.735041389891954,MEASURED,
X,S2,120,6060.0,6180.0,587.6307402650921,70.6409680527015,12.021319378362325,40.53406028721439,4.256206775890207,MEASURED,
CURRENT,S2,120,6060.0,6180.0,,,,,,NOT_FOUND,No dedicated IO-VNBD model found
B1,S2,120,6120.0,6240.0,641.6321028349678,195.24119043348526,30.428837580108212,84.57274001683173,-38.49998349721017,MEASURED,
B2,S2,120,6120.0,6240.0,641.6321028349678,152.84499699482032,23.8212826820065,55.935270827546404,-38.49998349721017,MEASURED,
B3,S2,120,6120.0,6240.0,641.6321028349678,70.37761405368018,10.968530680233401,36.1410473458803,0.0,MEASURED,
B4,S2,120,6120.0,6240.0,641.6321028349678,208.6316513196459,32.51577506764922,93.35382436204452,-38.49998349721017,MEASURED,
X,S2,120,6120.0,6240.0,641.6321028349678,217.17399504814648,33.84712112885117,94.25568179618058,-6.846861734507235,MEASURED,
CURRENT,S2,120,6120.0,6240.0,,,,,,NOT_FOUND,No dedicated IO-VNBD model found
B1,S2,120,6180.0,6300.0,829.2729067261062,278.0083456838837,33.524349273803644,274.0732831971266,-40.839311204539136,MEASURED,
B2,S2,120,6180.0,6300.0,829.2729067261062,125.10760791597707,15.08642171970751,113.68363615668831,-40.839311204539136,MEASURED,
B3,S2,120,6180.0,6300.0,829.2729067261062,278.6596122196152,33.60288391908738,273.96573654381075,0.0,MEASURED,
B4,S2,120,6180.0,6300.0,829.2729067261062,292.129885329428,35.22723134447141,279.2869842543085,-40.839311204539136,MEASURED,
X,S2,120,6180.0,6300.0,829.2729067261062,268.60811281648483,32.390798088041386,257.4601228945775,-12.77770567848089,MEASURED,
CURRENT,S2,120,6180.0,6300.0,,,,,,NOT_FOUND,No dedicated IO-VNBD model found
B1,S2,120,6240.0,6360.0,974.1334900295647,245.07244487815547,25.157993990199188,77.77468881585733,-55.23481003360674,MEASURED,
B2,S2,120,6240.0,6360.0,974.1334900295647,242.96430884069653,24.941582578515256,69.60301642874906,-55.23481003360674,MEASURED,
B3,S2,120,6240.0,6360.0,974.1334900295647,166.59957097531594,17.10233481144968,59.208647360180564,0.0,MEASURED,
B4,S2,120,6240.0,6360.0,974.1334900295647,155.60222114304716,15.97339817752541,57.22513076909105,-55.23481003360674,MEASURED,
X,S2,120,6240.0,6360.0,974.1334900295647,74.37295512356343,7.63478064195352,34.30124882471564,-9.453151901093394,MEASURED,
CURRENT,S2,120,6240.0,6360.0,,,,,,NOT_FOUND,No dedicated IO-VNBD model found
B1,S2,120,6300.0,6420.0,1024.4230440914473,458.94928348058426,44.80075747296594,272.20099246313345,-74.10317462557697,MEASURED,
B2,S2,120,6300.0,6420.0,1024.4230440914473,303.4161126077945,29.618243591629845,186.31331827995535,-74.10317462557697,MEASURED,
B3,S2,120,6300.0,6420.0,1024.4230440914473,292.0672844731643,28.510417269283167,217.4654923332254,0.0,MEASURED,
B4,S2,120,6300.0,6420.0,1024.4230440914473,460.9239467990807,44.993516053504095,261.3681137960594,-74.10317462557697,MEASURED,
X,S2,120,6300.0,6420.0,1024.4230440914473,163.73665637229163,15.983304682247594,103.72754801826936,-8.082454834371767,MEASURED,
CURRENT,S2,120,6300.0,6420.0,,,,,,NOT_FOUND,No dedicated IO-VNBD model found
B1,S2,120,6360.0,6480.0,913.5989468996306,298.71426273998185,32.6964324722234,190.55967976222385,-59.49560436922707,MEASURED,
B2,S2,120,6360.0,6480.0,913.5989468996306,249.78101544364912,27.340335307007578,109.24912351127784,-59.49560436922707,MEASURED,
B3,S2,120,6360.0,6480.0,913.5989468996306,218.25619418923947,23.889716043337057,162.29661391130222,0.0,MEASURED,
B4,S2,120,6360.0,6480.0,913.5989468996306,303.8259915010487,33.25594808664195,204.20958374139707,-59.49560436922707,MEASURED,
X,S2,120,6360.0,6480.0,913.5989468996306,125.3570543736483,13.721234552541599,97.56309235675806,-6.402333947832111,MEASURED,
CURRENT,S2,120,6360.0,6480.0,,,,,,NOT_FOUND,No dedicated IO-VNBD model found
B1,S2,120,6420.0,6540.0,931.229256019701,248.7952256723845,26.71686097318242,161.32386515172908,-39.7371764251869,MEASURED,
B2,S2,120,6420.0,6540.0,931.229256019701,222.75057749442692,23.92005792929195,96.68483891783535,-39.7371764251869,MEASURED,
B3,S2,120,6420.0,6540.0,931.229256019701,248.51408727646725,26.686670942736114,161.06770175006022,0.0,MEASURED,
B4,S2,120,6420.0,6540.0,931.229256019701,240.859661119409,25.864700830910472,118.65725675907571,-39.7371764251869,MEASURED,
X,S2,120,6420.0,6540.0,931.229256019701,291.1209713291164,31.262008731709937,198.08549046607212,-0.7165775529963586,MEASURED,
CURRENT,S2,120,6420.0,6540.0,,,,,,NOT_FOUND,No dedicated IO-VNBD model found
B1,S2,120,6480.0,6600.0,962.0171837798373,441.87433405287277,45.93206249359451,228.71326779478807,-70.33138460866364,MEASURED,
B2,S2,120,6480.0,6600.0,962.0171837798373,318.2091835669419,33.07728686473918,161.85840519543643,-70.33138460866364,MEASURED,
B3,S2,120,6480.0,6600.0,962.0171837798373,203.08247652344417,21.110067465273122,100.06238098263273,0.0,MEASURED,
B4,S2,120,6480.0,6600.0,962.0171837798373,374.95071254178356,38.97546934334107,192.89405907464698,-70.33138460866364,MEASURED,
X,S2,120,6480.0,6600.0,962.0171837798373,250.28030367218213,26.01619886755163,150.67479448674425,2.7548289239335157,MEASURED,
CURRENT,S2,120,6480.0,6600.0,,,,,,NOT_FOUND,No dedicated IO-VNBD model found
B1,S2,120,6540.0,6660.0,955.6454094465129,283.4231210965424,29.65777037119807,127.35525527377307,-72.86476375853785,MEASURED,
B2,S2,120,6540.0,6660.0,955.6454094465129,319.3187510117471,33.41393657681974,145.51142251858366,-72.86476375853785,MEASURED,
B3,S2,120,6540.0,6660.0,955.6454094465129,38.68710345341398,4.048269689886402,38.96101520503392,0.0,MEASURED,
B4,S2,120,6540.0,6660.0,955.6454094465129,273.8421632058978,28.655206261546393,129.64160316919757,-72.86476375853785,MEASURED,
X,S2,120,6540.0,6660.0,955.6454094465129,185.76410914545775,19.438602154019442,71.9921565774437,6.578962261526697,MEASURED,
CURRENT,S2,120,6540.0,6660.0,,,,,,NOT_FOUND,No dedicated IO-VNBD model found
B1,S2,120,6600.0,6720.0,945.3115947710942,432.47754644227655,45.74973467314768,164.87080370531018,-44.41779479826311,MEASURED,
B2,S2,120,6600.0,6720.0,945.3115947710942,289.0116015847011,30.573157378301794,95.80161414168762,-44.41779479826311,MEASURED,
B3,S2,120,6600.0,6720.0,945.3115947710942,193.42108608626873,20.4610931629486,94.90180524546662,0.0,MEASURED,
B4,S2,120,6600.0,6720.0,945.3115947710942,426.8206606875968,45.15131973928139,161.11589984242912,-44.41779479826311,MEASURED,
X,S2,120,6600.0,6720.0,945.3115947710942,159.69759838017148,16.8936464191833,67.70421378909704,6.441106863937125,MEASURED,
CURRENT,S2,120,6600.0,6720.0,,,,,,NOT_FOUND,No dedicated IO-VNBD model found
B1,S2,120,6660.0,6780.0,1338.501174511045,1045.4434834033711,78.10553351103873,521.1238745900145,-47.93420033213544,MEASURED,
B2,S2,120,6660.0,6780.0,1338.501174511045,665.7722635266363,49.74013293412634,292.85435200957875,-47.93420033213544,MEASURED,
B3,S2,120,6660.0,6780.0,1338.501174511045,957.03475520846,71.50047929977089,479.84444144487765,0.0,MEASURED,
B4,S2,120,6660.0,6780.0,1338.501174511045,984.3191878415124,73.53891102867986,488.855105013767,-47.93420033213544,MEASURED,
X,S2,120,6660.0,6780.0,1338.501174511045,66.36794163192742,4.9583775416687,46.65952330346187,3.354408093967244,MEASURED,
CURRENT,S2,120,6660.0,6780.0,,,,,,NOT_FOUND,No dedicated IO-VNBD model found
B1,S2,120,6720.0,6840.0,1758.7523964342636,693.6173049214254,39.438030408810334,311.70292989565934,-47.19699549406591,MEASURED,
B2,S2,120,6720.0,6840.0,1758.7523964342636,672.7051054940872,38.24899439272666,309.4502444012427,-47.19699549406591,MEASURED,
B3,S2,120,6720.0,6840.0,1758.7523964342636,57.43994145274711,3.265948155590418,14.209604091382836,0.0,MEASURED,
B4,S2,120,6720.0,6840.0,1758.7523964342636,725.6008480369849,41.2565662743707,322.7206947684493,-47.19699549406591,MEASURED,
X,S2,120,6720.0,6840.0,1758.7523964342636,699.1563098677282,39.75296984869583,362.9672326997735,4.262370419769909,MEASURED,
CURRENT,S2,120,6720.0,6840.0,,,,,,NOT_FOUND,No dedicated IO-VNBD model found
B1,S2,120,6780.0,6900.0,1546.5910815055195,660.9371320707916,42.73509268056857,316.98892671900853,-52.635083752143075,MEASURED,
B2,S2,120,6780.0,6900.0,1546.5910815055195,565.9982407764885,36.596502303991116,279.5893567517149,-52.635083752143075,MEASURED,
B3,S2,120,6780.0,6900.0,1546.5910815055195,169.70432423226055,10.972798580156232,74.54818003603798,0.0,MEASURED,
B4,S2,120,6780.0,6900.0,1546.5910815055195,761.8808608131086,49.26194583195581,374.5665024536117,-52.635083752143075,MEASURED,
X,S2,120,6780.0,6900.0,1546.5910815055195,185.91108156760248,12.020700480609813,61.94606851897167,1.1980555909917356,MEASURED,
CURRENT,S2,120,6780.0,6900.0,,,,,,NOT_FOUND,No dedicated IO-VNBD model found
B1,S2,120,6840.0,6960.0,1226.9059017129503,448.8421868728713,36.58326088791473,212.87846535453934,-52.84097441200789,MEASURED,
B2,S2,120,6840.0,6960.0,1226.9059017129503,426.1650132561219,34.734938731742155,206.99592116292717,-52.84097441200789,MEASURED,
B3,S2,120,6840.0,6960.0,1226.9059017129503,31.002053083956664,2.5268484763723937,35.37502086374673,0.0,MEASURED,
B4,S2,120,6840.0,6960.0,1226.9059017129503,457.4753713768032,37.286915870084,224.48574342831304,-52.84097441200789,MEASURED,
X,S2,120,6840.0,6960.0,1226.9059017129503,355.06335486694593,28.93973811448968,180.35601325523385,-3.712535476962592,MEASURED,
CURRENT,S2,120,6840.0,6960.0,,,,,,NOT_FOUND,No dedicated IO-VNBD model found
B1,S2,120,6900.0,7020.0,1166.625706517871,575.203121205486,49.3048557040925,268.7477409837016,-50.28269998887255,MEASURED,
B2,S2,120,6900.0,7020.0,1166.625706517871,466.6416097297206,39.99925658440583,194.6668618613186,-50.28269998887255,MEASURED,
B3,S2,120,6900.0,7020.0,1166.625706517871,275.29545345353114,23.59758163354975,180.61265710096583,0.0,MEASURED,
B4,S2,120,6900.0,7020.0,1166.625706517871,595.3745197387899,51.0338934254977,279.8183178810453,-50.28269998887255,MEASURED,
X,S2,120,6900.0,7020.0,1166.625706517871,345.7515805354482,29.6368902728402,120.68133383294143,-9.425652611409076,MEASURED,
CURRENT,S2,120,6900.0,7020.0,,,,,,NOT_FOUND,No dedicated IO-VNBD model found
B1,S2,120,6960.0,7080.0,1004.9553284566066,257.42179043379804,25.61524708059831,200.4146311529216,108.92986117095693,MEASURED,
B2,S2,120,6960.0,7080.0,1004.9553284566066,257.9954732966776,25.672332489932927,177.51192520562935,108.92986117095693,MEASURED,
B3,S2,120,6960.0,7080.0,1004.9553284566066,66.25487884766554,6.592818304612471,29.43554710557327,0.0,MEASURED,
B4,S2,120,6960.0,7080.0,1004.9553284566066,304.63527617321466,30.313315183976226,217.9221529220816,108.92986117095693,MEASURED,
X,S2,120,6960.0,7080.0,1004.9553284566066,518.6575723474738,51.61001267031633,345.3840391768811,162.03307338150876,MEASURED,
CURRENT,S2,120,6960.0,7080.0,,,,,,NOT_FOUND,No dedicated IO-VNBD model found
B1,S2,120,7020.0,7140.0,509.252126948801,343.05829417180723,67.36511759455007,125.75552251891472,-60.64050397047027,MEASURED,
B2,S2,120,7020.0,7140.0,509.252126948801,5.608241612926979,1.1012701402994471,27.954173859388412,-60.64050397047027,MEASURED,
B3,S2,120,7020.0,7140.0,509.252126948801,311.59157217661885,61.186111100512996,107.77110226881757,0.0,MEASURED,
B4,S2,120,7020.0,7140.0,509.252126948801,365.549245627052,71.78158446136514,155.14490277567828,-60.64050397047027,MEASURED,
X,S2,120,7020.0,7140.0,509.252126948801,43.10589674728889,8.464549182260491,66.04765664232684,-3.71469672885467,MEASURED,
CURRENT,S2,120,7020.0,7140.0,,,,,,NOT_FOUND,No dedicated IO-VNBD model found
B1,S2,120,7260.0,7380.0,1035.5228549446258,349.74719409827753,33.77493721439689,177.84521622993762,-60.02902941712571,MEASURED,
B2,S2,120,7260.0,7380.0,1035.5228549446258,355.6594777440154,34.34588392189897,176.87304035094934,-60.02902941712571,MEASURED,
B3,S2,120,7260.0,7380.0,1035.5228549446258,116.71389535535279,11.271011045100886,91.41550279536541,0.0,MEASURED,
B4,S2,120,7260.0,7380.0,1035.5228549446258,352.8968200071357,34.079095243726584,171.13045060374438,-60.02902941712571,MEASURED,
X,S2,120,7260.0,7380.0,1035.5228549446258,260.7877647810572,25.184163105217287,136.85950299667851,8.819305522015876,MEASURED,
CURRENT,S2,120,7260.0,7380.0,,,,,,NOT_FOUND,No dedicated IO-VNBD model found
B1,S2,120,7320.0,7440.0,1203.5841114964546,358.6589135835717,29.799239634165627,166.92044862489703,-52.31873947919287,MEASURED,
B2,S2,120,7320.0,7440.0,1203.5841114964546,338.2500448050708,28.103565141327238,192.04272239892057,-52.31873947919287,MEASURED,
B3,S2,120,7320.0,7440.0,1203.5841114964546,17.71600457657217,1.4719373916082437,67.38375668834513,0.0,MEASURED,
B4,S2,120,7320.0,7440.0,1203.5841114964546,303.3988614982314,25.207948376869638,155.44842727639005,-52.31873947919287,MEASURED,
X,S2,120,7320.0,7440.0,1203.5841114964546,285.76479898767394,23.74281915639227,132.45406490584367,14.313843956004236,MEASURED,
CURRENT,S2,120,7320.0,7440.0,,,,,,NOT_FOUND,No dedicated IO-VNBD model found
B1,S2,120,7380.0,7500.0,926.1939665759883,316.0519846474174,34.12373606965052,186.06882643675686,-58.915686709868545,MEASURED,
B2,S2,120,7380.0,7500.0,926.1939665759883,69.99314128343337,7.557071608033509,35.27178866803452,-58.915686709868545,MEASURED,
B3,S2,120,7380.0,7500.0,926.1939665759883,179.21339772089934,19.349445600841758,156.14999415148202,0.0,MEASURED,
B4,S2,120,7380.0,7500.0,926.1939665759883,273.38706381862056,29.517258121351723,183.12244432781193,-58.915686709868545,MEASURED,
X,S2,120,7380.0,7500.0,926.1939665759883,51.071584216786086,5.514134842142268,59.36674020001648,16.934701295048356,MEASURED,
CURRENT,S2,120,7380.0,7500.0,,,,,,NOT_FOUND,No dedicated IO-VNBD model found
B1,S2,120,7440.0,7560.0,1303.7842446519167,666.4184528588588,51.11416674902209,256.9263431470054,-58.46788064731966,MEASURED,
B2,S2,120,7440.0,7560.0,1303.7842446519167,723.2410538488463,55.4724492810493,262.66963036650225,-58.46788064731966,MEASURED,
B3,S2,120,7440.0,7560.0,1303.7842446519167,590.8102549107164,45.31503255498002,244.2532061908629,0.0,MEASURED,
B4,S2,120,7440.0,7560.0,1303.7842446519167,748.2898562957674,57.39368759556879,276.250783223512,-58.46788064731966,MEASURED,
X,S2,120,7440.0,7560.0,1303.7842446519167,135.59991064426725,10.400486982450813,56.59697872341818,9.544980568876925,MEASURED,
CURRENT,S2,120,7440.0,7560.0,,,,,,NOT_FOUND,No dedicated IO-VNBD model found
B1,S2,120,7500.0,7620.0,1364.6504265434346,1227.8266728830006,89.97371407364749,855.5444759537204,-60.86886245686063,MEASURED,
B2,S2,120,7500.0,7620.0,1364.6504265434346,429.84556954954576,31.498584633012204,251.36471087492814,-60.86886245686063,MEASURED,
B3,S2,120,7500.0,7620.0,1364.6504265434346,1227.8266728830006,89.97371407364749,855.5444759537204,0.0,MEASURED,
B4,S2,120,7500.0,7620.0,1364.6504265434346,652.6811723282785,47.82771907245689,434.0988505323934,-60.86886245686063,MEASURED,
X,S2,120,7500.0,7620.0,1364.6504265434346,133.60065210149708,9.79010078353167,85.68808319688215,6.000948675719799,MEASURED,
CURRENT,S2,120,7500.0,7620.0,,,,,,NOT_FOUND,No dedicated IO-VNBD model found
B1,S2,120,7560.0,7680.0,632.3123849939586,568.7263674639848,89.94389181059908,471.16433939870274,-71.55053065617152,MEASURED,
B2,S2,120,7560.0,7680.0,632.3123849939586,46.01951237003838,7.2779710570556135,54.18025695326783,-71.55053065617152,MEASURED,
B3,S2,120,7560.0,7680.0,632.3123849939586,382.8663827811659,60.55019510408988,492.6095281242866,0.0,MEASURED,
B4,S2,120,7560.0,7680.0,632.3123849939586,496.15415494709845,78.46661977874099,422.158538594475,-71.55053065617152,MEASURED,
X,S2,120,7560.0,7680.0,632.3123849939586,66.22578452127854,10.473586488727607,39.45690104951762,7.283636504543226,MEASURED,
CURRENT,S2,120,7560.0,7680.0,,,,,,NOT_FOUND,No dedicated IO-VNBD model found
B1,S2,120,7620.0,7740.0,488.94225517190966,329.6983182231853,67.43093171754302,228.44675627148519,124.07010300751567,MEASURED,
B2,S2,120,7620.0,7740.0,488.94225517190966,217.4413511306046,44.471785539205094,122.62357834104743,124.07010300751567,MEASURED,
B3,S2,120,7620.0,7740.0,488.94225517190966,91.90232305546071,18.79615068719072,46.869579084859105,0.0,MEASURED,
B4,S2,120,7620.0,7740.0,488.94225517190966,166.43805225967722,34.040431257298145,115.59332170208184,124.07010300751567,MEASURED,
X,S2,120,7620.0,7740.0,488.94225517190966,246.4870340723558,50.41229950266667,129.87288038857866,-156.5890531650782,MEASURED,
CURRENT,S2,120,7620.0,7740.0,,,,,,NOT_FOUND,No dedicated IO-VNBD model found
B1,S2,120,7680.0,7800.0,701.9866153924588,356.68769393898646,50.81118159775362,129.10920919430208,-60.64320175716836,MEASURED,
B2,S2,120,7680.0,7800.0,701.9866153924588,306.7435295360077,43.69649261254318,96.18797161964704,-60.64320175716836,MEASURED,
B3,S2,120,7680.0,7800.0,701.9866153924588,122.24123807335198,17.413613791626315,41.22952923679739,0.0,MEASURED,
B4,S2,120,7680.0,7800.0,701.9866153924588,381.5577193677694,54.353987811356255,148.09281151449747,-60.64320175716836,MEASURED,
X,S2,120,7680.0,7800.0,701.9866153924588,4.346920493400669,0.6192312500104352,68.27881349890457,11.794197816978949,MEASURED,
CURRENT,S2,120,7680.0,7800.0,,,,,,NOT_FOUND,No dedicated IO-VNBD model found
B1,S2,120,7800.0,7920.0,1004.0374146338564,487.50754058518885,48.554718527393604,253.06601174381,-68.32667208868195,MEASURED,
B2,S2,120,7800.0,7920.0,1004.0374146338564,272.33776561880694,27.124264658814603,172.91872665509248,-68.32667208868195,MEASURED,
B3,S2,120,7800.0,7920.0,1004.0374146338564,302.2951865703027,30.107960337368606,135.056692441969,0.0,MEASURED,
B4,S2,120,7800.0,7920.0,1004.0374146338564,457.04230953459,45.520446038483556,244.34822229226583,-68.32667208868195,MEASURED,
X,S2,120,7800.0,7920.0,1004.0374146338564,195.26271186083238,19.44775254536098,99.1480786632248,-5.136770641169481,MEASURED,
CURRENT,S2,120,7800.0,7920.0,,,,,,NOT_FOUND,No dedicated IO-VNBD model found
B1,S2,120,7860.0,7980.0,695.2158230848679,934.1894687094558,134.37402281268496,535.2403769129156,-56.525324539739955,MEASURED,
B2,S2,120,7860.0,7980.0,695.2158230848679,317.96863625848266,45.736679992058654,126.36808755915602,-56.525324539739955,MEASURED,
B3,S2,120,7860.0,7980.0,695.2158230848679,537.9246836998364,77.37520721448965,377.38007806024723,0.0,MEASURED,
B4,S2,120,7860.0,7980.0,695.2158230848679,892.5799002415366,128.38889314700992,494.59608683773666,-56.525324539739955,MEASURED,
X,S2,120,7860.0,7980.0,695.2158230848679,360.2951739303557,51.82493866891935,180.80169223959425,0.6101872699705339,MEASURED,
CURRENT,S2,120,7860.0,7980.0,,,,,,NOT_FOUND,No dedicated IO-VNBD model found
B1,S2,120,7920.0,8040.0,974.4445704599606,776.9138464901962,79.72889069754626,446.79291605789524,-56.58574846252753,MEASURED,
B2,S2,120,7920.0,8040.0,974.4445704599606,429.83163019463984,44.11042384809526,208.71279371950664,-56.58574846252753,MEASURED,
B3,S2,120,7920.0,8040.0,974.4445704599606,776.9138464901962,79.72889069754626,446.79291605789524,0.0,MEASURED,
B4,S2,120,7920.0,8040.0,974.4445704599606,482.8614107093703,49.55247587673955,248.6143641873492,-56.58574846252753,MEASURED,
X,S2,120,7920.0,8040.0,974.4445704599606,194.7037525159871,19.980998244372422,89.54444029435926,0.456770711536466,MEASURED,
CURRENT,S2,120,7920.0,8040.0,,,,,,NOT_FOUND,No dedicated IO-VNBD model found
B1,S2,120,7980.0,8100.0,1075.5148005353676,222.40725810133594,20.67914434935033,110.59583036688224,-49.364620408246054,MEASURED,
B2,S2,120,7980.0,8100.0,1075.5148005353676,232.3573075910262,21.604287312026187,104.06792170240927,-49.364620408246054,MEASURED,
B3,S2,120,7980.0,8100.0,1075.5148005353676,29.711374407334393,2.762525852042643,31.186571256335924,0.0,MEASURED,
B4,S2,120,7980.0,8100.0,1075.5148005353676,231.75244173255297,21.548047652825577,124.67169922557561,-49.364620408246054,MEASURED,
X,S2,120,7980.0,8100.0,1075.5148005353676,342.4042450949261,31.836311775949977,181.5134471455512,0.5445204604340182,MEASURED,
CURRENT,S2,120,7980.0,8100.0,,,,,,NOT_FOUND,No dedicated IO-VNBD model found
B1,S2,120,8040.0,8160.0,979.0303233363538,267.3559317264211,27.308238095764146,136.7086609758234,-42.26535200971928,MEASURED,
B2,S2,120,8040.0,8160.0,979.0303233363538,227.90816894519932,23.278969354956292,116.04600726720916,-42.26535200971928,MEASURED,
B3,S2,120,8040.0,8160.0,979.0303233363538,79.45258655215001,8.115436739629303,71.79126802371131,0.0,MEASURED,
B4,S2,120,8040.0,8160.0,979.0303233363538,278.20492024351137,28.416374203348532,121.73740216542136,-42.26535200971928,MEASURED,
X,S2,120,8040.0,8160.0,979.0303233363538,92.67243783390988,9.465737232540397,61.14159996262994,8.686922729478294,MEASURED,
CURRENT,S2,120,8040.0,8160.0,,,,,,NOT_FOUND,No dedicated IO-VNBD model found
B1,S2,120,8100.0,8220.0,904.2109335347753,364.4632403944974,40.30732508063401,190.22454700249173,-46.76076235634004,MEASURED,
B2,S2,120,8100.0,8220.0,904.2109335347753,262.5217664176363,29.033243978965874,114.09938107561317,-46.76076235634004,MEASURED,
B3,S2,120,8100.0,8220.0,904.2109335347753,187.76339980679404,20.76544231474644,118.64798372146427,0.0,MEASURED,
B4,S2,120,8100.0,8220.0,904.2109335347753,390.0866141148492,43.141107859634914,180.45263728741796,-46.76076235634004,MEASURED,
X,S2,120,8100.0,8220.0,904.2109335347753,156.8425098233315,17.345787803095554,71.28873191266203,9.534987360507952,MEASURED,
CURRENT,S2,120,8100.0,8220.0,,,,,,NOT_FOUND,No dedicated IO-VNBD model found
B1,S2,120,8160.0,8280.0,911.4999406019303,494.9625766172076,54.30198671108497,290.1291035712137,-50.9721338944079,MEASURED,
B2,S2,120,8160.0,8280.0,911.4999406019303,300.58707459782016,32.977190804787156,151.18424663936628,-50.9721338944079,MEASURED,
B3,S2,120,8160.0,8280.0,911.4999406019303,486.3454827639073,53.35661156957812,285.78500847676503,0.0,MEASURED,
B4,S2,120,8160.0,8280.0,911.4999406019303,316.4540689023474,34.717947287343705,185.77651435510737,-50.9721338944079,MEASURED,
X,S2,120,8160.0,8280.0,911.4999406019303,103.97948452986961,11.407514131180779,68.79260851271081,3.6500289775399044,MEASURED,
CURRENT,S2,120,8160.0,8280.0,,,,,,NOT_FOUND,No dedicated IO-VNBD model found
B1,S2,120,8220.0,8340.0,990.2780931919317,86.65686007376928,8.750760081387945,64.66498345816989,-55.14146015454259,MEASURED,
B2,S2,120,8220.0,8340.0,990.2780931919317,80.24305607386289,8.103083025417437,73.84535982144979,-55.14146015454259,MEASURED,
B3,S2,120,8220.0,8340.0,990.2780931919317,51.5369105802568,5.204286647818243,48.06636724678605,0.0,MEASURED,
B4,S2,120,8220.0,8340.0,990.2780931919317,67.57462880837052,6.8238032602094,80.99581073520494,-55.14146015454259,MEASURED,
X,S2,120,8220.0,8340.0,990.2780931919317,72.61003003528161,7.332286812610387,67.86749348800629,0.30613267515970444,MEASURED,
CURRENT,S2,120,8220.0,8340.0,,,,,,NOT_FOUND,No dedicated IO-VNBD model found
B1,S2,120,8280.0,8400.0,1239.2024246774313,746.2689024818415,60.22171096672103,375.911346145411,-73.69970716013313,MEASURED,
B2,S2,120,8280.0,8400.0,1239.2024246774313,616.0912211621257,49.71675400994284,274.012522210963,-73.69970716013313,MEASURED,
B3,S2,120,8280.0,8400.0,1239.2024246774313,725.5650357023646,58.55096966028224,370.86960142785676,0.0,MEASURED,
B4,S2,120,8280.0,8400.0,1239.2024246774313,639.2496205145346,51.585568893712704,271.9659147121371,-73.69970716013313,MEASURED,
X,S2,120,8280.0,8400.0,1239.2024246774313,253.87805742784195,20.48721438661866,127.39969866065618,-4.369405403618238,MEASURED,
CURRENT,S2,120,8280.0,8400.0,,,,,,NOT_FOUND,No dedicated IO-VNBD model found
B1,S2,120,8340.0,8460.0,1324.3540654649355,787.4748147098423,59.46104861568019,409.3195838109078,-71.74942266819542,MEASURED,
B2,S2,120,8340.0,8460.0,1324.3540654649355,767.1619759296572,57.92725645919566,387.81881763477827,-71.74942266819542,MEASURED,
B3,S2,120,8340.0,8460.0,1324.3540654649355,71.41741264644062,5.392622298582094,71.17039190585379,0.0,MEASURED,
B4,S2,120,8340.0,8460.0,1324.3540654649355,909.8209813431508,68.69922515953041,460.14415013455346,-71.74942266819542,MEASURED,
X,S2,120,8340.0,8460.0,1324.3540654649355,269.087180733306,20.318371631142213,97.68024672486546,-6.891376225312096,MEASURED,
CURRENT,S2,120,8340.0,8460.0,,,,,,NOT_FOUND,No dedicated IO-VNBD model found
B1,S2,120,8400.0,8520.0,1272.7709230989558,274.7467578879416,21.58650491629596,309.97723643281535,-66.2771412474606,MEASURED,
B2,S2,120,8400.0,8520.0,1272.7709230989558,364.5777763028597,28.644414300036175,200.82596771155357,-66.2771412474606,MEASURED,
B3,S2,120,8400.0,8520.0,1272.7709230989558,381.90333853788576,30.00566178932055,327.58580276106284,0.0,MEASURED,
B4,S2,120,8400.0,8520.0,1272.7709230989558,157.10488240420435,12.343531703386478,206.28595834044825,-66.2771412474606,MEASURED,
X,S2,120,8400.0,8520.0,1272.7709230989558,382.09832979725803,30.02098200569519,312.9186381414146,-2.5233367087607146,MEASURED,
CURRENT,S2,120,8400.0,8520.0,,,,,,NOT_FOUND,No dedicated IO-VNBD model found
B1,S2,120,8460.0,8580.0,1181.2599345207395,312.73608869444894,26.474790141877804,193.8578017446235,-69.72573773327245,MEASURED,
B2,S2,120,8460.0,8580.0,1181.2599345207395,569.8786079994625,48.24328594795467,270.08276812324436,-69.72573773327245,MEASURED,
B3,S2,120,8460.0,8580.0,1181.2599345207395,216.39994912005434,18.319418342741987,212.1094931149293,0.0,MEASURED,
B4,S2,120,8460.0,8580.0,1181.2599345207395,569.6852034894031,48.22691321707577,245.04247796331433,-69.72573773327245,MEASURED,
X,S2,120,8460.0,8580.0,1181.2599345207395,448.3178208080003,37.95251220383528,193.79080046988463,-2.0369879860381013,MEASURED,
CURRENT,S2,120,8460.0,8580.0,,,,,,NOT_FOUND,No dedicated IO-VNBD model found
B1,S2,120,8520.0,8640.0,934.5775534827264,109.06504180524584,11.669983020543587,123.68323771556489,-53.85303589812572,MEASURED,
B2,S2,120,8520.0,8640.0,934.5775534827264,144.15334262110477,15.424438783481772,88.24766859357051,-53.85303589812572,MEASURED,
B3,S2,120,8520.0,8640.0,934.5775534827264,60.45662246091868,6.468871656035989,73.29625761888931,0.0,MEASURED,
B4,S2,120,8520.0,8640.0,934.5775534827264,110.54625641100935,11.828473303157772,117.25693705672022,-53.85303589812572,MEASURED,
X,S2,120,8520.0,8640.0,934.5775534827264,79.06748556148716,8.460238025923072,121.39784173348335,0.9476696098654175,MEASURED,
CURRENT,S2,120,8520.0,8640.0,,,,,,NOT_FOUND,No dedicated IO-VNBD model found
B1,S2,120,8580.0,8700.0,777.7605912104128,301.6305211679415,38.78192397206962,147.55146298015995,-43.299749461614056,MEASURED,
B2,S2,120,8580.0,8700.0,777.7605912104128,282.0082018740564,36.25899859944984,130.08600512959066,-43.299749461614056,MEASURED,
B3,S2,120,8580.0,8700.0,777.7605912104128,136.27718761565148,17.52173987159289,92.55919032110926,0.0,MEASURED,
B4,S2,120,8580.0,8700.0,777.7605912104128,416.19937436496076,53.51253059983898,226.459837005651,-43.299749461614056,MEASURED,
X,S2,120,8580.0,8700.0,777.7605912104128,343.00629665697426,44.10178408797501,115.9557504139357,5.6366268301864455,MEASURED,
CURRENT,S2,120,8580.0,8700.0,,,,,,NOT_FOUND,No dedicated IO-VNBD model found
B1,S2,120,8640.0,8760.0,1224.6788251529506,649.7079019781584,53.051288928508754,272.84885090458476,-38.93515754798665,MEASURED,
B2,S2,120,8640.0,8760.0,1224.6788251529506,414.7994748269013,33.87006179151475,140.2809831072189,-38.93515754798665,MEASURED,
B3,S2,120,8640.0,8760.0,1224.6788251529506,478.1011840316445,39.038903442454334,209.82267570090673,0.0,MEASURED,
B4,S2,120,8640.0,8760.0,1224.6788251529506,588.1505069885188,48.024877617612475,255.75095565018265,-38.93515754798665,MEASURED,
X,S2,120,8640.0,8760.0,1224.6788251529506,248.64638039648892,20.302986814966395,204.18143451716253,6.770959833977148,MEASURED,
CURRENT,S2,120,8640.0,8760.0,,,,,,NOT_FOUND,No dedicated IO-VNBD model found
B1,S2,120,8700.0,8820.0,1823.3604028982695,647.2526673577886,35.49779112944248,396.70622314248703,-48.3499259897145,MEASURED,
B2,S2,120,8700.0,8820.0,1823.3604028982695,630.7215785666396,34.59116352225783,289.49778076692473,-48.3499259897145,MEASURED,
B3,S2,120,8700.0,8820.0,1823.3604028982695,522.917662563051,28.678787897985632,339.07675264314935,0.0,MEASURED,
B4,S2,120,8700.0,8820.0,1823.3604028982695,695.605356525963,38.14963599189078,488.5561094085416,-48.3499259897145,MEASURED,
X,S2,120,8700.0,8820.0,1823.3604028982695,174.6471170821492,9.578310289317677,143.76959018419075,-2.243897535827872,MEASURED,
CURRENT,S2,120,8700.0,8820.0,,,,,,NOT_FOUND,No dedicated IO-VNBD model found
B1,S2,120,8760.0,8880.0,2271.7954371887217,1082.3957375595025,47.644947244851174,521.6076547052847,-53.208030184210905,MEASURED,
B2,S2,120,8760.0,8880.0,2271.7954371887217,1076.4961350149863,47.38525825842479,503.2473036152748,-53.208030184210905,MEASURED,
B3,S2,120,8760.0,8880.0,2271.7954371887217,321.17409379466585,14.137456592135297,174.44229938441268,0.0,MEASURED,
B4,S2,120,8760.0,8880.0,2271.7954371887217,1094.1418926760375,48.161990061482165,525.7303602505768,-53.208030184210905,MEASURED,
X,S2,120,8760.0,8880.0,2271.7954371887217,296.8983834247522,13.06888721425354,118.40572051860082,-9.804396731122072,MEASURED,
CURRENT,S2,120,8760.0,8880.0,,,,,,NOT_FOUND,No dedicated IO-VNBD model found
B1,S2,120,8820.0,8940.0,2471.7739782114754,1012.878882574742,40.97781154357973,455.62691547065526,-48.58167051250254,MEASURED,
B2,S2,120,8820.0,8940.0,2471.7739782114754,984.9175517011093,39.84658631343693,425.085002972039,-48.58167051250254,MEASURED,
B3,S2,120,8820.0,8940.0,2471.7739782114754,89.98501993965318,3.6405035708307154,82.39365246196024,0.0,MEASURED,
B4,S2,120,8820.0,8940.0,2471.7739782114754,958.5979061726015,38.7817783754736,442.1822384978694,-48.58167051250254,MEASURED,
X,S2,120,8820.0,8940.0,2471.7739782114754,369.5033145147645,14.948911905858377,178.91689512242783,-7.161463873815996,MEASURED,
CURRENT,S2,120,8820.0,8940.0,,,,,,NOT_FOUND,No dedicated IO-VNBD model found
B1,S2,120,8880.0,9000.0,2263.4415397523835,942.2689303242245,41.629921240524155,420.3490040238389,-51.16496540315616,MEASURED,
B2,S2,120,8880.0,9000.0,2263.4415397523835,927.3105033972885,40.9690503205457,381.80692992858695,-51.16496540315616,MEASURED,
B3,S2,120,8880.0,9000.0,2263.4415397523835,425.54874405070103,18.800960244692483,228.69541701224412,0.0,MEASURED,
B4,S2,120,8880.0,9000.0,2263.4415397523835,1753.530004344254,77.47184866705624,944.300241246393,-51.16496540315616,MEASURED,
X,S2,120,8880.0,9000.0,2263.4415397523835,314.9200121420135,13.91332652560866,117.33142739407049,-0.8579423578384591,MEASURED,
CURRENT,S2,120,8880.0,9000.0,,,,,,NOT_FOUND,No dedicated IO-VNBD model found
B1,S2,120,8940.0,9060.0,1795.7221939187123,1308.343247471081,72.85888941518013,627.7081029662513,-58.85052011229371,MEASURED,
B2,S2,120,8940.0,9060.0,1795.7221939187123,808.2248371975385,45.00834482831617,438.1436744963712,-58.85052011229371,MEASURED,
B3,S2,120,8940.0,9060.0,1795.7221939187123,823.5142941296316,45.859782594351,376.4678614080542,0.0,MEASURED,
B4,S2,120,8940.0,9060.0,1795.7221939187123,1045.3525612141423,58.21349007960542,503.30515115007626,-58.85052011229371,MEASURED,
X,S2,120,8940.0,9060.0,1795.7221939187123,648.9819619582255,36.14044333561338,333.852859162024,-4.1089643251412085,MEASURED,
CURRENT,S2,120,8940.0,9060.0,,,,,,NOT_FOUND,No dedicated IO-VNBD model found
B1,S2,120,9000.0,9120.0,1920.2210531572314,1012.4222254543077,52.72425400136516,500.41715632634106,-61.80961774649772,MEASURED,
B2,S2,120,9000.0,9120.0,1920.2210531572314,844.8765617677909,43.998921914674526,278.9996019189672,-61.80961774649772,MEASURED,
B3,S2,120,9000.0,9120.0,1920.2210531572314,507.655046809632,26.437323243328912,398.6359312681724,0.0,MEASURED,
B4,S2,120,9000.0,9120.0,1920.2210531572314,1006.8397166116285,52.433531803860845,495.61849839338225,-61.80961774649772,MEASURED,
X,S2,120,9000.0,9120.0,1920.2210531572314,237.45127556457496,12.365830234709545,100.6285428433469,-7.944472607379778,MEASURED,
CURRENT,S2,120,9000.0,9120.0,,,,,,NOT_FOUND,No dedicated IO-VNBD model found
B1,S2,120,9060.0,9180.0,1839.981737741232,534.548778264698,29.05185237984546,401.21903591922444,-57.415364664858345,MEASURED,
B2,S2,120,9060.0,9180.0,1839.981737741232,752.5359943528879,40.89910127459763,431.0449681793953,-57.415364664858345,MEASURED,
B3,S2,120,9060.0,9180.0,1839.981737741232,371.70158006679287,20.201373331188332,317.6374420714344,0.0,MEASURED,
B4,S2,120,9060.0,9180.0,1839.981737741232,1189.2171995340482,64.63201102169282,864.3659289396295,-57.415364664858345,MEASURED,
X,S2,120,9060.0,9180.0,1839.981737741232,452.1555100312771,24.57391292298068,165.48842022670175,-8.232966667438758,MEASURED,
CURRENT,S2,120,9060.0,9180.0,,,,,,NOT_FOUND,No dedicated IO-VNBD model found
B1,S3a,30,60.0,90.0,228.5683795346156,30.824194286811355,13.48576489432703,28.32384159890124,5.84879459177045,MEASURED,
B2,S3a,30,60.0,90.0,228.5683795346156,8.224221303452387,3.5981448178429543,3.7809069395949684,5.84879459177045,MEASURED,
B3,S3a,30,60.0,90.0,228.5683795346156,22.334520114005564,9.771482896925866,26.63770505153029,0.0,MEASURED,
B4,S3a,30,60.0,90.0,228.5683795346156,28.44984227027807,12.446972030078848,25.89724184014772,5.84879459177045,MEASURED,
X,S3a,30,60.0,90.0,228.5683795346156,78.60053240206977,34.38819164842795,34.97238206484378,0.8933256330344245,MEASURED,
CURRENT,S3a,30,60.0,90.0,,,,,,NOT_FOUND,No dedicated IO-VNBD model found
B1,S3a,30,120.0,150.0,361.05908579566335,109.58084547442023,30.349837404849595,60.69680530093124,4.611876730081471,MEASURED,
B2,S3a,30,120.0,150.0,361.05908579566335,20.251860781927512,5.609015692625109,9.064778509557888,4.611876730081471,MEASURED,
B3,S3a,30,120.0,150.0,361.05908579566335,106.16400462199461,29.40349898356435,59.252158520214124,0.0,MEASURED,
B4,S3a,30,120.0,150.0,361.05908579566335,69.1522938188057,19.15262530131745,39.00264085927579,4.611876730081471,MEASURED,
X,S3a,30,120.0,150.0,361.05908579566335,21.675239834309252,6.003238995230844,11.055703047041966,0.8295987345358733,MEASURED,
CURRENT,S3a,30,120.0,150.0,,,,,,NOT_FOUND,No dedicated IO-VNBD model found
B1,S3a,30,180.0,210.0,353.6880604615773,30.077321059194176,8.50391189907345,11.515323561909485,-0.4857035767072155,MEASURED,
B2,S3a,30,180.0,210.0,353.6880604615773,18.564478178825595,5.248828064650584,11.235505663867924,-0.4857035767072155,MEASURED,
B3,S3a,30,180.0,210.0,353.6880604615773,27.029300566523265,7.642129771428792,5.898745734910617,0.0,MEASURED,
B4,S3a,30,180.0,210.0,353.6880604615773,34.03281830631917,9.622269482861524,12.774291154342244,-0.4857035767072155,MEASURED,
X,S3a,30,180.0,210.0,353.6880604615773,56.00405375822311,15.834307125079523,24.43696603064397,-9.075776924237285,MEASURED,
CURRENT,S3a,30,180.0,210.0,,,,,,NOT_FOUND,No dedicated IO-VNBD model found
B1,S3a,30,240.0,270.0,486.49079435250553,97.37820137180472,20.01645303513094,53.178088444112745,-8.623665475432352,MEASURED,
B2,S3a,30,240.0,270.0,486.49079435250553,41.80902380589959,8.594001015280316,18.697131470161356,-8.623665475432352,MEASURED,
B3,S3a,30,240.0,270.0,486.49079435250553,90.15871470193056,18.532460582718162,50.591982710525855,0.0,MEASURED,
B4,S3a,30,240.0,270.0,486.49079435250553,75.92355117099088,15.606369545397309,39.61346093367338,-8.623665475432352,MEASURED,
X,S3a,30,240.0,270.0,486.49079435250553,20.74097891744928,4.263385691615083,12.781638950610313,-5.525752432442533,MEASURED,
CURRENT,S3a,30,240.0,270.0,,,,,,NOT_FOUND,No dedicated IO-VNBD model found
B1,S3a,30,360.0,390.0,417.6651893461575,24.428647605433092,5.848858901474508,14.220073666054759,2.1239701636020736,MEASURED,
B2,S3a,30,360.0,390.0,417.6651893461575,17.985872175580035,4.306289495597271,11.40095352855333,2.1239701636020736,MEASURED,
B3,S3a,30,360.0,390.0,417.6651893461575,16.691936283746987,3.9964873083815577,8.60005453808483,0.0,MEASURED,
B4,S3a,30,360.0,390.0,417.6651893461575,24.29828272526429,5.8176461302179705,13.61498948405389,2.1239701636020736,MEASURED,
X,S3a,30,360.0,390.0,417.6651893461575,48.71030041560458,11.662523393883774,21.060779016069546,1.4984559676415128,MEASURED,
CURRENT,S3a,30,360.0,390.0,,,,,,NOT_FOUND,No dedicated IO-VNBD model found
B1,S3a,30,420.0,450.0,289.93618044431105,157.98617965673049,54.4899844561053,78.39029535866253,1.1031552691037314,MEASURED,
B2,S3a,30,420.0,450.0,289.93618044431105,1.4672078886018018,0.5060451187407475,0.5957494250094483,1.1031552691037314,MEASURED,
B3,S3a,30,420.0,450.0,289.93618044431105,158.096061588169,54.52788311755214,78.44386492349774,0.0,MEASURED,
B4,S3a,30,420.0,450.0,289.93618044431105,139.0424009105431,47.95620908624387,68.62337183848177,1.1031552691037314,MEASURED,
X,S3a,30,420.0,450.0,289.93618044431105,71.52557819172272,24.669421416159153,32.3361649379643,2.1657153683914308,MEASURED,
CURRENT,S3a,30,420.0,450.0,,,,,,NOT_FOUND,No dedicated IO-VNBD model found
B1,S3a,30,480.0,510.0,305.2213374591998,50.75387131441627,16.628546266428952,33.23836809787136,3.6552231747891946,MEASURED,
B2,S3a,30,480.0,510.0,305.2213374591998,8.975575960204408,2.940677750422416,4.355109833707787,3.6552231747891946,MEASURED,
B3,S3a,30,480.0,510.0,305.2213374591998,45.43829969894455,14.886999735075362,30.934991949125443,0.0,MEASURED,
B4,S3a,30,480.0,510.0,305.2213374591998,67.56256001075151,22.135595293950537,39.323004892512955,3.6552231747891946,MEASURED,
X,S3a,30,480.0,510.0,305.2213374591998,7.965341688907222,2.6096935932508263,4.489808826685243,-0.37936369426287075,MEASURED,
CURRENT,S3a,30,480.0,510.0,,,,,,NOT_FOUND,No dedicated IO-VNBD model found
B1,S3a,30,540.0,570.0,99.43321214036979,255.37218338167952,256.82785246962635,158.61350432569216,1.4159382709341128,MEASURED,
B2,S3a,30,540.0,570.0,99.43321214036979,1.7758351505279473,1.785957742188799,0.5925330785300704,1.4159382709341128,MEASURED,
B3,S3a,30,540.0,570.0,99.43321214036979,256.3355716561267,257.79673223696926,158.81468548782792,0.0,MEASURED,
B4,S3a,30,540.0,570.0,99.43321214036979,164.24946899209718,165.18572160801395,100.73230813868015,1.4159382709341128,MEASURED,
X,S3a,30,540.0,570.0,99.43321214036979,83.1140134217063,83.5877788041025,37.86113705331964,-2.7567526071504886,MEASURED,
CURRENT,S3a,30,540.0,570.0,,,,,,NOT_FOUND,No dedicated IO-VNBD model found
B1,S3a,30,600.0,630.0,406.861242645971,232.424781514672,57.126301832813226,127.97438395409792,-0.8980109712734996,MEASURED,
B2,S3a,30,600.0,630.0,406.861242645971,4.146877694546561,1.0192363537941982,2.1534395151791657,-0.8980109712734996,MEASURED,
B3,S3a,30,600.0,630.0,406.861242645971,232.46922935305483,57.13722640210712,127.99440280832786,0.0,MEASURED,
B4,S3a,30,600.0,630.0,406.861242645971,117.53499369037225,28.88822560880908,61.02913039794166,-0.8980109712734996,MEASURED,
X,S3a,30,600.0,630.0,406.861242645971,87.56656960259585,21.52246525943775,39.43558508880018,-1.81847605457591,MEASURED,
CURRENT,S3a,30,600.0,630.0,,,,,,NOT_FOUND,No dedicated IO-VNBD model found
B1,S3a,30,660.0,690.0,420.0681271811344,8.31830461395743,1.9802275097083375,3.4355116071066063,0.6433148373904387,MEASURED,
B2,S3a,30,660.0,690.0,420.0681271811344,5.977192851754647,1.4229103483438692,3.105236021937276,0.6433148373904387,MEASURED,
B3,S3a,30,660.0,690.0,420.0681271811344,5.967594312730924,1.4206253525532733,1.5682875411133061,0.0,MEASURED,
B4,S3a,30,660.0,690.0,420.0681271811344,7.741619464523665,1.842943790207025,3.3027310003733534,0.6433148373904387,MEASURED,
X,S3a,30,660.0,690.0,420.0681271811344,29.405632974174186,7.0002056979425165,13.715884723562011,-3.012475971479343,MEASURED,
CURRENT,S3a,30,660.0,690.0,,,,,,NOT_FOUND,No dedicated IO-VNBD model found
B1,S3a,30,720.0,750.0,509.0550160976843,94.27236094757565,18.5190908578505,50.597560579806746,3.2774208095438873,MEASURED,
B2,S3a,30,720.0,750.0,509.0550160976843,36.53533147982887,7.177088983407243,19.988871735406505,3.2774208095438873,MEASURED,
B3,S3a,30,720.0,750.0,509.0550160976843,88.05124147486666,17.296999084666755,47.41760376350632,0.0,MEASURED,
B4,S3a,30,720.0,750.0,509.0550160976843,64.11794043007328,12.595483474770331,30.943448216479467,3.2774208095438873,MEASURED,
X,S3a,30,720.0,750.0,509.0550160976843,33.72234854354661,6.624499803981013,17.57927757351609,3.152143644805334,MEASURED,
CURRENT,S3a,30,720.0,750.0,,,,,,NOT_FOUND,No dedicated IO-VNBD model found
B1,S3a,30,780.0,810.0,414.66927281147946,63.51975550978107,15.318172740196975,33.88275860003604,-0.12585366111176902,MEASURED,
B2,S3a,30,780.0,810.0,414.66927281147946,1.0798883831490544,0.2604216067969914,1.472341415903616,-0.12585366111176902,MEASURED,
B3,S3a,30,780.0,810.0,414.66927281147946,63.89363276158347,15.408335497921339,33.97601133347518,0.0,MEASURED,
B4,S3a,30,780.0,810.0,414.66927281147946,44.18091646012453,10.654494884700666,24.10256633139618,-0.12585366111176902,MEASURED,
X,S3a,30,780.0,810.0,414.66927281147946,48.18076503075654,11.619082529093227,29.425931164049807,1.1311421423710408,MEASURED,
CURRENT,S3a,30,780.0,810.0,,,,,,NOT_FOUND,No dedicated IO-VNBD model found
B1,S3a,30,840.0,870.0,644.345425906713,39.22601573103849,6.087730921010301,30.051910236488098,-1.4120478348679941,MEASURED,
B2,S3a,30,840.0,870.0,644.345425906713,1.1599093362071315,0.18001359047050344,2.254140981281992,-1.4120478348679941,MEASURED,
B3,S3a,30,840.0,870.0,644.345425906713,40.577547032963984,6.297483523820144,30.55347693072785,0.0,MEASURED,
B4,S3a,30,840.0,870.0,644.345425906713,22.37115635372999,3.471919789334989,20.33582123109257,-1.4120478348679941,MEASURED,
X,S3a,30,840.0,870.0,644.345425906713,19.666494944236945,3.052166455059808,9.69289656235347,1.710497123601216,MEASURED,
CURRENT,S3a,30,840.0,870.0,,,,,,NOT_FOUND,No dedicated IO-VNBD model found
B1,S3a,30,900.0,930.0,243.11220878905502,311.9139625104069,128.3004107708347,222.5432540404686,-1.9421256142041274,MEASURED,
B2,S3a,30,900.0,930.0,243.11220878905502,1.7519145069068982,0.7206197153294795,1.371097436052797,-1.9421256142041274,MEASURED,
B3,S3a,30,900.0,930.0,243.11220878905502,314.47427740194604,129.3535519949189,223.09499397223362,0.0,MEASURED,
B4,S3a,30,900.0,930.0,243.11220878905502,144.16879666658264,59.30133965080949,111.5338831964988,-1.9421256142041274,MEASURED,
X,S3a,30,900.0,930.0,243.11220878905502,24.80580953833781,10.203440486142537,12.168678602924244,2.1310324035847223,MEASURED,
CURRENT,S3a,30,900.0,930.0,,,,,,NOT_FOUND,No dedicated IO-VNBD model found
B1,S3a,30,960.0,990.0,732.868840313964,212.01846573641492,28.929933171341453,122.80572345116036,4.82484002938686,MEASURED,
B2,S3a,30,960.0,990.0,732.868840313964,26.853365132122715,3.664143384867969,10.43946276320858,4.82484002938686,MEASURED,
B3,S3a,30,960.0,990.0,732.868840313964,210.20505712089957,28.68249345010314,122.65069334333467,0.0,MEASURED,
B4,S3a,30,960.0,990.0,732.868840313964,145.19239667336248,19.811511785814425,81.09263560090673,4.82484002938686,MEASURED,
X,S3a,30,960.0,990.0,732.868840313964,61.690445011644435,8.417665156184835,25.551424767236565,3.2365639738930936,MEASURED,
CURRENT,S3a,30,960.0,990.0,,,,,,NOT_FOUND,No dedicated IO-VNBD model found
B1,S3a,30,1020.0,1050.0,537.0785379362178,205.68293388912235,38.2966213245983,107.80296007515032,3.432402615270934,MEASURED,
B2,S3a,30,1020.0,1050.0,537.0785379362178,20.0408345303852,3.7314532446956954,9.90216353292593,3.432402615270934,MEASURED,
B3,S3a,30,1020.0,1050.0,537.0785379362178,203.57611547768713,37.90434752056009,107.05995279637253,0.0,MEASURED,
B4,S3a,30,1020.0,1050.0,537.0785379362178,184.26505916982458,34.308773513438645,95.81595130819969,3.432402615270934,MEASURED,
X,S3a,30,1020.0,1050.0,537.0785379362178,31.997831424881674,5.957756485268764,15.45974449828849,1.3654534706924262,MEASURED,
CURRENT,S3a,30,1020.0,1050.0,,,,,,NOT_FOUND,No dedicated IO-VNBD model found
B1,S3a,30,1080.0,1110.0,672.8762385468226,48.95133553996998,7.274938946527187,28.290777892716378,-1.4670972365868067,MEASURED,
B2,S3a,30,1080.0,1110.0,672.8762385468226,14.63755349660399,2.175370842075801,6.595907598851926,-1.4670972365868067,MEASURED,
B3,S3a,30,1080.0,1110.0,672.8762385468226,46.73041179684972,6.944874721356051,27.484714046520356,0.0,MEASURED,
B4,S3a,30,1080.0,1110.0,672.8762385468226,15.077524106687392,2.240757399793099,7.0512382194667005,-1.4670972365868067,MEASURED,
X,S3a,30,1080.0,1110.0,672.8762385468226,103.00587038727988,15.308293633571687,49.28734682527344,0.20672542669980604,MEASURED,
CURRENT,S3a,30,1080.0,1110.0,,,,,,NOT_FOUND,No dedicated IO-VNBD model found
B1,S3a,30,1140.0,1170.0,518.9874646643771,11.879449495971812,2.288966555994586,7.985794321072134,0.13805830157536841,MEASURED,
B2,S3a,30,1140.0,1170.0,518.9874646643771,4.3526580095044345,0.8386826861645389,2.705451159589952,0.13805830157536841,MEASURED,
B3,S3a,30,1140.0,1170.0,518.9874646643771,11.184141094763048,2.154992529924725,7.628064527411214,0.0,MEASURED,
B4,S3a,30,1140.0,1170.0,518.9874646643771,16.702403867632512,3.21826730023889,10.97197393827056,0.13805830157536841,MEASURED,
X,S3a,30,1140.0,1170.0,518.9874646643771,40.4468817600766,7.793421713226371,17.55244115769033,2.085915663744145,MEASURED,
CURRENT,S3a,30,1140.0,1170.0,,,,,,NOT_FOUND,No dedicated IO-VNBD model found
B1,S3a,30,1200.0,1230.0,531.0123927604616,16.33888482339404,3.076930980547656,9.255284732921531,0.573733057288653,MEASURED,
B2,S3a,30,1200.0,1230.0,531.0123927604616,4.409752968486457,0.830442571323507,3.1070985427069413,0.573733057288653,MEASURED,
B3,S3a,30,1200.0,1230.0,531.0123927604616,15.47213005531748,2.9137041369007974,8.59936989106956,0.0,MEASURED,
B4,S3a,30,1200.0,1230.0,531.0123927604616,15.499058304869907,2.918775251985785,7.719391459277847,0.573733057288653,MEASURED,
X,S3a,30,1200.0,1230.0,531.0123927604616,76.14492429674905,14.339575749053722,39.14174257122299,1.174401330178826,MEASURED,
CURRENT,S3a,30,1200.0,1230.0,,,,,,NOT_FOUND,No dedicated IO-VNBD model found
B1,S3a,30,1260.0,1290.0,370.1651019093864,20.42001522195834,5.516461469929978,10.799453600743899,-4.867581487359803,MEASURED,
B2,S3a,30,1260.0,1290.0,370.1651019093864,7.740920328873173,2.0912074879409057,3.0417668201721053,-4.867581487359803,MEASURED,
B3,S3a,30,1260.0,1290.0,370.1651019093864,20.3658650372371,5.501832812489846,10.593089345562413,0.0,MEASURED,
B4,S3a,30,1260.0,1290.0,370.1651019093864,46.224682657207666,12.48758524743997,29.094061340795214,-4.867581487359803,MEASURED,
X,S3a,30,1260.0,1290.0,370.1651019093864,86.03032720733471,23.241069123905223,41.51189818219394,1.929917833655541,MEASURED,
CURRENT,S3a,30,1260.0,1290.0,,,,,,NOT_FOUND,No dedicated IO-VNBD model found
B1,S3a,30,1320.0,1350.0,15.271618291752095,327.0269082003835,2141.403104456876,186.60718466611127,176.1992303984492,MEASURED,
B2,S3a,30,1320.0,1350.0,15.271618291752095,8.157550255339817,53.41641009810697,6.565460562537526,176.1992303984492,MEASURED,
B3,S3a,30,1320.0,1350.0,15.271618291752095,177.52357967352384,1162.441178675877,80.12007192847132,0.0,MEASURED,
B4,S3a,30,1320.0,1350.0,15.271618291752095,125.42788294279242,821.3136325606932,68.63735264683679,176.1992303984492,MEASURED,
X,S3a,30,1320.0,1350.0,15.271618291752095,114.39066648279675,749.0408959774547,49.928467696492234,-178.74699741940583,MEASURED,
CURRENT,S3a,30,1320.0,1350.0,,,,,,NOT_FOUND,No dedicated IO-VNBD model found
B1,S3a,30,1560.0,1590.0,369.1919049565509,52.88034467186149,14.32326764534147,32.17603878257092,3.4783221378999643,MEASURED,
B2,S3a,30,1560.0,1590.0,369.1919049565509,13.551705557358794,3.670639950503155,7.404375625788053,3.4783221378999643,MEASURED,
B3,S3a,30,1560.0,1590.0,369.1919049565509,51.33869111018035,13.905692519510213,31.456809813795765,0.0,MEASURED,
B4,S3a,30,1560.0,1590.0,369.1919049565509,27.78290433105442,7.5253286862625295,16.62950564350004,3.4783221378999643,MEASURED,
X,S3a,30,1560.0,1590.0,369.1919049565509,45.55121893727561,12.338087137267106,20.596003711756907,1.2181540568794662,MEASURED,
CURRENT,S3a,30,1560.0,1590.0,,,,,,NOT_FOUND,No dedicated IO-VNBD model found
B1,S3a,30,1620.0,1650.0,332.16873820755893,15.278308928670953,4.59956256302607,10.783540031065922,2.8043263825799003,MEASURED,
B2,S3a,30,1620.0,1650.0,332.16873820755893,17.861960141605433,5.377375438155836,9.811536270140886,2.8043263825799003,MEASURED,
B3,S3a,30,1620.0,1650.0,332.16873820755893,4.108391546938173,1.2368387130913578,6.782728788972199,0.0,MEASURED,
B4,S3a,30,1620.0,1650.0,332.16873820755893,15.819554963584304,4.762505661715612,10.170322959206011,2.8043263825799003,MEASURED,
X,S3a,30,1620.0,1650.0,332.16873820755893,4.421803259839383,1.331191876664918,3.162269419421909,-1.603415814144387,MEASURED,
CURRENT,S3a,30,1620.0,1650.0,,,,,,NOT_FOUND,No dedicated IO-VNBD model found
B1,S3a,30,1680.0,1710.0,311.65832958485635,31.37582156508994,10.067377825865917,23.730715138559457,1.8652139961873468,MEASURED,
B2,S3a,30,1680.0,1710.0,311.65832958485635,15.076755344063166,4.837591013256766,9.273450519685312,1.8652139961873468,MEASURED,
B3,S3a,30,1680.0,1710.0,311.65832958485635,27.64599222171181,8.870609124594097,21.632834701654506,0.0,MEASURED,
B4,S3a,30,1680.0,1710.0,311.65832958485635,39.411557243374595,12.64575771033383,27.121315282323604,1.8652139961873468,MEASURED,
X,S3a,30,1680.0,1710.0,311.65832958485635,64.05308112883102,20.552340511531575,29.696538636041783,-0.5177670562824016,MEASURED,
CURRENT,S3a,30,1680.0,1710.0,,,,,,NOT_FOUND,No dedicated IO-VNBD model found
B1,S3a,30,1740.0,1770.0,277.6254826720805,50.92801712462133,18.344143568685066,34.993414270114485,-0.350997955110166,MEASURED,
B2,S3a,30,1740.0,1770.0,277.6254826720805,0.9164069294364703,0.3300874691387359,0.5802327394978325,-0.350997955110166,MEASURED,
B3,S3a,30,1740.0,1770.0,277.6254826720805,50.84500474772411,18.31424271949131,34.964621238796376,0.0,MEASURED,
B4,S3a,30,1740.0,1770.0,277.6254826720805,37.44349382111373,13.48705221895657,25.361317331669767,-0.350997955110166,MEASURED,
X,S3a,30,1740.0,1770.0,277.6254826720805,4.673783718321393,1.6834851301607168,4.3667749628400285,-0.7413269056443774,MEASURED,
CURRENT,S3a,30,1740.0,1770.0,,,,,,NOT_FOUND,No dedicated IO-VNBD model found
B1,S3a,30,1860.0,1890.0,291.01459678235324,106.92130637969787,36.74087401865385,58.58416490847691,-0.5105505436401058,MEASURED,
B2,S3a,30,1860.0,1890.0,291.01459678235324,6.027724616711213,2.0712791328536984,4.153897677442838,-0.5105505436401058,MEASURED,
B3,S3a,30,1860.0,1890.0,291.01459678235324,106.62565973650955,36.63928232996978,58.329613608142786,0.0,MEASURED,
B4,S3a,30,1860.0,1890.0,291.01459678235324,123.3342985087139,42.380794596689704,68.79890718230075,-0.5105505436401058,MEASURED,
X,S3a,30,1860.0,1890.0,291.01459678235324,94.39988841339955,32.43819707229333,39.23631954668029,-0.9693653781022529,MEASURED,
CURRENT,S3a,30,1860.0,1890.0,,,,,,NOT_FOUND,No dedicated IO-VNBD model found
B1,S3a,30,1920.0,1950.0,121.18329118830425,100.65782132113821,83.06245880443045,74.46553471846231,1.1629243186887825,MEASURED,
B2,S3a,30,1920.0,1950.0,121.18329118830425,11.801694930164913,9.738714648231907,9.070262785124765,1.1629243186887825,MEASURED,
B3,S3a,30,1920.0,1950.0,121.18329118830425,8.983193647158108,7.412897899595173,17.248260624430156,0.0,MEASURED,
B4,S3a,30,1920.0,1950.0,121.18329118830425,95.0508617386491,78.43561666513209,69.57761900574323,1.1629243186887825,MEASURED,
X,S3a,30,1920.0,1950.0,121.18329118830425,37.09211214586424,30.60827262747598,24.770248063517645,3.1793549179406093,MEASURED,
CURRENT,S3a,30,1920.0,1950.0,,,,,,NOT_FOUND,No dedicated IO-VNBD model found
B1,S3a,30,1980.0,2010.0,245.3539872903013,38.34989461577779,15.63043463826102,27.124780003359092,-2.0887642100622736,MEASURED,
B2,S3a,30,1980.0,2010.0,245.3539872903013,10.194881702089603,4.155172620050834,6.575243965560928,-2.0887642100622736,MEASURED,
B3,S3a,30,1980.0,2010.0,245.3539872903013,32.88863489544087,13.404565077039994,24.63595624157272,0.0,MEASURED,
B4,S3a,30,1980.0,2010.0,245.3539872903013,94.29868122868128,38.43372682470722,41.44065489899681,-2.0887642100622736,MEASURED,
X,S3a,30,1980.0,2010.0,245.3539872903013,129.5478062965664,52.800367227489254,71.35916752117197,2.951738196553467,MEASURED,
CURRENT,S3a,30,1980.0,2010.0,,,,,,NOT_FOUND,No dedicated IO-VNBD model found
B1,S3a,30,2040.0,2070.0,268.4572031226013,42.92866509322231,15.99087846922747,27.91240682726343,5.966927746175198,MEASURED,
B2,S3a,30,2040.0,2070.0,268.4572031226013,11.004257157496209,4.0990731593335905,4.245948992467993,5.966927746175198,MEASURED,
B3,S3a,30,2040.0,2070.0,268.4572031226013,43.484636144791295,16.197977047735375,28.427955387116885,0.0,MEASURED,
B4,S3a,30,2040.0,2070.0,268.4572031226013,41.698256978026976,15.532552858707934,27.732533524609007,5.966927746175198,MEASURED,
X,S3a,30,2040.0,2070.0,268.4572031226013,7.783482418059784,2.8993382660345897,3.699413771371044,0.7285169310017277,MEASURED,
CURRENT,S3a,30,2040.0,2070.0,,,,,,NOT_FOUND,No dedicated IO-VNBD model found
B1,S3a,30,2100.0,2130.0,156.03655141551914,20.074973898521208,12.865558560738982,15.061094375195777,1.0077845472264215,MEASURED,
B2,S3a,30,2100.0,2130.0,156.03655141551914,1.9194752149178582,1.2301446023415195,1.4126793541099696,1.0077845472264215,MEASURED,
B3,S3a,30,2100.0,2130.0,156.03655141551914,19.98102703613012,12.805350320080734,14.614744124339602,0.0,MEASURED,
B4,S3a,30,2100.0,2130.0,156.03655141551914,17.475198855560414,11.199426478623366,8.091681284254404,1.0077845472264215,MEASURED,
X,S3a,30,2100.0,2130.0,156.03655141551914,7.907692357016165,5.0678461458420045,8.782362122232191,4.158320810795212,MEASURED,
CURRENT,S3a,30,2100.0,2130.0,,,,,,NOT_FOUND,No dedicated IO-VNBD model found
B1,S3a,30,2160.0,2190.0,151.50896194436422,46.30242842972596,30.560851210061575,39.6993298432791,2.245792636597805,MEASURED,
B2,S3a,30,2160.0,2190.0,151.50896194436422,1.1318386685711317,0.7470440388778821,0.8059291309985706,2.245792636597805,MEASURED,
B3,S3a,30,2160.0,2190.0,151.50896194436422,46.31976341675582,30.572292768902315,40.14013480222091,0.0,MEASURED,
B4,S3a,30,2160.0,2190.0,151.50896194436422,39.163249376491656,25.848800542157264,34.19991954023747,2.245792636597805,MEASURED,
X,S3a,30,2160.0,2190.0,151.50896194436422,16.658268246337162,10.9949061973339,10.385614501905268,3.6242102465904242,MEASURED,
CURRENT,S3a,30,2160.0,2190.0,,,,,,NOT_FOUND,No dedicated IO-VNBD model found
B1,S3a,30,2220.0,2250.0,260.95276798739087,119.67423830104427,45.86049775368808,69.56685115222197,0.8089641798775938,MEASURED,
B2,S3a,30,2220.0,2250.0,260.95276798739087,2.0019039089964146,0.7671518200156228,0.7901222062553719,0.8089641798775938,MEASURED,
B3,S3a,30,2220.0,2250.0,260.95276798739087,120.06246404813965,46.009270173344554,69.6595513458201,0.0,MEASURED,
B4,S3a,30,2220.0,2250.0,260.95276798739087,119.81169692050679,45.913173423895635,72.19208279769497,0.8089641798775938,MEASURED,
X,S3a,30,2220.0,2250.0,260.95276798739087,6.001459349298932,2.299825901670037,1.9435727477269702,0.4691863235554705,MEASURED,
CURRENT,S3a,30,2220.0,2250.0,,,,,,NOT_FOUND,No dedicated IO-VNBD model found
B1,S3a,30,2280.0,2310.0,161.38483896741846,2.8869927658834325,1.7888872240757878,3.87763509985126,-2.0161537184204916,MEASURED,
B2,S3a,30,2280.0,2310.0,161.38483896741846,0.18455884976004325,0.11435947201787852,0.6923460606853163,-2.0161537184204916,MEASURED,
B3,S3a,30,2280.0,2310.0,161.38483896741846,3.398782968134358,2.1060113142477586,4.470632792470851,0.0,MEASURED,
B4,S3a,30,2280.0,2310.0,161.38483896741846,17.282300795358964,10.7087511478374,9.911075427578767,-2.0161537184204916,MEASURED,
X,S3a,30,2280.0,2310.0,161.38483896741846,15.105173320474849,9.359722646266908,9.647564971874681,1.6629263733185125,MEASURED,
CURRENT,S3a,30,2280.0,2310.0,,,,,,NOT_FOUND,No dedicated IO-VNBD model found
B1,S3a,30,2340.0,2370.0,211.56564309136434,76.74963224587823,36.27698293750559,62.42033321640877,1.2180423893600119,MEASURED,
B2,S3a,30,2340.0,2370.0,211.56564309136434,2.157666019367209,1.0198565267213184,1.824241932537421,1.2180423893600119,MEASURED,
B3,S3a,30,2340.0,2370.0,211.56564309136434,76.79801913296701,36.29985379989221,62.42549233628927,0.0,MEASURED,
B4,S3a,30,2340.0,2370.0,211.56564309136434,41.54487577553208,19.636872588802603,39.52054738738695,1.2180423893600119,MEASURED,
X,S3a,30,2340.0,2370.0,211.56564309136434,37.02182125212764,17.498976067744522,19.828991837754643,2.6298693338212034,MEASURED,
CURRENT,S3a,30,2340.0,2370.0,,,,,,NOT_FOUND,No dedicated IO-VNBD model found
B1,S3a,30,2400.0,2430.0,339.85558230688434,50.773793348356335,14.939814436388568,25.192498086551755,-9.946981099243471,MEASURED,
B2,S3a,30,2400.0,2430.0,339.85558230688434,42.15398434018334,12.403499172810099,23.660011891611703,-9.946981099243471,MEASURED,
B3,S3a,30,2400.0,2430.0,339.85558230688434,33.30501951168239,9.79975649822002,9.136928248324919,0.0,MEASURED,
B4,S3a,30,2400.0,2430.0,339.85558230688434,66.03788153753749,19.431159873639004,29.874384405154636,-9.946981099243471,MEASURED,
X,S3a,30,2400.0,2430.0,339.85558230688434,45.584482222540785,13.412897888309129,21.058204410298824,2.691383203609425,MEASURED,
CURRENT,S3a,30,2400.0,2430.0,,,,,,NOT_FOUND,No dedicated IO-VNBD model found
B1,S3a,60,60.0,120.0,481.47856665956067,75.9904704941576,15.782731726018499,48.409839351840155,3.6352584659241614,MEASURED,
B2,S3a,60,60.0,120.0,481.47856665956067,25.321861122570827,5.259187610001168,13.138097732656107,3.6352584659241614,MEASURED,
B3,S3a,60,60.0,120.0,481.47856665956067,58.43692998826559,12.136974319271127,39.31928920843109,0.0,MEASURED,
B4,S3a,60,60.0,120.0,481.47856665956067,67.83078693813182,14.088017958667095,43.655739137051555,3.6352584659241614,MEASURED,
X,S3a,60,60.0,120.0,481.47856665956067,231.85728169495044,48.15526541576873,105.67422625909047,4.162656674869734,MEASURED,
CURRENT,S3a,60,60.0,120.0,,,,,,NOT_FOUND,No dedicated IO-VNBD model found
B1,S3a,60,120.0,180.0,722.8376349746867,224.43611960250007,31.049312977507,125.98200655603083,7.4180318720241765,MEASURED,
B2,S3a,60,120.0,180.0,722.8376349746867,61.18966632481881,8.46520205425685,30.59089588189549,7.4180318720241765,MEASURED,
B3,S3a,60,120.0,180.0,722.8376349746867,214.3329859382221,29.651608544943553,120.73314370687191,0.0,MEASURED,
B4,S3a,60,120.0,180.0,722.8376349746867,134.2669824319773,18.574985022283634,77.4409704956518,7.4180318720241765,MEASURED,
X,S3a,60,120.0,180.0,722.8376349746867,83.42963616844199,11.541960757392447,36.71105787597086,1.020670211633215,MEASURED,
CURRENT,S3a,60,120.0,180.0,,,,,,NOT_FOUND,No dedicated IO-VNBD model found
B1,S3a,60,180.0,240.0,507.4914292384312,254.35807636174619,50.12066445012668,138.82906982486583,0.26615240787562033,MEASURED,
B2,S3a,60,180.0,240.0,507.4914292384312,23.114933664323186,4.5547436533087255,16.13682687871485,0.26615240787562033,MEASURED,
B3,S3a,60,180.0,240.0,507.4914292384312,254.62183202763472,50.172636887628606,139.36592713158728,0.0,MEASURED,
B4,S3a,60,180.0,240.0,507.4914292384312,279.6833961349437,55.11095951997683,144.20116512470705,0.26615240787562033,MEASURED,
X,S3a,60,180.0,240.0,507.4914292384312,103.75845005080289,20.445360073668315,65.43307036336469,-12.318421833684187,MEASURED,
CURRENT,S3a,60,180.0,240.0,,,,,,NOT_FOUND,No dedicated IO-VNBD model found
B1,S3a,60,240.0,300.0,709.9719364105442,103.76699175784987,14.615646962395731,79.14461979390039,-1.762452326531137,MEASURED,
B2,S3a,60,240.0,300.0,709.9719364105442,63.994382204047824,9.013649543331077,44.24711810259628,-1.762452326531137,MEASURED,
B3,S3a,60,240.0,300.0,709.9719364105442,83.96281573951923,11.826216140882417,68.14971765076153,0.0,MEASURED,
B4,S3a,60,240.0,300.0,709.9719364105442,123.6530794035372,17.416615088858148,66.64135495887353,-1.762452326531137,MEASURED,
X,S3a,60,240.0,300.0,709.9719364105442,67.71534253556382,9.537749178920665,38.06671028935367,-8.004666965691278,MEASURED,
CURRENT,S3a,60,240.0,300.0,,,,,,NOT_FOUND,No dedicated IO-VNBD model found
B1,S3a,60,360.0,420.0,577.5174241289476,229.55109662136866,39.74790838001014,76.20947646327605,4.2504191459936,MEASURED,
B2,S3a,60,360.0,420.0,577.5174241289476,24.104691166014973,4.173846564434201,17.824883337785675,4.2504191459936,MEASURED,
B3,S3a,60,360.0,420.0,577.5174241289476,225.9117426209126,39.117736224434886,72.9675074164392,0.0,MEASURED,
B4,S3a,60,360.0,420.0,577.5174241289476,199.1972731102207,34.491993624376626,64.9853048733876,4.2504191459936,MEASURED,
X,S3a,60,360.0,420.0,577.5174241289476,277.5977747707976,48.06742847447246,116.83684598523503,1.2556613098919172,MEASURED,
CURRENT,S3a,60,360.0,420.0,,,,,,NOT_FOUND,No dedicated IO-VNBD model found
B1,S3a,60,420.0,480.0,628.0080587183157,367.62007291317235,58.53747699725987,205.91232203878798,-0.8268551812037253,MEASURED,
B2,S3a,60,420.0,480.0,628.0080587183157,1.1987594467277747,0.19088281274197175,1.942843077958039,-0.8268551812037253,MEASURED,
B3,S3a,60,420.0,480.0,628.0080587183157,367.708112466685,58.55149585454847,206.00628066325518,0.0,MEASURED,
B4,S3a,60,420.0,480.0,628.0080587183157,318.8308351288447,50.768589782038426,179.59483659155916,-0.8268551812037253,MEASURED,
X,S3a,60,420.0,480.0,628.0080587183157,245.0941493218429,39.02722997250207,117.21691452749137,4.546490500754886,MEASURED,
CURRENT,S3a,60,420.0,480.0,,,,,,NOT_FOUND,No dedicated IO-VNBD model found
B1,S3a,60,480.0,540.0,662.3747566682528,141.92455490729213,21.426624954908174,79.35024368869207,5.995170068005443,MEASURED,
B2,S3a,60,480.0,540.0,662.3747566682528,40.13493724958212,6.0592492158760685,18.426641179175007,5.995170068005443,MEASURED,
B3,S3a,60,480.0,540.0,662.3747566682528,128.1714138163818,19.35028660528738,73.18200897764257,0.0,MEASURED,
B4,S3a,60,480.0,540.0,662.3747566682528,120.70400021209709,18.22291670945291,68.32578214200613,5.995170068005443,MEASURED,
X,S3a,60,480.0,540.0,662.3747566682528,15.37976199631899,2.321912458391265,6.579388362176266,-2.2886786341252847,MEASURED,
CURRENT,S3a,60,480.0,540.0,,,,,,NOT_FOUND,No dedicated IO-VNBD model found
B1,S3a,60,540.0,600.0,135.36381723121653,575.2474868562467,424.96399600911053,332.03383404641295,1.5394475354599184,MEASURED,
B2,S3a,60,540.0,600.0,135.36381723121653,3.0327988104310797,2.2404796735679526,1.3550955378721607,1.5394475354599184,MEASURED,
B3,S3a,60,540.0,600.0,135.36381723121653,574.4633277542572,424.38469858825687,332.0262011095156,0.0,MEASURED,
B4,S3a,60,540.0,600.0,135.36381723121653,418.1513484531831,308.9092469510769,231.96911021955336,1.5394475354599184,MEASURED,
X,S3a,60,540.0,600.0,135.36381723121653,282.25454832091066,208.5155059115896,134.19454198039173,-1.5364265393172134,MEASURED,
CURRENT,S3a,60,540.0,600.0,,,,,,NOT_FOUND,No dedicated IO-VNBD model found
B1,S3a,60,600.0,660.0,826.9437733280733,481.4670468677857,58.22246474268732,274.5953766355528,-0.09306548342276838,MEASURED,
B2,S3a,60,600.0,660.0,826.9437733280733,4.387919496719078,0.5306188447443886,3.5000474738271348,-0.09306548342276838,MEASURED,
B3,S3a,60,600.0,660.0,826.9437733280733,481.4205259676584,58.21683910021588,274.58689255142303,0.0,MEASURED,
B4,S3a,60,600.0,660.0,826.9437733280733,264.6165325682044,31.99933793602955,146.21747265850675,-0.09306548342276838,MEASURED,
X,S3a,60,600.0,660.0,826.9437733280733,267.4174165043241,32.33804100466109,131.69136031133644,-3.511137410980993,MEASURED,
CURRENT,S3a,60,600.0,660.0,,,,,,NOT_FOUND,No dedicated IO-VNBD model found
B1,S3a,60,660.0,720.0,854.6871608231987,27.0629970667459,3.1664213886961825,13.05615150626464,-3.53064287607145,MEASURED,
B2,S3a,60,660.0,720.0,854.6871608231987,3.2348863911111074,0.37848777182933235,3.81991721833559,-3.53064287607145,MEASURED,
B3,S3a,60,660.0,720.0,854.6871608231987,26.35215854700227,3.0832519493589885,12.546419225529062,0.0,MEASURED,
B4,S3a,60,660.0,720.0,854.6871608231987,29.71519504917146,3.476733524410386,12.900243762177025,-3.53064287607145,MEASURED,
X,S3a,60,660.0,720.0,854.6871608231987,103.310180507097,12.08748478303956,48.667247630161256,-2.8883524282166473,MEASURED,
CURRENT,S3a,60,660.0,720.0,,,,,,NOT_FOUND,No dedicated IO-VNBD model found
B1,S3a,60,720.0,780.0,981.3923283268522,173.6299268740024,17.692203399431406,111.54953311803995,11.035033020958561,MEASURED,
B2,S3a,60,720.0,780.0,981.3923283268522,107.95512630127027,11.000200754097994,55.248191751423434,11.035033020958561,MEASURED,
B3,S3a,60,720.0,780.0,981.3923283268522,140.77729077816056,14.344649607987844,100.50069850654575,0.0,MEASURED,
B4,S3a,60,720.0,780.0,981.3923283268522,130.87038879067285,13.33517544546023,80.3949123209204,11.035033020958561,MEASURED,
X,S3a,60,720.0,780.0,981.3923283268522,99.63856392316659,10.152775913078262,41.82407325480971,4.306465850043954,MEASURED,
CURRENT,S3a,60,720.0,780.0,,,,,,NOT_FOUND,No dedicated IO-VNBD model found
B1,S3a,60,780.0,840.0,949.3809471438409,215.90685845893492,22.741857113151315,87.12066246888868,3.0939565863496434,MEASURED,
B2,S3a,60,780.0,840.0,949.3809471438409,6.104602892948065,0.6430087849680803,2.5742121832485654,3.0939565863496434,MEASURED,
B3,S3a,60,780.0,840.0,949.3809471438409,217.92099760894834,22.954010006683976,88.5408309670647,0.0,MEASURED,
B4,S3a,60,780.0,840.0,949.3809471438409,179.61789036113484,18.919474938011465,69.10654397641564,3.0939565863496434,MEASURED,
X,S3a,60,780.0,840.0,949.3809471438409,3.7456486856449693,0.3945359022543629,30.766702388417475,2.5727708216094713,MEASURED,
CURRENT,S3a,60,780.0,840.0,,,,,,NOT_FOUND,No dedicated IO-VNBD model found
B1,S3a,60,840.0,900.0,1293.3610609868529,78.45967710567585,6.066339823607339,43.587983909238616,2.84259884083745,MEASURED,
B2,S3a,60,840.0,900.0,1293.3610609868529,3.46557121648055,0.2679507927845199,4.752033127457488,2.84259884083745,MEASURED,
B3,S3a,60,840.0,900.0,1293.3610609868529,79.71261137587331,6.163214107826275,44.36337595166308,0.0,MEASURED,
B4,S3a,60,840.0,900.0,1293.3610609868529,31.92821878619721,2.468623785676331,21.372723980588756,2.84259884083745,MEASURED,
X,S3a,60,840.0,900.0,1293.3610609868529,48.93786358134636,3.7837743115604607,25.43100145965193,4.4010141698330125,MEASURED,
CURRENT,S3a,60,840.0,900.0,,,,,,NOT_FOUND,No dedicated IO-VNBD model found
B1,S3a,60,900.0,960.0,687.2371069429987,469.62555347942475,68.33530214461729,322.3881593416206,-2.0658234424602986,MEASURED,
B2,S3a,60,900.0,960.0,687.2371069429987,1.775526714176104,0.2583572243463522,1.6829335454684637,-2.0658234424602986,MEASURED,
B3,S3a,60,900.0,960.0,687.2371069429987,470.88963975607817,68.51923957521913,324.5525794348418,0.0,MEASURED,
B4,S3a,60,900.0,960.0,687.2371069429987,169.09680537389073,24.605307784685163,134.89914641277264,-2.0658234424602986,MEASURED,
X,S3a,60,900.0,960.0,687.2371069429987,65.55167702177191,9.538436786884521,33.549156913845394,6.251261962686757,MEASURED,
CURRENT,S3a,60,900.0,960.0,,,,,,NOT_FOUND,No dedicated IO-VNBD model found
B1,S3a,60,960.0,1020.0,1502.000637235229,457.4992853617347,30.459326981635993,258.2747175312583,0.3160660917981522,MEASURED,
B2,S3a,60,960.0,1020.0,1502.000637235229,38.37339750870585,2.5548189899133957,26.657536259720057,0.3160660917981522,MEASURED,
B3,S3a,60,960.0,1020.0,1502.000637235229,456.0698973713564,30.364161376845743,256.9649179884799,0.0,MEASURED,
B4,S3a,60,960.0,1020.0,1502.000637235229,339.9740006138954,22.634744099689215,185.17012594419654,0.3160660917981522,MEASURED,
X,S3a,60,960.0,1020.0,1502.000637235229,256.51068821575814,17.077934712992125,109.8986011855634,5.416056963494233,MEASURED,
CURRENT,S3a,60,960.0,1020.0,,,,,,NOT_FOUND,No dedicated IO-VNBD model found
B1,S3a,60,1020.0,1080.0,1108.6678127414975,381.8996268068121,34.44671365198709,232.61000832856982,5.795479339448605,MEASURED,
B2,S3a,60,1020.0,1080.0,1108.6678127414975,78.53305565756712,7.083551516064287,35.69189432667359,5.795479339448605,MEASURED,
B3,S3a,60,1020.0,1080.0,1108.6678127414975,370.6655202598249,33.43341585278359,226.78176491788847,0.0,MEASURED,
B4,S3a,60,1020.0,1080.0,1108.6678127414975,360.5287895748161,32.51909953832841,212.38335352571949,5.795479339448605,MEASURED,
X,S3a,60,1020.0,1080.0,1108.6678127414975,60.57633595474966,5.463885147432699,27.927294467614374,0.9504633379625679,MEASURED,
CURRENT,S3a,60,1020.0,1080.0,,,,,,NOT_FOUND,No dedicated IO-VNBD model found
B1,S3a,60,1080.0,1140.0,1218.373100747434,53.60398121045774,4.3996359717375055,33.898627235197466,-2.836444047463062,MEASURED,
B2,S3a,60,1080.0,1140.0,1218.373100747434,32.320423526037835,2.6527525522526934,16.675333949042795,-2.836444047463062,MEASURED,
B3,S3a,60,1080.0,1140.0,1218.373100747434,34.53326422426852,2.8343751354230853,27.880342665880654,0.0,MEASURED,
B4,S3a,60,1080.0,1140.0,1218.373100747434,96.10684795299038,7.88812949777304,37.17372534236308,-2.836444047463062,MEASURED,
X,S3a,60,1080.0,1140.0,1218.373100747434,244.97005886882124,20.106325288906966,136.79611239257642,2.31531155110746,MEASURED,
CURRENT,S3a,60,1080.0,1140.0,,,,,,NOT_FOUND,No dedicated IO-VNBD model found
B1,S3a,60,1140.0,1200.0,1012.7957866139195,49.62538496277683,4.899841174170895,23.386371417737195,0.406301233823757,MEASURED,
B2,S3a,60,1140.0,1200.0,1012.7957866139195,9.825549636801556,0.9701412433449511,5.719666378108316,0.406301233823757,MEASURED,
B3,S3a,60,1140.0,1200.0,1012.7957866139195,48.92575113111429,4.8307617169980315,22.773565020160323,0.0,MEASURED,
B4,S3a,60,1140.0,1200.0,1012.7957866139195,60.56795292190483,5.980272995052802,29.6482326857048,0.406301233823757,MEASURED,
X,S3a,60,1140.0,1200.0,1012.7957866139195,165.17589730380772,16.308904468890056,71.38540533670357,4.585511260660711,MEASURED,
CURRENT,S3a,60,1140.0,1200.0,,,,,,NOT_FOUND,No dedicated IO-VNBD model found
B1,S3a,60,1200.0,1260.0,957.7367181304702,74.32697213143841,7.760689417497411,22.052982466736356,-2.4395324427365552,MEASURED,
B2,S3a,60,1200.0,1260.0,957.7367181304702,3.081763293778975,0.32177562324170533,3.5456739553808125,-2.4395324427365552,MEASURED,
B3,S3a,60,1200.0,1260.0,957.7367181304702,74.6391449572222,7.79328426531667,21.969603142052154,0.0,MEASURED,
B4,S3a,60,1200.0,1260.0,957.7367181304702,48.292911091357304,5.042399458760071,14.987666571568958,-2.4395324427365552,MEASURED,
X,S3a,60,1200.0,1260.0,957.7367181304702,44.619299032191925,4.658827231693706,57.44462116947237,2.128159155373308,MEASURED,
CURRENT,S3a,60,1200.0,1260.0,,,,,,NOT_FOUND,No dedicated IO-VNBD model found
B1,S3a,60,1260.0,1320.0,687.7568086717223,104.16325366240682,15.145361317989607,45.20780620702169,-7.933130747654312,MEASURED,
B2,S3a,60,1260.0,1320.0,687.7568086717223,47.623204550660475,6.92442502207082,21.49453890379798,-7.933130747654312,MEASURED,
B3,S3a,60,1260.0,1320.0,687.7568086717223,92.52537074734603,13.453210434374618,40.82297009636338,0.0,MEASURED,
B4,S3a,60,1260.0,1320.0,687.7568086717223,77.10489875201127,11.211070218399643,49.09912323249459,-7.933130747654312,MEASURED,
X,S3a,60,1260.0,1320.0,687.7568086717223,332.50298389005366,48.34601122048111,146.36806349446914,6.683701079153486,MEASURED,
CURRENT,S3a,60,1260.0,1320.0,,,,,,NOT_FOUND,No dedicated IO-VNBD model found
B1,S3a,60,1320.0,1380.0,16.744339203840838,662.978424231236,3959.418261660401,380.3790511295919,176.17490261046825,MEASURED,
B2,S3a,60,1320.0,1380.0,16.744339203840838,7.775037361272009,46.43382618221543,7.274423624633283,176.17490261046825,MEASURED,
B3,S3a,60,1320.0,1380.0,16.744339203840838,515.3195586228271,3077.574769296494,260.8767369206913,0.0,MEASURED,
B4,S3a,60,1320.0,1380.0,16.744339203840838,270.4790759112425,1615.3463723979005,150.82406518528006,176.17490261046825,MEASURED,
X,S3a,60,1320.0,1380.0,16.744339203840838,486.7915773706255,2907.2008840991743,214.6351039877522,-177.91764428213463,MEASURED,
CURRENT,S3a,60,1320.0,1380.0,,,,,,NOT_FOUND,No dedicated IO-VNBD model found
B1,S3a,60,1560.0,1620.0,673.5862832323492,53.75351778070582,7.980197803725748,39.302467878230665,5.845392334326871,MEASURED,
B2,S3a,60,1560.0,1620.0,673.5862832323492,35.703231828381895,5.300468955076139,17.533069182944562,5.845392334326871,MEASURED,
B3,S3a,60,1560.0,1620.0,673.5862832323492,38.573447387164954,5.726578516721265,34.61202808854069,0.0,MEASURED,
B4,S3a,60,1560.0,1620.0,673.5862832323492,40.14303478929461,5.959598018632386,23.96606194735817,5.845392334326871,MEASURED,
X,S3a,60,1560.0,1620.0,673.5862832323492,96.26148182112223,14.29089104356323,57.429240772576584,0.1090016564927828,MEASURED,
CURRENT,S3a,60,1560.0,1620.0,,,,,,NOT_FOUND,No dedicated IO-VNBD model found
B1,S3a,60,1620.0,1680.0,663.5764083251756,26.085598669249578,3.93106179514247,17.093871870834796,1.3917025321279448,MEASURED,
B2,S3a,60,1620.0,1680.0,663.5764083251756,28.18279888415381,4.247106818532834,17.891361841432367,1.3917025321279448,MEASURED,
B3,S3a,60,1620.0,1680.0,663.5764083251756,7.646509819084661,1.1523179129264047,7.282442813790499,0.0,MEASURED,
B4,S3a,60,1620.0,1680.0,663.5764083251756,27.932181391248147,4.209339126709942,16.988019227267102,1.3917025321279448,MEASURED,
X,S3a,60,1620.0,1680.0,663.5764083251756,73.47087314676013,11.071953768247413,28.090669406180353,-3.3114643401811725,MEASURED,
CURRENT,S3a,60,1620.0,1680.0,,,,,,NOT_FOUND,No dedicated IO-VNBD model found
B1,S3a,60,1680.0,1740.0,628.9072278813103,49.959916034529485,7.943924607582679,26.650770710214296,2.5595036632529626,MEASURED,
B2,S3a,60,1680.0,1740.0,628.9072278813103,13.750617442486579,2.1864301812542766,12.381737924189261,2.5595036632529626,MEASURED,
B3,S3a,60,1680.0,1740.0,628.9072278813103,42.92100425930331,6.82469565565297,23.339889216850366,0.0,MEASURED,
B4,S3a,60,1680.0,1740.0,628.9072278813103,66.04175521798346,10.5010329489244,35.84474862672349,2.5595036632529626,MEASURED,
X,S3a,60,1680.0,1740.0,628.9072278813103,204.17025508468546,32.464288218232596,102.80199980151465,-0.18178863922104577,MEASURED,
CURRENT,S3a,60,1680.0,1740.0,,,,,,NOT_FOUND,No dedicated IO-VNBD model found
B1,S3a,60,1740.0,1800.0,491.61062104834724,64.85773096042513,13.192906781004377,42.594649318969374,-3.763521492750181,MEASURED,
B2,S3a,60,1740.0,1800.0,491.61062104834724,2.1105135491959066,0.4293059301068984,1.5025183788449947,-3.763521492750181,MEASURED,
B3,S3a,60,1740.0,1800.0,491.61062104834724,65.22583573493665,13.267784084046884,42.87328309631194,0.0,MEASURED,
B4,S3a,60,1740.0,1800.0,491.61062104834724,53.69406408240641,10.922071611859234,32.246821070665575,-3.763521492750181,MEASURED,
X,S3a,60,1740.0,1800.0,491.61062104834724,17.008621100315708,3.45977494628681,5.814226250804727,-7.082287822948399,MEASURED,
CURRENT,S3a,60,1740.0,1800.0,,,,,,NOT_FOUND,No dedicated IO-VNBD model found
B1,S3a,60,1860.0,1920.0,476.8645622176836,111.30347158102798,23.340688404985546,85.08002876463328,-2.441415024180992,MEASURED,
B2,S3a,60,1860.0,1920.0,476.8645622176836,8.266505040346788,1.7335121322295315,5.378273948208961,-2.441415024180992,MEASURED,
B3,S3a,60,1860.0,1920.0,476.8645622176836,108.80647496925337,22.817060354253034,84.03429181514,0.0,MEASURED,
B4,S3a,60,1860.0,1920.0,476.8645622176836,141.33880738387398,29.639192882475996,101.23668859817215,-2.441415024180992,MEASURED,
X,S3a,60,1860.0,1920.0,476.8645622176836,203.22313233832605,42.61653065457963,107.92221058906549,-0.5372542645919713,MEASURED,
CURRENT,S3a,60,1860.0,1920.0,,,,,,NOT_FOUND,No dedicated IO-VNBD model found
B1,S3a,60,1920.0,1980.0,329.8008482266964,126.63153746825168,38.39636500304223,95.53802993894,1.9491905709613169,MEASURED,
B2,S3a,60,1920.0,1980.0,329.8008482266964,12.878928227505247,3.9050621903351233,10.632480834057402,1.9491905709613169,MEASURED,
B3,S3a,60,1920.0,1980.0,329.8008482266964,22.526070831794573,6.830204031589011,18.718130769033856,0.0,MEASURED,
B4,S3a,60,1920.0,1980.0,329.8008482266964,110.66994685563485,33.5565986111604,87.05389886064195,1.9491905709613169,MEASURED,
X,S3a,60,1920.0,1980.0,329.8008482266964,40.05841483921136,12.146243726964663,31.961186212136415,5.321862121062976,MEASURED,
CURRENT,S3a,60,1920.0,1980.0,,,,,,NOT_FOUND,No dedicated IO-VNBD model found
B1,S3a,60,1980.0,2040.0,563.6414009073598,62.382083698769534,11.06769013034631,43.76307545040375,-1.6337406506585186,MEASURED,
B2,S3a,60,1980.0,2040.0,563.6414009073598,24.67313044579979,4.377451763848531,13.904576205547183,-1.6337406506585186,MEASURED,
B3,S3a,60,1980.0,2040.0,563.6414009073598,37.57427078151244,6.6663433028561645,32.11146284764021,0.0,MEASURED,
B4,S3a,60,1980.0,2040.0,563.6414009073598,105.71745612521511,18.756155235408418,75.08665784560839,-1.6337406506585186,MEASURED,
X,S3a,60,1980.0,2040.0,563.6414009073598,311.93527176274483,55.34286006325759,162.6269405221563,3.6427239395140534,MEASURED,
CURRENT,S3a,60,1980.0,2040.0,,,,,,NOT_FOUND,No dedicated IO-VNBD model found
B1,S3a,60,2040.0,2100.0,491.2945731242455,22.65956801106816,4.612216224366413,33.25892268419137,7.302154449093121,MEASURED,
B2,S3a,60,2040.0,2100.0,491.2945731242455,28.518098597424068,5.8046842276460495,15.657207449779849,7.302154449093121,MEASURED,
B3,S3a,60,2040.0,2100.0,491.2945731242455,39.03582518326087,7.945503027852281,35.18542056187303,0.0,MEASURED,
B4,S3a,60,2040.0,2100.0,491.2945731242455,11.428763748318145,2.3262548323382104,29.53551507088035,7.302154449093121,MEASURED,
X,S3a,60,2040.0,2100.0,491.2945731242455,38.40751915183091,7.817615185038463,14.431151216958826,2.4993922970168216,MEASURED,
CURRENT,S3a,60,2040.0,2100.0,,,,,,NOT_FOUND,No dedicated IO-VNBD model found
B1,S3a,60,2100.0,2160.0,325.8764251253547,36.135707775425125,11.08877629350599,21.865483456128125,1.1861779820161555,MEASURED,
B2,S3a,60,2100.0,2160.0,325.8764251253547,0.4175132225959762,0.12812010639780758,1.4072221031547418,1.1861779820161555,MEASURED,
B3,S3a,60,2100.0,2160.0,325.8764251253547,35.66819741220935,10.945313825168203,22.26030852437521,0.0,MEASURED,
B4,S3a,60,2100.0,2160.0,325.8764251253547,54.623693289794325,16.76208804266288,22.706952102155977,1.1861779820161555,MEASURED,
X,S3a,60,2100.0,2160.0,325.8764251253547,136.4491374921568,41.87143560313361,50.84517475175976,5.069406775095968,MEASURED,
CURRENT,S3a,60,2100.0,2160.0,,,,,,NOT_FOUND,No dedicated IO-VNBD model found
B1,S3a,60,2160.0,2220.0,377.99437796727574,47.42118886525251,12.545474649720298,39.47471488558652,5.40818141855736,MEASURED,
B2,S3a,60,2160.0,2220.0,377.99437796727574,11.051857316869661,2.9238152631535854,4.135042841831314,5.40818141855736,MEASURED,
B3,S3a,60,2160.0,2220.0,377.99437796727574,35.94327481082108,9.50894428750811,37.75591631617557,0.0,MEASURED,
B4,S3a,60,2160.0,2220.0,377.99437796727574,52.4368395139148,13.872386091005417,37.01106997167857,5.40818141855736,MEASURED,
X,S3a,60,2160.0,2220.0,377.99437796727574,53.11358494271274,14.051421936045559,28.32583646252707,4.053555608349363,MEASURED,
CURRENT,S3a,60,2160.0,2220.0,,,,,,NOT_FOUND,No dedicated IO-VNBD model found
B1,S3a,60,2220.0,2280.0,463.77697009871713,81.21022717494027,17.51062092575539,93.39410321431065,3.251852679917133,MEASURED,
B2,S3a,60,2220.0,2280.0,463.77697009871713,7.012048087785107,1.5119440032333988,2.7365934645427696,3.251852679917133,MEASURED,
B3,S3a,60,2220.0,2280.0,463.77697009871713,78.86983778113583,17.005984097129275,92.7663926563169,0.0,MEASURED,
B4,S3a,60,2220.0,2280.0,463.77697009871713,98.64673203165118,21.27029550662116,97.00483680913626,3.251852679917133,MEASURED,
X,S3a,60,2220.0,2280.0,463.77697009871713,20.172299218566742,4.349568978009618,8.237945509643971,-1.9413348790761809,MEASURED,
CURRENT,S3a,60,2220.0,2280.0,,,,,,NOT_FOUND,No dedicated IO-VNBD model found
B1,S3a,60,2280.0,2340.0,307.6463911948811,9.795812010805795,3.1841140644489334,5.5864093051008625,-2.8689995712672234,MEASURED,
B2,S3a,60,2280.0,2340.0,307.6463911948811,4.578667277517206,1.4882889604958218,2.142412228104307,-2.8689995712672234,MEASURED,
B3,S3a,60,2280.0,2340.0,307.6463911948811,10.540983806653475,3.426331043804185,6.917520158329484,0.0,MEASURED,
B4,S3a,60,2280.0,2340.0,307.6463911948811,29.178168470713725,9.484320084947974,21.51933606238429,-2.8689995712672234,MEASURED,
X,S3a,60,2280.0,2340.0,307.6463911948811,84.36986173371173,27.424297553442436,34.04513216351472,4.977705260807983,MEASURED,
CURRENT,S3a,60,2280.0,2340.0,,,,,,NOT_FOUND,No dedicated IO-VNBD model found
B1,S3a,60,2340.0,2400.0,589.2345402415509,291.78024772051674,49.51852408395887,136.60717146396155,0.6728010292638162,MEASURED,
B2,S3a,60,2340.0,2400.0,589.2345402415509,3.496438057142413,0.5933864731875838,2.534248554387402,0.6728010292638162,MEASURED,
B3,S3a,60,2340.0,2400.0,589.2345402415509,292.6740873875195,49.67021914016456,137.00636832304238,0.0,MEASURED,
B4,S3a,60,2340.0,2400.0,589.2345402415509,268.6719646742117,45.59677790851708,117.24683450943256,0.6728010292638162,MEASURED,
X,S3a,60,2340.0,2400.0,589.2345402415509,128.6910080614003,21.840370730582883,61.811517685202354,6.615728905087442,MEASURED,
CURRENT,S3a,60,2340.0,2400.0,,,,,,NOT_FOUND,No dedicated IO-VNBD model found
B1,S3a,60,2400.0,2460.0,545.654527344408,59.22450707571062,10.853846913713793,52.00817526462985,-14.191435153923358,MEASURED,
B2,S3a,60,2400.0,2460.0,545.654527344408,43.19561211638721,7.916293176675662,35.783491202146834,-14.191435153923358,MEASURED,
B3,S3a,60,2400.0,2460.0,545.654527344408,37.198537007887346,6.817232359259478,35.023203670425545,0.0,MEASURED,
B4,S3a,60,2400.0,2460.0,545.654527344408,69.7978208580373,12.791577336988183,62.01413514247184,-14.191435153923358,MEASURED,
X,S3a,60,2400.0,2460.0,545.654527344408,65.68211598886259,12.03730798469214,43.052139883711654,4.584315603496774,MEASURED,
CURRENT,S3a,60,2400.0,2460.0,,,,,,NOT_FOUND,No dedicated IO-VNBD model found
B1,S3a,120,60.0,180.0,1205.2802268080382,360.24902504449375,29.889233809016073,165.64470855736437,10.609607331489949,MEASURED,
B2,S3a,120,60.0,180.0,1205.2802268080382,124.61580746169307,10.339156379567845,52.90605732410009,10.609607331489949,MEASURED,
B3,S3a,120,60.0,180.0,1205.2802268080382,328.56355780261305,27.260345809600885,148.13490849208017,0.0,MEASURED,
B4,S3a,120,60.0,180.0,1205.2802268080382,301.6605296115134,25.02824844396606,142.63013946256726,10.609607331489949,MEASURED,
X,S3a,120,60.0,180.0,1205.2802268080382,719.9375071816073,59.73196034985397,364.5331028228888,4.968977391637342,MEASURED,
CURRENT,S3a,120,60.0,180.0,,,,,,NOT_FOUND,No dedicated IO-VNBD model found
B1,S3a,120,120.0,240.0,1230.329064213118,293.87117810373184,23.8855755465456,221.65192496500268,7.684184279899801,MEASURED,
B2,S3a,120,120.0,240.0,1230.329064213118,145.67658812899714,11.84045735131581,82.25409642810513,7.684184279899801,MEASURED,
B3,S3a,120,120.0,240.0,1230.329064213118,219.99063273647445,17.880633656100283,197.27777494573462,0.0,MEASURED,
B4,S3a,120,120.0,240.0,1230.329064213118,225.91994540554327,18.362562665300842,142.46472695226404,7.684184279899801,MEASURED,
X,S3a,120,120.0,240.0,1230.329064213118,131.89140771936425,10.720010731740137,78.930442814438,-11.29775162205099,MEASURED,
CURRENT,S3a,120,120.0,240.0,,,,,,NOT_FOUND,No dedicated IO-VNBD model found
B1,S3a,120,180.0,300.0,1218.9184211065215,254.5267239430608,20.881358385904456,167.80724888703372,-2.105522773252799,MEASURED,
B2,S3a,120,180.0,300.0,1218.9184211065215,53.52834399098199,4.391462386989731,29.04295686660707,-2.105522773252799,MEASURED,
B3,S3a,120,180.0,300.0,1218.9184211065215,295.6796402949508,24.257541372336952,179.7166903041418,0.0,MEASURED,
B4,S3a,120,180.0,300.0,1218.9184211065215,349.71049497674767,28.69022970866944,201.06364276921863,-2.105522773252799,MEASURED,
X,S3a,120,180.0,300.0,1218.9184211065215,168.847391610204,13.85223068964091,106.8220457085889,-20.78657609341122,MEASURED,
CURRENT,S3a,120,180.0,300.0,,,,,,NOT_FOUND,No dedicated IO-VNBD model found
B1,S3a,120,240.0,360.0,1092.4261530928293,504.73502661790394,46.20312551003289,306.11281559522024,-7.601914154015758,MEASURED,
B2,S3a,120,240.0,360.0,1092.4261530928293,91.2213103585808,8.350341128351698,58.18327862938281,-7.601914154015758,MEASURED,
B3,S3a,120,240.0,360.0,1092.4261530928293,498.9429851135595,45.67292568939089,301.27486862848974,0.0,MEASURED,
B4,S3a,120,240.0,360.0,1092.4261530928293,579.562919008347,53.05282351283093,336.1427896064564,-7.601914154015758,MEASURED,
X,S3a,120,240.0,360.0,1092.4261530928293,424.2088140197485,38.83180687488551,132.54583055115933,-11.86275675963077,MEASURED,
CURRENT,S3a,120,240.0,360.0,,,,,,NOT_FOUND,No dedicated IO-VNBD model found
B1,S3a,120,360.0,480.0,1205.9850940942256,398.00091475962637,33.00214212502779,239.75110252408737,2.896999956726498,MEASURED,
B2,S3a,120,360.0,480.0,1205.9850940942256,61.94126305577393,5.136154945786947,33.78665043877002,2.896999956726498,MEASURED,
B3,S3a,120,360.0,480.0,1205.9850940942256,377.8063383626607,31.327612605893624,230.62141645168936,0.0,MEASURED,
B4,S3a,120,360.0,480.0,1205.9850940942256,378.59625025653645,31.393111914114264,219.89750177739873,2.896999956726498,MEASURED,
X,S3a,120,360.0,480.0,1205.9850940942256,1086.6894564339207,90.10803381861831,492.0074789944726,5.248551420644902,MEASURED,
CURRENT,S3a,120,360.0,480.0,,,,,,NOT_FOUND,No dedicated IO-VNBD model found
B1,S3a,120,420.0,540.0,1291.6023569092415,754.7345524557676,58.433971447823964,428.8424220240285,5.0770301207838955,MEASURED,
B2,S3a,120,420.0,540.0,1291.6023569092415,30.84299709274808,2.3879638286317686,9.64028931101513,5.0770301207838955,MEASURED,
B3,S3a,120,420.0,540.0,1291.6023569092415,750.777792667677,58.12762640541022,428.04784269333106,0.0,MEASURED,
B4,S3a,120,420.0,540.0,1291.6023569092415,605.9631066050282,46.915608613093305,357.1649797558012,5.0770301207838955,MEASURED,
X,S3a,120,420.0,540.0,1291.6023569092415,605.0169211553844,46.8423518987042,319.42254650428396,2.1307514665223675,MEASURED,
CURRENT,S3a,120,420.0,540.0,,,,,,NOT_FOUND,No dedicated IO-VNBD model found
B1,S3a,120,480.0,600.0,797.7385738994692,330.93349621214577,41.48395314451096,150.91229380693255,7.534617603465362,MEASURED,
B2,S3a,120,480.0,600.0,797.7385738994692,55.69480318807588,6.981585824016394,36.348413739503314,7.534617603465362,MEASURED,
B3,S3a,120,480.0,600.0,797.7385738994692,290.7699331909895,36.449275828503716,125.38887684793757,0.0,MEASURED,
B4,S3a,120,480.0,600.0,797.7385738994692,788.3499883803202,98.82309996954814,344.8538652974649,7.534617603465362,MEASURED,
X,S3a,120,480.0,600.0,797.7385738994692,377.46864043492184,47.31733587731591,135.06259643073355,-3.8251051734424713,MEASURED,
CURRENT,S3a,120,480.0,600.0,,,,,,NOT_FOUND,No dedicated IO-VNBD model found
B1,S3a,120,540.0,660.0,963.2409838703317,466.9398275884034,48.47590949797681,441.25524991923925,2.292530859565344,MEASURED,
B2,S3a,120,540.0,660.0,963.2409838703317,33.52098961584041,3.4800211138392445,13.551568927260831,2.292530859565344,MEASURED,
B3,S3a,120,540.0,660.0,963.2409838703317,460.63102275006213,47.82095347513481,439.0213648383588,0.0,MEASURED,
B4,S3a,120,540.0,660.0,963.2409838703317,248.19992513025,25.76716826696629,295.78937368153254,2.292530859565344,MEASURED,
X,S3a,120,540.0,660.0,963.2409838703317,1071.1891291877696,111.20676415612,492.19590782507214,-4.123539458403042,MEASURED,
CURRENT,S3a,120,540.0,660.0,,,,,,NOT_FOUND,No dedicated IO-VNBD model found
B1,S3a,120,600.0,720.0,1683.021091009968,994.1915691348254,59.07184256010831,564.4373003838363,-3.2534696222038626,MEASURED,
B2,S3a,120,600.0,720.0,1683.021091009968,5.297941991956713,0.31478761735406774,4.9879809270270306,-3.2534696222038626,MEASURED,
B3,S3a,120,600.0,720.0,1683.021091009968,994.0742498829002,59.064871806589416,564.4210799971045,0.0,MEASURED,
B4,S3a,120,600.0,720.0,1683.021091009968,578.483200475257,34.37171426818625,318.43157877521503,-3.2534696222038626,MEASURED,
X,S3a,120,600.0,720.0,1683.021091009968,764.2353457480768,45.40854240213146,381.6898783392291,-6.102370229277113,MEASURED,
CURRENT,S3a,120,600.0,720.0,,,,,,NOT_FOUND,No dedicated IO-VNBD model found
B1,S3a,120,660.0,780.0,1837.6834907743919,166.81616543306316,9.07752430005058,87.76501957945402,6.034810781929861,MEASURED,
B2,S3a,120,660.0,780.0,1837.6834907743919,27.990974941392118,1.5231662624120785,8.282097903810337,6.034810781929861,MEASURED,
B3,S3a,120,660.0,780.0,1837.6834907743919,168.8287477628618,9.18704165382245,88.67556953230233,0.0,MEASURED,
B4,S3a,120,660.0,780.0,1837.6834907743919,199.44231674196166,10.852919871305886,102.23951003518074,6.034810781929861,MEASURED,
X,S3a,120,660.0,780.0,1837.6834907743919,180.9896579968741,9.848793815990904,139.99654357987174,-0.0311799684672219,MEASURED,
CURRENT,S3a,120,660.0,780.0,,,,,,NOT_FOUND,No dedicated IO-VNBD model found
B1,S3a,120,720.0,840.0,1930.773275470693,278.8353234912604,14.44163988769135,175.4767547026287,14.12898960730818,MEASURED,
B2,S3a,120,720.0,840.0,1930.773275470693,222.36441763059707,11.516858061772584,116.71329859213799,14.12898960730818,MEASURED,
B3,S3a,120,720.0,840.0,1930.773275470693,181.89322559036273,9.420744936819158,117.48725607670316,0.0,MEASURED,
B4,S3a,120,720.0,840.0,1930.773275470693,241.9874753033329,12.53318959701988,154.9945432927156,14.12898960730818,MEASURED,
X,S3a,120,720.0,840.0,1930.773275470693,406.0616274591357,21.031036249460417,183.7316039876505,6.879236671653462,MEASURED,
CURRENT,S3a,120,720.0,840.0,,,,,,NOT_FOUND,No dedicated IO-VNBD model found
B1,S3a,120,780.0,900.0,2245.041424807089,811.3325614655269,36.138868196396096,387.95862514497657,5.563527975010636,MEASURED,
B2,S3a,120,780.0,900.0,2245.041424807089,63.00565621453193,2.806436242927939,25.694607408092168,5.563527975010636,MEASURED,
B3,S3a,120,780.0,900.0,2245.041424807089,810.2573496700329,36.09097545893419,388.0938657516829,0.0,MEASURED,
B4,S3a,120,780.0,900.0,2245.041424807089,769.7394208444966,34.28620124061357,357.68897448498706,5.563527975010636,MEASURED,
X,S3a,120,780.0,900.0,2245.041424807089,120.08476121814543,5.348888438816403,49.77357251091735,6.252225000430402,MEASURED,
CURRENT,S3a,120,780.0,900.0,,,,,,NOT_FOUND,No dedicated IO-VNBD model found
B1,S3a,120,840.0,960.0,1982.062966315094,556.6634629001941,28.08505442867448,282.1340830386879,0.7054045017031539,MEASURED,
B2,S3a,120,840.0,960.0,1982.062966315094,27.367809742228637,1.3807739818230327,12.247057654251957,0.7054045017031539,MEASURED,
B3,S3a,120,840.0,960.0,1982.062966315094,540.6676067785016,27.27802375439521,274.63318087652635,0.0,MEASURED,
B4,S3a,120,840.0,960.0,1982.062966315094,461.03601461178687,23.260412128526433,220.70990390410404,0.7054045017031539,MEASURED,
X,S3a,120,840.0,960.0,1982.062966315094,127.21132198963373,6.418127181203314,59.66800409283459,10.57914644056366,MEASURED,
CURRENT,S3a,120,840.0,960.0,,,,,,NOT_FOUND,No dedicated IO-VNBD model found
B1,S3a,120,900.0,1020.0,2189.237744178228,331.27318357718633,15.13189622543878,365.1577143673735,-1.7497573506621416,MEASURED,
B2,S3a,120,900.0,1020.0,2189.237744178228,18.034250986191655,0.823768502719706,6.864625967919687,-1.7497573506621416,MEASURED,
B3,S3a,120,900.0,1020.0,2189.237744178228,322.54530974944873,14.73322441142738,365.28018899442355,0.0,MEASURED,
B4,S3a,120,900.0,1020.0,2189.237744178228,369.9107860776166,16.89678460282849,159.40326304330864,-1.7497573506621416,MEASURED,
X,S3a,120,900.0,1020.0,2189.237744178228,402.85023509764176,18.401392729909254,157.7437902812132,11.66731892618099,MEASURED,
CURRENT,S3a,120,900.0,1020.0,,,,,,NOT_FOUND,No dedicated IO-VNBD model found
B1,S3a,120,960.0,1080.0,2613.1171570226397,527.7006056454268,20.194295698807615,390.32596982140944,6.062302812449734,MEASURED,
B2,S3a,120,960.0,1080.0,2613.1171570226397,121.99318852002538,4.668492883764279,54.47526564099356,6.062302812449734,MEASURED,
B3,S3a,120,960.0,1080.0,2613.1171570226397,522.8765283379925,20.009685632838323,388.6794132399175,0.0,MEASURED,
B4,S3a,120,960.0,1080.0,2613.1171570226397,360.5557306985394,13.797916780331162,280.56507926669036,6.062302812449734,MEASURED,
X,S3a,120,960.0,1080.0,2613.1171570226397,703.4767265958947,26.920979210799306,379.3718591041678,6.528782216377939,MEASURED,
CURRENT,S3a,120,960.0,1080.0,,,,,,NOT_FOUND,No dedicated IO-VNBD model found
B1,S3a,120,1020.0,1140.0,2327.0409134889314,653.3954492327235,28.078382526291215,382.41566988297615,2.959035291985541,MEASURED,
B2,S3a,120,1020.0,1140.0,2327.0409134889314,167.43331546913532,7.195116961570849,96.41689442337696,2.959035291985541,MEASURED,
B3,S3a,120,1020.0,1140.0,2327.0409134889314,634.9095888217656,27.28398908422482,371.49119664264964,0.0,MEASURED,
B4,S3a,120,1020.0,1140.0,2327.0409134889314,626.1801278447907,26.90885769197582,365.91831816821286,2.959035291985541,MEASURED,
X,S3a,120,1020.0,1140.0,2327.0409134889314,85.54914446066384,3.6763059886385947,52.41062729494384,3.2657748890700296,MEASURED,
CURRENT,S3a,120,1020.0,1140.0,,,,,,NOT_FOUND,No dedicated IO-VNBD model found
B1,S3a,120,1080.0,1200.0,2232.9862788873843,278.520707899537,12.47301474858653,123.18161270630779,-2.3692669770653008,MEASURED,
B2,S3a,120,1080.0,1200.0,2232.9862788873843,71.50679192027349,3.2022942817142033,39.75810972658046,-2.3692669770653008,MEASURED,
B3,S3a,120,1080.0,1200.0,2232.9862788873843,268.40080133550384,12.019814177686671,114.39715221684972,0.0,MEASURED,
B4,S3a,120,1080.0,1200.0,2232.9862788873843,366.96358561973517,16.433759091550698,170.6328780437955,-2.3692669770653008,MEASURED,
X,S3a,120,1080.0,1200.0,2232.9862788873843,575.635397421734,25.778725237333393,293.9187603615319,7.014802940184339,MEASURED,
CURRENT,S3a,120,1080.0,1200.0,,,,,,NOT_FOUND,No dedicated IO-VNBD model found
B1,S3a,120,1140.0,1260.0,1972.27426955455,152.29394158485607,7.721742555575324,53.94779533782598,-2.124606093404502,MEASURED,
B2,S3a,120,1140.0,1260.0,1972.27426955455,13.790319960500272,0.6992090386908966,11.65013235397613,-2.124606093404502,MEASURED,
B3,S3a,120,1140.0,1260.0,1972.27426955455,152.6657476126303,7.740594194696398,53.32984188104497,0.0,MEASURED,
B4,S3a,120,1140.0,1260.0,1972.27426955455,152.0903986551177,7.7114223413495235,62.94802312473915,-2.124606093404502,MEASURED,
X,S3a,120,1140.0,1260.0,1972.27426955455,599.8117024772986,30.412185147695997,310.3129930820392,6.767192104896149,MEASURED,
CURRENT,S3a,120,1140.0,1260.0,,,,,,NOT_FOUND,No dedicated IO-VNBD model found
B1,S3a,120,1200.0,1320.0,1646.5805413182973,398.5887345618525,24.207059694919717,172.00306395999147,-9.41500736866461,MEASURED,
B2,S3a,120,1200.0,1320.0,1646.5805413182973,65.20488615050682,3.9600180200296804,22.85970579551783,-9.41500736866461,MEASURED,
B3,S3a,120,1200.0,1320.0,1646.5805413182973,406.57891922055677,24.692318961515156,174.94515284471245,0.0,MEASURED,
B4,S3a,120,1200.0,1320.0,1646.5805413182973,298.7767087193543,18.145283587533807,125.03376861624413,-9.41500736866461,MEASURED,
X,S3a,120,1200.0,1320.0,1646.5805413182973,384.42456181780295,23.34684226925348,139.45897606243585,9.776411158638666,MEASURED,
CURRENT,S3a,120,1200.0,1320.0,,,,,,NOT_FOUND,No dedicated IO-VNBD model found
B1,S3a,120,1260.0,1380.0,704.5011478755631,875.2201547634965,124.2326087619218,379.64824693830474,168.24177186281415,MEASURED,
B2,S3a,120,1260.0,1380.0,704.5011478755631,51.48655706141929,7.30822898112771,39.3056778322415,168.24177186281415,MEASURED,
B3,S3a,120,1260.0,1380.0,704.5011478755631,509.8477756209716,72.37004185989298,178.41541517455224,0.0,MEASURED,
B4,S3a,120,1260.0,1380.0,704.5011478755631,612.8494652995669,86.99055596255965,249.0194648458498,168.24177186281415,MEASURED,
X,S3a,120,1260.0,1380.0,704.5011478755631,1530.0742729395936,217.1854904074411,653.9898765460672,-171.23394320298107,MEASURED,
CURRENT,S3a,120,1260.0,1380.0,,,,,,NOT_FOUND,No dedicated IO-VNBD model found
B1,S3a,120,1320.0,1440.0,429.05324501567725,890.290795047652,207.50123799089818,608.9034926852632,2.2081718911620567,MEASURED,
B2,S3a,120,1320.0,1440.0,429.05324501567725,7.659458543044602,1.7852000030356914,7.784516526747131,2.2081718911620567,MEASURED,
B3,S3a,120,1320.0,1440.0,429.05324501567725,387.9984189650308,90.43129809001996,396.6290580018671,0.0,MEASURED,
B4,S3a,120,1320.0,1440.0,429.05324501567725,200.8933427478593,46.822473686341375,198.66629262451565,2.2081718911620567,MEASURED,
X,S3a,120,1320.0,1440.0,429.05324501567725,2066.886792549792,481.73200332613027,895.0135197863866,0.35776727394483027,MEASURED,
CURRENT,S3a,120,1320.0,1440.0,,,,,,NOT_FOUND,No dedicated IO-VNBD model found
B1,S3a,120,1560.0,1680.0,1337.1626915575248,137.9224450132257,10.314559767785166,76.48977066856246,7.237094866454817,MEASURED,
B2,S3a,120,1560.0,1680.0,1337.1626915575248,130.3329786375061,9.746979889611971,64.41470722098447,7.237094866454817,MEASURED,
B3,S3a,120,1560.0,1680.0,1337.1626915575248,63.91882923107734,4.780183416321973,45.52105269364088,0.0,MEASURED,
B4,S3a,120,1560.0,1680.0,1337.1626915575248,135.00680872378902,10.096513279661828,68.04501085309337,7.237094866454817,MEASURED,
X,S3a,120,1560.0,1680.0,1337.1626915575248,208.90506606788546,15.623010377634243,106.33432678814694,-3.2024626836883896,MEASURED,
CURRENT,S3a,120,1560.0,1680.0,,,,,,NOT_FOUND,No dedicated IO-VNBD model found
B1,S3a,120,1620.0,1740.0,1293.6564482954511,56.52231691061567,4.369190675398454,29.533224784247423,1.6882474421052545,MEASURED,
B2,S3a,120,1620.0,1740.0,1293.6564482954511,32.34543721853502,2.500311211771413,27.575761780306756,1.6882474421052545,MEASURED,
B3,S3a,120,1620.0,1740.0,1293.6564482954511,40.22230702194606,3.109195418532008,18.561466641483893,0.0,MEASURED,
B4,S3a,120,1620.0,1740.0,1293.6564482954511,43.092035796825876,3.3310262437608413,27.160740874156375,1.6882474421052545,MEASURED,
X,S3a,120,1620.0,1740.0,1293.6564482954511,455.42593627373253,35.2045503946439,193.90554223117792,-5.846830287247422,MEASURED,
CURRENT,S3a,120,1620.0,1740.0,,,,,,NOT_FOUND,No dedicated IO-VNBD model found
B1,S3a,120,1680.0,1800.0,1120.5178489296575,75.34226160572207,6.723878756388451,58.80696622923212,-1.204017829497625,MEASURED,
B2,S3a,120,1680.0,1800.0,1120.5178489296575,11.042695638604515,0.9854993072312712,13.637276609114274,-1.204017829497625,MEASURED,
B3,S3a,120,1680.0,1800.0,1120.5178489296575,66.96006190267495,5.975813947688262,52.687741920346284,0.0,MEASURED,
B4,S3a,120,1680.0,1800.0,1120.5178489296575,53.61423817507323,4.78477323911321,66.61595914832128,-1.204017829497625,MEASURED,
X,S3a,120,1680.0,1800.0,1120.5178489296575,125.23388457452789,11.176429246009242,169.27886632485158,-7.264076462169598,MEASURED,
CURRENT,S3a,120,1680.0,1800.0,,,,,,NOT_FOUND,No dedicated IO-VNBD model found
B1,S3a,120,1740.0,1860.0,858.3051788515702,229.7821171197456,26.77161023625638,122.78894938260171,8.098497891624527,MEASURED,
B2,S3a,120,1740.0,1860.0,858.3051788515702,26.25543883910749,3.058986417189956,8.742510794309151,8.098497891624527,MEASURED,
B3,S3a,120,1740.0,1860.0,858.3051788515702,147.3522335091316,17.167813633175545,71.49445407164755,0.0,MEASURED,
B4,S3a,120,1740.0,1860.0,858.3051788515702,213.2392544901949,24.844223213882195,113.6143024259835,8.098497891624527,MEASURED,
X,S3a,120,1740.0,1860.0,858.3051788515702,44.39367839306453,5.172248692762658,42.85284283528928,-1.7484583794482675,MEASURED,
CURRENT,S3a,120,1740.0,1860.0,,,,,,NOT_FOUND,No dedicated IO-VNBD model found
B1,S3a,120,1860.0,1980.0,807.4388826221517,120.3752716150213,14.908282745079543,109.13745704934688,-0.8349811457634585,MEASURED,
B2,S3a,120,1860.0,1980.0,807.4388826221517,13.399390317719828,1.6594928242996434,12.209907932767022,-0.8349811457634585,MEASURED,
B3,S3a,120,1860.0,1980.0,807.4388826221517,81.81459797954636,10.132605667174966,94.18449021904632,0.0,MEASURED,
B4,S3a,120,1860.0,1980.0,807.4388826221517,116.85025133551535,14.471714683351022,126.61535733182474,-0.8349811457634585,MEASURED,
X,S3a,120,1860.0,1980.0,807.4388826221517,50.20701734740178,6.218057914718557,148.40164182504486,4.451271362621965,MEASURED,
CURRENT,S3a,120,1860.0,1980.0,,,,,,NOT_FOUND,No dedicated IO-VNBD model found
B1,S3a,120,1920.0,2040.0,894.5804341977089,50.06240878588558,5.596188656952162,97.27305013892682,-0.44555935309818934,MEASURED,
B2,S3a,120,1920.0,2040.0,894.5804341977089,9.16779086870072,1.0248145966799191,10.093843878769007,-0.44555935309818934,MEASURED,
B3,S3a,120,1920.0,2040.0,894.5804341977089,67.86920145487801,7.586707562606764,30.739974843676414,0.0,MEASURED,
B4,S3a,120,1920.0,2040.0,894.5804341977089,115.23093980592772,12.881003809262928,95.0656198711664,-0.44555935309818934,MEASURED,
X,S3a,120,1920.0,2040.0,894.5804341977089,382.4481686038045,42.751680450824686,138.51825141321794,8.23916606062058,MEASURED,
CURRENT,S3a,120,1920.0,2040.0,,,,,,NOT_FOUND,No dedicated IO-VNBD model found
B1,S3a,120,1980.0,2100.0,1055.7170554472732,104.88306519293565,9.934770367852026,58.39984764578909,5.430223853874059,MEASURED,
B2,S3a,120,1980.0,2100.0,1055.7170554472732,28.02993882535248,2.6550616645552916,19.640343729345524,5.430223853874059,MEASURED,
B3,S3a,120,1980.0,2100.0,1055.7170554472732,79.24473366671384,7.506247365980121,39.930425850749515,0.0,MEASURED,
B4,S3a,120,1980.0,2100.0,1055.7170554472732,220.07775022390365,20.846281594897963,120.75448693645303,5.430223853874059,MEASURED,
X,S3a,120,1980.0,2100.0,1055.7170554472732,613.2140355380776,58.085074251100224,389.6537060730807,5.9889177767917054,MEASURED,
CURRENT,S3a,120,1980.0,2100.0,,,,,,NOT_FOUND,No dedicated IO-VNBD model found
B1,S3a,120,2040.0,2160.0,817.8050153851563,52.201683649197776,6.3831454524172475,33.79182920980616,8.835955598061702,MEASURED,
B2,S3a,120,2040.0,2160.0,817.8050153851563,44.790086475581596,5.4768662007394395,24.220930678125097,8.835955598061702,MEASURED,
B3,S3a,120,2040.0,2160.0,817.8050153851563,15.915902561590405,1.9461732640627787,39.22298446016143,0.0,MEASURED,
B4,S3a,120,2040.0,2160.0,817.8050153851563,35.453621585833154,4.335216942774042,29.256289482371773,8.835955598061702,MEASURED,
X,S3a,120,2040.0,2160.0,817.8050153851563,146.2493071856172,17.883151171033003,46.483668349673266,7.9302365780942425,MEASURED,
CURRENT,S3a,120,2040.0,2160.0,,,,,,NOT_FOUND,No dedicated IO-VNBD model found
B1,S3a,120,2100.0,2220.0,703.8708030926304,87.11306484181576,12.376286167726091,54.0574865219397,6.594359400573618,MEASURED,
B2,S3a,120,2100.0,2220.0,703.8708030926304,16.155505911814345,2.2952373987997703,4.752890314364813,6.594359400573618,MEASURED,
B3,S3a,120,2100.0,2220.0,703.8708030926304,71.50627018612465,10.159005015117005,51.52376258595402,0.0,MEASURED,
B4,S3a,120,2100.0,2220.0,703.8708030926304,169.16885835100072,24.034078073378737,72.00515652984545,6.594359400573618,MEASURED,
X,S3a,120,2100.0,2220.0,703.8708030926304,323.4553482702667,45.95379533418429,163.51166700121638,9.122962383445026,MEASURED,
CURRENT,S3a,120,2100.0,2220.0,,,,,,NOT_FOUND,No dedicated IO-VNBD model found
B1,S3a,120,2160.0,2280.0,842.1860861795369,20.622338147957226,2.448667638467844,39.17212992730648,8.435272041690206,MEASURED,
B2,S3a,120,2160.0,2280.0,842.1860861795369,3.1706464554669074,0.37647813321757845,11.587602759615413,8.435272041690206,MEASURED,
B3,S3a,120,2160.0,2280.0,842.1860861795369,21.792373115098123,2.5875959568456266,32.77043541669206,0.0,MEASURED,
B4,S3a,120,2160.0,2280.0,842.1860861795369,57.76514785556569,6.858953003796281,47.32146120632981,8.435272041690206,MEASURED,
X,S3a,120,2160.0,2280.0,842.1860861795369,33.75105313506899,4.007552925526955,39.55917950303973,1.9133713351922383,MEASURED,
CURRENT,S3a,120,2160.0,2280.0,,,,,,NOT_FOUND,No dedicated IO-VNBD model found
B1,S3a,120,2220.0,2340.0,771.4233612935982,84.74797182748684,10.985922397446345,85.73707668893697,0.38285310864931077,MEASURED,
B2,S3a,120,2220.0,2340.0,771.4233612935982,7.908035114625685,1.0251225865606037,6.590100122210498,0.38285310864931077,MEASURED,
B3,S3a,120,2220.0,2340.0,771.4233612935982,83.86831768584831,10.871892386718715,84.92889171583926,0.0,MEASURED,
B4,S3a,120,2220.0,2340.0,771.4233612935982,135.71517549737655,17.592826754662454,103.88574310555856,0.38285310864931077,MEASURED,
X,S3a,120,2220.0,2340.0,771.4233612935982,108.99282856355089,14.128795423148846,35.529407482961055,3.036370381732068,MEASURED,
CURRENT,S3a,120,2220.0,2340.0,,,,,,NOT_FOUND,No dedicated IO-VNBD model found
B1,S3a,120,2280.0,2400.0,896.8809314364321,215.4495820314684,24.02209417992724,65.26527301985881,-2.196198542003,MEASURED,
B2,S3a,120,2280.0,2400.0,896.8809314364321,27.889441719151215,3.1096035986052093,10.040807942761925,-2.196198542003,MEASURED,
B3,S3a,120,2280.0,2400.0,896.8809314364321,211.78361542234686,23.61334799293337,65.09291176368299,0.0,MEASURED,
B4,S3a,120,2280.0,2400.0,896.8809314364321,315.1223192015191,35.13535723151383,105.02566826105026,-2.196198542003,MEASURED,
X,S3a,120,2280.0,2400.0,896.8809314364321,548.4319332510368,61.148800696729694,216.53870095219992,11.593434165895424,MEASURED,
CURRENT,S3a,120,2280.0,2400.0,,,,,,NOT_FOUND,No dedicated IO-VNBD model found
B1,S3a,120,2340.0,2460.0,1134.8890675859589,502.2907661410299,44.25901883163443,342.6203618852773,-13.518634124659036,MEASURED,
B2,S3a,120,2340.0,2460.0,1134.8890675859589,40.40517893471551,3.5602756329886964,23.608187310139844,-13.518634124659036,MEASURED,
B3,S3a,120,2340.0,2460.0,1134.8890675859589,505.89635319782366,44.5767227517597,344.1814077595038,0.0,MEASURED,
B4,S3a,120,2340.0,2460.0,1134.8890675859589,460.8783091302303,40.60998755680783,310.97942969625046,-13.518634124659036,MEASURED,
X,S3a,120,2340.0,2460.0,1134.8890675859589,150.15315560203996,13.230646050845586,122.22756357233108,11.200044508584217,MEASURED,
CURRENT,S3a,120,2340.0,2460.0,,,,,,NOT_FOUND,No dedicated IO-VNBD model found
B1,S3c,30,120.0,150.0,469.72954457823005,59.659591288287096,12.700838594654593,33.5153186026744,4.1396343612383175,MEASURED,
B2,S3c,30,120.0,150.0,469.72954457823005,17.882648176417,3.807009455297052,8.025371494878572,4.1396343612383175,MEASURED,
B3,S3c,30,120.0,150.0,469.72954457823005,58.47932420327087,12.449573350933127,32.93251539709643,0.0,MEASURED,
B4,S3c,30,120.0,150.0,469.72954457823005,29.958754867303544,6.377873227923846,18.181237980509312,4.1396343612383175,MEASURED,
X,S3c,30,120.0,150.0,469.72954457823005,43.83075892362267,9.331062827435794,19.196282818772282,3.9949343193901563,MEASURED,
CURRENT,S3c,30,120.0,150.0,,,,,,NOT_FOUND,No dedicated IO-VNBD model found
B1,S3c,30,180.0,210.0,343.35367500754387,94.35707118122815,27.481013907643487,89.62497263198551,2.741365480127487,MEASURED,
B2,S3c,30,180.0,210.0,343.35367500754387,5.569157723631898,1.6219886749456045,3.4920441540080223,2.741365480127487,MEASURED,
B3,S3c,30,180.0,210.0,343.35367500754387,90.03942985053529,26.22352297483259,88.79707342722058,0.0,MEASURED,
B4,S3c,30,180.0,210.0,343.35367500754387,79.74549380810865,23.22546680368473,36.27596227252522,2.741365480127487,MEASURED,
X,S3c,30,180.0,210.0,343.35367500754387,173.05028229891772,50.40000876504835,78.59358155259334,-0.14675530645144003,MEASURED,
CURRENT,S3c,30,180.0,210.0,,,,,,NOT_FOUND,No dedicated IO-VNBD model found
B1,S3c,30,240.0,270.0,542.8058504705671,11.309054270895448,2.0834436955849776,51.27443856479071,2.8464893896490016,MEASURED,
B2,S3c,30,240.0,270.0,542.8058504705671,18.24980503053678,3.3621238633879376,8.241094248764794,2.8464893896490016,MEASURED,
B3,S3c,30,240.0,270.0,542.8058504705671,23.031390730254998,4.243025514608717,51.88879447857421,0.0,MEASURED,
B4,S3c,30,240.0,270.0,542.8058504705671,216.62703013080764,39.90875005179296,89.74630373504942,2.8464893896490016,MEASURED,
X,S3c,30,240.0,270.0,542.8058504705671,150.2019816391369,27.671400650697557,70.12496405218512,1.993631927242383,MEASURED,
CURRENT,S3c,30,240.0,270.0,,,,,,NOT_FOUND,No dedicated IO-VNBD model found
B1,S3c,30,300.0,330.0,501.9276661494726,90.05057351301961,17.94094639250326,80.42120511012781,3.575259861312821,MEASURED,
B2,S3c,30,300.0,330.0,501.9276661494726,17.539029274411003,3.4943340360098682,9.188808937868094,3.575259861312821,MEASURED,
B3,S3c,30,300.0,330.0,501.9276661494726,80.72553585325832,16.083101470086827,78.02382026532239,0.0,MEASURED,
B4,S3c,30,300.0,330.0,501.9276661494726,116.32899850669224,23.176446797425548,83.23999189936765,3.575259861312821,MEASURED,
X,S3c,30,300.0,330.0,501.9276661494726,28.89236716275367,5.7562810562726785,12.456374159484803,0.43891979882088605,MEASURED,
CURRENT,S3c,30,300.0,330.0,,,,,,NOT_FOUND,No dedicated IO-VNBD model found
B1,S3c,30,360.0,390.0,216.78914497251702,3.799325117275248,1.7525439835822496,23.09372437319594,1.1553368185417614,MEASURED,
B2,S3c,30,360.0,390.0,216.78914497251702,3.6677625810720205,1.6918571183704763,1.8421427917518587,1.1553368185417614,MEASURED,
B3,S3c,30,360.0,390.0,216.78914497251702,0.33580559840282515,0.15489963690082184,23.719271047745153,0.0,MEASURED,
B4,S3c,30,360.0,390.0,216.78914497251702,38.554877727798676,17.784505646113594,25.448107231074147,1.1553368185417614,MEASURED,
X,S3c,30,360.0,390.0,216.78914497251702,28.516770931605485,13.154150746441035,13.781669726455021,6.524585411930674,MEASURED,
CURRENT,S3c,30,360.0,390.0,,,,,,NOT_FOUND,No dedicated IO-VNBD model found
B1,S3c,30,420.0,450.0,344.8570883579287,12.269251814272545,3.5577786359833303,10.386403169338374,1.1977194952103183,MEASURED,
B2,S3c,30,420.0,450.0,344.8570883579287,4.634103641129968,1.3437750875864878,2.4493139839760207,1.1977194952103183,MEASURED,
B3,S3c,30,420.0,450.0,344.8570883579287,12.59376658800901,3.6518798694193824,10.00100910185048,0.0,MEASURED,
B4,S3c,30,420.0,450.0,344.8570883579287,16.37922594297332,4.749569168192144,6.6962420879694795,1.1977194952103183,MEASURED,
X,S3c,30,420.0,450.0,344.8570883579287,8.039417213337382,2.331231540467347,8.190075329399084,5.989697799713155,MEASURED,
CURRENT,S3c,30,420.0,450.0,,,,,,NOT_FOUND,No dedicated IO-VNBD model found
B1,S3c,30,480.0,510.0,478.6006289951546,106.11170374371507,22.171242015812176,76.49261795339915,2.7427161013447705,MEASURED,
B2,S3c,30,480.0,510.0,478.6006289951546,11.550102882572146,2.413307083783436,6.228947553459852,2.7427161013447705,MEASURED,
B3,S3c,30,480.0,510.0,478.6006289951546,104.17929716812486,21.767480203035753,76.24958796050538,0.0,MEASURED,
B4,S3c,30,480.0,510.0,478.6006289951546,44.113197666954,9.217120704494647,41.89914911175463,2.7427161013447705,MEASURED,
X,S3c,30,480.0,510.0,478.6006289951546,31.76696144276258,6.637467549814731,14.78184425029124,9.149341957448641,MEASURED,
CURRENT,S3c,30,480.0,510.0,,,,,,NOT_FOUND,No dedicated IO-VNBD model found
B1,S3c,30,540.0,570.0,216.01069131356704,89.72423315436932,41.536940884154276,56.89632440332659,2.4648236210229055,MEASURED,
B2,S3c,30,540.0,570.0,216.01069131356704,3.1905874115613826,1.4770506923334819,1.5290552703237106,2.4648236210229055,MEASURED,
B3,S3c,30,540.0,570.0,216.01069131356704,91.74657677117563,42.4731647370147,57.53054871774089,0.0,MEASURED,
B4,S3c,30,540.0,570.0,216.01069131356704,54.56351793147635,25.259637659448277,24.6038945006393,2.4648236210229055,MEASURED,
X,S3c,30,540.0,570.0,216.01069131356704,11.419674631137331,5.286624732180603,3.971027127751837,7.5702956977053635,MEASURED,
CURRENT,S3c,30,540.0,570.0,,,,,,NOT_FOUND,No dedicated IO-VNBD model found
B1,S3c,30,600.0,630.0,145.62913462210744,15.15685619611502,10.407846091680415,13.609166511048704,-178.0949178057046,MEASURED,
B2,S3c,30,600.0,630.0,145.62913462210744,0.7156831274781178,0.49144227172347177,0.5009906802271114,-178.0949178057046,MEASURED,
B3,S3c,30,600.0,630.0,145.62913462210744,7.342406654511685,5.041852836360301,13.291938329435842,0.0,MEASURED,
B4,S3c,30,600.0,630.0,145.62913462210744,60.19856358792963,41.336895768926105,25.787777668626262,-178.0949178057046,MEASURED,
X,S3c,30,600.0,630.0,145.62913462210744,71.64284090670236,49.195403854186274,44.46529111363206,-174.2257121305339,MEASURED,
CURRENT,S3c,30,600.0,630.0,,,,,,NOT_FOUND,No dedicated IO-VNBD model found
B1,S3c,30,660.0,690.0,206.15962860084488,137.04136816659627,66.47342600326874,82.50441580641173,2.3197537990911825,MEASURED,
B2,S3c,30,660.0,690.0,206.15962860084488,5.321042426564014,2.581030273810945,2.2887845135127685,2.3197537990911825,MEASURED,
B3,S3c,30,660.0,690.0,206.15962860084488,137.2892607535403,66.59366903466457,82.60979744970835,0.0,MEASURED,
B4,S3c,30,660.0,690.0,206.15962860084488,9.220875322177351,4.472687201057347,5.273718552324754,2.3197537990911825,MEASURED,
X,S3c,30,660.0,690.0,206.15962860084488,70.35591260273739,34.126910821592865,29.3699102286241,1.5451426974756242,MEASURED,
CURRENT,S3c,30,660.0,690.0,,,,,,NOT_FOUND,No dedicated IO-VNBD model found
B1,S3c,30,720.0,750.0,247.6976059270938,11.212627337033311,4.5267402949116855,8.288503817514206,-0.07611110039714641,MEASURED,
B2,S3c,30,720.0,750.0,247.6976059270938,3.0859096037308706,1.2458374767817348,1.3393571306326775,-0.07611110039714641,MEASURED,
B3,S3c,30,720.0,750.0,247.6976059270938,12.041907775858093,4.861535795143071,8.485475991188965,0.0,MEASURED,
B4,S3c,30,720.0,750.0,247.6976059270938,50.42890643188242,20.359060897312602,29.889438380590747,-0.07611110039714641,MEASURED,
X,S3c,30,720.0,750.0,247.6976059270938,67.10727837753925,27.092421069782684,31.40310544600646,2.91562990469765,MEASURED,
CURRENT,S3c,30,720.0,750.0,,,,,,NOT_FOUND,No dedicated IO-VNBD model found
B1,S3c,30,780.0,810.0,161.7215129876244,74.17293039959782,45.86460331055265,39.80363433483025,1.030242275710812,MEASURED,
B2,S3c,30,780.0,810.0,161.7215129876244,1.5748931364102274,0.9738303255490471,0.6611242545864212,1.030242275710812,MEASURED,
B3,S3c,30,780.0,810.0,161.7215129876244,73.3684097871438,45.36713046504719,39.7547293983263,0.0,MEASURED,
B4,S3c,30,780.0,810.0,161.7215129876244,73.92574138883143,45.711754746252296,41.82802875738814,1.030242275710812,MEASURED,
X,S3c,30,780.0,810.0,161.7215129876244,6.5950386616361625,4.078021865984423,2.9954732722050212,4.364727957262812,MEASURED,
CURRENT,S3c,30,780.0,810.0,,,,,,NOT_FOUND,No dedicated IO-VNBD model found
B1,S3c,30,840.0,870.0,158.80801005265596,5.987813574411895,3.7704732729958117,5.385588068259886,2.362138181571212,MEASURED,
B2,S3c,30,840.0,870.0,158.80801005265596,2.3100637853433876,1.454626743687198,1.571663976766276,2.362138181571212,MEASURED,
B3,S3c,30,840.0,870.0,158.80801005265596,3.8919899353817877,2.4507516554683364,5.889207972901261,0.0,MEASURED,
B4,S3c,30,840.0,870.0,158.80801005265596,17.19472423306837,10.827365840908854,8.826390502407222,2.362138181571212,MEASURED,
X,S3c,30,840.0,870.0,158.80801005265596,42.81179494117734,26.958208800036118,21.314577617522385,4.695305976365503,MEASURED,
CURRENT,S3c,30,840.0,870.0,,,,,,NOT_FOUND,No dedicated IO-VNBD model found
B1,S3c,30,960.0,990.0,305.8410320184851,34.77996336119241,11.371908841548212,24.36080339380075,3.3666811905244107,MEASURED,
B2,S3c,30,960.0,990.0,305.8410320184851,10.761121371639268,3.5185342204145003,5.283453687997316,3.3666811905244107,MEASURED,
B3,S3c,30,960.0,990.0,305.8410320184851,30.768130552677693,10.060170916117645,22.770310598884564,0.0,MEASURED,
B4,S3c,30,960.0,990.0,305.8410320184851,12.95795320345747,4.236826274727679,8.705024494645224,3.3666811905244107,MEASURED,
X,S3c,30,960.0,990.0,305.8410320184851,21.130780833350936,6.909073218165765,9.427216178756415,-1.3012707014278295,MEASURED,
CURRENT,S3c,30,960.0,990.0,,,,,,NOT_FOUND,No dedicated IO-VNBD model found
B1,S3c,30,1020.0,1050.0,431.70285390455535,149.71284524959518,34.67960517182381,56.484540956357236,4.121129368421316,MEASURED,
B2,S3c,30,1020.0,1050.0,431.70285390455535,17.570187341160572,4.069972478116891,7.288818898287225,4.121129368421316,MEASURED,
B3,S3c,30,1020.0,1050.0,431.70285390455535,150.90305501092914,34.95530632843398,57.3415121954522,0.0,MEASURED,
B4,S3c,30,1020.0,1050.0,431.70285390455535,272.1804891953741,63.04810976661974,117.13376810623998,4.121129368421316,MEASURED,
X,S3c,30,1020.0,1050.0,431.70285390455535,44.074533721925796,10.20946081854492,14.192490099184178,-3.063963248910142,MEASURED,
CURRENT,S3c,30,1020.0,1050.0,,,,,,NOT_FOUND,No dedicated IO-VNBD model found
B1,S3c,30,1080.0,1110.0,866.2235932818553,27.43315841952113,3.166983516990725,15.571843775175216,2.400204423937249,MEASURED,
B2,S3c,30,1080.0,1110.0,866.2235932818553,12.218173876192306,1.410510400657802,4.2494575479049645,2.400204423937249,MEASURED,
B3,S3c,30,1080.0,1110.0,866.2235932818553,24.463133600094586,2.824113056931558,14.995014199205189,0.0,MEASURED,
B4,S3c,30,1080.0,1110.0,866.2235932818553,18.712617578416594,2.160252586462143,11.952489115391735,2.400204423937249,MEASURED,
X,S3c,30,1080.0,1110.0,866.2235932818553,95.77585396223964,11.056712690008167,41.10280615171954,3.759055258422382,MEASURED,
CURRENT,S3c,30,1080.0,1110.0,,,,,,NOT_FOUND,No dedicated IO-VNBD model found
B1,S3c,30,1140.0,1170.0,897.1166033454897,37.083997124657145,4.133687525831654,20.15511456963205,3.9176094009274385,MEASURED,
B2,S3c,30,1140.0,1170.0,897.1166033454897,35.09484560690286,3.9119603266764464,17.46476831012974,3.9176094009274385,MEASURED,
B3,S3c,30,1140.0,1170.0,897.1166033454897,10.593977018097666,1.1808918683024092,9.70910953115116,0.0,MEASURED,
B4,S3c,30,1140.0,1170.0,897.1166033454897,37.329872056175915,4.1610947692827125,18.115565294854353,3.9176094009274385,MEASURED,
X,S3c,30,1140.0,1170.0,897.1166033454897,78.70530061149118,8.77314056143724,36.732023885749825,9.291290262680478,MEASURED,
CURRENT,S3c,30,1140.0,1170.0,,,,,,NOT_FOUND,No dedicated IO-VNBD model found
B1,S3c,30,1200.0,1230.0,934.5030233446787,2.000652200674358,0.21408729032398696,2.6523154679538674,0.3420186860718719,MEASURED,
B2,S3c,30,1200.0,1230.0,934.5030233446787,1.1875709627120876,0.1270804837486404,0.7114806390776565,0.3420186860718719,MEASURED,
B3,S3c,30,1200.0,1230.0,934.5030233446787,2.0665911322932016,0.22114333294467767,2.6509958735006784,0.0,MEASURED,
B4,S3c,30,1200.0,1230.0,934.5030233446787,5.9715446123856815,0.6390075219888464,3.6827900143859797,0.3420186860718719,MEASURED,
X,S3c,30,1200.0,1230.0,934.5030233446787,74.1870914858432,7.938667894333852,33.895276334143446,7.8529714876512315,MEASURED,
CURRENT,S3c,30,1200.0,1230.0,,,,,,NOT_FOUND,No dedicated IO-VNBD model found
B1,S3c,30,1260.0,1290.0,893.0149545823712,28.294540989519355,3.16842857382513,13.919083139849183,1.4911212757846128,MEASURED,
B2,S3c,30,1260.0,1290.0,893.0149545823712,4.823251955156421,0.5401087552237096,1.7588483215414412,1.4911212757846128,MEASURED,
B3,S3c,30,1260.0,1290.0,893.0149545823712,28.284998600112736,3.16736001507842,13.974674570840113,0.0,MEASURED,
B4,S3c,30,1260.0,1290.0,893.0149545823712,8.738942386348727,0.9785885825882497,4.204566845769635,1.4911212757846128,MEASURED,
X,S3c,30,1260.0,1290.0,893.0149545823712,58.16144419972256,6.512930595537724,27.66448494564335,1.382177735709877,MEASURED,
CURRENT,S3c,30,1260.0,1290.0,,,,,,NOT_FOUND,No dedicated IO-VNBD model found
B1,S3c,30,1320.0,1350.0,947.5115629210893,33.37774068214483,3.5226737053471293,16.970840883524595,2.4367275057684066,MEASURED,
B2,S3c,30,1320.0,1350.0,947.5115629210893,17.942529096489427,1.8936475077068498,8.460553278897304,2.4367275057684066,MEASURED,
B3,S3c,30,1320.0,1350.0,947.5115629210893,28.407963179892256,2.998165330279788,14.831151282705418,0.0,MEASURED,
B4,S3c,30,1320.0,1350.0,947.5115629210893,22.109495201379858,2.33342748168881,10.630255783181711,2.4367275057684066,MEASURED,
X,S3c,30,1320.0,1350.0,947.5115629210893,27.608174486155377,2.913755944153543,11.493824919812342,-3.9810769615853276,MEASURED,
CURRENT,S3c,30,1320.0,1350.0,,,,,,NOT_FOUND,No dedicated IO-VNBD model found
B1,S3c,30,1380.0,1410.0,835.0289463123249,108.04948118575793,12.939609059413888,43.67852490098045,0.06405068278334257,MEASURED,
B2,S3c,30,1380.0,1410.0,835.0289463123249,2.7965230941324433,0.3349013356342336,1.8142793529320165,0.06405068278334257,MEASURED,
B3,S3c,30,1380.0,1410.0,835.0289463123249,108.02032280358254,12.936117158647555,43.64607580582783,0.0,MEASURED,
B4,S3c,30,1380.0,1410.0,835.0289463123249,133.56177953275952,15.994868216556837,55.97555650101413,0.06405068278334257,MEASURED,
X,S3c,30,1380.0,1410.0,835.0289463123249,61.81111875715652,7.402272583498845,27.936237034206744,-6.293568244651041,MEASURED,
CURRENT,S3c,30,1380.0,1410.0,,,,,,NOT_FOUND,No dedicated IO-VNBD model found
B1,S3c,30,1440.0,1470.0,641.6149681320389,33.68090699963807,5.2493954587273315,19.904620600209558,0.3473809178556147,MEASURED,
B2,S3c,30,1440.0,1470.0,641.6149681320389,2.4421646110929327,0.3806277491005097,0.9243618602311436,0.3473809178556147,MEASURED,
B3,S3c,30,1440.0,1470.0,641.6149681320389,33.19763983792048,5.174075027359506,19.689282864289634,0.0,MEASURED,
B4,S3c,30,1440.0,1470.0,641.6149681320389,77.24302307614904,12.038843685494115,44.1032013288475,0.3473809178556147,MEASURED,
X,S3c,30,1440.0,1470.0,641.6149681320389,52.95068066001138,8.252719043349153,22.083819023365752,-9.254599088022463,MEASURED,
CURRENT,S3c,30,1440.0,1470.0,,,,,,NOT_FOUND,No dedicated IO-VNBD model found
B1,S3c,30,1500.0,1530.0,473.3348216127448,97.53347850045594,20.605599682723575,68.8973053155761,-0.06045523101034174,MEASURED,
B2,S3c,30,1500.0,1530.0,473.3348216127448,1.7819647120944835,0.37647023433073856,0.7822887157869179,-0.06045523101034174,MEASURED,
B3,S3c,30,1500.0,1530.0,473.3348216127448,96.5764912325347,20.40341990971203,68.58548696155128,0.0,MEASURED,
B4,S3c,30,1500.0,1530.0,473.3348216127448,46.61454715744239,9.848112800705737,18.53157250237305,-0.06045523101034174,MEASURED,
X,S3c,30,1500.0,1530.0,473.3348216127448,41.445812694833286,8.756130080102547,17.444950597994254,-4.475764801196654,MEASURED,
CURRENT,S3c,30,1500.0,1530.0,,,,,,NOT_FOUND,No dedicated IO-VNBD model found
B1,S3c,30,1560.0,1590.0,321.55569771316505,117.54072294017843,36.553767753488046,73.52774036782574,-1.062995813153531,MEASURED,
B2,S3c,30,1560.0,1590.0,321.55569771316505,1.6947160939572838,0.5270365619423758,1.3203647510893508,-1.062995813153531,MEASURED,
B3,S3c,30,1560.0,1590.0,321.55569771316505,118.57054353244769,36.874029717307415,73.94315698861416,0.0,MEASURED,
B4,S3c,30,1560.0,1590.0,321.55569771316505,145.17768201166479,45.14853353373528,88.37014624994777,-1.062995813153531,MEASURED,
X,S3c,30,1560.0,1590.0,321.55569771316505,37.273080893782,11.591485132703335,19.537665818168076,-8.969100301951485,MEASURED,
CURRENT,S3c,30,1560.0,1590.0,,,,,,NOT_FOUND,No dedicated IO-VNBD model found
B1,S3c,30,1620.0,1650.0,340.5573391690825,4.371430860345925,1.2836108218990883,4.075951949261178,0.9319028465967193,MEASURED,
B2,S3c,30,1620.0,1650.0,340.5573391690825,0.643496181541547,0.1889538434589598,0.8489240502640728,0.9319028465967193,MEASURED,
B3,S3c,30,1620.0,1650.0,340.5573391690825,3.584874842442966,1.0526494161569426,3.3369622297818453,0.0,MEASURED,
B4,S3c,30,1620.0,1650.0,340.5573391690825,22.765225696355394,6.68469684191793,11.039974867038321,0.9319028465967193,MEASURED,
X,S3c,30,1620.0,1650.0,340.5573391690825,37.670214436941976,11.061342718043488,16.06921818984315,-4.943277748917734,MEASURED,
CURRENT,S3c,30,1620.0,1650.0,,,,,,NOT_FOUND,No dedicated IO-VNBD model found
B1,S3c,30,1680.0,1710.0,300.0976863277065,15.894623501654316,5.296483187243702,18.935197162961018,1.288575475064807,MEASURED,
B2,S3c,30,1680.0,1710.0,300.0976863277065,1.95426168738619,0.6512085152339819,1.6247542814457827,1.288575475064807,MEASURED,
B3,S3c,30,1680.0,1710.0,300.0976863277065,17.143393826214883,5.7126044642324585,19.331088915217535,0.0,MEASURED,
B4,S3c,30,1680.0,1710.0,300.0976863277065,68.31919308970657,22.765651386962723,33.18166531673877,1.288575475064807,MEASURED,
X,S3c,30,1680.0,1710.0,300.0976863277065,48.06067682762427,16.015010783902557,27.715378553556306,-0.8751941255290383,MEASURED,
CURRENT,S3c,30,1680.0,1710.0,,,,,,NOT_FOUND,No dedicated IO-VNBD model found
B1,S3c,30,1740.0,1770.0,250.5002505654772,120.84493242936787,48.24144173771225,55.72132416223782,0.4557248599209815,MEASURED,
B2,S3c,30,1740.0,1770.0,250.5002505654772,4.994334310834812,1.9937442376048102,2.9513089469984974,0.4557248599209815,MEASURED,
B3,S3c,30,1740.0,1770.0,250.5002505654772,121.41927286869085,48.470719128863145,56.03099291597406,0.0,MEASURED,
B4,S3c,30,1740.0,1770.0,250.5002505654772,138.22484390171147,55.179523209930466,65.35318758670842,0.4557248599209815,MEASURED,
X,S3c,30,1740.0,1770.0,250.5002505654772,95.80830806670112,38.24679131075687,41.27369786901377,-5.696682334756598,MEASURED,
CURRENT,S3c,30,1740.0,1770.0,,,,,,NOT_FOUND,No dedicated IO-VNBD model found
B1,S3c,30,1800.0,1830.0,200.64936764457414,115.54750911007443,57.5867795979067,58.97086101571749,0.7729543551205116,MEASURED,
B2,S3c,30,1800.0,1830.0,200.64936764457414,4.256429022427097,2.121326905932164,2.942859049184777,0.7729543551205116,MEASURED,
B3,S3c,30,1800.0,1830.0,200.64936764457414,115.82676420402223,57.725955264008206,58.81501208856431,0.0,MEASURED,
B4,S3c,30,1800.0,1830.0,200.64936764457414,39.58093668005186,19.72641984606932,33.88434129131807,0.7729543551205116,MEASURED,
X,S3c,30,1800.0,1830.0,200.64936764457414,38.18789000199942,19.03215068668674,15.14328025944115,-5.214932100621954,MEASURED,
CURRENT,S3c,30,1800.0,1830.0,,,,,,NOT_FOUND,No dedicated IO-VNBD model found
B1,S3c,30,1860.0,1890.0,249.92062935171504,5.0293157266402675,2.012365181572297,7.86620062321334,2.704925772513216,MEASURED,
B2,S3c,30,1860.0,1890.0,249.92062935171504,7.870426404629752,3.1491703686267716,4.386197040705643,2.704925772513216,MEASURED,
B3,S3c,30,1860.0,1890.0,249.92062935171504,9.682443256886863,3.8742072961334832,10.778047266893251,0.0,MEASURED,
B4,S3c,30,1860.0,1890.0,249.92062935171504,13.094794583086484,5.2395813090955725,12.03412545404639,2.704925772513216,MEASURED,
X,S3c,30,1860.0,1890.0,249.92062935171504,41.0765007149068,16.4358183721999,15.708770301313917,-1.7896202531357817,MEASURED,
CURRENT,S3c,30,1860.0,1890.0,,,,,,NOT_FOUND,No dedicated IO-VNBD model found
B1,S3c,30,1920.0,1950.0,204.49585163932844,48.73309933382727,23.83084984030794,30.131585524597575,1.5047299791155457,MEASURED,
B2,S3c,30,1920.0,1950.0,204.49585163932844,4.93518261399281,2.4133411873298267,3.0746222992752275,1.5047299791155457,MEASURED,
B3,S3c,30,1920.0,1950.0,204.49585163932844,48.95249781580388,23.9381373379358,30.29110565359362,0.0,MEASURED,
B4,S3c,30,1920.0,1950.0,204.49585163932844,135.32919322047354,66.17698703206709,79.79240181265452,1.5047299791155457,MEASURED,
X,S3c,30,1920.0,1950.0,204.49585163932844,67.19931802186471,32.860968808494405,35.71012159164729,-1.4597458851576248,MEASURED,
CURRENT,S3c,30,1920.0,1950.0,,,,,,NOT_FOUND,No dedicated IO-VNBD model found
B1,S3c,30,1980.0,2010.0,135.3654751636708,132.7065720662513,98.03575978719493,67.14097857405237,2.2287016630155203,MEASURED,
B2,S3c,30,1980.0,2010.0,135.3654751636708,2.0559200695226716,1.5187920457833526,1.4753002240080426,2.2287016630155203,MEASURED,
B3,S3c,30,1980.0,2010.0,135.3654751636708,132.1474271547976,97.6226966255744,66.67218841395758,0.0,MEASURED,
B4,S3c,30,1980.0,2010.0,135.3654751636708,37.98516000744547,28.06118765624507,12.429222003670594,2.2287016630155203,MEASURED,
X,S3c,30,1980.0,2010.0,135.3654751636708,54.876746775350675,40.53969205146219,34.7370279009298,-2.5073932861785178,MEASURED,
CURRENT,S3c,30,1980.0,2010.0,,,,,,NOT_FOUND,No dedicated IO-VNBD model found
B1,S3c,30,2100.0,2130.0,5.790086227384467,392.13652252318576,6772.550651638983,225.45753690032257,-14.27696091017309,MEASURED,
B2,S3c,30,2100.0,2130.0,5.790086227384467,1.5436559671321226,26.660327782880568,0.9674372337362896,-14.27696091017309,MEASURED,
B3,S3c,30,2100.0,2130.0,5.790086227384467,391.2741096662556,6757.656005461672,224.82186917830265,0.0,MEASURED,
B4,S3c,30,2100.0,2130.0,5.790086227384467,110.96432867025527,1916.4538197280137,63.055957218092495,-14.27696091017309,MEASURED,
X,S3c,30,2100.0,2130.0,5.790086227384467,45.274256144855265,781.9271486964853,20.737945281131736,-15.417283570845473,MEASURED,
CURRENT,S3c,30,2100.0,2130.0,,,,,,NOT_FOUND,No dedicated IO-VNBD model found
B1,S3c,30,2160.0,2190.0,446.6775853312671,33.663299772355636,7.536375425552214,19.568753066560806,2.0841206256747262,MEASURED,
B2,S3c,30,2160.0,2190.0,446.6775853312671,15.459841201721039,3.461073872837304,8.168667724733105,2.0841206256747262,MEASURED,
B3,S3c,30,2160.0,2190.0,446.6775853312671,29.304532001423016,6.56055574843543,17.398634744382452,0.0,MEASURED,
B4,S3c,30,2160.0,2190.0,446.6775853312671,45.64026838099346,10.217720763208996,25.178778860656227,2.0841206256747262,MEASURED,
X,S3c,30,2160.0,2190.0,446.6775853312671,82.62543599277761,18.49777976468207,36.950282248132986,2.518427328052547,MEASURED,
CURRENT,S3c,30,2160.0,2190.0,,,,,,NOT_FOUND,No dedicated IO-VNBD model found
B1,S3c,30,2280.0,2310.0,385.87208997105245,67.70030643581816,17.544753351012492,38.90511524845719,2.87995699606561,MEASURED,
B2,S3c,30,2280.0,2310.0,385.87208997105245,14.289621429869054,3.7032016052109498,8.445445136449237,2.87995699606561,MEASURED,
B3,S3c,30,2280.0,2310.0,385.87208997105245,66.60732529438762,17.261503753584357,37.860631134936064,0.0,MEASURED,
B4,S3c,30,2280.0,2310.0,385.87208997105245,63.482610492710535,16.451723807615345,30.7059623382508,2.87995699606561,MEASURED,
X,S3c,30,2280.0,2310.0,385.87208997105245,36.169200107604325,9.373365176610125,23.401247921651308,1.9243638357467276,MEASURED,
CURRENT,S3c,30,2280.0,2310.0,,,,,,NOT_FOUND,No dedicated IO-VNBD model found
B1,S3c,30,2340.0,2370.0,372.9271182172306,176.61515684487654,47.35916167458703,98.76891606746466,-5.177666951699176,MEASURED,
B2,S3c,30,2340.0,2370.0,372.9271182172306,7.60813014129641,2.0401117992349014,4.288080436399076,-5.177666951699176,MEASURED,
B3,S3c,30,2340.0,2370.0,372.9271182172306,176.47163874847215,47.32067745357074,98.71840257179794,0.0,MEASURED,
B4,S3c,30,2340.0,2370.0,372.9271182172306,100.11684705764567,26.846223341507564,57.53042129969005,-5.177666951699176,MEASURED,
X,S3c,30,2340.0,2370.0,372.9271182172306,32.671370875367465,8.760792465710779,14.013369654988635,-6.943986279547563,MEASURED,
CURRENT,S3c,30,2340.0,2370.0,,,,,,NOT_FOUND,No dedicated IO-VNBD model found
B1,S3c,30,2400.0,2430.0,345.8312932231554,9.461722639002273,2.7359359388269366,16.263252197442938,-2.1800601845197014,MEASURED,
B2,S3c,30,2400.0,2430.0,345.8312932231554,3.6662696807513075,1.0601324265891592,2.320688426989691,-2.1800601845197014,MEASURED,
B3,S3c,30,2400.0,2430.0,345.8312932231554,9.415123842895381,2.7224615086582293,16.20184278606504,0.0,MEASURED,
B4,S3c,30,2400.0,2430.0,345.8312932231554,46.38788404913168,13.413443189826912,15.175580323547852,-2.1800601845197014,MEASURED,
X,S3c,30,2400.0,2430.0,345.8312932231554,7.764329454817215,2.2451205564578873,14.930396108385542,-4.858821139157967,MEASURED,
CURRENT,S3c,30,2400.0,2430.0,,,,,,NOT_FOUND,No dedicated IO-VNBD model found
B1,S3c,30,2460.0,2490.0,172.6946932146951,17.195962602052443,9.957435449782071,43.076779857697886,-14.400354200049302,MEASURED,
B2,S3c,30,2460.0,2490.0,172.6946932146951,38.47792914253771,22.280898402999398,15.77318961477551,-14.400354200049302,MEASURED,
B3,S3c,30,2460.0,2490.0,172.6946932146951,18.650891265849268,10.799921479151863,30.69103466218864,0.0,MEASURED,
B4,S3c,30,2460.0,2490.0,172.6946932146951,52.79814568945074,30.57311415111741,25.797533185120265,-14.400354200049302,MEASURED,
X,S3c,30,2460.0,2490.0,172.6946932146951,42.14946353863111,24.40692458698232,17.543201854688043,-15.369229932590937,MEASURED,
CURRENT,S3c,30,2460.0,2490.0,,,,,,NOT_FOUND,No dedicated IO-VNBD model found
B1,S3c,30,2520.0,2550.0,215.36068470874488,193.96298779849096,90.06425107758534,117.10882904864276,-5.934943449344405,MEASURED,
B2,S3c,30,2520.0,2550.0,215.36068470874488,26.74858367534909,12.420365263754634,16.021685459342198,-5.934943449344405,MEASURED,
B3,S3c,30,2520.0,2550.0,215.36068470874488,193.96298779849096,90.06425107758534,117.10882904864276,0.0,MEASURED,
B4,S3c,30,2520.0,2550.0,215.36068470874488,176.94799900986717,82.16355703417861,107.05211463572037,-5.934943449344405,MEASURED,
X,S3c,30,2520.0,2550.0,215.36068470874488,97.61360809313264,45.3256397402088,55.376819975851646,-8.275277066318607,MEASURED,
CURRENT,S3c,30,2520.0,2550.0,,,,,,NOT_FOUND,No dedicated IO-VNBD model found
B1,S3c,30,2580.0,2610.0,255.50664465838219,108.49602446209273,42.46309312509435,61.61770283287503,12.48598530010377,MEASURED,
B2,S3c,30,2580.0,2610.0,255.50664465838219,48.50043472729103,18.982063966335257,28.31366629469441,12.48598530010377,MEASURED,
B3,S3c,30,2580.0,2610.0,255.50664465838219,104.1576801098008,40.76515514853315,59.2684281828341,0.0,MEASURED,
B4,S3c,30,2580.0,2610.0,255.50664465838219,93.54558433512206,36.6118010199674,52.008288775443106,12.48598530010377,MEASURED,
X,S3c,30,2580.0,2610.0,255.50664465838219,52.57626814887111,20.577260610645446,32.55047456923128,11.483473316631766,MEASURED,
CURRENT,S3c,30,2580.0,2610.0,,,,,,NOT_FOUND,No dedicated IO-VNBD model found
B1,S3c,30,2640.0,2670.0,208.8880940973723,42.346517104130506,20.272345959741898,17.39961466604546,0.2590697821202196,MEASURED,
B2,S3c,30,2640.0,2670.0,208.8880940973723,27.52430284350462,13.176578091939641,14.736496583423525,0.2590697821202196,MEASURED,
B3,S3c,30,2640.0,2670.0,208.8880940973723,35.51153401382156,17.000267136942718,14.00837736505029,0.0,MEASURED,
B4,S3c,30,2640.0,2670.0,208.8880940973723,80.83080415785098,38.695744966762945,53.126984907306465,0.2590697821202196,MEASURED,
X,S3c,30,2640.0,2670.0,208.8880940973723,36.49761248469346,17.472327775502734,17.56840319713567,4.669624736456474,MEASURED,
CURRENT,S3c,30,2640.0,2670.0,,,,,,NOT_FOUND,No dedicated IO-VNBD model found
B1,S3c,30,2700.0,2730.0,201.11305428112394,34.64846055804156,17.22834983631075,13.92461462665263,9.347727713796237,MEASURED,
B2,S3c,30,2700.0,2730.0,201.11305428112394,12.992813460259036,6.460452558239783,4.324748345910311,9.347727713796237,MEASURED,
B3,S3c,30,2700.0,2730.0,201.11305428112394,26.380066361306522,13.117033330134502,10.258999013865626,0.0,MEASURED,
B4,S3c,30,2700.0,2730.0,201.11305428112394,48.19999507544041,23.96661681049531,19.263663652916843,9.347727713796237,MEASURED,
X,S3c,30,2700.0,2730.0,201.11305428112394,13.735676531797886,6.829828417103945,6.922187960852555,10.791763696274069,MEASURED,
CURRENT,S3c,30,2700.0,2730.0,,,,,,NOT_FOUND,No dedicated IO-VNBD model found
B1,S3c,30,2760.0,2790.0,263.4193773911544,83.94433754253144,31.867183945956093,51.9987867472856,13.400906611945286,MEASURED,
B2,S3c,30,2760.0,2790.0,263.4193773911544,22.39017215062735,8.499819706649724,15.475229977975516,13.400906611945286,MEASURED,
B3,S3c,30,2760.0,2790.0,263.4193773911544,84.00143604508092,31.888859839018693,51.30476235143343,0.0,MEASURED,
B4,S3c,30,2760.0,2790.0,263.4193773911544,80.26613558980281,30.47085464430915,54.82351298683419,13.400906611945286,MEASURED,
X,S3c,30,2760.0,2790.0,263.4193773911544,98.6827244034569,37.462211542973094,53.6975668788289,14.33394190480273,MEASURED,
CURRENT,S3c,30,2760.0,2790.0,,,,,,NOT_FOUND,No dedicated IO-VNBD model found
B1,S3c,30,2820.0,2850.0,251.24635098091568,40.35651218273613,16.06252668951262,22.72410674911906,0.870948940760524,MEASURED,
B2,S3c,30,2820.0,2850.0,251.24635098091568,10.789341350774214,4.294327582729254,4.463661909155757,0.870948940760524,MEASURED,
B3,S3c,30,2820.0,2850.0,251.24635098091568,39.548642261068274,15.740981752237403,22.50878291596676,0.0,MEASURED,
B4,S3c,30,2820.0,2850.0,251.24635098091568,39.87060384230015,15.869127526285412,22.31117999955107,0.870948940760524,MEASURED,
X,S3c,30,2820.0,2850.0,251.24635098091568,17.831687302749916,7.097292053449321,8.161545145247398,4.413950244374052,MEASURED,
CURRENT,S3c,30,2820.0,2850.0,,,,,,NOT_FOUND,No dedicated IO-VNBD model found
B1,S3c,30,2880.0,2910.0,201.17903381837132,52.9759064670433,26.33271741173142,37.674321954725606,2.9031317243302732,MEASURED,
B2,S3c,30,2880.0,2910.0,201.17903381837132,4.547437279092753,2.2603932391872776,3.2218977267411018,2.9031317243302732,MEASURED,
B3,S3c,30,2880.0,2910.0,201.17903381837132,47.46983143586288,23.59581440217058,35.61958735384431,0.0,MEASURED,
B4,S3c,30,2880.0,2910.0,201.17903381837132,41.93824702650596,20.846231453904235,28.718167689537434,2.9031317243302732,MEASURED,
X,S3c,30,2880.0,2910.0,201.17903381837132,108.54486330721421,53.95436156891518,53.28632695590217,4.316347665774742,MEASURED,
CURRENT,S3c,30,2880.0,2910.0,,,,,,NOT_FOUND,No dedicated IO-VNBD model found
B1,S3c,30,2940.0,2970.0,546.1003852790518,14.56025199887555,2.6662226197543166,7.693009467236286,2.4978335912895457,MEASURED,
B2,S3c,30,2940.0,2970.0,546.1003852790518,11.192084464817327,2.049455515234307,5.529696742422499,2.4978335912895457,MEASURED,
B3,S3c,30,2940.0,2970.0,546.1003852790518,8.885575442037096,1.6270956186007188,6.083617312311918,0.0,MEASURED,
B4,S3c,30,2940.0,2970.0,546.1003852790518,19.25465492799548,3.5258453293631256,7.179046182982822,2.4978335912895457,MEASURED,
X,S3c,30,2940.0,2970.0,546.1003852790518,64.82401473115736,11.870347737995631,29.978795605737513,-1.3150602942238292,MEASURED,
CURRENT,S3c,30,2940.0,2970.0,,,,,,NOT_FOUND,No dedicated IO-VNBD model found
B1,S3c,30,3000.0,3030.0,568.3963676437118,30.720001126852814,5.404679353283456,19.87622281955712,0.7454589323100487,MEASURED,
B2,S3c,30,3000.0,3030.0,568.3963676437118,4.946216745240859,0.8702055514086781,13.681269085343049,0.7454589323100487,MEASURED,
B3,S3c,30,3000.0,3030.0,568.3963676437118,40.08518744511042,7.052329980799076,27.36746317312641,0.0,MEASURED,
B4,S3c,30,3000.0,3030.0,568.3963676437118,128.22340660606656,22.558801200228803,63.40772953096758,0.7454589323100487,MEASURED,
X,S3c,30,3000.0,3030.0,568.3963676437118,7.733905119197334,1.3606535086172793,15.851192810528056,-3.0270042289342145,MEASURED,
CURRENT,S3c,30,3000.0,3030.0,,,,,,NOT_FOUND,No dedicated IO-VNBD model found
B1,S3c,30,3060.0,3090.0,551.7418755991216,48.190772695439485,8.734296747570669,23.195575479723868,1.6980827078977294,MEASURED,
B2,S3c,30,3060.0,3090.0,551.7418755991216,8.37861638746031,1.5185753987518522,3.4473755756478686,1.6980827078977294,MEASURED,
B3,S3c,30,3060.0,3090.0,551.7418755991216,47.27047095357763,8.567497419377114,22.92340014346127,0.0,MEASURED,
B4,S3c,30,3060.0,3090.0,551.7418755991216,49.14562172005738,8.907357569459718,22.999797708510034,1.6980827078977294,MEASURED,
X,S3c,30,3060.0,3090.0,551.7418755991216,28.031764600141475,5.08059399510007,19.65343951760923,-2.398828261780515,MEASURED,
CURRENT,S3c,30,3060.0,3090.0,,,,,,NOT_FOUND,No dedicated IO-VNBD model found
B1,S3c,30,3120.0,3150.0,124.83781664985084,207.10488997715217,165.89916063499146,152.97985514177122,-41.15364739986934,MEASURED,
B2,S3c,30,3120.0,3150.0,124.83781664985084,18.85995115736001,15.107562486661402,3.1551114171901005,-41.15364739986934,MEASURED,
B3,S3c,30,3120.0,3150.0,124.83781664985084,223.47952658559785,179.0158884406161,153.895356340408,0.0,MEASURED,
B4,S3c,30,3120.0,3150.0,124.83781664985084,83.481042473665,66.8715976568345,40.06079876280261,-41.15364739986934,MEASURED,
X,S3c,30,3120.0,3150.0,124.83781664985084,19.439421548683253,15.571741056003546,4.427163042143413,-43.507871578261934,MEASURED,
CURRENT,S3c,30,3120.0,3150.0,,,,,,NOT_FOUND,No dedicated IO-VNBD model found
B1,S3c,30,3180.0,3210.0,526.2675552366153,11.70717706081162,2.2245675121560464,6.249955166046669,0.13093445771298362,MEASURED,
B2,S3c,30,3180.0,3210.0,526.2675552366153,5.732429330724921,1.0892613982535104,3.43762499584525,0.13093445771298362,MEASURED,
B3,S3c,30,3180.0,3210.0,526.2675552366153,9.434918497188201,1.7927988156036267,5.014302087507586,0.0,MEASURED,
B4,S3c,30,3180.0,3210.0,526.2675552366153,27.407845028728552,5.207967839933758,20.99282123597657,0.13093445771298362,MEASURED,
X,S3c,30,3180.0,3210.0,526.2675552366153,40.308418776830756,7.659301504670505,16.803621583184096,5.690887776771423,MEASURED,
CURRENT,S3c,30,3180.0,3210.0,,,,,,NOT_FOUND,No dedicated IO-VNBD model found
B1,S3c,30,3240.0,3270.0,528.927933720269,95.86383756736207,18.12417750242342,64.72860745588835,27.555493859919068,MEASURED,
B2,S3c,30,3240.0,3270.0,528.927933720269,96.23029933947292,18.193461378117657,65.2507924497914,27.555493859919068,MEASURED,
B3,S3c,30,3240.0,3270.0,528.927933720269,20.521339995118776,3.8797988699102763,14.805597786427393,0.0,MEASURED,
B4,S3c,30,3240.0,3270.0,528.927933720269,89.66627217075813,16.952455420548727,62.644130669547096,27.555493859919068,MEASURED,
X,S3c,30,3240.0,3270.0,528.927933720269,77.16880537496593,14.589663440951433,57.285291808590856,35.00741274971074,MEASURED,
CURRENT,S3c,30,3240.0,3270.0,,,,,,NOT_FOUND,No dedicated IO-VNBD model found
B1,S3c,30,3300.0,3330.0,510.90198831972475,11.890783057352838,2.3274098220795203,9.45864410860328,0.19105693520525127,MEASURED,
B2,S3c,30,3300.0,3330.0,510.90198831972475,11.638512970157828,2.2780324281835433,6.538590113134064,0.19105693520525127,MEASURED,
B3,S3c,30,3300.0,3330.0,510.90198831972475,11.741129112190665,2.298117717412956,9.675913240231967,0.0,MEASURED,
B4,S3c,30,3300.0,3330.0,510.90198831972475,59.25214788719615,11.59755672160663,30.61379151849407,0.19105693520525127,MEASURED,
X,S3c,30,3300.0,3330.0,510.90198831972475,67.43125571822868,13.198471969153877,35.07820535864266,13.229717260573754,MEASURED,
CURRENT,S3c,30,3300.0,3330.0,,,,,,NOT_FOUND,No dedicated IO-VNBD model found
B1,S3c,30,3360.0,3390.0,178.95584603777726,203.37891889564682,113.6475412223828,128.0136923683452,3.093269674303277,MEASURED,
B2,S3c,30,3360.0,3390.0,178.95584603777726,26.838595270108996,14.997328036125412,14.363040511855221,3.093269674303277,MEASURED,
B3,S3c,30,3360.0,3390.0,178.95584603777726,190.89436753982514,106.67121067368075,120.76422451210328,0.0,MEASURED,
B4,S3c,30,3360.0,3390.0,178.95584603777726,131.7716746117056,73.63362389619216,77.14971381913594,3.093269674303277,MEASURED,
X,S3c,30,3360.0,3390.0,178.95584603777726,25.166181300165405,14.062788032559085,10.83895371600381,15.98915508784663,MEASURED,
CURRENT,S3c,30,3360.0,3390.0,,,,,,NOT_FOUND,No dedicated IO-VNBD model found
B1,S3c,30,3420.0,3450.0,509.3978723611749,5.763318846207754,1.1313982956963407,7.831039580199482,1.1427209146157717,MEASURED,
B2,S3c,30,3420.0,3450.0,509.3978723611749,4.366943475440855,0.8572755624594738,3.2084965794920506,1.1427209146157717,MEASURED,
B3,S3c,30,3420.0,3450.0,509.3978723611749,5.517227648933797,1.083088082673018,7.670849450720199,0.0,MEASURED,
B4,S3c,30,3420.0,3450.0,509.3978723611749,16.945723027211262,3.326618336402542,16.665556086117608,1.1427209146157717,MEASURED,
X,S3c,30,3420.0,3450.0,509.3978723611749,79.29156360367867,15.565742989098924,35.390196039999246,15.845405003378113,MEASURED,
CURRENT,S3c,30,3420.0,3450.0,,,,,,NOT_FOUND,No dedicated IO-VNBD model found
B1,S3c,30,3480.0,3510.0,151.1462740015761,71.91218753093881,47.577876468320305,39.48037256533093,11.56068917824922,MEASURED,
B2,S3c,30,3480.0,3510.0,151.1462740015761,1.4935545179892444,0.9881517277585486,2.2194489565137063,11.56068917824922,MEASURED,
B3,S3c,30,3480.0,3510.0,151.1462740015761,73.66767049582559,48.73932287279368,41.37974431376845,0.0,MEASURED,
B4,S3c,30,3480.0,3510.0,151.1462740015761,59.80374184663641,39.56679861391277,21.89520447082835,11.56068917824922,MEASURED,
X,S3c,30,3480.0,3510.0,151.1462740015761,36.40136645259469,24.083535431521852,24.27914364748185,19.79188508042858,MEASURED,
CURRENT,S3c,30,3480.0,3510.0,,,,,,NOT_FOUND,No dedicated IO-VNBD model found
B1,S3c,30,3600.0,3630.0,175.35689129711733,39.493806408683184,22.52195857063099,15.940439491587513,68.21434823273607,MEASURED,
B2,S3c,30,3600.0,3630.0,175.35689129711733,11.877695955896215,6.773441219239652,2.6690024883347374,68.21434823273607,MEASURED,
B3,S3c,30,3600.0,3630.0,175.35689129711733,55.329395881102144,31.55245024693917,18.14217176015252,0.0,MEASURED,
B4,S3c,30,3600.0,3630.0,175.35689129711733,64.09985287221687,36.55394002372498,30.684199502949784,68.21434823273607,MEASURED,
X,S3c,30,3600.0,3630.0,175.35689129711733,35.37540246461335,20.17337454088118,18.409090373029503,68.68107828248175,MEASURED,
CURRENT,S3c,30,3600.0,3630.0,,,,,,NOT_FOUND,No dedicated IO-VNBD model found
B1,S3c,30,3660.0,3690.0,122.41128009159596,130.3352344683071,106.47322237851114,80.09964424354688,2.5389850887031526,MEASURED,
B2,S3c,30,3660.0,3690.0,122.41128009159596,0.9499458114601325,0.776028002279955,0.5823617713125324,2.5389850887031526,MEASURED,
B3,S3c,30,3660.0,3690.0,122.41128009159596,131.27264960512218,107.23901384488063,80.3259496496812,0.0,MEASURED,
B4,S3c,30,3660.0,3690.0,122.41128009159596,62.7174502355339,51.23502522692737,37.33424410126669,2.5389850887031526,MEASURED,
X,S3c,30,3660.0,3690.0,122.41128009159596,144.63237474435576,118.15281617521896,69.46095921076987,1.7343929490535044,MEASURED,
CURRENT,S3c,30,3660.0,3690.0,,,,,,NOT_FOUND,No dedicated IO-VNBD model found
B1,S3c,60,120.0,180.0,844.4746615399214,52.401245839781,6.205188648789766,52.79384258046443,8.674612630767694,MEASURED,
B2,S3c,60,120.0,180.0,844.4746615399214,57.68287290984462,6.830622105896985,28.09292334662476,8.674612630767694,MEASURED,
B3,S3c,60,120.0,180.0,844.4746615399214,27.2400651563559,3.22568176369945,48.36064609758835,0.0,MEASURED,
B4,S3c,60,120.0,180.0,844.4746615399214,82.03408031761963,9.714214535226949,35.394860819543645,8.674612630767694,MEASURED,
X,S3c,60,120.0,180.0,844.4746615399214,162.7986088178695,19.27809278741437,73.85842820104992,7.756802299994601,MEASURED,
CURRENT,S3c,60,120.0,180.0,,,,,,NOT_FOUND,No dedicated IO-VNBD model found
B1,S3c,60,180.0,240.0,878.5181068241701,350.8646914087306,39.938242442959,175.44286846145718,6.608938870268635,MEASURED,
B2,S3c,60,180.0,240.0,878.5181068241701,51.52467104612241,5.864952656739577,21.09307898940099,6.608938870268635,MEASURED,
B3,S3c,60,180.0,240.0,878.5181068241701,343.2143511007009,39.067419149892736,171.35560804426348,0.0,MEASURED,
B4,S3c,60,180.0,240.0,878.5181068241701,120.54484103233611,13.721383782071825,74.59232420388685,6.608938870268635,MEASURED,
X,S3c,60,180.0,240.0,878.5181068241701,664.6263083922645,75.6531144013501,298.16845640463623,3.0269193233770912,MEASURED,
CURRENT,S3c,60,180.0,240.0,,,,,,NOT_FOUND,No dedicated IO-VNBD model found
B1,S3c,60,240.0,300.0,1071.4979775416004,42.29104675890312,3.9469086872131953,60.143220904871555,5.676661581613486,MEASURED,
B2,S3c,60,240.0,300.0,1071.4979775416004,52.80265229077116,4.927928320678619,27.28737490785319,5.676661581613486,MEASURED,
B3,S3c,60,240.0,300.0,1071.4979775416004,15.950170664984688,1.488586166217512,59.61716708173826,0.0,MEASURED,
B4,S3c,60,240.0,300.0,1071.4979775416004,497.5619636736772,46.43610852306622,290.7805448745815,5.676661581613486,MEASURED,
X,S3c,60,240.0,300.0,1071.4979775416004,408.90403640661276,38.16190463978148,213.08574270904205,6.832670349895828,MEASURED,
CURRENT,S3c,60,240.0,300.0,,,,,,NOT_FOUND,No dedicated IO-VNBD model found
B1,S3c,60,300.0,360.0,668.1707890559412,124.07478534296204,18.569322001979067,89.27221716972932,5.955827090150608,MEASURED,
B2,S3c,60,300.0,360.0,668.1707890559412,25.903972471231228,3.8768489876414622,17.582068612466408,5.955827090150608,MEASURED,
B3,S3c,60,300.0,360.0,668.1707890559412,124.67476419304573,18.65911623721216,83.36743612210103,0.0,MEASURED,
B4,S3c,60,300.0,360.0,668.1707890559412,11.133267983718454,1.6662308748110124,75.10124939645434,5.955827090150608,MEASURED,
X,S3c,60,300.0,360.0,668.1707890559412,118.45810995010197,17.728717251688224,59.33007688893109,3.998718810532733,MEASURED,
CURRENT,S3c,60,300.0,360.0,,,,,,NOT_FOUND,No dedicated IO-VNBD model found
B1,S3c,60,360.0,420.0,561.4204729141768,34.865561381208536,6.21024046384186,43.55515594025237,3.0530157427818567,MEASURED,
B2,S3c,60,360.0,420.0,561.4204729141768,1.745465569929017,0.3109016600105074,2.5903735850984613,3.0530157427818567,MEASURED,
B3,S3c,60,360.0,420.0,561.4204729141768,35.96205421456743,6.405547348121891,42.79586913820892,0.0,MEASURED,
B4,S3c,60,360.0,420.0,561.4204729141768,29.476794238643734,5.2503953205763825,44.290197071282726,3.0530157427818567,MEASURED,
X,S3c,60,360.0,420.0,561.4204729141768,16.817931620173344,2.995603550557421,18.799730449307393,14.757850952159139,MEASURED,
CURRENT,S3c,60,360.0,420.0,,,,,,NOT_FOUND,No dedicated IO-VNBD model found
B1,S3c,60,420.0,480.0,621.720093333553,76.5674893584916,12.315427823468,36.009018246167166,4.394971111289205,MEASURED,
B2,S3c,60,420.0,480.0,621.720093333553,8.946466219449219,1.4389861796937995,3.601636453591311,4.394971111289205,MEASURED,
B3,S3c,60,420.0,480.0,621.720093333553,76.82939394804467,12.357553627726437,36.96313486184412,0.0,MEASURED,
B4,S3c,60,420.0,480.0,621.720093333553,62.542474967668696,10.059587206250168,28.60532185316988,4.394971111289205,MEASURED,
X,S3c,60,420.0,480.0,621.720093333553,50.48977673827394,8.120981978812475,17.09560833291515,15.755910639510718,MEASURED,
CURRENT,S3c,60,420.0,480.0,,,,,,NOT_FOUND,No dedicated IO-VNBD model found
B1,S3c,60,480.0,540.0,779.7769976060982,67.01642737478326,8.594306780082322,89.19551433804199,3.391366313631698,MEASURED,
B2,S3c,60,480.0,540.0,779.7769976060982,21.91981100187135,2.811035856297991,12.52541371625048,3.391366313631698,MEASURED,
B3,S3c,60,480.0,540.0,779.7769976060982,56.00065655704293,7.181624583562219,84.53775746164746,0.0,MEASURED,
B4,S3c,60,480.0,540.0,779.7769976060982,118.29336351648477,15.170152989847525,71.38367617000591,3.391366313631698,MEASURED,
X,S3c,60,480.0,540.0,779.7769976060982,85.70376454814587,10.990804398084956,41.94707772492397,17.90586355333653,MEASURED,
CURRENT,S3c,60,480.0,540.0,,,,,,NOT_FOUND,No dedicated IO-VNBD model found
B1,S3c,60,540.0,600.0,428.62743069260114,186.34260286500265,43.47425981671295,105.77841014473341,4.526298061201954,MEASURED,
B2,S3c,60,540.0,600.0,428.62743069260114,16.794237794822344,3.918143495316022,7.044180210406095,4.526298061201954,MEASURED,
B3,S3c,60,540.0,600.0,428.62743069260114,192.88146131050328,44.99979410996497,108.85734053596569,0.0,MEASURED,
B4,S3c,60,540.0,600.0,428.62743069260114,145.2736565694997,33.892757711460064,75.0898131947986,4.526298061201954,MEASURED,
X,S3c,60,540.0,600.0,428.62743069260114,146.05480683615255,34.075002292818425,54.59301767374673,13.984100399765978,MEASURED,
CURRENT,S3c,60,540.0,600.0,,,,,,NOT_FOUND,No dedicated IO-VNBD model found
B1,S3c,60,600.0,660.0,250.9640956872651,92.76714923338521,36.96431116146013,56.48438342838752,6.209261294543852,MEASURED,
B2,S3c,60,600.0,660.0,250.9640956872651,25.147226766199847,10.020248791897572,15.413884886876264,6.209261294543852,MEASURED,
B3,S3c,60,600.0,660.0,250.9640956872651,18.961895135026648,7.5556206887282045,15.455665176550724,0.0,MEASURED,
B4,S3c,60,600.0,660.0,250.9640956872651,166.0707956604318,66.1731293496972,92.40943318670614,6.209261294543852,MEASURED,
X,S3c,60,600.0,660.0,250.9640956872651,61.85862726672145,24.64839725273116,50.032353927500864,10.349867676040905,MEASURED,
CURRENT,S3c,60,600.0,660.0,,,,,,NOT_FOUND,No dedicated IO-VNBD model found
B1,S3c,60,660.0,720.0,432.378572364314,60.916153174998264,14.0886151785689,99.76944863478347,4.852217189272968,MEASURED,
B2,S3c,60,660.0,720.0,432.378572364314,7.388178825649089,1.7087291780555556,4.731266210766805,4.852217189272968,MEASURED,
B3,S3c,60,660.0,720.0,432.378572364314,62.42175700517286,14.43682943487252,100.20864085166754,0.0,MEASURED,
B4,S3c,60,660.0,720.0,432.378572364314,35.61991253719396,8.238130845018217,19.415848221066877,4.852217189272968,MEASURED,
X,S3c,60,660.0,720.0,432.378572364314,63.410007635650835,14.665390860817858,57.51181153428994,7.510864331965889,MEASURED,
CURRENT,S3c,60,660.0,720.0,,,,,,NOT_FOUND,No dedicated IO-VNBD model found
B1,S3c,60,720.0,780.0,429.2230329894249,47.36803240133881,11.035762007325886,21.911199349564743,1.346374904606371,MEASURED,
B2,S3c,60,720.0,780.0,429.2230329894249,8.97010972700195,2.0898481762564107,4.597118620485608,1.346374904606371,MEASURED,
B3,S3c,60,720.0,780.0,429.2230329894249,55.14387872320576,12.847371758953203,24.873638096579867,0.0,MEASURED,
B4,S3c,60,720.0,780.0,429.2230329894249,95.3768703472353,22.220818319781355,55.878832959358,1.346374904606371,MEASURED,
X,S3c,60,720.0,780.0,429.2230329894249,226.9700397823407,52.879277750207024,107.05127153840758,5.748136109584466,MEASURED,
CURRENT,S3c,60,720.0,780.0,,,,,,NOT_FOUND,No dedicated IO-VNBD model found
B1,S3c,60,780.0,840.0,298.4547188194801,122.42035192885773,41.01806545833289,84.05201680983589,4.750878410412385,MEASURED,
B2,S3c,60,780.0,840.0,298.4547188194801,7.343551537452484,2.4605245199336987,3.3874145076728412,4.750878410412385,MEASURED,
B3,S3c,60,780.0,840.0,298.4547188194801,113.08288624936723,37.889461656582235,81.12523747865671,0.0,MEASURED,
B4,S3c,60,780.0,840.0,298.4547188194801,102.16289373477221,34.23061767589786,75.71621567234529,4.750878410412385,MEASURED,
X,S3c,60,780.0,840.0,298.4547188194801,29.28994515522605,9.81386565810743,13.947634706934315,8.984438359578391,MEASURED,
CURRENT,S3c,60,780.0,840.0,,,,,,NOT_FOUND,No dedicated IO-VNBD model found
B1,S3c,60,840.0,900.0,217.9279855903788,94.34159187570822,43.29026013805969,31.067219625660545,8.54248229689096,MEASURED,
B2,S3c,60,840.0,900.0,217.9279855903788,4.498762227750088,2.0643343329966073,3.0458622778436335,8.54248229689096,MEASURED,
B3,S3c,60,840.0,900.0,217.9279855903788,91.40732298055734,41.94382044735096,29.606209139366495,0.0,MEASURED,
B4,S3c,60,840.0,900.0,217.9279855903788,138.58137837397405,63.59044617356028,50.421001985175906,8.54248229689096,MEASURED,
X,S3c,60,840.0,900.0,217.9279855903788,80.38116462074379,36.88427826421046,54.67938832823301,8.522622843620416,MEASURED,
CURRENT,S3c,60,840.0,900.0,,,,,,NOT_FOUND,No dedicated IO-VNBD model found
B1,S3c,60,960.0,1020.0,756.0594019628236,201.35911317594937,26.632710690879083,97.21886924456378,7.128256996751069,MEASURED,
B2,S3c,60,960.0,1020.0,756.0594019628236,44.20551868609224,5.846831422415917,19.56923043450831,7.128256996751069,MEASURED,
B3,S3c,60,960.0,1020.0,756.0594019628236,191.4384600214108,25.32055808371841,92.21815224320723,0.0,MEASURED,
B4,S3c,60,960.0,1020.0,756.0594019628236,96.92539293520592,12.81981186710669,45.17236155581143,7.128256996751069,MEASURED,
X,S3c,60,960.0,1020.0,756.0594019628236,40.264925972375124,5.325629952863809,18.992391029983118,-1.9163243543041242,MEASURED,
CURRENT,S3c,60,960.0,1020.0,,,,,,NOT_FOUND,No dedicated IO-VNBD model found
B1,S3c,60,1020.0,1080.0,1259.2829946011218,694.3140668808995,55.13566607804655,311.3242520281055,4.936188450163078,MEASURED,
B2,S3c,60,1020.0,1080.0,1259.2829946011218,92.51074564311162,7.346303097852474,40.5245696732371,4.936188450163078,MEASURED,
B3,S3c,60,1020.0,1080.0,1259.2829946011218,693.733155939504,55.08953578454731,311.4983289977467,0.0,MEASURED,
B4,S3c,60,1020.0,1080.0,1259.2829946011218,997.6763164560059,79.22574359642013,470.2655194984402,4.936188450163078,MEASURED,
X,S3c,60,1020.0,1080.0,1259.2829946011218,337.45426020209214,26.79733321650872,137.15080777055888,-3.559387220882883,MEASURED,
CURRENT,S3c,60,1020.0,1080.0,,,,,,NOT_FOUND,No dedicated IO-VNBD model found
B1,S3c,60,1080.0,1140.0,1774.8262767387312,92.30296981230555,5.200676315313157,39.566404823967254,5.7779848937760825,MEASURED,
B2,S3c,60,1080.0,1140.0,1774.8262767387312,91.97966686811469,5.182460282091871,36.001425751088014,5.7779848937760825,MEASURED,
B3,S3c,60,1080.0,1140.0,1774.8262767387312,7.549407662761405,0.42536037254494286,16.15233490571639,0.0,MEASURED,
B4,S3c,60,1080.0,1140.0,1774.8262767387312,94.75108077187457,5.338611559548298,38.11323384035137,5.7779848937760825,MEASURED,
X,S3c,60,1080.0,1140.0,1774.8262767387312,388.46828656326124,21.887679467822466,175.31437513805858,8.612405503834204,MEASURED,
CURRENT,S3c,60,1080.0,1140.0,,,,,,NOT_FOUND,No dedicated IO-VNBD model found
B1,S3c,60,1140.0,1200.0,1831.7560414827399,105.35946754495802,5.751828581914946,52.771976083047754,5.176384934937875,MEASURED,
B2,S3c,60,1140.0,1200.0,1831.7560414827399,103.64455741676679,5.65820748339775,51.66133263823645,5.176384934937875,MEASURED,
B3,S3c,60,1140.0,1200.0,1831.7560414827399,17.46939984263172,0.9536968595714785,9.353747667853833,0.0,MEASURED,
B4,S3c,60,1140.0,1200.0,1831.7560414827399,114.24989507229682,6.237178558986255,56.90653402021669,5.176384934937875,MEASURED,
X,S3c,60,1140.0,1200.0,1831.7560414827399,292.73631274688836,15.98118450915161,133.15114779037376,17.575470106423168,MEASURED,
CURRENT,S3c,60,1140.0,1200.0,,,,,,NOT_FOUND,No dedicated IO-VNBD model found
B1,S3c,60,1200.0,1260.0,1863.9554007652328,23.934561212789834,1.2840737070728026,7.992067408439515,2.4537528465949325,MEASURED,
B2,S3c,60,1200.0,1260.0,1863.9554007652328,20.71719305031764,1.1114639889888114,6.925335648751137,2.4537528465949325,MEASURED,
B3,S3c,60,1200.0,1260.0,1863.9554007652328,12.28947809800883,0.6593225402798522,4.3901464596552415,0.0,MEASURED,
B4,S3c,60,1200.0,1260.0,1863.9554007652328,68.50950367838112,3.67549049994732,25.808051754918655,2.4537528465949325,MEASURED,
X,S3c,60,1200.0,1260.0,1863.9554007652328,267.90861659477,14.373123760621214,125.81058869572854,13.173689952692003,MEASURED,
CURRENT,S3c,60,1200.0,1260.0,,,,,,NOT_FOUND,No dedicated IO-VNBD model found
B1,S3c,60,1260.0,1320.0,1804.5491858306393,51.65831848580165,2.862671679521064,32.052234687616114,3.082503944244052,MEASURED,
B2,S3c,60,1260.0,1320.0,1804.5491858306393,39.82897381052775,2.20714259956258,16.023288121613575,3.082503944244052,MEASURED,
B3,S3c,60,1260.0,1320.0,1804.5491858306393,38.00917016851715,2.106297266207317,29.047095246701325,0.0,MEASURED,
B4,S3c,60,1260.0,1320.0,1804.5491858306393,40.185213964491524,2.226883826721196,16.37976271361307,3.082503944244052,MEASURED,
X,S3c,60,1260.0,1320.0,1804.5491858306393,177.1534632359004,9.817048192807011,86.6399205106944,0.31055471594686196,MEASURED,
CURRENT,S3c,60,1260.0,1320.0,,,,,,NOT_FOUND,No dedicated IO-VNBD model found
B1,S3c,60,1320.0,1380.0,1887.675550313918,66.64144670438041,3.5303443270904276,40.59330192646173,0.9815097714496727,MEASURED,
B2,S3c,60,1320.0,1380.0,1887.675550313918,48.5062119326901,2.569626540144761,26.754541844225677,0.9815097714496727,MEASURED,
B3,S3c,60,1320.0,1380.0,1887.675550313918,46.36833097889349,2.4563718575039286,30.902949917353055,0.0,MEASURED,
B4,S3c,60,1320.0,1380.0,1887.675550313918,48.74497806452674,2.5822752250205556,28.92617354776898,0.9815097714496727,MEASURED,
X,S3c,60,1320.0,1380.0,1887.675550313918,137.1616629742408,7.266167268598197,58.72620870194868,-8.810189737230306,MEASURED,
CURRENT,S3c,60,1320.0,1380.0,,,,,,NOT_FOUND,No dedicated IO-VNBD model found
B1,S3c,60,1380.0,1440.0,1448.055359634955,440.89269611276427,30.447226563486517,206.21035372285547,1.280259342271095,MEASURED,
B2,S3c,60,1380.0,1440.0,1448.055359634955,4.433544167420955,0.3061722839476677,2.3623462127075023,1.280259342271095,MEASURED,
B3,S3c,60,1380.0,1440.0,1448.055359634955,441.0208143402511,30.45607416911391,206.2017627625339,0.0,MEASURED,
B4,S3c,60,1380.0,1440.0,1448.055359634955,501.2641640850365,34.616367444087345,239.13092751600345,1.280259342271095,MEASURED,
X,S3c,60,1380.0,1440.0,1448.055359634955,209.54327050017903,14.470667098874138,100.14384779303302,-12.726386112893897,MEASURED,
CURRENT,S3c,60,1380.0,1440.0,,,,,,NOT_FOUND,No dedicated IO-VNBD model found
B1,S3c,60,1440.0,1500.0,1275.5226663904955,53.66881992794956,4.2075943722601865,40.08056443145913,0.6133749487554622,MEASURED,
B2,S3c,60,1440.0,1500.0,1275.5226663904955,14.164414495356825,1.1104792465538558,6.256306198588947,0.6133749487554622,MEASURED,
B3,S3c,60,1440.0,1500.0,1275.5226663904955,53.81872559684825,4.21934686187473,40.08874716518026,0.0,MEASURED,
B4,S3c,60,1440.0,1500.0,1275.5226663904955,164.74341610651135,12.915757629984437,99.25020263670643,0.6133749487554622,MEASURED,
X,S3c,60,1440.0,1500.0,1275.5226663904955,196.27309529010114,15.38766032637581,88.87185255953925,-14.730877617086875,MEASURED,
CURRENT,S3c,60,1440.0,1500.0,,,,,,NOT_FOUND,No dedicated IO-VNBD model found
B1,S3c,60,1500.0,1560.0,880.26790328975,250.24755163487538,28.42856711004077,142.9450600336997,-0.10450199144805727,MEASURED,
B2,S3c,60,1500.0,1560.0,880.26790328975,3.2387125955352563,0.36792351322040623,1.8236566598355177,-0.10450199144805727,MEASURED,
B3,S3c,60,1500.0,1560.0,880.26790328975,249.42194143076236,28.33477632191507,142.37629664120144,0.0,MEASURED,
B4,S3c,60,1500.0,1560.0,880.26790328975,59.39132606530225,6.74696031098534,30.529074978792906,-0.10450199144805727,MEASURED,
X,S3c,60,1500.0,1560.0,880.26790328975,136.96034967226566,15.558939404744333,61.34046966920656,-11.455840552597039,MEASURED,
CURRENT,S3c,60,1500.0,1560.0,,,,,,NOT_FOUND,No dedicated IO-VNBD model found
B1,S3c,60,1560.0,1620.0,646.2390786297485,292.6399467820256,45.2835423389319,162.99571990782195,0.22963734042805029,MEASURED,
B2,S3c,60,1560.0,1620.0,646.2390786297485,1.4610409050309725,0.22608365129030683,1.4937197318780198,0.22963734042805029,MEASURED,
B3,S3c,60,1560.0,1620.0,646.2390786297485,293.5112758853851,45.41837310546602,163.75655038873066,0.0,MEASURED,
B4,S3c,60,1560.0,1620.0,646.2390786297485,323.9575631192301,50.12967705483437,187.4149897140826,0.22963734042805029,MEASURED,
X,S3c,60,1560.0,1620.0,646.2390786297485,72.66484385530232,11.244266442285888,42.04070312902065,-13.727369322382414,MEASURED,
CURRENT,S3c,60,1560.0,1620.0,,,,,,NOT_FOUND,No dedicated IO-VNBD model found
B1,S3c,60,1620.0,1680.0,611.7243426883646,56.439947691683365,9.226369420521165,24.88725381247525,0.596204769666464,MEASURED,
B2,S3c,60,1620.0,1680.0,611.7243426883646,2.365927324988637,0.3867636384373753,1.319996606743104,0.596204769666464,MEASURED,
B3,S3c,60,1620.0,1680.0,611.7243426883646,57.14636496569109,9.341849094078572,25.25434435988776,0.0,MEASURED,
B4,S3c,60,1620.0,1680.0,611.7243426883646,120.38685232297388,19.67991853878267,59.05440968639442,0.596204769666464,MEASURED,
X,S3c,60,1620.0,1680.0,611.7243426883646,91.56947942295555,14.969075616728318,50.18417450299587,-9.85172873722811,MEASURED,
CURRENT,S3c,60,1620.0,1680.0,,,,,,NOT_FOUND,No dedicated IO-VNBD model found
B1,S3c,60,1680.0,1740.0,531.8319363917503,77.65819284557372,14.602017579547962,32.36639561467815,-1.4438495067826012,MEASURED,
B2,S3c,60,1680.0,1740.0,531.8319363917503,2.2630685329558973,0.42552324862433766,1.789518268950962,-1.4438495067826012,MEASURED,
B3,S3c,60,1680.0,1740.0,531.8319363917503,78.82306674823802,14.82104803314717,33.182250071168696,0.0,MEASURED,
B4,S3c,60,1680.0,1740.0,531.8319363917503,171.84925201712898,32.312698854275624,84.89298616078284,-1.4438495067826012,MEASURED,
X,S3c,60,1680.0,1740.0,531.8319363917503,39.79376971352044,7.482395657452232,43.197288461038646,-8.570694918803799,MEASURED,
CURRENT,S3c,60,1680.0,1740.0,,,,,,NOT_FOUND,No dedicated IO-VNBD model found
B1,S3c,60,1740.0,1800.0,522.947849915123,190.9064715379741,36.505833529855636,120.79769886786302,2.797701712038127,MEASURED,
B2,S3c,60,1740.0,1800.0,522.947849915123,6.148538066672725,1.1757459310083527,4.500631649778988,2.797701712038127,MEASURED,
B3,S3c,60,1740.0,1800.0,522.947849915123,191.03865005857048,36.53110918986989,121.15143552269363,0.0,MEASURED,
B4,S3c,60,1740.0,1800.0,522.947849915123,199.16637500153476,38.08532247218541,131.17961706737125,2.797701712038127,MEASURED,
X,S3c,60,1740.0,1800.0,522.947849915123,206.1165245962624,39.414355490650955,116.54919380737168,-9.69376772320594,MEASURED,
CURRENT,S3c,60,1740.0,1800.0,,,,,,NOT_FOUND,No dedicated IO-VNBD model found
B1,S3c,60,1800.0,1860.0,445.7114444843593,108.80249040284245,24.41097076354307,94.48927284361795,0.9491600708438568,MEASURED,
B2,S3c,60,1800.0,1860.0,445.7114444843593,6.132271804692498,1.375838982951601,3.8880294102791795,0.9491600708438568,MEASURED,
B3,S3c,60,1800.0,1860.0,445.7114444843593,116.77480544402891,26.19964259143602,96.82652551331425,0.0,MEASURED,
B4,S3c,60,1800.0,1860.0,445.7114444843593,81.62936789187202,18.314398003916754,45.26407889673604,0.9491600708438568,MEASURED,
X,S3c,60,1800.0,1860.0,445.7114444843593,65.6462998000641,14.728430380783667,44.82912915776708,-9.353636919500094,MEASURED,
CURRENT,S3c,60,1800.0,1860.0,,,,,,NOT_FOUND,No dedicated IO-VNBD model found
B1,S3c,60,1860.0,1920.0,460.74348646237263,28.11648214840971,6.102415546726538,12.524967643919954,2.576569575476626,MEASURED,
B2,S3c,60,1860.0,1920.0,460.74348646237263,13.095463867730068,2.842246120130345,8.933864402887611,2.576569575476626,MEASURED,
B3,S3c,60,1860.0,1920.0,460.74348646237263,16.644110857270903,3.6124462626842084,11.813709599686636,0.0,MEASURED,
B4,S3c,60,1860.0,1920.0,460.74348646237263,19.93198327304361,4.326047759477417,15.080409070369004,2.576569575476626,MEASURED,
X,S3c,60,1860.0,1920.0,460.74348646237263,135.36635553275462,29.3799824653212,77.63989165356537,-7.124569610440848,MEASURED,
CURRENT,S3c,60,1860.0,1920.0,,,,,,NOT_FOUND,No dedicated IO-VNBD model found
B1,S3c,60,1920.0,1980.0,509.7467145073647,58.54777475820127,11.485660052715334,40.639925604329115,1.7006636467066074,MEASURED,
B2,S3c,60,1920.0,1980.0,509.7467145073647,7.354303475509338,1.4427368075568214,4.487460567940831,1.7006636467066074,MEASURED,
B3,S3c,60,1920.0,1980.0,509.7467145073647,68.80880087835455,13.498625674292683,44.49046718661818,0.0,MEASURED,
B4,S3c,60,1920.0,1980.0,509.7467145073647,132.63729004686724,26.0202344168225,111.68246070159154,1.7006636467066074,MEASURED,
X,S3c,60,1920.0,1980.0,509.7467145073647,104.6798138578041,20.53565248752412,65.01113902275439,-3.956175152004584,MEASURED,
CURRENT,S3c,60,1920.0,1980.0,,,,,,NOT_FOUND,No dedicated IO-VNBD model found
B1,S3c,60,1980.0,2040.0,137.2928809669724,437.1171873497263,318.38299573222633,214.7325522114689,2.492852395304859,MEASURED,
B2,S3c,60,1980.0,2040.0,137.2928809669724,2.84672400916825,2.073468040817839,1.8544310942635038,2.492852395304859,MEASURED,
B3,S3c,60,1980.0,2040.0,137.2928809669724,436.4728133366932,317.9136531060867,214.29526911412808,0.0,MEASURED,
B4,S3c,60,1980.0,2040.0,137.2928809669724,230.1134046796351,167.60767423548486,102.35898090753892,2.492852395304859,MEASURED,
X,S3c,60,1980.0,2040.0,137.2928809669724,55.529076809946986,40.44570732207537,45.94191120509866,-4.178439397795287,MEASURED,
CURRENT,S3c,60,1980.0,2040.0,,,,,,NOT_FOUND,No dedicated IO-VNBD model found
B1,S3c,60,2100.0,2160.0,240.45531784844766,553.7424174507635,230.28911250770173,402.8268266293971,2.023765582591797,MEASURED,
B2,S3c,60,2100.0,2160.0,240.45531784844766,1.5333120876978603,0.6376702754664234,1.205870840223157,2.023765582591797,MEASURED,
B3,S3c,60,2100.0,2160.0,240.45531784844766,551.1168417925542,229.1971941913582,401.33846187947245,0.0,MEASURED,
B4,S3c,60,2100.0,2160.0,240.45531784844766,21.734156904695077,9.038750774642264,87.41530044857167,2.023765582591797,MEASURED,
X,S3c,60,2100.0,2160.0,240.45531784844766,212.75666570388765,88.4807487759461,87.72689242447242,0.7224002622721826,MEASURED,
CURRENT,S3c,60,2100.0,2160.0,,,,,,NOT_FOUND,No dedicated IO-VNBD model found
B1,S3c,60,2160.0,2220.0,797.414067745995,159.09509018845898,19.95137741150768,49.918441760803375,-2.8335498856103776,MEASURED,
B2,S3c,60,2160.0,2220.0,797.414067745995,32.208037900900365,4.0390606591555365,19.13298110676425,-2.8335498856103776,MEASURED,
B3,S3c,60,2160.0,2220.0,797.414067745995,156.25222579539505,19.594866972571015,45.753543791252575,0.0,MEASURED,
B4,S3c,60,2160.0,2220.0,797.414067745995,190.88964160361232,23.938584648147632,63.23569344294326,-2.8335498856103776,MEASURED,
X,S3c,60,2160.0,2220.0,797.414067745995,244.7199912932403,30.689199149066482,123.96084229086208,-0.6334803361108727,MEASURED,
CURRENT,S3c,60,2160.0,2220.0,,,,,,NOT_FOUND,No dedicated IO-VNBD model found
B1,S3c,60,2280.0,2340.0,610.909136099692,276.96922529235496,45.33722102449576,118.27387776789864,4.853737263651441,MEASURED,
B2,S3c,60,2280.0,2340.0,610.909136099692,19.26382215266605,3.1533039881601086,13.863597745143014,4.853737263651441,MEASURED,
B3,S3c,60,2280.0,2340.0,610.909136099692,270.2111560098086,44.23098952733845,114.98077065101772,0.0,MEASURED,
B4,S3c,60,2280.0,2340.0,610.909136099692,292.90028719365984,47.94498394043701,125.40270713442743,4.853737263651441,MEASURED,
X,S3c,60,2280.0,2340.0,610.909136099692,42.40574609568547,6.941416258139809,27.543200438579966,2.701041684481172,MEASURED,
CURRENT,S3c,60,2280.0,2340.0,,,,,,NOT_FOUND,No dedicated IO-VNBD model found
B1,S3c,60,2340.0,2400.0,724.7563940598782,324.8908140042994,44.82758850658135,192.77349478971297,-0.8116525374515737,MEASURED,
B2,S3c,60,2340.0,2400.0,724.7563940598782,10.237128570397566,1.4124923428480702,7.669003304278983,-0.8116525374515737,MEASURED,
B3,S3c,60,2340.0,2400.0,724.7563940598782,324.30395592743076,44.74661535730271,192.559558908885,0.0,MEASURED,
B4,S3c,60,2340.0,2400.0,724.7563940598782,148.0364888751554,20.42568925068702,97.1829248753766,-0.8116525374515737,MEASURED,
X,S3c,60,2340.0,2400.0,724.7563940598782,200.23995292370313,27.628587283240943,79.18537765522086,-5.746958781962147,MEASURED,
CURRENT,S3c,60,2340.0,2400.0,,,,,,NOT_FOUND,No dedicated IO-VNBD model found
B1,S3c,60,2400.0,2460.0,578.2833409160801,99.25364508782896,17.163497210657596,35.67440368470524,15.717122778466873,MEASURED,
B2,S3c,60,2400.0,2460.0,578.2833409160801,9.412479591319794,1.6276587833931264,4.3653479664594705,15.717122778466873,MEASURED,
B3,S3c,60,2400.0,2460.0,578.2833409160801,98.35958116043328,17.00889065983091,35.41110020625282,0.0,MEASURED,
B4,S3c,60,2400.0,2460.0,578.2833409160801,217.49939575737054,37.61121588127054,95.33735890617501,15.717122778466873,MEASURED,
X,S3c,60,2400.0,2460.0,578.2833409160801,204.40197462912136,35.34633633148079,86.47095681807727,9.505857308869668,MEASURED,
CURRENT,S3c,60,2400.0,2460.0,,,,,,NOT_FOUND,No dedicated IO-VNBD model found
B1,S3c,60,2460.0,2520.0,428.95059527092604,81.89803088165083,19.09264884687335,61.104911148800056,-4.4914116176755075,MEASURED,
B2,S3c,60,2460.0,2520.0,428.95059527092604,95.74622105528867,22.32103699373938,57.25648620146356,-4.4914116176755075,MEASURED,
B3,S3c,60,2460.0,2520.0,428.95059527092604,68.25658025158098,15.912457286245282,55.91419619509827,0.0,MEASURED,
B4,S3c,60,2460.0,2520.0,428.95059527092604,202.95735382250308,47.314855384293104,124.72307476997455,-4.4914116176755075,MEASURED,
X,S3c,60,2460.0,2520.0,428.95059527092604,109.13324367486369,25.441914495056224,64.5229283991097,-8.475378113730606,MEASURED,
CURRENT,S3c,60,2460.0,2520.0,,,,,,NOT_FOUND,No dedicated IO-VNBD model found
B1,S3c,60,2520.0,2580.0,418.36153432986504,383.75675304863006,91.72849833418238,231.21708743111094,-18.26832470594515,MEASURED,
B2,S3c,60,2520.0,2580.0,418.36153432986504,59.10254262083796,14.127145488054703,33.65164475001195,-18.26832470594515,MEASURED,
B3,S3c,60,2520.0,2580.0,418.36153432986504,383.75675304863006,91.72849833418238,231.21708743111094,0.0,MEASURED,
B4,S3c,60,2520.0,2580.0,418.36153432986504,367.07064084010017,87.74005512435004,217.76324555501972,-18.26832470594515,MEASURED,
X,S3c,60,2520.0,2580.0,418.36153432986504,131.79870931418654,31.50354382491278,102.97824360005909,-19.44972485799792,MEASURED,
CURRENT,S3c,60,2520.0,2580.0,,,,,,NOT_FOUND,No dedicated IO-VNBD model found
B1,S3c,60,2580.0,2640.0,406.3189705171492,109.48013764765889,26.94438251512506,87.83684756329063,9.614295945911184,MEASURED,
B2,S3c,60,2580.0,2640.0,406.3189705171492,49.08905325277099,12.081408158297922,41.756659946420875,9.614295945911184,MEASURED,
B3,S3c,60,2580.0,2640.0,406.3189705171492,89.86516410892838,22.11690091519749,78.32811130715044,0.0,MEASURED,
B4,S3c,60,2580.0,2640.0,406.3189705171492,83.11225562443059,20.45492867799111,73.8504276641598,9.614295945911184,MEASURED,
X,S3c,60,2580.0,2640.0,406.3189705171492,129.0102021342267,31.750966973072124,68.82612110531963,5.6804106370928835,MEASURED,
CURRENT,S3c,60,2580.0,2640.0,,,,,,NOT_FOUND,No dedicated IO-VNBD model found
B1,S3c,60,2640.0,2700.0,367.4157652263708,89.78566094452538,24.437073594054127,47.10028692008203,0.731873736874834,MEASURED,
B2,S3c,60,2640.0,2700.0,367.4157652263708,36.64848304001834,9.974662632518944,26.366129509112078,0.731873736874834,MEASURED,
B3,S3c,60,2640.0,2700.0,367.4157652263708,96.37848525113844,26.23145068142574,49.617735919116846,0.0,MEASURED,
B4,S3c,60,2640.0,2700.0,367.4157652263708,88.99541094163679,24.221990280358618,69.23831599851083,0.731873736874834,MEASURED,
X,S3c,60,2640.0,2700.0,367.4157652263708,42.87320178005208,11.66885197580926,26.528217428718307,8.30651352687763,MEASURED,
CURRENT,S3c,60,2640.0,2700.0,,,,,,NOT_FOUND,No dedicated IO-VNBD model found
B1,S3c,60,2700.0,2760.0,419.57664664671483,48.16858284404851,11.480282143683425,32.1139467677539,-2.352089083023059,MEASURED,
B2,S3c,60,2700.0,2760.0,419.57664664671483,11.901675966612133,2.8365916124577333,5.91660390914376,-2.352089083023059,MEASURED,
B3,S3c,60,2700.0,2760.0,419.57664664671483,40.51302311713741,9.65569066842024,26.845034253215022,0.0,MEASURED,
B4,S3c,60,2700.0,2760.0,419.57664664671483,66.50287975496941,15.84999553394236,47.34485817481004,-2.352089083023059,MEASURED,
X,S3c,60,2700.0,2760.0,419.57664664671483,33.7856526020195,8.052319611216864,21.09418101941299,-3.367840898334645,MEASURED,
CURRENT,S3c,60,2700.0,2760.0,,,,,,NOT_FOUND,No dedicated IO-VNBD model found
B1,S3c,60,2760.0,2820.0,538.7000025344571,160.68196538496258,29.827726866343355,100.58548483690402,8.920098646508537,MEASURED,
B2,S3c,60,2760.0,2820.0,538.7000025344571,30.973662044920133,5.749705197548974,25.332727637822305,8.920098646508537,MEASURED,
B3,S3c,60,2760.0,2820.0,538.7000025344571,166.5649645998908,30.91980022577348,102.50538556991242,0.0,MEASURED,
B4,S3c,60,2760.0,2820.0,538.7000025344571,121.35512201739823,22.52740327574733,88.09504992334598,8.920098646508537,MEASURED,
X,S3c,60,2760.0,2820.0,538.7000025344571,243.36903361700044,45.177099029516654,131.8880306454242,10.585342020010176,MEASURED,
CURRENT,S3c,60,2760.0,2820.0,,,,,,NOT_FOUND,No dedicated IO-VNBD model found
B1,S3c,60,2820.0,2880.0,443.25824298916854,33.01941442016515,7.4492499445683205,30.796505239665514,-1.5266738136207016,MEASURED,
B2,S3c,60,2820.0,2880.0,443.25824298916854,13.974371991291363,3.152647968158111,11.32454149630992,-1.5266738136207016,MEASURED,
B3,S3c,60,2820.0,2880.0,443.25824298916854,22.152618904136553,4.9976778220180496,26.979179912348666,0.0,MEASURED,
B4,S3c,60,2820.0,2880.0,443.25824298916854,101.88407440442626,22.985263334835693,59.210218204743526,-1.5266738136207016,MEASURED,
X,S3c,60,2820.0,2880.0,443.25824298916854,25.447766630684303,5.741070139852119,19.426814169123396,3.5117017577705814,MEASURED,
CURRENT,S3c,60,2820.0,2880.0,,,,,,NOT_FOUND,No dedicated IO-VNBD model found
B1,S3c,60,2880.0,2940.0,602.1389661624546,174.9567697648756,29.055879057272794,62.63876094209501,0.8426145654231888,MEASURED,
B2,S3c,60,2880.0,2940.0,602.1389661624546,8.115179768673327,1.347725396413539,4.97737261521302,0.8426145654231888,MEASURED,
B3,S3c,60,2880.0,2940.0,602.1389661624546,180.57075612935222,29.98821970950722,62.89519877065056,0.0,MEASURED,
B4,S3c,60,2880.0,2940.0,602.1389661624546,206.9782863516347,34.37384025663485,68.95176099214669,0.8426145654231888,MEASURED,
X,S3c,60,2880.0,2940.0,602.1389661624546,139.4526896593519,23.15955244486339,90.61413862507773,5.838034848090331,MEASURED,
CURRENT,S3c,60,2880.0,2940.0,,,,,,NOT_FOUND,No dedicated IO-VNBD model found
B1,S3c,60,2940.0,3000.0,1076.9577724466094,37.90421994747659,3.519564175795547,22.26353069915847,5.632978555912029,MEASURED,
B2,S3c,60,2940.0,3000.0,1076.9577724466094,34.69104990053328,3.22120799794433,16.292388920637016,5.632978555912029,MEASURED,
B3,S3c,60,2940.0,3000.0,1076.9577724466094,2.436991313669027,0.22628476027734337,8.19183047502461,0.0,MEASURED,
B4,S3c,60,2940.0,3000.0,1076.9577724466094,85.19097142918085,7.910335354713661,45.89837353697901,5.632978555912029,MEASURED,
X,S3c,60,2940.0,3000.0,1076.9577724466094,67.48654691564325,6.266406041374191,56.1565951353153,-1.7241597486434161,MEASURED,
CURRENT,S3c,60,2940.0,3000.0,,,,,,NOT_FOUND,No dedicated IO-VNBD model found
B1,S3c,60,3000.0,3060.0,1085.0733789610244,87.61976218440904,8.075008002528493,42.512252033328714,2.061843916554904,MEASURED,
B2,S3c,60,3000.0,3060.0,1085.0733789610244,15.170648362465448,1.398121883424289,12.063258023584835,2.061843916554904,MEASURED,
B3,S3c,60,3000.0,3060.0,1085.0733789610244,67.13237412815378,6.186897165649215,40.15708879500064,0.0,MEASURED,
B4,S3c,60,3000.0,3060.0,1085.0733789610244,414.7642587397479,38.22453548135993,199.02094271461678,2.061843916554904,MEASURED,
X,S3c,60,3000.0,3060.0,1085.0733789610244,38.77982170601964,3.5739354091565634,20.78230639284707,-3.2652671502558026,MEASURED,
CURRENT,S3c,60,3000.0,3060.0,,,,,,NOT_FOUND,No dedicated IO-VNBD model found
B1,S3c,60,3060.0,3120.0,990.1488866331374,66.79599500461319,6.746055659542638,48.98102713028272,5.2738165819320475,MEASURED,
B2,S3c,60,3060.0,3120.0,990.1488866331374,32.74882385683936,3.307464594359859,16.774337626789436,5.2738165819320475,MEASURED,
B3,S3c,60,3060.0,3120.0,990.1488866331374,36.53652096243413,3.690002731475208,42.755072243018326,0.0,MEASURED,
B4,S3c,60,3060.0,3120.0,990.1488866331374,100.4649953863488,10.1464534013633,47.74610114069398,5.2738165819320475,MEASURED,
X,S3c,60,3060.0,3120.0,990.1488866331374,63.13114224109483,6.375924175985638,35.83852095612685,-2.1786613747145713,MEASURED,
CURRENT,S3c,60,3060.0,3120.0,,,,,,NOT_FOUND,No dedicated IO-VNBD model found
B1,S3c,60,3120.0,3180.0,605.875885159382,322.78762360435957,53.27619591914388,206.79686074983343,1.2378324656481683,MEASURED,
B2,S3c,60,3120.0,3180.0,605.875885159382,15.061456461511817,2.48589799172313,12.040880824009333,1.2378324656481683,MEASURED,
B3,S3c,60,3120.0,3180.0,605.875885159382,348.38226023077897,57.50059851600355,222.5760901263457,0.0,MEASURED,
B4,S3c,60,3120.0,3180.0,605.875885159382,384.77986646564085,63.50803454810229,139.38553122206923,1.2378324656481683,MEASURED,
X,S3c,60,3120.0,3180.0,605.875885159382,81.77478246255608,13.49695283565286,37.70301801059499,-2.134174695458545,MEASURED,
CURRENT,S3c,60,3120.0,3180.0,,,,,,NOT_FOUND,No dedicated IO-VNBD model found
B1,S3c,60,3180.0,3240.0,1010.6004708718887,58.41240895661376,5.779970486874883,30.606764369996696,15.34445134788447,MEASURED,
B2,S3c,60,3180.0,3240.0,1010.6004708718887,3.2190717645186595,0.3185306020826833,5.858008252242435,15.34445134788447,MEASURED,
B3,S3c,60,3180.0,3240.0,1010.6004708718887,52.40890928943712,5.185917758797568,29.344008635239646,0.0,MEASURED,
B4,S3c,60,3180.0,3240.0,1010.6004708718887,11.114533502286966,1.0997950053098606,19.116802756672143,15.34445134788447,MEASURED,
X,S3c,60,3180.0,3240.0,1010.6004708718887,163.55932586504125,16.184370636986895,73.02195202887737,29.0175058039795,MEASURED,
CURRENT,S3c,60,3180.0,3240.0,,,,,,NOT_FOUND,No dedicated IO-VNBD model found
B1,S3c,60,3240.0,3300.0,1046.4364867302374,254.54962023159752,24.325376977916697,137.0517865215792,-17.606439405145633,MEASURED,
B2,S3c,60,3240.0,3300.0,1046.4364867302374,249.08338240013342,23.803010078369432,132.11197040124767,-17.606439405145633,MEASURED,
B3,S3c,60,3240.0,3300.0,1046.4364867302374,93.79243858540627,8.963032135708126,52.49509922716571,0.0,MEASURED,
B4,S3c,60,3240.0,3300.0,1046.4364867302374,283.04359236500204,27.04832982739528,145.70666316573323,-17.606439405145633,MEASURED,
X,S3c,60,3240.0,3300.0,1046.4364867302374,175.96865838424725,16.815990326760318,102.18956365859782,0.8620801166950379,MEASURED,
CURRENT,S3c,60,3240.0,3300.0,,,,,,NOT_FOUND,No dedicated IO-VNBD model found
B1,S3c,60,3300.0,3360.0,1037.1027982544479,37.736807493719844,3.6386756989986746,33.150136616979864,-2.4931164238895733,MEASURED,
B2,S3c,60,3300.0,3360.0,1037.1027982544479,12.963019414082584,1.2499261824286558,10.7333127239095,-2.4931164238895733,MEASURED,
B3,S3c,60,3300.0,3360.0,1037.1027982544479,34.42468623581944,3.3193128293318446,30.912382088715628,0.0,MEASURED,
B4,S3c,60,3300.0,3360.0,1037.1027982544479,118.06017194130192,11.383651855921082,57.72648725469697,-2.4931164238895733,MEASURED,
X,S3c,60,3300.0,3360.0,1037.1027982544479,219.87501473334885,21.200889160015905,103.26330501113652,23.7840219363243,MEASURED,
CURRENT,S3c,60,3300.0,3360.0,,,,,,NOT_FOUND,No dedicated IO-VNBD model found
B1,S3c,60,3360.0,3420.0,656.1585339184383,247.81879793362538,37.76812845116935,183.29505012630221,4.177835145974899,MEASURED,
B2,S3c,60,3360.0,3420.0,656.1585339184383,48.27526008346354,7.35725553932432,25.506720712998813,4.177835145974899,MEASURED,
B3,S3c,60,3360.0,3420.0,656.1585339184383,236.47940919638958,36.03998073212356,173.39902819627235,0.0,MEASURED,
B4,S3c,60,3360.0,3420.0,656.1585339184383,175.69041144561967,26.775604120613075,122.07550719681103,4.177835145974899,MEASURED,
X,S3c,60,3360.0,3420.0,656.1585339184383,240.11177846804253,36.593561777539705,96.97045796374606,29.562014706055322,MEASURED,
CURRENT,S3c,60,3360.0,3420.0,,,,,,NOT_FOUND,No dedicated IO-VNBD model found
B1,S3c,60,3420.0,3480.0,660.3777981682143,356.91189857135345,54.04662294240838,130.66644930579608,1.4037148721364827,MEASURED,
B2,S3c,60,3420.0,3480.0,660.3777981682143,7.630369120055502,1.1554551260234616,4.843944278421643,1.4037148721364827,MEASURED,
B3,S3c,60,3420.0,3480.0,660.3777981682143,356.7575580027768,54.02325138615607,130.47288165367667,0.0,MEASURED,
B4,S3c,60,3420.0,3480.0,660.3777981682143,289.5976145294725,43.85332385988315,104.79278396459883,1.4037148721364827,MEASURED,
X,S3c,60,3420.0,3480.0,660.3777981682143,124.76705054055213,18.893283645609618,86.80838729603302,29.39125072682744,MEASURED,
CURRENT,S3c,60,3420.0,3480.0,,,,,,NOT_FOUND,No dedicated IO-VNBD model found
B1,S3c,60,3480.0,3540.0,157.64408634265945,216.758219081109,137.49847781156691,108.82147750644504,179.61101705703504,MEASURED,
B2,S3c,60,3480.0,3540.0,157.64408634265945,7.989497427007427,5.068060345531287,2.2860450120883766,179.61101705703504,MEASURED,
B3,S3c,60,3480.0,3540.0,157.64408634265945,186.2842996023017,118.16764201188562,107.23935306669567,0.0,MEASURED,
B4,S3c,60,3480.0,3540.0,157.64408634265945,253.32238602598184,160.6926031309246,117.09292514073549,179.61101705703504,MEASURED,
X,S3c,60,3480.0,3540.0,157.64408634265945,36.954456115279015,23.441701476168166,30.37540987868881,-167.3990151370018,MEASURED,
CURRENT,S3c,60,3480.0,3540.0,,,,,,NOT_FOUND,No dedicated IO-VNBD model found
B1,S3c,60,3600.0,3660.0,556.3697529418371,25.838989245672487,4.644211715149385,35.27595069370492,5.829835276255018,MEASURED,
B2,S3c,60,3600.0,3660.0,556.3697529418371,113.79506757699814,20.453136960681302,65.69063958249052,5.829835276255018,MEASURED,
B3,S3c,60,3600.0,3660.0,556.3697529418371,157.3792204203705,28.286803800569462,95.7385496631914,0.0,MEASURED,
B4,S3c,60,3600.0,3660.0,556.3697529418371,56.75427517327676,10.20081966591197,52.958184908373575,5.829835276255018,MEASURED,
X,S3c,60,3600.0,3660.0,556.3697529418371,100.7212027273903,18.103285125552052,49.0889281061635,6.933470613753985,MEASURED,
CURRENT,S3c,60,3600.0,3660.0,,,,,,NOT_FOUND,No dedicated IO-VNBD model found
B1,S3c,120,120.0,240.0,1724.4128975814506,305.6454203212099,17.724607647616665,138.311174320082,14.782735257826904,MEASURED,
B2,S3c,120,120.0,240.0,1724.4128975814506,227.65613714497675,13.201950499458247,97.29483130416537,14.782735257826904,MEASURED,
B3,S3c,120,120.0,240.0,1724.4128975814506,132.8391029064926,7.703439419457143,64.92023520270513,0.0,MEASURED,
B4,S3c,120,120.0,240.0,1724.4128975814506,346.0661852326904,20.068638185092464,168.33821380610922,14.782735257826904,MEASURED,
X,S3c,120,120.0,240.0,1724.4128975814506,1199.8888329967933,69.58245526229126,458.06176991514366,10.23091212640778,MEASURED,
CURRENT,S3c,120,120.0,240.0,,,,,,NOT_FOUND,No dedicated IO-VNBD model found
B1,S3c,120,180.0,300.0,1951.1313363883164,856.096963414884,43.876952178912816,462.111552183459,11.974708016986156,MEASURED,
B2,S3c,120,180.0,300.0,1951.1313363883164,214.886415797392,11.013426507472435,99.21802665756584,11.974708016986156,MEASURED,
B3,S3c,120,180.0,300.0,1951.1313363883164,827.5130069697325,42.4119582078733,449.6744946532042,0.0,MEASURED,
B4,S3c,120,180.0,300.0,1951.1313363883164,408.763947799202,20.95009906180141,192.74208947871585,11.974708016986156,MEASURED,
X,S3c,120,180.0,300.0,1951.1313363883164,2393.7906651785715,122.68731584259466,1138.2547458052904,9.545548795474811,MEASURED,
CURRENT,S3c,120,180.0,300.0,,,,,,NOT_FOUND,No dedicated IO-VNBD model found
B1,S3c,120,240.0,360.0,1739.6687665975414,324.93526731803587,18.677996268999355,152.6792134773187,11.632488671764044,MEASURED,
B2,S3c,120,240.0,360.0,1739.6687665975414,134.98972036608916,7.759507037084029,80.62180035404309,11.632488671764044,MEASURED,
B3,S3c,120,240.0,360.0,1739.6687665975414,296.8234112495473,17.062064741788575,118.85716291450798,0.0,MEASURED,
B4,S3c,120,240.0,360.0,1739.6687665975414,1004.4378950530446,57.73730691374845,644.2806229195536,11.632488671764044,MEASURED,
X,S3c,120,240.0,360.0,1739.6687665975414,918.3625768043534,52.78950766015616,516.0616516363232,10.83138916042861,MEASURED,
CURRENT,S3c,120,240.0,360.0,,,,,,NOT_FOUND,No dedicated IO-VNBD model found
B1,S3c,120,300.0,420.0,1230.552745395739,43.891619898691914,3.5668215005750614,79.68168102419466,8.905818242162557,MEASURED,
B2,S3c,120,300.0,420.0,1230.552745395739,17.297821535754967,1.4056952536554685,18.538566099948614,8.905818242162557,MEASURED,
B3,S3c,120,300.0,420.0,1230.552745395739,58.381962283652,4.7443689433139,77.36726566179509,0.0,MEASURED,
B4,S3c,120,300.0,420.0,1230.552745395739,8.189937828794953,0.6655495149995471,58.846073786810805,8.905818242162557,MEASURED,
X,S3c,120,300.0,420.0,1230.552745395739,88.82683340985264,7.218449899218779,68.16273064256139,18.710478272787995,MEASURED,
CURRENT,S3c,120,300.0,420.0,,,,,,NOT_FOUND,No dedicated IO-VNBD model found
B1,S3c,120,360.0,480.0,1184.4088859450026,19.332946358074903,1.6322865006749552,46.71526708569624,7.417542796016755,MEASURED,
B2,S3c,120,360.0,480.0,1184.4088859450026,17.79375947213584,1.502332486972078,5.630586568010455,7.417542796016755,MEASURED,
B3,S3c,120,360.0,480.0,1184.4088859450026,20.534985068135732,1.7337749920502763,46.46761448195574,0.0,MEASURED,
B4,S3c,120,360.0,480.0,1184.4088859450026,37.37822355589329,3.1558547051992423,41.92987885197016,7.417542796016755,MEASURED,
X,S3c,120,360.0,480.0,1184.4088859450026,105.22944320763746,8.884553675370157,35.5297504677971,30.50357159167175,MEASURED,
CURRENT,S3c,120,360.0,480.0,,,,,,NOT_FOUND,No dedicated IO-VNBD model found
B1,S3c,120,420.0,540.0,1402.9270709945067,76.93725138153067,5.484052091673689,54.79876520537439,7.528885263883378,MEASURED,
B2,S3c,120,420.0,540.0,1402.9270709945067,79.60803410975862,5.674424263074921,37.17190141477546,7.528885263883378,MEASURED,
B3,S3c,120,420.0,540.0,1402.9270709945067,27.917860741877554,1.9899723456107483,42.52383836759481,0.0,MEASURED,
B4,S3c,120,420.0,540.0,1402.9270709945067,188.68730424869406,13.449544751812184,80.81064560832534,7.528885263883378,MEASURED,
X,S3c,120,420.0,540.0,1402.9270709945067,313.41604674915095,22.340152473284064,143.45901045506804,33.35321729883065,MEASURED,
CURRENT,S3c,120,420.0,540.0,,,,,,NOT_FOUND,No dedicated IO-VNBD model found
B1,S3c,120,480.0,600.0,1209.1226228708413,238.23489872408334,19.70312143845576,108.45361506732947,7.634205663387672,MEASURED,
B2,S3c,120,480.0,600.0,1209.1226228708413,49.52157513624886,4.095661945243313,26.008445735851044,7.634205663387672,MEASURED,
B3,S3c,120,480.0,600.0,1209.1226228708413,207.37991974436997,17.151272817308154,94.7161136023935,0.0,MEASURED,
B4,S3c,120,480.0,600.0,1209.1226228708413,615.087471768157,50.87056185482196,269.8157117310594,7.634205663387672,MEASURED,
X,S3c,120,480.0,600.0,1209.1226228708413,123.35666835466634,10.202163620243779,86.48797848631365,31.727923662063617,MEASURED,
CURRENT,S3c,120,480.0,600.0,,,,,,NOT_FOUND,No dedicated IO-VNBD model found
B1,S3c,120,540.0,660.0,680.3604249491135,479.77532746422855,70.51781818440021,245.02104479847904,11.582611156426749,MEASURED,
B2,S3c,120,540.0,660.0,680.3604249491135,37.037312054548515,5.443778135290374,19.058337650455087,11.582611156426749,MEASURED,
B3,S3c,120,540.0,660.0,680.3604249491135,277.3440517232043,40.76428339345985,183.24621661431135,0.0,MEASURED,
B4,S3c,120,540.0,660.0,680.3604249491135,419.44127323432826,61.64986349194248,208.1305295312967,11.582611156426749,MEASURED,
X,S3c,120,540.0,660.0,680.3604249491135,261.6153124071795,38.4524588458752,164.35383899160166,25.26838078972857,MEASURED,
CURRENT,S3c,120,540.0,660.0,,,,,,NOT_FOUND,No dedicated IO-VNBD model found
B1,S3c,120,600.0,720.0,684.1152957865619,104.16899727278148,15.226818916979942,65.92736697808554,10.936059192138918,MEASURED,
B2,S3c,120,600.0,720.0,684.1152957865619,39.722639642642555,5.806424719238507,27.299914550815455,10.936059192138918,MEASURED,
B3,S3c,120,600.0,720.0,684.1152957865619,10.619145640736383,1.5522450245067267,30.032969097366173,0.0,MEASURED,
B4,S3c,120,600.0,720.0,684.1152957865619,223.08556691634047,32.609352296362225,161.81335978515796,10.936059192138918,MEASURED,
X,S3c,120,600.0,720.0,684.1152957865619,126.80737378937926,18.535965292748266,143.83244271946123,17.73067851695406,MEASURED,
CURRENT,S3c,120,600.0,720.0,,,,,,NOT_FOUND,No dedicated IO-VNBD model found
B1,S3c,120,660.0,780.0,862.3167552881603,248.98251710111984,28.873672646882223,139.47218042301833,5.798132617298224,MEASURED,
B2,S3c,120,660.0,780.0,862.3167552881603,42.32823806210338,4.908664687601781,19.87992148594107,5.798132617298224,MEASURED,
B3,S3c,120,660.0,780.0,862.3167552881603,251.67402365377401,29.185797690974027,140.49908500974726,0.0,MEASURED,
B4,S3c,120,660.0,780.0,862.3167552881603,138.95337312836975,16.11395954865051,69.22695360898446,5.798132617298224,MEASURED,
X,S3c,120,660.0,780.0,862.3167552881603,293.8796245500534,34.08024055520615,116.34569120027948,12.822085647422812,MEASURED,
CURRENT,S3c,120,660.0,780.0,,,,,,NOT_FOUND,No dedicated IO-VNBD model found
B1,S3c,120,720.0,840.0,728.4683164053711,107.3964275597696,14.742772628700939,48.79535877109984,7.9945035608641835,MEASURED,
B2,S3c,120,720.0,840.0,728.4683164053711,25.604108300397566,3.5147868100483914,12.734069973966989,7.9945035608641835,MEASURED,
B3,S3c,120,720.0,840.0,728.4683164053711,106.56273827679954,14.628328491022597,51.29001159679204,0.0,MEASURED,
B4,S3c,120,720.0,840.0,728.4683164053711,170.71503307963738,23.43479177269249,107.28532115814063,7.9945035608641835,MEASURED,
X,S3c,120,720.0,840.0,728.4683164053711,528.9369444502644,72.60946461752862,286.3088432650065,16.672473170350013,MEASURED,
CURRENT,S3c,120,720.0,840.0,,,,,,NOT_FOUND,No dedicated IO-VNBD model found
B1,S3c,120,780.0,900.0,516.9680456025744,114.234192480338,22.096954241569687,85.43869900643908,12.523588658830656,MEASURED,
B2,S3c,120,780.0,900.0,516.9680456025744,5.210508780038587,1.0078976494505099,4.761118096081791,12.523588658830656,MEASURED,
B3,S3c,120,780.0,900.0,516.9680456025744,127.53447067990953,24.669700915702872,83.24464032405776,0.0,MEASURED,
B4,S3c,120,780.0,900.0,516.9680456025744,76.57153555287748,14.811657355654587,77.09239179561116,12.523588658830656,MEASURED,
X,S3c,120,780.0,900.0,516.9680456025744,72.57310162110677,14.038218075261511,37.6026161725677,16.752095803219103,MEASURED,
CURRENT,S3c,120,780.0,900.0,,,,,,NOT_FOUND,No dedicated IO-VNBD model found
B1,S3c,120,840.0,960.0,548.365987375814,169.42830310694464,30.89693872476259,114.68043651125124,9.091365334011035,MEASURED,
B2,S3c,120,840.0,960.0,548.365987375814,37.834394588527346,6.899478716683816,11.190763111278939,9.091365334011035,MEASURED,
B3,S3c,120,840.0,960.0,548.365987375814,207.2620183831833,37.796293562084024,122.27848341309675,0.0,MEASURED,
B4,S3c,120,840.0,960.0,548.365987375814,213.81083936330157,38.99053629975953,161.5974832925485,9.091365334011035,MEASURED,
X,S3c,120,840.0,960.0,548.365987375814,169.46453647275115,30.903546239933235,79.7755140960764,5.938950121307992,MEASURED,
CURRENT,S3c,120,840.0,960.0,,,,,,NOT_FOUND,No dedicated IO-VNBD model found
B1,S3c,120,960.0,1080.0,2016.0755802745557,785.5854085556994,38.96606933995579,297.7990419955474,10.371273193535824,MEASURED,
B2,S3c,120,960.0,1080.0,2016.0755802745557,228.46677171920226,11.33225232002904,85.67773620516417,10.371273193535824,MEASURED,
B3,S3c,120,960.0,1080.0,2016.0755802745557,781.7442051822051,38.77554060129753,291.34576277245185,0.0,MEASURED,
B4,S3c,120,960.0,1080.0,2016.0755802745557,768.6491996673067,38.126011107313225,250.57631343999816,10.371273193535824,MEASURED,
X,S3c,120,960.0,1080.0,2016.0755802745557,249.1533967560452,12.358336125578916,91.0240755638938,-7.117371273384681,MEASURED,
CURRENT,S3c,120,960.0,1080.0,,,,,,NOT_FOUND,No dedicated IO-VNBD model found
B1,S3c,120,1020.0,1140.0,3034.109271339853,1903.068204022916,62.72246757884653,969.3292324624935,10.714173343938956,MEASURED,
B2,S3c,120,1020.0,1140.0,3034.109271339853,337.12880332731174,11.111294062867971,147.14270827563413,10.714173343938956,MEASURED,
B3,S3c,120,1020.0,1140.0,3034.109271339853,1895.7254329781501,62.48046011015958,966.9578046406873,0.0,MEASURED,
B4,S3c,120,1020.0,1140.0,3034.109271339853,2564.5748419572283,84.52480160098915,1333.220120998578,10.714173343938956,MEASURED,
X,S3c,120,1020.0,1140.0,3034.109271339853,701.0637520493698,23.106081203851378,427.6690852576942,5.053018282951321,MEASURED,
CURRENT,S3c,120,1020.0,1140.0,,,,,,NOT_FOUND,No dedicated IO-VNBD model found
B1,S3c,120,1080.0,1200.0,3606.582318221471,380.64744624995325,10.554242567175441,171.92532412901969,10.954369828713958,MEASURED,
B2,S3c,120,1080.0,1200.0,3606.582318221471,379.82265843710286,10.531373608696846,171.35749571860504,10.954369828713958,MEASURED,
B3,S3c,120,1080.0,1200.0,3606.582318221471,45.285705660051235,1.2556404280932416,18.134330791639115,0.0,MEASURED,
B4,S3c,120,1080.0,1200.0,3606.582318221471,382.1967174061428,10.597199333983788,172.79655459285186,10.954369828713958,MEASURED,
X,S3c,120,1080.0,1200.0,3606.582318221471,1292.132667803647,35.8270671176817,613.40367307455,26.187875610257574,MEASURED,
CURRENT,S3c,120,1080.0,1200.0,,,,,,NOT_FOUND,No dedicated IO-VNBD model found
B1,S3c,120,1140.0,1260.0,3698.8634595495146,300.2132647902887,8.116365150360314,149.76699210700386,7.673438472975338,MEASURED,
B2,S3c,120,1140.0,1260.0,3698.8634595495146,293.5858676226936,7.937191270597739,146.34800689582278,7.673438472975338,MEASURED,
B3,S3c,120,1140.0,1260.0,3698.8634595495146,68.98069898926765,1.8649160679661536,35.253506394358354,0.0,MEASURED,
B4,S3c,120,1140.0,1260.0,3698.8634595495146,304.46005796984707,8.231178612008764,154.83281850762435,7.673438472975338,MEASURED,
X,S3c,120,1140.0,1260.0,3698.8634595495146,1064.9069848497625,28.790113409037755,498.58327164874635,30.83565159937338,MEASURED,
CURRENT,S3c,120,1140.0,1260.0,,,,,,NOT_FOUND,No dedicated IO-VNBD model found
B1,S3c,120,1200.0,1320.0,3668.5045865958723,160.46276453802935,4.374064710845246,69.85646972075388,5.536256790838984,MEASURED,
B2,S3c,120,1200.0,1320.0,3668.5045865958723,136.3778363560733,3.717532120700518,54.289236203992125,5.536256790838984,MEASURED,
B3,S3c,120,1200.0,1320.0,3668.5045865958723,86.69609872935337,2.3632544728477924,43.194950473893506,0.0,MEASURED,
B4,S3c,120,1200.0,1320.0,3668.5045865958723,249.43567789456748,6.799383018518376,124.0843668697317,5.536256790838984,MEASURED,
X,S3c,120,1200.0,1320.0,3668.5045865958723,714.8596063081409,19.48640350403604,369.0187066317122,13.484244668638866,MEASURED,
CURRENT,S3c,120,1200.0,1320.0,,,,,,NOT_FOUND,No dedicated IO-VNBD model found
B1,S3c,120,1260.0,1380.0,3695.35488958267,186.67582870818498,5.051634668010654,86.67776565117968,4.23095426663526,MEASURED,
B2,S3c,120,1260.0,1380.0,3695.35488958267,195.3028412944053,5.285090258718333,88.45674338719566,4.23095426663526,MEASURED,
B3,S3c,120,1260.0,1380.0,3695.35488958267,11.785986821200032,0.3189405936199829,24.82860787133711,0.0,MEASURED,
B4,S3c,120,1260.0,1380.0,3695.35488958267,213.8534138747278,5.787087310006078,98.14567571944016,4.23095426663526,MEASURED,
X,S3c,120,1260.0,1380.0,3695.35488958267,422.38450929950477,11.430147358518148,230.07338308393696,-8.385355021293043,MEASURED,
CURRENT,S3c,120,1260.0,1380.0,,,,,,NOT_FOUND,No dedicated IO-VNBD model found
B1,S3c,120,1320.0,1440.0,3338.928316817741,356.59168972176684,10.679824658878168,118.91738635190272,2.018840616773235,MEASURED,
B2,S3c,120,1320.0,1440.0,3338.928316817741,70.83184635767174,2.121394640337173,46.730648442757534,2.018840616773235,MEASURED,
B3,S3c,120,1320.0,1440.0,3338.928316817741,346.7371365456259,10.384683456639568,108.71059271446198,0.0,MEASURED,
B4,S3c,120,1320.0,1440.0,3338.928316817741,487.32466689307347,14.595241965467887,167.33095240753795,2.018840616773235,MEASURED,
X,S3c,120,1320.0,1440.0,3338.928316817741,573.8430129155703,17.1864430279979,259.2927186667424,-21.780765234018208,MEASURED,
CURRENT,S3c,120,1320.0,1440.0,,,,,,NOT_FOUND,No dedicated IO-VNBD model found
B1,S3c,120,1380.0,1500.0,2725.5046999955134,1041.7265430526447,38.22141796542709,552.9053576969284,1.8400570013327628,MEASURED,
B2,S3c,120,1380.0,1500.0,2725.5046999955134,44.06017202799994,1.6165876370740608,17.153490619288927,1.8400570013327628,MEASURED,
B3,S3c,120,1380.0,1500.0,2725.5046999955134,1040.066570952607,38.1605128383862,553.4354235531137,0.0,MEASURED,
B4,S3c,120,1380.0,1500.0,2725.5046999955134,1121.181802053161,41.13666735027118,610.4740610677609,1.8400570013327628,MEASURED,
X,S3c,120,1380.0,1500.0,2725.5046999955134,646.471896315974,23.71934623033445,311.43118820255046,-27.53932412004512,MEASURED,
CURRENT,S3c,120,1380.0,1500.0,,,,,,NOT_FOUND,No dedicated IO-VNBD model found
B1,S3c,120,1440.0,1560.0,2157.257219937773,287.10495821229,13.308795796755831,113.6970363258942,0.37946963512887144,MEASURED,
B2,S3c,120,1440.0,1560.0,2157.257219937773,17.508542842834416,0.811611275698475,12.318674615281195,0.37946963512887144,MEASURED,
B3,S3c,120,1440.0,1560.0,2157.257219937773,274.14796912188496,12.70817251592246,106.69495282375026,0.0,MEASURED,
B4,S3c,120,1440.0,1560.0,2157.257219937773,152.28560192284564,7.059223189306947,114.36514225861927,0.37946963512887144,MEASURED,
X,S3c,120,1440.0,1560.0,2157.257219937773,534.3308118015889,24.768989384446325,268.17959891200326,-26.341349560650272,MEASURED,
CURRENT,S3c,120,1440.0,1560.0,,,,,,NOT_FOUND,No dedicated IO-VNBD model found
B1,S3c,120,1500.0,1620.0,1526.5069819194987,498.59868802387456,32.66271913128848,281.03508883864424,0.12513534898019654,MEASURED,
B2,S3c,120,1500.0,1620.0,1526.5069819194987,5.123534565585963,0.3356378075089706,3.784305025616978,0.12513534898019654,MEASURED,
B3,S3c,120,1500.0,1620.0,1526.5069819194987,500.86249768854674,32.811019118873574,281.1664279145313,0.0,MEASURED,
B4,S3c,120,1500.0,1620.0,1526.5069819194987,140.95533752410532,9.233848203357821,76.2589654242593,0.12513534898019654,MEASURED,
X,S3c,120,1500.0,1620.0,1526.5069819194987,339.0895131130373,22.213426936747506,168.8961206782707,-25.183209874979248,MEASURED,
CURRENT,S3c,120,1500.0,1620.0,,,,,,NOT_FOUND,No dedicated IO-VNBD model found
B1,S3c,120,1560.0,1680.0,1257.963421318113,529.5964283329828,42.09950936236792,321.59736960583666,0.8258421100945141,MEASURED,
B2,S3c,120,1560.0,1680.0,1257.963421318113,3.0318247038370276,0.24101056139297247,1.824829934587542,0.8258421100945141,MEASURED,
B3,S3c,120,1560.0,1680.0,1257.963421318113,526.4477710639757,41.849211363582874,321.52663657333034,0.0,MEASURED,
B4,S3c,120,1560.0,1680.0,1257.963421318113,548.6830768410747,43.61677514169342,341.3256365607051,0.8258421100945141,MEASURED,
X,S3c,120,1560.0,1680.0,1257.963421318113,150.7251192936668,11.981677427133356,81.32430985408391,-23.579098059610317,MEASURED,
CURRENT,S3c,120,1560.0,1680.0,,,,,,NOT_FOUND,No dedicated IO-VNBD model found
B1,S3c,120,1620.0,1740.0,1144.720830131028,53.49240295179535,4.672964931167756,35.708728147303745,-0.7059631029188291,MEASURED,
B2,S3c,120,1620.0,1740.0,1144.720830131028,3.89379734293092,0.34015257173971625,3.4671640316750287,-0.7059631029188291,MEASURED,
B3,S3c,120,1620.0,1740.0,1144.720830131028,56.72229172343746,4.95512008084494,35.376162648766034,0.0,MEASURED,
B4,S3c,120,1620.0,1740.0,1144.720830131028,69.44447858028961,6.066499075791327,76.38832831745543,-0.7059631029188291,MEASURED,
X,S3c,120,1620.0,1740.0,1144.720830131028,110.80515188389815,9.679665903451331,101.36164155315302,-18.287132947074014,MEASURED,
CURRENT,S3c,120,1620.0,1740.0,,,,,,NOT_FOUND,No dedicated IO-VNBD model found
B1,S3c,120,1680.0,1800.0,1055.1409054826709,96.35548976688722,9.132002111396648,79.51287972008267,1.539454603705852,MEASURED,
B2,S3c,120,1680.0,1800.0,1055.1409054826709,1.2242517579642744,0.11602732408561531,1.8049014296589185,1.539454603705852,MEASURED,
B3,S3c,120,1680.0,1800.0,1055.1409054826709,99.93632084707127,9.471372053513148,81.62492434106615,0.0,MEASURED,
B4,S3c,120,1680.0,1800.0,1055.1409054826709,176.0669292807741,16.68657980805254,164.86723425090238,1.539454603705852,MEASURED,
X,S3c,120,1680.0,1800.0,1055.1409054826709,176.5559885172761,16.732929943277206,82.60562885977308,-18.139493142211297,MEASURED,
CURRENT,S3c,120,1680.0,1800.0,,,,,,NOT_FOUND,No dedicated IO-VNBD model found
B1,S3c,120,1740.0,1860.0,968.6592943994824,163.3297810311454,16.861427126696928,182.32673253425003,3.746861782881577,MEASURED,
B2,S3c,120,1740.0,1860.0,968.6592943994824,5.609614588097668,0.5791112128413873,6.740550928418603,3.746861782881577,MEASURED,
B3,S3c,120,1740.0,1860.0,968.6592943994824,160.35896737748425,16.554733775294885,181.72002170505354,0.0,MEASURED,
B4,S3c,120,1740.0,1860.0,968.6592943994824,141.56702283257357,14.614738500014873,193.7390864280332,3.746861782881577,MEASURED,
X,S3c,120,1740.0,1860.0,968.6592943994824,265.188472825943,27.376857307743673,211.9681540598827,-19.047404642706237,MEASURED,
CURRENT,S3c,120,1740.0,1860.0,,,,,,NOT_FOUND,No dedicated IO-VNBD model found
B1,S3c,120,1800.0,1920.0,907.2488230056888,46.722723578307196,5.1499348793329025,90.77584146285874,3.1163812637387442,MEASURED,
B2,S3c,120,1800.0,1920.0,907.2488230056888,22.07989813487191,2.4337202292224367,12.069196716095252,3.1163812637387442,MEASURED,
B3,S3c,120,1800.0,1920.0,907.2488230056888,69.88324275851119,7.7027647748266075,102.36169163504974,0.0,MEASURED,
B4,S3c,120,1800.0,1920.0,907.2488230056888,255.3326212721614,28.143615598888502,148.08876632885077,3.1163812637387442,MEASURED,
X,S3c,120,1800.0,1920.0,907.2488230056888,227.19289849354445,25.041961227445963,118.29758432959515,-16.91634563890264,MEASURED,
CURRENT,S3c,120,1800.0,1920.0,,,,,,NOT_FOUND,No dedicated IO-VNBD model found
B1,S3c,120,1860.0,1980.0,970.4902009697373,72.07290205657638,7.426443047499027,38.10103815908979,4.277233222182827,MEASURED,
B2,S3c,120,1860.0,1980.0,970.4902009697373,14.950840712608606,1.5405452520457563,12.328448755686503,4.277233222182827,MEASURED,
B3,S3c,120,1860.0,1980.0,970.4902009697373,88.49993099849644,9.119095783766303,38.03549561691589,0.0,MEASURED,
B4,S3c,120,1860.0,1980.0,970.4902009697373,76.34841527248156,7.86699496771759,52.73335765310473,4.277233222182827,MEASURED,
X,S3c,120,1860.0,1980.0,970.4902009697373,101.36865157378784,10.445097897175863,98.17184505624049,-11.080744762445228,MEASURED,
CURRENT,S3c,120,1860.0,1980.0,,,,,,NOT_FOUND,No dedicated IO-VNBD model found
B1,S3c,120,1920.0,2040.0,647.0395954743371,394.02063798194814,60.89590818520098,147.20165562391446,4.193516042011264,MEASURED,
B2,S3c,120,1920.0,2040.0,647.0395954743371,12.297723421023223,1.90061373477583,8.445712202434194,4.193516042011264,MEASURED,
B3,S3c,120,1920.0,2040.0,647.0395954743371,407.68013104720825,63.00698348272531,155.69717200785522,0.0,MEASURED,
B4,S3c,120,1920.0,2040.0,647.0395954743371,376.56060262799156,58.197458897695334,176.92018760083303,4.193516042011264,MEASURED,
X,S3c,120,1920.0,2040.0,647.0395954743371,91.57711107792578,14.153246836585275,81.56011831715212,-8.134614549800075,MEASURED,
CURRENT,S3c,120,1920.0,2040.0,,,,,,NOT_FOUND,No dedicated IO-VNBD model found
B1,S3c,120,1980.0,2100.0,545.7059405256223,700.3076506102971,128.3305895361452,484.91213281553604,5.450074571636721,MEASURED,
B2,S3c,120,1980.0,2100.0,545.7059405256223,28.11102064874206,5.1513129253578605,8.699310074093873,5.450074571636721,MEASURED,
B3,S3c,120,1980.0,2100.0,545.7059405256223,724.3749266966778,132.7408908173076,488.9948674585159,0.0,MEASURED,
B4,S3c,120,1980.0,2100.0,545.7059405256223,481.0574303295855,88.15323319849377,280.96378022784404,5.450074571636721,MEASURED,
X,S3c,120,1980.0,2100.0,545.7059405256223,393.2107916978391,72.05543544552579,130.10882848823684,-5.397976385901541,MEASURED,
CURRENT,S3c,120,1980.0,2100.0,,,,,,NOT_FOUND,No dedicated IO-VNBD model found
B1,S3c,120,2100.0,2220.0,1039.4848582287368,549.2875281037834,52.84228276684658,458.2282826952582,-2.014929673659039,MEASURED,
B2,S3c,120,2100.0,2220.0,1039.4848582287368,45.0241078766353,4.331386601759217,19.527963305777646,-2.014929673659039,MEASURED,
B3,S3c,120,2100.0,2220.0,1039.4848582287368,544.3982720154603,52.37192900944272,456.5084110824778,0.0,MEASURED,
B4,S3c,120,2100.0,2220.0,1039.4848582287368,590.5812927703975,56.814804765577556,289.8684772777478,-2.014929673659039,MEASURED,
X,S3c,120,2100.0,2220.0,1039.4848582287368,986.1239999247927,94.86660552277114,440.9861003662228,-1.0864494576947068,MEASURED,
CURRENT,S3c,120,2100.0,2220.0,,,,,,NOT_FOUND,No dedicated IO-VNBD model found
B1,S3c,120,2160.0,2280.0,1380.3726330365212,536.8805727261661,38.893887047379735,329.663936195825,2.880025310272418,MEASURED,
B2,S3c,120,2160.0,2280.0,1380.3726330365212,65.12811440008896,4.718154565033733,34.41376984898973,2.880025310272418,MEASURED,
B3,S3c,120,2160.0,2280.0,1380.3726330365212,529.3969736750465,38.35174365276192,327.73220006257696,0.0,MEASURED,
B4,S3c,120,2160.0,2280.0,1380.3726330365212,580.6123173133785,42.06199858049612,361.6861922994222,2.880025310272418,MEASURED,
X,S3c,120,2160.0,2280.0,1380.3726330365212,613.6102606313037,44.452508398510766,313.1580606582505,6.380294155548871,MEASURED,
CURRENT,S3c,120,2160.0,2280.0,,,,,,NOT_FOUND,No dedicated IO-VNBD model found
B1,S3c,120,2280.0,2400.0,1335.6655301595702,432.8712018323586,32.40865261983995,260.47317970958454,4.042084726199867,MEASURED,
B2,S3c,120,2280.0,2400.0,1335.6655301595702,63.42009020083555,4.74820145978154,30.447057837148254,4.042084726199867,MEASURED,
B3,S3c,120,2280.0,2400.0,1335.6655301595702,403.6369230033153,30.21991014135802,246.72370874206763,0.0,MEASURED,
B4,S3c,120,2280.0,2400.0,1335.6655301595702,449.3914389760777,33.645506964785525,268.40525411194255,4.042084726199867,MEASURED,
X,S3c,120,2280.0,2400.0,1335.6655301595702,154.56638840649725,11.572237578672215,103.82720738067786,-3.0459170974809746,MEASURED,
CURRENT,S3c,120,2280.0,2400.0,,,,,,NOT_FOUND,No dedicated IO-VNBD model found
B1,S3c,120,2340.0,2460.0,1303.0397349759583,505.53069508035446,38.796260889901546,349.1986132417304,14.9054702410153,MEASURED,
B2,S3c,120,2340.0,2460.0,1303.0397349759583,8.633043918683983,0.6625311329315117,9.629814207309503,14.9054702410153,MEASURED,
B3,S3c,120,2340.0,2460.0,1303.0397349759583,506.135083208776,38.84264382913192,348.9453104505239,0.0,MEASURED,
B4,S3c,120,2340.0,2460.0,1303.0397349759583,97.82147685760775,7.507175278842329,133.47876125423144,14.9054702410153,MEASURED,
X,S3c,120,2340.0,2460.0,1303.0397349759583,575.9038361295245,44.1969512265219,331.6345753777128,3.758898526907318,MEASURED,
CURRENT,S3c,120,2340.0,2460.0,,,,,,NOT_FOUND,No dedicated IO-VNBD model found
B1,S3c,120,2400.0,2520.0,1007.2339361870061,346.4574007570787,34.39691498765729,177.23383350644818,11.225711160791366,MEASURED,
B2,S3c,120,2400.0,2520.0,1007.2339361870061,27.260705720171593,2.706491981730676,12.418068511780469,11.225711160791366,MEASURED,
B3,S3c,120,2400.0,2520.0,1007.2339361870061,311.28877819155946,30.90531077318315,157.59868142414044,0.0,MEASURED,
B4,S3c,120,2400.0,2520.0,1007.2339361870061,525.0633659459185,52.12923702050818,289.8262986188371,11.225711160791366,MEASURED,
X,S3c,120,2400.0,2520.0,1007.2339361870061,499.93240939911004,49.63419037405141,259.3499067934269,1.0304791951388592,MEASURED,
CURRENT,S3c,120,2400.0,2520.0,,,,,,NOT_FOUND,No dedicated IO-VNBD model found
B1,S3c,120,2460.0,2580.0,847.4697393336635,187.97069037299184,22.18022445506866,107.14082940213906,-26.099761990017363,MEASURED,
B2,S3c,120,2460.0,2580.0,847.4697393336635,205.05435802729744,24.196068427000668,115.1577265226357,-26.099761990017363,MEASURED,
B3,S3c,120,2460.0,2580.0,847.4697393336635,104.6617082326771,12.34990506150332,77.27530613331277,0.0,MEASURED,
B4,S3c,120,2460.0,2580.0,847.4697393336635,411.29957942383504,48.53265672320357,233.62311133351108,-26.099761990017363,MEASURED,
X,S3c,120,2460.0,2580.0,847.4697393336635,447.8549499467932,52.846128794985205,220.9818886539869,-31.27141305366863,MEASURED,
CURRENT,S3c,120,2460.0,2580.0,,,,,,NOT_FOUND,No dedicated IO-VNBD model found
B1,S3c,120,2520.0,2640.0,825.3871225208175,644.5597593387154,78.09181192095211,434.6093565119157,-6.122473784714602,MEASURED,
B2,S3c,120,2520.0,2640.0,825.3871225208175,82.81954811896102,10.034024745385121,55.73067199321374,-6.122473784714602,MEASURED,
B3,S3c,120,2520.0,2640.0,825.3871225208175,644.5597593387154,78.09181192095211,434.6093565119157,0.0,MEASURED,
B4,S3c,120,2520.0,2640.0,825.3871225208175,628.0693644925758,76.09391367463877,420.795200942457,-6.122473784714602,MEASURED,
X,S3c,120,2520.0,2640.0,825.3871225208175,209.9528570270553,25.436895160883733,166.93500497895147,-11.259361720617107,MEASURED,
CURRENT,S3c,120,2520.0,2640.0,,,,,,NOT_FOUND,No dedicated IO-VNBD model found
B1,S3c,120,2580.0,2700.0,773.73473574352,181.51044492759905,23.459001714996894,124.70585668667331,10.34616968278622,MEASURED,
B2,S3c,120,2580.0,2700.0,773.73473574352,65.95144621641195,8.52377994288132,49.39286293699343,10.34616968278622,MEASURED,
B3,S3c,120,2580.0,2700.0,773.73473574352,139.40969328201274,18.017763303342853,105.67741205985298,0.0,MEASURED,
B4,S3c,120,2580.0,2700.0,773.73473574352,247.96667729710487,32.04802186615306,142.67080513912532,10.34616968278622,MEASURED,
X,S3c,120,2580.0,2700.0,773.73473574352,331.8314906086887,42.886983778725586,164.89794956587878,13.986924163970512,MEASURED,
CURRENT,S3c,120,2580.0,2700.0,,,,,,NOT_FOUND,No dedicated IO-VNBD model found
B1,S3c,120,2640.0,2760.0,786.9924118730856,152.65500891259214,19.397265667309895,92.93829167657563,-1.6202153461480215,MEASURED,
B2,S3c,120,2640.0,2760.0,786.9924118730856,29.618707766518526,3.7635315562985365,30.712194913841415,-1.6202153461480215,MEASURED,
B3,S3c,120,2640.0,2760.0,786.9924118730856,133.62107932847812,16.978699834024134,87.25740018946509,0.0,MEASURED,
B4,S3c,120,2640.0,2760.0,786.9924118730856,150.99565214937223,19.186417794041265,98.20800331606729,-1.6202153461480215,MEASURED,
X,S3c,120,2640.0,2760.0,786.9924118730856,61.867899848238274,7.861308306771248,41.048997671333474,4.938672628542987,MEASURED,
CURRENT,S3c,120,2640.0,2760.0,,,,,,NOT_FOUND,No dedicated IO-VNBD model found
B1,S3c,120,2700.0,2820.0,958.9421489884176,73.3640151641146,7.650515230924605,45.45814654289784,6.079486768115947,MEASURED,
B2,S3c,120,2700.0,2820.0,958.9421489884176,24.60391870309109,2.5657354543280446,17.42306335919894,6.079486768115947,MEASURED,
B3,S3c,120,2700.0,2820.0,958.9421489884176,46.38249122660337,4.83683935214778,29.235118778446626,0.0,MEASURED,
B4,S3c,120,2700.0,2820.0,958.9421489884176,71.37942428704194,7.443558963628794,58.96914540840716,6.079486768115947,MEASURED,
X,S3c,120,2700.0,2820.0,958.9421489884176,243.91123935787851,25.43544880316076,100.05853086828843,6.751653344631506,MEASURED,
CURRENT,S3c,120,2700.0,2820.0,,,,,,NOT_FOUND,No dedicated IO-VNBD model found
B1,S3c,120,2760.0,2880.0,981.9582455236257,222.78426718308972,22.6877535983509,156.45068650849518,7.3934248328878365,MEASURED,
B2,S3c,120,2760.0,2880.0,981.9582455236257,62.6016744203798,6.375187000644583,35.69870533846491,7.3934248328878365,MEASURED,
B3,S3c,120,2760.0,2880.0,981.9582455236257,225.69148631610034,22.983817015126867,160.85727686164432,0.0,MEASURED,
B4,S3c,120,2760.0,2880.0,981.9582455236257,75.88920594014546,7.728353653130925,96.09164865895946,7.3934248328878365,MEASURED,
X,S3c,120,2760.0,2880.0,981.9582455236257,446.593371912654,45.479873909965455,266.6140345325176,14.09704377778055,MEASURED,
CURRENT,S3c,120,2760.0,2880.0,,,,,,NOT_FOUND,No dedicated IO-VNBD model found
B1,S3c,120,2820.0,2940.0,1045.3972091516232,159.20011003539886,15.22867180452829,43.41079088153364,-0.6840592481975132,MEASURED,
B2,S3c,120,2820.0,2940.0,1045.3972091516232,13.015327769269103,1.2450126760747238,13.886888541614786,-0.6840592481975132,MEASURED,
B3,S3c,120,2820.0,2940.0,1045.3972091516232,162.25618392452532,15.521007948376097,45.08252634361835,0.0,MEASURED,
B4,S3c,120,2820.0,2940.0,1045.3972091516232,340.4641247657999,32.567919809361136,170.93180136577507,-0.6840592481975132,MEASURED,
X,S3c,120,2820.0,2940.0,1045.3972091516232,175.84080203911927,16.82047747016852,125.58959764829318,9.349736605860913,MEASURED,
CURRENT,S3c,120,2820.0,2940.0,,,,,,NOT_FOUND,No dedicated IO-VNBD model found
B1,S3c,120,2880.0,3000.0,1680.8789125308774,689.8439102763066,41.040666590172016,358.82223675849684,6.9952700450167535,MEASURED,
B2,S3c,120,2880.0,3000.0,1680.8789125308774,49.53762679569668,2.9471264364372636,20.52763053163175,6.9952700450167535,MEASURED,
B3,S3c,120,2880.0,3000.0,1680.8789125308774,683.1864910109797,40.644598841585484,359.34098143523573,0.0,MEASURED,
B4,S3c,120,2880.0,3000.0,1680.8789125308774,654.0806472230183,38.91301403967152,360.45096044835844,6.9952700450167535,MEASURED,
X,S3c,120,2880.0,3000.0,1680.8789125308774,468.6457395330149,27.880993451656852,249.86258436098237,4.590775797574116,MEASURED,
CURRENT,S3c,120,2880.0,3000.0,,,,,,NOT_FOUND,No dedicated IO-VNBD model found
B1,S3c,120,2940.0,3060.0,2164.081899451192,128.22277798143026,5.92504276358244,60.15468866777553,7.207117221890847,MEASURED,
B2,S3c,120,2940.0,3060.0,2164.081899451192,104.72259613885672,4.839123517710407,54.20689990852965,7.207117221890847,MEASURED,
B3,S3c,120,2940.0,3060.0,2164.081899451192,25.024961217832395,1.156377733401804,22.88041550832916,0.0,MEASURED,
B4,S3c,120,2940.0,3060.0,2164.081899451192,456.1682652306099,21.079066616947053,173.72990689412134,7.207117221890847,MEASURED,
X,S3c,120,2940.0,3060.0,2164.081899451192,15.903735588887896,0.7348952732759819,54.51032627448543,-5.398394091019211,MEASURED,
CURRENT,S3c,120,2940.0,3060.0,,,,,,NOT_FOUND,No dedicated IO-VNBD model found
B1,S3c,120,3000.0,3120.0,2075.222265594162,143.81878541291678,6.930283459142613,65.70929926901533,7.33566049848695,MEASURED,
B2,S3c,120,3000.0,3120.0,2075.222265594162,58.756996199293944,2.8313591837099477,26.377143749816824,7.33566049848695,MEASURED,
B3,S3c,120,3000.0,3120.0,2075.222265594162,105.90167205460381,5.103148410191274,53.7782597553108,0.0,MEASURED,
B4,S3c,120,3000.0,3120.0,2075.222265594162,702.1564524265763,33.835240883247764,399.8756623324915,7.33566049848695,MEASURED,
X,S3c,120,3000.0,3120.0,2075.222265594162,155.9572773802793,7.515208369047968,70.88670416739394,-5.443928524969763,MEASURED,
CURRENT,S3c,120,3000.0,3120.0,,,,,,NOT_FOUND,No dedicated IO-VNBD model found
B1,S3c,120,3060.0,3180.0,1596.0247717925195,332.52456802793057,20.834549306804757,214.4593859610164,6.5116490475802165,MEASURED,
B2,S3c,120,3060.0,3180.0,1596.0247717925195,13.838674520457388,0.8670714117372355,25.717764239981825,6.5116490475802165,MEASURED,
B3,S3c,120,3060.0,3180.0,1596.0247717925195,360.31418286729354,22.575726218999677,220.06972965341956,0.0,MEASURED,
B4,S3c,120,3060.0,3180.0,1596.0247717925195,381.7299506301306,23.917545477781275,280.86749125481623,6.5116490475802165,MEASURED,
X,S3c,120,3060.0,3180.0,1596.0247717925195,48.99853916356467,3.0700362569268695,50.1873181203361,-4.312836070173117,MEASURED,
CURRENT,S3c,120,3060.0,3180.0,,,,,,NOT_FOUND,No dedicated IO-VNBD model found
B1,S3c,120,3120.0,3240.0,1616.4763560312708,455.1682172131414,28.158049792368022,347.6357212462141,16.582283813531824,MEASURED,
B2,S3c,120,3120.0,3240.0,1616.4763560312708,28.410935008292164,1.7575843223618763,17.224573299481467,16.582283813531824,MEASURED,
B3,S3c,120,3120.0,3240.0,1616.4763560312708,490.56491321195665,30.347793914931017,369.88828711085426,0.0,MEASURED,
B4,S3c,120,3120.0,3240.0,1616.4763560312708,947.5674472743408,58.61931996337904,585.1550679949464,16.582283813531824,MEASURED,
X,S3c,120,3120.0,3240.0,1616.4763560312708,293.19394853368715,18.137843305888435,132.15062894642284,26.88333110852055,MEASURED,
CURRENT,S3c,120,3120.0,3240.0,,,,,,NOT_FOUND,No dedicated IO-VNBD model found
B1,S3c,120,3180.0,3300.0,2058.7526249327984,34.696642306941676,1.6853235248734286,55.609077107084204,-3.0784038750754577,MEASURED,
B2,S3c,120,3180.0,3300.0,2058.7526249327984,40.69096240361655,1.9764862427288847,19.93836765078564,-3.0784038750754577,MEASURED,
B3,S3c,120,3180.0,3300.0,2058.7526249327984,57.40599066237091,2.7883870051772126,41.65141177299891,0.0,MEASURED,
B4,S3c,120,3180.0,3300.0,2058.7526249327984,66.15833731284468,3.2135156264830123,28.310133573291086,-3.0784038750754577,MEASURED,
X,S3c,120,3180.0,3300.0,2058.7526249327984,479.08365728675534,23.270579062523044,242.65767434446823,29.131026326765003,MEASURED,
CURRENT,S3c,120,3180.0,3300.0,,,,,,NOT_FOUND,No dedicated IO-VNBD model found
B1,S3c,120,3240.0,3360.0,2085.233749638677,291.23180380154196,13.966386447179158,220.90113105983878,-19.74823178082576,MEASURED,
B2,S3c,120,3240.0,3360.0,2085.233749638677,309.40252309614186,14.83778608272354,228.681697668828,-19.74823178082576,MEASURED,
B3,S3c,120,3240.0,3360.0,2085.233749638677,104.60160866881122,5.016301346884313,77.70687284265054,0.0,MEASURED,
B4,S3c,120,3240.0,3360.0,2085.233749638677,522.2812822574665,25.046653994928185,309.53294873273086,-19.74823178082576,MEASURED,
X,S3c,120,3240.0,3360.0,2085.233749638677,489.47036967124194,23.473165526697226,223.9917997523439,24.96591295008801,MEASURED,
CURRENT,S3c,120,3240.0,3360.0,,,,,,NOT_FOUND,No dedicated IO-VNBD model found
B1,S3c,120,3300.0,3420.0,1694.0659105253249,317.48349924892665,18.740917769278287,176.4005630670377,1.5302344387282734,MEASURED,
B2,S3c,120,3300.0,3420.0,1694.0659105253249,30.613430676835108,1.807097969838846,15.754005186864623,1.5302344387282734,MEASURED,
B3,S3c,120,3300.0,3420.0,1694.0659105253249,287.4946388626801,16.970687921671765,164.644894065221,0.0,MEASURED,
B4,S3c,120,3300.0,3420.0,1694.0659105253249,670.5811657758845,39.58412489204386,353.01516183123454,1.5302344387282734,MEASURED,
X,S3c,120,3300.0,3420.0,1694.0659105253249,608.1834526072586,35.900814060927694,256.84903672707975,53.241396755641645,MEASURED,
CURRENT,S3c,120,3300.0,3420.0,,,,,,NOT_FOUND,No dedicated IO-VNBD model found
B1,S3c,120,3360.0,3480.0,1318.2985044202032,278.7991621290164,21.14840919520228,262.30548446259803,5.257042818977907,MEASURED,
B2,S3c,120,3360.0,3480.0,1318.2985044202032,88.8138580336311,6.737006659405417,56.660528652603595,5.257042818977907,MEASURED,
B3,S3c,120,3360.0,3480.0,1318.2985044202032,207.56237361100952,15.744717369780897,248.4948354806012,0.0,MEASURED,
B4,S3c,120,3360.0,3480.0,1318.2985044202032,217.56215655151863,16.5032544467009,179.65437137860826,5.257042818977907,MEASURED,
X,S3c,120,3360.0,3480.0,1318.2985044202032,744.437243939099,56.46955082198986,411.8443722984067,58.69291697314052,MEASURED,
CURRENT,S3c,120,3360.0,3480.0,,,,,,NOT_FOUND,No dedicated IO-VNBD model found
B1,S3c,120,3420.0,3540.0,818.0218845108737,317.22262798138286,38.77923488209149,227.96493362863836,-178.9852680708285,MEASURED,
B2,S3c,120,3420.0,3540.0,818.0218845108737,17.922169641862872,2.19091566878791,7.880007672228504,-178.9852680708285,MEASURED,
B3,S3c,120,3420.0,3540.0,818.0218845108737,287.3795600331331,35.131035669659155,236.06064501950453,0.0,MEASURED,
B4,S3c,120,3420.0,3540.0,818.0218845108737,265.21472679941985,32.42147084585662,185.21173250471716,-178.9852680708285,MEASURED,
X,S3c,120,3420.0,3540.0,818.0218845108737,80.83775304714085,9.882101515594146,94.87117631796649,-138.00776441017456,MEASURED,
CURRENT,S3c,120,3420.0,3540.0,,,,,,NOT_FOUND,No dedicated IO-VNBD model found
B1,S3c,120,3480.0,3600.0,477.84241678234787,364.5157340641704,76.28367036118593,241.56094319385966,4.728204600682783,MEASURED,
B2,S3c,120,3480.0,3600.0,477.84241678234787,47.50768520925445,9.942123917997362,25.416262619551283,4.728204600682783,MEASURED,
B3,S3c,120,3480.0,3600.0,477.84241678234787,188.48158591787092,39.44429780576015,127.70462845403331,0.0,MEASURED,
B4,S3c,120,3480.0,3600.0,477.84241678234787,404.2015470366405,84.58887968933699,282.62090342774536,4.728204600682783,MEASURED,
X,S3c,120,3480.0,3600.0,477.84241678234787,282.6139168074932,59.143748416168926,141.09999086110903,29.01817529441336,MEASURED,
CURRENT,S3c,120,3480.0,3600.0,,,,,,NOT_FOUND,No dedicated IO-VNBD model found
