method,drive,T,end_m,drift_pct,rmse_m,max_m,head_err_deg,dist_m,speed_mae,speed_bias,changed,k0
"B1 hold speed, raw yaw",S1,30,146.6360712348936,87.87172425496783,60.56587143256988,146.6360712348936,8.214882130000023,166.8751495184226,5.029316666666667,4.8682,True,
"B2 true speed, stop-bias yaw",S1,30,4.88235887768698,2.9257555075017203,3.3014214964571225,4.975080378742481,8.105494110365857,166.8751495184226,0.0,0.0,True,
"E1 learned speed, stop-bias yaw",S1,30,13.859245105069395,8.305158164690884,30.186053091409768,52.63497274964368,8.105494110365857,166.8751495184226,3.283896012988399,-0.47954435772349524,True,
"E2 learned speed, stop-bias yaw",S1,30,40.90342235835817,24.511392185355035,40.705981626339444,62.17961969827501,8.105494110365857,166.8751495184226,2.877837065922365,-1.4231818893000412,True,
"E2 learned speed, raw yaw",S1,30,40.921966379252176,24.52250469728238,40.71341702836961,62.18341758758677,8.214882130000023,166.8751495184226,2.877837065922365,-1.4231818893000412,True,600.0
"B1 hold speed, raw yaw",S1,30,44.41614532608923,8.042883433848283,47.836002720137316,97.10541993919534,4.220189429999952,552.2415647498376,2.1569361111111105,-0.7901212962962963,True,
"B2 true speed, stop-bias yaw",S1,30,31.734594380500976,5.746505950684203,44.9970093684569,102.83323191218825,4.332313127214194,552.2415647498376,0.0,0.0,True,
"E1 learned speed, stop-bias yaw",S1,30,63.587417277152426,11.514420741936942,53.9757158472592,97.98666882236431,4.332313127214194,552.2415647498376,2.9427297777598946,-1.439912996508532,True,
"E2 learned speed, stop-bias yaw",S1,30,67.17367285801618,12.163820535392965,54.58688138406106,98.7448832750388,4.332313127214194,552.2415647498376,2.7765500088784045,-1.5665697582692129,True,
"E2 learned speed, raw yaw",S1,30,67.05852684869069,12.142969875704273,54.482610077314575,98.57223643946126,4.220189429999952,552.2415647498376,2.7765500088784045,-1.5665697582692129,True,1200.0
"B1 hold speed, raw yaw",S1,30,227.52422181384986,156.94719998550917,131.9968771192512,227.52422181384986,2.7591126599999876,144.9686403037818,7.59440462962963,7.594352777777778,True,
"B2 true speed, stop-bias yaw",S1,30,0.4182873398169027,0.28853643032064147,1.2119189049617272,1.8318066432943632,2.8712363572143826,144.9686403037818,0.0,0.0,True,
"E1 learned speed, stop-bias yaw",S1,30,84.96823828924052,58.6114611485557,66.51017053026052,84.96823828924052,2.8712363572143826,144.9686403037818,2.941280484872314,2.83333050838622,True,
"E2 learned speed, stop-bias yaw",S1,30,54.90864483020895,37.876222550717095,40.865846735533225,54.90864483020895,2.8712363572143826,144.9686403037818,2.040114705446398,1.8383946897846493,True,
"E2 learned speed, raw yaw",S1,30,54.894683731221754,37.866592123779284,40.865850350117334,54.894683731221754,2.7591126599999876,144.9686403037818,2.040114705446398,1.8383946897846493,True,1800.0
"B1 hold speed, raw yaw",S1,30,46.763995721593396,12.90339673280338,28.45250574600969,46.763995721593396,1.3648481400000543,362.41616599068556,1.7288296296296282,1.6631537037037023,True,
"B2 true speed, stop-bias yaw",S1,30,6.808657331365091,1.8786847746576736,3.6269280053185633,6.808657331365091,1.2746767214126122,362.41616599068556,0.0,0.0,True,
"E1 learned speed, stop-bias yaw",S1,30,8.279188164001404,2.284442290638378,10.869443619018329,17.077255036125017,1.2746767214126122,362.41616599068556,1.1212221689821142,-0.5010168523797963,True,
"E2 learned speed, stop-bias yaw",S1,30,25.100992237317875,6.92601340470088,11.926074469974163,25.100992237317875,1.2746767214126122,362.41616599068556,1.2087845424378227,0.8364288191322521,True,
"E2 learned speed, raw yaw",S1,30,25.165496294809092,6.943811743611864,11.941411485937337,25.165496294809092,1.3648481400000543,362.41616599068556,1.2087845424378227,0.8364288191322521,True,2400.0
"B1 hold speed, raw yaw",S1,30,230.12106279471104,58.97812229203748,115.3373108668878,230.12106279471104,1.7021331599999738,390.1803818969313,7.70722037037037,-7.70525925925926,True,
"B2 true speed, stop-bias yaw",S1,30,5.8593498507222765,1.5017028335038285,2.6186719726405774,5.8593498507222765,1.792304578587263,390.1803818969313,0.0,0.0,True,
"E1 learned speed, stop-bias yaw",S1,30,164.46199682655939,42.15024754114959,87.41794983323906,164.46199682655939,1.792304578587263,390.1803818969313,5.636601380558644,-5.492062014004987,True,
"E2 learned speed, stop-bias yaw",S1,30,102.32915828997334,26.226115673084827,54.89680031799798,102.32915828997334,1.792304578587263,390.1803818969313,3.5107152031173654,-3.391323195364667,True,
"E2 learned speed, raw yaw",S1,30,102.31597020899193,26.222735677166714,54.89088308893784,102.31597020899193,1.7021331599999738,390.1803818969313,3.5107152031173654,-3.391323195364667,True,3000.0
"B1 hold speed, raw yaw",S1,30,90.72397127850469,25.003110880077813,46.237923740892136,90.72397127850469,3.1071528700000175,362.8507337092701,3.364341666666665,-3.182117592592591,True,
"B2 true speed, stop-bias yaw",S1,30,15.617154315690527,4.304016187605008,7.668292218453171,15.617154315690527,3.1973242885873066,362.8507337092701,0.0,0.0,True,
"E1 learned speed, stop-bias yaw",S1,30,39.435715868432894,10.868302639296934,13.209096967595837,39.435715868432894,3.1973242885873066,362.8507337092701,1.4463612926932805,1.0748932766614507,True,
"E2 learned speed, stop-bias yaw",S1,30,53.2921438340934,14.687070710677716,23.66631087643488,53.2921438340934,3.1973242885873066,362.8507337092701,1.768450589762294,1.7550703103336263,True,
"E2 learned speed, raw yaw",S1,30,53.210868684115596,14.664671651663292,23.63006905751309,53.210868684115596,3.1071528700000175,362.8507337092701,1.768450589762294,1.7550703103336263,True,3600.0
"B1 hold speed, raw yaw",S1,30,152.92366486596728,59.891433557193146,65.57043155162236,152.92366486596728,2.81715592999999,255.33478793746568,5.135255555555556,5.121905555555556,True,
"B2 true speed, stop-bias yaw",S1,30,5.57000439711579,2.181451435626526,3.3716977370264574,5.57000439711579,2.90732734858733,255.33478793746568,0.0,0.0,True,
"E1 learned speed, stop-bias yaw",S1,30,71.10645322919521,27.848321728338078,33.43361569486069,71.10645322919521,2.90732734858733,255.33478793746568,2.8325849242691867,2.348760113435668,True,
"E2 learned speed, stop-bias yaw",S1,30,73.05634393189474,28.611982143924333,33.3934912511585,73.05634393189474,2.90732734858733,255.33478793746568,2.7887237436851318,2.4176026053080517,True,
"E2 learned speed, raw yaw",S1,30,73.04120446256947,28.60605288162225,33.38392536366655,73.04120446256947,2.81715592999999,255.33478793746568,2.7887237436851318,2.4176026053080517,True,4200.0
"B1 hold speed, raw yaw",S1,30,217.6175809952549,59.4422463534077,112.39722864042196,217.6175809952549,0.2471778200000155,366.0991876071308,7.307710185185185,-7.307710185185185,True,
"B2 true speed, stop-bias yaw",S1,30,6.253059403528308,1.7080232940146827,3.625595585974844,6.264274958113906,0.34684113236784747,366.0991876071308,0.0,0.0,True,
"E1 learned speed, stop-bias yaw",S1,30,27.32077598940221,7.4626704768109855,13.589070975083525,27.32077598940221,0.34684113236784747,366.0991876071308,0.9468655691149817,0.898691147463963,True,
"E2 learned speed, stop-bias yaw",S1,30,72.4369608026193,19.786157209491822,34.27591525633949,72.4369608026193,0.34684113236784747,366.0991876071308,2.490394480621122,2.433143053078065,True,
"E2 learned speed, raw yaw",S1,30,72.40994801659511,19.77877866647982,34.26257588796979,72.40994801659511,0.2471778200000155,366.0991876071308,2.490394480621122,2.433143053078065,True,4800.0
"B1 hold speed, raw yaw",S1,30,13.24446075089109,3.2067833185118038,8.847219771239299,14.552027770738546,1.0378200200000578,413.01389696131844,0.555296296296296,0.4136925925925916,False,
"B2 true speed, stop-bias yaw",S1,30,2.1562939876006357,0.5220875141164045,0.9603789273787893,2.1562939876006357,0.9381567076322259,413.01389696131844,0.0,0.0,False,
"E1 learned speed, stop-bias yaw",S1,30,34.577400518910785,8.37197023473261,22.202109885028335,34.85149986619338,0.9381567076322259,413.01389696131844,1.193836417749018,1.13126361615347,False,
"E2 learned speed, stop-bias yaw",S1,30,33.72764653237695,8.166225587207245,19.08902248378614,33.72764653237695,0.9381567076322259,413.01389696131844,1.120770532857225,1.106613169806064,False,
"E2 learned speed, raw yaw",S1,30,33.75038595883561,8.171731316342743,19.096378268059983,33.75038595883561,1.0378200200000578,413.01389696131844,1.120770532857225,1.106613169806064,False,5400.0
"B1 hold speed, raw yaw",S1,30,45.66689693255833,12.873352184634475,24.063654311935366,45.66689693255833,2.043845599999993,354.73974670766756,1.483463888888889,-1.483463888888889,True,
"B2 true speed, stop-bias yaw",S1,30,9.859213989873501,2.7792808901107553,4.812103418775286,9.859213989873501,1.944182287632185,354.73974670766756,0.0,0.0,True,
"E1 learned speed, stop-bias yaw",S1,30,39.38459545573887,11.102391491584042,28.90898466192325,40.670933149963574,1.944182287632185,354.73974670766756,1.6248433384900525,-1.254395056476918,True,
"E2 learned speed, stop-bias yaw",S1,30,72.03023188415297,20.30509198720022,40.67705581676677,72.03023188415297,1.944182287632185,354.73974670766756,2.4407306843380843,-2.3829874255752452,True,
"E2 learned speed, raw yaw",S1,30,72.06995994144904,20.31629119948607,40.691668046566214,72.06995994144904,2.043845599999993,354.73974670766756,2.4407306843380843,-2.3829874255752452,True,6000.0
"B1 hold speed, raw yaw",S1,30,79.54955421674747,34.63405735954195,51.587870719483284,79.54955421674747,0.6118243899999701,229.68592270587942,2.933468518518517,2.933468518518517,True,
"B2 true speed, stop-bias yaw",S1,30,3.8231892367808995,1.664529193492029,2.3836415482432183,3.8231892367808995,0.5121610776320872,229.68592270587942,0.0,0.0,True,
"E1 learned speed, stop-bias yaw",S1,30,30.817503215065354,13.417236394817373,22.27943146811983,37.24943146912351,0.5121610776320872,229.68592270587942,1.9598785545871669,1.0194119501874166,True,
"E2 learned speed, stop-bias yaw",S1,30,10.687010487786969,4.65288005546254,5.26576671714449,10.687010487786969,0.5121610776320872,229.68592270587942,1.26627456627531,-0.3308297764889305,True,
"E2 learned speed, raw yaw",S1,30,10.744916601039794,4.678091053407319,5.290479242061757,10.744916601039794,0.6118243899999701,229.68592270587942,1.26627456627531,-0.3308297764889305,True,7200.0
"B1 hold speed, raw yaw",S1,30,45.41145450598308,18.262859605083232,24.455703896360866,45.41145450598308,4.279853589999985,248.65467669336618,2.668224074074074,2.527003703703704,True,
"B2 true speed, stop-bias yaw",S1,30,7.868508248293839,3.1644320359986864,5.954496772679462,8.519097527195065,4.180190277632128,248.65467669336618,0.0,0.0,True,
"E1 learned speed, stop-bias yaw",S1,30,14.701551733994725,5.91243725213512,9.207765860995728,16.371657579563063,4.180190277632128,248.65467669336618,0.9871159431339943,0.11990793357168655,True,
"E2 learned speed, stop-bias yaw",S1,30,21.919424721834922,8.815207103007891,14.718578462574088,23.66558053453569,4.180190277632128,248.65467669336618,0.9495423916707807,0.6782458248013932,True,
"E2 learned speed, raw yaw",S1,30,22.009868392543762,8.851580306163195,14.760928599330002,23.742141970726397,4.279853589999985,248.65467669336618,0.9495423916707807,0.6782458248013932,True,7800.0
"B1 hold speed, raw yaw",S1,30,27.875915057045745,16.264837287266822,15.829699987171225,27.97314864638716,3.137822319999943,171.38760483554813,1.6670574074074076,0.9580925925925927,True,
"B2 true speed, stop-bias yaw",S1,30,3.6726198082325934,2.142873641157766,1.6122488958647079,3.6726198082325934,3.0381590076322125,171.38760483554813,0.0,0.0,True,
"E1 learned speed, stop-bias yaw",S1,30,20.260016263513872,11.82116774603041,9.842959939033602,20.260016263513872,3.0381590076322125,171.38760483554813,1.36491721699793,0.3718680708712859,True,
"E2 learned speed, stop-bias yaw",S1,30,21.076398386027613,12.297504481873755,9.291545621189732,21.076398386027613,3.0381590076322125,171.38760483554813,1.1321866366281172,0.5634987544321737,True,
"E2 learned speed, raw yaw",S1,30,21.145889823601305,12.3380508432284,9.318197615904845,21.145889823601305,3.137822319999943,171.38760483554813,1.1321866366281172,0.5634987544321737,True,8400.0
"B1 hold speed, raw yaw",S1,30,55.73881818100295,44.81168235838054,29.06926587646059,55.73881818100295,172.14516818000013,124.38456948621757,3.499915740740741,3.499349074074074,True,
"B2 true speed, stop-bias yaw",S1,30,8.533020923384305,6.860192513131467,1.9618424632039713,8.533020923384305,172.2448314923679,124.38456948621757,0.0,0.0,True,
"E1 learned speed, stop-bias yaw",S1,30,31.76119194974721,25.53467209071018,15.885023510701682,31.76119194974721,172.2448314923679,124.38456948621757,1.7914329967118525,1.1164903047291443,True,
"E2 learned speed, stop-bias yaw",S1,30,27.31065750746049,21.956628237947672,11.261824709832819,27.31065750746049,172.2448314923679,124.38456948621757,1.2213276825447346,0.4724541402711253,True,
"E2 learned speed, raw yaw",S1,30,27.37507444012229,22.00841676198074,11.296842680699736,27.37507444012229,172.14516818000013,124.38456948621757,1.2213276825447346,0.4724541402711253,True,9000.0
"B1 hold speed, raw yaw",S1,30,82.48008640374655,32.974814890397376,44.7799432431821,82.48008640374655,1.8798343700000228,250.13055168890625,3.020551851851852,-3.0070907407407406,True,
"B2 true speed, stop-bias yaw",S1,30,3.0954185674357837,1.2375211850512506,1.2358464054831062,3.0954185674357837,1.798863513041737,250.13055168890625,0.0,0.0,True,
"E1 learned speed, stop-bias yaw",S1,30,48.14913120982007,19.2496002126539,29.85995118924692,48.14913120982007,1.798863513041737,250.13055168890625,2.0065365185902486,-1.782206723095937,True,
"E2 learned speed, stop-bias yaw",S1,30,3.3858685822216117,1.353640552647364,5.625242079437695,10.150358457999372,1.798863513041737,250.13055168890625,1.2145815421353392,-0.16035177906933215,True,
"E2 learned speed, raw yaw",S1,30,3.4502384860164903,1.379375075423669,5.615405106950111,10.149925850361742,1.8798343700000228,250.13055168890625,1.2145815421353392,-0.16035177906933215,True,9600.0
"B1 hold speed, raw yaw",S1,30,215.0986575901567,184.0017708807919,123.83329394200746,215.0986575901567,1.8768426400000078,116.90031925263989,7.476065740740743,7.475586111111114,True,
"B2 true speed, stop-bias yaw",S1,30,3.4858751120465583,2.9819209513988034,1.8598824601566122,3.4858751120465583,1.8134310371212394,116.90031925263989,0.0,0.0,True,
"E1 learned speed, stop-bias yaw",S1,30,79.69364749438536,68.17230954019459,55.348135456779396,79.93439068275238,1.8134310371212394,116.90031925263989,2.8316602359861545,2.47810204851549,True,
"E2 learned speed, stop-bias yaw",S1,30,51.97539360663598,44.461293124708256,36.529988381091854,52.859787310635376,1.8134310371212394,116.90031925263989,2.074140588488866,1.4245494331348805,True,
"E2 learned speed, raw yaw",S1,30,52.004479707281455,44.48617423780651,36.53293843126499,52.86103535126729,1.8768426400000078,116.90031925263989,2.074140588488866,1.4245494331348805,True,10200.0
"B1 hold speed, raw yaw",S1,30,81.0415396720589,26.645984262067753,32.687181349211365,81.0415396720589,1.3918620800000072,304.14166305512185,2.688308333333334,2.664795370370371,True,
"B2 true speed, stop-bias yaw",S1,30,2.3922260545568763,0.7865499354895404,1.43166155086796,2.480357985366384,1.3171226529722153,304.14166305512185,0.0,0.0,True,
"E1 learned speed, stop-bias yaw",S1,30,11.995845516950371,3.9441638466928075,11.476983873385459,20.209253018657,1.3171226529722153,304.14166305512185,2.6392844625593725,0.35825852162384697,True,
"E2 learned speed, stop-bias yaw",S1,30,16.051556795214122,5.2776579946250175,9.969926105541523,20.14586506696797,1.3171226529722153,304.14166305512185,2.5783882656399495,0.48706757643652887,True,
"E2 learned speed, raw yaw",S1,30,16.067512800887474,5.282904235969618,9.97593185667794,20.15484603947767,1.3918620800000072,304.14166305512185,2.5783882656399495,0.48706757643652887,True,10800.0
"B1 hold speed, raw yaw",S1,30,74.68266629311174,35.9378602334432,65.77124498617394,80.04061115851522,1.6048360999999876,207.81055357217184,3.6163499999999997,3.2441814814814807,True,
"B2 true speed, stop-bias yaw",S1,30,2.942685623499146,1.4160424352448309,1.7167495130714765,2.942685623499146,1.4914310294483422,207.81055357217184,0.0,0.0,True,
"E1 learned speed, stop-bias yaw",S1,30,8.803192671364013,4.236162466266034,9.279145805314709,11.716804630562276,1.4914310294483422,207.81055357217184,0.8855697428635957,0.4611695841573847,True,
"E2 learned speed, stop-bias yaw",S1,30,8.248212370595814,3.9691017750603512,7.9581068327164886,9.855479984347715,1.4914310294483422,207.81055357217184,0.8192419370598981,0.47843066713410937,True,
"E2 learned speed, raw yaw",S1,30,8.07052317021651,3.883596396567823,7.899698492794945,9.845732139402743,1.6048360999999876,207.81055357217184,0.8192419370598981,0.47843066713410937,True,11400.0
"B1 hold speed, raw yaw",S1,30,116.73774735233177,48.64655963643767,54.66715146322369,116.73774735233177,1.153171069999987,239.97122967127945,4.233648148148148,-4.2328370370370365,True,
"B2 true speed, stop-bias yaw",S1,30,4.818245097200788,2.0078428167413986,2.6892424896118903,4.818245097200788,1.2665761405515945,239.97122967127945,0.0,0.0,True,
"E1 learned speed, stop-bias yaw",S1,30,30.328642378398275,12.638449375762027,21.329517098607546,30.328642378398275,1.2665761405515945,239.97122967127945,1.3542065544750381,-1.085255493550836,True,
"E2 learned speed, stop-bias yaw",S1,30,41.739524401846566,17.393553576827834,22.572856425459058,41.739524401846566,1.2665761405515945,239.97122967127945,1.5141368228804006,-1.5104814379560985,True,
"E2 learned speed, raw yaw",S1,30,41.688783839094164,17.37240914096279,22.556510333104786,41.688783839094164,1.153171069999987,239.97122967127945,1.5141368228804006,-1.5104814379560985,True,12000.0
"B1 hold speed, raw yaw",S1,30,37.92091563691689,15.638699053319094,19.67411913594516,37.92091563691689,3.807156770000094,242.48126719254634,1.3486361111111114,-1.3486361111111114,True,
"B2 true speed, stop-bias yaw",S1,30,2.9578856687666453,1.2198408986447131,1.6513863099141406,2.9578856687666453,3.9205618405517013,242.48126719254634,0.0,0.0,True,
"E1 learned speed, stop-bias yaw",S1,30,33.94922894263107,14.000763578851275,17.75454193021319,36.619237246629005,3.9205618405517013,242.48126719254634,1.6602312896044775,-1.1819668713134721,True,
"E2 learned speed, stop-bias yaw",S1,30,17.780796279362644,7.332853578847187,10.482453241300412,22.5245772528497,3.9205618405517013,242.48126719254634,1.3351733776225805,-0.5436467402047025,True,
"E2 learned speed, raw yaw",S1,30,17.68125147793267,7.2918010049380735,10.431413556751673,22.44649689502752,3.807156770000094,242.48126719254634,1.3351733776225805,-0.5436467402047025,True,12600.0
"B1 hold speed, raw yaw",S1,30,39.56275443290529,20.55420936466274,34.29702555738815,48.475444889456405,1.173825849999755,192.4800595878062,2.8944537037037037,2.780222222222222,True,
"B2 true speed, stop-bias yaw",S1,30,3.087915451791906,1.6042781046538745,2.622882684641515,3.5295865703279343,1.060420779448491,192.4800595878062,0.0,0.0,True,
"E1 learned speed, stop-bias yaw",S1,30,25.75887396001142,13.382619485454102,21.01975130384057,27.310319108564574,1.060420779448491,192.4800595878062,1.2714548369669456,0.9006247909580942,True,
"E2 learned speed, stop-bias yaw",S1,30,24.16253293950877,12.553265512932898,15.361481155050242,24.16253293950877,1.060420779448491,192.4800595878062,1.08968931185374,0.10729709560095922,True,
"E2 learned speed, raw yaw",S1,30,24.232861571439724,12.58980365204277,15.40461358013655,24.232861571439724,1.173825849999755,192.4800595878062,1.08968931185374,0.10729709560095922,True,13200.0
"B1 hold speed, raw yaw",S1,30,78.57479833646984,32.370526727687555,38.05488256106648,78.57479833646984,1.524803819999989,242.73561872338112,3.712503703703703,3.3141092592592583,True,
"B2 true speed, stop-bias yaw",S1,30,3.7567485079585623,1.5476708888940243,1.3793473303342032,3.7567485079585623,2.997471351374976,242.73561872338112,0.0,0.0,True,
"E1 learned speed, stop-bias yaw",S1,30,32.281220728865264,13.298922052989921,16.772099196914365,32.281220728865264,2.997471351374976,242.73561872338112,1.5554126283189609,1.1516407220821658,True,
"E2 learned speed, stop-bias yaw",S1,30,17.70366332814921,7.293393289892125,10.829159818836878,17.70366332814921,2.997471351374976,242.73561872338112,1.058830633100671,-0.044155626087357354,True,
"E2 learned speed, raw yaw",S1,30,11.214819470083768,4.620178747999919,8.470242997060227,11.853898100535677,1.524803819999989,242.73561872338112,1.058830633100671,-0.044155626087357354,True,14400.0
"B1 hold speed, raw yaw",S1,30,57.57132253490848,23.16278851942955,38.0108949975259,57.57132253490848,0.8658258700001642,248.55091383585426,3.3106777777777796,3.3021111111111128,True,
"B2 true speed, stop-bias yaw",S1,30,5.441045248775274,2.189106917695181,2.554494888962648,5.441045248775274,3.656449301374928,248.55091383585426,0.0,0.0,True,
"E1 learned speed, stop-bias yaw",S1,30,6.811487812355927,2.7404798909145462,15.655965499124937,22.37237074092241,3.656449301374928,248.55091383585426,1.5742631418618636,1.3756541993725004,True,
"E2 learned speed, stop-bias yaw",S1,30,30.053813901503027,12.09161271535332,21.098968179481716,30.15766055770415,3.656449301374928,248.55091383585426,2.1999664891474966,2.1668242527757333,True,
"E2 learned speed, raw yaw",S1,30,33.88328056491041,13.632329908586573,22.77777052990887,33.88328056491041,0.8658258700001642,248.55091383585426,2.1999664891474966,2.1668242527757333,True,15000.0
"B1 hold speed, raw yaw",S1,30,12.27296252351922,11.65049161676542,14.5512458977314,20.01091530108918,2.4787854399999736,105.34287244890203,1.5851601851851849,0.2472083333333335,True,
"B2 true speed, stop-bias yaw",S1,30,3.675623048599563,3.4891995662852966,2.1669982011632065,3.675623048599563,2.0434897313749785,105.34287244890203,0.0,0.0,True,
"E1 learned speed, stop-bias yaw",S1,30,125.56728159997289,119.19864978134233,49.41063171008123,125.56728159997289,2.0434897313749785,105.34287244890203,5.301495342052553,4.167738514235412,True,
"E2 learned speed, stop-bias yaw",S1,30,39.335491068381494,37.34043903868456,15.222665714394143,39.335491068381494,2.0434897313749785,105.34287244890203,2.3004506888388123,1.2746042697533138,True,
"E2 learned speed, raw yaw",S1,30,40.31238644821407,38.267787379509834,15.85440678801779,40.31238644821407,2.4787854399999736,105.34287244890203,2.3004506888388123,1.2746042697533138,True,15600.0
"B1 hold speed, raw yaw",S1,30,35.95425726546681,22.227309599743556,21.189282742723975,35.95425726546681,7.58518664999997,161.75712631402598,1.7577268518518516,1.3625009259259253,True,
"B2 true speed, stop-bias yaw",S1,30,2.11361617110743,1.3066603118332958,0.9771352814740509,2.11361617110743,11.771087880333189,161.75712631402598,0.0,0.0,True,
"E1 learned speed, stop-bias yaw",S1,30,32.09343223520191,19.840505927941354,25.597528962134152,37.130414536549814,11.771087880333189,161.75712631402598,2.0586544478064472,0.6382012321704997,True,
"E2 learned speed, stop-bias yaw",S1,30,28.467455409490217,17.59888794897675,23.3074207772833,33.21918622318656,11.771087880333189,161.75712631402598,2.065767919410171,0.7974243577106125,True,
"E2 learned speed, raw yaw",S1,30,33.01460036504173,20.409982000390563,24.664727160083405,35.854407774737915,7.58518664999997,161.75712631402598,2.065767919410171,0.7974243577106125,True,16200.0
"B1 hold speed, raw yaw",S1,30,57.521703547199444,79.07688593189637,23.31287491223375,57.521703547199444,168.52915252,72.74148807116536,1.948051851851852,1.6703740740740745,True,
"B2 true speed, stop-bias yaw",S1,30,5.737562202324662,7.887606308949054,2.38748597195711,5.781839991935952,173.64195447789953,72.74148807116536,0.0,0.0,True,
"E1 learned speed, stop-bias yaw",S1,30,42.15000222540363,57.94492708778093,17.603765836014613,42.206670970397674,173.64195447789953,72.74148807116536,1.4783486051371482,0.9475994429461624,True,
"E2 learned speed, stop-bias yaw",S1,30,42.59026854609163,58.55017497638237,20.53149526120823,42.63698159655813,173.64195447789953,72.74148807116536,2.233450548914033,1.9982661877687433,True,
"E2 learned speed, raw yaw",S1,30,43.09665572802272,59.2463212820995,20.872637854545108,43.14548717268284,168.52915252,72.74148807116536,2.233450548914033,1.9982661877687433,True,16800.0
"B1 hold speed, raw yaw",S1,30,77.00326021832343,95.0399389099079,33.29085490923058,77.00326021832343,3.513182520000092,81.0220009624773,3.868449074074074,3.843563888888888,True,
"B2 true speed, stop-bias yaw",S1,30,17.827197171518662,22.002909036737744,7.525805600189119,17.827197171518662,11.062823659083122,81.0220009624773,0.0,0.0,True,
"E1 learned speed, stop-bias yaw",S1,30,59.40765747345428,73.32287127908258,27.264550551779575,59.40765747345428,11.062823659083122,81.0220009624773,3.0941474900419945,2.9384236858368253,True,
"E2 learned speed, stop-bias yaw",S1,30,35.32163736107617,43.59511853753678,20.2787627659671,35.32163736107617,11.062823659083122,81.0220009624773,2.7334114217115104,2.570406501878782,True,
"E2 learned speed, raw yaw",S1,30,36.15777329823808,44.627104821792,20.32314080098594,36.185336163313735,3.513182520000092,81.0220009624773,2.7334114217115104,2.570406501878782,True,17400.0
"B1 hold speed, raw yaw",S1,30,9.686348931768478,2.79185882455554,7.093362013849196,9.686348931768478,1.7688167999999378,346.949811594092,0.6630870370370369,0.2446999999999995,True,
"B2 true speed, stop-bias yaw",S1,30,14.265666225537027,4.1117377063824145,6.550492410023567,14.265666225537027,4.745033924642791,346.949811594092,0.0,0.0,True,
"E1 learned speed, stop-bias yaw",S1,30,19.810340305118224,5.709857634479707,9.554885220869735,19.810340305118224,4.745033924642791,346.949811594092,0.8335044960436623,-0.4283299671650099,True,
"E2 learned speed, stop-bias yaw",S1,30,25.162805511310484,7.252577943679438,13.004306425366607,25.162805511310484,4.745033924642791,346.949811594092,0.7599191479273469,-0.6345265989443479,True,
"E2 learned speed, raw yaw",S1,30,20.095116369367304,5.791937536163657,11.210657390768597,20.91499389765149,1.7688167999999378,346.949811594092,0.7599191479273469,-0.6345265989443479,True,18600.0
"B1 hold speed, raw yaw",S1,30,39.611956762854774,13.470926567202376,28.961088896279087,57.698282994345846,3.1108280599999953,294.0551755311167,3.054015740740742,2.6581064814814828,True,
"B2 true speed, stop-bias yaw",S1,30,41.39004425014832,14.075604748459345,23.52311601335241,41.39004425014832,3.403022664642835,294.0551755311167,0.0,0.0,True,
"E1 learned speed, stop-bias yaw",S1,30,18.368603717326515,6.246652072744342,14.316196715234762,22.808803504897423,3.403022664642835,294.0551755311167,2.554095248597809,0.8123877344259656,True,
"E2 learned speed, stop-bias yaw",S1,30,33.35678203100125,11.343715331911056,20.41853655612566,33.59658483493065,3.403022664642835,294.0551755311167,2.367791070414796,0.28282546395797864,True,
"E2 learned speed, raw yaw",S1,30,33.82055189072245,11.501430583439463,20.644027150157985,33.88967337858523,3.1108280599999953,294.0551755311167,2.367791070414796,0.28282546395797864,True,19200.0
"B1 hold speed, raw yaw",S1,30,42.565133755867095,11.03177961059601,22.11488927330851,42.565133755867095,1.5358333200000263,385.84104521978793,1.4406314814814816,-1.4406314814814816,False,
"B2 true speed, stop-bias yaw",S1,30,22.518394053467315,5.836184183214641,10.027982924771408,22.518394053467315,6.700155195181855,385.84104521978793,0.0,0.0,False,
"E1 learned speed, stop-bias yaw",S1,30,48.086747320008236,12.462838755948429,28.583421279856093,48.086747320008236,6.700155195181855,385.84104521978793,1.549388295170283,-1.5000244380036292,False,
"E2 learned speed, stop-bias yaw",S1,30,28.34036896525427,7.345089206129081,15.900213911322057,28.34036896525427,6.700155195181855,385.84104521978793,0.8515835719560438,-0.6587084610220157,False,
"E2 learned speed, raw yaw",S1,30,19.94456250705342,5.169113746229962,13.429151834807964,21.08425570026066,1.5358333200000263,385.84104521978793,0.8515835719560438,-0.6587084610220157,False,19800.0
"B1 hold speed, raw yaw",S1,30,22.537165478975886,9.985952717247221,11.182914298250028,22.537165478975886,2.0518213899999957,225.68868606848957,1.4838527777777777,-0.5683787037037031,True,
"B2 true speed, stop-bias yaw",S1,30,9.969924149028461,4.417556024940876,3.7581242740355654,9.969924149028461,6.184167125181834,225.68868606848957,0.0,0.0,True,
"E1 learned speed, stop-bias yaw",S1,30,34.01653238951042,15.072325060719901,14.493632166999129,34.01653238951042,6.184167125181834,225.68868606848957,1.3299471123657038,1.141461966486373,True,
"E2 learned speed, stop-bias yaw",S1,30,19.704662262341287,8.73090388605547,6.916327087353597,19.704662262341287,6.184167125181834,225.68868606848957,1.1339368979882418,0.57918008852186,True,
"E2 learned speed, raw yaw",S1,30,18.464134765188813,8.181240755500484,6.265918333379687,18.464134765188813,2.0518213899999957,225.68868606848957,1.1339368979882418,0.57918008852186,True,20400.0
"B1 hold speed, raw yaw",S1,30,45.39935438784073,19.388513504234165,36.04974346719484,45.39935438784073,1.0858335100000551,234.155931438097,3.0072185185185187,0.19599074074074072,True,
"B2 true speed, stop-bias yaw",S1,30,16.26259322190144,6.94519806610183,6.22018915392623,16.26259322190144,7.150155005181674,234.155931438097,0.0,0.0,True,
"E1 learned speed, stop-bias yaw",S1,30,16.6390829715099,7.105983977992339,13.269969576522367,18.968962856023516,7.150155005181674,234.155931438097,1.527479004755558,-0.16586592617712517,True,
"E2 learned speed, stop-bias yaw",S1,30,7.30610656872609,3.120188552924861,8.290805296686022,13.397643637439705,7.150155005181674,234.155931438097,1.1429862800152517,0.07155092601089104,True,
"E2 learned speed, raw yaw",S1,30,16.106150027293154,6.878386521483903,12.230574377934992,16.106150027293154,1.0858335100000551,234.155931438097,1.1429862800152517,0.07155092601089104,True,21000.0
"B1 hold speed, raw yaw",S1,30,26.841208713575433,9.279295141207909,19.52574704689396,27.802867619632615,0.29781878999989114,289.2591334268246,1.210211111111111,0.8381796296296293,True,
"B2 true speed, stop-bias yaw",S1,30,17.52856757009498,6.059814728211262,8.012237112504696,17.52856757009498,7.938169725181799,289.2591334268246,0.0,0.0,True,
"E1 learned speed, stop-bias yaw",S1,30,17.22607545555455,5.95523994401799,7.389605272734604,17.22607545555455,7.938169725181799,289.2591334268246,0.990820692739026,-0.3693851316821944,True,
"E2 learned speed, stop-bias yaw",S1,30,37.11290408086476,12.830330935860806,16.320734536699142,37.11290408086476,7.938169725181799,289.2591334268246,1.54735699277231,-1.367240809991352,True,
"E2 learned speed, raw yaw",S1,30,34.714778162005274,12.001272959212281,15.548765332478704,34.714778162005274,0.29781878999989114,289.2591334268246,1.54735699277231,-1.367240809991352,True,21600.0
"B1 hold speed, raw yaw",S1,30,157.94094908256457,68.59201479007793,74.80765392773246,157.94094908256457,2.315823500000008,230.26142265383825,5.710080555555555,-5.332800925925926,True,
"B2 true speed, stop-bias yaw",S1,30,12.407276404167023,5.3883435015597065,5.1741169881702245,12.407276404167023,5.920165015181835,230.26142265383825,0.0,0.0,True,
"E1 learned speed, stop-bias yaw",S1,30,7.46952502248383,3.2439324557258047,13.627042560118488,20.505187563329592,5.920165015181835,230.26142265383825,1.5801360981087096,-0.11292085874539595,True,
"E2 learned speed, stop-bias yaw",S1,30,9.08848239751609,3.9470278141984694,9.582026761305713,12.677804438365554,5.920165015181835,230.26142265383825,0.9392037556008467,0.01973421394420138,True,
"E2 learned speed, raw yaw",S1,30,10.003693372538175,4.34449386147377,9.819701565265987,12.655773096160486,2.315823500000008,230.26142265383825,0.9392037556008467,0.01973421394420138,True,22200.0
"B1 hold speed, raw yaw",S1,30,74.39300225044269,40.058958718167204,48.68993327947091,75.4373216224658,0.09518241000000009,185.70877684023426,3.0429037037037046,2.8812074074074085,True,
"B2 true speed, stop-bias yaw",S1,30,14.273746114314244,7.686091286139903,5.134786939150292,14.273746114314244,9.62987354422225,185.70877684023426,0.0,0.0,True,
"E1 learned speed, stop-bias yaw",S1,30,42.883566646271866,23.091836248086814,20.72466354975175,42.883566646271866,9.62987354422225,185.70877684023426,1.9073369350148404,0.14689440479022267,True,
"E2 learned speed, stop-bias yaw",S1,30,42.10295393236245,22.671493856525547,15.479581687619001,42.10295393236245,9.62987354422225,185.70877684023426,2.1499034422787995,-1.2809202360606078,True,
"E2 learned speed, raw yaw",S1,30,36.1678975318775,19.475599455912004,12.879518748177107,36.1678975318775,0.09518241000000009,185.70877684023426,2.1499034422787995,-1.2809202360606078,True,22800.0
"B1 hold speed, raw yaw",S1,30,13.496210254328028,5.29538622178429,10.239483738369122,14.8310778041247,0.9998177699999763,254.86734468596427,0.8926990740740738,-0.11597129629629502,True,
"B2 true speed, stop-bias yaw",S1,30,8.758290828919476,3.4364115338946366,3.7023993381149056,8.758290828919476,5.839746047124937,254.86734468596427,0.0,0.0,True,
"E1 learned speed, stop-bias yaw",S1,30,28.52355843302223,11.191531213293581,17.199756764652253,28.52355843302223,5.839746047124937,254.86734468596427,1.1213675827506342,0.9337302485356633,True,
"E2 learned speed, stop-bias yaw",S1,30,66.81660080892485,26.21622667715755,39.205742942096606,66.81660080892485,5.839746047124937,254.86734468596427,2.4517939607970503,2.4517939607970503,True,
"E2 learned speed, raw yaw",S1,30,64.63722145953831,25.36112326951156,39.04215112164344,64.63722145953831,0.9998177699999763,254.86734468596427,2.4517939607970503,2.4517939607970503,True,23400.0
"B1 hold speed, raw yaw",S1,30,23.18830013228792,29.826539773292886,18.231657965732868,31.758844802853705,8.747889079999895,77.74384929843944,2.8728888888888884,0.7539314814814814,True,
"B2 true speed, stop-bias yaw",S1,30,4.420200171783613,5.685594695492315,3.48753339916863,4.457058775935119,1.9083252628747287,77.74384929843944,0.0,0.0,True,
"E1 learned speed, stop-bias yaw",S1,30,29.1537393241917,37.499737390513936,15.327348294201784,29.166040607090704,1.9083252628747287,77.74384929843944,1.3667585352833673,0.932948520117003,True,
"E2 learned speed, stop-bias yaw",S1,30,28.952707240918006,37.24115476939624,16.15743823769765,28.965117426177404,1.9083252628747287,77.74384929843944,1.1505207387829817,0.9233558690099434,True,
"E2 learned speed, raw yaw",S1,30,28.43134128132895,36.5705345669058,15.709565689964089,28.43933141139454,8.747889079999895,77.74384929843944,1.1505207387829817,0.9233558690099434,True,24000.0
"B1 hold speed, raw yaw",S1,30,35.40745417580193,11.148339864870454,17.91569158413914,35.40745417580193,1.0211595500000037,317.602931063973,1.2076212962962969,-1.197860185185186,False,
"B2 true speed, stop-bias yaw",S1,30,7.0110792083138005,2.207498269876356,2.610276081500864,7.0110792083138005,3.6305868728636455,317.602931063973,0.0,0.0,False,
"E1 learned speed, stop-bias yaw",S1,30,10.866308107101053,3.421350070888456,12.537806853730006,24.801687701962305,3.6305868728636455,317.602931063973,1.6997322092054552,-0.21271988893221533,False,
"E2 learned speed, stop-bias yaw",S1,30,39.608473736780674,12.471066814179544,26.984162295936745,39.608473736780674,3.6305868728636455,317.602931063973,1.5074582446351243,-1.3054401664114066,False,
"E2 learned speed, raw yaw",S1,30,38.754661774949376,12.202236813470478,26.755874218532824,38.754661774949376,1.0211595500000037,317.602931063973,1.5074582446351243,-1.3054401664114066,False,24600.0
"B1 hold speed, raw yaw",S1,30,80.46989822819965,48.278000880496705,34.7636375937482,80.46989822819965,4.561182309999899,166.68026173533585,3.1393499999999994,2.820274074074073,True,
"B2 true speed, stop-bias yaw",S1,30,8.44540832686135,5.0668316925680355,4.896998627243599,8.44540832686135,5.013656860432529,166.68026173533585,0.0,0.0,True,
"E1 learned speed, stop-bias yaw",S1,30,16.246589131554632,9.74715839920618,8.331871584038122,16.246589131554632,5.013656860432529,166.68026173533585,1.5282837079167044,0.26440463897840794,True,
"E2 learned speed, stop-bias yaw",S1,30,20.533727697517364,12.319231733702193,9.45309295157842,20.533727697517364,5.013656860432529,166.68026173533585,1.1805669837412038,0.4239221746304766,True,
"E2 learned speed, raw yaw",S1,30,20.27522006461643,12.164139804874166,9.351289953592797,20.27522006461643,4.561182309999899,166.68026173533585,1.1805669837412038,0.4239221746304766,True,25800.0
"B1 hold speed, raw yaw",S1,30,52.909236715985195,19.03115789272396,20.531060704804595,52.909236715985195,1.4141909599999787,278.0137552020079,2.1855342592592595,2.1409787037037042,True,
"B2 true speed, stop-bias yaw",S1,30,3.957859703631961,1.4236201013709324,2.3351377803191307,4.332978607159163,0.7838084680540361,278.0137552020079,0.0,0.0,True,
"E1 learned speed, stop-bias yaw",S1,30,13.857359494450247,4.984415064060889,6.312791063885037,13.857359494450247,0.7838084680540361,278.0137552020079,1.6605556773517662,0.6057702445395531,True,
"E2 learned speed, stop-bias yaw",S1,30,16.854643007862542,6.062521257488058,7.353906590322244,16.854643007862542,0.7838084680540361,278.0137552020079,1.569346391421564,0.7043604085131812,True,
"E2 learned speed, raw yaw",S1,30,17.059818484157898,6.136321734067454,7.201787936316682,17.059818484157898,1.4141909599999787,278.0137552020079,1.569346391421564,0.7043604085131812,True,26400.0
"B1 hold speed, raw yaw",S1,30,48.95719497582343,19.11327881431137,38.1846891847594,57.55148175613722,5.05417518000003,256.14231577664185,2.3328111111111105,-1.6195685185185176,True,
"B2 true speed, stop-bias yaw",S1,30,9.713953156540608,3.792404674365189,5.022147665790433,9.713953156540608,4.42379268805405,256.14231577664185,0.0,0.0,True,
"E1 learned speed, stop-bias yaw",S1,30,49.28500220571432,19.241257367521904,18.598539189320565,49.28500220571432,4.42379268805405,256.14231577664185,2.2048600594076415,1.611133936876485,True,
"E2 learned speed, stop-bias yaw",S1,30,24.151680106809486,9.429008257999019,8.791417032085114,24.151680106809486,4.42379268805405,256.14231577664185,1.440142114757985,0.6816465769626908,True,
"E2 learned speed, raw yaw",S1,30,24.935868406126335,9.735161615338331,9.217709668367958,24.935868406126335,5.05417518000003,256.14231577664185,1.440142114757985,0.6816465769626908,True,27000.0
"B1 hold speed, raw yaw",S1,30,125.71771204591525,34.35294801359608,66.86773805256075,125.71771204591525,2.311165990000019,365.95902044901413,4.294550925925926,-4.294550925925926,True,
"B2 true speed, stop-bias yaw",S1,30,7.1523057809605275,1.954400733772047,3.7148597775678764,7.1523057809605275,1.5953123402727771,365.95902044901413,0.0,0.0,True,
"E1 learned speed, stop-bias yaw",S1,30,86.11895616021593,23.532404271536226,46.35040674723603,86.11895616021593,1.5953123402727771,365.95902044901413,2.95202846430308,-2.929210688868186,True,
"E2 learned speed, stop-bias yaw",S1,30,43.12993336417106,11.785454368976259,24.766125265416,45.261726173704105,1.5953123402727771,365.95902044901413,1.7368564941529754,-1.4522057436218525,True,
"E2 learned speed, raw yaw",S1,30,43.6269624321915,11.921269867501369,24.900642434066107,45.3567189488264,2.311165990000019,365.95902044901413,1.7368564941529754,-1.4522057436218525,True,27600.0
"B1 hold speed, raw yaw",S1,30,7.236050677193477,1.767530852853636,3.935975595730411,7.236050677193477,0.17516590999998077,409.38751736701215,0.28952314814814817,0.03240462962962984,False,
"B2 true speed, stop-bias yaw",S1,30,4.632319118622482,1.131524270308821,2.6467068320701803,4.662964583733415,0.5406877397272613,409.38751736701215,0.0,0.0,False,
"E1 learned speed, stop-bias yaw",S1,30,12.112836424168465,2.958770336250731,7.406970513402155,12.112836424168465,0.5406877397272613,409.38751736701215,0.5285623673670679,0.3465907961476212,False,
"E2 learned speed, stop-bias yaw",S1,30,26.77580312677975,6.540454212915213,13.569005220083284,26.77580312677975,0.5406877397272613,409.38751736701215,0.8583227703268174,0.8581515038049639,False,
"E2 learned speed, raw yaw",S1,30,27.3892246468308,6.690293056072009,13.863239649546182,27.3892246468308,0.17516590999998077,409.38751736701215,0.8583227703268174,0.8581515038049639,False,28200.0
"B1 hold speed, raw yaw",S1,30,26.5855158237214,12.739621505161667,18.234436481844877,34.66355155320718,1.9368536400000225,208.6837180598328,3.5477962962962963,-0.8559333333333332,True,
"B2 true speed, stop-bias yaw",S1,30,5.462978009867965,2.6178266616380896,2.3129735498485915,5.462978009867965,2.65270728972729,208.6837180598328,0.0,0.0,True,
"E1 learned speed, stop-bias yaw",S1,30,47.1215478040098,22.580366231782072,28.858185087392044,47.20026671808857,2.65270728972729,208.6837180598328,2.8946356876134556,-1.5249564615882245,True,
"E2 learned speed, stop-bias yaw",S1,30,43.53557679595655,20.861990192964758,24.12959797208246,45.748320918584376,2.65270728972729,208.6837180598328,2.1754004575368473,-1.4060202353210443,True,
"E2 learned speed, raw yaw",S1,30,43.41339027597414,20.80343913727225,24.09097367698052,45.68731724771262,1.9368536400000225,208.6837180598328,2.1754004575368473,-1.4060202353210443,True,28800.0
"B1 hold speed, raw yaw",S1,30,71.98565347941548,26.185202286619685,38.71203374524423,71.98565347941548,2.8218587399999087,274.90967108625034,3.811505555555556,-1.5918370370370374,True,
"B2 true speed, stop-bias yaw",S1,30,10.543388634674937,3.835219253296857,5.263694084689403,10.543388634674937,3.3772069879998106,274.90967108625034,0.0,0.0,True,
"E1 learned speed, stop-bias yaw",S1,30,46.65502407956776,16.971037757682296,31.333147153699464,47.75267654952393,3.3772069879998106,274.90967108625034,2.3450407348523434,-0.7828925974529858,True,
"E2 learned speed, stop-bias yaw",S1,30,41.375110772030396,15.050438425299829,27.17670000188971,41.73037832255631,3.3772069879998106,274.90967108625034,1.9008507245957529,-0.8420744160509965,True,
"E2 learned speed, raw yaw",S1,30,40.56919950178767,14.757283489331833,26.873264019532815,41.0508439964562,2.8218587399999087,274.90967108625034,1.9008507245957529,-0.8420744160509965,True,29400.0
"B1 hold speed, raw yaw",S1,30,139.91096147040287,42.37565724432725,64.251363151361,139.91096147040287,2.0771815700000245,330.16823942980255,6.007228703703703,5.992624999999999,True,
"B2 true speed, stop-bias yaw",S1,30,3.5630333942464114,1.0791569172127933,2.3792982984902653,3.8163877155726103,1.5218333220000209,330.16823942980255,0.0,0.0,True,
"E1 learned speed, stop-bias yaw",S1,30,33.56833412197921,10.16703913736567,11.236241180499825,33.56833412197921,1.5218333220000209,330.16823942980255,1.71833753327837,1.3533879014407153,True,
"E2 learned speed, stop-bias yaw",S1,30,29.63583200092679,8.975979049986028,12.735999256326497,29.63583200092679,1.5218333220000209,330.16823942980255,1.525487993492868,1.2874756349663414,True,
"E2 learned speed, raw yaw",S1,30,29.63985285684261,8.977196870307804,12.849916275508859,29.63985285684261,2.0771815700000245,330.16823942980255,1.525487993492868,1.2874756349663414,True,30000.0
"B1 hold speed, raw yaw",S1,30,9.547810991474284,5.850900923507787,3.2551096790395944,9.547810991474284,0.32716851999990504,163.18531310473963,0.751164814814815,0.29315925925925973,True,
"B2 true speed, stop-bias yaw",S1,30,1.7543082100288492,1.0750405025131495,1.0307116546227155,1.7543082100288492,0.22817972799994615,163.18531310473963,0.0,0.0,True,
"E1 learned speed, stop-bias yaw",S1,30,14.630943403992495,8.965845715908085,11.03605293584662,14.630943403992495,0.22817972799994615,163.18531310473963,0.8376126682759614,0.352077969699264,True,
"E2 learned speed, stop-bias yaw",S1,30,15.208120794441184,9.319540162710556,11.350794773902459,15.208120794441184,0.22817972799994615,163.18531310473963,0.7429457706361898,0.46794642636283373,True,
"E2 learned speed, raw yaw",S1,30,14.763546331505765,9.047104822497023,11.166587087549829,14.763546331505765,0.32716851999990504,163.18531310473963,0.7429457706361898,0.46794642636283373,True,30600.0
"B1 hold speed, raw yaw",S1,30,37.64040475066368,25.909653222159033,29.5056728270532,39.83557454600135,1.5831841999999938,145.27560221636625,1.8042342592592593,1.2709768518518514,True,
"B2 true speed, stop-bias yaw",S1,30,0.9610792011625625,0.6615558197660603,1.702151810795838,2.781041801863585,1.0278359519999645,145.27560221636625,0.0,0.0,True,
"E1 learned speed, stop-bias yaw",S1,30,20.097551199361465,13.834085622601084,16.178405068722004,21.645198556088534,1.0278359519999645,145.27560221636625,1.8101047470225202,0.5880180083537826,True,
"E2 learned speed, stop-bias yaw",S1,30,21.312109022512068,14.67012264782828,13.68880382379189,21.312109022512068,1.0278359519999645,145.27560221636625,1.4852883110519792,0.6728450231367445,True,
"E2 learned speed, raw yaw",S1,30,21.22424751677385,14.60964345903279,13.573917860882025,21.22424751677385,1.5831841999999938,145.27560221636625,1.4852883110519792,0.6728450231367445,True,31200.0
"B1 hold speed, raw yaw",S1,30,56.59194847221479,111.4220959731642,33.12285068443038,56.59194847221479,4.854186139999993,50.790597661925915,1.7310138888888886,1.6448157407407407,True,
"B2 true speed, stop-bias yaw",S1,30,15.180810866746837,29.889017978866605,9.022778684330298,15.180810866746837,4.263992164473707,50.790597661925915,0.0,0.0,True,
"E1 learned speed, stop-bias yaw",S1,30,59.48666653108967,117.1214147292513,36.19714757219723,59.48666653108967,4.263992164473707,50.790597661925915,2.1515498266810935,1.2833346010355382,True,
"E2 learned speed, stop-bias yaw",S1,30,25.25201664314575,49.71789623589208,14.33128253871104,25.25201664314575,4.263992164473707,50.790597661925915,0.9264444133013884,0.013819250305593821,True,
"E2 learned speed, raw yaw",S1,30,25.294995516393225,49.80251597896647,14.319291531582339,25.294995516393225,4.854186139999993,50.790597661925915,0.9264444133013884,0.013819250305593821,True,31800.0
"B1 hold speed, raw yaw",S1,30,51.32964923416914,31.70684234022307,30.99960489738648,51.32964923416914,2.440160159999901,161.8882406623403,1.9451361111111107,1.9005546296296294,True,
"B2 true speed, stop-bias yaw",S1,30,6.113103621832838,3.7761257993922444,3.586181082027555,6.113103621832838,2.5780961126665534,161.8882406623403,0.0,0.0,True,
"E1 learned speed, stop-bias yaw",S1,30,19.826852824128274,12.247247077990234,14.391092116104575,20.81183047481064,2.5780961126665534,161.8882406623403,1.5890522170578543,0.3504782607217471,True,
"E2 learned speed, stop-bias yaw",S1,30,21.580477145978243,13.330478518813418,13.68767625669282,21.580477145978243,2.5780961126665534,161.8882406623403,1.3940687243189547,-0.13972683472380582,True,
"E2 learned speed, raw yaw",S1,30,21.434370630607596,13.240227049792026,13.626527695466606,21.434370630607596,2.440160159999901,161.8882406623403,1.3940687243189547,-0.13972683472380582,True,32400.0
"B1 hold speed, raw yaw",S1,30,54.151332383270784,25.54952310830725,38.96304785427251,54.151332383270784,2.6281631500000615,211.94654848827238,2.023562962962963,1.7984796296296297,True,
"B2 true speed, stop-bias yaw",S1,30,3.8359409992159734,1.8098624519135431,1.604137409410275,3.8359409992159734,2.7660991026667143,211.94654848827238,0.0,0.0,True,
"E1 learned speed, stop-bias yaw",S1,30,65.09923333962729,30.714929685787933,36.83127578391965,65.09923333962729,2.7660991026667143,211.94654848827238,2.972813804218203,2.167132372855023,True,
"E2 learned speed, stop-bias yaw",S1,30,33.41254078073613,15.76460717055977,21.27683710253942,33.41254078073613,2.7660991026667143,211.94654848827238,1.9972138843485019,1.0970216114069955,True,
"E2 learned speed, raw yaw",S1,30,33.406747062590945,15.761873595426554,21.277281544897228,33.406747062590945,2.6281631500000615,211.94654848827238,1.9972138843485019,1.0970216114069955,True,33000.0
"B1 hold speed, raw yaw",S1,30,94.70771443157012,102.08792940996217,39.00590557237643,94.70771443157012,5.681096789999948,92.77072713586466,3.3621435185185184,3.229436111111111,True,
"B2 true speed, stop-bias yaw",S1,30,1.6598372154774457,1.789182069303585,1.170636859865073,1.6598372154774457,5.7886412535198675,92.77072713586466,0.0,0.0,True,
"E1 learned speed, stop-bias yaw",S1,30,22.966810387239317,24.756527297241018,14.97871264565108,23.04373329934022,5.7886412535198675,92.77072713586466,1.2095567394233449,0.887438674504093,True,
"E2 learned speed, stop-bias yaw",S1,30,19.733762196420788,21.27153985493752,12.884030634297458,19.813293726998413,5.7886412535198675,92.77072713586466,0.9214178749326106,0.7184774755633356,True,
"E2 learned speed, raw yaw",S1,30,19.724806617583347,21.26188640161886,12.878945975178196,19.80411644289231,5.681096789999948,92.77072713586466,0.9214178749326106,0.7184774755633356,True,33600.0
"B1 hold speed, raw yaw",S1,30,28.12404200092827,14.338886154286788,13.742613073821508,28.12404200092827,2.4551298100000043,196.13826135665522,1.1771472222222228,-0.8204879629629637,True,
"B2 true speed, stop-bias yaw",S1,30,8.24019877474966,4.201219444770029,3.9111657383890486,8.24019877474966,3.9052406409999514,196.13826135665522,0.0,0.0,True,
"E1 learned speed, stop-bias yaw",S1,30,57.054313481904956,29.088823918020843,40.447233845072475,58.06975833016461,3.9052406409999514,196.13826135665522,2.083568237590662,-1.7930083686333054,True,
"E2 learned speed, stop-bias yaw",S1,30,54.07361079486752,27.569129256499718,39.376092440388206,54.7172823726946,3.9052406409999514,196.13826135665522,1.9137058421768112,-1.6963523265911784,True,
"E2 learned speed, raw yaw",S1,30,53.68070199332979,27.368806892663088,39.24942592967975,54.41008643347455,2.4551298100000043,196.13826135665522,1.9137058421768112,-1.6963523265911784,True,34200.0
"B1 hold speed, raw yaw",S1,30,93.83243109951067,20.79551491956,47.29895398100843,93.83243109951067,2.55817609999998,451.2147521351014,3.09473425925926,-3.09473425925926,True,
"B2 true speed, stop-bias yaw",S1,30,16.30662738516075,3.613939328889288,7.2043634970761365,16.30662738516075,3.9961812040952207,451.2147521351014,0.0,0.0,True,
"E1 learned speed, stop-bias yaw",S1,30,64.47586367634841,14.289396206851684,32.53319716750984,64.47586367634841,3.9961812040952207,451.2147521351014,2.1643857042524997,-2.064055459561085,True,
"E2 learned speed, stop-bias yaw",S1,30,28.70987487921569,6.362796150472373,15.038974548241844,28.70987487921569,3.9961812040952207,451.2147521351014,0.887361934209227,-0.7659542647980434,True,
"E2 learned speed, raw yaw",S1,30,26.022309204701543,5.767167203990267,14.074315232930777,26.022309204701543,2.55817609999998,451.2147521351014,0.887361934209227,-0.7659542647980434,True,35400.0
"B1 hold speed, raw yaw",S1,30,126.65851346188526,31.82634868493857,55.0438617182634,126.65851346188526,4.627153390000054,397.96746625171255,4.9582157407407434,4.758956481481485,True,
"B2 true speed, stop-bias yaw",S1,30,14.006473062241925,3.5195020322045365,8.652079690923046,14.006473062241925,6.065158494095244,397.96746625171255,0.0,0.0,True,
"E1 learned speed, stop-bias yaw",S1,30,44.38524575636224,11.152983477370178,22.15451104825992,44.38524575636224,6.065158494095244,397.96746625171255,1.786883100239036,1.4315867184529436,True,
"E2 learned speed, stop-bias yaw",S1,30,12.747692634715099,3.203199687346363,8.559266140550724,14.683167194096658,6.065158494095244,397.96746625171255,0.6501378860451021,-0.20030639476356996,True,
"E2 learned speed, raw yaw",S1,30,9.273958410147317,2.330330792487842,6.719302839266989,11.351061506482989,4.627153390000054,397.96746625171255,0.6501378860451021,-0.20030639476356996,True,36000.0
"B1 hold speed, raw yaw",S1,30,75.3263308440885,88.75568356516895,32.90427049237545,75.3263308440885,6.139175389999966,84.86930393452502,2.5687527777777777,1.8797657407407409,True,
"B2 true speed, stop-bias yaw",S1,30,14.532354460298041,17.123216270878647,6.830715525341638,14.532354460298041,7.577180494095283,84.86930393452502,0.0,0.0,True,
"E1 learned speed, stop-bias yaw",S1,30,78.45543205647438,92.44264818879766,36.6815657260586,78.45543205647438,7.577180494095283,84.86930393452502,3.0117451008210194,2.8958673230432415,True,
"E2 learned speed, stop-bias yaw",S1,30,47.42734858158177,55.88280612996546,26.096379449006115,47.42734858158177,7.577180494095283,84.86930393452502,1.844271568224564,1.66009142981794,True,
"E2 learned speed, raw yaw",S1,30,47.40910475248464,55.8613097487636,26.113758900324633,47.40910475248464,6.139175389999966,84.86930393452502,1.844271568224564,1.66009142981794,True,36600.0
"B1 hold speed, raw yaw",S1,30,57.81462139684968,33.247516682367966,30.12679334318454,57.81462139684968,11.894881219999995,173.89154789870454,3.4546277777777776,1.821900000000001,True,
"B2 true speed, stop-bias yaw",S1,30,12.91373756526621,7.426316989707131,8.792316415908033,12.91373756526621,10.456876115904755,173.89154789870454,0.0,0.0,True,
"E1 learned speed, stop-bias yaw",S1,30,12.89135097955818,7.41344311171907,12.847581693070365,25.890183687558423,10.456876115904755,173.89154789870454,2.3712731998385013,-0.11591830407686454,True,
"E2 learned speed, stop-bias yaw",S1,30,22.753523341104643,13.084893208472124,15.549731219018982,22.76156723355406,10.456876115904755,173.89154789870454,2.3677954764468456,0.5894457101659478,True,
"E2 learned speed, raw yaw",S1,30,23.88946776096818,13.738141991170437,16.0687351705401,23.88946776096818,11.894881219999995,173.89154789870454,2.3677954764468456,0.5894457101659478,True,37200.0
"B1 hold speed, raw yaw",S1,30,83.25500193568664,24.538987273809436,37.59199200695996,83.25500193568664,3.882848319999974,339.2764379667169,3.6132518518518526,3.602325925925927,True,
"B2 true speed, stop-bias yaw",S1,30,5.524026230998123,1.6281785626209715,3.5040796147158892,5.524026230998123,2.556886344999967,339.2764379667169,0.0,0.0,True,
"E1 learned speed, stop-bias yaw",S1,30,22.679951194449824,6.6847999614623195,14.305432989682833,23.526098489545568,2.556886344999967,339.2764379667169,1.6036735779544729,0.7988786963909071,True,
"E2 learned speed, stop-bias yaw",S1,30,25.29885987187279,7.456709939390077,12.51407051367319,25.29885987187279,2.556886344999967,339.2764379667169,1.288706799133352,-1.0676723980507523,True,
"E2 learned speed, raw yaw",S1,30,26.355930518922193,7.7682761222303665,12.92173844723579,26.355930518922193,3.882848319999974,339.2764379667169,1.288706799133352,-1.0676723980507523,True,37800.0
"B1 hold speed, raw yaw",S1,30,22.052289944788118,12.844769481636602,18.10991783937632,26.135937836928317,0.5848426899999398,171.6830339097557,1.6260518518518519,0.3308592592592588,True,
"B2 true speed, stop-bias yaw",S1,30,0.985891687334167,0.5742510863667495,1.005077751324832,1.618779622721746,0.668068913047739,171.6830339097557,0.0,0.0,True,
"E1 learned speed, stop-bias yaw",S1,30,53.72156119186011,31.29112992032665,32.35861000751093,53.72156119186011,0.668068913047739,171.6830339097557,2.414840999469965,2.2349774514462153,True,
"E2 learned speed, stop-bias yaw",S1,30,47.96526088299281,27.938264947138283,22.308995200520016,47.96526088299281,0.668068913047739,171.6830339097557,2.0728974214863465,1.8926946349774216,True,
"E2 learned speed, raw yaw",S1,30,48.516223409894145,28.259183394555137,22.51337323195628,48.516223409894145,0.5848426899999398,171.6830339097557,2.0728974214863465,1.8926946349774216,True,38400.0
"B1 hold speed, raw yaw",S1,30,82.26916272118669,59.22713414938739,44.759375197077176,84.35397769677606,0.0818732500000789,138.90451378869838,3.0798444444444444,2.8083314814814813,True,
"B2 true speed, stop-bias yaw",S1,30,3.0056097055558118,2.163795562560297,1.9194935018304133,3.0056097055558118,0.6032895232083488,138.90451378869838,0.0,0.0,True,
"E1 learned speed, stop-bias yaw",S1,30,47.46174745637758,34.16861422413991,31.996019520027776,53.66484111342904,0.6032895232083488,138.90451378869838,2.5133980226444343,1.8540657254352724,True,
"E2 learned speed, stop-bias yaw",S1,30,10.164712185456052,7.317769529735094,13.158956461729943,24.290265548829684,0.6032895232083488,138.90451378869838,1.9503852871502245,0.39758817694476745,True,
"E2 learned speed, raw yaw",S1,30,10.126927021119862,7.290567271647449,13.184928712880488,24.34965069070858,0.0818732500000789,138.90451378869838,1.9503852871502245,0.39758817694476745,True,39000.0
"B1 hold speed, raw yaw",S1,30,17.507639918141354,9.995002580907142,8.156919697644987,17.507639918141354,1.2161857900000803,175.1639359411988,1.2971601851851855,-0.6576324074074076,True,
"B2 true speed, stop-bias yaw",S1,30,1.137885904992099,0.6496119757060488,0.9467652333229141,1.669268230601555,1.8739420522799595,175.1639359411988,0.0,0.0,True,
"E1 learned speed, stop-bias yaw",S1,30,8.062360754495156,4.6027515373950205,7.155507234801218,10.751462309280209,1.8739420522799595,175.1639359411988,1.0154057769454858,0.33169157811573835,True,
"E2 learned speed, stop-bias yaw",S1,30,30.66930500422607,17.508915199599947,19.457176913043927,30.66930500422607,1.8739420522799595,175.1639359411988,1.3584119310542113,1.256788847874398,True,
"E2 learned speed, raw yaw",S1,30,31.051660466129228,17.727199551255254,19.590950804561952,31.051660466129228,1.2161857900000803,175.1639359411988,1.3584119310542113,1.256788847874398,True,39600.0
"B1 hold speed, raw yaw",S1,30,63.11088449053419,47.714137729594135,39.305900855943825,63.11088449053419,2.3981732799999986,132.2687310167829,2.9416277777777777,2.9411203703703706,True,
"B2 true speed, stop-bias yaw",S1,30,3.967519267446772,2.9995897268745657,2.024441747220317,3.988566034873537,3.05592954228003,132.2687310167829,0.0,0.0,True,
"E1 learned speed, stop-bias yaw",S1,30,56.291365973938014,42.55833222350601,37.35868451093834,56.291365973938014,3.05592954228003,132.2687310167829,2.6587630461881164,2.6587630461881164,True,
"E2 learned speed, stop-bias yaw",S1,30,42.171559665538176,31.88324204923932,26.896534243935992,42.171559665538176,3.05592954228003,132.2687310167829,2.035360589617128,2.0269234221080272,True,
"E2 learned speed, raw yaw",S1,30,41.71200807716291,31.535804234691177,26.75816263999653,41.71200807716291,2.3981732799999986,132.2687310167829,2.035360589617128,2.0269234221080272,True,40200.0
"B1 hold speed, raw yaw",S1,30,76.37304459344496,32.92770543968719,37.264516964277384,76.37304459344496,3.4651690199999585,231.94159317701457,2.9358527777777788,2.8646250000000015,True,
"B2 true speed, stop-bias yaw",S1,30,5.8881327203144185,2.5386273499555894,2.4945201746979917,5.8881327203144185,4.348536699409162,231.94159317701457,0.0,0.0,True,
"E1 learned speed, stop-bias yaw",S1,30,37.57865995891203,16.20177711301333,19.974202438220132,37.57865995891203,4.348536699409162,231.94159317701457,1.360526052995729,0.8777138453749675,True,
"E2 learned speed, stop-bias yaw",S1,30,44.46254448251549,19.16971590713456,24.543350375354656,44.46254448251549,4.348536699409162,231.94159317701457,1.4407642644557885,1.344327706867551,True,
"E2 learned speed, raw yaw",S1,30,43.974458940438545,18.959281230287083,24.502295614042396,43.974458940438545,3.4651690199999585,231.94159317701457,1.4407642644557885,1.344327706867551,True,40800.0
"B1 hold speed, raw yaw",S1,30,35.80477077928585,12.868968364541063,16.54838630190783,35.80477077928585,4.6811541899999725,278.2256492132012,1.2293046296296297,1.0759712962962968,True,
"B2 true speed, stop-bias yaw",S1,30,13.079202491664876,4.700933407344636,6.623547762200336,13.079202491664876,4.28245017680951,278.2256492132012,0.0,0.0,True,
"E1 learned speed, stop-bias yaw",S1,30,25.93740121070102,9.322433529780525,11.758489395540753,25.93740121070102,4.28245017680951,278.2256492132012,1.2801018529465944,0.7338720604191266,True,
"E2 learned speed, stop-bias yaw",S1,30,41.24508985701196,14.824330529428043,19.830900822986607,41.24508985701196,4.28245017680951,278.2256492132012,1.4851960404013733,1.277120601281248,True,
"E2 learned speed, raw yaw",S1,30,41.60429096858749,14.953434770029627,19.993372886979497,41.60429096858749,4.6811541899999725,278.2256492132012,1.4851960404013733,1.277120601281248,True,41400.0
"B1 hold speed, raw yaw",S1,30,236.5583364271993,63.36081924498796,131.1368935662688,236.5583364271993,5.27917380999989,373.3511328389457,7.761180555555555,-7.761180555555555,True,
"B2 true speed, stop-bias yaw",S1,30,26.166145901584418,7.00845493694319,14.544685320201777,26.166145901584418,4.43649848122726,373.3511328389457,0.0,0.0,True,
"E1 learned speed, stop-bias yaw",S1,30,88.75765574013828,23.773238630676953,57.457206820196944,88.75765574013828,4.43649848122726,373.3511328389457,2.7346050267671544,-2.733464112933522,True,
"E2 learned speed, stop-bias yaw",S1,30,92.28757461764414,24.718707538368356,51.37741351448847,92.28757461764414,4.43649848122726,373.3511328389457,2.8659410368575684,-2.8659410368575684,True,
"E2 learned speed, raw yaw",S1,30,92.94553313919558,24.894938025885125,51.662767928023996,92.94553313919558,5.27917380999989,373.3511328389457,2.8659410368575684,-2.8659410368575684,True,42000.0
"B1 hold speed, raw yaw",S1,30,93.87477400768672,37.77943916864703,61.99288690449938,93.87477400768672,0.43783006000001173,248.4811211427218,4.126246296296296,-4.124790740740741,True,
"B2 true speed, stop-bias yaw",S1,30,4.455574252037643,1.7931238524469086,2.6002510422340346,4.463910237775007,0.6221651164383492,248.4811211427218,0.0,0.0,True,
"E1 learned speed, stop-bias yaw",S1,30,42.28436555097796,17.017134081059947,30.956860536731995,44.71728343838416,0.6221651164383492,248.4811211427218,1.764682287021579,-1.5437313533063333,True,
"E2 learned speed, stop-bias yaw",S1,30,40.74122255626363,16.396103804144868,27.397421433284386,40.74122255626363,0.6221651164383492,248.4811211427218,1.7885476203881892,-1.7789809419230767,True,
"E2 learned speed, raw yaw",S1,30,40.812069117392284,16.42461565277258,27.40749592922907,40.812069117392284,0.43783006000001173,248.4811211427218,1.7885476203881892,-1.7789809419230767,True,43200.0
"B1 hold speed, raw yaw",S1,30,143.3320979060044,95.55687817267398,59.77525890003193,143.3320979060044,4.98611859000001,149.9966309562764,5.532441666666666,5.35874537037037,True,
"B2 true speed, stop-bias yaw",S1,30,1.103910896681648,0.7359571275993758,0.955767827339393,1.523920269817378,4.721769132333135,149.9966309562764,0.0,0.0,True,
"E1 learned speed, stop-bias yaw",S1,30,20.348708006644323,13.566110036548697,12.80441157453759,21.716936339070223,4.721769132333135,149.9966309562764,1.2232983826272465,0.8588920032766297,True,
"E2 learned speed, stop-bias yaw",S1,30,16.54738173060975,11.031835598649723,11.526690258675234,17.769998200142503,4.721769132333135,149.9966309562764,1.008758189438239,0.7531816559698946,True,
"E2 learned speed, raw yaw",S1,30,16.55033194620447,11.03380245322233,11.521237414151319,17.781442305220246,4.98611859000001,149.9966309562764,1.008758189438239,0.7531816559698946,True,43800.0
"B1 hold speed, raw yaw",S1,30,55.16299057870898,34.67293326833024,33.1091215420002,55.16299057870898,1.6148070399999295,159.0952520567219,2.8510824074074077,-1.7176083333333334,True,
"B2 true speed, stop-bias yaw",S1,30,1.4867309935103694,0.9344911141536193,0.9068219329259528,1.7195425840147738,1.873956180466662,159.0952520567219,0.0,0.0,True,
"E1 learned speed, stop-bias yaw",S1,30,28.022977287357623,17.613962029091006,17.457141032040138,28.022977287357623,1.873956180466662,159.0952520567219,1.875232578100569,0.23175342952777436,True,
"E2 learned speed, stop-bias yaw",S1,30,29.301022785914892,18.417282984327063,19.688240975969684,30.101139958001408,1.873956180466662,159.0952520567219,1.9457656456769847,1.0815616190038992,True,
"E2 learned speed, raw yaw",S1,30,29.01655622313324,18.23848031164879,19.5863187491097,29.832206984212064,1.6148070399999295,159.0952520567219,1.9457656456769847,1.0815616190038992,True,44400.0
"B1 hold speed, raw yaw",S1,30,36.53576537979217,15.590761966683543,48.384054349839296,73.19190827627826,0.13318661999999631,234.3423974906855,3.692725925925926,-1.1313185185185177,True,
"B2 true speed, stop-bias yaw",S1,30,0.5925190960737664,0.25284331918526076,1.0780383567063365,1.3796406650276285,0.12596252046668524,234.3423974906855,0.0,0.0,True,
"E1 learned speed, stop-bias yaw",S1,30,3.381024207382594,1.4427710237610676,22.39208342543822,32.43628240210139,0.12596252046668524,234.3423974906855,2.1461083213993737,0.06164617631151164,True,
"E2 learned speed, stop-bias yaw",S1,30,21.305790376109005,9.091735257575769,25.44068614860498,38.244863116587794,0.12596252046668524,234.3423974906855,1.8499536943755062,-0.6875404461313217,True,
"E2 learned speed, raw yaw",S1,30,21.24104052097962,9.064104809213577,25.434020405747763,38.24057344506941,0.13318661999999631,234.3423974906855,1.8499536943755062,-0.6875404461313217,True,45000.0
"B1 hold speed, raw yaw",S1,30,22.982095567357828,10.765811415248038,6.28606548565168,22.982095567357828,1.7051512999994807,213.47295323051443,0.8616009259259259,-0.6600268518518511,True,
"B2 true speed, stop-bias yaw",S1,30,3.8040863335093404,1.7819992068979227,2.035309001212662,3.8040863335093404,1.4460021595345294,213.47295323051443,0.0,0.0,True,
"E1 learned speed, stop-bias yaw",S1,30,15.34269700076957,7.187185434307488,4.575926794891252,15.34269700076957,1.4460021595345294,213.47295323051443,1.036803071609487,-0.8327560856734838,True,
"E2 learned speed, stop-bias yaw",S1,30,15.206536987190363,7.123402172063406,4.28337925395834,15.206536987190363,1.4460021595345294,213.47295323051443,0.9879368798168813,-0.6586918878793065,True,
"E2 learned speed, raw yaw",S1,30,15.147337415797582,7.095670522457726,4.251322203807422,15.147337415797582,1.7051512999994807,213.47295323051443,0.9879368798168813,-0.6586918878793065,True,45600.0
"B1 hold speed, raw yaw",S1,30,133.35092335443122,38.89458069995171,64.23440336604229,133.35092335443122,2.9671627900000064,342.8521941993754,4.435052777777776,-4.434819444444443,True,
"B2 true speed, stop-bias yaw",S1,30,13.353423076696286,3.8948046133637995,6.10304650122604,13.353423076696286,2.6681438272301596,342.8521941993754,0.0,0.0,True,
"E1 learned speed, stop-bias yaw",S1,30,63.23191818303452,18.44290900068264,30.19084560312244,63.23191818303452,2.6681438272301596,342.8521941993754,2.4341941625732915,-2.070172107192804,True,
"E2 learned speed, stop-bias yaw",S1,30,51.91790723574827,15.142941510695707,27.374847150467104,51.91790723574827,2.6681438272301596,342.8521941993754,1.8816271790011434,-1.6777096441192847,True,
"E2 learned speed, raw yaw",S1,30,52.12193099401353,15.20244929910047,27.446791812953805,52.12193099401353,2.9671627900000064,342.8521941993754,1.8816271790011434,-1.6777096441192847,True,46800.0
"B1 hold speed, raw yaw",S1,30,68.06611650560298,1013.237261547499,38.038874965937275,68.06611650560298,5.729076249999954,6.717687859371341,2.28962962962963,2.28962962962963,False,
"B2 true speed, stop-bias yaw",S1,30,1.6592826751523388,24.70020503911325,1.0420479378408427,1.6592826751523388,5.070787405860428,6.717687859371341,0.0,0.0,False,
"E1 learned speed, stop-bias yaw",S1,30,17.454548368506718,259.82970233064924,16.999986022566233,18.235577256438834,5.070787405860428,6.717687859371341,0.6245993156690623,0.592778945298692,False,
"E2 learned speed, stop-bias yaw",S1,30,11.359690819091924,169.1012005454358,11.162878984330135,12.103946655909965,5.070787405860428,6.717687859371341,0.4201117578137137,0.38829138744334335,False,
"E2 learned speed, raw yaw",S1,30,11.361501336407283,169.12815204055227,11.16393069651652,12.10445658257615,5.729076249999954,6.717687859371341,0.4201117578137137,0.38829138744334335,False,48000.0
"B1 hold speed, raw yaw",S1,30,255.88920531851153,488.41310539038767,134.9360136630543,255.88920531851153,1.8440423099999785,52.39196133240114,8.53439537037037,8.53439537037037,True,
"B2 true speed, stop-bias yaw",S1,30,0.9193603055990118,1.7547735992667357,0.7915325357889547,0.9896925878196228,1.1131238008771693,52.39196133240114,0.0,0.0,True,
"E1 learned speed, stop-bias yaw",S1,30,28.595122118670155,54.579216718473695,25.314432622522258,28.953062732088075,1.1131238008771693,52.39196133240114,0.9446151124834624,0.9232502976686472,True,
"E2 learned speed, stop-bias yaw",S1,30,14.055799389482273,26.828160336096527,12.48098049749523,14.414681777039581,1.1131238008771693,52.39196133240114,0.47646639108101047,0.43842935601228133,True,
"E2 learned speed, raw yaw",S1,30,14.05535863931888,26.827319080773798,12.480396829198158,14.413373671423056,1.8440423099999785,52.39196133240114,0.47646639108101047,0.43842935601228133,True,49200.0
"B1 hold speed, raw yaw",S1,30,10.527863239646885,2.5279650008759282,3.579589928024948,10.527863239646885,2.9861581099999963,416.45605204182135,0.4396342592592592,0.22225092592592535,False,
"B2 true speed, stop-bias yaw",S1,30,5.372876371305551,1.29014246400386,2.147522577847191,5.372876371305551,2.3460855194426915,416.45605204182135,0.0,0.0,False,
"E1 learned speed, stop-bias yaw",S1,30,5.198656671267633,1.2483085900131363,3.9573931966909575,6.818722780399407,2.3460855194426915,416.45605204182135,0.6409334992268357,0.06746322178999918,False,
"E2 learned speed, stop-bias yaw",S1,30,18.840357245952756,4.523972494476024,7.469366639449062,18.840357245952756,2.3460855194426915,416.45605204182135,0.632712745539815,0.5539914796410115,False,
"E2 learned speed, raw yaw",S1,30,19.54216741221969,4.692492116852999,7.794956915392685,19.54216741221969,2.9861581099999963,416.45605204182135,0.632712745539815,0.5539914796410115,False,49800.0
"B1 hold speed, raw yaw",S1,30,53.20196576350677,122.38792830034932,40.442357952240975,60.74602132674509,1.879086269999968,43.46994552677212,2.653798148148148,1.3845314814814813,True,
"B2 true speed, stop-bias yaw",S1,30,1.5547209736007412,3.576542263305172,0.6201848446462827,1.5547209736007412,1.3704972638081026,43.46994552677212,0.0,0.0,True,
"E1 learned speed, stop-bias yaw",S1,30,18.0982215616245,41.633872189874786,15.513413911601756,18.0982215616245,1.3704972638081026,43.46994552677212,0.7113840785496599,0.5438849485795229,True,
"E2 learned speed, stop-bias yaw",S1,30,13.578877537181231,31.237392576943346,13.208049323041063,14.34057893516189,1.3704972638081026,43.46994552677212,0.6153928139900274,0.4060281807444828,True,
"E2 learned speed, raw yaw",S1,30,13.784410320657328,31.710208406329453,13.224203687312786,14.340814132197611,1.879086269999968,43.46994552677212,0.6153928139900274,0.4060281807444828,True,51000.0
"B1 hold speed, raw yaw",S1,60,287.3260160831477,82.54194012175691,190.01189514782092,295.9160534641954,0.7217694199999845,348.09699851895357,5.476136111111111,4.648707407407408,True,
"B2 true speed, stop-bias yaw",S1,60,6.417117797627992,1.843485529875543,4.786678432606646,7.12213067263809,0.5026275345122646,348.09699851895357,0.0,0.0,True,
"E1 learned speed, stop-bias yaw",S1,60,51.64917255039909,14.837580550866726,27.442053695519373,52.63497274964368,0.5026275345122646,348.09699851895357,2.578567664685344,-0.9132559606404829,True,
"E2 learned speed, stop-bias yaw",S1,60,89.71276485371192,25.772346568747317,47.69160099500017,89.71276485371192,0.5026275345122646,348.09699851895357,2.5492264921802903,-1.73822289201456,True,
"E2 learned speed, raw yaw",S1,60,89.63371419595634,25.74963719231146,47.689355081019464,89.63371419595634,0.7217694199999845,348.09699851895357,2.5492264921802903,-1.73822289201456,True,600.0
"B1 hold speed, raw yaw",S1,60,95.36078139126631,10.720493280311779,50.08206987533687,97.10541993919534,7.24137977999983,889.5185967458858,3.3372981481481476,1.8637694444444441,True,
"B2 true speed, stop-bias yaw",S1,60,50.847790624303,5.716326877292819,41.97886310003335,102.83323191218825,7.466002170071242,889.5185967458858,0.0,0.0,True,
"E1 learned speed, stop-bias yaw",S1,60,38.79540043991335,4.361392845730045,45.06878874689804,97.98666882236431,7.466002170071242,889.5185967458858,2.7682106790051835,0.506393056565276,True,
"E2 learned speed, stop-bias yaw",S1,60,54.416216588707634,6.1174906053429075,51.85743360061647,98.7448832750388,7.466002170071242,889.5185967458858,2.194463764005404,-0.13893628700843078,True,
"E2 learned speed, raw yaw",S1,60,53.2271750253514,5.9838181259022205,51.591944208706956,98.57223643946126,7.24137977999983,889.5185967458858,2.194463764005404,-0.13893628700843078,True,1200.0
"B1 hold speed, raw yaw",S1,60,226.20146859213733,42.376139807426696,187.96825105360492,232.2501211995944,3.2842714299999165,533.7944173775215,4.190430092592592,3.5241560185185183,True,
"B2 true speed, stop-bias yaw",S1,60,23.875508491669414,4.47279096865932,9.904831408537154,23.875508491669414,3.508893820071532,533.7944173775215,0.0,0.0,True,
"E1 learned speed, stop-bias yaw",S1,60,74.13084012073668,13.887526303653392,80.96538760255405,102.03001717641428,3.508893820071532,533.7944173775215,2.2933484140045306,0.9564570169570963,True,
"E2 learned speed, stop-bias yaw",S1,60,66.95934879443318,12.544033173557294,60.55446052126552,89.85477259524995,3.508893820071532,533.7944173775215,1.9262474573134303,0.9655487219757803,True,
"E2 learned speed, raw yaw",S1,60,66.30103788837825,12.420706498600829,60.35937578125453,89.35485174316419,3.2842714299999165,533.7944173775215,1.9262474573134303,0.9655487219757803,True,1800.0
"B1 hold speed, raw yaw",S1,60,103.65637873061773,14.325926933144387,47.162201800559146,103.65637873061773,4.346665460000064,723.5579185511472,1.736071759259258,1.6973819444444431,True,
"B2 true speed, stop-bias yaw",S1,60,23.847048824617172,3.2958037239601383,11.752604454761327,23.847048824617172,4.166021046174542,723.5579185511472,0.0,0.0,True,
"E1 learned speed, stop-bias yaw",S1,60,64.20309007563723,8.873248212692848,16.58060611042404,64.20309007563723,4.166021046174542,723.5579185511472,1.7302644756671794,0.8774885153503161,True,
"E2 learned speed, stop-bias yaw",S1,60,148.64267363000695,20.543299965212064,54.24072100704734,148.64267363000695,4.166021046174542,723.5579185511472,2.6581975768888824,2.4720197152360974,True,
"E2 learned speed, raw yaw",S1,60,148.93662888595284,20.583926326752618,54.375410906131094,148.93662888595284,4.346665460000064,723.5579185511472,2.6581975768888824,2.4720197152360974,True,2400.0
"B1 hold speed, raw yaw",S1,60,475.74095390128446,58.20398491588846,278.2146044816905,475.74095390128446,6.909298239999975,817.3683547420087,8.330218055555555,-8.3292375,True,
"B2 true speed, stop-bias yaw",S1,60,36.632432141040525,4.481753168998457,15.266894745170434,36.632432141040525,7.089942653825447,817.3683547420087,0.0,0.0,True,
"E1 learned speed, stop-bias yaw",S1,60,254.42200878350974,31.126970760180043,162.0796171633952,254.42200878350974,7.089942653825447,817.3683547420087,4.598883453104422,-4.526613769827594,True,
"E2 learned speed, stop-bias yaw",S1,60,163.3685065981415,19.987133787398285,100.9241865952853,163.3685065981415,7.089942653825447,817.3683547420087,2.9666213674286674,-2.9069253635523173,True,
"E2 learned speed, raw yaw",S1,60,163.2568194097958,19.97346954560354,100.88938954829146,163.2568194097958,6.909298239999975,817.3683547420087,2.9666213674286674,-2.9069253635523173,True,3000.0
"B1 hold speed, raw yaw",S1,60,180.45792851293186,25.202784638003514,92.82205259816573,180.45792851293186,6.955294049999991,716.023769218016,3.260998148148147,-3.0020953703703683,True,
"B2 true speed, stop-bias yaw",S1,60,53.65463389071052,7.4934151905750035,24.27319999540836,53.65463389071052,7.135938463825411,716.023769218016,0.0,0.0,True,
"E1 learned speed, stop-bias yaw",S1,60,201.58822019009557,28.153844726447296,100.23218268127192,201.58822019009557,7.135938463825411,716.023769218016,3.3215326490992694,3.1357986410833543,True,
"E2 learned speed, stop-bias yaw",S1,60,211.3049351403729,29.510882770154865,98.36893039534591,211.3049351403729,7.135938463825411,716.023769218016,3.4209035618360817,3.4142134221217475,True,
"E2 learned speed, raw yaw",S1,60,210.9522890599407,29.461632159268394,98.22512689160928,210.9522890599407,6.955294049999991,716.023769218016,3.4209035618360817,3.4142134221217475,True,3600.0
"B1 hold speed, raw yaw",S1,60,553.1608554565412,208.40120509086583,269.2378931084233,553.1608554565412,2.9871765200000255,265.4307374160122,9.257125,9.25045,True,
"B2 true speed, stop-bias yaw",S1,60,5.220384954875623,1.966759767800992,4.549261484125953,5.732103948119332,3.1678209338255487,265.4307374160122,0.0,0.0,True,
"E1 learned speed, stop-bias yaw",S1,60,95.61360334867285,36.0220539186525,67.99463982458812,95.61360334867285,3.1678209338255487,265.4307374160122,1.851244291231413,1.5743809598887275,True,
"E2 learned speed, stop-bias yaw",S1,60,99.03881691839297,37.31248983540608,68.75457571343429,99.03881691839297,3.1678209338255487,265.4307374160122,1.8560525245733486,1.6355410294588821,True,
"E2 learned speed, raw yaw",S1,60,99.02410907999234,37.306948714380006,68.74142713701298,99.02410907999234,2.9871765200000255,265.4307374160122,1.8560525245733486,1.6355410294588821,True,4200.0
"B1 hold speed, raw yaw",S1,60,492.63940291271655,62.35573865919606,270.1186645798933,492.63940291271655,2.032329330000053,790.0466156053841,8.268336574074073,-8.268336574074073,True,
"B2 true speed, stop-bias yaw",S1,60,13.966335498998419,1.7677862575610837,7.515395063877614,13.966335498998419,2.2319892768506095,790.0466156053841,0.0,0.0,True,
"E1 learned speed, stop-bias yaw",S1,60,74.59159394721364,9.44141680678637,36.836074321981606,74.59159394721364,2.2319892768506095,790.0466156053841,1.2419688708020307,1.2178816599765214,True,
"E2 learned speed, stop-bias yaw",S1,60,187.37380974923732,23.716804305991435,98.52327348968066,187.37380974923732,2.2319892768506095,790.0466156053841,3.1471373416890227,3.1185116279174943,True,
"E2 learned speed, raw yaw",S1,60,187.21604350504438,23.6968350736605,98.46568595207371,187.21604350504438,2.032329330000053,790.0466156053841,3.1471373416890227,3.1185116279174943,True,4800.0
"B1 hold speed, raw yaw",S1,60,130.9031562775413,18.863472136019464,52.93488542104574,130.9031562775413,4.0086726100000405,693.9504844793873,2.744793055555555,2.648227314814814,True,
"B2 true speed, stop-bias yaw",S1,60,6.895046681235848,0.9935934674659995,4.264046739015654,7.8227198788814025,3.809012663149432,693.9504844793873,0.0,0.0,True,
"E1 learned speed, stop-bias yaw",S1,60,75.00110274181395,10.807846441389975,44.41908301678575,80.58377798379368,3.809012663149432,693.9504844793873,1.5479548442275064,1.1206100192483184,True,
"E2 learned speed, stop-bias yaw",S1,60,90.10746364402691,12.984710820056124,50.998106295415326,94.36244606455683,3.809012663149432,693.9504844793873,1.6524969520495407,1.4769895754519917,True,
"E2 learned speed, raw yaw",S1,60,89.93993261292974,12.96056917957253,51.01666607487034,94.41375313509297,4.0086726100000405,693.9504844793873,1.6524969520495407,1.4769895754519917,True,5400.0
"B1 hold speed, raw yaw",S1,60,96.0225154407223,18.28826551048358,38.16388436994621,96.0225154407223,8.878666390000062,525.0498763028035,3.135936574074074,1.599296759259259,True,
"B2 true speed, stop-bias yaw",S1,60,20.726838529128578,3.9475942123972856,12.777350473312822,20.727554484283832,8.679006443149454,525.0498763028035,0.0,0.0,True,
"E1 learned speed, stop-bias yaw",S1,60,78.95839436792946,15.03826549278017,35.816189991075014,78.95839436792946,8.679006443149454,525.0498763028035,2.802051434879352,1.2962844088477739,True,
"E2 learned speed, stop-bias yaw",S1,60,15.637809985653869,2.9783475230523297,62.953417713141896,100.9158894527685,8.679006443149454,525.0498763028035,3.4231508720625183,0.008602582845220847,True,
"E2 learned speed, raw yaw",S1,60,16.50877038724904,3.144228983253432,63.043027542143285,101.01012835272606,8.878666390000062,525.0498763028035,3.4231508720625183,0.008602582845220847,True,6000.0
"B1 hold speed, raw yaw",S1,60,113.05525112566895,22.15526391137755,77.6890604182887,113.05525112566895,2.7813353200000255,510.28618561212846,2.098870833333332,2.0951347222222205,True,
"B2 true speed, stop-bias yaw",S1,60,6.568631675309901,1.287244660058808,3.3189345442882265,6.568631675309901,2.9809952668506834,510.28618561212846,0.0,0.0,True,
"E1 learned speed, stop-bias yaw",S1,60,59.24854169378601,11.610845710571748,34.000231511340914,59.24854169378601,2.9809952668506834,510.28618561212846,1.631310999355752,1.062946551305353,True,
"E2 learned speed, stop-bias yaw",S1,60,35.89353958288061,7.034001819944132,21.216316173069117,36.80999767251981,2.9809952668506834,510.28618561212846,1.3046193865669138,-0.773699636822021,True,
"E2 learned speed, raw yaw",S1,60,35.88737866053708,7.032794473455585,21.20053328750007,36.73218726704481,2.7813353200000255,510.28618561212846,1.3046193865669138,-0.773699636822021,True,7200.0
"B1 hold speed, raw yaw",S1,60,105.40992143945908,23.801461384692285,57.92189027255324,105.40992143945908,7.6726651900002665,442.871636055308,3.5229444444444447,3.45233425925926,True,
"B2 true speed, stop-bias yaw",S1,60,11.330577862371419,2.558433853044588,7.828586875902068,11.400021317441182,7.47300524314971,442.871636055308,0.0,0.0,True,
"E1 learned speed, stop-bias yaw",S1,60,41.08756643419464,9.277533959990029,16.905263329307935,41.11310357586712,7.47300524314971,442.871636055308,1.5676905344890792,0.6571873885678019,True,
"E2 learned speed, stop-bias yaw",S1,60,38.54465003923085,8.703345823306961,19.331874816650753,38.58078615781587,7.47300524314971,442.871636055308,1.438924720427962,0.873542566736414,True,
"E2 learned speed, raw yaw",S1,60,38.875763694811866,8.778110976146793,19.46765885689073,38.90879080546585,7.6726651900002665,442.871636055308,1.438924720427962,0.873542566736414,True,7800.0
"B1 hold speed, raw yaw",S1,60,30.349278070266507,7.484075822938018,26.97216866610568,48.203218081712734,4.416646359999874,405.51804642663706,2.1339944444444443,-0.08180092592592568,True,
"B2 true speed, stop-bias yaw",S1,60,17.34473290606728,4.2771790451513585,8.72859802193576,17.34473290606728,4.216986413149266,405.51804642663706,0.0,0.0,True,
"E1 learned speed, stop-bias yaw",S1,60,39.589785467202326,9.762767851162595,23.418913488143644,39.589785467202326,4.216986413149266,405.51804642663706,1.4853453390505187,0.16788011342335987,True,
"E2 learned speed, stop-bias yaw",S1,60,51.033577483561,12.584785790240673,24.878456941628333,51.033577483561,4.216986413149266,405.51804642663706,1.3544136812772998,0.5960658930856712,True,
"E2 learned speed, raw yaw",S1,60,51.5127119106357,12.702939453510844,25.11840192902337,51.5127119106357,4.416646359999874,405.51804642663706,1.3544136812772998,0.5960658930856712,True,8400.0
"B1 hold speed, raw yaw",S1,60,106.57750108681135,41.7446701479083,62.67838819389135,106.57750108681135,0.43430629000002663,255.30804461788668,3.3976527777777776,3.39627037037037,True,
"B2 true speed, stop-bias yaw",S1,60,10.597539680873188,4.150883571543649,7.878700124804636,11.59277167761133,0.6339662368502271,255.30804461788668,0.0,0.0,True,
"E1 learned speed, stop-bias yaw",S1,60,39.877149399515204,15.619229491651296,29.395677866968384,45.00447841470433,0.6339662368502271,255.30804461788668,1.8668157668747027,0.8228389482288397,True,
"E2 learned speed, stop-bias yaw",S1,60,35.59172094707306,13.940697011855745,26.32590764069142,42.357423052595735,0.6339662368502271,255.30804461788668,1.5160197635777564,0.14601738283166152,True,
"E2 learned speed, raw yaw",S1,60,35.39365567904438,13.863118074488094,26.30265838356375,42.32393485733827,0.43430629000002663,255.30804461788668,1.5160197635777564,0.14601738283166152,True,9000.0
"B1 hold speed, raw yaw",S1,60,102.81223629435013,18.86962382753103,72.58377290488353,102.94832581853214,2.0616504400000304,544.8557810905893,3.9544018518518516,-3.7577064814814816,True,
"B2 true speed, stop-bias yaw",S1,60,10.638558041618555,1.9525456847175782,4.918553509930073,10.638558041618555,1.899437920541984,544.8557810905893,0.0,0.0,True,
"E1 learned speed, stop-bias yaw",S1,60,39.36305095451204,7.224489914693119,37.3901411051597,54.005407735733655,1.899437920541984,544.8557810905893,2.1988436762805734,-1.846814706008388,True,
"E2 learned speed, stop-bias yaw",S1,60,34.05758926542444,6.250753033629265,14.99711230904897,34.284372937312234,1.899437920541984,544.8557810905893,1.3907729727849305,-0.34504582987751503,True,
"E2 learned speed, raw yaw",S1,60,34.51886877246634,6.335413878397875,15.150945580477025,34.72574462598695,2.0616504400000304,544.8557810905893,1.3907729727849305,-0.34504582987751503,True,9600.0
"B1 hold speed, raw yaw",S1,60,236.00521328285816,53.84511142067045,180.6018301592105,236.00521328285816,3.7676996899999575,438.3038813663942,4.3247541666666685,4.075597685185188,True,
"B2 true speed, stop-bias yaw",S1,60,17.207606101790663,3.925953392916956,7.207932720746848,17.207606101790663,3.6406644053031285,438.3038813663942,0.0,0.0,True,
"E1 learned speed, stop-bias yaw",S1,60,94.15765107307303,21.48227635574215,71.36181718573567,94.15765107307303,3.6406644053031285,438.3038813663942,2.1976821170401157,1.2329263955936829,True,
"E2 learned speed, stop-bias yaw",S1,60,77.58500680069403,17.701190908651316,51.698128686368435,77.58500680069403,3.6406644053031285,438.3038813663942,1.9056870305174656,-0.046796892230175614,True,
"E2 learned speed, raw yaw",S1,60,78.00666539569707,17.7973932497505,51.84330646654401,78.00666539569707,3.7676996899999575,438.3038813663942,1.9056870305174656,-0.046796892230175614,True,10200.0
"B1 hold speed, raw yaw",S1,60,106.4121302857946,15.950031704190076,79.89836516234115,119.3788343778299,2.399699699999994,667.1593653186289,2.334949074074074,1.7076518518518522,True,
"B2 true speed, stop-bias yaw",S1,60,14.355076551674118,2.151671294431769,5.800123030667319,14.355076551674118,2.2499708813055412,667.1593653186289,0.0,0.0,True,
"E1 learned speed, stop-bias yaw",S1,60,53.31002330213239,7.990598059981072,24.772099129504955,53.31002330213239,2.2499708813055412,667.1593653186289,2.13499461831224,0.8209196875665554,True,
"E2 learned speed, stop-bias yaw",S1,60,74.98693086153223,11.239732927337261,33.45424361132134,74.98693086153223,2.2499708813055412,667.1593653186289,2.268215318871715,1.1902793113897063,True,
"E2 learned speed, raw yaw",S1,60,75.1953548119482,11.270973431668104,33.52885137929917,75.1953548119482,2.399699699999994,667.1593653186289,2.268215318871715,1.1902793113897063,True,10800.0
"B1 hold speed, raw yaw",S1,60,225.43859238191808,65.52238455316689,103.62335660793185,225.43859238191808,1.7736839399999595,344.06347375680485,4.82174074074074,4.476742592592591,True,
"B2 true speed, stop-bias yaw",S1,60,7.477142581887244,2.1731869704868263,4.212017725632606,7.477142581887244,1.5464945177243146,344.06347375680485,0.0,0.0,True,
"E1 learned speed, stop-bias yaw",S1,60,96.46358526008959,28.03656668544629,35.431288713416386,99.13890278428062,1.5464945177243146,344.06347375680485,2.1271935786793637,1.771836327298662,True,
"E2 learned speed, stop-bias yaw",S1,60,85.05312822286498,24.720185288538726,31.821463469763433,86.50699693010922,1.5464945177243146,344.06347375680485,1.8443882258842375,1.5685206498928452,True,
"E2 learned speed, raw yaw",S1,60,85.01222627122583,24.708297379836143,31.7777696405445,86.45023194976879,1.7736839399999595,344.06347375680485,1.8443882258842375,1.5685206498928452,True,11400.0
"B1 hold speed, raw yaw",S1,60,234.6832411106316,49.557980318692444,147.22197323920668,234.6832411106316,2.7663599999999384,473.55287604832637,4.281047685185185,-4.146990277777777,True,
"B2 true speed, stop-bias yaw",S1,60,12.433410919119316,2.6255591609690656,6.880766280823992,12.433410919119316,2.9935494222757617,473.55287604832637,0.0,0.0,True,
"E1 learned speed, stop-bias yaw",S1,60,40.15803662721642,8.480158955495028,29.626530709769114,44.15561446828291,2.9935494222757617,473.55287604832637,1.4267424199239498,-0.524542390179956,True,
"E2 learned speed, stop-bias yaw",S1,60,60.14780049664578,12.701390602579226,42.64910652569884,64.59596022669655,2.9935494222757617,473.55287604832637,1.5914033263617156,-0.9650093134697432,True,
"E2 learned speed, raw yaw",S1,60,59.75113718795155,12.617627346403005,42.53382357659902,64.48068890121273,2.7663599999999384,473.55287604832637,1.5914033263617156,-0.9650093134697432,True,12000.0
"B1 hold speed, raw yaw",S1,60,20.355414356671997,4.9009928407178975,23.603095472709526,38.01506061714991,2.7803085000000674,415.33246462956134,1.7666574074074075,-0.1614166666666671,True,
"B2 true speed, stop-bias yaw",S1,60,7.20279393553162,1.7342236759546006,3.010045218844431,7.20279393553162,3.0074979222758778,415.33246462956134,0.0,0.0,True,
"E1 learned speed, stop-bias yaw",S1,60,10.744999973502162,2.5870840564042403,20.579095510613225,36.619237246629005,3.0074979222758778,415.33246462956134,1.7552970002168233,-0.04936344985220567,True,
"E2 learned speed, stop-bias yaw",S1,60,32.07628174780296,7.723037440959997,16.095234626348123,32.07628174780296,3.0074979222758778,415.33246462956134,1.5375364114265624,0.5017144437955644,True,
"E2 learned speed, raw yaw",S1,60,31.681641820856026,7.628019603310605,15.912072846695692,31.681641820856026,2.7803085000000674,415.33246462956134,1.5375364114265624,0.5017144437955644,True,12600.0
"B1 hold speed, raw yaw",S1,60,219.981680319276,82.75539391525413,92.0430894660292,219.981680319276,6.581341370000211,265.8215614858275,4.841508796296297,4.7843930555555545,True,
"B2 true speed, stop-bias yaw",S1,60,13.31156283241371,5.007706206376877,6.090152460404218,13.525450124876151,6.808530792275667,265.8215614858275,0.0,0.0,True,
"E1 learned speed, stop-bias yaw",S1,60,94.5796658742108,35.5801332839787,36.83630542673033,94.5796658742108,6.808530792275667,265.8215614858275,1.9701659271169873,1.7665553667256495,True,
"E2 learned speed, stop-bias yaw",S1,60,72.57365190684501,27.301642312681377,29.111383011310405,72.57365190684501,6.808530792275667,265.8215614858275,1.5264916254481924,0.9205906840097782,True,
"E2 learned speed, raw yaw",S1,60,72.85057070740216,27.40581700754408,29.259872117397894,72.85057070740216,6.581341370000211,265.8215614858275,1.5264916254481924,0.9205906840097782,True,13200.0
"B1 hold speed, raw yaw",S1,60,75.13760375234295,18.024348105622888,75.07013417731483,125.94194151952915,2.0143558900000835,416.867247081757,4.672681018518518,4.47319398148148,True,
"B2 true speed, stop-bias yaw",S1,60,17.59802148323639,4.221492958832774,5.362371008163283,17.59802148323639,11.074030898874858,416.867247081757,0.0,0.0,True,
"E1 learned speed, stop-bias yaw",S1,60,74.67585133068307,17.913580847007026,40.15011362681165,74.67585133068307,11.074030898874858,416.867247081757,2.1048287102778023,1.327559361990595,True,
"E2 learned speed, stop-bias yaw",S1,60,62.28079931238247,14.940199727460913,24.70437400002924,62.28079931238247,11.074030898874858,416.867247081757,1.8203423379496129,0.13367251733778004,True,
"E2 learned speed, raw yaw",S1,60,54.87453323474185,13.163551135016306,23.171412142501914,54.87453323474185,2.0143558900000835,416.867247081757,1.8203423379496129,0.13367251733778004,True,14400.0
"B1 hold speed, raw yaw",S1,60,148.13459153764418,31.701364701865376,68.04440096427331,148.13459153764418,2.519662190000289,467.281433877601,3.8246814814814827,3.82039814814815,True,
"B2 true speed, stop-bias yaw",S1,60,22.84178095955965,4.8882278009664715,10.339908588390614,22.84178095955965,6.540012818875274,467.281433877601,0.0,0.0,True,
"E1 learned speed, stop-bias yaw",S1,60,49.50264444672437,10.593753754764204,21.473900835224118,49.50264444672437,6.540012818875274,467.281433877601,1.8325112237011285,1.6698087639577932,True,
"E2 learned speed, stop-bias yaw",S1,60,43.637904263647414,9.338677101191626,25.179382111027046,43.637904263647414,6.540012818875274,467.281433877601,1.7286700777532549,1.5838856864438515,True,
"E2 learned speed, raw yaw",S1,60,48.17510595786269,10.309655480658709,29.752921076836305,48.17510595786269,2.519662190000289,467.281433877601,1.7286700777532549,1.5838856864438515,True,15000.0
"B1 hold speed, raw yaw",S1,60,53.38685414539932,30.213017572912484,29.084757714924844,53.38685414539932,1.5443584600000984,176.70149635521136,1.8468648148148146,0.8145555555555558,True,
"B2 true speed, stop-bias yaw",S1,60,12.256377857354492,6.936204904975057,4.571235977402756,12.256377857354492,10.604033468875025,176.70149635521136,0.0,0.0,True,
"E1 learned speed, stop-bias yaw",S1,60,161.62841584797587,91.46974936933466,123.5833982213268,175.9450302003599,10.604033468875025,176.70149635521136,4.111773718322091,3.4804718051242753,True,
"E2 learned speed, stop-bias yaw",S1,60,63.92989279386578,36.179598991822765,41.852603868556834,63.92989279386578,10.604033468875025,176.70149635521136,1.8029091834073627,1.0236837269189305,True,
"E2 learned speed, raw yaw",S1,60,63.42679373094401,35.89488206904672,42.526935547936326,63.42679373094401,1.5443584600000984,176.70149635521136,1.8029091834073627,1.0236837269189305,True,15600.0
"B1 hold speed, raw yaw",S1,60,123.9315585978638,45.63558496811707,78.7097148040434,126.51415678052217,0.04963935000011408,271.56780982307464,2.6126268518518514,2.2508259259259256,True,
"B2 true speed, stop-bias yaw",S1,60,26.418039372914453,9.727971584749202,12.803252037462618,26.418039372914453,8.336162780333142,271.56780982307464,0.0,0.0,True,
"E1 learned speed, stop-bias yaw",S1,60,72.74104378232546,26.785591351830675,45.224303940021976,72.74104378232546,8.336162780333142,271.56780982307464,2.1339340669205646,0.8406938443577839,True,
"E2 learned speed, stop-bias yaw",S1,60,73.12609180900324,26.927378416699906,44.722162939301356,73.12609180900324,8.336162780333142,271.56780982307464,2.105671433471503,0.9356798950545203,True,
"E2 learned speed, raw yaw",S1,60,70.81215958323257,26.075314165315252,46.337449515326256,70.81215958323257,0.04963935000011408,271.56780982307464,2.105671433471503,0.9356798950545203,True,16200.0
"B1 hold speed, raw yaw",S1,60,67.74015768504889,31.998761952211844,48.6150005116019,68.74064154785071,1.5743044600000866,211.69618307800343,1.9380657407407405,0.5719351851851858,True,
"B2 true speed, stop-bias yaw",S1,60,5.832656614202563,2.75520159570067,5.751635197827388,9.848312658649464,11.81700804789936,211.69618307800343,0.0,0.0,True,
"E1 learned speed, stop-bias yaw",S1,60,26.07975481027463,12.319426090297082,28.240953852564004,45.26584732267409,11.81700804789936,211.69618307800343,1.4530741690556408,0.023430080170030673,True,
"E2 learned speed, stop-bias yaw",S1,60,27.059840560888155,12.782394168588977,30.967666191092267,47.03529939726847,11.81700804789936,211.69618307800343,1.7895365884125476,0.46600519866272594,True,
"E2 learned speed, raw yaw",S1,60,30.40002086392714,14.360212084091135,30.42805114656783,46.40496145563298,1.5743044600000866,211.69618307800343,1.7895365884125476,0.46600519866272594,True,16800.0
"B1 hold speed, raw yaw",S1,60,86.55576709875176,36.34457805934193,69.02268676765962,96.24487527674071,3.297347230000226,238.1531764034434,2.760223148148148,2.585331481481481,True,
"B2 true speed, stop-bias yaw",S1,60,9.444425550834346,3.965693715894436,11.328397117923796,20.102902959713763,18.421879144083096,238.1531764034434,0.0,0.0,True,
"E1 learned speed, stop-bias yaw",S1,60,24.95047852690206,10.47665158353156,46.509160353580185,69.70866097066263,18.421879144083096,238.1531764034434,2.5373010744850255,2.319647500942992,True,
"E2 learned speed, stop-bias yaw",S1,60,11.399461815167589,4.786609184609963,24.38090162598771,37.5013609740157,18.421879144083096,238.1531764034434,1.9873118378457537,1.3030451425905523,True,
"E2 learned speed, raw yaw",S1,60,23.00456977405576,9.659568737006834,27.592626500829756,36.74318214128578,3.297347230000226,238.1531764034434,1.9873118378457537,1.3030451425905523,True,17400.0
"B1 hold speed, raw yaw",S1,60,72.9624016539462,11.638641128264402,29.526501875569355,72.9624016539462,3.8196412799999133,626.8979415196268,1.5827685185185183,1.3735749999999995,True,
"B2 true speed, stop-bias yaw",S1,60,45.68596827910038,7.287624548320527,21.96984893384839,45.68596827910038,9.229845623214114,626.8979415196268,0.0,0.0,True,
"E1 learned speed, stop-bias yaw",S1,60,43.27216545324376,6.902585347201847,25.60009164653172,45.85499643344396,9.229845623214114,626.8979415196268,1.3516845571987586,-0.06464995478268089,True,
"E2 learned speed, stop-bias yaw",S1,60,66.71112499331369,10.641464993744139,34.859430515683634,68.91098276202213,9.229845623214114,626.8979415196268,1.6006829173248995,0.3904176689753405,True,
"E2 learned speed, raw yaw",S1,60,23.770401715697513,3.7917498433759516,14.449195304455783,29.669284602880683,3.8196412799999133,626.8979415196268,1.6006829173248995,0.3904176689753405,True,18600.0
"B1 hold speed, raw yaw",S1,60,33.91944184283012,5.060325273130527,28.92531219906176,57.698282994345846,5.876670330000058,670.3016113002978,2.286172685185185,0.5698884259259269,True,
"B2 true speed, stop-bias yaw",S1,60,60.20204013417456,8.981336031311404,37.28289277098783,60.20204013417456,7.1728165732142735,670.3016113002978,0.0,0.0,True,
"E1 learned speed, stop-bias yaw",S1,60,68.2826039981464,10.18684765887509,31.22485824141458,68.2826039981464,7.1728165732142735,670.3016113002978,2.17540989763082,-0.2711177037510309,True,
"E2 learned speed, stop-bias yaw",S1,60,76.14439348304815,11.359721086652014,40.18774737074309,76.14439348304815,7.1728165732142735,670.3016113002978,1.8436757449877703,-0.38980628780469734,True,
"E2 learned speed, raw yaw",S1,60,73.26730384851317,10.930497945004808,41.17776138976335,73.26730384851317,5.876670330000058,670.3016113002978,1.8436757449877703,-0.38980628780469734,True,19200.0
"B1 hold speed, raw yaw",S1,60,67.08717590736819,8.914162055287452,48.928414982936644,74.84510477542635,2.9146646200000697,752.5909389046311,1.407801388888889,-1.105639351851852,True,
"B2 true speed, stop-bias yaw",S1,60,88.35218690175748,11.739735669731939,40.99148195977273,88.35218690175748,13.58485752245477,752.5909389046311,0.0,0.0,True,
"E1 learned speed, stop-bias yaw",S1,60,92.42925440537445,12.281473191784887,53.24499793940883,92.42925440537445,13.58485752245477,752.5909389046311,1.0748755434640893,-0.5983021284335447,True,
"E2 learned speed, stop-bias yaw",S1,60,94.12337537754951,12.506578343149158,43.241020997818154,94.12337537754951,13.58485752245477,752.5909389046311,1.1253819645540348,0.37023594806500487,True,
"E2 learned speed, raw yaw",S1,60,32.70911208398615,4.346200624152222,16.529334872217206,32.70911208398615,2.9146646200000697,752.5909389046311,1.1253819645540348,0.37023594806500487,True,19800.0
"B1 hold speed, raw yaw",S1,60,46.27128360853729,12.183371361357997,22.361029863331126,46.27128360853729,0.6886353100000441,379.7904720798049,1.872315740740741,0.6320046296296299,True,
"B2 true speed, stop-bias yaw",S1,60,30.0767818362071,7.919309210549944,14.114707286428764,30.0767818362071,15.81088683245454,379.7904720798049,0.0,0.0,True,
"E1 learned speed, stop-bias yaw",S1,60,85.54204059143862,22.523482519978483,46.85199416765157,87.5499872845206,15.81088683245454,379.7904720798049,2.7393827451166985,1.8745774441445429,True,
"E2 learned speed, stop-bias yaw",S1,60,65.81159282121905,17.328394907018666,32.21965711886661,65.81159282121905,15.81088683245454,379.7904720798049,2.3988652745850416,1.3606649509448017,True,
"E2 learned speed, raw yaw",S1,60,72.45345443928878,19.077217509570442,31.46135755241619,72.45345443928878,0.6886353100000441,379.7904720798049,2.3988652745850416,1.3606649509448017,True,20400.0
"B1 hold speed, raw yaw",S1,60,78.45710507592516,15.367757174088744,46.5662085022528,78.45710507592516,0.22464584999998896,510.5306141107568,2.391014351851852,-0.49933379629629626,True,
"B2 true speed, stop-bias yaw",S1,60,59.25414886553729,11.60638504876858,23.517741349983282,59.25414886553729,16.274876292454394,510.5306141107568,0.0,0.0,True,
"E1 learned speed, stop-bias yaw",S1,60,73.8220221976542,14.459861986188143,31.16675931895124,73.8220221976542,16.274876292454394,510.5306141107568,1.3355516872553044,-0.3965248566400706,True,
"E2 learned speed, stop-bias yaw",S1,60,67.52928620015591,13.227274591118997,24.652027342802214,67.52928620015591,16.274876292454394,510.5306141107568,1.2232804804745563,-0.5984040851264397,True,
"E2 learned speed, raw yaw",S1,60,49.99311111213854,9.792382617292528,22.315758559197217,49.99311111213854,0.22464584999998896,510.5306141107568,1.2232804804745563,-0.5984040851264397,True,21000.0
"B1 hold speed, raw yaw",S1,60,83.96458839991651,15.832991872531768,37.268361552369456,83.96458839991651,0.47266125000000386,530.3141003033319,1.889209722222222,1.6515356481481478,True,
"B2 true speed, stop-bias yaw",S1,60,52.722432912460285,9.941736959719499,27.599474190645033,52.722432912460285,16.02686089245435,530.3141003033319,0.0,0.0,True,
"E1 learned speed, stop-bias yaw",S1,60,54.72995352135523,10.320290086582744,27.976745054509724,54.72995352135523,16.02686089245435,530.3141003033319,1.201686379735854,0.19028326011602853,True,
"E2 learned speed, stop-bias yaw",S1,60,68.64835441134744,12.944848038564615,42.49593428082984,68.73346846910931,16.02686089245435,530.3141003033319,1.5779035940086457,-1.1525174975329198,True,
"E2 learned speed, raw yaw",S1,60,49.77358218745474,9.385679573480129,34.5219704381723,54.56135410412758,0.47266125000000386,530.3141003033319,1.5779035940086457,-1.1525174975329198,True,21600.0
"B1 hold speed, raw yaw",S1,60,348.368216908464,70.36863093578336,194.4628693048775,348.368216908464,3.361653130000024,495.06180847311924,6.094548611111112,-5.905908796296297,True,
"B2 true speed, stop-bias yaw",S1,60,55.48857979578287,11.208414554724389,24.710012312743313,55.48857979578287,13.13786901245455,495.06180847311924,0.0,0.0,True,
"E1 learned speed, stop-bias yaw",S1,60,43.238940791927966,8.734048971639819,23.056688790912503,43.238940791927966,13.13786901245455,495.06180847311924,1.5813977870078195,-0.10599819345899335,True,
"E2 learned speed, stop-bias yaw",S1,60,52.79890904136587,10.665114565029658,26.17744741587622,52.79890904136587,13.13786901245455,495.06180847311924,1.0181559991961566,0.3079575984603304,True,
"E2 learned speed, raw yaw",S1,60,32.95035642158976,6.655806579630125,18.389878301421202,32.95035642158976,3.361653130000024,495.06180847311924,1.0181559991961566,0.3079575984603304,True,22200.0
"B1 hold speed, raw yaw",S1,60,69.27184643704537,14.786595692898603,63.195178895084034,78.45904375861944,0.5683636099999111,468.4773146959973,2.1696097222222224,1.2694106481481493,True,
"B2 true speed, stop-bias yaw",S1,60,75.31163737988939,16.07583441447114,36.47975671339641,75.60335845281212,19.669634477555604,468.4773146959973,0.0,0.0,True,
"E1 learned speed, stop-bias yaw",S1,60,91.29857876646723,19.48836707828903,51.84117317752161,92.09480142451454,19.669634477555604,468.4773146959973,1.5387991078296928,0.46605741848967275,True,
"E2 learned speed, stop-bias yaw",S1,60,94.82717896638165,20.241573282564726,57.51139417345586,99.18378703421041,19.669634477555604,468.4773146959973,2.048492842887017,-1.5913233285950628,True,
"E2 learned speed, raw yaw",S1,60,79.81577122288945,17.037275598858663,48.90392320457178,81.81162121368625,0.5683636099999111,468.4773146959973,2.048492842887017,-1.5913233285950628,True,22800.0
"B1 hold speed, raw yaw",S1,60,50.42013720925003,10.719360893166956,15.841940215270792,50.42013720925003,0.016635410000063407,470.3651431438445,1.273298148148148,0.5576166666666678,True,
"B2 true speed, stop-bias yaw",S1,60,37.71175270253188,8.017548334996219,19.027430315624574,37.71175270253188,13.685367019624877,470.3651431438445,0.0,0.0,True,
"E1 learned speed, stop-bias yaw",S1,60,66.91483776088178,14.226147225458469,38.95749717379762,66.96966762909138,13.685367019624877,470.3651431438445,1.5323394652435944,1.3026015586469102,True,
"E2 learned speed, stop-bias yaw",S1,60,128.0132894491956,27.21572618956743,77.52328910054557,128.0132894491956,13.685367019624877,470.3651431438445,3.0438470494497207,2.9872183766744893,True,
"E2 learned speed, raw yaw",S1,60,105.94004445523001,22.522936913892877,67.09576555227889,105.94004445523001,0.016635410000063407,470.3651431438445,3.0438470494497207,2.9872183766744893,True,23400.0
"B1 hold speed, raw yaw",S1,60,28.060686646933615,12.907859470268427,30.656317962300392,46.76524712475407,4.546299310000033,217.392254010572,2.838312962962963,-0.2782462962962963,True,
"B2 true speed, stop-bias yaw",S1,60,32.06260009931581,14.74873161660883,11.090095082012931,32.06260009931581,18.24830173962528,217.392254010572,0.0,0.0,True,
"E1 learned speed, stop-bias yaw",S1,60,62.92099449451942,28.943531029150424,37.26549573253824,67.59183693806034,18.24830173962528,217.392254010572,1.5328983695927252,0.9317930381408158,True,
"E2 learned speed, stop-bias yaw",S1,60,46.89100396160441,21.5697675959163,32.946022875510835,56.006476334041686,18.24830173962528,217.392254010572,1.249798851730761,0.6877255460045728,True,
"E2 learned speed, raw yaw",S1,60,34.8608987525388,16.035943373972966,28.452761225968583,46.7096755735859,4.546299310000033,217.392254010572,1.249798851730761,0.6877255460045728,True,24000.0
"B1 hold speed, raw yaw",S1,60,143.0708445873974,33.80167215634877,47.496978773205655,143.0708445873974,7.289295499999979,423.2655826185961,3.9272374999999995,2.358910648148147,True,
"B2 true speed, stop-bias yaw",S1,60,15.67914501735421,3.704327888025486,10.28564861184989,15.708918297311028,12.516877327409075,423.2655826185961,0.0,0.0,True,
"E1 learned speed, stop-bias yaw",S1,60,28.236951613857116,6.671213718622,18.918965623554133,28.277221183285903,12.516877327409075,423.2655826185961,1.342981670690496,0.33508246929761637,True,
"E2 learned speed, stop-bias yaw",S1,60,30.883983968344626,7.2965970389740225,31.612885991120205,42.77532061605044,12.516877327409075,423.2655826185961,1.0471791606114016,-0.4861288290837742,True,
"E2 learned speed, raw yaw",S1,60,26.88061503876227,6.350767967586994,29.913228539217865,41.40619980784435,7.289295499999979,423.2655826185961,1.0471791606114016,-0.4861288290837742,True,24600.0
"B1 hold speed, raw yaw",S1,60,59.744509173480665,13.624964124817126,63.25543608820115,91.95088076439383,4.735383100000035,438.49296501749546,2.345610185185185,1.069036111111111,True,
"B2 true speed, stop-bias yaw",S1,60,26.52942546273037,6.050137078407146,11.924202893327815,26.52942546273037,5.641845493675849,438.49296501749546,0.0,0.0,True,
"E1 learned speed, stop-bias yaw",S1,60,45.97189371304515,10.484066423097783,25.656412682198912,45.97189371304515,5.641845493675849,438.49296501749546,1.2890878569102984,-0.23810461032923816,True,
"E2 learned speed, stop-bias yaw",S1,60,44.802166721446234,10.217305702876823,26.729428009590105,44.802166721446234,5.641845493675849,438.49296501749546,1.6107587451062213,-0.8085141659203813,True,
"E2 learned speed, raw yaw",S1,60,42.602500977765104,9.71566350581367,25.87164934339335,42.602500977765104,4.735383100000035,438.49296501749546,1.6107587451062213,-0.8085141659203813,True,25800.0
"B1 hold speed, raw yaw",S1,60,292.0715931786374,84.1065147795566,145.31963655951117,292.0715931786374,3.845344600000001,347.2639354325379,5.691175462962963,5.668897685185185,True,
"B2 true speed, stop-bias yaw",S1,60,28.564329659472858,8.225538774677043,16.41689653471003,29.29293293521988,2.5824713134594446,347.2639354325379,0.0,0.0,True,
"E1 learned speed, stop-bias yaw",S1,60,140.40405435368206,40.43151045293559,70.82135272731408,140.46054533805417,2.5824713134594446,347.2639354325379,3.0201835792854053,2.142488774676878,True,
"E2 learned speed, stop-bias yaw",S1,60,111.79013808370604,32.19169244985512,58.4203543349797,112.8285448747896,2.5824713134594446,347.2639354325379,2.4624300522472184,1.5884478382880176,True,
"E2 learned speed, raw yaw",S1,60,112.05403441123717,32.267685462835985,58.41238404838309,113.05579518558335,3.845344600000001,347.2639354325379,2.4624300522472184,1.5884478382880176,True,26400.0
"B1 hold speed, raw yaw",S1,60,91.21135073559059,24.018107252216303,54.218957138720114,92.43560039771972,7.357355370000071,379.7607770577922,2.837895833333333,0.6007023148148156,True,
"B2 true speed, stop-bias yaw",S1,60,11.092363185583988,2.9208817381095535,8.377632973073572,12.615524922727039,6.094482083459512,379.7607770577922,0.0,0.0,True,
"E1 learned speed, stop-bias yaw",S1,60,132.21244115925603,34.81466469064441,74.44429955405072,133.6306320627024,6.094482083459512,379.7607770577922,3.2919102974653347,2.948068963855282,True,
"E2 learned speed, stop-bias yaw",S1,60,122.51052887487582,32.259921581167426,57.68879352283076,124.00524846543723,6.094482083459512,379.7607770577922,2.872186080598447,2.4592961786812477,True,
"E2 learned speed, raw yaw",S1,60,122.93799506632836,32.37248354577165,58.22533438933457,124.76752199167447,7.357355370000071,379.7607770577922,2.872186080598447,2.4592961786812477,True,27000.0
"B1 hold speed, raw yaw",S1,60,294.32212290022494,37.98452567974879,158.28808703399824,294.32212290022494,3.2063349300000015,774.847434930959,4.99862824074074,-4.99862824074074,True,
"B2 true speed, stop-bias yaw",S1,60,19.226138364010325,2.481280507268302,9.805221246693414,19.226138364010325,1.7722334711818657,774.847434930959,0.0,0.0,True,
"E1 learned speed, stop-bias yaw",S1,60,121.78782721684622,15.717652498610624,83.88161529880334,122.5711118204597,1.7722334711818657,774.847434930959,2.1285043595260467,-2.0868867097233057,True,
"E2 learned speed, stop-bias yaw",S1,60,16.83142057140676,2.1722238227331143,31.829080967917033,45.46060567101914,1.7722334711818657,774.847434930959,1.5992743802155842,-0.21424427526931833,True,
"E2 learned speed, raw yaw",S1,60,25.6192635879462,3.30636231508322,33.215784453691555,47.19714199359016,3.2063349300000015,774.847434930959,1.5992743802155842,-0.21424427526931833,True,27600.0
"B1 hold speed, raw yaw",S1,60,125.33712198134944,18.248078877445916,38.03100655266703,125.33712198134944,0.222353679999973,686.8510533251937,2.3891560185185186,2.2605967592592595,True,
"B2 true speed, stop-bias yaw",S1,60,4.4628149393162015,0.6497500320791174,3.756274255501968,4.986087280382602,1.2117477788181634,686.8510533251937,0.0,0.0,True,
"E1 learned speed, stop-bias yaw",S1,60,81.25748445007453,11.830437480832208,33.000728671271524,81.25748445007453,1.2117477788181634,686.8510533251937,1.463514097480908,1.3448880387248265,True,
"E2 learned speed, stop-bias yaw",S1,60,121.3603869883739,17.669098183782666,53.647946274086515,121.3603869883739,1.2117477788181634,686.8510533251937,2.065367369426291,2.0652817361653644,True,
"E2 learned speed, raw yaw",S1,60,122.3602828254855,17.81467499148659,54.190948916831694,122.36155461561651,0.222353679999973,686.8510533251937,2.065367369426291,2.0652817361653644,True,28200.0
"B1 hold speed, raw yaw",S1,60,142.8526764570575,28.133524612709763,60.284199696446045,142.8526764570575,2.9096920100000205,507.7667246588845,3.9057495370370368,-2.363564351851852,True,
"B2 true speed, stop-bias yaw",S1,60,25.65281759718003,5.052087179287591,10.723258092600167,25.65281759718003,4.343793468818208,507.7667246588845,0.0,0.0,True,
"E1 learned speed, stop-bias yaw",S1,60,63.54425557764065,12.514458410075887,49.9231846994003,78.0051849355961,4.343793468818208,507.7667246588845,2.3929502661980964,-0.9155054318472359,True,
"E2 learned speed, stop-bias yaw",S1,60,81.23932517001899,15.999340095512405,47.87175213257792,81.9004705296562,4.343793468818208,507.7667246588845,1.8176713696272464,-1.2727065761922935,True,
"E2 learned speed, raw yaw",S1,60,79.30626382064865,15.618641389690563,47.35189977907519,80.27161201005366,2.9096920100000205,507.7667246588845,1.8176713696272464,-1.2727065761922935,True,28800.0
"B1 hold speed, raw yaw",S1,60,160.1913595834914,25.483381055839626,73.50911045033214,160.1913595834914,4.254664129999864,628.6110906259939,4.148842129629629,-2.863555092592593,True,
"B2 true speed, stop-bias yaw",S1,60,34.752317713813056,5.528428981296754,14.703142057712371,34.752317713813056,5.367217977999761,628.6110906259939,0.0,0.0,True,
"E1 learned speed, stop-bias yaw",S1,60,110.57395491033806,17.5902010892338,48.601564010813206,110.57395491033806,5.367217977999761,628.6110906259939,3.081123098680182,-1.905930444403028,True,
"E2 learned speed, stop-bias yaw",S1,60,108.7299517262154,17.2968554560401,47.372438995630915,108.7299517262154,5.367217977999761,628.6110906259939,2.5912918495363524,-1.8955682576225346,True,
"E2 learned speed, raw yaw",S1,60,107.44432938828758,17.092337534371307,46.59303155381564,107.44432938828758,4.254664129999864,628.6110906259939,2.5912918495363524,-1.8955682576225346,True,29400.0
"B1 hold speed, raw yaw",S1,60,369.6876975575811,69.02366660136016,205.99194179747653,369.6876975575811,2.685363389999967,535.5955656379115,8.115210185185184,8.107908333333333,True,
"B2 true speed, stop-bias yaw",S1,60,5.5993432911160275,1.0454424290176918,3.7578014847905608,5.949447593502926,1.5728095419999943,535.5955656379115,0.0,0.0,True,
"E1 learned speed, stop-bias yaw",S1,60,112.22028038243852,20.952428956124866,51.84931725350643,112.22028038243852,1.5728095419999943,535.5955656379115,2.7356255421818996,1.9010551284097061,True,
"E2 learned speed, stop-bias yaw",S1,60,89.93307828601529,16.791229064583852,43.009660554693696,89.93307828601529,1.5728095419999943,535.5955656379115,2.1211868861542036,1.6427065135022585,True,
"E2 learned speed, raw yaw",S1,60,91.18050171274193,17.024133051613866,43.366289469153976,91.18050171274193,2.685363389999967,535.5955656379115,2.1211868861542036,1.6427065135022585,True,30000.0
"B1 hold speed, raw yaw",S1,60,11.436711895394867,3.3470044455912253,6.750422794446295,11.436711895394867,1.9123293999999977,341.69993142553625,1.0482222222222224,0.05124537037037077,True,
"B2 true speed, stop-bias yaw",S1,60,3.0287606361989137,0.8863802294496349,1.9244461639005532,3.1556619912121584,0.7997755519998975,341.69993142553625,0.0,0.0,True,
"E1 learned speed, stop-bias yaw",S1,60,31.016787111974136,9.077200274104637,16.841088851819702,31.016787111974136,0.7997755519998975,341.69993142553625,1.1818743659063633,0.039431747887398574,True,
"E2 learned speed, stop-bias yaw",S1,60,27.17225333479376,7.952080417878332,16.22597442083071,27.19070566867494,0.7997755519998975,341.69993142553625,1.0786448528239712,0.14741109398493854,True,
"E2 learned speed, raw yaw",S1,60,25.665605820766583,7.511153342551861,15.436829408823794,25.711247701853516,1.9123293999999977,341.69993142553625,1.0786448528239712,0.14741109398493854,True,30600.0
"B1 hold speed, raw yaw",S1,60,104.81781624052682,40.08754882697537,65.52289006619431,104.81781624052682,2.701345499999974,261.47225088003813,2.273719444444444,1.7680296296296292,True,
"B2 true speed, stop-bias yaw",S1,60,5.4898674413594755,2.0995984938677847,2.5714258321957644,5.677312179338145,1.5887916519999503,261.47225088003813,0.0,0.0,True,
"E1 learned speed, stop-bias yaw",S1,60,53.76110771638874,20.560922826588587,33.96665290254869,54.30464036280467,1.5887916519999503,261.47225088003813,1.9030826955143265,0.5450173921307203,True,
"E2 learned speed, stop-bias yaw",S1,60,56.703799596455774,21.686354634423953,33.814051438211216,56.703799596455774,1.5887916519999503,261.47225088003813,1.792383654904777,0.9105742860093838,True,
"E2 learned speed, raw yaw",S1,60,58.18024284694861,22.25102000351133,34.08518424895675,58.18024284694861,2.701345499999974,261.47225088003813,1.792383654904777,0.9105742860093838,True,31200.0
"B1 hold speed, raw yaw",S1,60,104.69504031226329,50.64191230660712,60.57822989983057,104.69504031226329,4.020331300000264,206.73595356825416,1.8872819444444444,-0.11050694444444437,True,
"B2 true speed, stop-bias yaw",S1,60,16.138054576002144,7.806119011937681,12.69057767646215,16.4634198286028,2.83796945605247,206.73595356825416,0.0,0.0,True,
"E1 learned speed, stop-bias yaw",S1,60,85.1020594722719,41.16461505771677,59.2929257547259,90.81007583687608,2.83796945605247,206.73595356825416,1.9612794077630937,0.24673216880495247,True,
"E2 learned speed, stop-bias yaw",S1,60,52.11965063447542,25.210733660445786,29.383622619112174,52.58310596657199,2.83796945605247,206.73595356825416,1.2335072624098398,-0.4205368752577568,True,
"E2 learned speed, raw yaw",S1,60,52.904435662095366,25.590341084347912,29.54210175695474,52.904435662095366,4.020331300000264,206.73595356825416,1.2335072624098398,-0.4205368752577568,True,31800.0
"B1 hold speed, raw yaw",S1,60,60.52199400766433,16.761921728322758,45.761445100426435,64.00827038448526,4.797350500000066,361.06834877649993,1.5959050925925924,1.2904532407407405,True,
"B2 true speed, stop-bias yaw",S1,60,13.382161898926368,3.7062683406819135,7.176172768844548,13.382161898926368,5.073683729589664,361.06834877649993,0.0,0.0,True,
"E1 learned speed, stop-bias yaw",S1,60,42.400227126924214,11.742991948920398,22.541745628090023,42.400227126924214,5.073683729589664,361.06834877649993,1.379538761686127,0.5698150070397346,True,
"E2 learned speed, stop-bias yaw",S1,60,40.752784810068825,11.286723122689066,24.448733022476123,40.752784810068825,5.073683729589664,361.06834877649993,1.1716017194354689,-0.06969009922396865,True,
"E2 learned speed, raw yaw",S1,60,40.110757654500546,11.108909930880971,24.19094581529293,40.110757654500546,4.797350500000066,361.06834877649993,1.1716017194354689,-0.06969009922396865,True,32400.0
"B1 hold speed, raw yaw",S1,60,126.03828132612082,32.90333251509952,67.71307164389447,126.03828132612082,4.766353479999899,383.05627938532115,2.6188810185185183,2.506339351851852,True,
"B2 true speed, stop-bias yaw",S1,60,8.847055050798634,2.3095966642278354,4.760171967132558,9.486679051193612,5.042686709589753,383.05627938532115,0.0,0.0,True,
"E1 learned speed, stop-bias yaw",S1,60,76.90866385018224,20.077640803485913,55.62117393481693,77.41839364663049,5.042686709589753,383.05627938532115,2.217346176594148,1.345686435212013,True,
"E2 learned speed, stop-bias yaw",S1,60,45.77299501856697,11.94941774404991,30.387488289101146,46.40132262921775,5.042686709589753,383.05627938532115,1.6234016247224223,0.8294645144735665,True,
"E2 learned speed, raw yaw",S1,60,45.974310595717014,12.001972835294753,30.467264659162055,46.56708375532558,4.766353479999899,383.05627938532115,1.6234016247224223,0.8294645144735665,True,33000.0
"B1 hold speed, raw yaw",S1,60,161.5286562262194,83.15669339983856,109.28441099756587,162.9025477498235,5.417261279999854,194.24612694680928,3.1749560185185186,3.1086023148148145,True,
"B2 true speed, stop-bias yaw",S1,60,8.153660940679718,4.197592543460312,3.1828085463419398,8.153660940679718,5.632709887519795,194.24612694680928,0.0,0.0,True,
"E1 learned speed, stop-bias yaw",S1,60,63.460691790066676,32.6702481987938,41.17933238568005,65.25757312038107,5.632709887519795,194.24612694680928,2.036746293626197,0.7605385519800613,True,
"E2 learned speed, stop-bias yaw",S1,60,47.10702458881686,24.251204041620998,30.464934877089487,50.10933740312681,5.632709887519795,194.24612694680928,1.5820885212426208,0.43921836218075383,True,
"E2 learned speed, raw yaw",S1,60,46.83979614036686,24.113631955808867,30.394670165550608,49.96666725307031,5.417261279999854,194.24612694680928,1.5820885212426208,0.43921836218075383,True,33600.0
"B1 hold speed, raw yaw",S1,60,55.012914447246956,14.070984238910215,36.883709091313015,71.08162700374355,8.59531848,390.96706749994667,1.5865106481481484,-0.8105300925925935,True,
"B2 true speed, stop-bias yaw",S1,60,26.597065326616722,6.802891480526132,13.263511051665377,26.597065326616722,11.500390010999963,390.96706749994667,0.0,0.0,True,
"E1 learned speed, stop-bias yaw",S1,60,56.917994019568084,14.558257907381382,57.83253332948912,91.9810331621077,11.500390010999963,390.96706749994667,2.3184387455120214,-0.7994580680938524,True,
"E2 learned speed, stop-bias yaw",S1,60,74.41380783531892,19.0332675105248,59.21831623009869,92.60258662902187,11.500390010999963,390.96706749994667,1.9420032582087579,-1.115917325464602,True,
"E2 learned speed, raw yaw",S1,60,71.3869977580131,18.259082079342356,58.0998226098422,90.77905688214628,8.59531848,390.96706749994667,1.9420032582087579,-1.115917325464602,True,34200.0
"B1 hold speed, raw yaw",S1,60,236.76651230409013,24.921557124944606,122.09289602993269,236.76651230409013,5.4713055099999695,950.0470260227225,3.8723236111111117,-3.8723236111111117,True,
"B2 true speed, stop-bias yaw",S1,60,69.62233638572069,7.328304229021975,30.386718596414532,69.62233638572069,8.352125099809465,950.0470260227225,0.0,0.0,True,
"E1 learned speed, stop-bias yaw",S1,60,139.5028768324066,14.683786487540678,74.64370224307874,139.5028768324066,8.352125099809465,950.0470260227225,2.0312593250898687,-1.9810942027441616,True,
"E2 learned speed, stop-bias yaw",S1,60,78.14112021524448,8.22497393022475,37.55381626535248,78.14112021524448,8.352125099809465,950.0470260227225,0.6579511575294155,-0.4987156258172278,True,
"E2 learned speed, raw yaw",S1,60,56.58112120930792,5.955612686477128,29.25242891895184,56.58112120930792,5.4713055099999695,950.0470260227225,0.6579511575294155,-0.4987156258172278,True,35400.0
"B1 hold speed, raw yaw",S1,60,444.07918560046085,83.55483838561246,214.17351295528138,444.07918560046085,9.95031185000003,531.4823105168355,9.318079166666669,9.21844953703704,True,
"B2 true speed, stop-bias yaw",S1,60,33.68467703936296,6.3378735985787715,17.059727673233777,33.68467703936296,12.831131439809605,531.4823105168355,0.0,0.0,True,
"E1 learned speed, stop-bias yaw",S1,60,166.13813051517158,31.25939043081452,66.98325503027361,166.13813051517158,12.831131439809605,531.4823105168355,3.7367659731884526,3.187539072546254,True,
"E2 learned speed, stop-bias yaw",S1,60,68.75316305526887,12.936115030509752,25.241307784607564,68.75316305526887,12.831131439809605,531.4823105168355,2.0411624265406743,1.1037979828937798,True,
"E2 learned speed, raw yaw",S1,60,64.55053207288019,12.145377333463568,22.025369408212484,64.55053207288019,9.95031185000003,531.4823105168355,2.0411624265406743,1.1037979828937798,True,36000.0
"B1 hold speed, raw yaw",S1,60,99.0746889115038,36.388712955918365,67.1028316294921,100.13663174333226,10.602371820000126,272.26763703218586,2.6225185185185187,0.1794935185185189,True,
"B2 true speed, stop-bias yaw",S1,60,39.0409131034674,14.339167713440807,20.837553937126934,39.0409131034674,13.483191409809802,272.26763703218586,0.0,0.0,True,
"E1 learned speed, stop-bias yaw",S1,60,103.71290893766891,38.092264680509416,70.16598802122168,103.71290893766891,13.483191409809802,272.26763703218586,2.395981736040869,1.8095449609658936,True,
"E2 learned speed, stop-bias yaw",S1,60,75.452729115116,27.712705754373747,50.566643565785355,77.58323635368238,13.483191409809802,272.26763703218586,1.6842812515467325,0.564140661446693,True,
"E2 learned speed, raw yaw",S1,60,70.39100358918971,25.85360653086672,48.75144570485686,74.32460477218089,10.602371820000126,272.26763703218586,1.6842812515467325,0.564140661446693,True,36600.0
"B1 hold speed, raw yaw",S1,60,116.89895808723172,20.35931573385787,47.35416611020481,116.89895808723172,2.56272247999998,574.179209239468,4.584899537037037,-1.9466356481481477,True,
"B2 true speed, stop-bias yaw",S1,60,12.708193239843828,2.2132799368818197,13.589506691322267,19.063681835498556,0.3180971098095408,574.179209239468,0.0,0.0,True,
"E1 learned speed, stop-bias yaw",S1,60,74.35111476264873,12.949113023637842,34.10503533139183,74.35111476264873,0.3180971098095408,574.179209239468,2.375832930624252,-1.2415951961419502,True,
"E2 learned speed, stop-bias yaw",S1,60,21.195779623803244,3.6914920085452447,20.187555424242078,32.01704078299113,0.3180971098095408,574.179209239468,2.1368167331926755,0.2679732423895603,True,
"E2 learned speed, raw yaw",S1,60,34.38808681642454,5.989086031515048,24.26210549863769,35.22128222585469,2.56272247999998,574.179209239468,2.1368167331926755,0.2679732423895603,True,37200.0
"B1 hold speed, raw yaw",S1,60,246.05317553890237,47.23997250166464,121.14801421113161,246.05317553890237,6.287665060000205,520.8579990816717,6.240301851851854,6.23483888888889,True,
"B2 true speed, stop-bias yaw",S1,60,7.701649937832619,1.4786467619603523,5.42322272887204,7.701649937832619,3.63130645456545,520.8579990816717,0.0,0.0,True,
"E1 learned speed, stop-bias yaw",S1,60,63.30524963820719,12.154032336994174,42.46717056424277,69.44800838703591,3.63130645456545,520.8579990816717,2.596084970248007,1.944694685634421,True,
"E2 learned speed, stop-bias yaw",S1,60,39.780509939566464,7.637496210042613,20.7891978120367,41.946728191496526,3.63130645456545,520.8579990816717,1.8672266489371183,0.46015985114854324,True,
"E2 learned speed, raw yaw",S1,60,34.89060769606637,6.698679439997512,19.329434192079752,38.47739650354602,6.287665060000205,520.8579990816717,1.8672266489371183,0.46015985114854324,True,37800.0
"B1 hold speed, raw yaw",S1,60,74.28263129169224,26.513739167649344,38.440617009344216,75.33769184100798,1.0242950499999974,280.16656127600424,2.219055555555556,1.4037259259259254,True,
"B2 true speed, stop-bias yaw",S1,60,5.247743561081361,1.8730799054608023,1.894016172883012,5.247743561081361,3.5343085959048275,280.16656127600424,0.0,0.0,True,
"E1 learned speed, stop-bias yaw",S1,60,131.24172307720158,46.84417814869408,81.88691162889407,133.52636351199723,3.5343085959048275,280.16656127600424,2.986061129712307,2.3615191705152476,True,
"E2 learned speed, stop-bias yaw",S1,60,155.105689682955,55.36195646494502,90.20919508095663,155.105689682955,3.5343085959048275,280.16656127600424,3.3206056354040414,2.695894056964394,True,
"E2 learned speed, raw yaw",S1,60,153.43080392695322,54.76413859961035,90.27448184670966,154.7684456145582,1.0242950499999974,280.16656127600424,3.3206056354040414,2.695894056964394,True,38400.0
"B1 hold speed, raw yaw",S1,60,84.0750855870471,23.517425913183587,54.5837352545054,84.35397769677606,0.006315890000033978,357.50122440022494,2.892724074074074,1.4731462962962962,True,
"B2 true speed, stop-bias yaw",S1,60,6.328710564637253,1.7702626264441041,4.124190405103946,6.88361141583014,1.3789329507085362,357.50122440022494,0.0,0.0,True,
"E1 learned speed, stop-bias yaw",S1,60,93.66245476039964,26.199198315344482,49.976116075001926,93.67188263613174,1.3789329507085362,357.50122440022494,2.400159222293142,1.6950825027182372,True,
"E2 learned speed, stop-bias yaw",S1,60,8.72959459929729,2.441836280125422,14.261144574851699,24.290265548829684,1.3789329507085362,357.50122440022494,1.9671900655164165,0.031081324885799025,True,
"E2 learned speed, raw yaw",S1,60,4.643043295882118,1.2987489213978751,13.86986619183364,24.34965069070858,0.006315890000033978,357.50122440022494,1.9671900655164165,0.031081324885799025,True,39000.0
"B1 hold speed, raw yaw",S1,60,85.54214002677661,20.487585601097884,43.02976924412241,85.54214002677661,3.2583803400000164,417.53158079394484,2.0897791666666667,-1.7700152777777778,True,
"B2 true speed, stop-bias yaw",S1,60,12.385150556420353,2.9662787501893235,4.715172150093095,12.385150556420353,4.576092718279956,417.53158079394484,0.0,0.0,True,
"E1 learned speed, stop-bias yaw",S1,60,18.260392978000834,4.3734160044321255,7.987606563926635,18.260392978000834,4.576092718279956,417.53158079394484,1.3358147439903951,0.23994582352088006,True,
"E2 learned speed, stop-bias yaw",S1,60,58.30886279231029,13.965138321138438,35.897506951216506,58.30886279231029,4.576092718279956,417.53158079394484,1.7443858557897063,1.5082837126235284,True,
"E2 learned speed, raw yaw",S1,60,59.172318728021494,14.171938471217942,36.383046982558234,59.172318728021494,3.2583803400000164,417.53158079394484,1.7443858557897063,1.5082837126235284,True,39600.0
"B1 hold speed, raw yaw",S1,60,139.0555616296208,51.560385956775015,81.78334009735191,139.0555616296208,6.275341070000198,269.6945708400946,3.389828703703704,2.876584259259259,True,
"B2 true speed, stop-bias yaw",S1,60,9.594150221412288,3.557413184672814,4.717890111790582,9.594150221412288,7.593053448280034,269.6945708400946,0.0,0.0,True,
"E1 learned speed, stop-bias yaw",S1,60,128.10533499444475,47.50015344965919,72.90610725545584,128.10533499444475,7.593053448280034,269.6945708400946,2.9990387083163954,2.1837343153087843,True,
"E2 learned speed, stop-bias yaw",S1,60,126.45979697473605,46.890004711928626,69.48850050161676,126.45979697473605,7.593053448280034,269.6945708400946,2.853522620546903,2.1196919370149834,True,
"E2 learned speed, raw yaw",S1,60,124.24432432425897,46.068530017953165,68.86071998343229,124.24432432425897,6.275341070000198,269.6945708400946,2.853522620546903,2.1196919370149834,True,40200.0
"B1 hold speed, raw yaw",S1,60,102.94970996180494,20.315501772564854,71.38948496127273,103.87500881562414,4.064349100000021,506.75445339397805,2.2083444444444456,2.172730555555557,True,
"B2 true speed, stop-bias yaw",S1,60,22.20750500643485,4.382300906819963,11.532118383954545,22.20750500643485,5.834038865772893,506.75445339397805,0.0,0.0,True,
"E1 learned speed, stop-bias yaw",S1,60,65.81724640145988,12.987995657591197,40.23636368595558,65.81724640145988,5.834038865772893,506.75445339397805,1.1197176202338857,0.4817689078515271,True,
"E2 learned speed, stop-bias yaw",S1,60,76.52668050477752,15.101333593072852,45.55384782104354,76.52668050477752,5.834038865772893,506.75445339397805,1.2276650431299712,1.1478771270666426,True,
"E2 learned speed, raw yaw",S1,60,73.86212717455105,14.575526012620292,44.06513091463182,73.86212717455105,4.064349100000021,506.75445339397805,1.2276650431299712,1.1478771270666426,True,40800.0
"B1 hold speed, raw yaw",S1,60,179.7163561064624,40.06413293268904,69.76060187218837,179.7163561064624,3.9173515600000024,448.57168482442967,2.9758138888888896,2.899147222222223,True,
"B2 true speed, stop-bias yaw",S1,60,28.471903726000026,6.3472360581885345,16.61463131085883,28.471903726000026,3.118610075380911,448.57168482442967,0.0,0.0,True,
"E1 learned speed, stop-bias yaw",S1,60,29.37563768016037,6.548705295934574,20.075547984875044,31.640468007959807,3.118610075380911,448.57168482442967,1.949217971388945,-0.2014932397315067,True,
"E2 learned speed, stop-bias yaw",S1,60,31.757903997002067,7.0797834708251965,28.99493257655099,42.63245428159457,3.118610075380911,448.57168482442967,1.7478964177584908,0.2449669087690819,True,
"E2 learned speed, raw yaw",S1,60,33.83211799398842,7.542187600902688,29.825616402577303,43.958007483117605,3.9173515600000024,448.57168482442967,1.7478964177584908,0.2449669087690819,True,41400.0
"B1 hold speed, raw yaw",S1,60,161.76761220671315,37.21334970123472,181.4075885600258,253.90625771019273,5.791251809999882,434.7031737412926,5.758792592592593,-2.571084259259259,True,
"B2 true speed, stop-bias yaw",S1,60,30.901087945828486,7.108548962244023,23.493243887247,30.90120343795492,4.103082840318371,434.7031737412926,0.0,0.0,True,
"E1 learned speed, stop-bias yaw",S1,60,59.50292613025369,13.688173844726979,66.63315844483768,92.55907628394053,4.103082840318371,434.7031737412926,2.1113710108033046,-0.7885295792836823,True,
"E2 learned speed, stop-bias yaw",S1,60,96.04479304985048,22.09433904593717,78.8855922180802,104.381770781649,4.103082840318371,434.7031737412926,1.9155638668547428,-1.4633211782333555,True,
"E2 learned speed, raw yaw",S1,60,97.15752552739717,22.35031428254975,79.57989132457199,105.28191717549004,5.791251809999882,434.7031737412926,1.9155638668547428,-1.4633211782333555,True,42000.0
"B1 hold speed, raw yaw",S1,60,238.33271735341776,43.847327654008474,125.71484430470134,238.33271735341776,1.208333340000074,543.5512951531714,4.895051388888889,-4.89432361111111,True,
"B2 true speed, stop-bias yaw",S1,60,3.131485537918125,0.5761159187442797,3.5958659771046304,4.853950132075605,0.8390467219179302,543.5512951531714,0.0,0.0,True,
"E1 learned speed, stop-bias yaw",S1,60,38.93786867711818,7.16360516925005,35.83433179269491,44.71728343838416,0.8390467219179302,543.5512951531714,1.4610379247193166,-0.49570222373981854,True,
"E2 learned speed, stop-bias yaw",S1,60,72.32113203682621,13.30530028751864,47.42568241070729,73.60381146607153,0.8390467219179302,543.5512951531714,1.6230680091824448,-1.5582750320269136,True,
"E2 learned speed, raw yaw",S1,60,72.74275964186398,13.382869342876878,47.568372936750265,73.95751321272189,1.208333340000074,543.5512951531714,1.6230680091824448,-1.5582750320269136,True,43200.0
"B1 hold speed, raw yaw",S1,60,202.5496338885233,50.99135698009284,130.7525958351919,202.5496338885233,3.6823084300001816,397.22346272839764,4.05658287037037,3.76022824074074,True,
"B2 true speed, stop-bias yaw",S1,60,10.27820302088215,2.5875115609447,4.215760232043827,10.27820302088215,3.152725402768046,397.22346272839764,0.0,0.0,True,
"E1 learned speed, stop-bias yaw",S1,60,20.4724821995939,5.153895507323544,16.2269640326124,28.454582555106377,3.152725402768046,397.22346272839764,1.7892421539173484,0.48882191935442165,True,
"E2 learned speed, stop-bias yaw",S1,60,53.19290707465088,13.39117954143148,24.920987987514348,54.88277376520384,3.152725402768046,397.22346272839764,1.5103234247065043,1.0798782040099892,True,
"E2 learned speed, raw yaw",S1,60,53.271533029414854,13.410973426269983,24.922399271824524,54.99415326448517,3.6823084300001816,397.22346272839764,1.5103234247065043,1.0798782040099892,True,43800.0
"B1 hold speed, raw yaw",S1,60,157.21902374251513,42.16544215872532,94.583979951192,166.92821689749115,2.498354049999747,372.8622675191886,3.602474074074074,-2.605451851851852,True,
"B2 true speed, stop-bias yaw",S1,60,3.0739982493053426,0.8244326436563189,1.538945225690499,3.0739982493053426,1.9791890495334277,372.8622675191886,0.0,0.0,True,
"E1 learned speed, stop-bias yaw",S1,60,50.65704102026367,13.585992853958253,39.688730222498705,63.9299587390799,1.9791890495334277,372.8622675191886,2.012972547927498,-0.33871379225422465,True,
"E2 learned speed, stop-bias yaw",S1,60,34.70405545069771,9.307473153987548,28.26993638386814,38.606786880462806,1.9791890495334277,372.8622675191886,1.7367131469009527,0.1269815861070649,True,
"E2 learned speed, raw yaw",S1,60,33.51746036610519,8.989233635548892,27.747763271292694,37.647346405615245,2.498354049999747,372.8622675191886,1.7367131469009527,0.1269815861070649,True,44400.0
"B1 hold speed, raw yaw",S1,60,139.45911648463075,24.46659517846228,72.1694231506238,139.714161147654,0.3013386600001127,569.998054356968,4.199840277777778,-2.8517800925925916,True,
"B2 true speed, stop-bias yaw",S1,60,3.2353053881653397,0.5675993739689489,1.2778701456973,3.2702084506039206,0.21782634046697008,569.998054356968,0.0,0.0,True,
"E1 learned speed, stop-bias yaw",S1,60,41.24433377548082,7.235872729777962,26.584388337771944,41.86367341681396,0.21782634046697008,569.998054356968,1.9660560234500777,-0.741671853367085,True,
"E2 learned speed, stop-bias yaw",S1,60,100.42669082275982,17.618777828295254,49.034295747350214,100.42669082275982,0.21782634046697008,569.998054356968,2.5747706752327946,-1.9906027432651585,True,
"E2 learned speed, raw yaw",S1,60,100.49046684467163,17.62996664226125,49.078878233373246,100.49046684467163,0.3013386600001127,569.998054356968,2.5747706752327946,-1.9906027432651585,True,45000.0
"B1 hold speed, raw yaw",S1,60,53.04489770599331,12.176303064200072,52.458658721077505,98.92088028122974,5.3052971699984015,435.6404191511319,2.4836842592592587,-0.8006490740740732,True,
"B2 true speed, stop-bias yaw",S1,60,13.19489414133413,3.0288498406656275,7.282133486769506,13.19489414133413,4.786132169536739,435.6404191511319,0.0,0.0,True,
"E1 learned speed, stop-bias yaw",S1,60,42.93662790811431,9.8559789267898,20.352923744796374,43.33964592809623,4.786132169536739,435.6404191511319,1.9922741859863329,0.5268549563105409,True,
"E2 learned speed, stop-bias yaw",S1,60,13.863294511918946,3.182279215260214,17.99223946682122,32.343199157447685,4.786132169536739,435.6404191511319,1.5053074328172589,0.08319993469035883,True,
"E2 learned speed, raw yaw",S1,60,15.221237740935605,3.493991161470963,18.209311335671956,32.44050599696756,5.3052971699984015,435.6404191511319,1.5053074328172589,0.08319993469035883,True,45600.0
"B1 hold speed, raw yaw",S1,60,65.75926070981751,13.791898997748607,105.88996085569326,152.65044449121785,177.53466249000004,476.79627526674943,4.132128240740741,-0.9506328703703696,True,
"B2 true speed, stop-bias yaw",S1,60,18.503629252593967,3.880825042570202,13.18815235205587,19.43968916723113,178.13370047896032,476.79627526674943,0.0,0.0,True,
"E1 learned speed, stop-bias yaw",S1,60,14.2763139980838,2.994216762724655,54.450402403241476,81.90220750698144,178.13370047896032,476.79627526674943,2.671795863254117,-0.14734418296748839,True,
"E2 learned speed, stop-bias yaw",S1,60,14.08263960560214,2.953596816108397,43.03268878800832,65.01067271477851,178.13370047896032,476.79627526674943,2.3200747011197342,0.23790090126645785,True,
"E2 learned speed, raw yaw",S1,60,15.339450047125924,3.2171916692394635,43.53715171082172,66.13187144951367,177.53466249000004,476.79627526674943,2.3200747011197342,0.23790090126645785,True,46800.0
"B1 hold speed, raw yaw",S1,60,124.97267550674364,678.6852045998584,79.55880971757387,127.68169826869737,13.597147989999932,18.41393840026695,2.2001814814814815,2.2001814814814815,False,
"B2 true speed, stop-bias yaw",S1,60,4.078256375801566,22.147659491151785,2.407685592126481,4.441616489781452,12.27836866679064,18.41393840026695,0.0,0.0,False,
"E1 learned speed, stop-bias yaw",S1,60,23.462598218453063,127.41759914931029,18.739915330987444,26.226613129442576,12.27836866679064,18.41393840026695,0.5844951281407301,0.3819948645500533,False,
"E2 learned speed, stop-bias yaw",S1,60,16.984955048749708,92.23966475582145,13.155226742441382,20.028567263106044,12.27836866679064,18.41393840026695,0.5085391472226249,0.2927954434614173,False,
"E2 learned speed, raw yaw",S1,60,17.14857093245133,93.12820842391179,13.173902562459832,20.095997121057906,13.597147989999932,18.41393840026695,0.5085391472226249,0.2927954434614173,False,48000.0
"B1 hold speed, raw yaw",S1,60,315.7301417092661,85.00451921445845,234.84630064616744,315.7301417092661,2.94778610000003,371.4274777705741,6.283099074074075,4.093937037037038,True,
"B2 true speed, stop-bias yaw",S1,60,16.439124689396294,4.425931217601119,5.655433793788715,16.439124689396294,4.412067661754257,371.4274777705741,0.0,0.0,True,
"E1 learned speed, stop-bias yaw",S1,60,54.090980150062364,14.562999074471723,30.69483151255904,54.090980150062364,4.412067661754257,371.4274777705741,1.2405810009578315,-0.2905838929437262,True,
"E2 learned speed, stop-bias yaw",S1,60,115.98229477165502,31.226094382628244,42.90395231423156,115.98229477165502,4.412067661754257,371.4274777705741,2.3871679513336135,-1.9297200777869674,True,
"E2 learned speed, raw yaw",S1,60,115.37543642983947,31.062708963364678,42.6757552889958,115.37543642983947,2.94778610000003,371.4274777705741,2.3871679513336135,-1.9297200777869674,True,49200.0
"B1 hold speed, raw yaw",S1,60,280.95261153987957,49.49853057546202,94.68364239049744,280.95261153987957,9.261221859999992,567.5978827524158,4.803633333333333,4.694941666666666,True,
"B2 true speed, stop-bias yaw",S1,60,12.576730496830512,2.2157817847809764,8.011540231865117,12.576730496830512,7.978935967880091,567.5978827524158,0.0,0.0,True,
"E1 learned speed, stop-bias yaw",S1,60,23.6416469390508,4.165210557940577,13.068848884706961,23.6416469390508,7.978935967880091,567.5978827524158,0.9422133626166491,0.3135700746119172,True,
"E2 learned speed, stop-bias yaw",S1,60,35.10547846298094,6.184920615409312,22.11005458172632,35.10547846298094,7.978935967880091,567.5978827524158,0.7898120466731701,0.4972906534715861,True,
"E2 learned speed, raw yaw",S1,60,36.8351706738149,6.489659632835923,23.29283849982715,36.8351706738149,9.261221859999992,567.5978827524158,0.7898120466731701,0.4972906534715861,True,49800.0
"B1 hold speed, raw yaw",S1,60,83.78974192661852,54.14120971198672,60.436804017273154,83.78974192661852,178.89370846,154.76148828656056,2.302337962962963,0.2495759259259258,True,
"B2 true speed, stop-bias yaw",S1,60,2.5959427307675322,1.6773828938377837,1.5986461525883218,2.936609509844726,179.91258743895975,154.76148828656056,0.0,0.0,True,
"E1 learned speed, stop-bias yaw",S1,60,21.28665874132761,13.754493431797874,16.38156665888546,21.28665874132761,179.91258743895975,154.76148828656056,1.0664379303460123,0.8254201488135469,True,
"E2 learned speed, stop-bias yaw",S1,60,19.73001243233354,12.748657725364412,13.661823628732272,19.73001243233354,179.91258743895975,154.76148828656056,0.9627144608099324,0.7041274775512513,True,
"E2 learned speed, raw yaw",S1,60,20.582938838534343,13.299780886329042,14.046599001138754,20.582938838534343,178.89370846,154.76148828656056,0.9627144608099324,0.7041274775512513,True,51000.0
"B1 hold speed, raw yaw",S1,120,92.29084092337389,7.447706293818139,177.58290453042156,295.9160534641954,6.9836121599998195,1239.1847541031334,4.699690277777777,0.6106828703703711,True,
"B2 true speed, stop-bias yaw",S1,120,44.55844301099965,3.595786896462349,26.4467554674985,96.2660538302786,7.4222617771949535,1239.1847541031334,0.0,0.0,True,
"E1 learned speed, stop-bias yaw",S1,120,218.00791619131118,17.5928500951495,125.3770526974388,218.00791619131118,7.4222617771949535,1239.1847541031334,3.0050238950656216,-1.8282636155572538,True,
"E2 learned speed, stop-bias yaw",S1,120,395.60332030864805,31.92448252762503,212.3109313793471,395.60332030864805,7.4222617771949535,1239.1847541031334,3.922158557463537,-3.4514749506128495,True,
"E2 learned speed, raw yaw",S1,120,395.1241918826329,31.88581771800494,212.18144665882204,395.1241918826329,6.9836121599998195,1239.1847541031334,3.922158557463537,-3.4514749506128495,True,600.0
"B1 hold speed, raw yaw",S1,120,532.3823062836279,37.37167241504485,278.6910935221547,532.3823062836279,10.060650609999815,1424.5610963594577,5.105727083333333,4.368962731481481,True,
"B2 true speed, stop-bias yaw",S1,120,131.36043837117765,9.221116504365892,65.48952014248647,131.36043837117765,10.510270385785617,1424.5610963594577,0.0,0.0,True,
"E1 learned speed, stop-bias yaw",S1,120,244.52846890690384,17.165179474001462,132.0741546399018,253.72774610684348,10.510270385785617,1424.5610963594577,3.2392117619817995,1.7785339990692257,True,
"E2 learned speed, stop-bias yaw",S1,120,165.42878177077313,11.612614032036623,88.9420670962379,165.7406985890589,10.510270385785617,1424.5610963594577,2.3564543559935953,0.8071953368208685,True,
"E2 learned speed, raw yaw",S1,120,161.04108991726153,11.304610966058997,87.2750141583357,161.93767879385604,10.060650609999815,1424.5610963594577,2.3564543559935953,0.8071953368208685,True,1200.0
"B1 hold speed, raw yaw",S1,120,238.44196081038643,18.94308074954071,205.75699817187245,238.44196081038643,0.5643940300001482,1258.7285244833668,2.8903703703703703,1.9507689814814815,True,
"B2 true speed, stop-bias yaw",S1,120,39.19597145930707,3.113933679654609,26.278356267107572,39.19597145930707,0.11477425421414304,1258.7285244833668,0.0,0.0,True,
"E1 learned speed, stop-bias yaw",S1,120,96.04635020186856,7.630426127134115,69.89928057969469,102.03001717641428,0.11477425421414304,1258.7285244833668,2.0354536292863106,0.6554691170037056,True,
"E2 learned speed, stop-bias yaw",S1,120,226.89078023882755,18.025394342433984,88.07823552825099,226.89078023882755,0.11477425421414304,1258.7285244833668,2.645054266704608,1.967005927201889,True,
"E2 learned speed, raw yaw",S1,120,226.38188917185263,17.984965365329188,87.67056984171924,226.38188917185263,0.5643940300001482,1258.7285244833668,2.645054266704608,1.967005927201889,True,1800.0
"B1 hold speed, raw yaw",S1,120,113.59563201843304,7.369355022358877,95.76467721382879,162.83260741788146,2.749633390000054,1541.4596212800168,2.086667592592592,0.9005999999999987,True,
"B2 true speed, stop-bias yaw",S1,120,44.174045244729385,2.8657283418197865,29.721729977015794,47.332900915971024,3.1112237943016363,1541.4596212800168,0.0,0.0,True,
"E1 learned speed, stop-bias yaw",S1,120,14.673158925435711,0.9519003107750061,41.59192078082235,104.99585408169285,3.1112237943016363,1541.4596212800168,2.3007919969473276,-0.29727273856394265,True,
"E2 learned speed, stop-bias yaw",S1,120,213.75213520129455,13.866865680451385,144.3187425812597,220.22989309405682,3.1112237943016363,1541.4596212800168,2.908052281959868,1.7567660660736866,True,
"E2 learned speed, raw yaw",S1,120,213.25988325945215,13.834931536017965,144.4889941424429,220.44146743842455,2.749633390000054,1541.4596212800168,2.908052281959868,1.7567660660736866,True,2400.0
"B1 hold speed, raw yaw",S1,120,820.6496272673539,53.48746704187543,485.2090450957671,820.6496272673539,13.237591289999928,1534.283959688848,7.489073379629629,-7.488583101851852,True,
"B2 true speed, stop-bias yaw",S1,120,165.75463049886793,10.803386781967196,69.79466186203251,165.75463049886793,13.599181694301564,1534.283959688848,0.0,0.0,True,
"E1 learned speed, stop-bias yaw",S1,120,308.74762611532816,20.1232388675915,222.95391169828434,308.74762611532816,13.599181694301564,1534.283959688848,3.2441295235131156,-2.8668676460849927,True,
"E2 learned speed, stop-bias yaw",S1,120,173.60867459353028,11.315289682669825,132.65958331869447,173.60867459353028,13.599181694301564,1534.283959688848,2.086841950372825,-1.3148328044083963,True,
"E2 learned speed, raw yaw",S1,120,170.56336892062265,11.11680584571925,132.16612230046468,170.56336892062265,13.237591289999928,1534.283959688848,2.086841950372825,-1.3148328044083963,True,3000.0
"B1 hold speed, raw yaw",S1,120,200.6898085795703,20.419792476488798,148.62533654667988,233.0076105848417,9.151471180000039,982.8200203828864,4.69999537037037,0.762649537037039,True,
"B2 true speed, stop-bias yaw",S1,120,87.77394843788419,8.930826256845,59.90178489703398,87.77394843788419,9.513061584301669,982.8200203828864,0.0,0.0,True,
"E1 learned speed, stop-bias yaw",S1,120,407.1501398576874,41.426724264232035,257.7645486241978,407.1501398576874,9.513061584301669,982.8200203828864,3.388804520412397,3.23202825714518,True,
"E2 learned speed, stop-bias yaw",S1,120,499.56938840807675,50.83020065194184,305.67890082426885,499.56938840807675,9.513061584301669,982.8200203828864,4.138379653738553,4.071125324622126,True,
"E2 learned speed, raw yaw",S1,120,498.96775698872403,50.76898584079886,305.27419264791735,498.96775698872403,9.151471180000039,982.8200203828864,4.138379653738553,4.071125324622126,True,3600.0
"B1 hold speed, raw yaw",S1,120,592.9597488124004,56.152985757764526,461.79152327637206,604.4476763413288,4.855506450000036,1055.9718967934118,5.235666435185186,4.869528935185186,True,
"B2 true speed, stop-bias yaw",S1,120,60.06035615786934,5.687685092780403,24.8046485688243,60.06035615786934,5.21709685430177,1055.9718967934118,0.0,0.0,True,
"E1 learned speed, stop-bias yaw",S1,120,126.08777448215253,11.94044792906265,93.03278277627324,126.08777448215253,5.21709685430177,1055.9718967934118,1.204575525936827,0.8756839054523758,True,
"E2 learned speed, stop-bias yaw",S1,120,244.81108283913295,23.183484672511817,132.1653907579414,244.81108283913295,5.21709685430177,1055.9718967934118,2.054611535499795,1.944355787942562,True,
"E2 learned speed, raw yaw",S1,120,243.56092317695163,23.065095190180177,131.80955228105088,243.56092317695163,4.855506450000036,1055.9718967934118,2.054611535499795,1.944355787942562,True,4200.0
"B1 hold speed, raw yaw",S1,120,868.1149791131757,58.44261884481412,560.8429038166455,876.7766654217316,2.59434328000003,1485.4142341196734,7.707375462962962,-7.469082407407408,True,
"B2 true speed, stop-bias yaw",S1,120,25.287002725461882,1.7023536024244543,16.527549387593304,25.359901218428465,2.1946900641837694,1485.4142341196734,0.0,0.0,True,
"E1 learned speed, stop-bias yaw",S1,120,242.48246088741826,16.32423167340421,116.47261856982358,243.81296229290277,2.1946900641837694,1485.4142341196734,2.1588110044756106,2.079190810036526,True,
"E2 learned speed, stop-bias yaw",S1,120,471.5236881991464,31.743582185247714,254.81177351879253,471.5236881991464,2.1946900641837694,1485.4142341196734,4.135047644792756,4.120734787906993,True,
"E2 learned speed, raw yaw",S1,120,470.7732798048737,31.693063725343674,254.51819588055127,470.7732798048737,2.59434328000003,1485.4142341196734,4.135047644792756,4.120734787906993,True,4800.0
"B1 hold speed, raw yaw",S1,120,408.90278069755954,33.51586620452472,156.36276571066153,408.90278069755954,12.17233839000001,1220.0274884805353,4.112600462962963,4.064317592592592,True,
"B2 true speed, stop-bias yaw",S1,120,52.291812991428046,4.28611760678885,25.26788238228185,52.291812991428046,11.772685174183648,1220.0274884805353,0.0,0.0,True,
"E1 learned speed, stop-bias yaw",S1,120,187.38063192853903,15.358722135179871,65.24535791687762,187.38063192853903,11.772685174183648,1220.0274884805353,2.5622033756414484,1.9858737264694928,True,
"E2 learned speed, stop-bias yaw",S1,120,154.4658681553162,12.660851465543074,65.28311366033827,154.4658681553162,11.772685174183648,1220.0274884805353,2.2475648232613463,1.7532139635811483,True,
"E2 learned speed, raw yaw",S1,120,154.4321420463775,12.658087092669744,64.84078016341657,154.4321420463775,12.17233839000001,1220.0274884805353,2.2475648232613463,1.7532139635811483,True,5400.0
"B1 hold speed, raw yaw",S1,120,227.64264479427823,18.96458152263038,125.0566084557677,227.64264479427823,9.240295350000217,1200.3568047237582,2.9130053240740743,0.35151087962962946,True,
"B2 true speed, stop-bias yaw",S1,120,89.79249955942093,7.480484069908294,37.52198374836903,89.79249955942093,8.8406421341837,1200.3568047237582,0.0,0.0,True,
"E1 learned speed, stop-bias yaw",S1,120,191.44711050808002,15.949183588969476,101.14150573087126,191.44711050808002,8.8406421341837,1200.3568047237582,2.2120325336016595,0.19355659402954956,True,
"E2 learned speed, stop-bias yaw",S1,120,145.1761416836798,12.094415686433303,74.44983913581406,145.1761416836798,8.8406421341837,1200.3568047237582,2.7469316591028656,0.9488223933352801,True,
"E2 learned speed, raw yaw",S1,120,147.95998145588786,12.326333376344573,75.26720453513542,147.95998145588786,9.240295350000217,1200.3568047237582,2.7469316591028656,0.9488223933352801,True,6000.0
"B1 hold speed, raw yaw",S1,120,103.46708244827528,10.842801658596898,110.09822014369756,155.42372801986312,3.480329870000039,954.2467501122246,2.7320539351851845,2.6558178240740724,True,
"B2 true speed, stop-bias yaw",S1,120,15.749024172442255,1.650414232020186,9.331349359348883,15.830997230881756,3.080676654184033,954.2467501122246,0.0,0.0,True,
"E1 learned speed, stop-bias yaw",S1,120,67.16589663803063,7.038629854398933,60.799850821214164,92.62030866549654,3.080676654184033,954.2467501122246,1.7061316476933546,1.0901524703200358,True,
"E2 learned speed, stop-bias yaw",S1,120,48.90573892931792,5.125062141795751,32.098190567280206,51.81998185426546,3.080676654184033,954.2467501122246,1.4276911136533585,-0.58682590154258,True,
"E2 learned speed, raw yaw",S1,120,48.51779810104616,5.084407999853309,31.992474212922865,51.36568816254023,3.480329870000039,954.2467501122246,1.4276911136533585,-0.58682590154258,True,7200.0
"B1 hold speed, raw yaw",S1,120,126.12198984722639,14.85436093685731,94.16895686860627,154.2934826778147,13.154311550000635,849.0569899529426,3.8020995370370376,3.766794444444445,True,
"B2 true speed, stop-bias yaw",S1,120,47.884888571619285,5.639773199944237,21.53679177104983,49.92156789119756,12.754658334184118,849.0569899529426,0.0,0.0,True,
"E1 learned speed, stop-bias yaw",S1,120,79.32767319830826,9.343032816054532,45.64532038081357,81.5627385402014,12.754658334184118,849.0569899529426,1.625491302045847,0.8953318601711112,True,
"E2 learned speed, stop-bias yaw",S1,120,65.40552060231556,7.7033133672146725,38.06394388594302,65.40552060231556,12.754658334184118,849.0569899529426,1.6132206794789807,1.1193468600583438,True,
"E2 learned speed, raw yaw",S1,120,66.5424790875034,7.83722175011967,38.59745521985318,66.5424790875034,13.154311550000635,849.0569899529426,1.6132206794789807,1.1193468600583438,True,7800.0
"B1 hold speed, raw yaw",S1,120,122.82809925295888,18.565788958230836,60.23261060179144,122.82809925295888,3.9623388500000885,661.5829767821693,2.404751851851852,1.1757069444444448,True,
"B2 true speed, stop-bias yaw",S1,120,27.38268128233708,4.138964006528997,19.915926556544214,34.4141363401625,3.5626856341839295,661.5829767821693,0.0,0.0,True,
"E1 learned speed, stop-bias yaw",S1,120,80.01325970343507,12.094213804080388,50.70131368096995,85.59915711287303,3.5626856341839295,661.5829767821693,1.6592920279447232,0.482752265117599,True,
"E2 learned speed, stop-bias yaw",S1,120,95.98262651336415,14.508025430189853,63.02518730057421,107.95666835517021,3.5626856341839295,661.5829767821693,1.7221148307162837,0.7986435501708918,True,
"E2 learned speed, raw yaw",S1,120,96.23366783539574,14.545970983633897,63.50007649294639,108.67461953569887,3.9623388500000885,661.5829767821693,1.7221148307162837,0.7986435501708918,True,8400.0
"B1 hold speed, raw yaw",S1,120,173.7182166205253,21.69611776150064,95.29093181716856,173.7182166205253,3.17634293000001,800.6880241440479,2.869122685185185,0.979281944444444,True,
"B2 true speed, stop-bias yaw",S1,120,22.034632822171023,2.7519623321113746,13.083911770715218,22.034632822171023,2.776689714184106,800.6880241440479,0.0,0.0,True,
"E1 learned speed, stop-bias yaw",S1,120,96.75859973225212,12.084431990310966,50.56181713513359,97.54801068314343,2.776689714184106,800.6880241440479,1.7451406721637663,0.38890684937897885,True,
"E2 learned speed, stop-bias yaw",S1,120,83.62627297413223,10.444301707088782,42.708398533677176,84.0639247780971,2.776689714184106,800.6880241440479,1.5047067755735786,0.008703467925080068,True,
"E2 learned speed, raw yaw",S1,120,84.84834424741454,10.596929351868251,42.93236362611367,85.24252926417965,3.17634293000001,800.6880241440479,1.5047067755735786,0.008703467925080068,True,9000.0
"B1 hold speed, raw yaw",S1,120,98.98049187540218,10.055977529012758,78.20866902905546,123.94660178462796,5.844349529999746,984.2950781247376,4.298064120370371,-2.8841099537037036,True,
"B2 true speed, stop-bias yaw",S1,120,28.938573295157095,2.940030275300205,12.779789828490195,28.938573295157095,5.519653685542789,984.2950781247376,0.0,0.0,True,
"E1 learned speed, stop-bias yaw",S1,120,56.8626232620664,5.776989494898228,35.030494446819425,56.8626232620664,5.519653685542789,984.2950781247376,2.1738424755024215,-1.0643597077703537,True,
"E2 learned speed, stop-bias yaw",S1,120,93.35684616070417,9.484640148619462,39.3586874623988,93.35684616070417,5.519653685542789,984.2950781247376,1.667133894633797,-0.2736813865886349,True,
"E2 learned speed, raw yaw",S1,120,94.86334524249163,9.637693751676954,40.01856017087327,94.86334524249163,5.844349529999746,984.2950781247376,1.667133894633797,-0.2736813865886349,True,9600.0
"B1 hold speed, raw yaw",S1,120,304.40002174839714,27.50418275721213,229.88683098321218,304.40002174839714,6.315398790000201,1106.7408344230025,3.26835300925926,2.1646803240740766,True,
"B2 true speed, stop-bias yaw",S1,120,74.97771443850819,6.774640648151172,31.978970126137227,74.97771443850819,6.061116141666539,1106.7408344230025,0.0,0.0,True,
"E1 learned speed, stop-bias yaw",S1,120,165.02030939789802,14.910474454837574,103.7734435295501,165.02030939789802,6.061116141666539,1106.7408344230025,1.9283779153636358,0.14753282426188405,True,
"E2 learned speed, stop-bias yaw",S1,120,156.74352108557298,14.162622016860068,95.21280540396215,157.6745201346315,6.061116141666539,1106.7408344230025,1.6941557766676438,-0.49845838910292534,True,
"E2 learned speed, raw yaw",S1,120,158.67946339478254,14.337544839710358,95.90570132592134,159.4837948558057,6.315398790000201,1106.7408344230025,1.6941557766676438,-0.49845838910292534,True,10200.0
"B1 hold speed, raw yaw",S1,120,432.59698851457955,42.73660966680255,189.16989663845874,432.59698851457955,3.7953836399999976,1012.2398381325447,4.759873611111111,4.446224999999999,True,
"B2 true speed, stop-bias yaw",S1,120,20.40786449289538,2.016109594199071,12.512083550598415,20.40786449289538,3.4956760379719936,1012.2398381325447,0.0,0.0,True,
"E1 learned speed, stop-bias yaw",S1,120,197.8348435819663,19.544265709492993,76.95740065753047,198.61095714494016,3.4956760379719936,1012.2398381325447,2.676658976057477,1.9535596285277772,True,
"E2 learned speed, stop-bias yaw",S1,120,244.53351213301448,24.15766530036479,106.06950802110337,244.53351213301448,3.4956760379719936,1012.2398381325447,3.0922781562601966,2.518604046144657,True,
"E2 learned speed, raw yaw",S1,120,244.81425948644664,24.185400560612017,106.17822918310013,244.81425948644664,3.7953836399999976,1012.2398381325447,3.0922781562601966,2.518604046144657,True,10800.0
"B1 hold speed, raw yaw",S1,120,303.249379075424,37.072068166694265,209.16548945223886,303.249379075424,1.559675460000053,817.9996263274697,3.772594212962962,3.382376157407406,True,
"B2 true speed, stop-bias yaw",S1,120,9.409097049507844,1.1502568884721105,6.595288367683069,9.409097049507844,2.014433585724003,817.9996263274697,0.0,0.0,True,
"E1 learned speed, stop-bias yaw",S1,120,93.2584207674727,11.400790142920991,69.65473940397915,102.16145502471022,2.014433585724003,817.9996263274697,1.7012223533950357,1.0036271982265172,True,
"E2 learned speed, stop-bias yaw",S1,120,65.12036880877456,7.960928918897198,56.15811967324569,86.50699693010922,2.014433585724003,817.9996263274697,1.5124980463113793,0.5305953209595659,True,
"E2 learned speed, raw yaw",S1,120,67.74748346233734,8.282092226190821,56.91522392743002,86.45023194976879,1.559675460000053,817.9996263274697,1.5124980463113793,0.5305953209595659,True,11400.0
"B1 hold speed, raw yaw",S1,120,395.9695242704365,44.51278930679706,254.41535692222058,395.9695242704365,4.828669109999989,889.5634949795706,3.939186805555555,-3.675314583333333,True,
"B2 true speed, stop-bias yaw",S1,120,33.2043414835203,3.732655585679453,16.742066613676997,33.2043414835203,5.283427235724181,889.5634949795706,0.0,0.0,True,
"E1 learned speed, stop-bias yaw",S1,120,66.87646969476569,7.517897268963533,45.32653378762259,66.87646969476569,5.283427235724181,889.5634949795706,1.5356643302131654,-0.044833211092867295,True,
"E2 learned speed, stop-bias yaw",S1,120,82.23980174118637,9.244961400206183,61.66241832785227,84.93776339298,5.283427235724181,889.5634949795706,1.576601802275509,-0.13156451651452633,True,
"E2 learned speed, raw yaw",S1,120,79.11444951365695,8.893625914300122,60.7079291272854,83.75317938708949,4.828669109999989,889.5634949795706,1.576601802275509,-0.13156451651452633,True,12000.0
"B1 hold speed, raw yaw",S1,120,151.2780617218259,22.17902584039666,47.54675019378736,151.2780617218259,9.0726492700002,682.0771246241552,2.4391956018518517,1.0889881944444437,True,
"B2 true speed, stop-bias yaw",S1,120,17.7124705292633,2.5968427747849483,7.400866098821948,17.800648167047786,9.527407395724047,682.0771246241552,0.0,0.0,True,
"E1 learned speed, stop-bias yaw",S1,120,111.19851772944877,16.302924363681374,38.036518662199995,111.19851772944877,9.527407395724047,682.0771246241552,2.0026282512346287,1.0442929151011182,True,
"E2 learned speed, stop-bias yaw",S1,120,126.23804736271063,18.507884637279336,50.719227062066075,126.23804736271063,9.527407395724047,682.0771246241552,1.8900588783815981,1.3067333255980262,True,
"E2 learned speed, raw yaw",S1,120,126.29766875409584,18.516625788277185,50.64665823623019,126.29766875409584,9.0726492700002,682.0771246241552,1.8900588783815981,1.3067333255980262,True,12600.0
"B1 hold speed, raw yaw",S1,120,341.2851991135872,56.27698097247587,216.17737373070727,345.5016110938414,2.3527130400000513,606.4383575950958,4.350367824074074,4.17668587962963,True,
"B2 true speed, stop-bias yaw",S1,120,19.968180068049943,3.2926974057571425,12.222784984869177,19.968180068049943,2.807471165723886,606.4383575950958,0.0,0.0,True,
"E1 learned speed, stop-bias yaw",S1,120,114.04076462885439,18.80500519147515,88.92917847087155,138.73724361624218,2.807471165723886,606.4383575950958,2.241711209012768,0.647747587809893,True,
"E2 learned speed, stop-bias yaw",S1,120,63.472172811187626,10.466384920454926,62.17682961260289,95.62594714863114,2.807471165723886,606.4383575950958,2.0574936164707482,-0.1874020961521569,True,
"E2 learned speed, raw yaw",S1,120,62.44781423701012,10.29747103805479,62.13861404847359,95.3775654456095,2.3527130400000513,606.4383575950958,2.0574936164707482,-0.1874020961521569,True,13200.0
"B1 hold speed, raw yaw",S1,120,216.5946610213187,24.46524644019043,105.02972143458761,216.5946610213187,0.663306299999717,885.3156723796844,4.1534863425925925,4.043879398148147,True,
"B2 true speed, stop-bias yaw",S1,120,57.823695002324676,6.531421142347731,25.45871162868366,57.823695002324676,17.471168383875007,885.3156723796844,0.0,0.0,True,
"E1 learned speed, stop-bias yaw",S1,120,147.06965071792416,16.612114221654775,74.76199073497571,147.06965071792416,17.471168383875007,885.3156723796844,1.9396986703217005,1.4929885149474933,True,
"E2 learned speed, stop-bias yaw",S1,120,111.84556031786103,12.63341018432733,61.148315246584154,111.84556031786103,17.471168383875007,885.3156723796844,1.4539369419139014,0.39994037251035003,True,
"E2 learned speed, raw yaw",S1,120,79.03869504254531,8.927741539929281,46.578138858835096,79.03869504254531,0.663306299999717,885.3156723796844,1.4539369419139014,0.39994037251035003,True,14400.0
"B1 hold speed, raw yaw",S1,120,356.57659728265014,55.33821927295639,239.2129721823451,435.93588722895726,0.0723027300001358,644.3586403166174,6.261562962962964,6.259421296296298,True,
"B2 true speed, stop-bias yaw",S1,120,19.228797196552385,2.9841762014867936,24.508838822016312,42.59320327533598,18.062171953876113,644.3586403166174,0.0,0.0,True,
"E1 learned speed, stop-bias yaw",S1,120,286.71314567543425,44.49589525711217,160.60913459928156,306.973234609767,18.062171953876113,644.3586403166174,3.561130509636464,3.2847749645620516,True,
"E2 learned speed, stop-bias yaw",S1,120,217.9858545591657,33.82989548367883,118.85520748765508,226.2335010040957,18.062171953876113,644.3586403166174,2.8356139838299477,2.538730566173651,True,
"E2 learned speed, raw yaw",S1,120,219.4702761244127,34.06026743376514,120.07868073625073,224.81790124322785,0.0723027300001358,644.3586403166174,2.8356139838299477,2.538730566173651,True,15000.0
"B1 hold speed, raw yaw",S1,120,69.68966443782543,15.523204293555406,47.962208312016784,82.34928724275714,1.9507197200000244,448.9386541589078,2.1140749999999997,0.01421851851851874,True,
"B2 true speed, stop-bias yaw",S1,120,65.22877197496771,14.52955128071443,24.857265772771946,65.22877197496771,20.085194403874798,448.9386541589078,0.0,0.0,True,
"E1 learned speed, stop-bias yaw",S1,120,203.90444282356836,45.41922174324371,147.971314257585,203.90444282356836,20.085194403874798,448.9386541589078,3.25779533792136,2.4147832038645123,True,
"E2 learned speed, stop-bias yaw",S1,120,116.14652928167143,25.871358637913104,65.02437551585541,116.14652928167143,20.085194403874798,448.9386541589078,1.8215662944931956,0.7993147381966869,True,
"E2 learned speed, raw yaw",S1,120,72.16921884006872,16.075519042858687,53.723490918417916,73.43163805346707,1.9507197200000244,448.9386541589078,1.8215662944931956,0.7993147381966869,True,15600.0
"B1 hold speed, raw yaw",S1,120,44.97385609010425,9.298244209869537,87.9386296598304,151.43810287714686,1.5146669099998074,483.681166841877,3.0143439814814807,2.7567972222222217,True,
"B2 true speed, stop-bias yaw",S1,120,34.572225558509636,7.1477303497764355,22.651410864351167,35.65458841107837,18.300270840333138,483.681166841877,0.0,0.0,True,
"E1 learned speed, stop-bias yaw",S1,120,89.16832724338795,18.435352326326672,60.96197370940753,93.73974887736081,18.300270840333138,483.681166841877,1.9180075794572835,0.8416763564245434,True,
"E2 learned speed, stop-bias yaw",S1,120,79.10656308606583,16.355105079360474,56.95882237422715,89.32596096087599,18.300270840333138,483.681166841877,1.9340508617129657,0.8557530041973772,True,
"E2 learned speed, raw yaw",S1,120,60.0311651328919,12.411309194620149,54.29589175262557,82.99532783370128,1.5146669099998074,483.681166841877,1.9340508617129657,0.8557530041973772,True,16200.0
"B1 hold speed, raw yaw",S1,120,130.55635600660304,28.97991220278761,86.03879496481039,133.76222025917093,4.6556534900003275,450.5063890222714,1.864051388888889,0.3482166666666673,True,
"B2 true speed, stop-bias yaw",S1,120,23.103540307836298,5.128349091336448,9.724139017858136,23.103540307836298,25.15816033789899,450.5063890222714,0.0,0.0,True,
"E1 learned speed, stop-bias yaw",S1,120,24.096945509237095,5.348857662492735,36.16902509167594,64.91824197716228,25.15816033789899,450.5063890222714,1.8227377051428615,0.9312052597494721,True,
"E2 learned speed, stop-bias yaw",S1,120,8.720022224646296,1.9356045634716206,31.13668589275029,47.917021449280846,25.15816033789899,450.5063890222714,1.76898934147289,0.7400408603464977,True,
"E2 learned speed, raw yaw",S1,120,38.329510693945856,8.508094807963086,35.662808808312086,50.489816488609016,4.6556534900003275,450.5063890222714,1.76898934147289,0.7400408603464977,True,16800.0
"B1 hold speed, raw yaw",S1,120,41.43301833108255,6.336250481584198,74.62244619054741,96.24487527674071,6.360689980000627,653.9043627063716,3.079025,1.1266018518518515,True,
"B2 true speed, stop-bias yaw",S1,120,104.86634468704943,16.036954433677405,45.07821212448573,104.86634468704943,36.635003444083175,653.9043627063716,0.0,0.0,True,
"E1 learned speed, stop-bias yaw",S1,120,145.2219593131585,22.208440193320563,55.1816492718794,145.2219593131585,36.635003444083175,653.9043627063716,2.4544085627398293,1.3575742927899177,True,
"E2 learned speed, stop-bias yaw",S1,120,142.2435322379597,21.752956601978287,50.64579340413025,142.2435322379597,36.635003444083175,653.9043627063716,2.1402585677895734,0.22956905792639457,True,
"E2 learned speed, raw yaw",S1,120,54.065832116276624,8.268155895536406,26.00071197771025,54.065832116276624,6.360689980000627,653.9043627063716,2.1402585677895734,0.22956905792639457,True,17400.0
"B1 hold speed, raw yaw",S1,120,154.92623342679505,11.933011422996064,92.45215572639921,154.92623342679505,9.14131040999965,1298.2995484965115,1.877238194444444,1.3592317129629625,True,
"B2 true speed, stop-bias yaw",S1,120,186.78695471659074,14.387046112193316,77.74082451119637,186.78695471659074,16.979448850356565,1298.2995484965115,0.0,0.0,True,
"E1 learned speed, stop-bias yaw",S1,120,179.875301468406,13.854684127149977,77.10277048707042,179.875301468406,16.979448850356565,1298.2995484965115,1.7969181065771855,-0.10669153088766196,True,
"E2 learned speed, stop-bias yaw",S1,120,210.6839352902075,16.227683013075747,103.9145972277272,210.6839352902075,16.979448850356565,1298.2995484965115,1.9999881825007977,0.9015103901897009,True,
"E2 learned speed, raw yaw",S1,120,114.33135482725599,8.806238510955101,53.92732438924756,114.33135482725599,9.14131040999965,1298.2995484965115,1.9999881825007977,0.9015103901897009,True,18600.0
"B1 hold speed, raw yaw",S1,120,152.7795412523914,10.728581427667072,75.24871102550043,153.16962243969743,8.781335550000014,1424.0423329257733,2.010173611111111,-0.49495879629629524,True,
"B2 true speed, stop-bias yaw",S1,120,203.58240495446768,14.296092205081884,94.49124350507101,203.58240495446768,17.339423710357217,1424.0423329257733,0.0,0.0,True,
"E1 learned speed, stop-bias yaw",S1,120,198.89524702152835,13.966947640726882,97.42049423152118,198.89524702152835,17.339423710357217,1424.0423329257733,1.5989908534705428,-0.11560445196823167,True,
"E2 learned speed, stop-bias yaw",S1,120,200.39130997667309,14.072005118342101,97.70707515420328,200.39130997667309,17.339423710357217,1424.0423329257733,1.7330348851188837,0.3365975554434835,True,
"E2 learned speed, raw yaw",S1,120,152.336452727255,10.697466585440011,84.24239527718075,152.336452727255,8.781335550000014,1424.0423329257733,1.7330348851188837,0.3365975554434835,True,19200.0
"B1 hold speed, raw yaw",S1,120,152.87962817427425,13.492399962375067,60.470392704711955,152.87962817427425,1.8712999299998958,1133.0795751726503,3.273930787037037,2.017210416666667,True,
"B2 true speed, stop-bias yaw",S1,120,192.03486664363322,16.94804767920844,103.99106033590145,192.03486664363322,31.155289467000152,1133.0795751726503,0.0,0.0,True,
"E1 learned speed, stop-bias yaw",S1,120,171.45283636134045,15.131579468742585,111.52789652307901,191.28478029322568,31.155289467000152,1133.0795751726503,1.6830689939815715,0.2867997352996376,True,
"E2 learned speed, stop-bias yaw",S1,120,203.04599642912902,17.91983554184095,119.7451130386393,210.76395579129817,31.155289467000152,1133.0795751726503,2.037192807057648,1.1199955338413288,True,
"E2 learned speed, raw yaw",S1,120,113.07849377248388,9.979748664629652,48.12748818333313,113.07849377248388,1.8712999299998958,1133.0795751726503,2.037192807057648,1.1199955338413288,True,19800.0
"B1 hold speed, raw yaw",S1,120,140.54518444474039,15.771680954183347,62.24642131892465,140.54518444474039,2.233280550000071,891.1236846156312,2.353090509259259,-0.45810902777777734,True,
"B2 true speed, stop-bias yaw",S1,120,119.88738755149328,13.453507029521313,42.748815542451126,119.88738755149328,30.793308846999974,891.1236846156312,0.0,0.0,True,
"E1 learned speed, stop-bias yaw",S1,120,90.45457677381329,10.150619755194711,60.45456733817789,111.88557290462907,30.793308846999974,891.1236846156312,2.6659329437455503,2.0285335109018505,True,
"E2 learned speed, stop-bias yaw",S1,120,83.3663887517306,9.355198407467876,48.179765947904336,94.84035848776708,30.793308846999974,891.1236846156312,2.257457135129282,1.5089346180877277,True,
"E2 learned speed, raw yaw",S1,120,74.39683504231054,8.34865421340475,62.826945587804225,93.18304756085004,2.233280550000071,891.1236846156312,2.257457135129282,1.5089346180877277,True,20400.0
"B1 hold speed, raw yaw",S1,120,109.68325457487983,10.527220580672344,83.95735581615537,128.79148401464522,1.2843070999998367,1041.9013616590778,2.1190532407407408,-0.6669546296296296,True,
"B2 true speed, stop-bias yaw",S1,120,213.89539402881488,20.529332420510258,102.82577919553391,213.89539402881488,31.74228229700021,1041.9013616590778,0.0,0.0,True,
"E1 learned speed, stop-bias yaw",S1,120,229.33820221573743,22.011508061622013,112.68455115195691,229.33820221573743,31.74228229700021,1041.9013616590778,1.3702770463599765,-0.328986009085558,True,
"E2 learned speed, stop-bias yaw",S1,120,225.68626797545755,21.661001346239214,110.99464270830157,225.68626797545755,31.74228229700021,1041.9013616590778,1.4296440402559087,-0.9179470090612836,True,
"E2 learned speed, raw yaw",S1,120,103.7512779920717,9.95787910545224,64.13445754682976,108.39564924609267,1.2843070999998367,1041.9013616590778,1.4296440402559087,-0.9179470090612836,True,21000.0
"B1 hold speed, raw yaw",S1,120,212.3568865610297,20.705359395712815,122.11866410522344,212.3568865610297,2.380314990000136,1025.6131395864572,2.121079166666666,1.946285648148148,True,
"B2 true speed, stop-bias yaw",S1,120,245.38351961441413,23.925543671696374,106.15519349292823,245.38351961441413,30.646274406999186,1025.6131395864572,0.0,0.0,True,
"E1 learned speed, stop-bias yaw",S1,120,267.9209335760535,26.12300127941841,128.49357810586673,267.9209335760535,30.646274406999186,1025.6131395864572,1.568239552215772,0.8235614103891548,True,
"E2 learned speed, stop-bias yaw",S1,120,265.7649503562744,25.912787199999688,120.58421961864289,265.7649503562744,30.646274406999186,1025.6131395864572,1.4774247882064777,-0.3091327631542528,True,
"E2 learned speed, raw yaw",S1,120,10.993097102473007,1.071856110083144,29.23170576942493,54.56135410412758,2.380314990000136,1025.6131395864572,1.4774247882064777,-0.3091327631542528,True,21600.0
"B1 hold speed, raw yaw",S1,120,593.4984299590146,61.53727127181215,348.520245033174,595.7362244328122,3.593288909999878,964.4536029839745,5.82018287037037,-5.682693518518519,True,
"B2 true speed, stop-bias yaw",S1,120,193.66610552785176,20.08039629160572,84.53894028703046,194.66412691050257,29.433300486999862,964.4536029839745,0.0,0.0,True,
"E1 learned speed, stop-bias yaw",S1,120,196.42498921220368,20.366452943352996,87.63777396559243,197.95005533451487,29.433300486999862,964.4536029839745,1.6487776814958568,0.14896495518120795,True,
"E2 learned speed, stop-bias yaw",S1,120,187.92892634030113,19.48553313076521,79.19302069942984,187.92892634030113,29.433300486999862,964.4536029839745,1.5737824325006755,-0.5225442717097969,True,
"E2 learned speed, raw yaw",S1,120,62.79147579858751,6.510575065955854,35.62309804949788,68.27657554702334,3.593288909999878,964.4536029839745,1.5737824325006755,-0.5225442717097969,True,22200.0
"B1 hold speed, raw yaw",S1,120,104.01735984948485,11.069474121807028,65.02445140161824,104.01735984948485,2.2787294000001928,939.6775194999473,1.8036844907407408,1.2479581018518529,True,
"B2 true speed, stop-bias yaw",S1,120,96.98827052356867,10.32144203845393,74.6605557487034,118.24772677517846,40.51315973422196,939.6775194999473,0.0,0.0,True,
"E1 learned speed, stop-bias yaw",S1,120,75.58598785867886,8.043822086847648,78.25310459505529,118.34959881202633,40.51315973422196,939.6775194999473,1.4168899448634946,0.6956454627174329,True,
"E2 learned speed, stop-bias yaw",S1,120,63.72279018496694,6.781346670810775,59.61625103725462,99.18378703421041,40.51315973422196,939.6775194999473,1.6277987461820298,-0.7866659235803706,True,
"E2 learned speed, raw yaw",S1,120,85.37777364264983,9.08585891126606,61.69998397417575,85.37777364264983,2.2787294000001928,939.6775194999473,1.6277987461820298,-0.7866659235803706,True,22800.0
"B1 hold speed, raw yaw",S1,120,299.3573784949538,43.50523118993976,146.61496246734652,300.6495760571627,3.7176638999999994,688.0951331760257,3.0591805555555562,2.6802407407407416,True,
"B2 true speed, stop-bias yaw",S1,120,110.62573360014039,16.077098683946158,48.68899620873135,110.62573360014039,31.144543554624843,688.0951331760257,0.0,0.0,True,
"E1 learned speed, stop-bias yaw",S1,120,189.0279094873309,27.471188266488518,100.2229294927238,189.15746859672277,31.144543554624843,688.0951331760257,1.741116514615011,1.3273024115448708,True,
"E2 learned speed, stop-bias yaw",S1,120,298.66029360504336,43.40392471990371,168.50895617453034,298.66029360504336,31.144543554624843,688.0951331760257,2.845431007572046,2.716727533250007,True,
"E2 learned speed, raw yaw",S1,120,239.29966715058285,34.77711955991501,142.14087775740327,239.3063429694376,3.7176638999999994,688.0951331760257,2.845431007572046,2.716727533250007,True,23400.0
"B1 hold speed, raw yaw",S1,120,229.72500485891493,35.80520662445754,148.28764640778343,290.09529334131247,11.56759419999994,641.5966461760235,4.295336342592592,-1.999667824074074,True,
"B2 true speed, stop-bias yaw",S1,120,199.4803583102004,31.091240812919168,106.52349043404976,199.4803583102004,38.99447385462555,641.5966461760235,0.0,0.0,True,
"E1 learned speed, stop-bias yaw",S1,120,226.81892568369514,35.35226174194602,120.92804733871634,226.86513965821445,38.99447385462555,641.5966461760235,1.643355761444842,0.8212599106253444,True,
"E2 learned speed, stop-bias yaw",S1,120,179.9050727533985,28.040214023195063,96.91429321026665,179.94910784269925,38.99447385462555,641.5966461760235,1.2383896485948742,-0.033027428352972614,True,
"E2 learned speed, raw yaw",S1,120,31.77938615063196,4.953172112111262,26.907346362678336,46.7096755735859,11.56759419999994,641.5966461760235,1.2383896485948742,-0.033027428352972614,True,24000.0
"B1 hold speed, raw yaw",S1,120,248.74869724549038,32.361130658655476,151.88096896458788,248.74869724549038,6.248633009999914,768.6650379100977,3.855410648148148,3.0204101851851846,True,
"B2 true speed, stop-bias yaw",S1,120,69.27142128337587,9.011912584409465,28.986623909258793,69.27142128337587,16.71252384650002,768.6650379100977,0.0,0.0,True,
"E1 learned speed, stop-bias yaw",S1,120,109.2702759107837,14.21559073479856,47.67924379087159,109.2702759107837,16.71252384650002,768.6650379100977,1.3719788659585048,0.45796781309259,True,
"E2 learned speed, stop-bias yaw",S1,120,55.12284085791764,7.171243407634308,30.65176394007657,55.12284085791764,16.71252384650002,768.6650379100977,1.1041161934020338,-0.018563477192700618,True,
"E2 learned speed, raw yaw",S1,120,32.20576984805767,4.189831494823943,26.04581234770098,41.40619980784435,6.248633009999914,768.6650379100977,1.1041161934020338,-0.018563477192700618,True,24600.0
"B1 hold speed, raw yaw",S1,120,193.30669825028266,24.56558905212594,81.30150450068403,193.30669825028266,8.894728899999892,786.9003175136712,3.318980324074074,1.8235502314814815,True,
"B2 true speed, stop-bias yaw",S1,120,67.25142347846192,8.546371374070963,37.011968204888,67.25142347846192,10.709166980162356,786.9003175136712,0.0,0.0,True,
"E1 learned speed, stop-bias yaw",S1,120,151.0862620265067,19.20017804845806,70.0058051160423,153.1733573819296,10.709166980162356,786.9003175136712,1.9664367119127628,0.6452549813237535,True,
"E2 learned speed, stop-bias yaw",S1,120,79.45349007719904,10.09702097061597,56.093329761435776,89.81096297097413,10.709166980162356,786.9003175136712,2.095325890109389,-0.1985514815647683,True,
"E2 learned speed, raw yaw",S1,120,70.91364353508602,9.011769592258933,52.33182606015798,84.2172228900298,8.894728899999892,786.9003175136712,2.095325890109389,-0.1985514815647683,True,25800.0
"B1 hold speed, raw yaw",S1,120,425.6924319610717,58.49694387521951,291.7343371769573,449.21778595266966,10.671699360000124,727.7173878846065,5.406355555555556,5.395216666666667,True,
"B2 true speed, stop-bias yaw",S1,120,28.29114773124925,3.88765586782095,26.015010015624462,38.406639919007304,8.143844484270463,727.7173878846065,0.0,0.0,True,
"E1 learned speed, stop-bias yaw",S1,120,246.29261305709196,33.844541460392634,150.7960770132159,248.09204833185666,8.143844484270463,727.7173878846065,3.1987568993666304,2.5631199767763193,True,
"E2 learned speed, stop-bias yaw",S1,120,196.2806209859972,26.97209442206172,115.03926944439613,197.20502919927193,8.143844484270463,727.7173878846065,2.6971203385803677,2.0036388700719114,True,
"E2 learned speed, raw yaw",S1,120,198.1052425425356,27.22282658634906,116.45949284620845,199.78553467593443,10.671699360000124,727.7173878846065,2.6971203385803677,2.0036388700719114,True,26400.0
"B1 hold speed, raw yaw",S1,120,316.35571274343783,27.380639969287255,126.8611136145403,316.35571274343783,10.76369090999966,1155.3992642184137,4.419650925925925,-2.700351851851851,True,
"B2 true speed, stop-bias yaw",S1,120,95.13094082582711,8.233598875465772,35.81537258653692,95.13094082582711,8.2358360342701,1155.3992642184137,0.0,0.0,True,
"E1 learned speed, stop-bias yaw",S1,120,98.69135604128405,8.541753409203114,97.82457123796962,133.6306320627024,8.2358360342701,1155.3992642184137,2.2185397051257096,1.1399127825914988,True,
"E2 learned speed, stop-bias yaw",S1,120,51.8498519964455,4.487613381987055,71.13636860703598,124.00524846543723,8.2358360342701,1155.3992642184137,2.389310811068949,1.7829817411383113,True,
"E2 learned speed, raw yaw",S1,120,50.40360594543402,4.362440543834884,68.09258064418728,124.76752199167447,10.76369090999966,1155.3992642184137,2.389310811068949,1.7829817411383113,True,27000.0
"B1 hold speed, raw yaw",S1,120,516.7238160815782,35.317839606209034,341.74057754755444,545.23117680408,3.385689829999987,1463.0674521516764,4.954734722222222,-4.259571296296296,True,
"B2 true speed, stop-bias yaw",S1,120,42.53682526076814,2.9073728076043848,25.810363831113047,43.320613389721316,0.5150927530000367,1463.0674521516764,0.0,0.0,True,
"E1 learned speed, stop-bias yaw",S1,120,80.70410950853841,5.516089459159932,102.21772067766842,129.703187016981,0.5150927530000367,1463.0674521516764,1.7670387896011002,-0.6596381766365715,True,
"E2 learned speed, stop-bias yaw",S1,120,189.537696976766,12.954816040642573,75.7463402580498,189.5504596213876,0.5150927530000367,1463.0674521516764,2.4579856754943483,1.5512126696128268,True,
"E2 learned speed, raw yaw",S1,120,201.7021401273843,13.786250239573631,82.74341693852233,201.81945935309392,3.385689829999987,1463.0674521516764,2.4579856754943483,1.5512126696128268,True,27600.0
"B1 hold speed, raw yaw",S1,120,387.3946305181243,32.41158972773108,200.61545846941354,387.3946305181243,2.4163383300006394,1195.2348952099464,3.835851388888889,3.7715717592592592,True,
"B2 true speed, stop-bias yaw",S1,120,37.64287563055765,3.1494123691850184,13.047899272310389,37.64287563055765,5.286935407000005,1195.2348952099464,0.0,0.0,True,
"E1 learned speed, stop-bias yaw",S1,120,119.95055639099195,10.035730789965122,72.55480519157733,119.95055639099195,5.286935407000005,1195.2348952099464,1.9298428131504435,0.5459956930413875,True,
"E2 learned speed, stop-bias yaw",S1,120,170.2815390975081,14.24670077655302,104.12752140621772,170.2815390975081,5.286935407000005,1195.2348952099464,2.362524103805255,1.4763732111369334,True,
"E2 learned speed, raw yaw",S1,120,154.15093484625996,12.897124696077661,100.14599810282382,154.15093484625996,2.4163383300006394,1195.2348952099464,2.362524103805255,1.4763732111369334,True,28200.0
"B1 hold speed, raw yaw",S1,120,356.22800020897176,31.326895051209334,150.99689437263478,356.22800020897176,7.8643561399998925,1137.1315274835067,4.494840277777777,-3.3760597222222217,True,
"B2 true speed, stop-bias yaw",S1,120,106.08440084987348,9.32912317404832,41.404074591211995,106.08440084987348,10.734953216999818,1137.1315274835067,0.0,0.0,True,
"E1 learned speed, stop-bias yaw",S1,120,112.97705069923032,9.935266762786064,55.43965368620847,112.97705069923032,10.734953216999818,1137.1315274835067,2.6239013013094152,-0.744361596356633,True,
"E2 learned speed, stop-bias yaw",S1,120,208.50902125847705,18.33640315293266,92.52122729635524,208.50902125847705,10.734953216999818,1137.1315274835067,2.4702330012861653,-1.7671782827830016,True,
"E2 learned speed, raw yaw",S1,120,198.74830594963316,17.47804023950219,88.69077115650195,198.74830594963316,7.8643561399998925,1137.1315274835067,2.4702330012861653,-1.7671782827830016,True,28800.0
"B1 hold speed, raw yaw",S1,120,275.09482695203974,23.59483128051481,184.75851998656825,275.09482695203974,1.7483013399999392,1165.911396786379,3.3692469907407405,-2.0993511574074075,True,
"B2 true speed, stop-bias yaw",S1,120,50.04688830202164,4.292512144573482,38.070601517148816,55.30631102382141,3.975266387999647,1165.911396786379,0.0,0.0,True,
"E1 learned speed, stop-bias yaw",S1,120,203.36002534028293,17.44215091308032,134.12674667530294,212.37153062447928,3.975266387999647,1165.911396786379,2.8616898506498165,-1.3927442888738089,True,
"E2 learned speed, stop-bias yaw",S1,120,182.12502534090808,15.620828979191925,119.82014002841554,189.35813191900107,3.975266387999647,1165.911396786379,2.401780393699753,-1.164883284651463,True,
"E2 learned speed, raw yaw",S1,120,172.66631205193832,14.80955692927107,115.66519280624634,179.14187505793296,1.7483013399999392,1165.911396786379,2.401780393699753,-1.164883284651463,True,29400.0
"B1 hold speed, raw yaw",S1,120,671.4126284739878,76.48230413557658,447.729501711078,747.0197777519727,3.4486934000000797,877.8666334160201,9.737672222222221,9.734021296296296,True,
"B2 true speed, stop-bias yaw",S1,120,3.62917300843815,0.4134082411033258,4.3309606015856135,5.96309762213062,1.22172835200027,877.8666334160201,0.0,0.0,True,
"E1 learned speed, stop-bias yaw",S1,120,175.66785857585342,20.010768366065076,111.37196228648074,179.30854281680567,1.22172835200027,877.8666334160201,2.7289665860949026,1.8032447372919511,True,
"E2 learned speed, stop-bias yaw",S1,120,130.44303817953667,14.859095130651793,85.37246883258065,134.76214444880594,1.22172835200027,877.8666334160201,2.093950084687155,1.3693782551576876,True,
"E2 learned speed, raw yaw",S1,120,128.01421956600078,14.582422282968233,85.85018861181723,133.84027922302994,3.4486934000000797,877.8666334160201,2.093950084687155,1.3693782551576876,True,30000.0
"B1 hold speed, raw yaw",S1,120,82.98061904686149,13.743678807640473,33.72286502773125,82.98061904686149,5.535674300000075,603.7729796241337,1.6149888888888888,0.7267208333333337,True,
"B2 true speed, stop-bias yaw",S1,120,7.116697770095457,1.1787042498201574,3.661761677740988,7.177548556885205,3.308709251999756,603.7729796241337,0.0,0.0,True,
"E1 learned speed, stop-bias yaw",S1,120,42.10321496321305,6.9733519690502765,21.387416623482018,42.50176881760972,3.308709251999756,603.7729796241337,1.6394403740824808,0.4956925949050705,True,
"E2 learned speed, stop-bias yaw",S1,120,54.55237384957041,9.035245976646861,24.143516328733483,54.55237384957041,3.308709251999756,603.7729796241337,1.6501003372193421,0.8110476469732986,True,
"E2 learned speed, raw yaw",S1,120,57.97556299515343,9.602212247266335,24.960987348649287,57.97556299515343,5.535674300000075,603.7729796241337,1.6501003372193421,0.8110476469732986,True,30600.0
"B1 hold speed, raw yaw",S1,120,164.24986722989007,35.055846713340806,126.93294377811716,198.17784159260083,7.102677800000178,468.5377265966403,2.566548842592592,2.2226502314814813,True,
"B2 true speed, stop-bias yaw",S1,120,17.537195322063475,3.742963336047661,10.69371682727078,19.423204894395607,4.875712751999706,468.5377265966403,0.0,0.0,True,
"E1 learned speed, stop-bias yaw",S1,120,109.07730149174498,23.280366830662626,70.78218567453848,111.43450525660494,4.875712751999706,468.5377265966403,1.952156797331542,0.5258204054268709,True,
"E2 learned speed, stop-bias yaw",S1,120,118.63317664464232,25.319877122034292,78.96030639550058,122.65419539754129,4.875712751999706,468.5377265966403,1.9130802217172895,0.8199810917695256,True,
"E2 learned speed, raw yaw",S1,120,118.58976916897832,25.310612665150686,79.55649004980289,122.15259812500034,7.102677800000178,468.5377265966403,1.9130802217172895,0.8199810917695256,True,31200.0
"B1 hold speed, raw yaw",S1,120,222.97614706780297,39.21991531640114,122.90529383809785,222.97614706780297,9.209682410000688,568.5278646549191,2.3858060185185184,-1.4204435185185182,True,
"B2 true speed, stop-bias yaw",S1,120,31.850091476943902,5.6022041234999165,17.030048200347288,31.850091476943902,6.842984829210135,568.5278646549191,0.0,0.0,True,
"E1 learned speed, stop-bias yaw",S1,120,57.249658759257265,10.069807008317216,56.964306662129474,90.81007583687608,6.842984829210135,568.5278646549191,1.9392497605481216,1.0323775185738149,True,
"E2 learned speed, stop-bias yaw",S1,120,84.45742241121637,14.85545874914675,50.584378489730575,84.45742241121637,6.842984829210135,568.5278646549191,1.2098969662177173,-0.377157757220832,True,
"E2 learned speed, raw yaw",S1,120,91.84136812386998,16.154242181184063,52.675772592693356,91.84136812386998,9.209682410000688,568.5278646549191,1.2098969662177173,-0.377157757220832,True,31800.0
"B1 hold speed, raw yaw",S1,120,73.57972247184726,9.876207848956255,55.265037195330756,80.06352217803591,9.339705179999912,745.01998739955,1.7739305555555551,1.1188129629629628,True,
"B2 true speed, stop-bias yaw",S1,120,41.353641381394574,5.550675428955552,21.420794809987935,41.49187541649746,9.892832963435913,745.01998739955,0.0,0.0,True,
"E1 learned speed, stop-bias yaw",S1,120,84.43276802944435,11.332953404935099,56.72308343744774,95.46332143172818,9.892832963435913,745.01998739955,1.6933754866281594,0.6447280259773793,True,
"E2 learned speed, stop-bias yaw",S1,120,81.9340654446147,10.99756608283771,50.20455926528125,83.4049630861583,9.892832963435913,745.01998739955,1.4492322774357331,0.250233007840412,True,
"E2 learned speed, raw yaw",S1,120,80.41993579761235,10.794332656538998,49.32351945723662,81.83405195748036,9.339705179999912,745.01998739955,1.4492322774357331,0.250233007840412,True,32400.0
"B1 hold speed, raw yaw",S1,120,197.28612114410296,34.136419983105526,105.84217479245069,197.28612114410296,9.985616589999553,577.9344208963388,4.149297222222223,4.093026388888889,True,
"B2 true speed, stop-bias yaw",S1,120,22.75989832487543,3.9381454888214313,9.036663107296578,22.75989832487543,10.538744373434792,577.9344208963388,0.0,0.0,True,
"E1 learned speed, stop-bias yaw",S1,120,7.931146970385969,1.3723264584388786,51.05762185310039,77.41839364663049,10.538744373434792,577.9344208963388,2.1904637001440856,1.1457191405944378,True,
"E2 learned speed, stop-bias yaw",S1,120,27.817452414009697,4.813254135454787,28.6912752323262,46.40132262921775,10.538744373434792,577.9344208963388,1.7323086142134594,0.7418146739272964,True,
"E2 learned speed, raw yaw",S1,120,26.60995683648711,4.6043211607325265,28.719793463992428,46.56708375532558,9.985616589999553,577.9344208963388,1.7323086142134594,0.7418146739272964,True,33000.0
"B1 hold speed, raw yaw",S1,120,192.18852232843187,32.80782384767222,148.62419106594677,210.76555384968543,14.301580960000232,585.8008846327917,2.2690662037037037,1.491536111111111,True,
"B2 true speed, stop-bias yaw",S1,120,57.34921040398135,9.789881153889107,23.753871015664725,57.34921040398135,14.732837855519856,585.8008846327917,0.0,0.0,True,
"E1 learned speed, stop-bias yaw",S1,120,79.86845932279137,13.634062600102896,73.90501305405144,124.12425923753374,14.732837855519856,585.8008846327917,2.286911168410053,0.3689242592730517,True,
"E2 learned speed, stop-bias yaw",S1,120,86.38341325532633,14.746207375476333,62.683057002473994,113.0716104474865,14.732837855519856,585.8008846327917,1.9271479567285397,0.01361396309475038,True,
"E2 learned speed, raw yaw",S1,120,84.97415693972161,14.505638207253224,62.235598353346646,112.14297651416034,14.301580960000232,585.8008846327917,1.9271479567285397,0.01361396309475038,True,33600.0
"B1 hold speed, raw yaw",S1,120,252.07028111779007,25.11427960897349,118.6076018025389,252.07028111779007,8.68266098000016,1003.6930584611464,3.3313490740740748,-2.6850847222222227,True,
"B2 true speed, stop-bias yaw",S1,120,103.53717688046328,10.315621494802963,46.119129031938144,103.53717688046328,14.497653910999597,1003.6930584611464,0.0,0.0,True,
"E1 learned speed, stop-bias yaw",S1,120,106.3173386668751,10.592614721265477,64.01000894369967,106.3173386668751,14.497653910999597,1003.6930584611464,2.116663782265132,-1.1399137710295777,True,
"E2 learned speed, stop-bias yaw",S1,120,146.42786361594537,14.588908668995611,86.81239523366533,146.42786361594537,14.497653910999597,1003.6930584611464,2.519498942423823,-2.0027554623647013,True,
"E2 learned speed, raw yaw",S1,120,135.0416409088945,13.454475924735316,81.64488145136646,135.0416409088945,8.68266098000016,1003.6930584611464,2.519498942423823,-2.0027554623647013,True,34200.0
"B1 hold speed, raw yaw",S1,120,286.4667095133822,19.311985400613683,239.28173256383948,364.7078746875649,15.618617970000093,1483.3622932641565,4.82015925925926,-0.4199925925925934,True,
"B2 true speed, stop-bias yaw",S1,120,173.28761001031296,11.682082711499394,97.05009272711773,173.28761001031296,21.385066531238277,1483.3622932641565,0.0,0.0,True,
"E1 learned speed, stop-bias yaw",S1,120,242.3751533835204,16.339578974342874,169.7582423932835,266.5222972741409,21.385066531238277,1483.3622932641565,2.6990187360457,-0.6110827346659623,True,
"E2 learned speed, stop-bias yaw",S1,120,207.30168968897817,13.975121966516241,118.85892231693992,207.30168968897817,21.385066531238277,1483.3622932641565,1.6112081630979147,0.031943016660234115,True,
"E2 learned speed, raw yaw",S1,120,148.89218648512482,10.037479526157146,90.57752392719065,153.6761077504549,15.618617970000093,1483.3622932641565,1.6112081630979147,0.031943016660234115,True,35400.0
"B1 hold speed, raw yaw",S1,120,248.80020120231612,30.936520463774063,382.70984697381454,618.6168214437879,20.575684280000196,804.228133844772,11.457814120370374,11.407999305555558,True,
"B2 true speed, stop-bias yaw",S1,120,29.425256845588212,3.6588196318021033,26.844679977799466,50.4149004239221,26.342132841238428,804.228133844772,0.0,0.0,True,
"E1 learned speed, stop-bias yaw",S1,120,211.32327204564322,26.27653313188267,201.60915235804333,311.3558956315715,26.342132841238428,804.228133844772,4.881120685026311,4.067094657285963,True,
"E2 learned speed, stop-bias yaw",S1,120,140.26361018908878,17.440773865809792,105.18269426166368,174.0796459472647,26.342132841238428,804.228133844772,3.028422998052956,1.7593281753346135,True,
"E2 learned speed, raw yaw",S1,120,138.3423596647006,17.20188014355175,103.2661160202888,174.04933999174196,20.575684280000196,804.228133844772,3.028422998052956,1.7593281753346135,True,36000.0
"B1 hold speed, raw yaw",S1,120,386.2129332686874,45.586615657204405,151.5643262661702,386.2129332686874,7.414650560001256,847.2068560054452,4.354094675925926,-2.3100988425925926,True,
"B2 true speed, stop-bias yaw",S1,120,130.56848641177436,15.411641854198495,51.383268980632586,130.56848641177436,13.181099121234503,847.2068560054452,0.0,0.0,True,
"E1 learned speed, stop-bias yaw",S1,120,233.35410455427342,27.54393486078843,114.40328222115443,233.35410455427342,13.181099121234503,847.2068560054452,2.4776067680109137,0.12391751528843732,True,
"E2 learned speed, stop-bias yaw",S1,120,108.55560558878257,12.813353057672241,60.44994509946533,108.55560558878257,13.181099121234503,847.2068560054452,1.8511895718788582,0.5245723431174281,True,
"E2 learned speed, raw yaw",S1,120,62.14204088587677,7.334931303421531,51.569696688565806,85.05119985679785,7.414650560001256,847.2068560054452,1.8511895718788582,0.5245723431174281,True,36600.0
"B1 hold speed, raw yaw",S1,120,228.522229506965,20.84043657834787,151.28012499563323,233.65428095119807,7.812387540000155,1096.5328324474149,3.6960409722222223,-1.5418706018518515,True,
"B2 true speed, stop-bias yaw",S1,120,7.779579132800601,0.7094706973284977,12.013644243122018,19.063681835498556,2.0459389787619218,1096.5328324474149,0.0,0.0,True,
"E1 learned speed, stop-bias yaw",S1,120,117.5147382575596,10.716937494271985,72.98754843699751,119.83672924779798,2.0459389787619218,1096.5328324474149,2.2295960445393455,-0.3885219574204261,True,
"E2 learned speed, stop-bias yaw",S1,120,54.270378450419145,4.949270723548693,38.19916352099883,72.20394078266888,2.0459389787619218,1096.5328324474149,2.523633918868344,1.1587704405706496,True,
"E2 learned speed, raw yaw",S1,120,42.29698767008501,3.8573389157605,43.73942945291419,71.68388831667825,7.812387540000155,1096.5328324474149,2.523633918868344,1.1587704405706496,True,37200.0
"B1 hold speed, raw yaw",S1,120,694.6298734352858,86.65230660845562,352.09946859229154,694.6298734352858,4.503370620000364,801.628832079472,8.266041666666666,8.263310185185185,True,
"B2 true speed, stop-bias yaw",S1,120,11.318695175651007,1.411962085531486,9.431477674564118,13.942239850946725,0.8137812463035801,801.628832079472,0.0,0.0,True,
"E1 learned speed, stop-bias yaw",S1,120,255.94798130926108,31.92848997775156,135.93532537676316,264.79812314903717,0.8137812463035801,801.628832079472,3.790599403475388,3.1086063209885233,True,
"E2 learned speed, stop-bias yaw",S1,120,266.24447227707844,33.212936164786484,124.18629905349084,268.11776123331276,0.8137812463035801,801.628832079472,3.47062993735271,2.4660460373658606,True,
"E2 learned speed, raw yaw",S1,120,259.51897526112623,32.37395723254101,122.24954615083068,265.3566674011116,4.503370620000364,801.628832079472,3.47062993735271,2.4660460373658606,True,37800.0
"B1 hold speed, raw yaw",S1,120,69.15586185785153,10.832434588755737,52.88406959956184,87.0676164078234,1.0246103300000653,638.4147653163451,2.5201217592592595,0.7474638888888885,True,
"B2 true speed, stop-bias yaw",S1,120,25.42919453467728,3.9831776951582087,10.918753994768231,25.42919453467728,6.048827761619046,638.4147653163451,0.0,0.0,True,
"E1 learned speed, stop-bias yaw",S1,120,92.68851265672086,14.518541501901538,93.79011590044091,142.1255505672476,6.048827761619046,638.4147653163451,2.999522393702536,2.5681302241526374,True,
"E2 learned speed, stop-bias yaw",S1,120,110.52543476629435,17.31248097175935,106.67822656297746,167.46546259693562,6.048827761619046,638.4147653163451,3.5346382038694877,3.186124698744195,True,
"E2 learned speed, raw yaw",S1,120,88.12108648370824,13.803109086933912,101.67131867918721,163.3556670085777,1.0246103300000653,638.4147653163451,3.5346382038694877,3.186124698744195,True,38400.0
"B1 hold speed, raw yaw",S1,120,75.74437298503265,9.766632389441295,71.32850070676216,97.88192341653685,4.719698030000049,775.5423769908641,2.1964733796296296,0.9794821759259258,True,
"B2 true speed, stop-bias yaw",S1,120,24.39909591673909,3.1460686921337,9.992780338168075,24.39909591673909,7.467223665708548,775.5423769908641,0.0,0.0,True,
"E1 learned speed, stop-bias yaw",S1,120,66.06661759552382,8.518763068997593,74.82818324722412,104.2013425714119,7.467223665708548,775.5423769908641,1.8920702901463422,1.1463727903743508,True,
"E2 learned speed, stop-bias yaw",S1,120,39.41118886687991,5.081758268296946,23.098491697219952,39.97770012428418,7.467223665708548,775.5423769908641,1.618266763668199,0.41320099202752325,True,
"E2 learned speed, raw yaw",S1,120,32.59401437259231,4.2027380243305865,20.16967349896367,34.47793112245943,4.719698030000049,775.5423769908641,1.618266763668199,0.41320099202752325,True,39000.0
"B1 hold speed, raw yaw",S1,120,5.72541139837082,0.8322317191392845,58.50719589490094,95.2028995751192,10.058720810000155,687.9588060272671,2.198413194444445,-0.5386599537037039,True,
"B2 true speed, stop-bias yaw",S1,120,20.43303350853367,2.970095495474159,16.722558227921773,28.969775918819064,12.696345420279945,687.9588060272671,0.0,0.0,True,
"E1 learned speed, stop-bias yaw",S1,120,152.93367408159037,22.230062722030027,68.83256558028,152.93367408159037,12.696345420279945,687.9588060272671,2.396754999716621,1.5010893493600548,True,
"E2 learned speed, stop-bias yaw",S1,120,220.58906173077338,32.06428347136099,107.02046134665547,220.58906173077338,12.696345420279945,687.9588060272671,2.7233211755152262,2.4005841200689733,True,
"E2 learned speed, raw yaw",S1,120,217.83777445632836,31.664363119976464,106.71919530344903,217.83777445632836,10.058720810000155,687.9588060272671,2.7233211755152262,2.4005841200689733,True,39600.0
"B1 hold speed, raw yaw",S1,120,193.44656714865113,24.880047666525474,128.84363220974066,193.44656714865113,10.679690780000103,777.5168670955611,2.9219175925925924,0.8811851851851854,True,
"B2 true speed, stop-bias yaw",S1,120,72.43187697513068,9.315794941620013,28.06846776642888,72.43187697513068,13.317315390280822,777.5168670955611,0.0,0.0,True,
"E1 learned speed, stop-bias yaw",S1,120,168.55534100999515,21.678673240831284,110.1200809185246,168.55534100999515,13.317315390280822,777.5168670955611,2.1352121044684385,1.212783257978722,True,
"E2 learned speed, stop-bias yaw",S1,120,175.2469226231412,22.53930815389017,109.498969033322,175.2469226231412,13.317315390280822,777.5168670955611,2.2941819451661276,1.5505658009683416,True,
"E2 learned speed, raw yaw",S1,120,160.15913198445827,20.598798400700655,104.41433506206137,160.15913198445827,10.679690780000103,777.5168670955611,2.2941819451661276,1.5505658009683416,True,40200.0
"B1 hold speed, raw yaw",S1,120,244.6022046576646,25.576253544964136,107.92709394056601,244.6022046576646,7.93770185999996,956.3644817159932,2.6946583333333343,2.6634388888888902,True,
"B2 true speed, stop-bias yaw",S1,120,91.45527092513515,9.562805046987743,43.963027039894065,91.45527092513515,11.480035798500118,956.3644817159932,0.0,0.0,True,
"E1 learned speed, stop-bias yaw",S1,120,132.76317593831965,13.882068863547117,82.92583256874893,139.3245519924222,11.480035798500118,956.3644817159932,1.6743354099090808,0.5662590253684957,True,
"E2 learned speed, stop-bias yaw",S1,120,170.4777650311143,17.825606062369452,103.97640416178145,179.86239451992188,11.480035798500118,956.3644817159932,1.9078591478672577,1.3150535340319895,True,
"E2 learned speed, raw yaw",S1,120,160.21405558782615,16.7524054532385,99.43740830052215,170.4840107982634,7.93770185999996,956.3644817159932,1.9078591478672577,1.3150535340319895,True,40800.0
"B1 hold speed, raw yaw",S1,120,324.1284939559831,36.67574557933364,176.153471699607,324.1284939559831,9.808604370000088,883.7679748182836,4.2844189814814815,3.068475925925927,True,
"B2 true speed, stop-bias yaw",S1,120,74.24349008057025,8.400789822219556,44.594946300648886,74.24382380115426,8.20978794252305,883.7679748182836,0.0,0.0,True,
"E1 learned speed, stop-bias yaw",S1,120,85.87392749491075,9.716795577772295,58.33117631846474,97.8449003915758,8.20978794252305,883.7679748182836,1.6097080514280844,-0.3682180730835972,True,
"E2 learned speed, stop-bias yaw",S1,120,131.4572175749139,14.87463014282041,78.55832048661676,136.13471510498414,8.20978794252305,883.7679748182836,1.7104711998692097,-0.5667733444193004,True,
"E2 learned speed, raw yaw",S1,120,137.9361036224173,15.607728221966756,82.2897451164992,142.25388846591198,9.808604370000088,883.7679748182836,1.7104711998692097,-0.5667733444193004,True,41400.0
"B1 hold speed, raw yaw",S1,120,92.70688391113224,19.712324279447206,142.50886517004437,253.90625771019273,3.7663314999998017,470.29910119625947,4.940145601851852,0.725483564814815,True,
"B2 true speed, stop-bias yaw",S1,120,31.879164496943442,6.778487225651749,27.74342408503123,31.879164496943442,0.38717524850086055,470.29910119625947,0.0,0.0,True,
"E1 learned speed, stop-bias yaw",S1,120,58.86697788766041,12.516923323460652,63.55536598206726,92.55907628394053,0.38717524850086055,470.29910119625947,1.1514825903198849,-0.3775523259853361,True,
"E2 learned speed, stop-bias yaw",S1,120,105.16450360869052,22.361195958315164,88.60147353627272,105.5989406482189,0.38717524850086055,470.29910119625947,1.0413014445991706,-0.8039264001839045,True,
"E2 learned speed, raw yaw",S1,120,106.69912164790863,22.687502777808255,89.53786280383953,106.98716214789933,3.7663314999998017,470.29910119625947,1.0413014445991706,-0.8039264001839045,True,42000.0
"B1 hold speed, raw yaw",S1,120,294.06147092790764,31.22292727177728,226.12586090577983,309.4056876339874,4.788642970000495,941.8126249607377,4.387715277777778,-3.6670476851851843,True,
"B2 true speed, stop-bias yaw",S1,120,16.940659407816053,1.7987292757433864,5.935323095163506,16.940659407816053,4.0494532286290985,941.8126249607377,0.0,0.0,True,
"E1 learned speed, stop-bias yaw",S1,120,89.19938733654183,9.471033300308582,49.52619062660095,90.66639741828986,4.0494532286290985,941.8126249607377,1.6621447222979562,0.32203000247618185,True,
"E2 learned speed, stop-bias yaw",S1,120,123.19342770366981,13.080460426914058,64.2739416357897,123.19342770366981,4.0494532286290985,941.8126249607377,1.7625809082183188,-0.06352321704556146,True,
"E2 learned speed, raw yaw",S1,120,127.00563895436683,13.485234279978084,65.60583880747788,127.00563895436683,4.788642970000495,941.8126249607377,1.7625809082183188,-0.06352321704556146,True,43200.0
"B1 hold speed, raw yaw",S1,120,106.06928205062765,13.767114313125855,173.31346907674885,253.23372480937425,5.78766428000108,770.4539937574207,4.130405787037037,3.9648881944444443,True,
"B2 true speed, stop-bias yaw",S1,120,7.495670875586022,0.9728901318338876,6.738977806462608,10.799178103158658,4.727614113637634,770.4539937574207,0.0,0.0,True,
"E1 learned speed, stop-bias yaw",S1,120,61.138758396631395,7.935419751472024,38.76138209767301,75.24845253695175,4.727614113637634,770.4539937574207,1.969157188928288,0.24268519792033108,True,
"E2 learned speed, stop-bias yaw",S1,120,50.48442470335319,6.552555391029401,56.250713152889084,97.22936606778238,4.727614113637634,770.4539937574207,2.067732388872011,1.1563346505017627,True,
"E2 learned speed, raw yaw",S1,120,47.9659710811159,6.225676220742404,55.80410188892066,96.25856647727014,5.78766428000108,770.4539937574207,2.067732388872011,1.1563346505017627,True,43800.0
"B1 hold speed, raw yaw",S1,120,402.04228186068013,42.61051410050323,219.0805311380889,402.04228186068013,2.7336939299998173,943.5283529140336,4.995472916666666,-4.259032638888889,True,
"B2 true speed, stop-bias yaw",S1,120,12.221885999429896,1.295338498486378,6.926922491741089,12.419174268806625,1.6944972095330262,943.5283529140336,0.0,0.0,True,
"E1 learned speed, stop-bias yaw",S1,120,61.47077065493451,6.5149892385412205,52.04701227845453,80.94435111556884,1.6944972095330262,943.5283529140336,2.081168287567241,-0.5907047055838006,True,
"E2 learned speed, stop-bias yaw",S1,120,147.06795877219037,15.587020603883216,66.03794762549735,147.06795877219037,1.6944972095330262,943.5283529140336,2.6415695260425274,-1.5113757599216298,True,
"E2 learned speed, raw yaw",S1,120,148.43185176563307,15.731573016031765,66.00280019582698,148.43185176563307,2.7336939299998173,943.5283529140336,2.6415695260425274,-1.5113757599216298,True,44400.0
"B1 hold speed, raw yaw",S1,120,125.68718789670235,12.490290286751339,109.92282447436756,144.39374829680182,4.756635829998643,1006.279157739199,3.330733564814815,-1.7277423611111105,True,
"B2 true speed, stop-bias yaw",S1,120,9.008713576443936,0.8952499420423011,3.8774391452212966,9.008713576443936,3.7174391095365347,1006.279157739199,0.0,0.0,True,
"E1 learned speed, stop-bias yaw",S1,120,51.283532874615965,5.096352486305525,38.15902960983169,54.80446530883338,3.7174391095365347,1006.279157739199,1.9437452800018058,-0.1568062872019304,True,
"E2 learned speed, stop-bias yaw",S1,120,95.78496428527068,9.518726841214733,80.55222019207547,107.0974387270021,3.7174391095365347,1006.279157739199,2.1218169568075185,-1.25552229116845,True,
"E2 learned speed, raw yaw",S1,120,91.9208597738036,9.134727581988443,79.89662864481247,105.672805882286,4.756635829998643,1006.279157739199,2.1218169568075185,-1.25552229116845,True,45000.0
"B1 hold speed, raw yaw",S1,120,281.65405189936314,56.78422092463714,130.55454167658485,284.7206823762024,5.843398239998862,496.00760090231523,4.047721296296296,2.3460162037037042,True,
"B2 true speed, stop-bias yaw",S1,120,17.49440644678149,3.5270440241150407,11.085998999135999,17.49440644678149,4.804201519547441,496.00760090231523,0.0,0.0,True,
"E1 learned speed, stop-bias yaw",S1,120,35.15581218074677,7.087756743403299,33.007829613175076,43.33964592809623,4.804201519547441,496.00760090231523,1.13930391192933,0.18152173084031012,True,
"E2 learned speed, stop-bias yaw",S1,120,20.29856592230889,4.092390093495066,16.18882743116115,32.343199157447685,4.804201519547441,496.00760090231523,0.9533968356876111,0.07852913503793836,True,
"E2 learned speed, raw yaw",S1,120,22.53912000022838,4.54410778367634,16.972718008017683,32.44050599696756,5.843398239998862,496.00760090231523,0.9533968356876111,0.07852913503793836,True,45600.0
"B1 hold speed, raw yaw",S1,120,81.51376625508041,10.074362919421171,87.86483837508322,152.65044449121785,17.023699690000022,809.1208040355552,3.7224388888888886,0.26592685185185255,True,
"B2 true speed, stop-bias yaw",S1,120,40.45498558448536,4.9998696588584615,23.333928813798106,40.554266526801634,15.824623648658676,809.1208040355552,0.0,0.0,True,
"E1 learned speed, stop-bias yaw",S1,120,24.13214293729632,2.9825142076356594,40.298167715559714,81.90220750698144,15.824623648658676,809.1208040355552,2.4036815684708612,0.2357099805880941,True,
"E2 learned speed, stop-bias yaw",S1,120,26.773443476627225,3.3089550216843415,38.29649017046628,65.01067271477851,15.824623648658676,809.1208040355552,2.2738166106144853,0.38933202337032585,True,
"E2 learned speed, raw yaw",S1,120,30.259730552095732,3.739828515244311,38.7529858997363,66.13187144951367,17.023699690000022,809.1208040355552,2.2738166106144853,0.38933202337032585,True,46800.0
"B1 hold speed, raw yaw",S1,120,461.8230398444441,78.75914570540411,195.96061455032455,461.8230398444441,3.430480070000466,586.3738562780727,4.857456481481481,-2.3867874999999996,True,
"B2 true speed, stop-bias yaw",S1,120,5.77768794879741,0.9853249572671074,2.5661264892722473,5.77768794879741,0.7907197886507294,586.3738562780727,0.0,0.0,True,
"E1 learned speed, stop-bias yaw",S1,120,115.86731506707129,19.759972895538542,44.577356032803635,115.86731506707129,0.7907197886507294,586.3738562780727,1.660168831626251,-0.6036742727445721,True,
"E2 learned speed, stop-bias yaw",S1,120,132.38010234513038,22.57605807758805,42.7967851493679,132.38010234513038,0.7907197886507294,586.3738562780727,1.7014029446324543,-0.7917575670854238,True,
"E2 learned speed, raw yaw",S1,120,137.92869144065276,23.52231259356209,45.08515711412053,137.92869144065276,3.430480070000466,586.3738562780727,1.7014029446324543,-0.7917575670854238,True,48000.0
"B1 hold speed, raw yaw",S1,120,387.1305332138247,41.16466333763181,300.448411599279,387.1305332138247,6.952436980000143,940.4438220193549,5.65161574074074,2.445411574074075,True,
"B2 true speed, stop-bias yaw",S1,120,42.32466133211031,4.500498630660284,25.852724587517404,42.610331877273424,4.021429312982832,940.4438220193549,0.0,0.0,True,
"E1 learned speed, stop-bias yaw",S1,120,115.0801815395535,12.236794888231513,76.21906727971579,124.042330754039,4.021429312982832,940.4438220193549,1.368124410268757,-0.6325226439366155,True,
"E2 learned speed, stop-bias yaw",S1,120,263.58954000266516,28.02820687754386,159.66523788855903,272.5421431281696,4.021429312982832,940.4438220193549,2.6384330301206873,-2.246088646832262,True,
"E2 learned speed, raw yaw",S1,120,261.0531174492357,27.758502032443896,158.43160696813177,270.53950234801454,6.952436980000143,940.4438220193549,2.6384330301206873,-2.246088646832262,True,49200.0
"B1 hold speed, raw yaw",S1,120,946.9375687950254,125.58980871236048,472.1315252429689,946.9375687950254,5.100461349999971,753.9923649090074,7.953360185185185,7.899014351851852,True,
"B2 true speed, stop-bias yaw",S1,120,21.062713752435158,2.793491649610673,13.055474355934132,21.062713752435158,2.5337488547548666,753.9923649090074,0.0,0.0,True,
"E1 learned speed, stop-bias yaw",S1,120,149.95279104007972,19.887839455532973,60.81182332000714,149.95279104007972,2.5337488547548666,753.9923649090074,2.0499887848052185,1.233460086438707,True,
"E2 learned speed, stop-bias yaw",S1,120,67.40124847825408,8.93924814296868,38.77960160285386,68.81142369623291,2.5337488547548666,753.9923649090074,1.462535969439824,0.513959092866741,True,
"E2 learned speed, raw yaw",S1,120,72.61603402501939,9.630871266684878,41.26758043062933,72.61603402501939,5.100461349999971,753.9923649090074,1.462535969439824,0.513959092866741,True,49800.0
"B1 hold speed, raw yaw",S2,30,167.20305105682084,521.5824534016269,89.55681762430575,167.20305105682084,6.430030109999991,32.0568780576044,5.62191111111111,5.620218518518518,True,
"B2 true speed, stop-bias yaw",S2,30,1.0890250845177252,3.397165134299131,0.9984343041400134,1.2761971826156024,15.588812226421084,32.0568780576044,0.0,0.0,True,
"E1 learned speed, stop-bias yaw",S2,30,49.89018255759225,155.63019726357135,42.68677617535428,52.23389391076392,15.588812226421084,32.0568780576044,2.0090188656204657,1.6850487894363813,True,
"E2 learned speed, stop-bias yaw",S2,30,34.85980193028734,108.74359589117269,30.22508413068279,37.20476584689579,15.588812226421084,32.0568780576044,1.4644001631745258,1.1835416663412475,True,
"E2 learned speed, raw yaw",S2,30,34.82836449067829,108.64552820175965,30.189270948724232,37.162045445881155,6.430030109999991,32.0568780576044,1.4644001631745258,1.1835416663412475,True,600.0
"B1 hold speed, raw yaw",S2,30,81.51246572772254,26.925025220622537,47.042938197363135,81.51246572772254,1.3111741199998659,302.73867920201667,3.3839009259259267,-3.3839009259259267,True,
"B2 true speed, stop-bias yaw",S2,30,10.374394769027964,3.4268481306629335,5.351507157050577,10.374394769027964,4.0907765094567345,302.73867920201667,0.0,0.0,True,
"E1 learned speed, stop-bias yaw",S2,30,57.756428981353665,19.07798142397687,38.255011972462896,57.756428981353665,4.0907765094567345,302.73867920201667,2.090146499722041,-2.0362488154244023,True,
"E2 learned speed, stop-bias yaw",S2,30,51.97080917658267,17.166887730887765,33.571273451268155,51.97080917658267,4.0907765094567345,302.73867920201667,2.132449948554641,-1.9114094418958931,True,
"E2 learned speed, raw yaw",S2,30,49.22969155437292,16.261447557390607,33.00646791113779,49.22969155437292,1.3111741199998659,302.73867920201667,2.132449948554641,-1.9114094418958931,True,1800.0
"B1 hold speed, raw yaw",S2,30,240.99515770524934,144.88195444532,116.778492283792,240.99515770524934,1.3328655200000032,166.33897480738602,8.081883333333334,8.046024074074074,True,
"B2 true speed, stop-bias yaw",S2,30,0.8487729606906649,0.5102670385419356,1.2242033811567614,1.7744363824468914,1.4467368694568146,166.33897480738602,0.0,0.0,True,
"E1 learned speed, stop-bias yaw",S2,30,4.088606886585676,2.457996925447041,5.633181459993989,9.593791633598459,1.4467368694568146,166.33897480738602,1.5056945626481242,-0.13206122595154743,True,
"E2 learned speed, stop-bias yaw",S2,30,24.059309938502643,14.464024421433626,12.110312638425617,24.059309938502643,1.4467368694568146,166.33897480738602,1.2411984609792546,-0.8188200476196102,True,
"E2 learned speed, raw yaw",S2,30,24.188559764421143,14.541727092180617,12.23148184821128,24.188559764421143,1.3328655200000032,166.33897480738602,1.2411984609792546,-0.8188200476196102,True,2400.0
"B1 hold speed, raw yaw",S2,30,147.0846715629964,59.93740790065863,80.50911449066864,147.0846715629964,2.470804729999916,245.397117951409,6.1946407407407404,6.1934462962962975,True,
"B2 true speed, stop-bias yaw",S2,30,5.899291621117182,2.4039775488664454,5.24129122137333,7.064344053554583,1.2013368007586513,245.397117951409,0.0,0.0,True,
"E1 learned speed, stop-bias yaw",S2,30,26.068481534251063,10.62297787026695,15.612784426254901,26.068481534251063,1.2013368007586513,245.397117951409,1.4513598922425714,1.2651629226253347,True,
"E2 learned speed, stop-bias yaw",S2,30,15.90096456965092,6.479686763395268,6.050974694483344,15.90096456965092,1.2013368007586513,245.397117951409,0.9286103196186851,-0.3872842050032005,True,
"E2 learned speed, raw yaw",S2,30,15.756153332918382,6.420675786436193,6.10623374879785,15.756153332918382,2.470804729999916,245.397117951409,0.9286103196186851,-0.3872842050032005,True,4800.0
"B1 hold speed, raw yaw",S2,30,23.16454881798769,9.823246555757995,11.26346638702744,23.16454881798769,2.7741874499999617,235.81357432599057,1.239485185185185,0.9687240740740737,True,
"B2 true speed, stop-bias yaw",S2,30,8.417241943531195,3.569447589092192,4.619808319652782,8.417241943531195,4.0436553792413275,235.81357432599057,0.0,0.0,True,
"E1 learned speed, stop-bias yaw",S2,30,16.039585958394788,6.801807743358123,8.268851576545963,16.039585958394788,4.0436553792413275,235.81357432599057,1.0677179980788138,0.6785026475300832,True,
"E2 learned speed, stop-bias yaw",S2,30,15.699743825297945,6.65769299760263,7.323004286682423,15.699743825297945,4.0436553792413275,235.81357432599057,0.9354859596927596,0.724915397955107,True,
"E2 learned speed, raw yaw",S2,30,14.998634260796337,6.360377812713234,6.712570768286623,14.998634260796337,2.7741874499999617,235.81357432599057,0.9354859596927596,0.724915397955107,True,5400.0
"B1 hold speed, raw yaw",S2,30,74.4409534079139,66.03550045173512,58.856098749133466,74.4409534079139,0.007823130000100894,112.72868820358568,3.7084462962962963,2.508472222222222,True,
"B2 true speed, stop-bias yaw",S2,30,2.5250445817713936,2.239930777169353,1.571655626378322,2.5250445817713936,1.2616447992414432,112.72868820358568,0.0,0.0,True,
"E1 learned speed, stop-bias yaw",S2,30,44.86928015087137,39.802893891427516,38.1714394020265,47.3154839121907,1.2616447992414432,112.72868820358568,2.7027080027676864,1.4920100064449349,True,
"E2 learned speed, stop-bias yaw",S2,30,32.5844030413088,28.90515587519483,27.853673698137275,35.159613419272674,1.2616447992414432,112.72868820358568,1.8460574399345229,1.1098084205891965,True,
"E2 learned speed, raw yaw",S2,30,34.07170914142221,30.224523752010146,28.32569120110727,35.19082987153353,0.007823130000100894,112.72868820358568,1.8460574399345229,1.1098084205891965,True,6000.0
"B1 hold speed, raw yaw",S2,30,17.872850471484746,10.999887931805505,20.069208118319267,25.223092749731105,19.476159040000002,162.4821142023319,0.9136499999999997,-0.8262370370370367,True,
"B2 true speed, stop-bias yaw",S2,30,20.44873302610104,12.585220918923495,13.97528206326057,20.44873302610104,20.738895268948294,162.4821142023319,0.0,0.0,True,
"E1 learned speed, stop-bias yaw",S2,30,39.529283639530036,24.328390748477055,27.909829172972636,43.537945478886755,20.738895268948294,162.4821142023319,2.0830776675556413,0.7315517094569721,True,
"E2 learned speed, stop-bias yaw",S2,30,61.832692976013156,38.05507657231466,43.81724569276507,61.832692976013156,20.738895268948294,162.4821142023319,3.028288806070142,2.0515573245886607,True,
"E2 learned speed, raw yaw",S2,30,60.418593443630854,37.184765683436524,43.29567626656167,60.418593443630854,19.476159040000002,162.4821142023319,3.028288806070142,2.0515573245886607,True,6600.0
"B1 hold speed, raw yaw",S2,30,43.317761691254866,26.813909268900012,30.63763650346945,43.317761691254866,6.68315442,161.54959449160503,1.6728703703703705,1.567390740740741,True,
"B2 true speed, stop-bias yaw",S2,30,7.797037273832047,4.826404732471936,2.790815243633541,7.797037273832047,7.978826894166654,161.54959449160503,0.0,0.0,True,
"E1 learned speed, stop-bias yaw",S2,30,26.010616711604804,16.100700712657282,26.841905924514386,33.69568434106037,7.978826894166654,161.54959449160503,2.0795037430299574,0.7649050353289468,True,
"E2 learned speed, stop-bias yaw",S2,30,21.909167325692486,13.561883206603161,18.868571486424823,24.90584823360468,7.978826894166654,161.54959449160503,1.764806042835051,0.38579531287850494,True,
"E2 learned speed, raw yaw",S2,30,20.909047873464058,12.942804306791745,18.998272653541605,25.417106087956142,6.68315442,161.54959449160503,1.764806042835051,0.38579531287850494,True,7200.0
"B1 hold speed, raw yaw",S2,30,110.89270830227282,91.8577569890206,65.91110719668089,110.95081872971326,7.148182519999827,120.72220347763053,4.31821388888889,4.318208333333334,True,
"B2 true speed, stop-bias yaw",S2,30,7.28638939497665,6.035666335668563,4.560150159523804,7.9192611841330125,8.443854994166594,120.72220347763053,0.0,0.0,True,
"E1 learned speed, stop-bias yaw",S2,30,65.89299768909726,54.582335138794114,40.16535947901304,67.85909054931113,8.443854994166594,120.72220347763053,2.647731132190347,2.376548363210282,True,
"E2 learned speed, stop-bias yaw",S2,30,72.23822068686235,59.838388138970544,41.599667518907296,73.5402644818743,8.443854994166594,120.72220347763053,2.718523066338459,2.63863892597065,True,
"E2 learned speed, raw yaw",S2,30,72.19823551161848,59.805266497638605,41.41030793585925,73.26810127820288,7.148182519999827,120.72220347763053,2.718523066338459,2.63863892597065,True,8400.0
"B1 hold speed, raw yaw",S2,30,64.5150847167031,23.99207488929712,35.4504313661409,64.54655864424363,2.6901835900000397,268.9016477915519,2.9471601851851856,2.8392120370370373,True,
"B2 true speed, stop-bias yaw",S2,30,18.783198769542373,6.985155696815513,11.646074187601835,18.783198769542373,3.031712583168126,268.9016477915519,0.0,0.0,True,
"E1 learned speed, stop-bias yaw",S2,30,17.60310670296063,6.546299305910638,9.5995804060935,18.883441549558807,3.031712583168126,268.9016477915519,1.5068593669230848,0.9866185945667965,True,
"E2 learned speed, stop-bias yaw",S2,30,49.95787974655382,18.578495207020946,31.732012283545096,49.95787974655382,3.031712583168126,268.9016477915519,1.5542855242083713,-1.1232977520504615,True,
"E2 learned speed, raw yaw",S2,30,50.06228130680722,18.61732039128844,31.785426674882874,50.06228130680722,2.6901835900000397,268.9016477915519,1.5542855242083713,-1.1232977520504615,True,9600.0
"B1 hold speed, raw yaw",S2,30,34.67793091004485,7.961563258939501,18.161548111266136,34.67793091004485,9.823176119999976,435.56685769101125,0.6214768518518518,-0.3665212962962963,True,
"B2 true speed, stop-bias yaw",S2,30,35.51961580279592,8.154802225102568,16.217139187718036,35.51961580279592,10.114842681843108,435.56685769101125,0.0,0.0,True,
"E1 learned speed, stop-bias yaw",S2,30,44.18904955397396,10.145181795562927,27.199717577639365,44.18904955397396,10.114842681843108,435.56685769101125,1.2647168049182658,-1.0031032375095261,True,
"E2 learned speed, stop-bias yaw",S2,30,35.69656700986371,8.195427723563546,16.49258979385658,35.69656700986371,10.114842681843108,435.56685769101125,1.021154668660967,0.2883272258880353,True,
"E2 learned speed, raw yaw",S2,30,34.59886187285266,7.9434101245134,16.029510159988902,34.59886187285266,9.823176119999976,435.56685769101125,1.021154668660967,0.2883272258880353,True,10200.0
"B1 hold speed, raw yaw",S2,30,50.66639717809307,23.4307867643117,43.97420375519406,61.765218003680154,8.98616765000006,216.23856547260692,2.625098148148148,2.364575925925926,True,
"B2 true speed, stop-bias yaw",S2,30,12.408872983248974,5.7385105918217585,4.392878478463848,12.408872983248974,9.1514840798882,216.23856547260692,0.0,0.0,True,
"E1 learned speed, stop-bias yaw",S2,30,43.190133913768605,19.973372381273926,36.53491125920278,49.63843797521027,9.1514840798882,216.23856547260692,2.769392341137142,0.9439806794259668,True,
"E2 learned speed, stop-bias yaw",S2,30,33.95280863136652,15.701550996308132,29.362434119680465,40.10000219849149,9.1514840798882,216.23856547260692,2.4155706685987233,0.697682401093416,True,
"E2 learned speed, raw yaw",S2,30,34.17902232361881,15.80616401561756,29.41921370237444,40.09861115621744,8.98616765000006,216.23856547260692,2.4155706685987233,0.697682401093416,True,10800.0
"B1 hold speed, raw yaw",S2,30,92.66936580017226,24.032815928404975,53.221066692760786,92.66936580017226,4.914136429999981,385.5951215880785,3.1076759259259266,-3.1076759259259266,True,
"B2 true speed, stop-bias yaw",S2,30,18.60238648684416,4.824331389419553,8.534276539778773,18.60238648684416,4.853300612915252,385.5951215880785,0.0,0.0,True,
"E1 learned speed, stop-bias yaw",S2,30,19.05549754644812,4.941840930966088,12.668638093125491,19.05549754644812,4.853300612915252,385.5951215880785,1.124283293836614,-0.05893785232616049,True,
"E2 learned speed, stop-bias yaw",S2,30,18.65031050616301,4.836759974906182,9.304602668608558,18.65031050616301,4.853300612915252,385.5951215880785,0.5030511829627378,-0.1045297832815377,True,
"E2 learned speed, raw yaw",S2,30,18.858344456774333,4.890711370804174,9.390500575083946,18.858344456774333,4.914136429999981,385.5951215880785,0.5030511829627378,-0.1045297832815377,True,11400.0
"B1 hold speed, raw yaw",S2,30,26.066189874719672,12.919115352895785,21.982455091892014,35.98189283024089,3.074155059999998,201.76451067043848,1.5497157407407411,-0.9138601851851857,True,
"B2 true speed, stop-bias yaw",S2,30,7.452648130992466,3.6937358835943144,3.2222024344342164,7.500188517815691,2.904330411339477,201.76451067043848,0.0,0.0,True,
"E1 learned speed, stop-bias yaw",S2,30,44.87665899379954,22.242097405871803,14.897328824293815,44.87665899379954,2.904330411339477,201.76451067043848,2.505372222724479,1.4675165836976,True,
"E2 learned speed, stop-bias yaw",S2,30,21.0496605866876,10.432786478029355,6.927270355209058,21.0496605866876,2.904330411339477,201.76451067043848,1.6791677471069182,0.6580301425031141,True,
"E2 learned speed, raw yaw",S2,30,21.093974135072745,10.454749482443706,6.958496134960876,21.093974135072745,3.074155059999998,201.76451067043848,1.6791677471069182,0.6580301425031141,True,12000.0
"B1 hold speed, raw yaw",S2,30,134.0527408342199,249.56884262610458,81.36715985159282,134.0527408342199,22.633172300000023,53.713732621284414,4.775024074074075,4.775024074074075,True,
"B2 true speed, stop-bias yaw",S2,30,1.7740974108843244,3.302874934037496,1.5560128607203756,2.1269515812192057,20.708238586645844,53.713732621284414,0.0,0.0,True,
"E1 learned speed, stop-bias yaw",S2,30,39.64312269679144,73.80444583194465,30.148018022389177,39.64312269679144,20.708238586645844,53.713732621284414,1.5207726521220801,1.3148477580534939,True,
"E2 learned speed, stop-bias yaw",S2,30,26.912889988473406,50.10430047419382,21.653384911134136,26.912889988473406,20.708238586645844,53.713732621284414,1.0701631639653912,0.8508776245064338,True,
"E2 learned speed, raw yaw",S2,30,26.501846232227873,49.33905155890496,21.5955643762861,26.501846232227873,22.633172300000023,53.713732621284414,1.0701631639653912,0.8508776245064338,True,13200.0
"B1 hold speed, raw yaw",S2,30,39.32628531980423,19.841564536611276,17.826478209250627,39.32628531980423,0.17482344000002278,198.2015341947462,1.8739009259259258,-1.0599398148148145,True,
"B2 true speed, stop-bias yaw",S2,30,3.6765008010161577,1.8549305463012973,2.5051361853277085,3.6765008010161577,1.1265123963996853,198.2015341947462,0.0,0.0,True,
"E1 learned speed, stop-bias yaw",S2,30,90.35950103695588,45.58970817459549,45.63454573130459,90.35950103695588,1.1265123963996853,198.2015341947462,3.2209769094107106,-2.862456500437745,True,
"E2 learned speed, stop-bias yaw",S2,30,81.30140986572343,41.01956637017723,41.028728542653226,81.30140986572343,1.1265123963996853,198.2015341947462,2.9312065314262226,-2.550738089517077,True,
"E2 learned speed, raw yaw",S2,30,81.2356401776172,40.986383131523986,40.98243169680358,81.2356401776172,0.17482344000002278,198.2015341947462,2.9312065314262226,-2.550738089517077,True,14400.0
"B1 hold speed, raw yaw",S2,30,27.933247525232336,14.396594401028617,18.679202744832796,29.20084353604632,2.5791706899999576,194.02677290982473,1.0649203703703713,1.053374074074075,True,
"B2 true speed, stop-bias yaw",S2,30,0.8639652187110175,0.44528144531505004,1.164980240832287,1.9670462348806408,1.4163040734444063,194.02677290982473,0.0,0.0,True,
"E1 learned speed, stop-bias yaw",S2,30,25.47283838270421,13.128517266296486,17.164546561269884,25.5330067809196,1.4163040734444063,194.02677290982473,1.9650051385762364,-0.9646697309127593,True,
"E2 learned speed, stop-bias yaw",S2,30,23.49056275198733,12.106866696641257,16.583173654462534,26.139960814966784,1.4163040734444063,194.02677290982473,1.8579273284403863,-0.6455434488318414,True,
"E2 learned speed, raw yaw",S2,30,24.744720675371834,12.753250649008171,16.78203884472892,26.17313424622458,2.5791706899999576,194.02677290982473,1.8579273284403863,-0.6455434488318414,True,15000.0
"B1 hold speed, raw yaw",S2,30,36.86039633643261,27.30666586532262,14.525115236103776,36.86039633643261,6.088139030000033,134.98680695120123,2.1734657407407405,1.4926657407407404,True,
"B2 true speed, stop-bias yaw",S2,30,3.993954826789581,2.9587742068996614,2.5827323740905577,4.015093209844822,4.917825444672153,134.98680695120123,0.0,0.0,True,
"E1 learned speed, stop-bias yaw",S2,30,64.725608180484,47.94958088302867,22.304307364298612,64.725608180484,4.917825444672153,134.98680695120123,3.2914811127845263,2.383659211728748,True,
"E2 learned speed, stop-bias yaw",S2,30,68.78213915187398,50.954712319952314,23.891453995476386,68.78213915187398,4.917825444672153,134.98680695120123,3.3763547627538966,2.489003788102856,True,
"E2 learned speed, raw yaw",S2,30,68.68598872726133,50.88348282220783,23.90397451279209,68.68598872726133,6.088139030000033,134.98680695120123,3.3763547627538966,2.489003788102856,True,15600.0
"B1 hold speed, raw yaw",S2,30,63.16604789764693,42.67684298434603,28.756174744448003,63.16604789764693,7.710175669999857,148.0101232436907,3.0641990740740734,2.923447222222222,True,
"B2 true speed, stop-bias yaw",S2,30,2.4303826768268757,1.6420381414218412,1.313283106650198,2.4303826768268757,6.398504354117713,148.0101232436907,0.0,0.0,True,
"E1 learned speed, stop-bias yaw",S2,30,55.415303766374485,37.44021189357174,28.33431336679611,55.415303766374485,6.398504354117713,148.0101232436907,3.214288458610705,0.5521036330686755,True,
"E2 learned speed, stop-bias yaw",S2,30,53.748631412289136,36.31415894694912,29.920974801854413,53.748631412289136,6.398504354117713,148.0101232436907,2.7678800510847488,0.30854619296865055,True,
"E2 learned speed, raw yaw",S2,30,54.99285208151873,37.154791088833804,30.460940958524088,54.99285208151873,7.710175669999857,148.0101232436907,2.7678800510847488,0.30854619296865055,True,16200.0
"B1 hold speed, raw yaw",S2,30,19.638343687999498,9.380840396861581,15.030971136392214,24.879512316220083,3.39017181000001,209.3452490095624,2.6777796296296295,0.33961851851851843,True,
"B2 true speed, stop-bias yaw",S2,30,2.9189725418449894,1.3943342663160498,1.3611370199396353,2.9189725418449894,2.027963875095245,209.3452490095624,0.0,0.0,True,
"E1 learned speed, stop-bias yaw",S2,30,8.36478983839429,3.995691269789555,4.476453656060892,8.36478983839429,2.027963875095245,209.3452490095624,1.4733645540242988,-0.09384557453278122,True,
"E2 learned speed, stop-bias yaw",S2,30,14.94784860793199,7.1402855706790875,5.623377141169773,14.94784860793199,2.027963875095245,209.3452490095624,1.31018077549413,-0.27108586225888537,True,
"E2 learned speed, raw yaw",S2,30,16.416250101540125,7.841711325768023,5.968246689224559,16.416250101540125,3.39017181000001,209.3452490095624,1.31018077549413,-0.27108586225888537,True,16800.0
"B1 hold speed, raw yaw",S2,30,71.90767526590211,42.956291215069655,37.81557795794207,71.90767526590211,1.0971590000000069,167.39730836137903,3.198080555555556,3.0761564814814824,True,
"B2 true speed, stop-bias yaw",S2,30,2.4518789601061868,1.4647063230031425,1.1983897269260713,2.4518789601061868,0.2650489349044656,167.39730836137903,0.0,0.0,True,
"E1 learned speed, stop-bias yaw",S2,30,25.087448889073386,14.986769581094064,17.22133286448042,25.087448889073386,0.2650489349044656,167.39730836137903,2.4260731694067705,1.0369671080875695,True,
"E2 learned speed, stop-bias yaw",S2,30,10.689208999332612,6.385532183263447,10.806190859735825,15.294558120146608,0.2650489349044656,167.39730836137903,1.7416295633179113,0.30705516865774174,True,
"E2 learned speed, raw yaw",S2,30,9.351583127582174,5.586459674365779,10.446476415835802,15.407180189164178,1.0971590000000069,167.39730836137903,1.7416295633179113,0.30705516865774174,True,17400.0
"B1 hold speed, raw yaw",S2,30,67.86952290058336,33.46550007219026,43.77416784403252,67.86952290058336,4.847180829999991,202.8044486237418,3.2111750000000003,3.042456481481482,True,
"B2 true speed, stop-bias yaw",S2,30,6.195391405688642,3.0548597171962446,2.77710931822465,6.195391405688642,3.6775503147344417,202.8044486237418,0.0,0.0,True,
"E1 learned speed, stop-bias yaw",S2,30,43.211586509846995,21.307021025962012,23.01097144049429,43.44486822798521,3.6775503147344417,202.8044486237418,1.7346903870518804,0.3023578638762223,True,
"E2 learned speed, stop-bias yaw",S2,30,37.91316330181131,18.69444361753163,18.681775933456194,37.91316330181131,3.6775503147344417,202.8044486237418,1.4881309552292221,-0.08430394501410016,True,
"E2 learned speed, raw yaw",S2,30,38.85771381431742,19.16018809153896,19.07711939061015,38.85771381431742,4.847180829999991,202.8044486237418,1.4881309552292221,-0.08430394501410016,True,18600.0
"B1 hold speed, raw yaw",S2,30,106.85801560805115,69.7388790398818,65.22591562354778,106.85801560805115,3.3031613399999253,153.2258864484213,4.3538703703703705,4.2266518518518525,True,
"B2 true speed, stop-bias yaw",S2,30,4.13420299226865,2.6981100178919832,2.0244528719198773,4.13420299226865,2.1335308247345037,153.2258864484213,0.0,0.0,True,
"E1 learned speed, stop-bias yaw",S2,30,38.32449832201451,25.011764794009043,22.487818546552266,39.179410496968295,2.1335308247345037,153.2258864484213,2.083610100390489,0.027866814935563297,True,
"E2 learned speed, stop-bias yaw",S2,30,36.96221006401601,24.122692921380608,19.608603797084363,37.70502951543491,2.1335308247345037,153.2258864484213,1.922250347116911,-0.2961140400625099,True,
"E2 learned speed, raw yaw",S2,30,37.753141515745185,24.638879494068775,19.865183416330797,38.35507178971254,3.3031613399999253,153.2258864484213,1.922250347116911,-0.2961140400625099,True,19200.0
"B1 hold speed, raw yaw",S2,30,7.384819586250159,5.856119862905451,6.2683758627458905,9.127223697939696,5.088827880000063,126.10431068919857,0.7506805555555557,-0.09348611111111121,True,
"B2 true speed, stop-bias yaw",S2,30,2.5874251659528364,2.0518134168544817,1.537352809497887,2.7654960432151356,6.382029544666663,126.10431068919857,0.0,0.0,True,
"E1 learned speed, stop-bias yaw",S2,30,11.728078033691977,9.300299069551587,7.501543980266741,11.917464796503575,6.382029544666663,126.10431068919857,1.8341074072507657,0.3697569934380062,True,
"E2 learned speed, stop-bias yaw",S2,30,7.5480528841145045,5.985562938223198,4.1701939403583115,8.537215091981087,6.382029544666663,126.10431068919857,1.5443755064256572,0.22708085880487042,True,
"E2 learned speed, raw yaw",S2,30,8.13431762671725,6.450467539341613,4.315985004801391,8.53770617423283,5.088827880000063,126.10431068919857,1.5443755064256572,0.22708085880487042,True,19800.0
"B1 hold speed, raw yaw",S2,30,52.94490452995008,37.43626361168414,25.822211792434526,52.94490452995008,0.2982085899999872,141.42678628169926,1.9839472222222214,1.9829972222222216,True,
"B2 true speed, stop-bias yaw",S2,30,1.06903279399922,0.7558913145844095,0.7768802857982529,1.3667263488248638,1.0055203900079952,141.42678628169926,0.0,0.0,True,
"E1 learned speed, stop-bias yaw",S2,30,42.59166020947209,30.11569542748175,25.601830208781596,42.59166020947209,1.0055203900079952,141.42678628169926,1.7934392643810986,1.5922508250124119,True,
"E2 learned speed, stop-bias yaw",S2,30,33.97985123938385,24.02646070999696,20.901659218195775,33.97985123938385,1.0055203900079952,141.42678628169926,1.4236247517618874,1.255322687557354,True,
"E2 learned speed, raw yaw",S2,30,34.7872587714954,24.5973621306821,21.249697085518445,34.7872587714954,0.2982085899999872,141.42678628169926,1.4236247517618874,1.255322687557354,True,21000.0
"B1 hold speed, raw yaw",S2,30,13.900731324371531,6.978170291616352,9.385832788069786,13.979456186501942,0.3011733599999757,199.20309685007282,1.0816574074074075,0.5296481481481483,True,
"B2 true speed, stop-bias yaw",S2,30,1.2019576797335774,0.6033830290490978,1.547372814572129,2.116325491630874,0.9414777008112102,199.20309685007282,0.0,0.0,True,
"E1 learned speed, stop-bias yaw",S2,30,16.253764427035993,8.159393445207902,13.994913315178573,22.618294303813517,0.9414777008112102,199.20309685007282,1.2956407179303657,-0.0760357484734714,True,
"E2 learned speed, stop-bias yaw",S2,30,18.008754517207212,9.040398870285248,13.473412313091682,21.884076176385665,0.9414777008112102,199.20309685007282,1.172702753389528,-0.28430357239734444,True,
"E2 learned speed, raw yaw",S2,30,16.748718868730556,8.407860687696148,13.03719447321332,21.436309654191742,0.3011733599999757,199.20309685007282,1.172702753389528,-0.28430357239734444,True,21600.0
"B1 hold speed, raw yaw",S2,30,52.618315582416905,30.837706422251397,27.7782792874228,52.618315582416905,1.70417148,170.62979607474762,2.3293546296296297,1.371439814814815,True,
"B2 true speed, stop-bias yaw",S2,30,3.3685145775515912,1.9741655062846992,1.4725968874455684,3.3685145775515912,0.4603484802857144,170.62979607474762,0.0,0.0,True,
"E1 learned speed, stop-bias yaw",S2,30,52.113323254002935,30.541748541487856,33.17602809895369,52.113323254002935,0.4603484802857144,170.62979607474762,1.9958157140730937,1.4339778759217778,True,
"E2 learned speed, stop-bias yaw",S2,30,36.93694064729295,21.647415338357447,23.470695219445016,36.93694064729295,0.4603484802857144,170.62979607474762,1.4740629601963484,0.9334761636793311,True,
"E2 learned speed, raw yaw",S2,30,38.04787527164369,22.298494253006137,23.660058787056244,38.04787527164369,1.70417148,170.62979607474762,1.4740629601963484,0.9334761636793311,True,22200.0
"B1 hold speed, raw yaw",S2,30,79.03072056067384,45.79723813106181,60.796278023120216,84.60164013797338,2.92086843000002,172.56656467908607,4.227363888888888,0.8397009259259263,True,
"B2 true speed, stop-bias yaw",S2,30,7.056833208381488,4.089339798532091,3.6768387020099658,7.056833208381488,4.083730606987721,172.56656467908607,0.0,0.0,True,
"E1 learned speed, stop-bias yaw",S2,30,61.55620202212783,35.6709899954264,36.85969552743788,61.55620202212783,4.083730606987721,172.56656467908607,2.6930862851722273,-0.937508680005854,True,
"E2 learned speed, stop-bias yaw",S2,30,53.38699281878548,30.937043289971477,30.17547766992687,53.38699281878548,4.083730606987721,172.56656467908607,2.254351950679277,-1.1062913143534634,True,
"E2 learned speed, raw yaw",S2,30,52.74398060190754,30.564426370770626,29.8604536163364,52.74398060190754,2.92086843000002,172.56656467908607,2.254351950679277,-1.1062913143534634,True,22800.0
"B1 hold speed, raw yaw",S2,30,124.0392844752264,36.82844406028384,58.44931319266256,124.0392844752264,0.5731969300000731,336.80294576710503,4.1681083333333335,-4.168089814814816,True,
"B2 true speed, stop-bias yaw",S2,30,8.890383406657612,2.6396394444855003,3.797861460402253,8.890383406657612,2.4949366645001336,336.80294576710503,0.0,0.0,True,
"E1 learned speed, stop-bias yaw",S2,30,41.96589893089512,12.460074788037634,25.761172780161175,41.96589893089512,2.4949366645001336,336.80294576710503,1.5388172451917659,-1.338764288285619,True,
"E2 learned speed, stop-bias yaw",S2,30,35.616179279771536,10.574782592430077,21.28000690272915,35.616179279771536,2.4949366645001336,336.80294576710503,1.194338776532306,-1.1379453319385178,True,
"E2 learned speed, raw yaw",S2,30,34.15207304427433,10.140075517002769,20.91729964526063,34.15207304427433,0.5731969300000731,336.80294576710503,1.194338776532306,-1.1379453319385178,True,23400.0
"B1 hold speed, raw yaw",S2,30,33.58836070882687,10.276826924912013,24.927678997389044,51.57152903974604,0.42787181000001706,326.8359091209901,3.412368518518518,3.072770370370369,True,
"B2 true speed, stop-bias yaw",S2,30,7.291495685032205,2.2309346927766724,4.889703917163716,7.297269298781551,3.0306668371818253,326.8359091209901,0.0,0.0,True,
"E1 learned speed, stop-bias yaw",S2,30,44.337111388333476,13.565556951063323,30.536402062523177,44.337111388333476,3.0306668371818253,326.8359091209901,1.9936693346102126,-1.5170336695887696,True,
"E2 learned speed, stop-bias yaw",S2,30,36.39379667454394,11.13518914504326,24.86663815985865,36.39379667454394,3.0306668371818253,326.8359091209901,1.8903712407872002,-1.0628746749633797,True,
"E2 learned speed, raw yaw",S2,30,35.035899870901204,10.719721699224733,24.308641141300065,35.035899870901204,0.42787181000001706,326.8359091209901,1.8903712407872002,-1.0628746749633797,True,24000.0
"B1 hold speed, raw yaw",S2,30,32.22135869432904,8.348073667373013,15.482032179079408,32.22135869432904,0.336813949999952,385.9735787941186,1.0990111111111112,-1.0973685185185185,False,
"B2 true speed, stop-bias yaw",S2,30,15.536161364220728,4.0251877894750505,7.88437469856676,15.536161364220728,2.9396089771818117,385.9735787941186,0.0,0.0,False,
"E1 learned speed, stop-bias yaw",S2,30,45.31826413318513,11.7412866120969,26.259573883788924,45.31826413318513,2.9396089771818117,385.9735787941186,1.3778118987800247,1.3778118987800247,False,
"E2 learned speed, stop-bias yaw",S2,30,55.39032792850111,14.350808182662355,27.677943230175423,55.39032792850111,2.9396089771818117,385.9735787941186,1.732196674121076,1.732196674121076,False,
"E2 learned speed, raw yaw",S2,30,53.302753138657984,13.809948677106236,26.71878834846869,53.302753138657984,0.336813949999952,385.9735787941186,1.732196674121076,1.732196674121076,False,24600.0
"B1 hold speed, raw yaw",S2,30,10.05854569022635,2.3709968921808824,4.251858537233523,10.05854569022635,2.8772253299999706,424.2327656943629,0.2393796296296298,0.02376851851851704,False,
"B2 true speed, stop-bias yaw",S2,30,1.646534286638671,0.3881204894543462,1.110017332455027,1.646534286638671,0.2982181271499339,424.2327656943629,0.0,0.0,False,
"E1 learned speed, stop-bias yaw",S2,30,3.8610317333208357,0.9101210574815674,5.313575131169011,8.184514283421759,0.2982181271499339,424.2327656943629,0.9235685938984917,-0.177308025039655,False,
"E2 learned speed, stop-bias yaw",S2,30,11.070889989911725,2.6096263384539493,3.6126475703803194,11.070889989911725,0.2982181271499339,424.2327656943629,0.7900198595257135,0.32146854128409785,False,
"E2 learned speed, raw yaw",S2,30,14.903984410265327,3.5131620222382476,5.248669199978972,14.903984410265327,2.8772253299999706,424.2327656943629,0.7900198595257135,0.32146854128409785,False,25200.0
"B1 hold speed, raw yaw",S2,30,150.5870101984326,72.90850910419302,100.53159685885296,150.5870101984326,7.347187159999927,206.54243523650968,5.253146296296296,5.192216666666667,True,
"B2 true speed, stop-bias yaw",S2,30,9.699225160464417,4.695996321219865,3.84623999944696,9.699225160464417,4.692309132545492,206.54243523650968,0.0,0.0,True,
"E1 learned speed, stop-bias yaw",S2,30,38.604668473828255,18.6909137725729,18.722831999506358,38.604668473828255,4.692309132545492,206.54243523650968,1.803097872805309,-0.3209400014132266,True,
"E2 learned speed, stop-bias yaw",S2,30,41.1003362918812,19.899221312471507,14.855557474283872,41.1003362918812,4.692309132545492,206.54243523650968,1.871757971770604,-1.0761075072584425,True,
"E2 learned speed, raw yaw",S2,30,43.09148296173004,20.86325888062006,15.668477601041044,43.09148296173004,7.347187159999927,206.54243523650968,1.871757971770604,-1.0761075072584425,True,25800.0
"B1 hold speed, raw yaw",S2,30,120.410693874995,44.10681618195693,51.069157695728606,120.410693874995,2.529180600000034,272.99792707380277,4.443375,4.003886111111111,True,
"B2 true speed, stop-bias yaw",S2,30,1.4136043086068473,0.5178077078309429,1.0639492072181078,1.771675842338444,0.12569742745450274,272.99792707380277,0.0,0.0,True,
"E1 learned speed, stop-bias yaw",S2,30,48.97944205123834,17.941323795472318,21.08435469576169,48.97944205123834,0.12569742745450274,272.99792707380277,1.865084996329407,1.6090146945506167,True,
"E2 learned speed, stop-bias yaw",S2,30,51.99229793949993,19.04494239087912,22.764348114380216,51.99229793949993,0.12569742745450274,272.99792707380277,1.8394399030047062,1.7151992997234944,True,
"E2 learned speed, raw yaw",S2,30,52.52395645264791,19.23969057774145,23.08018284875944,52.52395645264791,2.529180600000034,272.99792707380277,1.8394399030047062,1.7151992997234944,True,26400.0
"B1 hold speed, raw yaw",S2,30,224.99026430459574,68.13864998428092,110.44394459579802,224.99026430459574,1.8328073799999955,330.194778376882,7.4660972222222215,-7.465804629629629,True,
"B2 true speed, stop-bias yaw",S2,30,17.237758150671706,5.2204817518333515,8.272563793536174,17.237758150671706,2.9260756985937446,330.194778376882,0.0,0.0,True,
"E1 learned speed, stop-bias yaw",S2,30,92.28466482142609,27.948553661285647,46.48266704527882,92.28466482142609,2.9260756985937446,330.194778376882,2.981532315178448,-2.9691501558010462,True,
"E2 learned speed, stop-bias yaw",S2,30,30.55002349423424,9.252121927671627,13.805528018357961,30.60351072759608,2.9260756985937446,330.194778376882,1.388308111241269,-0.8003155776041667,True,
"E2 learned speed, raw yaw",S2,30,28.95003931121238,8.767564239967781,13.101142846436549,29.225158361388846,1.8328073799999955,330.194778376882,1.388308111241269,-0.8003155776041667,True,27600.0
"B1 hold speed, raw yaw",S2,30,54.82570491325812,12.979602855438086,30.20286733969846,54.82570491325812,4.06084025000001,422.3989402748768,1.8397074074074071,1.810194444444444,True,
"B2 true speed, stop-bias yaw",S2,30,19.645855026697486,4.651019013900204,9.267075662311461,19.645855026697486,5.154108568593773,422.3989402748768,0.0,0.0,True,
"E1 learned speed, stop-bias yaw",S2,30,58.750576466270566,13.908788792897665,34.80467292436921,58.750576466270566,5.154108568593773,422.3989402748768,2.006426317830228,1.9049956350166182,True,
"E2 learned speed, stop-bias yaw",S2,30,78.7326064989324,18.63939489234917,41.582164435387035,78.7326064989324,5.154108568593773,422.3989402748768,2.6045585334084524,2.5910924813032454,True,
"E2 learned speed, raw yaw",S2,30,77.73482782065317,18.403177756569914,41.18673340713361,77.73482782065317,4.06084025000001,422.3989402748768,2.6045585334084524,2.5910924813032454,True,28200.0
"B1 hold speed, raw yaw",S2,30,155.30347250710213,65.04363376809354,59.993354346093625,155.30347250710213,2.6718232999999874,238.76813687996102,5.361847222222223,5.150226851851851,True,
"B2 true speed, stop-bias yaw",S2,30,3.643384524472884,1.5259090145284206,2.5117006530856987,3.689172581591147,2.364523064152757,238.76813687996102,0.0,0.0,True,
"E1 learned speed, stop-bias yaw",S2,30,11.62947496892155,4.870614279144032,5.567716175803775,12.989297950979996,2.364523064152757,238.76813687996102,1.2821719353246628,0.3026476160065414,True,
"E2 learned speed, stop-bias yaw",S2,30,26.477582739859038,11.08924460602147,15.995507453709866,27.884184017444348,2.364523064152757,238.76813687996102,1.3295647497539316,0.8046248877320621,True,
"E2 learned speed, raw yaw",S2,30,26.535997300673895,11.113709579270486,16.038089327431006,27.93687508967096,2.6718232999999874,238.76813687996102,1.3295647497539316,0.8046248877320621,True,30000.0
"B1 hold speed, raw yaw",S2,30,208.54451032573508,89.30204966923071,106.4288427071544,208.54451032573508,1.5911966199999885,233.5271263069225,6.990014814814814,6.986324074074073,True,
"B2 true speed, stop-bias yaw",S2,30,3.1688157268237673,1.3569368907743173,1.7968723681100336,3.1688157268237673,1.8596798399523695,233.5271263069225,0.0,0.0,True,
"E1 learned speed, stop-bias yaw",S2,30,107.7318407697306,46.132473975695504,49.44133698814222,107.7318407697306,1.8596798399523695,233.5271263069225,4.065556884768465,3.6159453115759623,True,
"E2 learned speed, stop-bias yaw",S2,30,66.23070805065616,28.361034153955103,29.750064726493083,66.23070805065616,1.8596798399523695,233.5271263069225,2.574628679651838,2.2222445841490748,True,
"E2 learned speed, raw yaw",S2,30,66.21947540642475,28.35622415847019,29.742516955751178,66.21947540642475,1.5911966199999885,233.5271263069225,2.574628679651838,2.2222445841490748,True,30600.0
"B1 hold speed, raw yaw",S2,30,111.77276583383247,34.23430852836039,49.438573014421145,111.77276583383247,0.8118105199999797,326.49342323136943,3.992671296296296,3.8302027777777776,True,
"B2 true speed, stop-bias yaw",S2,30,2.022814927172506,0.6195576337043209,1.218171934235626,2.1680585986899197,0.5296141133876515,326.49342323136943,0.0,0.0,True,
"E1 learned speed, stop-bias yaw",S2,30,6.060442010361544,1.8562217732841786,5.883116579203046,13.465092848712967,0.5296141133876515,326.49342323136943,1.2907723762793928,0.11057186255035148,True,
"E2 learned speed, stop-bias yaw",S2,30,7.17917582736691,2.198873029757598,8.701446097119021,16.431618131857803,0.5296141133876515,326.49342323136943,0.9507966737781686,-0.2968023072344864,True,
"E2 learned speed, raw yaw",S2,30,7.0125781506234315,2.1478466797948244,8.700857399961926,16.44501231882864,0.8118105199999797,326.49342323136943,0.9507966737781686,-0.2968023072344864,True,31800.0
"B1 hold speed, raw yaw",S2,30,82.44059599239779,28.60913937868988,60.084694616565514,82.44059599239779,3.4148429700000102,288.16174754912555,2.726457407407407,2.6838018518518516,True,
"B2 true speed, stop-bias yaw",S2,30,10.019263754889533,3.4769582847499416,4.331311433954514,10.019263754889533,3.1034620240000055,288.16174754912555,0.0,0.0,True,
"E1 learned speed, stop-bias yaw",S2,30,16.427512901492296,5.700795834704517,18.770772356667006,28.365676223372457,3.1034620240000055,288.16174754912555,3.1251249903915124,-0.48336045297356456,True,
"E2 learned speed, stop-bias yaw",S2,30,16.762411870450695,5.817014927560104,17.297453059823344,26.450610082036278,3.1034620240000055,288.16174754912555,2.3358574902862057,-0.5002845869656307,True,
"E2 learned speed, raw yaw",S2,30,17.2333260413833,5.980435011918221,17.378213121571687,26.499071674535738,3.4148429700000102,288.16174754912555,2.3358574902862057,-0.5002845869656307,True,32400.0
"B1 hold speed, raw yaw",S2,30,32.638441644141075,13.913077276360504,11.493103580094372,32.638441644141075,5.1008404300000025,234.58822944652619,1.434775925925926,-1.0187074074074078,True,
"B2 true speed, stop-bias yaw",S2,30,11.143227624649976,4.750122225203139,4.579838809306618,11.143227624649976,4.711645630100556,234.58822944652619,0.0,0.0,True,
"E1 learned speed, stop-bias yaw",S2,30,42.91683615156906,18.294539437389737,24.87813334858858,42.91683615156906,4.711645630100556,234.58822944652619,2.849481291495207,-1.432341240439852,True,
"E2 learned speed, stop-bias yaw",S2,30,72.3758729904019,30.852303698766697,39.52389112203329,72.3758729904019,4.711645630100556,234.58822944652619,2.7897073090929934,-2.442760257986008,True,
"E2 learned speed, raw yaw",S2,30,72.43777050693846,30.878689300756445,39.547667602369245,72.43777050693846,5.1008404300000025,234.58822944652619,2.7897073090929934,-2.442760257986008,True,33000.0
"B1 hold speed, raw yaw",S2,30,138.56495152741647,120.62701251579817,98.65470551986034,141.48204020029027,0.1518740400000131,114.87058216688324,4.770362962962963,4.5654111111111115,True,
"B2 true speed, stop-bias yaw",S2,30,1.8714412629959007,1.629173655860021,1.547533748490717,2.129730741890844,0.4529997274930924,114.87058216688324,0.0,0.0,True,
"E1 learned speed, stop-bias yaw",S2,30,7.417087557844471,6.456907780852868,12.007085875117822,17.35888745775622,0.4529997274930924,114.87058216688324,1.3691532797595602,-0.2776118702130191,True,
"E2 learned speed, stop-bias yaw",S2,30,23.385329454900084,20.357979400614536,10.585023920368643,23.385329454900084,0.4529997274930924,114.87058216688324,1.5439684630913937,-0.8295726517624096,True,
"E2 learned speed, raw yaw",S2,30,23.3480382758963,20.32551575474426,10.576452345316628,23.3480382758963,0.1518740400000131,114.87058216688324,1.5439684630913937,-0.8295726517624096,True,34200.0
"B1 hold speed, raw yaw",S2,30,319.3069295774744,413.1205468418402,165.95853825558981,319.3069295774744,0.6009311099999725,77.29146662359508,10.654806481481481,10.624071296296295,True,
"B2 true speed, stop-bias yaw",S2,30,2.223336249256968,2.876561082848234,1.5736803125934113,2.223336249256968,0.05261863675217959,77.29146662359508,0.0,0.0,True,
"E1 learned speed, stop-bias yaw",S2,30,5.96641392514412,7.7193695316977315,4.961023363996169,5.96641392514412,0.05261863675217959,77.29146662359508,0.5120173309187629,0.1243357417441702,True,
"E2 learned speed, stop-bias yaw",S2,30,6.179500782938178,7.99506213671942,5.090571316248807,6.179500782938178,0.05261863675217959,77.29146662359508,0.4299039695800977,0.13116100758933194,True,
"E2 learned speed, raw yaw",S2,30,6.141461749787747,7.945847087746835,5.070045686049485,6.141461749787747,0.6009311099999725,77.29146662359508,0.4299039695800977,0.13116100758933194,True,34800.0
"B1 hold speed, raw yaw",S2,30,210.96690137181844,166.35495962997032,108.75372439137361,210.96690137181844,2.0338511500000087,126.81731992907223,7.09526388888889,7.09526388888889,True,
"B2 true speed, stop-bias yaw",S2,30,1.0057646453834062,0.793081454446381,0.46094897515830185,1.0057646453834062,1.2011155785664158,126.81731992907223,0.0,0.0,True,
"E1 learned speed, stop-bias yaw",S2,30,148.83185846350702,117.35925230618919,67.9099393853277,148.83185846350702,1.2011155785664158,126.81731992907223,6.938884412585658,5.009738020871375,True,
"E2 learned speed, stop-bias yaw",S2,30,66.0112307241795,52.052220281187914,30.42376431030787,66.0112307241795,1.2011155785664158,126.81731992907223,4.149299710905679,2.2434150949348295,True,
"E2 learned speed, raw yaw",S2,30,66.01193034135093,52.05277195439141,30.420209401405057,66.01193034135093,2.0338511500000087,126.81731992907223,4.149299710905679,2.2434150949348295,True,36600.0
"B1 hold speed, raw yaw",S2,30,77.36746602342298,51.03752280376015,41.99711036684527,77.36746602342298,0.9448302000000662,151.58938320909846,3.2799805555555546,3.258539814814814,True,
"B2 true speed, stop-bias yaw",S2,30,0.637819976566757,0.42075504436017447,1.19388030407362,1.748348257635762,0.04786714566678146,151.58938320909846,0.0,0.0,True,
"E1 learned speed, stop-bias yaw",S2,30,36.739278636785826,24.236049952197916,17.74608094446066,37.29619657118288,0.04786714566678146,151.58938320909846,2.603020687844543,1.3494453275664333,True,
"E2 learned speed, stop-bias yaw",S2,30,26.051824892820044,17.18578461189781,12.398046791557828,26.36444445553245,0.04786714566678146,151.58938320909846,2.0095647277806066,0.8556121333974356,True,
"E2 learned speed, raw yaw",S2,30,26.296992707597973,17.347516132659887,12.379554302414109,26.385139107600484,0.9448302000000662,151.58938320909846,2.0095647277806066,0.8556121333974356,True,38400.0
"B1 hold speed, raw yaw",S2,30,48.97082683364865,22.266198400741086,34.747378049007885,48.972196207628535,0.9508427500000226,219.93348820613562,1.8486870370370365,1.6860703703703699,True,
"B2 true speed, stop-bias yaw",S2,30,3.341316371538638,1.5192394749847935,1.928192846995756,3.341316371538638,0.03302438304072294,219.93348820613562,0.0,0.0,True,
"E1 learned speed, stop-bias yaw",S2,30,18.792179170541868,8.544482845163008,16.70804014891527,26.438065776090482,0.03302438304072294,219.93348820613562,2.2558356138302442,0.3555676740776084,True,
"E2 learned speed, stop-bias yaw",S2,30,10.030908260032792,4.560882629493507,6.43564590183023,10.030908260032792,0.03302438304072294,219.93348820613562,1.632362453012181,-0.41637352373952846,True,
"E2 learned speed, raw yaw",S2,30,8.99937344511253,4.091861370687554,6.374635980440275,9.679162616190562,0.9508427500000226,219.93348820613562,1.632362453012181,-0.41637352373952846,True,39000.0
"B1 hold speed, raw yaw",S2,30,43.14688962723441,21.177131126959793,22.242119443064105,43.14688962723441,3.8948740100000494,203.74284584896276,3.839378703703704,1.4933620370370364,True,
"B2 true speed, stop-bias yaw",S2,30,1.8381374122924048,0.9021850090653196,1.664658939738667,1.9639672318646229,2.932454129846525,203.74284584896276,0.0,0.0,True,
"E1 learned speed, stop-bias yaw",S2,30,8.598444919641823,4.220243848962414,15.020006413918626,24.33030225560012,2.932454129846525,203.74284584896276,1.6667598414685507,-0.06416737037644055,True,
"E2 learned speed, stop-bias yaw",S2,30,18.60303908113448,9.130646528283577,17.95327706457776,25.54883904050852,2.932454129846525,203.74284584896276,1.1356689175796437,-0.6775881585762528,True,
"E2 learned speed, raw yaw",S2,30,18.391224331480576,9.026684718595828,17.883658836696142,25.505005564064398,3.8948740100000494,203.74284584896276,1.1356689175796437,-0.6775881585762528,True,39600.0
"B1 hold speed, raw yaw",S2,30,66.28361975582135,28.039752959028153,39.89003573729694,67.08032967038856,4.935810379999985,236.39159679001222,2.4797175925925923,-2.4489157407407407,True,
"B2 true speed, stop-bias yaw",S2,30,6.1074851063792455,2.583630378284789,3.2623370628945607,6.269071788658596,4.036148892108085,236.39159679001222,0.0,0.0,True,
"E1 learned speed, stop-bias yaw",S2,30,60.29417612870425,25.506057299601835,36.66901101320908,61.62726046688911,4.036148892108085,236.39159679001222,2.387924781619403,-2.1942881961256915,True,
"E2 learned speed, stop-bias yaw",S2,30,55.28439339627156,23.38678453336941,31.947596019444823,56.49351568308296,4.036148892108085,236.39159679001222,2.158324133533925,-2.034888817098913,True,
"E2 learned speed, raw yaw",S2,30,55.21970332561108,23.359418894514683,32.053960147837095,56.64191527834118,4.935810379999985,236.39159679001222,2.158324133533925,-2.034888817098913,True,40800.0
"B1 hold speed, raw yaw",S2,30,36.547046347614426,15.101962138950311,36.712280465095944,56.35468138493751,3.478811610000241,242.00197306384385,3.5570925925925923,-3.1847814814814814,True,
"B2 true speed, stop-bias yaw",S2,30,2.1158919376157033,0.874328382875415,1.5586827936955618,2.3555914607205333,2.561911917488939,242.00197306384385,0.0,0.0,True,
"E1 learned speed, stop-bias yaw",S2,30,25.896044340766938,10.700757523962485,22.590105958017478,33.165973664083786,2.561911917488939,242.00197306384385,1.895699889377204,-1.6422699205146791,True,
"E2 learned speed, stop-bias yaw",S2,30,22.232512788760193,9.186913853340737,16.95466070080528,24.684219860040255,2.561911917488939,242.00197306384385,1.4900733889954825,-1.1275829650973423,True,
"E2 learned speed, raw yaw",S2,30,22.72699986767486,9.391245691075058,17.00605908857511,24.684536330175845,3.478811610000241,242.00197306384385,1.4900733889954825,-1.1275829650973423,True,41400.0
"B1 hold speed, raw yaw",S2,30,20.66170703313299,6.67447578554953,30.431171221172633,42.17564401601337,1.6491793000000161,309.5629933644572,2.2525731481481484,0.5502361111111095,True,
"B2 true speed, stop-bias yaw",S2,30,13.82635268555324,4.466410062547459,7.572907008091465,13.82635268555324,2.5294580977069985,309.5629933644572,0.0,0.0,True,
"E1 learned speed, stop-bias yaw",S2,30,46.41270838215121,14.99297699564115,25.153937927085593,46.46626418201972,2.5294580977069985,309.5629933644572,1.6169987042438836,-1.4829193009245523,True,
"E2 learned speed, stop-bias yaw",S2,30,24.31583307529131,7.8548901504720865,14.58128995732516,24.61637601258663,2.5294580977069985,309.5629933644572,0.7981078079437279,-0.6738812618453177,True,
"E2 learned speed, raw yaw",S2,30,23.015540977079933,7.43484895495344,14.090025551926768,23.48640631081789,1.6491793000000161,309.5629933644572,0.7981078079437279,-0.6738812618453177,True,42000.0
"B1 hold speed, raw yaw",S2,30,17.70499011231242,6.24313620063094,17.31202239606172,22.949885119735388,2.44983442000005,283.5912839851728,0.9207611111111108,-0.6955462962962954,True,
"B2 true speed, stop-bias yaw",S2,30,3.6558069579857433,1.289111183747411,1.4671356172147196,3.6558069579857433,1.6486578064661337,283.5912839851728,0.0,0.0,True,
"E1 learned speed, stop-bias yaw",S2,30,25.88927121202953,9.12907859798086,10.901984861626374,25.88927121202953,1.6486578064661337,283.5912839851728,2.1084397888214927,0.7817771571116199,True,
"E2 learned speed, stop-bias yaw",S2,30,19.049060813367465,6.717082607645804,7.728959636923511,19.049060813367465,1.6486578064661337,283.5912839851728,1.325043275545324,0.5792659978144644,True,
"E2 learned speed, raw yaw",S2,30,19.153133287287805,6.753780658607688,7.729682277150592,19.153133287287805,2.44983442000005,283.5912839851728,1.325043275545324,0.5792659978144644,True,43200.0
"B1 hold speed, raw yaw",S2,30,125.73838774044182,66.59028050237625,70.53959567300535,125.73838774044182,1.0918694600000047,188.8239346520772,4.20588425925926,4.204369444444445,True,
"B2 true speed, stop-bias yaw",S2,30,2.75717791856468,1.4601845489794474,2.6828340698720727,3.2767285177119305,0.33756617488325535,188.8239346520772,0.0,0.0,True,
"E1 learned speed, stop-bias yaw",S2,30,17.311476417281103,9.168051947004942,11.93356360793324,21.912765820985033,0.33756617488325535,188.8239346520772,1.9733045717227022,-0.5695999182495142,True,
"E2 learned speed, stop-bias yaw",S2,30,38.90046686700898,20.601449142920423,22.884627812031034,38.90046686700898,0.33756617488325535,188.8239346520772,1.5740051300699305,-1.2917849914240378,True,
"E2 learned speed, raw yaw",S2,30,38.864968687277866,20.582649524219264,22.85950324082722,38.864968687277866,1.0918694600000047,188.8239346520772,1.5740051300699305,-1.2917849914240378,True,43800.0
"B1 hold speed, raw yaw",S2,30,28.36647462549571,13.70563874577911,12.013220578664352,28.36647462549571,4.714826670000001,206.9693733481167,1.4164138888888889,-0.5141879629629633,True,
"B2 true speed, stop-bias yaw",S2,30,5.788560884936116,2.796820027666566,2.200364503840231,5.788560884936116,4.031908152284073,206.9693733481167,0.0,0.0,True,
"E1 learned speed, stop-bias yaw",S2,30,60.20299836791032,29.087877783081733,43.09542167328237,60.20299836791032,4.031908152284073,206.9693733481167,2.1856293036312473,1.5943409817337162,True,
"E2 learned speed, stop-bias yaw",S2,30,47.565265923084254,22.981789601827128,32.800759430625945,47.565265923084254,4.031908152284073,206.9693733481167,1.608556400602403,1.3575022838353221,True,
"E2 learned speed, raw yaw",S2,30,48.48066415859811,23.424076410114548,32.99065131228516,48.48066415859811,4.714826670000001,206.9693733481167,1.608556400602403,1.3575022838353221,True,44400.0
"B1 hold speed, raw yaw",S2,30,29.65836063101052,10.970691421071821,28.99665165003495,36.675682568529176,6.498854020000004,270.34176327341214,1.602064814814815,0.9835092592592599,True,
"B2 true speed, stop-bias yaw",S2,30,15.362306870978854,5.682550370673609,6.684346766856367,15.362306870978854,5.896690313272722,270.34176327341214,0.0,0.0,True,
"E1 learned speed, stop-bias yaw",S2,30,80.28442146763561,29.697380269891696,28.43959742097992,80.28442146763561,5.896690313272722,270.34176327341214,3.0831836374410964,-2.6884187484025572,True,
"E2 learned speed, stop-bias yaw",S2,30,42.41712634083162,15.690186313511887,15.101964026201268,42.41712634083162,5.896690313272722,270.34176327341214,2.5662383269866456,-1.3719453976871598,True,
"E2 learned speed, raw yaw",S2,30,42.84921906847649,15.8500183433148,15.33041534053165,42.84921906847649,6.498854020000004,270.34176327341214,2.5662383269866456,-1.3719453976871598,True,45000.0
"B1 hold speed, raw yaw",S2,30,64.83359057275253,15.86001583557424,20.83956125767992,64.83359057275253,2.893859859999992,408.78641764864994,2.1268453703703702,2.105713888888889,True,
"B2 true speed, stop-bias yaw",S2,30,3.399023954402367,0.8314914115673512,3.434462957555048,4.498104496092416,2.2825897505259136,408.78641764864994,0.0,0.0,True,
"E1 learned speed, stop-bias yaw",S2,30,4.845873243379901,1.1854291224384337,10.006096477474392,22.70794492191373,2.2825897505259136,408.78641764864994,2.5105436362953353,0.086926989918102,True,
"E2 learned speed, stop-bias yaw",S2,30,13.252672608505064,3.241955220707865,4.3693343679851395,13.252672608505064,2.2825897505259136,408.78641764864994,1.2107909046659044,0.361953081061818,True,
"E2 learned speed, raw yaw",S2,30,13.259672218914682,3.243667511064741,4.109880626457007,13.259672218914682,2.893859859999992,408.78641764864994,1.2107909046659044,0.361953081061818,True,45600.0
"B1 hold speed, raw yaw",S2,30,108.46388056705423,24.593637082660543,56.31622222506975,108.46388056705423,5.291834789999996,441.02415678698225,3.5944074074074086,-3.5944074074074086,True,
"B2 true speed, stop-bias yaw",S2,30,21.063718810753127,4.776091850435089,9.362546618185274,21.063718810753127,4.467523980256944,441.02415678698225,0.0,0.0,True,
"E1 learned speed, stop-bias yaw",S2,30,29.58444762056698,6.708124071048669,13.107040126963872,29.58444762056698,4.467523980256944,441.02415678698225,1.1523960430480626,-0.741803943422514,True,
"E2 learned speed, stop-bias yaw",S2,30,24.64688105924024,5.58855579222724,11.220517776655827,24.64688105924024,4.467523980256944,441.02415678698225,0.6511568563681617,-0.4812985306923261,True,
"E2 learned speed, raw yaw",S2,30,27.361457160713137,6.2040722122912895,12.399680910656718,27.361457160713137,5.291834789999996,441.02415678698225,0.6511568563681617,-0.4812985306923261,True,46200.0
"B1 hold speed, raw yaw",S2,30,93.07071136226232,18.084656271147708,55.66459346043876,94.59769561788755,3.389847950000003,514.639094969958,3.1883333333333335,-3.071366666666666,True,
"B2 true speed, stop-bias yaw",S2,30,14.656094873840155,2.8478393921269625,7.51295525359089,14.656094873840155,2.283362615707007,514.639094969958,0.0,0.0,True,
"E1 learned speed, stop-bias yaw",S2,30,67.18419872173793,13.054623983756967,35.63300809946772,67.18419872173793,2.283362615707007,514.639094969958,2.272506846429659,-2.247836213637492,True,
"E2 learned speed, stop-bias yaw",S2,30,41.08357870188208,7.982988292850221,28.12657692436953,41.72790736050187,2.283362615707007,514.639094969958,1.4930016617003068,-1.3242870939315856,True,
"E2 learned speed, raw yaw",S2,30,43.02826168615029,8.360861447702892,28.76133469567005,43.02826168615029,3.389847950000003,514.639094969958,1.4930016617003068,-1.3242870939315856,True,48000.0
"B1 hold speed, raw yaw",S2,30,138.01618964833582,61.062036657025395,73.7556608320077,138.01618964833582,1.814824849999987,226.02618124833967,5.61551111111111,-5.615437037037037,True,
"B2 true speed, stop-bias yaw",S2,30,0.8203299403925729,0.3629358049859097,1.3198426363413747,2.2315240350560885,0.7228290415715763,226.02618124833967,0.0,0.0,True,
"E1 learned speed, stop-bias yaw",S2,30,24.56855718617037,10.869783779241214,13.875231578012464,26.081204191805625,0.7228290415715763,226.02618124833967,1.6331827047568777,-1.108239532755064,True,
"E2 learned speed, stop-bias yaw",S2,30,35.3111206940509,15.622579870627394,16.664537832825985,35.914371056265885,0.7228290415715763,226.02618124833967,1.5176321434553592,-1.1544039541021862,True,
"E2 learned speed, raw yaw",S2,30,34.95974212202163,15.467120635733183,16.448186650553616,35.51740943095452,1.814824849999987,226.02618124833967,1.5176321434553592,-1.1544039541021862,True,48600.0
"B1 hold speed, raw yaw",S2,30,111.74821307217478,36.426319864246146,62.8121857111136,111.74821307217478,2.9348511599999436,306.77876186405535,5.596302777777777,-1.015858333333332,True,
"B2 true speed, stop-bias yaw",S2,30,2.426906815099471,0.7910934904206047,1.97752963567682,2.783571665192864,0.5965248416667204,306.77876186405535,0.0,0.0,True,
"E1 learned speed, stop-bias yaw",S2,30,122.78799641309683,40.02493382104091,52.48531652091788,122.78799641309683,0.5965248416667204,306.77876186405535,4.979986879559546,-2.760947479166445,True,
"E2 learned speed, stop-bias yaw",S2,30,99.14663682927181,32.31861170142125,42.15763716874691,99.14663682927181,0.5965248416667204,306.77876186405535,4.0467791925546654,-2.078928145845316,True,
"E2 learned speed, raw yaw",S2,30,97.21762675274552,31.689816518597894,41.082001640368766,97.21762675274552,2.9348511599999436,306.77876186405535,4.0467791925546654,-2.078928145845316,True,49800.0
"B1 hold speed, raw yaw",S2,30,209.65213537165252,64.1693806813482,109.3487222144025,209.65213537165252,5.734822820000025,326.7167816575033,7.224149999999996,7.22408333333333,True,
"B2 true speed, stop-bias yaw",S2,30,9.20330813733424,2.816907074881159,4.397548788782024,9.20330813733424,3.390664522306654,326.7167816575033,0.0,0.0,True,
"E1 learned speed, stop-bias yaw",S2,30,114.53040139274584,35.05494906374533,68.12955362278048,114.83454782447812,3.390664522306654,326.7167816575033,4.63846375638794,3.8967005681195808,True,
"E2 learned speed, stop-bias yaw",S2,30,105.63757126751268,32.33307169946733,54.73641421823803,105.63757126751268,3.390664522306654,326.7167816575033,3.9889235914400487,3.6405084018167226,True,
"E2 learned speed, raw yaw",S2,30,106.79339599668046,32.68684132320813,55.16021112060513,106.79339599668046,5.734822820000025,326.7167816575033,3.9889235914400487,3.6405084018167226,True,50400.0
"B1 hold speed, raw yaw",S2,30,183.34374170347445,27.958527947409422,98.90851193262874,183.34374170347445,2.399800339999993,655.7703683410939,6.128445370370371,-6.128445370370371,True,
"B2 true speed, stop-bias yaw",S2,30,7.9821774205224,1.2172214247366744,5.704413299297585,8.393982382812736,0.08830080766671888,655.7703683410939,0.0,0.0,True,
"E1 learned speed, stop-bias yaw",S2,30,194.23806210531026,29.619829056423427,110.36354941445465,194.23806210531026,0.08830080766671888,655.7703683410939,6.522809165933107,-6.522809165933107,True,
"E2 learned speed, stop-bias yaw",S2,30,136.4760183514822,20.811556139190365,81.40231367580692,136.4760183514822,0.08830080766671888,655.7703683410939,4.5795593263623084,-4.579517636830787,True,
"E2 learned speed, raw yaw",S2,30,138.08553249086418,21.056994819723247,81.96823245587571,138.08553249086418,2.399800339999993,655.7703683410939,4.5795593263623084,-4.579517636830787,True,51000.0
"B1 hold speed, raw yaw",S2,30,30.915543992313538,8.803581558998632,18.755186575866393,31.631509648058728,1.4601629900000184,351.17007532818315,1.053630555555557,1.0092898148148164,False,
"B2 true speed, stop-bias yaw",S2,30,11.123455846438706,3.167540923309986,4.793743090801265,11.123455846438706,3.751100017197196,351.17007532818315,0.0,0.0,False,
"E1 learned speed, stop-bias yaw",S2,30,21.79317250142682,6.205874028719613,14.426123198810233,25.20088001699925,3.751100017197196,351.17007532818315,2.035506552004254,0.6578490491719102,False,
"E2 learned speed, stop-bias yaw",S2,30,70.60461748695289,20.10553359962973,37.60278831732758,70.75787662898584,3.751100017197196,351.17007532818315,3.2479194690834343,2.3435323593034294,False,
"E2 learned speed, raw yaw",S2,30,69.91033569208359,19.90782831559593,37.1574424032243,69.97768622976118,1.4601629900000184,351.17007532818315,3.2479194690834343,2.3435323593034294,False,51600.0
"B1 hold speed, raw yaw",S2,30,46.73220032032122,11.042604910694394,21.960014827331594,46.73220032032122,2.2098549499999867,423.19906125648527,1.777091666666667,-1.545926851851852,True,
"B2 true speed, stop-bias yaw",S2,30,1.6076768164169402,0.3798866688512305,0.6338633030918925,1.6076768164169402,0.706936565857162,423.19906125648527,0.0,0.0,True,
"E1 learned speed, stop-bias yaw",S2,30,35.512346581502655,8.391404857105753,19.242890565748418,35.512346581502655,0.706936565857162,423.19906125648527,1.4092050489546744,-1.2022496956788014,True,
"E2 learned speed, stop-bias yaw",S2,30,18.251455426211937,4.312735328859912,10.854616692484662,18.31639265011419,0.706936565857162,423.19906125648527,0.7659939586319966,-0.6244392656524502,True,
"E2 learned speed, raw yaw",S2,30,20.64382935562533,4.878042331741816,11.779775276702233,20.645237794010907,2.2098549499999867,423.19906125648527,0.7659939586319966,-0.6244392656524502,True,52200.0
"B1 hold speed, raw yaw",S2,30,105.11106806252063,56.28133361447183,46.34302010700497,105.11106806252063,171.17317548000005,186.7600877806723,5.976211111111111,4.973316666666666,True,
"B2 true speed, stop-bias yaw",S2,30,12.08214253140419,6.469338644557311,3.5793736645597223,12.08214253140419,174.0899669958574,186.7600877806723,0.0,0.0,True,
"E1 learned speed, stop-bias yaw",S2,30,56.62499615613355,30.319645288790465,31.04840492370919,56.87123534372433,174.0899669958574,186.7600877806723,3.0748909223770986,1.6625359480433737,True,
"E2 learned speed, stop-bias yaw",S2,30,41.88727775083576,22.42838833960467,19.084459743477517,41.88727775083576,174.0899669958574,186.7600877806723,2.095348144008116,1.1847016933050705,True,
"E2 learned speed, raw yaw",S2,30,41.78047817385648,22.371202900120032,18.87424736405499,41.78047817385648,171.17317548000005,186.7600877806723,2.095348144008116,1.1847016933050705,True,52800.0
"B1 hold speed, raw yaw",S2,30,33.40930149393051,4.737394153478622,17.011313611204198,33.5745448540497,1.7828555999999949,705.2252865512235,1.7124564814814816,0.9941138888888884,True,
"B2 true speed, stop-bias yaw",S2,30,4.007053232662777,0.5681947753544891,1.700993721989618,4.007053232662777,1.0576656912916722,705.2252865512235,0.0,0.0,True,
"E1 learned speed, stop-bias yaw",S2,30,181.37230778879467,25.718350043255413,98.12837173316281,181.38766136046053,1.0576656912916722,705.2252865512235,6.297735789413359,-6.078650898008392,True,
"E2 learned speed, stop-bias yaw",S2,30,147.19372136618898,20.87187231842086,81.62028038496058,147.614524696762,1.0576656912916722,705.2252865512235,5.2506906951634456,-4.936504813741007,True,
"E2 learned speed, raw yaw",S2,30,147.87302113264477,20.968196114434722,81.80514997287014,148.06429224841335,1.7828555999999949,705.2252865512235,5.2506906951634456,-4.936504813741007,True,54000.0
"B1 hold speed, raw yaw",S2,30,72.49662732708806,9.202425423823547,41.337771354888744,72.49662732708806,5.364857149999998,787.7991289058032,1.987815740740741,1.9535768518518524,True,
"B2 true speed, stop-bias yaw",S2,30,13.487029325366446,1.711988352170301,5.562458309762223,13.487029325366446,2.4994252717083087,787.7991289058032,0.0,0.0,True,
"E1 learned speed, stop-bias yaw",S2,30,29.42994356903281,3.735716693404943,10.479502929692012,29.42994356903281,2.4994252717083087,787.7991289058032,1.9004715413763953,-0.8048557999227874,True,
"E2 learned speed, stop-bias yaw",S2,30,20.108730603237575,2.552520035299756,9.126093324023214,20.108730603237575,2.4994252717083087,787.7991289058032,1.196096040794661,-0.31027493828734815,True,
"E2 learned speed, raw yaw",S2,30,38.11559705306163,4.838238029788314,16.5282715564722,38.11559705306163,5.364857149999998,787.7991289058032,1.196096040794661,-0.31027493828734815,True,54600.0
"B1 hold speed, raw yaw",S2,30,411.1048659651372,103.88410271743714,226.87559695169392,411.1048659651372,5.350826440000067,395.73414527469606,14.006418518518519,14.005368518518516,True,
"B2 true speed, stop-bias yaw",S2,30,7.538811116927961,1.9050191162288883,3.8907592994041993,7.538811116927961,2.659813464973736,395.73414527469606,0.0,0.0,True,
"E1 learned speed, stop-bias yaw",S2,30,19.744807482013485,4.989412138876156,10.08377567620596,23.402473433052094,2.659813464973736,395.73414527469606,4.629686705218254,0.5948588715391526,True,
"E2 learned speed, stop-bias yaw",S2,30,8.141164744480928,2.0572308055019604,9.938373494097878,18.910072366038186,2.659813464973736,395.73414527469606,3.5963740700256093,0.21782967810661696,True,
"E2 learned speed, raw yaw",S2,30,9.583111292091392,2.4216033431836776,10.508909906527787,19.113208867904195,5.350826440000067,395.73414527469606,3.5963740700256093,0.21782967810661696,True,55200.0
"B1 hold speed, raw yaw",S2,30,26.750580232835492,12.757964548223088,14.624422795835434,27.285916812721972,2.6128236799999773,209.67749308067545,1.806035185185185,0.8319648148148149,True,
"B2 true speed, stop-bias yaw",S2,30,1.630171783034787,0.7774662693089156,1.416393547995085,1.8852293450360609,0.03495436245949144,209.67749308067545,0.0,0.0,True,
"E1 learned speed, stop-bias yaw",S2,30,86.51492189819287,41.26094824345568,53.246588047742804,86.51492189819287,0.03495436245949144,209.67749308067545,3.0434577418934885,3.0434577418934885,True,
"E2 learned speed, stop-bias yaw",S2,30,47.39670788544002,22.604575812628433,30.05126453665687,47.510570585308194,0.03495436245949144,209.67749308067545,1.6915724487111021,1.4779102946315197,True,
"E2 learned speed, raw yaw",S2,30,46.04618558963921,21.960480790335705,30.01880159547706,47.38013346702558,2.6128236799999773,209.67749308067545,1.6915724487111021,1.4779102946315197,True,55800.0
"B1 hold speed, raw yaw",S2,30,131.41723403596535,253.3808920558329,70.1226449140018,131.41723403596535,169.7771494800001,51.865487160337,3.2255638888888885,3.2255638888888885,True,
"B2 true speed, stop-bias yaw",S2,30,41.17990244052091,79.39750438131881,21.39171439397913,41.17990244052091,173.96313128371432,51.865487160337,0.0,0.0,True,
"E1 learned speed, stop-bias yaw",S2,30,172.4782490200128,332.54917376330326,89.1509665223025,172.4782490200128,173.96313128371432,51.865487160337,4.752988947102603,4.467991022256948,True,
"E2 learned speed, stop-bias yaw",S2,30,116.27532157883738,224.1863095190522,61.03894670158358,116.27532157883738,173.96313128371432,51.865487160337,2.9370231486544442,2.524860487184314,True,
"E2 learned speed, raw yaw",S2,30,116.08597554010858,223.82123816024387,60.95458489707998,116.08597554010858,169.7771494800001,51.865487160337,2.9370231486544442,2.524860487184314,True,56400.0
"B1 hold speed, raw yaw",S2,30,20.2464643099287,8.296928082838898,12.96500871149708,20.2464643099287,0.23677681999998268,244.02362064347457,1.0311527777777776,0.7872324074074067,True,
"B2 true speed, stop-bias yaw",S2,30,6.446588692548659,2.6417888053416383,2.426415876483047,6.446588692548659,4.24820218100008,244.02362064347457,0.0,0.0,True,
"E1 learned speed, stop-bias yaw",S2,30,13.996682341511791,5.735789963530351,14.629532991966624,25.813197552530323,4.24820218100008,244.02362064347457,1.5665941303726396,-0.18533046513776294,True,
"E2 learned speed, stop-bias yaw",S2,30,1.68783551135965,0.6916689076692397,8.098181091368145,12.001031707310666,4.24820218100008,244.02362064347457,1.0480460380983405,0.251711079185899,True,
"E2 learned speed, raw yaw",S2,30,8.38483460588169,3.4360749929746226,10.093253379887482,15.107218128713752,0.23677681999998268,244.02362064347457,1.0480460380983405,0.251711079185899,True,57000.0
"B1 hold speed, raw yaw",S2,30,109.51929511340796,62.55551748927887,71.09606353515358,109.51929511340796,8.098176630000042,175.07535627401376,3.9898703703703706,-3.9898703703703706,True,
"B2 true speed, stop-bias yaw",S2,30,25.08037517056221,14.325474301082352,15.230292672282319,25.08037517056221,14.343909890000022,175.07535627401376,0.0,0.0,True,
"E1 learned speed, stop-bias yaw",S2,30,22.20773317480227,12.684671131009738,14.77445945811684,24.555481635368487,14.343909890000022,175.07535627401376,0.7677007541987972,0.17903840050826975,True,
"E2 learned speed, stop-bias yaw",S2,30,21.693784314292984,12.3911124763554,16.999213500584098,26.46972290749966,14.343909890000022,175.07535627401376,0.7410082226055944,0.3527863814731821,True,
"E2 learned speed, raw yaw",S2,30,16.15864049779925,9.229534551115838,13.739694077086426,20.844633213414284,8.098176630000042,175.07535627401376,0.7410082226055944,0.3527863814731821,True,57600.0
"B1 hold speed, raw yaw",S2,30,80.91955190267285,45.40146106372454,36.737132656784674,80.91955190267285,0.8068195299999797,178.23116262513196,3.171937037037037,-3.068201851851852,True,
"B2 true speed, stop-bias yaw",S2,30,5.047678699010715,2.832096601214088,1.6921086105131038,5.047678699010715,5.4389137300001025,178.23116262513196,0.0,0.0,True,
"E1 learned speed, stop-bias yaw",S2,30,12.490642671198147,7.008113781689977,11.112803152595617,18.71927135692355,5.4389137300001025,178.23116262513196,1.3011859499168013,0.34929809545673696,True,
"E2 learned speed, stop-bias yaw",S2,30,36.85579450002619,20.67864786223935,19.43403713194193,36.85579450002619,5.4389137300001025,178.23116262513196,1.366139413485181,-1.034797461693349,True,
"E2 learned speed, raw yaw",S2,30,35.37390770446014,19.847206954970595,19.24781692534843,35.37390770446014,0.8068195299999797,178.23116262513196,1.366139413485181,-1.034797461693349,True,58200.0
"B1 hold speed, raw yaw",S2,30,52.66602476662511,21.881378283485184,24.70033220476523,52.66602476662511,0.01616650999991161,240.68879064338657,2.99629537037037,2.3413212962962953,True,
"B2 true speed, stop-bias yaw",S2,30,0.4855194587306758,0.2017208435144948,0.9853661917641842,2.1261455162059004,0.9985638999999615,240.68879064338657,0.0,0.0,True,
"E1 learned speed, stop-bias yaw",S2,30,8.923966966016685,3.707678675920876,4.958108985608582,9.146004702064166,0.9985638999999615,240.68879064338657,0.9555050497037005,0.04288178962717192,True,
"E2 learned speed, stop-bias yaw",S2,30,6.327812844864825,2.629043433202648,4.021713366761973,6.327812844864825,0.9985638999999615,240.68879064338657,0.7824426998086245,-0.02365107717043858,True,
"E2 learned speed, raw yaw",S2,30,7.65920061184754,3.182200796046084,4.353368016936344,7.65920061184754,0.01616650999991161,240.68879064338657,0.7824426998086245,-0.02365107717043858,True,58800.0
"B1 hold speed, raw yaw",S2,30,41.48684188054384,47.17768940158103,14.438660108522237,41.48684188054384,178.5578390299999,87.93741789133388,2.453350925925926,1.5598490740740742,True,
"B2 true speed, stop-bias yaw",S2,30,1.9041023956382206,2.16529259250159,0.9869406803089236,1.9041023956382206,177.57544163999995,87.93741789133388,0.0,0.0,True,
"E1 learned speed, stop-bias yaw",S2,30,73.46465181505594,83.54197061578242,28.897276754252324,73.46465181505594,177.57544163999995,87.93741789133388,3.5630911702902215,3.494813469451705,True,
"E2 learned speed, stop-bias yaw",S2,30,60.5764857561164,68.88590455427295,28.51478650263448,60.5764857561164,177.57544163999995,87.93741789133388,3.2428955785996543,3.1932304159648734,True,
"E2 learned speed, raw yaw",S2,30,60.53389548854423,68.83747207968653,28.447972863275425,60.53389548854423,178.5578390299999,87.93741789133388,3.2428955785996543,3.1932304159648734,True,59400.0
"B1 hold speed, raw yaw",S2,30,65.23751967327175,12.289055749198981,45.805028410749486,67.75339904800676,3.621801620000079,530.8586843828422,2.4695453703703723,2.0923250000000038,True,
"B2 true speed, stop-bias yaw",S2,30,19.149790874971448,3.6073236509701876,9.895889360534188,19.149790874971448,3.0238789862500397,530.8586843828422,0.0,0.0,True,
"E1 learned speed, stop-bias yaw",S2,30,83.05649533159671,15.645688348897465,43.44874421348399,83.05649533159671,3.0238789862500397,530.8586843828422,2.968936226260642,-2.913505327968882,True,
"E2 learned speed, stop-bias yaw",S2,30,50.828757005188145,9.574818779555219,30.773598162370707,50.828757005188145,3.0238789862500397,530.8586843828422,1.8790797562282628,-1.7415579119841322,True,
"E2 learned speed, raw yaw",S2,30,51.62261661768987,9.724361329362923,31.012984697699785,51.62261661768987,3.621801620000079,530.8586843828422,1.8790797562282628,-1.7415579119841322,True,60000.0
"B1 hold speed, raw yaw",S2,30,192.3399019965489,29.21789890546439,92.35078798621406,192.3399019965489,2.752812659999962,658.2947754692145,6.5167157407407394,-6.395487962962961,True,
"B2 true speed, stop-bias yaw",S2,30,16.668663249425567,2.532097150177836,7.970339659996689,16.668663249425567,2.1548900262500243,658.2947754692145,0.0,0.0,True,
"E1 learned speed, stop-bias yaw",S2,30,189.42314150149068,28.774820727762126,99.98950788757907,189.42314150149068,2.1548900262500243,658.2947754692145,6.685457599658087,-6.293725530736783,True,
"E2 learned speed, stop-bias yaw",S2,30,137.33525868202082,20.862273832286153,79.32932966552397,137.33525868202082,2.1548900262500243,658.2947754692145,4.938214805205624,-4.530043942862562,True,
"E2 learned speed, raw yaw",S2,30,137.80033937035142,20.932923137986492,79.5020565076429,137.80033937035142,2.752812659999962,658.2947754692145,4.938214805205624,-4.530043942862562,True,60600.0
"B1 hold speed, raw yaw",S2,30,204.6559669428723,46.942095698225835,98.8188670093517,204.6559669428723,4.023825780000033,435.9753519709331,6.812704629629631,6.812537962962964,True,
"B2 true speed, stop-bias yaw",S2,30,5.082881120645984,1.165864331014948,2.1001660643239286,5.082881120645984,3.4259031462500453,435.9753519709331,0.0,0.0,True,
"E1 learned speed, stop-bias yaw",S2,30,84.52695878847689,19.38801319990961,29.14294129934732,84.52695878847689,3.4259031462500453,435.9753519709331,4.865622076765139,2.7965648078982226,True,
"E2 learned speed, stop-bias yaw",S2,30,55.64060587317589,12.762328333847071,19.514586010326294,55.64060587317589,3.4259031462500453,435.9753519709331,3.7954432895548105,1.8114503150022847,True,
"E2 learned speed, raw yaw",S2,30,55.78385204908392,12.795184818797527,19.59078114604944,55.78385204908392,4.023825780000033,435.9753519709331,3.7954432895548105,1.8114503150022847,True,61200.0
"B1 hold speed, raw yaw",S2,30,31.340359053687024,17.12432543969588,16.483389125882635,31.340359053687024,4.505804909999986,183.01660502805544,2.2967083333333336,1.0381083333333336,True,
"B2 true speed, stop-bias yaw",S2,30,3.726012652155289,2.0358877554220354,1.6512448693179023,3.726012652155289,3.9078822762500427,183.01660502805544,0.0,0.0,True,
"E1 learned speed, stop-bias yaw",S2,30,105.72024914579326,57.76538644107562,49.96938488931205,105.72024914579326,3.9078822762500427,183.01660502805544,3.7418732049062773,3.548459384822401,True,
"E2 learned speed, stop-bias yaw",S2,30,91.09129112525376,49.77214559918755,44.48784404260191,91.09129112525376,3.9078822762500427,183.01660502805544,3.0615063306224073,3.0563386450201016,True,
"E2 learned speed, raw yaw",S2,30,91.11828903069986,49.786897214453255,44.4915098997652,91.11828903069986,4.505804909999986,183.01660502805544,3.0615063306224073,3.0563386450201016,True,61800.0
"B1 hold speed, raw yaw",S2,30,4.956831498537371,2.6534882052172843,11.743392942323627,18.868397051473103,1.2041610400000213,186.80435393649975,1.1956796296296295,0.05200925925925882,True,
"B2 true speed, stop-bias yaw",S2,30,3.104561025417527,1.6619318340261267,1.8360390814259244,3.160831552102849,1.8020836737500094,186.80435393649975,0.0,0.0,True,
"E1 learned speed, stop-bias yaw",S2,30,46.04627204844083,24.64946403984422,32.70620422765275,49.173793016455775,1.8020836737500094,186.80435393649975,1.7565649329746467,1.5381737452335758,True,
"E2 learned speed, stop-bias yaw",S2,30,33.95592321835381,18.17726541314793,23.672500922404687,36.03588350765466,1.8020836737500094,186.80435393649975,1.2703760609400783,1.1328279624582638,True,
"E2 learned speed, raw yaw",S2,30,33.85193505789767,18.12159853051655,23.61851432903017,35.89506685685256,1.2041610400000213,186.80435393649975,1.2703760609400783,1.1328279624582638,True,62400.0
"B1 hold speed, raw yaw",S2,30,30.91627247550763,35.03966568639283,20.255128823550187,31.08381460760667,10.30981767999993,88.23221303596381,2.011172222222222,-0.8420907407407408,True,
"B2 true speed, stop-bias yaw",S2,30,5.151510728274432,5.838582702413522,5.864687259194005,9.448565508355754,10.309843735714189,88.23221303596381,0.0,0.0,True,
"E1 learned speed, stop-bias yaw",S2,30,9.831905560348178,11.14321541083941,12.47999468742133,17.003244307418363,10.309843735714189,88.23221303596381,1.116003473854011,-0.2199119668812681,True,
"E2 learned speed, stop-bias yaw",S2,30,15.555327304148216,17.62998656489303,10.083410482437674,17.247852458781807,10.309843735714189,88.23221303596381,0.9981770794644467,-0.6560153402941974,True,
"E2 learned speed, raw yaw",S2,30,15.555326163145098,17.629985271711007,10.083411340702135,17.247853409958836,10.30981767999993,88.23221303596381,0.9981770794644467,-0.6560153402941974,True,63600.0
"B1 hold speed, raw yaw",S2,30,92.07623383279955,46.83235774497021,68.91716069273464,92.07623383279955,3.7088266399999785,196.60815356384344,3.372614814814815,3.29817962962963,True,
"B2 true speed, stop-bias yaw",S2,30,7.074368503389161,3.5982070810160685,2.9074200453031867,7.074368503389161,3.70885269571429,196.60815356384344,0.0,0.0,True,
"E1 learned speed, stop-bias yaw",S2,30,2.4836371742482304,1.2632422049789167,7.725785664018921,11.907596270753162,3.70885269571429,196.60815356384344,1.1786038435686101,0.0055563024248937625,True,
"E2 learned speed, stop-bias yaw",S2,30,14.808563017150256,7.532018763576637,7.673246484677245,14.808563017150256,3.70885269571429,196.60815356384344,1.002880961427198,0.5014153332367186,True,
"E2 learned speed, raw yaw",S2,30,14.808561141610486,7.532017809628525,7.673250189075909,14.808561141610486,3.7088266399999785,196.60815356384344,1.002880961427198,0.5014153332367186,True,64200.0
"B1 hold speed, raw yaw",S2,30,20.315337484851284,10.285309666712006,21.303336637468664,28.470298086138175,0.828829059999906,197.51799550188616,1.9652287037037044,-1.7947305555555564,True,
"B2 true speed, stop-bias yaw",S2,30,1.9401476675134406,0.9822637489731479,1.2517380213832934,1.9401476675134406,0.9783533786664392,197.51799550188616,0.0,0.0,True,
"E1 learned speed, stop-bias yaw",S2,30,18.533948007981575,9.383422488106705,11.390493453625687,18.533948007981575,0.9783533786664392,197.51799550188616,1.61775081585535,-0.25674876564401256,True,
"E2 learned speed, stop-bias yaw",S2,30,6.704419908973502,3.394333712195596,9.252319902557847,13.24961716710828,0.9783533786664392,197.51799550188616,1.0408732237238785,0.7337038040603271,True,
"E2 learned speed, raw yaw",S2,30,6.605008454982297,3.344003384703863,9.214171426375827,13.155989601104421,0.828829059999906,197.51799550188616,1.0408732237238785,0.7337038040603271,True,64800.0
"B1 hold speed, raw yaw",S2,30,8.520828517717348,2.3737811082042573,7.895802415628354,12.46012898243069,1.32982894999998,358.95594957208476,0.8355064814814811,-0.003030555555555215,True,
"B2 true speed, stop-bias yaw",S2,30,5.143836752566667,1.4329994414909937,2.616640346897106,5.149315705079403,1.479353268666666,358.95594957208476,0.0,0.0,True,
"E1 learned speed, stop-bias yaw",S2,30,16.1035028523509,4.486205862181156,5.888251777780346,16.1035028523509,1.479353268666666,358.95594957208476,1.0023272141179567,0.42702186365384665,True,
"E2 learned speed, stop-bias yaw",S2,30,8.907345090642082,2.4814591041771625,7.68478364545121,11.151793331998562,1.479353268666666,358.95594957208476,0.6428934813524064,-0.17779247773611265,True,
"E2 learned speed, raw yaw",S2,30,8.517192927991212,2.372768284839588,7.594255182233907,11.01483077011967,1.32982894999998,358.95594957208476,0.6428934813524064,-0.17779247773611265,True,65400.0
"B1 hold speed, raw yaw",S2,30,34.90240592330026,19.392856420329817,23.28758802513074,34.90240592330026,0.9727960799998334,179.9755805272273,1.6631972222222224,1.2471120370370374,True,
"B2 true speed, stop-bias yaw",S2,30,2.2807640868615424,1.2672630810136496,1.6877039330984478,2.6668114207295064,1.1223203986666337,179.9755805272273,0.0,0.0,True,
"E1 learned speed, stop-bias yaw",S2,30,33.94648528261146,18.861717341412284,26.410344714782436,34.16218461366432,1.1223203986666337,179.9755805272273,1.4833006080167639,0.9294304160320763,True,
"E2 learned speed, stop-bias yaw",S2,30,24.909805824236436,13.840658688953638,18.309429138277014,25.008097211765485,1.1223203986666337,179.9755805272273,1.0397014917814227,0.7300832010601813,True,
"E2 learned speed, raw yaw",S2,30,24.918108365696828,13.845271837824205,18.274210398797653,24.974646226576606,0.9727960799998334,179.9755805272273,1.0397014917814227,0.7300832010601813,True,66000.0
"B1 hold speed, raw yaw",S2,30,22.672758134025486,10.461964973898496,23.72618926489587,39.61519020918436,2.142810089999825,216.71605850900508,2.3228203703703705,-0.7882111111111105,True,
"B2 true speed, stop-bias yaw",S2,30,5.85498142264729,2.701683236087464,3.4479249114904635,5.85498142264729,2.292334408666714,216.71605850900508,0.0,0.0,True,
"E1 learned speed, stop-bias yaw",S2,30,37.121258209850936,17.1289836411954,30.579552934264818,41.164345742332294,2.292334408666714,216.71605850900508,2.0052364237816467,-1.2937934644900662,True,
"E2 learned speed, stop-bias yaw",S2,30,36.43339329278794,16.811579881734534,26.23689978754471,36.43339329278794,2.292334408666714,216.71605850900508,1.6104215223444573,-1.3136447144024845,True,
"E2 learned speed, raw yaw",S2,30,36.45199468548549,16.82016318323306,26.228682933974802,36.45199468548549,2.142810089999825,216.71605850900508,1.6104215223444573,-1.3136447144024845,True,66600.0
"B1 hold speed, raw yaw",S2,30,20.523449429745913,7.706117497282017,12.786863161882854,20.523449429745913,0.06384264999990692,266.326712991135,0.7476379629629635,0.6749361111111118,True,
"B2 true speed, stop-bias yaw",S2,30,0.8952817433407542,0.33615919833417335,0.9786084849517231,1.3845080095466884,0.21336696866664367,266.326712991135,0.0,0.0,True,
"E1 learned speed, stop-bias yaw",S2,30,32.97072355755643,12.37980343288129,22.08296573310733,36.64958837860368,0.21336696866664367,266.326712991135,1.5030489641001805,1.0770934250235296,True,
"E2 learned speed, stop-bias yaw",S2,30,36.378596363933916,13.659386982012885,21.752496176690336,36.378596363933916,0.21336696866664367,266.326712991135,1.222562023456922,1.213676338073215,True,
"E2 learned speed, raw yaw",S2,30,36.34783825194524,13.647837967029284,21.753081364145476,36.34783825194524,0.06384264999990692,266.326712991135,1.222562023456922,1.213676338073215,True,67200.0
"B1 hold speed, raw yaw",S2,30,77.20129210951347,30.379904938622204,34.961347187062195,77.20129210951347,3.3901816599999908,254.11959736373922,3.515378703703703,-3.515378703703703,True,
"B2 true speed, stop-bias yaw",S2,30,8.757545968754943,3.4462300663178107,4.773150421278165,8.757545968754943,3.2406573413335593,254.11959736373922,0.0,0.0,True,
"E1 learned speed, stop-bias yaw",S2,30,5.7786373855887625,2.2739833706400034,13.354053982644785,19.53489890270625,3.2406573413335593,254.11959736373922,1.5864150292563883,-1.203978030321992,True,
"E2 learned speed, stop-bias yaw",S2,30,1.0003613846208936,0.3936577088106299,8.327639787593492,13.54685817551717,3.2406573413335593,254.11959736373922,1.0661402935334323,-0.7894079976353952,True,
"E2 learned speed, raw yaw",S2,30,1.0769138617096163,0.42378229498300124,8.30274445794154,13.544067114069442,3.3901816599999908,254.11959736373922,1.0661402935334323,-0.7894079976353952,True,67800.0
"B1 hold speed, raw yaw",S2,30,14.128253021547936,12.367827150464805,27.208073310823842,44.43849278608254,1.3998884999999746,114.2339139257535,3.308562962962963,0.28162037037037085,True,
"B2 true speed, stop-bias yaw",S2,30,0.5491802446705769,0.4807506158175736,0.6207864938130259,0.9319420819914731,1.549412818666406,114.2339139257535,0.0,0.0,True,
"E1 learned speed, stop-bias yaw",S2,30,15.009125337742272,13.13893993643383,16.747694984218814,26.29261797668057,1.549412818666406,114.2339139257535,1.269836969295894,-0.5158663834865053,True,
"E2 learned speed, stop-bias yaw",S2,30,21.29832136886305,18.644481867885506,18.779934821964,23.55611346518969,1.549412818666406,114.2339139257535,0.9647932843751093,-0.7521299902324274,True,
"E2 learned speed, raw yaw",S2,30,21.314448698912404,18.658599680621784,18.79011003319166,23.56851715170302,1.3998884999999746,114.2339139257535,0.9647932843751093,-0.7521299902324274,True,68400.0
"B1 hold speed, raw yaw",S2,30,38.26169028108129,8.442098813917738,20.903760380411576,38.26169028108129,1.3612073200000145,453.2248570462435,1.2742194444444461,-1.2735194444444462,False,
"B2 true speed, stop-bias yaw",S2,30,7.9447279848218875,1.7529329782570309,3.722583788261883,7.9447279848218875,1.3372785652800274,453.2248570462435,0.0,0.0,False,
"E1 learned speed, stop-bias yaw",S2,30,33.3659137665605,7.361889633329644,17.774729441397497,33.3659137665605,1.3372785652800274,453.2248570462435,1.1631391090772265,-1.103402083970999,False,
"E2 learned speed, stop-bias yaw",S2,30,8.402924794534712,1.8540299950223922,5.753036604071886,8.402924794534712,1.3372785652800274,453.2248570462435,0.5098599093937682,0.008771147776502914,False,
"E2 learned speed, raw yaw",S2,30,8.496745533243416,1.8747306995954274,5.782623912056251,8.496745533243416,1.3612073200000145,453.2248570462435,0.5098599093937682,0.008771147776502914,False,69000.0
"B1 hold speed, raw yaw",S2,30,20.538091322822705,4.645317374919528,8.699669366340464,20.538091322822705,0.3221663199999413,442.12460990738,0.9006638888888887,-0.7138490740740736,False,
"B2 true speed, stop-bias yaw",S2,30,1.3535909976452505,0.3061559947836453,1.3330861465229418,2.063786029168936,0.2982375652799543,442.12460990738,0.0,0.0,False,
"E1 learned speed, stop-bias yaw",S2,30,31.811323946563014,7.195103650354845,11.654430546520988,31.811323946563014,0.2982375652799543,442.12460990738,1.2288936611599395,-1.100409745211759,False,
"E2 learned speed, stop-bias yaw",S2,30,33.40665691937067,7.555936984907711,14.555599211629636,33.40665691937067,0.2982375652799543,442.12460990738,1.2249544977183233,-1.1490738650363468,False,
"E2 learned speed, raw yaw",S2,30,33.405167953737966,7.5556002097996675,14.553153215029086,33.405167953737966,0.3221663199999413,442.12460990738,1.2249544977183233,-1.1490738650363468,False,69600.0
"B1 hold speed, raw yaw",S2,30,28.504928646823142,7.896175720072181,24.022681633590317,32.623885315749455,0.5951847899999663,360.9966350465485,1.3710407407407401,0.9357648148148134,True,
"B2 true speed, stop-bias yaw",S2,30,1.30173714241838,0.3605953673918673,0.5166141747353006,1.30173714241838,0.5712560352799793,360.9966350465485,0.0,0.0,True,
"E1 learned speed, stop-bias yaw",S2,30,21.920448624834865,6.072203033695411,16.037005717173205,27.045416177425032,0.5712560352799793,360.9966350465485,2.2406512772296914,-0.7256573847459018,True,
"E2 learned speed, stop-bias yaw",S2,30,3.2126549815355556,0.8899404231624768,9.30726130645003,16.69520408660117,0.5712560352799793,360.9966350465485,1.5727752797595265,-0.0843080593669733,True,
"E2 learned speed, raw yaw",S2,30,3.258956023541959,0.9027663161241752,9.310694914184173,16.694128863550258,0.5951847899999663,360.9966350465485,1.5727752797595265,-0.0843080593669733,True,70200.0
"B1 hold speed, raw yaw",S2,30,46.13971581269808,15.892307019669293,17.481527189344913,46.13971581269808,1.694830980000014,290.32736251315015,2.7262546296296297,1.6989842592592603,True,
"B2 true speed, stop-bias yaw",S2,30,4.288830683538637,1.4772395706740793,1.9999991755835258,4.317199818468723,1.718759734720001,290.32736251315015,0.0,0.0,True,
"E1 learned speed, stop-bias yaw",S2,30,27.537252322123262,9.484897353027131,23.153172214438904,38.39457542937808,1.718759734720001,290.32736251315015,1.8655808544022785,-0.9903128377244254,True,
"E2 learned speed, stop-bias yaw",S2,30,12.3827005297737,4.265082155049315,11.265904820476425,20.832140438698517,1.718759734720001,290.32736251315015,1.1441317645681799,-0.4516864820498879,True,
"E2 learned speed, raw yaw",S2,30,12.383886965583072,4.265490809541644,11.263374801778776,20.828779975499504,1.694830980000014,290.32736251315015,1.1441317645681799,-0.4516864820498879,True,70800.0
"B1 hold speed, raw yaw",S2,30,109.70872294725041,38.408195260067934,65.09637911549986,109.70872294725041,0.07118734000012088,285.6388388061334,4.454419444444446,4.454419444444446,True,
"B2 true speed, stop-bias yaw",S2,30,6.00629365709965,2.102758043060172,4.197213660693023,6.00629365709965,0.0472585852799813,285.6388388061334,0.0,0.0,True,
"E1 learned speed, stop-bias yaw",S2,30,16.78570562289628,5.876548754033042,14.980938044929879,24.061836570102855,0.0472585852799813,285.6388388061334,1.772045275613438,0.23317310657267248,True,
"E2 learned speed, stop-bias yaw",S2,30,20.53308258670865,7.188477124654854,15.029024949445464,21.52633487802276,0.0472585852799813,285.6388388061334,1.315470104944847,-0.25149035249275337,True,
"E2 learned speed, raw yaw",S2,30,20.57407201441472,7.202827213696453,15.044720925527955,21.540493860960456,0.07118734000012088,285.6388388061334,1.315470104944847,-0.25149035249275337,True,71400.0
"B1 hold speed, raw yaw",S2,30,25.294912338319197,9.08170706327733,10.040343247643785,25.294912338319197,2.219792750000027,278.5259661215166,1.9273046296296297,0.86210462962963,True,
"B2 true speed, stop-bias yaw",S2,30,4.541911992089525,1.6306960730935796,3.403754551650491,5.672962566555268,2.243721504719963,278.5259661215166,0.0,0.0,True,
"E1 learned speed, stop-bias yaw",S2,30,14.313917573567284,5.139168090102717,10.254557114518962,18.765953230312356,2.243721504719963,278.5259661215166,1.2901400348210654,-0.4861423387801409,True,
"E2 learned speed, stop-bias yaw",S2,30,3.570313712124801,1.281860273870167,4.193986630776003,5.983973512358378,2.243721504719963,278.5259661215166,0.8669702961857073,-0.01458168568155397,True,
"E2 learned speed, raw yaw",S2,30,3.5361446108911494,1.2695924405656251,4.175171065714142,5.94641650949871,2.219792750000027,278.5259661215166,0.8669702961857073,-0.01458168568155397,True,72000.0
"B1 hold speed, raw yaw",S2,30,86.37560319300276,76.92255488530998,57.07617856679607,86.37560319300276,0.9658225899999257,112.28904619950168,3.244818518518518,3.2392888888888884,True,
"B2 true speed, stop-bias yaw",S2,30,11.565202107233883,10.299492691999736,8.203812453652883,11.803533177984495,0.9359253258501288,112.28904619950168,0.0,0.0,True,
"E1 learned speed, stop-bias yaw",S2,30,49.56551266399141,44.14100425782348,37.08541714585582,49.669116117901424,0.9359253258501288,112.28904619950168,2.019298461126535,1.447243921154291,True,
"E2 learned speed, stop-bias yaw",S2,30,42.00572317379562,37.40856708246048,31.26609595416066,42.37337029092497,0.9359253258501288,112.28904619950168,1.7757459391117982,1.069023898670199,True,
"E2 learned speed, raw yaw",S2,30,41.98366531108723,37.388923258369914,31.261617279086042,42.367824564505234,0.9658225899999257,112.28904619950168,1.7757459391117982,1.069023898670199,True,72600.0
"B1 hold speed, raw yaw",S2,30,55.59759541971326,28.11820918824166,23.78861291854844,55.59759541971326,1.0281479599999879,197.72808092971582,3.1878120370370366,2.021517592592593,True,
"B2 true speed, stop-bias yaw",S2,30,3.698958964240313,1.870730220435984,1.860930347262724,3.698958964240313,1.3410591783720531,197.72808092971582,0.0,0.0,True,
"E1 learned speed, stop-bias yaw",S2,30,14.048665388844011,7.105043109095734,26.03956125441543,39.51212399008874,1.3410591783720531,197.72808092971582,2.318111582662423,-0.6572719783850672,True,
"E2 learned speed, stop-bias yaw",S2,30,13.539330725752011,6.847449619745556,18.78415845627637,27.545462374140286,1.3410591783720531,197.72808092971582,1.610724524555171,-0.7011113003369034,True,
"E2 learned speed, raw yaw",S2,30,13.586669601046337,6.871391022034872,18.8279263961203,27.589120471026227,1.0281479599999879,197.72808092971582,1.610724524555171,-0.7011113003369034,True,74400.0
"B1 hold speed, raw yaw",S2,30,200.46984067020517,67.49259735484985,105.84687234082297,200.46984067020517,0.3427979899999282,297.0249309212574,6.6861296296296295,-6.684044444444444,True,
"B2 true speed, stop-bias yaw",S2,30,4.158156989164946,1.399935344237919,3.0528015472661716,4.363803898152422,0.013267394801556942,297.0249309212574,0.0,0.0,True,
"E1 learned speed, stop-bias yaw",S2,30,95.24737909889734,32.067132817261,55.57797152175021,95.24737909889734,0.013267394801556942,297.0249309212574,3.181987763633371,-3.135773207674427,True,
"E2 learned speed, stop-bias yaw",S2,30,72.61523765967037,24.447522783507015,41.10452130981082,72.61523765967037,0.013267394801556942,297.0249309212574,2.402095143304689,-2.397851724336506,True,
"E2 learned speed, raw yaw",S2,30,72.6754088091916,24.467780729307925,41.1347354447481,72.6754088091916,0.3427979899999282,297.0249309212574,2.402095143304689,-2.397851724336506,True,75000.0
"B1 hold speed, raw yaw",S2,30,237.87450587990807,48.91846193772157,130.00298208704163,237.87450587990807,2.7641662200000043,486.2673445922068,8.195104629629629,-8.195104629629629,True,
"B2 true speed, stop-bias yaw",S2,30,10.652221249487198,2.190610035395314,4.440159536739783,10.652221249487198,3.1122599917090508,486.2673445922068,0.0,0.0,True,
"E1 learned speed, stop-bias yaw",S2,30,155.6802917280626,32.01537044578206,88.7815421922329,155.6802917280626,3.1122599917090508,486.2673445922068,5.329889685485421,-5.324358458839685,True,
"E2 learned speed, stop-bias yaw",S2,30,125.0121234878844,25.7085171106281,71.57321056873894,125.0121234878844,3.1122599917090508,486.2673445922068,4.27930848810377,-4.258034740134057,True,
"E2 learned speed, raw yaw",S2,30,125.06995312650449,25.720409671225312,71.59534912936617,125.06995312650449,2.7641662200000043,486.2673445922068,4.27930848810377,-4.258034740134057,True,75600.0
"B1 hold speed, raw yaw",S2,30,7.699098520275166,4.459406448154394,14.664923736448964,23.4479274883593,3.9761692200001506,172.64850400576466,2.2708768518518507,2.2708768518518507,True,
"B2 true speed, stop-bias yaw",S2,30,0.9915451206226934,0.5743143425034173,2.438448275185324,4.007996457086636,4.32426299170856,172.64850400576466,0.0,0.0,True,
"E1 learned speed, stop-bias yaw",S2,30,3.230096969306705,1.870909329859501,4.8111674549408905,6.984564477093394,4.32426299170856,172.64850400576466,1.1402457912015962,0.7690501615836807,True,
"E2 learned speed, stop-bias yaw",S2,30,12.076063883780508,6.994595147709645,8.904703809979662,12.76461422276481,4.32426299170856,172.64850400576466,1.0664327465981063,-0.5556211451300337,True,
"E2 learned speed, raw yaw",S2,30,12.051567716467058,6.980406685750756,8.923716346435455,12.798631518465331,3.9761692200001506,172.64850400576466,1.0664327465981063,-0.5556211451300337,True,76200.0
"B1 hold speed, raw yaw",S2,30,102.30669068967867,40.817285154437116,53.10175572071419,102.30669068967867,1.8911623399999342,250.64550545826108,3.78420925925926,0.19045555555555532,True,
"B2 true speed, stop-bias yaw",S2,30,7.14524846105824,2.850738714821323,2.9648358848366065,7.14524846105824,2.239256111709056,250.64550545826108,0.0,0.0,True,
"E1 learned speed, stop-bias yaw",S2,30,62.9105175641643,25.099399827315285,27.14765077977836,62.9105175641643,2.239256111709056,250.64550545826108,2.904702812005775,-1.0079328084832675,True,
"E2 learned speed, stop-bias yaw",S2,30,42.214277067507396,16.84222383733793,18.13810887793983,42.214277067507396,2.239256111709056,250.64550545826108,2.01354619305783,-0.7540155059069819,True,
"E2 learned speed, raw yaw",S2,30,41.96182003711768,16.741501093505708,18.01319204665126,41.96182003711768,1.8911623399999342,250.64550545826108,2.01354619305783,-0.7540155059069819,True,76800.0
"B1 hold speed, raw yaw",S2,30,121.37749042986827,28.789627114092177,38.33560888642639,121.37749042986827,3.2211690900000356,421.60146760100076,4.067837037037034,4.034820370370366,True,
"B2 true speed, stop-bias yaw",S2,30,4.624457767470561,1.0968789539051367,2.260981080366201,4.624457767470561,3.5692628617089017,421.60146760100076,0.0,0.0,True,
"E1 learned speed, stop-bias yaw",S2,30,21.77228317732152,5.164185813016804,8.798298701354208,21.77228317732152,3.5692628617089017,421.60146760100076,1.599107089356841,0.673285899790322,True,
"E2 learned speed, stop-bias yaw",S2,30,20.68432074812609,4.906131106664343,10.209503339367979,22.70843918726897,3.5692628617089017,421.60146760100076,1.3416072434768973,0.6336032580418215,True,
"E2 learned speed, raw yaw",S2,30,20.554442369301515,4.875325146817095,10.11474265545102,22.56751151569321,3.2211690900000356,421.60146760100076,1.3416072434768973,0.6336032580418215,True,77400.0
"B1 hold speed, raw yaw",S2,30,25.3901713173781,15.615180952363554,13.741679624184007,25.3901713173781,2.507864469999992,162.59927691414282,1.6513981481481483,1.5771166666666667,True,
"B2 true speed, stop-bias yaw",S2,30,3.2405256356444863,1.9929520580559401,2.075244432068789,3.2405256356444863,2.134749305777874,162.59927691414282,0.0,0.0,True,
"E1 learned speed, stop-bias yaw",S2,30,16.177038915436885,9.949022666305481,8.102378075793963,16.177038915436885,2.134749305777874,162.59927691414282,1.4042542455310152,0.1924973373951022,True,
"E2 learned speed, stop-bias yaw",S2,30,20.757952016917503,12.766324925219875,12.365092613902336,20.757952016917503,2.134749305777874,162.59927691414282,1.4611269085604135,-0.22848422419569317,True,
"E2 learned speed, raw yaw",S2,30,20.437547409141985,12.569273244636634,12.293050626808638,20.437547409141985,2.507864469999992,162.59927691414282,1.4611269085604135,-0.22848422419569317,True,78000.0
"B1 hold speed, raw yaw",S2,30,22.00587434650923,15.290844092672486,15.371943442562618,23.912417690330805,5.742209190000007,143.9153666935539,1.4434666666666665,-0.8452851851851849,True,
"B2 true speed, stop-bias yaw",S2,30,4.9416294519821085,3.4337052154441325,2.8121398818355634,4.9416294519821085,6.115324354222202,143.9153666935539,0.0,0.0,True,
"E1 learned speed, stop-bias yaw",S2,30,11.448290707309164,7.954877210358346,11.634671079361592,15.261555630772902,6.115324354222202,143.9153666935539,1.7210538781960252,0.27147164434952903,True,
"E2 learned speed, stop-bias yaw",S2,30,17.29834245230354,12.019802228025974,12.795724024095136,19.833359059450125,6.115324354222202,143.9153666935539,1.7835879147477829,0.7791830771253921,True,
"E2 learned speed, raw yaw",S2,30,17.5738326635033,12.211227381245624,12.901949390926083,19.932222700473318,5.742209190000007,143.9153666935539,1.7835879147477829,0.7791830771253921,True,78600.0
"B1 hold speed, raw yaw",S2,30,48.65346677104097,64.68675107694976,35.082055502379575,48.65346677104097,2.6211435000000316,75.21395952188726,2.3637249999999996,-0.16495277777777811,True,
"B2 true speed, stop-bias yaw",S2,30,16.729637829045934,22.24272985412716,14.366155207170982,19.64918157075405,2.9074760178560943,75.21395952188726,0.0,0.0,True,
"E1 learned speed, stop-bias yaw",S2,30,37.36913631593356,49.68377752411657,31.946132073118704,39.5987298260024,2.9074760178560943,75.21395952188726,1.4539389609878508,0.4355694034819674,True,
"E2 learned speed, stop-bias yaw",S2,30,28.155787184024227,37.43425736791704,24.50794984311724,30.45711860300389,2.9074760178560943,75.21395952188726,1.100686853562296,0.15871388329004069,True,
"E2 learned speed, raw yaw",S2,30,28.38826469939162,37.74334562340204,24.54419754776174,30.45597552041069,2.6211435000000316,75.21395952188726,1.100686853562296,0.15871388329004069,True,79200.0
"B1 hold speed, raw yaw",S2,30,40.293724545483364,11.626428068664872,19.468950027627457,40.293724545483364,1.4462195599999803,346.57010999002824,1.4573861111111106,-1.4567120370370366,True,
"B2 true speed, stop-bias yaw",S2,30,5.8430513174782135,1.6859651623293002,3.011527976876139,5.8430513174782135,1.8783894664537646,346.57010999002824,0.0,0.0,True,
"E1 learned speed, stop-bias yaw",S2,30,27.545921015414557,7.948152544432388,14.436873401101206,27.545921015414557,1.8783894664537646,346.57010999002824,0.9992616448645183,-0.9713368054588831,True,
"E2 learned speed, stop-bias yaw",S2,30,28.543367619784004,8.23595768850501,12.791172124496995,28.543367619784004,1.8783894664537646,346.57010999002824,1.0844074917791109,-1.030641523147627,True,
"E2 learned speed, raw yaw",S2,30,28.388563446589988,8.191290197359145,12.692070821596113,28.388563446589988,1.4462195599999803,346.57010999002824,1.0844074917791109,-1.030641523147627,True,79800.0
"B1 hold speed, raw yaw",S2,30,80.50460809689888,26.51679798408961,22.085037268885994,80.50460809689888,0.36184067000000214,303.59852703634346,2.9503944444444445,2.563748148148149,True,
"B2 true speed, stop-bias yaw",S2,30,5.835013544512003,1.9219505448435525,3.9180826844837826,5.84031805163412,0.07032923645378208,303.59852703634346,0.0,0.0,True,
"E1 learned speed, stop-bias yaw",S2,30,8.218324493542914,2.7069711351264583,6.544431733488632,8.969479022764888,0.07032923645378208,303.59852703634346,0.6931923505251508,-0.15933737412094967,True,
"E2 learned speed, stop-bias yaw",S2,30,28.494491269694734,9.385582844505596,12.728040427570516,28.512860381479005,0.07032923645378208,303.59852703634346,1.0100521221765781,0.7957869577101978,True,
"E2 learned speed, raw yaw",S2,30,28.88710904843328,9.514904215913813,12.999475804671937,28.90647754501948,0.36184067000000214,303.59852703634346,1.0100521221765781,0.7957869577101978,True,80400.0
"B1 hold speed, raw yaw",S2,30,30.32688495127636,19.114561959208807,51.01044008796639,75.93543353081215,0.5329055299999907,158.65854010149474,4.06047037037037,1.0018703703703709,True,
"B2 true speed, stop-bias yaw",S2,30,0.5356519507569205,0.33761305909802336,0.5268195068156694,0.7351514325514352,0.031567434759408056,158.65854010149474,0.0,0.0,True,
"E1 learned speed, stop-bias yaw",S2,30,26.873924363742795,16.938214826980886,15.454118528613897,27.049555622506073,0.031567434759408056,158.65854010149474,2.1160191917766293,-0.8981525926461555,True,
"E2 learned speed, stop-bias yaw",S2,30,17.261024542906554,10.879354197930084,10.3596452534314,18.413483040240195,0.031567434759408056,158.65854010149474,1.4680853967546061,-0.5730762247326313,True,
"E2 learned speed, raw yaw",S2,30,17.284733875006822,10.894297819675943,10.36901424051339,18.445415755957995,0.5329055299999907,158.65854010149474,1.4680853967546061,-0.5730762247326313,True,81000.0
"B1 hold speed, raw yaw",S2,30,35.86150242920743,12.164134773350202,17.809886189590856,36.43822125212541,0.32616543000005804,294.81342567639587,2.3008287037037034,-1.4977805555555552,True,
"B2 true speed, stop-bias yaw",S2,30,0.7416544325181951,0.2515673873456081,1.0815359035649912,1.6527505494925159,0.7767196214382802,294.81342567639587,0.0,0.0,True,
"E1 learned speed, stop-bias yaw",S2,30,72.33563415129481,24.53607191915831,32.76208636419494,72.33806299301702,0.7767196214382802,294.81342567639587,3.0438967689956216,-2.7521075317830785,True,
"E2 learned speed, stop-bias yaw",S2,30,76.93902974391348,26.097532555510607,33.35841121761505,76.93902974391348,0.7767196214382802,294.81342567639587,2.8373416555003583,-2.8216599878353,True,
"E2 learned speed, raw yaw",S2,30,77.02857984956991,26.1279077344737,33.40359641594466,77.02857984956991,0.32616543000005804,294.81342567639587,2.8373416555003583,-2.8216599878353,True,81600.0
"B1 hold speed, raw yaw",S2,30,25.543161038267044,10.775854570641593,10.20105351562396,25.543161038267044,1.193820220000105,237.04069937857565,1.8863240740740737,-0.9540092592592587,True,
"B2 true speed, stop-bias yaw",S2,30,2.0462477603436096,0.8632474362875402,1.3105362575685928,2.0462477603436096,0.8699003753259182,237.04069937857565,0.0,0.0,True,
"E1 learned speed, stop-bias yaw",S2,30,18.661022397794845,7.872497190025367,12.32260298537484,18.661022397794845,0.8699003753259182,237.04069937857565,1.303194315576304,-0.32709206379130945,True,
"E2 learned speed, stop-bias yaw",S2,30,20.409520254768385,8.610133326586467,14.726344768034688,20.686206373274214,0.8699003753259182,237.04069937857565,1.08444157267076,-0.09680114495181281,True,
"E2 learned speed, raw yaw",S2,30,20.41235188456209,8.611327901948895,14.803996224067022,20.851497736812984,1.193820220000105,237.04069937857565,1.08444157267076,-0.09680114495181281,True,82200.0
"B1 hold speed, raw yaw",S2,30,29.172061394965965,10.48243289290037,16.308761835214646,29.172061394965965,3.0491782599999473,278.29475936567997,1.0427444444444447,0.9584740740740745,True,
"B2 true speed, stop-bias yaw",S2,30,7.435346774987722,2.6717523506138536,3.134844739632225,7.435346774987722,3.414624731000082,278.29475936567997,0.0,0.0,True,
"E1 learned speed, stop-bias yaw",S2,30,10.827936324305492,3.890815748376188,7.064738500937377,10.827936324305492,3.414624731000082,278.29475936567997,0.9416454143155548,-0.332144255849817,True,
"E2 learned speed, stop-bias yaw",S2,30,13.659600783311959,4.908321239841678,5.462134855545954,13.659600783311959,3.414624731000082,278.29475936567997,0.735106828912148,-0.3768934317361529,True,
"E2 learned speed, raw yaw",S2,30,13.155767252079539,4.727278114063524,5.225221244519257,13.155767252079539,3.0491782599999473,278.29475936567997,0.735106828912148,-0.3768934317361529,True,82800.0
"B1 hold speed, raw yaw",S2,30,30.898212244840256,18.271604764771624,27.096095085461503,39.147343699492374,1.239183590000018,169.1050821349487,2.6182805555555553,1.2696435185185182,True,
"B2 true speed, stop-bias yaw",S2,30,1.9776453293660337,1.1694771702886133,0.8855819187296884,1.9776453293660337,1.8533487098378285,169.1050821349487,0.0,0.0,True,
"E1 learned speed, stop-bias yaw",S2,30,23.16540168285029,13.698820514669046,20.613903745844844,28.719293710036258,1.8533487098378285,169.1050821349487,1.366908357445187,0.761336833813792,True,
"E2 learned speed, stop-bias yaw",S2,30,23.60731293293538,13.960143973731284,20.071554652224727,27.33398578825496,1.8533487098378285,169.1050821349487,1.1758384435232105,0.7813801473014953,True,
"E2 learned speed, raw yaw",S2,30,23.263715675875183,13.75695832565833,19.950584876639923,27.233681659786935,1.239183590000018,169.1050821349487,1.1758384435232105,0.7813801473014953,True,83400.0
"B1 hold speed, raw yaw",S2,30,18.793226842522884,7.152288961722804,6.97569295075482,18.793226842522884,0.5958300199999519,262.7582154901649,1.4855805555555557,0.575004629629629,True,
"B2 true speed, stop-bias yaw",S2,30,3.7233277510066274,1.4170166835929026,2.1344245062204505,3.7425657164065447,0.12597027157146887,262.7582154901649,0.0,0.0,True,
"E1 learned speed, stop-bias yaw",S2,30,30.337188587593086,11.545667004550278,16.11605243148886,30.337188587593086,0.12597027157146887,262.7582154901649,1.6388488506522236,1.114528496062114,True,
"E2 learned speed, stop-bias yaw",S2,30,27.693164978950787,10.539409748726714,12.777296180263155,27.693164978950787,0.12597027157146887,262.7582154901649,1.3502958581613427,1.0594439197492644,True,
"E2 learned speed, raw yaw",S2,30,27.210268549732895,10.355629984384402,12.502834341859417,27.210268549732895,0.5958300199999519,262.7582154901649,1.3502958581613427,1.0594439197492644,True,84000.0
"B1 hold speed, raw yaw",S2,30,143.36811931091447,46.67266079508892,70.7009949451872,143.36811931091447,1.2418466899999097,307.17794286543057,5.408550925925926,-4.458715740740742,True,
"B2 true speed, stop-bias yaw",S2,30,1.6779522922698618,0.5462476493648973,1.6996339892805397,2.166620715112156,0.8764052853889374,307.17794286543057,0.0,0.0,True,
"E1 learned speed, stop-bias yaw",S2,30,89.63522786465744,29.180229227567004,51.18892402346809,89.63522786465744,0.8764052853889374,307.17794286543057,3.3925024654335183,-2.6726579054828026,True,
"E2 learned speed, stop-bias yaw",S2,30,72.63133909137453,23.644711730878765,41.038381959767996,72.63133909137453,0.8764052853889374,307.17794286543057,2.6719813809204265,-2.2200510629581522,True,
"E2 learned speed, raw yaw",S2,30,72.50659611449063,23.604102377316373,40.984569372227384,72.50659611449063,1.2418466899999097,307.17794286543057,2.6719813809204265,-2.2200510629581522,True,85200.0
"B1 hold speed, raw yaw",S2,30,38.51464652051781,14.16162794618769,29.946997781839976,42.80753508397168,1.4141892300000438,271.96482400800505,1.771821296296296,1.4654138888888888,True,
"B2 true speed, stop-bias yaw",S2,30,5.9932913306494715,2.2037009207018126,2.984737167398277,5.9932913306494715,2.0283395614594992,271.96482400800505,0.0,0.0,True,
"E1 learned speed, stop-bias yaw",S2,30,14.54313904017467,5.347433843042366,9.183439138716826,14.54313904017467,2.0283395614594992,271.96482400800505,1.4944403748546784,-0.3871220235999876,True,
"E2 learned speed, stop-bias yaw",S2,30,8.969475149475512,3.2980276703767775,6.862249374836697,9.666199506910313,2.0283395614594992,271.96482400800505,1.192628984124762,-0.2160733161655799,True,
"E2 learned speed, raw yaw",S2,30,9.70144249122057,3.5671681169087575,7.231090936878942,9.779830963187893,1.4141892300000438,271.96482400800505,1.192628984124762,-0.2160733161655799,True,85800.0
"B1 hold speed, raw yaw",S2,30,66.23478924873483,19.631532257688498,34.87714451097823,66.23478924873483,1.342804380000039,337.3898093094318,3.439187037037036,-1.1010240740740729,True,
"B2 true speed, stop-bias yaw",S2,30,7.162902894841449,2.1230347500721645,4.198671535253106,7.162902894841449,0.7286540485406853,337.3898093094318,0.0,0.0,True,
"E1 learned speed, stop-bias yaw",S2,30,93.73763602132688,27.78318533484716,40.240707202448334,93.73763602132688,0.7286540485406853,337.3898093094318,3.4861472197828927,-2.964759577987762,True,
"E2 learned speed, stop-bias yaw",S2,30,59.704703652115626,17.696060166819795,26.646469734425384,59.704703652115626,0.7286540485406853,337.3898093094318,2.2033472349453977,-1.824168825221311,True,
"E2 learned speed, raw yaw",S2,30,60.160241758033344,17.831078502687767,26.88684527143776,60.160241758033344,1.342804380000039,337.3898093094318,2.2033472349453977,-1.824168825221311,True,86400.0
"B1 hold speed, raw yaw",S2,30,65.84344258648748,27.948749963858504,31.356498308474375,65.84344258648748,0.47883248000003353,235.58635957469266,2.307321296296296,-2.2541601851851847,True,
"B2 true speed, stop-bias yaw",S2,30,0.2603149742019875,0.11049662411352582,0.6422868679158058,1.1710366964592003,0.24730256042854676,235.58635957469266,0.0,0.0,True,
"E1 learned speed, stop-bias yaw",S2,30,32.33976453710977,13.727350172350047,20.287056530341662,33.539376289190905,0.24730256042854676,235.58635957469266,1.2606302639998077,-1.1192141957511843,True,
"E2 learned speed, stop-bias yaw",S2,30,37.1915822574569,15.786814790380642,19.215302284261,37.1915822574569,0.24730256042854676,235.58635957469266,1.3172889011885631,-1.285282607083418,True,
"E2 learned speed, raw yaw",S2,30,37.246045082218195,15.809932777712174,19.241685029172686,37.246045082218195,0.47883248000003353,235.58635957469266,1.3172889011885631,-1.285282607083418,True,87000.0
"B1 hold speed, raw yaw",S2,30,92.4280041571894,61.62189076307314,43.456056105917924,92.4280041571894,1.6861466799999831,149.9921586511539,4.042309259259259,3.807059259259259,True,
"B2 true speed, stop-bias yaw",S2,30,12.419871271151791,8.280347041365983,5.993363203447629,12.419871271151791,2.4122817204286653,149.9921586511539,0.0,0.0,True,
"E1 learned speed, stop-bias yaw",S2,30,33.71089421287408,22.47510437614116,17.359624253948333,33.71089421287408,2.4122817204286653,149.9921586511539,1.6946351967788715,1.02198193793269,True,
"E2 learned speed, stop-bias yaw",S2,30,22.955908413552336,15.304739007685278,13.787958364207043,22.955908413552336,2.4122817204286653,149.9921586511539,1.1412563857428317,0.7919119151191006,True,
"E2 learned speed, raw yaw",S2,30,23.124352645546026,15.417041033010113,13.927804089902665,23.124352645546026,1.6861466799999831,149.9921586511539,1.1412563857428317,0.7919119151191006,True,87600.0
"B1 hold speed, raw yaw",S2,30,172.72482768380945,129.21111863547085,85.0988599546974,172.72482768380945,2.9141777599999528,133.67644325648092,5.917626851851851,5.914897222222221,True,
"B2 true speed, stop-bias yaw",S2,30,3.8226454437868336,2.8596253391126214,2.102609178153888,3.8226454437868336,3.951882569470525,133.67644325648092,0.0,0.0,True,
"E1 learned speed, stop-bias yaw",S2,30,144.00279457369962,107.7248848530521,65.90685429865987,144.00279457369962,3.951882569470525,133.67644325648092,5.170098038419981,4.8749297420319175,True,
"E2 learned speed, stop-bias yaw",S2,30,118.98342640496232,89.0085220001496,56.66614624817037,118.98342640496232,3.951882569470525,133.67644325648092,4.137668341582349,4.130664702013433,True,
"E2 learned speed, raw yaw",S2,30,118.9351202449686,88.9723853714236,56.66585466122706,118.9351202449686,2.9141777599999528,133.67644325648092,4.137668341582349,4.130664702013433,True,88200.0
"B1 hold speed, raw yaw",S2,30,15.968408329641422,7.862697760220965,17.85106533153771,33.131129290313936,0.377823699999941,203.09070520844568,2.829631481481482,-0.6586055555555553,True,
"B2 true speed, stop-bias yaw",S2,30,1.778156711977252,0.8755480513754726,0.7636539834215312,1.778156711977252,0.15675150487885128,203.09070520844568,0.0,0.0,True,
"E1 learned speed, stop-bias yaw",S2,30,31.483209389905902,15.502043462595967,15.846114710419132,31.483209389905902,0.15675150487885128,203.09070520844568,1.908162558868287,0.2425316300295983,True,
"E2 learned speed, stop-bias yaw",S2,30,30.97203703458621,15.250346884559548,18.026079239369874,30.97203703458621,0.15675150487885128,203.09070520844568,1.4841823644288994,0.4607540404525399,True,
"E2 learned speed, raw yaw",S2,30,31.553241948659984,15.536526852016573,18.12485757788533,31.553241948659984,0.377823699999941,203.09070520844568,1.4841823644288994,0.4607540404525399,True,88800.0
"B1 hold speed, raw yaw",S2,30,43.02567284920503,8.373543135344322,17.637223592648027,43.02567284920503,0.1028609200000004,513.8287598662475,1.429949074074075,1.4266657407407417,True,
"B2 true speed, stop-bias yaw",S2,30,1.4592762398937382,0.284000498585092,0.6864163766582765,1.4592762398937382,0.4317142848787855,513.8287598662475,0.0,0.0,True,
"E1 learned speed, stop-bias yaw",S2,30,26.360098390278125,5.1301329254399475,12.570452049217284,26.360098390278125,0.4317142848787855,513.8287598662475,1.1780966988352093,0.8638308168058498,True,
"E2 learned speed, stop-bias yaw",S2,30,33.85904288276838,6.589557752972425,14.645005525389749,33.85904288276838,0.4317142848787855,513.8287598662475,1.240472315139668,1.1157114306054412,True,
"E2 learned speed, raw yaw",S2,30,33.84917495682147,6.587637283213302,14.638549097698439,33.84917495682147,0.1028609200000004,513.8287598662475,1.240472315139668,1.1157114306054412,True,89400.0
"B1 hold speed, raw yaw",S2,30,96.59519046692475,14.482708256215727,48.99783684270969,96.59519046692475,3.9108712899999936,666.9691107356787,3.1687435185185184,-3.1679324074074073,True,
"B2 true speed, stop-bias yaw",S2,30,20.831502167246096,3.123308385941379,8.677658562787295,20.831502167246096,3.8254809336190094,666.9691107356787,0.0,0.0,True,
"E1 learned speed, stop-bias yaw",S2,30,113.29834641146584,16.987045514970816,52.921736393152756,113.29834641146584,3.8254809336190094,666.9691107356787,3.7393625460098914,-3.7393625460098914,True,
"E2 learned speed, stop-bias yaw",S2,30,77.04452115408034,11.551437677390918,33.455561630500235,77.04452115408034,3.8254809336190094,666.9691107356787,2.5005998121586233,-2.4961024077709575,True,
"E2 learned speed, raw yaw",S2,30,77.16241382463754,11.569113559026151,33.50731128426943,77.16241382463754,3.9108712899999936,666.9691107356787,2.5005998121586233,-2.4961024077709575,True,90000.0
"B1 hold speed, raw yaw",S2,30,231.17792365549815,51.284737446393834,129.91011699307967,231.17792365549815,2.175832709999979,450.77333952843276,8.05838703703704,8.05838703703704,True,
"B2 true speed, stop-bias yaw",S2,30,6.755901975214436,1.4987359239750035,2.8072346609505736,6.755901975214436,1.8395511848749755,450.77333952843276,0.0,0.0,True,
"E1 learned speed, stop-bias yaw",S2,30,30.89141295640762,6.852981365030158,24.00816792358023,38.69460807060347,1.8395511848749755,450.77333952843276,2.4971043766879184,-1.0052398282709947,True,
"E2 learned speed, stop-bias yaw",S2,30,39.12699907482138,8.679971871396228,23.637871155340335,39.12699907482138,1.8395511848749755,450.77333952843276,1.5971487823021207,-1.3345854384246048,True,
"E2 learned speed, raw yaw",S2,30,39.38930118352016,8.738161228595832,23.701617542135036,39.38930118352016,2.175832709999979,450.77333952843276,1.5971487823021207,-1.3345854384246048,True,90600.0
"B1 hold speed, raw yaw",S2,30,110.76088523781284,18.26137824800973,45.81896244455134,110.76088523781284,1.9021579300000295,606.5308090854776,3.6677037037037024,3.667555555555554,True,
"B2 true speed, stop-bias yaw",S2,30,14.749367750972473,2.4317590351612073,7.29659327857406,14.749367750972473,2.7136485858571615,606.5308090854776,0.0,0.0,True,
"E1 learned speed, stop-bias yaw",S2,30,69.79116804438603,11.506615492396273,36.6451092606828,69.79116804438603,2.7136485858571615,606.5308090854776,2.2973787111541872,2.219647042902506,True,
"E2 learned speed, stop-bias yaw",S2,30,39.12165298658813,6.450068553908326,22.409254786152268,40.14683737656779,2.7136485858571615,606.5308090854776,1.3279447389219994,1.140784154104728,True,
"E2 learned speed, raw yaw",S2,30,37.65181013552263,6.20773249627562,21.81249589487108,39.095067599173774,1.9021579300000295,606.5308090854776,1.3279447389219994,1.140784154104728,True,91200.0
"B1 hold speed, raw yaw",S2,30,10.89682545338805,1.6779249286356777,7.854385712205106,12.088623441268895,1.6098572599999854,649.4227046408012,0.9971222222222221,0.20232777777777802,True,
"B2 true speed, stop-bias yaw",S2,30,5.709993997178669,0.879241510402211,2.686740783155122,5.709993997178669,1.0866817359166552,649.4227046408012,0.0,0.0,True,
"E1 learned speed, stop-bias yaw",S2,30,9.730282355910331,1.498297224038725,10.885022134894884,24.080359895173416,1.0866817359166552,649.4227046408012,2.5650409880422567,-0.27060225309672276,True,
"E2 learned speed, stop-bias yaw",S2,30,20.86972757497846,3.213581451009109,9.03343810799447,24.84685269348033,1.0866817359166552,649.4227046408012,2.2005544886271706,-0.6774263545226591,True,
"E2 learned speed, raw yaw",S2,30,21.773469777584452,3.3527423082054795,9.485468684077624,25.340754296612545,1.6098572599999854,649.4227046408012,2.2005544886271706,-0.6774263545226591,True,91800.0
"B1 hold speed, raw yaw",S2,30,20.069590603165253,5.863861667062951,41.066145266618584,59.62023421881784,2.340828460000071,342.2589369032228,4.792027777777778,-4.413377777777779,True,
"B2 true speed, stop-bias yaw",S2,30,3.2541422472285007,0.9507837185121166,2.9681943379670974,4.1380677549257765,1.8176529359164868,342.2589369032228,0.0,0.0,True,
"E1 learned speed, stop-bias yaw",S2,30,20.34109025826603,5.94318747154225,35.88895411433929,52.13702590526666,1.8176529359164868,342.2589369032228,3.5478870311075297,-1.924740491477617,True,
"E2 learned speed, stop-bias yaw",S2,30,7.762606316353763,2.2680507298334533,23.358955935066916,36.54177047473622,1.8176529359164868,342.2589369032228,3.3178157995850572,-1.597580197354801,True,
"E2 learned speed, raw yaw",S2,30,6.992285170745975,2.0429810347722537,23.397082133452237,36.56586896312735,2.340828460000071,342.2589369032228,3.3178157995850572,-1.597580197354801,True,92400.0
"B1 hold speed, raw yaw",S2,30,115.00433347709804,18.672695143283335,39.85457942979666,115.00433347709804,1.7248398099999969,615.8957375709404,4.06144537037037,4.0602583333333335,True,
"B2 true speed, stop-bias yaw",S2,30,10.505083507910426,1.7056593944523646,5.223853644137453,10.505083507910426,1.3555823553529203,615.8957375709404,0.0,0.0,True,
"E1 learned speed, stop-bias yaw",S2,30,119.1738328194792,19.349676503606663,81.93692106385133,124.95740016690871,1.3555823553529203,615.8957375709404,5.179480990414444,-4.022648003822783,True,
"E2 learned speed, stop-bias yaw",S2,30,112.40941140852331,18.251370248454712,81.14450396960689,120.40948722202143,1.3555823553529203,615.8957375709404,4.5369055350039265,-3.7885863750630735,True,
"E2 learned speed, raw yaw",S2,30,112.42999156020271,18.254711747741677,81.19224215817252,120.43041679021358,1.7248398099999969,615.8957375709404,4.5369055350039265,-3.7885863750630735,True,93000.0
"B1 hold speed, raw yaw",S2,60,111.75868335069293,89.08295821847015,134.16572597469235,188.4924261020677,5.441129449999765,125.45461622032357,4.83657685185185,4.606717592592592,True,
"B2 true speed, stop-bias yaw",S2,60,11.913593984115638,9.49633767416973,6.930764764375212,12.545034070560563,23.78932506115873,125.45461622032357,0.0,0.0,True,
"E1 learned speed, stop-bias yaw",S2,60,49.42909801514307,39.399983439697124,49.80467673382495,67.22415566081499,23.78932506115873,125.45461622032357,1.89281954652049,1.591614940121907,True,
"E2 learned speed, stop-bias yaw",S2,60,37.886197619283315,30.19912599529022,36.95749517854291,52.08880534307594,23.78932506115873,125.45461622032357,1.4972791921573791,1.197646473513241,True,
"E2 learned speed, raw yaw",S2,60,18.737834967295008,14.935946983718475,31.507000166866707,44.204521074056366,5.441129449999765,125.45461622032357,1.4972791921573791,1.197646473513241,True,600.0
"B1 hold speed, raw yaw",S2,60,225.30006583894743,32.50910930797118,115.35441146630393,225.30006583894743,0.13337497999983627,693.0367230445906,4.839443055555556,-4.839443055555556,True,
"B2 true speed, stop-bias yaw",S2,60,36.9322799287731,5.329050929152111,17.188543064919568,36.9322799287731,5.701876087975201,693.0367230445906,0.0,0.0,True,
"E1 learned speed, stop-bias yaw",S2,60,98.85740215350387,14.264381506251478,62.01276406853906,98.85740215350387,5.701876087975201,693.0367230445906,1.9102200221893322,-1.8542889222519732,True,
"E2 learned speed, stop-bias yaw",S2,60,85.31032329301868,12.309639656357682,54.94113654713693,85.31032329301868,5.701876087975201,693.0367230445906,1.7961995991980881,-0.9366306754140467,True,
"E2 learned speed, raw yaw",S2,60,54.29099090602222,7.833782698774693,44.87259539108802,55.70500979611416,0.13337497999983627,693.0367230445906,1.7961995991980881,-0.9366306754140467,True,1800.0
"B1 hold speed, raw yaw",S2,60,559.1605806988189,217.1418476817169,289.85036752789574,559.1605806988189,10.251773409999947,257.5093592822456,9.336323148148148,9.318393518518517,True,
"B2 true speed, stop-bias yaw",S2,60,1.7341260175410964,0.6734225203987211,1.0809330097773242,1.7744363824468914,4.683272302024583,257.5093592822456,0.0,0.0,True,
"E1 learned speed, stop-bias yaw",S2,60,171.1268501431057,66.45461377407277,73.88939041981504,171.13029169502062,4.683272302024583,257.5093592822456,3.6551498848243735,2.8292043979319454,True,
"E2 learned speed, stop-bias yaw",S2,60,3.047529847093887,1.1834637217024848,25.464669751393284,50.93989986230209,4.683272302024583,257.5093592822456,1.8786311126407467,-0.07304824402934391,True,
"E2 learned speed, raw yaw",S2,60,9.652362223326902,3.7483539434181643,25.918058964249663,51.18454199051083,10.251773409999947,257.5093592822456,1.8786311126407467,-0.07304824402934391,True,2400.0
"B1 hold speed, raw yaw",S2,60,327.4099316105728,76.5435138468381,195.37438039800017,327.4099316105728,4.396621099999951,427.74353456742654,7.281883796296297,7.281286574074074,True,
"B2 true speed, stop-bias yaw",S2,60,8.12182406347392,1.8987602166067694,6.121487242066,8.132882034933939,1.8534395293792534,427.74353456742654,0.0,0.0,True,
"E1 learned speed, stop-bias yaw",S2,60,85.87054320026103,20.07524047957877,49.44528515346156,86.19878830940048,1.8534395293792534,427.74353456742654,2.1240948314034216,1.4664139346044487,True,
"E2 learned speed, stop-bias yaw",S2,60,20.781623307929927,4.858430725071323,10.71962552679724,22.723408770226854,1.8534395293792534,427.74353456742654,1.6098944537165858,-0.29473057632541155,True,
"E2 learned speed, raw yaw",S2,60,25.589877212235738,5.982528114215581,11.665081413024653,26.40664833428723,4.396621099999951,427.74353456742654,1.6098944537165858,-0.29473057632541155,True,4800.0
"B1 hold speed, raw yaw",S2,60,36.545723004944335,7.302711729277856,22.84233302139194,36.545723004944335,4.778373519999787,500.4404440397955,1.0223523148148148,0.47857175925925893,True,
"B2 true speed, stop-bias yaw",S2,60,33.05565380844207,6.6053122208910535,14.881167658349916,33.05565380844207,7.32155509062079,500.4404440397955,0.0,0.0,True,
"E1 learned speed, stop-bias yaw",S2,60,62.59156643994415,12.50729576024571,27.828885670506814,62.59156643994415,7.32155509062079,500.4404440397955,1.544744730736314,0.9641557117392643,True,
"E2 learned speed, stop-bias yaw",S2,60,83.1179630347204,16.608961970330036,33.84834780300445,83.1179630347204,7.32155509062079,500.4404440397955,1.7971065088058216,1.385268225946041,True,
"E2 learned speed, raw yaw",S2,60,78.66874462428841,15.7199014510571,31.887135506187647,78.66874462428841,4.778373519999787,500.4404440397955,1.7971065088058216,1.385268225946041,True,5400.0
"B1 hold speed, raw yaw",S2,60,26.277925532412514,6.7158629200377895,54.37330912286654,77.51330161058004,7.192644620000111,391.2814458140347,3.642031018518519,-0.2687458333333334,True,
"B2 true speed, stop-bias yaw",S2,60,19.66602663433555,5.026056523948307,7.861904546382376,19.66602663433555,4.6494630493792615,391.2814458140347,0.0,0.0,True,
"E1 learned speed, stop-bias yaw",S2,60,40.20760681338343,10.275878716848995,39.203134480952436,47.3154839121907,4.6494630493792615,391.2814458140347,1.7745901641681705,0.5773740965184911,True,
"E2 learned speed, stop-bias yaw",S2,60,32.308439015665634,8.257084347163484,27.846744478464462,35.159613419272674,4.6494630493792615,391.2814458140347,1.2970996908116632,0.41699624895506804,True,
"E2 learned speed, raw yaw",S2,60,28.53800818770456,7.293473404631582,27.79439520182905,35.19082987153353,7.192644620000111,391.2814458140347,1.2970996908116632,0.41699624895506804,True,6000.0
"B1 hold speed, raw yaw",S2,60,85.53499357570479,23.1095390401496,35.79415918798379,85.53499357570479,16.81533098000003,370.12851458049283,1.5932393518518515,-1.54953287037037,True,
"B2 true speed, stop-bias yaw",S2,60,72.71854674133891,19.646837213760417,33.27721336116415,72.71854674133891,19.34502663598652,370.12851458049283,0.0,0.0,True,
"E1 learned speed, stop-bias yaw",S2,60,141.14820110706748,38.134916805057884,63.17817954431333,141.14820110706748,19.34502663598652,370.12851458049283,2.9807462270134586,2.288661938137038,True,
"E2 learned speed, stop-bias yaw",S2,60,203.00652920049518,54.847578936355305,98.22056327821996,203.00652920049518,19.34502663598652,370.12851458049283,4.148951502647528,3.660585761906787,True,
"E2 learned speed, raw yaw",S2,60,195.83721794230146,52.91060002882113,95.25542945661226,195.83721794230146,16.81533098000003,370.12851458049283,4.148951502647528,3.660585761906787,True,6600.0
"B1 hold speed, raw yaw",S2,60,116.34877236938493,36.55916701920934,48.08296283599079,116.34877236938493,173.94365084,318.247875582755,2.0336439814814815,1.6628754629629634,True,
"B2 true speed, stop-bias yaw",S2,60,41.23083120420214,12.955571542685997,18.11273182109915,41.23083120420214,171.3479725389103,318.247875582755,0.0,0.0,True,
"E1 learned speed, stop-bias yaw",S2,60,110.01077943901139,34.5676398428636,47.71820733862131,110.01077943901139,171.3479725389103,318.247875582755,2.269583939175878,1.5607570980756793,True,
"E2 learned speed, stop-bias yaw",S2,60,99.18995650834975,31.16751567523255,39.14122912347701,99.18995650834975,171.3479725389103,318.247875582755,1.8713130885718534,1.1634012849145299,True,
"E2 learned speed, raw yaw",S2,60,94.09829248538915,29.567610565532426,36.68066544165509,94.09829248538915,173.94365084,318.247875582755,1.8713130885718534,1.1634012849145299,True,7200.0
"B1 hold speed, raw yaw",S2,60,267.8295094231386,126.08720514660975,128.00299416215503,267.8295094231386,23.750340329999666,212.41608862034485,4.866644444444446,4.866641666666667,True,
"B2 true speed, stop-bias yaw",S2,60,23.06389904460126,10.857887081154097,13.534225006952099,23.06389904460126,26.346018631089954,212.41608862034485,0.0,0.0,True,
"E1 learned speed, stop-bias yaw",S2,60,90.18836256555086,42.45834821238337,59.72262529802873,90.19718414772566,26.346018631089954,212.41608862034485,2.007793472119863,1.581021134227849,True,
"E2 learned speed, stop-bias yaw",S2,60,116.84163169490654,55.00601788395591,73.43792110328428,116.84654460561018,26.346018631089954,212.41608862034485,2.2291572637867816,2.1480412097484405,True,
"E2 learned speed, raw yaw",S2,60,116.94242212048209,55.053467409192066,73.53635606361095,116.94952957130363,23.750340329999666,212.41608862034485,2.2291572637867816,2.1480412097484405,True,8400.0
"B1 hold speed, raw yaw",S2,60,55.102964318320105,8.37073387190089,47.430562926423676,64.54655864424363,7.434346019999894,658.2811634149695,2.443500462962963,0.6124254629629635,True,
"B2 true speed, stop-bias yaw",S2,60,50.18727748298815,7.623988087799943,24.892464040425182,50.18727748298815,8.118546243771405,658.2811634149695,0.0,0.0,True,
"E1 learned speed, stop-bias yaw",S2,60,44.97837367941189,6.8326994875680915,24.22664690750101,44.97837367941189,8.118546243771405,658.2811634149695,1.265345904394458,0.002492339726537883,True,
"E2 learned speed, stop-bias yaw",S2,60,131.4855799722106,19.974076014890354,68.84458693173939,131.4855799722106,8.118546243771405,658.2811634149695,2.153717763027607,-1.9382238769486526,True,
"E2 learned speed, raw yaw",S2,60,130.261335559424,19.788100100520335,68.52979198048148,130.261335559424,7.434346019999894,658.2811634149695,2.153717763027607,-1.9382238769486526,True,9600.0
"B1 hold speed, raw yaw",S2,60,180.4621996133763,26.25026110220647,77.01793463903255,180.4621996133763,17.037345319999975,687.4682080713,3.177039351851852,2.6830402777777778,True,
"B2 true speed, stop-bias yaw",S2,60,72.19729971186435,10.501911050463658,36.760373372973135,72.19729971186435,17.621653917137007,687.4682080713,0.0,0.0,True,
"E1 learned speed, stop-bias yaw",S2,60,69.68439456565444,10.136380671501135,39.87150221040162,69.68439456565444,17.621653917137007,687.4682080713,1.3247316151740314,-0.5003444448989014,True,
"E2 learned speed, stop-bias yaw",S2,60,99.50582717773337,14.474244191872979,45.5548641863213,99.50582717773337,17.621653917137007,687.4682080713,1.6416799764927414,1.2454882344199023,True,
"E2 learned speed, raw yaw",S2,60,97.58054166192335,14.194189711795792,44.54998056602301,97.58054166192335,17.037345319999975,687.4682080713,1.6416799764927414,1.2454882344199023,True,10200.0
"B1 hold speed, raw yaw",S2,60,161.7758070042327,49.7361173193076,73.8413767622381,161.7758070042327,15.877343920000152,325.2682672546117,4.296560648148148,4.16525324074074,True,
"B2 true speed, stop-bias yaw",S2,60,33.909642070246136,10.425130725618104,16.144302918136486,33.909642070246136,16.20852967753558,325.2682672546117,0.0,0.0,True,
"E1 learned speed, stop-bias yaw",S2,60,26.04411858252823,8.006965697069232,30.00650237014249,49.63843797521027,16.20852967753558,325.2682672546117,2.416133905096246,1.405396756955424,True,
"E2 learned speed, stop-bias yaw",S2,60,20.95255564673895,6.441623040447971,23.834903240281655,40.10000219849149,16.20852967753558,325.2682672546117,1.9589110405362666,0.8641182300974337,True,
"E2 learned speed, raw yaw",S2,60,20.284806093638622,6.236331095206466,23.87102100500199,40.09861115621744,15.877343920000152,325.2682672546117,1.9589110405362666,0.8641182300974337,True,10800.0
"B1 hold speed, raw yaw",S2,60,123.38865668474688,20.68179914476558,80.98903110927509,126.40607698288122,12.821320089999922,596.6050430190726,2.9699189814814817,-0.1634236111111119,True,
"B2 true speed, stop-bias yaw",S2,60,37.15691717964191,6.2280595201831135,19.938241810077155,37.15691717964191,12.699444991559297,596.6050430190726,0.0,0.0,True,
"E1 learned speed, stop-bias yaw",S2,60,71.14126321673866,11.924348285212933,32.17977728767075,71.14126321673866,12.699444991559297,596.6050430190726,1.3354842920808945,0.7119303230341705,True,
"E2 learned speed, stop-bias yaw",S2,60,56.63974577904822,9.493675328727909,27.073429751194503,56.63974577904822,12.699444991559297,596.6050430190726,0.7086322052823061,0.35490792325965015,True,
"E2 learned speed, raw yaw",S2,60,57.04382067980193,9.56140437417964,27.297238344752394,57.04382067980193,12.821320089999922,596.6050430190726,0.7086322052823061,0.35490792325965015,True,11400.0
"B1 hold speed, raw yaw",S2,60,77.24205513853842,28.330614932392187,27.20198927431329,77.24205513853842,174.55468588000008,272.6451766856027,2.608316666666666,1.2987870370370365,True,
"B2 true speed, stop-bias yaw",S2,60,7.791434848903169,2.8577196719998326,6.947835772575442,11.687178824696016,174.89490315273463,272.6451766856027,0.0,0.0,True,
"E1 learned speed, stop-bias yaw",S2,60,109.37717682494954,40.1170408200826,49.77485805690398,109.37717682494954,174.89490315273463,272.6451766856027,2.5854736528210007,1.7563780223759333,True,
"E2 learned speed, stop-bias yaw",S2,60,70.47355157618799,25.848083004033356,27.51022755624801,70.47355157618799,174.89490315273463,272.6451766856027,1.8583603062481437,0.8547504437216139,True,
"E2 learned speed, raw yaw",S2,60,70.19776105478776,25.74692936370388,27.386639907622087,70.19776105478776,174.55468588000008,272.6451766856027,1.8583603062481437,0.8547504437216139,True,12000.0
"B1 hold speed, raw yaw",S2,60,326.05988836762293,516.1328996896291,176.7644579592669,326.05988836762293,22.696793049999965,63.173630001826176,5.567999074074074,5.567999074074074,True,
"B2 true speed, stop-bias yaw",S2,60,3.068097604593226,4.856611222917752,2.044743524015863,3.5224195089213,26.55309838210413,63.173630001826176,0.0,0.0,True,
"E1 learned speed, stop-bias yaw",S2,60,45.56787729312382,72.13116816590495,39.14793285057075,47.71113328535668,26.55309838210413,63.173630001826176,0.955521647320897,0.7171166076940112,True,
"E2 learned speed, stop-bias yaw",S2,60,31.717053329562276,50.20615932414431,27.662257947921724,33.787202450520695,26.55309838210413,63.173630001826176,0.7112757897835824,0.466190427461511,True,
"E2 learned speed, raw yaw",S2,60,31.25139631852921,49.46905270066928,27.383664058477297,33.37618711352239,22.696793049999965,63.173630001826176,0.7112757897835824,0.466190427461511,True,13200.0
"B1 hold speed, raw yaw",S2,60,26.788980866057944,7.051225870741955,28.246979660770457,45.97738606552409,1.6873524300004037,379.91948289750525,1.8537652777777778,-0.7789449074074073,True,
"B2 true speed, stop-bias yaw",S2,60,4.835948774273482,1.2728878070141312,3.9753645520163285,5.904951195111368,0.21920838900791653,379.91948289750525,0.0,0.0,True,
"E1 learned speed, stop-bias yaw",S2,60,94.5634704750795,24.89039776372586,71.2611035865159,94.5634704750795,0.21920838900791653,379.91948289750525,2.2169154702100484,-1.495989450307959,True,
"E2 learned speed, stop-bias yaw",S2,60,85.28923598884754,22.449292502289726,64.97217443423924,85.28923598884754,0.21920838900791653,379.91948289750525,1.9884293501066785,-1.4695239928635042,True,
"E2 learned speed, raw yaw",S2,60,86.91519014412262,22.877265856768556,65.14818185629741,86.91519014412262,1.6873524300004037,379.91948289750525,1.9884293501066785,-1.4695239928635042,True,14400.0
"B1 hold speed, raw yaw",S2,60,13.767186707017206,3.665568877686793,20.846089750066156,29.20084353604632,7.487352659999935,375.58117624856027,1.5979152777777783,1.2750671296296305,True,
"B2 true speed, stop-bias yaw",S2,60,7.803965685673137,2.0778372770493854,2.851318933126953,7.803965685673137,5.157730240880242,375.58117624856027,0.0,0.0,True,
"E1 learned speed, stop-bias yaw",S2,60,12.3685053424998,3.2931643342834365,18.353001450194547,25.5330067809196,5.157730240880242,375.58117624856027,2.0967051715309464,-0.9505721416659886,True,
"E2 learned speed, stop-bias yaw",S2,60,23.500864390939373,6.257199741923824,22.718895153232747,31.571490502641108,5.157730240880242,375.58117624856027,2.0020956129534406,-0.37190478253262077,True,
"E2 learned speed, raw yaw",S2,60,21.053364127430914,5.605542944862008,23.044040491672998,33.79245787087272,7.487352659999935,375.58117624856027,2.0020956129534406,-0.37190478253262077,True,15000.0
"B1 hold speed, raw yaw",S2,60,102.95448470711689,36.19071881005546,62.33177840200347,102.95448470711689,8.879323029999961,284.477590090063,2.445461111111111,1.2606379629629625,True,
"B2 true speed, stop-bias yaw",S2,60,14.173609030174294,4.982328845547046,5.5333086802666465,14.173609030174294,6.534781767085617,284.477590090063,0.0,0.0,True,
"E1 learned speed, stop-bias yaw",S2,60,83.62642202921405,29.396488490618434,54.49271589454855,83.62642202921405,6.534781767085617,284.477590090063,2.095388144420245,1.2971011165426491,True,
"E2 learned speed, stop-bias yaw",S2,60,99.90089970938527,35.11731791518536,60.61629021815318,99.90089970938527,6.534781767085617,284.477590090063,2.3945529323678376,1.893961133100648,True,
"E2 learned speed, raw yaw",S2,60,104.42031211966372,36.70598871658228,61.623085455106356,104.42031211966372,8.879323029999961,284.477590090063,2.3945529323678376,1.893961133100648,True,15600.0
"B1 hold speed, raw yaw",S2,60,94.1675967026697,26.236090783294717,76.98276176422921,120.96554335315774,8.489366470000148,358.9238864908523,3.486191666666667,1.883166666666666,True,
"B2 true speed, stop-bias yaw",S2,60,17.775975744163407,4.952575298890411,6.808524977362553,17.84261699726845,5.861636977647951,358.9238864908523,0.0,0.0,True,
"E1 learned speed, stop-bias yaw",S2,60,30.78799642005005,8.577862209467279,39.46940231215456,61.72089831056455,5.861636977647951,358.9238864908523,2.47937862112276,-0.2690996645992451,True,
"E2 learned speed, stop-bias yaw",S2,60,29.145468136980423,8.12023641611917,39.021400849019294,57.71606726514536,5.861636977647951,358.9238864908523,2.0401271287540825,-0.20561489217012066,True,
"E2 learned speed, raw yaw",S2,60,24.68938336647959,6.878723956731934,39.185095341666454,58.99369489278293,8.489366470000148,358.9238864908523,2.0401271287540825,-0.20561489217012066,True,16200.0
"B1 hold speed, raw yaw",S2,60,95.58705582582985,18.825859870278578,43.98361786733779,95.58705582582985,11.001358869999835,507.7433725974897,2.6511754629629625,-1.142476388888889,True,
"B2 true speed, stop-bias yaw",S2,60,26.75770229894938,5.26992645163709,10.03173861328598,26.75770229894938,8.272387120809647,507.7433725974897,0.0,0.0,True,
"E1 learned speed, stop-bias yaw",S2,60,38.78383627916063,7.638472183448127,13.421147261187853,38.78383627916063,8.272387120809647,507.7433725974897,1.4035736702585686,0.4844933179966654,True,
"E2 learned speed, stop-bias yaw",S2,60,46.9490216050182,9.246604512992183,27.356879554273164,49.39526175706531,8.272387120809647,507.7433725974897,1.2812605258324028,-0.5929257624063641,True,
"E2 learned speed, raw yaw",S2,60,54.74021339918302,10.781078858626083,30.06255943499287,55.32993539357492,11.001358869999835,507.7433725974897,1.2812605258324028,-0.5929257624063641,True,16800.0
"B1 hold speed, raw yaw",S2,60,234.04847453274888,84.55225848784595,105.17187699548175,234.04847453274888,170.29066236000017,276.8092523115659,4.122524537037037,4.061562500000001,True,
"B2 true speed, stop-bias yaw",S2,60,23.153067087991825,8.364267774522082,7.567557629942241,23.153067087991825,173.01963410919,276.8092523115659,0.0,0.0,True,
"E1 learned speed, stop-bias yaw",S2,60,82.34201871545196,29.746844813832645,28.0326557291953,82.34201871545196,173.01963410919,276.8092523115659,2.4720432945949455,1.136267363909794,True,
"E2 learned speed, stop-bias yaw",S2,60,41.94226767857755,15.152046880054769,12.731512283872629,41.94226767857755,173.01963410919,276.8092523115659,1.8823367388904015,0.2739809899407593,True,
"E2 learned speed, raw yaw",S2,60,44.7052239236196,16.150191350288072,13.422364322207187,44.7052239236196,170.29066236000017,276.8092523115659,1.8823367388904015,0.2739809899407593,True,17400.0
"B1 hold speed, raw yaw",S2,60,110.70284847034641,24.66011862744268,69.4431925969633,110.70284847034641,9.552342200000036,448.9145009511521,2.4173666666666667,2.3330074074074076,True,
"B2 true speed, stop-bias yaw",S2,60,27.152460438104235,6.048470339134531,11.99653529162389,27.152460438104235,7.209169361725483,448.9145009511521,0.0,0.0,True,
"E1 learned speed, stop-bias yaw",S2,60,53.8362066303062,11.992530095650507,34.90076506277555,53.8362066303062,7.209169361725483,448.9145009511521,1.6255853466180599,0.3316166444986419,True,
"E2 learned speed, stop-bias yaw",S2,60,57.44594886085566,12.7966347131002,34.480632022326006,57.44594886085566,7.209169361725483,448.9145009511521,1.222933995719847,-0.1867137972285944,True,
"E2 learned speed, raw yaw",S2,60,64.18785985749213,14.298459889687686,36.86573661712965,64.18785985749213,9.552342200000036,448.9145009511521,1.222933995719847,-0.1867137972285944,True,18600.0
"B1 hold speed, raw yaw",S2,60,220.91868769428024,79.31601298444583,129.2539232992097,220.91868769428024,6.017348929999842,278.5297437197243,4.783947685185186,4.720338425925927,True,
"B2 true speed, stop-bias yaw",S2,60,5.252884777564384,1.8859331529239463,3.8632828457434245,7.357569815234313,3.6741760917256574,278.5297437197243,0.0,0.0,True,
"E1 learned speed, stop-bias yaw",S2,60,29.72289067670237,10.671352466618997,24.758524886177515,39.179410496968295,3.6741760917256574,278.5297437197243,2.2264147409420914,0.6799893899986743,True,
"E2 learned speed, stop-bias yaw",S2,60,5.82984701683543,2.093078799764316,20.595012178286467,37.70502951543491,3.6741760917256574,278.5297437197243,1.920035998743471,0.18607803862529573,True,
"E2 learned speed, raw yaw",S2,60,9.471344385205,3.4004786198833097,21.554063989551494,38.35507178971254,6.017348929999842,278.5297437197243,1.920035998743471,0.18607803862529573,True,19200.0
"B1 hold speed, raw yaw",S2,60,48.810705571238316,22.97320796375358,16.201014203106663,48.810705571238316,163.96564176,212.46795679667525,1.072325,0.5975796296296295,True,
"B2 true speed, stop-bias yaw",S2,60,8.050651615328269,3.7891133028744064,2.6247357069500645,8.050651615328269,166.55637017851254,212.46795679667525,0.0,0.0,True,
"E1 learned speed, stop-bias yaw",S2,60,45.743108042971286,21.529414944553693,16.35813109857498,45.743108042971286,166.55637017851254,212.46795679667525,2.009782854847498,0.34677238121037623,True,
"E2 learned speed, stop-bias yaw",S2,60,40.887743602265516,19.244192968539593,14.785206688554505,40.887743602265516,166.55637017851254,212.46795679667525,1.7517606051248056,0.25403343461318867,True,
"E2 learned speed, raw yaw",S2,60,43.29260344482949,20.37606239432098,15.973824224702266,43.29260344482949,163.96564176,212.46795679667525,1.7517606051248056,0.25403343461318867,True,19800.0
"B1 hold speed, raw yaw",S2,60,52.91144252833931,16.32737782189783,43.1492494255236,59.270994651592275,4.254382110000008,324.06576919764746,1.5594884259259254,1.3020189814814807,True,
"B2 true speed, stop-bias yaw",S2,60,6.16804169724475,1.9033302136526693,2.646593945622307,6.16804169724475,1.6425638523919945,324.06576919764746,0.0,0.0,True,
"E1 learned speed, stop-bias yaw",S2,60,53.706019279287325,16.572567788402257,35.37205868610742,53.706019279287325,1.6425638523919945,324.06576919764746,1.5537470936663338,1.18762165496876,True,
"E2 learned speed, stop-bias yaw",S2,60,33.592334826525786,10.365900387966569,25.942432445699833,34.279585481332006,1.6425638523919945,324.06576919764746,1.2182999885000523,0.7593669968984267,True,
"E2 learned speed, raw yaw",S2,60,31.727243666311498,9.790371795473739,25.64202040908126,35.05640552670343,4.254382110000008,324.06576919764746,1.2182999885000523,0.7593669968984267,True,21000.0
"B1 hold speed, raw yaw",S2,60,27.981994465804963,7.263316892620923,14.947124000115789,29.209962256332293,0.1316562299999644,385.25091056171493,1.2425361111111113,0.7625379629629633,True,
"B2 true speed, stop-bias yaw",S2,60,6.146728585321417,1.5955130583232577,3.4834794723859743,6.466572286213261,2.6211143752373656,385.25091056171493,0.0,0.0,True,
"E1 learned speed, stop-bias yaw",S2,60,42.82051481675766,11.114967841172191,26.44448874133927,43.37290210701772,2.6211143752373656,385.25091056171493,1.3814645518649702,0.4863757875669386,True,
"E2 learned speed, stop-bias yaw",S2,60,36.54336617968202,9.485601507443546,24.008752807106962,38.58393245263573,2.6211143752373656,385.25091056171493,1.20238704072601,0.33000052940518115,True,
"E2 learned speed, raw yaw",S2,60,31.61947869908669,8.207502651449655,21.381555117366467,33.415786373418115,0.1316562299999644,385.25091056171493,1.20238704072601,0.33000052940518115,True,21600.0
"B1 hold speed, raw yaw",S2,60,80.68293802742964,19.149535927361384,50.36382612434028,80.7836208239596,0.18233230999993602,421.3310355586614,1.814275,0.04010462962962995,True,
"B2 true speed, stop-bias yaw",S2,60,4.863378075670845,1.1542890661311662,3.056168859979382,4.863378075670845,2.3094736325712706,421.3310355586614,0.0,0.0,True,
"E1 learned speed, stop-bias yaw",S2,60,32.54915531276887,7.72531633460386,45.05873924541399,67.63086301901622,2.3094736325712706,421.3310355586614,2.356243622432825,1.0913293853695871,True,
"E2 learned speed, stop-bias yaw",S2,60,42.2766101223566,10.034060288556757,34.9373175892951,53.0839077273575,2.3094736325712706,421.3310355586614,1.7289967882794621,0.3546257639004778,True,
"E2 learned speed, raw yaw",S2,60,43.10670598359522,10.2310777857696,36.25294229536105,55.27995186909419,0.18233230999993602,421.3310355586614,1.7289967882794621,0.3546257639004778,True,22200.0
"B1 hold speed, raw yaw",S2,60,99.20124115809217,39.18100761085868,72.82517396684703,100.07941998358496,1.9457310700001624,253.18705976974266,4.173283333333334,2.39582962962963,True,
"B2 true speed, stop-bias yaw",S2,60,12.427328929717994,4.908358642428191,6.984471494274977,12.427328929717994,4.275344595136283,253.18705976974266,0.0,0.0,True,
"E1 learned speed, stop-bias yaw",S2,60,51.501344876178955,20.341223174287073,47.422623719258624,70.60599278588377,4.275344595136283,253.18705976974266,2.1678615878738126,-0.24375189402678316,True,
"E2 learned speed, stop-bias yaw",S2,60,53.59046599193524,21.16635267247557,42.44453509275615,63.7863250624984,4.275344595136283,253.18705976974266,1.8637981022771897,-0.5284486971972511,True,
"E2 learned speed, raw yaw",S2,60,51.71401708080026,20.425221228853808,41.78934122317006,63.14266565602296,1.9457310700001624,253.18705976974266,1.8637981022771897,-0.5284486971972511,True,22800.0
"B1 hold speed, raw yaw",S2,60,342.3481503731517,44.5304292571166,175.1120919234048,342.3481503731517,0.7366670400001124,768.7959808257173,5.752151851851852,-5.752142592592593,True,
"B2 true speed, stop-bias yaw",S2,60,45.726090404600384,5.947753571173558,19.25494661141011,45.726090404600384,6.883195545369678,768.7959808257173,0.0,0.0,True,
"E1 learned speed, stop-bias yaw",S2,60,73.25544204828147,9.528593264704925,44.04609635297006,73.25544204828147,6.883195545369678,768.7959808257173,1.0561107730174493,-0.9483293240822871,True,
"E2 learned speed, stop-bias yaw",S2,60,54.38295425675822,7.073782331477433,34.32123034708291,54.38295425675822,6.883195545369678,768.7959808257173,0.8980906502759534,-0.38583200952099667,True,
"E2 learned speed, raw yaw",S2,60,21.940704190037955,2.853904642747062,27.03609729958402,36.10370083552375,0.7366670400001124,768.7959808257173,0.8980906502759534,-0.38583200952099667,True,23400.0
"B1 hold speed, raw yaw",S2,60,78.42341639948489,13.596206889739067,37.98140781112565,78.42341639948489,2.1057052200006288,576.8036411586994,4.557090277777777,4.387291203703701,True,
"B2 true speed, stop-bias yaw",S2,60,19.87640141466832,3.445956300612119,7.946099292282674,19.87640141466832,7.3200002744546175,576.8036411586994,0.0,0.0,True,
"E1 learned speed, stop-bias yaw",S2,60,62.76654337751971,10.881786954644133,40.777423612136815,62.76654337751971,7.3200002744546175,576.8036411586994,1.4004120167416907,-1.1294478542783595,True,
"E2 learned speed, stop-bias yaw",S2,60,67.82778240243584,11.759250039785027,34.83871214380738,67.82778240243584,7.3200002744546175,576.8036411586994,1.7588182208754237,-1.3449882729227296,True,
"E2 learned speed, raw yaw",S2,60,64.77610502357375,11.230183098957157,33.74186179085324,64.77610502357375,2.1057052200006288,576.8036411586994,1.7588182208754237,-1.3449882729227296,True,24000.0
"B1 hold speed, raw yaw",S2,60,127.78759908629841,15.261454998074656,61.96140260207384,127.78759908629841,0.9793557899999722,837.3225167745785,2.1732745370370368,-2.1724532407407406,True,
"B2 true speed, stop-bias yaw",S2,60,44.10317083701053,5.267166468531009,22.273819832889508,44.10317083701053,4.234939264454577,837.3225167745785,0.0,0.0,True,
"E1 learned speed, stop-bias yaw",S2,60,47.993040516057995,5.7317269695469735,34.491754166288054,47.993040516057995,4.234939264454577,837.3225167745785,1.6219642519584543,-0.039517724713917915,True,
"E2 learned speed, stop-bias yaw",S2,60,92.05740569910373,10.994258945013796,54.30554316156034,92.05740569910373,4.234939264454577,837.3225167745785,1.838229781923575,1.2583890701024922,True,
"E2 learned speed, raw yaw",S2,60,77.05324671776683,9.202337829702826,48.65055544420074,77.05324671776683,0.9793557899999722,837.3225167745785,1.838229781923575,1.2583890701024922,True,24600.0
"B1 hold speed, raw yaw",S2,60,68.12692982153322,8.307935486352324,26.304478639249012,68.12692982153322,11.105392379999971,820.0223741920868,0.6346754629629623,0.5263995370370356,False,
"B2 true speed, stop-bias yaw",S2,60,22.7644773381213,2.7760800259321727,7.780577946954735,22.7644773381213,5.938752532149992,820.0223741920868,0.0,0.0,False,
"E1 learned speed, stop-bias yaw",S2,60,37.67778650728552,4.5947266432098175,13.344291548002532,37.67778650728552,5.938752532149992,820.0223741920868,1.1590355910902497,0.4305648373015421,False,
"E2 learned speed, stop-bias yaw",S2,60,73.40532804565625,8.951625023399833,30.90516002944283,73.40532804565625,5.938752532149992,820.0223741920868,1.329387102386967,1.0889891678499384,False,
"E2 learned speed, raw yaw",S2,60,92.89943188566828,11.328889894888036,38.88023125949653,92.89943188566828,11.105392379999971,820.0223741920868,1.329387102386967,1.0889891678499384,False,25200.0
"B1 hold speed, raw yaw",S2,60,217.8867245452574,34.08669535277269,147.1288721612107,217.8867245452574,11.852333320000062,639.213400684012,3.77279074074074,1.4498907407407406,True,
"B2 true speed, stop-bias yaw",S2,60,55.88258947481104,8.742399551544443,24.172777414121605,55.88258947481104,6.5336980743636905,639.213400684012,0.0,0.0,True,
"E1 learned speed, stop-bias yaw",S2,60,105.19776523688174,16.457377946756324,45.25321928175229,105.19776523688174,6.5336980743636905,639.213400684012,1.9682622991379548,-1.0583019390964996,True,
"E2 learned speed, stop-bias yaw",S2,60,148.2438510142886,23.19160562898951,60.027830215489615,148.2438510142886,6.5336980743636905,639.213400684012,2.626068026605263,-2.2282427943491823,True,
"E2 learned speed, raw yaw",S2,60,161.49903996949732,25.265277573448834,66.31439266709545,161.49903996949732,11.852333320000062,639.213400684012,2.626068026605263,-2.2282427943491823,True,25800.0
"B1 hold speed, raw yaw",S2,60,462.1754336043095,141.40556272160862,209.4680807990494,462.1754336043095,10.555241959999993,326.8438841505937,7.915137037037035,7.695392592592592,True,
"B2 true speed, stop-bias yaw",S2,60,2.5972938925927345,0.7946588626991191,1.790881818502475,2.663993726017114,5.236606714363725,326.8438841505937,0.0,0.0,True,
"E1 learned speed, stop-bias yaw",S2,60,102.1435681631558,31.251485224699213,66.66291484843418,102.83436269961156,5.236606714363725,326.8438841505937,2.078166253528084,1.6761635100460965,True,
"E2 learned speed, stop-bias yaw",S2,60,103.32024487388937,31.611497073717448,68.1620071714749,104.01146358085833,5.236606714363725,326.8438841505937,2.031873953162351,1.6957860589291522,True,
"E2 learned speed, raw yaw",S2,60,104.07473287706122,31.8423375574342,68.67857582095583,104.66883172228916,10.555241959999993,326.8438841505937,2.031873953162351,1.6957860589291522,True,26400.0
"B1 hold speed, raw yaw",S2,60,554.497721780591,72.44072846619001,292.7030249605792,554.497721780591,6.605634729999966,765.4502287886152,9.192563425925925,-9.19241712962963,True,
"B2 true speed, stop-bias yaw",S2,60,58.08604847387581,7.588481430830784,26.0786180733802,58.08604847387581,8.795827782968736,765.4502287886152,0.0,0.0,True,
"E1 learned speed, stop-bias yaw",S2,60,172.56072919027176,22.54369032763405,97.37560011116118,172.56072919027176,8.795827782968736,765.4502287886152,2.6360107014961334,-2.6298196218074326,True,
"E2 learned speed, stop-bias yaw",S2,60,75.9451563829121,9.921632201103558,35.2762680628119,75.9451563829121,8.795827782968736,765.4502287886152,1.3670837181927702,-0.7742250766627516,True,
"E2 learned speed, raw yaw",S2,60,65.31769961062886,8.533239282454618,30.798782341812537,65.31769961062886,6.605634729999966,765.4502287886152,1.3670837181927702,-0.7742250766627516,True,27600.0
"B1 hold speed, raw yaw",S2,60,423.2964134152434,80.59630401586982,167.58814958283028,423.2964134152434,11.015755400000014,525.2057381339648,7.189105092592592,7.17434861111111,True,
"B2 true speed, stop-bias yaw",S2,60,29.598631430106174,5.635626056803747,21.25723583319906,30.065339971798355,13.205948452968771,525.2057381339648,0.0,0.0,True,
"E1 learned speed, stop-bias yaw",S2,60,101.01689937967342,19.23377679356331,68.47704774666342,102.73317584178955,13.205948452968771,525.2057381339648,1.7398715146129788,1.668465098253243,True,
"E2 learned speed, stop-bias yaw",S2,60,126.56570493698295,24.098309623704015,87.3560037680237,128.28106000296788,13.205948452968771,525.2057381339648,2.1105726644926173,2.0967183421437174,True,
"E2 learned speed, raw yaw",S2,60,124.97235153843964,23.79493262630021,86.20440501266417,126.68073495214254,11.015755400000014,525.2057381339648,2.1105726644926173,2.0967183421437174,True,28200.0
"B1 hold speed, raw yaw",S2,60,252.79210385289298,46.925592144967666,171.40675346271328,255.33390984700824,2.0723525900000035,538.708394071917,4.403249537037037,4.1564300925925926,True,
"B2 true speed, stop-bias yaw",S2,60,4.819336864440226,0.89460957309621,2.842106056427223,4.819336864440226,2.687980821680565,538.708394071917,0.0,0.0,True,
"E1 learned speed, stop-bias yaw",S2,60,39.077295516870024,7.253886508338543,23.262450860541055,44.4749986913763,2.687980821680565,538.708394071917,1.5189491162347255,0.5752445641132893,True,
"E2 learned speed, stop-bias yaw",S2,60,53.61719458248715,9.952916117978535,34.851623904761254,56.58767457937836,2.687980821680565,538.708394071917,1.2802178755811262,0.824513514871049,True,
"E2 learned speed, raw yaw",S2,60,52.94028779381113,9.827262462656867,34.831078721122694,56.3731467808247,2.0723525900000035,538.708394071917,1.2802178755811262,0.824513514871049,True,30000.0
"B1 hold speed, raw yaw",S2,60,569.9590840907628,201.61132233618386,283.10974394733563,569.9590840907628,1.7662733399999855,282.70192243487423,10.10404398148148,10.10219861111111,True,
"B2 true speed, stop-bias yaw",S2,60,6.970770172466807,2.4657668092344354,4.480341228838236,6.970770172466807,2.304137717095219,282.70192243487423,0.0,0.0,True,
"E1 learned speed, stop-bias yaw",S2,60,159.66520546650486,56.47828783452535,112.69258993138104,160.44717824724498,2.304137717095219,282.70192243487423,3.0096223105244304,2.773311894298549,True,
"E2 learned speed, stop-bias yaw",S2,60,101.06812082188839,35.750772386477614,70.7488531130792,101.84134662951419,2.304137717095219,282.70192243487423,1.9493131914701158,1.7616165140891045,True,
"E2 learned speed, raw yaw",S2,60,101.058865153738,35.74749838392727,70.7410803638727,101.84586158281732,1.7662733399999855,282.70192243487423,1.9493131914701158,1.7616165140891045,True,30600.0
"B1 hold speed, raw yaw",S2,60,141.3032018923872,19.844103271304213,101.71711224236026,141.3032018923872,3.181635789999932,712.0664509780105,3.021462962962963,2.8669518518518515,True,
"B2 true speed, stop-bias yaw",S2,60,8.75558691563909,1.2296025045995986,2.846389852045736,8.75558691563909,2.6162991760842464,712.0664509780105,0.0,0.0,True,
"E1 learned speed, stop-bias yaw",S2,60,10.71989260076336,1.505462388522838,7.906929936937912,13.465092848712967,2.6162991760842464,712.0664509780105,1.2514635640413154,0.17628083734460936,True,
"E2 learned speed, stop-bias yaw",S2,60,23.237958678688795,3.2634536631759405,14.87461947571715,27.165066225324516,2.6162991760842464,712.0664509780105,0.942171983654426,-0.45449022515924725,True,
"E2 learned speed, raw yaw",S2,60,23.63883790938177,3.3197516716191653,14.816210819514778,27.23971368097913,3.181635789999932,712.0664509780105,0.942171983654426,-0.45449022515924725,True,31800.0
"B1 hold speed, raw yaw",S2,60,333.9855726481303,82.08520310177953,170.9789692942987,333.9855726481303,6.853730750000019,406.87670862434624,5.562039351851851,5.5407115740740736,True,
"B2 true speed, stop-bias yaw",S2,60,21.547854248543636,5.295917360666115,10.567167649299558,21.547854248543636,6.229927450153749,406.87670862434624,0.0,0.0,True,
"E1 learned speed, stop-bias yaw",S2,60,43.325654466395335,10.648349622390468,19.18677350367752,44.35630843792341,6.229927450153749,406.87670862434624,2.8090215460901287,-0.6648937384646465,True,
"E2 learned speed, stop-bias yaw",S2,60,24.27277456224485,5.965633826598559,15.984612901450596,26.450610082036278,6.229927450153749,406.87670862434624,2.12605015887255,-0.263813748947151,True,
"E2 learned speed, raw yaw",S2,60,25.744859880524764,6.32743515045832,16.503630803719883,27.50714919081702,6.853730750000019,406.87670862434624,2.12605015887255,-0.263813748947151,True,32400.0
"B1 hold speed, raw yaw",S2,60,124.50177435823174,23.52872962350833,75.05293483499914,143.09866676224158,0.2653044400000266,529.147881549193,2.830289351851852,-2.0169939814814817,True,
"B2 true speed, stop-bias yaw",S2,60,46.001179381690875,8.693444873484635,22.916367110117974,46.04638982744033,1.0449956946479522,529.147881549193,0.0,0.0,True,
"E1 learned speed, stop-bias yaw",S2,60,44.38450096269567,8.387919995588113,41.58456008961997,61.31710653839666,1.0449956946479522,529.147881549193,2.1587331374363687,-0.6421954964204598,True,
"E2 learned speed, stop-bias yaw",S2,60,120.68569862960913,22.80755585305871,84.79227865556882,134.9435702408701,1.0449956946479522,529.147881549193,2.700418330499524,-2.079355226777419,True,
"E2 learned speed, raw yaw",S2,60,121.1942572957691,22.903664839580788,85.01895142992204,135.4811344934785,0.2653044400000266,529.147881549193,2.700418330499524,-2.079355226777419,True,33000.0
"B1 hold speed, raw yaw",S2,60,118.79261387184987,30.26613279414326,117.47633413897488,141.48204020029027,0.2976807600000484,392.4935328864915,3.205948148148148,1.8663064814814816,True,
"B2 true speed, stop-bias yaw",S2,60,8.04994370120721,2.0509748637145675,3.858417672293722,8.04994370120721,0.914089764175085,392.4935328864915,0.0,0.0,True,
"E1 learned speed, stop-bias yaw",S2,60,18.471942911162465,4.706305037771036,12.925459607367687,20.516374210291335,0.914089764175085,392.4935328864915,1.5391646847953466,0.3043860494335254,True,
"E2 learned speed, stop-bias yaw",S2,60,53.8886915501622,13.72982916529907,30.25473874468605,53.8886915501622,0.914089764175085,392.4935328864915,1.6331602457078513,-0.949842466247934,True,
"E2 learned speed, raw yaw",S2,60,54.34730170419,13.846674441870908,30.363790993498018,54.34730170419,0.2976807600000484,392.4935328864915,1.6331602457078513,-0.949842466247934,True,34200.0
"B1 hold speed, raw yaw",S2,60,496.9851934155822,178.14951745103787,313.57167359971885,496.9851934155822,3.2712174900001503,278.9708333350789,8.577617592592592,8.562249999999999,True,
"B2 true speed, stop-bias yaw",S2,60,8.455370322417902,3.0309155338335834,3.8965060473774167,8.458897407222864,4.580502768610537,278.9708333350789,0.0,0.0,True,
"E1 learned speed, stop-bias yaw",S2,60,42.3792148579336,15.19127084050068,13.579351399788644,42.92961281735401,4.580502768610537,278.9708333350789,1.4513842887891248,0.6682250118322658,True,
"E2 learned speed, stop-bias yaw",S2,60,45.15677343071971,16.186915632316577,15.318255386683353,45.6838146716421,4.580502768610537,278.9708333350789,1.1077477148293007,0.7294941984603875,True,
"E2 learned speed, raw yaw",S2,60,45.173003751868386,16.192733559930957,15.47422764550682,45.67997579804898,3.2712174900001503,278.9708333350789,1.1077477148293007,0.7294941984603875,True,34800.0
"B1 hold speed, raw yaw",S2,60,495.2729861606422,272.1486214075132,266.0573235887001,495.2729861606422,6.121776119999988,181.98621900017798,8.260053703703704,8.260053703703704,True,
"B2 true speed, stop-bias yaw",S2,60,2.5417406573166947,1.396666556006754,1.1185905892818968,2.5417406573166947,4.453519908331991,181.98621900017798,0.0,0.0,True,
"E1 learned speed, stop-bias yaw",S2,60,281.3154227662155,154.5806184181124,163.8684999661556,283.92153076564125,4.453519908331991,181.98621900017798,5.947985695478833,4.675975462584655,True,
"E2 learned speed, stop-bias yaw",S2,60,193.87789696813996,106.53438377548267,90.99225855717394,196.48144239711385,4.453519908331991,181.98621900017798,4.478966119349887,3.2185867743274246,True,
"E2 learned speed, raw yaw",S2,60,193.95984621221362,106.57941424236301,91.0095856661094,196.53489754935612,6.121776119999988,181.98621900017798,4.478966119349887,3.2185867743274246,True,36600.0
"B1 hold speed, raw yaw",S2,60,93.94264770348846,23.995418886387604,61.75742688745863,93.94264770348846,2.9276348400000485,391.50242864391635,3.13186712962963,1.7608736111111103,True,
"B2 true speed, stop-bias yaw",S2,60,3.257985777089599,0.8321751127763344,1.3814446321859173,3.257985777089599,1.1307088548975273,391.50242864391635,0.0,0.0,True,
"E1 learned speed, stop-bias yaw",S2,60,50.14089765935818,12.807301817522795,31.61319425607565,50.14089765935818,1.1307088548975273,391.50242864391635,2.216752369800939,0.898481528656795,True,
"E2 learned speed, stop-bias yaw",S2,60,36.815534082666304,9.403654074430067,23.10523234803079,36.815534082666304,1.1307088548975273,391.50242864391635,1.6450702644744712,0.6717493817422328,True,
"E2 learned speed, raw yaw",S2,60,41.816083140356056,10.680925603756366,25.10304941873804,41.816083140356056,2.9276348400000485,391.50242864391635,1.6450702644744712,0.6717493817422328,True,38400.0
"B1 hold speed, raw yaw",S2,60,94.48760604988021,17.426423302144883,54.634782773775036,94.90749163106787,1.9756795599999495,542.2088308749534,1.9483513888888888,0.032821759259258745,True,
"B2 true speed, stop-bias yaw",S2,60,3.4865236820588166,0.6430222975956831,3.2248688322616434,4.862214300270052,0.13697319943600114,542.2088308749534,0.0,0.0,True,
"E1 learned speed, stop-bias yaw",S2,60,86.60301928152685,15.972262779596747,35.987847860581255,86.60301928152685,0.13697319943600114,542.2088308749534,2.3195201827066096,-1.0066603416165258,True,
"E2 learned speed, stop-bias yaw",S2,60,58.19772282649471,10.733451672593015,22.654456102624724,58.19772282649471,0.13697319943600114,542.2088308749534,1.8782464849287923,-1.239968761487785,True,
"E2 learned speed, raw yaw",S2,60,58.85110496670335,10.853955453240461,22.80020138738938,58.85110496670335,1.9756795599999495,542.2088308749534,1.8782464849287923,-1.239968761487785,True,39000.0
"B1 hold speed, raw yaw",S2,60,293.111603686932,143.16707209991193,130.65735894107385,293.111603686932,4.754862420000482,204.73395131135908,6.076310185185184,4.903301851851851,True,
"B2 true speed, stop-bias yaw",S2,60,1.563186160628393,0.7635207304972599,1.6716426942613352,1.9639672318646229,2.8268038641080446,204.73395131135908,0.0,0.0,True,
"E1 learned speed, stop-bias yaw",S2,60,9.254174911686917,4.520097840349489,12.381051533201186,24.33030225560012,2.8268038641080446,204.73395131135908,0.839259087400942,-0.03796285185488699,True,
"E2 learned speed, stop-bias yaw",S2,60,18.495520006660616,9.033929100763878,18.204965094004557,25.54883904050852,2.8268038641080446,204.73395131135908,0.5737136254564886,-0.3446732459547931,True,
"E2 learned speed, raw yaw",S2,60,18.243646300998847,8.910904216982527,18.050919501828016,25.505005564064398,4.754862420000482,204.73395131135908,0.5737136254564886,-0.3446732459547931,True,39600.0
"B1 hold speed, raw yaw",S2,60,67.787962714293,17.767758000754952,59.61032918853558,89.04119159455547,8.89161174000002,381.52232100084143,2.3882930555555557,-0.9108291666666666,True,
"B2 true speed, stop-bias yaw",S2,60,10.1466332533253,2.6595123521758306,5.196184829757031,10.1466332533253,7.08927986291884,381.52232100084143,0.0,0.0,True,
"E1 learned speed, stop-bias yaw",S2,60,82.1726359654795,21.538093957364623,57.777154948954305,84.89344547588466,7.08927986291884,381.52232100084143,2.491189519731382,-0.47805716365334355,True,
"E2 learned speed, stop-bias yaw",S2,60,55.16508359519684,14.45920213802515,45.51948889521448,67.10739487932125,7.08927986291884,381.52232100084143,2.1845089828184903,-0.8295864327150763,True,
"E2 learned speed, raw yaw",S2,60,52.497072409556885,13.759895429405585,44.719845128054835,65.91730722471601,8.89161174000002,381.52232100084143,2.1845089828184903,-0.8295864327150763,True,40800.0
"B1 hold speed, raw yaw",S2,60,206.22830153674374,36.185553319787736,88.32126511194906,206.22830153674374,12.403628160000142,569.9188836887834,4.808379166666667,-4.622223611111112,True,
"B2 true speed, stop-bias yaw",S2,60,20.564587785116185,3.608335918264805,7.814124314139732,20.564587785116185,10.566762220821902,569.9188836887834,0.0,0.0,True,
"E1 learned speed, stop-bias yaw",S2,60,104.02099347987806,18.25189451639244,45.20368031226485,104.02099347987806,10.566762220821902,569.9188836887834,2.4139549616317266,-2.2400752238052677,True,
"E2 learned speed, stop-bias yaw",S2,60,125.92288751257459,22.094878958483072,50.173754054520884,125.92288751257459,10.566762220821902,569.9188836887834,2.569987167601877,-2.388741955652807,True,
"E2 learned speed, raw yaw",S2,60,128.07353781448214,22.472239730947305,51.21465335899157,128.07353781448214,12.403628160000142,569.9188836887834,2.569987167601877,-2.388741955652807,True,41400.0
"B1 hold speed, raw yaw",S2,60,193.6524461958204,41.84111585693297,67.69845930410015,193.6524461958204,4.472639250000072,462.82811112871565,4.0538893518518515,3.1721254629629616,True,
"B2 true speed, stop-bias yaw",S2,60,18.298937222312972,3.953722080036732,12.989434052141766,18.298937222312972,2.70913757833951,462.82811112871565,0.0,0.0,True,
"E1 learned speed, stop-bias yaw",S2,60,48.67043895027451,10.515877877767656,41.94578394821747,62.91689707366433,2.70913757833951,462.82811112871565,1.9203227109175096,-0.40805323522157,True,
"E2 learned speed, stop-bias yaw",S2,60,43.073875574388396,9.306667969960289,24.07111479986396,43.073875574388396,2.70913757833951,462.82811112871565,1.4503086955358688,0.31540252210458586,True,
"E2 learned speed, raw yaw",S2,60,37.89368456390462,8.1874206973928,21.50258377718919,37.89368456390462,4.472639250000072,462.82811112871565,1.4503086955358688,0.31540252210458586,True,42000.0
"B1 hold speed, raw yaw",S2,60,30.135437235231297,5.470998105752282,17.57727911305167,30.135437235231297,9.234698990000098,550.8215622218272,0.7415481481481481,-0.39826759259259165,True,
"B2 true speed, stop-bias yaw",S2,60,28.845748186714122,5.236858933110782,11.406070094302619,28.845748186714122,7.629666242485487,550.8215622218272,0.0,0.0,True,
"E1 learned speed, stop-bias yaw",S2,60,197.48545756043669,35.85289159049029,86.89263439726813,197.48545756043669,7.629666242485487,550.8215622218272,3.858448130315052,3.1951168144601154,True,
"E2 learned speed, stop-bias yaw",S2,60,83.9533858924435,15.24148501990446,42.026037606406746,83.9533858924435,7.629666242485487,550.8215622218272,1.6360615087091397,1.26317286984371,True,
"E2 learned speed, raw yaw",S2,60,86.91449576308682,15.779065621996212,42.931173274494405,86.91449576308682,9.234698990000098,550.8215622218272,1.6360615087091397,1.26317286984371,True,43200.0
"B1 hold speed, raw yaw",S2,60,179.04044675748432,39.32010253762405,116.93911350079628,179.04044675748432,7.681698840000014,455.3407422734126,2.9312111111111117,2.9116212962962966,True,
"B2 true speed, stop-bias yaw",S2,60,11.683797464485297,2.5659459784228305,4.274174959581265,11.683797464485297,6.170569516304577,455.3407422734126,0.0,0.0,True,
"E1 learned speed, stop-bias yaw",S2,60,14.68784395165645,3.2256819098425917,21.260965809411182,43.86198783312971,6.170569516304577,455.3407422734126,2.040677003680138,-0.3030938686082673,True,
"E2 learned speed, stop-bias yaw",S2,60,57.157561003211185,12.552700801126756,45.00456421002537,67.30333378843439,6.170569516304577,455.3407422734126,1.625915420712831,-1.0235746249133417,True,
"E2 learned speed, raw yaw",S2,60,56.932174017372155,12.503202268508366,44.86706976815034,67.29311792473344,7.681698840000014,455.3407422734126,1.625915420712831,-1.0235746249133417,True,43800.0
"B1 hold speed, raw yaw",S2,60,167.48148298381184,30.862081648851238,69.31588058904337,167.48148298381184,7.672627099999958,542.677207874103,3.1111041666666663,-2.659991203703704,True,
"B2 true speed, stop-bias yaw",S2,60,36.61892704926148,6.7478284545454486,14.758443025966791,36.61892704926148,6.304506056147833,542.677207874103,0.0,0.0,True,
"E1 learned speed, stop-bias yaw",S2,60,96.60530511700904,17.80161460906992,60.60976991832588,96.60530511700904,6.304506056147833,542.677207874103,2.228236502075248,-0.306581606413896,True,
"E2 learned speed, stop-bias yaw",S2,60,75.73319140958233,13.955476719993712,46.6883156822293,75.73319140958233,6.304506056147833,542.677207874103,1.5934391618577104,-0.06724226196119341,True,
"E2 learned speed, raw yaw",S2,60,81.95794600344846,15.102522238682644,48.85101862738981,81.95794600344846,7.672627099999958,542.677207874103,1.5934391618577104,-0.06724226196119341,True,44400.0
"B1 hold speed, raw yaw",S2,60,98.84173611471073,14.187639999178252,36.72770028544486,98.84173611471073,11.562690640000048,696.6749658183859,2.8903189814814816,-1.5975319444444438,True,
"B2 true speed, stop-bias yaw",S2,60,56.57433095863148,8.120620624306985,24.515864313080602,56.57433095863148,10.356349301105029,696.6749658183859,0.0,0.0,True,
"E1 learned speed, stop-bias yaw",S2,60,193.5086430538243,27.776029360622886,96.70529619970337,193.5086430538243,10.356349301105029,696.6749658183859,3.9365073772540677,-3.7391249327347977,True,
"E2 learned speed, stop-bias yaw",S2,60,119.93742048560257,17.215692592701647,58.118560428147674,119.93742048560257,10.356349301105029,696.6749658183859,2.7806609098532924,-2.183514445203549,True,
"E2 learned speed, raw yaw",S2,60,123.29362778704716,17.697439098046793,59.21779768104872,123.29362778704716,11.562690640000048,696.6749658183859,2.7806609098532924,-2.183514445203549,True,45000.0
"B1 hold speed, raw yaw",S2,60,447.96985067046745,89.48280699654904,211.05330118413568,447.96985067046745,7.939834240000046,500.6211424366064,7.443552777777779,7.432987037037037,True,
"B2 true speed, stop-bias yaw",S2,60,6.629642378329932,1.3242833385067119,3.5480271373431664,6.629642378329932,6.715249639414903,500.6211424366064,0.0,0.0,True,
"E1 learned speed, stop-bias yaw",S2,60,38.01437137293008,7.593441057624495,29.481998136101424,47.848722326302564,6.715249639414903,500.6211424366064,2.500031644478499,0.5770722637715116,True,
"E2 learned speed, stop-bias yaw",S2,60,11.662366924258633,2.329579383622504,15.737617919385103,27.84866763360599,6.715249639414903,500.6211424366064,1.458667554959669,0.11709651792900085,True,
"E2 learned speed, raw yaw",S2,60,13.971309847812229,2.790795007140837,15.873225739328753,27.954722900097728,7.939834240000046,500.6211424366064,1.458667554959669,0.11709651792900085,True,45600.0
"B1 hold speed, raw yaw",S2,60,68.62472342807129,9.79882624309894,98.59018789786454,150.63571636535056,14.143713970000011,700.336159919173,4.358350925925927,-0.54233888888889,True,
"B2 true speed, stop-bias yaw",S2,60,47.33188102492855,6.75845168845647,28.412167877783236,47.33188102492855,12.492335458173608,700.336159919173,0.0,0.0,True,
"E1 learned speed, stop-bias yaw",S2,60,55.95751873111597,7.9900941767128115,37.439684288411684,62.95145758344972,12.492335458173608,700.336159919173,2.4578439330434487,0.3715928943992509,True,
"E2 learned speed, stop-bias yaw",S2,60,47.591364640360986,6.79550298328928,32.430923557307366,52.517062287222174,12.492335458173608,700.336159919173,1.3817910930513553,-0.02622437868019697,True,
"E2 learned speed, raw yaw",S2,60,56.14218250864302,8.016462053754655,36.60117795047907,58.00535631733632,14.143713970000011,700.336159919173,1.3817910930513553,-0.02622437868019697,True,46200.0
"B1 hold speed, raw yaw",S2,60,243.1709440519535,39.91265255818916,96.73366169501601,243.1709440519535,6.562716319999996,609.2577878592047,7.0935648148148145,3.9637148148148156,True,
"B2 true speed, stop-bias yaw",S2,60,19.415358568846088,3.186723084339604,13.413134271161557,19.415358568846088,4.346045031566897,609.2577878592047,0.0,0.0,True,
"E1 learned speed, stop-bias yaw",S2,60,21.7938284010701,3.5771111728663705,42.36032759622507,74.27591794839692,4.346045031566897,609.2577878592047,2.733697056543199,0.0338442090513909,True,
"E2 learned speed, stop-bias yaw",S2,60,45.408270772227795,7.45304724487516,28.526310183894335,45.408270772227795,4.346045031566897,609.2577878592047,2.3371412538650045,0.6334451147036285,True,
"E2 learned speed, raw yaw",S2,60,50.48431339989329,8.286199110771133,31.397747559907824,50.48431339989329,6.562716319999996,609.2577878592047,2.3371412538650045,0.6334451147036285,True,48000.0
"B1 hold speed, raw yaw",S2,60,201.58941559953757,50.91225787870152,131.5108817482513,201.58941559953757,2.610639520000129,395.9545775397046,4.760163888888889,-4.6707833333333335,True,
"B2 true speed, stop-bias yaw",S2,60,6.9933460857956735,1.7661990749669794,3.208392997527412,7.032467393927399,0.422995743248694,395.9545775397046,0.0,0.0,True,
"E1 learned speed, stop-bias yaw",S2,60,43.801593812884114,11.06227741703324,20.750339676245254,43.801593812884114,0.422995743248694,395.9545775397046,1.804039476376763,0.18230521412062253,True,
"E2 learned speed, stop-bias yaw",S2,60,56.76108462079748,14.335251526447053,34.576532174837304,56.76108462079748,0.422995743248694,395.9545775397046,1.4150378104102117,-0.8831230259880811,True,
"E2 learned speed, raw yaw",S2,60,59.03836471906439,14.910388228342754,34.98799345402316,59.03836471906439,2.610639520000129,395.9545775397046,1.4150378104102117,-0.8831230259880811,True,48600.0
"B1 hold speed, raw yaw",S2,60,252.5004292492039,34.244725938181766,135.5276201455146,252.5004292492039,5.354702930000068,737.3410717463914,5.389058333333333,-3.063857407407406,True,
"B2 true speed, stop-bias yaw",S2,60,1.516054466861548,0.20561101570956503,1.9904251411690281,2.783571665192864,0.6702298039743122,737.3410717463914,0.0,0.0,True,
"E1 learned speed, stop-bias yaw",S2,60,278.1244347949701,37.71991625751062,151.45881883076808,278.1244347949701,0.6702298039743122,737.3410717463914,5.174689999150128,-4.051670970950016,True,
"E2 learned speed, stop-bias yaw",S2,60,223.20615523700585,30.271764830398276,120.32105240924365,223.20615523700585,0.6702298039743122,737.3410717463914,4.1837352109939685,-3.1799944601562364,True,
"E2 learned speed, raw yaw",S2,60,221.7841058090683,30.07890300804388,118.80167709115752,221.7841058090683,5.354702930000068,737.3410717463914,4.1837352109939685,-3.1799944601562364,True,49800.0
"B1 hold speed, raw yaw",S2,60,542.6831423073227,104.97137859419072,307.30797554230264,542.6831423073227,8.773657020000035,516.9820093582687,9.53386435185185,9.533831018518516,True,
"B2 true speed, stop-bias yaw",S2,60,18.472643300404087,3.573169465477964,9.88523488476088,18.472643300404087,4.077500430306671,516.9820093582687,0.0,0.0,True,
"E1 learned speed, stop-bias yaw",S2,60,249.3361026661059,48.2291642944418,146.3554364061804,249.96869883273948,4.077500430306671,516.9820093582687,4.800058421263874,4.3541630529689375,True,
"E2 learned speed, stop-bias yaw",S2,60,245.47475262530554,47.482262086840144,137.18857954801933,245.47475262530554,4.077500430306671,516.9820093582687,4.602735496941326,4.366731605833367,True,
"E2 learned speed, raw yaw",S2,60,244.11239175252607,47.218740175416066,137.85725657000717,244.11239175252607,8.773657020000035,516.9820093582687,4.602735496941326,4.366731605833367,True,50400.0
"B1 hold speed, raw yaw",S2,60,195.25193820279495,17.14604770910105,169.48222961335333,242.5315962877677,4.1556164199999825,1138.7576980738017,4.914139814814815,-3.2174870370370368,True,
"B2 true speed, stop-bias yaw",S2,60,4.407000739648557,0.3870007418701062,5.314585211279912,8.393982382812736,0.47511341233325116,1138.7576980738017,0.0,0.0,True,
"E1 learned speed, stop-bias yaw",S2,60,337.4501789426632,29.63318531356206,214.93264588044522,337.4501789426632,0.47511341233325116,1138.7576980738017,5.869203170515047,-5.701278735968846,True,
"E2 learned speed, stop-bias yaw",S2,60,220.42968471803604,19.357031358900215,145.73011188802863,224.10961448447267,0.47511341233325116,1138.7576980738017,3.9288224572854262,-3.7397704065892747,True,
"E2 learned speed, raw yaw",S2,60,225.54618142915936,19.806336484984353,147.9766530891476,227.34740172732165,4.1556164199999825,1138.7576980738017,3.9288224572854262,-3.7397704065892747,True,51000.0
"B1 hold speed, raw yaw",S2,60,24.42736522388596,3.3016831381057496,24.226446257300182,31.631509648058728,0.49165435000001834,739.8458362633942,0.7686564814814819,0.4030777777777795,True,
"B2 true speed, stop-bias yaw",S2,60,41.64484921373003,5.6288549820133005,19.37169704576788,41.64484921373003,4.097881701140907,739.8458362633942,0.0,0.0,True,
"E1 learned speed, stop-bias yaw",S2,60,35.3953410413981,4.784150873939219,22.116850808641562,35.3953410413981,4.097881701140907,739.8458362633942,1.382399136880087,0.24183993323887776,True,
"E2 learned speed, stop-bias yaw",S2,60,141.21350520400776,19.086882466921665,79.0296718995987,141.21350520400776,4.097881701140907,739.8458362633942,2.9167841803226016,2.461140177570974,True,
"E2 learned speed, raw yaw",S2,60,139.41643515503682,18.843984560237878,78.13787973740388,139.41643515503682,0.49165435000001834,739.8458362633942,2.9167841803226016,2.461140177570974,True,51600.0
"B1 hold speed, raw yaw",S2,60,46.84914471503443,6.384005416546639,35.3432978752043,52.19826673323213,3.6857050400000437,733.8518948246285,2.112765277777778,0.3595689814814811,True,
"B2 true speed, stop-bias yaw",S2,60,10.411374027427549,1.4187295966464182,4.525644686927478,10.411374027427549,2.1576331472857344,733.8518948246285,0.0,0.0,True,
"E1 learned speed, stop-bias yaw",S2,60,58.23574338468228,7.9356262204104695,36.372040389272634,58.23574338468228,2.1576331472857344,733.8518948246285,1.3882290485862105,-1.0913182682671092,True,
"E2 learned speed, stop-bias yaw",S2,60,30.43505649624724,4.147302297764105,17.73116474689131,30.43505649624724,2.1576331472857344,733.8518948246285,0.8411048455434688,-0.573993977201091,True,
"E2 learned speed, raw yaw",S2,60,35.11213542403526,4.784635111206757,22.370859613425274,35.11213542403526,3.6857050400000437,733.8518948246285,0.8411048455434688,-0.573993977201091,True,52200.0
"B1 hold speed, raw yaw",S2,60,161.97557193437623,55.4747138373354,105.1407622567567,167.700552520076,3.979358000000064,291.98090576785273,6.859216203703703,6.357768981481481,True,
"B2 true speed, stop-bias yaw",S2,60,15.24355836770774,5.220738091629711,10.547681656192065,16.44745710343541,9.822696187285993,291.98090576785273,0.0,0.0,True,
"E1 learned speed, stop-bias yaw",S2,60,97.19225748299249,33.28719637587117,60.40279837027497,98.89802064911841,9.822696187285993,291.98090576785273,3.770609368707413,3.043280955614624,True,
"E2 learned speed, stop-bias yaw",S2,60,88.64687605096371,30.36050450553941,50.718742554147184,89.32882834339335,9.822696187285993,291.98090576785273,2.829943207368559,2.3534690560911105,True,
"E2 learned speed, raw yaw",S2,60,87.03571172967573,29.80869981918469,48.77607464699281,87.38398177527954,3.979358000000064,291.98090576785273,2.829943207368559,2.3534690560911105,True,52800.0
"B1 hold speed, raw yaw",S2,60,166.92872115144857,12.711010515475467,111.67364811489239,188.30965989620364,3.7756848399999634,1313.260821775069,3.838243518518518,2.65799074074074,True,
"B2 true speed, stop-bias yaw",S2,60,22.86001684986411,1.740706527661837,9.190285449619578,22.86001684986411,1.9148578137917291,1313.260821775069,0.0,0.0,True,
"E1 learned speed, stop-bias yaw",S2,60,387.34947592107073,29.495243404696243,216.90653953468185,387.34947592107073,1.9148578137917291,1313.260821775069,6.631693714886081,-6.50654534480934,True,
"E2 learned speed, stop-bias yaw",S2,60,304.6278027390042,23.196291070897406,173.9360921986689,304.6278027390042,1.9148578137917291,1313.260821775069,5.347397142570781,-5.12168833529257,True,
"E2 learned speed, raw yaw",S2,60,308.18659380205366,23.467279971505832,174.9571472805925,308.18659380205366,3.7756848399999634,1313.260821775069,5.347397142570781,-5.12168833529257,True,54000.0
"B1 hold speed, raw yaw",S2,60,159.8168749381763,9.73740846548107,85.68772862893427,159.8168749381763,8.412713800000098,1641.2670322368022,1.1732921296296297,0.9189717592592598,True,
"B2 true speed, stop-bias yaw",S2,60,50.710511530722094,3.089717305879911,23.94118998029208,50.710511530722094,2.6722666592082542,1641.2670322368022,0.0,0.0,True,
"E1 learned speed, stop-bias yaw",S2,60,85.44256772003006,5.205890695530792,41.854196696019784,85.44256772003006,2.6722666592082542,1641.2670322368022,1.6661888211498466,-1.1183809504230426,True,
"E2 learned speed, stop-bias yaw",S2,60,67.93647599717033,4.139270128675104,32.76545437171436,67.93647599717033,2.6722666592082542,1641.2670322368022,1.1169208030852558,-0.6740102518315993,True,
"E2 learned speed, raw yaw",S2,60,142.14303949570763,8.66056751910674,65.69385390387743,142.14303949570763,8.412713800000098,1641.2670322368022,1.1169208030852558,-0.6740102518315993,True,54600.0
"B1 hold speed, raw yaw",S2,60,762.7317184115003,118.49402399660832,468.3314296207802,762.7317184115003,8.534653569999984,643.6879200197743,16.51238935185185,16.51186435185185,True,
"B2 true speed, stop-bias yaw",S2,60,10.278173066258026,1.5967633921019173,7.392405345959427,10.476248999640065,3.1436275765526065,643.6879200197743,0.0,0.0,True,
"E1 learned speed, stop-bias yaw",S2,60,162.6693166123909,25.27145710725683,80.68255026426696,162.6693166123909,3.1436275765526065,643.6879200197743,5.587249218717134,3.5698353018775832,True,
"E2 learned speed, stop-bias yaw",S2,60,97.68577964173032,15.175953533309958,52.266864752200945,97.68577964173032,3.1436275765526065,643.6879200197743,3.8692314286995226,2.033836026298081,True,
"E2 learned speed, raw yaw",S2,60,96.70845671462318,15.024121737697403,52.451331268634526,96.70845671462318,8.534653569999984,643.6879200197743,3.8692314286995226,2.033836026298081,True,55200.0
"B1 hold speed, raw yaw",S2,60,4.735368316365077,1.0129036058194338,16.092411862834037,27.285916812721972,4.323660009999872,467.5043399153652,1.5544597222222223,0.04613101851851842,True,
"B2 true speed, stop-bias yaw",S2,60,3.505694096128839,0.7498741288184605,1.9754993441774151,3.505694096128839,0.8407002615946361,467.5043399153652,0.0,0.0,True,
"E1 learned speed, stop-bias yaw",S2,60,130.4577301438803,27.905137772089503,82.64849521408703,130.4577301438803,0.8407002615946361,467.5043399153652,2.634222615817482,2.6107332399308856,True,
"E2 learned speed, stop-bias yaw",S2,60,63.853907857735415,13.658463121282516,42.80165959803796,63.853907857735415,0.8407002615946361,467.5043399153652,1.4311330054959903,1.1831523846960141,True,
"E2 learned speed, raw yaw",S2,60,52.32184007936745,11.191733554567547,38.35000228067322,52.32184007936745,4.323660009999872,467.5043399153652,1.4311330054959903,1.1831523846960141,True,55800.0
"B1 hold speed, raw yaw",S2,60,194.91538063510018,71.27882330680656,119.55536527969501,194.91538063510018,0.4146944999994914,273.45482373652953,3.3938481481481477,0.4000166666666663,True,
"B2 true speed, stop-bias yaw",S2,60,58.58725238435678,21.424837778983523,37.6155552874411,58.58725238435678,7.9712690465713285,273.45482373652953,0.0,0.0,True,
"E1 learned speed, stop-bias yaw",S2,60,190.86405235727344,69.79728854268399,143.2725376170494,191.39689864656575,7.9712690465713285,273.45482373652953,2.7981263829909278,2.076115120247829,True,
"E2 learned speed, stop-bias yaw",S2,60,132.96536974735852,48.624254613796495,98.14469698991181,133.13838347483414,7.9712690465713285,273.45482373652953,1.833995682629272,1.1698479840139315,True,
"E2 learned speed, raw yaw",S2,60,113.6176965773332,41.548982396742254,93.28535613012144,119.78140222655374,0.4146944999994914,273.45482373652953,1.833995682629272,1.1698479840139315,True,56400.0
"B1 hold speed, raw yaw",S2,60,89.10118698799634,20.199624558688903,36.39466999731477,89.10118698799634,1.9715811100000147,441.1031835226329,1.829618055555555,1.5843069444444438,True,
"B2 true speed, stop-bias yaw",S2,60,29.750269979026427,6.744514909514351,14.099552543490246,29.757110573323438,7.013376821769213,441.1031835226329,0.0,0.0,True,
"E1 learned speed, stop-bias yaw",S2,60,50.029214898607044,11.341839453316949,23.524807638348864,50.029214898607044,7.013376821769213,441.1031835226329,1.9714166647660356,0.729844169961085,True,
"E2 learned speed, stop-bias yaw",S2,60,52.3331347596206,11.864148052999804,23.715826217900677,52.3331347596206,7.013376821769213,441.1031835226329,1.5188525936556188,0.7337570503050328,True,
"E2 learned speed, raw yaw",S2,60,40.41241125948622,9.161668464225144,21.699440517058058,43.992453827076226,1.9715811100000147,441.1031835226329,1.5188525936556188,0.7337570503050328,True,57000.0
"B1 hold speed, raw yaw",S2,60,40.87189010517625,10.551412434634456,78.6890206032904,116.44993365263562,4.445370330000719,387.35942091521724,4.680036111111111,-4.625330555555555,True,
"B2 true speed, stop-bias yaw",S2,60,27.60469692124348,7.126378095057463,19.4276320709746,28.709689945184063,16.95772558999988,387.35942091521724,0.0,0.0,True,
"E1 learned speed, stop-bias yaw",S2,60,21.485315894789426,5.546609875661704,20.479821574088593,32.38009820809019,16.95772558999988,387.35942091521724,1.6054540424636514,-0.06275851340769649,True,
"E2 learned speed, stop-bias yaw",S2,60,25.841909630941018,6.671300150615707,20.242353257919653,36.580881936728105,16.95772558999988,387.35942091521724,1.5316794989728226,0.7479045573902605,True,
"E2 learned speed, raw yaw",S2,60,15.482638122876713,3.9969695551216384,18.201292897921,29.70244643827188,4.445370330000719,387.35942091521724,1.5316794989728226,0.7479045573902605,True,57600.0
"B1 hold speed, raw yaw",S2,60,138.6061819869363,41.163216101418215,81.43377204289577,138.6061819869363,1.7366519499997473,336.7234028688075,3.276025,-2.7398805555555557,True,
"B2 true speed, stop-bias yaw",S2,60,25.30313779201165,7.514517130806655,10.036772551363766,25.30313779201165,10.775703310000226,336.7234028688075,0.0,0.0,True,
"E1 learned speed, stop-bias yaw",S2,60,67.42136396456567,20.022773406941972,28.94885276496192,67.42136396456567,10.775703310000226,336.7234028688075,1.6591979277900157,0.9082991260403168,True,
"E2 learned speed, stop-bias yaw",S2,60,67.51494550713744,20.0505652211653,38.14062996269822,67.51494550713744,10.775703310000226,336.7234028688075,1.553834447142257,-0.25286528942950565,True,
"E2 learned speed, raw yaw",S2,60,39.20580938841928,11.64332774449136,31.010822516193716,41.3478124303211,1.7366519499997473,336.7234028688075,1.553834447142257,-0.25286528942950565,True,58200.0
"B1 hold speed, raw yaw",S2,60,263.0356096081746,84.76934059549161,126.11332194135237,264.9815446299395,3.261649080000129,310.2956891729837,5.534234259259258,5.20674722222222,True,
"B2 true speed, stop-bias yaw",S2,60,37.17924569453961,11.981876317273914,15.60564659173602,37.19624945804553,1.2935686899998313,310.2956891729837,0.0,0.0,True,
"E1 learned speed, stop-bias yaw",S2,60,138.2541437335006,44.55561213305373,63.83786402795084,138.2654846534674,1.2935686899998313,310.2956891729837,2.3032594748980726,1.7406333437470334,True,
"E2 learned speed, stop-bias yaw",S2,60,99.14493109494919,31.951759097651482,46.49195657106726,99.1681665442863,1.2935686899998313,310.2956891729837,1.6146209189313632,1.0178181959925474,True,
"E2 learned speed, raw yaw",S2,60,100.77577468834745,32.477336361629874,47.61317286701219,100.86157717918678,3.261649080000129,310.2956891729837,1.6146209189313632,1.0178181959925474,True,58800.0
"B1 hold speed, raw yaw",S2,60,153.27196052050007,56.38465784649658,71.8322893102268,153.27196052050007,1.6466691399999598,271.8327402779895,4.320616666666666,-0.02926018518518504,True,
"B2 true speed, stop-bias yaw",S2,60,6.623843002941309,2.436734808385275,2.9966273347914076,6.640503773593215,0.3214112500001342,271.8327402779895,0.0,0.0,True,
"E1 learned speed, stop-bias yaw",S2,60,245.19853275230759,90.2019868914817,143.72595437588015,245.19853275230759,0.3214112500001342,271.8327402779895,5.49932273611141,3.3748010140080926,True,
"E2 learned speed, stop-bias yaw",S2,60,189.99541281119133,69.89423445347043,110.34962231956497,189.99541281119133,0.3214112500001342,271.8327402779895,4.453504201098663,2.711044950162453,True,
"E2 learned speed, raw yaw",S2,60,185.1747372627068,68.12083675915493,109.5568836779945,185.1747372627068,1.6466691399999598,271.8327402779895,4.453504201098663,2.711044950162453,True,59400.0
"B1 hold speed, raw yaw",S2,60,167.49992258890177,16.457421886899734,85.3879505054998,167.49992258890177,3.48063360000006,1017.7774121609734,3.1480930555555573,2.8597856481481516,True,
"B2 true speed, stop-bias yaw",S2,60,45.22023892036698,4.443038171219983,25.44468633018075,45.22023892036698,2.282788591250044,1017.7774121609734,0.0,0.0,True,
"E1 learned speed, stop-bias yaw",S2,60,190.40750088736806,18.708167288080162,106.31745230521445,190.40750088736806,2.282788591250044,1017.7774121609734,3.6532551439384875,-3.6157104946968586,True,
"E2 learned speed, stop-bias yaw",S2,60,83.83195682214134,8.236767275483839,53.69364766839454,83.84443318238652,2.282788591250044,1017.7774121609734,2.037516182707955,-1.4875072425596398,True,
"E2 learned speed, raw yaw",S2,60,88.40441533023242,8.686026460592174,55.526936430354255,88.40441533023242,3.48063360000006,1017.7774121609734,2.037516182707955,-1.4875072425596398,True,60000.0
"B1 hold speed, raw yaw",S2,60,478.7209699819475,33.953132974160475,260.48940181811963,478.7209699819475,5.354622959999978,1409.9463821093357,7.994729166666666,-7.934115277777776,True,
"B2 true speed, stop-bias yaw",S2,60,58.96947220819013,4.182391114757816,27.812486439962253,58.96947220819013,4.156777951250064,1409.9463821093357,0.0,0.0,True,
"E1 learned speed, stop-bias yaw",S2,60,375.9116741992607,26.661416275765177,222.9653821787389,375.9116741992607,4.156777951250064,1409.9463821093357,6.405235918845813,-6.209369884385161,True,
"E2 learned speed, stop-bias yaw",S2,60,247.25711957083297,17.53663279031409,152.3688607621844,247.25711957083297,4.156777951250064,1409.9463821093357,4.214171519757512,-4.0100860885859815,True,
"E2 learned speed, raw yaw",S2,60,251.28925162632925,17.822610477597777,153.72371258607546,251.28925162632925,5.354622959999978,1409.9463821093357,4.214171519757512,-4.0100860885859815,True,60600.0
"B1 hold speed, raw yaw",S2,60,336.9131341837611,50.14266870062924,201.83715006220874,336.9131341837611,6.655651180000065,671.9090605154272,10.193812962962964,10.193729629629631,True,
"B2 true speed, stop-bias yaw",S2,60,10.082810299514026,1.5006212733281816,4.096844722371234,10.082810299514026,5.4578061712501516,671.9090605154272,0.0,0.0,True,
"E1 learned speed, stop-bias yaw",S2,60,100.54022753794551,14.963368325591599,79.3894947370267,119.6151322231551,5.4578061712501516,671.9090605154272,4.442097644428165,3.2680749861194904,True,
"E2 learned speed, stop-bias yaw",S2,60,53.46664863370831,7.957423374034216,49.42741293751751,73.67215588214553,5.4578061712501516,671.9090605154272,2.831736167589198,1.398915619388757,True,
"E2 learned speed, raw yaw",S2,60,50.289684950821176,7.484596935222681,48.65232989850108,72.94131726931559,6.655651180000065,671.9090605154272,2.831736167589198,1.398915619388757,True,61200.0
"B1 hold speed, raw yaw",S2,60,28.018310828736425,9.148614587980035,35.30459453428265,64.95670254730405,6.48964317999987,306.25741809638,2.676666666666667,2.0473666666666674,True,
"B2 true speed, stop-bias yaw",S2,60,4.141606242005487,1.3523284652984677,4.521974941964725,7.460732973544098,5.291798171250363,306.25741809638,0.0,0.0,True,
"E1 learned speed, stop-bias yaw",S2,60,117.60094016784848,38.39937687022463,112.41498202760656,176.1470037334389,5.291798171250363,306.25741809638,4.2619398305504195,4.1652329205084815,True,
"E2 learned speed, stop-bias yaw",S2,60,96.0750774970331,31.370694004478953,93.25875587045833,146.2882136116674,5.291798171250363,306.25741809638,3.531134156905167,3.5285503141040135,True,
"E2 learned speed, raw yaw",S2,60,95.98908770759506,31.342616385992994,93.30600495802537,146.38667099348177,6.48964317999987,306.25741809638,3.531134156905167,3.5285503141040135,True,61800.0
"B1 hold speed, raw yaw",S2,60,28.296045735685624,7.354949483497251,16.30498299116071,28.360685567973427,2.5546428000000367,384.72114321349443,1.5154726851851852,-0.12380509259259298,True,
"B2 true speed, stop-bias yaw",S2,60,5.836172528815557,1.5169877278038948,3.5257650463168306,5.836172528815557,1.35679779124997,384.72114321349443,0.0,0.0,True,
"E1 learned speed, stop-bias yaw",S2,60,56.47519125553673,14.679513266105259,40.06687333127128,56.47519125553673,1.35679779124997,384.72114321349443,1.9213342788664636,1.206034827729214,True,
"E2 learned speed, stop-bias yaw",S2,60,52.147975156758896,13.554746360228053,32.54765916491219,52.147975156758896,1.35679779124997,384.72114321349443,1.5068876647082072,1.078817750661089,True,
"E2 learned speed, raw yaw",S2,60,51.19635391304927,13.30739285224018,32.498341462708346,51.19635391304927,2.5546428000000367,384.72114321349443,1.5068876647082072,1.078817750661089,True,62400.0
"B1 hold speed, raw yaw",S2,60,149.5411713419162,44.8362126191368,49.5175893945106,149.5411713419162,11.449657859999995,333.5276612505171,4.041398611111111,-3.4568578703703707,True,
"B2 true speed, stop-bias yaw",S2,60,49.61265473740864,14.875124465356985,18.635682381401313,49.61265473740864,11.44971005857139,333.5276612505171,0.0,0.0,True,
"E1 learned speed, stop-bias yaw",S2,60,63.30536431727044,18.98054394646474,22.99120631766809,63.30536431727044,11.44971005857139,333.5276612505171,1.5609224269419189,-0.743586760495521,True,
"E2 learned speed, stop-bias yaw",S2,60,83.94430864458856,25.168619697044218,29.50065874132002,83.94430864458856,11.44971005857139,333.5276612505171,2.016184637854608,-1.7055906749119873,True,
"E2 learned speed, raw yaw",S2,60,83.94424273002271,25.168599934195882,29.500635543420273,83.94424273002271,11.449657859999995,333.5276612505171,2.016184637854608,-1.7055906749119873,True,63600.0
"B1 hold speed, raw yaw",S2,60,117.2187295221089,28.64086565514038,89.1844243915395,117.2187295221089,6.363629190000037,409.27090309880634,3.0828027777777782,3.045585185185186,True,
"B2 true speed, stop-bias yaw",S2,60,11.868059267969988,2.8998052825428435,7.912682465738159,12.197242030069122,6.363681388571252,409.27090309880634,0.0,0.0,True,
"E1 learned speed, stop-bias yaw",S2,60,12.002385229433763,2.932626076898543,8.30957030458012,12.49842917814443,6.363681388571252,409.27090309880634,1.0791574259432617,0.16171194727108096,True,
"E2 learned speed, stop-bias yaw",S2,60,28.271592104922757,6.907794297337921,18.551979181616808,29.7315130647841,6.363681388571252,409.27090309880634,1.1441403056604404,0.8224491429970563,True,
"E2 learned speed, raw yaw",S2,60,28.271543091652905,6.907782321585558,18.55195756597511,29.731480749752794,6.363629190000037,409.27090309880634,1.1441403056604404,0.8224491429970563,True,64200.0
"B1 hold speed, raw yaw",S2,60,67.81507839770177,15.33168343872455,29.363635960288722,67.81507839770177,4.3546596199996435,442.3198448411438,2.6739912037037046,-2.568323611111112,True,
"B2 true speed, stop-bias yaw",S2,60,9.545553821138938,2.158065918242298,4.032899391691653,9.545553821138938,4.654208338666356,442.3198448411438,0.0,0.0,True,
"E1 learned speed, stop-bias yaw",S2,60,15.172686485774069,3.4302522626411296,22.589378979124547,33.68579449672192,4.654208338666356,442.3198448411438,1.6893699027520355,-0.41941447373855756,True,
"E2 learned speed, stop-bias yaw",S2,60,10.886587894344377,2.461247900431468,10.716703802012262,15.358589279375591,4.654208338666356,442.3198448411438,1.2151404189730193,0.21751021156171219,True,
"E2 learned speed, raw yaw",S2,60,10.609196307179431,2.398535003779822,10.515434577889195,14.869607080809052,4.3546596199996435,442.3198448411438,1.2151404189730193,0.21751021156171219,True,64800.0
"B1 hold speed, raw yaw",S2,60,122.4413807902484,20.457332479050706,48.48262093964739,122.4413807902484,2.400644210000058,598.5207549206832,2.432535185185185,2.0132666666666665,True,
"B2 true speed, stop-bias yaw",S2,60,9.660884901250249,1.6141269658276969,4.68028669419662,9.660884901250249,2.7001929286664645,598.5207549206832,0.0,0.0,True,
"E1 learned speed, stop-bias yaw",S2,60,43.77125064900399,7.313238561761256,18.191516495168294,43.77125064900399,2.7001929286664645,598.5207549206832,1.3721114711196034,0.8580453960557314,True,
"E2 learned speed, stop-bias yaw",S2,60,39.06929802594822,6.52764297724742,15.032728590896618,39.06929802594822,2.7001929286664645,598.5207549206832,0.9560263510049933,0.40810346640758627,True,
"E2 learned speed, raw yaw",S2,60,38.34999684230893,6.407463154287963,14.66147763230855,38.34999684230893,2.400644210000058,598.5207549206832,0.9560263510049933,0.40810346640758627,True,65400.0
"B1 hold speed, raw yaw",S2,60,9.326262368831909,2.496115769604947,23.371116663895826,36.850740028332275,1.5056211999997748,373.6310023115615,2.3259907407407407,1.0210462962962965,True,
"B2 true speed, stop-bias yaw",S2,60,4.375736811423498,1.171138579066488,1.8495269732832862,4.375736811423498,1.8051699186665122,373.6310023115615,0.0,0.0,True,
"E1 learned speed, stop-bias yaw",S2,60,8.928156025606986,2.389565097749041,25.13277928783443,34.16218461366432,1.8051699186665122,373.6310023115615,1.8249650405698525,0.6744919939239267,True,
"E2 learned speed, stop-bias yaw",S2,60,13.124333499269051,3.512645743546998,17.812299498346984,25.008097211765485,1.8051699186665122,373.6310023115615,1.4479174999196887,0.35751087680531085,True,
"E2 learned speed, raw yaw",S2,60,13.349057861467255,3.5727918130133673,17.86697608772503,24.974646226576606,1.5056211999997748,373.6310023115615,1.4479174999196887,0.35751087680531085,True,66000.0
"B1 hold speed, raw yaw",S2,60,94.42640452643961,18.72700113855049,57.2260219995633,94.42640452643961,1.7306118099998062,504.22597738864886,2.759193055555555,-1.9691754629629625,True,
"B2 true speed, stop-bias yaw",S2,60,11.338141974018223,2.2486231337658698,7.113118248296557,11.338141974018223,2.0301605286662636,504.22597738864886,0.0,0.0,True,
"E1 learned speed, stop-bias yaw",S2,60,72.90107485133099,14.458016468901615,51.65276800403635,75.982193728175,2.0301605286662636,504.22597738864886,1.9320587080513763,-1.370509063238999,True,
"E2 learned speed, stop-bias yaw",S2,60,80.32301864133916,15.92996438964261,53.702600427802416,82.50872616116713,2.0301605286662636,504.22597738864886,1.8528150634011626,-1.6911218084218462,True,
"E2 learned speed, raw yaw",S2,60,80.69109970620039,16.002963616451094,53.7666790615105,82.54812145874077,1.7306118099998062,504.22597738864886,1.8528150634011626,-1.6911218084218462,True,66600.0
"B1 hold speed, raw yaw",S2,60,84.63636764748534,17.64163232846109,34.03505397912769,84.63636764748534,0.8983535300000207,479.75360823579945,1.6104620370370377,1.5733796296296303,True,
"B2 true speed, stop-bias yaw",S2,60,3.016302894075162,0.6287191679843804,1.7085263461478128,3.6316201478147043,0.5988048113333088,479.75360823579945,0.0,0.0,True,
"E1 learned speed, stop-bias yaw",S2,60,69.88373305877104,14.56658831931559,38.03570943709121,69.88373305877104,0.5988048113333088,479.75360823579945,1.7793826302499913,1.2257900243338906,True,
"E2 learned speed, stop-bias yaw",S2,60,81.62957457574912,17.014895390974964,45.91946088386599,81.62957457574912,0.5988048113333088,479.75360823579945,1.6825318056328402,1.4516864018343376,True,
"E2 learned speed, raw yaw",S2,60,81.68474226251223,17.026394561760977,45.91453306698792,81.68474226251223,0.8983535300000207,479.75360823579945,1.6825318056328402,1.4516864018343376,True,67200.0
"B1 hold speed, raw yaw",S2,60,137.3484819979061,27.321507181631027,91.46713998309683,141.32126618080352,4.090356690000013,502.7119517412609,3.5508388888888893,-3.416040740740741,True,
"B2 true speed, stop-bias yaw",S2,60,20.05019184072611,3.9884056408998356,12.07042565530248,20.05019184072611,3.790807971333657,502.7119517412609,0.0,0.0,True,
"E1 learned speed, stop-bias yaw",S2,60,15.756758193650043,3.1343512202311503,13.980560372325206,26.551080839506877,3.790807971333657,502.7119517412609,1.5522744199869738,-0.8142353444330072,True,
"E2 learned speed, stop-bias yaw",S2,60,25.677895923669045,5.107874566086528,14.407385836004547,31.21386812707229,3.790807971333657,502.7119517412609,1.1412113782236046,-0.6845155702906345,True,
"E2 learned speed, raw yaw",S2,60,26.50420386859781,5.272244627722551,14.785875701358435,32.000186027093,4.090356690000013,502.7119517412609,1.1412113782236046,-0.6845155702906345,True,67800.0
"B1 hold speed, raw yaw",S2,60,126.26861784062173,38.844799297145826,49.42681719511115,126.26861784062173,1.668218249999955,325.0592617938935,4.606081018518519,-1.3224856481481477,True,
"B2 true speed, stop-bias yaw",S2,60,2.5298799914357852,0.7782826975838875,0.8591455807749814,2.5298799914357852,1.36866953133421,325.0592617938935,0.0,0.0,True,
"E1 learned speed, stop-bias yaw",S2,60,53.7720488860869,16.542229435130356,23.615801727388288,53.7720488860869,1.36866953133421,325.0592617938935,1.6168521808113074,-1.1848381469301175,True,
"E2 learned speed, stop-bias yaw",S2,60,73.02210491767929,22.464243755029372,30.02478260270055,73.02210491767929,1.36866953133421,325.0592617938935,1.7003596697063474,-1.5842974451568281,True,
"E2 learned speed, raw yaw",S2,60,73.15206740661077,22.504224922836823,30.06022761578592,73.15206740661077,1.668218249999955,325.0592617938935,1.7003596697063474,-1.5842974451568281,True,68400.0
"B1 hold speed, raw yaw",S2,60,73.69953741676306,8.152875167583744,43.3785434401652,73.69953741676306,2.1363870400000375,903.9698989847933,1.2028634259259274,-1.2025134259259276,False,
"B2 true speed, stop-bias yaw",S2,60,24.54059393140542,2.714757865164075,11.640375692178365,24.54059393140542,2.0884495012800697,903.9698989847933,0.0,0.0,False,
"E1 learned speed, stop-bias yaw",S2,60,112.98742004516501,12.499024599387209,51.606528824349525,112.98742004516501,2.0884495012800697,903.9698989847933,1.8968189343317488,-1.866950421778635,False,
"E2 learned speed, stop-bias yaw",S2,60,63.88089192626441,7.066705650044994,24.525714544043957,63.88089192626441,2.0884495012800697,903.9698989847933,1.2459344309666036,-0.986618902381468,False,
"E2 learned speed, raw yaw",S2,60,64.03858053227636,7.084149660756969,24.60966640668068,64.03858053227636,2.1363870400000375,903.9698989847933,1.2459344309666036,-0.986618902381468,False,69000.0
"B1 hold speed, raw yaw",S2,60,60.0176576474748,6.639575835193421,32.876926298727824,60.77878416143258,2.083352899999976,903.9381300436098,1.1463277777777774,-1.0230990740740735,True,
"B2 true speed, stop-bias yaw",S2,60,3.9773387996751257,0.4400012199378338,1.4272621086923285,3.9773387996751257,2.0354153612799575,903.9381300436098,0.0,0.0,True,
"E1 learned speed, stop-bias yaw",S2,60,87.39527949255911,9.668281112153416,48.85640479327162,87.92790074439523,2.0354153612799575,903.9381300436098,1.5883854802181625,-1.498564008852275,True,
"E2 learned speed, stop-bias yaw",S2,60,74.99957174917378,8.2969806512704,42.168607185097606,75.03496999334746,2.0354153612799575,903.9381300436098,1.3265729292497102,-1.2812326860620185,True,
"E2 learned speed, raw yaw",S2,60,75.04764926770139,8.302299324853214,42.18023282439307,75.08100833156946,2.083352899999976,903.9381300436098,1.3265729292497102,-1.2812326860620185,True,69600.0
"B1 hold speed, raw yaw",S2,60,95.75116965720579,14.207324734886848,48.87761188987013,95.75116965720579,0.06258252000009412,673.9563671834969,1.9918999999999991,1.7605990740740722,True,
"B2 true speed, stop-bias yaw",S2,60,1.7838439768588805,0.26468241324192376,1.172466487220372,1.8719064444152569,0.11052005872011263,673.9563671834969,0.0,0.0,True,
"E1 learned speed, stop-bias yaw",S2,60,27.033096382059547,4.011104827903391,17.6311064814911,27.160705651076487,0.11052005872011263,673.9563671834969,2.016719125946739,0.4892702669630512,True,
"E2 learned speed, stop-bias yaw",S2,60,53.41941659171871,7.926242586736227,23.757763039133028,53.41941659171871,0.11052005872011263,673.9563671834969,1.8208507966293703,0.9909509336397736,True,
"E2 learned speed, raw yaw",S2,60,53.40827900214452,7.9245900183925615,23.760043733495976,53.40827900214452,0.06258252000009412,673.9563671834969,1.8208507966293703,0.9909509336397736,True,70200.0
"B1 hold speed, raw yaw",S2,60,83.86782386095351,14.114735265951044,67.2563171528977,108.91378907914331,4.620657510000375,594.1863044591969,3.3175791666666665,1.4924180555555564,True,
"B2 true speed, stop-bias yaw",S2,60,23.342918423388955,3.9285520800811264,8.584446663810299,23.342918423388955,4.668595048719324,594.1863044591969,0.0,0.0,True,
"E1 learned speed, stop-bias yaw",S2,60,12.589025277489577,2.1187000075586684,25.283519998353487,38.39457542937808,4.668595048719324,594.1863044591969,1.8595880511768959,-0.2100335543834244,True,
"E2 learned speed, stop-bias yaw",S2,60,9.725212911511598,1.636727881226255,12.809762466655428,23.043878822208644,4.668595048719324,594.1863044591969,1.3759474723282177,-0.05256180529088157,True,
"E2 learned speed, raw yaw",S2,60,9.561309222213689,1.6091433192685223,12.829436696147173,23.101887470984725,4.620657510000375,594.1863044591969,1.3759474723282177,-0.05256180529088157,True,70800.0
"B1 hold speed, raw yaw",S2,60,219.7510835724061,37.14894368267716,133.677876337944,219.7510835724061,3.3406498799997797,591.5405978955944,4.134387037037038,4.134387037037038,True,
"B2 true speed, stop-bias yaw",S2,60,5.230283435490083,0.8841799623046696,4.34973847554617,6.113202122194372,3.3885874187198497,591.5405978955944,0.0,0.0,True,
"E1 learned speed, stop-bias yaw",S2,60,42.79867446081671,7.235120398003618,25.86699629450248,48.5128202847858,3.3885874187198497,591.5405978955944,1.7028384091958852,0.6170201225061707,True,
"E2 learned speed, stop-bias yaw",S2,60,21.463267857637156,3.6283676782274505,19.25062926841682,27.246148842085592,3.3885874187198497,591.5405978955944,1.35369149737741,-0.5476007053039967,True,
"E2 learned speed, raw yaw",S2,60,21.493388358911798,3.6334595521211095,19.303154439127418,27.290866055806525,3.3406498799997797,591.5405978955944,1.35369149737741,-0.5476007053039967,True,71400.0
"B1 hold speed, raw yaw",S2,60,96.56710182114651,19.60190686430825,43.867762634749134,96.56710182114651,4.198604510000067,492.6413664222578,2.487541203703704,1.9549412037037042,True,
"B2 true speed, stop-bias yaw",S2,60,13.125672868586934,2.664346472548658,7.249721385795507,13.779665121590625,4.246542048719881,492.6413664222578,0.0,0.0,True,
"E1 learned speed, stop-bias yaw",S2,60,11.898020725175266,2.4151485311887333,13.10915581942905,19.686960825933273,4.246542048719881,492.6413664222578,1.2535368450569278,-0.19388208515314015,True,
"E2 learned speed, stop-bias yaw",S2,60,7.096399284757472,1.440479782746245,4.440467197423025,8.153499409556334,4.246542048719881,492.6413664222578,0.7915754891404947,0.01424647510897767,True,
"E2 learned speed, raw yaw",S2,60,6.99221608229258,1.4193319032611118,4.393397982266481,8.042902603174257,4.198604510000067,492.6413664222578,0.7915754891404947,0.01424647510897767,True,72000.0
"B1 hold speed, raw yaw",S2,60,176.0126653704203,99.25614575423147,92.81180687851807,176.0126653704203,0.2287247199996983,177.33175516027586,4.0525819444444435,4.049305092592593,True,
"B2 true speed, stop-bias yaw",S2,60,12.284685175603295,6.927515697625707,10.235898409946135,12.284685175603295,0.16883020085059738,177.33175516027586,0.0,0.0,True,
"E1 learned speed, stop-bias yaw",S2,60,75.27352242774394,42.447852816722126,53.77424400260079,75.27352242774394,0.16883020085059738,177.33175516027586,1.6434509516064744,1.3339432414642536,True,
"E2 learned speed, stop-bias yaw",S2,60,67.3189368295317,37.962144325863996,46.855957197449975,67.3189368295317,0.16883020085059738,177.33175516027586,1.4898462602769136,1.0965460620748786,True,
"E2 learned speed, raw yaw",S2,60,67.31341479886397,37.95903037108318,46.849260000505346,67.31341479886397,0.2287247199996983,177.33175516027586,1.4898462602769136,1.0965460620748786,True,72600.0
"B1 hold speed, raw yaw",S2,60,66.5500731080057,14.950374560928253,46.67898308422409,67.21143183477473,4.609323139999863,445.13983804746687,2.464849537037037,1.2050217592592594,True,
"B2 true speed, stop-bias yaw",S2,60,10.505822852051253,2.3601174179631568,5.286793165693822,10.505822852051253,5.236192102558065,445.13983804746687,0.0,0.0,True,
"E1 learned speed, stop-bias yaw",S2,60,13.44698829121963,3.0208458425564984,19.951730046682368,39.51212399008874,5.236192102558065,445.13983804746687,2.1500992882048355,-0.2635477989714393,True,
"E2 learned speed, stop-bias yaw",S2,60,6.472216113790735,1.4539736866015076,18.442390597399076,27.545462374140286,5.236192102558065,445.13983804746687,1.6899580037809294,-0.3805072249536005,True,
"E2 learned speed, raw yaw",S2,60,8.46842112470719,1.9024181618640412,18.58796241313342,27.589120471026227,4.609323139999863,445.13983804746687,1.6899580037809294,-0.3805072249536005,True,74400.0
"B1 hold speed, raw yaw",S2,60,306.73936625118296,59.43601462197394,219.4700280976139,324.5112701306247,3.3843204300000926,516.0833346618417,6.037022685185185,-5.3849023148148145,True,
"B2 true speed, stop-bias yaw",S2,60,5.019144093632202,0.972545276417605,2.9254265885649793,5.019144093632202,4.097642053733261,516.0833346618417,0.0,0.0,True,
"E1 learned speed, stop-bias yaw",S2,60,117.21379544523832,22.71218378365995,95.83668655674903,137.81744420813308,4.097642053733261,516.0833346618417,2.7567993921902842,-2.040717876282541,True,
"E2 learned speed, stop-bias yaw",S2,60,91.83080393580913,17.79379370891337,72.067239745909,101.31909351811521,4.097642053733261,516.0833346618417,2.0247472856201627,-1.6808714193206034,True,
"E2 learned speed, raw yaw",S2,60,92.26749596259135,17.878410280976944,72.22830668031335,101.56578732498922,3.3843204300000926,516.0833346618417,2.0247472856201627,-1.6808714193206034,True,75000.0
"B1 hold speed, raw yaw",S2,60,214.76213704687694,29.569765548179774,187.85111975779745,246.0207366568578,7.410365299999969,726.2896173354918,4.907193518518518,-4.079661111111111,True,
"B2 true speed, stop-bias yaw",S2,60,17.948154209896792,2.4712117289714857,11.295535568028912,17.948154209896792,8.107717036634439,726.2896173354918,0.0,0.0,True,
"E1 learned speed, stop-bias yaw",S2,60,139.35939845089962,19.187854971982333,125.44591232801204,163.15000143232817,8.107717036634439,726.2896173354918,3.3463853821361735,-2.47595362961572,True,
"E2 learned speed, stop-bias yaw",S2,60,111.61630385689973,15.368015897897836,100.41701357929495,130.88797806619104,8.107717036634439,726.2896173354918,2.7104268393342856,-1.9708379305908859,True,
"E2 learned speed, raw yaw",S2,60,112.40095754264665,15.476051820072454,100.76756872062634,130.9159390724368,7.410365299999969,726.2896173354918,2.7104268393342856,-1.9708379305908859,True,75600.0
"B1 hold speed, raw yaw",S2,60,43.40821944542459,12.586958845716115,18.469470303675337,43.40821944542459,9.26834519000002,344.86661931208494,2.29663611111111,2.28696111111111,True,
"B2 true speed, stop-bias yaw",S2,60,14.274890470403708,4.139249689888291,6.384073763658204,14.75304839008367,9.96569692663398,344.86661931208494,0.0,0.0,True,
"E1 learned speed, stop-bias yaw",S2,60,19.006864655653754,5.511366885425813,7.804248502331572,19.006864655653754,9.96569692663398,344.86661931208494,1.161223587011022,0.4783278327537322,True,
"E2 learned speed, stop-bias yaw",S2,60,21.13389391418104,6.128135554649333,12.136983775851883,21.13389391418104,9.96569692663398,344.86661931208494,1.3170414179935563,-0.8090664511710509,True,
"E2 learned speed, raw yaw",S2,60,20.41734038521967,5.920358550777315,11.924607752375811,20.41734038521967,9.26834519000002,344.86661931208494,1.3170414179935563,-0.8090664511710509,True,76200.0
"B1 hold speed, raw yaw",S2,60,355.2736527795133,45.42255452415767,174.44552863125023,355.2736527795133,2.868295060000212,782.1525154217461,6.462794907407408,-4.4754625,True,
"B2 true speed, stop-bias yaw",S2,60,32.69534968644818,4.1801757383364615,14.622617142213425,32.69534968644818,3.565646796634122,782.1525154217461,0.0,0.0,True,
"E1 learned speed, stop-bias yaw",S2,60,181.08833947143702,23.15256115666802,97.68126831101448,181.08833947143702,3.565646796634122,782.1525154217461,3.393092806911891,-2.444707805150637,True,
"E2 learned speed, stop-bias yaw",S2,60,113.73481520718067,14.541257998237528,67.03850810667197,113.73481520718067,3.565646796634122,782.1525154217461,2.068256165854335,-1.4315390660792429,True,
"E2 learned speed, raw yaw",S2,60,111.37078034641785,14.23901069810731,66.35798918209768,111.37078034641785,2.868295060000212,782.1525154217461,2.068256165854335,-1.4315390660792429,True,76800.0
"B1 hold speed, raw yaw",S2,60,442.10720232514785,78.38850803237301,224.24044557588851,442.10720232514785,4.125339700000081,563.994918926848,8.742945370370366,8.726437037037032,True,
"B2 true speed, stop-bias yaw",S2,60,9.841239517241744,1.7449163435669508,5.130365910224603,9.841239517241744,4.822691436634305,563.994918926848,0.0,0.0,True,
"E1 learned speed, stop-bias yaw",S2,60,113.02249360876793,20.039629758336055,57.81810225114485,113.02249360876793,4.822691436634305,563.994918926848,2.718832512858288,2.1796109147060387,True,
"E2 learned speed, stop-bias yaw",S2,60,81.44636055018056,14.440974167844308,42.64629622197277,81.44636055018056,4.822691436634305,563.994918926848,2.021179372196379,1.61981396918269,True,
"E2 learned speed, raw yaw",S2,60,81.43159833109289,14.43835672953196,42.5978347232183,81.43159833109289,4.125339700000081,563.994918926848,2.021179372196379,1.61981396918269,True,77400.0
"B1 hold speed, raw yaw",S2,60,112.44676605662148,43.45954180038547,63.53193811100936,112.44676605662148,0.6893287899999967,258.7389590371248,2.734437037037037,2.697296296296296,True,
"B2 true speed, stop-bias yaw",S2,60,21.274311661250927,8.222307046616205,15.293434966621964,25.5680309641826,1.4368069952479139,258.7389590371248,0.0,0.0,True,
"E1 learned speed, stop-bias yaw",S2,60,80.88615779785688,31.2616847879685,50.38811433665415,84.13181255428088,1.4368069952479139,258.7389590371248,1.89628232664087,0.6837727064339056,True,
"E2 learned speed, stop-bias yaw",S2,60,76.13147204575753,29.424046664280628,47.242974040392674,77.02769769305186,1.4368069952479139,258.7389590371248,1.8744707439246713,0.21882029902455277,True,
"E2 learned speed, raw yaw",S2,60,76.53177359711538,29.57875917949191,47.18955711482601,76.76258442517423,0.6893287899999967,258.7389590371248,1.8744707439246713,0.21882029902455277,True,78000.0
"B1 hold speed, raw yaw",S2,60,72.86401521169246,23.479151862475955,37.46312630298053,73.48796253005732,7.117401850000051,310.3349543393971,1.631086111111111,-1.218646296296296,True,
"B2 true speed, stop-bias yaw",S2,60,19.560156587715298,6.302917642439781,9.027749059909242,19.560156587715298,7.864880055247865,310.3349543393971,0.0,0.0,True,
"E1 learned speed, stop-bias yaw",S2,60,19.150122126925936,6.17079122385371,19.067775094348917,34.02989714123913,7.864880055247865,310.3349543393971,1.8098828723125446,-0.006436597044540709,True,
"E2 learned speed, stop-bias yaw",S2,60,12.28068444255871,3.957235326165666,15.8395179652252,23.14742022321962,7.864880055247865,310.3349543393971,1.7126334228030358,0.21771662208623846,True,
"E2 learned speed, raw yaw",S2,60,11.782779339977019,3.7967941333127464,16.041262138926985,23.432712397684828,7.117401850000051,310.3349543393971,1.7126334228030358,0.21771662208623846,True,78600.0
"B1 hold speed, raw yaw",S2,60,175.76909800379266,57.56934572035758,81.30576440451065,175.76909800379266,5.864331130000087,305.31717149885463,3.8536374999999996,-2.7542513888888887,True,
"B2 true speed, stop-bias yaw",S2,60,16.47873833224724,5.397252388835607,13.770555346736428,19.64918157075405,6.437953799551005,305.31717149885463,0.0,0.0,True,
"E1 learned speed, stop-bias yaw",S2,60,46.947245050768494,15.376549186636433,34.302665974185814,46.947245050768494,6.437953799551005,305.31717149885463,1.4765354954522771,0.07604915268051765,True,
"E2 learned speed, stop-bias yaw",S2,60,23.095339767355348,7.564376302183184,23.987222933856888,30.45711860300389,6.437953799551005,305.31717149885463,1.2331668747155637,0.26303223784629653,True,
"E2 learned speed, raw yaw",S2,60,22.637524802715404,7.4144289663053975,24.198486452780216,30.45597552041069,5.864331130000087,305.31717149885463,1.2331668747155637,0.26303223784629653,True,79200.0
"B1 hold speed, raw yaw",S2,60,52.77297845437429,7.405675046168694,44.135017668890875,65.78850356426578,1.511592039999793,712.6018644536158,1.7708634259259255,-1.7705263888888885,True,
"B2 true speed, stop-bias yaw",S2,60,9.8532317141894,1.3827120311766683,6.090724904489275,9.8532317141894,0.6458068427898087,712.6018644536158,0.0,0.0,True,
"E1 learned speed, stop-bias yaw",S2,60,25.871356345801544,3.6305485063020835,25.594778701183515,35.37096579816891,0.6458068427898087,712.6018644536158,0.9689914731640678,-0.8641825823620817,True,
"E2 learned speed, stop-bias yaw",S2,60,42.871560458528926,6.016200994843103,33.598148153225054,51.94246845315249,0.6458068427898087,712.6018644536158,1.595921539601804,-1.569038555286062,True,
"E2 learned speed, raw yaw",S2,60,42.143801803641395,5.914074030097432,33.25533307969799,51.32714377800288,1.511592039999793,712.6018644536158,1.595921539601804,-1.569038555286062,True,79800.0
"B1 hold speed, raw yaw",S2,60,292.30338073740194,66.95356567669023,170.98497458779002,292.30338073740194,1.1777805999999063,436.57627160425733,5.6291125,5.435789351851852,True,
"B2 true speed, stop-bias yaw",S2,60,8.009244079812929,1.8345578082798453,5.5118071589520055,8.068125712100445,0.31199540278989624,436.57627160425733,0.0,0.0,True,
"E1 learned speed, stop-bias yaw",S2,60,3.263801177541215,0.7475901439965909,9.791179899761747,21.96104214023933,0.31199540278989624,436.57627160425733,0.9195613441079878,-0.01336303915841075,True,
"E2 learned speed, stop-bias yaw",S2,60,39.151146429002,8.96776782786108,23.303158309841123,39.151146429002,0.31199540278989624,436.57627160425733,1.061783857539755,0.8784860547286971,True,
"E2 learned speed, raw yaw",S2,60,40.411241158926515,9.256398890033593,23.859239755063477,40.411241158926515,1.1777805999999063,436.57627160425733,1.061783857539755,0.8784860547286971,True,80400.0
"B1 hold speed, raw yaw",S2,60,67.65508404578055,21.16553197316811,60.58132638805394,88.55477604054542,0.09175020999997201,319.6474538487764,3.830172685185186,0.9726930555555555,True,
"B2 true speed, stop-bias yaw",S2,60,1.5025841987867992,0.4700754474013937,0.8081403710789348,1.5025841987867992,0.9126026965188695,319.6474538487764,0.0,0.0,True,
"E1 learned speed, stop-bias yaw",S2,60,33.45734102963638,10.466950581581944,21.02329556977136,35.16872893856717,0.9126026965188695,319.6474538487764,2.1365532051478415,-0.42816845481699317,True,
"E2 learned speed, stop-bias yaw",S2,60,24.9767717526882,7.8138497435066645,12.861347932371508,24.9767717526882,0.9126026965188695,319.6474538487764,1.690903819031696,0.0626555154018863,True,
"E2 learned speed, raw yaw",S2,60,22.25071016970186,6.961015926073529,12.288826106995542,22.25071016970186,0.09175020999997201,319.6474538487764,1.690903819031696,0.0626555154018863,True,81000.0
"B1 hold speed, raw yaw",S2,60,49.84618280969745,8.7221485533287,33.227764937515005,60.440292968513965,0.21532250000005318,571.4897253231748,2.389772222222222,-1.1811092592592591,True,
"B2 true speed, stop-bias yaw",S2,60,3.5545600459022966,0.6219814440044762,2.030628339330523,3.883202364978669,1.1179377530820604,571.4897253231748,0.0,0.0,True,
"E1 learned speed, stop-bias yaw",S2,60,79.27024405543847,13.870808265294974,59.286676166157484,82.87506282596735,1.1179377530820604,571.4897253231748,2.1485732987998962,-1.7808539757040678,True,
"E2 learned speed, stop-bias yaw",S2,60,124.23619402751108,21.739007461115087,75.99873353006346,124.24899741472245,1.1179377530820604,571.4897253231748,2.820983317091024,-2.8098711742930775,True,
"E2 learned speed, raw yaw",S2,60,124.91688466827922,21.858115576380538,76.30535023565098,124.93463096567024,0.21532250000005318,571.4897253231748,2.820983317091024,-2.8098711742930775,True,81600.0
"B1 hold speed, raw yaw",S2,60,39.627613431255156,8.04818551208684,37.0714700792878,65.51692925162578,0.7553860999999759,492.37947325819016,2.2724254629629628,-1.249320833333333,True,
"B2 true speed, stop-bias yaw",S2,60,3.7549195579047936,0.7626068432661526,1.8871181683654046,3.7549195579047936,1.404309133310461,492.37947325819016,0.0,0.0,True,
"E1 learned speed, stop-bias yaw",S2,60,17.377584202423645,3.5293072002843875,12.862108630496149,18.697533252283247,1.404309133310461,492.37947325819016,1.5890227635409615,0.08797417949755638,True,
"E2 learned speed, stop-bias yaw",S2,60,11.236787853577598,2.2821397852394503,13.751763280589858,20.686206373274214,1.404309133310461,492.37947325819016,1.2478220901169434,0.35522920517766765,True,
"E2 learned speed, raw yaw",S2,60,10.03631256114089,2.0383287903389355,13.54568356010501,20.851497736812984,0.7553860999999759,492.37947325819016,1.2478220901169434,0.35522920517766765,True,82200.0
"B1 hold speed, raw yaw",S2,60,95.06823887015919,18.453318939287072,43.889272299137026,95.06823887015919,6.4903536799999575,515.1823321481705,1.7100694444444449,1.6669000000000005,True,
"B2 true speed, stop-bias yaw",S2,60,26.32716173176352,5.110260987015296,12.494037373494715,26.32716173176352,7.222468851000061,515.1823321481705,0.0,0.0,True,
"E1 learned speed, stop-bias yaw",S2,60,25.023800766169146,4.857270757292217,14.610690705704787,25.023800766169146,7.222468851000061,515.1823321481705,1.055431177229952,-0.24734800757817363,True,
"E2 learned speed, stop-bias yaw",S2,60,32.46680278848218,6.302002371297249,18.53259578000007,32.46680278848218,7.222468851000061,515.1823321481705,0.9130870390616529,-0.3492248531608393,True,
"E2 learned speed, raw yaw",S2,60,30.361733586230898,5.893395734211363,17.759865648878773,30.361733586230898,6.4903536799999575,515.1823321481705,0.9130870390616529,-0.3492248531608393,True,82800.0
"B1 hold speed, raw yaw",S2,60,34.536123076918834,8.658818432330293,31.499273443403464,42.6470651040789,3.3523528100000717,398.8549170631396,2.0516175925925926,0.2615648148148145,True,
"B2 true speed, stop-bias yaw",S2,60,11.097042696643998,2.7822253711585336,4.073409373990448,11.097042696643998,4.582737113621629,398.8549170631396,0.0,0.0,True,
"E1 learned speed, stop-bias yaw",S2,60,19.675571972379387,4.933014770697863,22.738775002879894,28.719293710036258,4.582737113621629,398.8549170631396,1.1294030255941931,0.4063580887891816,True,
"E2 learned speed, stop-bias yaw",S2,60,20.944846140978775,5.251244310888904,22.94439819692795,29.64519727652659,4.582737113621629,398.8549170631396,0.9731182252011195,0.41069239025500587,True,
"E2 learned speed, raw yaw",S2,60,22.99513636762476,5.765288425411232,23.36304687162532,29.244137738511398,3.3523528100000717,398.8549170631396,0.9731182252011195,0.41069239025500587,True,83400.0
"B1 hold speed, raw yaw",S2,60,28.783066537908102,5.439168069723353,24.54269877737151,42.308570267081684,1.9003807000000612,529.1814146749113,1.9958962962962963,0.5327768518518512,True,
"B2 true speed, stop-bias yaw",S2,60,8.440273291203141,1.5949678233481048,3.761876290500833,8.440273291203141,2.841671634142811,529.1814146749113,0.0,0.0,True,
"E1 learned speed, stop-bias yaw",S2,60,66.68846158234287,12.602192694789023,34.95084686243194,66.68846158234287,2.841671634142811,529.1814146749113,1.6249939562155218,1.337645904943333,True,
"E2 learned speed, stop-bias yaw",S2,60,61.26956144841656,11.578177114563994,30.494435341664506,61.26956144841656,2.841671634142811,529.1814146749113,1.451376260046488,1.2899342247180008,True,
"E2 learned speed, raw yaw",S2,60,61.518554238141974,11.625229558739186,30.55032816940003,61.518554238141974,1.9003807000000612,529.1814146749113,1.451376260046488,1.2899342247180008,True,84000.0
"B1 hold speed, raw yaw",S2,60,294.3508485864991,42.4765893720195,170.15955903422,294.3508485864991,4.6316607099998945,692.971947461479,6.236790740740742,-5.761873148148148,True,
"B2 true speed, stop-bias yaw",S2,60,18.316254354468832,2.6431451405162396,7.003600173459837,18.316254354468832,3.899555688722254,692.971947461479,0.0,0.0,True,
"E1 learned speed, stop-bias yaw",S2,60,169.590978583407,24.472993344775226,95.81395955334969,169.590978583407,3.899555688722254,692.971947461479,3.799513351956622,-3.439591071981264,True,
"E2 learned speed, stop-bias yaw",S2,60,152.32669270170769,21.981653551737065,81.73225702772994,152.32669270170769,3.899555688722254,692.971947461479,3.3171110238367496,-3.090517506486179,True,
"E2 learned speed, raw yaw",S2,60,152.56109009600726,22.015478498786972,81.68931157147128,152.56109009600726,4.6316607099998945,692.971947461479,3.3171110238367496,-3.090517506486179,True,85200.0
"B1 hold speed, raw yaw",S2,60,3.549431439087686,0.5671891473818169,28.45739911571625,42.80753508397168,0.05438711000000799,625.7932570593248,1.7126287037037036,0.11712685185185175,True,
"B2 true speed, stop-bias yaw",S2,60,13.577102324925301,2.169582713103315,7.585198725180307,13.577102324925301,1.2847417874053835,625.7932570593248,0.0,0.0,True,
"E1 learned speed, stop-bias yaw",S2,60,30.09105773163043,4.808466277350415,20.510610244249534,37.14234254518083,1.2847417874053835,625.7932570593248,1.3242818826129503,-0.46306214267416407,True,
"E2 learned speed, stop-bias yaw",S2,60,8.340555199442573,1.3327972306118814,8.14599684088543,12.814154528878213,1.2847417874053835,625.7932570593248,1.1601223732180161,0.15870006863162664,True,
"E2 learned speed, raw yaw",S2,60,7.935851389279237,1.2681267015516793,8.32887457504389,12.497303153444118,0.05438711000000799,625.7932570593248,1.1601223732180161,0.15870006863162664,True,85800.0
"B1 hold speed, raw yaw",S2,60,93.30912758763631,14.008488571671217,74.65031214775034,115.39346519971194,3.7166389500000565,666.08990049313,3.1154699074074075,-0.9440828703703694,True,
"B2 true speed, stop-bias yaw",S2,60,10.417705962450938,1.5640089955932888,7.52795807884673,10.94189829391934,2.4862842725947827,666.08990049313,0.0,0.0,True,
"E1 learned speed, stop-bias yaw",S2,60,137.65067846091108,20.66548049430015,97.4425547085614,142.76216768943883,2.4862842725947827,666.08990049313,2.8444281229919786,-2.2096165890135278,True,
"E2 learned speed, stop-bias yaw",S2,60,85.63982003963879,12.85709631331095,61.91533957712057,90.65660827667496,2.4862842725947827,666.08990049313,1.8679775848076596,-1.3386690292898618,True,
"E2 learned speed, raw yaw",S2,60,83.63247088060155,12.555733215394115,61.95229917598305,91.42889409065684,3.7166389500000565,666.08990049313,1.8679775848076596,-1.3386690292898618,True,86400.0
"B1 hold speed, raw yaw",S2,60,158.2954741760232,30.83683323755427,80.42818239407332,158.2954741760232,1.1626709500000831,513.3324584809991,2.9724351851851845,-2.945854629629629,True,
"B2 true speed, stop-bias yaw",S2,60,1.7915822376376282,0.34901012161574496,1.20492403301563,2.1932631716840345,0.2920276761429059,513.3324584809991,0.0,0.0,True,
"E1 learned speed, stop-bias yaw",S2,60,60.923735622539475,11.868280412818383,35.86546618998351,60.923735622539475,0.2920276761429059,513.3324584809991,1.353063019525643,-1.1719159295952501,True,
"E2 learned speed, stop-bias yaw",S2,60,101.20937891013925,19.716146376098582,50.87709363778112,101.20937891013925,0.2920276761429059,513.3324584809991,1.9377542063412416,-1.9176513011210894,True,
"E2 learned speed, raw yaw",S2,60,101.76790646080292,19.82495062984018,51.08945629362073,101.76790646080292,1.1626709500000831,513.3324584809991,1.9377542063412416,-1.9176513011210894,True,87000.0
"B1 hold speed, raw yaw",S2,60,96.28163856872465,23.00665545974937,74.70812491972782,98.43901419109217,0.701329119999742,418.4947209609472,2.2959587962962966,1.8476337962962968,True,
"B2 true speed, stop-bias yaw",S2,60,20.64141731222484,4.932300523368141,12.496668463889385,20.64141731222484,2.1560277461430877,418.4947209609472,0.0,0.0,True,
"E1 learned speed, stop-bias yaw",S2,60,40.95807128029154,9.786998312964059,28.756881032887865,40.95807128029154,2.1560277461430877,418.4947209609472,1.5080617131910021,0.2576567659339061,True,
"E2 learned speed, stop-bias yaw",S2,60,41.86551969951796,10.0038346011597,26.110961840384313,42.096154830521044,2.1560277461430877,418.4947209609472,1.087824834058576,-0.023619407771526966,True,
"E2 learned speed, raw yaw",S2,60,39.24417211749506,9.37745929682999,25.36269555338129,40.209303641257605,0.701329119999742,418.4947209609472,1.087824834058576,-0.023619407771526966,True,87600.0
"B1 hold speed, raw yaw",S2,60,259.67517007282976,73.18696175278441,166.44022678883186,259.67517007282976,4.611358739999957,354.8106983180653,4.471181481481481,4.469816666666666,True,
"B2 true speed, stop-bias yaw",S2,60,23.317221343726533,6.571735704210396,10.02630162033247,23.317221343726533,6.69023894358815,354.8106983180653,0.0,0.0,True,
"E1 learned speed, stop-bias yaw",S2,60,152.2538729816527,42.91129712361907,116.76005610219693,156.68712330621355,6.69023894358815,354.8106983180653,3.090893261642297,2.561712392565908,True,
"E2 learned speed, stop-bias yaw",S2,60,170.1911354913451,47.96674291336603,112.57818028484047,170.48878451984777,6.69023894358815,354.8106983180653,3.0218705132307053,2.933964040213479,True,
"E2 learned speed, raw yaw",S2,60,169.5795336136074,47.794368776780814,112.2046795896668,169.9137539679884,4.611358739999957,354.8106983180653,3.0218705132307053,2.933964040213479,True,88200.0
"B1 hold speed, raw yaw",S2,60,320.12402998226156,45.636476964051596,129.7072875504194,320.12402998226156,0.3093280499999497,701.4652560372422,6.65817685185185,-5.572663888888887,True,
"B2 true speed, stop-bias yaw",S2,60,9.005826129201706,1.2838591864232787,3.3166458862022377,9.005826129201706,1.3802663366972898,701.4652560372422,0.0,0.0,True,
"E1 learned speed, stop-bias yaw",S2,60,213.77316315225718,30.47523185395052,82.51839607675247,213.77316315225718,1.3802663366972898,701.4652560372422,4.171990805604263,-3.0966437111553207,True,
"E2 learned speed, stop-bias yaw",S2,60,182.5581660714408,26.02526133692763,71.23185733379157,182.5581660714408,1.3802663366972898,701.4652560372422,3.460682279563838,-2.4882140771231183,True,
"E2 learned speed, raw yaw",S2,60,183.85824637817214,26.21059914169302,72.02377828378862,183.85824637817214,0.3093280499999497,701.4652560372422,3.460682279563838,-2.4882140771231183,True,88800.0
"B1 hold speed, raw yaw",S2,60,148.46514239158657,16.146706314198205,87.33370577787804,148.46514239158657,1.6267404299999493,919.4763285007383,3.267127314814816,3.259806944444445,True,
"B2 true speed, stop-bias yaw",S2,60,3.249210452505128,0.3533761937953489,1.9385836732092754,3.249210452505128,0.5558021433031946,919.4763285007383,0.0,0.0,True,
"E1 learned speed, stop-bias yaw",S2,60,173.29709111811673,18.847368414659257,63.3430968186212,173.29709111811673,0.5558021433031946,919.4763285007383,3.736195691493618,-2.2107905532633456,True,
"E2 learned speed, stop-bias yaw",S2,60,134.14394521140252,14.58916788321591,55.4716969054234,134.14394521140252,0.5558021433031946,919.4763285007383,3.2964032828202403,-1.2151012899000828,True,
"E2 learned speed, raw yaw",S2,60,138.6264962120723,15.076679183042284,57.0745469520082,138.6264962120723,1.6267404299999493,919.4763285007383,3.2964032828202403,-1.2151012899000828,True,89400.0
"B1 hold speed, raw yaw",S2,60,234.73904438080248,17.19305985220101,123.62335416926038,234.73904438080248,7.633694390000007,1365.3127855002017,3.6603078703703704,-3.659902314814814,True,
"B2 true speed, stop-bias yaw",S2,60,89.80414648243854,6.577551125000086,39.40639750637817,89.80414648243854,7.46262809076189,1365.3127855002017,0.0,0.0,True,
"E1 learned speed, stop-bias yaw",S2,60,246.18119001272902,18.031120240519616,135.9036977807923,246.18119001272902,7.46262809076189,1365.3127855002017,3.8688120857960606,-3.8688120857960606,True,
"E2 learned speed, stop-bias yaw",S2,60,164.1437041791027,12.022424892107514,90.96474830233386,164.1437041791027,7.46262809076189,1365.3127855002017,2.3316908762547297,-2.329442174060897,True,
"E2 learned speed, raw yaw",S2,60,165.2072900759232,12.100325422163037,91.33126445660297,165.2072900759232,7.633694390000007,1365.3127855002017,2.3316908762547297,-2.329442174060897,True,90000.0
"B1 hold speed, raw yaw",S2,60,289.7824642559374,26.60663949197682,218.22808537011227,297.68382300115513,2.39968569999999,1089.1359066345854,5.277062962962964,4.971775925925928,True,
"B2 true speed, stop-bias yaw",S2,60,30.963654696163566,2.8429560082947614,14.2241046822572,30.963654696163566,1.7259979623750015,1089.1359066345854,0.0,0.0,True,
"E1 learned speed, stop-bias yaw",S2,60,27.7591397256358,2.5487305630581174,23.829260034351282,38.69460807060347,1.7259979623750015,1089.1359066345854,2.215486701410081,-0.12132432373590783,True,
"E2 learned speed, stop-bias yaw",S2,60,38.45939137495215,3.531183862424583,27.855042406015624,41.13983695537974,1.7259979623750015,1089.1359066345854,1.519811503750249,-0.3816366339259297,True,
"E2 learned speed, raw yaw",S2,60,44.419566402909005,4.078422732399379,29.483348567540357,44.419566402909005,2.39968569999999,1089.1359066345854,1.519811503750249,-0.3816366339259297,True,90600.0
"B1 hold speed, raw yaw",S2,60,349.0023615525993,32.273314086181514,198.92342109399877,349.0023615525993,1.5073105999999945,1081.396105217567,5.90450972222222,5.904435648148146,True,
"B2 true speed, stop-bias yaw",S2,60,40.60648278464581,3.7550054590289244,19.36563595182148,40.60648278464581,3.1330059272856876,1081.396105217567,0.0,0.0,True,
"E1 learned speed, stop-bias yaw",S2,60,108.50873373231333,10.034133950434597,61.358244482895486,108.64434616333234,3.1330059272856876,1081.396105217567,4.6443177998300555,-1.728326131213351,True,
"E2 learned speed, stop-bias yaw",S2,60,213.0922796540299,19.70529379807205,77.74116561789135,213.0922796540299,3.1330059272856876,1081.396105217567,4.797136797367166,-3.55551949262729,True,
"E2 learned speed, raw yaw",S2,60,212.0263146748111,19.606720761413627,76.9357252260426,212.0263146748111,1.5073105999999945,1081.396105217567,4.797136797367166,-3.55551949262729,True,91200.0
"B1 hold speed, raw yaw",S2,60,420.564208228451,47.3966737968935,157.1148194089884,420.564208228451,2.2287171699999906,887.3285286445898,7.496597222222223,7.099200000000001,True,
"B2 true speed, stop-bias yaw",S2,60,12.388925219180742,1.3962049927668894,7.326326982316821,12.599219713528784,1.1806163709166644,887.3285286445898,0.0,0.0,True,
"E1 learned speed, stop-bias yaw",S2,60,66.73941632299149,7.521387419486799,21.91263141127546,66.73941632299149,1.1806163709166644,887.3285286445898,3.7304761953545222,1.115681210926487,True,
"E2 learned speed, stop-bias yaw",S2,60,12.914339924571426,1.455418090106751,17.672711238143872,35.270497647913174,1.1806163709166644,887.3285286445898,2.4527653573363986,0.17245185927708145,True,
"E2 learned speed, raw yaw",S2,60,16.819178133450418,1.8954848841772296,19.21389599419298,36.523479713979,2.2287171699999906,887.3285286445898,2.4527653573363986,0.17245185927708145,True,91800.0
"B1 hold speed, raw yaw",S2,60,483.21107949870543,47.57884975551439,195.78978705530264,483.21107949870543,4.2786840900003975,1015.6005914008067,10.114051851851851,-9.924726851851853,True,
"B2 true speed, stop-bias yaw",S2,60,30.16434417560961,2.9700991148502838,11.585419209393397,30.16434417560961,3.230583290916206,1015.6005914008067,0.0,0.0,True,
"E1 learned speed, stop-bias yaw",S2,60,306.62310568356844,30.191308303655727,127.2907375241081,306.62310568356844,3.230583290916206,1015.6005914008067,7.186995331388263,-6.375422061573307,True,
"E2 learned speed, stop-bias yaw",S2,60,274.3604729959593,27.01460350840648,119.31564253079016,274.3604729959593,3.230583290916206,1015.6005914008067,6.2280938206873335,-5.367976019572205,True,
"E2 learned speed, raw yaw",S2,60,274.89893093321433,27.067622179507524,119.41211617529923,274.89893093321433,4.2786840900003975,1015.6005914008067,6.2280938206873335,-5.367976019572205,True,92400.0
"B1 hold speed, raw yaw",S2,60,568.5339246886509,67.4764584099046,244.4345359988787,568.5339246886509,4.229638080000069,842.566338077397,10.599565277777778,10.59897175925926,True,
"B2 true speed, stop-bias yaw",S2,60,18.360995000392002,2.1791750003078554,10.988238147893329,18.360995000392002,3.4898881959411514,842.566338077397,0.0,0.0,True,
"E1 learned speed, stop-bias yaw",S2,60,118.59185757836346,14.075076610462661,99.36346335700803,124.95740016690871,3.4898881959411514,842.566338077397,5.539719985338524,0.3162602141706073,True,
"E2 learned speed, stop-bias yaw",S2,60,97.15723871444946,11.53110851023872,91.67949333465666,120.40948722202143,3.4898881959411514,842.566338077397,4.6027868617623975,-0.13936158749858085,True,
"E2 learned speed, raw yaw",S2,60,93.31598684839865,11.075209467937084,90.50832711222826,120.43041679021358,4.229638080000069,842.566338077397,4.6027868617623975,-0.13936158749858085,True,93000.0
"B1 hold speed, raw yaw",S2,120,124.20380398142902,48.32558926470841,114.98883827664591,188.4924261020677,1.4898098299996787,257.0145669638705,4.938517824074074,4.558376157407407,True,
"B2 true speed, stop-bias yaw",S2,120,59.792495046423504,23.264243639088658,28.161614551848544,59.792495046423504,35.2372127706325,257.0145669638705,0.0,0.0,True,
"E1 learned speed, stop-bias yaw",S2,120,83.55314403965284,32.50910834614219,58.65668105811239,83.55314403965284,35.2372127706325,257.0145669638705,1.5033945955540562,0.967124167571982,True,
"E2 learned speed, stop-bias yaw",S2,120,78.03125619554088,30.360635631407625,49.25503500193004,78.03125619554088,35.2372127706325,257.0145669638705,1.2340057716617465,0.6760474004969498,True,
"E2 learned speed, raw yaw",S2,120,11.526263857446281,4.484673376146253,24.62571597404342,44.204521074056366,1.4898098299996787,257.0145669638705,1.2340057716617465,0.6760474004969498,True,600.0
"B1 hold speed, raw yaw",S2,120,89.01574885191042,9.351387242971104,166.47156933316825,273.6109720304198,9.80339721000014,951.8988631212807,4.505301157407407,-1.207608101851852,True,
"B2 true speed, stop-bias yaw",S2,120,64.76867032245406,6.8041546042063015,40.99518225162331,64.76867032245406,1.3429013350122654,951.8988631212807,0.0,0.0,True,
"E1 learned speed, stop-bias yaw",S2,120,147.06440527013854,15.449583035314665,95.84676036948176,147.06440527013854,1.3429013350122654,951.8988631212807,2.6797410898513014,0.12422003326302009,True,
"E2 learned speed, stop-bias yaw",S2,120,142.17275873933042,14.935700025225927,86.84436495612464,142.17275873933042,1.3429013350122654,951.8988631212807,2.0031221352627417,0.18434347335586657,True,
"E2 learned speed, raw yaw",S2,120,86.23127460867464,9.058869376723688,52.455153361074345,86.23127460867464,9.80339721000014,951.8988631212807,2.0031221352627417,0.18434347335586657,True,1800.0
"B1 hold speed, raw yaw",S2,120,1374.6992588990906,523.1438135272367,733.2768026129589,1374.6992588990906,11.241797199999862,262.7765488863071,11.458443287037035,11.449478472222221,True,
"B2 true speed, stop-bias yaw",S2,120,2.5500401963262935,0.9704215262487498,1.576872384975147,2.5530778472971525,0.09549865498740506,262.7765488863071,0.0,0.0,True,
"E1 learned speed, stop-bias yaw",S2,120,170.12877037136158,64.74275238501951,131.38410050718386,171.1425963489158,0.09549865498740506,262.7765488863071,1.8438210072270014,1.398356134151158,True,
"E2 learned speed, stop-bias yaw",S2,120,4.028841601605068,1.5331815638343687,18.19401130854148,50.93989986230209,0.09549865498740506,262.7765488863071,0.9555616211351882,-0.05277018682948677,True,
"E2 learned speed, raw yaw",S2,120,10.093737418822965,3.841186537231722,19.661125924925635,51.18454199051083,11.241797199999862,262.7765488863071,0.9555616211351882,-0.05277018682948677,True,2400.0
"B1 hold speed, raw yaw",S2,120,593.3515716983987,63.86441236253574,360.4715859761995,593.3515716983987,0.634753620000029,929.0801398596627,6.649116666666667,6.648818055555556,True,
"B2 true speed, stop-bias yaw",S2,120,15.429050385748766,1.660680249615423,6.813555793043531,15.429050385748766,5.725362473379593,929.0801398596627,0.0,0.0,True,
"E1 learned speed, stop-bias yaw",S2,120,248.5599096158609,26.753333641746533,116.367821843905,248.5599096158609,5.725362473379593,929.0801398596627,2.9449947745511325,2.4555360525596757,True,
"E2 learned speed, stop-bias yaw",S2,120,68.34434516655921,7.356130244790573,25.41206293398722,68.34434516655921,5.725362473379593,929.0801398596627,1.6173104412639008,0.4525386260511502,True,
"E2 learned speed, raw yaw",S2,120,71.01706835367348,7.643804372397906,29.474963479578186,71.01706835367348,0.634753620000029,929.0801398596627,1.6173104412639008,0.4525386260511502,True,4800.0
"B1 hold speed, raw yaw",S2,120,165.53703167574994,18.55046733557442,100.73224138652408,168.9400816142085,2.695271700000278,892.3604385874305,2.384930092592592,1.3969962962962958,True,
"B2 true speed, stop-bias yaw",S2,120,91.99601961210094,10.309289344754774,39.46558067611208,91.99601961210094,2.3953371533792343,892.3604385874305,0.0,0.0,True,
"E1 learned speed, stop-bias yaw",S2,120,144.4656716018072,16.189161392059287,79.53288982563389,144.4656716018072,2.3953371533792343,892.3604385874305,1.6814189779512978,1.0054547808239358,True,
"E2 learned speed, stop-bias yaw",S2,120,201.89438764552418,22.624757767737286,106.3296426465999,201.89438764552418,2.3953371533792343,892.3604385874305,1.999454238759646,1.6247715900012043,True,
"E2 learned speed, raw yaw",S2,120,187.79782840515006,21.045064335486032,102.58878782091162,187.79782840515006,2.695271700000278,892.3604385874305,1.999454238759646,1.6247715900012043,True,5400.0
"B1 hold speed, raw yaw",S2,120,24.198583208738327,3.176126680067673,43.639118820272685,77.51330161058004,10.24168535999987,761.8897369743053,2.3361574074074074,-0.11261157407407427,True,
"B2 true speed, stop-bias yaw",S2,120,34.273464936432035,4.498480983946881,14.536736831289918,34.273464936432035,15.332294213379381,761.8897369743053,0.0,0.0,True,
"E1 learned speed, stop-bias yaw",S2,120,94.26746925803167,12.372849335442726,49.46925892634054,94.26746925803167,15.332294213379381,761.8897369743053,2.372722388438433,1.4458816566685508,True,
"E2 learned speed, stop-bias yaw",S2,120,136.20510271644892,17.87727227529808,51.47050366068403,136.20510271644892,15.332294213379381,761.8897369743053,2.512756066967562,1.7940865265800285,True,
"E2 learned speed, raw yaw",S2,120,130.1308909826014,17.080016263165657,50.59166804030352,130.1308909826014,10.24168535999987,761.8897369743053,2.512756066967562,1.7940865265800285,True,6000.0
"B1 hold speed, raw yaw",S2,120,226.21115813919374,32.82805312729856,106.20658929884624,226.21115813919374,156.8263204700002,689.0788109243224,1.9131435185185182,-1.1029120370370367,True,
"B2 true speed, stop-bias yaw",S2,120,202.0692204246222,29.3245441916243,99.76985283573356,202.0692204246222,151.7627059599364,689.0788109243224,0.0,0.0,True,
"E1 learned speed, stop-bias yaw",S2,120,348.25141230202564,50.53869118902164,173.63104637919736,348.25141230202564,151.7627059599364,689.0788109243224,2.9965904817279094,2.4296290604428727,True,
"E2 learned speed, stop-bias yaw",S2,120,419.8543503767929,60.92980131163881,225.7652217033974,419.8543503767929,151.7627059599364,689.0788109243224,3.695291555176574,3.317656488217707,True,
"E2 learned speed, raw yaw",S2,120,400.5508039170889,58.128445914596426,216.54839501427054,400.5508039170889,156.8263204700002,689.0788109243224,3.695291555176574,3.317656488217707,True,6600.0
"B1 hold speed, raw yaw",S2,120,154.44773853179368,23.4010406897583,126.80184556535636,197.41328136803406,26.104671630000063,660.0037176952958,2.2195828703703704,1.4557884259259266,True,
"B2 true speed, stop-bias yaw",S2,120,39.71126199211393,6.016823985595707,38.26541385068688,66.08245446639187,31.300361584936063,660.0037176952958,0.0,0.0,True,
"E1 learned speed, stop-bias yaw",S2,120,45.98440505730411,6.967294853713802,99.8302464995258,160.23250372006208,31.300361584936063,660.0037176952958,2.1097317461550436,1.564269296774235,True,
"E2 learned speed, stop-bias yaw",S2,120,41.87340201801476,6.3444191139157295,91.50999224836868,149.6960340467916,31.300361584936063,660.0037176952958,1.7210683277443006,1.1943704331770362,True,
"E2 learned speed, raw yaw",S2,120,51.100099923838314,7.742395770478026,87.86919832022264,142.5207633093903,26.104671630000063,660.0037176952958,1.7210683277443006,1.1943704331770362,True,7200.0
"B1 hold speed, raw yaw",S2,120,252.24568843312588,42.410943105945655,233.2561522199693,342.702937810453,19.879668629999685,594.7655721849844,3.69146550925926,3.552335416666667,True,
"B2 true speed, stop-bias yaw",S2,120,154.49434189789812,25.975669931656228,58.60068443770555,154.49434189789812,25.075358584936254,594.7655721849844,0.0,0.0,True,
"E1 learned speed, stop-bias yaw",S2,120,124.820104427101,20.98643739054206,69.48737781484628,125.23782430413003,25.075358584936254,594.7655721849844,2.0634378350942315,1.4693625712466087,True,
"E2 learned speed, stop-bias yaw",S2,120,203.83171906491714,34.27093439791791,104.63713560834529,204.54330246608598,25.075358584936254,594.7655721849844,2.703783927535966,2.4340278429125033,True,
"E2 learned speed, raw yaw",S2,120,194.18376953613733,32.64879115695388,104.31838978759495,196.28101431779976,19.879668629999685,594.7655721849844,2.703783927535966,2.4340278429125033,True,8400.0
"B1 hold speed, raw yaw",S2,120,208.5974546878607,15.484252675364777,104.04373664325212,208.5974546878607,23.90469316999968,1347.1586847696967,2.809287962962963,0.16717731481481551,True,
"B2 true speed, stop-bias yaw",S2,120,194.37575200164474,14.428571347916167,95.39105646225715,194.37575200164474,25.274235854978066,1347.1586847696967,0.0,0.0,True,
"E1 learned speed, stop-bias yaw",S2,120,201.86309722063248,14.984359266862608,95.58344783434947,201.86309722063248,25.274235854978066,1347.1586847696967,1.3715331853830042,-0.20095292109188753,True,
"E2 learned speed, stop-bias yaw",S2,120,318.31036985352114,23.62827582616504,178.05550391078717,318.31036985352114,25.274235854978066,1347.1586847696967,2.088045957777192,-1.6311090161591921,True,
"E2 learned speed, raw yaw",S2,120,309.0182889035047,22.938521823532085,174.6051714469205,309.0182889035047,23.90469316999968,1347.1586847696967,2.088045957777192,-1.6311090161591921,True,9600.0
"B1 hold speed, raw yaw",S2,120,339.00665877556264,33.442970259766746,209.3572553831704,339.00665877556264,32.99568923999944,1013.6858542837069,5.961146296296295,5.714146759259259,True,
"B2 true speed, stop-bias yaw",S2,120,108.1100159560328,10.665041393166698,72.06194787223366,108.1100159560328,34.16528190772542,1013.6858542837069,0.0,0.0,True,
"E1 learned speed, stop-bias yaw",S2,120,110.83397242506686,10.93375940452327,78.09238288011123,136.26411796686085,34.16528190772542,1013.6858542837069,2.16524706426233,0.6241570459341316,True,
"E2 learned speed, stop-bias yaw",S2,120,120.03713723831434,11.841650618981484,109.96002087816258,200.9932314029634,34.16528190772542,1013.6858542837069,2.6818001976905674,2.0808858820295484,True,
"E2 learned speed, raw yaw",S2,120,118.13486788646838,11.6539919529552,108.52098817675216,198.41908678361042,32.99568923999944,1013.6858542837069,2.6818001976905674,2.0808858820295484,True,10200.0
"B1 hold speed, raw yaw",S2,120,372.4269577292726,40.35584914878035,198.57471282268762,372.4269577292726,29.309664009999974,922.8574434309189,3.638246759259259,1.8778592592592591,True,
"B2 true speed, stop-bias yaw",S2,120,214.87341414864014,23.283489305759133,109.25164843566078,214.87341414864014,29.97258842283005,922.8574434309189,0.0,0.0,True,
"E1 learned speed, stop-bias yaw",S2,120,238.62420527042087,25.857103604570234,115.37562848947783,238.62420527042087,29.97258842283005,922.8574434309189,1.9653722325438139,1.296099829539517,True,
"E2 learned speed, stop-bias yaw",S2,120,231.0632567174234,25.03780604059459,109.05625404099722,231.0632567174234,29.97258842283005,922.8574434309189,1.6217788075037085,0.02748580975058829,True,
"E2 learned speed, raw yaw",S2,120,226.8427224960737,24.580472759989625,107.04326852979999,226.8427224960737,29.309664009999974,922.8574434309189,1.6217788075037085,0.02748580975058829,True,10800.0
"B1 hold speed, raw yaw",S2,120,262.55163004989896,30.184359663003566,143.0821597400976,262.55163004989896,161.69336639000014,869.8267347102408,4.138380787037036,2.57170949074074,True,
"B2 true speed, stop-bias yaw",S2,120,87.03866065201167,10.006436590041837,57.948490552024374,98.14083815757743,161.93732005115268,869.8267347102408,0.0,0.0,True,
"E1 learned speed, stop-bias yaw",S2,120,167.16680356484727,19.218402573075014,92.76625667687082,167.40661669819298,161.93732005115268,869.8267347102408,2.1362353490616597,1.4536545463430455,True,
"E2 learned speed, stop-bias yaw",S2,120,103.21407783090193,11.866050296244907,67.72462040448087,105.23633872755927,161.93732005115268,869.8267347102408,1.511835473039988,0.7111178030075708,True,
"E2 learned speed, raw yaw",S2,120,104.00964517650961,11.957513034036324,68.32172628198528,106.16512067362962,161.69336639000014,869.8267347102408,1.511835473039988,0.7111178030075708,True,11400.0
"B1 hold speed, raw yaw",S2,120,132.46772619871146,24.988481278017534,107.29096589293292,181.4050971920955,19.92465308999991,530.1151547582999,2.4430261574074073,1.4343951388888885,True,
"B2 true speed, stop-bias yaw",S2,120,54.506636582825976,10.282037043003925,20.905696853286067,54.506636582825976,19.243650569117516,530.1151547582999,0.0,0.0,True,
"E1 learned speed, stop-bias yaw",S2,120,189.29792558592086,35.70883116371746,130.19512231712105,224.67074791664115,19.243650569117516,530.1151547582999,3.5165046408493406,2.2763225817850117,True,
"E2 learned speed, stop-bias yaw",S2,120,110.67549475294688,20.877632672736574,89.52204159061526,165.6739863570802,19.243650569117516,530.1151547582999,2.5884101169494964,1.1879397354574335,True,
"E2 learned speed, raw yaw",S2,120,109.55281424311255,20.665852175658312,89.3419271934723,165.84923286013867,19.92465308999991,530.1151547582999,2.5884101169494964,1.1879397354574335,True,12000.0
"B1 hold speed, raw yaw",S2,120,677.6090254800396,728.207732563405,395.83521513478485,677.6090254800396,7.684326970000006,93.05161084938634,5.8260201388888895,5.8260201388888895,True,
"B2 true speed, stop-bias yaw",S2,120,17.50086375377423,18.80769563688821,5.850814767412743,17.666146360937557,0.03472159960428942,93.05161084938634,0.0,0.0,True,
"E1 learned speed, stop-bias yaw",S2,120,69.8743509993724,75.09203802228772,45.38917210006458,69.8743509993724,0.03472159960428942,93.05161084938634,0.7587319302601099,0.5144386697059262,True,
"E2 learned speed, stop-bias yaw",S2,120,54.751399096482295,58.83981867342748,32.68016351572161,54.751399096482295,0.03472159960428942,93.05161084938634,0.5904160647034419,0.35067989556319173,True,
"E2 learned speed, raw yaw",S2,120,57.17982970063527,61.449586072385934,32.38260303681102,57.17982970063527,7.684326970000006,93.05161084938634,0.5904160647034419,0.35067989556319173,True,13200.0
"B1 hold speed, raw yaw",S2,120,8.961879382277953,1.1850367593351943,25.74750979470424,45.97738606552409,9.388706919999295,756.2532817383292,1.7379398148148149,-0.742911111111111,True,
"B2 true speed, stop-bias yaw",S2,120,4.020615912056015,0.531649383763889,4.288679111829627,5.99671309244614,5.572402375775541,756.2532817383292,0.0,0.0,True,
"E1 learned speed, stop-bias yaw",S2,120,103.75285626631813,13.719326417709036,84.84320421930141,120.52776114137517,5.572402375775541,756.2532817383292,2.219003631085966,-0.923613191460136,True,
"E2 learned speed, stop-bias yaw",S2,120,87.03123282314026,11.5082122517326,71.62497550306578,101.35156424892482,5.572402375775541,756.2532817383292,2.031918011619249,-1.1016930635969402,True,
"E2 learned speed, raw yaw",S2,120,84.02495985357112,11.11069027831929,71.96675678334749,99.14955698944247,9.388706919999295,756.2532817383292,2.031918011619249,-1.1016930635969402,True,14400.0
"B1 hold speed, raw yaw",S2,120,172.97729172667138,26.18247536846838,76.9320309630327,172.97729172667138,15.795675690000175,660.6605727393842,2.259049768518519,2.0388247685185195,True,
"B2 true speed, stop-bias yaw",S2,120,18.214529526616904,2.7570177907078057,10.390631528228747,18.214529526616904,11.132541665751889,660.6605727393842,0.0,0.0,True,
"E1 learned speed, stop-bias yaw",S2,120,93.40862672713556,14.138671290739062,41.943997656261054,93.40862672713556,11.132541665751889,660.6605727393842,2.1192134092280024,0.05945240540199791,True,
"E2 learned speed, stop-bias yaw",S2,120,119.69973115941717,18.118188991222887,56.05547764038902,119.69973115941717,11.132541665751889,660.6605727393842,2.137600090463371,0.5468544101402627,True,
"E2 learned speed, raw yaw",S2,120,126.35494672931347,19.125546754726297,55.608794560414175,126.35494672931347,15.795675690000175,660.6605727393842,2.137600090463371,0.5468544101402627,True,15000.0
"B1 hold speed, raw yaw",S2,120,134.04871396024214,20.80884845891711,112.02880169157386,195.66979205287421,16.951690699999897,644.190927839637,2.854235648148148,0.6378745370370366,True,
"B2 true speed, stop-bias yaw",S2,120,26.833588894495904,4.165471405268809,16.89056306892298,27.39965730417439,12.258694081912983,644.190927839637,0.0,0.0,True,
"E1 learned speed, stop-bias yaw",S2,120,93.54687926619032,14.521607682354324,88.44136400713656,140.59625435582572,12.258694081912983,644.190927839637,2.2770330364152116,0.3521878132195832,True,
"E2 learned speed, stop-bias yaw",S2,120,128.11471597591773,19.8876932970112,105.07968587622547,168.11520316581084,12.258694081912983,644.190927839637,2.448905698704728,1.2441396603585633,True,
"E2 learned speed, raw yaw",S2,120,121.57547768485591,18.872584575596594,108.65843969852385,176.10807444722298,16.951690699999897,644.190927839637,2.448905698704728,1.2441396603585633,True,15600.0
"B1 hold speed, raw yaw",S2,120,96.99489640364666,11.182214966964176,81.88294530059386,120.96554335315774,20.764726340000927,867.4032532034171,2.9088150462962963,0.6418729166666661,True,
"B2 true speed, stop-bias yaw",S2,120,89.09991166035314,10.272028763011576,32.97312230316332,89.09991166035314,15.504880494706947,867.4032532034171,0.0,0.0,True,
"E1 learned speed, stop-bias yaw",S2,120,35.45816262268998,4.087852160081142,35.20007225360966,61.72089831056455,15.504880494706947,867.4032532034171,1.8870128370531707,-0.020944717346187525,True,
"E2 learned speed, stop-bias yaw",S2,120,48.270811685967246,5.5649793227887665,34.54604514688641,57.71606726514536,15.504880494706947,867.4032532034171,1.6024832871383239,-0.36174951720918036,True,
"E2 learned speed, raw yaw",S2,120,80.5686006053425,9.288482641469658,39.15638615770599,80.5686006053425,20.764726340000927,867.4032532034171,1.6024832871383239,-0.36174951720918036,True,16200.0
"B1 hold speed, raw yaw",S2,120,296.38137183061735,37.7354891796362,128.55800718057924,296.38137183061735,159.36430166000017,785.4181256793098,2.932433796296296,0.7860708333333334,True,
"B2 true speed, stop-bias yaw",S2,120,69.86208072022036,8.894890305695009,31.566704616294672,69.86208072022036,164.82680103776178,785.4181256793098,0.0,0.0,True,
"E1 learned speed, stop-bias yaw",S2,120,125.0391705312886,15.920077019249073,51.96551808657028,125.0391705312886,164.82680103776178,785.4181256793098,1.9172149792928266,0.8845365456225507,True,
"E2 learned speed, stop-bias yaw",S2,120,129.4952790002869,16.48743195075695,56.24810447909238,129.4952790002869,164.82680103776178,785.4181256793098,1.6792590030784345,0.09866658848759106,True,
"E2 learned speed, raw yaw",S2,120,151.8707355205992,19.336291149283813,67.83397369642708,151.8707355205992,159.36430166000017,785.4181256793098,1.6792590030784345,0.09866658848759106,True,16800.0
"B1 hold speed, raw yaw",S2,120,395.6475135155518,59.423939435534606,259.87690815300726,414.3066755024993,24.447677209999775,665.8049218442771,3.39388587962963,3.130752546296297,True,
"B2 true speed, stop-bias yaw",S2,120,102.78257118832964,15.437340250297686,54.41761799816289,102.78257118832964,18.985177832238577,665.8049218442771,0.0,0.0,True,
"E1 learned speed, stop-bias yaw",S2,120,167.68053567418985,25.184634443631836,107.89799893893898,189.63991342077344,18.985177832238577,665.8049218442771,2.0252702218399077,0.991198825588131,True,
"E2 learned speed, stop-bias yaw",S2,120,105.59403119923391,15.85960507872769,69.18848737787748,126.85117992488328,18.985177832238577,665.8049218442771,1.6665601768664815,-0.05157112471085592,True,
"E2 learned speed, raw yaw",S2,120,126.93992168396886,19.065632818145254,78.76216720364818,146.50465167526312,24.447677209999775,665.8049218442771,1.6665601768664815,-0.05157112471085592,True,17400.0
"B1 hold speed, raw yaw",S2,120,313.42254059703987,43.03042025642014,167.52071004258454,313.42254059703987,14.65669113000044,728.3743424520173,3.8113923611111113,3.7662562499999996,True,
"B2 true speed, stop-bias yaw",S2,120,54.780963277050375,7.520990249688696,32.19961642521335,54.780963277050375,9.966433645707797,728.3743424520173,0.0,0.0,True,
"E1 learned speed, stop-bias yaw",S2,120,77.53543631293817,10.644998291938863,66.22329901363537,113.88945568686371,9.966433645707797,728.3743424520173,2.115207528427099,0.6231172779010629,True,
"E2 learned speed, stop-bias yaw",S2,120,69.8149131023024,9.585031903687842,61.857843266771646,105.07429467605014,9.966433645707797,728.3743424520173,1.7052711598325008,0.1377469948188689,True,
"E2 learned speed, raw yaw",S2,120,90.27885593171948,12.394568379193935,72.09571322784284,119.46985123947924,14.65669113000044,728.3743424520173,1.7052711598325008,0.1377469948188689,True,18600.0
"B1 hold speed, raw yaw",S2,120,220.48866998164848,44.86888512333142,225.8906353898406,331.8186993913757,157.80929083000012,491.4066159112038,5.27923587962963,5.247431250000001,True,
"B2 true speed, stop-bias yaw",S2,120,17.384229267078748,3.537646564819559,9.740404431804617,17.384229267078748,162.49954831429218,491.4066159112038,0.0,0.0,True,
"E1 learned speed, stop-bias yaw",S2,120,11.704064883416756,2.3817475191525825,28.058904730610283,46.927104228030615,162.49954831429218,491.4066159112038,2.1888554933288256,0.6486379145751183,True,
"E2 learned speed, stop-bias yaw",S2,120,45.90287759819367,9.341119169321122,19.250162527345633,45.90287759819367,162.49954831429218,491.4066159112038,1.970289579699078,0.27655160636456816,True,
"E2 learned speed, raw yaw",S2,120,49.41681834208843,10.056197198415,22.032442970382867,49.41681834208843,157.80929083000012,491.4066159112038,1.970289579699078,0.27655160636456816,True,19200.0
"B1 hold speed, raw yaw",S2,120,88.32385521200949,24.47037037478175,57.963727493890005,93.18143704529524,12.589708229999529,360.9420448455196,1.6187349537037035,1.1661493055555554,True,
"B2 true speed, stop-bias yaw",S2,120,8.197860665252906,2.27124015678515,8.152172709445795,14.44933872174956,7.403926303792981,360.9420448455196,0.0,0.0,True,
"E1 learned speed, stop-bias yaw",S2,120,59.53867976193681,16.495357249782,38.66247056255759,59.53867976193681,7.403926303792981,360.9420448455196,1.6899167973504943,0.4870123258185139,True,
"E2 learned speed, stop-bias yaw",S2,120,33.380067935367336,9.248040900763929,32.88679349651639,52.276926592204184,7.403926303792981,360.9420448455196,1.4446337037114236,0.1316271650977274,True,
"E2 learned speed, raw yaw",S2,120,30.001007933845628,8.311862904939717,33.50035000265352,54.04718366765373,12.589708229999529,360.9420448455196,1.4446337037114236,0.1316271650977274,True,19800.0
"B1 hold speed, raw yaw",S2,120,30.90863003611307,4.353128844194617,45.333501942239984,59.270994651592275,3.5577258800000777,710.0325109221883,1.389405324074074,0.7957506944444436,True,
"B2 true speed, stop-bias yaw",S2,120,8.490263892967304,1.195757062157643,4.7637503937311285,8.490263892967304,1.6702709328078666,710.0325109221883,0.0,0.0,True,
"E1 learned speed, stop-bias yaw",S2,120,80.62757280569629,11.355476202206209,55.78916462672829,83.50656111287742,1.6702709328078666,710.0325109221883,1.4900277855152702,0.8495843213486042,True,
"E2 learned speed, stop-bias yaw",S2,120,50.18560797013484,7.068071841520878,37.42443911395512,54.66293420905464,1.6702709328078666,710.0325109221883,1.1883433794728324,0.531021576972125,True,
"E2 learned speed, raw yaw",S2,120,33.33202795803563,4.69443686666461,31.1806549779373,45.977718071937964,3.5577258800000777,710.0325109221883,1.1883433794728324,0.531021576972125,True,21000.0
"B1 hold speed, raw yaw",S2,120,66.85842738769196,8.281761823912847,32.91121461666005,67.06612742772838,0.184322700000117,807.2971525774169,1.510026851851852,0.4582657407407411,True,
"B2 true speed, stop-bias yaw",S2,120,12.25655788128583,1.5182213689414035,5.654230688024942,12.25655788128583,5.167395014089846,807.2971525774169,0.0,0.0,True,
"E1 learned speed, stop-bias yaw",S2,120,35.36611639658939,4.380805293772903,25.353505865281413,45.21332674716337,5.167395014089846,807.2971525774169,1.845606560705865,0.720478135730567,True,
"E2 learned speed, stop-bias yaw",S2,120,23.52665376583403,2.9142495660639542,22.7586459347681,39.27311791215981,5.167395014089846,807.2971525774169,1.5773646468513063,0.4775478216815528,True,
"E2 learned speed, raw yaw",S2,120,16.129835203535436,1.9980047188372365,21.98942471103159,34.67438076069831,0.184322700000117,807.2971525774169,1.5773646468513063,0.4775478216815528,True,21600.0
"B1 hold speed, raw yaw",S2,120,105.74716756729671,15.662207169348164,54.237513194469976,105.74716756729671,1.6123975600001241,675.1741081183626,3.097800462962963,1.4444949074074076,True,
"B2 true speed, stop-bias yaw",S2,120,16.92884230037626,2.5073299015501522,7.107665386918378,16.92884230037626,6.600169388285961,675.1741081183626,0.0,0.0,True,
"E1 learned speed, stop-bias yaw",S2,120,24.753300098822447,3.666209915514566,39.18517477393068,67.63086301901622,6.600169388285961,675.1741081183626,2.422637313389379,0.8398716388950612,True,
"E2 learned speed, stop-bias yaw",S2,120,26.311333264331882,3.8969701219228816,34.25613334334285,53.0839077273575,6.600169388285961,675.1741081183626,1.944383483715761,0.29842067034647274,True,
"E2 learned speed, raw yaw",S2,120,17.07604759868353,2.5291324701820446,32.20458882599432,55.27995186909419,1.6123975600001241,675.1741081183626,1.944383483715761,0.29842067034647274,True,22200.0
"B1 hold speed, raw yaw",S2,120,455.7800066413703,44.56643564098149,194.61668854487888,455.7800066413703,3.8123991100003867,1022.6979117492031,5.205629629629629,-1.9210731481481473,True,
"B2 true speed, stop-bias yaw",S2,120,76.47697088996914,7.477962945985133,25.89711972233581,76.47697088996914,8.475515331432508,1022.6979117492031,0.0,0.0,True,
"E1 learned speed, stop-bias yaw",S2,120,98.24095984751666,9.606058516291208,49.01473569104046,98.24095984751666,8.475515331432508,1022.6979117492031,2.1425616738141207,-1.175269998017548,True,
"E2 learned speed, stop-bias yaw",S2,120,111.39672702017077,10.89243712541076,52.162101085970534,111.39672702017077,8.475515331432508,1022.6979117492031,2.1588978531006333,-1.4839615798023669,True,
"E2 learned speed, raw yaw",S2,120,99.2166371773664,9.701460816290135,49.855082198826004,99.2166371773664,3.8123991100003867,1022.6979117492031,2.1588978531006333,-1.4839615798023669,True,22800.0
"B1 hold speed, raw yaw",S2,120,500.43765893113823,37.152148169472056,340.6041952057453,500.43765893113823,2.8033722600004234,1346.9952172034782,4.255208101851852,-4.151036805555556,True,
"B2 true speed, stop-bias yaw",S2,120,115.97367413423139,8.609805933461775,60.42275351672788,115.97367413423139,15.106690587106465,1346.9952172034782,0.0,0.0,True,
"E1 learned speed, stop-bias yaw",S2,120,183.46020394344643,13.61995956632508,104.91118463568185,183.46020394344643,15.106690587106465,1346.9952172034782,1.4319817303610678,-1.2344359698718381,True,
"E2 learned speed, stop-bias yaw",S2,120,143.84029436136743,10.678604684283656,77.8676451448541,143.84029436136743,15.106690587106465,1346.9952172034782,1.2508018901986426,-0.6651950988906036,True,
"E2 learned speed, raw yaw",S2,120,81.28801574939561,6.034766472160099,45.56228612874978,81.28801574939561,2.8033722600004234,1346.9952172034782,1.2508018901986426,-0.6651950988906036,True,23400.0
"B1 hold speed, raw yaw",S2,120,89.80452297074365,6.345199332481216,76.41647882656953,114.98716424200173,0.07265178999746634,1415.3144490044988,2.8192902777777773,2.2099189814814797,True,
"B2 true speed, stop-bias yaw",S2,120,153.27991832618886,10.830096338944507,63.73480263334146,153.27991832618886,10.364643319005564,1415.3144490044988,0.0,0.0,True,
"E1 learned speed, stop-bias yaw",S2,120,159.48248138080473,11.268342628239344,73.84513125796906,159.48248138080473,10.364643319005564,1415.3144490044988,1.6836928423843365,-0.39873981175484274,True,
"E2 learned speed, stop-bias yaw",S2,120,175.14594722088282,12.375055405113446,85.84970082043453,175.14594722088282,10.364643319005564,1415.3144490044988,1.4705164995627327,-0.9275795237051454,True,
"E2 learned speed, raw yaw",S2,120,95.7425376522213,6.764753777477826,59.64685306442248,105.45414551512256,0.07265178999746634,1415.3144490044988,1.4705164995627327,-0.9275795237051454,True,24000.0
"B1 hold speed, raw yaw",S2,120,248.1812331695328,14.961819238055133,148.11777588521022,248.1812331695328,12.264748779999989,1658.7637453758834,2.0313541666666666,-2.030943518518519,True,
"B2 true speed, stop-bias yaw",S2,120,80.41271871986378,4.847749954990841,52.78066910852312,82.79021488945838,1.8274536710000113,1658.7637453758834,0.0,0.0,True,
"E1 learned speed, stop-bias yaw",S2,120,85.82464394884421,5.174012525177052,58.63451455355118,86.08757782923762,1.8274536710000113,1658.7637453758834,1.4481091131700592,0.10364103880265231,True,
"E2 learned speed, stop-bias yaw",S2,120,301.22889880104265,18.159843415964147,146.41903704078146,301.22889880104265,1.8274536710000113,1658.7637453758834,2.6558605594483113,2.3659402035377703,True,
"E2 learned speed, raw yaw",S2,120,294.14590165352683,17.73283883696602,134.24196449775613,294.14590165352683,12.264748779999989,1658.7637453758834,2.6558605594483113,2.3659402035377703,True,24600.0
"B1 hold speed, raw yaw",S2,120,406.69788207825206,27.847547657248636,187.90000124926124,406.69788207825206,23.25172753000008,1460.4441550255856,2.455675694444444,2.059672916666665,True,
"B2 true speed, stop-bias yaw",S2,120,122.91309687211812,8.416144941191867,44.25095217689418,122.91309687211812,12.909822392149806,1460.4441550255856,0.0,0.0,True,
"E1 learned speed, stop-bias yaw",S2,120,192.68471027121,13.193569203461557,81.10637920518428,192.68471027121,12.909822392149806,1460.4441550255856,1.6732747140193258,0.18846029247294602,True,
"E2 learned speed, stop-bias yaw",S2,120,233.7485313791577,16.00530431614228,107.98882493644813,233.7485313791577,12.909822392149806,1460.4441550255856,1.636209901103901,0.3555827991705353,True,
"E2 learned speed, raw yaw",S2,120,321.2911310728183,21.99954924446869,140.406419009974,321.2911310728183,23.25172753000008,1460.4441550255856,1.636209901103901,0.3555827991705353,True,25200.0
"B1 hold speed, raw yaw",S2,120,546.0036457686084,56.44253307279425,267.2040234817209,546.0036457686084,22.751577080000086,967.3620513530541,5.486007407407406,4.0570861111111105,True,
"B2 true speed, stop-bias yaw",S2,120,97.10501370008993,10.038125184285311,63.79973768322511,97.10501370008993,12.105427398000755,967.3620513530541,0.0,0.0,True,
"E1 learned speed, stop-bias yaw",S2,120,130.62983243477572,13.503716860927419,97.79003053584535,140.53896528655724,12.105427398000755,967.3620513530541,1.874803939282176,-0.2395607371151263,True,
"E2 learned speed, stop-bias yaw",S2,120,200.147693890041,20.690050184426134,146.51871881516217,217.770745118947,12.105427398000755,967.3620513530541,2.2369560799989805,-1.4150962455193943,True,
"E2 learned speed, raw yaw",S2,120,242.55547444292134,25.073908378322034,169.03374390722496,250.66377531235335,22.751577080000086,967.3620513530541,2.2369560799989805,-1.4150962455193943,True,25800.0
"B1 hold speed, raw yaw",S2,120,855.2952329472903,144.17006583012426,546.1543820132063,855.2952329472903,2.5604458799999756,593.2543819152345,8.331859027777776,8.212675694444444,True,
"B2 true speed, stop-bias yaw",S2,120,28.40250936861938,4.787576836251265,10.119021837178447,28.40250936861938,8.085703801999534,593.2543819152345,0.0,0.0,True,
"E1 learned speed, stop-bias yaw",S2,120,157.05437717095512,26.473361505384617,94.62450585342933,157.05437717095512,8.085703801999534,593.2543819152345,2.5345548245766385,1.972310654125315,True,
"E2 learned speed, stop-bias yaw",S2,120,205.41052747373195,34.624359083635305,105.89075210842788,205.41052747373195,8.085703801999534,593.2543819152345,2.938369433846742,2.4950901292535765,True,
"E2 learned speed, raw yaw",S2,120,231.98516071452372,39.103825911170475,114.42066759217468,231.98516071452372,2.5604458799999756,593.2543819152345,2.938369433846742,2.4950901292535765,True,26400.0
"B1 hold speed, raw yaw",S2,120,870.0852558741325,67.33226224281646,615.4699407429389,933.3176792314644,17.02438890999997,1292.2263813688512,8.289288888888889,-7.200562037037037,True,
"B2 true speed, stop-bias yaw",S2,120,162.0588935481931,12.541060597797474,95.35518275724824,162.52115454509334,21.40843143171882,1292.2263813688512,0.0,0.0,True,
"E1 learned speed, stop-bias yaw",S2,120,241.4662063691049,18.686060728254173,174.74437110266354,261.8827132836892,21.40843143171882,1292.2263813688512,1.9838802754461005,-1.3224909200456958,True,
"E2 learned speed, stop-bias yaw",S2,120,170.01477696880872,13.156733171529329,104.3970333135117,171.95646765128322,21.40843143171882,1292.2263813688512,1.2142676908902028,-0.0700493402191834,True,
"E2 learned speed, raw yaw",S2,120,127.04049528729588,9.83113308309975,81.05268038955603,131.46090014631952,17.02438890999997,1292.2263813688512,1.2142676908902028,-0.0700493402191834,True,27600.0
"B1 hold speed, raw yaw",S2,120,1373.9634181229028,259.78302966708634,674.9436950596978,1373.9634181229028,11.575756010000024,528.8888269120758,11.526154166666664,11.518775925925926,True,
"B2 true speed, stop-bias yaw",S2,120,30.74149220958803,5.812467695540597,25.921201570319848,30.74171072549644,15.959798531718773,528.8888269120758,0.0,0.0,True,
"E1 learned speed, stop-bias yaw",S2,120,100.43476140492676,18.989768037134834,85.74079570962034,102.73317584178955,15.959798531718773,528.8888269120758,0.8768063591583413,0.8273619472747696,True,
"E2 learned speed, stop-bias yaw",S2,120,125.93906553571915,23.8120109798908,108.18258250229441,128.28106000296788,15.959798531718773,528.8888269120758,1.0621569340981605,1.0414885692200069,True,
"E2 learned speed, raw yaw",S2,120,124.2572952766062,23.4940291709477,106.7754114352774,126.68073495214254,11.575756010000024,528.8888269120758,1.0621569340981605,1.0414885692200069,True,28200.0
"B1 hold speed, raw yaw",S2,120,651.3171061466786,79.15006251914855,323.1425531837969,651.3171061466786,3.6486277599999712,822.8889345338259,6.554450925925925,6.316814351851852,True,
"B2 true speed, stop-bias yaw",S2,120,23.970125265466162,2.9129235136750813,13.273196910370316,23.970125265466162,4.880911983346331,822.8889345338259,0.0,0.0,True,
"E1 learned speed, stop-bias yaw",S2,120,136.10413850516122,16.539794472052957,72.8353882452708,136.44808605131303,4.880911983346331,822.8889345338259,1.9477202379993863,1.193784823001405,True,
"E2 learned speed, stop-bias yaw",S2,120,112.36810784250292,13.655318856141927,66.84322871897506,112.49488848684567,4.880911983346331,822.8889345338259,1.4618204055141988,0.9671186756006361,True,
"E2 learned speed, raw yaw",S2,120,110.97699461091361,13.48626648792927,65.77206520590126,111.20733368123595,3.6486277599999712,822.8889345338259,1.4618204055141988,0.9671186756006361,True,30000.0
"B1 hold speed, raw yaw",S2,120,885.6397377311924,110.22119010908315,614.3381099054385,900.4203039376924,2.900571269999962,803.5113183360631,8.314201620370369,8.109695138888888,True,
"B2 true speed, stop-bias yaw",S2,120,35.41920235275743,4.408052698760317,12.977220406944177,35.41920235275743,3.9771979613808868,803.5113183360631,0.0,0.0,True,
"E1 learned speed, stop-bias yaw",S2,120,120.23454680710125,14.963640718351893,142.04767699567793,186.37477910198237,3.9771979613808868,803.5113183360631,2.4660255362705645,1.1652686386175792,True,
"E2 learned speed, stop-bias yaw",S2,120,18.525943596022024,2.305623228106623,82.53990565768797,116.34038108797402,3.9771979613808868,803.5113183360631,2.1301484349545436,-0.0128314200844657,True,
"E2 learned speed, raw yaw",S2,120,24.68250701120791,3.0718306572608376,82.3877849269375,115.28953044732629,2.900571269999962,803.5113183360631,2.1301484349545436,-0.0128314200844657,True,30600.0
"B1 hold speed, raw yaw",S2,120,621.0401235710963,55.441337699743166,276.7132632079079,621.0401235710963,10.12636592999986,1120.1752146286565,5.4956706018518515,5.418415046296296,True,
"B2 true speed, stop-bias yaw",S2,120,49.444527486286084,4.413999420856423,21.775876617135008,49.444527486286084,8.994748901477447,1120.1752146286565,0.0,0.0,True,
"E1 learned speed, stop-bias yaw",S2,120,99.36963372152044,8.870900946907842,62.923792097566704,122.55361064465168,8.994748901477447,1120.1752146286565,2.3840487317008687,0.7204088702222301,True,
"E2 learned speed, stop-bias yaw",S2,120,64.83935919754217,5.788322965085129,33.22122270697557,66.25354744439726,8.994748901477447,1120.1752146286565,1.9813697471068925,0.3819695660228715,True,
"E2 learned speed, raw yaw",S2,120,69.93920879329977,6.243595455420334,34.93959868954738,69.93920879329977,10.12636592999986,1120.1752146286565,1.9813697471068925,0.3819695660228715,True,31800.0
"B1 hold speed, raw yaw",S2,120,580.8907890812071,62.014288737786636,353.27957672436924,580.8907890812071,6.700425700000037,936.7047512830021,4.535994907407407,4.525331018518518,True,
"B2 true speed, stop-bias yaw",S2,120,124.33335687915621,13.273484169783183,52.97792561185871,124.36725800706468,5.4517776924614,936.7047512830021,0.0,0.0,True,
"E1 learned speed, stop-bias yaw",S2,120,120.45684916972554,12.85963896358336,53.107382452658946,120.45684916972554,5.4517776924614,936.7047512830021,2.8189727885467786,0.389479895740687,True,
"E2 learned speed, stop-bias yaw",S2,120,119.16460998324786,12.721683093848771,52.558478547578524,120.4380857690601,5.4517776924614,936.7047512830021,2.123140750229946,0.18092974232237924,True,
"E2 learned speed, raw yaw",S2,120,129.62763923344374,13.838687062907827,56.99168002709778,130.8179173360492,6.700425700000037,936.7047512830021,2.123140750229946,0.18092974232237924,True,32400.0
"B1 hold speed, raw yaw",S2,120,107.18946651925808,15.099618350213895,88.17538600877565,143.09866676224158,16.5114774000002,709.8819588227518,3.8934192129629626,0.9130437499999997,True,
"B2 true speed, stop-bias yaw",S2,120,72.44995322666676,10.205915550638267,39.26029947166404,72.44995322666676,14.950793235854855,709.8819588227518,0.0,0.0,True,
"E1 learned speed, stop-bias yaw",S2,120,84.20804734217651,11.862260520301819,46.954138674466755,84.20804734217651,14.950793235854855,709.8819588227518,1.2892635826835672,-0.49523529797599186,True,
"E2 learned speed, stop-bias yaw",S2,120,165.91895134486967,23.37275222771191,108.88256694045775,165.91895134486967,14.950793235854855,709.8819588227518,1.6685010088614785,-1.35544788491842,True,
"E2 learned speed, raw yaw",S2,120,169.1113291084662,23.82245766449899,109.49569721567877,169.1113291084662,16.5114774000002,709.8819588227518,1.6685010088614785,-1.35544788491842,True,33000.0
"B1 hold speed, raw yaw",S2,120,332.0122307397979,49.34946553606144,196.2592954597536,332.0122307397979,2.791536729999851,672.7777639196205,4.299741203703704,2.8048337962962964,True,
"B2 true speed, stop-bias yaw",S2,120,8.380390071478384,1.2456401684047964,7.076731526536471,10.765593116575454,5.217100767538837,672.7777639196205,0.0,0.0,True,
"E1 learned speed, stop-bias yaw",S2,120,22.026112135917916,3.2739060826851976,12.748894647802581,22.58749769187514,5.217100767538837,672.7777639196205,1.5395301642818766,0.155322560856837,True,
"E2 learned speed, stop-bias yaw",S2,120,71.68374191111393,10.654891667864081,55.885080508743116,91.5355938642768,5.217100767538837,672.7777639196205,1.4920361656328853,-0.593638725450025,True,
"E2 learned speed, raw yaw",S2,120,67.13852364192597,9.979301820377536,55.75703484789385,91.81026371976826,2.791536729999851,672.7777639196205,1.4920361656328853,-0.593638725450025,True,34200.0
"B1 hold speed, raw yaw",S2,120,1206.050229356853,389.2383589144833,657.1912248942496,1206.050229356853,9.411569619999499,309.8487602096343,10.661863194444443,10.654179398148147,True,
"B2 true speed, stop-bias yaw",S2,120,12.439414661366033,4.014673046601801,7.33453723566994,12.470425847295198,6.790813277672621,309.8487602096343,0.0,0.0,True,
"E1 learned speed, stop-bias yaw",S2,120,288.10392621878657,92.98211360402546,118.0847439318431,288.10392621878657,6.790813277672621,309.8487602096343,2.8313813745384047,2.398267939763679,True,
"E2 learned speed, stop-bias yaw",S2,120,193.0571260236223,62.306889946245285,84.33640814959305,193.0571260236223,6.790813277672621,309.8487602096343,1.849542966753069,1.6188824122723164,True,
"E2 learned speed, raw yaw",S2,120,192.82248562301388,62.2311625492889,84.13322055448609,192.82248562301388,9.411569619999499,309.8487602096343,1.849542966753069,1.6188824122723164,True,34800.0
"B1 hold speed, raw yaw",S2,120,1102.8137042356545,440.89407829806845,608.7760523550302,1102.8137042356545,8.070551890000008,250.13121257892976,9.250860648148148,9.250860648148148,True,
"B2 true speed, stop-bias yaw",S2,120,4.219036540239098,1.6867293356712794,2.3807137547789194,4.2457719970529535,4.731254397863303,250.13121257892976,0.0,0.0,True,
"E1 learned speed, stop-bias yaw",S2,120,628.1155519641089,251.1144233012923,329.31458797186383,628.5593358337754,4.731254397863303,250.13121257892976,6.235584121695577,5.283859560804044,True,
"E2 learned speed, stop-bias yaw",S2,120,695.8667601283556,278.2006903311887,308.502051397076,696.3092364247233,4.731254397863303,250.13121257892976,6.802530260994736,5.851369423201449,True,
"E2 learned speed, raw yaw",S2,120,696.5460991304877,278.47228338634073,308.6937404764905,696.9911545389249,8.070551890000008,250.13121257892976,6.802530260994736,5.851369423201449,True,36600.0
"B1 hold speed, raw yaw",S2,120,56.50702236895701,6.046026884800327,74.8653101235353,99.48319505909807,5.296313800000138,934.6141432320671,2.6350365740740744,0.47629212962962886,True,
"B2 true speed, stop-bias yaw",S2,120,2.713531789103928,0.29033712027083575,4.342625783591963,8.513969387831867,1.699461953359182,934.6141432320671,0.0,0.0,True,
"E1 learned speed, stop-bias yaw",S2,120,35.98268431081491,3.8500042580545797,36.06709426687035,63.19558436210019,1.699461953359182,934.6141432320671,2.3307389683811293,-0.18493732845014382,True,
"E2 learned speed, stop-bias yaw",S2,120,30.56974632182034,3.270841399436194,26.268661876624176,46.251632572925956,1.699461953359182,934.6141432320671,1.8301171777848602,-0.18100424985278304,True,
"E2 learned speed, raw yaw",S2,120,22.811522697234345,2.440742295889929,30.604388558745782,52.78110643536988,5.296313800000138,934.6141432320671,1.8301171777848602,-0.18100424985278304,True,38400.0
"B1 hold speed, raw yaw",S2,120,378.3429389589059,50.595743715928826,142.49530935051635,378.3429389589059,7.002541980000142,747.7762182588373,4.238147453703704,2.8605618055555557,True,
"B2 true speed, stop-bias yaw",S2,120,2.6250099872880575,0.3510421865782618,2.7361024055893868,4.862214300270052,3.3220596322268707,747.7762182588373,0.0,0.0,True,
"E1 learned speed, stop-bias yaw",S2,120,95.06163848584926,12.712578464610164,70.66253646156065,95.06496351720787,3.3220596322268707,747.7762182588373,1.5872870100367003,-0.4294741093441847,True,
"E2 learned speed, stop-bias yaw",S2,120,59.79215695368052,7.995996060546538,44.87151901471302,61.37470711314333,3.3220596322268707,747.7762182588373,1.2504848725648834,-0.5020347043925433,True,
"E2 learned speed, raw yaw",S2,120,51.82211901973353,6.930164099147063,41.36550229035006,61.351881024333956,7.002541980000142,747.7762182588373,1.2504848725648834,-0.5020347043925433,True,39000.0
"B1 hold speed, raw yaw",S2,120,738.9217621023911,285.67313655180754,403.9548397259386,738.9217621023911,3.1128009100005336,258.6598694653201,6.7596740740740735,6.173169907407407,True,
"B2 true speed, stop-bias yaw",S2,120,2.2580021573702553,0.8729619179186191,1.6285812851473875,2.441895589244496,0.7465349973683651,258.6598694653201,0.0,0.0,True,
"E1 learned speed, stop-bias yaw",S2,120,7.631481078018133,2.950392379688928,10.835114337079245,24.33030225560012,0.7465349973683651,258.6598694653201,0.5059115320590762,-0.0753710780962837,True,
"E2 learned speed, stop-bias yaw",S2,120,27.108648043279416,10.480422842289425,18.984912771912647,27.108648043279416,0.7465349973683651,258.6598694653201,0.3986949312152215,-0.269942107556644,True,
"E2 learned speed, raw yaw",S2,120,26.50970422022047,10.248866310424997,18.76902009239881,26.50970422022047,3.1128009100005336,258.6598694653201,0.3986949312152215,-0.269942107556644,True,39600.0
"B1 hold speed, raw yaw",S2,120,214.64072907766052,22.547917862676893,83.9350998762069,214.64072907766052,21.024238700000105,951.9314838065421,3.3539680555555558,-2.476526388888889,True,
"B2 true speed, stop-bias yaw",S2,120,64.75999847548431,6.803010466312643,21.56507856762701,64.75999847548431,17.416566044540698,951.9314838065421,0.0,0.0,True,
"E1 learned speed, stop-bias yaw",S2,120,120.02867337816669,12.608961403209532,71.2961724168294,120.21574235825062,17.416566044540698,951.9314838065421,2.283982304770462,-1.0672797627425852,True,
"E2 learned speed, stop-bias yaw",S2,120,141.77058807867624,14.892940352363407,62.71568478023934,141.77058807867624,17.416566044540698,951.9314838065421,2.3795396067437156,-1.4287069295111599,True,
"E2 learned speed, raw yaw",S2,120,143.3542154910109,15.059299742642434,60.93107032541305,143.3542154910109,21.024238700000105,951.9314838065421,2.3795396067437156,-1.4287069295111599,True,40800.0
"B1 hold speed, raw yaw",S2,120,375.62888232247025,36.33348451982554,253.0433100160546,425.62245363129534,14.129265610000305,1033.8366586268558,4.7027,-3.731993518518519,True,
"B2 true speed, stop-bias yaw",S2,120,63.39115488567154,6.131641237201611,34.962554182392175,64.07239926222499,10.452467177487629,1033.8366586268558,0.0,0.0,True,
"E1 learned speed, stop-bias yaw",S2,120,200.42623429656373,19.38664416898994,132.19375828077185,229.73826335001382,10.452467177487629,1033.8366586268558,2.506197763541729,-1.9257114704630658,True,
"E2 learned speed, stop-bias yaw",S2,120,266.30448802561546,25.758855212130097,166.7781962586249,287.5567335865712,10.452467177487629,1033.8366586268558,2.8272013289274476,-2.3838917699609823,True,
"E2 learned speed, raw yaw",S2,120,271.45582241911274,26.25712874020747,170.05253522539667,293.5734361985204,14.129265610000305,1033.8366586268558,2.8272013289274476,-2.3838917699609823,True,41400.0
"B1 hold speed, raw yaw",S2,120,523.1561121662216,73.86397661356239,311.33457384263744,523.1561121662216,6.218436830000114,708.2696277012567,5.509088194444444,4.986601157407406,True,
"B2 true speed, stop-bias yaw",S2,120,13.585436756854826,1.9181165230743271,15.508535683310683,19.00726397500601,2.6884894104321373,708.2696277012567,0.0,0.0,True,
"E1 learned speed, stop-bias yaw",S2,120,17.06768434408971,2.4097721653664843,44.89147716672815,62.91689707366433,2.6884894104321373,708.2696277012567,1.844729696649619,0.24061653230663257,True,
"E2 learned speed, stop-bias yaw",S2,120,73.93061080978575,10.438201486873467,34.29387269040487,73.93061080978575,2.6884894104321373,708.2696277012567,1.7012042803959169,0.7757961555055682,True,
"E2 learned speed, raw yaw",S2,120,72.72626872482793,10.268161428983847,30.02020541096154,72.72626872482793,6.218436830000114,708.2696277012567,1.7012042803959169,0.7757961555055682,True,42000.0
"B1 hold speed, raw yaw",S2,120,151.99794478175468,15.090933969967676,66.53690518161672,151.99794478175468,18.680397220000216,1007.2136362417618,1.4565694444444446,0.40876018518518625,True,
"B2 true speed, stop-bias yaw",S2,120,112.67616094927303,11.186917739686692,49.020433969333254,112.67616094927303,15.467652204524203,1007.2136362417618,0.0,0.0,True,
"E1 learned speed, stop-bias yaw",S2,120,302.45262977334215,30.028647239317593,180.6430545482548,302.45262977334215,15.467652204524203,1007.2136362417618,3.655585612485542,2.2029970538443284,True,
"E2 learned speed, stop-bias yaw",S2,120,117.98686798390908,11.714184929441192,67.39224829457584,117.98686798390908,15.467652204524203,1007.2136362417618,1.7206157156330817,0.19666088682179955,True,
"E2 learned speed, raw yaw",S2,120,142.78135784834615,14.175876170730703,76.07864634382264,142.78135784834615,18.680397220000216,1007.2136362417618,1.7206157156330817,0.19666088682179955,True,43200.0
"B1 hold speed, raw yaw",S2,120,358.98577425485604,35.94677131090601,220.29026098867192,358.98577425485604,14.390324719999963,998.6592986334273,2.658358101851852,2.168315046296297,True,
"B2 true speed, stop-bias yaw",S2,120,86.50854117283825,8.662467899835026,30.518689799036547,86.50854117283825,11.365543319147367,998.6592986334273,0.0,0.0,True,
"E1 learned speed, stop-bias yaw",S2,120,142.8858801411325,14.307770461523624,63.57078502256449,142.8858801411325,11.365543319147367,998.6592986334273,2.309045760407931,0.04454066881503081,True,
"E2 learned speed, stop-bias yaw",S2,120,94.45055802613996,9.457735801928324,48.09161991723545,94.45055802613996,11.365543319147367,998.6592986334273,1.8799884660796982,-0.05067037248923583,True,
"E2 learned speed, raw yaw",S2,120,118.73372129173121,11.889312146215161,54.53420011522892,118.73372129173121,14.390324719999963,998.6592986334273,1.8799884660796982,-0.05067037248923583,True,43800.0
"B1 hold speed, raw yaw",S2,120,403.2037444697737,32.50714032377825,196.37026627417342,403.2037444697737,19.13431773999978,1240.3543973840083,4.186171296296296,-3.938761574074074,True,
"B2 true speed, stop-bias yaw",S2,120,143.85580991119798,11.597960245442726,62.674357748327225,143.85580991119798,16.39579164387511,1240.3543973840083,0.0,0.0,True,
"E1 learned speed, stop-bias yaw",S2,120,252.9298946500211,20.391744100191644,130.09493710653146,252.9298946500211,16.39579164387511,1240.3543973840083,3.140759294129611,-2.0973636085742586,True,
"E2 learned speed, stop-bias yaw",S2,120,194.14373824112022,15.65227959449191,100.95636702492898,194.14373824112022,16.39579164387511,1240.3543973840083,2.2417590308845523,-1.2470471393772202,True,
"E2 learned speed, raw yaw",S2,120,213.09708180619032,17.180338317470117,109.69742081036154,213.09708180619032,19.13431773999978,1240.3543973840083,2.2417590308845523,-1.2470471393772202,True,44400.0
"B1 hold speed, raw yaw",S2,120,127.55905722067585,10.63983541662592,121.54441399722711,228.725202260856,19.361524269999602,1198.8818644821397,4.278331712962963,0.03467199074074131,True,
"B2 true speed, stop-bias yaw",S2,120,150.46347257379273,12.550316843668817,83.79249161522324,150.46347257379273,16.946827666769625,1198.8818644821397,0.0,0.0,True,
"E1 learned speed, stop-bias yaw",S2,120,334.94450370215344,27.938074102641767,214.28682412645375,334.94450370215344,16.946827666769625,1198.8818644821397,3.621439389145068,-2.837624319081137,True,
"E2 learned speed, stop-bias yaw",S2,120,207.9199785430934,17.342824568699687,131.96395301566014,207.9199785430934,16.946827666769625,1198.8818644821397,2.552457178357922,-1.2819725673976117,True,
"E2 learned speed, raw yaw",S2,120,224.73798197234206,18.74563196177951,140.15078008969368,224.73798197234206,19.361524269999602,1198.8818644821397,2.552457178357922,-1.2819725673976117,True,45000.0
"B1 hold speed, raw yaw",S2,120,724.4817961609205,60.26955873304629,400.5418057150243,724.4817961609205,21.86354882000004,1202.0691894723982,5.781994444444445,5.765324074074074,True,
"B2 true speed, stop-bias yaw",S2,120,135.03147784598667,11.233253379138144,62.63686465785906,135.03147784598667,19.412335237192682,1202.0691894723982,0.0,0.0,True,
"E1 learned speed, stop-bias yaw",S2,120,191.67234836795674,15.94520099563353,82.97599453155115,191.74023736495712,19.412335237192682,1202.0691894723982,2.4581535048462024,0.9853075593904943,True,
"E2 learned speed, stop-bias yaw",S2,120,147.9082191689335,12.304468034311078,66.72164649647529,147.93898318532754,19.412335237192682,1202.0691894723982,1.4412171310427744,0.3683849272389455,True,
"E2 learned speed, raw yaw",S2,120,171.80247889166876,14.292228799830966,78.1139886314909,171.82630958330296,21.86354882000004,1202.0691894723982,1.4412171310427744,0.3683849272389455,True,45600.0
"B1 hold speed, raw yaw",S2,120,404.1653554958059,40.49407005468224,158.93090542344004,404.1653554958059,15.872572220000084,998.0852874261109,5.6356629629629635,2.832671296296296,True,
"B2 true speed, stop-bias yaw",S2,120,102.72442274046423,10.292148780729223,63.539095312020734,102.72442274046423,12.567058304006974,998.0852874261109,0.0,0.0,True,
"E1 learned speed, stop-bias yaw",S2,120,130.58053289038634,13.083103672145183,75.8576902070763,130.86805038522016,12.567058304006974,998.0852874261109,2.416918424550676,0.3989806652794894,True,
"E2 learned speed, stop-bias yaw",S2,120,122.36821899486381,12.260296844013228,77.08306848276459,125.18541300766253,12.567058304006974,998.0852874261109,1.6630283868177476,-0.5510069164520748,True,
"E2 learned speed, raw yaw",S2,120,138.93559998895773,13.92021320615281,86.52450269156502,138.93559998895773,15.872572220000084,998.0852874261109,1.6630283868177476,-0.5510069164520748,True,46200.0
"B1 hold speed, raw yaw",S2,120,215.11726573508034,21.39602270715159,223.89126991917874,343.9699909050384,9.338354010000055,1005.4077277791338,7.320835185185184,5.755910185185186,True,
"B2 true speed, stop-bias yaw",S2,120,22.532892533302878,2.241169618128583,18.3451337068092,25.29593250055227,4.901310813286854,1005.4077277791338,0.0,0.0,True,
"E1 learned speed, stop-bias yaw",S2,120,7.676893621009747,0.7635602362006307,35.68226916349956,74.27591794839692,4.901310813286854,1005.4077277791338,2.393133323581645,0.4059400954872453,True,
"E2 learned speed, stop-bias yaw",S2,120,35.927555815262366,3.573431437077125,50.1192318901338,76.0425526216827,4.901310813286854,1005.4077277791338,2.1942935287985157,0.9421829881982812,True,
"E2 learned speed, raw yaw",S2,120,27.962983314305536,2.781258045039454,50.28281547429047,78.72672295542388,9.338354010000055,1005.4077277791338,2.1942935287985157,0.9421829881982812,True,48000.0
"B1 hold speed, raw yaw",S2,120,71.55658694353356,10.307274058871423,158.9787990071473,223.37779088077664,9.574326340000045,694.2338637240865,4.225760416666667,-3.8547863425925923,True,
"B2 true speed, stop-bias yaw",S2,120,10.667903635642812,1.53664408970442,8.89237032458398,17.58630379571253,5.195386626602968,694.2338637240865,0.0,0.0,True,
"E1 learned speed, stop-bias yaw",S2,120,97.44127321528411,14.035799506030834,63.72716935570719,101.42804688332896,5.195386626602968,694.2338637240865,2.0913214595865166,0.8234814012381497,True,
"E2 learned speed, stop-bias yaw",S2,120,14.108395001930706,2.0322251245781766,47.23621035674729,71.77318156603722,5.195386626602968,694.2338637240865,1.7787811367261201,-1.017878614571172,True,
"E2 learned speed, raw yaw",S2,120,11.056738663350185,1.5926533177218403,47.84889297158169,74.86124292980578,9.574326340000045,694.2338637240865,1.7787811367261201,-1.017878614571172,True,48600.0
"B1 hold speed, raw yaw",S2,120,218.02856494398011,17.356950083065897,212.91856776782336,328.58909813044465,14.123359340000277,1256.145601044835,4.79841412037037,-1.234457638888888,True,
"B2 true speed, stop-bias yaw",S2,120,23.913801277730695,1.9037443794604467,9.171550398649396,23.913801277730695,4.746592598588744,1256.145601044835,0.0,0.0,True,
"E1 learned speed, stop-bias yaw",S2,120,307.0637000687588,24.444913058912103,241.4869040732161,330.8096026031241,4.746592598588744,1256.145601044835,3.967998084974237,-2.3093318790478037,True,
"E2 learned speed, stop-bias yaw",S2,120,184.58403463246313,14.69447765282385,177.48271940182372,262.05456382662715,4.746592598588744,1256.145601044835,3.3999295683145494,-1.2666888655480564,True,
"E2 learned speed, raw yaw",S2,120,207.85276220632718,16.546868614071464,178.11183960457694,261.52182840461194,14.123359340000277,1256.145601044835,3.3999295683145494,-1.2666888655480564,True,49800.0
"B1 hold speed, raw yaw",S2,120,487.3687939311081,29.40693492031498,392.4845564053595,544.2731807634217,12.615272840000062,1657.326053367169,6.877994675925926,4.3476164351851825,True,
"B2 true speed, stop-bias yaw",S2,120,89.05382058208305,5.373343428781168,47.37794530298263,89.05382058208305,3.215119666306643,1657.326053367169,0.0,0.0,True,
"E1 learned speed, stop-bias yaw",S2,120,32.560681911725,1.9646515449130761,145.5549435186116,249.96869883273948,3.215119666306643,1657.326053367169,4.4951884888195215,0.27676948576871535,True,
"E2 learned speed, stop-bias yaw",S2,120,187.617627694656,11.320501920154793,171.68845415218885,249.6000039896901,3.215119666306643,1657.326053367169,3.5784388560063918,1.690951718128349,True,
"E2 learned speed, raw yaw",S2,120,255.8138305537802,15.435335131191982,187.15281611292258,255.8138305537802,12.615272840000062,1657.326053367169,3.5784388560063918,1.690951718128349,True,50400.0
"B1 hold speed, raw yaw",S2,120,71.73009762510857,3.8156646226871906,147.92023415102506,242.5315962877677,2.866268939999997,1879.884757130266,4.1811087962962965,0.11529537037037016,True,
"B2 true speed, stop-bias yaw",S2,120,72.28074210643155,3.8449560183025024,27.013333814824286,72.28074210643155,6.402921492333226,1879.884757130266,0.0,0.0,True,
"E1 learned speed, stop-bias yaw",S2,120,336.7212922681823,17.91180501842057,274.62876743426926,349.5003536418681,6.402921492333226,1879.884757130266,3.759031605625243,-2.7390081763212537,True,
"E2 learned speed, stop-bias yaw",S2,120,131.84812992502148,7.013628331467188,157.85157873005537,232.10792250241948,6.402921492333226,1879.884757130266,3.254527590093794,-0.8360145998463457,True,
"E2 learned speed, raw yaw",S2,120,122.79507418650984,6.532053293200929,165.6098550771453,236.60009704832748,2.866268939999997,1879.884757130266,3.254527590093794,-0.8360145998463457,True,51000.0
"B1 hold speed, raw yaw",S2,120,56.15156245791096,3.8070163519572406,24.948471882290793,56.15156245791096,1.8473575600000154,1474.9493374002097,1.4351196759259264,0.45340671296296475,True,
"B2 true speed, stop-bias yaw",S2,120,121.76493296603623,8.255533249749634,63.14161099039789,121.76493296603623,7.339376539028451,1474.9493374002097,0.0,0.0,True,
"E1 learned speed, stop-bias yaw",S2,120,140.2865338982619,9.51127813959598,68.25061851784277,140.2865338982619,7.339376539028451,1474.9493374002097,1.4441606089223156,0.6281146485504889,True,
"E2 learned speed, stop-bias yaw",S2,120,384.701392526424,26.082346204820183,206.66125288172188,384.701392526424,7.339376539028451,1474.9493374002097,3.485260178117071,3.2387296185916328,True,
"E2 learned speed, raw yaw",S2,120,366.7237742811875,24.863482763929092,201.38995288586318,367.72582787125594,1.8473575600000154,1474.9493374002097,3.485260178117071,3.2387296185916328,True,51600.0
"B1 hold speed, raw yaw",S2,120,247.39796714557926,24.090429020206237,101.47737090241372,247.8569311601159,0.14634644000024527,1026.955422579109,5.026384259259259,4.046168981481481,True,
"B2 true speed, stop-bias yaw",S2,120,21.458375308055512,2.0895138032539595,14.654081814854797,29.49502747128344,11.550085090142975,1026.955422579109,0.0,0.0,True,
"E1 learned speed, stop-bias yaw",S2,120,14.897165335943336,1.4506146039455545,54.869857743188376,96.29038631925994,11.550085090142975,1026.955422579109,2.2727974390466597,0.44725062951304895,True,
"E2 learned speed, stop-bias yaw",S2,120,39.80109829786359,3.875640307532201,39.21783675357889,64.9292919675697,11.550085090142975,1026.955422579109,1.8777021070734548,0.7265782337839222,True,
"E2 learned speed, raw yaw",S2,120,74.26703577420734,7.231768209343708,33.98155022339807,74.50243254046269,0.14634644000024527,1026.955422579109,1.8777021070734548,0.7265782337839222,True,52200.0
"B1 hold speed, raw yaw",S2,120,245.20093918196557,21.692406639249157,128.65904753397572,245.20093918196557,1.8983290399998687,1130.3537835138643,6.828605555555555,1.8155046296296296,True,
"B2 true speed, stop-bias yaw",S2,120,97.04416659385447,8.585291437887612,29.663616090934635,97.04416659385447,9.798102490142908,1130.3537835138643,0.0,0.0,True,
"E1 learned speed, stop-bias yaw",S2,120,221.87577267300426,19.628878666931346,86.92200069609184,221.87577267300426,9.798102490142908,1130.3537835138643,4.933444635333933,-1.3509374569753776,True,
"E2 learned speed, stop-bias yaw",S2,120,216.09777125822134,19.117711145837095,80.56958501162401,216.09777125822134,9.798102490142908,1130.3537835138643,4.3806752991918065,-1.680326944392867,True,
"E2 learned speed, raw yaw",S2,120,228.1119890133931,20.180583489911875,87.73515324588006,228.1119890133931,1.8983290399998687,1130.3537835138643,4.3806752991918065,-1.680326944392867,True,52800.0
"B1 hold speed, raw yaw",S2,120,325.81178017038246,11.017001132632691,168.42002473256497,325.81178017038246,12.14439741999987,2957.354512793124,3.4030594907407403,-0.07499097222222247,True,
"B2 true speed, stop-bias yaw",S2,120,29.721213120388907,1.0049932462212046,24.375153711602394,36.55373317568153,0.7538120412083235,2957.354512793124,0.0,0.0,True,
"E1 learned speed, stop-bias yaw",S2,120,574.0222979474099,19.409992798099296,376.48517082859064,574.0222979474099,0.7538120412083235,2957.354512793124,5.0812933002776814,-4.985509097032457,True,
"E2 learned speed, stop-bias yaw",S2,120,400.97357869678603,13.558522556637275,279.4445719782644,400.97357869678603,0.7538120412083235,2957.354512793124,3.6773578782166334,-3.4938910526886677,True,
"E2 learned speed, raw yaw",S2,120,444.94423457583133,15.045346530186407,291.1559972167012,444.94423457583133,12.14439741999987,2957.354512793124,3.6773578782166334,-3.4938910526886677,True,54000.0
"B1 hold speed, raw yaw",S2,120,960.0214332649317,41.964858957530346,427.2907037120005,960.0214332649317,16.750367980000092,2287.6793991765853,9.36257824074074,9.235418055555556,True,
"B2 true speed, stop-bias yaw",S2,120,83.06838808028147,3.6311201696435544,53.568727359208324,83.06838808028147,5.259890314208283,2287.6793991765853,0.0,0.0,True,
"E1 learned speed, stop-bias yaw",S2,120,155.382799846172,6.792158022758766,69.74149810382107,155.382799846172,5.259890314208283,2287.6793991765853,3.6361975364906045,1.240896875471561,True,
"E2 learned speed, stop-bias yaw",S2,120,126.81860366523121,5.543547916324184,59.82049474208794,126.81860366523121,5.259890314208283,2287.6793991765853,2.6060784850863956,0.8351958290968038,True,
"E2 learned speed, raw yaw",S2,120,281.17781005695673,12.29096219331093,150.4912076867308,281.17781005695673,16.750367980000092,2287.6793991765853,2.6060784850863956,0.8351958290968038,True,54600.0
"B1 hold speed, raw yaw",S2,120,1078.7597120608775,97.01279335867325,777.8441281182622,1108.9662147163954,11.846313579999949,1111.9767555527592,18.00870462962963,18.008442129629625,True,
"B2 true speed, stop-bias yaw",S2,120,12.451517098687832,1.1197641530283817,10.61639984420957,15.334963512488313,1.0552615497100992,1111.9767555527592,0.0,0.0,True,
"E1 learned speed, stop-bias yaw",S2,120,527.2326638797385,47.414000449825345,278.40952693607755,527.2326638797385,1.0552615497100992,1111.9767555527592,7.804664551728264,6.79541410514149,True,
"E2 learned speed, stop-bias yaw",S2,120,296.7308236511017,26.684984391026948,157.82087895549975,296.7308236511017,1.0552615497100992,1111.9767555527592,4.888634504220863,3.942814039416731,True,
"E2 learned speed, raw yaw",S2,120,281.4382097379295,25.30972057936838,154.61816380924947,281.4382097379295,11.846313579999949,1111.9767555527592,4.888634504220863,3.942814039416731,True,55200.0
"B1 hold speed, raw yaw",S2,120,217.28408153601447,29.30514425477654,124.59335710242078,223.8738865292565,4.394352709999281,741.4537176373005,2.8210567129629633,1.6580738425925925,True,
"B2 true speed, stop-bias yaw",S2,120,51.20825774925107,6.90646719156391,24.641868388079608,51.20825774925107,5.942989469702864,741.4537176373005,0.0,0.0,True,
"E1 learned speed, stop-bias yaw",S2,120,250.52643408230577,33.78854648954052,184.0173837137435,298.750296155566,5.942989469702864,741.4537176373005,3.740587619067992,3.69220172742099,True,
"E2 learned speed, stop-bias yaw",S2,120,189.16113260052666,25.512196931630903,124.78560561555095,209.581812049242,5.942989469702864,741.4537176373005,2.474970766235727,2.2502993837904666,True,
"E2 learned speed, raw yaw",S2,120,175.5602632425063,23.677845166377022,124.0722113008311,216.9535107755677,4.394352709999281,741.4537176373005,2.474970766235727,2.2502993837904666,True,55800.0
"B1 hold speed, raw yaw",S2,120,229.6834371879336,32.102685461322324,176.9171029398331,231.42694841822518,2.9682762099988667,715.4648712010675,3.166412731481481,-1.00339375,True,
"B2 true speed, stop-bias yaw",S2,120,130.21212256736484,18.19965281436875,70.34024226960317,130.21212256736484,13.817650822285673,715.4648712010675,0.0,0.0,True,
"E1 learned speed, stop-bias yaw",S2,120,260.06110350274133,36.348549589327945,178.20620202298122,260.06110350274133,13.817650822285673,715.4648712010675,2.496104115981791,1.2932686994611124,True,
"E2 learned speed, stop-bias yaw",S2,120,214.70234652272865,30.008789413001207,132.35304472391857,214.70234652272865,13.817650822285673,715.4648712010675,1.8624525963763798,0.8965642973262985,True,
"E2 learned speed, raw yaw",S2,120,111.92173232896238,15.64321839324924,97.2699073812085,119.78140222655374,2.9682762099988667,715.4648712010675,1.8624525963763798,0.8965642973262985,True,56400.0
"B1 hold speed, raw yaw",S2,120,146.19213423855638,17.64232365508635,104.43291780224314,162.11295450875056,0.029790420000738865,828.6444410422581,2.505947916666666,2.039488194444444,True,
"B2 true speed, stop-bias yaw",S2,120,6.65102589945319,0.8026392949776646,35.46307920054619,63.795679448809544,18.014706213307633,828.6444410422581,0.0,0.0,True,
"E1 learned speed, stop-bias yaw",S2,120,94.08578156745105,11.354180020698768,74.46296660433205,121.64070491189395,18.014706213307633,828.6444410422581,2.1750556474489575,0.941524113933408,True,
"E2 learned speed, stop-bias yaw",S2,120,40.593800043094355,4.898820052667705,56.55381552064531,90.97718414972863,18.014706213307633,828.6444410422581,1.605236178750296,0.818964193717342,True,
"E2 learned speed, raw yaw",S2,120,42.15239883803724,5.086910229557385,46.53642097056325,72.87836777960885,0.029790420000738865,828.6444410422581,1.605236178750296,0.818964193717342,True,57000.0
"B1 hold speed, raw yaw",S2,120,145.7038735807967,20.114576428360696,78.57072749239668,145.7038735807967,2.6557189799986545,724.3695839170665,4.353126851851851,-4.200105555555556,True,
"B2 true speed, stop-bias yaw",S2,120,69.71315632952287,9.623976196314777,27.44733030658157,69.71315632952287,27.70131824000172,724.3695839170665,0.0,0.0,True,
"E1 learned speed, stop-bias yaw",S2,120,107.59872849432861,14.854120173362725,37.56308373265888,107.59872849432861,27.70131824000172,724.3695839170665,1.8017148466755672,0.5813640592094004,True,
"E2 learned speed, stop-bias yaw",S2,120,113.40591138333525,15.65580801585937,39.10776922863224,113.40591138333525,27.70131824000172,724.3695839170665,1.9798798647331808,1.4344583447030577,True,
"E2 learned speed, raw yaw",S2,120,56.99759779634815,7.8685796673199135,26.31869750835258,56.99759779634815,2.6557189799986545,724.3695839170665,1.9798798647331808,1.4344583447030577,True,57600.0
"B1 hold speed, raw yaw",S2,120,306.6649877447491,47.320691227179,198.37333924650784,307.8785514786353,4.961301029999769,648.0568643270658,3.428488425925926,-2.5229555555555554,True,
"B2 true speed, stop-bias yaw",S2,120,44.4263384122729,6.8553148431510955,44.50585441245978,83.4262627688947,20.084298230000357,648.0568643270658,0.0,0.0,True,
"E1 learned speed, stop-bias yaw",S2,120,46.53405211153883,7.18055076229448,64.81781207530283,114.5194128399291,20.084298230000357,648.0568643270658,2.040739024321778,1.2832152847615954,True,
"E2 learned speed, stop-bias yaw",S2,120,21.095590246483276,3.2552066659132874,62.4992709707989,106.78058069910196,20.084298230000357,648.0568643270658,1.6826579832171884,0.6943845142891373,True,
"E2 learned speed, raw yaw",S2,120,98.46147801738078,15.193339263464473,40.40044555473705,98.50739721817229,4.961301029999769,648.0568643270658,1.6826579832171884,0.6943845142891373,True,58200.0
"B1 hold speed, raw yaw",S2,120,57.55460555550807,9.879442686689545,156.476824779972,285.0481590079621,4.47431761999958,582.5693551828657,6.558399999999998,5.529715740740739,True,
"B2 true speed, stop-bias yaw",S2,120,32.788667352232714,5.6282856385297695,26.91264538561623,37.19624945804553,0.5348712299991935,582.5693551828657,0.0,0.0,True,
"E1 learned speed, stop-bias yaw",S2,120,104.67954187624417,17.968597377283217,86.87595469196556,150.87326810550408,0.5348712299991935,582.5693551828657,3.897732051537539,2.346240521748416,True,
"E2 learned speed, stop-bias yaw",S2,120,107.83824801132265,18.51079996775195,66.38777910728382,111.51486493532741,0.5348712299991935,582.5693551828657,3.1934531363930203,1.5909913281757546,True,
"E2 learned speed, raw yaw",S2,120,98.23298242172098,16.8620236453883,66.05719115107902,110.33299554892697,4.47431761999958,582.5693551828657,3.1934531363930203,1.5909913281757546,True,58800.0
"B1 hold speed, raw yaw",S2,120,704.6916190693307,54.559689487029374,333.1586357008703,704.6916190693307,4.099301520000191,1291.5975616702494,8.415971064814816,-6.270292824074073,True,
"B2 true speed, stop-bias yaw",S2,120,12.458185778031131,0.9645563097781507,5.5992167592951105,12.458185778031131,0.15985512999950044,1291.5975616702494,0.0,0.0,True,
"E1 learned speed, stop-bias yaw",S2,120,379.2118434431579,29.35990704045416,236.58373428229373,379.2118434431579,0.15985512999950044,1291.5975616702494,6.405562681518057,-1.968500806458306,True,
"E2 learned speed, stop-bias yaw",S2,120,316.7633042515951,24.52492275085807,194.82777247374207,316.7633042515951,0.15985512999950044,1291.5975616702494,5.1606870443592845,-1.5784124687287269,True,
"E2 learned speed, raw yaw",S2,120,298.19819293202363,23.087546909457153,185.31317072637108,298.19819293202363,4.099301520000191,1291.5975616702494,5.1606870443592845,-1.5784124687287269,True,59400.0
"B1 hold speed, raw yaw",S2,120,177.57296090938073,7.3096826942894575,121.88021996852696,187.8504714383161,10.08325717000005,2429.284119926382,3.80555787037037,-0.4096648148148108,True,
"B2 true speed, stop-bias yaw",S2,120,186.18326910381532,7.664120782605597,82.0558586658149,186.18326910381532,7.6855674112500285,2429.284119926382,0.0,0.0,True,
"E1 learned speed, stop-bias yaw",S2,120,545.3781165932951,22.4501577283526,285.06832357467425,545.3781165932951,7.6855674112500285,2429.284119926382,4.677821082758756,-4.6038557590709415,True,
"E2 learned speed, stop-bias yaw",S2,120,308.988715962357,12.719332145130915,157.4051251643039,308.988715962357,7.6855674112500285,2429.284119926382,2.642705309821281,-2.2050804382386864,True,
"E2 learned speed, raw yaw",S2,120,343.2555041929596,14.129903594947214,169.1449144512452,343.2555041929596,10.08325717000005,2429.284119926382,2.642705309821281,-2.2050804382386864,True,60000.0
"B1 hold speed, raw yaw",S2,120,608.1449169974271,29.181665773730202,401.65457482707274,608.1449169974271,11.974273529999978,2083.996580979585,6.630320601851852,-1.7781094907407395,True,
"B2 true speed, stop-bias yaw",S2,120,87.33854430682862,4.190915911473091,63.517253472097615,97.04099851451504,9.57658377125016,2083.996580979585,0.0,0.0,True,
"E1 learned speed, stop-bias yaw",S2,120,434.59609770090594,20.853973642155573,321.2531773048498,435.66433231042595,9.57658377125016,2083.996580979585,5.255133672185654,-2.1406800926903644,True,
"E2 learned speed, stop-bias yaw",S2,120,307.53518971798064,14.756991087452906,214.08391595570276,307.53518971798064,9.57658377125016,2083.996580979585,3.6909348614227535,-1.0781173119866398,True,
"E2 learned speed, raw yaw",S2,120,327.7879497277395,15.728814179419738,222.062571552329,327.7879497277395,11.974273529999978,2083.996580979585,3.6909348614227535,-1.0781173119866398,True,60600.0
"B1 hold speed, raw yaw",S2,120,612.1193575968325,62.53323541373512,467.2647777377053,857.144981357624,12.692293160000164,978.8704415290553,13.259062037037038,13.25902037037037,True,
"B2 true speed, stop-bias yaw",S2,120,28.58551391378779,2.9202550920973236,19.86064386247952,36.58353654819352,10.294603401249939,978.8704415290553,0.0,0.0,True,
"E1 learned speed, stop-bias yaw",S2,120,333.2849176653874,34.04790905165918,203.67109493964182,380.5261766924404,10.294603401249939,978.8704415290553,5.8802579122547085,5.279412743549841,True,
"E2 learned speed, stop-bias yaw",S2,120,170.60405800903925,17.428665814297684,100.39611573566562,195.01623646245858,10.294603401249939,978.8704415290553,3.615060239241802,2.8147373824567463,True,
"E2 learned speed, raw yaw",S2,120,172.64409460437017,17.637073026200444,100.9210710976544,197.33166339074,12.692293160000164,978.8704415290553,3.615060239241802,2.8147373824567463,True,61200.0
"B1 hold speed, raw yaw",S2,120,10.318869827242528,1.4919914166427133,27.514408496874495,64.95670254730405,9.741286589999204,691.6172380175017,2.0504335648148153,1.3912252314814821,True,
"B2 true speed, stop-bias yaw",S2,120,27.426547635789678,3.96556738730327,12.292814898278662,27.977842988984932,7.343596831250709,691.6172380175017,0.0,0.0,True,
"E1 learned speed, stop-bias yaw",S2,120,93.69753760681216,13.547600096751943,90.18235903508997,176.1470037334389,7.343596831250709,691.6172380175017,4.151615812755017,4.055486735334645,True,
"E2 learned speed, stop-bias yaw",S2,120,53.434639964897855,7.726042242392123,71.82417929653772,146.2882136116674,7.343596831250709,691.6172380175017,3.3362170359280148,3.158537226132219,True,
"E2 learned speed, raw yaw",S2,120,50.87722493379399,7.356269065767056,72.2216171201727,146.38667099348177,9.741286589999204,691.6172380175017,3.3362170359280148,3.158537226132219,True,61800.0
"B1 hold speed, raw yaw",S2,120,119.8730325687381,18.44801004615567,67.68943383532431,119.8730325687381,8.641662409999647,649.7884176603542,1.8509662037037033,0.8889069444444441,True,
"B2 true speed, stop-bias yaw",S2,120,11.70406051416657,1.8012110090094449,5.7273061191224715,11.70406051416657,11.039352168749872,649.7884176603542,0.0,0.0,True,
"E1 learned speed, stop-bias yaw",S2,120,116.39801068894633,17.913217214312954,68.48999500146073,116.39801068894633,11.039352168749872,649.7884176603542,1.6965599612939966,1.2436675486081503,True,
"E2 learned speed, stop-bias yaw",S2,120,103.5627824158034,15.937923730418952,61.76069416937405,103.5627824158034,11.039352168749872,649.7884176603542,1.4094316464878067,1.100768263703956,True,
"E2 learned speed, raw yaw",S2,120,101.66749556814597,15.646246194140042,60.81720443038216,101.66749556814597,8.641662409999647,649.7884176603542,1.4094316464878067,1.100768263703956,True,62400.0
"B1 hold speed, raw yaw",S2,120,269.7589475077067,36.26822871401368,180.61908997968328,318.01632934810976,18.251286439999976,743.7885914827557,4.5047395833333335,-4.096191898148149,True,
"B2 true speed, stop-bias yaw",S2,120,95.37439306817538,12.822782462694787,62.79654865991311,111.11392344499856,18.251390924285563,743.7885914827557,0.0,0.0,True,
"E1 learned speed, stop-bias yaw",S2,120,82.67435680383142,11.115303158793902,65.32426215997742,117.92269306858249,18.251390924285563,743.7885914827557,1.4907323843440212,-0.5371404070388927,True,
"E2 learned speed, stop-bias yaw",S2,120,129.9272626010763,17.468305387968375,93.12843681508613,161.02537096536847,18.251390924285563,743.7885914827557,2.020057884739736,-1.6995074312313352,True,
"E2 learned speed, raw yaw",S2,120,129.92720071753845,17.468297067924407,93.12834561935182,161.02518577297056,18.251286439999976,743.7885914827557,2.020057884739736,-1.6995074312313352,True,63600.0
"B1 hold speed, raw yaw",S2,120,124.42862664890994,14.603047803487957,98.3314653768745,132.71302759989032,10.40028781000114,852.0729940991496,2.8743719907407415,2.774741898148149,True,
"B2 true speed, stop-bias yaw",S2,120,33.01465509349272,3.874627563850597,12.947558364039269,33.01465509349272,10.400392294285275,852.0729940991496,0.0,0.0,True,
"E1 learned speed, stop-bias yaw",S2,120,19.74533563768223,2.3173291225545647,17.832006351844317,37.45571261600378,10.400392294285275,852.0729940991496,1.3249099296279483,0.09868676225136316,True,
"E2 learned speed, stop-bias yaw",S2,120,13.284155213255358,1.559039578211251,24.873457400097948,33.96759432348819,10.400392294285275,852.0729940991496,1.203576860346136,0.5103919948404733,True,
"E2 learned speed, raw yaw",S2,120,13.284042956676481,1.559026403685165,24.873398896087476,33.967515272447514,10.40028781000114,852.0729940991496,1.203576860346136,0.5103919948404733,True,64200.0
"B1 hold speed, raw yaw",S2,120,252.40562027135644,24.22220522968408,158.10715317721994,267.9320443004871,5.74030199999908,1042.0422825995868,3.9375210648148156,-3.8771118055555567,True,
"B2 true speed, stop-bias yaw",S2,120,34.83597722025699,3.3430483390128423,21.264986976049464,37.06749366861162,6.3398995186657165,1042.0422825995868,0.0,0.0,True,
"E1 learned speed, stop-bias yaw",S2,120,51.37477819802668,4.930200919473424,28.709457300536094,51.37477819802668,6.3398995186657165,1042.0422825995868,1.4822752616760435,-0.25685154409478,True,
"E2 learned speed, stop-bias yaw",S2,120,73.03717889905582,7.0090417748548255,36.058211491725594,73.03717889905582,6.3398995186657165,1042.0422825995868,1.2150994304319016,-0.1784596017071228,True,
"E2 learned speed, raw yaw",S2,120,70.60025855786824,6.775181749990175,35.094755999772765,70.60025855786824,5.74030199999908,1042.0422825995868,1.2150994304319016,-0.1784596017071228,True,64800.0
"B1 hold speed, raw yaw",S2,120,164.6897938400444,16.9281118733347,143.2344310913777,247.06095242418638,5.166265409999589,972.8775132887981,4.098318518518519,3.888684259259259,True,
"B2 true speed, stop-bias yaw",S2,120,15.602808251352515,1.6037793081070864,10.95131328359735,19.055817938207305,5.76586292866559,972.8775132887981,0.0,0.0,True,
"E1 learned speed, stop-bias yaw",S2,120,72.34435249688536,7.436121352247761,72.52396028406237,128.07398498100557,5.76586292866559,972.8775132887981,2.183782464998407,1.784590567169207,True,
"E2 learned speed, stop-bias yaw",S2,120,69.10307300112022,7.102957161330443,65.64416466481438,114.8149655924073,5.76586292866559,972.8775132887981,1.8059120382685676,1.370396074098317,True,
"E2 learned speed, raw yaw",S2,120,69.71953812126208,7.166322293294272,65.237796321951,113.88612879108439,5.166265409999589,972.8775132887981,1.8059120382685676,1.370396074098317,True,65400.0
"B1 hold speed, raw yaw",S2,120,72.82214059157297,8.289435065049823,36.936598564496,77.00315937311126,4.365231809999844,878.4934078150629,2.366805324074074,-0.06503680555555519,True,
"B2 true speed, stop-bias yaw",S2,120,25.208500678453177,2.8695150645638057,12.76244329979836,25.92243474686769,4.964829328666558,878.4934078150629,0.0,0.0,True,
"E1 learned speed, stop-bias yaw",S2,120,71.4843099382046,8.137148133643503,40.28860047127811,77.76122100468936,4.964829328666558,878.4934078150629,1.9420432298193455,-0.40535207333310874,True,
"E2 learned speed, stop-bias yaw",S2,120,71.97357386963479,8.192841657018603,38.4724028140741,75.63855822654469,4.964829328666558,878.4934078150629,1.7846610216782426,-0.7471409410138725,True,
"E2 learned speed, raw yaw",S2,120,71.38669115772754,8.126036066141499,37.98885594135212,74.69238869155262,4.365231809999844,878.4934078150629,1.7846610216782426,-0.7471409410138725,True,66000.0
"B1 hold speed, raw yaw",S2,120,171.40277331309957,17.402427446630643,114.51435666419961,181.934052331152,0.8262570799993945,984.9360029728817,2.415950231481481,-1.7669256944444443,True,
"B2 true speed, stop-bias yaw",S2,120,23.171520310403455,2.3525914618273367,13.791291363070005,23.171520310403455,1.4258545986658533,984.9360029728817,0.0,0.0,True,
"E1 learned speed, stop-bias yaw",S2,120,43.10120667320102,4.376041341072566,57.66102602952967,75.982193728175,1.4258545986658533,984.9360029728817,1.6812817261777036,-0.5888215640906503,True,
"E2 learned speed, stop-bias yaw",S2,120,75.85742825732937,7.701762147831443,70.1121634038284,87.99245979382808,1.4258545986658533,984.9360029728817,1.5321706230317462,-0.9546905196484158,True,
"E2 learned speed, raw yaw",S2,120,77.08296180710875,7.82618988182434,70.78571702056831,89.63433292928327,0.8262570799993945,984.9360029728817,1.5321706230317462,-0.9546905196484158,True,66600.0
"B1 hold speed, raw yaw",S2,120,97.02841857225819,9.871025890060771,87.44446752484636,130.14197008270588,4.503712219999995,982.9618486763065,1.5429532407407411,1.390197222222223,True,
"B2 true speed, stop-bias yaw",S2,120,19.60027986503046,1.9940020959536664,9.389225710924508,19.87859071824905,3.904114701333689,982.9618486763065,0.0,0.0,True,
"E1 learned speed, stop-bias yaw",S2,120,69.73021562719971,7.093888305136263,59.72949749977598,88.71709791430492,3.904114701333689,982.9618486763065,1.6007307346637518,0.9557319076468402,True,
"E2 learned speed, stop-bias yaw",S2,120,87.34740115335896,8.886143574237826,68.01402465392069,97.55528930542044,3.904114701333689,982.9618486763065,1.3378416011265997,0.7341008740006919,True,
"E2 learned speed, raw yaw",S2,120,88.86215877461763,9.040244938731117,68.61968637146904,99.22012431837871,4.503712219999995,982.9618486763065,1.3378416011265997,0.7341008740006919,True,67200.0
"B1 hold speed, raw yaw",S2,120,51.199260354239335,6.182090051734798,109.2051747617448,169.94691544587235,7.127576939999906,828.186906463324,4.069164120370371,-1.937735416666667,True,
"B2 true speed, stop-bias yaw",S2,120,26.98375804705685,3.2581725014571714,21.196759641079222,29.710739835685867,6.527979421334261,828.186906463324,0.0,0.0,True,
"E1 learned speed, stop-bias yaw",S2,120,29.651876943023385,3.580336360260546,21.258708128344434,32.6688213226501,6.527979421334261,828.186906463324,1.6114863145758427,-0.8407829790670829,True,
"E2 learned speed, stop-bias yaw",S2,120,45.65515796620737,5.512663579912465,25.854407227504904,45.65515796620737,6.527979421334261,828.186906463324,1.5443308496453925,-1.0971963602481647,True,
"E2 learned speed, raw yaw",S2,120,44.74228479063443,5.402438077861091,26.517981349849254,44.74228479063443,7.127576939999906,828.186906463324,1.5443308496453925,-1.0971963602481647,True,67800.0
"B1 hold speed, raw yaw",S2,120,762.0958318744629,61.93812498907124,342.49593620729013,762.0958318744629,4.163607119999499,1230.4147599058447,7.800825,-6.159027314814815,True,
"B2 true speed, stop-bias yaw",S2,120,51.91469185969056,4.219283899330275,20.061475685124485,51.91469185969056,3.5640096013349227,1230.4147599058447,0.0,0.0,True,
"E1 learned speed, stop-bias yaw",S2,120,224.8296182485628,18.272669149853787,94.11181391854299,224.8296182485628,3.5640096013349227,1230.4147599058447,2.1981551795984386,-1.979550128430013,True,
"E2 learned speed, stop-bias yaw",S2,120,231.41028378520298,18.807502260693887,98.44352725533183,231.41028378520298,3.5640096013349227,1230.4147599058447,2.126942931758787,-2.0666389963092486,True,
"E2 learned speed, raw yaw",S2,120,233.62069184516795,18.987149655376808,99.36279801379192,233.62069184516795,4.163607119999499,1230.4147599058447,2.126942931758787,-2.0666389963092486,True,68400.0
"B1 hold speed, raw yaw",S2,120,155.71564636020813,8.606348554139972,84.69535999098215,155.7684140531908,4.894741159999961,1809.3114098348146,1.238138194444446,-1.1968340277777794,True,
"B2 true speed, stop-bias yaw",S2,120,71.32781473283623,3.94226302587393,34.44631048021459,71.32781473283623,4.798786053280033,1809.3114098348146,0.0,0.0,True,
"E1 learned speed, stop-bias yaw",S2,120,263.71670861776977,14.57552896556632,135.6440245329452,263.71670861776977,4.798786053280033,1809.3114098348146,2.1777151643577,-2.1594992382738725,True,
"E2 learned speed, stop-bias yaw",S2,120,203.93779222267918,11.271569455326551,97.16619152857541,203.93779222267918,4.798786053280033,1809.3114098348146,1.7487691818000166,-1.6185555940238248,True,
"E2 learned speed, raw yaw",S2,120,204.4762510358895,11.301329882983364,97.41261585572266,204.4762510358895,4.894741159999961,1809.3114098348146,1.7487691818000166,-1.6185555940238248,True,69000.0
"B1 hold speed, raw yaw",S2,120,95.00225897715322,6.015852338319567,42.58751765204618,95.00225897715322,1.7487715999999436,1579.1986510707907,1.9852847222222223,0.8952777777777783,True,
"B2 true speed, stop-bias yaw",S2,120,25.24551997077164,1.5986285166627816,11.901812350908784,25.24551997077164,1.6528164932798617,1579.1986510707907,0.0,0.0,True,
"E1 learned speed, stop-bias yaw",S2,120,75.76470490250495,4.797667782399128,72.0508128674838,118.49695456732717,1.6528164932798617,1579.1986510707907,1.7649352257233348,-0.6232510629377631,True,
"E2 learned speed, stop-bias yaw",S2,120,68.1863980458209,4.317784719457965,65.45969347052628,100.88743603680904,1.6528164932798617,1579.1986510707907,1.3934381957109456,-0.5422788439536151,True,
"E2 learned speed, raw yaw",S2,120,68.39179055303859,4.330790841713605,65.59168952562274,101.05488421730249,1.7487715999999436,1579.1986510707907,1.3934381957109456,-0.5422788439536151,True,69600.0
"B1 hold speed, raw yaw",S2,120,251.62498149734728,19.824245288851742,139.7535384492913,253.1723905274856,4.900239430000259,1269.2789956490792,2.8574497685185176,2.4309530092592575,True,
"B2 true speed, stop-bias yaw",S2,120,24.725129600746268,1.9479664979488944,6.376640671642363,24.725129600746268,4.996194536720138,1269.2789956490792,0.0,0.0,True,
"E1 learned speed, stop-bias yaw",S2,120,75.9656837702705,5.98494767743505,36.57970843816837,75.9656837702705,4.996194536720138,1269.2789956490792,1.9387719914649848,0.6536985246237442,True,
"E2 learned speed, stop-bias yaw",S2,120,166.46716520396063,13.11509650554276,84.23342847540563,166.46716520396063,4.996194536720138,1269.2789956490792,2.092147192339919,1.5971788756017509,True,
"E2 learned speed, raw yaw",S2,120,166.22104193090897,13.095705711722385,84.20976420581711,166.22104193090897,4.900239430000259,1269.2789956490792,2.092147192339919,1.5971788756017509,True,70200.0
"B1 hold speed, raw yaw",S2,120,169.21718983991758,14.254247520555985,104.23381506965669,169.21718983991758,8.638307390000463,1187.1352001983287,2.5658877314814816,1.5109025462962973,True,
"B2 true speed, stop-bias yaw",S2,120,68.22254698751638,5.74682201118447,29.012574238015898,68.22254698751638,8.734262496719271,1187.1352001983287,0.0,0.0,True,
"E1 learned speed, stop-bias yaw",S2,120,44.94071717318922,3.785644395489343,22.807303917009445,44.94071717318922,8.734262496719271,1187.1352001983287,1.755205701992882,0.07260505690924984,True,
"E2 learned speed, stop-bias yaw",S2,120,50.65022832338559,4.2665930818093605,17.67444150442282,50.65022832338559,8.734262496719271,1187.1352001983287,1.3300725132066884,-0.15171967157042937,True,
"E2 learned speed, raw yaw",S2,120,49.85812063789899,4.199868779021079,17.439458795276618,49.85812063789899,8.638307390000463,1187.1352001983287,1.3300725132066884,-0.15171967157042937,True,70800.0
"B1 hold speed, raw yaw",S2,120,487.3109978556179,44.905378647877264,264.40711005846305,487.3239138333951,7.619254389999839,1085.1951648750962,4.962719675925927,4.962719675925927,True,
"B2 true speed, stop-bias yaw",S2,120,39.910662269861554,3.677740517251124,19.037299692870892,40.76408566168065,7.715209496719719,1085.1951648750962,0.0,0.0,True,
"E1 learned speed, stop-bias yaw",S2,120,116.25983471753214,10.713265086369365,66.10652552039025,118.0752658767801,7.715209496719719,1085.1951648750962,1.8064939877914883,0.973128518689744,True,
"E2 learned speed, stop-bias yaw",S2,120,20.505428882226678,1.8895613937412643,20.106747484458104,29.683226439895545,7.715209496719719,1085.1951648750962,1.3267042718179136,-0.2768878470070277,True,
"E2 learned speed, raw yaw",S2,120,19.934969369933192,1.836993935761561,20.04796517223581,29.577296152432304,7.619254389999839,1085.1951648750962,1.3267042718179136,-0.2768878470070277,True,71400.0
"B1 hold speed, raw yaw",S2,120,196.70602448279158,29.329563171658087,71.0599757095502,196.70602448279158,4.824328029999404,670.6749204941234,4.852450925925926,4.586150925925926,True,
"B2 true speed, stop-bias yaw",S2,120,6.9153600826558765,1.0311046188458854,8.180636381734448,13.779665121590625,4.9202831367197915,670.6749204941234,0.0,0.0,True,
"E1 learned speed, stop-bias yaw",S2,120,69.86397702988783,10.41696578998588,36.099685377440494,69.86397702988783,4.9202831367197915,670.6749204941234,1.4128773374753625,0.3967794636703446,True,
"E2 learned speed, stop-bias yaw",S2,120,56.613781390362945,8.441314809960753,29.176542614087296,56.613781390362945,4.9202831367197915,670.6749204941234,1.1688046444240103,0.4514125020614619,True,
"E2 learned speed, raw yaw",S2,120,56.62480796527778,8.44295891123514,29.194200034886894,56.62480796527778,4.824328029999404,670.6749204941234,1.1688046444240103,0.4514125020614619,True,72000.0
"B1 hold speed, raw yaw",S2,120,578.7988241740759,323.3259845002361,284.96711565525294,578.7988241740759,0.7387314299995427,179.01401431398202,5.523007638888887,5.521369212962962,True,
"B2 true speed, stop-bias yaw",S2,120,13.054961697666036,7.292703729199803,11.633357282530268,13.063530901472047,0.6188424008518593,179.01401431398202,0.0,0.0,True,
"E1 learned speed, stop-bias yaw",S2,120,75.7166661277275,42.296501990578285,65.65992133348193,75.81125042618393,0.6188424008518593,179.01401431398202,0.829453253581015,0.659243842954349,True,
"E2 learned speed, stop-bias yaw",S2,120,67.75398572115792,37.84842543239138,58.23896628448445,67.84118965075521,0.6188424008518593,179.01401431398202,0.7526509079162346,0.5405452532596615,True,
"E2 learned speed, raw yaw",S2,120,67.74855690702691,37.84539281276558,58.233136199948596,67.83583344094068,0.7387314299995427,179.01401431398202,0.7526509079162346,0.5405452532596615,True,72600.0
"B1 hold speed, raw yaw",S2,120,77.31091038825039,8.040274003211211,84.56472391049577,162.63033513494955,8.05564257000068,961.5457179366417,2.968265740740741,0.6160319444444445,True,
"B2 true speed, stop-bias yaw",S2,120,43.24896156700484,4.4978580591895065,20.318692340211495,43.52807736331255,9.310427020927774,961.5457179366417,0.0,0.0,True,
"E1 learned speed, stop-bias yaw",S2,120,111.96763961810244,11.644546642916902,62.35026910373643,123.20570421972278,9.310427020927774,961.5457179366417,2.2123416232762128,-1.0215412899165888,True,
"E2 learned speed, stop-bias yaw",S2,120,67.85616521451213,7.056987925662346,40.008012739491186,77.26180163776377,9.310427020927774,961.5457179366417,1.6657753171762022,-0.7310295928127033,True,
"E2 learned speed, raw yaw",S2,120,62.799300210084844,6.531077934062707,37.81429233962202,73.24238421665152,8.05564257000068,961.5457179366417,1.6657753171762022,-0.7310295928127033,True,74400.0
"B1 hold speed, raw yaw",S2,120,561.826569549591,45.192773804661435,382.1079573176514,596.8745447829157,10.254687530000616,1243.177884982225,7.458341898148148,-7.132281712962963,True,
"B2 true speed, stop-bias yaw",S2,120,55.64363357141759,4.475918872399599,28.308574607342244,55.64363357141759,11.682521631595472,1243.177884982225,0.0,0.0,True,
"E1 learned speed, stop-bias yaw",S2,120,221.0970422547699,17.784827491355443,160.75802392932263,251.8499593223689,11.682521631595472,1243.177884982225,3.2990845351322418,-2.588434495328863,True,
"E2 learned speed, stop-bias yaw",S2,120,199.24254237826491,16.026873127743396,136.59901616431225,226.2664951406599,11.682521631595472,1243.177884982225,2.825610099286116,-2.573658298172727,True,
"E2 learned speed, raw yaw",S2,120,200.35979225015967,16.116743602869384,137.0829111306356,226.33015300156262,10.254687530000616,1243.177884982225,2.825610099286116,-2.573658298172727,True,75000.0
"B1 hold speed, raw yaw",S2,120,257.0324795465725,23.977727572754095,202.25601486956404,257.0324795465725,17.11571232000008,1071.9634659567935,3.5936662037037026,-0.905238888888889,True,
"B2 true speed, stop-bias yaw",S2,120,7.517048767441567,0.7012411342519158,18.60488762013674,33.359923664851614,18.51157998648494,1071.9634659567935,0.0,0.0,True,
"E1 learned speed, stop-bias yaw",S2,120,146.41568054221037,13.65864464527486,130.12743940576453,163.15000143232817,18.51157998648494,1071.9634659567935,2.3324809836941864,-1.024612489805298,True,
"E2 learned speed, stop-bias yaw",S2,120,118.18686495734522,11.025269863264992,104.81938424739437,130.88797806619104,18.51157998648494,1071.9634659567935,1.8990275356909123,-0.8443781550439504,True,
"E2 learned speed, raw yaw",S2,120,118.9366692171355,11.095216674290032,105.442532280792,130.9159390724368,17.11571232000008,1071.9634659567935,1.8990275356909123,-0.8443781550439504,True,75600.0
"B1 hold speed, raw yaw",S2,120,449.33960576906014,39.83949436425279,166.14849599035392,449.33960576906014,12.03463964000362,1127.8747708511178,4.50340162037037,-1.3557784722222233,True,
"B2 true speed, stop-bias yaw",S2,120,132.95060308263922,11.787709639281312,41.939854251928054,132.95060308263922,13.430507306485426,1127.8747708511178,0.0,0.0,True,
"E1 learned speed, stop-bias yaw",S2,120,205.0620336709955,18.181276766768303,77.34766889289791,205.0620336709955,13.430507306485426,1127.8747708511178,1.8834006584873846,-0.4997145817697445,True,
"E2 learned speed, stop-bias yaw",S2,120,217.9376290396905,19.322856993709525,78.3610714316528,217.9376290396905,13.430507306485426,1127.8747708511178,2.454012604887254,-1.8411134307420491,True,
"E2 learned speed, raw yaw",S2,120,211.18811877752765,18.724429718217802,76.56407481758701,211.18811877752765,12.03463964000362,1127.8747708511178,2.454012604887254,-1.8411134307420491,True,76200.0
"B1 hold speed, raw yaw",S2,120,398.5382486463025,29.56596173308214,338.23495067539193,513.8491240154234,6.984635960000172,1347.9630808030422,5.974296527777778,-2.6710405092592597,True,
"B2 true speed, stop-bias yaw",S2,120,72.93778794173977,5.4109633253670015,42.46927887010511,72.93778794173977,8.38050362648488,1347.9630808030422,0.0,0.0,True,
"E1 learned speed, stop-bias yaw",S2,120,235.46119353554076,17.46792600545602,184.1825472851958,274.4598809376229,8.38050362648488,1347.9630808030422,3.1522215700814473,-1.6815547006963956,True,
"E2 learned speed, stop-bias yaw",S2,120,131.16222691906447,9.730402025619666,110.40581096127062,161.63046788408053,8.38050362648488,1347.9630808030422,2.0659845492869437,-0.6071889970205703,True,
"E2 learned speed, raw yaw",S2,120,120.9644126584978,8.97386689451716,106.35984698128625,155.74424780902302,6.984635960000172,1347.9630808030422,2.0659845492869437,-0.6071889970205703,True,76800.0
"B1 hold speed, raw yaw",S2,120,354.4195963746588,43.04162901919288,430.29801051345214,697.4250721980958,4.73366788000006,823.4344388234423,11.294148611111108,11.28589444444444,True,
"B2 true speed, stop-bias yaw",S2,120,32.78014458709602,3.980905223484904,21.08358712922783,43.10691733605501,6.129535546485124,823.4344388234423,0.0,0.0,True,
"E1 learned speed, stop-bias yaw",S2,120,134.84526962197037,16.375956999642007,100.37295590278782,144.66456769367494,6.129535546485124,823.4344388234423,3.043757265445648,1.997477005360316,True,
"E2 learned speed, stop-bias yaw",S2,120,106.08535491365895,12.883278851591166,68.90593167933908,111.5357190608074,6.129535546485124,823.4344388234423,2.295170736612694,1.069244642516291,True,
"E2 learned speed, raw yaw",S2,120,104.59272515383807,12.702010047488972,68.05111535695895,109.5799961364475,4.73366788000006,823.4344388234423,2.295170736612694,1.069244642516291,True,77400.0
"B1 hold speed, raw yaw",S2,120,132.32485039978772,23.236687073502868,105.44871374676747,153.05504472027857,9.48573164000042,569.4652167118938,2.304719907407408,2.275852777777778,True,
"B2 true speed, stop-bias yaw",S2,120,11.816869343488342,2.0750818481450435,14.509226639489468,25.5680309641826,10.981935927299581,569.4652167118938,0.0,0.0,True,
"E1 learned speed, stop-bias yaw",S2,120,67.8922858572078,11.92211286392864,69.70481800702397,96.07307805055238,10.981935927299581,569.4652167118938,1.9161189998070582,0.44569898371451644,True,
"E2 learned speed, stop-bias yaw",S2,120,60.63470173239826,10.647656775685883,65.43330758632057,92.71101498761112,10.981935927299581,569.4652167118938,1.8495308749595187,0.23916200723813064,True,
"E2 learned speed, raw yaw",S2,120,66.01434152455877,11.592339547220673,66.76399774480535,93.888062160051,9.48573164000042,569.4652167118938,1.8495308749595187,0.23916200723813064,True,78000.0
"B1 hold speed, raw yaw",S2,120,150.4984117244552,24.436384930710975,78.75217637843751,150.4984117244552,11.539733980000163,615.8783803381365,2.517753472222222,-1.1810321759259257,True,
"B2 true speed, stop-bias yaw",S2,120,32.64076311783883,5.299871559043529,19.996107727790378,38.99602815383215,13.035938267299676,615.8783803381365,0.0,0.0,True,
"E1 learned speed, stop-bias yaw",S2,120,36.396733758063924,5.909727459191047,38.940824168168476,68.56378175281003,13.035938267299676,615.8783803381365,1.7722370124784383,0.48550453924752884,True,
"E2 learned speed, stop-bias yaw",S2,120,22.080735449755,3.5852428262917733,27.891418875185554,53.24951873349766,13.035938267299676,615.8783803381365,1.5763982071989957,0.46737348334621337,True,
"E2 learned speed, raw yaw",S2,120,21.107861422757363,3.427277543200735,27.50259725749907,51.42061867112627,11.539733980000163,615.8783803381365,1.5763982071989957,0.46737348334621337,True,78600.0
"B1 hold speed, raw yaw",S2,120,386.6304882035002,37.944520494129605,279.3364354227495,475.27975679867103,5.170740890000363,1018.9362868963275,6.711526388888889,-6.161833333333334,True,
"B2 true speed, stop-bias yaw",S2,120,73.22406174993802,7.186323884192797,43.42387857283828,80.18699287605597,6.318943862941194,1018.9362868963275,0.0,0.0,True,
"E1 learned speed, stop-bias yaw",S2,120,123.76028816122061,12.14602814256361,83.00935081707583,142.74747757329163,6.318943862941194,1018.9362868963275,1.47889098910009,-0.6286480742164707,True,
"E2 learned speed, stop-bias yaw",S2,120,74.19989746702485,7.282093926896764,49.44799351978822,89.10030499885794,6.318943862941194,1018.9362868963275,0.9924629750019206,-0.028685487624477847,True,
"E2 learned speed, raw yaw",S2,120,68.73554271224212,6.745813609368068,46.354138653080035,82.54260739885154,5.170740890000363,1018.9362868963275,0.9924629750019206,-0.028685487624477847,True,79200.0
"B1 hold speed, raw yaw",S2,120,208.3420654750387,18.10959494664207,90.9914711198526,208.3420654750387,2.8023726400001046,1150.451272316668,3.3544263888888888,0.5301314814814821,True,
"B2 true speed, stop-bias yaw",S2,120,22.497625929941833,1.9555479203076787,13.680414296053183,22.513537887486272,1.0693568612764728,1150.451272316668,0.0,0.0,True,
"E1 learned speed, stop-bias yaw",S2,120,18.264034425702107,1.5875539334163846,22.30782083908688,35.37096579816891,1.0693568612764728,1150.451272316668,1.0858334731405452,-0.7957671294989354,True,
"E2 learned speed, stop-bias yaw",S2,120,24.03428980353986,2.0891184513310086,27.859901058692056,51.94246845315249,1.0693568612764728,1150.451272316668,1.3540035420206717,-0.9991121690947705,True,
"E2 learned speed, raw yaw",S2,120,18.300030752592825,1.5906828209891917,26.95806917864588,51.32714377800288,2.8023726400001046,1150.451272316668,1.3540035420206717,-0.9991121690947705,True,79800.0
"B1 hold speed, raw yaw",S2,120,458.34627711851977,60.560008535031876,308.1646946160017,458.34627711851977,1.0995314199997765,756.8464539653793,6.513819444444445,6.417157870370371,True,
"B2 true speed, stop-bias yaw",S2,120,8.644322716892026,1.1421501245862278,7.123792852487233,9.368075328631877,0.6334843587220228,756.8464539653793,0.0,0.0,True,
"E1 learned speed, stop-bias yaw",S2,120,23.09262312252874,3.0511635486350674,15.305945754503664,35.586247900018584,0.6334843587220228,756.8464539653793,1.8357753609038832,0.1689522066101129,True,
"E2 learned speed, stop-bias yaw",S2,120,60.818943380403724,8.035836471420634,48.93905453587669,73.56153608981946,0.6334843587220228,756.8464539653793,1.6385319924978687,1.0390224022404224,True,
"E2 learned speed, raw yaw",S2,120,63.87819428934388,8.440046716829288,50.36255659143156,75.30004598203382,1.0995314199997765,756.8464539653793,1.6385319924978687,1.0390224022404224,True,80400.0
"B1 hold speed, raw yaw",S2,120,94.36163373717598,10.578984743438395,64.18319051550436,94.5939275987439,0.4645734900001207,891.9724909869417,3.6451960648148147,-1.130596990740741,True,
"B2 true speed, stop-bias yaw",S2,120,14.859258169412454,1.665887493118887,6.0914550806287835,14.859258169412454,2.474956019075429,891.9724909869417,0.0,0.0,True,
"E1 learned speed, stop-bias yaw",S2,120,101.65451208501351,11.396597217088582,58.23535425804377,108.40333379548805,2.474956019075429,891.9724909869417,2.2159629655346516,-1.1576023365919283,True,
"E2 learned speed, stop-bias yaw",S2,120,93.05458863733469,10.432450504653175,41.08659765238388,93.10782479923292,2.474956019075429,891.9724909869417,1.995949388685101,-1.0364826795875055,True,
"E2 learned speed, raw yaw",S2,120,92.55676289799466,10.376638722970402,40.76015907055181,92.94346242504656,0.4645734900001207,891.9724909869417,1.995949388685101,-1.0364826795875055,True,81000.0
"B1 hold speed, raw yaw",S2,120,22.798269567469887,2.1415466743324743,30.89749836221211,60.440292968513965,0.027290399999909964,1064.570286546576,2.0174951388888887,-0.5202150462962961,True,
"B2 true speed, stop-bias yaw",S2,120,6.808223528074497,0.6395278558976228,3.616936043518039,6.808223528074497,1.7794469763698708,1064.570286546576,0.0,0.0,True,
"E1 learned speed, stop-bias yaw",S2,120,99.09292753542219,9.308255996593305,72.85490632358233,99.09292753542219,1.7794469763698708,1064.570286546576,1.9023224153833378,-0.8329458277088087,True,
"E2 learned speed, stop-bias yaw",S2,120,137.81912708113984,12.94598664107183,102.6127008413408,137.81912708113984,1.7794469763698708,1064.570286546576,2.56889206109213,-2.258201092137941,True,
"E2 learned speed, raw yaw",S2,120,135.3715713770189,12.716076438330715,102.53635466112162,136.55485432029917,0.027290399999909964,1064.570286546576,2.56889206109213,-2.258201092137941,True,81600.0
"B1 hold speed, raw yaw",S2,120,48.17343587611348,4.776291153103303,37.59838611452178,65.51692925162578,7.183740999999982,1008.5950443957697,2.0393701388888887,-1.4417659722222218,True,
"B2 true speed, stop-bias yaw",S2,120,39.607134403674316,3.926961035923214,15.116838523501531,39.607134403674316,8.482670410583218,1008.5950443957697,0.0,0.0,True,
"E1 learned speed, stop-bias yaw",S2,120,46.94380715694517,4.654376146084311,21.40256440210415,46.94380715694517,8.482670410583218,1008.5950443957697,1.5586964654118916,0.38424668478320934,True,
"E2 learned speed, stop-bias yaw",S2,120,45.71260442266652,4.532305078898349,21.016262443066697,45.71260442266652,8.482670410583218,1008.5950443957697,1.1846322797418065,0.3613480357143327,True,
"E2 learned speed, raw yaw",S2,120,39.06125961742624,3.872838740827554,18.574189517169778,39.06125961742624,7.183740999999982,1008.5950443957697,1.1846322797418065,0.3613480357143327,True,82200.0
"B1 hold speed, raw yaw",S2,120,233.74840521903516,25.553714017227577,136.1374204527948,233.74840521903516,10.22570589000004,914.7335884773881,2.666789351851852,2.6452046296296303,True,
"B2 true speed, stop-bias yaw",S2,120,67.85904492782277,7.418449019760709,33.76568884658963,67.85904492782277,11.691158460999771,914.7335884773881,0.0,0.0,True,
"E1 learned speed, stop-bias yaw",S2,120,51.189881252951366,5.596151917648398,27.264472122837912,51.189881252951366,11.691158460999771,914.7335884773881,1.1593866000004005,-0.1171162985641726,True,
"E2 learned speed, stop-bias yaw",S2,120,61.14703675032867,6.684682569939346,31.892457119447034,61.14703675032867,11.691158460999771,914.7335884773881,1.0437669453344318,-0.31631577675394545,True,
"E2 learned speed, raw yaw",S2,120,54.26874491182442,5.932737749595157,28.637556863086246,54.26874491182442,10.22570589000004,914.7335884773881,1.0437669453344318,-0.31631577675394545,True,82800.0
"B1 hold speed, raw yaw",S2,120,57.22690983235333,6.160190320345399,30.171692512496893,63.83882750395922,5.510733510000179,928.9795745976992,2.5017037037037038,-0.8313013888888892,True,
"B2 true speed, stop-bias yaw",S2,120,49.30400655500836,5.30732945085039,19.47756081357649,49.30400655500836,7.9735561811891165,928.9795745976992,0.0,0.0,True,
"E1 learned speed, stop-bias yaw",S2,120,68.88689607677865,7.415329460457792,35.93447918927374,68.88689607677865,7.9735561811891165,928.9795745976992,1.1827225980256177,0.4638439000699405,True,
"E2 learned speed, stop-bias yaw",S2,120,61.68348361971963,6.639918175427277,33.004026416479476,61.68348361971963,7.9735561811891165,928.9795745976992,1.009499362022246,0.39857444330873987,True,
"E2 learned speed, raw yaw",S2,120,53.40259229444689,5.7485216849437455,31.12670050915263,53.40259229444689,5.510733510000179,928.9795745976992,1.009499362022246,0.39857444330873987,True,83400.0
"B1 hold speed, raw yaw",S2,120,88.03161057101669,8.744255295118965,60.798806662442516,91.47535791416314,0.5027335199997223,1006.7365098564294,2.1067217592592593,0.9687412037037031,True,
"B2 true speed, stop-bias yaw",S2,120,5.769331643281469,0.5730726547410339,6.155753633673653,10.618946319073634,2.3868868255716347,1006.7365098564294,0.0,0.0,True,
"E1 learned speed, stop-bias yaw",S2,120,89.1308484668009,8.853443537029548,58.095204277163404,89.1308484668009,2.3868868255716347,1006.7365098564294,1.5342402405395248,0.7481679989845016,True,
"E2 learned speed, stop-bias yaw",S2,120,69.76402633297106,6.929720502827507,50.01611001944855,70.87934020065933,2.3868868255716347,1006.7365098564294,1.3596949436341599,0.9352784315757094,True,
"E2 learned speed, raw yaw",S2,120,68.13278339565156,6.7676877443699714,51.12897655512945,71.05149416314798,0.5027335199997223,1006.7365098564294,1.3596949436341599,0.9352784315757094,True,84000.0
"B1 hold speed, raw yaw",S2,120,571.1647303896546,43.27590800656241,317.5129952724605,571.1647303896546,4.981272999999838,1319.8214819733937,5.520404166666667,-5.204317592592593,True,
"B2 true speed, stop-bias yaw",S2,120,51.82956839638212,3.927013547232667,24.53989210062043,51.82956839638212,3.5158407453888905,1319.8214819733937,0.0,0.0,True,
"E1 learned speed, stop-bias yaw",S2,120,296.044868852121,22.43067512505369,178.27300185264446,297.2442715561938,3.5158407453888905,1319.8214819733937,3.074518398931234,-2.7213373300782213,True,
"E2 learned speed, stop-bias yaw",S2,120,255.78826386075679,19.38051981683938,159.75822836141452,260.3590774995616,3.5158407453888905,1319.8214819733937,2.6750446525324856,-2.337498274783233,True,
"E2 learned speed, raw yaw",S2,120,260.44243761923553,19.73315642883935,161.08410353862152,264.34217787947347,4.981272999999838,1319.8214819733937,2.6750446525324856,-2.337498274783233,True,85200.0
"B1 hold speed, raw yaw",S2,120,81.43258251101588,6.298415976844185,53.605765079971825,108.7005504748909,3.952252440000043,1292.9057529766014,2.4021344907407407,-0.22056134259259272,True,
"B2 true speed, stop-bias yaw",S2,120,14.738466352975598,1.1399490116772903,10.762368586476855,14.738466352975598,1.4894890707027255,1292.9057529766014,0.0,0.0,True,
"E1 learned speed, stop-bias yaw",S2,120,119.45735052313518,9.239447674210872,62.05714204231481,119.99995386910085,1.4894890707027255,1292.9057529766014,1.9733510075806173,-1.118933239741018,True,
"E2 learned speed, stop-bias yaw",S2,120,44.90193733076565,3.472947446276718,31.47399069287379,58.493041535864116,1.4894890707027255,1292.9057529766014,1.6152722132551338,0.0008601065319953823,True,
"E2 learned speed, raw yaw",S2,120,50.2063278767886,3.883216372206615,38.06292522297612,72.56466120414309,3.952252440000043,1292.9057529766014,1.6152722132551338,0.0008601065319953823,True,85800.0
"B1 hold speed, raw yaw",S2,120,128.99522564649536,10.931998740659601,96.23906290159657,128.99522564649536,2.7553086800000637,1179.9784166341042,2.3706923611111113,0.3346145833333342,True,
"B2 true speed, stop-bias yaw",S2,120,9.923982177106266,0.8410308220225322,9.075449074077023,10.94189829391934,0.2925453107026448,1179.9784166341042,0.0,0.0,True,
"E1 learned speed, stop-bias yaw",S2,120,117.14635072731681,9.927838431272118,115.61240228537065,142.76216768943883,0.2925453107026448,1179.9784166341042,1.933233258239562,-1.2729075050075922,True,
"E2 learned speed, stop-bias yaw",S2,120,68.26396548694956,5.785187637725861,71.01222974308817,90.65660827667496,0.2925453107026448,1179.9784166341042,1.640503205097591,-1.3015604438108312,True,
"E2 learned speed, raw yaw",S2,120,59.87422306065282,5.074179511812124,67.80990154965089,91.42889409065684,2.7553086800000637,1179.9784166341042,1.640503205097591,-1.3015604438108312,True,86400.0
"B1 hold speed, raw yaw",S2,120,112.49991387142339,12.061566741579997,135.78800220729676,204.40576268061875,0.8443428300003011,932.7139357742057,3.154389583333333,-2.1561937499999995,True,
"B2 true speed, stop-bias yaw",S2,120,22.240717548559306,2.384516484156339,9.884402211982813,22.240717548559306,2.0674829675713533,932.7139357742057,0.0,0.0,True,
"E1 learned speed, stop-bias yaw",S2,120,53.866604782532995,5.775254632367067,52.395211100760676,78.0346703466048,2.0674829675713533,932.7139357742057,1.5215450079519104,-0.5763890812319119,True,
"E2 learned speed, stop-bias yaw",S2,120,70.98537402648657,7.610626506568133,82.98900036153128,120.95801334106037,2.0674829675713533,932.7139357742057,1.9219615387613058,-1.3767149794252076,True,
"E2 learned speed, raw yaw",S2,120,72.47343621363105,7.770167618807364,84.24927072220987,123.77343599204613,0.8443428300003011,932.7139357742057,1.9219615387613058,-1.3767149794252076,True,87000.0
"B1 hold speed, raw yaw",S2,120,164.8758255920829,21.29234522731661,101.53922140002497,164.8758255920829,4.956688460000513,774.3431915642556,2.7110006944444445,2.3802530092592593,True,
"B2 true speed, stop-bias yaw",S2,120,50.66478438877082,6.542936638523621,24.59535796002331,50.66478438877082,7.868514257571913,774.3431915642556,0.0,0.0,True,
"E1 learned speed, stop-bias yaw",S2,120,157.7968107124448,20.378149176165476,83.79312746116268,160.79900132399808,7.868514257571913,774.3431915642556,2.4986334008673867,1.7010496881244552,True,
"E2 learned speed, stop-bias yaw",S2,120,146.21392114064466,18.882315068242157,65.71700273093667,146.21392114064466,7.868514257571913,774.3431915642556,2.164396646452364,1.592077972955101,True,
"E2 learned speed, raw yaw",S2,120,147.04739875849822,18.989951788876304,66.2549738313958,147.04739875849822,4.956688460000513,774.3431915642556,2.164396646452364,1.592077972955101,True,87600.0
"B1 hold speed, raw yaw",S2,120,392.8960349373457,37.17497392345637,264.4837356421191,392.8960349373457,5.454686789999877,1056.8831487180662,4.729121296296296,1.5870486111111104,True,
"B2 true speed, stop-bias yaw",S2,120,82.13214902462695,7.771166483659822,35.54226706265502,82.13214902462695,9.615917781823386,1056.8831487180662,0.0,0.0,True,
"E1 learned speed, stop-bias yaw",S2,120,239.8280996740299,22.69201661176323,156.60464555035827,239.8280996740299,9.615917781823386,1056.8831487180662,3.5244779246915483,0.23756291536590046,True,
"E2 learned speed, stop-bias yaw",S2,120,227.61275475854498,21.53622706868069,173.80129671813526,251.64617436635115,9.615917781823386,1056.8831487180662,3.120658255470308,1.194812761413403,True,
"E2 learned speed, raw yaw",S2,120,255.96984742082105,24.219313907246665,177.93576356354168,255.96984742082105,5.454686789999877,1056.8831487180662,3.120658255470308,1.194812761413403,True,88200.0
"B1 hold speed, raw yaw",S2,120,657.5216533985378,40.517788776930665,423.2103242990268,666.616822938712,1.2404123799999904,1622.7974754952727,7.959636805555554,-7.407400694444444,True,
"B2 true speed, stop-bias yaw",S2,120,23.83806653945964,1.468948953854167,14.82747989619236,25.17680485099562,0.9032520703335803,1622.7974754952727,0.0,0.0,True,
"E1 learned speed, stop-bias yaw",S2,120,393.26766897944225,24.23393398855382,244.0286394546625,393.26766897944225,0.9032520703335803,1622.7974754952727,5.122625710063074,-4.563894575642587,True,
"E2 learned speed, stop-bias yaw",S2,120,311.4802213818037,19.19402920482982,194.75691138938166,311.4802213818037,0.9032520703335803,1622.7974754952727,4.103499887335726,-3.5972905950753398,True,
"E2 learned speed, raw yaw",S2,120,315.064639156547,19.41490813943929,195.303467812709,315.064639156547,1.2404123799999904,1622.7974754952727,4.103499887335726,-3.5972905950753398,True,88800.0
"B1 hold speed, raw yaw",S2,120,274.204199542716,11.991233735797195,140.16538643272696,274.204199542716,9.054433599999996,2286.7054848921807,3.7229592592592593,-0.4594921296296286,True,
"B2 true speed, stop-bias yaw",S2,120,90.42928213708848,3.9545661972885098,29.438803724679744,90.42928213708848,6.910769149666985,2286.7054848921807,0.0,0.0,True,
"E1 learned speed, stop-bias yaw",S2,120,507.51134281059075,22.19399682922089,248.28366116879542,507.51134281059075,6.910769149666985,2286.7054848921807,4.5664856241755825,-3.803783055060447,True,
"E2 learned speed, stop-bias yaw",S2,120,340.16203729136237,14.875638316291578,173.45578212464196,340.16203729136237,6.910769149666985,2286.7054848921807,3.210123963165754,-2.168871438128086,True,
"E2 learned speed, raw yaw",S2,120,361.0899317649072,15.790836824005464,181.55007459495056,361.0899317649072,9.054433599999996,2286.7054848921807,3.210123963165754,-2.168871438128086,True,89400.0
"B1 hold speed, raw yaw",S2,120,326.7443829840356,13.299814754789695,189.7437775339953,326.7443829840356,10.498379479999985,2456.758902347601,3.7132655092592595,-1.3580909722222216,True,
"B2 true speed, stop-bias yaw",S2,120,275.5724034177605,11.216908714747394,128.55057153518868,275.5724034177605,10.155961295047652,2456.758902347601,0.0,0.0,True,
"E1 learned speed, stop-bias yaw",S2,120,434.10789187032776,17.669942763024405,259.73965887457217,434.10789187032776,10.155961295047652,2456.758902347601,3.235371559852009,-2.88108630862448,True,
"E2 learned speed, stop-bias yaw",S2,120,314.7039994109474,12.809722562121427,174.57996814731385,314.7039994109474,10.155961295047652,2456.758902347601,1.946388379627784,-1.2714329381515388,True,
"E2 learned speed, raw yaw",S2,120,320.9056973344579,13.062156690581666,176.8369936676048,320.9056973344579,10.498379479999985,2456.758902347601,1.946388379627784,-1.2714329381515388,True,90000.0
"B1 hold speed, raw yaw",S2,120,587.7184642253071,27.047216450432003,341.8918433961403,587.7184642253071,0.8683750999999559,2172.9351162711605,5.2103030092592615,5.036161342592594,True,
"B2 true speed, stop-bias yaw",S2,120,30.850833921456775,1.419777042141874,26.771452374410348,37.35547206075626,0.4801250626250517,2172.9351162711605,0.0,0.0,True,
"E1 learned speed, stop-bias yaw",S2,120,171.15444743067195,7.87664786440469,53.64397440141348,171.15444743067195,0.4801250626250517,2172.9351162711605,3.2352684813434562,-1.3774253487718784,True,
"E2 learned speed, stop-bias yaw",S2,120,250.1415075629509,11.511687840555647,73.49140197513773,250.1415075629509,0.4801250626250517,2172.9351162711605,3.1878538205786864,-2.0634738907547643,True,
"E2 learned speed, raw yaw",S2,120,255.18965114233566,11.744006953150578,78.4374816990727,255.18965114233566,0.8683750999999559,2172.9351162711605,3.1878538205786864,-2.0634738907547643,True,90600.0
"B1 hold speed, raw yaw",S2,120,891.2601796680733,45.22071308297315,394.47578245316396,891.2601796680733,0.5894065700000858,1970.9113786700932,7.523243749999998,7.523206712962962,True,
"B2 true speed, stop-bias yaw",S2,120,82.29881321457732,4.1756729452802634,51.50518496773683,82.29881321457732,2.664698100142679,1970.9113786700932,0.0,0.0,True,
"E1 learned speed, stop-bias yaw",S2,120,97.0705005620494,4.925158056956849,91.1889599781716,145.1823135459548,2.664698100142679,1970.9113786700932,4.115257146608525,-0.38738920443844127,True,
"E2 learned speed, stop-bias yaw",S2,120,347.59130793458974,17.6360698759136,228.89604511649253,377.82718006949415,2.664698100142679,1970.9113786700932,4.1040179101320025,-2.8521972821361357,True,
"E2 learned speed, raw yaw",S2,120,340.653283815771,17.2840487655834,225.94267098803633,373.2213000710932,0.5894065700000858,1970.9113786700932,4.1040179101320025,-2.8521972821361357,True,91200.0
"B1 hold speed, raw yaw",S2,120,473.2941679405089,24.862717831816738,357.024434894677,582.5065132297601,7.811402259999206,1903.6300501903934,6.798793518518519,6.048347685185186,True,
"B2 true speed, stop-bias yaw",S2,120,47.75647064297838,2.5087054408603167,15.863908921370124,47.75647064297838,5.713450910917161,1903.6300501903934,0.0,0.0,True,
"E1 learned speed, stop-bias yaw",S2,120,268.38838615817383,14.0987680947425,99.40643888829551,268.38838615817383,5.713450910917161,1903.6300501903934,4.617414265293589,-1.486755341524197,True,
"E2 learned speed, stop-bias yaw",S2,120,254.84841045507352,13.387496716054919,86.29410506953401,254.84841045507352,5.713450910917161,1903.6300501903934,4.289949539122809,-2.8109973480376826,True,
"E2 learned speed, raw yaw",S2,120,256.8953655280992,13.495025753685994,87.11262841326673,256.8953655280992,7.811402259999206,1903.6300501903934,4.289949539122809,-2.8109973480376826,True,91800.0
"B1 hold speed, raw yaw",S2,120,868.5131323239965,46.67815499100704,591.6086627412232,893.5464982303346,8.466320950000563,1860.6415195530399,9.039801157407407,-8.498433101851852,True,
"B2 true speed, stop-bias yaw",S2,120,85.08402393852079,4.572832705515435,48.66829931417869,85.08402393852079,6.36836960091587,1860.6415195530399,0.0,0.0,True,
"E1 learned speed, stop-bias yaw",S2,120,485.1904144638334,26.076512287030177,364.3926717585768,574.1067618442146,6.36836960091587,1860.6415195530399,7.204838178715438,-4.3129014428445265,True,
"E2 learned speed, stop-bias yaw",S2,120,383.54343768637244,20.613505269865556,303.0079052439193,479.31744072957724,6.36836960091587,1860.6415195530399,6.340430473074265,-3.136439286346069,True,
"E2 learned speed, raw yaw",S2,120,371.53559077511596,19.96814468938464,301.5521879253117,481.587632231571,8.466320950000563,1860.6415195530399,6.340430473074265,-3.136439286346069,True,92400.0
"B1 hold speed, raw yaw",S3a,30,121.52936609222557,57.7633368046286,66.4019266915789,121.52936609222557,4.179180770000007,210.39187279514533,4.127828703703703,4.112667592592592,True,
"B2 true speed, stop-bias yaw",S3a,30,10.07597712896763,4.789147506081863,4.871014429239094,10.07597712896763,4.179180770000007,210.39187279514533,0.0,0.0,True,
"E1 learned speed, stop-bias yaw",S3a,30,72.07065521825189,34.25543689533376,40.73827629527501,72.07065521825189,4.179180770000007,210.39187279514533,3.134987677109089,2.1929409818333654,True,
"E2 learned speed, stop-bias yaw",S3a,30,57.4450461583383,27.303833268441636,30.362600801186204,57.4450461583383,4.179180770000007,210.39187279514533,2.482395814955217,1.8060727571160256,True,
"E2 learned speed, raw yaw",S3a,30,57.4450461583383,27.303833268441636,30.362600801186204,57.4450461583383,4.179180770000007,210.39187279514533,2.482395814955217,1.8060727571160256,True,600.0
"B1 hold speed, raw yaw",S3a,30,11.021731042010016,2.994636426319228,5.965503571520312,11.196176881018475,1.8431810199999599,368.0490541403405,0.37013425925925997,-0.35177500000000067,False,
"B2 true speed, stop-bias yaw",S3a,30,4.486893466718695,1.219102023560099,2.1862319809303736,4.486893466718695,1.8431810199999599,368.0490541403405,0.0,0.0,False,
"E1 learned speed, stop-bias yaw",S3a,30,10.48380566484213,2.8484805345660686,7.991820535082321,12.14019481423641,1.8431810199999599,368.0490541403405,1.1970649196057404,0.20819100570393065,False,
"E2 learned speed, stop-bias yaw",S3a,30,14.577763252436183,3.960820735291863,10.738000560448164,16.826719120330882,1.8431810199999599,368.0490541403405,0.7397156571483543,-0.4724014699466964,False,
"E2 learned speed, raw yaw",S3a,30,14.577763252436183,3.960820735291863,10.738000560448164,16.826719120330882,1.8431810199999599,368.0490541403405,0.7397156571483543,-0.4724014699466964,False,1200.0
"B1 hold speed, raw yaw",S3a,30,95.19731616669884,34.24919829135451,29.761983370905774,95.19731616669884,7.32878948000001,277.95487461301946,3.610939814814815,3.049604629629629,True,
"B2 true speed, stop-bias yaw",S3a,30,13.331955718036385,4.796446090969874,8.352670054399622,13.331955718036385,7.32878948000001,277.95487461301946,0.0,0.0,True,
"E1 learned speed, stop-bias yaw",S3a,30,20.423589131776342,7.347807503002395,15.96817626808384,23.25309992499953,7.32878948000001,277.95487461301946,1.7847880581441238,0.26349406946185944,True,
"E2 learned speed, stop-bias yaw",S3a,30,24.62967804229871,8.861034754864145,13.469170426631274,24.630631971178158,7.32878948000001,277.95487461301946,1.3674060089636213,0.5231121285104288,True,
"E2 learned speed, raw yaw",S3a,30,24.62967804229871,8.861034754864145,13.469170426631274,24.630631971178158,7.32878948000001,277.95487461301946,1.3674060089636213,0.5231121285104288,True,1800.0
"B1 hold speed, raw yaw",S3a,30,29.507082396015406,6.063249164486387,13.991121541409038,29.507082396015406,5.731817020000023,486.65462354481565,0.6041037037037047,0.584277777777779,True,
"B2 true speed, stop-bias yaw",S3a,30,1.9880235116567837,0.40850809084601414,1.1225383826603914,1.9968786009976573,0.09846867174998496,486.65462354481565,0.0,0.0,True,
"E1 learned speed, stop-bias yaw",S3a,30,1.780071348020865,0.3657771367822913,2.6432441586878546,6.064882799936442,0.09846867174998496,486.65462354481565,0.7305443070046947,-0.08948474502301301,True,
"E2 learned speed, stop-bias yaw",S3a,30,16.280890894578228,3.345471327486306,8.367463040408726,18.03146662791013,0.09846867174998496,486.65462354481565,0.7085045282733237,0.49735439853588065,True,
"E2 learned speed, raw yaw",S3a,30,28.498197832764063,5.855938987116124,13.406565820175656,28.643039957530846,5.731817020000023,486.65462354481565,0.7085045282733237,0.49735439853588065,True,2400.0
"B1 hold speed, raw yaw",S3a,30,7.1690854581967995,1.737111577563382,7.607554314416117,12.025799479608239,0.48986595000000066,412.7014954475612,0.5828212962962971,-0.2523972222222234,True,
"B2 true speed, stop-bias yaw",S3a,30,6.295305278469539,1.5253895001379842,2.606206643924228,6.295305278469539,1.9496417115000042,412.7014954475612,0.0,0.0,True,
"E1 learned speed, stop-bias yaw",S3a,30,13.68151457356257,3.315111460578891,9.98921376342438,16.51323676793494,1.9496417115000042,412.7014954475612,0.7292890607380009,-0.4190772311415431,True,
"E2 learned speed, stop-bias yaw",S3a,30,14.4515262057429,3.5016898085311507,4.22389949497788,14.4515262057429,1.9496417115000042,412.7014954475612,0.6588393537057265,0.4060768491598301,True,
"E2 learned speed, raw yaw",S3a,30,12.881560650139832,3.1212779193276736,3.5874980964586713,12.881560650139832,0.48986595000000066,412.7014954475612,0.6588393537057265,0.4060768491598301,True,3600.0
"B1 hold speed, raw yaw",S3a,30,93.54417455635976,28.361428916705268,43.9634087653547,93.54417455635976,0.8531727699999438,329.82884900154295,3.134442592592593,-3.134116666666667,True,
"B2 true speed, stop-bias yaw",S3a,30,8.960258062387098,2.716638671696417,4.01611624394861,8.960258062387098,2.8132328794629196,329.82884900154295,0.0,0.0,True,
"E1 learned speed, stop-bias yaw",S3a,30,25.899135064171567,7.852295256334721,16.584650182585758,25.899135064171567,2.8132328794629196,329.82884900154295,1.1752614267299015,-0.7984230125508721,True,
"E2 learned speed, stop-bias yaw",S3a,30,15.619120784369628,4.735522933076288,12.948717330489991,16.930347016565907,2.8132328794629196,329.82884900154295,0.920426429004242,-0.4279976238519001,True,
"E2 learned speed, raw yaw",S3a,30,13.111074119433173,3.975114414376724,12.561854108868879,16.514915584092112,0.8531727699999438,329.82884900154295,0.920426429004242,-0.4279976238519001,True,4200.0
"B1 hold speed, raw yaw",S3a,30,56.75188287778307,18.34720893305713,46.013201929619,63.24640549680566,0.9318209499999683,309.32161444747175,2.4666157407407407,2.041850925925926,True,
"B2 true speed, stop-bias yaw",S3a,30,3.1617048496595173,1.022141584029664,1.5844081856553354,3.1617048496595173,1.0282391594629314,309.32161444747175,0.0,0.0,True,
"E1 learned speed, stop-bias yaw",S3a,30,32.86515172976423,10.624912775161178,20.021993316278383,32.86515172976423,1.0282391594629314,309.32161444747175,2.5552077679454754,-0.6101204780814525,True,
"E2 learned speed, stop-bias yaw",S3a,30,22.324340241439437,7.217193755217032,13.850349469398697,22.324340241439437,1.0282391594629314,309.32161444747175,1.6380105589402325,-0.4864686079465944,True,
"E2 learned speed, raw yaw",S3a,30,19.268377216791247,6.2292372459032785,12.576447168063261,19.268377216791247,0.9318209499999683,309.32161444747175,1.6380105589402325,-0.4864686079465944,True,4800.0
"B1 hold speed, raw yaw",S3a,30,25.482046439407636,36.98194262285015,19.259654070908244,33.00212106112399,0.9490959699999955,68.90402351028192,2.4501796296296297,-0.7506703703703704,True,
"B2 true speed, stop-bias yaw",S3a,30,1.427334599143093,2.071482224735548,0.9280445648715157,1.427334599143093,2.9091560794629587,68.90402351028192,0.0,0.0,True,
"E1 learned speed, stop-bias yaw",S3a,30,18.62216650867806,27.026239630112812,8.797757116834513,18.64503308122218,2.9091560794629587,68.90402351028192,1.2284070765998965,0.5842826129545864,True,
"E2 learned speed, stop-bias yaw",S3a,30,35.013897450096124,50.815461371238094,16.563668974018718,35.04458332228086,2.9091560794629587,68.90402351028192,1.2830180010648096,1.1572063905333156,True,
"E2 learned speed, raw yaw",S3a,30,35.407041195677905,51.38602855375265,16.7763316886879,35.43487003003946,0.9490959699999955,68.90402351028192,1.2830180010648096,1.1572063905333156,True,5400.0
"B1 hold speed, raw yaw",S3a,30,29.62633842375822,6.952388963176362,15.839846469289931,29.62633842375822,2.1518529600000136,426.13177399416867,0.9771342592592599,-0.9771342592592599,False,
"B2 true speed, stop-bias yaw",S3a,30,4.682823617587907,1.0989144446318588,2.6033589325342548,4.682823617587907,0.8550184521686123,426.13177399416867,0.0,0.0,False,
"E1 learned speed, stop-bias yaw",S3a,30,89.09150863107884,20.9070325350341,65.46468869077727,90.07206204175243,0.8550184521686123,426.13177399416867,3.0907121884310143,-2.9982405056085732,False,
"E2 learned speed, stop-bias yaw",S3a,30,60.90954695552606,14.293594299391428,51.435726286759554,77.20074670793899,0.8550184521686123,426.13177399416867,3.1332959167472403,-2.0511386622438414,False,
"E2 learned speed, raw yaw",S3a,30,61.47216074046407,14.425622422914016,51.584667251936565,77.24099685237,2.1518529600000136,426.13177399416867,3.1332959167472403,-2.0511386622438414,False,6000.0
"B1 hold speed, raw yaw",S3a,30,12.410671074582185,2.9225864586918266,4.7316582512457455,12.410671074582185,2.1368512399999853,424.6468410771089,0.4678925925925924,-0.37314629629629575,False,
"B2 true speed, stop-bias yaw",S3a,30,2.397777768465883,0.564652208970627,0.9420785162303605,2.4403981891502333,0.8696942019761715,424.6468410771089,0.0,0.0,False,
"E1 learned speed, stop-bias yaw",S3a,30,25.91640366840994,6.103048736374315,10.182358219450185,25.91640366840994,0.8696942019761715,424.6468410771089,1.7199301237944895,-0.8963220812321981,False,
"E2 learned speed, stop-bias yaw",S3a,30,7.505882416592495,1.7675587548358922,12.996279141324644,21.148006371163262,0.8696942019761715,424.6468410771089,1.7101685751430993,-0.26444382260273946,False,
"E2 learned speed, raw yaw",S3a,30,9.63838371175047,2.269741059960057,13.238887549458358,21.682840811178888,2.1368512399999853,424.6468410771089,1.7101685751430993,-0.26444382260273946,False,6600.0
"B1 hold speed, raw yaw",S3a,30,32.484285465007524,6.243762724519513,14.502059160080607,32.484285465007524,3.8771644399999654,520.2677759909164,0.8921092592592599,-0.8007833333333342,False,
"B2 true speed, stop-bias yaw",S3a,30,25.600199128026432,4.920581344725336,12.035683264986407,25.600199128026432,5.144321478023831,520.2677759909164,0.0,0.0,False,
"E1 learned speed, stop-bias yaw",S3a,30,84.61222269037711,16.26320648616423,46.49296225340193,84.61222269037711,5.144321478023831,520.2677759909164,2.793147081578736,-2.709301031421338,False,
"E2 learned speed, stop-bias yaw",S3a,30,59.540347102503866,11.444173529506353,31.46642665631435,59.540347102503866,5.144321478023831,520.2677759909164,1.866799595755321,-1.7731798540731534,False,
"E2 learned speed, raw yaw",S3a,30,57.49594795074886,11.051222198269052,30.59963817265958,57.49594795074886,3.8771644399999654,520.2677759909164,1.866799595755321,-1.7731798540731534,False,7200.0
"B1 hold speed, raw yaw",S3a,30,94.61170191231427,21.696791022810764,61.290537125501686,94.61170191231427,1.0261518800001024,436.06311095887384,4.601506481481483,-4.096491666666667,True,
"B2 true speed, stop-bias yaw",S3a,30,8.05363377387121,1.8468963715279203,3.5872366054016256,8.05363377387121,2.2933089180237376,436.06311095887384,0.0,0.0,True,
"E1 learned speed, stop-bias yaw",S3a,30,79.14174591860915,18.149149499158895,51.98734047316841,79.14174591860915,2.2933089180237376,436.06311095887384,3.3883943449690332,-3.3201309042656098,True,
"E2 learned speed, stop-bias yaw",S3a,30,38.151376425315455,8.749049269823148,24.832998905353648,38.151376425315455,2.2933089180237376,436.06311095887384,1.9758533578724273,-1.664860325193872,True,
"E2 learned speed, raw yaw",S3a,30,38.93691998512254,8.92919373516894,25.062814076644997,38.93691998512254,1.0261518800001024,436.06311095887384,1.9758533578724273,-1.664860325193872,True,7800.0
"B1 hold speed, raw yaw",S3a,30,37.64320158330633,5.7343956253744555,16.812330167396027,37.64320158330633,1.1321651299999864,656.4458408962362,1.4666027777777793,-1.3115175925925946,True,
"B2 true speed, stop-bias yaw",S3a,30,11.443254081592615,1.7432137380852781,4.8371611109532555,11.443254081592615,2.3993221680238,656.4458408962362,0.0,0.0,True,
"E1 learned speed, stop-bias yaw",S3a,30,109.07034044449915,16.615283950247438,49.859309257036415,109.07034044449915,2.3993221680238,656.4458408962362,3.7683645834534567,-3.7253405832366493,True,
"E2 learned speed, stop-bias yaw",S3a,30,92.37345997554533,14.071756452814014,42.44454765878668,92.37345997554533,2.3993221680238,656.4458408962362,3.168002680508115,-3.1518934365502567,True,
"E2 learned speed, raw yaw",S3a,30,91.77945297008235,13.981268103515923,42.169052940179334,91.77945297008235,1.1321651299999864,656.4458408962362,3.168002680508115,-3.1518934365502567,True,8400.0
"B1 hold speed, raw yaw",S3a,30,17.899966164268207,2.411827330989596,9.551553378555687,17.899966164268207,2.227139289999998,742.174447327607,0.5226796296296297,0.13904814814814584,False,
"B2 true speed, stop-bias yaw",S3a,30,24.888820721236836,3.3535000848999226,11.761200827703735,24.888820721236836,3.4942963280237986,742.174447327607,0.0,0.0,False,
"E1 learned speed, stop-bias yaw",S3a,30,92.49098580724973,12.462162519915323,44.05997395456939,92.49098580724973,3.4942963280237986,742.174447327607,3.148722678192003,-3.1318837654432463,False,
"E2 learned speed, stop-bias yaw",S3a,30,65.60051328077003,8.838961448616537,35.519084546428495,65.60051328077003,3.4942963280237986,742.174447327607,2.12377064556205,-2.12377064556205,False,
"E2 learned speed, raw yaw",S3a,30,62.93629434160973,8.479986688874604,34.52383243491826,62.93629434160973,2.227139289999998,742.174447327607,2.12377064556205,-2.12377064556205,False,9600.0
"B1 hold speed, raw yaw",S3a,30,136.95739413002326,27.1419165628197,85.53390639156655,136.95739413002326,2.94516956000001,504.59735889702824,4.468212962962962,4.468212962962962,True,
"B2 true speed, stop-bias yaw",S3a,30,23.955383964702666,4.747425554716622,11.808134923184163,23.955383964702666,4.2123265980237985,504.59735889702824,0.0,0.0,True,
"E1 learned speed, stop-bias yaw",S3a,30,60.232103595116584,11.936666439708414,29.827895698470023,60.232103595116584,4.2123265980237985,504.59735889702824,3.221736280574076,1.8087080788353849,True,
"E2 learned speed, stop-bias yaw",S3a,30,66.27456087103117,13.134147395439625,34.319138191290854,66.27456087103117,4.2123265980237985,504.59735889702824,2.7652242293113978,1.9967568995419633,True,
"E2 learned speed, raw yaw",S3a,30,63.86174090032647,12.655980015416322,33.372905773789796,63.86174090032647,2.94516956000001,504.59735889702824,2.7652242293113978,1.9967568995419633,True,10200.0
"B1 hold speed, raw yaw",S3a,30,27.05927988261141,4.16630284782015,9.246043504590018,27.05927988261141,0.6751767599999964,649.4794274681469,1.1755342592592595,0.8341453703703711,True,
"B2 true speed, stop-bias yaw",S3a,30,13.588697827147168,2.0922445349993186,6.623118491395788,13.588697827147168,1.94233379802381,649.4794274681469,0.0,0.0,True,
"E1 learned speed, stop-bias yaw",S3a,30,26.27744523827319,4.045924185883769,11.602296621164824,26.27744523827319,1.94233379802381,649.4794274681469,0.9115505736602983,0.6948048385261397,True,
"E2 learned speed, stop-bias yaw",S3a,30,54.81604109214524,8.43999652242005,25.67052894993399,54.81604109214524,1.94233379802381,649.4794274681469,1.7302760305803424,1.7301191052458755,True,
"E2 learned speed, raw yaw",S3a,30,53.332366873493484,8.21155599668461,24.954747843212278,53.332366873493484,0.6751767599999964,649.4794274681469,1.7302760305803424,1.7301191052458755,True,10800.0
"B1 hold speed, raw yaw",S3a,30,13.951815023506569,2.7048622462596623,7.632044637706721,13.951815023506569,1.9931615699999865,515.8050116156347,0.37266388888888874,0.16226018518518415,False,
"B2 true speed, stop-bias yaw",S3a,30,15.518656363145451,3.008628457202656,7.365026986173073,15.518656363145451,2.7799892760526177,515.8050116156347,0.0,0.0,False,
"E1 learned speed, stop-bias yaw",S3a,30,30.026924171895132,5.821371156872447,18.92471754250722,30.026924171895132,2.7799892760526177,515.8050116156347,0.966623392384004,0.824662646942707,False,
"E2 learned speed, stop-bias yaw",S3a,30,29.988276068390654,5.81387838292994,17.747329153651744,29.988276068390654,2.7799892760526177,515.8050116156347,0.8706920479199451,0.8269851130163123,False,
"E2 learned speed, raw yaw",S3a,30,28.39544323896603,5.505073157398017,17.119253853641737,28.39544323896603,1.9931615699999865,515.8050116156347,0.8706920479199451,0.8269851130163123,False,11400.0
"B1 hold speed, raw yaw",S3a,30,12.907972316288967,2.4497184873935263,5.514783675155936,12.907972316288967,2.331140630000008,526.9165572580916,0.4660953703703704,0.23095462962962993,True,
"B2 true speed, stop-bias yaw",S3a,30,11.766775563429261,2.233138321684152,5.401364978983559,11.766775563429261,2.6987590958196814,526.9165572580916,0.0,0.0,True,
"E1 learned speed, stop-bias yaw",S3a,30,62.87895858706544,11.933380669278606,36.76957082351656,62.87895858706544,2.6987590958196814,526.9165572580916,2.170695452716873,-2.1677129091793716,True,
"E2 learned speed, stop-bias yaw",S3a,30,23.361996930665484,4.433718509859318,13.131086370786903,23.361996930665484,2.6987590958196814,526.9165572580916,0.7796897760412143,-0.764380060534112,True,
"E2 learned speed, raw yaw",S3a,30,22.70215056702664,4.308490643217116,12.876033187839152,22.70215056702664,2.331140630000008,526.9165572580916,0.7796897760412143,-0.764380060534112,True,12000.0
"B1 hold speed, raw yaw",S3a,30,56.832922974225994,15.760701442701812,29.192406611099866,56.832922974225994,2.410157509999997,360.5989440307759,1.8649231481481479,1.8466009259259257,True,
"B2 true speed, stop-bias yaw",S3a,30,6.706734558092734,1.8598874647620534,2.8249814193604434,6.706734558092734,2.3877288622000066,360.5989440307759,0.0,0.0,True,
"E1 learned speed, stop-bias yaw",S3a,30,5.585716682935816,1.5490108264041655,14.13494873764254,29.08971047855187,2.3877288622000066,360.5989440307759,3.248412948745313,0.1318496328578989,True,
"E2 learned speed, stop-bias yaw",S3a,30,47.26648383954955,13.10777100764763,18.501920901079593,47.26648383954955,2.3877288622000066,360.5989440307759,2.149118485705901,1.5482447102341517,True,
"E2 learned speed, raw yaw",S3a,30,47.274535763563215,13.110003938205791,18.5060205168377,47.274535763563215,2.410157509999997,360.5989440307759,2.149118485705901,1.5482447102341517,True,12600.0
"B1 hold speed, raw yaw",S3a,30,248.1792511953516,78.52340580066662,130.07357773931463,248.1792511953516,0.8921985699999493,316.05767562522703,8.488407407407408,-8.488407407407408,True,
"B2 true speed, stop-bias yaw",S3a,30,5.530565530191468,1.7498595847263867,3.4224143541482523,5.53362740797966,0.1284389427952332,316.05767562522703,0.0,0.0,True,
"E1 learned speed, stop-bias yaw",S3a,30,83.87961340086396,26.539337554429853,39.58856435766034,83.87961340086396,0.1284389427952332,316.05767562522703,3.190622079132389,-2.901147000462141,True,
"E2 learned speed, stop-bias yaw",S3a,30,8.173804030619438,2.5861748221902774,5.828728186938391,10.705501229081927,0.1284389427952332,316.05767562522703,1.2792872213407074,-0.31846946660304054,True,
"E2 learned speed, raw yaw",S3a,30,8.959587729712407,2.834795172111704,6.241434360933041,11.162980927627652,0.8921985699999493,316.05767562522703,1.2792872213407074,-0.31846946660304054,True,13800.0
"B1 hold speed, raw yaw",S3a,30,144.05192481458752,48.86237146816514,92.40214574544203,145.9891645400043,4.203180350000029,294.81157071641593,4.961415740740741,-4.841989814814815,True,
"B2 true speed, stop-bias yaw",S3a,30,1.3879516195676087,0.47079279018621084,0.9467275715425076,2.0534703035134925,3.5356722247070858,294.81157071641593,0.0,0.0,True,
"E1 learned speed, stop-bias yaw",S3a,30,30.791033323219082,10.444309647818226,46.30921629844155,66.60076949163299,3.5356722247070858,294.81157071641593,3.4213612264131794,-1.0203343188050351,True,
"E2 learned speed, stop-bias yaw",S3a,30,8.005636169961821,2.7155094864517966,26.834650387277385,39.07052084153946,3.5356722247070858,294.81157071641593,2.3477782505727114,-0.24160240267004743,True,
"E2 learned speed, raw yaw",S3a,30,7.2485373917528335,2.458701798622864,26.773344104866613,39.01704532620865,4.203180350000029,294.81157071641593,2.3477782505727114,-0.24160240267004743,True,14400.0
"B1 hold speed, raw yaw",S3a,30,19.095720485638868,5.375457362009634,4.6047415510073355,19.095720485638868,0.28284519000001174,355.23899083630465,0.9238351851851853,0.6307351851851866,True,
"B2 true speed, stop-bias yaw",S3a,30,2.3710510134071234,0.6674523558985427,0.9501905005169317,2.3710510134071234,1.0376511679126244,355.23899083630465,0.0,0.0,True,
"E1 learned speed, stop-bias yaw",S3a,30,18.26688166825411,5.142138712096374,10.487463926526965,18.73069982123321,1.0376511679126244,355.23899083630465,0.6953117066385148,0.5792539493796084,True,
"E2 learned speed, stop-bias yaw",S3a,30,25.31472984172947,7.12611241860964,12.341678067565917,25.31472984172947,1.0376511679126244,355.23899083630465,0.8188365518212519,0.8188365518212519,True,
"E2 learned speed, raw yaw",S3a,30,25.21553285122385,7.098188403210291,12.309525566866835,25.21553285122385,0.28284519000001174,355.23899083630465,0.8188365518212519,0.8188365518212519,True,15600.0
"B1 hold speed, raw yaw",S3a,30,60.051893116327115,18.734836775793955,31.388346175390257,60.051893116327115,2.5568188799999723,320.5359824320231,2.000923148148149,2.0008416666666675,True,
"B2 true speed, stop-bias yaw",S3a,30,7.731294886635555,2.411989701741255,3.5500466639160586,7.731294886635555,3.3116248579126237,320.5359824320231,0.0,0.0,True,
"E1 learned speed, stop-bias yaw",S3a,30,63.04482984454121,19.66856555891078,34.57872248484082,63.04482984454121,3.3116248579126237,320.5359824320231,2.1018245049118867,2.1018245049118867,True,
"E2 learned speed, stop-bias yaw",S3a,30,43.236049156558906,13.488672575388032,22.171256308676856,43.236049156558906,3.3116248579126237,320.5359824320231,1.425196795530432,1.4245156726316497,True,
"E2 learned speed, raw yaw",S3a,30,42.9024004696269,13.384581707211396,22.044630804962242,42.9024004696269,2.5568188799999723,320.5359824320231,1.425196795530432,1.4245156726316497,True,16200.0
"B1 hold speed, raw yaw",S3a,30,31.83847838592868,9.822355764433011,12.839746088788441,31.83847838592868,3.2388389200000085,324.14299735727946,1.0939074074074078,-0.9986759259259268,True,
"B2 true speed, stop-bias yaw",S3a,30,13.516198969342218,4.169825996408704,6.316779892058622,13.516198969342218,3.9936448979126085,324.14299735727946,0.0,0.0,True,
"E1 learned speed, stop-bias yaw",S3a,30,16.197318282801668,4.996966898824759,13.029669479717343,17.19860332314687,3.9936448979126085,324.14299735727946,0.8914889049958248,0.19569011274245024,True,
"E2 learned speed, stop-bias yaw",S3a,30,30.855629369870346,9.519141126427115,19.806689090795164,30.855629369870346,3.9936448979126085,324.14299735727946,0.8950978730757104,0.8934013119455831,True,
"E2 learned speed, raw yaw",S3a,30,29.76978101288169,9.184150592668399,19.45727764294274,29.76978101288169,3.2388389200000085,324.14299735727946,0.8950978730757104,0.8934013119455831,True,16800.0
"B1 hold speed, raw yaw",S3a,30,58.18615901263499,22.257571846128265,29.078543331697524,58.18615901263499,0.055809940000013734,261.421863152411,2.037167592592592,2.036593518518518,True,
"B2 true speed, stop-bias yaw",S3a,30,2.9496091484128213,1.1282947466001252,1.3894429201126923,2.9496091484128213,0.81061591791269,261.421863152411,0.0,0.0,True,
"E1 learned speed, stop-bias yaw",S3a,30,44.57955250689643,17.052725418342764,27.875912630351056,44.57955250689643,0.81061591791269,261.421863152411,1.5101275284039013,1.4752256730398805,True,
"E2 learned speed, stop-bias yaw",S3a,30,24.151842647896334,9.238646820375394,14.836803409781442,24.151842647896334,0.81061591791269,261.421863152411,0.8926455844227363,0.771697832008616,True,
"E2 learned speed, raw yaw",S3a,30,23.74327672607856,9.082360763466841,14.732817233630705,23.74327672607856,0.055809940000013734,261.421863152411,0.8926455844227363,0.771697832008616,True,17400.0
"B1 hold speed, raw yaw",S3a,30,10.006092582347797,3.4379770794580313,13.954133648403598,23.74737188409058,0.9678448900000137,291.0459363482777,1.5690879629629626,-0.01839722222222112,True,
"B2 true speed, stop-bias yaw",S3a,30,4.044338003178448,1.3895875180125605,1.60716379345809,4.044338003178448,1.6741044407809407,291.0459363482777,0.0,0.0,True,
"E1 learned speed, stop-bias yaw",S3a,30,27.403516091456357,9.41552953299584,14.887500836254748,27.403516091456357,1.6741044407809407,291.0459363482777,1.06915359402224,0.7811130026276656,True,
"E2 learned speed, stop-bias yaw",S3a,30,21.996461057514868,7.557728286298072,9.835129272669612,21.996461057514868,1.6741044407809407,291.0459363482777,1.1121106302205694,-0.9025924309520797,True,
"E2 learned speed, raw yaw",S3a,30,21.441788201812116,7.3671491417609,9.698847161527228,21.441788201812116,0.9678448900000137,291.0459363482777,1.1121106302205694,-0.9025924309520797,True,18600.0
"B1 hold speed, raw yaw",S3a,30,91.97254697953196,70.48715608865807,48.157904154311524,91.97254697953196,2.5218093899999703,130.4812849362936,3.2580342592592593,-1.9888879629629628,True,
"B2 true speed, stop-bias yaw",S3a,30,9.524591994818946,7.299584763799076,10.432765252714463,12.954013711982242,3.2280689407810494,130.4812849362936,0.0,0.0,True,
"E1 learned speed, stop-bias yaw",S3a,30,57.42370434666539,44.00914995181265,34.816141779573236,58.76965328209175,3.2280689407810494,130.4812849362936,2.254202770474125,-0.8940308780206688,True,
"E2 learned speed, stop-bias yaw",S3a,30,53.131430714993634,40.71957962472136,29.115862378444806,53.133917548282156,3.2280689407810494,130.4812849362936,2.041617217100593,-1.1457896554756621,True,
"E2 learned speed, raw yaw",S3a,30,53.44700044422404,40.961430193087914,29.262161004026684,53.44700044422404,2.5218093899999703,130.4812849362936,2.041617217100593,-1.1457896554756621,True,19200.0
"B1 hold speed, raw yaw",S3a,30,96.20923211409857,39.227889982474686,61.48401987023463,98.62355646745291,0.8831477700000212,245.25721918023294,4.027449074074074,3.549660185185185,True,
"B2 true speed, stop-bias yaw",S3a,30,3.780434011115126,1.5414159973562231,2.944098706401645,3.868481423455861,0.17688821921909434,245.25721918023294,0.0,0.0,True,
"E1 learned speed, stop-bias yaw",S3a,30,29.43763407567716,12.002759459669253,21.36338630938574,33.96629442567977,0.17688821921909434,245.25721918023294,2.7761620704791388,0.5995359681128466,True,
"E2 learned speed, stop-bias yaw",S3a,30,28.267721916879953,11.525745097887114,19.395139858367344,30.1547359314636,0.17688821921909434,245.25721918023294,2.147870731350271,0.9929630647751162,True,
"E2 learned speed, raw yaw",S3a,30,27.317583977718737,11.138340420325722,19.181290132418816,30.061630347383986,0.8831477700000212,245.25721918023294,2.147870731350271,0.9929630647751162,True,19800.0
"B1 hold speed, raw yaw",S3a,30,21.13992644866609,8.153626037957697,7.810370244029846,21.13992644866609,0.7058451299998951,259.2702479884787,0.9429333333333341,0.767407407407409,True,
"B2 true speed, stop-bias yaw",S3a,30,3.4403638197480473,1.3269412307967279,2.0109083980304177,3.4403638197480473,1.4121046807808217,259.2702479884787,0.0,0.0,True,
"E1 learned speed, stop-bias yaw",S3a,30,21.234620311483617,8.19014926557529,11.513157213423664,21.234620311483617,1.4121046807808217,259.2702479884787,1.002696937837255,0.7625799632059691,True,
"E2 learned speed, stop-bias yaw",S3a,30,7.3087822115173555,2.8189822273175515,3.9849859818198916,7.722309245919951,1.4121046807808217,259.2702479884787,0.7141505692307046,-0.17150379241202415,True,
"E2 learned speed, raw yaw",S3a,30,6.824732050505216,2.632285078389901,3.760509474529573,7.347150333657924,0.7058451299998951,259.2702479884787,0.7141505692307046,-0.17150379241202415,True,20400.0
"B1 hold speed, raw yaw",S3a,30,9.420253394090379,6.223507174121942,6.946892128042117,10.54170015649466,0.1761978599999035,151.36567100397787,0.7796361111111111,0.7794175925925925,False,
"B2 true speed, stop-bias yaw",S3a,30,1.7339293445621244,1.1455235081120587,1.205664780550738,1.8532854488266353,0.5300616907808707,151.36567100397787,0.0,0.0,False,
"E1 learned speed, stop-bias yaw",S3a,30,7.223722478338415,4.772365114510394,6.044175142004133,9.694542665500032,0.5300616907808707,151.36567100397787,0.8302749252802909,0.7491366607444507,False,
"E2 learned speed, stop-bias yaw",S3a,30,6.563791781845575,4.3363807251071345,3.3288484523432906,6.821037813647882,0.5300616907808707,151.36567100397787,0.5188713918353076,0.03687252399692725,False,
"E2 learned speed, raw yaw",S3a,30,6.804064726897236,4.495117473973624,3.399830676564403,6.973101888789502,0.1761978599999035,151.36567100397787,0.5188713918353076,0.03687252399692725,False,21000.0
"B1 hold speed, raw yaw",S3a,30,26.409192577318766,17.781426461656668,17.110881597155103,26.409192577318766,4.9881855600000415,148.5212259785049,1.7256648148148144,-1.2550666666666663,True,
"B2 true speed, stop-bias yaw",S3a,30,4.027812802425615,2.711944219345826,2.7112397750282695,4.030222078810372,4.281926009218962,148.5212259785049,0.0,0.0,True,
"E1 learned speed, stop-bias yaw",S3a,30,3.030722667921106,2.0405990106489793,7.5087332254504435,11.984659173259567,4.281926009218962,148.5212259785049,1.2326267986763086,0.346550698404485,True,
"E2 learned speed, stop-bias yaw",S3a,30,1.949598099222568,1.312673044797468,6.325045900034628,9.798612075683367,4.281926009218962,148.5212259785049,0.9298077521917218,0.5726198344461574,True,
"E2 learned speed, raw yaw",S3a,30,2.3909402295405515,1.6098306580680841,6.517945911940317,10.028776306599397,4.9881855600000415,148.5212259785049,0.9298077521917218,0.5726198344461574,True,21600.0
"B1 hold speed, raw yaw",S3a,30,23.73971681551583,9.173629999673324,12.126471537256661,23.73971681551583,1.6928355099999945,258.78214857544083,1.143538888888889,0.11487962962962978,True,
"B2 true speed, stop-bias yaw",S3a,30,3.4620161672588345,1.337811045435995,2.2168763293023233,3.4620161672588345,2.35125768587508,258.78214857544083,0.0,0.0,True,
"E1 learned speed, stop-bias yaw",S3a,30,9.48639596074866,3.665784526857795,5.039204848988653,9.48639596074866,2.35125768587508,258.78214857544083,1.3036390626540242,-0.04072630645803104,True,
"E2 learned speed, stop-bias yaw",S3a,30,5.623302733713801,2.172987110845662,2.802040620535,5.897184527875834,2.35125768587508,258.78214857544083,0.9739274136102597,0.1466561464612547,True,
"E2 learned speed, raw yaw",S3a,30,6.368796466994901,2.461064838534739,3.0433171849847005,6.4432938347686735,1.6928355099999945,258.78214857544083,0.9739274136102597,0.1466561464612547,True,22200.0
"B1 hold speed, raw yaw",S3a,30,14.845566119667915,9.92167786266416,8.5496727572878,14.845566119667915,1.9317991199998166,149.62757635513069,1.4635398148148144,1.4601120370370368,True,
"B2 true speed, stop-bias yaw",S3a,30,2.1047157827877885,1.4066362859426336,1.5410273863024346,2.305565113092841,2.127323321750083,149.62757635513069,0.0,0.0,True,
"E1 learned speed, stop-bias yaw",S3a,30,12.98021635846841,8.675016113113243,7.719079543838459,12.991566962601082,2.127323321750083,149.62757635513069,1.1871563309685265,-0.39056169400756385,True,
"E2 learned speed, stop-bias yaw",S3a,30,6.621138287518709,4.425078885060529,6.2786244581964175,9.778627791680767,2.127323321750083,149.62757635513069,1.1210159283702699,-0.746434030845906,True,
"E2 learned speed, raw yaw",S3a,30,6.628812640381435,4.43020785463263,6.274677037551983,9.787699033621482,1.9317991199998166,149.62757635513069,1.1210159283702699,-0.746434030845906,True,22800.0
"B1 hold speed, raw yaw",S3a,30,26.361401551672234,11.112339056896312,19.094901231509354,30.459936856165214,1.4911753099999616,237.22639686117535,2.601993518518518,0.38009166666666755,True,
"B2 true speed, stop-bias yaw",S3a,30,3.428323298099703,1.4451694008175466,2.5654871455437736,3.750507672069302,1.2835085559723067,237.22639686117535,0.0,0.0,True,
"E1 learned speed, stop-bias yaw",S3a,30,29.952230505861692,12.626010807469166,11.80539835430572,29.952230505861692,1.2835085559723067,237.22639686117535,1.8574498622924147,-0.700975564880183,True,
"E2 learned speed, stop-bias yaw",S3a,30,33.960043155011114,14.315457134765865,12.32467864325719,33.960043155011114,1.2835085559723067,237.22639686117535,1.5351638852615022,-0.9823596674885441,True,
"E2 learned speed, raw yaw",S3a,30,33.81934060263298,14.256145627176567,12.250659598181526,33.81934060263298,1.4911753099999616,237.22639686117535,1.5351638852615022,-0.9823596674885441,True,23400.0
"B1 hold speed, raw yaw",S3a,30,60.342024769577634,20.14319321981721,25.34899474529028,60.342024769577634,1.662156209999939,299.5653375861586,2.4325314814814805,2.4148166666666655,True,
"B2 true speed, stop-bias yaw",S3a,30,2.339091532689805,0.7808285002322921,1.4067457552678864,2.339091532689805,1.9278995363333176,299.5653375861586,0.0,0.0,True,
"E1 learned speed, stop-bias yaw",S3a,30,6.992571596560552,2.334239219031609,5.261972777125413,12.156819317618098,1.9278995363333176,299.5653375861586,1.0222186220111296,0.07363324018898444,True,
"E2 learned speed, stop-bias yaw",S3a,30,11.659882856607151,3.8922670261387062,6.721461610603994,12.663474785661746,1.9278995363333176,299.5653375861586,0.7453605540112693,0.2733097854533721,True,
"E2 learned speed, raw yaw",S3a,30,11.601436687625679,3.8727567017959696,6.757932909406886,12.68132254804808,1.662156209999939,299.5653375861586,0.7453605540112693,0.2733097854533721,True,24000.0
"B1 hold speed, raw yaw",S3a,60,181.23343674113414,36.95771363224509,115.70593922878065,181.23343674113414,7.916346199999991,490.38054286726896,3.2266819444444437,2.990052314814814,True,
"B2 true speed, stop-bias yaw",S3a,60,34.040813507892146,6.9417137370203434,15.598625532524467,34.040813507892146,7.916346199999991,490.38054286726896,0.0,0.0,True,
"E1 learned speed, stop-bias yaw",S3a,60,112.25623493532399,22.89165762551642,71.01182953343616,112.25623493532399,7.916346199999991,490.38054286726896,2.563967201674941,1.405749983196127,True,
"E2 learned speed, stop-bias yaw",S3a,60,106.37248328521956,21.69182379530326,62.35286700441044,106.37248328521956,7.916346199999991,490.38054286726896,2.321389643493009,1.5388432478752774,True,
"E2 learned speed, raw yaw",S3a,60,106.37248328521956,21.69182379530326,62.35286700441044,106.37248328521956,7.916346199999991,490.38054286726896,2.321389643493009,1.5388432478752774,True,600.0
"B1 hold speed, raw yaw",S3a,60,12.972170435194705,1.7757965376054112,8.019195478882045,13.00167448143088,2.1846678400000865,730.4986894887826,0.48509259259259296,-0.23259907407407476,True,
"B2 true speed, stop-bias yaw",S3a,60,2.6894726022704205,0.368169394547794,4.0405223265178085,6.12301588946309,2.1846678400000865,730.4986894887826,0.0,0.0,True,
"E1 learned speed, stop-bias yaw",S3a,60,20.12184379433617,2.7545352351580306,27.148395075459366,49.59125550750609,2.1846678400000865,730.4986894887826,1.9741782827378367,0.29369312348856186,True,
"E2 learned speed, stop-bias yaw",S3a,60,57.858210437588276,7.92037155851417,18.552635990086028,57.858210437588276,2.1846678400000865,730.4986894887826,1.4092354108048777,-0.9968665530283188,True,
"E2 learned speed, raw yaw",S3a,60,57.858210437588276,7.92037155851417,18.552635990086028,57.858210437588276,2.1846678400000865,730.4986894887826,1.4092354108048777,-0.9968665530283188,True,1200.0
"B1 hold speed, raw yaw",S3a,60,204.86736432479748,38.672154025776834,149.96652605980654,242.82504062086247,11.75359803000002,529.7542107125546,4.770914814814814,3.5104472222222216,True,
"B2 true speed, stop-bias yaw",S3a,60,55.33832784107416,10.44603831777768,20.81404008578603,55.33832784107416,11.75359803000002,529.7542107125546,0.0,0.0,True,
"E1 learned speed, stop-bias yaw",S3a,60,57.09335546116172,10.777329241869992,24.897274490853682,57.09335546116172,11.75359803000002,529.7542107125546,1.418507586103102,-0.3810424676770092,True,
"E2 learned speed, stop-bias yaw",S3a,60,49.510759180792874,9.345986908569847,23.26136489310067,49.510759180792874,11.75359803000002,529.7542107125546,1.1852983721219714,-0.23639881217470238,True,
"E2 learned speed, raw yaw",S3a,60,49.510759180792874,9.345986908569847,23.26136489310067,49.510759180792874,11.75359803000002,529.7542107125546,1.1852983721219714,-0.23639881217470238,True,1800.0
"B1 hold speed, raw yaw",S3a,60,411.45317183581597,67.94620770148903,154.1532672474809,411.45317183581597,7.474704780000012,605.5572279228161,6.764814351851853,6.754901388888889,True,
"B2 true speed, stop-bias yaw",S3a,60,4.042871991975294,0.6676283934126529,2.6322162118926835,4.042871991975294,4.2053658867500685,605.5572279228161,0.0,0.0,True,
"E1 learned speed, stop-bias yaw",S3a,60,56.53760251155035,9.33645903385313,34.03797109917149,56.7700878095387,4.2053658867500685,605.5572279228161,1.3303240936480518,-0.9882399856162811,True,
"E2 learned speed, stop-bias yaw",S3a,60,35.082329936629606,5.793396283447743,21.004525817121433,35.082329936629606,4.2053658867500685,605.5572279228161,1.2325981968983581,-0.6296687334937561,True,
"E2 learned speed, raw yaw",S3a,60,47.08050735465545,7.774741210859811,31.02399698459381,47.131192838979246,7.474704780000012,605.5572279228161,1.2325981968983581,-0.6296687334937561,True,2400.0
"B1 hold speed, raw yaw",S3a,60,279.3957173352672,52.36714447322562,115.50489456299593,279.3957173352672,0.9442338600000019,533.5324661021324,5.065826851851852,4.648217592592591,True,
"B2 true speed, stop-bias yaw",S3a,60,13.494904136529364,2.529350132170978,6.905089680867317,13.494904136529364,5.831408071500066,533.5324661021324,0.0,0.0,True,
"E1 learned speed, stop-bias yaw",S3a,60,14.63300832864167,2.7426650219708506,16.510541222546113,27.982534846128285,5.831408071500066,533.5324661021324,1.3927229745846879,-0.04295733108975971,True,
"E2 learned speed, stop-bias yaw",S3a,60,69.0413856027357,12.940428181838016,41.27899399146556,74.87889995848523,5.831408071500066,533.5324661021324,1.6104587927348972,1.1008201330545413,True,
"E2 learned speed, raw yaw",S3a,60,66.96844464535867,12.551896819815859,40.32872147601978,73.22385871254157,0.9442338600000019,533.5324661021324,1.6104587927348972,1.1008201330545413,True,3600.0
"B1 hold speed, raw yaw",S3a,60,191.24562285352567,28.77376652939631,106.8424309778586,191.24562285352567,2.537343369999928,664.6527233691922,3.2084087962962964,-3.2082458333333337,True,
"B2 true speed, stop-bias yaw",S3a,60,37.156455304394186,5.590356286519723,16.396035064974733,37.156455304394186,6.464018973907385,664.6527233691922,0.0,0.0,True,
"E1 learned speed, stop-bias yaw",S3a,60,51.83785365003165,7.799238884820978,25.21556361988175,51.83785365003165,6.464018973907385,664.6527233691922,1.5141883731021242,-0.6243260367333431,True,
"E2 learned speed, stop-bias yaw",S3a,60,37.464461070210234,5.636697143178632,19.669053758228824,37.464461070210234,6.464018973907385,664.6527233691922,1.2891304092150775,-0.09672706913406377,True,
"E2 learned speed, raw yaw",S3a,60,14.805093660024754,2.2274931162511797,12.301202497261924,18.0728961533846,2.537343369999928,664.6527233691922,1.2891304092150775,-0.09672706913406377,True,4200.0
"B1 hold speed, raw yaw",S3a,60,126.74010280607952,20.740261306371227,59.83669232025414,126.74010280607952,3.985666639999934,611.0824783444077,2.6259444444444444,2.1793101851851846,True,
"B2 true speed, stop-bias yaw",S3a,60,7.293267424838793,1.1934996802065543,3.8402377211835486,7.2953129495546625,0.058991036092656095,611.0824783444077,0.0,0.0,True,
"E1 learned speed, stop-bias yaw",S3a,60,39.66211358633201,6.490468143316382,35.453481738699736,58.8610075633587,0.058991036092656095,611.0824783444077,2.814812319198104,-0.2715531377848813,True,
"E2 learned speed, stop-bias yaw",S3a,60,27.940455647225537,4.572288788728486,25.772353868236998,45.088457803993,0.058991036092656095,611.0824783444077,1.952383513011989,-0.23489384476811936,True,
"E2 learned speed, raw yaw",S3a,60,11.431216249125086,1.870650305683028,22.6893123005161,42.47072572709025,3.985666639999934,611.0824783444077,1.952383513011989,-0.23489384476811936,True,4800.0
"B1 hold speed, raw yaw",S3a,60,73.65635665202976,40.98717675720552,23.507213625723107,73.65635665202976,0.9418469400000248,179.70585553707605,3.171718055555556,-1.445653240740741,True,
"B2 true speed, stop-bias yaw",S3a,60,3.3904916739980626,1.886689592759849,1.3551665205970695,3.3904916739980626,2.984828663907406,179.70585553707605,0.0,0.0,True,
"E1 learned speed, stop-bias yaw",S3a,60,26.01677702705762,14.47742309192032,17.860196339114854,31.972638924220814,2.984828663907406,179.70585553707605,1.0192041060641017,0.36629889532169396,True,
"E2 learned speed, stop-bias yaw",S3a,60,59.687693628979744,33.21410615730619,33.32396565036107,60.17976818451579,2.984828663907406,179.70585553707605,1.1082296900019342,0.994645819739892,True,
"E2 learned speed, raw yaw",S3a,60,57.01133433354141,31.724806163469232,33.215029199652186,57.77559876567224,0.9418469400000248,179.70585553707605,1.1082296900019342,0.994645819739892,True,5400.0
"B1 hold speed, raw yaw",S3a,60,55.010676217104354,6.516424231371941,32.35711695027762,55.010676217104354,3.911674849999971,844.1850049029517,0.8191319444444449,-0.8191319444444449,False,
"B2 true speed, stop-bias yaw",S3a,60,10.025908602035209,1.187643531193473,5.428971277848534,10.025908602035209,1.3136685951806528,844.1850049029517,0.0,0.0,False,
"E1 learned speed, stop-bias yaw",S3a,60,75.99581147390435,9.002269766997449,79.01587485453761,102.45552145005418,1.3136685951806528,844.1850049029517,2.2834365719086356,-1.2844437614739084,False,
"E2 learned speed, stop-bias yaw",S3a,60,21.56547435722258,2.5545910235282805,51.688589428725045,77.20074670793899,1.3136685951806528,844.1850049029517,2.743713385145362,-0.32448445990573466,False,
"E2 learned speed, raw yaw",S3a,60,37.295481490660336,4.417927500968565,53.478047866092,77.24099685237,3.911674849999971,844.1850049029517,2.743713385145362,-0.32448445990573466,False,6000.0
"B1 hold speed, raw yaw",S3a,60,47.90785831088003,5.492661032137124,19.82516840459989,47.90785831088003,2.6087235899999714,872.2158172618872,0.7733675925925922,-0.7215203703703698,True,
"B2 true speed, stop-bias yaw",S3a,60,5.514371896340391,0.6322256243473595,3.2437365118933728,5.515022801483685,0.07017153054770053,872.2158172618872,0.0,0.0,True,
"E1 learned speed, stop-bias yaw",S3a,60,83.51348735447246,9.574865039325136,34.371277381157775,83.51348735447246,0.07017153054770053,872.2158172618872,1.9526318494271235,-1.4230253777650148,True,
"E2 learned speed, stop-bias yaw",S3a,60,30.121654752279888,3.453463484168358,14.449548209495418,30.121654752279888,0.07017153054770053,872.2158172618872,1.4648592511881808,-0.5240585260286383,True,
"E2 learned speed, raw yaw",S3a,60,36.862765908924985,4.226335406831628,17.573004591733465,36.862765908924985,2.6087235899999714,872.2158172618872,1.4648592511881808,-0.5240585260286383,True,6600.0
"B1 hold speed, raw yaw",S3a,60,73.49188479903125,7.681416484773218,35.2899321218239,73.49188479903125,4.61831742999998,956.7491223098416,1.6129939814814815,0.6145300925925916,True,
"B2 true speed, stop-bias yaw",S3a,60,69.71712473292946,7.286876267481088,36.516525619400575,69.71712473292946,7.1568694894525064,956.7491223098416,0.0,0.0,True,
"E1 learned speed, stop-bias yaw",S3a,60,121.11653237778884,12.659173607118865,83.32041194207125,121.135776209363,7.1568694894525064,956.7491223098416,2.5044505541100848,-1.7450563547996982,True,
"E2 learned speed, stop-bias yaw",S3a,60,126.63116762430958,13.235566636171974,72.58586157859342,126.63116762430958,7.1568694894525064,956.7491223098416,2.1978149236434517,-1.8990460119676702,True,
"E2 learned speed, raw yaw",S3a,60,118.7081791265514,12.407451060938413,68.8190611862165,118.7081791265514,4.61831742999998,956.7491223098416,2.1978149236434517,-1.8990460119676702,True,7200.0
"B1 hold speed, raw yaw",S3a,60,330.19652966157463,32.911849620280776,148.3444488779418,330.19652966157463,2.4103245000001414,1003.2755176971353,6.535409722222223,-6.282902314814816,True,
"B2 true speed, stop-bias yaw",S3a,60,37.92846086674968,3.7804631128454758,15.45817530206225,37.92846086674968,4.948876559452297,1003.2755176971353,0.0,0.0,True,
"E1 learned speed, stop-bias yaw",S3a,60,244.23333337264896,24.343595459525318,112.63859183017131,244.23333337264896,4.948876559452297,1003.2755176971353,4.6195658246457185,-4.585434104294007,True,
"E2 learned speed, stop-bias yaw",S3a,60,134.76343206717522,13.4323453219016,59.18245983976769,134.76343206717522,4.948876559452297,1003.2755176971353,2.6828521760908317,-2.4839704854718843,True,
"E2 learned speed, raw yaw",S3a,60,134.08153354369085,13.364378097399845,59.77084651168659,134.08153354369085,2.4103245000001414,1003.2755176971353,2.6828521760908317,-2.4839704854718843,True,7800.0
"B1 hold speed, raw yaw",S3a,60,32.40722676754583,2.6979541088561216,35.31962409584197,62.2618919149176,6.691327319999966,1201.1778355001688,2.7558416666666674,0.5812888888888866,True,
"B2 true speed, stop-bias yaw",S3a,60,48.263943336087294,4.0180514416493756,23.20483409911304,48.263943336087294,9.229879379452365,1201.1778355001688,0.0,0.0,True,
"E1 learned speed, stop-bias yaw",S3a,60,131.92363093840072,10.982855913543217,100.19975093163472,166.62732493248126,9.229879379452365,1201.1778355001688,3.5392274647783575,-2.1435268781711794,True,
"E2 learned speed, stop-bias yaw",S3a,60,119.3840762737409,9.93891768108005,89.33370312631126,148.51704952959602,9.229879379452365,1201.1778355001688,2.9437715261082547,-1.921821582059175,True,
"E2 learned speed, raw yaw",S3a,60,114.12324980593729,9.500945358221376,86.68979553993967,142.57972513741973,6.691327319999966,1201.1778355001688,2.9437715261082547,-1.921821582059175,True,8400.0
"B1 hold speed, raw yaw",S3a,60,61.42891006172091,4.0922451289370425,29.082986317260417,61.42891006172091,4.358303600000003,1501.105337687262,0.7192763888888892,-0.10089212962963197,True,
"B2 true speed, stop-bias yaw",S3a,60,94.4983386534319,6.295250325271946,43.62677027779531,94.4983386534319,6.896855659452338,1501.105337687262,0.0,0.0,True,
"E1 learned speed, stop-bias yaw",S3a,60,280.915821404957,18.713931284646634,155.72001978701314,280.915821404957,6.896855659452338,1501.105337687262,4.571680847978366,-4.563261391603989,True,
"E2 learned speed, stop-bias yaw",S3a,60,201.67998983299645,13.435432195832627,116.86307036761373,201.7958544869464,6.896855659452338,1501.105337687262,3.1531966674871765,-3.0844489954598413,True,
"E2 learned speed, raw yaw",S3a,60,189.38322201815612,12.616251322504587,112.63163403990718,190.18886922520338,4.358303600000003,1501.105337687262,3.1531966674871765,-3.0844489954598413,True,9600.0
"B1 hold speed, raw yaw",S3a,60,180.39499800124815,16.34007095538476,140.18140526722837,196.02717517659136,1.8543447600000047,1104.0037616348307,3.4436685185185176,2.9202018518518504,True,
"B2 true speed, stop-bias yaw",S3a,60,68.77530323341327,6.229625805945574,34.4126102117558,68.77530323341327,4.392896819452327,1104.0037616348307,0.0,0.0,True,
"E1 learned speed, stop-bias yaw",S3a,60,79.41667592891659,7.1935149760101185,61.83829010467322,97.57181618038521,4.392896819452327,1104.0037616348307,2.7156805153269157,0.9619331495529303,True,
"E2 learned speed, stop-bias yaw",S3a,60,71.09329094934287,6.439587745975296,59.687038708398894,89.17940288519698,4.392896819452327,1104.0037616348307,2.227372285121734,0.655134312602899,True,
"E2 learned speed, raw yaw",S3a,60,54.06121639249484,4.896832626044673,54.478824970041394,83.52116862726317,1.8543447600000047,1104.0037616348307,2.227372285121734,0.655134312602899,True,10200.0
"B1 hold speed, raw yaw",S3a,60,172.05524144236335,14.542249534313113,75.93712608275642,172.05524144236335,1.3853449400000122,1183.140483433399,2.9675365740740745,2.7968421296296304,True,
"B2 true speed, stop-bias yaw",S3a,60,52.58729409468935,4.444721048009814,24.218777738673108,52.58729409468935,3.923896999452385,1183.140483433399,0.0,0.0,True,
"E1 learned speed, stop-bias yaw",S3a,60,126.69309921301587,10.708204223167185,52.15163981246876,126.69309921301587,3.923896999452385,1183.140483433399,2.0542740730328766,1.8686897004788374,True,
"E2 learned speed, stop-bias yaw",S3a,60,162.79855489454235,13.759866826812589,78.43214875605439,162.79855489454235,3.923896999452385,1183.140483433399,2.502235829295812,2.502157366628578,True,
"E2 learned speed, raw yaw",S3a,60,155.349666153033,13.130280666436,75.1680206400956,155.349666153033,1.3853449400000122,1183.140483433399,2.502235829295812,2.502157366628578,True,10800.0
"B1 hold speed, raw yaw",S3a,60,59.20431443131642,5.848079651479761,28.762359516079158,59.20431443131642,6.053288479999991,1012.3718888872475,0.6465259259259254,0.511848148148147,True,
"B2 true speed, stop-bias yaw",S3a,60,60.53866926938343,5.979884460830372,26.741373065232636,60.53866926938343,7.629575422894739,1012.3718888872475,0.0,0.0,True,
"E1 learned speed, stop-bias yaw",S3a,60,78.74605816029937,7.7783726538331095,35.59272231333652,78.74605816029937,7.629575422894739,1012.3718888872475,1.3758350835438342,0.8778230554329832,True,
"E2 learned speed, stop-bias yaw",S3a,60,103.82329679263961,10.255450386592361,43.55498315823844,103.82329679263961,7.629575422894739,1012.3718888872475,1.5801147379815454,1.3929288912708215,True,
"E2 learned speed, raw yaw",S3a,60,96.39071400182257,9.521275240837713,40.32316574606736,96.39071400182257,6.053288479999991,1012.3718888872475,1.5801147379815454,1.3929288912708215,True,11400.0
"B1 hold speed, raw yaw",S3a,60,146.70607709874758,15.815777632693019,57.81634666087311,146.70607709874758,3.678294170000009,927.5931952627443,2.4814949074074075,2.3639245370370374,True,
"B2 true speed, stop-bias yaw",S3a,60,33.56584467519424,3.6185953979197305,16.4248000376794,33.56584467519424,4.4147605948360615,927.5931952627443,0.0,0.0,True,
"E1 learned speed, stop-bias yaw",S3a,60,29.381856981497094,3.1675369258368233,44.5309082822022,67.10474445803135,4.4147605948360615,927.5931952627443,2.048198162769504,-0.2784530384986677,True,
"E2 learned speed, stop-bias yaw",S3a,60,33.36344945835651,3.5967760036128973,25.547378496878135,38.40036378617194,4.4147605948360615,927.5931952627443,1.0711168785619987,-0.21077554775121074,True,
"E2 learned speed, raw yaw",S3a,60,28.067940444535818,3.0258889983108883,24.05372314808347,37.00251907534772,3.678294170000009,927.5931952627443,1.0711168785619987,-0.21077554775121074,True,12000.0
"B1 hold speed, raw yaw",S3a,60,222.5130302057383,36.28490367658339,90.398257966962,222.5130302057383,7.233321509999996,613.2385859117989,3.6803740740740736,3.671212962962963,True,
"B2 true speed, stop-bias yaw",S3a,60,27.663745043923345,4.511090084586129,13.780705305579717,27.674912102846044,7.1883892022,613.2385859117989,0.0,0.0,True,
"E1 learned speed, stop-bias yaw",S3a,60,128.91074340553183,21.021303350287365,56.29001620977883,128.933758874769,7.1883892022,613.2385859117989,3.6094914626529113,2.0502996195240186,True,
"E2 learned speed, stop-bias yaw",S3a,60,203.24255968633753,33.14249369748067,93.39630433808564,203.26556861341064,7.1883892022,613.2385859117989,3.6140501188507037,3.312703045929643,True,
"E2 learned speed, raw yaw",S3a,60,203.2820244554939,33.14892916486042,93.41634265598896,203.30502884116206,7.233321509999996,613.2385859117989,3.6140501188507037,3.312703045929643,True,12600.0
"B1 hold speed, raw yaw",S3a,60,286.5593893631842,68.56957353413841,230.5892402020181,322.4390804976197,2.2822723699999306,417.91041506261695,6.2083259259259265,-4.896963888888889,True,
"B2 true speed, stop-bias yaw",S3a,60,7.143351833588304,1.7093021796353152,5.408020083153628,7.508295400790671,0.7521987355665055,417.91041506261695,0.0,0.0,True,
"E1 learned speed, stop-bias yaw",S3a,60,88.63537482027,21.20918063432075,68.70353339679761,101.80906395814777,0.7521987355665055,417.91041506261695,2.2151263090993827,-1.5345086038046616,True,
"E2 learned speed, stop-bias yaw",S3a,60,26.696653399206866,6.38812827749383,14.051315322424932,26.696653399206866,0.7521987355665055,417.91041506261695,1.3033054748763038,0.40832933767534496,True,
"E2 learned speed, raw yaw",S3a,60,27.854531439683708,6.665191973143375,14.945476838511992,27.854531439683708,2.2822723699999306,417.91041506261695,1.3033054748763038,0.40832933767534496,True,13800.0
"B1 hold speed, raw yaw",S3a,60,4.065828063878448,1.357869066723656,87.99037431429768,145.9891645400043,12.746210240000021,299.4271070397612,4.928330555555555,0.026627777777777435,True,
"B2 true speed, stop-bias yaw",S3a,60,1.999296354071226,0.6677072005393746,1.6451520151318186,2.4245129800824086,11.408961520767807,299.4271070397612,0.0,0.0,True,
"E1 learned speed, stop-bias yaw",S3a,60,10.767754710628873,3.5961188741669314,33.88461921056765,66.60076949163299,11.408961520767807,299.4271070397612,2.0439116311164094,-0.19409817852973485,True,
"E2 learned speed, stop-bias yaw",S3a,60,11.559267019950216,3.860461109960646,20.624361340449067,39.07052084153946,11.408961520767807,299.4271070397612,1.4591152349736052,0.1472628713151886,True,
"E2 learned speed, raw yaw",S3a,60,11.039507981062041,3.6868766125426626,20.416084434631404,39.01704532620865,12.746210240000021,299.4271070397612,1.4591152349736052,0.1472628713151886,True,14400.0
"B1 hold speed, raw yaw",S3a,60,73.27063798035525,10.893132626736643,43.105759844485156,73.62251977611555,2.094698579999996,672.6314687523053,1.436584722222223,1.2801402777777793,True,
"B2 true speed, stop-bias yaw",S3a,60,13.73824432603951,2.042462323614327,4.893429479014242,13.73824432603951,3.606834970533989,672.6314687523053,0.0,0.0,True,
"E1 learned speed, stop-bias yaw",S3a,60,11.029916209253752,1.6398156675175553,11.891357078030985,20.37270755977077,3.606834970533989,672.6314687523053,1.4962394306424516,0.11913235283343042,True,
"E2 learned speed, stop-bias yaw",S3a,60,28.68956306404812,4.2652722028105075,18.131211479363508,29.236849142437503,3.606834970533989,672.6314687523053,0.9532583511098316,0.46341758908945374,True,
"E2 learned speed, raw yaw",S3a,60,27.632035345738355,4.10804974631863,18.201274167572763,29.08495092269644,2.094698579999996,672.6314687523053,0.9532583511098316,0.46341758908945374,True,15600.0
"B1 hold speed, raw yaw",S3a,60,110.9329233156124,17.02142029849995,63.16263890526299,110.9329233156124,3.3926696599999673,651.725422263315,1.8436773148148153,1.843636574074075,True,
"B2 true speed, stop-bias yaw",S3a,60,29.93251682140229,4.592810990470881,13.956284680689494,29.93251682140229,4.904806050533972,651.725422263315,0.0,0.0,True,
"E1 learned speed, stop-bias yaw",S3a,60,133.58004585620284,20.49636876098917,72.11709401970639,133.58004585620284,4.904806050533972,651.725422263315,2.2084863723720627,2.2084863723720627,True,
"E2 learned speed, stop-bias yaw",S3a,60,112.7142368665444,17.294743003136183,56.77466250926965,112.7142368665444,4.904806050533972,651.725422263315,1.8342053098096192,1.833864748360228,True,
"E2 learned speed, raw yaw",S3a,60,110.71327518726638,16.98771774204861,55.912810182178895,110.71327518726638,3.3926696599999673,651.725422263315,1.8342053098096192,1.833864748360228,True,16200.0
"B1 hold speed, raw yaw",S3a,60,38.85220718461861,6.199168890465533,35.20343164575161,61.588779073702646,2.2806633700000187,626.7325164244874,1.4250671296296298,-0.6224393518518527,True,
"B2 true speed, stop-bias yaw",S3a,60,33.00385020644389,5.266018491386254,19.07001480439256,33.00385020644389,3.7927997605340624,626.7325164244874,0.0,0.0,True,
"E1 learned speed, stop-bias yaw",S3a,60,55.4791334541443,8.852123034983581,29.601435575340584,55.4791334541443,3.7927997605340624,626.7325164244874,1.4781236000398936,-0.8363727189182913,True,
"E2 learned speed, stop-bias yaw",S3a,60,55.18055547307261,8.804482618498557,32.830852711744576,55.18055547307261,3.7927997605340624,626.7325164244874,0.8999513449597737,0.3227823490981773,True,
"E2 learned speed, raw yaw",S3a,60,49.254644816818896,7.858957932774405,30.387397777962413,49.254644816818896,2.2806633700000187,626.7325164244874,0.8999513449597737,0.3227823490981773,True,16800.0
"B1 hold speed, raw yaw",S3a,60,124.07951177772851,28.84847910153858,59.47911242638776,124.07951177772851,174.29834803,430.1076370126942,3.601018981481481,3.6007319444444437,True,
"B2 true speed, stop-bias yaw",S3a,60,5.917743682967761,1.3758750539909863,4.21233473631673,7.1292092420266675,172.78621163946562,430.1076370126942,0.0,0.0,True,
"E1 learned speed, stop-bias yaw",S3a,60,58.46787969733165,13.593778548881247,40.59909065927968,58.46787969733165,172.78621163946562,430.1076370126942,2.1556607496651803,2.088612121710139,True,
"E2 learned speed, stop-bias yaw",S3a,60,47.80311595043677,11.114221612629935,25.38858684143755,47.80311595043677,172.78621163946562,430.1076370126942,1.5890987055884738,1.4505390340681341,True,
"E2 learned speed, raw yaw",S3a,60,48.5495328704838,11.287763502104685,24.813095669799125,48.5495328704838,174.29834803,430.1076370126942,1.5890987055884738,1.4505390340681341,True,17400.0
"B1 hold speed, raw yaw",S3a,60,72.33657794230014,15.493448561266105,37.54908429381784,72.33657794230014,4.772340739999912,466.8849395036742,2.710240740740741,1.9164981481481493,True,
"B2 true speed, stop-bias yaw",S3a,60,4.30287112754998,0.9216127494119176,2.920121959024369,4.624954428018897,3.3574595663618534,466.8849395036742,0.0,0.0,True,
"E1 learned speed, stop-bias yaw",S3a,60,64.92445490616197,13.905879032033125,30.069713274975562,64.92445490616197,3.3574595663618534,466.8849395036742,1.578478554251927,1.3557293702815896,True,
"E2 learned speed, stop-bias yaw",S3a,60,22.991537562948423,4.9244547462571315,18.75905112795567,31.502163843200574,3.3574595663618534,466.8849395036742,1.310142031296224,-0.548970820424874,True,
"E2 learned speed, raw yaw",S3a,60,21.75041943191703,4.658625196828792,18.56989231051487,31.738637398791052,4.772340739999912,466.8849395036742,1.310142031296224,-0.548970820424874,True,18600.0
"B1 hold speed, raw yaw",S3a,60,188.84012636637019,51.00858836763113,83.7304281176401,188.84012636637019,2.155367240000121,370.21241404556054,4.47388287037037,-3.811879166666666,True,
"B2 true speed, stop-bias yaw",S3a,60,8.776605232046009,2.370694471354466,9.629431636203696,12.954013711982242,0.7404860663617319,370.21241404556054,0.0,0.0,True,
"E1 learned speed, stop-bias yaw",S3a,60,86.45764214169486,23.353523237352835,55.03460639080235,86.45764214169486,0.7404860663617319,370.21241404556054,2.0744031725033314,-0.6785161470506426,True,
"E2 learned speed, stop-bias yaw",S3a,60,71.33202192604473,19.267863318399204,45.17084858866781,72.37364463319662,0.7404860663617319,370.21241404556054,1.9265178612742337,-1.1299927013675362,True,
"E2 learned speed, raw yaw",S3a,60,74.10702870642771,20.017434827916833,46.10531686769106,74.52007664242537,2.155367240000121,370.21241404556054,1.9265178612742337,-1.1299927013675362,True,19200.0
"B1 hold speed, raw yaw",S3a,60,125.46890456507147,22.79499329273493,84.59571358620612,125.46890456507147,2.9293388599998993,550.4230817433936,3.322003703703704,2.5830518518518515,True,
"B2 true speed, stop-bias yaw",S3a,60,8.665041163999314,1.5742510536720085,4.772072701913648,8.665041163999314,1.5144576863621206,550.4230817433936,0.0,0.0,True,
"E1 learned speed, stop-bias yaw",S3a,60,38.534516997147556,7.000890455955169,30.72137952621311,44.27585107393584,1.5144576863621206,550.4230817433936,2.291236277663365,-0.18187320289568396,True,
"E2 learned speed, stop-bias yaw",S3a,60,41.40321587874418,7.522071157990844,25.387372847905684,41.40321587874418,1.5144576863621206,550.4230817433936,1.676133897227215,0.8900162065401389,True,
"E2 learned speed, raw yaw",S3a,60,38.93872894289397,7.07432704667119,23.818396599357897,38.93872894289397,2.9293388599998993,550.4230817433936,1.676133897227215,0.8900162065401389,True,19800.0
"B1 hold speed, raw yaw",S3a,60,60.139977772000066,12.763920103617156,31.09200635059992,60.139977772000066,3.790365610000033,471.17168772434616,1.6655652777777785,1.534544907407409,True,
"B2 true speed, stop-bias yaw",S3a,60,3.505632224809215,0.7440243792534807,2.5289739985937727,3.689828576525093,2.375484436361898,471.17168772434616,0.0,0.0,True,
"E1 learned speed, stop-bias yaw",S3a,60,31.038986573360525,6.587617079301154,21.239130181724175,31.99985516160718,2.375484436361898,471.17168772434616,1.1175328021886726,0.6967772675020327,True,
"E2 learned speed, stop-bias yaw",S3a,60,8.373009200905338,1.7770611900186744,5.888347416540495,11.44363095386424,2.375484436361898,471.17168772434616,0.8346991035519128,0.036162989247165885,True,
"E2 learned speed, raw yaw",S3a,60,7.935696242957275,1.6842472605442218,5.125538266186173,9.680904861537906,3.790365610000033,471.17168772434616,0.8346991035519128,0.036162989247165885,True,20400.0
"B1 hold speed, raw yaw",S3a,60,30.234192128126594,9.420649736326517,17.78586726302303,30.234192128126594,1.3133616100002272,320.9353173544068,1.2303893518518516,0.48855601851851843,True,
"B2 true speed, stop-bias yaw",S3a,60,1.2541259193151229,0.3907721747962689,1.439825954976267,1.9793033104278064,0.10151956363841663,320.9353173544068,0.0,0.0,True,
"E1 learned speed, stop-bias yaw",S3a,60,20.39527012115112,6.354947248958816,12.907169889036954,20.79109563755539,0.10151956363841663,320.9353173544068,1.4070654374061629,0.6541343945669315,True,
"E2 learned speed, stop-bias yaw",S3a,60,34.00329591319254,10.595062018569593,17.8908472986555,38.94950335191854,0.10151956363841663,320.9353173544068,1.22727492546315,-0.3115680418328085,True,
"E2 learned speed, raw yaw",S3a,60,35.880859227834634,11.18009059383503,18.572469105766007,40.16486824321914,1.3133616100002272,320.9353173544068,1.22727492546315,-0.3115680418328085,True,21000.0
"B1 hold speed, raw yaw",S3a,60,135.49894349228708,35.35331469355319,73.25784780574102,135.49894349228708,3.6913364399999344,383.2708323584601,2.9175125,-2.6822134259259256,True,
"B2 true speed, stop-bias yaw",S3a,60,15.29697636299006,3.991166316742653,8.514763082345253,15.525862869614624,2.2764552663613413,383.2708323584601,0.0,0.0,True,
"E1 learned speed, stop-bias yaw",S3a,60,24.00991600828234,6.264477748159736,11.176730155716585,26.727215906163796,2.2764552663613413,383.2708323584601,1.4129744256824348,0.5205755528679894,True,
"E2 learned speed, stop-bias yaw",S3a,60,16.011431138292394,4.177576216735807,9.85096226495688,20.58120590521762,2.2764552663613413,383.2708323584601,1.0771201684482037,0.3476360494286619,True,
"E2 learned speed, raw yaw",S3a,60,19.629986044932892,5.121700997735626,11.555169323907224,24.449678894582693,3.6913364399999344,383.2708323584601,1.0771201684482037,0.3476360494286619,True,21600.0
"B1 hold speed, raw yaw",S3a,60,51.469227914545655,11.152142482892772,35.684602092919796,55.59147230748121,0.6193258700000498,461.5187439857293,1.6793462962962964,1.0636259259259262,True,
"B2 true speed, stop-bias yaw",S3a,60,8.132341168597318,1.7620825317657691,4.839313797513369,8.173921852237665,0.6997205626058566,461.5187439857293,0.0,0.0,True,
"E1 learned speed, stop-bias yaw",S3a,60,18.518175651501597,4.012442808189433,10.753758470690412,18.518175651501597,0.6997205626058566,461.5187439857293,1.1351292595745492,-0.1718117644855514,True,
"E2 learned speed, stop-bias yaw",S3a,60,14.514159259011208,3.1448688592071576,9.706129844986787,17.462103154673585,0.6997205626058566,461.5187439857293,0.9192706566402944,0.22488380323320223,True,
"E2 learned speed, raw yaw",S3a,60,12.900218181472024,2.795166685986412,9.360987956094766,16.446303449704917,0.6193258700000498,461.5187439857293,0.9192706566402944,0.22488380323320223,True,22200.0
"B1 hold speed, raw yaw",S3a,60,31.916115325821387,10.03603766424682,15.61024476831506,31.916115325821387,5.574380450000488,318.01510111427643,1.5570902777777775,1.1572263888888885,True,
"B2 true speed, stop-bias yaw",S3a,60,8.850132174864283,2.7829282772594035,3.796592329968071,8.850132174864283,5.182678119404181,318.01510111427643,0.0,0.0,True,
"E1 learned speed, stop-bias yaw",S3a,60,15.929617915297202,5.009075939941924,13.3061733501571,23.015271624375153,5.182678119404181,318.01510111427643,1.3180191919772748,-0.12792128725100788,True,
"E2 learned speed, stop-bias yaw",S3a,60,16.279102887864614,5.118971656007881,12.34740116202876,21.737876515375504,5.182678119404181,318.01510111427643,1.1828919303748406,-0.5223823863848928,True,
"E2 learned speed, raw yaw",S3a,60,16.662202524612614,5.2394375192344,12.438124380990944,21.829650179991962,5.574380450000488,318.01510111427643,1.1828919303748406,-0.5223823863848928,True,22800.0
"B1 hold speed, raw yaw",S3a,60,140.09402343994006,22.516645782051995,62.73930683408272,140.09402343994006,6.307368659999944,622.1798077563086,3.5732138888888882,-2.0821712962962953,True,
"B2 true speed, stop-bias yaw",S3a,60,19.47291035994953,3.1297882247532782,7.068349321895845,19.47291035994953,5.891340614305507,622.1798077563086,0.0,0.0,True,
"E1 learned speed, stop-bias yaw",S3a,60,47.56852931680673,7.645463373095848,30.432877074288367,47.56852931680673,5.891340614305507,622.1798077563086,1.3613477715280806,-0.7093701031438753,True,
"E2 learned speed, stop-bias yaw",S3a,60,75.74697504294515,12.1744508739527,42.49484293861884,75.74697504294515,5.891340614305507,622.1798077563086,1.5055867772440434,-1.2253060916298621,True,
"E2 learned speed, raw yaw",S3a,60,76.01151396250141,12.216968955744882,42.4774447483689,76.01151396250141,6.307368659999944,622.1798077563086,1.5055867772440434,-1.2253060916298621,True,23400.0
"B1 hold speed, raw yaw",S3a,60,47.13166448858237,8.994745844298045,39.111820487801324,62.68451969353666,3.9773289400006764,523.991064388552,3.705114351851851,3.6962569444444426,True,
"B2 true speed, stop-bias yaw",S3a,60,3.084351779817623,0.5886267895458809,2.3813537538892517,4.439278357246819,4.509704366333491,523.991064388552,0.0,0.0,True,
"E1 learned speed, stop-bias yaw",S3a,60,11.101496858973663,2.118642399356191,7.586926221099014,12.651196596799894,4.509704366333491,523.991064388552,1.0073741354580261,-0.3951569103055082,True,
"E2 learned speed, stop-bias yaw",S3a,60,15.54608615258674,2.9668609274334767,10.501951874327835,15.54608615258674,4.509704366333491,523.991064388552,0.8389466992233241,-0.32141039500427393,True,
"E2 learned speed, raw yaw",S3a,60,16.24774626177627,3.1007678118969175,10.60594789470499,16.24774626177627,3.9773289400006764,523.991064388552,0.8389466992233241,-0.32141039500427393,True,24000.0
"B1 hold speed, raw yaw",S3a,120,234.93017904034102,19.223767762374962,169.95356206376857,234.93017904034102,5.302677759999955,1222.0818621214817,2.1578363425925926,0.9846988425925919,True,
"B2 true speed, stop-bias yaw",S3a,120,130.48481430010588,10.677256437927149,63.87902232940643,130.48481430010588,5.302677759999955,1222.0818621214817,0.0,0.0,True,
"E1 learned speed, stop-bias yaw",S3a,120,211.8067259822817,17.331631582731646,131.98763833968593,220.52393240355073,5.302677759999955,1222.0818621214817,2.352663535167477,0.7651931023863813,True,
"E2 learned speed, stop-bias yaw",S3a,120,238.74216963261574,19.53569372334596,138.0750227206239,250.11539818496695,5.302677759999955,1222.0818621214817,2.389880305164608,1.3817204177978442,True,
"E2 learned speed, raw yaw",S3a,120,238.74216963261574,19.53569372334596,138.0750227206239,250.11539818496695,5.302677759999955,1222.0818621214817,2.389880305164608,1.3817204177978442,True,600.0
"B1 hold speed, raw yaw",S3a,120,174.69792370425756,13.848507689505176,93.85391328715563,217.02160677576322,14.196264069999982,1261.4927732368521,2.6101458333333336,1.442951851851851,True,
"B2 true speed, stop-bias yaw",S3a,120,73.57220267121069,5.832154113925876,21.97229533346009,73.57220267121069,14.196264069999982,1261.4927732368521,0.0,0.0,True,
"E1 learned speed, stop-bias yaw",S3a,120,71.19015342292687,5.643326298276029,41.89133584628506,71.78612096415594,14.196264069999982,1261.4927732368521,1.6504486821040438,0.29669500052568326,True,
"E2 learned speed, stop-bias yaw",S3a,120,93.19551228082761,7.3877167002469735,41.55219234477519,93.19551228082761,14.196264069999982,1261.4927732368521,1.3279758810641153,-0.5515005531633401,True,
"E2 learned speed, raw yaw",S3a,120,93.19551228082761,7.3877167002469735,41.55219234477519,93.19551228082761,14.196264069999982,1261.4927732368521,1.3279758810641153,-0.5515005531633401,True,1200.0
"B1 hold speed, raw yaw",S3a,120,331.0367853312328,29.114812206383842,157.09504177325434,331.0367853312328,20.102301589999723,1137.004707379319,5.5222594907407405,2.8707298611111103,True,
"B2 true speed, stop-bias yaw",S3a,120,222.20938132745454,19.543400294236665,124.60108624437613,222.4328722302933,20.102301589999723,1137.004707379319,0.0,0.0,True,
"E1 learned speed, stop-bias yaw",S3a,120,263.63672392560227,23.186950961114164,142.33471839982874,263.6869298924099,20.102301589999723,1137.004707379319,2.207348892838755,-1.6886163336257085,True,
"E2 learned speed, stop-bias yaw",S3a,120,243.8581351340841,21.447416492773588,131.70083746738317,243.92149601155444,20.102301589999723,1137.004707379319,1.9231293543175862,-1.4486795743439518,True,
"E2 learned speed, raw yaw",S3a,120,243.8581351340841,21.447416492773588,131.70083746738317,243.92149601155444,20.102301589999723,1137.004707379319,1.9231293543175862,-1.4486795743439518,True,1800.0
"B1 hold speed, raw yaw",S3a,120,958.1674508653043,88.86301674602721,577.5030026899535,958.1674508653043,10.51051781000002,1078.2522200475946,7.894173842592593,7.889217361111112,True,
"B2 true speed, stop-bias yaw",S3a,120,78.75170688347326,7.30364430689483,23.28403556323894,78.75170688347326,12.869122806750125,1078.2522200475946,0.0,0.0,True,
"E1 learned speed, stop-bias yaw",S3a,120,118.93913519745392,11.030734088560827,61.09472679159055,118.93913519745392,12.869122806750125,1078.2522200475946,1.0620869234200856,-0.712831434629507,True,
"E2 learned speed, stop-bias yaw",S3a,120,186.21929176392823,17.270476081719398,70.74059354496096,186.21929176392823,12.869122806750125,1078.2522200475946,1.8081378962514472,-1.506673164549146,True,
"E2 learned speed, raw yaw",S3a,120,206.80668941555126,19.179806502640236,82.39074039632203,206.80668941555126,10.51051781000002,1078.2522200475946,1.8081378962514472,-1.506673164549146,True,2400.0
"B1 hold speed, raw yaw",S3a,120,416.0187829289474,34.69786360143159,262.8238122997395,416.0187829289474,3.469578429999948,1198.975209850623,3.7693460648148145,3.5605414351851836,True,
"B2 true speed, stop-bias yaw",S3a,120,121.10197447526164,10.100456913562825,47.4681846415463,121.10197447526164,13.252085741500057,1198.975209850623,0.0,0.0,True,
"E1 learned speed, stop-bias yaw",S3a,120,122.84337314742248,10.245697503848072,51.64803856224418,122.84337314742248,13.252085741500057,1198.975209850623,1.6161526255789997,0.0038539982018081296,True,
"E2 learned speed, stop-bias yaw",S3a,120,228.235573055978,19.03588757972846,118.2358111353689,228.235573055978,13.252085741500057,1198.975209850623,2.1241956193791975,1.4555461379801056,True,
"E2 learned speed, raw yaw",S3a,120,174.90775323151345,14.58810422388172,100.95368505347652,193.22499339194835,3.469578429999948,1198.975209850623,2.1241956193791975,1.4555461379801056,True,3600.0
"B1 hold speed, raw yaw",S3a,120,326.3219206631454,25.554369253189847,208.36812709420954,343.3377719332118,1.5613232700000292,1276.9711411382693,3.308983564814815,-2.7730789351851857,True,
"B2 true speed, stop-bias yaw",S3a,120,106.70989117085475,8.356484162651903,54.66870766535736,106.70989117085475,6.298583322796247,1276.9711411382693,0.0,0.0,True,
"E1 learned speed, stop-bias yaw",S3a,120,148.0108354293385,11.59077371924038,80.0623744712415,148.0108354293385,6.298583322796247,1276.9711411382693,2.128284502496361,-0.49796745172004897,True,
"E2 learned speed, stop-bias yaw",S3a,120,129.60245184680466,10.149207579685735,63.33645730155122,129.60245184680466,6.298583322796247,1276.9711411382693,1.7149014824140592,0.020932403011476204,True,
"E2 learned speed, raw yaw",S3a,120,48.176821434066106,3.772741597834556,27.98026473955339,48.176821434066106,1.5613232700000292,1276.9711411382693,1.7149014824140592,0.020932403011476204,True,4200.0
"B1 hold speed, raw yaw",S3a,120,683.940015048799,86.47164675208697,337.6249674891554,685.1711555186088,2.356514189999938,790.9413556210461,6.0311715277777775,5.795856249999999,True,
"B2 true speed, stop-bias yaw",S3a,120,17.362417314086294,2.1951586158310494,7.007449689368201,17.362417314086294,5.503392402795538,790.9413556210461,0.0,0.0,True,
"E1 learned speed, stop-bias yaw",S3a,120,72.90360877486253,9.21732164549908,45.63840508814442,72.90360877486253,5.503392402795538,790.9413556210461,2.021968701367676,0.2407438688012786,True,
"E2 learned speed, stop-bias yaw",S3a,120,79.33127175965208,10.029981514541147,41.17350189689404,79.33127175965208,5.503392402795538,790.9413556210461,1.6350341760532638,0.45408564988000233,True,
"E2 learned speed, raw yaw",S3a,120,57.563591187863864,7.277858311336497,30.850217271774515,60.221063580477356,2.356514189999938,790.9413556210461,1.6350341760532638,0.45408564988000233,True,4800.0
"B1 hold speed, raw yaw",S3a,120,821.586863966008,80.13724696980677,352.9196915487428,821.586863966008,5.28851999000002,1025.2247176341814,7.874869444444445,-7.011837037037036,True,
"B2 true speed, stop-bias yaw",S3a,120,40.60388877127467,3.9604867179726804,16.610414562942356,40.60388877127467,2.571386602796295,1025.2247176341814,0.0,0.0,True,
"E1 learned speed, stop-bias yaw",S3a,120,167.42399242375498,16.330467803205547,81.71305649526299,167.42399242375498,2.571386602796295,1025.2247176341814,2.0980347872652954,-1.4052832865723976,True,
"E2 learned speed, stop-bias yaw",S3a,120,44.48787892740374,4.3393295306090955,33.317473608982716,60.17976818451579,2.571386602796295,1025.2247176341814,1.7522017870724798,0.18871857126089342,True,
"E2 learned speed, raw yaw",S3a,120,60.15934191458747,5.867917626236301,36.34380368019857,60.15934191458747,5.28851999000002,1025.2247176341814,1.7522017870724798,0.18871857126089342,True,5400.0
"B1 hold speed, raw yaw",S3a,120,161.12215881891862,9.37962106898607,76.8187957202295,161.12215881891862,6.305398439999956,1717.7896381301873,1.0437983796296302,-1.0437983796296302,True,
"B2 true speed, stop-bias yaw",S3a,120,31.25351912058866,1.8194031694479242,15.534269824084609,31.25351912058866,1.1050486912047528,1717.7896381301873,0.0,0.0,True,
"E1 learned speed, stop-bias yaw",S3a,120,126.33030536528241,7.354236081129984,80.81704013753588,126.33030536528241,1.1050486912047528,1717.7896381301873,2.2056691729020934,-1.0604891094059687,True,
"E2 learned speed, stop-bias yaw",S3a,120,50.61920154418014,2.9467637026428393,48.882383645361344,77.20074670793899,1.1050486912047528,1717.7896381301873,2.643665833936014,0.2926806310707733,True,
"E2 learned speed, raw yaw",S3a,120,119.43299367687905,6.952713593434047,71.3272013420961,119.43299367687905,6.305398439999956,1717.7896381301873,2.643665833936014,0.2926806310707733,True,6000.0
"B1 hold speed, raw yaw",S3a,120,149.66777586152253,8.175837652689289,91.65110512142387,168.0728866851909,1.494595060000004,1830.6109076455564,1.7566363425925924,-1.4150229166666661,True,
"B2 true speed, stop-bias yaw",S3a,120,56.420491888928105,3.0820581071208317,20.15352097162202,56.420491888928105,6.575937162309648,1830.6109076455564,0.0,0.0,True,
"E1 learned speed, stop-bias yaw",S3a,120,314.01497038335566,17.153561637367638,157.60720630506603,314.01497038335566,6.575937162309648,1830.6109076455564,3.1061274741665663,-2.8032832210557626,True,
"E2 learned speed, stop-bias yaw",S3a,120,196.54325778287745,10.736484578017834,83.51157307988127,196.54325778287745,6.575937162309648,1830.6109076455564,2.1972923294218942,-1.7195783053742033,True,
"E2 learned speed, raw yaw",S3a,120,185.90109894316137,10.15513991349797,80.30082503874345,185.90109894316137,1.494595060000004,1830.6109076455564,2.1972923294218942,-1.7195783053742033,True,6600.0
"B1 hold speed, raw yaw",S3a,120,60.888902095315174,3.1048741252077483,83.62769959082544,145.48007831921396,6.691643729999879,1961.0747373290399,2.5800648148148144,0.2242861111111102,True,
"B2 true speed, stop-bias yaw",S3a,120,172.02263205715968,8.771854982510888,80.38817153523493,172.02263205715968,11.772985832309637,1961.0747373290399,0.0,0.0,True,
"E1 learned speed, stop-bias yaw",S3a,120,280.14669683689107,14.28536564692315,134.3174418925067,280.14669683689107,11.772985832309637,1961.0747373290399,3.420595946221512,-2.9959880794075673,True,
"E2 learned speed, stop-bias yaw",S3a,120,313.4941973187,15.98583630451919,143.83714926683257,313.4941973187,11.772985832309637,1961.0747373290399,3.535519675538515,-3.3832044525275347,True,
"E2 learned speed, raw yaw",S3a,120,293.7385679031473,14.978448414628794,135.2854022827835,293.7385679031473,6.691643729999879,1961.0747373290399,3.535519675538515,-3.3832044525275347,True,7200.0
"B1 hold speed, raw yaw",S3a,120,900.7304173220462,40.82135237436481,495.5498571096712,926.1832334307729,9.19565302000009,2206.5178269000494,8.521319675925925,-7.958862268518519,True,
"B2 true speed, stop-bias yaw",S3a,120,190.00152385342417,8.61092176718819,85.60850272932106,190.00152385342417,14.276995122309556,2206.5178269000494,0.0,0.0,True,
"E1 learned speed, stop-bias yaw",S3a,120,641.2866652423418,29.0632895607868,358.0298121007283,667.8631034465243,14.276995122309556,2206.5178269000494,5.96339026032584,-5.495761481287856,True,
"E2 learned speed, stop-bias yaw",S3a,120,396.8694341773558,17.986232847931266,220.9244695200257,419.7632699783103,14.276995122309556,2206.5178269000494,3.7720438391265163,-3.148707221792468,True,
"E2 learned speed, raw yaw",S3a,120,367.9443636896538,16.675340629655423,210.60606287369177,391.3396767525971,9.19565302000009,2206.5178269000494,3.7720438391265163,-3.148707221792468,True,7800.0
"B1 hold speed, raw yaw",S3a,120,377.10261535746895,18.86242906970119,217.7212893304872,408.9567780664271,10.876711189999945,1999.2261546165903,5.388403703703703,3.976632870370368,True,
"B2 true speed, stop-bias yaw",S3a,120,153.91423719702763,7.698690657963364,58.515055384535714,153.91423719702763,15.958053292309257,1999.2261546165903,0.0,0.0,True,
"E1 learned speed, stop-bias yaw",S3a,120,33.400767443047954,1.6706847980114345,93.07651059373681,166.62732493248126,15.958053292309257,1999.2261546165903,3.7923188258711464,-0.05444347168488927,True,
"E2 learned speed, stop-bias yaw",S3a,120,34.487456527771286,1.7250402836184013,72.97371914915504,148.51704952959602,15.958053292309257,1999.2261546165903,2.8822232516915642,-0.4836778064543783,True,
"E2 learned speed, raw yaw",S3a,120,21.295285693057274,1.0651764255825906,76.66414067217795,142.57972513741973,10.876711189999945,1999.2261546165903,2.8822232516915642,-0.4836778064543783,True,8400.0
"B1 hold speed, raw yaw",S3a,120,417.497023096839,16.013033712308506,200.59807259702217,417.497023096839,4.793648359999979,2607.2325244399353,3.6362668981481465,3.2261826388888863,True,
"B2 true speed, stop-bias yaw",S3a,120,266.6792100733333,10.228439833175953,129.52908045564917,266.6792100733333,9.87499046230947,2607.2325244399353,0.0,0.0,True,
"E1 learned speed, stop-bias yaw",S3a,120,374.0326884024826,14.345965881306627,244.1399389250735,374.0326884024826,9.87499046230947,2607.2325244399353,3.8092552745729322,-2.5640504425702857,True,
"E2 learned speed, stop-bias yaw",S3a,120,268.3549999884022,10.292714496036293,168.05458177652716,268.3549999884022,9.87499046230947,2607.2325244399353,2.70615760511624,-0.8936025687378651,True,
"E2 learned speed, raw yaw",S3a,120,171.3946655152506,6.573815872140833,136.26989017293002,190.18886922520338,4.793648359999979,2607.2325244399353,2.70615760511624,-0.8936025687378651,True,9600.0
"B1 hold speed, raw yaw",S3a,120,284.95303596482506,12.44661114533393,173.234923689077,284.95303596482506,3.213690899999995,2289.4025742231865,2.912859953703703,2.2644942129629615,True,
"B2 true speed, stop-bias yaw",S3a,120,209.8925782525206,9.16800656274875,101.72050393345569,209.8925782525206,8.295033002309422,2289.4025742231865,0.0,0.0,True,
"E1 learned speed, stop-bias yaw",S3a,120,249.20066120954755,10.884964663504121,113.93810573698488,249.20066120954755,8.295033002309422,2289.4025742231865,2.3731190247869205,1.2887762622513566,True,
"E2 learned speed, stop-bias yaw",S3a,120,253.87474568989265,11.089126418757282,119.19827417262282,253.87474568989265,8.295033002309422,2289.4025742231865,2.0092161099277313,1.2216632107690668,True,
"E2 learned speed, raw yaw",S3a,120,182.34058397241586,7.964548744088205,87.49349117902543,182.34058397241586,3.213690899999995,2289.4025742231865,2.0092161099277313,1.2216632107690668,True,10200.0
"B1 hold speed, raw yaw",S3a,120,521.2490267812861,23.722603727387394,258.6860599762209,521.2490267812861,8.61963342000003,2197.2673521478246,4.307192361111111,4.221845138888889,True,
"B2 true speed, stop-bias yaw",S3a,120,210.1857273579385,9.56577847263249,92.40230127921834,210.1857273579385,13.700975522309532,2197.2673521478246,0.0,0.0,True,
"E1 learned speed, stop-bias yaw",S3a,120,346.9468113407545,15.789922468998352,172.39712909060862,346.9468113407545,13.700975522309532,2197.2673521478246,2.644825962052429,2.2955722663102813,True,
"E2 learned speed, stop-bias yaw",S3a,120,413.0517382169727,18.798428776234964,207.8196349390925,413.0517382169727,13.700975522309532,2197.2673521478246,2.9944779460466835,2.93102339271399,True,
"E2 learned speed, raw yaw",S3a,120,372.0852868132631,16.93400152009497,191.75853579384054,372.0852868132631,8.61963342000003,2197.2673521478246,2.9944779460466835,2.93102339271399,True,10800.0
"B1 hold speed, raw yaw",S3a,120,215.53744549068182,11.100188416294804,88.90016668913148,215.53744549068182,8.285583260000012,1941.7458281543954,1.4653733796296293,1.2178863425925919,True,
"B2 true speed, stop-bias yaw",S3a,120,199.06363606164692,10.251786468409943,97.4978743481311,199.06363606164692,11.440788676579054,1941.7458281543954,0.0,0.0,True,
"E1 learned speed, stop-bias yaw",S3a,120,233.0743902971285,12.003341885310638,103.46905729169362,233.0743902971285,11.440788676579054,1941.7458281543954,1.8231257466056205,1.0427292856866919,True,
"E2 learned speed, stop-bias yaw",S3a,120,308.16887786600915,15.870711469941448,143.5329773992977,308.16887786600915,11.440788676579054,1941.7458281543954,2.020516744192582,1.903086842300135,True,
"E2 learned speed, raw yaw",S3a,120,275.5483448661103,14.190752511002714,128.09914612104166,275.5483448661103,8.285583260000012,1941.7458281543954,2.020516744192582,1.903086842300135,True,11400.0
"B1 hold speed, raw yaw",S3a,120,597.9405310240422,38.771392718230175,255.1203860569196,597.9405310240422,10.870617510000017,1542.220923992995,5.051770601851852,4.992985416666667,True,
"B2 true speed, stop-bias yaw",S3a,120,108.87240936177919,7.0594561173437755,53.92320520172374,108.90081767638759,12.344779852868854,1542.220923992995,0.0,0.0,True,
"E1 learned speed, stop-bias yaw",S3a,120,128.23661452948403,8.31506125578066,59.06872971478469,128.25208534203364,12.344779852868854,1542.220923992995,2.6480993930050114,0.791247363059788,True,
"E2 learned speed, stop-bias yaw",S3a,120,216.301644139176,14.025334553180945,78.84146644264493,216.32098179086972,12.344779852868854,1542.220923992995,2.42554138626656,1.6384888638573056,True,
"E2 learned speed, raw yaw",S3a,120,209.94739431348017,13.613315125429708,74.12658954367082,209.96784091650642,10.870617510000017,1542.220923992995,2.42554138626656,1.6384888638573056,True,12000.0
"B1 hold speed, raw yaw",S3a,120,1050.2374356629186,168.83787943990487,485.55000632745,1050.2374356629186,8.928513440000073,622.038987428016,8.749885879629629,8.745305324074073,True,
"B2 true speed, stop-bias yaw",S3a,120,28.960140873608008,4.655679380058047,22.202126116640727,28.960140873608008,8.838573812200325,622.038987428016,0.0,0.0,True,
"E1 learned speed, stop-bias yaw",S3a,120,164.5086610724789,26.446680095195205,117.50267169192811,164.5086610724789,8.838573812200325,622.038987428016,2.105095367142767,1.2766142603931352,True,
"E2 learned speed, stop-bias yaw",S3a,120,249.51580508668744,40.112566917770906,179.50421439507573,249.51580508668744,8.838573812200325,622.038987428016,2.205410800645605,2.0058520789998897,True,
"E2 learned speed, raw yaw",S3a,120,249.54978943301148,40.11803029659617,179.53035235895825,249.54978943301148,8.928513440000073,622.038987428016,2.205410800645605,2.0058520789998897,True,12600.0
"B1 hold speed, raw yaw",S3a,120,458.02212796508155,63.80571100478296,359.50879721811793,517.9674666536565,14.466483829999868,717.8387651392954,5.541725,-3.8966958333333332,True,
"B2 true speed, stop-bias yaw",S3a,120,7.657288742125669,1.0667142976932689,6.232505971057612,7.657288742125669,11.403782181108948,717.8387651392954,0.0,0.0,True,
"E1 learned speed, stop-bias yaw",S3a,120,82.47944757102609,11.489968440896485,89.24806648274337,145.46019433858737,11.403782181108948,717.8387651392954,2.0975722169008484,-0.7338413374650509,True,
"E2 learned speed, stop-bias yaw",S3a,120,97.58274306667766,13.59396396595298,50.59474098867803,97.69535936887517,11.403782181108948,717.8387651392954,1.5735904192095886,0.7854392251961624,True,
"E2 learned speed, raw yaw",S3a,120,99.13584341256121,13.810321791875374,51.82212816992019,99.13865990565762,14.466483829999868,717.8387651392954,1.5735904192095886,0.7854392251961624,True,13800.0
"B1 hold speed, raw yaw",S3a,120,162.67538347286364,21.12606395548219,77.33643457374643,162.67538347286364,4.877451260000052,770.0222048729032,4.694319907407407,-1.403925925925926,True,
"B2 true speed, stop-bias yaw",S3a,120,7.781387076513666,1.0105406087345274,2.405244800550789,7.781387076513666,2.200721352889085,770.0222048729032,0.0,0.0,True,
"E1 learned speed, stop-bias yaw",S3a,120,38.235544872417606,4.965511985297698,34.559270273053926,66.60076949163299,2.200721352889085,770.0222048729032,1.5049573605637083,-0.33099658372783225,True,
"E2 learned speed, stop-bias yaw",S3a,120,49.120015493700414,6.379038835874605,20.269237135373952,49.120015493700414,2.200721352889085,770.0222048729032,1.4508328865602087,0.40677047169682284,True,
"E2 learned speed, raw yaw",S3a,120,55.13947119745578,7.160763786877663,21.19354346710343,55.13947119745578,4.877451260000052,770.0222048729032,1.4508328865602087,0.40677047169682284,True,14400.0
"B1 hold speed, raw yaw",S3a,120,166.27533492582089,12.543101622150154,91.15354242268599,166.27533492582089,5.1003682400000185,1325.6317291744765,1.5433537037037046,1.4613328703703716,True,
"B2 true speed, stop-bias yaw",S3a,120,79.10099359531908,5.967041362579516,33.09859595154458,79.10099359531908,8.12716545577668,1325.6317291744765,0.0,0.0,True,
"E1 learned speed, stop-bias yaw",S3a,120,172.4997158651568,13.012642355247428,71.09110935623984,172.4997158651568,8.12716545577668,1325.6317291744765,1.9708666330610753,1.2823130941565646,True,
"E2 learned speed, stop-bias yaw",S3a,120,165.80254867683396,12.507436645325757,69.7401039761252,165.80254867683396,8.12716545577668,1325.6317291744765,1.4984816859033832,1.2535613048931942,True,
"E2 learned speed, raw yaw",S3a,120,151.02994335827094,11.393054347931404,64.00288296135639,151.02994335827094,5.1003682400000185,1325.6317291744765,1.4984816859033832,1.2535613048931942,True,15600.0
"B1 hold speed, raw yaw",S3a,120,231.9091213909251,18.12577462628802,134.84352463750847,231.9091213909251,5.960331809999897,1279.4439199005851,2.0475634259259268,2.0475430555555563,True,
"B2 true speed, stop-bias yaw",S3a,120,112.13963563526316,8.764716756321496,56.46332890770943,112.13963563526316,8.987129025776612,1279.4439199005851,0.0,0.0,True,
"E1 learned speed, stop-bias yaw",S3a,120,286.657002909844,22.404811844517397,173.56763533289964,286.657002909844,8.987129025776612,1279.4439199005851,2.2901737444101853,1.9531368628475472,True,
"E2 learned speed, stop-bias yaw",S3a,120,317.45978902548023,24.812325424169227,173.89572560799235,317.45978902548023,8.987129025776612,1279.4439199005851,2.3873184499228364,2.3306520995648943,True,
"E2 learned speed, raw yaw",S3a,120,302.2881914681378,23.626529210567206,168.42073553158363,302.2881914681378,5.960331809999897,1279.4439199005851,2.3873184499228364,2.3306520995648943,True,16200.0
"B1 hold speed, raw yaw",S3a,120,131.9128350594376,12.46919071682937,48.583170525135515,131.9128350594376,171.46568405999977,1057.9101567626035,2.070028703703703,1.0047018518518507,True,
"B2 true speed, stop-bias yaw",S3a,120,21.36687703152527,2.0197251056660406,26.683549016964914,39.07012769733622,168.4388868442231,1057.9101567626035,0.0,0.0,True,
"E1 learned speed, stop-bias yaw",S3a,120,84.83554362030262,8.019163355035245,37.92854280056063,84.83554362030262,168.4388868442231,1057.9101567626035,1.6233659247189465,0.32064681487622787,True,
"E2 learned speed, stop-bias yaw",S3a,120,35.62974400798754,3.367936660805016,38.49407206627564,56.67852248193231,168.4388868442231,1057.9101567626035,1.4270672992788511,1.0800005627490563,True,
"E2 learned speed, raw yaw",S3a,120,40.71469849880541,3.848596994606778,33.40987495925107,50.341462318933985,171.46568405999977,1057.9101567626035,1.4270672992788511,1.0800005627490563,True,16800.0
"B1 hold speed, raw yaw",S3a,120,234.65424638575342,28.0431451056842,171.3567425425825,267.5780417170081,1.6143152600002082,836.7615169462224,4.278974537037037,3.8148958333333325,True,
"B2 true speed, stop-bias yaw",S3a,120,13.602085181519595,1.625562947870819,5.7493981367377796,13.602085181519595,4.6411124757766675,836.7615169462224,0.0,0.0,True,
"E1 learned speed, stop-bias yaw",S3a,120,98.64977771145399,11.789473549342743,61.389196417308284,98.64977771145399,4.6411124757766675,836.7615169462224,2.025885587648305,0.8463011471958489,True,
"E2 learned speed, stop-bias yaw",S3a,120,67.94830755635118,8.120391076818382,46.11186127275931,71.77924677150196,4.6411124757766675,836.7615169462224,1.6309667656332734,0.8176874169014201,True,
"E2 learned speed, raw yaw",S3a,120,70.49899714656686,8.425219816974177,48.07444227199298,76.39432208475722,1.6143152600002082,836.7615169462224,1.6309667656332734,0.8176874169014201,True,17400.0
"B1 hold speed, raw yaw",S3a,120,140.7629146393641,16.81073988767526,77.82322937926136,140.7629146393641,6.327706979999888,837.3391985118037,3.3602928240740746,2.7288372685185194,True,
"B2 true speed, stop-bias yaw",S3a,120,26.044901363131498,3.110436178005388,12.98523747067514,26.044901363131498,3.4955825606475406,837.3391985118037,0.0,0.0,True,
"E1 learned speed, stop-bias yaw",S3a,120,137.10779332501207,16.3742236800442,76.56498919093673,137.6890208737433,3.4955825606475406,837.3391985118037,2.025540545698576,1.1777627586940616,True,
"E2 learned speed, stop-bias yaw",S3a,120,101.2892535779269,12.096561794544849,51.61645376878789,101.2892535779269,3.4955825606475406,837.3391985118037,1.8019641661268357,-0.5317949121465713,True,
"E2 learned speed, raw yaw",S3a,120,108.01305398472581,12.89955781082464,51.71654964434856,108.01305398472581,6.327706979999888,837.3391985118037,1.8019641661268357,-0.5317949121465713,True,18600.0
"B1 hold speed, raw yaw",S3a,120,535.4476502949017,58.08674486801468,271.012242712616,535.4476502949017,3.8897079299999384,921.806948403722,5.767232638888889,-5.3203858796296295,True,
"B2 true speed, stop-bias yaw",S3a,120,13.161496591457015,1.42779316366063,10.44540009659258,13.161496591457015,1.0575835106474891,921.806948403722,0.0,0.0,True,
"E1 learned speed, stop-bias yaw",S3a,120,122.35136426681463,13.272992189816804,79.96537553769815,122.35136426681463,1.0575835106474891,921.806948403722,2.4231508453080295,-1.1662087528091334,True,
"E2 learned speed, stop-bias yaw",S3a,120,81.24599686956115,8.813775705450421,60.29185629026076,88.59911408084439,1.0575835106474891,921.806948403722,1.937200932716208,-0.844789920617446,True,
"E2 learned speed, raw yaw",S3a,120,94.65279154389854,10.268179439068803,64.88265552563801,94.65279154389854,3.8897079299999384,921.806948403722,1.937200932716208,-0.844789920617446,True,19200.0
"B1 hold speed, raw yaw",S3a,120,251.14666631208127,24.56107392291762,161.7940648834549,263.3196690241597,8.12270507000004,1022.5394341480304,3.6292465277777772,3.259770601851851,True,
"B2 true speed, stop-bias yaw",S3a,120,18.46599535101957,1.8058956686013046,12.737247344252141,20.43076312221131,5.290580650647897,1022.5394341480304,0.0,0.0,True,
"E1 learned speed, stop-bias yaw",S3a,120,76.72826102746423,7.503697017943709,43.89431273795001,76.72826102746423,5.290580650647897,1022.5394341480304,2.0511658098124355,0.5969848248454258,True,
"E2 learned speed, stop-bias yaw",S3a,120,145.98013150478207,14.276234894198602,86.7601726040959,148.34222058371947,5.290580650647897,1022.5394341480304,2.0624528945423513,1.6440845040732361,True,
"E2 learned speed, raw yaw",S3a,120,149.47284622138739,14.617807512326081,86.8440217822755,150.80951263449947,8.12270507000004,1022.5394341480304,2.0624528945423513,1.6440845040732361,True,19800.0
"B1 hold speed, raw yaw",S3a,120,126.15985928902822,15.915359547379252,52.7447671320849,126.15985928902822,5.669729020002537,792.6924862329151,2.8405328703703714,2.7750226851851867,True,
"B2 true speed, stop-bias yaw",S3a,120,5.848926357220027,0.7378556576227531,3.7860364728419795,6.084057275711878,2.83760460065019,792.6924862329151,0.0,0.0,True,
"E1 learned speed, stop-bias yaw",S3a,120,57.2611599676484,7.2236284514022095,27.757765608903927,57.2611599676484,2.83760460065019,792.6924862329151,1.4954475921193442,1.0137423456842232,True,
"E2 learned speed, stop-bias yaw",S3a,120,29.47442205348814,3.71826686456414,12.692517593200124,30.095272299563014,2.83760460065019,792.6924862329151,1.2265858870499868,0.3044356562485736,True,
"E2 learned speed, raw yaw",S3a,120,38.53048357068567,4.860710078607247,14.509687078296029,38.53048357068567,5.669729020002537,792.6924862329151,1.2265858870499868,0.3044356562485736,True,20400.0
"B1 hold speed, raw yaw",S3a,120,103.47911922794238,14.686703204089593,51.468916480005504,106.28603444516001,3.723699049998556,704.5769073560909,1.5434532407407406,-0.032800925925926,True,
"B2 true speed, stop-bias yaw",S3a,120,8.343515379371247,1.184188027206299,3.5905612492223185,8.656592272263113,0.8915746306462083,704.5769073560909,0.0,0.0,True,
"E1 learned speed, stop-bias yaw",S3a,120,21.384695328024616,3.035111583243653,24.878284124274632,42.5047197209481,0.8915746306462083,704.5769073560909,1.4824543206234233,0.6970740625395343,True,
"E2 learned speed, stop-bias yaw",S3a,120,47.899132721351485,6.798283086099417,33.98818866185865,60.03581597508908,0.8915746306462083,704.5769073560909,1.3182643667969596,-0.10205498642550176,True,
"E2 learned speed, raw yaw",S3a,120,50.90847321090868,7.225396217134278,35.83468677866047,62.02300601730244,3.723699049998556,704.5769073560909,1.3182643667969596,-0.10205498642550176,True,21000.0
"B1 hold speed, raw yaw",S3a,120,118.5156056705644,14.014346716434728,116.77437578596101,173.8420863316353,5.267664140000043,845.6734235894155,3.5238743055555553,-3.3397104166666667,True,
"B2 true speed, stop-bias yaw",S3a,120,17.74217218132224,2.097993349018412,14.45185368632308,20.439810978589822,2.435539720647008,845.6734235894155,0.0,0.0,True,
"E1 learned speed, stop-bias yaw",S3a,120,8.93273989810604,1.0562871729126246,12.621033891674642,26.727215906163796,2.435539720647008,845.6734235894155,1.31218423505373,0.3480031746955651,True,
"E2 learned speed, stop-bias yaw",S3a,120,4.629238463919373,0.5474026184092222,10.107380722252328,20.58120590521762,2.435539720647008,845.6734235894155,1.0596418754779224,0.21579082041284228,True,
"E2 learned speed, raw yaw",S3a,120,6.409388838155561,0.757903542829956,13.062424699109242,24.449678894582693,5.267664140000043,845.6734235894155,1.0596418754779224,0.21579082041284228,True,21600.0
"B1 hold speed, raw yaw",S3a,120,79.33360421442617,10.16862489627349,56.85515766196251,84.75151972182364,5.208708149999769,780.1802605925573,2.5727409722222223,2.2648706018518516,True,
"B2 true speed, stop-bias yaw",S3a,120,11.848135512969133,1.518640769502463,6.860568125425892,11.848135512969133,2.568413203932603,780.1802605925573,0.0,0.0,True,
"E1 learned speed, stop-bias yaw",S3a,120,23.46112381942093,3.0071414267264207,13.933535078714467,24.24002140340295,2.568413203932603,780.1802605925573,1.2531127339733739,-0.2366736286539186,True,
"E2 learned speed, stop-bias yaw",S3a,120,24.053798258127546,3.083107773049573,13.557500747273748,24.053798258127546,2.568413203932603,780.1802605925573,1.0627891380649346,-0.1045647859206932,True,
"E2 learned speed, raw yaw",S3a,120,26.769065203764647,3.4311384888709164,13.623632683711515,26.769065203764647,5.208708149999769,780.1802605925573,1.0627891380649346,-0.1045647859206932,True,22200.0
"B1 hold speed, raw yaw",S3a,120,202.34201235042985,21.502216780118342,65.64150532092124,202.34201235042985,12.581749719998667,941.0286130940785,3.19124837962963,-1.3869168981481486,True,
"B2 true speed, stop-bias yaw",S3a,120,81.5257760917849,8.663474729395336,27.833787182067162,81.5257760917849,11.797691131712211,941.0286130940785,0.0,0.0,True,
"E1 learned speed, stop-bias yaw",S3a,120,65.35159218411846,6.944697671757723,22.447955572263936,65.35159218411846,11.797691131712211,941.0286130940785,1.510709816850947,-0.33150426793626936,True,
"E2 learned speed, stop-bias yaw",S3a,120,144.11494387799266,15.314618692001972,46.81574628124742,144.11494387799266,11.797691131712211,941.0286130940785,2.034518149686384,-1.3700836698947436,True,
"E2 learned speed, raw yaw",S3a,120,145.68706166100597,15.481682451927849,47.33519559348314,145.68706166100597,12.581749719998667,941.0286130940785,2.034518149686384,-1.3700836698947436,True,22800.0
"B1 hold speed, raw yaw",S3a,120,214.78128166346468,18.71873942767805,144.1136620907281,214.78128166346468,10.476698210000583,1147.4131711341797,2.846493287037037,-1.259068287037036,True,
"B2 true speed, stop-bias yaw",S3a,120,48.50440088580471,4.227282909595655,29.856688706911243,49.21302875364781,9.643947580972126,1147.4131711341797,0.0,0.0,True,
"E1 learned speed, stop-bias yaw",S3a,120,82.16957393667514,7.161289063420219,54.485854880654,82.16957393667514,9.643947580972126,1147.4131711341797,1.1835404468052866,-0.6972835859182248,True,
"E2 learned speed, stop-bias yaw",S3a,120,104.97337112825898,9.148698460947271,72.9049220246101,104.97337112825898,9.643947580972126,1147.4131711341797,1.228558013317637,-0.9618306504466617,True,
"E2 learned speed, raw yaw",S3a,120,106.85164621557229,9.312394950979428,73.87234500767975,106.85164621557229,10.476698210000583,1147.4131711341797,1.228558013317637,-0.9618306504466617,True,23400.0
"B1 hold speed, raw yaw",S3c,30,30.746062011561573,6.576942090116669,15.897064909048524,30.746062011561573,5.299179390000015,467.48263235834827,0.9732453703703705,-0.8134046296296296,True,
"B2 true speed, stop-bias yaw",S3c,30,17.397118824009492,3.7214470912523123,7.89197992460399,17.397118824009492,4.103076035666651,467.48263235834827,0.0,0.0,True,
"E1 learned speed, stop-bias yaw",S3c,30,56.281198813995445,12.039206361543108,30.32197135666187,56.281198813995445,4.103076035666651,467.48263235834827,1.9483318245876198,-1.9249419336496134,True,
"E2 learned speed, stop-bias yaw",S3c,30,27.547876233737977,5.892812764992986,17.55127204536068,27.547876233737977,4.103076035666651,467.48263235834827,0.9534312281089999,-0.8868603664162084,True,
"E2 learned speed, raw yaw",S3c,30,30.11039489011308,6.4409654617996575,18.398035331602888,30.11039489011308,5.299179390000015,467.48263235834827,0.9534312281089999,-0.8868603664162084,True,1200.0
"B1 hold speed, raw yaw",S3c,30,78.68352250032997,22.735363703302152,38.11477772011458,78.68352250032997,0.13783864000002288,346.08429197418883,5.392460185185185,2.071900925925927,True,
"B2 true speed, stop-bias yaw",S3c,30,4.203619135846614,1.2146229208692667,2.5859677956438243,4.203619135846614,1.333941994333266,346.08429197418883,0.0,0.0,True,
"E1 learned speed, stop-bias yaw",S3c,30,52.46822181219681,15.160532572252635,23.35276375321821,52.48147695769582,1.333941994333266,346.08429197418883,2.40313500025544,1.7872313959612454,True,
"E2 learned speed, stop-bias yaw",S3c,30,82.85096477830889,23.93953343149361,37.76735567636928,82.85096477830889,1.333941994333266,346.08429197418883,3.1658358061170526,2.8718075507656535,True,
"E2 learned speed, raw yaw",S3c,30,83.31361060801436,24.07321353210331,37.975495633349844,83.31361060801436,0.13783864000002288,346.08429197418883,3.1658358061170526,2.8718075507656535,True,1800.0
"B1 hold speed, raw yaw",S3c,30,175.74605530987213,32.87655976606362,70.12570308495242,175.74605530987213,2.334186729999941,534.5633988483296,7.046480555555554,-5.924893518518519,True,
"B2 true speed, stop-bias yaw",S3c,30,7.161757923429877,1.339739671451368,3.410625894330913,7.161757923429877,1.138083375666602,534.5633988483296,0.0,0.0,True,
"E1 learned speed, stop-bias yaw",S3c,30,174.43314801170584,32.63095610127946,74.35576901732156,174.43314801170584,1.138083375666602,534.5633988483296,6.3069929227236585,-5.88418082953289,True,
"E2 learned speed, stop-bias yaw",S3c,30,126.29296597209412,23.625442041894626,52.98579549030619,126.29296597209412,1.138083375666602,534.5633988483296,4.591171981412578,-4.241756010814556,True,
"E2 learned speed, raw yaw",S3c,30,126.5265729324642,23.669142557282207,53.07120832797888,126.5265729324642,2.334186729999941,534.5633988483296,4.591171981412578,-4.241756010814556,True,2400.0
"B1 hold speed, raw yaw",S3c,30,29.513959211040014,5.8593128456707495,42.69017481082518,66.77448676795981,0.6091943099999808,503.7102470615969,4.2014907407407405,-0.30590925925925716,True,
"B2 true speed, stop-bias yaw",S3c,30,5.587825267246353,1.109333252567927,3.3437357044927443,5.587825267246353,0.5869090443333134,503.7102470615969,0.0,0.0,True,
"E1 learned speed, stop-bias yaw",S3c,30,30.529104506015656,6.060846425918027,30.235216157626635,41.15456434082796,0.5869090443333134,503.7102470615969,2.1636084985702055,-1.0003459940908954,True,
"E2 learned speed, stop-bias yaw",S3c,30,8.918290093056068,1.7705198862006641,15.96949065392705,25.8588442201955,0.5869090443333134,503.7102470615969,1.8438474016814181,0.08943232082978095,True,
"E2 learned speed, raw yaw",S3c,30,13.398622599678081,2.6599861086486123,16.631795355607462,25.86535014549469,0.6091943099999808,503.7102470615969,1.8438474016814181,0.08943232082978095,True,3000.0
"B1 hold speed, raw yaw",S3c,30,63.72226124726302,29.50121671255527,35.21797703486864,63.72226124726302,6.357190549999779,215.99875648567334,3.1177333333333332,1.8147870370370367,True,
"B2 true speed, stop-bias yaw",S3c,30,9.665143602230348,4.474629280040051,4.489952121315613,9.665143602230348,5.161087195666638,215.99875648567334,0.0,0.0,True,
"E1 learned speed, stop-bias yaw",S3c,30,55.765496661024436,25.817508196961874,30.93766713957212,55.765496661024436,5.161087195666638,215.99875648567334,3.3598313818649586,1.6587354243471772,True,
"E2 learned speed, stop-bias yaw",S3c,30,17.011112069759555,7.875560186795733,10.071697715149183,17.81296977725536,5.161087195666638,215.99875648567334,2.019546282068948,0.05245498892550169,True,
"E2 learned speed, raw yaw",S3c,30,18.582150889554132,8.602897161024462,10.351259170306642,18.582150889554132,6.357190549999779,215.99875648567334,2.019546282068948,0.05245498892550169,True,3600.0
"B1 hold speed, raw yaw",S3c,30,23.922958170989013,6.918805187032938,22.65527142339351,32.23217934309378,6.500195669999924,345.7671884709929,1.6210064814814806,1.3705842592592576,True,
"B2 true speed, stop-bias yaw",S3c,30,13.31154101651693,3.8498566261829272,7.699569188897993,13.346235241405758,5.304092315666578,345.7671884709929,0.0,0.0,True,
"E1 learned speed, stop-bias yaw",S3c,30,21.1377837676885,6.113299489509483,10.243552935818396,21.20864065989285,5.304092315666578,345.7671884709929,1.5072280151556805,-0.8050057160045617,True,
"E2 learned speed, stop-bias yaw",S3c,30,15.16414996747137,4.385653258346554,7.714015151219229,15.851182418203528,5.304092315666578,345.7671884709929,0.7960142318536652,-0.3390434132823664,True,
"E2 learned speed, raw yaw",S3c,30,17.415846609310822,5.036870816552876,8.772708223591266,18.077332777891034,6.500195669999924,345.7671884709929,0.7960142318536652,-0.3390434132823664,True,4200.0
"B1 hold speed, raw yaw",S3c,30,75.78003018669229,15.854970778892323,54.40841012905646,75.78003018669229,8.55017512000002,477.95755188384214,2.819102777777778,-2.2345009259259268,True,
"B2 true speed, stop-bias yaw",S3c,30,23.200348663230496,4.854060485452664,11.464693744086548,23.200348663230496,7.354071765666649,477.95755188384214,0.0,0.0,True,
"E1 learned speed, stop-bias yaw",S3c,30,65.331153049512,13.66881908069305,48.84854468815018,65.331153049512,7.354071765666649,477.95755188384214,2.5099327518392336,-2.0058234484179143,True,
"E2 learned speed, stop-bias yaw",S3c,30,47.3615586511255,9.909155837051355,33.691048933576766,47.3615586511255,7.354071765666649,477.95755188384214,1.635883161891536,-1.330610191957477,True,
"E2 learned speed, raw yaw",S3c,30,49.93185321847775,10.446922121362917,34.33469360847618,49.93185321847775,8.55017512000002,477.95755188384214,1.635883161891536,-1.330610191957477,True,4800.0
"B1 hold speed, raw yaw",S3c,30,25.02901526536637,11.628941936391023,17.92239486126047,25.086047183991315,6.693199809999959,215.23037437345727,0.9455648148148149,-0.7122740740740744,True,
"B2 true speed, stop-bias yaw",S3c,30,3.8808193140491056,1.8031002015149111,1.4518130583809448,3.8808193140491056,5.497096455666614,215.23037437345727,0.0,0.0,True,
"E1 learned speed, stop-bias yaw",S3c,30,14.9961493934667,6.967487482712878,8.695696953944726,15.76423236364567,5.497096455666614,215.23037437345727,1.1671578493550714,0.7117356994409846,True,
"E2 learned speed, stop-bias yaw",S3c,30,14.659541406411709,6.811093206098869,10.644342648449355,16.432759908633237,5.497096455666614,215.23037437345727,1.0235559000164527,0.7823985135373529,True,
"E2 learned speed, raw yaw",S3c,30,14.174085416892103,6.585541403323455,10.541589474695359,16.396212910833388,6.693199809999959,215.23037437345727,1.0235559000164527,0.7823985135373529,True,5400.0
"B1 hold speed, raw yaw",S3c,30,62.97296759748361,41.98718930240794,27.53754659920589,62.97296759748361,150.64719376999997,149.9813839500615,2.792842592592593,2.7643722222222222,True,
"B2 true speed, stop-bias yaw",S3c,30,2.5722984384669805,1.7150784788887297,1.349580938841493,2.878953233307376,149.4510904156667,149.9813839500615,0.0,0.0,True,
"E1 learned speed, stop-bias yaw",S3c,30,20.83752606691621,13.893408313830715,18.665231053975084,28.04215741288453,149.4510904156667,149.9813839500615,1.7809210963945603,-0.7733907378459425,True,
"E2 learned speed, stop-bias yaw",S3c,30,33.72787957836873,22.488043975910315,24.521528773616737,35.51815296992564,149.4510904156667,149.9813839500615,1.6404048615698101,-1.3125299994951236,True,
"E2 learned speed, raw yaw",S3c,30,33.90197714067547,22.604123423720125,24.614918984171776,35.616631868563445,150.64719376999997,149.9813839500615,1.6404048615698101,-1.3125299994951236,True,6000.0
"B1 hold speed, raw yaw",S3c,30,14.21330771958797,6.867961598634661,8.216617417825894,14.21330771958797,3.95716211,206.95089096615726,1.1828805555555555,0.5136509259259259,True,
"B2 true speed, stop-bias yaw",S3c,30,3.9870858004568723,1.9265854724485734,1.4967306403977305,3.9870858004568723,2.729584751473692,206.95089096615726,0.0,0.0,True,
"E1 learned speed, stop-bias yaw",S3c,30,18.41299491927518,8.897277432976244,17.678629517707634,21.595886987096684,2.729584751473692,206.95089096615726,1.209404700859324,-0.6704380606866887,True,
"E2 learned speed, stop-bias yaw",S3c,30,24.599963525626745,11.886860409627124,17.592285632438827,24.599963525626745,2.729584751473692,206.95089096615726,0.984311117251601,-0.9073906323280212,True,
"E2 learned speed, raw yaw",S3c,30,24.708889771252025,11.939494271272636,17.57315632626462,24.708889771252025,3.95716211,206.95089096615726,0.984311117251601,-0.9073906323280212,True,6600.0
"B1 hold speed, raw yaw",S3c,30,36.36505095113416,14.712061714494286,23.21303394300923,36.36746034629173,4.375178479999999,247.17848291315553,1.3786796296296289,-1.3784185185185178,False,
"B2 true speed, stop-bias yaw",S3c,30,6.48560482022252,2.623854934210108,2.5464226755816814,6.48560482022252,3.1476011214735893,247.17848291315553,0.0,0.0,False,
"E1 learned speed, stop-bias yaw",S3c,30,51.924467894103095,21.0068721525192,31.18212498069785,52.02553446507031,3.1476011214735893,247.17848291315553,1.9748584228041435,-1.9063850044412232,False,
"E2 learned speed, stop-bias yaw",S3c,30,35.5816789858375,14.395136084049385,21.37433464464573,35.793592838427095,3.1476011214735893,247.17848291315553,1.45631795938645,-1.3275202856847417,False,
"E2 learned speed, raw yaw",S3c,30,35.63682240397524,14.417445233894405,21.43423083177984,35.91740408532556,4.375178479999999,247.17848291315553,1.45631795938645,-1.3275202856847417,False,7200.0
"B1 hold speed, raw yaw",S3c,30,73.80748066630042,45.29935621949345,37.90705807912309,73.80748066630042,5.952155550000073,162.932736413899,2.794681481481482,2.7666759259259264,True,
"B2 true speed, stop-bias yaw",S3c,30,4.63525269572707,2.844887281554095,1.7962793229162406,4.63525269572707,4.724578191473562,162.932736413899,0.0,0.0,True,
"E1 learned speed, stop-bias yaw",S3c,30,31.51879681859335,19.3446679361758,15.272562402048836,31.51879681859335,4.724578191473562,162.932736413899,1.8620774659261496,0.019694015330305917,True,
"E2 learned speed, stop-bias yaw",S3c,30,27.370210860420208,16.798472463441293,12.73120917063647,27.370210860420208,4.724578191473562,162.932736413899,1.4245785184864352,-0.0198412665528168,True,
"E2 learned speed, raw yaw",S3c,30,28.54704986263521,17.520757639592432,13.163901846528338,28.54704986263521,5.952155550000073,162.932736413899,1.4245785184864352,-0.0198412665528168,True,7800.0
"B1 hold speed, raw yaw",S3c,30,14.08221549851015,8.886860427476709,7.295243559509294,14.08221549851015,4.4021687399997385,158.46108548042747,1.3323675925925924,0.27691203703703715,True,
"B2 true speed, stop-bias yaw",S3c,30,4.976095835727037,3.1402636304303657,3.2568083997112924,4.976095835727037,3.174591381473456,158.46108548042747,0.0,0.0,True,
"E1 learned speed, stop-bias yaw",S3c,30,9.773187826300232,6.167563346338039,4.951916761623501,9.773187826300232,3.174591381473456,158.46108548042747,0.8881364496745704,0.4217650808857686,True,
"E2 learned speed, stop-bias yaw",S3c,30,9.566392389612654,6.037060998672926,5.041769171246944,9.566392389612654,3.174591381473456,158.46108548042747,0.6932599589112822,-0.02411954734248956,True,
"E2 learned speed, raw yaw",S3c,30,10.473393073897322,6.609441707497931,5.46251361177548,10.473393073897322,4.4021687399997385,158.46108548042747,0.6932599589112822,-0.02411954734248956,True,8400.0
"B1 hold speed, raw yaw",S3c,30,24.018876119910733,7.8319861589387125,12.44680481642465,24.018876119910733,0.4398061900000094,306.6766926355939,1.6178416666666668,0.9910620370370377,True,
"B2 true speed, stop-bias yaw",S3c,30,6.2030312278356545,2.0226614466611443,4.423261948121102,6.689612607649832,0.9713992368334289,306.6766926355939,0.0,0.0,True,
"E1 learned speed, stop-bias yaw",S3c,30,19.659007953273992,6.4103364961724205,12.48640442409259,19.82793502865636,0.9713992368334289,306.6766926355939,1.380103815117772,-0.4779728442689738,True,
"E2 learned speed, stop-bias yaw",S3c,30,13.821909347700279,4.506997003559071,9.77169857013145,14.364875898686597,0.9713992368334289,306.6766926355939,0.8905256028351057,-0.30513124152122695,True,
"E2 learned speed, raw yaw",S3c,30,12.954091619917348,4.224022213292205,9.408400234642844,13.790216719191033,0.4398061900000094,306.6766926355939,0.8905256028351057,-0.30513124152122695,True,9600.0
"B1 hold speed, raw yaw",S3c,30,185.62976944651967,43.98800045845451,75.77120592862366,185.62976944651967,3.890793119999955,422.00092641592573,6.4628092592592585,-6.250024074074074,True,
"B2 true speed, stop-bias yaw",S3c,30,20.287958423429465,4.807562532086381,8.407017654697913,20.287958423429465,4.478524913551527,422.00092641592573,0.0,0.0,True,
"E1 learned speed, stop-bias yaw",S3c,30,129.4073987173593,30.665193040314534,63.26173405947535,129.4073987173593,4.478524913551527,422.00092641592573,4.57358873086166,-4.506370686061531,True,
"E2 learned speed, stop-bias yaw",S3c,30,104.42264183778467,24.744647535409747,52.180407412763955,104.42264183778467,4.478524913551527,422.00092641592573,3.676700344718773,-3.667123542019124,True,
"E2 learned speed, raw yaw",S3c,30,104.3433559788759,24.725859458430357,52.18195328963231,104.3433559788759,3.890793119999955,422.00092641592573,3.676700344718773,-3.667123542019124,True,10200.0
"B1 hold speed, raw yaw",S3c,30,30.828998445870624,3.5736094211689764,15.242051076750878,30.828998445870624,3.621134809999987,862.685168201343,0.49620925925926174,0.49395925925926176,False,
"B2 true speed, stop-bias yaw",S3c,30,20.812035161459622,2.412471655778169,8.870818605727509,20.812035161459622,3.0334030164482617,862.685168201343,0.0,0.0,False,
"E1 learned speed, stop-bias yaw",S3c,30,70.81110741878354,8.208221264128289,22.18717997272429,70.81110741878354,3.0334030164482617,862.685168201343,2.459581312710119,-2.459581312710119,False,
"E2 learned speed, stop-bias yaw",S3c,30,43.475023377958365,5.039500501509919,11.884533273654815,43.475023377958365,3.0334030164482617,862.685168201343,1.4778740180902203,-1.4778740180902203,False,
"E2 learned speed, raw yaw",S3c,30,45.560369701615215,5.281227889498366,13.358646003247179,45.560369701615215,3.621134809999987,862.685168201343,1.4778740180902203,-1.4778740180902203,False,10800.0
"B1 hold speed, raw yaw",S3c,30,58.024602643529235,6.500739834854572,25.38329835890294,58.024602643529235,7.551164089999989,892.5845998700438,0.33484722222222213,-0.16789166666666644,True,
"B2 true speed, stop-bias yaw",S3c,30,53.62802033474067,6.0081722609317545,23.31091987721596,53.62802033474067,6.963432296448263,892.5845998700438,0.0,0.0,True,
"E1 learned speed, stop-bias yaw",S3c,30,56.16170348630254,6.292031421389011,24.304474062793133,56.16170348630254,6.963432296448263,892.5845998700438,0.7284021422575182,-0.6951102556236161,True,
"E2 learned speed, stop-bias yaw",S3c,30,53.62836761283363,6.008211167954463,23.266996381565647,53.62836761283363,6.963432296448263,892.5845998700438,0.33607161320295303,-0.26213370455851454,True,
"E2 learned speed, raw yaw",S3c,30,58.15425189640074,6.515264984951312,25.290877449025455,58.15425189640074,7.551164089999989,892.5845998700438,0.33607161320295303,-0.26213370455851454,True,11400.0
"B1 hold speed, raw yaw",S3c,30,72.63371429767196,7.777615901382358,33.69529237008988,72.63371429767196,7.969226890000018,933.8814775458682,0.18079629629629626,-0.045235185185185656,False,
"B2 true speed, stop-bias yaw",S3c,30,68.23977987019404,7.307113537525152,31.657642181076927,68.23977987019404,7.381495096448292,933.8814775458682,0.0,0.0,False,
"E1 learned speed, stop-bias yaw",S3c,30,91.86376004337075,9.836768610592644,52.546209745919285,91.86376004337075,7.381495096448292,933.8814775458682,2.070829853744645,-2.070829853744645,False,
"E2 learned speed, stop-bias yaw",S3c,30,87.74786469377801,9.396038662675823,48.03932517515828,87.74786469377801,7.381495096448292,933.8814775458682,1.9371072231617237,-1.8790460027318745,False,
"E2 learned speed, raw yaw",S3c,30,91.50169483231134,9.797998678886657,49.48179861127789,91.50169483231134,7.969226890000018,933.8814775458682,1.9371072231617237,-1.8790460027318745,False,12000.0
"B1 hold speed, raw yaw",S3c,30,28.37841754153494,3.187696981564869,14.018315930480341,28.37841754153494,1.2691872199999232,890.2482797346604,0.6757296296296302,0.6755444444444451,False,
"B2 true speed, stop-bias yaw",S3c,30,12.801508787141062,1.4379706289302314,7.131554350923026,12.801508787141062,0.6814554264481978,890.2482797346604,0.0,0.0,False,
"E1 learned speed, stop-bias yaw",S3c,30,16.038123360575433,1.8015337659911699,11.669483402807721,17.433814334669123,0.6814554264481978,890.2482797346604,0.6884788929410842,-0.37361655371270325,False,
"E2 learned speed, stop-bias yaw",S3c,30,20.308611573389545,2.2812300833024413,8.781035100823503,20.308611573389545,0.6814554264481978,890.2482797346604,0.5919722118230334,0.44283263705381887,False,
"E2 learned speed, raw yaw",S3c,30,23.53060859793776,2.643151257192105,10.506385890996045,23.53060859793776,1.2691872199999232,890.2482797346604,0.5919722118230334,0.44283263705381887,False,12600.0
"B1 hold speed, raw yaw",S3c,30,27.033611551568562,2.856997127032294,11.64292319359709,27.033611551568562,3.6708407799999825,946.2246670037687,0.659266666666668,-0.659266666666668,False,
"B2 true speed, stop-bias yaw",S3c,30,25.81706895907751,2.7284290781414056,10.198825186469179,25.81706895907751,4.2585725735517075,946.2246670037687,0.0,0.0,False,
"E1 learned speed, stop-bias yaw",S3c,30,52.0879741914599,5.504821001591204,27.47147668122623,52.0879741914599,4.2585725735517075,946.2246670037687,1.5956054523648144,-1.5956054523648144,False,
"E2 learned speed, stop-bias yaw",S3c,30,34.974341648171695,3.6961984682684665,15.060233892895,34.974341648171695,4.2585725735517075,946.2246670037687,0.8834383739010289,-0.8834383739010289,False,
"E2 learned speed, raw yaw",S3c,30,31.678393595954713,3.3478723077749297,13.7435048387825,31.678393595954713,3.6708407799999825,946.2246670037687,0.8834383739010289,-0.8834383739010289,False,13200.0
"B1 hold speed, raw yaw",S3c,30,108.52967777176758,12.916587659264033,45.18018683780057,108.52967777176758,6.892837720000051,840.2349028609576,3.1361629629629633,2.97762962962963,True,
"B2 true speed, stop-bias yaw",S3c,30,57.781579272596225,6.876836355625415,28.534547045981935,57.781579272596225,7.480569513551776,840.2349028609576,0.0,0.0,True,
"E1 learned speed, stop-bias yaw",S3c,30,94.26947476890423,11.219419051496363,39.52995675094463,94.26947476890423,7.480569513551776,840.2349028609576,2.7233075181263486,2.2873449037426856,True,
"E2 learned speed, stop-bias yaw",S3c,30,67.94034598906484,8.08587524247462,31.133348779090035,67.94034598906484,7.480569513551776,840.2349028609576,1.5760978435673108,0.9692524117770673,True,
"E2 learned speed, raw yaw",S3c,30,64.2185899171174,7.64293291060111,29.31356002877311,64.2185899171174,6.892837720000051,840.2349028609576,1.5760978435673108,0.9692524117770673,True,13800.0
"B1 hold speed, raw yaw",S3c,30,79.56201314608336,12.418864378584482,41.949732371494825,79.56201314608336,8.733801200000004,640.6544972282879,2.290548148148148,-2.2894870370370373,True,
"B2 true speed, stop-bias yaw",S3c,30,52.19695897432972,8.147442841680402,23.676440602868055,52.19695897432972,9.32153299355173,640.6544972282879,0.0,0.0,True,
"E1 learned speed, stop-bias yaw",S3c,30,55.47866863687743,8.659686129871716,29.329581148231068,55.47866863687743,9.32153299355173,640.6544972282879,1.6296701164528358,-0.09867309817318093,True,
"E2 learned speed, stop-bias yaw",S3c,30,54.219024005346604,8.46306772838066,25.494529806781358,54.219024005346604,9.32153299355173,640.6544972282879,1.150120978339193,-0.6814244362421693,True,
"E2 learned speed, raw yaw",S3c,30,51.1939290142042,7.990879520191988,24.152424687651862,51.1939290142042,8.733801200000004,640.6544972282879,1.150120978339193,-0.6814244362421693,True,14400.0
"B1 hold speed, raw yaw",S3c,30,42.95456508581652,9.094096181092494,20.660906936229726,42.95456508581652,4.639832799999946,472.3346249088856,1.7441231481481478,-0.7949120370370374,True,
"B2 true speed, stop-bias yaw",S3c,30,25.457111783060125,5.3896348987692475,11.587745310815732,25.457111783060125,5.22756459355157,472.3346249088856,0.0,0.0,True,
"E1 learned speed, stop-bias yaw",S3c,30,60.378143031654865,12.782916993074972,32.75182599018622,60.378143031654865,5.22756459355157,472.3346249088856,2.031587422634362,-1.928401100117129,True,
"E2 learned speed, stop-bias yaw",S3c,30,46.767709200709795,9.90139336275239,23.994209801688992,46.767709200709795,5.22756459355157,472.3346249088856,1.4273737250213536,-1.3558233301699416,True,
"E2 learned speed, raw yaw",S3c,30,45.58974445089541,9.652001366550204,23.517093285894333,45.58974445089541,4.639832799999946,472.3346249088856,1.4273737250213536,-1.3558233301699416,True,15000.0
"B1 hold speed, raw yaw",S3c,30,132.65352171526828,40.71144334723532,79.59931716427407,132.65352171526828,7.0058362199999165,325.83841497301444,6.472169444444446,6.465750925925929,True,
"B2 true speed, stop-bias yaw",S3c,30,14.031812201625579,4.306371365938444,7.5301141776809155,14.031812201625579,7.504206706851759,325.83841497301444,0.0,0.0,True,
"E1 learned speed, stop-bias yaw",S3c,30,67.66984228702835,20.7679141492978,47.83383879343549,69.64881967879589,7.504206706851759,325.83841497301444,2.9947259654522522,2.916707799652069,True,
"E2 learned speed, stop-bias yaw",S3c,30,55.51756764277911,17.03837395826303,36.108980381210564,55.990790348274864,7.504206706851759,325.83841497301444,2.567254919064836,2.5059927329406495,True,
"E2 learned speed, raw yaw",S3c,30,54.91022898715684,16.851981369877596,35.88296558234117,55.40912459233641,7.0058362199999165,325.83841497301444,2.567254919064836,2.5059927329406495,True,15600.0
"B1 hold speed, raw yaw",S3c,30,33.38722003075751,9.835213423005086,18.727252584618967,33.38722003075751,5.009815410000063,339.4661467402734,1.1383666666666654,1.138333333333332,False,
"B2 true speed, stop-bias yaw",S3c,30,11.933007826039974,3.5152276421748634,4.506479745376467,11.933007826039974,5.50818589685188,339.4661467402734,0.0,0.0,False,
"E1 learned speed, stop-bias yaw",S3c,30,33.83713024564363,9.96774805693144,25.662373190071815,33.83713024564363,5.50818589685188,339.4661467402734,1.2358792189881695,-0.7467741320555887,False,
"E2 learned speed, stop-bias yaw",S3c,30,23.668662771936017,6.972319036585696,13.935938331222825,23.668662771936017,5.50818589685188,339.4661467402734,0.7927332950089504,-0.5365103830203902,False,
"E2 learned speed, raw yaw",S3c,30,22.55752266123665,6.644999178223058,13.542218628770012,22.55752266123665,5.009815410000063,339.4661467402734,0.7927332950089504,-0.5365103830203902,False,16200.0
"B1 hold speed, raw yaw",S3c,30,32.159935067132146,10.695617886507783,17.538839237518157,32.1629670543333,4.236828800000089,300.6832836436779,2.030690740740741,1.3520777777777788,True,
"B2 true speed, stop-bias yaw",S3c,30,1.5304118381294347,0.5089780248452508,1.5644012453242906,2.8586895327687203,4.735199286851805,300.6832836436779,0.0,0.0,True,
"E1 learned speed, stop-bias yaw",S3c,30,27.182530751217172,9.04025339281235,16.744467856273666,27.182530751217172,4.735199286851805,300.6832836436779,1.2352809896123684,0.3889562007038254,True,
"E2 learned speed, stop-bias yaw",S3c,30,23.037042601819433,7.661564129091819,16.308964613066433,25.992898744506444,4.735199286851805,300.6832836436779,1.102129302017872,1.0223616719844775,True,
"E2 learned speed, raw yaw",S3c,30,23.485456139591005,7.810695644598002,16.359217115734037,25.956997169517248,4.236828800000089,300.6832836436779,1.102129302017872,1.0223616719844775,True,16800.0
"B1 hold speed, raw yaw",S3c,30,137.3503275131613,55.76689244294927,64.45034895757901,137.3503275131613,4.581832890000063,246.29367263681337,5.145102777777778,-5.145102777777778,True,
"B2 true speed, stop-bias yaw",S3c,30,12.020675998593585,4.880627208121327,4.963300678160838,12.020675998593585,5.080203376851932,246.29367263681337,0.0,0.0,True,
"E1 learned speed, stop-bias yaw",S3c,30,30.199326382688174,12.261511251740657,15.7310674737765,30.199326382688174,5.080203376851932,246.29367263681337,1.5638518937009924,-1.0428259604359744,True,
"E2 learned speed, stop-bias yaw",S3c,30,17.457170824801544,7.087949372757143,8.903538603009636,17.457170824801544,5.080203376851932,246.29367263681337,1.033753755417704,0.183012186636794,True,
"E2 learned speed, raw yaw",S3c,30,16.299092025274042,6.617746956621502,8.474159191406226,16.299092025274042,4.581832890000063,246.29367263681337,1.033753755417704,0.183012186636794,True,17400.0
"B1 hold speed, raw yaw",S3c,30,32.40556974295754,16.2367889177792,32.61748433874627,48.857991633954015,5.781780519999991,199.5811481386791,2.238460185185185,-1.1397305555555552,True,
"B2 true speed, stop-bias yaw",S3c,30,10.524145834208085,5.273116189759252,5.631652594042217,10.524145834208085,6.678843527454559,199.5811481386791,0.0,0.0,True,
"E1 learned speed, stop-bias yaw",S3c,30,8.415760767059785,4.216711270351089,11.987293079730138,20.051533661436746,6.678843527454559,199.5811481386791,1.6250014637461292,0.18556236070150636,True,
"E2 learned speed, stop-bias yaw",S3c,30,7.383748314878807,3.6996221255066652,8.03824057032284,13.510276518081216,6.678843527454559,199.5811481386791,1.153656638806984,0.049884462349448926,True,
"E2 learned speed, raw yaw",S3c,30,6.183082053384359,3.0980291029732125,7.709673261935873,13.05763550908136,5.781780519999991,199.5811481386791,1.153656638806984,0.049884462349448926,True,18000.0
"B1 hold speed, raw yaw",S3c,30,16.310369860734216,6.517231510623314,13.520203602250902,18.475024312161697,3.4208283899999405,250.26531333354885,1.56632037037037,0.04848888888888756,True,
"B2 true speed, stop-bias yaw",S3c,30,9.15128312734178,3.6566326373583875,5.008443511990146,9.15128312734178,3.4208283899999405,250.26531333354885,0.0,0.0,True,
"E1 learned speed, stop-bias yaw",S3c,30,9.183232770612271,3.6693989463785712,7.627118908656846,10.920083401521708,3.4208283899999405,250.26531333354885,1.0989468527479365,-0.07753674052589485,True,
"E2 learned speed, stop-bias yaw",S3c,30,9.076078733367357,3.6265827702902365,6.53278310807905,9.317710969804594,3.4208283899999405,250.26531333354885,0.8575907740405228,-0.243232888058965,True,
"E2 learned speed, raw yaw",S3c,30,9.076078733367357,3.6265827702902365,6.53278310807905,9.317710969804594,3.4208283899999405,250.26531333354885,0.8575907740405228,-0.243232888058965,True,18600.0
"B1 hold speed, raw yaw",S3c,30,72.83857831912242,35.582146098553324,42.438969133713215,72.83857831912242,2.8518585300000177,204.7054107343004,2.9277712962962963,2.411754629629629,True,
"B2 true speed, stop-bias yaw",S3c,30,4.632439313560626,2.2629784415290084,1.6447936375533907,4.632439313560626,2.8518585300000177,204.7054107343004,0.0,0.0,True,
"E1 learned speed, stop-bias yaw",S3c,30,16.01677495756716,7.824304643493917,11.345481817422884,27.372830956287586,2.8518585300000177,204.7054107343004,2.1273217762862076,-0.6363166159854162,True,
"E2 learned speed, stop-bias yaw",S3c,30,3.20040738729087,1.5634210037783873,8.56770962073684,16.501804984983387,2.8518585300000177,204.7054107343004,2.1291659626528014,-0.17456828580572137,True,
"E2 learned speed, raw yaw",S3c,30,3.20040738729087,1.5634210037783873,8.56770962073684,16.501804984983387,2.8518585300000177,204.7054107343004,2.1291659626528014,-0.17456828580572137,True,19200.0
"B1 hold speed, raw yaw",S3c,30,86.9194118411463,62.334356999717556,38.33740659216244,86.9194118411463,3.3938517300003292,139.44061673972212,3.824151851851852,3.768896296296296,True,
"B2 true speed, stop-bias yaw",S3c,30,1.3208045451038313,0.9472165112186978,1.0698954766347435,1.7879961635150579,3.6928699689995397,139.44061673972212,0.0,0.0,True,
"E1 learned speed, stop-bias yaw",S3c,30,51.061137388699535,36.618553892378095,31.668435447461246,51.061137388699535,3.6928699689995397,139.44061673972212,2.6487302077500603,2.3163669905136843,True,
"E2 learned speed, stop-bias yaw",S3c,30,11.741507211723317,8.420435513161742,9.392480793632021,13.711709499396038,3.6928699689995397,139.44061673972212,1.2000427752372909,0.4397219877238063,True,
"E2 learned speed, raw yaw",S3c,30,11.858758345858247,8.504522299979236,9.44963192767935,13.695841656411355,3.3938517300003292,139.44061673972212,1.2000427752372909,0.4397219877238063,True,19800.0
"B1 hold speed, raw yaw",S3c,30,144.73152009839617,1847.7565530581824,81.933127398249,144.73152009839617,15.42002625999997,7.832824073001074,4.806277777777778,4.806277777777778,True,
"B2 true speed, stop-bias yaw",S3c,30,1.718626951588858,21.941344980704795,1.1248367841944182,1.718626951588858,14.213536631842091,7.832824073001074,0.0,0.0,True,
"E1 learned speed, stop-bias yaw",S3c,30,6.8868793561817085,87.92332486976264,6.524408982709229,6.896902016462047,14.213536631842091,7.832824073001074,0.2270764663625368,0.1908301700662405,True,
"E2 learned speed, stop-bias yaw",S3c,30,2.574765445205498,32.87148314846551,2.2417308087597134,2.574765445205498,14.213536631842091,7.832824073001074,0.12098909387894603,0.03830365027619763,True,
"E2 learned speed, raw yaw",S3c,30,2.5782477301266575,32.915940739861725,2.243916015266143,2.5782477301266575,15.42002625999997,7.832824073001074,0.12098909387894603,0.03830365027619763,True,21000.0
"B1 hold speed, raw yaw",S3c,30,33.98034238083995,7.609061656110395,19.347654966307772,33.98034238083995,2.2991549099999733,446.57730370146646,1.076996296296295,1.0324777777777758,True,
"B2 true speed, stop-bias yaw",S3c,30,14.861586446010172,3.3278866442225263,7.197954992226971,14.861586446010172,3.261165020749966,446.57730370146646,0.0,0.0,True,
"E1 learned speed, stop-bias yaw",S3c,30,14.982878996909132,3.3550471268295965,11.573459368545304,18.559963851012643,3.261165020749966,446.57730370146646,1.7263682763133488,0.11718522952435653,True,
"E2 learned speed, stop-bias yaw",S3c,30,45.912668658927245,10.281012554462354,22.405928663664362,45.912668658927245,3.261165020749966,446.57730370146646,2.5755001207515047,1.4229549549698255,True,
"E2 learned speed, raw yaw",S3c,30,44.75040672470021,10.020752589481242,21.88874815014401,44.75040672470021,2.2991549099999733,446.57730370146646,2.5755001207515047,1.4229549549698255,True,21600.0
"B1 hold speed, raw yaw",S3c,30,53.5290669459593,13.864423672066518,29.105375774655815,53.5290669459593,0.9951854499999984,386.0893767535935,1.8828129629629635,1.880472222222223,True,
"B2 true speed, stop-bias yaw",S3c,30,8.269412044110478,2.1418387922618516,5.381782021857717,8.269412044110478,1.780747291054562,386.0893767535935,0.0,0.0,True,
"E1 learned speed, stop-bias yaw",S3c,30,26.1230337789827,6.766058677562296,22.68778652096137,34.155261743996,1.780747291054562,386.0893767535935,1.5268302718482691,0.6752511782729962,True,
"E2 learned speed, stop-bias yaw",S3c,30,31.381336270307163,8.127997857432652,23.561890081536973,36.022654619253146,1.780747291054562,386.0893767535935,1.367410653293466,0.9464020918254367,True,
"E2 learned speed, raw yaw",S3c,30,32.11371849978653,8.317690263796576,23.492820576398,35.84721876862249,0.9951854499999984,386.0893767535935,1.367410653293466,0.9464020918254367,True,22800.0
"B1 hold speed, raw yaw",S3c,30,129.3480868445916,35.008517473518765,70.66224561052204,129.3480868445916,2.0228253100000404,369.4760480572576,4.3189981481481485,-4.3189981481481485,True,
"B2 true speed, stop-bias yaw",S3c,30,6.913315032432648,1.871113180078535,3.756157059102324,6.913315032432648,1.2634114512566905,369.4760480572576,0.0,0.0,True,
"E1 learned speed, stop-bias yaw",S3c,30,28.28723879962259,7.656041291001068,25.96116023950703,37.12843892284392,1.2634114512566905,369.4760480572576,1.6579114784459337,-0.8935052973727325,True,
"E2 learned speed, stop-bias yaw",S3c,30,17.027910761700397,4.608664310240102,18.316136390535473,27.34762058650901,1.2634114512566905,369.4760480572576,1.4103813142557413,-0.4812948933269461,True,
"E2 learned speed, raw yaw",S3c,30,18.40981975705835,4.9826828704753785,18.56433887779251,27.392290750729963,2.0228253100000404,369.4760480572576,1.4103813142557413,-0.4812948933269461,True,23400.0
"B1 hold speed, raw yaw",S3c,30,29.5603654000603,8.518380856435252,8.742773930006203,29.5603654000603,2.7498129700000216,347.0185930666481,1.114175925925926,0.9471388888888886,True,
"B2 true speed, stop-bias yaw",S3c,30,2.4402950767106564,0.7032173853122548,1.8982539292579512,3.301975391152909,1.9903991112566206,347.0185930666481,0.0,0.0,True,
"E1 learned speed, stop-bias yaw",S3c,30,23.704081049215628,6.830781267291647,11.862313267517324,23.704081049215628,1.9903991112566206,347.0185930666481,1.2305920341341763,-0.8703106137640872,True,
"E2 learned speed, stop-bias yaw",S3c,30,12.405866828267744,3.5749862042363487,2.5147443734407786,12.405866828267744,1.9903991112566206,347.0185930666481,0.8473153120328328,-0.49108309796335337,True,
"E2 learned speed, raw yaw",S3c,30,12.336831439088241,3.5550923453599617,2.1402250931811864,12.336831439088241,2.7498129700000216,347.0185930666481,0.8473153120328328,-0.49108309796335337,True,24000.0
"B1 hold speed, raw yaw",S3c,30,9.19314319432999,5.479980663162333,35.26980998740928,51.16824203258988,9.552862460000046,167.75867944440702,3.253190740740741,0.2106148148148151,True,
"B2 true speed, stop-bias yaw",S3c,30,19.63627357277307,11.705071617042782,7.307106562086043,19.63627357277307,8.793448601256646,167.75867944440702,0.0,0.0,True,
"E1 learned speed, stop-bias yaw",S3c,30,22.457063253541627,13.38652839180437,15.409724021747902,22.457063253541627,8.793448601256646,167.75867944440702,2.290528212485731,-0.6868184480353637,True,
"E2 learned speed, stop-bias yaw",S3c,30,16.7178979405353,9.96544440854125,9.847486408597035,16.7178979405353,8.793448601256646,167.75867944440702,1.2602981461035805,-0.3215451956402043,True,
"E2 learned speed, raw yaw",S3c,30,17.656418202680012,10.524891028682132,10.077897730453225,17.656418202680012,9.552862460000046,167.75867944440702,1.2602981461035805,-0.3215451956402043,True,24600.0
"B1 hold speed, raw yaw",S3c,30,196.4780677021986,76.58027265271456,110.20560249677786,196.4780677021986,38.02115618000008,256.5648578886772,5.411208333333333,-5.398193518518518,True,
"B2 true speed, stop-bias yaw",S3c,30,157.4131186963429,61.35412308284404,88.40008009722845,157.4131186963429,38.79294050511117,256.5648578886772,0.0,0.0,True,
"E1 learned speed, stop-bias yaw",S3c,30,154.29704287977532,60.139585814486104,87.04925948484119,154.29704287977532,38.79294050511117,256.5648578886772,2.2379592622621893,-1.9819772619746463,True,
"E2 learned speed, stop-bias yaw",S3c,30,152.31536247097586,59.36719616412357,85.99710887351377,152.31536247097586,38.79294050511117,256.5648578886772,1.9650338348211092,-1.5215279087366949,True,
"E2 learned speed, raw yaw",S3c,30,151.00132576611782,58.85503065725271,85.42153479067977,151.00132576611782,38.02115618000008,256.5648578886772,1.9650338348211092,-1.5215279087366949,True,25800.0
"B1 hold speed, raw yaw",S3c,30,87.17365872160329,41.765985129246246,55.02566885600709,87.17365872160329,10.153178680000225,208.7192686868069,3.0521435185185184,-3.0521435185185184,True,
"B2 true speed, stop-bias yaw",S3c,30,0.32070887031030354,0.15365561231030483,4.082732989066231,7.100464888119388,10.924963005110454,208.7192686868069,0.0,0.0,True,
"E1 learned speed, stop-bias yaw",S3c,30,8.851369525203868,4.240801331325938,32.15338306266055,47.80711400357425,10.924963005110454,208.7192686868069,2.925412143757762,-0.32202985871943157,True,
"E2 learned speed, stop-bias yaw",S3c,30,14.64433024126585,7.016280927680116,33.91071192238773,50.041244225336456,10.924963005110454,208.7192686868069,2.8748568241553416,-0.5587544294753627,True,
"E2 learned speed, raw yaw",S3c,30,15.426542250743923,7.391048439275712,33.96978614474757,50.05995603085524,10.153178680000225,208.7192686868069,2.8748568241553416,-0.5587544294753627,True,26400.0
"B1 hold speed, raw yaw",S3c,30,35.82135245357953,17.838818475450886,14.293900830243722,35.82135245357953,40.22316674,200.80563352822685,1.2965398148148142,1.1763064814814805,True,
"B2 true speed, stop-bias yaw",S3c,30,17.285168660139806,8.607910224645199,4.33185830559305,17.449593540052796,41.04922083338136,200.80563352822685,0.0,0.0,True,
"E1 learned speed, stop-bias yaw",S3c,30,95.47011752292626,47.54354539037682,45.791282100300705,95.47011752292626,41.04922083338136,200.80563352822685,3.541424970970546,3.242544892501006,True,
"E2 learned speed, stop-bias yaw",S3c,30,51.41269679780966,25.60321435931362,25.1433139817812,54.51399712112224,41.04922083338136,200.80563352822685,2.1980485385300303,1.729989138949903,True,
"E2 learned speed, raw yaw",S3c,30,50.964127886580336,25.379829734416496,25.093851577391934,54.432617105836314,40.22316674,200.80563352822685,2.1980485385300303,1.729989138949903,True,27000.0
"B1 hold speed, raw yaw",S3c,30,86.66102438086507,32.96804251275485,52.878538386372924,86.66102438086507,10.703186749999972,262.86372430919187,2.642963888888889,-2.5762601851851854,True,
"B2 true speed, stop-bias yaw",S3c,30,23.86257849636793,9.077927568392708,16.07446830963728,23.86257849636793,11.365428352991705,262.86372430919187,0.0,0.0,True,
"E1 learned speed, stop-bias yaw",S3c,30,53.67483401173348,20.41926254860438,28.91042541752489,53.67483401173348,11.365428352991705,262.86372430919187,1.7475878291249156,-1.0976099817984044,True,
"E2 learned speed, stop-bias yaw",S3c,30,66.31422772310258,25.227607155524005,34.626302274521734,66.31422772310258,11.365428352991705,262.86372430919187,1.9691833596730688,-1.6300087560811338,True,
"E2 learned speed, raw yaw",S3c,30,65.97380909429162,25.098103311010817,34.41145494189544,65.97380909429162,10.703186749999972,262.86372430919187,1.9691833596730688,-1.6300087560811338,True,27600.0
"B1 hold speed, raw yaw",S3c,30,41.60858719754996,16.634183623519068,24.714269227072705,42.996900779401955,23.657861190000027,250.13903981869956,1.3378009259259265,1.3132712962962967,True,
"B2 true speed, stop-bias yaw",S3c,30,3.4594575933386804,1.3830138613493084,2.4535958758857763,5.0012929996380295,22.995619587008292,250.13903981869956,0.0,0.0,True,
"E1 learned speed, stop-bias yaw",S3c,30,43.200172476980505,17.27046386213521,27.85453859640139,46.96999397265606,22.995619587008292,250.13903981869956,1.8429454964501497,1.3311831382204666,True,
"E2 learned speed, stop-bias yaw",S3c,30,26.855816717536968,10.736355563290731,17.77492750381327,30.128031753390363,22.995619587008292,250.13903981869956,1.3385267864260284,0.7881906850894126,True,
"E2 learned speed, raw yaw",S3c,30,26.69013973931308,10.670121608629366,17.7612216869129,30.16219535010183,23.657861190000027,250.13903981869956,1.3385267864260284,0.7881906850894126,True,28200.0
"B1 hold speed, raw yaw",S3c,30,67.1258955146979,33.696189872382526,38.84614310126732,67.1258955146979,2.8651892499999674,199.20915619517694,3.4356444444444447,-1.4413592592592595,True,
"B2 true speed, stop-bias yaw",S3c,30,5.63083864110891,2.8265963014230358,3.3000988805167117,5.63083864110891,3.5354413516749092,199.20915619517694,0.0,0.0,True,
"E1 learned speed, stop-bias yaw",S3c,30,46.28883968315914,23.236301266096042,38.05701699353116,48.12054609117864,3.5354413516749092,199.20915619517694,2.795882745380253,0.10747432985463168,True,
"E2 learned speed, stop-bias yaw",S3c,30,29.017894451205876,14.566546541051222,25.642932695393068,32.0091610273306,3.5354413516749092,199.20915619517694,1.5801427458370318,0.7577712339248117,True,
"E2 learned speed, raw yaw",S3c,30,27.79570168617387,13.953024156651106,25.20058361242324,30.954899326781668,2.8651892499999674,199.20915619517694,1.5801427458370318,0.7577712339248117,True,28800.0
"B1 hold speed, raw yaw",S3c,30,16.383822773311636,3.000985757722208,9.852657729415457,16.998395324808016,1.1238054500000045,545.9480349465969,0.7332481481481476,-0.6436685185185175,True,
"B2 true speed, stop-bias yaw",S3c,30,3.676917591499408,0.6734922293216192,2.123589495470986,3.676917591499408,0.911730205011624,545.9480349465969,0.0,0.0,True,
"E1 learned speed, stop-bias yaw",S3c,30,19.117174817349586,3.501647335211963,11.547006290443411,20.65256121255994,0.911730205011624,545.9480349465969,0.9084519342945958,-0.7442014419557151,True,
"E2 learned speed, stop-bias yaw",S3c,30,30.42172280978381,5.5722744405078,15.952725962324786,30.42172280978381,0.911730205011624,545.9480349465969,1.1821300116272249,-1.1339739535302829,True,
"E2 learned speed, raw yaw",S3c,30,30.459771709228985,5.579243766709129,15.956613221201257,30.459771709228985,1.1238054500000045,545.9480349465969,1.1821300116272249,-1.1339739535302829,True,29400.0
"B1 hold speed, raw yaw",S3c,30,69.23699156581091,12.163938873126597,35.481913438827206,69.23699156581091,2.6108146799999155,569.1987791781328,2.2118518518518493,2.2100833333333307,True,
"B2 true speed, stop-bias yaw",S3c,30,12.404077841684868,2.1792172252363473,12.633262007206946,37.92005968187077,2.433293974421717,569.1987791781328,0.0,0.0,True,
"E1 learned speed, stop-bias yaw",S3c,30,62.286227482334965,10.942790069274247,38.46370542354467,62.286227482334965,2.433293974421717,569.1987791781328,3.196446325516978,-2.3137259805584716,True,
"E2 learned speed, stop-bias yaw",S3c,30,40.415662000528584,7.100447766048416,28.512168816155643,46.37571149608907,2.433293974421717,569.1987791781328,2.4931808725166804,-1.5658675232996695,True,
"E2 learned speed, raw yaw",S3c,30,40.51178238790908,7.117334729073756,28.52116395098694,46.413098667468574,2.6108146799999155,569.1987791781328,2.4931808725166804,-1.5658675232996695,True,30000.0
"B1 hold speed, raw yaw",S3c,30,29.26230625239859,5.334301806526564,13.559031314081864,29.26230625239859,0.0868825599999015,548.5686283553719,1.1040129629629634,-0.978031481481482,True,
"B2 true speed, stop-bias yaw",S3c,30,7.769159546084366,1.4162602716412314,5.612234088277523,7.875188861363242,0.3756307057585837,548.5686283553719,0.0,0.0,True,
"E1 learned speed, stop-bias yaw",S3c,30,15.90581529757313,2.8995123810231958,15.518716249546696,27.388694552929152,0.3756307057585837,548.5686283553719,2.3246045650245493,-0.26338654213981216,True,
"E2 learned speed, stop-bias yaw",S3c,30,11.78607842449322,2.148514846688973,11.180959601586187,21.434872617311285,0.3756307057585837,548.5686283553719,2.626112132927758,0.16428453098149476,True,
"E2 learned speed, raw yaw",S3c,30,13.067694007921567,2.3821438799916383,11.480970522273061,21.464371853712134,0.0868825599999015,548.5686283553719,2.626112132927758,0.16428453098149476,True,30600.0
"B1 hold speed, raw yaw",S3c,30,48.21175904616238,40.66204317690538,20.14854676830873,48.21175904616238,36.73286143999995,118.56698601300235,2.9949361111111106,-1.8831787037037035,True,
"B2 true speed, stop-bias yaw",S3c,30,13.548785157156743,11.427114420932444,2.096283517462598,13.548785157156743,36.99869933892586,118.56698601300235,0.0,0.0,True,
"E1 learned speed, stop-bias yaw",S3c,30,16.06970227455678,13.553268759648267,13.543067226401021,31.072632908255898,36.99869933892586,118.56698601300235,1.7669733799173313,0.8451291906034087,True,
"E2 learned speed, stop-bias yaw",S3c,30,23.892908266961147,20.151400546136,15.98085374293813,36.88036874245199,36.99869933892586,118.56698601300235,1.6162802021095477,1.3278122082403707,True,
"E2 learned speed, raw yaw",S3c,30,23.919457562809296,20.173792357500112,15.96416299326778,36.84861889761472,36.73286143999995,118.56698601300235,1.6162802021095477,1.3278122082403707,True,31200.0
"B1 hold speed, raw yaw",S3c,30,19.399779838536823,3.6928028556927526,10.801625783643223,19.399779838536823,5.511181959999976,525.3402522864307,0.6619157407407411,0.073367592592595,False,
"B2 true speed, stop-bias yaw",S3c,30,22.907889312762524,4.36058139711565,10.408517201910891,22.907889312762524,5.2681384458124665,525.3402522864307,0.0,0.0,False,
"E1 learned speed, stop-bias yaw",S3c,30,68.711535010577,13.079434654307335,35.27933439390754,70.86863561411025,5.2681384458124665,525.3402522864307,2.405878921438954,-2.1414096210067894,False,
"E2 learned speed, stop-bias yaw",S3c,30,51.135686101539356,9.733822199799514,27.043531914841555,54.18129106520152,5.2681384458124665,525.3402522864307,1.970689259915909,-1.5278677851316187,False,
"E2 learned speed, raw yaw",S3c,30,51.516411030087724,9.80629426469295,27.179625545962978,54.374606738827374,5.511181959999976,525.3402522864307,1.970689259915909,-1.5278677851316187,False,31800.0
"B1 hold speed, raw yaw",S3c,30,46.75176174100801,8.885250295632966,35.240435786003836,59.838807859544346,39.96318459,526.1727040372307,0.6848092592592592,0.04196481481481411,True,
"B2 true speed, stop-bias yaw",S3c,30,48.36114514817988,9.191116296439041,36.47031335106993,63.65132690757226,39.71005691700002,526.1727040372307,0.0,0.0,True,
"E1 learned speed, stop-bias yaw",S3c,30,32.95215184089787,6.262611417897926,32.87850230676859,56.02093183934585,39.71005691700002,526.1727040372307,1.8475951247427937,-0.8487480183233107,True,
"E2 learned speed, stop-bias yaw",S3c,30,37.35544863290666,7.099465317429974,33.60018668259057,57.17718127785265,39.71005691700002,526.1727040372307,1.3702519682293917,-0.5404031899764745,True,
"E2 learned speed, raw yaw",S3c,30,36.354067632241744,6.909151188061139,33.16127695727649,56.290377673936376,39.96318459,526.1727040372307,1.3702519682293917,-0.5404031899764745,True,32400.0
"B1 hold speed, raw yaw",S3c,30,63.70495646038386,12.479630522761937,29.483082628523682,63.70495646038386,13.75318592999986,510.47149468239996,0.49170185185185183,-0.03812777777777747,True,
"B2 true speed, stop-bias yaw",S3c,30,65.37793280307991,12.807362112110901,30.606960784519345,65.37793280307991,13.500058256999877,510.47149468239996,0.0,0.0,True,
"E1 learned speed, stop-bias yaw",S3c,30,51.26786392679146,10.043237371890626,28.35877066593953,51.26786392679146,13.500058256999877,510.47149468239996,1.1962430992379005,-0.8541514885391568,True,
"E2 learned speed, stop-bias yaw",S3c,30,58.1299239346803,11.387496567432622,28.389742865390215,58.1299239346803,13.500058256999877,510.47149468239996,0.9193860671235415,-0.8342492146953432,True,
"E2 learned speed, raw yaw",S3c,30,59.17058983347517,11.591360232619714,28.826933845420896,59.17058983347517,13.75318592999986,510.47149468239996,0.9193860671235415,-0.8342492146953432,True,33000.0
"B1 hold speed, raw yaw",S3c,30,115.1543609325843,65.2671192651777,70.37170973898964,115.1543609325843,19.940167970000026,176.4354888480932,3.723703703703705,3.6273648148148165,True,
"B2 true speed, stop-bias yaw",S3c,30,9.355489242630833,5.30249855270653,8.373924718990985,14.142007295776468,19.687040297000003,176.4354888480932,0.0,0.0,True,
"E1 learned speed, stop-bias yaw",S3c,30,63.16925655507678,35.80303314684271,43.91269477128277,64.89969500187476,19.687040297000003,176.4354888480932,2.5405408939060576,1.8273455281636826,True,
"E2 learned speed, stop-bias yaw",S3c,30,24.177845445848085,13.703504665472737,18.063750606162383,30.91683340403352,19.687040297000003,176.4354888480932,1.513408019419016,0.5055541692409407,True,
"E2 learned speed, raw yaw",S3c,30,24.28907962126929,13.766549904357177,18.088598170289774,30.96088527487882,19.940167970000026,176.4354888480932,1.513408019419016,0.5055541692409407,True,33600.0
"B1 hold speed, raw yaw",S3c,30,67.41551401781473,13.200852052717398,31.86413569047717,67.41551401781473,15.424153599999952,510.6906262458811,0.7163250000000005,0.16195277777777634,True,
"B2 true speed, stop-bias yaw",S3c,30,65.04149310760106,12.7359872621366,30.52025051645785,65.04149310760106,14.560191405666698,510.6906262458811,0.0,0.0,True,
"E1 learned speed, stop-bias yaw",S3c,30,64.81120307282428,12.690893418047539,32.82246989640346,64.81120307282428,14.560191405666698,510.6906262458811,1.0574089137163953,-0.44184460324907565,True,
"E2 learned speed, stop-bias yaw",S3c,30,63.315799830168245,12.398073623478595,30.229889075916933,63.315799830168245,14.560191405666698,510.6906262458811,0.8604701341749493,0.13562255692104405,True,
"E2 learned speed, raw yaw",S3c,30,67.10989548518894,13.14100788935916,31.875106512190147,67.10989548518894,15.424153599999952,510.6906262458811,0.8604701341749493,0.13562255692104405,True,34200.0
"B1 hold speed, raw yaw",S3c,30,76.23661771775674,49.42260021866914,33.753872005391756,76.23661771775674,20.172197419999947,154.25456649478096,3.1560833333333336,0.799351851851852,True,
"B2 true speed, stop-bias yaw",S3c,30,1.6086740646913211,1.0428696545238088,1.6407418754418233,2.7224754225723626,14.453758583499681,154.25456649478096,0.0,0.0,True,
"E1 learned speed, stop-bias yaw",S3c,30,94.76498813238445,61.43415412962229,40.5214403389911,94.76498813238445,14.453758583499681,154.25456649478096,3.6449917662671716,2.623414821710506,True,
"E2 learned speed, stop-bias yaw",S3c,30,56.728321897889096,36.77578122123759,24.47893227122799,56.728321897889096,14.453758583499681,154.25456649478096,2.2095411443485884,0.9899015495957004,True,
"E2 learned speed, raw yaw",S3c,30,60.202832871792175,39.02823380844876,26.61976905458285,60.202832871792175,20.172197419999947,154.25456649478096,2.2095411443485884,0.9899015495957004,True,34800.0
"B1 hold speed, raw yaw",S3c,30,55.53153005595515,32.27902036871492,23.53743903939078,55.53153005595515,69.47116771000002,172.0359831916608,2.7598833333333337,2.4391592592592595,True,
"B2 true speed, stop-bias yaw",S3c,30,8.616933580649082,5.00879724159171,3.726407398788847,8.616933580649082,63.68121991118181,172.0359831916608,0.0,0.0,True,
"E1 learned speed, stop-bias yaw",S3c,30,63.39535200221675,36.850053591166244,36.990645737559696,69.34607157086599,63.68121991118181,172.0359831916608,3.7031887976057876,2.5632595107960707,True,
"E2 learned speed, stop-bias yaw",S3c,30,31.54788639754404,18.33795803195275,18.441192215387378,37.40415709984871,63.68121991118181,172.0359831916608,2.563650244645589,1.4948876846402301,True,
"E2 learned speed, raw yaw",S3c,30,32.22507487791142,18.731589915122758,18.25304546675235,36.93532689989228,69.47116771000002,172.0359831916608,2.563650244645589,1.4948876846402301,True,36000.0
"B1 hold speed, raw yaw",S3c,30,29.59993364292137,24.079322172875067,20.992220824824287,29.59993364292137,0.826172979999941,122.92677273227058,1.106487962962963,1.1057212962962963,True,
"B2 true speed, stop-bias yaw",S3c,30,10.243105778176195,8.332689088393508,5.114672032623171,10.243105778176195,4.964425900268382,122.92677273227058,0.0,0.0,True,
"E1 learned speed, stop-bias yaw",S3c,30,31.690530665496137,25.780007040872047,19.607960781128845,33.95009186239806,4.964425900268382,122.92677273227058,1.7663465083306589,-0.4562610344188216,True,
"E2 learned speed, stop-bias yaw",S3c,30,16.344020855855216,13.295737366710032,12.553029214623455,20.724678765869733,4.964425900268382,122.92677273227058,1.8411198976898064,0.1715323890989303,True,
"E2 learned speed, raw yaw",S3c,30,10.406184908887315,8.465352727962324,10.705478682368641,17.70358144379984,0.826172979999941,122.92677273227058,1.8411198976898064,0.1715323890989303,True,36600.0
"B1 hold speed, raw yaw",S3c,60,80.83134580610744,9.58514715909906,39.46374873624346,80.83134580610744,8.88634233000003,843.2979114918987,1.9460231481481485,0.7425611111111112,True,
"B2 true speed, stop-bias yaw",S3c,60,51.8765032692471,6.151622405594617,26.357011379564508,51.8765032692471,6.490135275666661,843.2979114918987,0.0,0.0,True,
"E1 learned speed, stop-bias yaw",S3c,60,79.54524732523332,9.432638957270498,53.620231614190274,79.54524732523332,6.490135275666661,843.2979114918987,1.7706901767901833,-1.2468134555963084,True,
"E2 learned speed, stop-bias yaw",S3c,60,45.585841576805535,5.405662809736896,27.35543599456604,45.585841576805535,6.490135275666661,843.2979114918987,1.0479430432749695,-0.1491863356329687,True,
"E2 learned speed, raw yaw",S3c,60,61.93314910639577,7.344160143457291,33.96324663456289,61.93314910639577,8.88634233000003,843.2979114918987,1.0479430432749695,-0.1491863356329687,True,1200.0
"B1 hold speed, raw yaw",S3c,60,118.43927317262117,13.462983732831214,70.63173253635586,118.99169316909446,2.1773466999999846,879.7401491601881,5.158527777777778,-1.0325574074074066,True,
"B2 true speed, stop-bias yaw",S3c,60,12.57603448393819,1.4295169426953451,6.395935714975215,12.57603448393819,0.21886035433327072,879.7401491601881,0.0,0.0,True,
"E1 learned speed, stop-bias yaw",S3c,60,35.234506180866866,4.0051038041746985,33.428895207285485,53.63051447464478,0.21886035433327072,879.7401491601881,2.7969179764788867,-0.31635099044521475,True,
"E2 learned speed, stop-bias yaw",S3c,60,60.65662192685152,6.894833887569546,56.13184015610123,89.62565298155158,0.21886035433327072,879.7401491601881,3.036977861009638,1.0648522677162395,True,
"E2 learned speed, raw yaw",S3c,60,71.94789203399554,8.178311755201575,59.067945530000564,90.45207158290327,2.1773466999999846,879.7401491601881,3.036977861009638,1.0648522677162395,True,1800.0
"B1 hold speed, raw yaw",S3c,60,354.3749279364819,33.176874189699014,231.3639558531028,360.8184586620159,7.356372359999936,1068.1383843162378,7.081015740740741,-5.902862962962964,True,
"B2 true speed, stop-bias yaw",S3c,60,31.67707880540913,2.9656343476212608,14.648697332877022,31.67707880540913,4.960165305666636,1068.1383843162378,0.0,0.0,True,
"E1 learned speed, stop-bias yaw",S3c,60,355.54780172944197,33.28667960538126,220.53238209525495,355.54780172944197,4.960165305666636,1068.1383843162378,6.243925853934607,-6.003106933887093,True,
"E2 learned speed, stop-bias yaw",S3c,60,240.62413634597823,22.527430890896433,152.7138654619327,240.62413634597823,4.960165305666636,1068.1383843162378,4.333244268222154,-4.054697826993064,True,
"E2 learned speed, raw yaw",S3c,60,243.4421025955942,22.791251224571635,153.75507929729875,243.4421025955942,7.356372359999936,1068.1383843162378,4.333244268222154,-4.054697826993064,True,2400.0
"B1 hold speed, raw yaw",S3c,60,250.51462268221314,37.33243921096114,127.09865639521237,252.10424260799573,4.642351629999971,671.0373819042068,7.586403240740741,5.332703240740743,True,
"B2 true speed, stop-bias yaw",S3c,60,7.640731126281203,1.1386446317787922,4.867891799528981,7.640731126281203,2.24614457566669,671.0373819042068,0.0,0.0,True,
"E1 learned speed, stop-bias yaw",S3c,60,160.44843230473907,23.910505827474708,76.5596448597328,160.7305360317343,2.24614457566669,671.0373819042068,5.081504566553294,3.289192135037559,True,
"E2 learned speed, stop-bias yaw",S3c,60,158.41169438584706,23.6069850440107,74.20353728210772,158.80220177017296,2.24614457566669,671.0373819042068,4.385697371401622,3.2981546457906172,True,
"E2 learned speed, raw yaw",S3c,60,158.42090719210452,23.608357963985934,74.35546309131762,158.69190089653813,4.642351629999971,671.0373819042068,4.385697371401622,3.2981546457906172,True,3000.0
"B1 hold speed, raw yaw",S3c,60,67.54207371629835,12.077437792975948,69.420561325625,107.96695360256489,14.148379539999587,559.2417437710155,2.7540935185185185,-0.2878333333333336,True,
"B2 true speed, stop-bias yaw",S3c,60,8.774344331816046,1.5689716351733478,10.67472580882731,18.99754341151984,11.752172485666406,559.2417437710155,0.0,0.0,True,
"E1 learned speed, stop-bias yaw",S3c,60,59.69879171893086,10.674952716579549,56.36536550195895,86.42046459373852,11.752172485666406,559.2417437710155,2.4916238366863386,0.41555737223108596,True,
"E2 learned speed, stop-bias yaw",S3c,60,15.687151622544198,2.8050752286058573,22.035103305612903,39.009696130705386,11.752172485666406,559.2417437710155,1.6228493596033173,-0.44845285613502833,True,
"E2 learned speed, raw yaw",S3c,60,14.174345043079398,2.534564917758206,23.09740178685989,41.523582536179845,14.148379539999587,559.2417437710155,1.6228493596033173,-0.44845285613502833,True,3600.0
"B1 hold speed, raw yaw",S3c,60,109.68028803589992,17.66587182929101,45.41067225881514,109.68028803589992,15.43438019999932,620.8597520448656,2.7200930555555543,2.5833837962962947,True,
"B2 true speed, stop-bias yaw",S3c,60,26.914916025925063,4.335104012988121,10.856135988923018,26.914916025925063,13.038173145667464,620.8597520448656,0.0,0.0,True,
"E1 learned speed, stop-bias yaw",S3c,60,68.48566014820236,11.030777872561039,29.84702144027387,72.11302390278473,13.038173145667464,620.8597520448656,2.203544153066592,0.5931190653840739,True,
"E2 learned speed, stop-bias yaw",S3c,60,49.37267642509483,7.9523074675852055,20.391249224500157,50.16846646967287,13.038173145667464,620.8597520448656,1.4198574138151379,0.5480320785949703,True,
"E2 learned speed, raw yaw",S3c,60,52.72599896947118,8.49241697433481,21.171052269311453,52.95672442855692,15.43438019999932,620.8597520448656,1.4198574138151379,0.5480320785949703,True,4200.0
"B1 hold speed, raw yaw",S3c,60,119.37362107866055,15.225216927795158,83.65984227545536,119.9106135007512,17.580351319999945,784.0520213589341,3.262641203703703,0.649201388888888,True,
"B2 true speed, stop-bias yaw",S3c,60,70.71301619877076,9.018918932982226,33.31461951030343,70.71301619877076,15.184144265666538,784.0520213589341,0.0,0.0,True,
"E1 learned speed, stop-bias yaw",S3c,60,85.82792310108769,10.946712815347261,68.86064791701374,93.22466267359097,15.184144265666538,784.0520213589341,2.044054518173906,-0.29702918046624605,True,
"E2 learned speed, stop-bias yaw",S3c,60,80.43314026425244,10.258648415298282,53.81318250153435,80.43314026425244,15.184144265666538,784.0520213589341,1.6334667499764264,0.1456946940186803,True,
"E2 learned speed, raw yaw",S3c,60,93.42041494558056,11.915078642825573,58.87457783298323,93.42041494558056,17.580351319999945,784.0520213589341,1.6334667499764264,0.1456946940186803,True,4800.0
"B1 hold speed, raw yaw",S3c,60,59.587851359530916,13.925968822913271,31.307020119513613,59.587851359530916,13.784380999999733,427.8901677669081,1.0079574074074076,-0.664390740740741,True,
"B2 true speed, stop-bias yaw",S3c,60,33.48378616927989,7.825322639224578,13.519127500769397,33.48378616927989,11.388173945666813,427.8901677669081,0.0,0.0,True,
"E1 learned speed, stop-bias yaw",S3c,60,57.501222840536755,13.438313654325512,25.63124683581311,57.501222840536755,11.388173945666813,427.8901677669081,1.2539756648509655,1.0197985371464662,True,
"E2 learned speed, stop-bias yaw",S3c,60,21.708981830956663,5.0734939632411855,12.852436709227414,21.708981830956663,11.388173945666813,427.8901677669081,0.9021327170584237,0.4149118333353917,True,
"E2 learned speed, raw yaw",S3c,60,28.95263996018837,6.766371873251416,14.387817854868803,28.95263996018837,13.784380999999733,427.8901677669081,0.9021327170584237,0.4149118333353917,True,5400.0
"B1 hold speed, raw yaw",S3c,60,171.25393092683666,68.21164080154449,98.7337892713772,171.25393092683666,9.577354820000007,251.06261763308737,3.616682870370371,3.6024476851851857,True,
"B2 true speed, stop-bias yaw",S3c,60,25.9210223179996,10.324524838612806,15.001417353772084,25.9210223179996,7.181147765666791,251.06261763308737,0.0,0.0,True,
"E1 learned speed, stop-bias yaw",S3c,60,63.54190431520703,25.309185777736783,43.29162797334336,71.39858829964463,7.181147765666791,251.06261763308737,2.1827909534199534,0.4154061304857647,True,
"E2 learned speed, stop-bias yaw",S3c,60,32.80509663917744,13.066499882957517,32.38740383323491,44.88558469277745,7.181147765666791,251.06261763308737,1.8354183757436655,-0.4712573297885577,True,
"E2 learned speed, raw yaw",S3c,60,32.15569491866151,12.807838626798311,32.0209024678451,43.52385883316388,9.577354820000007,251.06261763308737,1.8354183757436655,-0.4712573297885577,True,6000.0
"B1 hold speed, raw yaw",S3c,60,31.265102817642116,7.228461261788661,18.588253091880933,31.265102817642116,7.517359059999821,432.527777148323,0.8538680555555556,0.21880231481481474,True,
"B2 true speed, stop-bias yaw",S3c,60,10.502562159931937,2.4281821225854783,5.292093225071955,10.502562159931937,5.058098733052463,432.527777148323,0.0,0.0,True,
"E1 learned speed, stop-bias yaw",S3c,60,7.530527768245681,1.7410506714493161,16.17575910675381,21.595886987096684,5.058098733052463,432.527777148323,1.341598969584029,-0.9118898721735205,True,
"E2 learned speed, stop-bias yaw",S3c,60,11.5282871356273,2.665328736025664,19.44594157548277,28.49398722126294,5.058098733052463,432.527777148323,1.2993448498399307,-1.1893462692455865,True,
"E2 learned speed, raw yaw",S3c,60,11.376843429811501,2.6303150990254527,19.41306067312362,29.05513549093389,7.517359059999821,432.527777148323,1.2993448498399307,-1.1893462692455865,True,6600.0
"B1 hold speed, raw yaw",S3c,60,35.10246358684266,8.19386350907057,32.53323002750038,47.53890460363979,8.287343479999945,428.39941802770323,1.7799208333333332,-0.2633523148148142,True,
"B2 true speed, stop-bias yaw",S3c,60,16.404729898775145,3.829307232558916,8.7207409512295,16.404729898775145,5.828083153052486,428.39941802770323,0.0,0.0,True,
"E1 learned speed, stop-bias yaw",S3c,60,57.847583766677225,13.50318915767911,45.99670003679879,64.47806171833214,5.828083153052486,428.39941802770323,1.940807214142992,-0.7334932703027606,True,
"E2 learned speed, stop-bias yaw",S3c,60,41.942972002991176,9.790623011602424,32.59477599698203,48.03758666757202,5.828083153052486,428.39941802770323,1.6797763357841964,-0.41700547606152244,True,
"E2 learned speed, raw yaw",S3c,60,36.5288763993025,8.526826802771309,31.328938691079177,48.223344290514945,8.287343479999945,428.39941802770323,1.6797763357841964,-0.41700547606152244,True,7200.0
"B1 hold speed, raw yaw",S3c,60,126.63216291282205,42.253432313737754,84.22288451192888,128.3280165318483,8.995346270000068,299.6967488287347,3.229879166666667,3.2158763888888893,True,
"B2 true speed, stop-bias yaw",S3c,60,13.454036005795105,4.489216535840225,6.939388224472698,13.454036005795105,6.536085943052558,299.6967488287347,0.0,0.0,True,
"E1 learned speed, stop-bias yaw",S3c,60,31.001617619987957,10.344328972919289,24.243262821059535,33.25322576557811,6.536085943052558,299.6967488287347,1.396361406513065,0.04438903761081419,True,
"E2 learned speed, stop-bias yaw",S3c,60,26.920076525742203,8.982438625360597,20.696922124850047,29.614846519972527,6.536085943052558,299.6967488287347,1.163413393946453,0.004387190034476826,True,
"E2 learned speed, raw yaw",S3c,60,30.278789008834,10.103142302066539,22.418449905560287,32.089685117088614,8.995346270000068,299.6967488287347,1.163413393946453,0.004387190034476826,True,7800.0
"B1 hold speed, raw yaw",S3c,60,117.29777507308252,52.999979110685175,41.072591555471114,117.29777507308252,8.678259339999839,221.316643970968,2.546324074074074,1.881676851851852,True,
"B2 true speed, stop-bias yaw",S3c,60,7.031776486778773,3.17724702517231,5.0725225402012155,7.035059184219284,6.218999013052329,221.316643970968,0.0,0.0,True,
"E1 learned speed, stop-bias yaw",S3c,60,7.5023777624325705,3.389884117082817,7.029783258506344,12.455404149711704,6.218999013052329,221.316643970968,0.9560463217952616,0.1726590514945268,True,
"E2 learned speed, stop-bias yaw",S3c,60,12.312116516141366,5.563122725535479,9.256145206151956,16.85430976024349,6.218999013052329,221.316643970968,0.7982217101283853,-0.16420291704523077,True,
"E2 learned speed, raw yaw",S3c,60,13.525139350943656,6.111216539465447,10.016421756035596,16.76749895002177,8.678259339999839,221.316643970968,0.7982217101283853,-0.16420291704523077,True,8400.0
"B1 hold speed, raw yaw",S3c,60,95.05853383165595,12.537649927665125,47.13803864101075,102.0172182635291,2.6296491199999514,758.1846229563582,2.979230092592592,-1.400867129629629,True,
"B2 true speed, stop-bias yaw",S3c,60,23.168506759212164,3.055786949209304,9.737551759391547,23.168506759212164,3.6946131168334113,758.1846229563582,0.0,0.0,True,
"E1 learned speed, stop-bias yaw",S3c,60,126.19944690929731,16.64494940786493,54.14531971568257,126.19944690929731,3.6946131168334113,758.1846229563582,2.93671214701205,-2.4856466615876505,True,
"E2 learned speed, stop-bias yaw",S3c,60,100.41114394469507,13.243627067133861,45.90354845064713,100.41114394469507,3.6946131168334113,758.1846229563582,2.2483259991988076,-1.9553969103700346,True,
"E2 learned speed, raw yaw",S3c,60,100.37156410514196,13.238406723914714,45.967632300204286,100.37156410514196,2.6296491199999514,758.1846229563582,2.2483259991988076,-1.9553969103700346,True,9600.0
"B1 hold speed, raw yaw",S3c,60,773.732894470315,62.12020191112344,353.65985463694483,773.732894470315,4.383619899999947,1245.5414996514492,13.06262175925926,-12.956229166666665,True,
"B2 true speed, stop-bias yaw",S3c,60,98.09632528263023,7.8757974190407465,43.3378593160275,98.09632528263023,5.56104914527523,1245.5414996514492,0.0,0.0,True,
"E1 learned speed, stop-bias yaw",S3c,60,510.9332931279127,41.02097708273001,236.58971167334158,510.9332931279127,5.56104914527523,1245.5414996514492,8.640695639446008,-8.607086617045944,True,
"E2 learned speed, stop-bias yaw",S3c,60,423.55978707864443,34.006075847105286,191.2051117896113,423.55978707864443,5.56104914527523,1245.5414996514492,7.130434317274177,-7.125645915924351,True,
"E2 learned speed, raw yaw",S3c,60,421.8273552781121,33.86698519448415,190.55784483028194,421.8273552781121,4.383619899999947,1245.5414996514492,7.130434317274177,-7.125645915924351,True,10200.0
"B1 hold speed, raw yaw",S3c,60,130.36450728215226,7.361650933350144,55.831270333875736,130.36450728215226,9.578294019999976,1770.85966806125,0.7013467592592592,-0.20457824074073808,True,
"B2 true speed, stop-bias yaw",S3c,60,112.71516394821752,6.3649969549320025,46.922719248416804,112.71516394821752,8.400864774724134,1770.85966806125,0.0,0.0,True,
"E1 learned speed, stop-bias yaw",S3c,60,273.9761165374549,15.471362382847984,139.49913120493255,273.9761165374549,8.400864774724134,1770.85966806125,4.336819080247358,-4.336819080247358,True,
"E2 learned speed, stop-bias yaw",S3c,60,196.92669211673532,11.120400767404234,98.43001754984645,196.92669211673532,8.400864774724134,1770.85966806125,2.865819121477726,-2.865819121477726,True,
"E2 learned speed, raw yaw",S3c,60,206.7368723561237,11.674379177795648,102.04814218857985,206.7368723561237,9.578294019999976,1770.85966806125,2.865819121477726,-2.865819121477726,True,10800.0
"B1 hold speed, raw yaw",S3c,60,251.68298464472767,13.77738113638701,110.42500172179011,251.68298464472767,16.133356849999984,1826.7839305106804,0.8988888888888887,-0.815411111111111,True,
"B2 true speed, stop-bias yaw",S3c,60,233.46517528616067,12.780119826261833,102.08822014823608,233.46517528616067,14.955927604724144,1826.7839305106804,0.0,0.0,True,
"E1 learned speed, stop-bias yaw",S3c,60,241.71229735782333,13.231575629760016,106.62963796353014,241.71229735782333,14.955927604724144,1826.7839305106804,1.514149317387164,-1.497503374070213,True,
"E2 learned speed, stop-bias yaw",S3c,60,233.80291303831353,12.798607932409036,102.48673378823688,233.80291303831353,14.955927604724144,1826.7839305106804,0.8819937203242605,-0.8450247660020411,True,
"E2 learned speed, raw yaw",S3c,60,251.9693686229399,13.793058085008525,110.60442919531964,251.9693686229399,16.133356849999984,1826.7839305106804,0.8819937203242605,-0.8450247660020411,True,11400.0
"B1 hold speed, raw yaw",S3c,60,250.87175011065983,13.462707956207826,117.95477339391643,250.87175011065983,13.305343930000062,1863.456824040959,0.25877870370370365,0.06793333333333292,False,
"B2 true speed, stop-bias yaw",S3c,60,230.67030503365046,12.37862353759479,109.40973623847216,230.67030503365046,12.127914684724168,1863.456824040959,0.0,0.0,False,
"E1 learned speed, stop-bias yaw",S3c,60,252.71770593294488,13.561768787586898,128.1725892484123,252.71770593294488,12.127914684724168,1863.456824040959,1.5888828836889357,-1.5888828836889357,False,
"E2 learned speed, stop-bias yaw",S3c,60,253.09956228101709,13.582260614558459,126.67053679401177,253.09956228101709,12.127914684724168,1863.456824040959,1.7777270768100062,-1.7486964665950813,False,
"E2 learned speed, raw yaw",S3c,60,270.32385657756834,14.506580087611763,134.0235051637651,270.32385657756834,13.305343930000062,1863.456824040959,1.7777270768100062,-1.7486964665950813,False,12000.0
"B1 hold speed, raw yaw",S3c,60,43.91803151532757,2.4398711802539945,30.99320313260888,44.43835987106175,0.3973494599999612,1800.0143561167697,0.6433342592592595,0.3959481481481487,False,
"B2 true speed, stop-bias yaw",S3c,60,17.161590944002608,0.9534141150421641,13.098837016671562,18.704244678256984,0.7800797852758815,1800.0143561167697,0.0,0.0,False,
"E1 learned speed, stop-bias yaw",S3c,60,94.7677413743362,5.264832530490578,45.666005884770605,94.7677413743362,0.7800797852758815,1800.0143561167697,2.06625055921514,-1.6663153566048652,False,
"E2 learned speed, stop-bias yaw",S3c,60,31.46706085252141,1.748156104732761,22.18100958625116,35.59217004090938,0.7800797852758815,1800.0143561167697,1.6256189941365056,-0.5643268221474993,False,
"E2 learned speed, raw yaw",S3c,60,43.00567308576835,2.389185005087732,27.051674068919585,43.00567308576835,0.3973494599999612,1800.0143561167697,1.6256189941365056,-0.5643268221474993,False,12600.0
"B1 hold speed, raw yaw",S3c,60,124.2705164429421,6.588545153025273,54.17586709134021,124.2705164429421,8.757675470000038,1886.1602001145973,0.6969129629629639,-0.5030407407407421,False,
"B2 true speed, stop-bias yaw",S3c,60,141.0173595693485,7.476425362001634,59.59934772528133,141.0173595693485,9.935104715275932,1886.1602001145973,0.0,0.0,False,
"E1 learned speed, stop-bias yaw",S3c,60,165.6775795473066,8.783855132625561,80.51498674312145,165.6775795473066,9.935104715275932,1886.1602001145973,1.5873425057725417,-1.572879414340517,False,
"E2 learned speed, stop-bias yaw",S3c,60,150.07588058968182,7.956687909148103,66.36483283774437,150.07588058968182,9.935104715275932,1886.1602001145973,1.022606379455847,-1.0216766806828972,False,
"E2 learned speed, raw yaw",S3c,60,132.67359773175158,7.034057749903256,58.970000104563624,132.67359773175158,8.757675470000038,1886.1602001145973,1.022606379455847,-1.0216766806828972,False,13200.0
"B1 hold speed, raw yaw",S3c,60,456.7178431259903,31.396653246495415,210.9079258702296,456.7178431259903,13.620664500000037,1454.6704693022352,6.881666203703705,6.802399537037037,True,
"B2 true speed, stop-bias yaw",S3c,60,179.27388271348462,12.324020216034034,86.16586329137472,179.27388271348462,14.79809374527588,1454.6704693022352,0.0,0.0,True,
"E1 learned speed, stop-bias yaw",S3c,60,361.53272994554175,24.853239106377053,160.83928426842124,361.53272994554175,14.79809374527588,1454.6704693022352,5.795242127538797,4.891921005532151,True,
"E2 learned speed, stop-bias yaw",S3c,60,231.0762464888699,15.885126656878565,99.95145522600848,231.0762464888699,14.79809374527588,1454.6704693022352,3.5204948472960944,2.062060734013035,True,
"E2 learned speed, raw yaw",S3c,60,219.05289896041126,15.058592552957014,94.0385998592423,219.05289896041126,13.620664500000037,1454.6704693022352,3.5204948472960944,2.062060734013035,True,13800.0
"B1 hold speed, raw yaw",S3c,60,212.56219638793422,16.641831986461533,110.79065130459249,212.56219638793422,14.861610029999955,1277.2764234181543,2.5117287037037035,-2.1698462962962966,True,
"B2 true speed, stop-bias yaw",S3c,60,183.5360044780146,14.369325316977895,85.46849341265884,183.5360044780146,16.039039275275798,1277.2764234181543,0.0,0.0,True,
"E1 learned speed, stop-bias yaw",S3c,60,184.3952464820096,14.436596738280384,88.1155460885498,184.3952464820096,16.039039275275798,1277.2764234181543,2.852000242581904,-1.454429888196853,True,
"E2 learned speed, stop-bias yaw",S3c,60,186.47782975446427,14.599645490631216,88.59561125461825,186.47782975446427,16.039039275275798,1277.2764234181543,1.8381982307539924,-1.0425090010850226,True,
"E2 learned speed, raw yaw",S3c,60,174.85533954260242,13.689702270920124,83.58545503789583,174.85533954260242,14.861610029999955,1277.2764234181543,1.8381982307539924,-1.0425090010850226,True,14400.0
"B1 hold speed, raw yaw",S3c,60,92.11722808802641,10.486247823423298,45.17722345702231,92.11722808802641,12.147631399999945,878.4574772518984,2.12345787037037,0.3302023148148143,True,
"B2 true speed, stop-bias yaw",S3c,60,90.97238245152981,10.355923286818744,39.2075234830535,90.97238245152981,13.325060645275789,878.4574772518984,0.0,0.0,True,
"E1 learned speed, stop-bias yaw",S3c,60,98.4085454302892,11.202425612921326,51.001361637354485,98.4085454302892,13.325060645275789,878.4574772518984,1.7952388759437699,-1.122072805334309,True,
"E2 learned speed, stop-bias yaw",S3c,60,104.90670480190998,11.94214945156963,49.58778758311569,104.90670480190998,13.325060645275789,878.4574772518984,1.4489939828093872,-1.1997793333819484,True,
"E2 learned speed, raw yaw",S3c,60,98.84534451840045,11.252149031461482,47.19055725325611,98.84534451840045,12.147631399999945,878.4574772518984,1.4489939828093872,-1.1997793333819484,True,15000.0
"B1 hold speed, raw yaw",S3c,60,323.95309405215255,50.04683694984756,179.02904181458283,323.95309405215255,13.07865851999999,647.2998371041695,6.58768703703704,6.5844777777777805,True,
"B2 true speed, stop-bias yaw",S3c,60,76.39380394659452,11.801919229326257,31.600532125130524,76.39380394659452,14.077066284629534,647.2998371041695,0.0,0.0,True,
"E1 learned speed, stop-bias yaw",S3c,60,162.3515191661634,25.081347137746352,87.95076240284374,167.3014634450087,14.077066284629534,647.2998371041695,3.049019621004107,2.7064446280436685,True,
"E2 learned speed, stop-bias yaw",S3c,60,140.38278995064377,21.687444041184282,75.69934370390591,146.41848546532668,14.077066284629534,647.2998371041695,2.6486813982066724,2.309348188675413,True,
"E2 learned speed, raw yaw",S3c,60,136.82039086920267,21.137096446879575,74.29416469828716,143.2662240310979,13.07865851999999,647.2998371041695,2.6486813982066724,2.309348188675413,True,15600.0
"B1 hold speed, raw yaw",S3c,60,117.16882510278926,19.179383521809456,59.78874313079552,118.3465401792828,9.375632510000068,610.9102775360483,2.3016037037037025,2.2861083333333316,True,
"B2 true speed, stop-bias yaw",S3c,60,36.854830298808196,6.032773003501072,20.334719415402283,36.854830298808196,10.374040274629714,610.9102775360483,0.0,0.0,True,
"E1 learned speed, stop-bias yaw",S3c,60,44.58456968913849,7.298055267454175,35.24864576328435,47.57211379010326,10.374040274629714,610.9102775360483,1.3108040564582635,0.13131072961247955,True,
"E2 learned speed, stop-bias yaw",S3c,60,36.05045307930418,5.901104369156227,26.053934118827417,37.81120514584715,10.374040274629714,610.9102775360483,0.9869460625244809,-0.11269922747891992,True,
"E2 learned speed, raw yaw",S3c,60,32.110767138390955,5.25621655407429,24.14943594755656,35.471672202653004,9.375632510000068,610.9102775360483,0.9869460625244809,-0.11269922747891992,True,16200.0
"B1 hold speed, raw yaw",S3c,60,107.56587556126696,20.04767953569645,45.51360735259945,107.56587556126696,9.659688990000248,536.5502544558216,2.7932004629629636,2.453893981481482,True,
"B2 true speed, stop-bias yaw",S3c,60,21.779949134405715,4.0592561374321425,8.484942935961586,21.779949134405715,10.65809675462979,536.5502544558216,0.0,0.0,True,
"E1 learned speed, stop-bias yaw",S3c,60,27.66074318007017,5.15529401959266,24.490006734853694,40.26520303887324,10.65809675462979,536.5502544558216,1.3990065845680892,0.07841065386938256,True,
"E2 learned speed, stop-bias yaw",S3c,60,1.1855459508556805,0.22095711277932045,17.006135910019072,25.992898744506444,10.65809675462979,536.5502544558216,1.2071389641311017,0.6427679565705174,True,
"E2 learned speed, raw yaw",S3c,60,2.408229099680849,0.44883570172253784,17.564247111424496,25.956997169517248,9.659688990000248,536.5502544558216,1.2071389641311017,0.6427679565705174,True,16800.0
"B1 hold speed, raw yaw",S3c,60,214.73233827475198,41.1915066815194,137.83315673469752,214.73233827475198,9.551662120000126,521.3024615365473,5.603664814814815,-5.603664814814815,True,
"B2 true speed, stop-bias yaw",S3c,60,41.47601357441404,7.956228223469889,19.603677209005102,41.47601357441404,10.550069884629773,521.3024615365473,0.0,0.0,True,
"E1 learned speed, stop-bias yaw",S3c,60,57.920238258049054,11.110678067264105,32.20471866204439,60.76978493295916,10.550069884629773,521.3024615365473,1.7768850960345495,-0.9255150964205268,True,
"E2 learned speed, stop-bias yaw",S3c,60,70.6555510373464,13.553657665280927,37.657303976051935,71.10784884948936,10.550069884629773,521.3024615365473,1.4367288373644937,0.21662499511074562,True,
"E2 learned speed, raw yaw",S3c,60,67.05284158075882,12.862559939410128,36.012582259878364,67.6908855650311,9.551662120000126,521.3024615365473,1.4367288373644937,0.21662499511074562,True,17400.0
"B1 hold speed, raw yaw",S3c,60,52.022883051086474,11.727570280740728,36.847159622402124,52.022883051086474,8.618617740000065,443.59472427566334,2.4422421296296295,-1.8821699074074074,True,
"B2 true speed, stop-bias yaw",S3c,60,27.455112797858877,6.189233391512887,13.454018863681394,27.455112797858877,10.415743965636297,443.59472427566334,0.0,0.0,True,
"E1 learned speed, stop-bias yaw",S3c,60,57.585320949581586,12.981516189943752,25.61269076525949,57.585320949581586,10.415743965636297,443.59472427566334,1.529452120298029,-0.35031533011926536,True,
"E2 learned speed, stop-bias yaw",S3c,60,47.31552780268169,10.66638650401946,21.45249183069333,47.31552780268169,10.415743965636297,443.59472427566334,1.2645866813658704,-0.6015087940123789,True,
"E2 learned speed, raw yaw",S3c,60,44.25592787706122,9.976657848969195,19.959400044713774,44.25592787706122,8.618617740000065,443.59472427566334,1.2645866813658704,-0.6015087940123789,True,18000.0
"B1 hold speed, raw yaw",S3c,60,35.70912376413121,7.767414639575876,22.460403911427985,35.70912376413121,7.6196386200000195,459.72985119384634,1.6797083333333331,0.7370194444444432,True,
"B2 true speed, stop-bias yaw",S3c,60,23.16687658545629,5.03923696172775,13.573777005133229,23.16687658545629,7.6196386200000195,459.72985119384634,0.0,0.0,True,
"E1 learned speed, stop-bias yaw",S3c,60,20.94452201215262,4.555832508540174,14.408763760463474,23.23646242531306,7.6196386200000195,459.72985119384634,1.2088863984433305,0.14849068097169546,True,
"E2 learned speed, stop-bias yaw",S3c,60,20.85992475004466,4.537430992543709,17.652960823485714,29.685992648293308,7.6196386200000195,459.72985119384634,1.070972046367895,-0.32488598945374153,True,
"E2 learned speed, raw yaw",S3c,60,20.85992475004466,4.537430992543709,17.652960823485714,29.685992648293308,7.6196386200000195,459.72985119384634,1.070972046367895,-0.32488598945374153,True,18600.0
"B1 hold speed, raw yaw",S3c,60,95.41200524675749,18.72999193144827,65.68368123406131,95.41200524675749,5.459694650000065,509.4076153154001,2.0193750000000006,0.7843592592592585,True,
"B2 true speed, stop-bias yaw",S3c,60,24.239014099407097,4.758274782444996,10.167215710301456,24.239014099407097,5.459694650000065,509.4076153154001,0.0,0.0,True,
"E1 learned speed, stop-bias yaw",S3c,60,29.352124954449458,5.7620114171783765,17.172525446920066,29.352124954449458,5.459694650000065,509.4076153154001,1.7014787840781185,-0.7228076805663805,True,
"E2 learned speed, stop-bias yaw",S3c,60,19.452968010399406,3.818743070488863,9.899840645675527,19.475391236970772,5.459694650000065,509.4076153154001,1.552307409871887,-0.13582864813853449,True,
"E2 learned speed, raw yaw",S3c,60,19.452968010399406,3.818743070488863,9.899840645675527,19.475391236970772,5.459694650000065,509.4076153154001,1.552307409871887,-0.13582864813853449,True,19200.0
"B1 hold speed, raw yaw",S3c,60,332.02803491301484,234.9328022404563,158.32734283224383,332.02803491301484,5.093842580001285,141.32893820982073,6.12367037037037,6.0960425925925925,True,
"B2 true speed, stop-bias yaw",S3c,60,0.6988096986330491,0.4944562008918354,1.2415270551650055,1.7879961635150579,5.6928791189976415,141.32893820982073,0.0,0.0,True,
"E1 learned speed, stop-bias yaw",S3c,60,50.65848330004295,35.84438115910417,42.49469621228958,51.2406897494268,5.6928791189976415,141.32893820982073,1.3333262149861413,1.149222384145731,True,
"E2 learned speed, stop-bias yaw",S3c,60,11.973161326851754,8.47183986415866,10.711005103267183,13.711709499396038,5.6928791189976415,141.32893820982073,0.6089824987297566,0.21089988275079197,True,
"E2 learned speed, raw yaw",S3c,60,12.106268358824751,8.566022296758122,10.802774679382914,13.695841656411355,5.093842580001285,141.32893820982073,0.6089824987297566,0.21089988275079197,True,19800.0
"B1 hold speed, raw yaw",S3c,60,71.48641802951842,30.698731863197445,126.65121651402804,195.3545969469892,0.4300852900000538,232.86440087519858,5.314581944444444,1.175403240740741,True,
"B2 true speed, stop-bias yaw",S3c,60,5.318414655620696,2.2839105658193968,1.698145665132294,5.318414655620696,2.8470996286842456,232.86440087519858,0.0,0.0,True,
"E1 learned speed, stop-bias yaw",S3c,60,62.06557205102672,26.653095886601474,20.450138529515062,62.06557205102672,2.8470996286842456,232.86440087519858,1.2520687037959413,-1.033685143203825,True,
"E2 learned speed, stop-bias yaw",S3c,60,55.28040263451854,23.739310271021434,17.539500152603118,55.28040263451854,2.8470996286842456,232.86440087519858,1.011466315234935,-0.919846157504284,True,
"E2 learned speed, raw yaw",S3c,60,55.054905220220746,23.64247390897971,17.527117292640266,55.054905220220746,0.4300852900000538,232.86440087519858,1.011466315234935,-0.919846157504284,True,21000.0
"B1 hold speed, raw yaw",S3c,60,155.79952769283804,19.31420376560595,49.65207488496988,155.79952769283804,0.984732810000027,806.6577819287603,2.5197981481481464,2.4972648148148124,True,
"B2 true speed, stop-bias yaw",S3c,60,45.376481476287914,5.625245611316166,24.193013307407618,45.376481476287914,0.9425048366195362,806.6577819287603,0.0,0.0,True,
"E1 learned speed, stop-bias yaw",S3c,60,54.779785054370016,6.7909572412961445,28.845268804977966,58.88075643765666,0.9425048366195362,806.6577819287603,2.078129818727232,-0.5886196077524587,True,
"E2 learned speed, stop-bias yaw",S3c,60,89.8013374184062,11.132519815737298,56.26015739156856,104.79761045975819,0.9425048366195362,806.6577819287603,3.424801771195054,1.1958909763598813,True,
"E2 learned speed, raw yaw",S3c,60,83.60387665773962,10.364231094112604,53.51879144069716,101.44242197013057,0.984732810000027,806.6577819287603,3.424801771195054,1.1958909763598813,True,21600.0
"B1 hold speed, raw yaw",S3c,60,247.6708725600175,40.30835812177446,99.84884715255183,247.6708725600175,0.5993412899999003,614.4404885254465,4.607912037037037,4.606741666666667,True,
"B2 true speed, stop-bias yaw",S3c,60,12.137875253790458,1.9754354539557295,8.52459505042127,12.768725317609796,2.1730922692365793,614.4404885254465,0.0,0.0,True,
"E1 learned speed, stop-bias yaw",S3c,60,40.23515284220719,6.54825871562676,26.358469920160694,40.28638379232781,2.1730922692365793,614.4404885254465,1.6594784867653096,0.8467596800824981,True,
"E2 learned speed, stop-bias yaw",S3c,60,23.320628768219063,3.795425139411733,25.50264885406426,36.022654619253146,2.1730922692365793,614.4404885254465,1.2250601689185268,0.4745934593907222,True,
"E2 learned speed, raw yaw",S3c,60,26.65951803904811,4.338828338449253,27.071149065393854,35.84721876862249,0.5993412899999003,614.4404885254465,1.2250601689185268,0.4745934593907222,True,22800.0
"B1 hold speed, raw yaw",S3c,60,234.25756942378214,32.49286599893778,139.97771643517194,234.25756942378214,4.163666149999984,720.950775568521,4.022508333333333,-4.022508333333333,True,
"B2 true speed, stop-bias yaw",S3c,60,18.359448197342367,2.546560572441945,9.514757569497373,18.366185656969733,2.6422985868318967,720.950775568521,0.0,0.0,True,
"E1 learned speed, stop-bias yaw",S3c,60,44.25194766382235,6.1379984824798255,33.68597795478283,56.642877266083374,2.6422985868318967,720.950775568521,1.858259049693294,-0.5856312857095826,True,
"E2 learned speed, stop-bias yaw",S3c,60,37.75719581817948,5.237139219165865,21.585734827218936,37.75719581817948,2.6422985868318967,720.950775568521,2.1278591853535342,0.5595305486553402,True,
"E2 learned speed, raw yaw",S3c,60,44.468775523116484,6.168073747899042,24.891226790992246,44.468775523116484,4.163666149999984,720.950775568521,2.1278591853535342,0.5595305486553402,True,23400.0
"B1 hold speed, raw yaw",S3c,60,176.09672006685753,30.304533556599054,74.00039375640951,176.09672006685753,1.0744011299999638,581.0903498579376,2.957594444444444,2.874075925925925,True,
"B2 true speed, stop-bias yaw",S3c,60,7.868514231176143,1.3540948035189027,3.5362927475545054,8.026512361579586,2.5957686931681536,581.0903498579376,0.0,0.0,True,
"E1 learned speed, stop-bias yaw",S3c,60,102.33185010447819,17.610316559119568,33.08771559678074,102.33185010447819,2.5957686931681536,581.0903498579376,3.635528205039706,1.6536079147803002,True,
"E2 learned speed, stop-bias yaw",S3c,60,21.197491287999277,3.6478821741200056,20.583930649706236,44.02425361765904,2.5957686931681536,581.0903498579376,1.9896176128976295,0.29692569123770246,True,
"E2 learned speed, raw yaw",S3c,60,23.403073490067584,4.027441428994487,21.077825388311307,44.1840506716293,1.0744011299999638,581.0903498579376,1.9896176128976295,0.29692569123770246,True,24000.0
"B1 hold speed, raw yaw",S3c,60,88.55924108315067,20.57896697616557,62.3468536125814,109.59527310864753,3.866311589999923,430.3386131369928,3.894939814814814,-1.37732037037037,True,
"B2 true speed, stop-bias yaw",S3c,60,58.29366956087192,13.546000238262346,34.18315579265138,60.40336189346859,5.387679153168214,430.3386131369928,0.0,0.0,True,
"E1 learned speed, stop-bias yaw",S3c,60,58.616947559524874,13.621122011857418,44.23389546857701,79.7662460586108,5.387679153168214,430.3386131369928,2.420158594895225,-0.6908742506596807,True,
"E2 learned speed, stop-bias yaw",S3c,60,50.59000318723433,11.755859605173205,31.160911928722133,55.88282694954875,5.387679153168214,430.3386131369928,1.1457887557328377,-0.17499276708060912,True,
"E2 learned speed, raw yaw",S3c,60,56.50373491013974,13.130063904386962,33.854685320224945,61.0195252938932,3.866311589999923,430.3386131369928,1.1457887557328377,-0.17499276708060912,True,24600.0
"B1 hold speed, raw yaw",S3c,60,207.60104244549564,51.07539673381976,167.46060414510185,218.98312487424752,25.297309279999954,406.4599703990784,3.784918518518518,-3.679099074074074,True,
"B2 true speed, stop-bias yaw",S3c,60,163.7898411570346,40.29667201821112,134.72933559371958,179.20959456334853,26.843459148700703,406.4599703990784,0.0,0.0,True,
"E1 learned speed, stop-bias yaw",S3c,60,207.57922271398422,51.07002849756024,139.7450591725085,207.57922271398422,26.843459148700703,406.4599703990784,2.0612960793276867,-0.5069541458414034,True,
"E2 learned speed, stop-bias yaw",S3c,60,201.98440271537038,49.69355346777547,136.87570000956507,201.98440271537038,26.843459148700703,406.4599703990784,1.9398566096421788,-0.3700011806203494,True,
"E2 learned speed, raw yaw",S3c,60,200.15484041712634,49.243432316497596,135.6560599444649,200.15484041712634,25.297309279999954,406.4599703990784,1.9398566096421788,-0.3700011806203494,True,25800.0
"B1 hold speed, raw yaw",S3c,60,121.44273351731017,33.21535688340492,83.5361706313123,121.44273351731017,13.469352400000103,365.62224498628063,2.459459722222222,-2.1066689814814814,True,
"B2 true speed, stop-bias yaw",S3c,60,20.2881526494599,5.5489382628294885,12.11788145670839,24.639182804992295,15.015502268700141,365.62224498628063,0.0,0.0,True,
"E1 learned speed, stop-bias yaw",S3c,60,24.970558971365357,6.829606052088635,26.394907152638833,47.80711400357425,15.015502268700141,365.62224498628063,2.3465257129670425,0.05656166928599731,True,
"E2 learned speed, stop-bias yaw",S3c,60,33.02498910483286,9.032543713545676,29.684983019298773,50.041244225336456,15.015502268700141,365.62224498628063,2.325966193555425,-0.17511854578812205,True,
"E2 learned speed, raw yaw",S3c,60,30.40938701398093,8.317159973437061,29.348196475004524,50.05995603085524,13.469352400000103,365.62224498628063,2.325966193555425,-0.17511854578812205,True,26400.0
"B1 hold speed, raw yaw",S3c,60,53.25916135343391,12.70776798358628,34.90727843318016,53.25916135343391,4.051644859999991,419.1071274060479,1.3381351851851848,1.172016666666666,True,
"B2 true speed, stop-bias yaw",S3c,60,13.33709631684771,3.1822642576837388,6.695506402310454,17.449593540052796,2.3967739505168497,419.1071274060479,0.0,0.0,True,
"E1 learned speed, stop-bias yaw",S3c,60,93.2187079083556,22.242214892719193,77.82625433220684,105.11157312717839,2.3967739505168497,419.1071274060479,2.8136060769292026,1.23362530636618,True,
"E2 learned speed, stop-bias yaw",S3c,60,55.48539747469642,13.238953443266054,43.85192620426464,69.35714350894966,2.3967739505168497,419.1071274060479,2.154811020228342,0.15020197573440328,True,
"E2 learned speed, raw yaw",S3c,60,59.30444435492788,14.150187500264424,45.1067200763182,71.83621319621476,4.051644859999991,419.1071274060479,2.154811020228342,0.15020197573440328,True,27000.0
"B1 hold speed, raw yaw",S3c,60,165.22650417349905,30.752484218231356,103.03589276977911,165.22650417349905,10.726364409999892,537.2785593547135,2.975506481481482,-2.756997222222222,True,
"B2 true speed, stop-bias yaw",S3c,60,39.32398450595632,7.319105484720165,28.396589678250614,44.26896009698788,12.053062470842876,537.2785593547135,0.0,0.0,True,
"E1 learned speed, stop-bias yaw",S3c,60,44.09699670896988,8.207473747311191,38.313571647637495,53.74196078855631,12.053062470842876,537.2785593547135,1.6856327835412293,-0.2274550329304585,True,
"E2 learned speed, stop-bias yaw",S3c,60,103.60958664900743,19.28414690015649,66.25342137001513,103.60958664900743,12.053062470842876,537.2785593547135,1.8759756666020235,-1.4364816626781174,True,
"E2 learned speed, raw yaw",S3c,60,102.72441785348278,19.119396459232927,65.72797546262963,102.72441785348278,10.726364409999892,537.2785593547135,1.8759756666020235,-1.4364816626781174,True,27600.0
"B1 hold speed, raw yaw",S3c,60,104.26016279608183,23.443416201070168,62.426513687063014,104.26016279608183,5.402298359999895,444.73110020254836,2.249939351851852,2.2313143518518523,True,
"B2 true speed, stop-bias yaw",S3c,60,8.062832336688553,1.8129679559213232,3.530689044846231,8.062832336688553,6.728996420842877,444.73110020254836,0.0,0.0,True,
"E1 learned speed, stop-bias yaw",S3c,60,67.96569233044707,15.28242398597552,47.84924131699243,75.57138141309606,6.728996420842877,444.73110020254836,2.3416984000343906,1.413647229708414,True,
"E2 learned speed, stop-bias yaw",S3c,60,40.20305248251618,9.039856323114371,29.493789278875955,48.19700402984319,6.728996420842877,444.73110020254836,1.8161180645745951,0.9020972012915466,True,
"E2 learned speed, raw yaw",S3c,60,41.329718733083205,9.293192833660608,29.735995462304068,47.99030107019556,5.402298359999895,444.73110020254836,1.8161180645745951,0.9020972012915466,True,28200.0
"B1 hold speed, raw yaw",S3c,60,168.32239917843458,28.346482767181318,60.918298516679535,168.32239917843458,5.739356920000018,593.8034731184111,5.803322222222223,-4.790071296296297,True,
"B2 true speed, stop-bias yaw",S3c,60,28.11434580745718,4.734621314997068,8.92353951388585,28.11434580745718,7.082102769174692,593.8034731184111,0.0,0.0,True,
"E1 learned speed, stop-bias yaw",S3c,60,114.26539956506909,19.242965852825733,47.227030062471194,114.26539956506909,7.082102769174692,593.8034731184111,3.96202259392685,-2.493845551402883,True,
"E2 learned speed, stop-bias yaw",S3c,60,101.12997176372708,17.030882495960178,41.889714756416986,101.12997176372708,7.082102769174692,593.8034731184111,2.6628878002634844,-1.2596047402945172,True,
"E2 learned speed, raw yaw",S3c,60,102.22673765644012,17.21558432785639,42.063389671593924,102.22673765644012,5.739356920000018,593.8034731184111,2.6628878002634844,-1.2596047402945172,True,28800.0
"B1 hold speed, raw yaw",S3c,60,15.000788942017108,1.3953529850962034,9.34503034751132,16.998395324808016,2.472617649999977,1075.053345084783,0.8014870370370368,-0.3573222222222212,True,
"B2 true speed, stop-bias yaw",S3c,60,20.055660722945728,1.8655502831223747,8.882089803664396,20.055660722945728,2.0477578782676686,1075.053345084783,0.0,0.0,True,
"E1 learned speed, stop-bias yaw",S3c,60,49.73022946785285,4.625838307952145,23.484270655086878,49.73022946785285,2.0477578782676686,1075.053345084783,1.226006896153502,-1.0859368167367958,True,
"E2 learned speed, stop-bias yaw",S3c,60,38.92417717275274,3.620674020569931,26.862425495667402,38.92417717275274,2.0477578782676686,1075.053345084783,1.0234893988397895,-0.9848060876789644,True,
"E2 learned speed, raw yaw",S3c,60,38.899904318488986,3.6184161926793674,26.811553173849372,38.899904318488986,2.472617649999977,1075.053345084783,1.0234893988397895,-0.9848060876789644,True,29400.0
"B1 hold speed, raw yaw",S3c,60,168.44647909672318,15.500443228832552,86.8632563416214,168.44647909672318,5.272606650000004,1086.720402829475,2.796964351851849,2.7960800925925895,True,
"B2 true speed, stop-bias yaw",S3c,60,33.08997796323257,3.044939422971794,18.87332416260496,37.92005968187077,4.916971524109177,1086.720402829475,0.0,0.0,True,
"E1 learned speed, stop-bias yaw",S3c,60,112.70596138025802,10.371201376803773,76.23496553840032,112.70596138025802,4.916971524109177,1086.720402829475,2.9797512037507,-2.002127760293504,True,
"E2 learned speed, stop-bias yaw",S3c,60,72.3100732665763,6.653972178888315,54.18347557705015,82.06068216990741,4.916971524109177,1086.720402829475,2.3286290305400326,-1.2533248765379426,True,
"E2 learned speed, raw yaw",S3c,60,73.74180091111774,6.785719741629723,54.61263372494725,82.36200122319926,5.272606650000004,1086.720402829475,2.3286290305400326,-1.2533248765379426,True,30000.0
"B1 hold speed, raw yaw",S3c,60,53.35129214417565,5.349348948477597,26.243518216628352,53.35129214417565,0.678704739999849,997.3417822996798,2.114987037037037,0.6871037037037033,True,
"B2 true speed, stop-bias yaw",S3c,60,5.816477515883454,0.5831980188849369,5.844984867530326,7.875188861363242,1.257166744379335,997.3417822996798,0.0,0.0,True,
"E1 learned speed, stop-bias yaw",S3c,60,103.6652800138214,10.394157935987504,40.843217176284185,103.6652800138214,1.257166744379335,997.3417822996798,2.874145672137364,1.5730390711700322,True,
"E2 learned speed, stop-bias yaw",S3c,60,104.43522646815605,10.471357795453866,39.76630490187892,104.43522646815605,1.257166744379335,997.3417822996798,2.88352275217941,1.6526089512062783,True,
"E2 learned speed, raw yaw",S3c,60,105.31207244769254,10.559276099399245,40.43296784972999,105.31207244769254,0.678704739999849,997.3417822996798,2.88352275217941,1.6526089512062783,True,30600.0
"B1 hold speed, raw yaw",S3c,60,357.7517104054236,60.025935370183745,129.66872946211058,357.7517104054236,0.4246688499996209,595.9952280612474,8.313319444444444,-7.7574407407407415,True,
"B2 true speed, stop-bias yaw",S3c,60,10.538796903653504,1.768268671871058,10.56550519531511,23.394760682486318,0.9572337378144423,595.9952280612474,0.0,0.0,True,
"E1 learned speed, stop-bias yaw",S3c,60,164.92015451412632,27.67138841876404,66.85084718658744,164.92015451412632,0.9572337378144423,595.9952280612474,3.373084541550967,-2.067033256290597,True,
"E2 learned speed, stop-bias yaw",S3c,60,53.16866390754137,8.920988189871464,29.10664807715882,53.16866390754137,0.9572337378144423,595.9952280612474,1.4908746233922754,0.23550803715407956,True,
"E2 learned speed, raw yaw",S3c,60,54.29229689589932,9.109518724253942,29.508615188963443,54.29229689589932,0.4246688499996209,595.9952280612474,1.4908746233922754,0.23550803715407956,True,31200.0
"B1 hold speed, raw yaw",S3c,60,104.12305214237485,10.32137881902222,41.61726321358471,104.12305214237485,23.78735585000013,1008.80952020167,1.1159916666666674,0.7462750000000025,True,
"B2 true speed, stop-bias yaw",S3c,60,78.96501148266117,7.827544239161756,34.26984031076777,78.96501148266117,23.30045596706263,1008.80952020167,0.0,0.0,True,
"E1 learned speed, stop-bias yaw",S3c,60,126.46047279243949,12.535614529803299,64.07375208289267,126.46047279243949,23.30045596706263,1008.80952020167,2.865702920095352,-2.3862641161751785,True,
"E2 learned speed, stop-bias yaw",S3c,60,97.91746978132075,9.706239663732175,45.44819838980221,97.91746978132075,23.30045596706263,1008.80952020167,2.2466925551722614,-1.373432845895027,True,
"E2 learned speed, raw yaw",S3c,60,100.70545441813165,9.982603494661682,46.519696398646666,100.70545441813165,23.78735585000013,1008.80952020167,2.2466925551722614,-1.373432845895027,True,31800.0
"B1 hold speed, raw yaw",S3c,60,84.15080618490285,8.044085777227878,56.62904380853798,84.2793411597111,4.532370229999883,1046.1201995524043,1.002161111111111,0.36948425925925843,True,
"B2 true speed, stop-bias yaw",S3c,60,76.34259296005212,7.297688448489596,52.346810376879745,76.58171335767511,4.025268303153699,1046.1201995524043,0.0,0.0,True,
"E1 learned speed, stop-bias yaw",S3c,60,85.74830043988402,8.196792345332067,52.38884417594324,85.74830043988402,4.025268303153699,1046.1201995524043,1.8356984241934988,0.0030994828826185028,True,
"E2 learned speed, stop-bias yaw",S3c,60,103.89022694318031,9.931002860630265,58.47416098425224,103.89022694318031,4.025268303153699,1046.1201995524043,1.7609971477656048,0.49736540873077084,True,
"E2 learned speed, raw yaw",S3c,60,100.7854620130499,9.634214314585668,56.956519248578566,100.7854620130499,4.532370229999883,1046.1201995524043,1.7609971477656048,0.49736540873077084,True,32400.0
"B1 hold speed, raw yaw",S3c,60,241.97976479391048,23.227150307690994,115.97222264874098,241.97976479391048,17.61234449999973,1041.7970417739361,1.4584212962962964,-0.3023351851851849,True,
"B2 true speed, stop-bias yaw",S3c,60,240.12714217739074,23.049320793665387,114.56080620117937,240.12714217739074,17.105242573153493,1041.7970417739361,0.0,0.0,True,
"E1 learned speed, stop-bias yaw",S3c,60,227.16123794130652,21.804749757640337,104.44199647857904,227.16123794130652,17.105242573153493,1041.7970417739361,1.801450489650448,-1.630404684301076,True,
"E2 learned speed, stop-bias yaw",S3c,60,224.32036806866927,21.532060379697782,105.56819097918978,224.32036806866927,17.105242573153493,1041.7970417739361,0.9334372978298369,-0.8818782869053939,True,
"E2 learned speed, raw yaw",S3c,60,228.58190900726493,21.941117112220198,107.56038647373735,228.58190900726493,17.61234449999973,1041.7970417739361,0.9334372978298369,-0.8818782869053939,True,33000.0
"B1 hold speed, raw yaw",S3c,60,361.0784082590634,55.497930621433305,177.7636175629031,361.0784082590634,33.88234956000003,650.6159855258006,4.855188425925926,-1.1796541666666651,True,
"B2 true speed, stop-bias yaw",S3c,60,244.99959181779084,37.656558902375025,97.71149214490444,244.99959181779084,33.37524763315382,650.6159855258006,0.0,0.0,True,
"E1 learned speed, stop-bias yaw",S3c,60,300.58541472169196,46.20012748054006,136.60845968858823,300.58541472169196,33.37524763315382,650.6159855258006,2.1701521075334713,0.2735717710268631,True,
"E2 learned speed, stop-bias yaw",S3c,60,264.5987871646647,40.668964958004686,109.82063098082816,264.5987871646647,33.37524763315382,650.6159855258006,1.4465110237219763,-0.023303022095113306,True,
"E2 learned speed, raw yaw",S3c,60,267.6508241116997,41.13806455207145,110.94162159491138,267.6508241116997,33.88234956000003,650.6159855258006,1.4465110237219763,-0.023303022095113306,True,33600.0
"B1 hold speed, raw yaw",S3c,60,424.373392629907,63.63777365705285,169.3749887764123,424.373392629907,29.195201279999974,666.8576982546192,6.35633611111111,6.0791499999999985,True,
"B2 true speed, stop-bias yaw",S3c,60,113.17495423503482,16.971380030739695,74.6997997809354,113.17495423503482,27.46438738566665,666.8576982546192,0.0,0.0,True,
"E1 learned speed, stop-bias yaw",S3c,60,166.0066540217461,24.89386483146837,88.5029078099628,166.0066540217461,27.46438738566665,666.8576982546192,2.097690340274059,1.3057496765723213,True,
"E2 learned speed, stop-bias yaw",S3c,60,144.69485203808682,21.698010297669164,85.469336223359,144.69485203808682,27.46438738566665,666.8576982546192,1.521383126681289,1.096689314260511,True,
"E2 learned speed, raw yaw",S3c,60,151.39675458816362,22.70300770080597,89.83031243749187,151.39675458816362,29.195201279999974,666.8576982546192,1.521383126681289,1.096689314260511,True,34200.0
"B1 hold speed, raw yaw",S3c,60,259.84883746999986,162.29330852977932,126.58929290516889,259.84883746999986,165.66950018999933,160.11062922062496,4.521650925925926,3.3432851851851852,True,
"B2 true speed, stop-bias yaw",S3c,60,8.828592186671603,5.514057517384568,3.025239769707308,8.828592186671603,177.1255030765012,160.11062922062496,0.0,0.0,True,
"E1 learned speed, stop-bias yaw",S3c,60,112.06636413489414,69.99308208355856,74.36309235085459,112.06636413489414,177.1255030765012,160.11062922062496,2.054310927937497,1.4970335667702757,True,
"E2 learned speed, stop-bias yaw",S3c,60,70.25340348363791,43.87803846978329,45.12899358888586,70.25340348363791,177.1255030765012,160.11062922062496,1.2651863170940856,0.6088776308287528,True,
"E2 learned speed, raw yaw",S3c,60,73.54866446026344,45.936153532266005,47.96399422178808,73.54866446026344,165.66950018999933,160.11062922062496,1.2651863170940856,0.6088776308287528,True,34800.0
"B1 hold speed, raw yaw",S3c,60,26.045109796149912,4.66867402154181,44.73214870533523,118.25256782622367,6.6963842899999655,557.8695294632848,3.621684722222222,2.513283796296296,True,
"B2 true speed, stop-bias yaw",S3c,60,124.29375291998943,22.280075601112323,68.74582594478453,128.20110834790285,4.902875681545486,557.8695294632848,0.0,0.0,True,
"E1 learned speed, stop-bias yaw",S3c,60,90.79573185502065,16.275442027165994,61.75976233405092,100.09395479521046,4.902875681545486,557.8695294632848,3.8047006617878303,2.8716052740930293,True,
"E2 learned speed, stop-bias yaw",S3c,60,60.09877418692239,10.772908540952617,38.62512672983654,85.37292378030222,4.902875681545486,557.8695294632848,3.37659986608205,2.4880543497902443,True,
"E2 learned speed, raw yaw",S3c,60,19.066369204105015,3.4177111667038687,30.401707095823873,88.76422083032956,6.6963842899999655,557.8695294632848,3.37659986608205,2.4880543497902443,True,36000.0
"B1 hold speed, raw yaw",S3c,120,271.54741351111136,15.747299509393935,141.44943993182906,271.54741351111136,11.044690830000013,1724.4062281861202,3.382537962962963,0.445001851851852,True,
"B2 true speed, stop-bias yaw",S3c,120,134.69075903529892,7.810848559563504,68.39393776064503,134.69075903529892,6.248276375666745,1724.4062281861202,0.0,0.0,True,
"E1 learned speed, stop-bias yaw",S3c,120,248.13999573271377,14.389880509404614,118.67013633943655,248.33658982089005,6.248276375666745,1724.4062281861202,2.680417664389204,-1.6884911440182002,True,
"E2 learned speed, stop-bias yaw",S3c,120,171.35066629814173,9.93679235770235,86.06997685046524,171.35066629814173,6.248276375666745,1724.4062281861202,2.1436108631419724,-0.3778171251227125,True,
"E2 learned speed, raw yaw",S3c,120,237.4232487544858,13.768405893791519,113.7960640939752,237.4232487544858,11.044690830000013,1724.4062281861202,2.1436108631419724,-0.3778171251227125,True,1200.0
"B1 hold speed, raw yaw",S3c,120,343.75179064611297,17.636735952459222,180.8573429662876,354.76424699101216,9.337720259999958,1949.066945112262,5.8340199074074075,-2.5927101851851844,True,
"B2 true speed, stop-bias yaw",S3c,120,11.757626056519046,0.6032438283356056,8.124827166700376,13.526976380264783,4.541305805666954,1949.066945112262,0.0,0.0,True,
"E1 learned speed, stop-bias yaw",S3c,120,274.65723283071736,14.091729046017848,125.20031731733806,274.65723283071736,4.541305805666954,1949.066945112262,3.787784969305689,-2.311300331636377,True,
"E2 learned speed, stop-bias yaw",S3c,120,143.72836072606913,7.374213650613766,75.5068643558273,143.72836072606913,4.541305805666954,1949.066945112262,3.6127209829947273,-1.1838303699115298,True,
"E2 learned speed, raw yaw",S3c,120,163.92588179059047,8.41047980428136,83.42534188548053,163.92588179059047,9.337720259999958,1949.066945112262,3.6127209829947273,-1.1838303699115298,True,1800.0
"B1 hold speed, raw yaw",S3c,120,355.6611989194506,20.43042237020985,359.4704371759268,516.2031868894762,11.772724589999953,1740.8411459865354,6.48729375,-2.5975798611111123,True,
"B2 true speed, stop-bias yaw",S3c,120,77.45572420191469,4.449327520807219,46.12167879718592,77.91760977479248,6.976310135666878,1740.8411459865354,0.0,0.0,True,
"E1 learned speed, stop-bias yaw",S3c,120,369.141893629581,21.204800591979808,345.5603516278405,490.0046078105436,6.976310135666878,1740.8411459865354,5.52392404806981,-2.945337123525272,True,
"E2 learned speed, stop-bias yaw",S3c,120,195.25188231539636,11.215950563068008,233.20214303851293,343.799481646787,6.976310135666878,1740.8411459865354,4.568907999263566,-1.393256596522943,True,
"E2 learned speed, raw yaw",S3c,120,213.22062073913213,12.248137702323202,242.56922960873,358.2491389531427,11.772724589999953,1740.8411459865354,4.568907999263566,-1.393256596522943,True,2400.0
"B1 hold speed, raw yaw",S3c,120,91.75419695928088,7.452492906596445,128.61579619612866,252.10424260799573,18.617730169999895,1231.1879811125514,7.403312731481483,6.276462731481484,True,
"B2 true speed, stop-bias yaw",S3c,120,17.784141092607765,1.444470005022084,10.36825516201996,18.159307900688834,13.821315715667348,1231.1879811125514,0.0,0.0,True,
"E1 learned speed, stop-bias yaw",S3c,120,66.14450943134712,5.372413510045497,83.01946787547446,160.7305360317343,13.821315715667348,1231.1879811125514,5.0099367735518445,3.9381801513953936,True,
"E2 learned speed, stop-bias yaw",S3c,120,75.02565111731435,6.093760844669563,82.33591119966734,158.80220177017296,13.821315715667348,1231.1879811125514,4.580564013746883,3.9011236694598996,True,
"E2 learned speed, raw yaw",S3c,120,76.08359886325971,6.179689862997809,83.05312919125112,158.69190089653813,18.617730169999895,1231.1879811125514,4.580564013746883,3.9011236694598996,True,3000.0
"B1 hold speed, raw yaw",S3c,120,111.26957858699112,9.418521357189213,80.30279097855178,120.75228230148564,29.81576034999875,1181.3911586244733,2.8060127314814816,-0.8077803240740743,True,
"B2 true speed, stop-bias yaw",S3c,120,56.1517603832765,4.7530201977011215,20.087446637595725,56.1517603832765,25.0193458956654,1181.3911586244733,0.0,0.0,True,
"E1 learned speed, stop-bias yaw",S3c,120,115.59497880336964,9.78464905205149,68.94975824218803,118.1424243516661,25.0193458956654,1181.3911586244733,2.3070340654808814,0.23323740895872522,True,
"E2 learned speed, stop-bias yaw",S3c,120,74.79644774673945,6.331217835913639,29.855695331582233,74.79644774673945,25.0193458956654,1181.3911586244733,1.530916321579103,-0.5025749501955128,True,
"E2 learned speed, raw yaw",S3c,120,84.23622280033858,7.1302567473432905,32.149130823245756,84.23622280033858,29.81576034999875,1181.3911586244733,1.530916321579103,-0.5025749501955128,True,3600.0
"B1 hold speed, raw yaw",S3c,120,303.9643485888994,21.614789323250157,132.7740845981846,303.9643485888994,32.986731519999694,1406.279487822429,2.94695787037037,1.2218481481481465,True,
"B2 true speed, stop-bias yaw",S3c,120,250.48000806364738,17.81153819227686,110.3599196418082,250.48000806364738,28.190317065666033,1406.279487822429,0.0,0.0,True,
"E1 learned speed, stop-bias yaw",S3c,120,233.86391846440182,16.629974374904048,105.7092127363058,233.86391846440182,28.190317065666033,1406.279487822429,2.373286312554816,-0.5753722658567225,True,
"E2 learned speed, stop-bias yaw",S3c,120,242.9760729400106,17.277936217092233,110.6149458351225,242.9760729400106,28.190317065666033,1406.279487822429,1.8082743235522176,-0.5687684139926777,True,
"E2 learned speed, raw yaw",S3c,120,284.9015767102063,20.259242858712653,128.09310545679924,284.9015767102063,32.986731519999694,1406.279487822429,1.8082743235522176,-0.5687684139926777,True,4200.0
"B1 hold speed, raw yaw",S3c,120,438.22070412321875,36.139310011037146,203.60666691425445,438.22070412321875,32.62673131999975,1212.5873570618357,4.928153009259258,3.621433101851851,True,
"B2 true speed, stop-bias yaw",S3c,120,166.2780515085681,13.712665775393596,87.66189445771646,166.2780515085681,27.83031686566667,1212.5873570618357,0.0,0.0,True,
"E1 learned speed, stop-bias yaw",S3c,120,245.13036197964098,20.215480604515374,119.50700361411175,245.13036197964098,27.83031686566667,1212.5873570618357,2.143076199633941,0.9563819205189061,True,
"E2 learned speed, stop-bias yaw",S3c,120,204.74737775496993,16.88516514398466,108.37284441012619,204.74737775496993,27.83031686566667,1212.5873570618357,1.6699269886387698,0.8952435902371254,True,
"E2 learned speed, raw yaw",S3c,120,232.31095058752953,19.15828572965097,123.36412930137335,232.31095058752953,32.62673131999975,1212.5873570618357,1.6699269886387698,0.8952435902371254,True,4800.0
"B1 hold speed, raw yaw",S3c,120,139.25251527932883,20.4865253658826,77.39586490202649,139.25251527932883,23.361736429999738,679.7273465964811,1.8725034722222222,0.8165284722222219,True,
"B2 true speed, stop-bias yaw",S3c,120,64.64378848502352,9.510252722463907,37.397857393989085,64.64378848502352,18.565321975666762,679.7273465964811,0.0,0.0,True,
"E1 learned speed, stop-bias yaw",S3c,120,181.22147821626703,26.660907365824848,84.55999796433255,181.22147821626703,18.565321975666762,679.7273465964811,2.173285132354864,1.6575179804050975,True,
"E2 learned speed, stop-bias yaw",S3c,120,90.48882307721911,13.312517663194393,40.210554754026404,90.48882307721911,18.565321975666762,679.7273465964811,1.5891969989182342,0.7698299699006842,True,
"E2 learned speed, raw yaw",S3c,120,98.81204886594637,14.53701243016282,45.414293370995104,98.81204886594637,23.361736429999738,679.7273465964811,1.5891969989182342,0.7698299699006842,True,5400.0
"B1 hold speed, raw yaw",S3c,120,217.10940901093764,31.7258709856034,155.90334329360348,222.2018938580338,16.980715080000024,684.3292312115175,2.2561759259259264,2.085069444444445,True,
"B2 true speed, stop-bias yaw",S3c,120,42.917143206050646,6.271417506171895,29.722951608742665,50.567091969631335,12.184300625666566,684.3292312115175,0.0,0.0,True,
"E1 learned speed, stop-bias yaw",S3c,120,78.48498155686765,11.468892161441069,46.037033823732095,78.48498155686765,12.184300625666566,684.3292312115175,1.8856832547871545,-0.4028901761524904,True,
"E2 learned speed, stop-bias yaw",S3c,120,36.47791061290964,5.330462144416973,27.278488867258822,44.88558469277745,12.184300625666566,684.3292312115175,1.8074266889263602,-1.0695352318245603,True,
"E2 learned speed, raw yaw",S3c,120,42.368562591973834,6.191254247164878,28.649969425728358,43.52385883316388,16.980715080000024,684.3292312115175,1.8074266889263602,-1.0695352318245603,True,6000.0
"B1 hold speed, raw yaw",S3c,120,44.02608408034149,5.109730420692119,44.579590844088564,85.8732302680634,15.745704340000021,861.6126577256516,1.1699412037037038,0.25369722222222213,True,
"B2 true speed, stop-bias yaw",S3c,120,56.22583833972192,6.525651385871926,26.26201982505818,56.22583833972192,10.823078076210665,861.6126577256516,0.0,0.0,True,
"E1 learned speed, stop-bias yaw",S3c,120,58.65213786880745,6.807251186818455,39.7792865388206,80.67320934735211,10.823078076210665,861.6126577256516,1.6596220924292202,-0.8310168499851583,True,
"E2 learned speed, stop-bias yaw",S3c,120,68.15455814788022,7.910115704170806,43.65464463965567,84.57785172784908,10.823078076210665,861.6126577256516,1.6992681959874891,-1.0671661403793007,True,
"E2 learned speed, raw yaw",S3c,120,70.76205758004217,8.21274582558114,46.53141685662654,92.81424972190004,15.745704340000021,861.6126577256516,1.6992681959874891,-1.0671661403793007,True,6600.0
"B1 hold speed, raw yaw",S3c,120,56.79074525096232,7.791106221310784,41.56159688072653,67.53601915756197,16.588689750000018,728.9176098719365,1.9741810185185185,0.8158453703703709,True,
"B2 true speed, stop-bias yaw",S3c,120,44.93866454996608,6.165122634074014,22.786687820805113,44.93866454996608,11.666063486210357,728.9176098719365,0.0,0.0,True,
"E1 learned speed, stop-bias yaw",S3c,120,66.87840027382462,9.17502875058465,60.24232378858944,84.60194644054376,11.666063486210357,728.9176098719365,1.6023441728257841,-0.34079461186240234,True,
"E2 learned speed, stop-bias yaw",S3c,120,52.55653207563761,7.210215717640745,45.20202870766642,67.89985448443075,11.666063486210357,728.9176098719365,1.609355265810843,-0.1616691714415831,True,
"E2 learned speed, raw yaw",S3c,120,63.933683033473514,8.771043828218943,48.149517462352776,76.38734709954427,16.588689750000018,728.9176098719365,1.609355265810843,-0.1616691714415831,True,7200.0
"B1 hold speed, raw yaw",S3c,120,109.0776943669082,20.913303207331502,86.42706085723192,131.03525813396195,17.274605010000197,521.5708550941356,3.8767502314814815,3.8697488425925926,True,
"B2 true speed, stop-bias yaw",S3c,120,5.8967690372085055,1.1305787084564431,8.085135917009248,15.589479616328164,12.35197874620952,521.5708550941356,0.0,0.0,True,
"E1 learned speed, stop-bias yaw",S3c,120,41.61282591232279,7.9783648771579285,30.035298065816423,47.04102131115795,12.35197874620952,521.5708550941356,1.3246132744530237,0.3741422506585323,True,
"E2 learned speed, stop-bias yaw",S3c,120,23.040502517535593,4.417521088937597,21.57029606872549,29.999697249170584,12.35197874620952,521.5708550941356,1.0990030138881002,0.1713828046834249,True,
"E2 learned speed, raw yaw",S3c,120,22.992910607334753,4.408396363171957,22.818409746190017,32.089685117088614,17.274605010000197,521.5708550941356,1.0990030138881002,0.1713828046834249,True,7800.0
"B1 hold speed, raw yaw",S3c,120,197.08763759080242,36.171946385950676,140.736395489242,216.54140386196573,5.703565440000029,544.8632359671749,2.8512317129629627,1.0386363425925929,True,
"B2 true speed, stop-bias yaw",S3c,120,5.594540479006934,1.026778851958361,5.338563803394563,7.040478828535603,0.7809391762100512,544.8632359671749,0.0,0.0,True,
"E1 learned speed, stop-bias yaw",S3c,120,64.1273240230362,11.76943493153932,23.9812767257756,64.1273240230362,0.7809391762100512,544.8632359671749,1.2327995102098745,-0.20730977475309,True,
"E2 learned speed, stop-bias yaw",S3c,120,47.27314865871884,8.67614945148672,13.591919149303651,47.27314865871884,0.7809391762100512,544.8632359671749,1.0665847840401996,-0.49866343455948653,True,
"E2 learned speed, raw yaw",S3c,120,47.710880175387224,8.75648732120762,14.069674354695579,47.710880175387224,5.703565440000029,544.8632359671749,1.0665847840401996,-0.49866343455948653,True,8400.0
"B1 hold speed, raw yaw",S3c,120,592.7025193797343,29.56827009741387,188.29339014396245,592.7025193797343,7.75126962999989,2004.5221361515291,6.677663888888889,-5.475631481481481,True,
"B2 true speed, stop-bias yaw",S3c,120,204.12750105362016,10.183349805531378,72.04783151550073,204.12750105362016,9.882975526833583,2004.5221361515291,0.0,0.0,True,
"E1 learned speed, stop-bias yaw",S3c,120,624.7850716508345,31.168778851719537,227.25314427499544,624.7850716508345,9.882975526833583,2004.5221361515291,6.288259281994159,-6.0404518835646,True,
"E2 learned speed, stop-bias yaw",S3c,120,586.1075204409013,29.239264055530256,206.76396429197095,586.1075204409013,9.882975526833583,2004.5221361515291,5.694289975114919,-5.530374303753543,True,
"E2 learned speed, raw yaw",S3c,120,577.9206148223321,28.83084224412102,203.9151406501627,577.9206148223321,7.75126962999989,2004.5221361515291,5.694289975114919,-5.530374303753543,True,9600.0
"B1 hold speed, raw yaw",S3c,120,2069.897021808603,68.55481540579001,1063.4806079085768,2069.897021808603,5.229674120000256,3019.331332972685,17.414572222222223,-17.361375925925927,True,
"B2 true speed, stop-bias yaw",S3c,120,157.15828055719442,5.205069044292801,111.29539971525197,169.30353683476096,2.8728499712774505,3019.331332972685,0.0,0.0,True,
"E1 learned speed, stop-bias yaw",S3c,120,1427.0677310250067,47.26436331914543,720.0845078332848,1427.0677310250067,2.8728499712774505,3019.331332972685,12.026099707646223,-12.00929519644619,True,
"E2 learned speed, stop-bias yaw",S3c,120,1179.450347391854,39.063296383263285,599.0253455366725,1179.450347391854,2.8728499712774505,3019.331332972685,9.93290639236336,-9.930512191688447,True,
"E2 learned speed, raw yaw",S3c,120,1175.6684221781215,38.93803933802179,596.5520401451078,1175.6684221781215,5.229674120000256,3019.331332972685,9.93290639236336,-9.930512191688447,True,10200.0
"B1 hold speed, raw yaw",S3c,120,681.3030812020352,18.92187647283786,282.0434705979266,681.3030812020352,25.795652699999966,3600.610553504237,0.9170497685185173,-0.6584668981481456,True,
"B2 true speed, stop-bias yaw",S3c,120,615.6128712548563,17.097457836858275,251.63140715908898,615.6128712548563,23.438828551275837,3600.610553504237,0.0,0.0,True,
"E1 learned speed, stop-bias yaw",S3c,120,735.5360097631925,20.428091259337776,354.4884260868763,735.5360097631925,23.438828551275837,3600.610553504237,4.0322195839248565,-4.0322195839248565,True,
"E2 learned speed, stop-bias yaw",S3c,120,664.7276271665356,18.461525268807538,298.88885020571536,664.7276271665356,23.438828551275837,3600.610553504237,2.808015370628382,-2.808015370628382,True,
"E2 learned speed, raw yaw",S3c,120,728.1253004106131,20.2222731281498,324.6594815501184,728.1253004106131,25.795652699999966,3600.610553504237,2.808015370628382,-2.808015370628382,True,10800.0
"B1 hold speed, raw yaw",S3c,120,1011.3737583151418,27.38356710411321,459.1219547006866,1011.3737583151418,29.60570078000008,3693.3601618440207,1.1664499999999998,-1.124711111111111,True,
"B2 true speed, stop-bias yaw",S3c,120,946.5621832886251,25.628753812518127,429.94405094679735,946.5621832886251,27.248876631275902,3693.3601618440207,0.0,0.0,True,
"E1 learned speed, stop-bias yaw",S3c,120,956.496506149276,25.897731719500555,438.5328281959461,956.496506149276,27.248876631275902,3693.3601618440207,2.5724970701066687,-2.564174098448193,True,
"E2 learned speed, stop-bias yaw",S3c,120,939.9029828883158,25.448451862302026,428.3644635142899,939.9029828883158,27.248876631275902,3693.3601618440207,1.999291863637123,-1.9808073864760134,True,
"E2 learned speed, raw yaw",S3c,120,1008.9566687955298,27.318122917418865,459.5293931034574,1008.9566687955298,29.60570078000008,3693.3601618440207,1.999291863637123,-1.9808073864760134,True,11400.0
"B1 hold speed, raw yaw",S3c,120,711.0298182330852,19.392519090651696,364.4004551379167,711.0298182330852,13.679695219999989,3666.5160153218167,0.6852800925925925,0.5898574074074071,True,
"B2 true speed, stop-bias yaw",S3c,120,619.5245729498475,16.89681895185915,322.2312855175868,619.5245729498475,11.322871071275912,3666.5160153218167,0.0,0.0,True,
"E1 learned speed, stop-bias yaw",S3c,120,641.078998407175,17.484691072620514,340.39534152536817,641.078998407175,11.322871071275912,3666.5160153218167,1.7807096300169394,-1.5174681550522329,True,
"E2 learned speed, stop-bias yaw",S3c,120,643.3533867429582,17.54672239407878,340.58441091451994,643.3533867429582,11.322871071275912,3666.5160153218167,1.6950633700437263,-1.3643105813419647,True,
"E2 learned speed, raw yaw",S3c,120,714.0955769635232,19.476134127859407,371.7912866214272,714.0955769635232,13.679695219999989,3666.5160153218167,1.6950633700437263,-1.3643105813419647,True,12000.0
"B1 hold speed, raw yaw",S3c,120,84.90799339066515,2.301484573491566,35.2219270558812,84.90799339066515,8.483324789999958,3689.2705851098467,0.8618865740740739,-0.32604629629629583,True,
"B2 true speed, stop-bias yaw",S3c,120,155.05242920090353,4.202793631529928,47.333299555410655,155.05242920090353,10.840148938724138,3689.2705851098467,0.0,0.0,True,
"E1 learned speed, stop-bias yaw",S3c,120,290.42253980858663,7.8720856361350195,139.13873254978034,290.42253980858663,10.840148938724138,3689.2705851098467,2.364066133242952,-2.1640985319378143,True,
"E2 learned speed, stop-bias yaw",S3c,120,168.8545463967368,4.576908700550335,60.42886266244459,168.8545463967368,10.840148938724138,3689.2705851098467,1.2376259140840944,-0.6468070704904451,True,
"E2 learned speed, raw yaw",S3c,120,103.49875411255947,2.805398837653374,47.22115190487935,103.49875411255947,8.483324789999958,3689.2705851098467,1.2376259140840944,-0.6468070704904451,True,12600.0
"B1 hold speed, raw yaw",S3c,120,669.390686675648,20.018120372067273,270.0004602975694,669.390686675648,21.439340580000025,3343.9237762287466,3.7533238425925926,3.101207175925924,True,
"B2 true speed, stop-bias yaw",S3c,120,547.83959482555,16.383136443480765,253.78704741021423,547.83959482555,23.79616472872415,3343.9237762287466,0.0,0.0,True,
"E1 learned speed, stop-bias yaw",S3c,120,621.7136587803296,18.592339430699997,275.5258482184593,621.7136587803296,23.79616472872415,3343.9237762287466,3.468057020378277,1.3083618287161967,True,
"E2 learned speed, stop-bias yaw",S3c,120,569.0235993431891,17.016643841832117,259.7882047026137,569.0235993431891,23.79616472872415,3343.9237762287466,2.3289506517626584,0.21929565464388437,True,
"E2 learned speed, raw yaw",S3c,120,504.58834949574197,15.089708476094902,229.60776894117618,504.58834949574197,21.439340580000025,3343.9237762287466,2.3289506517626584,0.21929565464388437,True,13200.0
"B1 hold speed, raw yaw",S3c,120,1219.9537443434278,44.62385934428517,624.1467307108061,1219.9537443434278,28.466275140000143,2733.859783240965,8.345909953703703,8.306276620370369,True,
"B2 true speed, stop-bias yaw",S3c,120,676.7125017269082,24.753006934564574,309.72122871692267,676.7125017269082,30.82309928872417,2733.859783240965,0.0,0.0,True,
"E1 learned speed, stop-bias yaw",S3c,120,857.5454448217329,31.367572326811903,472.5759420431475,857.5454448217329,30.82309928872417,2733.859783240965,5.820334806817468,4.318007779112769,True,
"E2 learned speed, stop-bias yaw",S3c,120,689.8189770964576,25.232419794356964,350.9219808047795,689.8189770964576,30.82309928872417,2733.859783240965,3.8732729300776616,1.6457145770933181,True,
"E2 learned speed, raw yaw",S3c,120,641.1813295080716,23.453336321000236,329.36091516955486,641.1813295080716,28.466275140000143,2733.859783240965,3.8732729300776616,1.6457145770933181,True,13800.0
"B1 hold speed, raw yaw",S3c,120,383.4377988478333,17.774498889695348,201.82900968105366,383.4377988478333,26.841240820000024,2157.235493542543,3.506521064814815,1.1657335648148144,True,
"B2 true speed, stop-bias yaw",S3c,120,465.38601525628854,21.57325969507606,234.4069455303837,465.38601525628854,29.198064968724104,2157.235493542543,0.0,0.0,True,
"E1 learned speed, stop-bias yaw",S3c,120,398.3737469470771,18.4668641017435,209.7197460977729,398.3737469470771,29.198064968724104,2157.235493542543,2.551685456021273,-0.2560060671559149,True,
"E2 learned speed, stop-bias yaw",S3c,120,424.8175215098454,19.692681804165186,217.5959602782085,424.8175215098454,29.198064968724104,2157.235493542543,1.8180175212955918,0.19361249171404135,True,
"E2 learned speed, raw yaw",S3c,120,387.6059939299317,17.96771817866846,200.16497258656483,387.6059939299317,26.841240820000024,2157.235493542543,1.8180175212955918,0.19361249171404135,True,14400.0
"B1 hold speed, raw yaw",S3c,120,250.3762121470867,16.391301847408457,110.68399959188115,250.3762121470867,25.00828991999997,1527.4943654745298,3.3879766203703703,2.2638678240740737,True,
"B2 true speed, stop-bias yaw",S3c,120,249.86132902888968,16.357594153957354,118.48303001263409,249.86132902888968,27.365114068723564,1527.4943654745298,0.0,0.0,True,
"E1 learned speed, stop-bias yaw",S3c,120,189.29992758966802,12.392839663985294,97.5475340965776,189.29992758966802,27.365114068723564,1527.4943654745298,2.1810154806168285,0.4213606852414121,True,
"E2 learned speed, stop-bias yaw",S3c,120,180.0927261571579,11.790074662646004,99.85845238587412,180.0927261571579,27.365114068723564,1527.4943654745298,1.7113563941967316,-0.17031245140876583,True,
"E2 learned speed, raw yaw",S3c,120,157.10493086526787,10.285139796012395,90.15227780149723,157.10493086526787,25.00828991999997,1527.4943654745298,1.7113563941967316,-0.17031245140876583,True,15000.0
"B1 hold speed, raw yaw",S3c,120,543.12705595868,43.12374364447769,341.62741068098563,574.2920293559977,22.927289810000044,1259.4617490456012,6.887869907407409,6.886265277777781,True,
"B2 true speed, stop-bias yaw",S3c,120,205.03541367296748,16.27960625468299,114.0188212712361,208.58155536964819,24.92577213018509,1259.4617490456012,0.0,0.0,True,
"E1 learned speed, stop-bias yaw",S3c,120,316.93681239704665,25.16446510878286,185.56001580600116,342.5009249899652,24.92577213018509,1259.4617490456012,3.0474582452640138,2.7639267665098477,True,
"E2 learned speed, stop-bias yaw",S3c,120,261.1938143941472,20.738526961384533,156.03366318838118,289.2779493877166,24.92577213018509,1259.4617490456012,2.4923131400279854,2.169996614854453,True,
"E2 learned speed, raw yaw",S3c,120,251.6721778116352,19.982518564168235,150.46798265933666,278.3884047094277,22.927289810000044,1259.4617490456012,2.4923131400279854,2.169996614854453,True,15600.0
"B1 hold speed, raw yaw",S3c,120,51.995818028806184,4.526891096339922,71.76249322145418,118.3465401792828,19.106320899999748,1148.5988269266252,2.9214988425925914,2.9025011574074058,True,
"B2 true speed, stop-bias yaw",S3c,120,23.665837867495362,2.0604093712005143,34.907858617264324,64.4539767540852,21.10480322018556,1148.5988269266252,0.0,0.0,True,
"E1 learned speed, stop-bias yaw",S3c,120,33.490060973845544,2.9157317758591925,52.21749371914829,92.40663911502433,21.10480322018556,1148.5988269266252,1.467199667892567,0.2171966884188974,True,
"E2 learned speed, stop-bias yaw",S3c,120,10.65632738487387,0.9277675664520436,42.23390715195789,80.42262808047845,21.10480322018556,1148.5988269266252,1.0882912973581855,0.0863130857724745,True,
"E2 learned speed, raw yaw",S3c,120,10.22856704210889,0.890525638919385,38.918635033118356,73.8063049408728,19.106320899999748,1148.5988269266252,1.0882912973581855,0.0863130857724745,True,16200.0
"B1 hold speed, raw yaw",S3c,120,228.26766734731757,21.57206269229854,147.6549772178612,248.17956968161533,19.308349110000407,1058.1633782698564,2.8999719907407417,2.5876145833333344,True,
"B2 true speed, stop-bias yaw",S3c,120,84.30977496137888,7.9675574389305615,40.012994458122954,84.30977496137888,21.306831430185248,1058.1633782698564,0.0,0.0,True,
"E1 learned speed, stop-bias yaw",S3c,120,124.1754609645927,11.734998915538451,48.39925343924178,124.1754609645927,21.306831430185248,1058.1633782698564,1.5296646349346317,0.008486338889782168,True,
"E2 learned speed, stop-bias yaw",S3c,120,137.43060646786066,12.987654769584422,57.263678697326995,137.43060646786066,21.306831430185248,1058.1633782698564,1.292832542635637,0.4523642390875913,True,
"E2 learned speed, raw yaw",S3c,120,130.34150966300396,12.31771126648874,54.34592036202982,130.41282808069028,19.308349110000407,1058.1633782698564,1.292832542635637,0.4523642390875913,True,16800.0
"B1 hold speed, raw yaw",S3c,120,172.41966668507533,17.85903708111869,204.88625073893917,292.31999716067884,17.931278030000094,965.4477220799574,5.02226087962963,-4.954445138888889,True,
"B2 true speed, stop-bias yaw",S3c,120,65.19839840784559,6.753177506844428,54.099241071239184,92.2888372263223,19.929760350185088,965.4477220799574,0.0,0.0,True,
"E1 learned speed, stop-bias yaw",S3c,120,70.54140344024542,7.306600018514856,50.19452731044301,74.56067115389935,19.929760350185088,965.4477220799574,1.7495049105685776,-0.014557454743923207,True,
"E2 learned speed, stop-bias yaw",S3c,120,104.4436806442586,10.818160140172632,77.83122545608106,121.10173321628466,19.929760350185088,965.4477220799574,1.4507771242137184,0.6246442542191297,True,
"E2 learned speed, raw yaw",S3c,120,97.87907168722946,10.138205254279239,72.93091054980859,112.58564646195849,17.931278030000094,965.4477220799574,1.4507771242137184,0.6246442542191297,True,17400.0
"B1 hold speed, raw yaw",S3c,120,117.69819607494685,13.017218962521252,79.83854133704257,140.2060337414412,15.424255360000346,904.173129558776,2.479065046296296,-2.0160474537037034,True,
"B2 true speed, stop-bias yaw",S3c,120,94.29342133342456,10.428690949866917,51.012056063326334,99.47840758498299,19.02150802199998,904.173129558776,0.0,0.0,True,
"E1 learned speed, stop-bias yaw",S3c,120,95.66624829222208,10.58052326094958,69.135673551281,119.17731854052143,19.02150802199998,904.173129558776,1.3538726245446904,-0.28712010448527236,True,
"E2 learned speed, stop-bias yaw",S3c,120,92.07139023545749,10.182938115003157,64.18946664588327,114.24918128122513,19.02150802199998,904.173129558776,1.2727251411987273,-0.7017343285524756,True,
"E2 learned speed, raw yaw",S3c,120,80.86257232852557,8.943262046283701,58.347958023867484,103.0376270437146,15.424255360000346,904.173129558776,1.2727251411987273,-0.7017343285524756,True,18000.0
"B1 hold speed, raw yaw",S3c,120,147.58043731051066,15.213445564692654,63.13771421530305,147.58043731051066,12.783332050000027,970.0658321150809,1.9246194444444442,0.315133796296295,True,
"B2 true speed, stop-bias yaw",S3c,120,55.91475410045185,5.764016446032147,26.96213252593763,55.91475410045185,12.783332050000027,970.0658321150809,0.0,0.0,True,
"E1 learned speed, stop-bias yaw",S3c,120,85.96757348007849,8.862034991237582,40.54153469383119,85.96757348007849,12.783332050000027,970.0658321150809,1.5230717614271323,-0.435283190106463,True,
"E2 learned speed, stop-bias yaw",S3c,120,62.692783974335136,6.462734991669902,30.790240405541315,62.712534012358844,12.783332050000027,970.0658321150809,1.4202039274781402,-0.6752792318301365,True,
"E2 learned speed, raw yaw",S3c,120,62.692783974335136,6.462734991669902,30.790240405541315,62.712534012358844,12.783332050000027,970.0658321150809,1.4202039274781402,-0.6752792318301365,True,18600.0
"B1 hold speed, raw yaw",S3c,120,465.17058119436376,71.39167135952407,189.0640178756354,465.17058119436376,9.29153662999959,651.5754181629861,4.491181018518518,3.873673148148148,True,
"B2 true speed, stop-bias yaw",S3c,120,30.038222406645797,4.610091413720581,22.519896775300513,31.82475097362567,9.29153662999959,651.5754181629861,0.0,0.0,True,
"E1 learned speed, stop-bias yaw",S3c,120,66.11336177040909,10.146693679268203,41.778368018320705,67.29526824829007,9.29153662999959,651.5754181629861,1.4753621438316011,0.1021857081659428,True,
"E2 learned speed, stop-bias yaw",S3c,120,47.09087531445245,7.227233256775974,30.579512732398758,47.92750880798056,9.29153662999959,651.5754181629861,1.182176462207959,0.1984560221611086,True,
"E2 learned speed, raw yaw",S3c,120,47.09087531445245,7.227233256775974,30.579512732398758,47.92750880798056,9.29153662999959,651.5754181629861,1.182176462207959,0.1984560221611086,True,19200.0
"B1 hold speed, raw yaw",S3c,120,635.5180174694376,116.16719415759992,389.80922357418393,635.7106961409852,6.840633020001583,547.0718493960118,5.925385416666666,3.8943951388888887,True,
"B2 true speed, stop-bias yaw",S3c,120,51.534678178880895,9.420093217330987,14.88100222133239,51.534678178880895,8.039706158995843,547.0718493960118,0.0,0.0,True,
"E1 learned speed, stop-bias yaw",S3c,120,129.3898653876922,23.651347721609792,58.64581891072585,129.54896267520274,8.039706158995843,547.0718493960118,1.6965058918766602,-0.4112013902044106,True,
"E2 learned speed, stop-bias yaw",S3c,120,192.33491849417206,35.15715873637387,57.67830682651239,192.33491849417206,8.039706158995843,547.0718493960118,2.040683878767207,-1.6283099623127248,True,
"E2 learned speed, raw yaw",S3c,120,191.1053015975574,34.93239540812509,57.327323029021116,191.1053015975574,6.840633020001583,547.0718493960118,2.040683878767207,-1.6283099623127248,True,19800.0
"B1 hold speed, raw yaw",S3c,120,433.2017090620833,41.60875697666725,215.0728115027378,452.56781122041826,1.1126469100000127,1041.1310996505083,7.208407638888889,-3.6436659722222218,True,
"B2 true speed, stop-bias yaw",S3c,120,85.97673072643923,8.258011959809894,35.6934754609902,85.97673072643923,3.725416849736849,1041.1310996505083,0.0,0.0,True,
"E1 learned speed, stop-bias yaw",S3c,120,255.15009763696244,24.50700951326998,124.43190614833482,264.2810082455972,3.725416849736849,1041.1310996505083,2.3388523781057633,-2.0627358144409658,True,
"E2 learned speed, stop-bias yaw",S3c,120,238.51621730077795,22.90933556598628,116.88159009190625,249.14428404092754,3.725416849736849,1041.1310996505083,2.2349499790761342,-1.9173985363628003,True,
"E2 learned speed, raw yaw",S3c,120,227.24200272412753,21.826454209312274,112.7977482100765,239.0749654164926,1.1126469100000127,1041.1310996505083,2.2349499790761342,-1.9173985363628003,True,21000.0
"B1 hold speed, raw yaw",S3c,120,555.9690245187893,40.27000648481039,335.295138409543,555.9690245187893,7.144490399999999,1380.6032654315504,4.533080324074073,4.461468287037036,True,
"B2 true speed, stop-bias yaw",S3c,120,137.6504972532259,9.97031520204314,58.42500432044206,137.6504972532259,11.002183118358703,1380.6032654315504,0.0,0.0,True,
"E1 learned speed, stop-bias yaw",S3c,120,226.62577981806115,16.414982167032775,89.89583891913452,227.60705020175826,11.002183118358703,1380.6032654315504,2.5481914602203752,-1.598287149888433,True,
"E2 learned speed, stop-bias yaw",S3c,120,150.5810363348115,10.906901360090782,84.7453626910898,150.5810363348115,11.002183118358703,1380.6032654315504,3.234136679161773,0.09703370520985971,True,
"E2 learned speed, raw yaw",S3c,120,109.07984806123565,7.900882954028024,73.02133809281746,109.07984806123565,7.144490399999999,1380.6032654315504,3.234136679161773,0.09703370520985971,True,21600.0
"B1 hold speed, raw yaw",S3c,120,336.566189298236,25.188594042359775,214.05107490545325,336.566189298236,3.284323640000036,1336.184896752201,3.68922962962963,3.688644444444445,True,
"B2 true speed, stop-bias yaw",S3c,120,21.132126160275742,1.5815270934165298,14.089335725382162,21.186860960074487,0.13419438439978848,1336.184896752201,0.0,0.0,True,
"E1 learned speed, stop-bias yaw",S3c,120,47.952567497337874,3.588767363999835,35.713624921938205,54.409885884552004,0.13419438439978848,1336.184896752201,1.9352303503010444,0.46342581323520626,True,
"E2 learned speed, stop-bias yaw",S3c,120,35.52893835707775,2.65898368133304,29.89363312282592,49.39931863276413,0.13419438439978848,1336.184896752201,1.5690481177167657,-0.15357338893667816,True,
"E2 learned speed, raw yaw",S3c,120,22.59721347254762,1.691174142700876,26.4887851641483,44.08304069954597,3.284323640000036,1336.184896752201,1.5690481177167657,-0.15357338893667816,True,22800.0
"B1 hold speed, raw yaw",S3c,120,328.70246215027066,25.220818580274692,246.7591777886356,347.09726124814205,3.5412637999999474,1303.2981507085192,3.185285185185185,-2.8567162037037033,True,
"B2 true speed, stop-bias yaw",S3c,120,55.93070882048679,4.291474578559086,27.856075866417537,55.997398834573346,0.495988827982333,1303.2981507085192,0.0,0.0,True,
"E1 learned speed, stop-bias yaw",S3c,120,71.27462156821558,5.468788667387287,56.92106305577259,114.60593919413401,0.495988827982333,1303.2981507085192,2.9232984546364933,0.4464969750914459,True,
"E2 learned speed, stop-bias yaw",S3c,120,192.58673129687372,14.776874439066512,74.60548689091567,192.58673129687372,0.495988827982333,1303.2981507085192,2.878077388851956,1.5520628642685665,True,
"E2 learned speed, raw yaw",S3c,120,206.11063264792745,15.81454194006785,83.09546796042122,206.11063264792745,3.5412637999999474,1303.2981507085192,2.878077388851956,1.5520628642685665,True,23400.0
"B1 hold speed, raw yaw",S3c,120,490.3826832871745,48.45584238310727,261.2068131989954,490.3826832871745,7.306713919999928,1012.0197259394508,4.229110185185185,4.172405555555555,True,
"B2 true speed, stop-bias yaw",S3c,120,27.972381941329072,2.764015485504742,13.173867490129927,30.85721414166494,10.351988892017696,1012.0197259394508,0.0,0.0,True,
"E1 learned speed, stop-bias yaw",S3c,120,148.61111053678565,14.68460611267542,97.33041469416973,150.82570170852077,10.351988892017696,1012.0197259394508,2.894611997408932,1.2484768079639814,True,
"E2 learned speed, stop-bias yaw",S3c,120,3.8739840857221255,0.3827972900553824,26.969876469827557,59.650938324847694,10.351988892017696,1012.0197259394508,2.1121614001786795,-0.032827656756422956,True,
"E2 learned speed, raw yaw",S3c,120,26.319035581002694,2.6006445236599434,29.0873204983965,60.29895264552539,7.306713919999928,1012.0197259394508,2.1121614001786795,-0.032827656756422956,True,24000.0
"B1 hold speed, raw yaw",S3c,120,183.90975821094545,21.726764732534583,107.2108264648124,183.90975821094545,49.259317880000104,846.4663767245158,3.01664537037037,-1.1969032407407405,True,
"B2 true speed, stop-bias yaw",S3c,120,142.71328025912385,16.85988766752518,76.18635268238313,142.71328025912385,46.21404290798218,846.4663767245158,0.0,0.0,True,
"E1 learned speed, stop-bias yaw",S3c,120,122.40641880670242,14.460871946310023,65.43834964145329,122.40641880670242,46.21404290798218,846.4663767245158,2.0117410763010075,0.16425864883940705,True,
"E2 learned speed, stop-bias yaw",S3c,120,131.70310710015002,15.559165812325357,70.14427202143912,131.70310710015002,46.21404290798218,846.4663767245158,1.2649615126828664,-0.21165665867164188,True,
"E2 learned speed, raw yaw",S3c,120,152.05505501069638,17.963507965796378,79.12697121100888,152.05505501069638,49.259317880000104,846.4663767245158,1.2649615126828664,-0.21165665867164188,True,24600.0
"B1 hold speed, raw yaw",S3c,120,409.2321554282705,52.97492579144617,259.7188060382259,409.2321554282705,40.13366067999991,772.5016114970169,3.5715201388888884,-3.4394118055555554,True,
"B2 true speed, stop-bias yaw",S3c,120,311.4666134257204,40.319218599704264,198.68855091271675,311.4666134257204,43.22854163588017,772.5016114970169,0.0,0.0,True,
"E1 learned speed, stop-bias yaw",S3c,120,364.40832911182326,47.17250083215269,229.5893729190922,364.40832911182326,43.22854163588017,772.5016114970169,2.154490385606586,-0.21644258900082505,True,
"E2 learned speed, stop-bias yaw",S3c,120,362.96646188849815,46.98585174277009,226.05620255075544,362.96646188849815,43.22854163588017,772.5016114970169,2.1236697682472414,-0.06246981441918081,True,
"E2 learned speed, raw yaw",S3c,120,350.2616260532847,45.341216230542095,220.80203794493656,350.2616260532847,40.13366067999991,772.5016114970169,2.1236697682472414,-0.06246981441918081,True,25800.0
"B1 hold speed, raw yaw",S3c,120,259.23351491305266,33.00175764365086,150.6010513053564,259.23351491305266,10.105709340000162,785.5142677921157,2.776434490740741,-2.470242824074074,True,
"B2 true speed, stop-bias yaw",S3c,120,103.48098563686906,13.17366085885725,45.09843757354857,103.48098563686906,13.200590295879099,785.5142677921157,0.0,0.0,True,
"E1 learned speed, stop-bias yaw",S3c,120,85.57196784508409,10.893750929006739,61.99173420216954,128.7241876026492,13.200590295879099,785.5142677921157,2.6616036702152672,0.7452681947457478,True,
"E2 learned speed, stop-bias yaw",S3c,120,42.02192236157351,5.349606504244236,39.74674385465586,77.80382610378604,13.200590295879099,785.5142677921157,2.2882410361868053,-0.0206755714959012,True,
"E2 learned speed, raw yaw",S3c,120,26.410815035556745,3.3622323767321176,35.020508575610926,69.01005824743297,10.105709340000162,785.5142677921157,2.2882410361868053,-0.0206755714959012,True,26400.0
"B1 hold speed, raw yaw",S3c,120,71.56346212928,7.477922574795332,47.50287809517134,79.38267591778146,6.944720769999797,956.9965643999552,1.4909842592592593,0.19945416666666593,True,
"B2 true speed, stop-bias yaw",S3c,120,27.828666218141077,2.9079170451975322,20.42090737437593,39.279208511288154,10.2572253116863,956.9965643999552,0.0,0.0,True,
"E1 learned speed, stop-bias yaw",S3c,120,176.60763168894152,18.454364232715502,113.11915599350644,178.0407945361635,10.2572253116863,956.9965643999552,2.8180346896355006,1.4886743772111242,True,
"E2 learned speed, stop-bias yaw",S3c,120,64.12399188481895,6.700545672807637,50.76397183268578,69.35714350894966,10.2572253116863,956.9965643999552,1.9512327458835503,0.1218733373333671,True,
"E2 learned speed, raw yaw",S3c,120,52.99545868721039,5.537685364674112,51.251011037200676,71.83621319621476,6.944720769999797,956.9965643999552,1.9512327458835503,0.1218733373333671,True,27000.0
"B1 hold speed, raw yaw",S3c,120,233.52846198479526,23.758258092363008,160.62385161863094,233.52846198479526,15.813663379999838,982.9359588439777,2.6625613425925923,-2.2307581018518516,True,
"B2 true speed, stop-bias yaw",S3c,120,107.93817648217545,10.981201319475645,54.34858130059799,107.93817648217545,18.46927435654532,982.9359588439777,0.0,0.0,True,
"E1 learned speed, stop-bias yaw",S3c,120,98.11600554706776,9.981932664510628,56.46034044753444,98.11600554706776,18.46927435654532,982.9359588439777,1.807803797938528,-0.18586006408240194,True,
"E2 learned speed, stop-bias yaw",S3c,120,161.29535341468065,16.409548553333902,101.74547786241675,161.29535341468065,18.46927435654532,982.9359588439777,1.899234655845364,-1.2260316875806718,True,
"E2 learned speed, raw yaw",S3c,120,153.83527920703347,15.65059023661702,99.48362892035279,153.83527920703347,15.813663379999838,982.9359588439777,1.899234655845364,-1.2260316875806718,True,27600.0
"B1 hold speed, raw yaw",S3c,120,276.7297721632135,26.63411797018241,141.29802506334016,276.7297721632135,9.985655280000076,1039.0048300943163,3.2791905092592595,1.009510416666667,True,
"B2 true speed, stop-bias yaw",S3c,120,48.17756776717175,4.636895457242331,17.513083562867802,48.17756776717175,12.641266256545558,1039.0048300943163,0.0,0.0,True,
"E1 learned speed, stop-bias yaw",S3c,120,169.71949478436466,16.334812877526108,99.42308322326647,169.71949478436466,12.641266256545558,1039.0048300943163,2.882429740024751,0.548009667715705,True,
"E2 learned speed, stop-bias yaw",S3c,120,119.99722962176646,11.54924656229689,80.73219116503401,128.33461374240017,12.641266256545558,1039.0048300943163,2.2620537514172496,0.7759347472800008,True,
"E2 learned speed, raw yaw",S3c,120,127.55981923479004,12.277115133642905,80.17531498462672,129.20742343724376,9.985655280000076,1039.0048300943163,2.2620537514172496,0.7759347472800008,True,28200.0
"B1 hold speed, raw yaw",S3c,120,710.5695609361377,42.53336990299881,371.0316177655565,710.5695609361377,2.8317411000005226,1670.6166535984705,9.369766666666667,-8.863141203703705,True,
"B2 true speed, stop-bias yaw",S3c,120,105.17309180838123,6.295465305092031,57.942530923069064,105.17309180838123,5.519474444174099,1670.6166535984705,0.0,0.0,True,
"E1 learned speed, stop-bias yaw",S3c,120,462.8386864271078,27.704661355444035,240.40221848509253,462.8386864271078,5.519474444174099,1670.6166535984705,6.060671298749466,-5.326582777487483,True,
"E2 learned speed, stop-bias yaw",S3c,120,356.86335793218393,21.361175657114895,189.36733926092242,356.86335793218393,5.519474444174099,1670.6166535984705,4.277292366563709,-3.575650836579225,True,
"E2 learned speed, raw yaw",S3c,120,348.7465603287151,20.87531927671874,186.85023149985142,348.7465603287151,2.8317411000005226,1670.6166535984705,4.277292366563709,-3.575650836579225,True,28800.0
"B1 hold speed, raw yaw",S3c,120,49.0228002138579,2.2655666970298416,28.211336047587785,53.66784953774333,7.51622429999998,2163.820658121732,0.9383456018518517,-0.26256550925925826,True,
"B2 true speed, stop-bias yaw",S3c,120,69.14835117521707,3.195659996852056,30.812620405965117,69.14835117521707,6.665795474779612,2163.820658121732,0.0,0.0,True,
"E1 learned speed, stop-bias yaw",S3c,120,253.34326397788243,11.708145174923729,124.1676797057095,253.34326397788243,6.665795474779612,2163.820658121732,2.8326235112866915,-2.7578554518678584,True,
"E2 learned speed, stop-bias yaw",S3c,120,163.9580178034393,7.577246163541127,84.62766590315181,163.9580178034393,6.665795474779612,2163.820658121732,2.0794070844437345,-2.0507863053375686,True,
"E2 learned speed, raw yaw",S3c,120,168.95965087275678,7.808394389737428,86.71576370612043,168.95965087275678,7.51622429999998,2163.820658121732,2.0794070844437345,-2.0507863053375686,True,29400.0
"B1 hold speed, raw yaw",S3c,120,261.4912472392288,12.536991809071525,165.0757258904214,261.4912472392288,5.919310790000341,2085.7575024498205,3.390506249999997,3.390064120370367,True,
"B2 true speed, stop-bias yaw",S3c,120,76.6153895267838,3.6732644824144423,42.95129808109932,76.61880442948745,5.207446823484256,2085.7575024498205,0.0,0.0,True,
"E1 learned speed, stop-bias yaw",S3c,120,76.11669032389261,3.6493547420776373,94.72375543067936,139.4700601784091,5.207446823484256,2085.7575024498205,2.595395474451981,-0.9752368947184118,True,
"E2 learned speed, stop-bias yaw",S3c,120,52.38552313352847,2.5115826299078012,54.48956659629406,83.6904270056337,5.207446823484256,2085.7575024498205,2.3777885081729524,-0.036188468198710196,True,
"E2 learned speed, raw yaw",S3c,120,46.53001628594168,2.2308449678972737,54.38811834101343,85.4046582803598,5.919310790000341,2085.7575024498205,2.3777885081729524,-0.036188468198710196,True,30000.0
"B1 hold speed, raw yaw",S3c,120,359.298297293972,22.547319837442544,232.52848328849316,417.08147063823196,1.9763729799998206,1593.5299622499426,4.914214814814814,4.1583037037037025,True,
"B2 true speed, stop-bias yaw",S3c,120,16.302391556576843,1.0230363998653098,8.050615522895837,19.09500774295367,3.134262701621016,1593.5299622499426,0.0,0.0,True,
"E1 learned speed, stop-bias yaw",S3c,120,192.62977154600264,12.088242838812024,154.34403928010298,270.98804515628797,3.134262701621016,1593.5299622499426,3.663842540488336,2.940972551111076,True,
"E2 learned speed, stop-bias yaw",S3c,120,141.03059837815977,8.850200606145826,130.93745071768123,236.22208279607588,3.134262701621016,1593.5299622499426,3.4238268892648787,2.788514700326662,True,
"E2 learned speed, raw yaw",S3c,120,142.0956102106783,8.917034105216958,131.6348962445194,236.7386165708283,1.9763729799998206,1593.5299622499426,3.4238268892648787,2.788514700326662,True,30600.0
"B1 hold speed, raw yaw",S3c,120,851.125083306883,52.97831202771391,532.2855136162179,900.7416735776513,23.259688830001043,1606.5537966963616,11.57755,-11.299610648148148,True,
"B2 true speed, stop-bias yaw",S3c,120,78.05294472274318,4.858408407066569,24.47928879908383,78.05294472274318,22.19366996440798,1606.5537966963616,0.0,0.0,True,
"E1 learned speed, stop-bias yaw",S3c,120,319.4424485776151,19.88370692811538,218.48182737050612,361.8582157386242,22.19366996440798,1606.5537966963616,4.730598860910911,-4.077573218280726,True,
"E2 learned speed, stop-bias yaw",S3c,120,115.59974089265971,7.195510111791671,71.89234156987717,119.05728068393503,22.19366996440798,1606.5537966963616,2.106810590967099,-1.141142858032466,True,
"E2 learned speed, raw yaw",S3c,120,123.78236245237784,7.704837690895743,74.07249313740942,123.78236245237784,23.259688830001043,1606.5537966963616,2.106810590967099,-1.141142858032466,True,31200.0
"B1 hold speed, raw yaw",S3c,120,399.8375353781112,19.44114432547106,194.54142845488101,399.8375353781112,29.315726079999912,2056.656381354358,1.0663796296296304,0.6563518518518543,True,
"B2 true speed, stop-bias yaw",S3c,120,345.9234129411574,16.819699006469833,167.59233818367937,345.9234129411574,28.34111345956264,2056.656381354358,0.0,0.0,True,
"E1 learned speed, stop-bias yaw",S3c,120,285.2616532800243,13.870165958018353,176.94269022825375,285.2616532800243,28.34111345956264,2056.656381354358,2.75235052955826,-1.867812620724418,True,
"E2 learned speed, stop-bias yaw",S3c,120,298.47972714332315,14.512863201132657,164.25132830606586,298.47972714332315,28.34111345956264,2056.656381354358,2.0929153511186382,-0.912557909687993,True,
"E2 learned speed, raw yaw",S3c,120,311.33999476181634,15.138162970947603,169.81370383457494,311.33999476181634,29.315726079999912,2056.656381354358,2.0929153511186382,-0.912557909687993,True,31800.0
"B1 hold speed, raw yaw",S3c,120,384.40006229085174,18.395832051656306,154.49907721267346,384.40006229085174,22.127716530000242,2089.604108210161,1.2220847222222224,0.07260231481481398,True,
"B2 true speed, stop-bias yaw",S3c,120,356.9309733707028,17.08127257064163,141.26320753705616,356.9309733707028,21.112666095461915,2089.604108210161,0.0,0.0,True,
"E1 learned speed, stop-bias yaw",S3c,120,346.8628393016197,16.599452400518256,138.5199538048368,346.8628393016197,21.112666095461915,2089.604108210161,1.6324499368939347,-0.3802669826877112,True,
"E2 learned speed, stop-bias yaw",S3c,120,393.47823455135847,18.830276654097418,163.20674252709648,393.47823455135847,21.112666095461915,2089.604108210161,1.291789203498781,0.37513001170005256,True,
"E2 learned speed, raw yaw",S3c,120,404.00164425678093,19.333884474548928,165.973750100966,404.00164425678093,22.127716530000242,2089.604108210161,1.291789203498781,0.37513001170005256,True,32400.0
"B1 hold speed, raw yaw",S3c,120,883.8410171864514,52.19548785659597,405.8930984030873,883.8410171864514,52.78669588999968,1693.3283957700569,4.307855787037037,3.427477546296296,True,
"B2 true speed, stop-bias yaw",S3c,120,570.747417462477,33.70565443113143,259.8626040728407,570.747417462477,51.77164545546145,1693.3283957700569,0.0,0.0,True,
"E1 learned speed, stop-bias yaw",S3c,120,592.8839998689518,35.012936731586095,268.4702424572245,592.8839998689518,51.77164545546145,1693.3283957700569,2.2693468281589504,0.08945895085316702,True,
"E2 learned speed, stop-bias yaw",S3c,120,593.518517668359,35.05040836443606,265.26976239259704,593.518517668359,51.77164545546145,1693.3283957700569,1.612096708581039,0.46352858373415035,True,
"E2 learned speed, raw yaw",S3c,120,604.9540964977369,35.72573979205188,270.43788886669154,604.9540964977369,52.78669588999968,1693.3283957700569,1.612096708581039,0.46352858373415035,True,33000.0
"B1 hold speed, raw yaw",S3c,120,838.9849799979525,63.59764214498084,494.1898374924415,838.9849799979525,62.95855084000003,1319.2076808214904,5.9204331018518515,-1.6506687499999986,True,
"B2 true speed, stop-bias yaw",S3c,120,706.8798602094132,53.58366771858306,403.46306934023215,706.8798602094132,61.943500405461535,1319.2076808214904,0.0,0.0,True,
"E1 learned speed, stop-bias yaw",S3c,120,776.1967576075926,58.83810175546001,441.4983063652472,776.1967576075926,61.943500405461535,1319.2076808214904,2.285772844921762,0.06246540468881799,True,
"E2 learned speed, stop-bias yaw",S3c,120,733.9204424411984,55.63342702675708,414.39167764060306,733.9204424411984,61.943500405461535,1319.2076808214904,1.4601529474262294,0.053235924413858174,True,
"E2 learned speed, raw yaw",S3c,120,744.2271470890271,56.414706941789916,420.0016048204154,744.2271470890271,62.95855084000003,1319.2076808214904,1.4601529474262294,0.053235924413858174,True,33600.0
"B1 hold speed, raw yaw",S3c,120,264.9019223869027,32.00922016517268,270.2882690704976,490.9409853385618,136.2252989099993,827.5800566835635,10.415227314814814,10.276634259259257,True,
"B2 true speed, stop-bias yaw",S3c,120,124.0844851861609,14.993653385439941,103.44406358291658,136.52751564455315,139.68981620433257,827.5800566835635,0.0,0.0,True,
"E1 learned speed, stop-bias yaw",S3c,120,124.60217109470263,15.056207564260573,119.83659777478972,175.16300367854734,139.68981620433257,827.5800566835635,2.1190832900068366,1.5352846804782572,True,
"E2 learned speed, stop-bias yaw",S3c,120,105.20010567949642,12.711773903913818,106.61862234738881,155.8803345589275,139.68981620433257,827.5800566835635,1.5247550788642839,1.1430296098894632,True,
"E2 learned speed, raw yaw",S3c,120,109.75252925885106,13.261862507740014,111.85151747871924,163.72474863372096,136.2252989099993,827.5800566835635,1.5247550788642839,1.1430296098894632,True,34200.0
"B1 hold speed, raw yaw",S3c,120,526.6264747723972,110.58721936957276,312.8569878324557,526.9091891984164,27.844825660001128,476.20916573773127,4.5602782407407405,2.013940740740741,True,
"B2 true speed, stop-bias yaw",S3c,120,68.23812582659279,14.329444020860036,32.155190485605814,68.27529205270612,4.913694673498419,476.20916573773127,0.0,0.0,True,
"E1 learned speed, stop-bias yaw",S3c,120,480.30643732734615,100.86039326506189,282.7340457643479,480.30643732734615,4.913694673498419,476.20916573773127,4.240183815512831,3.7522350140047647,True,
"E2 learned speed, stop-bias yaw",S3c,120,382.60833347763895,80.34459666161858,222.18827131294418,382.6114006669438,4.913694673498419,476.20916573773127,3.3403517374315204,2.7408224678702116,True,
"E2 learned speed, raw yaw",S3c,120,486.23258909063634,102.10483629339159,250.84820249560983,486.28594676657474,27.844825660001128,476.20916573773127,3.3403517374315204,2.7408224678702116,True,34800.0
