984,5.248208,8.266155,-0.0125990845,-0.078572474,0.046120286,-0.018898126,5.3236465,8.235826,0.12896797,-0.07543874,0.030329704,-16.95,-32.475002,9.450001,0.067719616,-0.27543852,-0.93382454,0.21797433,153.85146,-32.952583,0.43696204,11.05930925,76.92355635,376.54114,0.0,,3.7900925,187.15,2,2
289.240,417256423809591,0.020338994,5.28081,8.261669,0.022525636,-0.027336195,0.024740022,-0.012778555,5.3271646,8.2335615,0.033117548,-0.04635477,0.028107643,-17.775002,-32.325,10.575001,0.06766615,-0.27543384,-0.93382573,0.21799178,153.84729,-32.9506,0.42962748,11.05930925,76.92355635,376.54114,0.0,,3.7900925,187.17,2,2
289.260,417256443809591,0.024526432,5.3367424,8.276474,0.023823723,-0.014202605,0.023060143,7.0709095E-4,5.326266,8.234153,0.02381934,0.010476589,0.042321682,-16.800001,-32.625,7.9500003,0.06759426,-0.27543554,-0.9338247,0.21801598,153.84143,-32.948864,0.4194817,11.05930925,76.92355635,376.54114,0.0,,3.7900925,187.19,2,2
289.280,417256463809591,0.06625128,5.382505,8.295318,-0.007788525,-0.053450663,0.02199113,0.021990791,5.3211637,8.237423,0.044260487,0.061341286,0.057894707,-17.925001,-32.850002,11.025001,0.06549199,-0.27569753,-0.93375224,0.21862823,153.67947,-32.922436,0.11986483,11.05930925,76.92355635,376.54114,0.0,,3.7900925,187.21,2,2
289.300,417256483809591,0.07582256,5.4023952,8.274082,-0.038942628,-0.096592985,0.03161225,0.048004765,5.3135023,8.242255,0.0278178,0.088893175,0.031826496,-17.475,-32.625,10.275001,0.0636292,-0.27602655,-0.93368214,0.21906099,153.54916,-32.909897,-0.1443031,11.05930925,76.92355635,376.54114,0.0,,3.7900925,187.23,2,2
289.320,417256503809591,0.19950157,5.3436213,8.207382,-0.053450663,-0.09506582,0.04711294,0.0662796,5.302717,8.249072,0.13322198,0.040904284,-0.04169035,-17.925001,-32.4,11.925,0.0618443,-0.27616113,-0.9336556,0.21951558,153.42224,-32.876522,-0.39301693,11.05930925,76.92355635,376.54114,0.0,,3.7900925,187.25,2,2
289.340,417256523809591,0.293719,5.286642,8.357531,-0.051847145,-0.03367392,0.04634936,0.07794158,5.29305,8.255177,0.2157774,-0.0064074993,0.10235453,-18.75,-32.850002,12.6,0.06033982,-0.27597567,-0.9336922,0.22001441,153.30539,-32.813343,-0.5971855,11.05930925,76.92355635,376.54114,0.0,,3.7900925,187.27,2,2
289.360,417256543809591,0.2899802,5.232505,8.320442,-0.042913247,-0.009315686,0.027259838,0.08580333,5.2845807,8.260522,0.20417687,-0.052075863,0.059920788,-17.7,-32.925003,10.575001,0.06028308,-0.27596214,-0.9336949,0.22003543,153.3008,-32.81019,-0.60475093,11.05930925,76.92355635,376.54114,0.0,,3.7900925,187.29,2,2
289.380,417256563809591,0.3062813,5.2692947,8.118249,-0.06154462,0.004505127,0.010002909,0.08378391,5.271037,8.269192,0.22249739,-0.0017426014,-0.1509428,-17.475,-32.100002,10.575001,0.05880916,-0.27557585,-0.93376905,0.22060454,153.17961,-32.724186,-0.8008245,11.05930925,76.92355635,376.54114,0.0,,3.7900925,187.31,2,2
289.400,417256583809591,0.17407784,5.321189,8.049156,-0.108810276,0.026343541,-0.00679587,0.074078776,5.2452307,8.285678,0.09999907,0.07595825,-0.23652124,-17.325,-32.625,9.375,0.058137458,-0.27504796,-0.93389344,0.22092067,153.12366,-32.64406,-0.88047165,11.05930925,76.92355635,376.54114,0.0,,3.7900925,187.33,2,2
289.420,417256603809591,0.087188475,5.2716875,8.309975,-0.15607592,0.052687082,-0.012751801,0.063955925,5.2150264,8.304806,0.02323255,0.05666113,0.005168438,-17.7,-33.075,9.825001,0.057932004,-0.27384102,-0.9342151,0.22111496,153.11319,-32.49813,-0.8735781,11.05930925,76.92355635,376.54114,0.0,,3.7900925,187.35,2,2
289.440,417256623809591,0.1052842,5.1653566,8.619844,-0.14462222,0.05077813,-0.02832885,0.05907005,5.1949005,8.317446,0.046214145,-0.029544115,0.30239868,-17.925001,-32.850002,11.625,0.057862323,-0.27229604,-0.93465644,0.22117361,153.13171,-32.316906,-0.8330301,11.05930925,76.92355635,376.54114,0.0,,3.7900925,187.37,2,2
289.460,417256643809591,0.046660043,5.193472,8.759077,-0.08002328,-0.0047342014,-0.049632758,0.0558855,5.185996,8.323024,-0.00922546,0.007475853,0.43605328,-18.150002,-33.225002,11.775001,0.057791166,-0.2708938,-0.93511665,0.22096856,153.18257,-32.152508,-0.78742594,11.05930925,76.92355635,376.54114,0.0,,3.7900925,187.39,2,2
289.480,417256663809591,-0.06625128,5.1806107,8.713314,-0.017333288,-0.038484477,-0.051694427,0.052798945,5.183585,8.324546,-0.11905022,-0.0029747486,0.3887682,-18.0,-33.0,10.875,0.057804793,-0.26983497,-0.935517,0.22056782,153.25597,-32.030468,-0.7352776,11.05930925,76.92355635,376.54114,0.0,,3.7900925,187.41,2,2
289.500,417256683809591,-0.123828575,5.183153,8.753095,0.024129156,-0.04711294,-0.0471893,0.05750704,5.1906104,8.320134,-0.18133561,-0.0074574947,0.4329605,-17.025002,-32.775,9.675,0.057840288,-0.26917198,-0.9358368,0.22001456,153.34305,-31.95503,-0.6878238,11.05930925,76.92355635,376.54114,0.0,,3.7900925,187.43,2,2
289.520,417256703809591,-0.0951147,5.3015976,8.74457,0.063682646,-0.08918625,-0.04802924,0.07116583,5.2071104,8.309713,-0.16628054,0.09448719,0.4348569,-18.375,-32.850002,12.225,0.057849765,-0.26900005,-0.93605024,0.21931586,153.4397,-31.93588,-0.65432596,11.05930925,76.92355635,376.54114,0.0,,3.7900925,187.45,2,2
289.540,417256723809591,-0.005383851,5.4496536,8.795418,0.10697769,-0.116140656,-0.029703297,0.093348175,5.23134,8.294261,-0.098732024,0.2183137,0.5011568,-17.1,-33.15,9.525001,0.057762824,-0.26933694,-0.9361342,0.21856622,153.53067,-31.973099,-0.6476355,11.05930925,76.92355635,376.54114,0.0,,3.7900925,187.47,2,2
289.560,417256743809591,0.035443686,5.4459147,8.645268,0.1452331,-0.15210532,-0.01160643,0.11499274,5.2625203,8.2742405,-0.07954905,0.18339443,0.37102795,-16.95,-33.0,9.675,0.057455726,-0.2704294,-0.93600756,0.2178365,153.59789,-32.091972,-0.693954,11.05930925,76.92355635,376.54114,0.0,,3.7900925,187.49,2,2
289.580,417256763809591,0.11021939,5.412714,8.29113,0.16653699,-0.12621993,0.007101302,0.133104,5.293664,8.254078,-0.022884604,0.119050264,0.037052155,-16.95,-32.925003,10.275001,0.05695375,-0.2721184,-0.935667,0.21732078,153.61877,-32.27468,-0.79251117,11.05930925,76.92355635,376.54114,0.0,,3.7900925,187.51,2,2
289.600,417256783809591,0.3034398,5.311618,8.252696,0.18471022,-0.060322892,0.02160934,0.14456533,5.3236427,8.23458,0.15887448,-0.012025118,0.018115997,-17.1,-32.775,11.325001,0.056322385,-0.27398533,-0.9352113,0.21709539,153.5926,-32.47442,-0.92472994,11.05930925,76.92355635,376.54114,0.0,,3.7900925,187.53,2,2
289.620,417256803809591,0.32482567,5.171189,8.17478,0.19700387,-0.02840521,0.0055741407,0.14680043,5.3506474,8.217018,0.17802525,-0.17945862,-0.042238712,-17.325,-32.775,11.85,0.05577148,-0.275716,-0.93477106,0.21694164,153.56157,-32.660564,-1.0455091,11.05930925,76.92355635,376.54114,0.0,,3.7900925,187.55,2,2
289.640,417256823809591,0.14476576,5.208128,8.064411,0.16836959,-0.038179047,-0.0382554,0.14702176,5.3729367,8.202457,-0.0022559874,-0.16480851,-0.13804674,-19.050001,-33.075,14.250001,0.055685375,-0.2773673,-0.9343885,0.21650691,153.58565,-32.850586,-1.094053,11.05930925,76.92355635,376.54114,0.0,,3.7900925,187.57,2,2
289.660,417256843809591,0.034396827,5.3662043,8.003543,0.115758866,-0.061315544,-0.057497643,0.15533762,5.387973,8.192435,-0.12094079,-0.021768808,-0.18889236,-17.775002,-32.7,12.975,0.055765856,-0.2789603,-0.9340553,0.21587692,153.6428,-33.03873,-1.1117688,11.05930925,76.92355635,376.54114,0.0,,3.7900925,187.59,2,2
289.680,417256863809591,0.16420746,5.364559,8.028667,0.07841976,-0.06803506,-0.030619595,0.16565189,5.397138,8.186198,-0.0014444292,-0.032579184,-0.15753031,-17.85,-32.625,13.05,0.055491287,-0.28036684,-0.9337672,0.21537334,153.67375,-33.1955,-1.1733224,11.05930925,76.92355635,376.54114,0.0,,3.7900925,187.61,2,2
289.700,417256883809591,0.31809586,5.2070813,8.06456,0.07116574,-0.04360047,-0.020005818,0.17091075,5.4053593,8.180664,0.14718512,-0.19827795,-0.116104126,-18.300001,-33.0,13.650001,0.055000838,-0.2813607,-0.9335809,0.21501498,153.68515,-33.298294,-1.254436,11.05930925,76.92355635,376.54114,0.0,,3.7900925,187.63,2,2
289.720,417256903809591,0.389731,5.172086,8.096863,0.07483093,-0.017104212,-0.046883866,0.16189839,5.4218426,8.169933,0.2278326,-0.24975657,-0.07307005,-18.225,-32.550003,12.225,0.054579064,-0.2822109,-0.93344235,0.21461265,153.70758,-33.386353,-1.3203036,11.05930925,76.92355635,376.54114,0.0,,3.7900925,187.65,2,2
289.740,417256923809591,0.21924236,5.3110194,7.5085278,0.051388994,0.014202604,-0.081626795,0.13998044,5.423654,8.169136,0.079261936,-0.11263466,-0.66060805,-16.95,-32.7,10.05,0.054679777,-0.28302497,-0.9333193,0.21405154,153.77101,-33.484673,-1.311991,11.05930925,76.92355635,376.54114,0.0,,3.7900925,187.67,2,2
289.760,417256943809591,0.08135597,5.409424,7.6494055,-0.038179044,0.06116283,-0.09193514,0.118787974,5.408622,8.17943,-0.037432007,8.022785E-4,-0.5300245,-16.800001,-32.7,9.675,0.055224087,-0.28337038,-0.9333368,0.213379,153.87494,-33.54057,-1.2268045,11.05930925,76.92355635,376.54114,0.0,,3.7900925,187.69,2,2
289.780,417256963809591,-0.040378883,5.374728,7.996664,-0.10522145,0.037720896,-0.08804088,0.10251181,5.389016,8.192581,-0.14289069,-0.01428771,-0.19591737,-18.150002,-33.225002,12.825001,0.055946153,-0.28298572,-0.93358046,0.2126336,154.00938,-33.516144,-1.0916554,11.05930925,76.92355635,376.54114,0.0,,3.7900925,187.71,2,2
289.800,417256983809591,-0.12053844,5.3406305,8.343325,-0.09873101,0.0056504984,-0.07078395,0.08708506,5.3827467,8.196879,-0.2076235,-0.042116165,0.1464448,-18.525002,-32.775,13.575001,0.056595903,-0.28223363,-0.9339381,0.2118882,154.14798,-33.446728,-0.95381886,11.05930925,76.92355635,376.54114,0.0,,3.7900925,187.73,2,2
289.820,417257003809591,-0.19037895,5.3333025,7.97139,-0.05322159,0.0014508031,-0.052992515,0.06825407,5.379453,8.199221,-0.25863302,-0.046150684,-0.22783113,-18.300001,-32.925003,13.950001,0.057397198,-0.28162032,-0.9342285,0.21120696,154.2805,-33.397263,-0.8040836,11.05930925,76.92355635,376.54114,0.0,,3.7900925,187.75,2,2
289.840,417257023809591,-0.089730844,5.466852,8.303693,-0.02321286,0.053450666,-0.04207331,0.056357034,5.3759933,8.20158,-0.14608788,0.0908587,0.10211277,-18.675001,-33.375,13.35,0.05790114,-0.28131014,-0.9343602,0.21089935,154.34605,-33.374744,-0.7173545,11.05930925,76.92355635,376.54114,0.0,,3.7900925,187.77,2,2
289.860,417257043809591,-0.1736292,5.4053864,8.455038,-0.0016035199,0.0037415465,-0.031383175,0.056102093,5.373247,8.203381,-0.22973129,0.0321393,0.25165796,-18.075,-33.225002,13.35,0.057945013,-0.28128085,-0.9343727,0.21087076,154.35204,-33.37251,-0.7096592,11.05930925,76.92355635,376.54114,0.0,,3.7900925,187.79,2,2
289.880,417257063809591,-0.11380863,5.36755,8.23475,-0.012980876,-0.040011637,-0.009926552,0.05898279,5.3664556,8.207806,-0.17279142,0.0010943413,0.02694416,-18.45,-33.15,13.200001,0.058604382,-0.28082466,-0.9345769,0.21038795,154.44934,-33.337093,-0.591426,11.05930925,76.92355635,376.54114,0.0,,3.7900925,187.81,2,2
289.900,417257083809591,0.0038883367,5.4004507,8.208429,-0.04589121,-0.032910336,-0.006261363,0.059173007,5.35568,8.214839,-0.05528467,0.044770956,-0.006410122,-16.95,-33.15,11.925,0.059548967,-0.28018585,-0.9348701,0.20967117,154.59172,-33.287895,-0.42172143,11.05930925,76.92355635,376.54114,0.0,,3.7900925,187.83,2,2
289.920,417257103809591,0.021385852,5.410172,8.27483,-0.06734784,-0.0160352,-0.010690133,0.06192676,5.345942,8.221159,-0.040540908,0.064229965,0.053670406,-16.875,-33.15,10.05,0.060038112,-0.27937222,-0.9351896,0.20919424,154.68806,-33.206028,-0.3144574,11.05930925,76.92355635,376.54114,0.0,,3.7900925,187.85,2,2
289.940,417257123809591,-0.013908282,5.4046383,8.346614,-0.05558869,-0.038560838,-0.009544762,0.064813435,5.3409476,8.224382,-0.07872172,0.0636909,0.12223148,-18.075,-33.15,12.450001,0.060339894,-0.27855983,-0.9355051,0.20878206,154.7686,-33.119293,-0.23396592,11.05930925,76.92355635,376.54114,0.0,,3.7900925,187.87,2,2
289.960,417257143809591,-0.017946169,5.3277693,8.245218,-0.026343541,-0.037033673,-0.0039706207,0.063043326,5.3385797,8.225933,-0.080989495,-0.010810614,0.019284725,-18.150002,-32.7,13.275001,0.06034772,-0.27852488,-0.9355181,0.20876789,154.7714,-33.115425,-0.23130782,11.05930925,76.92355635,376.54114,0.0,,3.7900925,187.89,2,2
289.980,417257163809591,-0.006131608,5.3159547,8.272436,-0.006719512,-0.008475748,-0.0074830926,0.060852803,5.337418,8.226704,-0.06698441,-0.021463394,0.045732975,-17.925001,-33.225002,13.35,0.060356468,-0.27850118,-0.93552685,0.2087578,154.77347,-33.112892,-0.22904794,11.05930925,76.92355635,376.54114,0.0,,3.7900925,187.91,2,2
290.000,417257183809591,-0.017647067,5.3134127,8.22772,-0.0035888301,-0.010231985,-0.011224639,0.06244266,5.333765,8.229061,-0.080089726,-0.020352602,-0.0013403893,-17.025002,-32.775,11.775001,0.060375385,-0.27844974,-0.93554586,0.20873556,154.77803,-33.107388,-0.22413911,11.05930925,76.92355635,376.54114,0.0,,3.7900925,187.93,2,2
290.020,417257203809591,0.059222363,5.302196,8.318798,-0.009010255,-0.01160643,-0.0020616683,0.06629431,5.330254,8.231306,-0.0070719514,-0.028058052,0.08749151,-17.475,-33.375,11.700001,0.06037971,-0.27839053,-0.93556744,0.20871624,154.7818,-33.100597,-0.22096388,11.05930925,76.92355635,376.54114,0.0,,3.7900925,187.95,2,2
290.040,417257223809591,0.070737824,5.280212,8.416754,0.0034361142,-0.024358232,-0.0030543236,0.073694564,5.334164,8.228709,-0.0029567443,-0.053952217,0.18804455,-17.025002,-32.850002,10.725,0.06020573,-0.27752614,-0.93589205,0.20845863,154.82495,-32.995274,-0.20585082,11.05930925,76.92355635,376.54114,0.0,,3.7900925,187.97,2,2
290.060,417257243809591,0.017198412,5.362465,8.342278,0.029856015,-0.06276635,-0.010079268,0.08206659,5.34672,8.220476,-0.064868174,0.015744925,0.1218009,-17.550001,-32.925003,12.750001,0.05990922,-0.27680197,-0.93623185,0.20798363,154.89049,-32.90324,-0.20218419,11.05930925,76.92355635,376.54114,0.0,,3.7900925,187.99,2,2
290.080,417257263809591,-0.040677983,5.479863,8.04138,0.03940077,-0.07559451,0.0,0.08707591,5.356306,8.214182,-0.1277539,0.12355685,-0.17280221,-17.625,-33.15,13.200001,0.059752926,-0.27677298,-0.93629783,0.20777212,154.91376,-32.895866,-0.21278693,11.05930925,76.92355635,376.54114,0.0,,3.7900925,188.01,2,2
290.100,417257283809591,0.05518447,5.4967623,7.8913794,0.0074067344,-0.023365576,0.020158537,0.08480738,5.353672,8.215923,-0.02962291,0.14309025,-0.3245437,-17.775002,-33.15,13.275001,0.059741475,-0.27678862,-0.936296,0.20776324,154.91428,-32.897396,-0.21437737,11.05930925,76.92355635,376.54114,0.0,,3.7900925,188.03,2,2
290.120,417257303809591,0.085244305,5.392226,8.008179,-0.040622503,0.030314162,0.024969095,0.08089899,5.3404984,8.224532,0.0043453127,0.051727533,-0.21635294,-18.300001,-33.525,14.625001,0.059448116,-0.27711388,-0.9362177,0.20776927,154.89743,-32.927734,-0.26203933,11.05930925,76.92355635,376.54114,0.0,,3.7900925,188.05,2,2
290.140,417257323809591,0.1108176,5.261219,8.199605,-0.07002036,0.042226024,0.018936805,0.0781757,5.3260927,8.233894,0.0326419,-0.064873934,-0.03428936,-16.5,-33.0,10.650001,0.059116203,-0.27681196,-0.9362843,0.20796798,154.8641,-32.883865,-0.30272123,11.05930925,76.92355635,376.54114,0.0,,3.7900925,188.07,2,2
290.160,417257343809591,0.09661022,5.2127643,8.255687,-0.068264134,0.022983786,0.004123337,0.07393285,5.3146334,8.241335,0.022677366,-0.10186911,0.014351845,-18.45,-33.225002,12.900001,0.058751415,-0.27612317,-0.9364631,0.2081812,154.83432,-32.794003,-0.33604094,11.05930925,76.92355635,376.54114,0.0,,3.7900925,188.09,2,2
290.180,417257363809591,0.05608178,5.27079,8.242676,-0.062537275,0.018936805,-0.004505127,0.06417557,5.3024707,8.249248,-0.008093789,-0.031680584,-0.0065717697,-17.475,-33.075,12.6,0.05881464,-0.27540308,-0.93665224,0.20826654,154.8375,-32.711697,-0.3089358,11.05930925,76.92355635,376.54114,0.0,,3.7900925,188.11,2,2
290.200,417257383809591,-0.015104693,5.3343496,8.355288,-0.067882344,0.04161516,-8.39939E-4,0.05728371,5.2894816,8.257631,-0.0723884,0.044867754,0.09765673,-18.375,-33.375,13.275001,0.0591999,-0.27450308,-0.9368774,0.20833133,154.85777,-32.616802,-0.23461983,11.05930925,76.92355635,376.54114,0.0,,3.7900925,188.13,2,2
290.220,417257403809591,-0.006131608,5.3370414,8.535198,-0.059024803,0.039629847,0.017791435,0.06365781,5.280522,8.263318,-0.069789425,0.05651951,0.27188015,-16.650002,-33.075,12.0,0.05940024,-0.27349514,-0.93711364,0.20853642,154.85442,-32.50453,-0.18600456,11.05930925,76.92355635,376.54114,0.0,,3.7900925,188.15,2,2
290.240,417257423809591,0.12023933,5.2903814,8.518299,-0.031306818,-0.0012980872,0.039706208,0.076324,5.2774177,8.265193,0.043915335,0.012963772,0.25310612,-17.25,-32.850002,10.8,0.059387356,-0.27346167,-0.9371207,0.20855226,154.85242,-32.500294,-0.1872202,11.05930925,76.92355635,376.54114,0.0,,3.7900925,188.17,2,2
290.260,417257443809591,0.23285155,5.271538,8.329117,-0.0115300715,-0.024281874,0.031001385,0.083083615,5.2767076,8.265582,0.14976794,-0.0051698685,0.06353426,-17.1,-33.075,11.85,0.05935543,-0.27343366,-0.9371257,0.2085756,154.84863,-32.496197,-0.19130987,11.05930925,76.92355635,376.54114,0.0,,3.7900925,188.19,2,2
290.280,417257463809591,0.25259233,5.315506,8.2682495,-0.009392045,4.5814854E-4,0.01000291,0.084043056,5.2744594,8.267007,0.16854928,0.04104662,0.0012426376,-16.35,-32.7,10.125,0.059311993,-0.2734123,-0.9371284,0.20860378,154.84369,-32.492573,-0.19725156,11.05930925,76.92355635,376.54114,0.0,,3.7900925,188.21,2,2
290.300,417257483809591,0.19576281,5.34093,8.35783,-0.014584394,0.015958842,-0.0013744456,0.08578596,5.270697,8.269388,0.10997684,0.07023263,0.08844185,-17.7,-32.850002,10.650001,0.059258733,-0.27339578,-0.93712944,0.20863542,154.83786,-32.489254,-0.20472391,11.05930925,76.92355635,376.54114,0.0,,3.7900925,188.23,2,2
290.320,417257503809591,0.15299109,5.338238,8.400453,-0.020234894,-4.5814854E-4,-0.0055741407,0.09175883,5.2678123,8.271162,0.06123226,0.07042551,0.12929058,-17.475,-32.7,12.375001,0.0591911,-0.27338275,-0.93713,0.20866896,154.8312,-32.485966,-0.21419886,11.05930925,76.92355635,376.54114,0.0,,3.7900925,188.25,2,2
290.340,417257523809591,0.18708882,5.3343496,8.356335,-0.019089524,-0.02275471,-0.009850194,0.09309605,5.2666845,8.271865,0.09399278,0.06766486,0.08447027,-18.075,-32.850002,13.35,0.059110094,-0.2733773,-0.93712914,0.20870176,154.82404,-32.483208,-0.2255747,11.05930925,76.92355635,376.54114,0.0,,3.7900925,188.27,2,2
290.360,417257543809591,0.15837495,5.334798,8.347362,-0.009850193,-0.00679587,-0.018555015,0.08763026,5.266922,8.271774,0.07074469,0.0678761,0.07558727,-17.85,-33.15,12.825001,0.05902997,-0.27338064,-0.9371267,0.20873038,154.81734,-32.481503,-0.23694812,11.05930925,76.92355635,376.54114,0.0,,3.7900925,188.29,2,2
290.380,417257563809591,0.055782676,5.339584,8.3682995,-5.3450663E-4,0.010537417,-0.024358232,0.0836983,5.2671833,8.271648,-0.027915625,0.07240057,0.0966506,-16.125,-32.850002,9.6,0.058969237,-0.27338558,-0.93712467,0.20875023,154.81245,-32.48049,-0.24557054,11.05930925,76.92355635,376.54114,0.0,,3.7900925,188.31,2,2
290.400,417257583809591,0.024675984,5.3485565,8.359924,-0.0022907425,-0.0014508038,-0.020158537,0.07991599,5.2665877,8.272064,-0.05524001,0.08196902,0.08786011,-17.625,-33.0,11.175,0.05892437,-0.2733922,-0.937123,0.20876156,154.80925,-32.480095,-0.2519027,11.05930925,76.92355635,376.54114,0.0,,3.7900925,188.33,2,2
290.420,417257603809591,-0.031256247,5.3428736,8.344221,-0.008170316,-0.009468403,-0.014660753,0.07818578,5.2653213,8.272887,-0.109442025,0.07755256,0.07133436,-17.175001,-33.375,11.400001,0.058907364,-0.27339503,-0.93712264,0.20876439,154.80821,-32.479977,-0.25425547,11.05930925,76.92355635,376.54114,0.0,,3.7900925,188.35,2,2
290.440,417257623809591,0.0058325054,5.341976,8.3914795,-0.0077885254,-0.0045814854,0.0,0.08358665,5.264416,8.273411,-0.07775414,0.07756019,0.118068695,-16.5,-32.550003,9.75,0.05889295,-0.27339473,-0.9371232,0.2087663,154.80746,-32.47957,-0.25614694,11.05930925,76.92355635,376.54114,0.0,,3.7900925,188.37,2,2
290.460,417257643809591,0.15672988,5.2773705,8.384899,0.0031306818,-0.012370011,0.008170316,0.087163486,5.266415,8.2721,0.0695664,0.010955334,0.11279869,-18.075,-33.225002,12.450001,0.058852766,-0.27339327,-0.93712455,0.20877334,154.80513,-32.47835,-0.26146853,11.05930925,76.92355635,376.54114,0.0,,3.7900925,188.39,2,2
290.480,417257663809591,0.20488545,5.2010994,8.326425,0.026496258,-0.001756236,-0.006566796,0.08555161,5.2720084,8.268555,0.11933383,-0.07090926,0.05786991,-17.550001,-32.925003,12.900001,0.058800712,-0.27339438,-0.9371256,0.2087816,154.80217,-32.47712,-0.26841983,11.05930925,76.92355635,376.54114,0.0,,3.7900925,188.41,2,2
290.500,417257683809591,0.1058824,5.246563,8.219794,0.03237583,-0.0066431537,-0.032223113,0.08063895,5.2762904,8.265872,0.025243446,-0.029727697,-0.04607773,-18.075,-33.375,13.125001,0.0587537,-0.27340883,-0.93712443,0.20878121,154.80032,-32.47758,-0.27481145,11.05930925,76.92355635,376.54114,0.0,,3.7900925,188.43,2,2
290.520,417257703809591,0.0014955141,5.3165526,8.159376,0.009544761,-0.012140936,-0.039935283,0.075923495,5.2761793,8.265988,-0.07442798,0.040373325,-0.10661268,-18.150002,-32.850002,13.500001,0.058719933,-0.27343166,-0.93712234,0.2087702,154.80022,-32.47936,-0.27937028,11.05930925,76.92355635,376.54114,0.0,,3.7900925,188.45,2,2
290.540,417257723809591,0.009272188,5.323432,8.245816,-0.009544762,6.872228E-4,-0.02199113,0.07661935,5.2751,8.266669,-0.06734716,0.048331976,-0.020853043,-18.075,-32.850002,12.6,0.058700804,-0.27345616,-0.93712056,0.20875187,154.80157,-32.481728,-0.28184107,11.05930925,76.92355635,376.54114,0.0,,3.7900925,188.47,2,2
290.560,417257743809591,0.025722843,5.2947183,8.23445,-0.012446368,-0.021914773,-0.011759146,0.082452215,5.2763405,8.265822,-0.056729373,0.01837778,-0.03137207,-17.475,-33.075,11.925,0.05868747,-0.27348635,-0.93711805,0.20872712,154.80391,-32.4849,-0.2835044,11.05930925,76.92355635,376.54114,0.0,,3.7900925,188.49,2,2
290.580,417257763809591,0.059820563,5.361867,8.156834,-0.01519526,-0.04634936,-0.010842849,0.09150069,5.279132,8.263945,-0.03168013,0.08273482,-0.10711098,-17.625,-33.225002,12.900001,0.05866601,-0.2735282,-0.9371136,0.20869826,154.8063,-32.489223,-0.28640023,11.05930925,76.92355635,376.54114,0.0,,3.7900925,188.51,2,2
290.600,417257783809591,0.1428216,5.4010496,8.094919,-0.016646063,-0.048181955,-0.007101302,0.09596597,5.2803073,8.263144,0.046855632,0.12074208,-0.16822481,-16.725,-32.850002,10.950001,0.058632925,-0.27358094,-0.937107,0.20866789,154.8083,-32.494514,-0.2910482,11.05930925,76.92355635,376.54114,0.0,,3.7900925,188.53,2,2
290.620,417257803809591,0.16316059,5.3359947,8.079664,-0.018020509,-0.01481347,-0.0030543236,0.092731304,5.2764535,8.265641,0.07042929,0.059540987,-0.1859765,-17.775002,-33.525,13.200001,0.058591712,-0.27364096,-0.93709826,0.20863944,154.80963,-32.50044,-0.29702896,11.05930925,76.92355635,376.54114,0.0,,3.7900925,188.55,2,2
290.640,417257823809591,0.117547415,5.299803,8.223982,-0.03039052,0.017867792,-0.010308342,0.088272765,5.268004,8.271078,0.02927465,0.031799078,-0.047096252,-16.875,-32.850002,10.575001,0.05854558,-0.27368715,-0.9370935,0.2086131,154.81073,-32.50462,-0.30328512,11.05930925,76.92355635,376.54114,0.0,,3.7900925,188.57,2,2
290.660,417257843809591,0.081954174,5.2845488,8.39462,-0.041767873,0.01397353,-0.017715078,0.08797751,5.25978,8.276314,-0.00602334,0.02476883,0.11830616,-17.7,-32.925003,13.500001,0.05849935,-0.27371094,-0.93709546,0.20858572,154.81235,-32.5062,-0.30881712,11.05930925,76.92355635,376.54114,0.0,,3.7900925,188.59,2,2
290.680,417257863809591,0.09092726,5.252694,8.439635,-0.033368487,-0.0061850054,-0.013133591,0.08984197,5.2535553,8.280247,0.0010852925,-8.609295E-4,0.15938854,-17.1,-33.375,12.075001,0.05844733,-0.27371606,-0.9371035,0.20855741,154.81421,-32.505447,-0.31446669,11.05930925,76.92355635,376.54114,0.0,,3.7900925,188.61,2,2
290.700,417257883809591,0.09705886,5.2660046,8.413164,-0.027030762,-0.021380264,-0.018096868,0.089927666,5.247154,8.284303,0.0071312003,0.018850327,0.12886143,-17.625,-33.300003,12.900001,0.058389593,-0.2737036,-0.93711776,0.20852576,154.81662,-32.502502,-0.3201651,11.05930925,76.92355635,376.54114,0.0,,3.7900925,188.63,2,2
290.720,417257903809591,0.061016977,5.3147583,8.470143,-0.031306818,-0.02359465,-0.026496258,0.094474904,5.2418127,8.287633,-0.033457927,0.072945595,0.18251038,-17.925001,-33.375,13.875001,0.057164222,-0.27304068,-0.93757653,0.20766596,154.8995,-32.393784,-0.42144123,11.05930925,76.92355635,376.54114,0.0,,3.7900925,188.65,2,2
290.740,417257923809591,0.06041877,5.3216376,8.494072,-0.024892736,-0.04802924,-0.021456623,0.10642582,5.240736,8.28817,-0.046007052,0.08090162,0.2059021,-17.025002,-33.45,11.1,0.056144815,-0.27244425,-0.93794096,0.20708205,154.95184,-32.29824,-0.50943893,11.05930925,76.92355635,376.54114,0.0,,3.7900925,188.67,2,2
290.760,417257943809591,0.17647067,5.307131,8.442476,-0.0020616688,-0.064751655,-0.011453713,0.1169274,5.244419,8.285698,0.059543274,0.062711954,0.15677881,-16.95,-32.925003,11.325001,0.055015683,-0.2722868,-0.93813527,0.20671324,154.96426,-32.250957,-0.6332048,11.05930925,76.92355635,376.54114,0.0,,3.7900925,188.69,2,2
290.780,417257963809591,0.18320048,5.3035417,8.326874,0.017027855,-0.06116283,-0.018325942,0.122945115,5.249624,8.282313,0.06025537,0.053917885,0.044559956,-16.95,-33.0,10.5,0.05404743,-0.272584,-0.93817836,0.20638306,154.96939,-32.260788,-0.75218666,11.05930925,76.92355635,376.54114,0.0,,3.7900925,188.71,2,2
290.800,417257983809591,0.16196418,5.339883,8.261969,0.015806124,-0.04558578,-0.027488913,0.12783644,5.2518964,8.280799,0.03412775,0.08798647,-0.018830776,-17.775002,-33.225002,13.500001,0.05366251,-0.2728505,-0.93816304,0.2062018,154.97551,-32.282024,-0.8021786,11.05930925,76.92355635,376.54114,0.0,,3.7900925,188.73,2,2
290.820,417258003809591,0.14700904,5.356632,8.327023,0.0023671007,-0.04169152,-0.025350887,0.1345335,5.2533593,8.279766,0.01247555,0.10327315,0.047256947,-17.475,-33.075,11.925,0.053357184,-0.2732722,-0.93812525,0.20589401,154.99852,-32.323494,-0.8420513,11.05930925,76.92355635,376.54114,0.0,,3.7900925,188.75,2,2
290.840,417258023809591,0.11889337,5.3036914,8.327322,0.0053450665,-0.058948446,-0.024434589,0.14318931,5.2606187,8.275009,-0.024295937,0.0430727,0.052312374,-18.075,-33.225002,12.975,0.05298132,-0.27400184,-0.93806034,0.20531738,155.04955,-32.3993,-0.89003056,11.05930925,76.92355635,376.54114,0.0,,3.7900925,188.77,2,2
290.860,417258043809591,0.15867406,5.2906804,8.07443,0.020234894,-0.058184866,-0.01557705,0.13895223,5.265811,8.271778,0.019721828,0.024869442,-0.1973474,-16.875,-33.0,12.375001,0.052786935,-0.27442595,-0.9380024,0.20506604,155.06883,-32.443928,-0.91810805,11.05930925,76.92355635,376.54114,0.0,,3.7900925,188.79,2,2
290.880,417258063809591,0.22821546,5.3289657,7.9223366,-0.010155626,0.03237583,-0.018631374,0.1262682,5.2580614,8.276909,0.10194727,0.070904255,-0.3545723,-17.175001,-32.925003,11.55,0.052559882,-0.27507442,-0.937893,0.20475803,155.09058,-32.513943,-0.9551075,11.05930925,76.92355635,376.54114,0.0,,3.7900925,188.81,2,2
290.900,417258083809591,0.21281165,5.1625147,8.191978,-0.040775217,0.06627882,-0.04321868,0.11401614,5.2474093,8.283845,0.09879552,-0.08489466,-0.09186697,-15.900001,-33.600002,9.900001,0.052602902,-0.274976,-0.93797755,0.20449416,155.12912,-32.503872,-0.9363137,11.05930925,76.92355635,376.54114,0.0,,3.7900925,188.83,2,2
290.920,417258103809591,0.08853444,5.1529436,8.3349495,-0.046196647,0.03168861,-0.057803072,0.113853626,5.2412844,8.287723,-0.025319189,-0.08834076,0.04722643,-16.725,-32.925003,11.1,0.05274632,-0.27441856,-0.9382114,0.20413253,155.19217,-32.442963,-0.88678074,11.05930925,76.92355635,376.54114,0.0,,3.7900925,188.85,2,2
290.940,417258123809591,0.086141616,5.2313085,8.4785185,-0.018555017,-0.038179047,-0.052687082,0.122842595,5.252765,8.280323,-0.03670098,-0.021456718,0.19819546,-16.425001,-33.45,11.175,0.052658346,-0.27403855,-0.9384298,0.20366168,155.25848,-32.39688,-0.86792725,11.05930925,76.92355635,376.54114,0.0,,3.7900925,188.87,2,2
290.960,417258143809591,0.098255284,5.2906804,8.220093,0.057115853,-0.0736092,-0.023289219,0.12740894,5.2659802,8.271856,-0.029153652,0.024700165,-0.051763058,-16.725,-33.45,11.1,0.05256573,-0.2744007,-0.93842465,0.20322166,155.30765,-32.43713,-0.8737727,11.05930925,76.92355635,376.54114,0.0,,3.7900925,188.89,2,2
290.980,417258163809591,0.14611173,5.249105,8.127821,0.068340495,-0.02596175,-0.004276053,0.12763408,5.2704086,8.269032,0.018477656,-0.021303654,-0.14121103,-17.1,-33.375,12.375001,0.05250099,-0.27477047,-0.93835706,0.20305051,155.32178,-32.478718,-0.88673204,11.05930925,76.92355635,376.54114,0.0,,3.7900925,188.91,2,2
291.000,417258183809591,0.06669993,5.259125,8.030014,0.0058032153,-0.027030764,-0.02160934,0.12829357,5.2545185,8.279129,-0.061593644,0.004606724,-0.24911547,-17.775002,-33.15,14.325001,0.05258222,-0.27510208,-0.93831927,0.20275438,155.35841,-32.51971,-0.8751252,11.05930925,76.92355635,376.54114,0.0,,3.7900925,188.93,2,2
291.020,417258203809591,0.04531408,5.265855,8.280811,-0.096974775,-0.036651883,-0.024816379,0.13246271,5.223329,8.298776,-0.08714863,0.04252577,-0.017964363,-17.325,-33.225002,12.750001,0.052587878,-0.2749079,-0.93849,0.20222585,155.43251,-32.497704,-0.8478764,11.05930925,76.92355635,376.54114,0.0,,3.7900925,188.95,2,2
291.040,417258223809591,-0.038733818,5.2212887,8.496614,-0.16867502,-0.07994692,-0.031077743,0.14491312,5.189359,8.319852,-0.18364693,0.031929255,0.1767621,-15.450001,-33.75,9.825001,0.052254748,-0.27388617,-0.938924,0.20167914,155.51112,-32.370636,-0.83767384,11.05930925,76.92355635,376.54114,0.0,,3.7900925,188.97,2,2
291.060,417258243809591,-0.04546363,5.229065,8.590981,-0.18448114,-0.13019055,-0.0264199,0.16162063,5.1647267,8.334858,-0.20708427,0.064338446,0.25612307,-15.6,-33.300003,10.275001,0.051559318,-0.2724475,-0.9395036,0.2010996,155.58826,-32.185894,-0.8596713,11.05930925,76.92355635,376.54114,0.0,,3.7900925,188.99,2,2
291.080,417258263809591,0.026171498,5.2586765,8.583204,-0.13858993,-0.1386663,-0.017486002,0.16893934,5.155517,8.340413,-0.14276785,0.10315943,0.24279118,-16.650002,-33.375,12.225,0.050817423,-0.27107054,-0.9400658,0.20051739,155.663,-32.00733,-0.8895792,11.05930925,76.92355635,376.54114,0.0,,3.7900925,189.01,2,2
291.100,417258283809591,0.022283161,5.286044,8.491529,-0.0608574,-0.07994692,-0.009468403,0.16795935,5.158408,8.338645,-0.14567618,0.12763596,0.15288448,-17.025002,-33.300003,13.125001,0.050569497,-0.2705527,-0.940288,0.2002394,155.70003,-31.941078,-0.8947154,11.05930925,76.92355635,376.54114,0.0,,3.7900925,189.03,2,2
291.120,417258303809591,0.016301105,5.3656054,8.465358,-0.0019089519,-0.019700387,0.00962112,0.17336799,5.166661,8.333425,-0.15706688,0.1989448,0.13193321,-16.650002,-33.600002,12.3,0.05056457,-0.27053475,-0.94029737,0.20022115,155.70258,-31.938887,-0.8941039,11.05930925,76.92355635,376.54114,0.0,,3.7900925,189.05,2,2
291.140,417258323809591,0.053539407,5.359025,8.418398,0.029168792,-0.032910336,0.038713552,0.18835878,5.173791,8.328673,-0.13481937,0.18523431,0.08972502,-17.475,-33.45,12.975,0.050453316,-0.2705641,-0.94036394,0.19990349,155.74051,-31.939877,-0.8969731,11.05930925,76.92355635,376.54114,0.0,,3.7900925,189.07,2,2
291.160,417258343809591,0.1375873,5.246712,8.248059,0.025809035,-0.059101164,0.0646753,0.2059908,5.1732254,8.328607,-0.06840351,0.073486805,-0.08054733,-17.1,-33.375,11.85,0.049964204,-0.27092513,-0.9402722,0.19997151,155.70853,-31.969622,-0.97226024,11.05930925,76.92355635,376.54114,0.0,,3.7900925,189.09,2,2
291.180,417258363809591,0.2989533,5.149354,8.325975,0.001756236,-0.04321868,0.069027714,0.2200625,5.1666994,8.332297,0.078890786,-0.01734519,-0.00632143,-16.725,-33.225002,11.700001,0.04914078,-0.271079,-0.9401969,0.20032112,155.63097,-31.966492,-1.0942845,11.05930925,76.92355635,376.54114,0.0,,3.7900925,189.11,2,2
291.200,417258383809591,0.328714,5.05409,8.405687,-0.014049889,-0.029321507,0.052305292,0.22808439,5.1584525,8.337189,0.10062963,-0.10436249,0.068498135,-17.1,-33.525,12.975,0.048264615,-0.2709245,-0.94019616,0.20074587,155.54692,-31.925909,-1.2164102,11.05930925,76.92355635,376.54114,0.0,,3.7900925,189.13,2,2
291.220,417258403809591,0.26051855,5.0428734,8.412566,-0.024434589,-0.022449277,0.030314162,0.23380643,5.14947,8.342583,0.026712134,-0.10659623,0.06998348,-16.425001,-33.75,10.5,0.048230622,-0.27090484,-0.94020003,0.20076251,155.54387,-31.922743,-1.220735,11.05930925,76.92355635,376.54114,0.0,,3.7900925,189.15,2,2
291.240,417258423809591,0.22612174,5.078018,8.425727,-0.03474293,-0.02038761,0.024740022,0.24250886,5.139322,8.34859,-0.01638712,-0.061303377,0.07713699,-16.725,-33.675003,12.3,0.047196906,-0.27007854,-0.94038403,0.20125538,155.4571,-31.799767,-1.3445907,11.05930925,76.92355635,376.54114,0.0,,3.7900925,189.17,2,2
291.260,417258443809591,0.2914757,5.043023,8.473135,-0.03390299,-0.023594651,0.029932372,0.24967407,5.133836,8.351753,0.041801646,-0.090812445,0.12138128,-17.1,-33.525,12.900001,0.046710238,-0.26965308,-0.94048077,0.20148695,155.4171,-31.737617,-1.4016358,11.05930925,76.92355635,376.54114,0.0,,3.7900925,189.19,2,2
291.280,417258463809591,0.2943172,5.0078783,8.4683485,-0.0027488912,-0.015806125,0.029016074,0.25945258,5.1357193,8.350296,0.034864604,-0.12784076,0.11805248,-18.075,-33.375,13.650001,0.046666097,-0.26961714,-0.94048846,0.20150895,155.41328,-31.73228,-1.4069252,11.05930925,76.92355635,376.54114,0.0,,3.7900925,189.21,2,2
291.300,417258483809591,0.33798617,5.0395837,8.285747,0.020540327,-0.023671009,0.029016074,0.27226382,5.137574,8.348748,0.06572236,-0.09799051,-0.06300163,-16.275002,-33.375,11.55,0.046603743,-0.26958978,-0.94049317,0.20153792,155.4078,-31.727468,-1.4150355,11.05930925,76.92355635,376.54114,0.0,,3.7900925,189.23,2,2
291.320,417258503809591,0.40214378,5.0566325,8.067252,-0.0012980876,-0.034666575,0.022143845,0.27879393,5.131138,8.352489,0.12334983,-0.07450533,-0.2852373,-16.5,-33.45,10.8,0.04652567,-0.2695727,-0.9404948,0.20157033,155.40111,-31.723452,-1.4255729,11.05930925,76.92355635,376.54114,0.0,,3.7900925,189.25,2,2
291.340,417258523809591,0.35623145,5.1043396,8.123035,-0.054519676,-0.020998474,0.0015271618,0.27921587,5.118156,8.360437,0.07701559,-0.013816595,-0.23740244,-16.800001,-33.300003,12.0,0.044609744,-0.26923648,-0.9405298,0.20228006,155.24742,-31.6344,-1.6832088,11.05930925,76.92355635,376.54114,0.0,,3.7900925,189.27,2,2
291.360,417258543809591,0.30403805,5.1548877,8.334799,-0.08475748,-6.108647E-4,-0.004963276,0.27662534,5.1028066,8.3699,0.027412698,0.052081108,-0.03510046,-17.1,-33.525,12.450001,0.04350188,-0.2688151,-0.94061315,0.20269777,155.16205,-31.556389,-1.8251388,11.05930925,76.92355635,376.54114,0.0,,3.7900925,189.29,2,2
291.380,417258563809591,0.33768708,5.105835,8.514411,-0.077885255,0.03359756,0.010995565,0.27132702,5.088,8.379082,0.06636007,0.017834902,0.13532925,-17.400002,-33.600002,12.900001,0.04279908,-0.26799667,-0.9407937,0.20309564,155.1004,-31.442577,-1.9027518,11.05930925,76.92355635,376.54114,0.0,,3.7900925,189.31,2,2
291.400,417258583809591,0.3100201,5.0768223,8.743673,-0.052992515,0.043447755,0.009850194,0.26919064,5.0800896,8.38395,0.04082945,-0.0032675266,0.3597226,-16.5,-33.300003,10.725,0.042596273,-0.26749727,-0.9409068,0.20327385,155.07904,-31.379044,-1.91922,11.05930925,76.92355635,376.54114,0.0,,3.7900925,189.33,2,2
291.420,417258603809591,0.16076776,5.1478586,8.734401,-0.025885392,-0.0104610585,6.872228E-4,0.27766556,5.077261,8.385386,-0.116897784,0.07059789,0.34901428,-17.025002,-33.75,11.55,0.042591024,-0.26745224,-0.94091845,0.20328042,155.0788,-31.37367,-1.9187139,11.05930925,76.92355635,376.54114,0.0,,3.7900925,189.35,2,2
291.440,417258623809591,0.20548365,5.1755257,8.559277,-0.015500692,-0.058032148,0.012522727,0.2852777,5.0743713,8.38688,-0.07979405,0.101154566,0.17239618,-16.800001,-33.525,12.6,0.042506676,-0.26650533,-0.9411768,0.20334823,155.08408,-31.261482,-1.9022067,11.05930925,76.92355635,376.54114,0.0,,3.7900925,189.37,2,2
291.460,417258643809591,0.25842485,5.145316,8.559126,-0.011835504,-0.04398226,0.012675443,0.28539938,5.0739326,8.387141,-0.026974529,0.071383715,0.17198515,-17.7,-33.300003,12.525001,0.04250732,-0.26647356,-0.9411859,0.20334768,155.08475,-31.257814,-1.9011129,11.05930925,76.92355635,376.54114,0.0,,3.7900925,189.39,2,2
291.480,417258663809591,0.14386846,5.1800127,8.603543,6.108647E-4,-0.02924515,0.0022143847,0.28543106,5.0785375,8.384353,-0.1415626,0.101475,0.2191906,-17.325,-33.600002,12.675,0.042517237,-0.26644227,-0.94119555,0.20334227,155.08636,-31.25445,-1.8986912,11.05930925,76.92355635,376.54114,0.0,,3.7900925,189.41,2,2
291.500,417258683809591,0.07298109,5.231907,8.542078,0.018707734,-0.0320704,0.019624028,0.2925917,5.084802,8.380308,-0.2196106,0.14710474,0.16176939,-15.375001,-33.225002,8.775001,0.04290235,-0.26596552,-0.94134206,0.20320961,155.12532,-31.209272,-1.8306258,11.05930925,76.92355635,376.54114,0.0,,3.7900925,189.43,2,2
291.520,417258703809591,0.13594224,5.2157555,8.480911,0.028176136,-0.041767873,0.054137886,0.30234498,5.08898,8.377425,-0.16640274,0.12677503,0.10348606,-15.075001,-33.225002,8.175,0.04321796,-0.2659513,-0.9413246,0.20324473,155.13155,-31.215652,-1.7918869,11.05930925,76.92355635,376.54114,0.0,,3.7900925,189.45,2,2
291.540,417258723809591,0.22716859,5.071438,8.402994,0.031994037,-0.029397864,0.071700245,0.3081757,5.092206,8.375252,-0.081007116,-0.020767927,0.027742863,-17.1,-33.375,11.925,0.043255772,-0.2658971,-0.9412759,0.20353469,155.09552,-31.209791,-1.7961448,11.05930925,76.92355635,376.54114,0.0,,3.7900925,189.47,2,2
291.560,417258743809591,0.29910284,5.060072,8.528769,0.039706208,0.0012217294,0.06307178,0.3133631,5.1007285,8.369872,-0.014260277,-0.04065633,0.15889597,-17.325,-33.9,11.625,0.043214764,-0.2658246,-0.9412121,0.20393334,155.04283,-31.199564,-1.8137188,11.05930925,76.92355635,376.54114,0.0,,3.7900925,189.49,2,2
291.580,417258763809591,0.14910275,5.1376896,8.469845,0.0552069,-0.032681264,0.05199986,0.33293456,5.112921,8.361673,-0.18383181,0.024768114,0.108170986,-16.95,-33.600002,12.150001,0.043243792,-0.26612198,-0.9410594,0.20424359,154.99753,-31.234219,-1.8308088,11.05930925,76.92355635,376.54114,0.0,,3.7900925,189.51,2,2
291.600,417258783809591,0.25378877,5.1219864,8.052147,0.04604393,-0.08239038,0.077885255,0.352645,5.1182632,8.357595,-0.098856255,0.003723383,-0.30544806,-17.925001,-33.75,13.05,0.042872407,-0.26679397,-0.94078976,0.20468503,154.91466,-31.301722,-1.9147885,11.05930925,76.92355635,376.54114,0.0,,3.7900925,189.53,2,2
291.620,417258803809591,0.5331508,5.0365925,7.9924765,0.015653409,-0.019547671,0.095753044,0.36084914,5.1170073,8.358014,0.17230166,-0.08041453,-0.36553764,-16.275002,-33.600002,10.425,0.042296715,-0.26738232,-0.9404942,0.20539181,154.79115,-31.353573,-2.0317848,11.05930925,76.92355635,376.54114,0.0,,3.7900925,189.55,2,2
291.640,417258823809591,0.59342,4.9879885,8.159675,-0.0020616683,0.047723807,0.078190684,0.35945374,5.112548,8.360804,0.23396629,-0.1245594,-0.20112896,-17.85,-33.225002,12.825001,0.04179567,-0.26770037,-0.9402398,0.20624237,154.65598,-31.375536,-2.136332,11.05930925,76.92355635,376.54114,0.0,,3.7900925,189.57,2,2
291.660,417258843809591,0.5479564,5.0327044,8.3479595,-0.012751801,0.079717845,0.054137886,0.36148402,5.1040444,8.36591,0.18647239,-0.071340084,-0.017949581,-17.475,-33.0,13.200001,0.041437875,-0.26768953,-0.9400678,0.20711088,154.5293,-31.362917,-2.213103,11.05930925,76.92355635,376.54114,0.0,,3.7900925,189.59,2,2
291.680,417258863809591,0.48469615,5.1068816,8.72468,-0.016187914,0.03840812,0.04528035,0.38537315,5.0967736,8.369276,0.09932299,0.010107994,0.35540438,-16.275002,-33.300003,10.5,0.041112468,-0.26750258,-0.9400367,0.20755756,154.46281,-31.331642,-2.2644525,11.05930925,76.92355635,376.54114,0.0,,3.7900925,189.61,2,2
291.700,417258883809591,0.42936212,5.0321064,8.77807,0.005039634,-0.10690133,0.045814857,0.41089556,5.0945907,8.3693905,0.018466547,-0.062484503,0.4086795,-16.425001,-33.600002,9.975,0.04005783,-0.2672433,-0.940013,0.2082026,154.34715,-31.272213,-2.41209,11.05930925,76.92355635,376.54114,0.0,,3.7900925,189.63,2,2
291.720,417258903809591,0.5753243,4.9506006,8.344221,0.008857538,-0.090102546,0.04512763,0.41455218,5.089837,8.372102,0.16077211,-0.13923645,-0.027880669,-17.625,-33.600002,12.900001,0.039418332,-0.26717624,-0.9399943,0.20849386,154.28857,-31.24678,-2.5007527,11.05930925,76.92355635,376.54114,0.0,,3.7900925,189.65,2,2
291.740,417258923809591,0.5753243,5.0199924,8.499455,-0.0050396337,0.018402299,0.0140498895,0.40924227,5.0834694,8.376231,0.16608202,-0.06347704,0.12322426,-17.7,-33.45,12.900001,0.039371356,-0.26716176,-0.9399948,0.20851892,154.28398,-31.243795,-2.5070884,11.05930925,76.92355635,376.54114,0.0,,3.7900925,189.67,2,2
291.760,417258943809591,0.4945665,5.0029435,8.645717,-0.0016798779,0.04367683,-0.0055741407,0.4105352,5.080025,8.378257,0.08403133,-0.07708168,0.26745987,-17.1,-33.375,11.400001,0.039324425,-0.26713496,-0.9399983,0.2085465,154.27928,-31.23938,-2.5131097,11.05930925,76.92355635,376.54114,0.0,,3.7900925,189.69,2,2
291.780,417258963809591,0.5343472,4.9817076,8.59442,0.01282816,0.0039706207,-0.020082178,0.41413224,5.086121,8.374381,0.12021497,-0.10441375,0.22003937,-17.475,-33.15,11.475,0.0385258,-0.26677865,-0.94006467,0.20884864,154.21957,-31.176123,-2.6125765,11.05930925,76.92355635,376.54114,0.0,,3.7900925,189.71,2,2
291.800,417258983809591,0.48559344,5.0626144,8.293224,0.030161446,-0.035506513,-0.048105597,0.40956432,5.0990896,8.366715,0.07602914,-0.03647518,-0.0734911,-17.475,-33.075,12.150001,0.037487723,-0.26669395,-0.9400937,0.20901747,154.16452,-31.138313,-2.7458427,11.05930925,76.92355635,376.54114,0.0,,3.7900925,189.73,2,2
291.820,417259003809591,0.41575295,5.206184,8.105238,0.03512472,-0.0014508036,-0.051083565,0.3976481,5.110257,8.360475,0.018104851,0.09592676,-0.25523615,-18.150002,-32.925003,13.500001,0.037129547,-0.2670494,-0.9400332,0.20890334,154.16087,-31.170303,-2.798094,11.05930925,76.92355635,376.54114,0.0,,3.7900925,189.75,2,2
291.840,417259023809591,0.37761733,5.2556853,8.172088,0.026114468,0.045356706,-0.03596466,0.38831317,5.1172786,8.356617,-0.010695845,0.13840675,-0.1845293,-17.325,-33.600002,12.750001,0.03727367,-0.26758003,-0.9399152,0.20873186,154.17798,-31.236076,-2.79117,11.05930925,76.92355635,376.54114,0.0,,3.7900925,189.77,2,2
291.860,417259043809591,0.46031928,5.1925745,8.216055,0.017333286,0.057650357,-0.021074831,0.37724212,5.1213703,8.354618,0.08307715,0.071204424,-0.13856268,-16.2,-33.300003,10.35,0.037534494,-0.26814255,-0.9397585,0.20866989,154.18387,-31.308317,-2.774716,11.05930925,76.92355635,376.54114,0.0,,3.7900925,189.79,2,2
291.880,417259063809591,0.57487565,5.1082277,8.332556,0.024434589,0.09720385,-0.013897172,0.36435992,5.121813,8.3549185,0.21051574,-0.013585091,-0.022362232,-16.125,-33.075,9.825001,0.0378321,-0.26848176,-0.939627,0.2087732,154.17352,-31.3552,-2.75243,11.05930925,76.92355635,376.54114,0.0,,3.7900925,189.81,2,2
291.900,417259083809591,0.5310571,5.037041,8.467452,0.024740022,0.09262236,-0.028023418,0.357051,5.1158156,8.358907,0.17400607,-0.07877445,0.1085453,-17.325,-33.075,13.200001,0.038138073,-0.26846182,-0.9396079,0.20883043,154.17659,-31.360865,-2.715573,11.05930925,76.92355635,376.54114,0.0,,3.7900925,189.83,2,2
291.920,417259103809591,0.40005004,5.0253763,8.528469,-0.009468404,0.013668098,-0.06162098,0.35344708,5.1083403,8.363631,0.04660295,-0.08296418,0.16483736,-17.25,-33.0,12.750001,0.03833031,-0.2680772,-0.93976843,0.20856656,154.22542,-31.322176,-2.669087,11.05930925,76.92355635,376.54114,0.0,,3.7900925,189.85,2,2
291.940,417259123809591,0.30957144,5.078766,8.526226,-0.029550582,-0.045051273,-0.09269872,0.34560204,5.110931,8.362375,-0.036030605,-0.032164812,0.16385031,-18.0,-33.225002,13.35,0.038572595,-0.26756647,-0.9400429,0.20793843,154.32643,-31.27119,-2.5988107,11.05930925,76.92355635,376.54114,0.0,,3.7900925,189.87,2,2
291.960,417259143809591,0.31689945,5.176423,8.456684,0.0103847,-0.010537417,-0.08246674,0.32226723,5.127002,8.353465,-0.0053677857,0.04942131,0.103218555,-16.650002,-33.225002,10.200001,0.039066114,-0.26752016,-0.94019073,0.20723568,154.43668,-31.280733,-2.509507,11.05930925,76.92355635,376.54114,0.0,,3.7900925,189.89,2,2
291.980,417259163809591,0.25812575,5.272734,8.038388,0.043371394,0.09361502,-0.053756095,0.29190627,5.13641,8.3488,-0.033780523,0.13632393,-0.31041145,-16.275002,-33.15,9.450001,0.040050086,-0.26781192,-0.94018006,0.20671593,154.5327,-31.3417,-2.3763819,11.05930925,76.92355635,376.54114,0.0,,3.7900925,189.91,2,2
292.000,417259183809591,0.2000998,5.1643095,8.040183,0.021838415,0.13095413,-0.052458007,0.2735095,5.1378317,8.348549,-0.07340971,0.026477575,-0.30836582,-16.650002,-33.600002,11.85,0.041421648,-0.26803255,-0.94015956,0.2062489,154.6363,-31.404257,-2.1941206,11.05930925,76.92355635,376.54114,0.0,,3.7900925,189.93,2,2
292.020,417259203809591,0.14012969,5.1604214,8.269297,-0.0048105596,0.041309725,-0.06772962,0.2654769,5.1418858,8.346312,-0.12534723,0.018535376,-0.0770154,-17.925001,-34.050003,12.750001,0.042070456,-0.26821005,-0.9401646,0.20586194,154.70601,-31.442633,-2.1039753,11.05930925,76.92355635,376.54114,0.0,,3.7900925,189.95,2,2
292.040,417259223809591,0.15343976,5.3096733,8.123932,-0.02283107,-0.010766491,-0.058643013,0.2500479,5.129339,8.354505,-0.09660814,0.18033409,-0.2305727,-16.800001,-33.375,11.1,0.043150906,-0.2684078,-0.94021124,0.20516652,154.83086,-31.49514,-1.9486609,11.05930925,76.92355635,376.54114,0.0,,3.7900925,189.97,2,2
292.060,417259243809591,0.030059835,5.2739305,8.432755,-0.09056069,0.018173225,-0.04596757,0.24457158,5.1046567,8.36977,-0.21451175,0.16927385,0.06298542,-17.025002,-33.675003,11.925,0.044045582,-0.2680199,-0.9404187,0.20453264,154.95204,-31.474525,-1.800384,11.05930925,76.92355635,376.54114,0.0,,3.7900925,189.99,2,2
292.080,417259263809591,0.02871387,5.2704906,8.762965,-0.13706277,-0.03672824,-0.038484477,0.24763742,5.087082,8.380374,-0.21892355,0.18340898,0.38259125,-17.175001,-33.15,12.375001,0.044534735,-0.26712263,-0.94078535,0.2039133,155.06653,-31.384085,-1.6878167,11.05930925,76.92355635,376.54114,0.0,,3.7900925,190.01,2,2
292.100,417259283809591,0.020488545,5.294569,8.735746,-0.10438151,-0.08292489,-0.02794706,0.24935101,5.0843577,8.381976,-0.22886246,0.21021104,0.35377073,-16.575,-33.225002,11.700001,0.044761006,-0.26632112,-0.9411305,0.20331983,155.16673,-31.297876,-1.6125053,11.05930925,76.92355635,376.54114,0.0,,3.7900925,190.03,2,2
292.120,417259303809591,0.10977074,5.2845488,8.542526,-0.031612247,-0.035811946,0.006032289,0.2486373,5.089622,8.378801,-0.13886657,0.19492674,0.1637249,-16.650002,-32.925003,10.5,0.044830147,-0.26617563,-0.94120127,0.20316957,155.1915,-31.283024,-1.593764,11.05930925,76.92355635,376.54114,0.0,,3.7900925,190.05,2,2
292.140,417259323809591,0.30792636,5.148457,8.505886,0.035048362,0.038179047,0.03756818,0.24704199,5.097454,8.374086,0.06088437,0.05100298,0.1317997,-17.325,-33.300003,13.275001,0.04482583,-0.26608127,-0.9412183,0.20321853,155.1866,-31.271902,-1.5931948,11.05930925,76.92355635,376.54114,0.0,,3.7900925,190.07,2,2
292.160,417259343809591,0.3542873,5.0315075,8.392078,0.05871937,0.047876522,0.027488913,0.24988702,5.1018186,8.371343,0.10440028,-0.07031083,0.020735264,-17.7,-33.75,12.975,0.044773936,-0.2661095,-0.94118804,0.20333439,155.16908,-31.273664,-1.6048614,11.05930925,76.92355635,376.54114,0.0,,3.7900925,190.09,2,2
292.180,417259363809591,0.32662028,5.0866923,8.352745,0.026496258,-0.0044287695,-0.005268708,0.26017734,5.0984993,8.373053,0.06644295,-0.011806965,-0.020307064,-17.7,-33.75,12.675,0.044414427,-0.2662896,-0.9411327,0.20343311,155.14081,-31.285204,-1.6592159,11.05930925,76.92355635,376.54114,0.0,,3.7900925,190.11,2,2
292.200,417259383809591,0.3278167,5.119294,8.4349985,-0.017562361,-0.061773695,-0.02321286,0.2710912,5.092362,8.37644,0.056725502,0.026932478,0.058558464,-17.475,-33.75,13.500001,0.043507036,-0.26637694,-0.9411414,0.20347339,155.10347,-31.27202,-1.7772998,11.05930925,76.92355635,376.54114,0.0,,3.7900925,190.13,2,2
292.220,417259403809591,0.32033914,5.082206,8.582308,-0.017256929,-0.07223475,-0.02718348,0.275888,5.092457,8.376225,0.044451132,-0.010251045,0.20608187,-15.675,-33.15,9.525001,0.042654037,-0.26617813,-0.9412658,0.2033382,155.09627,-31.22734,-1.8731337,11.05930925,76.92355635,376.54114,0.0,,3.7900925,190.15,2,2
292.240,417259423809591,0.23584259,5.0376396,8.596514,0.027259838,-0.05238165,-0.024587303,0.2775133,5.1024323,8.370099,-0.04167071,-0.06479287,0.22641516,-16.95,-33.525,12.675,0.042179085,-0.26601353,-0.941391,0.20307425,155.11818,-31.196615,-1.9178411,11.05930925,76.92355635,376.54114,0.0,,3.7900925,190.17,2,2
292.260,417259443809591,0.17736799,5.046762,8.391031,0.068264134,-0.037339106,-0.012675444,0.28146598,5.115361,8.362072,-0.104098,-0.068599224,0.028958797,-17.25,-33.600002,13.125001,0.04213339,-0.2662497,-0.9413947,0.202758,155.15419,-31.223507,-1.9192742,11.05930925,76.92355635,376.54114,0.0,,3.7900925,190.19,2,2
292.280,417259463809591,0.2446661,5.0585766,8.188837,0.06925679,-0.030314162,-8.39939E-4,0.28862175,5.1222663,8.357599,-0.043955646,-0.06368971,-0.1687622,-17.25,-33.75,12.750001,0.04215315,-0.26656958,-0.9413347,0.20261243,155.16837,-31.261438,-1.9213845,11.05930925,76.92355635,376.54114,0.0,,3.7900925,190.21,2,2
292.300,417259483809591,0.3296113,5.047061,8.12767,0.031459533,-0.035048366,-0.0036651883,0.29611814,5.1187816,8.359473,0.033493176,-0.0717206,-0.23180246,-15.900001,-33.45,11.925,0.042137712,-0.266607,-0.941327,0.20260231,155.16852,-31.265406,-1.9241132,11.05930925,76.92355635,376.54114,0.0,,3.7900925,190.23,2,2
292.320,417259503809591,0.34292138,5.063512,8.353493,-0.013820814,-0.05161807,-0.027336195,0.30186382,5.113548,8.362469,0.04105757,-0.050035954,-0.008975506,-16.425001,-33.225002,11.025001,0.041473985,-0.26716354,-0.94128484,0.20219989,155.18933,-31.313879,-2.0098934,11.05930925,76.92355635,376.54114,0.0,,3.7900925,190.25,2,2
292.340,417259523809591,0.23718855,5.0697927,8.475227,-0.016493347,-0.07727439,-0.048640102,0.30275875,5.1196623,8.358694,-0.06557021,-0.0498693,0.116533756,-15.900001,-33.375,9.75,0.04098723,-0.26738447,-0.9413611,0.2016513,155.24142,-31.32829,-2.0575912,11.05930925,76.92355635,376.54114,0.0,,3.7900925,190.27,2,2
292.360,417259543809591,0.28893334,5.181059,8.168648,0.008246674,-0.035888303,-0.04642572,0.28191715,5.126878,8.3550005,0.007016182,0.054181337,-0.18635273,-17.025002,-33.525,13.125001,0.040966254,-0.26767665,-0.94134915,0.20132342,155.27875,-31.362394,-2.0571814,11.05930925,76.92355635,376.54114,0.0,,3.7900925,190.29,2,2
292.380,417259563809591,0.20084755,5.2338505,8.16775,0.008933896,0.087124586,-0.033444844,0.25745282,5.1271462,8.355625,-0.056605265,0.10670447,-0.1878748,-17.175001,-33.300003,12.675,0.041588385,-0.268063,-0.94130534,0.20088542,155.35065,-31.424013,-1.9747592,11.05930925,76.92355635,376.54114,0.0,,3.7900925,190.31,2,2
292.400,417259583809591,0.10378868,5.224579,8.494968,-9.162971E-4,0.10713039,-0.010308342,0.25221255,5.1279936,8.355266,-0.14842388,0.096585035,0.13970327,-17.7,-33.600002,13.950001,0.042089857,-0.26813036,-0.94129515,0.20073786,155.3859,-31.444853,-1.9083179,11.05930925,76.92355635,376.54114,0.0,,3.7900925,190.33,2,2
292.420,417259603809591,0.09466605,5.18749,8.273783,-0.011300998,0.0030543236,0.005650499,0.25186792,5.122654,8.35855,-0.15720187,0.064836025,-0.08476734,-16.95,-33.675003,11.85,0.04213396,-0.26813903,-0.941293,0.2007272,155.38864,-31.447,-1.9026446,11.05930925,76.92355635,376.54114,0.0,,3.7900925,190.35,2,2
292.440,417259623809591,0.23554349,5.1783676,8.339584,-0.040851578,0.013133591,0.023747366,0.24113306,5.1112947,8.365818,-0.0055895746,0.06707263,-0.026233196,-17.175001,-33.300003,12.675,0.043055966,-0.26819897,-0.9412515,0.20064561,155.42958,-31.477476,-1.7855082,11.05930925,76.92355635,376.54114,0.0,,3.7900925,190.37,2,2
292.460,417259643809591,0.120089784,5.1412787,8.609974,-0.049785472,0.0448222,0.011148281,0.23366958,5.105642,8.36948,-0.113579795,0.0356369,0.24049377,-16.5,-33.225002,10.8,0.04349663,-0.26800638,-0.94128704,0.20064117,155.44849,-31.466255,-1.7239825,11.05930925,76.92355635,376.54114,0.0,,3.7900925,190.39,2,2
292.480,417259663809591,0.017048862,5.1955657,8.64781,-0.022067487,0.007788525,0.013897172,0.23800433,5.110039,8.366674,-0.22095546,0.08552647,0.28113604,-15.675,-33.300003,9.900001,0.043536324,-0.26798508,-0.94129133,0.20064075,155.45027,-31.464783,-1.7183183,11.05930925,76.92355635,376.54114,0.0,,3.7900925,190.41,2,2
292.500,417259683809591,0.103639126,5.2574797,8.411968,0.009086613,-0.029168792,0.039400775,0.24046905,5.116595,8.3625965,-0.13682993,0.14088511,0.04937172,-17.1,-33.525,13.35,0.044462536,-0.26781008,-0.94128263,0.20071185,155.47533,-31.46773,-1.5990843,11.05930925,76.92355635,376.54114,0.0,,3.7900925,190.43,2,2
292.520,417259703809591,0.06116653,5.2299623,8.213215,0.009926552,-0.018707732,0.05207622,0.24344034,5.1181793,8.361542,-0.18227382,0.111783266,-0.14832735,-17.325,-33.825,11.625,0.044877645,-0.26789024,-0.9412119,0.2008445,155.47046,-31.487316,-1.5542601,11.05930925,76.92355635,376.54114,0.0,,3.7900925,190.45,2,2
292.540,417259723809591,0.048454657,5.2022953,8.226674,-0.013362666,-0.009850194,0.07612902,0.25353503,5.1147494,8.363339,-0.20508038,0.08754611,-0.13666534,-17.325,-33.45,13.200001,0.045448,-0.26808032,-0.9410503,0.2012204,155.43681,-31.523232,-1.502339,11.05930925,76.92355635,376.54114,0.0,,3.7900925,190.47,2,2
292.560,417259743809591,0.15463616,5.193173,8.236245,-0.04077522,-0.023747366,0.09094249,0.26089352,5.1080103,8.36723,-0.106257364,0.08516264,-0.13098526,-17.25,-33.75,12.900001,0.04571833,-0.26828307,-0.9408678,0.20174293,155.37335,-31.552828,-1.4940627,11.05930925,76.92355635,376.54114,0.0,,3.7900925,190.49,2,2
292.580,417259763809591,0.16570297,5.152794,8.305038,-0.049403682,-0.005115992,0.09430224,0.26567554,5.1033516,8.369923,-0.099972576,0.04944253,-0.06488371,-17.550001,-33.525,13.275001,0.046021204,-0.26827928,-0.940723,0.20235394,155.30286,-31.559124,-1.4786739,11.05930925,76.92355635,376.54114,0.0,,3.7900925,190.51,2,2
292.600,417259783809591,0.12951152,5.1152563,8.270193,-0.03550651,0.007635809,0.10331249,0.2719914,5.101131,8.371073,-0.14247988,0.014125586,-0.10087967,-16.725,-33.45,11.55,0.04636785,-0.26826215,-0.94055474,0.20307748,155.21913,-31.564827,-1.4615892,11.05930925,76.92355635,376.54114,0.0,,3.7900925,190.53,2,2
292.620,417259803809591,0.18245272,5.1088257,8.138887,-0.031459533,0.019853104,0.121791154,0.27662286,5.0921774,8.376371,-0.09417014,0.016648531,-0.23748398,-17.7,-33.525,12.675,0.046504915,-0.2683638,-0.94031066,0.20403846,155.09474,-31.578634,-1.483465,11.05930925,76.92355635,376.54114,0.0,,3.7900925,190.55,2,2
292.640,417259823809591,0.28040892,5.059773,8.223383,-0.057497643,0.053832453,0.13095412,0.2760842,5.075528,8.386488,0.0043246895,-0.015755177,-0.16310453,-16.275002,-33.600002,9.975,0.0464002,-0.26803333,-0.940143,0.20526291,154.93483,-31.535568,-1.5321409,11.05930925,76.92355635,376.54114,0.0,,3.7900925,190.57,2,2
292.660,417259843809591,0.24227329,4.964957,8.406883,-0.076358095,0.07108939,0.12278381,0.27789015,5.0600753,8.3957615,-0.03561686,-0.09511781,0.01112175,-17.7,-33.75,11.700001,0.046342045,-0.26720804,-0.9400959,0.20655982,154.77579,-31.436092,-1.5619514,11.05930925,76.92355635,376.54114,0.0,,3.7900925,190.59,2,2
292.680,417259863809591,0.22941187,4.9523954,8.361868,-0.074754566,0.049861833,0.11545344,0.2821028,5.047216,8.4033575,-0.052690923,-0.09482074,-0.0414896,-17.550001,-33.600002,11.175,0.0461659,-0.26626468,-0.94008386,0.20786531,154.61394,-31.319832,-1.6028119,11.05930925,76.92355635,376.54114,0.0,,3.7900925,190.61,2,2
292.700,417259883809591,0.27562326,5.055436,8.303095,-0.082314014,0.04192059,0.11232275,0.2876541,5.030893,8.412952,-0.01203084,0.024543285,-0.109858036,-17.925001,-33.675003,12.750001,0.04579761,-0.26557627,-0.9400024,0.20919058,154.43874,-31.228035,-1.6761699,11.05930925,76.92355635,376.54114,0.0,,3.7900925,190.63,2,2
292.720,417259903809591,0.27397817,5.0705404,8.403443,-0.0991128,0.032910336,0.11407898,0.2995057,5.013114,8.423145,-0.025527522,0.05742669,-0.019701958,-17.7,-33.525,11.775001,0.045424476,-0.26457697,-0.94001657,0.21046937,154.27538,-31.10007,-1.738091,11.05930925,76.92355635,376.54114,0.0,,3.7900925,190.65,2,2
292.740,417259923809591,0.28145576,5.001448,8.360073,-0.10438151,-6.872227E-4,0.121180296,0.31596723,4.996679,8.432304,-0.03451146,0.0047693253,-0.072230816,-18.225,-33.525,12.525001,0.044723626,-0.26357272,-0.9400379,0.21177803,154.09766,-30.962683,-1.8413973,11.05930925,76.92355635,376.54114,0.0,,3.7900925,190.67,2,2
292.760,417259943809591,0.40363926,4.953741,8.270641,-0.099570945,-0.002367101,0.1278998,0.32731432,4.981718,8.440719,0.076324955,-0.02797699,-0.17007685,-18.075,-33.225002,12.075001,0.043827776,-0.262775,-0.93999577,0.21313737,153.90353,-30.843672,-1.9769571,11.05930925,76.92355635,376.54114,0.0,,3.7900925,190.69,2,2
292.780,417259963809591,0.42457646,4.9788656,8.243872,-0.09980002,0.026190825,0.122249305,0.33961898,4.9632072,8.451132,0.08495748,0.015658379,-0.20725965,-16.650002,-33.225002,9.150001,0.042981848,-0.26212054,-0.9399041,0.2145153,153.7064,-30.742254,-2.1110597,11.05930925,76.92355635,376.54114,0.0,,3.7900925,190.71,2,2
292.800,417259983809591,0.48559344,4.986493,8.295318,-0.120263994,0.031230457,0.124540046,0.35906127,4.93687,8.465742,0.12653217,0.049622774,-0.17042446,-16.275002,-33.15,8.925,0.04205746,-0.2613679,-0.93982923,0.21593833,153.50298,-30.626938,-2.2527933,11.05930925,76.92355635,376.54114,0.0,,3.7900925,190.73,2,2
292.820,417260003809591,0.62617177,4.9066324,8.377421,-0.15134174,0.013362667,0.124845475,0.37933418,4.9048443,8.483455,0.24683759,0.0017881393,-0.106033325,-18.150002,-33.300003,10.5,0.04095307,-0.26031747,-0.9398413,0.21735911,153.30022,-30.472,-2.4062803,11.05930925,76.92355635,376.54114,0.0,,3.7900925,190.75,2,2
292.840,417260023809591,0.6684948,4.8361936,8.471489,-0.17256927,-0.0019853103,0.10071632,0.39618945,4.8728456,8.501106,0.27230537,-0.03665209,-0.029616833,-16.650002,-33.600002,7.8750005,0.039704524,-0.25898796,-0.93996197,0.21864952,153.11606,-30.280943,-2.562806,11.05930925,76.92355635,376.54114,0.0,,3.7900925,190.77,2,2
292.860,417260043809591,0.6367899,4.880311,8.552397,-0.1792888,-0.008933896,0.07276926,0.40972483,4.8408313,8.518737,0.22706512,0.03947997,0.033659935,-17.925001,-33.375,10.875,0.038387686,-0.25751188,-0.9401599,0.21977133,152.95554,-30.071325,-2.715934,11.05930925,76.92355635,376.54114,0.0,,3.7900925,190.79,2,2
292.880,417260063809591,0.63245296,4.914409,8.705836,-0.17768528,0.0,0.06330086,0.42330626,4.8085723,8.5363245,0.20914668,0.10583687,0.1695118,-18.150002,-33.15,9.900001,0.03709581,-0.25588855,-0.9404196,0.22077358,152.81516,-29.845621,-2.8558807,11.05930925,76.92355635,376.54114,0.0,,3.7900925,190.81,2,2
292.900,417260083809591,0.63693947,4.825725,8.843723,-0.16035199,-0.0054977825,0.059024803,0.4409873,4.782315,8.550169,0.19595218,0.0434103,0.2935543,-17.25,-33.525,9.3,0.03583057,-0.25420138,-0.94071925,0.22165266,152.69377,-29.613596,-2.9852319,11.05930925,76.92355635,376.54114,0.0,,3.7900925,190.83,2,2
292.920,417260103809591,0.6620641,4.782505,8.763713,-0.13110684,-0.034132067,0.046883866,0.45765927,4.760068,8.561699,0.20440483,0.022436857,0.20201397,-18.6,-33.825,11.25,0.034475658,-0.2526996,-0.9410024,0.22238293,152.58621,-29.400774,-3.1260207,11.05930925,76.92355635,376.54114,0.0,,3.7900925,190.85,2,2
292.940,417260123809591,0.6719345,4.828118,8.708977,-0.12423461,-0.038484477,0.031077743,0.47287807,4.734711,8.574923,0.19905645,0.09340668,0.13405418,-18.225,-33.375,9.075001,0.03307175,-0.25137144,-0.9412701,0.22297,152.49313,-29.206907,-3.273192,11.05930925,76.92355635,376.54114,0.0,,3.7900925,190.87,2,2
292.960,417260143809591,0.69885373,4.779364,8.81127,-0.13179407,-0.036270093,0.016951496,0.48721358,4.708767,8.588395,0.21164018,0.07059717,0.22287512,-18.075,-33.300003,10.725,0.03168363,-0.25000304,-0.9415782,0.22340986,152.4211,-29.00931,-3.4115062,11.05930925,76.92355635,376.54114,0.0,,3.7900925,190.89,2,2
292.980,417260163809591,0.7209874,4.692176,8.9007015,-0.12049307,-0.039935283,-9.162971E-4,0.49669588,4.6864405,8.600056,0.2242915,0.005735159,0.3006463,-18.825,-33.225002,11.625,0.030386582,-0.24860606,-0.9419316,0.22366092,152.37744,-28.811684,-3.5308976,11.05930925,76.92355635,376.54114,0.0,,3.7900925,190.91,2,2
293.000,417260183809591,0.67447686,4.682455,9.023783,-0.0943786,-0.0415388,-0.03275762,0.50458336,4.6720777,8.607408,0.16989353,0.010377169,0.41637516,-18.825,-32.775,11.175,0.029277867,-0.24724519,-0.94233054,0.22363983,152.37442,-28.624601,-3.6191564,11.05930925,76.92355635,376.54114,0.0,,3.7900925,190.93,2,2
293.020,417260203809591,0.57816577,4.7004013,8.988489,-0.05871937,-0.06421716,-0.054519676,0.5163338,4.665856,8.610086,0.06183195,0.034545183,0.37840223,-17.7,-33.0,9.450001,0.028309472,-0.24604142,-0.9427452,0.22334716,152.40787,-28.460606,-3.6866052,11.05930925,76.92355635,376.54114,0.0,,3.7900925,190.95,2,2
293.040,417260223809591,0.583101,4.718198,8.829964,-0.029016074,-0.08903353,-0.059330236,0.52658135,4.662747,8.611149,0.056519628,0.055450678,0.21881533,-18.525002,-33.225002,11.325001,0.027399777,-0.2452089,-0.9431078,0.22284912,152.46245,-28.3417,-3.752869,11.05930925,76.92355635,376.54114,0.0,,3.7900925,190.97,2,2
293.060,417260243809591,0.55782676,4.71087,8.709576,-0.020998474,-0.090026185,-0.06627882,0.5316496,4.6592016,8.612757,0.026177198,0.05166793,0.096818924,-17.550001,-33.600002,8.85,0.02687612,-0.24484895,-0.9433898,0.22211853,152.54907,-28.288754,-3.7806246,11.05930925,76.92355635,376.54114,0.0,,3.7900925,190.99,2,2
293.080,417260263809591,0.51610196,4.659125,8.644221,-0.02237292,-0.072158396,-0.07315105,0.5325824,4.6561847,8.61433,-0.016480446,0.002940178,0.029891014,-17.025002,-33.15,8.175,0.02670298,-0.24455768,-0.94367486,0.2212506,152.66225,-28.254055,-3.7635858,11.05930925,76.92355635,376.54114,0.0,,3.7900925,191.01,2,2
293.100,417260283809591,0.49052864,4.687091,8.700603,-0.020082178,-0.05703949,-0.07849611,0.53310966,4.6564684,8.614143,-0.042581007,0.030622482,0.08645916,-18.675001,-33.600002,10.35,0.026757104,-0.24436575,-0.9439485,0.22028844,152.79214,-28.2374,-3.7192028,11.05930925,76.92355635,376.54114,0.0,,3.7900925,191.03,2,2
293.120,417260303809591,0.39391845,4.726124,8.630314,-0.012980876,-0.07108939,-0.074754566,0.5397635,4.6559443,8.614013,-0.14584507,0.07017946,0.016300678,-18.375,-33.75,11.55,0.02686688,-0.2443539,-0.9441779,0.21930332,152.92308,-28.242939,-3.6733685,11.05930925,76.92355635,376.54114,0.0,,3.7900925,191.05,2,2
293.140,417260323809591,0.48200423,4.6426744,8.5220375,-0.012064578,-0.07696895,-0.052687082,0.5457046,4.6548595,8.614225,-0.06370038,-0.012185335,-0.092187405,-18.300001,-33.975002,12.0,0.026719574,-0.24457863,-0.94432396,0.21844144,153.02606,-28.267992,-3.6707993,11.05930925,76.92355635,376.54114,0.0,,3.7900925,191.07,2,2
293.160,417260343809591,0.5726323,4.592724,8.4400835,-0.01443168,-0.057039496,-0.05551233,0.53985035,4.6538763,8.615125,0.03278199,-0.06115222,-0.1750412,-17.400002,-33.9,10.575001,0.026509335,-0.24492045,-0.9444252,0.2176455,153.1164,-28.3045,-3.6819155,11.05930925,76.92355635,376.54114,0.0,,3.7900925,191.09,2,2
293.180,417260363809591,0.453739,4.6784167,8.466555,-0.026496258,-0.020998474,-0.072463825,0.5342931,4.6502795,8.617414,-0.08055411,0.028137207,-0.15085983,-17.925001,-33.825,11.55,0.026650287,-0.24515158,-0.94455314,0.21681194,153.22398,-28.3381,-3.6451733,11.05930925,76.92355635,376.54114,0.0,,3.7900925,191.11,2,2
293.200,417260383809591,0.4534399,4.7175994,8.56137,-0.039706208,-0.016875137,-0.061697334,0.5325658,4.6431236,8.621379,-0.07912588,0.074475765,-0.060009003,-17.175001,-33.75,9.6,0.026975999,-0.24522182,-0.9447084,0.21601447,153.3354,-28.35809,-3.581644,11.05930925,76.92355635,376.54114,0.0,,3.7900925,191.13,2,2
293.220,417260403809591,0.50787663,4.643721,8.613863,-0.044898555,-0.02038761,-0.047342017,0.52968156,4.6330924,8.626951,-0.021804929,0.0106287,-0.013088703,-18.075,-33.525,11.55,0.027188206,-0.24483542,-0.94495744,0.21533658,153.43665,-28.322071,-3.5208645,11.05930925,76.92355635,376.54114,0.0,,3.7900925,191.15,2,2
293.240,417260423809591,0.49546385,4.6015472,8.672486,-0.05238165,-0.01763872,-0.050625414,0.5242784,4.6197295,8.634443,-0.028814554,-0.01818204,0.038043022,-16.5,-33.825,9.375,0.027293237,-0.2440912,-0.9452866,0.2147218,153.53317,-28.241772,-3.4636624,11.05930925,76.92355635,376.54114,0.0,,3.7900925,191.17,2,2
293.260,417260443809591,0.48095736,4.589733,8.813065,-0.061468266,-0.010537416,-0.05887209,0.51825714,4.6059494,8.642165,-0.037299782,-0.016216516,0.17089987,-16.875,-33.9,8.700001,0.02734866,-0.24311958,-0.94567066,0.21412328,153.63013,-28.133923,-3.405877,11.05930925,76.92355635,376.54114,0.0,,3.7900925,191.19,2,2
293.280,417260463809591,0.46061838,4.5539904,8.945567,-0.050701775,-0.0125990845,-0.062613636,0.5126979,4.597395,8.647051,-0.052079514,-0.043404818,0.29851627,-17.325,-33.600002,8.775001,0.027372533,-0.24209194,-0.9460707,0.21351483,153.72823,-28.018787,-3.3500993,11.05930925,76.92355635,376.54114,0.0,,3.7900925,191.21,2,2
293.300,417260483809591,0.43085763,4.5732822,8.941978,-0.025885392,-0.0207694,-0.0641408,0.5084849,4.5929255,8.649674,-0.07762727,-0.019643307,0.29230356,-18.45,-33.600002,11.775001,0.027468748,-0.24115674,-0.94645244,0.2128676,153.83148,-27.916296,-3.2875154,11.05930925,76.92355635,376.54114,0.0,,3.7900925,191.23,2,2
293.320,417260503809591,0.42861435,4.6048374,8.939436,-0.0080176,-0.025350887,-0.059101164,0.50981134,4.5908556,8.650695,-0.08119699,0.013982058,0.2887411,-17.775002,-34.5,11.025001,0.027523493,-0.24033675,-0.946804,0.21222423,153.93073,-27.825863,-3.2340667,11.05930925,76.92355635,376.54114,0.0,,3.7900925,191.25,2,2
293.340,417260523809591,0.48469615,4.5755253,8.874979,0.005039634,-0.044593126,-0.056963135,0.51072496,4.594277,8.648826,-0.026028827,-0.018751383,0.22615385,-17.7,-33.975002,11.25,0.027414313,-0.23965822,-0.9471244,0.21157604,154.02321,-27.747295,-3.2051747,11.05930925,76.92355635,376.54114,0.0,,3.7900925,191.27,2,2
293.360,417260543809591,0.4586742,4.6248775,8.745169,0.018555015,-0.05077813,-0.0646753,0.50920004,4.6021614,8.644722,-0.050525844,0.022716045,0.1004467,-18.0,-34.125,11.325001,0.027440298,-0.23952009,-0.94732404,0.2108357,154.12173,-27.734627,-3.1741161,11.05930925,76.92355635,376.54114,0.0,,3.7900925,191.29,2,2
293.380,417260563809591,0.38001013,4.7053366,8.592775,0.021303907,-0.04749473,-0.0584903,0.5088566,4.6075277,8.641884,-0.12884645,0.0978086,-0.049108505,-17.1,-34.125,9.6,0.027539646,-0.2397885,-0.9474196,0.21008788,154.21611,-27.770563,-3.1466982,11.05930925,76.92355635,376.54114,0.0,,3.7900925,191.31,2,2
293.400,417260583809591,0.37657046,4.720441,8.539984,0.0023671007,-0.04558578,-0.04161516,0.5091022,4.6086807,8.641253,-0.13253176,0.11176014,-0.101269245,-16.800001,-33.9,9.975,0.027647883,-0.24020632,-0.9474601,0.20941277,154.29878,-27.823631,-3.1251316,11.05930925,76.92355635,376.54114,0.0,,3.7900925,191.33,2,2
293.420,417260603809591,0.40034914,4.686044,8.566605,-0.013133591,-0.036193736,-0.026114468,0.5062081,4.6169143,8.637027,-0.10585898,0.069129944,-0.07042265,-16.875,-33.600002,8.775001,0.027653253,-0.24022713,-0.9474602,0.20938781,154.30179,-27.826246,-3.1243334,11.05930925,76.92355635,376.54114,0.0,,3.7900925,191.35,2,2
293.440,417260623809591,0.5223831,4.6060343,8.09761,0.00397062,0.015729766,-0.016340632,0.44928452,4.6457124,8.624725,0.073098555,-0.039678335,-0.5271144,-17.325,-33.9,10.950001,0.02828088,-0.24103944,-0.94735086,0.20886229,154.37329,-27.937716,-3.0563524,11.05930925,76.92355635,376.54114,0.0,,3.7900925,191.37,2,2
293.460,417260643809591,0.24421746,4.8495035,8.529217,0.12545633,0.2845866,-0.0037415465,0.41380274,4.655175,8.621398,-0.16958529,0.19432855,-0.09218168,-17.625,-34.125,11.1,0.030168304,-0.24187869,-0.9470909,0.20879611,154.42177,-28.083658,-2.849689,11.05930925,76.92355635,376.54114,0.0,,3.7900925,191.39,2,2
293.480,417260663809591,0.13564312,4.582704,8.791679,0.07994692,0.1632536,0.025732677,0.44026113,4.6320205,8.632551,-0.304618,-0.049316406,0.15912819,-17.7,-34.050003,11.475,0.031675834,-0.24216972,-0.94694865,0.20888151,154.4497,-28.156242,-2.677019,11.05930925,76.92355635,376.54114,0.0,,3.7900925,191.41,2,2
293.500,417260683809591,0.33888352,4.4470606,8.566455,-0.11003201,-0.1661552,0.0071013025,0.48153156,4.5958624,8.649657,-0.14264806,-0.14880157,-0.08320236,-17.925001,-33.9,11.175,0.031326164,-0.24174099,-0.9470956,0.20877059,154.46127,-28.098162,-2.7028954,11.05930925,76.92355635,376.54114,0.0,,3.7900925,191.43,2,2
293.520,417260703809591,0.5663512,4.587041,8.564959,-0.21380265,-0.23174681,-0.022296563,0.48520413,4.5681605,8.664115,0.081147075,0.018880367,-0.0991559,-16.800001,-33.825,10.275001,0.030132568,-0.24109311,-0.94734955,0.2085422,154.46715,-27.993196,-2.8214092,11.05930925,76.92355635,376.54114,0.0,,3.7900925,191.45,2,2
293.540,417260723809591,0.408724,4.6395335,8.855537,-0.15622866,-0.052687082,-0.026954405,0.4656665,4.5587406,8.670146,-0.056942493,0.080792904,0.18539143,-17.475,-34.350002,11.400001,0.029634643,-0.2401722,-0.94763935,0.20836082,154.49197,-27.874903,-2.8478484,11.05930925,76.92355635,376.54114,0.0,,3.7900925,191.47,2,2
293.560,417260743809591,0.29476583,4.62742,9.089885,-0.03123046,0.080175996,0.0103847,0.4536346,4.5667753,8.666554,-0.15886874,0.060644627,0.4233303,-16.5,-33.9,8.1,0.029880544,-0.23932903,-0.94783634,0.20840219,154.5082,-27.784273,-2.7929878,11.05930925,76.92355635,376.54114,0.0,,3.7900925,191.49,2,2
293.580,417260763809591,0.36954153,4.5686464,8.899057,0.06635518,0.077121675,0.049861833,0.4592742,4.5797524,8.659406,-0.08973266,-0.011106253,0.2396512,-17.325,-33.825,9.900001,0.030174533,-0.23894039,-0.94785035,0.20874447,154.47925,-27.746275,-2.7559366,11.05930925,76.92355635,376.54114,0.0,,3.7900925,191.51,2,2
293.600,417260783809591,0.58130634,4.5393343,8.543573,0.07483093,0.024510946,0.060246535,0.4717536,4.5846076,8.656166,0.10955277,-0.045273542,-0.1125927,-16.875,-33.9,8.700001,0.030105686,-0.23914099,-0.9476946,0.2092332,154.411,-27.766119,-2.7860906,11.05930925,76.92355635,376.54114,0.0,,3.7900925,191.53,2,2
293.620,417260803809591,0.6385845,4.5714874,8.350054,0.008170316,-0.015882483,0.038789913,0.4838328,4.574216,8.6609955,0.15475172,-0.0027282238,-0.3109417,-17.400002,-33.9,10.8,0.029811619,-0.2393135,-0.9475988,0.20951131,154.36378,-27.777426,-2.8361993,11.05930925,76.92355635,376.54114,0.0,,3.7900925,191.55,2,2
293.640,417260823809591,0.6445666,4.562365,8.46147,-0.07162389,-0.023900082,0.0231365,0.49244738,4.5573816,8.66938,0.15211922,0.004983425,-0.20791054,-17.1,-34.050003,9.975,0.029046588,-0.2393414,-0.9475107,0.20998408,154.28049,-27.75914,-2.9454794,11.05930925,76.92355635,376.54114,0.0,,3.7900925,191.57,2,2
293.660,417260843809591,0.65398836,4.5364923,8.697312,-0.08918625,-0.009010254,0.01718057,0.49442914,4.546233,8.675119,0.15955919,-0.009740591,0.022192955,-17.85,-34.125,11.475,0.028181184,-0.23898947,-0.94753283,0.21040176,154.20808,-27.694656,-3.0532806,11.05930925,76.92355635,376.54114,0.0,,3.7900925,191.59,2,2
293.680,417260863809591,0.589083,4.5355954,8.791979,-0.051923502,0.011453713,0.010537416,0.4919023,4.543087,8.67691,0.097180724,-0.0074915886,0.11506796,-17.625,-34.275,10.575001,0.028146636,-0.23896664,-0.9475359,0.21041861,154.20532,-27.69107,-3.0573113,11.05930925,76.92355635,376.54114,0.0,,3.7900925,191.61,2,2
293.700,417260883809591,0.507727,4.5952663,8.796465,-0.015729766,0.022449277,0.011835504,0.49308404,4.5419188,8.677455,0.0146430135,0.053347588,0.11900997,-17.925001,-34.125,11.55,0.02811095,-0.23894943,-0.94753665,0.2104397,154.20189,-27.68809,-3.0617907,11.05930925,76.92355635,376.54114,0.0,,3.7900925,191.63,2,2
293.720,417260903809591,0.5276174,4.557131,8.696265,-0.006108647,0.010766491,0.020998474,0.4944601,4.5371203,8.679887,0.03315729,0.020010471,0.016378403,-17.550001,-34.275,11.1,0.028063625,-0.2389379,-0.94753474,0.21046768,154.19713,-27.68543,-3.0680861,11.05930925,76.92355635,376.54114,0.0,,3.7900925,191.65,2,2
293.740,417260923809591,0.5415257,4.513013,8.638838,-0.025961751,0.008475749,0.012980875,0.48936623,4.5267277,8.6856,0.05215946,-0.013714552,-0.046762466,-16.95,-33.525,9.075001,0.028008223,-0.23891714,-0.94753444,0.21049938,154.19183,-27.681484,-3.0751946,11.05930925,76.92355635,376.54114,0.0,,3.7900925,191.67,2,2
293.760,417260943809591,0.45762736,4.509424,8.732456,-0.05367974,0.016875139,-0.010919208,0.4801067,4.516511,8.691433,-0.02247937,-0.0070869923,0.04102373,-16.650002,-33.375,9.75,0.027113836,-0.23799422,-0.9476615,0.21108545,154.1071,-27.550009,-3.173659,11.05930925,76.92355635,376.54114,0.0,,3.7900925,191.69,2,2
293.780,417260963809591,0.3351447,4.5487556,8.848957,-0.052610725,0.012446369,-0.020922117,0.47645003,4.5143595,8.692752,-0.14130531,0.03439641,0.15620565,-17.925001,-33.825,11.25,0.027104903,-0.23795833,-0.94766885,0.21109442,154.10632,-27.545624,-3.173898,11.05930925,76.92355635,376.54114,0.0,,3.7900925,191.71,2,2
293.800,417260983809591,0.3379862,4.6223354,8.732905,-0.026572615,-0.008628464,-0.0035888304,0.47718012,4.5175033,8.691078,-0.13919392,0.104831934,0.0418272,-17.475,-33.525,10.275001,0.027105292,-0.23792712,-0.94767547,0.21110027,154.10614,-27.542038,-3.1730504,11.05930925,76.92355635,376.54114,0.0,,3.7900925,191.73,2,2
293.820,417261003809591,0.42592242,4.643721,8.563614,-0.010613775,-0.003512472,0.019318596,0.4771294,4.518672,8.690474,-0.051206976,0.12504911,-0.12686014,-17.550001,-34.2,11.25,0.027109677,-0.2379074,-0.9476784,0.21110901,154.10548,-27.53986,-3.1721692,11.05930925,76.92355635,376.54114,0.0,,3.7900925,191.75,2,2
293.840,417261023809591,0.4863412,4.6172504,8.508129,-0.020845758,0.021074833,0.034590214,0.48270378,4.5118494,8.69371,0.003637433,0.10540104,-0.18558073,-16.5,-34.125,9.525001,0.02720188,-0.23765008,-0.947657,0.21148586,154.06424,-27.511532,-3.1646788,11.05930925,76.92355635,376.54114,0.0,,3.7900925,191.77,2,2
293.860,417261043809591,0.6207879,4.553242,8.562567,-0.052687082,0.01718057,0.04077522,0.49227473,4.498001,8.700347,0.12851319,0.055241108,-0.13778067,-16.800001,-34.2,9.3,0.026925843,-0.23740865,-0.9476251,0.21193632,154.0028,-27.475025,-3.2048075,11.05930925,76.92355635,376.54114,0.0,,3.7900925,191.79,2,2
293.880,417261063809591,0.68569326,4.4892344,8.628069,-0.080939576,-0.0032070398,0.025350887,0.49553218,4.480144,8.709371,0.19016105,0.009090424,-0.08130121,-16.275002,-33.975002,7.5000005,0.026324125,-0.23696853,-0.94765764,0.21235822,153.93938,-27.407137,-3.2773092,11.05930925,76.92355635,376.54114,0.0,,3.7900925,191.81,2,2
293.900,417261083809591,0.6227321,4.4958143,8.775378,-0.09789108,0.009315686,0.0075594513,0.4944993,4.461641,8.718924,0.1282328,0.034173727,0.05645466,-17.85,-34.275,9.900001,0.025672214,-0.23617306,-0.9477936,0.21271542,153.88924,-27.297346,-3.342483,11.05930925,76.92355635,376.54114,0.0,,3.7900925,191.83,2,2
293.920,417261103809591,0.5783153,4.478018,9.001799,-0.08506291,0.02084576,0.0023671007,0.49537614,4.4479136,8.7258835,0.08293918,0.030104399,0.27591562,-16.95,-33.600002,7.9500003,0.025394397,-0.23563755,-0.9478995,0.21286969,153.87111,-27.22802,-3.3640296,11.05930925,76.92355635,376.54114,0.0,,3.7900925,191.85,2,2
293.940,417261123809591,0.61959153,4.4008493,8.990881,-0.049403682,0.018555015,0.0032070398,0.49365997,4.440184,8.729918,0.12593156,-0.039334774,0.26096392,-18.075,-33.825,10.275001,0.025369043,-0.23558216,-0.94791085,0.2128834,153.86963,-27.220947,-3.3657758,11.05930925,76.92355635,376.54114,0.0,,3.7900925,191.87,2,2
293.960,417261143809591,0.63170516,4.4021955,8.962616,-0.020311251,0.026648972,-0.015500693,0.48667938,4.436104,8.732384,0.14502579,-0.033908367,0.23023272,-17.475,-34.050003,8.85,0.025341671,-0.23551236,-0.947926,0.21289602,153.86848,-27.212172,-3.367276,11.05930925,76.92355635,376.54114,0.0,,3.7900925,191.89,2,2
293.980,417261163809591,0.5000999,4.4508,8.952447,-0.010537417,0.019700387,-0.04039343,0.4842735,4.434284,8.733441,0.015826434,0.016515493,0.21900558,-17.400002,-34.050003,10.275001,0.02532682,-0.23543073,-0.9479458,0.21289942,153.86905,-27.202404,-3.366593,11.05930925,76.92355635,376.54114,0.0,,3.7900925,191.91,2,2
294.000,417261183809591,0.47452664,4.5082273,8.908479,-0.010537417,-0.011988221,-0.043447755,0.48607847,4.4346943,8.733132,-0.011551827,0.0735333,0.17534637,-17.1,-34.2,10.35,0.025267934,-0.23449239,-0.94821167,0.2127538,153.90254,-27.093798,-3.3394895,11.05930925,76.92355635,376.54114,0.0,,3.7900925,191.93,2,2
294.020,417261203809591,0.48993045,4.521986,8.797213,-0.008552106,-0.03245219,-0.043295037,0.48347554,4.4379516,8.731622,0.0064549,0.08403468,0.06559086,-17.400002,-34.575,10.875,0.025228336,-0.23388572,-0.9484044,0.21256757,153.93593,-27.023886,-3.319374,11.05930925,76.92355635,376.54114,0.0,,3.7900925,191.95,2,2
294.040,417261223809591,0.44835514,4.5560837,8.731111,-0.002367101,-0.01557705,-0.04528035,0.47642267,4.443368,8.729255,-0.02806753,0.11271596,0.0018558502,-17.325,-33.975002,9.900001,0.025236571,-0.23386513,-0.9484148,0.21254289,153.9397,-27.021833,-3.3169656,11.05930925,76.92355635,376.54114,0.0,,3.7900925,191.97,2,2
294.060,417261243809591,0.41156548,4.5955653,8.737093,0.0054977825,0.0064140796,-0.040317073,0.47307023,4.4481506,8.727001,-0.061504737,0.14741468,0.010091782,-16.875,-33.9,9.525001,0.025257068,-0.2338567,-0.94842386,0.21250948,153.94469,-27.021528,-3.3131847,11.05930925,76.92355635,376.54114,0.0,,3.7900925,191.99,2,2
294.080,417261263809591,0.42188454,4.565954,8.689535,0.0045814854,-0.004199695,-0.026038108,0.45507503,4.4585757,8.722637,-0.033190474,0.10737848,-0.033102036,-17.175001,-33.975002,9.975,0.025285058,-0.23386095,-0.94843096,0.21246995,153.95045,-27.0229,-3.3087068,11.05930925,76.92355635,376.54114,0.0,,3.7900925,192.01,2,2
294.100,417261283809591,0.41500518,4.516303,8.324929,0.017867792,0.0849102,-0.023365576,0.42171347,4.466739,8.720137,-0.006708294,0.049564123,-0.3952074,-17.475,-34.350002,10.125,0.026706353,-0.23410395,-0.94852614,0.21159783,154.09735,-27.091282,-3.1169555,11.05930925,76.92355635,376.54114,0.0,,3.7900925,192.03,2,2
294.120,417261303809591,0.317049,4.4630632,8.778369,0.04993819,0.1566868,-0.024358232,0.4120222,4.4641123,8.721944,-0.09497321,-0.0010492802,0.056425095,-16.95,-34.125,9.225,0.028346168,-0.23409553,-0.9486004,0.21105783,154.2123,-27.135191,-2.9008217,11.05930925,76.92355635,376.54114,0.0,,3.7900925,192.05,2,2
294.140,417261323809591,0.28459632,4.4199924,8.759825,-0.007177661,0.013133591,-0.0344375,0.42785537,4.444309,8.731291,-0.14325903,-0.024317026,0.028533459,-18.300001,-34.050003,11.025001,0.0293923,-0.2338237,-0.9487591,0.21050565,154.31688,-27.133108,-2.7481904,11.05930925,76.92355635,376.54114,0.0,,3.7900925,192.07,2,2
294.160,417261343809591,0.3933202,4.429264,8.627024,-0.120263994,-0.1175151,-0.04268417,0.43761092,4.4177203,8.744291,-0.044290707,0.011543989,-0.117268085,-16.425001,-34.050003,7.5750003,0.029281586,-0.23314504,-0.94905704,0.20993304,154.39848,-27.054012,-2.7230551,11.05930925,76.92355635,376.54114,0.0,,3.7900925,192.09,2,2
294.180,417261363809591,0.3874877,4.4605207,8.833553,-0.1534034,-0.09330959,-0.053756095,0.43061635,4.4048386,8.751134,-0.043128625,0.055681944,0.082419395,-18.150002,-34.5,9.975,0.029041447,-0.2320232,-0.94947886,0.20930041,154.49127,-26.92084,-2.698391,11.05930925,76.92355635,376.54114,0.0,,3.7900925,192.11,2,2
294.200,417261383809591,0.324377,4.5297627,9.010772,-0.07490729,-0.0041233366,-0.04115701,0.41849095,4.4121175,8.7480545,-0.09411393,0.11764526,0.26271725,-16.425001,-34.275,7.65,0.029103188,-0.23149408,-0.9496728,0.2089979,154.54033,-26.862587,-2.6654887,11.05930925,76.92355635,376.54114,0.0,,3.7900925,192.13,2,2
294.220,417261403809591,0.36789647,4.5707397,8.966056,0.03313941,0.055435974,-0.0029016077,0.41360036,4.426944,8.740795,-0.045703888,0.14379597,0.22526073,-17.25,-34.2,10.35,0.029647525,-0.2312587,-0.94978946,0.20865545,154.60301,-26.850649,-2.581789,11.05930925,76.92355635,376.54114,0.0,,3.7900925,192.15,2,2
294.240,417261423809591,0.47078785,4.504638,8.722586,0.072005674,0.049250968,0.020998474,0.4145742,4.43081,8.738789,0.056213647,0.07382822,-0.01620245,-16.875,-33.825,9.3,0.02993163,-0.23156922,-0.9497103,0.2086337,154.60869,-26.893713,-2.5560572,11.05930925,76.92355635,376.54114,0.0,,3.7900925,192.17,2,2
294.260,417261443809591,0.5122136,4.4173,8.646464,0.01802051,0.0207694,0.013133591,0.4197968,4.4186993,8.744669,0.09241679,-0.0013990402,-0.09820461,-16.875,-33.675003,8.700001,0.029926276,-0.23157826,-0.9497073,0.20863828,154.6078,-26.8946,-2.5571218,11.05930925,76.92355635,376.54114,0.0,,3.7900925,192.19,2,2
294.280,417261463809591,0.55917275,4.3658543,8.803194,-0.05589412,-0.009239329,-0.012370011,0.4114407,4.4093795,8.74977,0.14773205,-0.04352498,0.05342436,-15.975,-34.575,7.275,0.029407913,-0.23138018,-0.94975233,0.20872775,154.58527,-26.858215,-2.6167743,11.05930925,76.92355635,376.54114,0.0,,3.7900925,192.21,2,2
294.300,417261483809591,0.5256732,4.387988,8.714809,-0.05406153,0.04833467,-0.041157007,0.36866838,4.4176073,8.747526,0.15700485,-0.029619217,-0.03271675,-17.25,-34.5,9.525001,0.029466316,-0.23110996,-0.9498159,0.20873055,154.59091,-26.828718,-2.6015532,11.05930925,76.92355635,376.54114,0.0,,3.7900925,192.23,2,2
294.320,417261503809591,0.24541387,4.4938707,9.082108,0.058413938,0.19562942,-0.04039343,0.34732574,4.4215646,8.7464,-0.10191187,0.07230592,0.33570814,-17.1,-34.125,9.525001,0.030582838,-0.2308688,-0.9498415,0.20871753,154.62718,-26.829939,-2.4583082,11.05930925,76.92355635,376.54114,0.0,,3.7900925,192.25,2,2
294.340,417261523809591,0.18634108,4.306184,9.208479,0.074754566,0.077427104,-0.02122755,0.3717752,4.4122257,8.75011,-0.18543413,-0.10604215,0.45836926,-15.900001,-33.75,6.9750004,0.031328734,-0.23062564,-0.94990486,0.20858787,154.66818,-26.821627,-2.3564532,11.05930925,76.92355635,376.54114,0.0,,3.7900925,192.27,2,2
294.360,417261543809591,0.33230326,4.2687955,8.765508,-0.03161225,-0.1685223,-0.045814857,0.3967919,4.3975058,8.75642,-0.06448865,-0.12871027,0.009087563,-16.2,-34.2,8.025001,0.030807018,-0.23030269,-0.95009774,0.20814356,154.71573,-26.772219,-2.3965273,11.05930925,76.92355635,376.54114,0.0,,3.7900925,192.29,2,2
294.380,417261563809591,0.4001996,4.4614177,8.707182,-0.10025817,-0.17768528,-0.07261655,0.39633584,4.3913765,8.759516,0.003863752,0.07004118,-0.052333355,-16.425001,-34.125,9.375,0.029970633,-0.23011185,-0.9503265,0.20742974,154.78693,-26.73062,-2.4706225,11.05930925,76.92355635,376.54114,0.0,,3.7900925,192.31,2,2
294.400,417261583809591,0.29117662,4.556981,8.901749,-0.052916154,-0.053832453,-0.06849321,0.38546398,4.4033318,8.753998,-0.09428738,0.15364933,0.14775133,-16.275002,-34.125,7.1250005,0.029755728,-0.23002496,-0.9505158,0.20668933,154.87697,-26.71707,-2.4716454,11.05930925,76.92355635,376.54114,0.0,,3.7900925,192.33,2,2
294.420,417261603809591,0.3136093,4.5812087,8.930613,0.05230529,0.032528546,-0.02680169,0.3822476,4.4283934,8.7414875,-0.06863828,0.15281534,0.18912506,-16.800001,-34.65,10.5,0.029979477,-0.23050258,-0.9504979,0.20620725,154.93718,-26.778875,-2.444142,11.05930925,76.92355635,376.54114,0.0,,3.7900925,192.35,2,2
294.440,417261623809591,0.4761717,4.540381,8.638239,0.11720967,0.03756818,0.001679878,0.3832085,4.4496193,8.73066,0.09296319,0.09076166,-0.092421055,-17.025002,-34.275,9.75,0.030204369,-0.23150495,-0.9502932,0.20599377,154.95482,-26.900272,-2.4402962,11.05930925,76.92355635,376.54114,0.0,,3.7900925,192.37,2,2
294.460,417261643809591,0.5524429,4.485346,8.386544,0.088880815,0.028557926,-0.0014508038,0.38535634,4.454049,8.728306,0.16708657,0.03129673,-0.3417616,-17.025002,-34.050003,9.825001,0.030275576,-0.23208009,-0.95016146,0.20594296,154.95416,-26.968283,-2.447303,11.05930925,76.92355635,376.54114,0.0,,3.7900925,192.39,2,2
294.480,417261663809591,0.5659026,4.4525943,8.446814,0.0030543236,0.0104610585,-0.027488913,0.37236217,4.449664,8.731107,0.1935404,0.0029301643,-0.28429317,-17.325,-33.975002,11.1,0.030188406,-0.23262925,-0.95005256,0.20583817,154.95639,-27.029417,-2.4711468,11.05930925,76.92355635,376.54114,0.0,,3.7900925,192.41,2,2
294.500,417261683809591,0.44551367,4.4928236,8.524431,-0.0495564,0.062613636,-0.051007204,0.34084916,4.440947,8.736831,0.104664505,0.051876545,-0.21239996,-16.95,-34.125,9.150001,0.030636236,-0.23314664,-0.94996375,0.2055976,154.99147,-27.10092,-2.4247513,11.05930925,76.92355635,376.54114,0.0,,3.7900925,192.43,2,2
294.520,417261703809591,0.1843969,4.4765224,9.184401,-0.022220206,0.12400554,-0.042989604,0.33141097,4.429874,8.742812,-0.14701408,0.046648502,0.44158888,-17.1,-34.350002,9.525001,0.031457387,-0.23299761,-0.95002,0.20538291,155.04428,-27.105247,-2.3137214,11.05930925,76.92355635,376.54114,0.0,,3.7900925,192.45,2,2
294.540,417261723809591,0.17617157,4.3073797,9.3172035,-9.926552E-4,0.007024944,-0.027794344,0.34560734,4.4245005,8.744984,-0.16943577,-0.117120504,0.5722194,-15.750001,-33.600002,7.5750003,0.031639762,-0.23275658,-0.9501119,0.20520361,155.07614,-27.082619,-2.2788098,11.05930925,76.92355635,376.54114,0.0,,3.7900925,192.47,2,2
294.560,417261743809591,0.34950167,4.345366,9.018398,0.001679878,-0.095447615,-0.02848157,0.3522142,4.424793,8.744573,-0.0027125329,-0.079426765,0.27382612,-15.975,-33.75,8.25,0.031460494,-0.23231485,-0.95030874,0.20482069,155.12706,-27.028214,-2.2757134,11.05930925,76.92355635,376.54114,0.0,,3.7900925,192.49,2,2
294.580,417261763809591,0.3665505,4.421039,8.919845,0.013897173,-0.059712026,-0.04680751,0.3422122,4.4321446,8.741246,0.02433832,-0.011105537,0.1785984,-16.650002,-34.800003,10.05,0.031310335,-0.23192176,-0.9505113,0.20434962,155.18925,-26.980356,-2.2678711,11.05930925,76.92355635,376.54114,0.0,,3.7900925,192.51,2,2
294.600,417261783809591,0.19067806,4.4697924,8.903395,0.04604393,0.0017562364,-0.048640102,0.33434895,4.445357,8.7348385,-0.14367089,0.024435759,0.16855574,-16.425001,-34.125,9.450001,0.0316533,-0.23177847,-0.9506457,0.20383373,155.267,-26.973763,-2.2060883,11.05930925,76.92355635,376.54114,0.0,,3.7900925,192.53,2,2
294.620,417261803809591,0.18843478,4.5204906,8.848808,0.07070759,0.0015271616,-0.028099775,0.3391138,4.4632235,8.725538,-0.15067902,0.05726719,0.12326956,-16.35,-34.275,8.325001,0.032165635,-0.23209569,-0.95065343,0.2033557,155.33752,-27.02423,-2.1383913,11.05930925,76.92355635,376.54114,0.0,,3.7900925,192.55,2,2
294.640,417261823809591,0.28399813,4.6012487,8.587242,0.068875,-0.044669483,-0.014660753,0.3496965,4.477731,8.717684,-0.065698355,0.123517275,-0.13044167,-16.875,-34.575,10.35,0.03237668,-0.2328684,-0.95054215,0.20295757,155.38248,-27.119295,-2.1231215,11.05930925,76.92355635,376.54114,0.0,,3.7900925,192.57,2,2
294.660,417261843809591,0.39885363,4.6174,8.411369,0.03726275,-0.050625414,-0.002672533,0.34993574,4.489986,8.71137,0.04891789,0.12741399,-0.30000067,-16.5,-34.2,8.625,0.032372784,-0.23290831,-0.95053506,0.20294577,155.38327,-27.123814,-2.1244042,11.05930925,76.92355635,376.54114,0.0,,3.7900925,192.59,2,2
294.680,417261863809591,0.4776672,4.578367,8.267502,0.021685697,0.025350885,-7.635809E-5,0.32576764,4.4991317,8.707588,0.15189959,0.079235315,-0.44008684,-17.475,-34.725002,10.875,0.03252533,-0.23413813,-0.95026433,0.202771,155.39093,-27.26951,-2.1365325,11.05930925,76.92355635,376.54114,0.0,,3.7900925,192.61,2,2
294.700,417261883809591,0.30852458,4.59392,8.704042,0.037415463,0.13545924,0.0029779654,0.31837535,4.495481,8.709746,-0.00985077,0.09843922,-0.005704403,-16.050001,-34.2,8.925,0.03330905,-0.23484695,-0.95006347,0.20276503,155.40292,-27.370773,-2.0615633,11.05930925,76.92355635,376.54114,0.0,,3.7900925,192.63,2,2
294.720,417261903809591,0.27846473,4.4485564,8.976675,0.0076358095,0.035430156,0.0037415465,0.33802772,4.4864383,8.713667,-0.05956298,-0.03788185,0.26300764,-15.375001,-33.9,6.6000004,0.033403754,-0.23487113,-0.95005304,0.20277232,155.40434,-27.375929,-2.0509398,11.05930925,76.92355635,376.54114,0.0,,3.7900925,192.65,2,2
294.740,417261923809591,0.42891347,4.4210386,8.804092,-0.034208424,-0.09689842,-0.0046578436,0.34633696,4.4781904,8.717584,0.0825765,-0.057151556,0.086508274,-15.675,-34.65,7.5000005,0.032951463,-0.23473313,-0.9501128,0.20272759,155.3994,-27.348803,-2.1006873,11.05930925,76.92355635,376.54114,0.0,,3.7900925,192.67,2,2
294.760,417261943809591,0.4001996,4.442275,8.829815,-0.033444844,-0.04993819,-0.023594651,0.33066842,4.475246,8.719703,0.06953117,-0.032970667,0.11011219,-16.95,-34.725002,10.8,0.03293315,-0.23471457,-0.95011926,0.2027218,155.3999,-27.346218,-2.1021967,11.05930925,76.92355635,376.54114,0.0,,3.7900925,192.69,2,2
294.780,417261963809591,0.1785644,4.460371,9.067901,0.011300998,0.044440407,-0.025503602,0.3171916,4.4798765,8.717825,-0.1386272,-0.0195055,0.35007572,-15.975,-34.725002,8.925,0.03297139,-0.23409063,-0.95031166,0.20253542,155.4345,-27.275778,-2.0734086,11.05930925,76.92355635,376.54114,0.0,,3.7900925,192.71,2,2
294.800,417261983809591,0.18379869,4.437789,9.15464,0.06666061,0.05031998,0.0031306813,0.32612365,4.4915347,8.711495,-0.14232497,-0.053745985,0.4431448,-16.95,-34.350002,10.35,0.03321104,-0.23373787,-0.9504003,0.20248932,155.4526,-27.241297,-2.0324094,11.05930925,76.92355635,376.54114,0.0,,3.7900925,192.73,2,2
294.820,417262003809591,0.37492537,4.3805103,8.853892,0.09529489,-0.03077231,0.020998474,0.3469459,4.5050187,8.703725,0.027979478,-0.12450814,0.15016747,-16.650002,-34.575,10.575001,0.03293648,-0.23385407,-0.9503708,0.20253927,155.43669,-27.247686,-2.0708485,11.05930925,76.92355635,376.54114,0.0,,3.7900925,192.75,2,2
294.840,417262023809591,0.52851474,4.393821,8.430811,0.07299834,-0.07910699,0.004657843,0.35843042,4.5116825,8.699807,0.1700843,-0.117861986,-0.26899576,-16.275002,-33.975002,8.025001,0.032251507,-0.23438936,-0.9502629,0.20253508,155.40958,-27.292107,-2.1699872,11.05930925,76.92355635,376.54114,0.0,,3.7900925,192.77,2,2
294.860,417262043809591,0.51475596,4.4651566,8.368299,0.018555015,-0.045280345,-0.023518292,0.35823676,4.5112114,8.700059,0.15651922,-0.04605484,-0.3317604,-17.1,-34.725002,10.35,0.03222038,-0.23441617,-0.95025843,0.20253025,155.4089,-27.294424,-2.174423,11.05930925,76.92355635,376.54114,0.0,,3.7900925,192.79,2,2
294.880,417262063809591,0.42308095,4.5198927,8.498558,-0.02122755,-0.004276053,-0.036880955,0.34540084,4.5096292,8.701398,0.07768011,0.010263205,-0.20283937,-16.650002,-34.425003,9.975,0.031894304,-0.23488188,-0.9501888,0.202367,155.4133,-27.340202,-2.2228346,11.05930925,76.92355635,376.54114,0.0,,3.7900925,192.81,2,2
294.900,417262083809591,0.31316066,4.560421,8.799306,-0.0104610585,0.04894554,-0.032986693,0.33445185,4.5112343,8.700994,-0.021291181,0.049186707,0.09831238,-15.675,-34.050003,7.425,0.031787183,-0.23512992,-0.95016444,0.2022112,155.42638,-27.366438,-2.2383564,11.05930925,76.92355635,376.54114,0.0,,3.7900925,192.83,2,2
294.920,417262103809591,0.20413768,4.5109196,8.84462,0.019165881,0.023518292,-0.024740022,0.32716334,4.516924,8.6983185,-0.12302566,-0.006004572,0.14630175,-16.35,-34.425003,9.675,0.03180299,-0.23513743,-0.9501657,0.20219435,155.42886,-27.367739,-2.2361228,11.05930925,76.92355635,376.54114,0.0,,3.7900925,192.85,2,2
294.940,417262123809591,0.1788635,4.5137606,8.698658,0.031841323,0.0041233366,-0.016875139,0.31702727,4.521837,8.696141,-0.13816378,-0.008076429,0.0025167465,-17.325,-33.975002,10.950001,0.031836715,-0.23514831,-0.9501668,0.2021711,155.43263,-27.369892,-2.2316017,11.05930925,76.92355635,376.54114,0.0,,3.7900925,192.87,2,2
294.960,417262143809591,0.15433705,4.54412,8.666954,0.02122755,0.017333288,-0.01718057,0.30552,4.524823,8.695,-0.15118295,0.019296408,-0.028046131,-16.650002,-34.5,10.425,0.031890795,-0.23516114,-0.95016783,0.20214231,155.43765,-27.372787,-2.2244809,11.05930925,76.92355635,376.54114,0.0,,3.7900925,192.89,2,2
294.980,417262163809591,0.1311566,4.5996037,8.748609,0.008933896,0.02557996,-0.011224639,0.30147517,4.5282884,8.6933365,-0.17031857,0.07131505,0.055272102,-16.650002,-34.350002,9.375,0.031925637,-0.23516794,-0.9501684,0.20212623,155.44058,-27.37448,-2.2199266,11.05930925,76.92355635,376.54114,0.0,,3.7900925,192.91,2,2
295.000,417262183809591,0.15134603,4.629364,8.696265,0.004428769,-0.0025198169,0.0069485866,0.30505833,4.531258,8.691665,-0.1537123,0.098106146,0.004600525,-16.95,-34.575,10.575001,0.03200678,-0.2351914,-0.95016664,0.2020931,155.44676,-27.379284,-2.2096794,11.05930925,76.92355635,376.54114,0.0,,3.7900925,192.93,2,2
295.020,417262203809591,0.25528425,4.64073,8.603992,-0.005879573,-0.01481347,0.028863357,0.3091208,4.529608,8.692381,-0.053836547,0.11112213,-0.08838892,-16.425001,-33.975002,8.925,0.032081053,-0.23522604,-0.95016104,0.20206667,155.4517,-27.38519,-2.2008083,11.05930925,76.92355635,376.54114,0.0,,3.7900925,192.95,2,2
295.040,417262223809591,0.37597227,4.5795636,8.689686,-0.01557705,0.010613775,0.040240712,0.3109359,4.525334,8.694543,0.06503634,0.054229736,-0.00485754,-15.225,-33.9,6.4500003,0.032823138,-0.2356222,-0.95006675,0.2019256,155.48468,-27.449669,-2.1174295,11.05930925,76.92355635,376.54114,0.0,,3.7900925,192.97,2,2
295.060,417262243809591,0.46002015,4.4913282,8.83819,-0.006032289,0.03711003,0.03688096,0.31147203,4.5233755,8.695541,0.14854813,-0.03204727,0.14264822,-16.650002,-34.575,10.200001,0.032860473,-0.23563859,-0.9500613,0.20192589,155.48546,-27.452494,-2.1133595,11.05930925,76.92355635,376.54114,0.0,,3.7900925,192.99,2,2
295.080,417262263809591,0.46331027,4.472036,8.901898,0.014049888,0.034742933,0.018096868,0.3110382,4.525215,8.694599,0.15227208,-0.053179264,0.20729923,-16.875,-34.575,10.5,0.032890845,-0.23564862,-0.9500564,0.2019331,155.48526,-27.454395,-2.1101692,11.05930925,76.92355635,376.54114,0.0,,3.7900925,193.01,2,2
295.100,417262283809591,0.3783651,4.4985065,8.84477,0.026725333,0.0160352,0.002443459,0.3130257,4.5280395,8.693058,0.06533937,-0.02953291,0.15171194,-17.1,-34.575,10.575001,0.032913096,-0.23565322,-0.9500523,0.2019434,155.4845,-27.45546,-2.107909,11.05930925,76.92355635,376.54114,0.0,,3.7900925,193.03,2,2
295.120,417262303809591,0.36430725,4.4889355,8.763264,0.027641628,-0.003512472,-0.0035124721,0.31246614,4.5336943,8.69013,0.05184111,-0.044759035,0.073133945,-16.2,-33.9,9.675,0.03292222,-0.23565792,-0.9500483,0.20195526,155.48317,-27.456203,-2.1073039,11.05930925,76.92355635,376.54114,0.0,,3.7900925,193.05,2,2
295.140,417262323809591,0.30658042,4.538736,8.665757,0.029092431,-0.0039706207,-0.01160643,0.30821595,4.5407405,8.686603,-0.0016355366,-0.0020046234,-0.020845413,-16.35,-33.9,9.6,0.03293784,-0.23567477,-0.95004195,0.20196307,155.48235,-27.458517,-2.1061347,11.05930925,76.92355635,376.54114,0.0,,3.7900925,193.07,2,2
295.160,417262343809591,0.20892332,4.6031923,8.617452,0.024740022,0.0029779654,-0.0044287695,0.30957553,4.545496,8.684068,-0.1006522,0.05769658,-0.06661606,-16.5,-34.275,10.725,0.032966476,-0.2357037,-0.9500328,0.20196795,155.4821,-27.462555,-2.1036396,11.05930925,76.92355635,376.54114,0.0,,3.7900925,193.09,2,2
295.180,417262363809591,0.27158538,4.547858,8.541927,0.016187916,-0.0029016074,0.021685697,0.3120467,4.54707,8.683155,-0.04046133,7.8845024E-4,-0.14122725,-15.525001,-34.050003,6.9750004,0.03299355,-0.23574674,-0.95001924,0.20197684,155.48106,-27.46817,-2.1018739,11.05930925,76.92355635,376.54114,0.0,,3.7900925,193.11,2,2
295.200,417262383809591,0.31600213,4.488487,8.49796,0.0039706207,-7.635809E-5,0.0231365,0.31006536,4.545988,8.683791,0.0059367716,-0.057501316,-0.18583107,-16.275002,-34.575,10.125,0.033018157,-0.23579964,-0.9500026,0.20198938,155.47932,-27.474848,-2.1008146,11.05930925,76.92355635,376.54114,0.0,,3.7900925,193.13,2,2
295.220,417262403809591,0.2548356,4.545167,8.542526,-0.017256929,0.004886918,0.0069485866,0.30600065,4.5446296,8.684648,-0.051165037,5.3715706E-4,-0.14212132,-17.175001,-34.2,10.8,0.033056207,-0.23585261,-0.9499859,0.20199947,155.4783,-27.481874,-2.0980384,11.05930925,76.92355635,376.54114,0.0,,3.7900925,193.15,2,2
295.240,417262423809591,0.18125631,4.642375,8.627472,-0.027412554,0.0031306818,0.007864883,0.30312976,4.5453167,8.684387,-0.12187345,0.097058296,-0.05691576,-16.95,-34.125,10.35,0.03310606,-0.23590566,-0.949969,0.20200855,155.47772,-27.489208,-2.0937908,11.05930925,76.92355635,376.54114,0.0,,3.7900925,193.17,2,2
295.260,417262443809591,0.1698904,4.6325045,8.573782,-0.017638719,0.0061850054,0.029321507,0.29746982,4.5454984,8.684489,-0.12757942,0.08700633,-0.110706806,-17.025002,-34.125,11.55,0.033960413,-0.23663405,-0.9497168,0.20219383,155.46701,-27.59404,-2.0166013,11.05930925,76.92355635,376.54114,0.0,,3.7900925,193.19,2,2
295.280,417262463809591,0.1858924,4.5765724,8.528469,-0.0147371115,0.037033673,0.049327325,0.28662992,4.5382943,8.688621,-0.100737505,0.038278103,-0.16015196,-16.575,-34.65,8.325001,0.035396166,-0.23742983,-0.9493795,0.20259616,155.4443,-27.720854,-1.8770888,11.05930925,76.92355635,376.54114,0.0,,3.7900925,193.21,2,2
295.300,417262483809591,0.19142582,4.5055356,8.697163,-0.03359756,0.07284562,0.056352273,0.27902904,4.5252247,8.695681,-0.08760323,-0.019689083,0.0014820099,-16.125,-34.275,8.625,0.036506657,-0.23737651,-0.94924045,0.20311595,155.41042,-27.741611,-1.7561177,11.05930925,76.92355635,376.54114,0.0,,3.7900925,193.23,2,2
295.320,417262503809591,0.1948655,4.4525943,8.8984585,-0.045738496,0.053679734,0.05238165,0.28270862,4.5143714,8.701202,-0.08784312,-0.061777115,0.19725657,-17.025002,-34.2,10.650001,0.037187174,-0.23682478,-0.94923365,0.203671,155.36719,-27.694172,-1.674258,11.05930925,76.92355635,376.54114,0.0,,3.7900925,193.25,2,2
295.340,417262523809591,0.2419742,4.4820557,8.867801,-0.04237874,-0.0051923506,0.04673115,0.29173025,4.5091114,8.703631,-0.049756058,-0.027055502,0.16416931,-16.425001,-34.350002,9.375,0.03725519,-0.23619331,-0.9492751,0.20420082,155.3107,-27.622234,-1.6641532,11.05930925,76.92355635,376.54114,0.0,,3.7900925,193.27,2,2
295.360,417262543809591,0.27158535,4.555037,8.646614,-0.040164355,-0.031994037,0.044669483,0.29494387,4.5035114,8.706422,-0.023358509,0.051525593,-0.059807777,-17.25,-34.275,10.35,0.037040938,-0.23595916,-0.9492374,0.20468795,155.24559,-27.58902,-1.69882,11.05930925,76.92355635,376.54114,0.0,,3.7900925,193.29,2,2
295.380,417262563809591,0.28758737,4.574628,8.605039,-0.049021892,0.007864883,0.052916158,0.29473186,4.4940934,8.711294,-0.007144481,0.0805347,-0.10625553,-16.125,-33.975002,8.325001,0.03676732,-0.23584545,-0.94915473,0.20525233,155.16705,-27.567986,-1.7466813,11.05930925,76.92355635,376.54114,0.0,,3.7900925,193.31,2,2
295.400,417262583809591,0.34785658,4.5450172,8.763414,-0.05513054,0.04230238,0.060322892,0.2966185,4.4855876,8.715613,0.051238105,0.059429407,0.04780054,-16.125,-34.5,7.65,0.03636784,-0.23546907,-0.9491122,0.20595105,155.07169,-27.513208,-1.8063052,11.05930925,76.92355635,376.54114,0.0,,3.7900925,193.33,2,2
295.420,417262603809591,0.4121637,4.5177984,8.842377,-0.04123337,0.039782565,0.055970483,0.29951662,4.482456,8.717125,0.11264709,0.035342455,0.12525177,-16.95,-33.975002,9.825001,0.035876792,-0.23503482,-0.94907874,0.20668495,154.97018,-27.449297,-1.8763559,11.05930925,76.92355635,376.54114,0.0,,3.7900925,193.35,2,2
295.440,417262623809591,0.39675993,4.5415773,8.716904,-0.025121812,0.026114468,0.04634936,0.2972832,4.478673,8.719146,0.09947671,0.06290436,-0.0022425652,-17.7,-33.9,10.35,0.035433333,-0.23487493,-0.9489854,0.20737083,154.87206,-27.418177,-1.9471563,11.05930925,76.92355635,376.54114,0.0,,3.7900925,193.37,2,2
295.460,417262643809591,0.33888352,4.5782175,8.698509,-0.036651883,0.044287693,0.04634936,0.2927879,4.4683647,8.724585,0.046095595,0.10985279,-0.02607584,-17.775002,-34.425003,11.400001,0.03531786,-0.23470114,-0.9488933,0.20800878,154.78963,-27.393919,-1.9759812,11.05930925,76.92355635,376.54114,0.0,,3.7900925,193.39,2,2
295.480,417262663809591,0.31136605,4.5560837,8.902496,-0.056123197,0.056199554,0.05482511,0.2953858,4.45586,8.73089,0.015980244,0.10022378,0.17160606,-16.800001,-33.9,8.775001,0.035277043,-0.23405357,-0.94890326,0.20869823,154.71014,-27.31698,-1.983003,11.05930925,76.92355635,376.54114,0.0,,3.7900925,193.41,2,2
295.500,417262683809591,0.40498525,4.471587,9.01137,-0.04894554,0.039171703,0.06673697,0.2994082,4.4464593,8.735545,0.10557704,0.025128126,0.27582455,-16.800001,-34.2,9.150001,0.035060342,-0.23327054,-0.9489358,0.2094602,154.61856,-27.219786,-2.0094836,11.05930925,76.92355635,376.54114,0.0,,3.7900925,193.43,2,2
295.520,417262703809591,0.4269693,4.4211884,8.973234,-0.028710641,0.029092431,0.056046836,0.2977681,4.4398274,8.738974,0.1292012,-0.01863885,0.23426104,-17.025002,-34.2,7.65,0.03478284,-0.2324672,-0.9489832,0.21018293,154.53073,-27.118767,-2.0413437,11.05930925,76.92355635,376.54114,0.0,,3.7900925,193.45,2,2
295.540,417262723809591,0.3414259,4.4395833,8.960523,-0.019013165,0.03436114,0.035048366,0.29554537,4.4370475,8.74046,0.04588051,0.00253582,0.22006226,-18.675001,-34.350002,10.275001,0.034694333,-0.2320311,-0.94902074,0.21050952,154.49327,-27.065683,-2.0489788,11.05930925,76.92355635,376.54114,0.0,,3.7900925,193.47,2,2
295.560,417262743809591,0.3179463,4.50404,8.91461,-0.0115300715,0.029932372,0.027794344,0.29339638,4.435009,8.741568,0.024549916,0.069031,0.17304277,-17.625,-34.275,10.35,0.03469695,-0.23199347,-0.9490238,0.21053645,154.49048,-27.061369,-2.0483506,11.05930925,76.92355635,376.54114,0.0,,3.7900925,193.49,2,2
295.580,417262763809591,0.2976073,4.478467,8.900403,-0.0045051277,0.0335212,0.04207331,0.29669383,4.4348745,8.741525,9.134859E-4,0.043592215,0.15887833,-17.625,-34.275,9.525001,0.034754734,-0.23138493,-0.94907093,0.21098213,154.4445,-26.992037,-2.0366025,11.05930925,76.92355635,376.54114,0.0,,3.7900925,193.51,2,2
295.600,417262783809591,0.35144582,4.4370413,8.820841,0.00679587,0.01679878,0.049861833,0.29803288,4.4398866,8.738934,0.053412944,-0.0028455257,0.08190775,-17.325,-34.125,9.225,0.034744676,-0.23135352,-0.9490699,0.21102294,154.4395,-26.988083,-2.0381262,11.05930925,76.92355635,376.54114,0.0,,3.7900925,193.53,2,2
295.620,417262803809591,0.31974095,4.4579782,8.560173,0.012904517,0.014966186,0.03474293,0.28872004,4.448093,8.735072,0.031020895,0.009885311,-0.17489862,-17.925001,-34.2,10.650001,0.034741726,-0.2313373,-0.94906366,0.21106908,154.43376,-26.986044,-2.0394099,11.05930925,76.92355635,376.54114,0.0,,3.7900925,193.55,2,2
295.640,417262823809591,0.1843969,4.5987062,8.382057,-0.0031306816,0.051694427,0.03474293,0.27272648,4.4491653,8.735041,-0.08832958,0.14954066,-0.352983,-17.1,-34.275,9.075001,0.035096265,-0.23114131,-0.94883233,0.21226093,154.29399,-26.970251,-2.0269992,11.05930925,76.92355635,376.54114,0.0,,3.7900925,193.57,2,2
295.660,417262843809591,0.12547363,4.587041,8.396265,-0.03955349,0.09873101,0.068875,0.25457782,4.4371285,8.741709,-0.12910418,0.14991236,-0.34544373,-17.1,-33.675003,8.25,0.03587169,-0.23092793,-0.9486185,0.21331584,154.18362,-26.963898,-1.9587339,11.05930925,76.92355635,376.54114,0.0,,3.7900925,193.59,2,2
295.680,417262863809591,0.16854444,4.4449673,8.555836,-0.081245005,0.13515383,0.094378605,0.23965734,4.4177775,8.751925,-0.0711129,0.027189732,-0.19608927,-17.400002,-34.2,10.275001,0.036982805,-0.23032744,-0.9484794,0.21438758,154.08633,-26.922121,-1.8384018,11.05930925,76.92355635,376.54114,0.0,,3.7900925,193.61,2,2
295.700,417262883809591,0.20967108,4.388736,8.748608,-0.10293071,0.12568542,0.09239329,0.23125912,4.396561,8.762828,-0.021588035,-0.007825375,-0.014219761,-18.075,-34.275,9.900001,0.03806453,-0.22919244,-0.9484685,0.21545584,153.99677,-26.818523,-1.7051624,11.05930925,76.92355635,376.54114,0.0,,3.7900925,193.63,2,2
295.720,417262903809591,0.18544376,4.375426,8.812317,-0.11087195,0.080939576,0.0839939,0.23093358,4.374657,8.773792,-0.045489825,7.686615E-4,0.038525105,-18.075,-33.75,9.975,0.038963012,-0.22777803,-0.9485482,0.21643904,153.91707,-26.678461,-1.582966,11.05930925,76.92355635,376.54114,0.0,,3.7900925,193.65,2,2
295.740,417262923809591,0.19860429,4.3876886,8.805139,-0.121409364,0.0344375,0.07765618,0.23539622,4.349056,8.786393,-0.036791943,0.03863311,0.018745422,-17.775002,-33.75,9.3,0.03948792,-0.22647025,-0.94863266,0.21734548,153.83519,-26.54107,-1.5068719,11.05930925,76.92355635,376.54114,0.0,,3.7900925,193.67,2,2
295.760,417262943809591,0.35338998,4.3007994,8.920593,-0.124463685,0.036117375,0.078648835,0.23810217,4.325197,8.798088,0.115287825,-0.024397612,0.12250471,-17.85,-33.9,9.825001,0.039477862,-0.22506286,-0.9487483,0.2183028,153.73372,-26.378067,-1.4938053,11.05930925,76.92355635,376.54114,0.0,,3.7900925,193.69,2,2
295.780,417262963809591,0.40827537,4.1825047,8.935248,-0.09995274,0.049403682,0.06543888,0.23290446,4.3039265,8.808653,0.1753709,-0.12142205,0.1265955,-18.375,-33.675003,10.275001,0.039284438,-0.2236397,-0.94888186,0.21921802,153.633,-26.208504,-1.5008546,11.05930925,76.92355635,376.54114,0.0,,3.7900925,193.71,2,2
295.800,417262983809591,0.32467613,4.2050867,9.019745,-0.08712458,0.06780598,0.04436405,0.22587505,4.284387,8.818356,0.09880108,-0.0793004,0.20138979,-18.300001,-34.350002,7.425,0.03919553,-0.2221613,-0.9490468,0.22002193,153.55013,-26.035675,-1.4900122,11.05930925,76.92355635,376.54114,0.0,,3.7900925,193.73,2,2
295.820,417263003809591,0.24481566,4.2095733,9.160324,-0.07154753,0.06039925,0.03756818,0.23286983,4.269361,8.825459,0.011945829,-0.05978775,0.3348651,-17.025002,-34.050003,6.3750005,0.039115082,-0.2207398,-0.949217,0.22073272,153.47852,-25.86982,-1.4769355,11.05930925,76.92355635,376.54114,0.0,,3.7900925,193.75,2,2
295.840,417263023809591,0.3662514,4.156333,9.08824,-0.045662135,0.010613775,0.051847145,0.24684007,4.258064,8.830534,0.11941135,-0.10173082,0.2577057,-17.85,-33.300003,8.625,0.038721375,-0.21960509,-0.9493375,0.22141717,153.39789,-25.72841,-1.5093892,11.05930925,76.92355635,376.54114,0.0,,3.7900925,193.77,2,2
295.860,417263043809591,0.5008477,4.132554,8.99462,-0.030237803,-0.011682788,0.03863719,0.25626588,4.2501783,8.834065,0.24458182,-0.117624044,0.16055489,-18.45,-33.825,9.825001,0.038692053,-0.21956785,-0.9493413,0.22144283,153.39441,-25.723322,-1.5125151,11.05930925,76.92355635,376.54114,0.0,,3.7900925,193.79,2,2
295.880,417263063809591,0.42338008,4.1911783,8.928818,-0.027641628,-0.019853104,0.0032070398,0.26448122,4.245001,8.836311,0.15889885,-0.053822517,0.09250641,-17.775002,-33.825,8.325001,0.03864353,-0.21952887,-0.9493459,0.22147025,153.39024,-25.717512,-1.5179476,11.05930925,76.92355635,376.54114,0.0,,3.7900925,193.81,2,2
295.900,417263083809591,0.34920257,4.2681975,8.848808,-0.03161225,-0.03153589,-0.0031306818,0.27375913,4.238703,8.839051,0.07544343,0.029494762,0.009756565,-17.175001,-33.975002,7.7250004,0.03857858,-0.21949698,-0.9493494,0.22149791,153.38548,-25.712065,-1.5255796,11.05930925,76.92355635,376.54114,0.0,,3.7900925,193.83,2,2
295.920,417263103809591,0.40633118,4.2720857,8.848509,-0.039324418,-0.024358232,0.005345066,0.27688894,4.2307725,8.842752,0.12944226,0.04131317,0.0057559013,-18.150002,-33.9,9.375,0.03849698,-0.21946658,-0.94935256,0.22152813,153.37997,-25.706331,-1.5353338,11.05930925,76.92355635,376.54114,0.0,,3.7900925,193.85,2,2
295.940,417263123809591,0.38434714,4.254738,8.968,-0.038789913,1.5271618E-4,-0.004276053,0.28064904,4.224767,8.845506,0.103698105,0.029970646,0.12249422,-18.300001,-34.2,9.0,0.03840122,-0.21942692,-0.9493579,0.22155985,153.37401,-25.69915,-1.5465475,11.05930925,76.92355635,376.54114,0.0,,3.7900925,193.87,2,2
295.960,417263143809591,0.34396827,4.248307,8.974581,-0.028023418,-0.015729766,-0.012675443,0.28470105,4.221734,8.846824,0.059267208,0.026572943,0.1277566,-17.550001,-33.9,8.55,0.038296044,-0.21939074,-0.94936347,0.22158909,153.36807,-25.692116,-1.5589273,11.05930925,76.92355635,376.54114,0.0,,3.7900925,193.89,2,2
295.980,417263163809591,0.32093734,4.24726,8.891729,-0.018096868,-0.024434589,-0.017256929,0.2839458,4.219549,8.847891,0.036991537,0.027711153,0.043838024,-18.75,-34.125,8.700001,0.038199525,-0.21936163,-0.94936883,0.22161078,153.36322,-25.686136,-1.5702642,11.05930925,76.92355635,376.54114,0.0,,3.7900925,193.91,2,2
296.000,417263183809591,0.24720849,4.2722354,8.882158,-0.01878409,-0.014278963,-0.023365576,0.28194204,4.2174907,8.848936,-0.03473355,0.05474472,0.03322172,-18.0,-34.050003,8.400001,0.038117036,-0.21933416,-0.94937533,0.22162363,153.35983,-25.680738,-1.5797073,11.05930925,76.92355635,376.54114,0.0,,3.7900925,193.93,2,2
296.020,417263203809591,0.20129621,4.286742,8.86466,-0.022067487,-0.015042543,-0.022296563,0.27799085,4.215617,8.849954,-0.07669464,0.07112479,0.014706135,-17.925001,-33.600002,8.1,0.038048428,-0.2193079,-0.9493829,0.22162883,153.35779,-25.675873,-1.5872955,11.05930925,76.92355635,376.54114,0.0,,3.7900925,193.95,2,2
296.040,417263223809591,0.20324036,4.2674494,8.844172,-0.019547671,0.0025198169,-0.011148281,0.27227056,4.2127047,8.851518,-0.06903019,0.05474496,-0.0073461533,-18.75,-34.050003,9.75,0.037997145,-0.21928158,-0.949391,0.22162917,153.3568,-25.671478,-1.5926579,11.05930925,76.92355635,376.54114,0.0,,3.7900925,193.97,2,2
296.060,417263243809591,0.23001006,4.233651,8.855986,-0.019547671,0.020082178,-0.008093958,0.26305476,4.2087812,8.853663,-0.03304469,0.02486968,0.0023226738,-18.75,-33.675003,9.075001,0.037965763,-0.21924938,-0.94940066,0.22162542,153.35695,-25.66696,-1.5953281,11.05930925,76.92355635,376.54114,0.0,,3.7900925,193.99,2,2
296.080,417263263809591,0.15987046,4.23395,8.92149,-0.021456622,0.025503602,-0.012751801,0.2549653,4.2044907,8.855938,-0.095094845,0.029459476,0.06555176,-18.375,-33.9,9.375,0.037953544,-0.21920748,-0.94941276,0.22161731,153.3583,-25.661856,-1.5952698,11.05930925,76.92355635,376.54114,0.0,,3.7900925,194.01,2,2
296.100,417263283809591,0.08449655,4.220939,8.92478,-0.022067487,0.009697477,-0.0061850054,0.25389382,4.202702,8.856818,-0.16939726,0.018237114,0.06796169,-17.7,-34.050003,8.400001,0.037956398,-0.21915853,-0.94942665,0.22160608,153.36053,-25.656357,-1.5930917,11.05930925,76.92355635,376.54114,0.0,,3.7900925,194.03,2,2
296.120,417263303809591,0.15927225,4.259972,8.868399,-0.018096868,-0.007635809,0.009392045,0.25478914,4.203003,8.856648,-0.09551689,0.056969166,0.011750698,-17.550001,-33.675003,7.5750003,0.037967455,-0.21911623,-0.94943863,0.22159456,153.36292,-25.651842,-1.5901256,11.05930925,76.92355635,376.54114,0.0,,3.7900925,194.05,2,2
296.140,417263323809591,0.19591236,4.2463627,8.739187,-0.01320995,-0.004886918,0.022907427,0.25385776,4.2013884,8.857442,-0.057945408,0.044974327,-0.11825514,-18.825,-33.825,10.125,0.03798311,-0.21908484,-0.94944715,0.22158672,153.36479,-25.648695,-1.5870494,11.05930925,76.92355635,376.54114,0.0,,3.7900925,194.07,2,2
296.160,417263343809591,0.22612174,4.223631,8.694172,-0.023518292,0.017104212,0.03481929,0.25421086,4.196506,8.859746,-0.028089121,0.02712512,-0.16557455,-18.525002,-33.825,9.525001,0.03830461,-0.21858793,-0.94954556,0.22160831,153.37787,-25.600628,-1.5337337,11.05930925,76.92355635,376.54114,0.0,,3.7900925,194.09,2,2
296.180,417263363809591,0.27816564,4.220191,8.704191,-0.04115701,0.023671009,0.04306596,0.25592834,4.187123,8.864135,0.0222373,0.03306842,-0.15994358,-17.775002,-33.975002,8.55,0.038288973,-0.2183512,-0.94953895,0.22187743,153.3468,-25.572756,-1.5360956,11.05930925,76.92355635,376.54114,0.0,,3.7900925,194.11,2,2
296.200,417263383809591,0.29476583,4.2052364,8.740233,-0.06299543,0.020082178,0.04596757,0.25958103,4.1736555,8.870378,0.035184816,0.031580687,-0.13014412,-18.150002,-33.600002,7.3500004,0.03794164,-0.21806754,-0.9495165,0.22231396,153.28656,-25.530237,-1.5816545,11.05930925,76.92355635,376.54114,0.0,,3.7900925,194.13,2,2
296.220,417263403809591,0.30299115,4.2107697,8.815159,-0.08368847,0.009850194,0.04634936,0.26343575,4.158606,8.877329,0.039555416,0.0521636,-0.062170506,-18.225,-34.275,9.0,0.03734549,-0.21767907,-0.949504,0.22284801,153.20909,-25.46877,-1.6565753,11.05930925,76.92355635,376.54114,0.0,,3.7900925,194.15,2,2
296.240,417263423809591,0.31660035,4.2128634,8.898159,-0.089338966,0.012904517,0.052305292,0.26677606,4.141182,8.885371,0.049824297,0.0716815,0.012788296,-18.975,-33.825,9.825001,0.036638692,-0.21700063,-0.94953865,0.22347668,153.12117,-25.37093,-1.7383463,11.05930925,76.92355635,376.54114,0.0,,3.7900925,194.17,2,2
296.260,417263443809591,0.3508476,4.11386,8.966505,-0.08506291,0.02603811,0.062155485,0.26999557,4.120637,8.894821,0.08085205,-0.0067765713,0.07168341,-18.45,-34.125,9.75,0.03600484,-0.21601464,-0.94962054,0.2241828,153.03004,-25.239767,-1.8037806,11.05930925,76.92355635,376.54114,0.0,,3.7900925,194.19,2,2
296.280,417263463809591,0.41679978,3.991527,9.048758,-0.08116865,0.035506513,0.056046836,0.27010152,4.1017537,8.903541,0.14669828,-0.11022651,0.14521694,-18.150002,-34.050003,7.65,0.035464607,-0.21486256,-0.94973737,0.22487828,152.94537,-25.09222,-1.8522416,11.05930925,76.92355635,376.54114,0.0,,3.7900925,194.21,2,2
296.300,417263483809591,0.39840496,3.9710388,9.103793,-0.06925678,0.035735585,0.02756527,0.2665651,4.0874605,8.910219,0.13183986,-0.11642182,0.19357395,-17.25,-33.825,5.925,0.035065196,-0.2136399,-0.94989574,0.22543544,152.88297,-24.940771,-1.8775048,11.05930925,76.92355635,376.54114,0.0,,3.7900925,194.23,2,2
296.320,417263503809591,0.30687952,4.0289154,9.118599,-0.055054184,0.030543236,0.009010255,0.26546577,4.0759926,8.915503,0.04141374,-0.047077417,0.20309591,-18.075,-33.75,8.700001,0.034931406,-0.21299355,-0.9499929,0.22565857,152.86101,-24.862991,-1.8795453,11.05930925,76.92355635,376.54114,0.0,,3.7900925,194.25,2,2
296.340,417263523809591,0.27098715,4.0639105,9.097661,-0.04856375,0.01076649,0.009468403,0.26884794,4.0658894,8.920014,0.0021392256,-0.0019791126,0.17764664,-18.45,-34.425003,8.475,0.0349231,-0.21292716,-0.9500042,0.22567454,152.85977,-24.855164,-1.8789103,11.05930925,76.92355635,376.54114,0.0,,3.7900925,194.27,2,2
296.360,417263543809591,0.29042885,4.0721354,9.039037,-0.048258312,-0.009392045,0.012904517,0.2720055,4.0576534,8.923669,0.018423349,0.014482021,0.11536789,-17.400002,-33.825,6.0,0.0349024,-0.21284454,-0.9500186,0.22569454,152.85794,-24.845137,-1.8793612,11.05930925,76.92355635,376.54114,0.0,,3.7900925,194.29,2,2
296.380,417263563809591,0.3080759,4.086642,9.007631,-0.0439059,-0.0055741407,0.012446368,0.27008983,4.0524755,8.926079,0.037986085,0.034166336,0.081552505,-17.550001,-34.425003,6.8250003,0.03488087,-0.21276528,-0.950032,0.22571589,152.85588,-24.83547,-1.880054,11.05930925,76.92355635,376.54114,0.0,,3.7900925,194.31,2,2
296.400,417263583809591,0.25139594,4.112963,8.962019,-0.03550651,0.010079268,0.0073303767,0.26410002,4.0479627,8.928306,-0.012704089,0.065000534,0.033712864,-19.35,-34.350002,8.925,0.03487341,-0.21268803,-0.95004463,0.22573616,152.85426,-24.82642,-1.8790971,11.05930925,76.92355635,376.54114,0.0,,3.7900925,194.33,2,2
296.420,417263603809591,0.19695923,4.1228333,8.936893,-0.03604102,0.025427245,0.011377355,0.2582557,4.0409465,8.931655,-0.06129647,0.08188701,0.005238533,-18.825,-34.425003,8.175,0.03511292,-0.21092972,-0.9503183,0.22619283,152.82832,-24.631798,-1.8083351,11.05930925,76.92355635,376.54114,0.0,,3.7900925,194.35,2,2
296.440,417263623809591,0.18918255,4.091876,8.9804125,-0.042989604,0.028176134,0.020005818,0.25541246,4.032811,8.935412,-0.06622992,0.059065104,0.045000076,-18.75,-34.125,9.225,0.03561825,-0.20968796,-0.9505024,0.22649677,152.82045,-24.50374,-1.7177978,11.05930925,76.92355635,376.54114,0.0,,3.7900925,194.37,2,2
296.460,417263643809591,0.20174485,4.0558343,8.980862,-0.044974916,0.016264273,0.02397644,0.2528732,4.027591,8.937838,-0.05112835,0.028243065,0.043024063,-18.825,-34.050003,8.175,0.03591953,-0.20913363,-0.9505837,0.22662179,152.82005,-24.4487,-1.6680962,11.05930925,76.92355635,376.54114,0.0,,3.7900925,194.39,2,2
296.480,417263663809591,0.21415763,4.067649,8.949606,-0.03390299,0.01756236,0.024358232,0.24997543,4.0281453,8.93767,-0.035817802,0.039503813,0.011935711,-18.300001,-33.75,7.8750005,0.035948843,-0.2091047,-0.95058614,0.22663362,152.81969,-24.446192,-1.6640286,11.05930925,76.92355635,376.54114,0.0,,3.7900925,194.41,2,2
296.500,417263683809591,0.24825534,4.1041393,8.840881,-0.014966185,0.028634284,0.02794706,0.24229255,4.0322375,8.936036,0.0059627965,0.07190204,-0.095154285,-18.375,-34.050003,8.175,0.03642579,-0.20890608,-0.95055073,0.22689033,152.80174,-24.436281,-1.6080558,11.05930925,76.92355635,376.54114,0.0,,3.7900925,194.43,2,2
296.520,417263703809591,0.20473589,4.173681,8.723334,-0.01359174,0.05207622,0.03550651,0.23019676,4.030827,8.936992,-0.02546087,0.14285374,-0.21365738,-18.45,-33.75,8.175,0.037291314,-0.20876352,-0.95043284,0.22737703,152.76337,-24.443129,-1.5138205,11.05930925,76.92355635,376.54114,0.0,,3.7900925,194.45,2,2
296.540,417263723809591,0.1692922,4.207779,8.771041,-0.04604393,0.07918334,0.05146535,0.21756373,4.0191126,8.942583,-0.048271537,0.1886661,-0.17154217,-18.225,-34.050003,7.65,0.03816848,-0.20865259,-0.9502873,0.22794183,152.7149,-24.453852,-1.42133,11.05930925,76.92355635,376.54114,0.0,,3.7900925,194.47,2,2
296.560,417263743809591,0.18305093,4.135695,8.959925,-0.08025235,0.09529489,0.07116574,0.2066648,4.0005913,8.951142,-0.02361387,0.1351037,0.008782387,-18.825,-33.825,7.7250004,0.039075974,-0.20816085,-0.9501914,0.22863558,152.65616,-24.42197,-1.3169478,11.05930925,76.92355635,376.54114,0.0,,3.7900925,194.49,2,2
296.580,417263763809591,0.20682961,3.9921255,9.101101,-0.08888082,0.095065825,0.07849611,0.19580178,3.9818325,8.959746,0.011027828,0.010293007,0.14135456,-17.625,-33.825,4.7250004,0.039695766,-0.20715284,-0.9501842,0.22947063,152.57971,-24.323286,-1.2346486,11.05930925,76.92355635,376.54114,0.0,,3.7900925,194.51,2,2
296.600,417263783809591,0.2597708,3.8811584,9.123981,-0.07513636,0.09865465,0.060322892,0.1784877,3.975049,8.9631195,0.0812831,-0.093890786,0.16086245,-17.925001,-34.125,6.8250003,0.04013855,-0.20598455,-0.95021725,0.23030552,152.50105,-24.201593,-1.1683537,11.05930925,76.92355635,376.54114,0.0,,3.7900925,194.53,2,2
296.620,417263803809591,0.22058833,3.9924245,8.929117,-0.042149667,0.116904244,0.029779654,0.14527136,3.9776862,8.96255,0.07531697,0.0147384405,-0.033433437,-18.825,-33.975002,7.425,0.040821426,-0.20525236,-0.9501766,0.231007,152.43892,-24.13651,-1.0833756,11.05930925,76.92355635,376.54114,0.0,,3.7900925,194.55,2,2
296.640,417263823809591,0.08599207,4.1599226,8.755339,-0.02840521,0.17898336,0.014508037,0.09487078,3.9806664,8.961902,-0.008878719,0.17925596,-0.20656347,-18.300001,-33.675003,6.3750005,0.042209115,-0.20475858,-0.9500735,0.23161654,152.40181,-24.11843,-0.9195464,11.05930925,76.92355635,376.54114,0.0,,3.7900925,194.57,2,2
296.660,417263843809591,-0.09735797,4.1487055,8.699854,-0.028023418,0.259083,0.036575526,0.037959132,3.98056,8.962371,-0.1353171,0.16814566,-0.2625165,-18.0,-34.125,6.4500003,0.04432543,-0.20428276,-0.94989735,0.2323533,152.36552,-24.122797,-0.67314374,11.05930925,76.92355635,376.54114,0.0,,3.7900925,194.59,2,2
296.680,417263863809591,-0.08703892,4.112664,8.687592,-0.040087998,0.32238385,0.06994401,-0.028041918,3.9698806,8.967142,-0.058997005,0.1427834,-0.27955055,-17.400002,-33.9,3.3750002,0.04708671,-0.20365718,-0.9496546,0.23333377,152.31554,-24.128332,-0.3520762,11.05930925,76.92355635,376.54114,0.0,,3.7900925,194.61,2,2
296.700,417263883809591,-0.17123637,4.0508995,8.950054,-0.072845615,0.37423098,0.08177952,-0.08689888,3.9509807,8.975109,-0.084337495,0.099918604,-0.025055408,-17.400002,-33.675003,5.4750004,0.05031459,-0.20251805,-0.94943774,0.23451082,152.25797,-24.088999,0.03488239,11.05930925,76.92355635,376.54114,0.0,,3.7900925,194.63,2,2
296.720,417263903809591,-0.27936202,3.952046,9.166306,-0.09170607,0.32849252,0.088499025,-0.12952709,3.9311843,8.983285,-0.14983495,0.020861506,0.18302059,-18.375,-33.525,6.525,0.0534242,-0.20094235,-0.94928336,0.23578721,152.18976,-23.997446,0.418334,11.05930925,76.92355635,376.54114,0.0,,3.7900925,194.65,2,2
296.740,417263923809591,-0.31151557,3.9124146,9.237192,-0.089720756,0.24136792,0.09017891,-0.16057338,3.9167328,8.989094,-0.1509422,-0.0043182373,0.24809885,-18.6,-33.75,4.7250004,0.0560928,-0.1992095,-0.9491779,0.23705736,152.11293,-23.876398,0.75417215,11.05930925,76.92355635,376.54114,0.0,,3.7900925,194.67,2,2
296.760,417263943809591,-0.2920739,3.954289,9.206236,-0.072158396,0.18753546,0.092316926,-0.19326477,3.910903,8.990988,-0.09880914,0.043385983,0.21524763,-18.75,-33.75,4.3500004,0.058470774,-0.19761151,-0.94906235,0.23828468,152.03224,-23.763145,1.0523769,11.05930925,76.92355635,376.54114,0.0,,3.7900925,194.69,2,2
296.780,417263963809591,-0.34710884,4.067051,9.151949,-0.047647446,0.1976911,0.10483965,-0.2319159,3.9076955,8.991469,-0.115192935,0.15935516,0.16047907,-18.75,-33.825,4.8,0.060865007,-0.19643034,-0.9488316,0.2395817,151.9377,-23.698444,1.3378617,11.05930925,76.92355635,376.54114,0.0,,3.7900925,194.71,2,2
296.800,417263983809591,-0.38120657,4.052694,9.200104,-0.029474221,0.24946189,0.14561488,-0.26941195,3.9037294,8.9921465,-0.111794606,0.1489644,0.20795727,-18.75,-33.600002,5.25,0.0634194,-0.1953199,-0.948506,0.24111073,151.81615,-23.647364,1.6339706,11.05930925,76.92355635,376.54114,0.0,,3.7900925,194.73,2,2
296.820,417264003809591,-0.38270205,3.9744785,9.249605,-0.019776747,0.25915936,0.16623157,-0.29942542,3.8986022,8.993422,-0.083276644,0.075876236,0.2561841,-19.425001,-33.825,4.3500004,0.065815166,-0.19409424,-0.9481473,0.24286193,151.66348,-23.57992,1.9088829,11.05930925,76.92355635,376.54114,0.0,,3.7900925,194.75,2,2
296.840,417264023809591,-0.37642092,3.9480078,9.297312,-0.020540327,0.22586723,0.16829324,-0.3203311,3.8942842,8.994573,-0.056089804,0.053723574,0.30273962,-18.900002,-32.925003,3.825,0.06781593,-0.19283874,-0.9477813,0.24473561,151.48598,-23.498924,2.13474,11.05930925,76.92355635,376.54114,0.0,,3.7900925,194.77,2,2
296.860,417264043809591,-0.38703907,3.926323,9.329317,-0.0115300715,0.17615812,0.16462804,-0.3300846,3.8958251,8.993552,-0.05695446,0.03049779,0.3357644,-19.725,-33.525,5.25,0.06934218,-0.19168746,-0.94741863,0.2466161,151.29524,-23.416885,2.3012109,11.05930925,76.92355635,376.54114,0.0,,3.7900925,194.79,2,2
296.880,417264063809591,-0.38494533,3.9607196,9.217302,0.007788525,0.114613496,0.16065742,-0.33052495,3.904455,8.989792,-0.05442038,0.056264758,0.22751045,-19.575,-32.925003,4.8,0.07035397,-0.19120875,-0.94696224,0.24845752,151.09077,-23.39669,2.3873875,11.05930925,76.92355635,376.54114,0.0,,3.7900925,194.81,2,2
296.900,417264083809591,-0.3007479,4.0200915,9.068349,0.028481567,0.08063415,0.1656207,-0.3275069,3.9148164,8.985396,0.026758999,0.105275154,0.0829525,-18.975,-33.45,3.6000001,0.07095198,-0.19130623,-0.9464174,0.2502895,150.87209,-23.429987,2.407106,11.05930925,76.92355635,376.54114,0.0,,3.7900925,194.83,2,2
296.920,417264103809591,-0.18215361,4.0165024,9.027223,0.037415463,0.08498655,0.17012583,-0.32252163,3.92199,8.982448,0.14036801,0.09451246,0.04477501,-19.35,-33.15,4.125,0.071264274,-0.1916496,-0.9458338,0.25214192,150.64154,-23.482864,2.3846877,11.05930925,76.92355635,376.54114,0.0,,3.7900925,194.85,2,2
296.940,417264123809591,-0.11949158,3.9828534,9.085249,0.030695952,0.08193223,0.16210823,-0.31210238,3.9238362,8.982009,0.1926108,0.059017062,0.10323954,-20.625,-32.850002,6.3750005,0.07131048,-0.19200991,-0.94527024,0.25396463,150.4082,-23.529625,2.330831,11.05930925,76.92355635,376.54114,0.0,,3.7900925,194.87,2,2
296.960,417264143809591,-0.0846461,3.9195929,9.140284,0.015882483,0.05199986,0.15111266,-0.29769602,3.921551,8.983496,0.21304992,-0.0019580126,0.15678787,-20.625,-33.375,4.8,0.07107607,-0.1922413,-0.9447739,0.255699,150.1807,-23.553005,2.2500465,11.05930925,76.92355635,376.54114,0.0,,3.7900925,194.89,2,2
296.980,417264163809591,-0.05024928,3.8425741,9.188139,0.008781181,0.025350885,0.13194677,-0.2826223,3.9226172,8.983517,0.23237303,-0.08004308,0.20462275,-20.925001,-33.300003,4.5750003,0.07059841,-0.19235921,-0.94436103,0.25726593,149.96991,-23.555563,2.1485097,11.05930925,76.92355635,376.54114,0.0,,3.7900925,194.91,2,2
297.000,417264183809591,-0.05398806,3.8572302,9.119196,0.021380266,0.0064904373,0.106214106,-0.27255657,3.9291747,8.980962,0.21856852,-0.071944594,0.13823462,-20.025002,-33.225002,4.125,0.069984905,-0.19254583,-0.943994,0.25863996,149.77962,-23.561049,2.033806,11.05930925,76.92355635,376.54114,0.0,,3.7900925,194.93,2,2
297.020,417264203809591,-0.027816564,3.887888,9.048907,0.043829545,0.032146756,0.09567669,-0.26681557,3.9382977,8.977138,0.23899901,-0.050409675,0.071769714,-21.075,-33.075,6.2250004,0.06944668,-0.1928582,-0.9436271,0.2598905,149.60521,-23.582525,1.9271054,11.05930925,76.92355635,376.54114,0.0,,3.7900925,194.95,2,2
297.040,417264223809591,-0.02003989,3.8916268,9.017502,0.057344925,0.052152574,0.085902855,-0.2607952,3.9516344,8.971453,0.24075532,-0.060007453,0.046049118,-20.775002,-32.850002,6.0750003,0.06900906,-0.19331312,-0.9432536,0.26102448,149.44614,-23.622738,1.8305665,11.05930925,76.92355635,376.54114,0.0,,3.7900925,194.97,2,2
297.060,417264243809591,-0.05623133,3.9524944,8.850602,0.062537275,0.03688096,0.07376191,-0.25825012,3.9678895,8.964349,0.20201878,-0.0153951645,-0.11374664,-20.625,-33.300003,5.775,0.068693265,-0.19403669,-0.94284904,0.26203182,149.30263,-23.696651,1.7427071,11.05930925,76.92355635,376.54114,0.0,,3.7900925,194.99,2,2
297.080,417264263809591,-0.09646066,4.0260735,8.687143,0.058948446,0.050167266,0.07956513,-0.26100188,3.9767783,8.960329,0.16454121,0.049295187,-0.2731862,-21.0,-33.0,6.0750003,0.068610065,-0.19490346,-0.9424025,0.2630153,149.16554,-23.793783,1.6778674,11.05930925,76.92355635,376.54114,0.0,,3.7900925,195.01,2,2
297.100,417264283809591,-0.020638093,3.9532423,8.723783,0.033444844,0.09819651,0.088117234,-0.26516733,3.9756465,8.960709,0.24452923,-0.022404313,-0.23692608,-21.525002,-32.625,6.3750005,0.06866794,-0.1955096,-0.9419783,0.2640686,149.02565,-23.865917,1.6361866,11.05930925,76.92355635,376.54114,0.0,,3.7900925,195.03,2,2
297.120,417264303809591,0.09092726,3.8386858,8.91132,0.009239329,0.11850776,0.06528617,-0.2670961,3.9727206,8.961949,0.35802338,-0.13403487,-0.05062914,-20.775002,-32.475002,5.025,0.06877063,-0.19574085,-0.9416509,0.26503822,148.90181,-23.896944,1.6144308,11.05930925,76.92355635,376.54114,0.0,,3.7900925,195.05,2,2
297.140,417264323809591,0.016600206,3.8591743,8.917004,-0.002672533,0.07238747,0.019776745,-0.27139357,3.9705606,8.962778,0.2879938,-0.1113863,-0.045774937,-21.825,-33.300003,7.05,0.06876915,-0.1957445,-0.9416413,0.2650704,148.89764,-23.897366,1.6132668,11.05930925,76.92355635,376.54114,0.0,,3.7900925,195.07,2,2
297.160,417264343809591,-0.17617157,3.9945183,8.839685,-0.024434589,0.040011637,-0.002519817,-0.28083423,3.9668868,8.964112,0.104662664,0.027631521,-0.12442732,-21.375,-32.850002,6.2250004,0.06883461,-0.19587466,-0.9414812,0.26552635,148.83952,-23.914906,1.6043077,11.05930925,76.92355635,376.54114,0.0,,3.7900925,195.09,2,2
297.180,417264363809591,-0.21116659,4.042674,8.911919,-0.03649917,0.07147117,0.014278963,-0.29476175,3.9623327,8.965681,0.08359515,0.0803411,-0.053762913,-20.400002,-32.925003,4.5,0.06901335,-0.19600941,-0.9412224,0.26629847,148.74368,-23.937082,1.5999798,11.05930925,76.92355635,376.54114,0.0,,3.7900925,195.11,2,2
297.200,417264383809591,-0.13010973,4.0435715,9.150454,-0.026572615,0.12423462,0.034132063,-0.30548948,3.9589326,8.966824,0.17537975,0.084638596,0.18362951,-19.725,-32.475002,3.3000002,0.06921803,-0.19587606,-0.94102025,0.26705772,148.65327,-23.929804,1.6080979,11.05930925,76.92355635,376.54114,0.0,,3.7900925,195.13,2,2
297.220,417264403809591,-0.21116659,4.0520954,9.211769,-0.017715078,0.09308051,0.032681264,-0.3032124,3.9528918,8.969564,0.09204581,0.09920359,0.24220467,-21.150002,-32.925003,5.3250003,0.06948533,-0.19539574,-0.94091636,0.26770562,148.58269,-23.885193,1.6383835,11.05930925,76.92355635,376.54114,0.0,,3.7900925,195.15,2,2
297.240,417264423809591,-0.2614159,4.055236,9.218947,-0.033368483,0.011530072,0.032681264,-0.28371063,3.9402392,8.975768,0.022294745,0.11499691,0.24317932,-20.925001,-33.0,4.5,0.069394976,-0.19493441,-0.94087553,0.26820913,148.52206,-23.831156,1.6298679,11.05930925,76.92355635,376.54114,0.0,,3.7900925,195.17,2,2
297.260,417264443809591,-0.27502507,4.012764,9.075827,-0.07528908,-0.09285144,0.02832885,-0.2633703,3.9204185,8.985063,-0.0116547495,0.09234524,0.090764046,-21.525002,-32.325,6.0750003,0.06898543,-0.19444503,-0.94092226,0.2685065,148.48077,-23.76344,1.5903549,11.05930925,76.92355635,376.54114,0.0,,3.7900925,195.19,2,2
297.280,417264463809591,-0.25872394,3.950251,9.110672,-0.106214106,-0.100410886,0.02397644,-0.2580767,3.907556,8.990817,-6.4724684E-4,0.042695045,0.119855404,-20.925001,-32.625,4.05,0.06836044,-0.19359334,-0.9410887,0.26869705,148.45258,-23.647806,1.540779,11.05930925,76.92355635,376.54114,0.0,,3.7900925,195.21,2,2
297.300,417264483809591,-0.34157544,3.9847975,9.1386385,-0.07368556,-0.034208424,0.0231365,-0.27021563,3.910373,8.989235,-0.0713598,0.074424386,0.14940357,-20.85,-32.775,5.1000004,0.068240926,-0.19288161,-0.9411934,0.2688733,148.4361,-23.564058,1.5462874,11.05930925,76.92355635,376.54114,0.0,,3.7900925,195.23,2,2
297.320,417264503809591,-0.36699915,4.013661,9.154192,0.008933896,0.07353284,0.055054184,-0.28845075,3.9256487,8.982008,-0.07854842,0.08801222,0.17218351,-20.775002,-32.7,3.9750001,0.06889889,-0.19252555,-0.94111097,0.26924866,148.40749,-23.54553,1.6257317,11.05930925,76.92355635,376.54114,0.0,,3.7900925,195.25,2,2
297.340,417264523809591,-0.3207878,3.9907794,9.146714,0.08239038,0.13675734,0.09445496,-0.295483,3.943305,8.974042,-0.02530478,0.047474504,0.17267227,-20.7,-32.550003,4.875,0.06994548,-0.1924556,-0.9408485,0.26994297,148.34355,-23.572287,1.7326057,11.05930925,76.92355635,376.54114,0.0,,3.7900925,195.27,2,2
297.360,417264543809591,-0.19307087,3.9083767,9.050253,0.10430515,0.10850485,0.11407898,-0.2909986,3.9539275,8.969513,0.097927734,-0.045550942,0.08074045,-20.25,-32.7,3.7500002,0.070598066,-0.19270028,-0.94047374,0.2709019,148.23326,-23.622534,1.7754003,11.05930925,76.92355635,376.54114,0.0,,3.7900925,195.29,2,2
297.380,417264563809591,-0.123828575,3.8044384,8.909974,0.074754566,0.04680751,0.09262236,-0.28328592,3.9546201,8.969456,0.15945734,-0.15018177,-0.05948162,-20.475,-32.475002,3.6750002,0.07078932,-0.19297498,-0.94013053,0.27184665,148.11392,-23.661415,1.7632658,11.05930925,76.92355635,376.54114,0.0,,3.7900925,195.31,2,2
297.400,417264583809591,-0.13055839,3.8303108,8.928818,0.018860448,0.0058032144,0.045814857,-0.26960167,3.9495535,8.972108,0.13904329,-0.11924267,-0.04329014,-21.225,-32.7,5.175,0.07077728,-0.19298133,-0.94012046,0.27187982,148.10933,-23.661802,1.7607478,11.05930925,76.92355635,376.54114,0.0,,3.7900925,195.33,2,2
297.420,417264603809591,-0.18379869,3.927968,8.957232,-0.026343541,-0.05131264,0.01878409,-0.24201211,3.9432437,8.97567,0.058213428,-0.015275836,-0.018437386,-21.75,-32.100002,6.2250004,0.069866784,-0.19321638,-0.939904,0.2726949,147.98193,-23.660368,1.6239896,11.05930925,76.92355635,376.54114,0.0,,3.7900925,195.35,2,2
297.440,417264623809591,-0.0948156,3.9901814,8.8594265,-0.051388994,-0.11255182,0.02832885,-0.21155557,3.9369075,8.97922,0.11673997,0.053273797,-0.11979437,-22.275002,-32.25,6.3750005,0.068576425,-0.19354714,-0.9397698,0.27324808,147.87805,-23.656738,1.4463223,11.05930925,76.92355635,376.54114,0.0,,3.7900925,195.37,2,2
297.460,417264643809591,-0.039631125,3.987938,8.56152,-0.07330377,-0.11728603,0.046196647,-0.2043328,3.924645,8.984754,0.16470167,0.0632931,-0.423234,-21.75,-33.0,5.775,0.06728431,-0.1938084,-0.9396717,0.27372044,147.7853,-23.644882,1.273034,11.05930925,76.92355635,376.54114,0.0,,3.7900925,195.39,2,2
297.480,417264663809591,-0.17961125,4.06735,8.214261,-0.14462222,-0.011606429,0.060551967,-0.22297996,3.894059,8.997609,0.043368712,0.17329097,-0.7833481,-21.150002,-32.550003,4.9500003,0.06653491,-0.19349663,-0.93961644,0.2743149,147.69664,-23.586197,1.1802213,11.05930925,76.92355635,376.54114,0.0,,3.7900925,195.41,2,2
297.500,417264683809591,-0.32841492,4.1938705,8.349754,-0.26244277,0.121027574,0.09269872,-0.25045663,3.8450658,9.017933,-0.077958286,0.34880447,-0.6681781,-21.825,-32.475002,5.55,0.06646916,-0.19223143,-0.9396021,0.2752652,147.59018,-23.442928,1.1916379,11.05930925,76.92355635,376.54114,0.0,,3.7900925,195.43,2,2
297.520,417264703809591,-0.437737,4.2311087,8.815009,-0.34849834,0.18379392,0.15836668,-0.2685902,3.7862043,9.042284,-0.16914678,0.44490433,-0.2272749,-22.575,-32.325,5.3250003,0.06685832,-0.19006424,-0.9395743,0.27675387,147.43634,-23.213942,1.2740693,11.05930925,76.92355635,376.54114,0.0,,3.7900925,195.45,2,2
297.540,417264723809591,-0.5096712,4.1434717,9.310024,-0.36873323,0.16073379,0.24701843,-0.26251602,3.7267025,9.067147,-0.24715519,0.41676903,0.242877,-22.800001,-32.850002,5.8500004,0.067304134,-0.18729343,-0.9394671,0.2788714,147.2107,-22.92031,1.3685964,11.05930925,76.92355635,376.54114,0.0,,3.7900925,195.47,2,2
297.560,417264743809591,-0.57293147,3.9474096,9.630663,-0.33337942,0.053450663,0.340328,-0.217241,3.67245,9.090451,-0.35569048,0.27495944,0.5402112,-22.650002,-32.175003,3.9750001,0.06714824,-0.18435426,-0.9392424,0.28159145,146.89723,-22.58933,1.3847333,11.05930925,76.92355635,376.54114,0.0,,3.7900925,195.49,2,2
297.580,417264763809591,-0.6372386,3.744917,9.655039,-0.281685,-0.15225802,0.41752607,-0.14181456,3.6268432,9.11023,-0.49542403,0.1180737,0.54480886,-21.975,-31.650002,2.9250002,0.065791674,-0.18176967,-0.9388787,0.2847695,146.49637,-22.25877,1.2392669,11.05930925,76.92355635,376.54114,0.0,,3.7900925,195.51,2,2
297.600,417264783809591,-0.69885373,3.6659539,9.5144615,-0.23762637,-0.3208567,0.478078,-0.05091068,3.5921,9.124946,-0.6479431,0.07385397,0.3895154,-22.2,-31.650002,4.05,0.06323904,-0.17979714,-0.9383413,0.2883288,146.01607,-21.95569,0.9265778,11.05930925,76.92355635,376.54114,0.0,,3.7900925,195.53,2,2
297.620,417264803809591,-0.56724846,3.6865919,9.521938,-0.18440479,-0.37270385,0.54649484,0.036392078,3.5753906,9.131575,-0.60364056,0.11120129,0.39036417,-23.325,-32.025,5.7000003,0.059982438,-0.17848863,-0.93754774,0.29236612,145.45409,-21.700624,0.49979737,11.05930925,76.92355635,376.54114,0.0,,3.7900925,195.55,2,2
297.640,417264823809591,-0.3315555,3.577868,9.55843,-0.06490438,-0.2975675,0.62346375,0.097029835,3.584476,9.127569,-0.42858532,-0.00660789,0.43086004,-22.725,-31.725,2.9250002,0.05682777,-0.17791648,-0.93637615,0.29703912,144.8052,-21.527863,0.04484081,11.05930925,76.92355635,376.54114,0.0,,3.7900925,195.57,2,2
297.660,417264843809591,-0.21640089,3.3508492,9.408728,0.10919207,-0.11728603,0.68920815,0.13197838,3.6189227,9.113526,-0.34837928,-0.26807368,0.29520178,-22.875,-30.45,2.325,0.054594416,-0.17817958,-0.93472266,0.3024386,144.0708,-21.476519,-0.35191163,11.05930925,76.92355635,376.54114,0.0,,3.7900925,195.59,2,2
297.680,417264863809591,-0.1911267,3.2558837,9.070593,0.2515999,0.047036584,0.7500655,0.15781394,3.6517758,9.100001,-0.34894064,-0.39589202,-0.029408932,-24.6,-30.300001,4.9500003,0.053576536,-0.17918308,-0.93255544,0.30862522,143.24716,-21.54713,-0.6575867,11.05930925,76.92355635,376.54114,0.0,,3.7900925,195.61,2,2
297.700,417264883809591,0.1992025,2.950799,8.706734,0.27901244,0.20257801,0.8351284,0.17719068,3.67405,9.090673,0.02201181,-0.7232511,-0.38393974,-24.525002,-29.7,3.3750002,0.053567164,-0.180465,-0.9299427,0.3156411,142.32938,-21.682331,-0.8814844,11.05930925,76.92355635,376.54114,0.0,,3.7900925,195.63,2,2
297.720,417264903809591,0.74940217,2.852394,9.095867,0.2671006,0.30566144,0.7538834,0.2129619,3.6889956,9.083851,0.53644025,-0.8366015,0.01201582,-25.500002,-29.85,5.25,0.05419392,-0.1818429,-0.92723787,0.3226013,141.42624,-21.850698,-1.0386397,11.05930925,76.92355635,376.54114,0.0,,3.7900925,195.65,2,2
297.740,417264923809591,0.7906783,2.7496524,9.047562,0.2406807,0.12683079,0.52473277,0.25354657,3.7164836,9.071596,0.5371318,-0.9668313,-0.0240345,-25.95,-29.550001,5.775,0.054480802,-0.18335871,-0.9248939,0.3283933,140.66222,-22.021654,-1.2145492,11.05930925,76.92355635,376.54114,0.0,,3.7900925,195.67,2,2
297.760,417264943809591,0.6803094,3.0000014,8.871839,0.17348558,-0.095753044,0.28298306,0.30540726,3.7345235,9.062585,0.37490213,-0.7345221,-0.1907463,-25.35,-29.025002,4.425,0.053814758,-0.184918,-0.923182,0.3324696,140.0983,-22.160938,-1.4600594,11.05930925,76.92355635,376.54114,0.0,,3.7900925,195.69,2,2
297.780,417264963809591,0.30942187,3.405884,8.524879,0.105297804,-0.23930626,0.1113301,0.35158217,3.7412636,9.05813,-0.042160295,-0.3353796,-0.5332513,-25.2,-29.025002,4.5,0.05266402,-0.18661068,-0.9220647,0.3348497,139.73975,-22.296728,-1.7251426,11.05930925,76.92355635,376.54114,0.0,,3.7900925,195.71,2,2
297.800,417264983809591,-0.004486542,3.959673,8.213812,0.025656318,-0.24174972,0.05322159,0.37849155,3.726837,9.062992,-0.38297808,0.23283589,-0.84917974,-25.875002,-29.325,4.7250004,0.051328674,-0.18807255,-0.9213736,0.33617622,139.51637,-22.400667,-1.9751571,11.05930925,76.92355635,376.54114,0.0,,3.7900925,195.73,2,2
297.820,417265003809591,-0.014656039,4.1778684,8.323584,-0.09498946,-0.13347393,0.06123919,0.3689813,3.701776,9.073648,-0.38363734,0.47609234,-0.7500653,-25.725,-28.875002,6.0,0.050276272,-0.18876642,-0.92096555,0.33709115,139.36536,-22.432215,-2.148799,11.05930925,76.92355635,376.54114,0.0,,3.7900925,195.75,2,2
297.840,417265023809591,0.09915259,4.0954657,8.714361,-0.14775291,0.07574723,0.07498364,0.3269855,3.6786604,9.084653,-0.22783291,0.41680527,-0.3702922,-25.425001,-28.725,4.65,0.050210014,-0.18860403,-0.92067355,0.33800688,139.2494,-22.409777,-2.17247,11.05930925,76.92355635,376.54114,0.0,,3.7900925,195.77,2,2
297.860,417265043809591,0.22956142,4.148556,9.370743,-0.13278672,0.25694498,0.07162389,0.29646012,3.6519253,9.09648,-0.066898696,0.4966309,0.27426195,-25.650002,-29.1,4.5,0.051211424,-0.18780528,-0.9204314,0.33896655,139.16022,-22.361044,-2.0477982,11.05930925,76.92355635,376.54114,0.0,,3.7900925,195.79,2,2
297.880,417265063809591,0.06580263,4.2978086,9.836744,-0.15363248,0.17852521,0.044287693,0.309544,3.6099436,9.112787,-0.24374138,0.6878648,0.72395706,-25.125002,-29.325,2.9250002,0.05223022,-0.186611,-0.9203382,0.3397263,139.1044,-22.270418,-1.8982927,11.05930925,76.92355635,376.54114,0.0,,3.7900925,195.81,2,2
297.900,417265083809591,-0.17018951,4.0950165,9.424581,-0.23739731,-0.06658425,0.04665479,0.34275943,3.5638933,9.129708,-0.51294893,0.5311234,0.29487228,-25.95,-29.475,4.7250004,0.05223543,-0.18501084,-0.92044526,0.34031174,139.0589,-22.094625,-1.8407695,11.05930925,76.92355635,376.54114,0.0,,3.7900925,195.83,2,2
297.920,417265103809591,0.36086756,3.768546,9.615707,-0.25030184,-0.15783218,0.060933754,0.38968837,3.5441206,9.135521,-0.028820813,0.22442555,0.48018646,-25.575,-28.725,4.875,0.050944585,-0.18352951,-0.9206489,0.34075773,139.00436,-21.879267,-1.9313233,11.05930925,76.92355635,376.54114,0.0,,3.7900925,195.85,2,2
297.940,417265123809591,0.57068825,3.9417267,9.253344,-0.11614066,-0.24869831,0.008246673,0.42791077,3.540048,9.135389,0.14277744,0.4016788,0.11795473,-25.95,-29.475,4.7250004,0.048968174,-0.1830276,-0.9208097,0.34088185,138.96054,-21.743486,-2.1348321,11.05930925,76.92355635,376.54114,0.0,,3.7900925,195.87,2,2
297.960,417265143809591,0.84017986,4.060321,8.666056,-0.03764454,-0.18776456,0.024816379,0.4270823,3.5315723,9.138708,0.41309756,0.52874875,-0.47265244,-25.425001,-28.95,4.125,0.04713603,-0.18309581,-0.92085177,0.34099114,138.91098,-21.67579,-2.3471138,11.05930925,76.92355635,376.54114,0.0,,3.7900925,195.89,2,2
297.980,417265163809591,0.97417796,3.8524446,8.570343,-0.057803072,0.028557926,0.022525635,0.39863598,3.507676,9.149191,0.575542,0.34476864,-0.57884836,-25.800001,-28.800001,5.175,0.046075244,-0.18293831,-0.9208585,0.3412074,138.86655,-21.614695,-2.4648457,11.05930925,76.92355635,376.54114,0.0,,3.7900925,195.91,2,2
298.000,417265183809591,0.8424231,3.4618163,9.107082,-0.13095412,0.15546507,-0.031306818,0.4130215,3.4997573,9.151584,0.4294016,-0.0379411,-0.044500828,-26.475,-29.175001,4.5750003,0.045554727,-0.1820362,-0.92102754,0.34130633,138.86145,-21.494808,-2.4852211,11.05930925,76.92355635,376.54114,0.0,,3.7900925,195.93,2,2
298.020,417265203809591,0.426072,3.2400312,10.238588,-0.02993237,-0.103159785,-0.06307178,0.47345844,3.527301,9.138072,-0.047386453,-0.2872697,1.1005168,-25.725,-28.95,5.1000004,0.0443291,-0.18175648,-0.9212592,0.340991,138.88486,-21.41505,-2.6028562,11.05930925,76.92355635,376.54114,0.0,,3.7900925,195.95,2,2
298.040,417265223809591,1.0407283,3.3094232,8.658877,0.14752382,-0.34468043,-0.080099635,0.4568265,3.5411723,9.1335535,0.58390176,-0.23174906,-0.47467613,-25.425001,-28.95,5.7000003,0.042556413,-0.18267216,-0.92147815,0.3401295,138.9455,-21.444893,-2.822614,11.05930925,76.92355635,376.54114,0.0,,3.7900925,195.97,2,2
298.060,417265243809591,1.0269696,3.5834014,8.009076,0.0528398,0.018173229,-0.23113593,0.38821316,3.5370548,9.138321,0.6387564,0.046346664,-1.1292446,-24.825,-29.400002,3.6750002,0.042157423,-0.18328501,-0.92189527,0.33871683,139.10837,-21.499804,-2.8606248,11.05930925,76.92355635,376.54114,0.0,,3.7900925,195.99,2,2
298.080,417265263809591,0.4351946,3.5883365,9.038738,-0.038560838,0.2594648,-0.30207258,0.34950766,3.5395844,9.138905,0.08568697,0.04875219,-0.10016632,-24.750002,-29.325,3.3750002,0.043125685,-0.18299237,-0.9225655,0.33692035,139.36325,-21.512535,-2.6944704,11.05930925,76.92355635,376.54114,0.0,,3.7900925,196.01,2,2
298.100,417265283809591,0.27711877,3.2232816,8.910124,0.009773836,0.119194984,-0.23434299,0.3051641,3.5356147,9.142029,-0.028045319,-0.3123331,-0.23190498,-24.975,-29.550001,4.275,0.044213075,-0.18239437,-0.9232839,0.33512843,139.62535,-21.496086,-2.5014389,11.05930925,76.92355635,376.54114,0.0,,3.7900925,196.03,2,2
298.120,417265303809591,0.52911294,3.3342488,8.938089,-0.02718348,0.15653409,-0.23770274,0.23954567,3.502039,9.156895,0.28956723,-0.16779017,-0.21880484,-25.575,-29.925001,4.2000003,0.045547824,-0.18131313,-0.9241291,0.33319464,139.91869,-21.436268,-2.2559776,11.05930925,76.92355635,376.54114,0.0,,3.7900925,196.05,2,2
298.140,417265323809591,0.047557347,3.6593738,9.416205,-0.19593486,0.20540327,-0.38285947,0.19429016,3.4509435,9.177343,-0.1467328,0.20843017,0.23886204,-24.6,-29.400002,3.9,0.0472837,-0.17926072,-0.9253806,0.33055952,140.32545,-21.286331,-1.9066846,11.05930925,76.92355635,376.54114,0.0,,3.7900925,196.07,2,2
298.160,417265343809591,-0.65398836,3.652195,9.906286,-0.28703004,0.056199554,-0.43997532,0.18850057,3.4248219,9.187243,-0.8424889,0.22737324,0.7190423,-24.225,-30.000002,2.325,0.048517648,-0.17676763,-0.9269037,0.32742214,140.79271,-21.067324,-1.5851146,11.05930925,76.92355635,376.54114,0.0,,3.7900925,196.09,2,2
298.180,417265363809591,-0.62781686,3.4042387,9.887293,-0.14172062,-0.10285435,-0.2989419,0.21301903,3.4466734,9.178533,-0.84083587,-0.042434573,0.7087598,-23.85,-30.525002,3.075,0.048975687,-0.17498209,-0.9282347,0.32453203,141.20058,-20.89382,-1.3893995,11.05930925,76.92355635,376.54114,0.0,,3.7900925,196.11,2,2
298.200,417265383809591,0.15628122,3.380909,9.230015,0.11782053,-0.18616101,-0.13744456,0.21818733,3.4962556,9.159638,-0.061906107,-0.11534679,0.07037592,-23.550001,-30.300001,3.45,0.048690055,-0.17495239,-0.92904204,0.32228947,141.4829,-20.883003,-1.3676865,11.05930925,76.92355635,376.54114,0.0,,3.7900925,196.13,2,2
298.220,417265403809591,0.53733826,3.4550862,8.416454,0.26183188,-0.05917752,-0.10598503,0.17660204,3.536179,9.145197,0.3607362,-0.081092715,-0.7287421,-25.050001,-30.225,4.7250004,0.048869405,-0.17623119,-0.9293975,0.3205472,141.6883,-21.033121,-1.3593706,11.05930925,76.92355635,376.54114,0.0,,3.7900925,196.15,2,2
298.240,417265423809591,0.33290145,3.6122649,8.455787,0.20685408,0.17944151,-0.13530654,0.12049243,3.5480418,9.141514,0.21240902,0.06422305,-0.6857271,-24.6,-29.85,4.875,0.050294936,-0.17755154,-0.92957115,0.31909525,141.87915,-21.234833,-1.2175713,11.05930925,76.92355635,376.54114,0.0,,3.7900925,196.17,2,2
298.260,417265443809591,-0.108424775,3.5460136,8.8187475,0.05933024,0.23968804,-0.15653408,0.084016316,3.5292752,9.149183,-0.19244109,0.016738415,-0.33043575,-24.150002,-30.675001,3.6750002,0.052415445,-0.17793967,-0.92984486,0.31773865,142.08643,-21.359673,-0.95979196,11.05930925,76.92355635,376.54114,0.0,,3.7900925,196.19,2,2
298.280,417265463809591,-0.35039896,3.4087255,9.045767,-0.102319844,0.12576178,-0.15905389,0.07003206,3.484829,9.166321,-0.42043102,-0.07610345,-0.12055397,-23.85,-30.300001,3.3000002,0.05414391,-0.1771745,-0.9303573,0.3163759,142.3055,-21.341797,-0.698887,11.05930925,76.92355635,376.54114,0.0,,3.7900925,196.21,2,2
298.300,417265483809591,-0.32452655,3.332604,9.359974,-0.23846631,-0.0025961753,-0.177838,0.072469175,3.430436,9.186797,-0.39699572,-0.09783208,0.17317724,-22.650002,-30.375002,2.025,0.054920524,-0.17539825,-0.9311689,0.31483918,142.54347,-21.175941,-0.50163686,11.05930925,76.92355635,376.54114,0.0,,3.7900925,196.23,2,2
298.320,417265503809591,-0.3047858,3.3185458,9.48126,-0.2924515,-0.10735947,-0.2222784,0.06525029,3.3866878,9.203069,-0.37003607,-0.06814194,0.27819204,-24.675001,-31.275002,5.1000004,0.054893903,-0.17305855,-0.9322374,0.3129639,142.81633,-20.917477,-0.36642927,11.05930925,76.92355635,376.54114,0.0,,3.7900925,196.25,2,2
298.340,417265523809591,-0.3662514,3.4030423,9.469446,-0.23777908,-0.071700245,-0.2674824,0.027844401,3.366278,9.210743,-0.3940958,0.036764503,0.25870323,-23.925001,-31.050001,3.45,0.054964833,-0.17070971,-0.9334028,0.31075245,143.13228,-20.66129,-0.21360208,11.05930925,76.92355635,376.54114,0.0,,3.7900925,196.27,2,2
298.360,417265543809591,-0.5057829,3.564259,9.484251,-0.11468985,0.08208495,-0.28977895,-0.03319995,3.3709595,9.209013,-0.47258294,0.19329941,0.2752385,-22.95,-31.125002,2.775,0.055972338,-0.16878726,-0.93447894,0.30837548,143.479,-20.485924,0.03120868,11.05930925,76.92355635,376.54114,0.0,,3.7900925,196.29,2,2
298.380,417265563809591,-0.65024954,3.7212877,9.458229,0.019165881,0.21197006,-0.27977604,-0.09502327,3.3915136,9.201032,-0.55522627,0.32977426,0.25719786,-23.175001,-31.050001,4.2000003,0.058046743,-0.16757533,-0.935344,0.30601817,143.83188,-20.426643,0.36838335,11.05930925,76.92355635,376.54114,0.0,,3.7900925,196.31,2,2
298.400,417265583809591,-0.750449,3.8997025,9.205637,0.10109811,0.22892156,-0.24144427,-0.15691169,3.412126,9.19256,-0.59353733,0.4875766,0.013077259,-23.025002,-31.650002,3.0,0.060776163,-0.16708593,-0.9359624,0.30385423,144.16238,-20.469364,0.7479081,11.05930925,76.92355635,376.54114,0.0,,3.7900925,196.33,2,2
298.420,417265603809591,-0.7722835,3.9794135,9.004042,0.09918916,0.2525162,-0.18051052,-0.22397111,3.421386,9.187727,-0.54831237,0.5580276,-0.18368483,-22.800001,-31.425001,3.525,0.063944206,-0.1669011,-0.9363545,0.30208918,144.44684,-20.560173,1.1573045,11.05930925,76.92355635,376.54114,0.0,,3.7900925,196.35,2,2
298.440,417265623809591,-0.7926225,3.9408293,9.185149,0.040469788,0.30344707,-0.122554734,-0.28385836,3.4188848,9.187004,-0.50876415,0.5219445,-0.0018548965,-23.1,-31.500002,3.15,0.06739215,-0.16657528,-0.9365819,0.30080947,144.67714,-20.644417,1.5934501,11.05930925,76.92355635,376.54114,0.0,,3.7900925,196.37,2,2
298.460,417265643809591,-0.8003992,3.8964126,9.409327,-0.020998476,0.2853502,-0.071013026,-0.32879055,3.4068468,9.189978,-0.47160864,0.48956585,0.21934843,-22.800001,-31.575,2.5500002,0.07075578,-0.16595146,-0.93670017,0.300014,144.84825,-20.692291,2.020242,11.05930925,76.92355635,376.54114,0.0,,3.7900925,196.39,2,2
298.480,417265663809591,-0.7253244,3.7504504,9.578768,-0.069409505,0.22685988,-0.019013165,-0.35593438,3.391151,9.19477,-0.36938998,0.35929942,0.3839984,-22.275002,-31.650002,0.90000004,0.07372639,-0.164965,-0.9367673,0.29963955,144.9626,-20.686249,2.4057064,11.05930925,76.92355635,376.54114,0.0,,3.7900925,196.41,2,2
298.500,417265683809591,-0.6408278,3.620191,9.667303,-0.0868955,0.14385864,0.009697477,-0.36609882,3.379142,9.198791,-0.27472898,0.24104905,0.46851206,-22.575,-31.575,1.95,0.07600196,-0.16369042,-0.9368399,0.29955345,145.02992,-20.624186,2.7151947,11.05930925,76.92355635,376.54114,0.0,,3.7900925,196.43,2,2
298.520,417265703809591,-0.53359944,3.5997024,9.666106,-0.06750055,0.06192641,0.029168792,-0.36997616,3.378634,9.198823,-0.16362327,0.2210685,0.46728325,-23.400002,-31.35,3.7500002,0.07720832,-0.16251245,-0.93689173,0.2997383,145.04147,-20.536116,2.892128,11.05930925,76.92355635,376.54114,0.0,,3.7900925,196.45,2,2
298.540,417265723809591,-0.49112684,3.5611184,9.590134,-0.006032289,0.039324418,0.057573996,-0.37675706,3.396463,9.191979,-0.114369795,0.16465545,0.39815474,-23.85,-31.35,3.2250001,0.0777232,-0.16193876,-0.9368055,0.30019736,144.99913,-20.491892,2.9615161,11.05930925,76.92355635,376.54114,0.0,,3.7900925,196.47,2,2
298.560,417265743809591,-0.45717865,3.541527,9.406784,0.081703156,0.057268567,0.091553345,-0.38994938,3.4284475,9.179546,-0.067229286,0.11307955,0.2272377,-23.025002,-31.125002,2.9250002,0.07817463,-0.16226284,-0.9364774,0.30093434,144.91148,-20.546156,2.9846694,11.05930925,76.92355635,376.54114,0.0,,3.7900925,196.49,2,2
298.580,417265763809591,-0.421735,3.5004005,9.1923275,0.15630502,0.11400263,0.13049597,-0.40909335,3.4660404,9.164583,-0.0126416385,0.03436005,0.027743816,-24.150002,-31.650002,3.075,0.07886374,-0.16325697,-0.9359035,0.30199993,144.77986,-20.684343,3.0029516,11.05930925,76.92355635,376.54114,0.0,,3.7900925,196.51,2,2
298.600,417265783809591,-0.3900301,3.5346477,9.150453,0.18463387,0.16424626,0.15225804,-0.4222834,3.4985209,9.151635,0.032253325,0.036126852,-0.0011825562,-22.275002,-31.275002,0.975,0.07976895,-0.1645898,-0.93515944,0.3033359,144.61433,-20.868786,3.0269423,11.05930925,76.92355635,376.54114,0.0,,3.7900925,196.53,2,2
298.620,417265803809591,-0.3665505,3.5207396,9.101997,0.1623373,0.1386663,0.15050179,-0.42680174,3.521043,9.142783,0.06025122,-3.0362606E-4,-0.040785313,-23.325,-31.2,2.8500001,0.08054335,-0.16596144,-0.9343779,0.3047858,144.43121,-21.053429,3.0312445,11.05930925,76.92355635,376.54114,0.0,,3.7900925,196.55,2,2
298.640,417265823809591,-0.39870408,3.5143087,8.933753,0.103923365,0.080939576,0.13767363,-0.42844057,3.5263665,9.140655,0.029736489,-0.012057781,-0.20690155,-23.325,-30.975,2.4,0.08102662,-0.16722141,-0.9336395,0.3062282,144.24423,-21.215347,3.0058193,11.05930925,76.92355635,376.54114,0.0,,3.7900925,196.57,2,2
298.660,417265843809591,-0.37223348,3.4984562,8.93136,0.01481347,0.064446226,0.12148572,-0.4336923,3.515065,9.144759,0.061458826,-0.016608715,-0.21339893,-24.0,-30.900002,3.525,0.08115599,-0.16782473,-0.9330677,0.30760777,144.06508,-21.291443,2.9652672,11.05930925,76.92355635,376.54114,0.0,,3.7900925,196.59,2,2
298.680,417265863809591,-0.39511484,3.4510484,9.093624,-0.05810851,0.06750055,0.08445205,-0.4429,3.498504,9.150666,0.047785163,-0.04745543,-0.0570426,-24.075,-31.35,3.825,0.08114701,-0.16757761,-0.93272406,0.3087889,143.9174,-21.267456,2.9453056,11.05930925,76.92355635,376.54114,0.0,,3.7900925,196.61,2,2
298.700,417265883809591,-0.45224348,3.518496,9.324531,-0.0845284,0.06772962,0.04741837,-0.45112908,3.4862306,9.154947,-0.0011143982,0.032265544,0.16958332,-23.1,-30.525002,2.025,0.08111239,-0.16674659,-0.9325693,0.3097163,143.80768,-21.17693,2.9505272,11.05930925,76.92355635,376.54114,0.0,,3.7900925,196.63,2,2
298.720,417265903809591,-0.49666026,3.5709887,9.436844,-0.06421715,0.049327325,0.027870703,-0.4594491,3.48491,9.155037,-0.03721115,0.086078644,0.28180695,-23.25,-31.35,1.5,0.08125884,-0.16576563,-0.932515,0.3103689,143.73795,-21.07553,2.9888186,11.05930925,76.92355635,376.54114,0.0,,3.7900925,196.65,2,2
298.740,417265923809591,-0.589083,3.60389,9.310622,-0.017791435,0.032223113,0.024969095,-0.47257558,3.4921954,9.151592,-0.11650744,0.11169469,0.15902996,-24.300001,-30.6,3.2250001,0.08163335,-0.16544676,-0.9324438,0.3106557,143.712,-21.054716,3.0369616,11.05930925,76.92355635,376.54114,0.0,,3.7900925,196.67,2,2
298.760,417265943809591,-0.5850451,3.6323047,9.252297,0.021074833,0.068264134,0.043829545,-0.49003536,3.5041175,9.146114,-0.095009774,0.1281873,0.10618305,-23.775002,-30.675001,3.0,0.0826483,-0.16516991,-0.93222606,0.31118798,143.66655,-21.062723,3.1510584,11.05930925,76.92355635,376.54114,0.0,,3.7900925,196.69,2,2
298.780,417265963809591,-0.5872884,3.5869908,9.259177,0.05505418,0.103083424,0.06566796,-0.5050717,3.5195491,9.139369,-0.08221671,0.06744158,0.1198082,-23.550001,-30.45,2.25,0.08399825,-0.16505627,-0.931932,0.31176585,143.6199,-21.101303,3.296273,11.05930925,76.92355635,376.54114,0.0,,3.7900925,196.71,2,2
298.800,417265983809591,-0.5742774,3.5771203,9.221041,0.07521272,0.10132718,0.08223766,-0.511692,3.5339444,9.133444,-0.06258544,0.043175936,0.08759737,-23.775002,-30.675001,2.9250002,0.08507716,-0.165352,-0.9315337,0.31250554,143.54332,-21.176128,3.3911366,11.05930925,76.92355635,376.54114,0.0,,3.7900925,196.73,2,2
298.820,417266003809591,-0.4851448,3.576223,9.16466,0.06826413,0.07605266,0.08979711,-0.5123051,3.5434878,9.12971,0.027160302,0.03273523,0.034950256,-24.675001,-30.45,3.075,0.08564381,-0.16582835,-0.9311049,0.31337622,143.43843,-21.252865,3.4172757,11.05930925,76.92355635,376.54114,0.0,,3.7900925,196.75,2,2
298.840,417266023809591,-0.47392842,3.530909,9.02468,0.04230238,0.044211335,0.08956804,-0.5129478,3.542814,9.129936,0.039019376,-0.011905074,-0.10525608,-22.725,-30.150002,0.675,0.08579116,-0.16623606,-0.93070376,0.3143111,143.31787,-21.306889,3.3963048,11.05930925,76.92355635,376.54114,0.0,,3.7900925,196.77,2,2
298.860,417266043809591,-0.4691428,3.5143087,9.128918,-0.00397062,0.044516765,0.085139275,-0.5067412,3.534366,9.133556,0.037598446,-0.020057201,-0.0046391487,-23.775002,-31.050001,1.725,0.0856548,-0.16623314,-0.9303986,0.31525284,143.1952,-21.304966,3.3582273,11.05930925,76.92355635,376.54114,0.0,,3.7900925,196.79,2,2
298.880,417266063809591,-0.4441677,3.4855947,9.25828,-0.0344375,0.0061086477,0.070173085,-0.49209687,3.5301042,9.136005,0.047929168,-0.04450929,0.12227392,-23.85,-30.6,1.8750001,0.085153796,-0.16597167,-0.9302026,0.31610385,143.07979,-21.260538,3.2904997,11.05930925,76.92355635,376.54114,0.0,,3.7900925,196.81,2,2
298.900,417266083809591,-0.4090231,3.512215,9.093473,-0.026572615,-0.04169152,0.058948446,-0.4789292,3.533182,9.135515,0.06990607,-0.020967007,-0.0420413,-23.85,-30.300001,2.25,0.084367,-0.16596302,-0.93001866,0.31685975,142.96838,-21.233059,3.1827445,11.05930925,76.92355635,376.54114,0.0,,3.7900925,196.83,2,2
298.920,417266103809591,-0.28594232,3.605236,8.994022,-0.007788525,-0.011911862,0.0646753,-0.47617513,3.5373604,9.134043,0.19023283,0.067875504,-0.14002085,-24.300001,-30.750002,3.3750002,0.08393227,-0.16612388,-0.9298629,0.31734708,142.89613,-21.236362,3.1151826,11.05930925,76.92355635,376.54114,0.0,,3.7900925,196.85,2,2
298.940,417266123809591,-0.25588247,3.5703907,9.026924,0.006337722,0.051465355,0.068875,-0.48022285,3.540239,9.132715,0.22434038,0.030151486,-0.10579157,-24.375002,-30.675001,2.1000001,0.08332576,-0.1664218,-0.9295499,0.3182666,142.76392,-21.249771,3.0123312,11.05930925,76.92355635,376.54114,0.0,,3.7900925,196.87,2,2
298.960,417266143809591,-0.32392836,3.5229826,9.054291,0.009621119,0.07506,0.06459895,-0.48238987,3.5396757,9.132819,0.1584615,-0.016692996,-0.07852793,-24.825,-30.225,1.8750001,0.08291429,-0.166627,-0.9292453,0.31915528,142.64032,-21.259943,2.9360635,11.05930925,76.92355635,376.54114,0.0,,3.7900925,196.89,2,2
298.980,417266163809591,-0.32273197,3.5071301,9.047412,-0.0066431537,0.06284271,0.057879433,-0.4846567,3.5329483,9.1353035,0.16192473,-0.02581799,-0.08789158,-24.750002,-30.825,2.625,0.08252719,-0.16666482,-0.92898613,0.31998992,142.52591,-21.252234,2.8703809,11.05930925,76.92355635,376.54114,0.0,,3.7900925,196.91,2,2
299.000,417266183809591,-0.32796624,3.4806595,9.077322,-0.034513857,0.058032148,0.04520399,-0.49163112,3.5185475,9.140488,0.16366488,-0.03788793,-0.06316519,-24.825,-30.150002,3.3000002,0.08215604,-0.1663548,-0.92881453,0.32074472,142.42595,-21.206343,2.8220747,11.05930925,76.92355635,376.54114,0.0,,3.7900925,196.93,2,2
299.020,417266203809591,-0.3985545,3.4673495,9.279816,-0.0632245,0.06856956,0.03245219,-0.49396893,3.4995792,9.14764,0.095414415,-0.032229662,0.13217497,-24.45,-30.375002,2.775,0.081906535,-0.16556707,-0.9287555,0.32138613,142.34819,-21.11186,2.8091903,11.05930925,76.92355635,376.54114,0.0,,3.7900925,196.95,2,2
299.040,417266223809591,-0.43085763,3.3850963,9.398409,-0.0703258,0.03474293,0.022220206,-0.48930264,3.4836686,9.153961,0.058445007,-0.098572254,0.24444771,-24.45,-30.6,1.725,0.081761375,-0.16504543,-0.928765,0.32166335,142.31592,-21.049606,2.8065197,11.05930925,76.92355635,376.54114,0.0,,3.7900925,196.97,2,2
299.060,417266243809591,-0.4066303,3.3658042,9.350254,-0.05589412,-0.006032289,0.0070249448,-0.48738405,3.4732313,9.1580305,0.08075374,-0.10742712,0.19222307,-24.0,-29.85,0.90000004,0.08173757,-0.16498882,-0.92877054,0.32168248,142.31367,-21.042515,2.8055744,11.05930925,76.92355635,376.54114,0.0,,3.7900925,196.99,2,2
299.080,417266263809591,-0.43624148,3.3981073,9.324082,-0.03390299,-0.0037415465,-0.0103847,-0.48502785,3.4683824,9.159992,0.048786372,-0.07027507,0.16409016,-24.45,-30.6,2.625,0.081706576,-0.1649145,-0.92878044,0.32169968,142.31174,-21.03319,2.8045497,11.05930925,76.92355635,376.54114,0.0,,3.7900925,197.01,2,2
299.100,417266283809591,-0.43758744,3.4284663,9.289984,-0.010919207,-0.011759146,-0.023060143,-0.48212802,3.4705744,9.159316,0.044540584,-0.04210818,0.13066816,-25.275002,-30.45,3.7500002,0.08166919,-0.16483578,-0.92879325,0.321712,142.31032,-21.023119,2.8030844,11.05930925,76.92355635,376.54114,0.0,,3.7900925,197.03,2,2
299.120,417266303809591,-0.4633103,3.487539,9.163164,0.010995565,-0.024740022,-0.033292126,-0.48213112,3.4755282,9.157436,0.018820837,0.012010813,0.005728245,-24.6,-30.525002,3.6000001,0.08164016,-0.16477223,-0.92880595,0.32171515,142.31007,-21.015015,2.8021939,11.05930925,76.92355635,376.54114,0.0,,3.7900925,197.05,2,2
299.140,417266323809591,-0.5322535,3.556183,9.053694,0.009315687,-0.022143846,-0.032299474,-0.4847001,3.47559,9.157278,-0.04755336,0.08059311,-0.10358477,-25.125002,-30.225,2.1000001,0.08162175,-0.16471997,-0.9288185,0.32171026,142.31096,-21.008537,2.802262,11.05930925,76.92355635,376.54114,0.0,,3.7900925,197.07,2,2
299.160,417266343809591,-0.535095,3.5578282,9.126524,-0.01397353,0.0,-0.012293652,-0.48620564,3.4702122,9.159237,-0.04888934,0.08761597,-0.03271246,-23.1,-30.375002,-0.3,0.08161362,-0.16466624,-0.9288312,0.3217031,142.31232,-21.002274,2.8036137,11.05930925,76.92355635,376.54114,0.0,,3.7900925,197.09,2,2
299.180,417266363809591,-0.44521457,3.4836507,9.322288,-0.02160934,0.018096868,0.0023671007,-0.4807494,3.4696324,9.159744,0.03553483,0.014018297,0.1625433,-25.050001,-30.45,3.0,0.08160664,-0.16463386,-0.9288384,0.32170057,142.31287,-20.998425,2.8041477,11.05930925,76.92355635,376.54114,0.0,,3.7900925,197.11,2,2
299.200,417266383809591,-0.38763726,3.4872398,9.318699,0.0036651883,-0.013439024,-0.0066431537,-0.47203052,3.476195,9.157709,0.08439325,0.01104486,0.16098928,-25.050001,-30.675001,3.9,0.08157316,-0.16457804,-0.9288527,0.32169616,142.31342,-20.990984,2.8026247,11.05930925,76.92355635,376.54114,0.0,,3.7900925,197.13,2,2
299.220,417266403809591,-0.34576285,3.5537903,9.240483,0.02832885,-0.02832885,-0.013897173,-0.46740472,3.484035,9.154966,0.12164186,0.069755316,0.08551693,-24.075,-30.150002,2.1750002,0.08152894,-0.16454276,-0.928865,0.32168993,142.3138,-20.985405,2.7991164,11.05930925,76.92355635,376.54114,0.0,,3.7900925,197.15,2,2
299.240,417266423809591,-0.3385844,3.5344982,9.256784,0.041004293,-0.006490438,-0.015958842,-0.46816152,3.4913669,9.152135,0.12957713,0.04313135,0.10464907,-24.0,-30.825,2.775,0.080818765,-0.16426302,-0.92901224,0.32158574,142.31691,-20.92742,2.7316246,11.05930925,76.92355635,376.54114,0.0,,3.7900925,197.17,2,2
299.260,417266443809591,-0.37507495,3.4911282,9.332606,0.05169443,0.013362666,-0.024510946,-0.4682939,3.5001316,9.14878,0.09321895,-0.009003401,0.18382645,-23.25,-30.225,0.82500005,0.07982499,-0.16392933,-0.9292259,0.32138774,142.32747,-20.852558,2.6361797,11.05930925,76.92355635,376.54114,0.0,,3.7900925,197.19,2,2
299.280,417266463809591,-0.3595216,3.5020456,9.399008,0.064064436,0.008857539,-0.036575526,-0.46603295,3.5094352,9.145329,0.106511354,-0.0073896646,0.25367785,-24.150002,-30.45,1.725,0.0791271,-0.16383189,-0.9293878,0.32114366,142.34683,-20.814838,2.566258,11.05930925,76.92355635,376.54114,0.0,,3.7900925,197.21,2,2
299.300,417266483809591,-0.32766718,3.4817064,9.4515,0.07589994,-0.0038179047,-0.050930846,-0.46403274,3.5198526,9.141427,0.13636558,-0.038146257,0.3100729,-25.425001,-30.750002,3.15,0.0786099,-0.16388409,-0.9295487,0.32077965,142.3831,-20.80015,2.5138412,11.05930925,76.92355635,376.54114,0.0,,3.7900925,197.23,2,2
299.320,417266503809591,-0.41784665,3.4480574,9.379267,0.08605557,-0.027336195,-0.06933315,-0.4620196,3.531302,9.137113,0.044172943,-0.08324456,0.24215412,-24.750002,-30.300001,3.3000002,0.078375325,-0.16396391,-0.9297482,0.3202181,142.44946,-20.798635,2.4971364,11.05930925,76.92355635,376.54114,0.0,,3.7900925,197.25,2,2
299.340,417266523809591,-0.46435714,3.49053,9.343973,0.0854447,-0.040622503,-0.079794206,-0.45777738,3.5416262,9.133329,-0.0065797716,-0.0510962,0.21064329,-24.750002,-30.825,3.3750002,0.078432165,-0.16411684,-0.9299751,0.31946608,142.54463,-20.815632,2.5152225,11.05930925,76.92355635,376.54114,0.0,,3.7900925,197.27,2,2
299.360,417266543809591,-0.49022955,3.5056348,9.311669,0.07727438,-0.061010115,-0.086284645,-0.45062548,3.5497985,9.130512,-0.039604068,-0.044163823,0.18115711,-24.750002,-30.525002,3.825,0.07858158,-0.16432036,-0.9302373,0.31855944,142.66063,-20.841236,2.5455384,11.05930925,76.92355635,376.54114,0.0,,3.7900925,197.29,2,2
299.380,417266563809591,-0.5309075,3.4722848,9.246166,0.06895135,-0.090026185,-0.095753044,-0.43932548,3.5605705,9.126868,-0.09158203,-0.088285685,0.119297504,-24.075,-30.750002,3.2250001,0.07870157,-0.16462274,-0.93053705,0.3174952,142.79503,-20.876196,2.5724132,11.05930925,76.92355635,376.54114,0.0,,3.7900925,197.31,2,2
299.400,417266583809591,-0.5392824,3.5362928,9.155836,0.06971493,-0.12163844,-0.10789398,-0.42751324,3.575403,9.121629,-0.11176914,-0.039110184,0.03420782,-24.525002,-30.975,4.3500004,0.07875502,-0.16524683,-0.9308381,0.31627077,142.94493,-20.943792,2.5831091,11.05930925,76.92355635,376.54114,0.0,,3.7900925,197.33,2,2
299.420,417266603809591,-0.5667999,3.6351461,9.063114,0.07299833,-0.13400845,-0.112246394,-0.41771826,3.5911944,9.115877,-0.14908162,0.04395187,-0.05276251,-24.0,-30.825,3.6000001,0.07873383,-0.16617773,-0.93111706,0.314962,143.10071,-21.042366,2.5756361,11.05930925,76.92355635,376.54114,0.0,,3.7900925,197.35,2,2
299.440,417266623809591,-0.5488537,3.6825542,9.056086,0.07254019,-0.117133304,-0.100792676,-0.40667897,3.6062555,9.110429,-0.14217472,0.076298594,-0.054342747,-23.7,-30.900002,2.775,0.078707136,-0.16729382,-0.93135214,0.31367806,143.25113,-21.161394,2.5601044,11.05930925,76.92355635,376.54114,0.0,,3.7900925,197.37,2,2
299.460,417266643809591,-0.4781159,3.6596727,9.012267,0.071242094,-0.1071304,-0.0845284,-0.39480782,3.6193323,9.105764,-0.08330807,0.040340424,-0.09349728,-24.075,-30.975,2.325,0.078628935,-0.16856056,-0.93153065,0.312486,143.38715,-21.295591,2.5310175,11.05930925,76.92355635,376.54114,0.0,,3.7900925,197.39,2,2
299.480,417266663809591,-0.40154552,3.652195,9.00165,0.062919065,-0.09842558,-0.08040507,-0.38450083,3.6302612,9.101854,-0.017044708,0.021933913,-0.100204945,-23.85,-31.2,2.7,0.078433186,-0.16992772,-0.93166965,0.31137726,143.50902,-21.43698,2.4829092,11.05930925,76.92355635,376.54114,0.0,,3.7900925,197.41,2,2
299.500,417266683809591,-0.36116666,3.6568313,9.043374,0.055283256,-0.086666435,-0.086590074,-0.37647042,3.639069,9.098672,0.015303746,0.017762065,-0.05529785,-24.225,-31.050001,4.2000003,0.07806468,-0.17131256,-0.9317956,0.31033206,143.6191,-21.574366,2.4130259,11.05930925,76.92355635,376.54114,0.0,,3.7900925,197.43,2,2
299.520,417266703809591,-0.3466602,3.6530924,9.102596,0.049709115,-0.07460185,-0.09117156,-0.37146184,3.6455948,9.096266,0.024801657,0.0074976683,0.006330967,-24.150002,-30.975,3.7500002,0.077546135,-0.17244248,-0.931966,0.30932367,143.72435,-21.678297,2.3349447,11.05930925,76.92355635,376.54114,0.0,,3.7900925,197.45,2,2
299.540,417266723809591,-0.36714873,3.6417265,9.135199,0.04276053,-0.066049755,-0.09941824,-0.3692471,3.6479445,9.095413,0.0020983815,-0.0062179565,0.039785385,-23.550001,-30.900002,2.25,0.07725307,-0.17298909,-0.93224645,0.3082476,143.8495,-21.725674,2.306777,11.05930925,76.92355635,376.54114,0.0,,3.7900925,197.47,2,2
299.560,417266743809591,-0.41515473,3.639184,9.194122,0.025121812,-0.06360629,-0.10873392,-0.3615523,3.6452804,9.096791,-0.053602427,-0.006096244,0.09733057,-23.025002,-30.750002,2.8500001,0.07703961,-0.17313807,-0.93261385,0.30710554,143.98926,-21.731684,2.304541,11.05930925,76.92355635,376.54114,0.0,,3.7900925,197.49,2,2
299.580,417266763809591,-0.35309088,3.6490545,9.295816,0.0022907427,-0.08506291,-0.114842564,-0.3494335,3.6418211,9.098649,-0.0036573857,0.0072333813,0.19716787,-23.475,-30.900002,3.9750001,0.07639597,-0.17309543,-0.93305516,0.3059476,144.12462,-21.70091,2.260474,11.05930925,76.92355635,376.54114,0.0,,3.7900925,197.51,2,2
299.600,417266783809591,-0.31674987,3.631557,9.344272,0.0034361137,-0.11064287,-0.13011418,-0.3438596,3.644654,9.097727,0.027109727,-0.013096929,0.24654484,-24.0,-31.275002,4.5750003,0.07554017,-0.17295884,-0.9335638,0.3046816,144.27052,-21.651964,2.1980975,11.05930925,76.92355635,376.54114,0.0,,3.7900925,197.53,2,2
299.620,417266803809591,-0.38733816,3.6330526,9.326176,0.03749182,-0.096592985,-0.14836377,-0.3546659,3.665797,9.088813,-0.03267227,-0.032744408,0.23736286,-23.925001,-30.900002,3.825,0.07508711,-0.17296809,-0.9340741,0.30321985,144.44753,-21.63336,2.1812048,11.05930925,76.92355635,376.54114,0.0,,3.7900925,197.55,2,2
299.640,417266823809591,-0.52417773,3.7989051,9.026475,0.09644027,-0.040393427,-0.16806415,-0.40227363,3.7085826,9.069454,-0.12190409,0.090322495,-0.04297924,-23.475,-31.35,3.45,0.07544098,-0.17354605,-0.9344652,0.3015902,144.65518,-21.706367,2.2400293,11.05930925,76.92355635,376.54114,0.0,,3.7900925,197.57,2,2
299.660,417266843809591,-0.9677472,4.035944,9.096764,0.19181153,0.08643736,-0.17195842,-0.43689257,3.755347,9.048585,-0.5308546,0.2805972,0.048178673,-22.275002,-31.35,2.025,0.07669939,-0.17462325,-0.9346812,0.29997197,144.87381,-21.866762,2.3846774,11.05930925,76.92355635,376.54114,0.0,,3.7900925,197.59,2,2
299.680,417266863809591,-1.0190433,4.0091743,9.078968,0.22403464,0.041844234,-0.099570945,-0.43435395,3.7905204,9.034029,-0.5846894,0.2186538,0.044938564,-23.175001,-31.125002,3.9750001,0.078113444,-0.17612422,-0.93471617,0.2986129,145.05829,-22.080175,2.5260956,11.05930925,76.92355635,376.54114,0.0,,3.7900925,197.61,2,2
299.700,417266883809591,-0.67686975,3.8934216,8.865259,0.16844594,-0.077427104,-0.04283689,-0.41529214,3.8103564,9.026578,-0.26157758,0.08306515,-0.16131926,-23.325,-31.725,5.025,0.07894971,-0.1778571,-0.93467456,0.29749396,145.19838,-22.299688,2.5870702,11.05930925,76.92355635,376.54114,0.0,,3.7900925,197.63,2,2
299.720,417266903809591,-0.4903791,3.9172,8.6961155,0.07276926,-0.14217876,-0.050930846,-0.40764287,3.8154423,9.024778,-0.082736224,0.101757884,-0.3286624,-23.25,-31.275002,5.55,0.07917698,-0.17943779,-0.9346708,0.29649776,145.31223,-22.481316,2.580601,11.05930925,76.92355635,376.54114,0.0,,3.7900925,197.65,2,2
299.740,417266923809591,-0.54376894,3.9665523,8.873932,-0.0035124724,-0.08727729,-0.045356706,-0.40849963,3.8120198,9.026185,-0.13526931,0.15453231,-0.15225267,-22.800001,-31.35,3.6000001,0.07931603,-0.18050876,-0.93471164,0.29568598,145.4066,-22.603554,2.5781903,11.05930925,76.92355635,376.54114,0.0,,3.7900925,197.67,2,2
299.760,417266943809591,-0.5334499,3.8943188,9.118599,-0.024587303,-0.02397644,-0.01481347,-0.41379052,3.813372,9.0253725,-0.119659364,0.08094692,0.093225956,-22.650002,-31.725,3.6000001,0.079329625,-0.18053037,-0.9347143,0.29566115,145.40982,-22.606377,2.5796115,11.05930925,76.92355635,376.54114,0.0,,3.7900925,197.69,2,2
299.780,417266963809591,-0.46121657,3.7995033,9.222536,0.022449277,0.024969097,0.008170316,-0.42536458,3.826439,9.019302,-0.035851985,-0.026935577,0.2032342,-22.275002,-31.2,3.2250001,0.07984569,-0.18080203,-0.93477315,0.29517552,145.47974,-22.653349,2.6419668,11.05930925,76.92355635,376.54114,0.0,,3.7900925,197.71,2,2
299.800,417266983809591,-0.47871408,3.7767715,9.205338,0.09132428,0.06200277,0.017027855,-0.44268024,3.8498685,9.008492,-0.03603384,-0.07309711,0.19684553,-23.325,-32.025,4.875,0.080697216,-0.18105124,-0.9347216,0.29495668,145.52287,-22.710144,2.7373123,11.05930925,76.92355635,376.54114,0.0,,3.7900925,197.73,2,2
299.820,417267003809591,-0.5929713,3.8259737,9.049954,0.13469568,0.0768926,0.022296563,-0.45305696,3.8753169,8.997058,-0.1399144,-0.04934311,0.0528965,-23.325,-31.875002,5.025,0.08196028,-0.18165013,-0.93452173,0.2948726,145.55362,-22.82064,2.864359,11.05930925,76.92355635,376.54114,0.0,,3.7900925,197.75,2,2
299.840,417267023809591,-0.60119665,3.8415272,8.879017,0.1364519,0.041844234,0.03077231,-0.45245814,3.896242,8.988047,-0.14873853,-0.05471468,-0.10902929,-23.025002,-31.35,4.65,0.08320417,-0.18260066,-0.93422604,0.2948722,145.56947,-22.970043,2.9743967,11.05930925,76.92355635,376.54114,0.0,,3.7900925,197.77,2,2
299.860,417267043809591,-0.5525925,3.882953,8.638687,0.092393294,-0.010231985,0.03367392,-0.4543378,3.9072678,8.983163,-0.09825468,-0.02431488,-0.34447527,-23.175001,-31.35,4.425,0.08413937,-0.18370672,-0.9339063,0.29493243,145.56943,-23.12638,3.041438,11.05930925,76.92355635,376.54114,0.0,,3.7900925,197.79,2,2
299.880,417267063809591,-0.57098734,3.9106197,8.574829,0.031230457,-0.0010690133,0.031764966,-0.46279883,3.9089167,8.982015,-0.10818848,0.0017031431,-0.40718555,-23.550001,-31.500002,5.625,0.084175386,-0.18374722,-0.93389344,0.2949378,145.56908,-23.13218,3.0440178,11.05930925,76.92355635,376.54114,0.0,,3.7900925,197.81,2,2
299.900,417267083809591,-0.60493547,3.9287157,8.685497,-0.015653409,0.03313941,0.03558287,-0.47266164,3.9072053,8.9822445,-0.13227382,0.021510363,-0.2967472,-23.325,-31.2,4.7250004,0.085340105,-0.18466496,-0.9335225,0.2952035,145.54997,-23.276152,3.1392891,11.05930925,76.92355635,376.54114,0.0,,3.7900925,197.83,2,2
299.920,417267103809591,-0.6230312,3.9560835,8.799156,-0.031841323,0.046883866,0.050549056,-0.47721016,3.9032834,8.983709,-0.14582103,0.05280018,-0.18455267,-23.1,-31.2,4.8,0.086377025,-0.18516605,-0.9332098,0.29557794,145.51901,-23.369534,3.2319806,11.05930925,76.92355635,376.54114,0.0,,3.7900925,197.85,2,2
299.940,417267123809591,-0.54765725,3.9091244,8.818598,-0.037339106,0.040851578,0.06979129,-0.47784513,3.8938544,8.987766,-0.06981215,0.015270114,-0.169168,-23.025002,-31.275002,4.425,0.08702199,-0.18544465,-0.93291813,0.2961366,145.45844,-23.425114,3.2821927,11.05930925,76.92355635,376.54114,0.0,,3.7900925,197.87,2,2
299.960,417267143809591,-0.4491029,3.8312082,8.910423,-0.051388994,0.040240712,0.07437278,-0.4780535,3.8789127,8.994214,0.028950602,-0.04770446,-0.083791256,-22.800001,-31.2,3.2250001,0.087112196,-0.18523122,-0.93272483,0.29685354,145.37094,-23.406916,3.2814553,11.05930925,76.92355635,376.54114,0.0,,3.7900925,197.89,2,2
299.980,417267163809591,-0.43998027,3.781258,8.996116,-0.07002036,0.03359756,0.05925388,-0.47963765,3.8630831,9.00094,0.039657384,-0.08182514,-0.0048246384,-23.400002,-31.500002,5.25,0.08690308,-0.18458068,-0.9326433,0.29757562,145.28111,-23.329374,3.2617471,11.05930925,76.92355635,376.54114,0.0,,3.7900925,197.91,2,2
300.000,417267183809591,-0.48798627,3.835545,9.068648,-0.08063415,0.027107121,0.045280345,-0.48522696,3.8498585,9.006306,-0.0027593076,-0.01431334,0.062342644,-23.550001,-31.35,4.05,0.08671199,-0.18362324,-0.932642,0.29822633,145.20432,-23.217903,3.2574039,11.05930925,76.92355635,376.54114,0.0,,3.7900925,197.93,2,2
300.020,417267203809591,-0.53599226,3.9177985,9.164211,-0.07536544,0.043676827,0.048716463,-0.49105012,3.8421662,9.009274,-0.04494214,0.075632334,0.15493822,-23.775002,-30.975,4.5,0.0869652,-0.18279536,-0.9325933,0.29881296,145.14388,-23.13632,3.3017979,11.05930925,76.92355635,376.54114,0.0,,3.7900925,197.95,2,2
300.040,417267223809591,-0.54990053,3.9493537,9.2348,-0.047647446,0.052228935,0.067500554,-0.49353287,3.841333,9.009495,-0.056367695,0.1080209,0.22530508,-23.175001,-31.125002,3.6750002,0.08725994,-0.1823494,-0.9324323,0.29950204,145.06691,-23.099306,3.3343818,11.05930925,76.92355635,376.54114,0.0,,3.7900925,197.97,2,2
300.060,417267243809591,-0.47198427,3.9234815,9.200553,-0.009850194,0.058643013,0.09132427,-0.49432015,3.8447936,9.007974,0.022335887,0.07868779,0.19257927,-23.625,-31.425001,4.5750003,0.087271586,-0.18215424,-0.9321833,0.30039132,144.95538,-23.081093,3.3196561,11.05930925,76.92355635,376.54114,0.0,,3.7900925,197.99,2,2
300.080,417267263809591,-0.40962133,3.884598,9.105587,0.013744457,0.061850052,0.095447615,-0.4971166,3.8484797,9.006246,0.08749527,0.03611827,0.09934187,-23.550001,-30.975,3.9750001,0.08718018,-0.18221086,-0.9318615,0.30138016,144.82602,-23.087683,3.2810822,11.05930925,76.92355635,376.54114,0.0,,3.7900925,198.01,2,2
300.100,417267283809591,-0.4278666,3.9070306,9.061619,0.009773836,0.06582067,0.086208284,-0.49672994,3.8482728,9.006355,0.06886333,0.0587579,0.055263996,-23.175001,-31.500002,4.5,0.08704778,-0.18240634,-0.9315085,0.30238962,144.69151,-23.108328,3.2320254,11.05930925,76.92355635,376.54114,0.0,,3.7900925,198.03,2,2
300.120,417267303809591,-0.43325046,3.894618,9.10828,-0.0062613636,0.04550942,0.0810923,-0.48912847,3.8437865,9.008687,0.055878013,0.050831556,0.099592686,-23.7,-30.975,4.875,0.08670617,-0.18252146,-0.9311924,0.30338964,144.55455,-23.112432,3.1618755,11.05930925,76.92355635,376.54114,0.0,,3.7900925,198.05,2,2
300.140,417267323809591,-0.37073797,3.8346477,9.079716,-0.0231365,0.01481347,0.07918334,-0.4757439,3.8344016,9.013402,0.105005935,2.4616718E-4,0.06631327,-22.35,-30.900002,2.4750001,0.08611922,-0.18246543,-0.9309465,0.3043432,144.42027,-23.08839,3.0708969,11.05930925,76.92355635,376.54114,0.0,,3.7900925,198.07,2,2
300.160,417267343809591,-0.26814568,3.772285,9.162866,-0.03558287,-0.008704822,0.05887209,-0.46399868,3.8249543,9.018027,0.195853,-0.052669406,0.14483833,-23.775002,-31.2,3.525,0.085315436,-0.18223308,-0.9308038,0.30514416,144.30305,-23.036255,2.9654987,11.05930925,76.92355635,376.54114,0.0,,3.7900925,198.09,2,2
300.180,417267363809591,-0.34815568,3.7835011,9.184252,-0.036117375,-0.02924515,0.029474221,-0.45935535,3.8202622,9.020253,0.11119966,-0.036760926,0.1639986,-24.0,-31.275002,4.125,0.084849335,-0.18204316,-0.9307749,0.30547535,144.2529,-22.99938,2.9100106,11.05930925,76.92355635,376.54114,0.0,,3.7900925,198.11,2,2
300.200,417267383809591,-0.47123653,3.85394,9.189486,-0.02122755,-0.01481347,0.027259838,-0.45600596,3.8208027,9.020194,-0.015230551,0.033137202,0.1692915,-24.075,-31.35,5.625,0.0848244,-0.1820146,-0.9307748,0.30549958,144.2496,-22.995377,2.907567,11.05930925,76.92355635,376.54114,0.0,,3.7900925,198.13,2,2
300.220,417267403809591,-0.44282174,3.8294134,9.228818,0.012904517,0.0071776602,0.050396338,-0.448089,3.8289804,9.017123,0.0052672625,4.3308735E-4,0.21169472,-22.95,-30.750002,2.4,0.08409695,-0.18131897,-0.9307183,0.30628482,144.14172,-22.894096,2.8292065,11.05930925,76.92355635,376.54114,0.0,,3.7900925,198.15,2,2
300.240,417267423809591,-0.34621152,3.8427236,9.172886,0.049861833,0.0019853106,0.059330236,-0.4359749,3.8411198,9.012553,0.08976337,0.0016038418,0.1603322,-23.775002,-30.675001,4.8,0.083393246,-0.18129219,-0.9305505,0.30700266,144.03514,-22.867851,2.7301831,11.05930925,76.92355635,376.54114,0.0,,3.7900925,198.17,2,2
300.260,417267443809591,-0.2905784,3.8832521,9.135049,0.06543888,-0.017333288,0.049327325,-0.42307386,3.8519077,9.008563,0.13249546,0.031344295,0.12648582,-23.775002,-30.975,4.65,0.082656845,-0.1817596,-0.93032366,0.3076126,143.9357,-22.894968,2.6113875,11.05930925,76.92355635,376.54114,0.0,,3.7900925,198.19,2,2
300.280,417267463809591,-0.29356945,3.8289647,9.052197,0.06383537,-0.031306818,0.035735585,-0.41529557,3.859306,9.005758,0.12172614,-0.030341268,0.04643917,-22.650002,-30.750002,2.775,0.081854716,-0.18237501,-0.93010867,0.30811268,143.84702,-22.935715,2.482097,11.05930925,76.92355635,376.54114,0.0,,3.7900925,198.21,2,2
300.300,417267483809591,-0.30179477,3.8128133,9.084501,0.05199986,-0.011071923,0.023671009,-0.41368917,3.864136,9.00376,0.1118944,-0.0513227,0.08074045,-23.400002,-30.6,2.1000001,0.08182439,-0.18239345,-0.9301018,0.30813035,143.84387,-22.936712,2.477424,11.05930925,76.92355635,376.54114,0.0,,3.7900925,198.23,2,2
300.320,417267503809591,-0.3770191,3.8128133,9.240334,0.049861833,0.0061850054,0.015577051,-0.41073364,3.8710537,9.000923,0.033714533,-0.058240414,0.2394104,-24.150002,-30.900002,5.25,0.08147384,-0.18256208,-0.9300131,0.3083916,143.80084,-22.943422,2.4236257,11.05930925,76.92355635,376.54114,0.0,,3.7900925,198.25,2,2
300.340,417267523809591,-0.40274197,3.7846978,9.363264,0.07536544,-0.004276053,0.018707732,-0.3980062,3.887141,8.99456,-0.004735768,-0.10244322,0.36870432,-23.925001,-30.825,4.8,0.080992594,-0.18286647,-0.9298729,0.3087621,143.7393,-22.960724,2.34664,11.05930925,76.92355635,376.54114,0.0,,3.7900925,198.27,2,2
300.360,417267543809591,-0.3133102,3.7600217,9.2895355,0.12736529,-0.04283689,0.022296563,-0.38105658,3.9147391,8.983318,0.067746356,-0.15471745,0.30621767,-23.325,-30.900002,2.9250002,0.08045035,-0.18348245,-0.9297184,0.30900377,143.68896,-23.01007,2.2539034,11.05930925,76.92355635,376.54114,0.0,,3.7900925,198.29,2,2
300.380,417267563809591,-0.2620141,3.7966619,9.001948,0.17119484,-0.066813335,0.010919207,-0.37261403,3.9466863,8.969684,0.11059995,-0.15002453,0.03226471,-24.150002,-30.6,4.9500003,0.079921335,-0.18475671,-0.9294814,0.30909225,143.64977,-23.132698,2.1411252,11.05930925,76.92355635,376.54114,0.0,,3.7900925,198.31,2,2
300.400,417267583809591,-0.33634114,3.8693438,8.767302,0.17478368,-0.044287693,-0.0061850054,-0.37365994,3.9727387,8.958131,0.037318796,-0.103394866,-0.1908288,-23.925001,-30.6,5.4750004,0.0799404,-0.18641497,-0.9291833,0.30898458,143.64201,-23.317629,2.0818362,11.05930925,76.92355635,376.54114,0.0,,3.7900925,198.33,2,2
300.420,417267603809591,-0.3964608,3.9345481,8.7859955,0.13874266,-0.004276053,-0.010079268,-0.37622952,3.9899464,8.950373,-0.020231277,-0.055398226,-0.16437674,-23.25,-31.125002,3.3000002,0.08043782,-0.18796483,-0.92889726,0.30877477,143.65894,-23.50783,2.0847993,11.05930925,76.92355635,376.54114,0.0,,3.7900925,198.35,2,2
300.440,417267623809591,-0.4410271,3.9321551,8.898159,0.1014799,-0.0037415465,-0.011988221,-0.3740179,4.0023746,8.944915,-0.067009225,-0.0702194,-0.046755314,-23.25,-30.900002,3.45,0.08111152,-0.18910556,-0.92870086,0.3084938,143.69444,-23.658834,2.1261075,11.05930925,76.92355635,376.54114,0.0,,3.7900925,198.37,2,2
300.460,417267643809591,-0.46151567,3.9195929,8.975478,0.08498655,-0.035811946,-0.015882483,-0.36466554,4.014725,8.939764,-0.09685013,-0.09513223,0.03571415,-22.95,-30.975,3.6750002,0.081685014,-0.18991965,-0.9286033,0.30813795,143.74197,-23.769648,2.1706514,11.05930925,76.92355635,376.54114,0.0,,3.7900925,198.39,2,2
300.480,417267663809591,-0.41171503,3.9453158,8.938988,0.08032871,-0.070478514,-0.021532983,-0.35227013,4.027398,8.93456,-0.05944492,-0.08208215,0.004427433,-22.35,-30.825,3.075,0.081993625,-0.19075927,-0.9285445,0.3077157,143.79195,-23.873482,2.1853797,11.05930925,76.92355635,376.54114,0.0,,3.7900925,198.41,2,2
300.500,417267683809591,-0.3112165,3.9634116,8.843723,0.07498364,-0.07437278,-0.02794706,-0.3508376,4.037744,8.929946,0.039621085,-0.074332476,-0.086223125,-23.775002,-30.675001,5.175,0.08182601,-0.1917214,-0.9284923,0.3073203,143.82625,-23.9737,2.1393664,11.05930925,76.92355635,376.54114,0.0,,3.7900925,198.43,2,2
300.520,417267703809591,-0.34411782,3.998855,9.018698,0.07154753,-0.026038108,-0.043447755,-0.3549551,4.0514593,8.923569,0.010837302,-0.05260408,0.09512949,-24.0,-31.125002,5.175,0.081877485,-0.19230473,-0.92852783,0.30683586,143.88205,-24.03951,2.1360154,11.05930925,76.92355635,376.54114,0.0,,3.7900925,198.45,2,2
300.540,417267723809591,-0.45179483,4.0757246,9.176176,0.09269872,-0.019318597,-0.05642863,-0.35607043,4.0749846,8.912806,-0.095724404,7.4005127E-4,0.26337004,-23.325,-30.525002,4.8,0.08228319,-0.19293451,-0.9285669,0.30621305,143.96294,-24.123043,2.1759615,11.05930925,76.92355635,376.54114,0.0,,3.7900925,198.47,2,2
300.560,417267743809591,-0.4956134,4.1436214,9.063115,0.13286307,-0.039935283,-0.04589121,-0.35368624,4.103657,8.899735,-0.14192715,0.039964437,0.16337967,-22.650002,-31.2,3.45,0.08288873,-0.19397064,-0.9285154,0.3055486,144.04819,-24.259027,2.224777,11.05930925,76.92355635,376.54114,0.0,,3.7900925,198.49,2,2
300.580,417267763809591,-0.42846483,4.17727,8.950203,0.15294525,-0.039324418,-0.027030764,-0.35015222,4.1306005,8.887403,-0.07831259,0.04666972,0.062800884,-23.025002,-30.975,5.3250003,0.08349522,-0.19545026,-0.92834723,0.30494744,144.11925,-24.444696,2.255065,11.05930925,76.92355635,376.54114,0.0,,3.7900925,198.51,2,2
300.600,417267783809591,-0.34247273,4.1920757,9.005688,0.15019637,-0.029092433,-0.025427245,-0.34451377,4.157222,8.875202,0.0020410419,0.034853935,0.13048506,-23.175001,-30.825,4.5,0.08383016,-0.19721769,-0.92810774,0.3044429,144.16766,-24.65299,2.2400644,11.05930925,76.92355635,376.54114,0.0,,3.7900925,198.53,2,2
300.620,417267803809591,-0.33544382,4.1898327,8.95469,0.15057814,-0.044822197,-0.033750277,-0.3321313,4.1842785,8.862949,-0.0033125281,0.005553961,0.09174061,-23.325,-31.125002,3.525,0.08399971,-0.19919276,-0.92783964,0.3039239,144.21106,-24.878595,2.1982431,11.05930925,76.92355635,376.54114,0.0,,3.7900925,198.55,2,2
300.640,417267823809591,-0.30373892,4.236343,8.770592,0.13767365,-0.08116865,-0.03627009,-0.31800428,4.2059627,8.8532,0.014265358,0.030380249,-0.082607746,-22.425001,-30.900002,2.8500001,0.08396204,-0.20123059,-0.92758495,0.3033664,144.25345,-25.103796,2.1309192,11.05930925,76.92355635,376.54114,0.0,,3.7900925,198.57,2,2
300.660,417267843809591,-0.25199413,4.3181477,8.68116,0.09246965,-0.08422297,-0.036041018,-0.30759802,4.220183,8.846797,0.055603884,0.097964525,-0.16563654,-22.95,-30.900002,4.2000003,0.08376124,-0.20310655,-0.9273772,0.3028063,144.29433,-25.305182,2.050861,11.05930925,76.92355635,376.54114,0.0,,3.7900925,198.59,2,2
300.680,417267863809591,-0.2816053,4.332654,8.634052,0.047800165,-0.07185296,-0.036880955,-0.30288428,4.2257338,8.844311,0.021278977,0.10692024,-0.21025896,-22.35,-30.225,3.6000001,0.0835675,-0.2046767,-0.9272296,0.3022567,144.33824,-25.47278,1.9832252,11.05930925,76.92355635,376.54114,0.0,,3.7900925,198.61,2,2
300.700,417267883809591,-0.2970091,4.287639,8.66127,0.009162971,-0.04283689,-0.03481929,-0.30212837,4.225177,8.844603,0.005119264,0.06246233,-0.18333244,-21.45,-30.45,2.025,0.0835175,-0.20541611,-0.92717856,0.30192658,144.36913,-25.553083,1.9583329,11.05930925,76.92355635,376.54114,0.0,,3.7900925,198.63,2,2
300.720,417267903809591,-0.32258242,4.3018465,8.794222,-0.01718057,-0.029703297,-0.044974916,-0.30132675,4.2210636,8.846593,-0.021255657,0.08078265,-0.052371502,-22.275002,-30.525002,4.3500004,0.08360437,-0.20632721,-0.9271809,0.3012776,144.44232,-25.656925,1.9523462,11.05930925,76.92355635,376.54114,0.0,,3.7900925,198.65,2,2
300.740,417267923809591,-0.3999005,4.289882,8.793773,-0.035811946,-0.045051273,-0.045356706,-0.30052108,4.2147684,8.849621,-0.099379405,0.07511377,-0.05584812,-22.650002,-30.975,4.9500003,0.08379532,-0.20672308,-0.9272844,0.30063745,144.5246,-25.70681,1.9784595,11.05930925,76.92355635,376.54114,0.0,,3.7900925,198.67,2,2
300.760,417267943809591,-0.38150567,4.271039,8.840732,-0.043295037,-0.03672824,-0.035353795,-0.2989126,4.210764,8.851583,-0.08259304,0.060275078,-0.010850906,-22.275002,-30.825,4.275,0.083975285,-0.2066136,-0.9274787,0.30006525,144.60522,-25.699776,2.0208857,11.05930925,76.92355635,376.54114,0.0,,3.7900925,198.69,2,2
300.780,417267963809591,-0.35264224,4.275675,8.919247,-0.026267182,-0.035811946,-0.036117375,-0.2941636,4.2168627,8.848838,-0.058478624,0.05881238,0.070408344,-23.625,-30.750002,5.25,0.08416372,-0.20653127,-0.9276608,0.29950705,144.68379,-25.696062,2.062826,11.05930925,76.92355635,376.54114,0.0,,3.7900925,198.71,2,2
300.800,417267983809591,-0.36370903,4.3648076,8.752945,0.0051923506,-0.05505418,-0.031764966,-0.28565648,4.2241616,8.8456335,-0.078052565,0.14064598,-0.09268856,-23.025002,-31.125002,5.25,0.08422455,-0.2068574,-0.9277446,0.29900563,144.7458,-25.733694,2.0723295,11.05930925,76.92355635,376.54114,0.0,,3.7900925,198.73,2,2
300.820,417268003809591,-0.2705385,4.3673496,8.637342,0.0035888301,-0.05161807,-0.013057234,-0.27346775,4.2169056,8.849482,0.0029292405,0.15044427,-0.2121396,-23.475,-30.825,5.8500004,0.084016,-0.2071676,-0.9277606,0.29879996,144.76297,-25.760595,2.0419526,11.05930925,76.92355635,376.54114,0.0,,3.7900925,198.75,2,2
300.840,417268023809591,-0.17527425,4.2526436,8.7469635,-0.053374305,-0.0566577,-0.01397353,-0.26150417,4.1952934,8.860108,0.08622991,0.057350397,-0.113144875,-23.25,-30.825,5.25,0.08322762,-0.20731205,-0.9278954,0.29850098,144.78058,-25.748066,1.9524497,11.05930925,76.92355635,376.54114,0.0,,3.7900925,198.77,2,2
300.860,417268043809591,-0.24137598,4.1831026,8.965158,-0.11026108,-0.0783434,-0.03291034,-0.2481091,4.170347,8.872262,0.0067331195,0.012755394,0.09289694,-23.175001,-30.900002,6.0,0.082201906,-0.20674008,-0.9282182,0.2981762,144.8064,-25.64673,1.8633685,11.05930925,76.92355635,376.54114,0.0,,3.7900925,198.79,2,2
300.880,417268063809591,-0.33349967,4.185795,9.104391,-0.12385282,-0.10491602,-0.031383175,-0.23030365,4.1476364,8.883382,-0.10319601,0.03815818,0.22100925,-23.025002,-31.125002,6.0,0.08106257,-0.20574999,-0.9286492,0.29782754,144.83884,-25.494501,1.7777209,11.05930925,76.92355635,376.54114,0.0,,3.7900925,198.81,2,2
300.900,417268083809591,-0.30687952,4.151248,9.242876,-0.10071632,-0.11720967,-0.010231985,-0.2067448,4.135369,8.889678,-0.1001347,0.015879393,0.35319757,-23.775002,-31.575,6.2250004,0.07975742,-0.20467652,-0.9290927,0.29753315,144.8616,-25.327255,1.6742082,11.05930925,76.92355635,376.54114,0.0,,3.7900925,198.83,2,2
300.920,417268103809591,-0.26081765,4.1706896,9.115158,-0.05772672,-0.13942987,0.0028252495,-0.18808103,4.1365232,8.889555,-0.072736636,0.034166574,0.22560358,-23.25,-30.6,5.025,0.07836794,-0.20394425,-0.9294467,0.2972989,144.86978,-25.195488,1.5460098,11.05930925,76.92355635,376.54114,0.0,,3.7900925,198.85,2,2
300.940,417268123809591,-0.17003995,4.160371,8.82787,-0.002290743,-0.09300415,0.017027855,-0.1854536,4.146088,8.885153,0.0154136345,0.014282703,-0.057282448,-23.400002,-31.2,6.0750003,0.07768317,-0.20387189,-0.92953867,0.29724163,144.8621,-25.163004,1.4700996,11.05930925,76.92355635,376.54114,0.0,,3.7900925,198.87,2,2
300.960,417268143809591,-0.025722843,4.08066,8.751001,0.052992515,0.026572615,0.025045455,-0.19348462,4.1564116,8.880158,0.16776177,-0.07575178,-0.12915707,-22.35,-30.375002,4.9500003,0.076687455,-0.2040901,-0.92952585,0.29739338,144.81567,-25.152355,1.3405044,11.05930925,76.92355635,376.54114,0.0,,3.7900925,198.89,2,2
300.980,417268163809591,0.02871387,3.9360437,8.722137,0.080175996,0.08468112,-0.0029779659,-0.21010922,4.166887,8.874868,0.23882309,-0.23084307,-0.15273046,-23.325,-31.275002,6.675,0.07629238,-0.2043117,-0.9294719,0.2975148,144.78734,-25.163334,1.2821097,11.05930925,76.92355635,376.54114,0.0,,3.7900925,198.91,2,2
301.000,417268183809591,-0.032303106,3.9867415,8.663813,0.07231111,0.09476039,-0.06574431,-0.23834012,4.179099,8.868411,0.20603701,-0.19235754,-0.20459843,-23.325,-30.975,6.3750005,0.07632578,-0.20457606,-0.92944694,0.29740477,144.79846,-25.193996,1.2790116,11.05930925,76.92355635,376.54114,0.0,,3.7900925,198.93,2,2
301.020,417268203809591,-0.059671015,4.092325,8.663065,0.068875,0.14233148,-0.10277799,-0.27757484,4.1910434,8.86163,0.21790382,-0.098718405,-0.19856548,-22.725,-31.125002,6.0750003,0.07687839,-0.20486236,-0.9294348,0.29710355,144.84633,-25.24527,1.341551,11.05930925,76.92355635,376.54114,0.0,,3.7900925,198.95,2,2
301.040,417268223809591,-0.059671015,4.0775194,8.769695,0.0807105,0.20525055,-0.1165988,-0.3150539,4.199454,8.856394,0.2553829,-0.121934414,-0.08669853,-22.725,-31.050001,5.55,0.077912785,-0.20499393,-0.9294585,0.29666713,144.92557,-25.296019,1.4706223,11.05930925,76.92355635,376.54114,0.0,,3.7900925,198.97,2,2
301.060,417268243809591,-0.07731809,4.03056,8.796315,0.07330377,0.18669553,-0.14309506,-0.3516741,4.201476,8.854055,0.27435604,-0.17091608,-0.05774021,-22.275002,-31.35,3.6000001,0.07913205,-0.20489767,-0.92959505,0.29597965,145.04526,-25.327179,1.6375823,11.05930925,76.92355635,376.54114,0.0,,3.7900925,198.99,2,2
301.080,417268263809591,-0.32153553,4.1487055,8.840582,0.025579961,0.12308924,-0.18448114,-0.37410897,4.1926217,8.857333,0.052573428,-0.043915987,-0.016750813,-21.0,-30.900002,2.9250002,0.08060115,-0.20452715,-0.92990685,0.29485267,145.2319,-25.335205,1.8572552,11.05930925,76.92355635,376.54114,0.0,,3.7900925,199.01,2,2
301.100,417268283809591,-0.45717865,4.2764225,8.968149,-0.04604393,0.018555017,-0.19501856,-0.37483603,4.1776958,8.864353,-0.08234264,0.09872675,0.10379648,-22.875,-31.575,3.6750002,0.081769906,-0.20405225,-0.9303745,0.29337767,145.45792,-25.319717,2.0556655,11.05930925,76.92355635,376.54114,0.0,,3.7900925,199.03,2,2
301.120,417268303809591,-0.37088752,4.2681975,8.88126,-0.08865175,-0.08101593,-0.18303034,-0.3753453,4.1627665,8.871352,0.004457772,0.10543108,0.009908199,-22.875,-31.425001,6.0,0.08220485,-0.20373821,-0.9309154,0.29175377,145.68324,-25.295902,2.165872,11.05930925,76.92355635,376.54114,0.0,,3.7900925,199.05,2,2
301.140,417268323809591,-0.35174495,4.276124,8.836993,-0.09628755,-0.07612902,-0.1776089,-0.38732347,4.1487093,8.8774185,0.035578534,0.12741446,-0.0404253,-21.6,-30.900002,3.0,0.08237824,-0.20345396,-0.93148804,0.29007033,145.90935,-25.26597,2.2457352,11.05930925,76.92355635,376.54114,0.0,,3.7900925,199.07,2,2
301.160,417268343809591,-0.45553362,4.306782,8.947811,-0.09040798,-0.027870703,-0.17661625,-0.40125808,4.135629,8.882902,-0.054275528,0.17115259,0.064908504,-20.550001,-31.275002,2.025,0.08273719,-0.20298815,-0.9320904,0.28835347,146.14641,-25.221684,2.3549302,11.05930925,76.92355635,376.54114,0.0,,3.7900925,199.09,2,2
301.180,417268363809591,-0.5247759,4.2801614,8.976076,-0.0810923,-0.02283107,-0.16768236,-0.41193286,4.1222467,8.888632,-0.11284307,0.15791464,0.08744383,-20.925001,-31.575,2.1000001,0.08321119,-0.20240495,-0.9327001,0.28664958,146.38579,-25.167826,2.4813204,11.05930925,76.92355635,376.54114,0.0,,3.7900925,199.11,2,2
301.200,417268383809591,-0.51236314,4.236642,8.8826065,-0.0854447,-0.032681264,-0.15821396,-0.42151716,4.102675,8.897234,-0.09084597,0.13396716,-0.014627457,-21.150002,-31.275002,3.6000001,0.08367024,-0.20178032,-0.9333057,0.28498006,146.62053,-25.108522,2.6061254,11.05930925,76.92355635,376.54114,0.0,,3.7900925,199.13,2,2
301.220,417268403809591,-0.5501996,4.2251263,8.90803,-0.11934769,-0.04596757,-0.16310087,-0.43308216,4.0752954,8.909254,-0.117117494,0.14983106,-0.001224041,-21.0,-31.800001,2.9250002,0.08401967,-0.20090213,-0.9339787,0.28328672,146.85844,-25.016544,2.7273579,11.05930925,76.92355635,376.54114,0.0,,3.7900925,199.15,2,2
301.240,417268423809591,-0.7974081,4.2284164,8.986395,-0.16149735,-0.08177951,-0.17043126,-0.43747446,4.044075,8.923254,-0.35993367,0.18434167,0.06314087,-19.95,-31.725,1.6500001,0.08410522,-0.19970664,-0.9347475,0.2815629,147.09723,-24.879574,2.828972,11.05930925,76.92355635,376.54114,0.0,,3.7900925,199.17,2,2
301.260,417268443809591,-0.8307581,4.238885,9.121888,-0.18157953,-0.11392627,-0.14546216,-0.43935072,4.017011,8.935379,-0.39140737,0.221874,0.18650913,-20.85,-31.650002,2.8500001,0.08391622,-0.19830793,-0.9355503,0.27993488,147.3189,-24.710669,2.90183,11.05930925,76.92355635,376.54114,0.0,,3.7900925,199.19,2,2
301.280,417268463809591,-0.7603194,4.1334515,9.172886,-0.14546216,-0.09781471,-0.11049016,-0.44587582,4.0031805,8.94126,-0.3144436,0.1302712,0.23162508,-21.0,-31.575,4.65,0.08370104,-0.1969123,-0.93629426,0.27849388,147.51523,-24.54175,2.9654405,11.05930925,76.92355635,376.54114,0.0,,3.7900925,199.21,2,2
301.300,417268483809591,-0.7537391,4.149603,9.211321,-0.07528908,-0.061086476,-0.09330958,-0.45367536,4.0019884,8.9414015,-0.3000638,0.14761472,0.26991892,-21.150002,-31.875002,4.425,0.083673544,-0.19583736,-0.9369019,0.27721733,147.69072,-24.415598,3.0348597,11.05930925,76.92355635,376.54114,0.0,,3.7900925,199.23,2,2
301.320,417268503809591,-0.8089236,4.173232,9.144022,-0.014508037,-0.054137886,-0.07315105,-0.4542315,4.008447,8.938479,-0.3546921,0.16478515,0.20554304,-20.775002,-31.875002,3.3000002,0.083817236,-0.1952254,-0.93734366,0.27611536,147.84235,-24.347706,3.1033149,11.05930925,76.92355635,376.54114,0.0,,3.7900925,199.25,2,2
301.340,417268523809591,-0.7440183,4.145266,8.977123,0.020158537,-0.069791295,-0.043065965,-0.45091105,4.0173583,8.934646,-0.29310724,0.12790775,0.04247713,-20.400002,-32.475002,3.6000001,0.08397251,-0.19510512,-0.9376252,0.2752007,147.96461,-24.336164,3.151002,11.05930925,76.92355635,376.54114,0.0,,3.7900925,199.27,2,2
301.360,417268543809591,-0.6870392,4.0888853,8.675627,0.022143846,-0.0765108,-0.026190825,-0.45297024,4.021004,8.932902,-0.23406896,0.06788111,-0.2572751,-21.375,-32.325,4.5,0.08404747,-0.19518395,-0.9377214,0.2747962,148.01736,-24.34614,3.1683335,11.05930925,76.92355635,376.54114,0.0,,3.7900925,199.29,2,2
301.380,417268563809591,-0.64277196,4.1039896,8.691629,-0.0083230315,-0.03275762,-0.015042543,-0.45613754,4.0175757,8.934283,-0.18663445,0.0864141,-0.24265432,-21.075,-32.175003,4.2000003,0.084061645,-0.19519533,-0.9377267,0.27476567,148.02148,-24.347778,3.170462,11.05930925,76.92355635,376.54114,0.0,,3.7900925,199.31,2,2
301.400,417268583809591,-0.5407779,4.0419264,8.8492565,-0.028405208,0.0,-0.0023671007,-0.45596543,4.0141797,8.935818,-0.08481249,0.027746439,-0.08656168,-20.400002,-31.875002,2.8500001,0.08407425,-0.19519359,-0.93773466,0.2747361,148.02559,-24.347893,3.1728256,11.05930925,76.92355635,376.54114,0.0,,3.7900925,199.33,2,2
301.420,417268603809591,-0.44371903,3.983302,8.922686,-0.015042544,0.0019089523,0.0015271618,-0.45181328,4.015482,8.935444,0.008094236,-0.03217995,-0.012757778,-19.95,-31.725,2.4,0.084074214,-0.19519353,-0.9377347,0.27473587,148.02562,-24.347885,3.1728294,11.05930925,76.92355635,376.54114,0.0,,3.7900925,199.35,2,2
301.440,417268623809591,-0.35533416,3.9731326,8.756834,0.0010690133,-0.007788525,-0.0030543236,-0.4522084,4.0152793,8.935514,0.09687424,-0.042146802,-0.1786809,-19.95,-31.725,2.4,0.084074214,-0.19519353,-0.9377347,0.27473587,148.02562,-24.347885,3.1728294,11.05930925,76.92355635,376.54114,0.0,,3.7900925,199.37,2,2
301.460,417268643809591,-0.3450151,3.9530926,8.817253,-0.015882483,0.035353795,-0.015271619,-0.46908867,3.9980145,8.942383,0.12407355,-0.044921875,-0.12513018,-20.175001,-32.025,3.2250001,0.083592,-0.19491662,-0.93798375,0.2742313,148.08202,-24.29937,3.1392581,11.05930925,76.92355635,376.54114,0.0,,3.7900925,199.39,2,2
301.480,417268663809591,-0.43579283,3.8784666,9.160473,-0.04321868,0.06276635,-0.040317073,-0.4868081,3.9971256,8.9418335,0.051015258,-0.11865914,0.21863937,-20.925001,-32.175003,3.15,0.08340779,-0.19421373,-0.9382595,0.27384382,148.13496,-24.212822,3.1519966,11.05930925,76.92355635,376.54114,0.0,,3.7900925,199.41,2,2
301.500,417268683809591,-0.59012985,4.0174,8.4349985,-0.04077522,0.047342017,-0.060322892,-0.55775124,4.011256,8.931356,-0.032378644,0.0061434507,-0.49635768,-19.800001,-31.95,0.375,0.08381394,-0.19359697,-0.93845874,0.2734738,148.19836,-24.155052,3.2308564,11.05930925,76.92355635,376.54114,0.0,,3.7900925,199.43,2,2
301.520,417268703809591,-0.9873384,4.485795,7.3343005,-0.10590868,0.28664827,-0.026419898,-0.65320796,3.9930117,8.93306,-0.3341305,0.49278307,-1.5987592,-19.650002,-32.475002,0.675,0.08558021,-0.19251047,-0.93850255,0.27353424,148.24283,-24.089388,3.4739885,11.05930925,76.92355635,376.54114,0.0,,3.7900925,199.45,2,2
301.540,417268723809591,-1.2254243,4.2237806,8.185697,-0.19036072,0.43363762,0.04306596,-0.7010611,3.9367573,8.954375,-0.52436316,0.2870233,-0.76867867,-20.475,-32.100002,3.0,0.08821638,-0.19054133,-0.9384723,0.2741575,148.24344,-23.954176,3.8336132,11.05930925,76.92355635,376.54114,0.0,,3.7900925,199.47,2,2
301.560,417268743809591,-1.0168,3.900002,9.13176,-0.29703295,0.24014619,0.071700245,-0.6947239,3.8651435,8.986012,-0.32207617,0.034858346,0.14574671,-22.050001,-32.25,4.9500003,0.09007864,-0.18770504,-0.9386252,0.27496997,148.20917,-23.69746,4.1254096,11.05930925,76.92355635,376.54114,0.0,,3.7900925,199.49,2,2
301.580,417268763809591,-0.8177471,3.7290645,9.152697,-0.36445716,-0.041767873,0.03359756,-0.6741069,3.7953815,9.017264,-0.14364025,-0.06631696,0.13543177,-22.125,-32.4,4.275,0.09030749,-0.18438831,-0.93908,0.275579,148.16687,-23.333624,4.2460933,11.05930925,76.92355635,376.54114,0.0,,3.7900925,199.51,2,2
301.600,417268783809591,-0.68001026,3.7024446,9.215059,-0.3549124,-0.11927134,-0.015118902,-0.6814824,3.746654,9.0370655,0.0014721155,-0.0442096,0.17799377,-20.550001,-32.550003,1.2,0.08956452,-0.1809692,-0.9397237,0.27588746,148.14124,-22.925976,4.2639217,11.05930925,76.92355635,376.54114,0.0,,3.7900925,199.53,2,2
301.620,417268803809591,-0.8021938,3.8437705,9.444172,-0.25282162,0.0054214243,-0.0415388,-0.7166159,3.7265964,9.042639,-0.085577905,0.11717403,0.40153313,-20.175001,-32.025,0.675,0.089356996,-0.17797588,-0.9402925,0.2759686,148.1521,-22.582804,4.3362393,11.05930925,76.92355635,376.54114,0.0,,3.7900925,199.55,2,2
301.640,417268823809591,-1.0438688,4.0111184,9.324531,-0.13431388,0.12889245,-0.01802051,-0.7482213,3.7162666,9.044331,-0.29564756,0.29485178,0.2802,-20.325,-32.100002,1.35,0.08999932,-0.17575221,-0.9406154,0.27609643,148.16827,-22.353968,4.4812016,11.05930925,76.92355635,376.54114,0.0,,3.7900925,199.57,2,2
301.660,417268843809591,-0.9354441,3.9979582,9.1589775,-0.09560033,0.1532507,0.028405208,-0.7607714,3.6934226,9.052638,-0.1746727,0.3045355,0.10633898,-19.5,-31.800001,-0.975,0.09097143,-0.17416608,-0.94072086,0.2764347,148.15898,-22.208532,4.638319,11.05930925,76.92355635,376.54114,0.0,,3.7900925,199.59,2,2
301.680,417268863809591,-0.7543373,3.846313,9.421291,-0.12912154,0.09353866,0.04283689,-0.7582358,3.6639173,9.064832,0.0038984716,0.18239558,0.35645914,-19.95,-32.325,-0.15,0.09139708,-0.17260458,-0.94082266,0.27693465,148.11699,-22.0492,4.726729,11.05930925,76.92355635,376.54114,0.0,,3.7900925,199.61,2,2
301.700,417268883809591,-0.7356434,3.7486558,9.785149,-0.13095413,0.011300998,0.026496258,-0.7430359,3.6497118,9.071818,0.007392496,0.09894395,0.71333075,-19.425001,-32.175003,-1.6500001,0.09121097,-0.17104632,-0.9409968,0.27737552,148.06932,-21.870342,4.7451673,11.05930925,76.92355635,376.54114,0.0,,3.7900925,199.63,2,2
301.720,417268903809591,-0.7236793,3.7580776,9.708429,-0.05589412,-0.06406444,0.015958842,-0.723269,3.6564713,9.070694,-4.1031837E-4,0.10160625,0.63773537,-20.25,-32.325,1.575,0.090469114,-0.17010227,-0.9411455,0.27769983,148.02026,-21.742044,4.681744,11.05930925,76.92355635,376.54114,0.0,,3.7900925,199.65,2,2
301.740,417268923809591,-0.6100202,3.8358443,9.495916,0.0335212,-0.07536544,0.013362666,-0.699908,3.6756678,9.064766,0.0898878,0.16017652,0.4311509,-21.375,-32.4,3.15,0.08956369,-0.1701252,-0.94116575,0.27791518,147.97443,-21.716496,4.5703607,11.05930925,76.92355635,376.54114,0.0,,3.7900925,199.67,2,2
301.760,417268943809591,-0.49755758,3.869942,9.268898,0.08483384,-0.08101593,0.014278963,-0.6691479,3.6931524,9.05998,0.17159034,0.17678952,0.20891714,-20.325,-32.100002,1.575,0.08856145,-0.17086151,-0.9410888,0.27804604,147.9316,-21.767431,4.426296,11.05930925,76.92355635,376.54114,0.0,,3.7900925,199.69,2,2
301.780,417268963809591,-0.39406797,3.7800615,9.287741,0.09453131,-0.11056651,0.009162971,-0.6336106,3.7073555,9.056734,0.23954263,0.072705984,0.2310071,-21.6,-32.025,4.2000003,0.08728814,-0.17192824,-0.9410036,0.27807721,147.8928,-21.846169,4.242066,11.05930925,76.92355635,376.54114,0.0,,3.7900925,199.71,2,2
301.800,417268983809591,-0.34561333,3.7724342,9.3997555,0.08910989,-0.14172062,-0.011071923,-0.6031605,3.7168398,9.054926,0.25754717,0.055594563,0.34482908,-21.075,-32.325,1.6500001,0.08577134,-0.17312232,-0.94096136,0.27794755,147.86778,-21.930567,4.0290103,11.05930925,76.92355635,376.54114,0.0,,3.7900925,199.73,2,2
301.820,417269003809591,-0.36370903,3.7938204,9.361469,0.060857397,-0.13232857,-0.032604903,-0.58510566,3.7181451,9.055575,0.22139661,0.07567513,0.30589437,-21.225,-32.625,3.6750002,0.084185034,-0.17422493,-0.94097817,0.27768472,147.8585,-22.001911,3.8140059,11.05930925,76.92355635,376.54114,0.0,,3.7900925,199.75,2,2
301.840,417269023809591,-0.37672,3.7257743,9.174531,0.015729766,-0.07727438,-0.043676827,-0.579132,3.710059,9.059275,0.20241201,0.01571548,0.11525631,-20.85,-32.625,3.6000001,0.08274856,-0.17499147,-0.9410596,0.2773598,147.86288,-22.040203,3.629089,11.05930925,76.92355635,376.54114,0.0,,3.7900925,199.77,2,2
301.860,417269043809591,-0.43728834,3.698556,9.1589775,-0.032604903,-0.030695952,-0.060933758,-0.5799676,3.6928844,9.066236,0.14267927,0.005671501,0.092741966,-21.0,-31.875002,3.3750002,0.08154626,-0.17516568,-0.94125515,0.27694508,147.88875,-22.019299,3.4934146,11.05930925,76.92355635,376.54114,0.0,,3.7900925,199.79,2,2
301.880,417269063809591,-0.5466104,3.717549,9.437592,-0.06818777,-0.022143845,-0.08987348,-0.5760505,3.6720338,9.07495,0.029440105,0.0455153,0.36264133,-20.625,-32.775,2.5500002,0.08066606,-0.17465985,-0.9416112,0.27631345,147.9549,-21.931728,3.4232697,11.05930925,76.92355635,376.54114,0.0,,3.7900925,199.81,2,2
301.900,417269083809591,-0.59252274,3.6734314,9.673584,-0.06834049,-0.06543888,-0.116064295,-0.561912,3.6597002,9.080817,-0.03061071,0.013731241,0.5927663,-20.85,-32.7,3.3750002,0.079788215,-0.17388116,-0.9420933,0.27541393,148.05734,-21.81273,3.36891,11.05930925,76.92355635,376.54114,0.0,,3.7900925,199.83,2,2
301.920,417269103809591,-0.5141578,3.6194434,9.516405,-0.025045453,-0.11896591,-0.13538289,-0.5540672,3.653499,9.083796,0.039909437,-0.03405559,0.43260956,-20.775002,-32.175003,2.25,0.07868436,-0.17324768,-0.94263273,0.27428016,148.18326,-21.702112,3.2889009,11.05930925,76.92355635,376.54114,0.0,,3.7900925,199.85,2,2
301.940,417269123809591,-0.47841498,3.657579,9.414412,-0.0041233366,-0.088957176,-0.15638137,-0.55762804,3.6501603,9.084919,0.07921305,0.0074186325,0.3294921,-20.925001,-32.7,3.075,0.07780156,-0.17270003,-0.9431989,0.27292663,148.34064,-21.607681,3.2368548,11.05930925,76.92355635,376.54114,0.0,,3.7900925,199.87,2,2
301.960,417269143809591,-0.6439684,3.7537405,9.420543,-0.0029779654,-0.059482954,-0.16600248,-0.55985713,3.654876,9.082887,-0.08411127,0.098864555,0.33765602,-20.400002,-33.075,3.825,0.07748675,-0.17246358,-0.94371074,0.27139217,148.52954,-21.565834,3.2447925,11.05930925,76.92355635,376.54114,0.0,,3.7900925,199.89,2,2
301.980,417269163809591,-0.6810571,3.8533416,9.200104,0.011148281,-0.067118764,-0.14698932,-0.5617512,3.6618083,9.079977,-0.11930594,0.19153345,0.1201272,-21.45,-33.15,5.025,0.07740815,-0.1726313,-0.944127,0.26985645,148.71977,-21.576916,3.2669666,11.05930925,76.92355635,376.54114,0.0,,3.7900925,199.91,2,2
302.000,417269183809591,-0.65817577,3.8848972,9.159725,0.015729766,-0.055741407,-0.12431097,-0.55489206,3.6644583,9.0793295,-0.1032837,0.22043884,0.0803957,-20.925001,-32.925003,4.875,0.07746428,-0.17301773,-0.9444661,0.2684036,148.90039,-21.617107,3.2958214,11.05930925,76.92355635,376.54114,0.0,,3.7900925,199.93,2,2
302.020,417269203809591,-0.6994519,3.8768213,9.448658,0.01160643,-0.10323614,-0.108810276,-0.5278504,3.6671088,9.079872,-0.17160156,0.2097125,0.36878633,-20.325,-33.15,2.325,0.07738653,-0.17346434,-0.94478863,0.26699948,149.07158,-21.660036,3.3060906,11.05930925,76.92355635,376.54114,0.0,,3.7900925,199.95,2,2
302.040,417269223809591,-0.47602218,3.7260735,9.50145,0.036957316,-0.16875139,-0.086361,-0.4954422,3.6728694,9.07937,0.019420043,0.05320406,0.42208052,-20.175001,-32.7,2.4,0.076596655,-0.1739833,-0.9451101,0.26574865,149.20808,-21.689573,3.2273948,11.05930925,76.92355635,376.54114,0.0,,3.7900925,199.97,2,2
302.060,417269243809591,-0.15553346,3.545864,9.501749,0.08216131,-0.14782926,-0.089568034,-0.47515744,3.6905987,9.073262,0.31962398,-0.14473474,0.42848682,-20.175001,-33.075,3.7500002,0.07546321,-0.17473201,-0.9453907,0.2645787,149.32509,-21.73486,3.0993533,11.05930925,76.92355635,376.54114,0.0,,3.7900925,199.99,2,2
302.080,417269263809591,-0.05069793,3.5433216,9.033802,0.121791154,-0.07735074,-0.106824964,-0.47055766,3.7075996,9.066568,0.41985974,-0.16427791,-0.032765865,-20.550001,-33.075,3.525,0.07450382,-0.17574185,-0.9455918,0.26345992,149.43683,-21.815416,2.982116,11.05930925,76.92355635,376.54114,0.0,,3.7900925,200.01,2,2
302.100,417269283809591,-0.08883354,3.483202,8.815308,0.11667517,-0.0022143845,-0.10850485,-0.46223682,3.714775,9.06406,0.37340328,-0.2315731,-0.24875212,-19.650002,-33.45,1.8750001,0.07381911,-0.17673026,-0.94575197,0.26241577,149.54497,-21.90252,2.8959455,11.05930925,76.92355635,376.54114,0.0,,3.7900925,200.03,2,2
302.120,417269303809591,-0.10872388,3.4664521,8.80514,0.06627882,-0.027259838,-0.10735948,-0.44434205,3.7055275,9.068738,0.33561817,-0.2390753,-0.26359892,-18.45,-32.625,1.125,0.07303514,-0.17748065,-0.9459564,0.26139104,149.65059,-21.960009,2.8053796,11.05930925,76.92355635,376.54114,0.0,,3.7900925,200.05,2,2
302.140,417269323809591,-0.11964114,3.4537404,8.899206,-0.016493348,-0.088957176,-0.11919498,-0.43376914,3.6809843,9.079239,0.314128,-0.2272439,-0.18003273,-18.900002,-33.525,2.25,0.07196963,-0.17769499,-0.9463013,0.26029035,149.76462,-21.948435,2.7008128,11.05930925,76.92355635,376.54114,0.0,,3.7900925,200.07,2,2
302.160,417269343809591,-0.37058842,3.3930225,9.351898,-0.06475166,-0.09819651,-0.13041961,-0.4302834,3.6641147,9.086226,0.05969499,-0.27109218,0.2656722,-18.900002,-33.225002,2.1750002,0.070936725,-0.17734826,-0.9467714,0.25909784,149.89597,-21.87455,2.620007,11.05930925,76.92355635,376.54114,0.0,,3.7900925,200.09,2,2
302.180,417269363809591,-0.65353966,3.395864,9.605687,-0.011071922,-0.09865465,-0.10285434,-0.42433023,3.6724722,9.083131,-0.22920945,-0.27660823,0.5225563,-19.425001,-33.15,2.1750002,0.07014632,-0.17701493,-0.9472061,0.25795084,150.02654,-21.809875,2.5658865,11.05930925,76.92355635,376.54114,0.0,,3.7900925,200.11,2,2
302.200,417269383809591,-0.6498009,3.4293635,9.422038,0.108657554,-0.093920454,-0.05398517,-0.41698182,3.7007654,9.071981,-0.23281908,-0.27140188,0.35005665,-19.5,-33.075,3.6750002,0.06962348,-0.17718068,-0.94747764,0.25698233,150.13574,-21.81022,2.522961,11.05930925,76.92355635,376.54114,0.0,,3.7900925,200.13,2,2
302.220,417269403809591,-0.4037888,3.3707395,9.004042,0.20410517,-0.05642863,-0.0424551,-0.42130598,3.7375863,9.056674,0.017517164,-0.36684692,-0.05263233,-19.800001,-33.0,3.9750001,0.06933895,-0.1779002,-0.9475901,0.25614765,150.22797,-21.880684,2.487347,11.05930925,76.92355635,376.54114,0.0,,3.7900925,200.15,2,2
302.240,417269423809591,-0.36370903,3.4205399,8.720942,0.23273945,0.0016035195,-0.070936665,-0.43318585,3.775036,9.040566,0.06947681,-0.35449612,-0.31962538,-18.45,-32.7,2.1000001,0.06959306,-0.17905502,-0.9475854,0.25528857,150.33052,-22.016432,2.501908,11.05930925,76.92355635,376.54114,0.0,,3.7900925,200.17,2,2
302.260,417269443809591,-0.39376888,3.5784664,8.603992,0.21166463,0.03245219,-0.08681915,-0.4423941,3.7995136,9.0298605,0.04862523,-0.22104728,-0.4258685,-19.2,-33.225002,2.5500002,0.070278026,-0.18072926,-0.9474589,0.2543833,150.44328,-22.223606,2.5522263,11.05930925,76.92355635,376.54114,0.0,,3.7900925,200.19,2,2
302.280,417269463809591,-0.4106682,3.6441193,8.6961155,0.14141518,0.01443168,-0.09300415,-0.4365272,3.807347,9.026845,0.025858998,-0.1632278,-0.33072948,-19.050001,-33.375,3.3750002,0.07103228,-0.18210962,-0.9473993,0.2534084,150.56938,-22.399445,2.6220436,11.05930925,76.92355635,376.54114,0.0,,3.7900925,200.21,2,2
302.300,417269483809591,-0.4156034,3.6194434,9.012716,0.07658716,-0.068875,-0.09506582,-0.4002907,3.8059022,9.029134,-0.015312687,-0.18645883,-0.01641798,-19.35,-33.675003,4.5,0.07104001,-0.18297109,-0.947509,0.25237662,150.69147,-22.494278,2.6220505,11.05930925,76.92355635,376.54114,0.0,,3.7900925,200.23,2,2
302.320,417269503809591,-0.29775685,3.522833,9.501301,0.07261655,-0.2175442,-0.09605847,-0.33105892,3.815649,9.027824,0.03330206,-0.29281592,0.4734764,-19.2,-33.375,5.175,0.06992545,-0.18382974,-0.94774854,0.2511584,150.81233,-22.555206,2.49502,11.05930925,76.92355635,376.54114,0.0,,3.7900925,200.25,2,2
302.340,417269523809591,-0.16331014,3.5934215,9.9677515,0.15584686,-0.39675665,-0.12591448,-0.25441703,3.8626747,9.010295,0.09110689,-0.26925325,0.9574566,-19.5,-33.45,5.25,0.06762843,-0.18532254,-0.94804794,0.24953519,150.9514,-22.652472,2.2195446,11.05930925,76.92355635,376.54114,0.0,,3.7900925,200.27,2,2
302.360,417269543809591,-0.23629123,3.7173996,9.626026,0.32681262,-0.47838342,-0.14805833,-0.20463833,3.9491503,8.974003,-0.031652898,-0.23175073,0.6520233,-18.75,-33.375,5.625,0.06496664,-0.18800017,-0.94821924,0.24754846,151.11517,-22.873356,1.8738035,11.05930925,76.92355635,376.54114,0.0,,3.7900925,200.29,2,2
302.380,417269563809591,-0.37013975,3.9830027,8.672038,0.45371976,-0.35705042,-0.11621702,-0.17279243,4.041394,8.933515,-0.19734731,-0.05839145,-0.26147652,-19.5,-33.600002,6.8250003,0.0629527,-0.19195499,-0.94806415,0.24558826,151.27495,-23.259249,1.5644612,11.05930925,76.92355635,376.54114,0.0,,3.7900925,200.31,2,2
302.400,417269583809591,-0.301047,4.2372403,8.255986,0.43424845,-0.23037237,-0.0632245,-0.13942772,4.1096473,8.902905,-0.16161928,0.12759304,-0.64691925,-18.0,-33.075,5.1000004,0.06151878,-0.19634745,-0.94767696,0.2439495,151.40042,-23.713459,1.3019071,11.05930925,76.92355635,376.54114,0.0,,3.7900925,200.33,2,2
302.420,417269603809591,-0.17617157,4.2414274,8.006385,0.29558218,-0.20784672,-0.029321507,-0.096872486,4.1425576,8.8882065,-0.07929908,0.09887004,-0.8818219,-19.275002,-33.375,6.15,0.060182743,-0.20035604,-0.9472578,0.2426492,151.48766,-24.128483,1.0538231,11.05930925,76.92355635,376.54114,0.0,,3.7900925,200.35,2,2
302.440,417269623809591,0.031405795,4.132255,7.9959154,0.12095121,-0.23006693,-0.033750277,-0.05288797,4.15091,8.884681,0.08429377,-0.018654823,-0.8887651,-18.900002,-32.925003,7.275,0.058519315,-0.20348981,-0.9469869,0.24151932,151.55399,-24.43568,0.78924686,11.05930925,76.92355635,376.54114,0.0,,3.7900925,200.37,2,2
302.460,417269643809591,0.1855933,4.1367416,8.115408,-0.006719512,-0.23480113,-0.07254019,-0.025192073,4.1485558,8.8859005,0.21078537,-0.011814117,-0.77049255,-19.050001,-33.300003,6.8250003,0.056597147,-0.20564535,-0.946937,0.24036549,151.62764,-24.624805,0.52489096,11.05930925,76.92355635,376.54114,0.0,,3.7900925,200.39,2,2
302.480,417269663809591,0.2062314,4.2345486,8.452496,-0.057879433,-0.16462804,-0.11522436,-0.014852564,4.1464105,8.886926,0.22108397,0.088137865,-0.43442965,-18.900002,-33.15,7.425,0.05485208,-0.20704606,-0.9470538,0.23912458,151.7253,-24.733643,0.3076031,11.05930925,76.92355635,376.54114,0.0,,3.7900925,200.41,2,2
302.500,417269683809591,0.18080765,4.370042,8.88096,-0.033063054,-0.097662,-0.12965605,-0.0050167055,4.1521726,8.884247,0.18582436,0.21786928,-0.0032858849,-18.825,-33.525,7.65,0.053425647,-0.20812088,-0.9472256,0.23784651,151.8391,-24.814957,0.13954434,11.05930925,76.92355635,376.54114,0.0,,3.7900925,200.43,2,2
302.520,417269703809591,0.27248266,4.4871407,9.062516,0.026725331,-0.10491602,-0.12308924,0.007822387,4.1658335,8.877847,0.2646603,0.32130718,0.1846695,-18.300001,-33.825,7.2000003,0.05214052,-0.20926961,-0.94737077,0.23655146,151.9571,-24.909086,-0.013472013,11.05930925,76.92355635,376.54114,0.0,,3.7900925,200.45,2,2
302.540,417269723809591,0.36400813,4.5646086,8.939436,0.068264134,-0.11583522,-0.11468985,0.010370487,4.175256,8.873417,0.35363767,0.38935256,0.06601906,-18.375,-33.675003,8.025001,0.051005952,-0.21055661,-0.9474651,0.23528126,152.07346,-25.023602,-0.15348275,11.05930925,76.92355635,376.54114,0.0,,3.7900925,200.47,2,2
302.560,417269743809591,0.2868396,4.498806,9.00165,0.04680751,-0.05772672,-0.10888664,3.4939995E-4,4.1711493,8.875354,0.28649023,0.3276565,0.12629557,-18.900002,-33.525,6.9,0.050158788,-0.21155755,-0.9475752,0.2341266,152.18585,-25.113981,-0.25336862,11.05930925,76.92355635,376.54114,0.0,,3.7900925,200.49,2,2
302.580,417269763809591,0.041276194,4.2040396,9.438938,-0.017791435,0.011071923,-0.098807365,-0.006847908,4.1546674,8.883078,0.0481241,0.049372435,0.55586004,-18.45,-33.975002,7.1250005,0.049745172,-0.21164091,-0.94783044,0.23311321,152.30348,-25.11218,-0.27668574,11.05930925,76.92355635,376.54114,0.0,,3.7900925,200.51,2,2
302.600,417269783809591,-0.19800606,3.7295132,10.091431,-0.06963858,-0.008857539,-0.09369138,0.008201916,4.1428733,8.888584,-0.20620799,-0.41336012,1.202846,-18.0,-33.975002,6.8250003,0.049367253,-0.2111127,-0.9482135,0.23211677,152.42792,-25.041698,-0.27725962,11.05930925,76.92355635,376.54114,0.0,,3.7900925,200.53,2,2
302.620,417269803809591,-0.19875383,3.3512976,10.451101,-0.031077743,-0.14240783,-0.11140645,0.0500345,4.159405,8.880723,-0.24878833,-0.8081076,1.5703788,-18.150002,-34.125,7.3500004,0.04844964,-0.21069513,-0.94865483,0.23088166,152.56747,-24.968895,-0.3392323,11.05930925,76.92355635,376.54114,0.0,,3.7900925,200.55,2,2
302.640,417269823809591,-0.09107681,3.5223846,9.887891,0.11797325,-0.3084867,-0.14859284,0.06739564,4.201878,8.860591,-0.15847245,-0.67949355,1.0272999,-18.675001,-33.975002,8.325001,0.046983212,-0.21126185,-0.9490059,0.22920948,152.73543,-24.993504,-0.48498046,11.05930925,76.92355635,376.54114,0.0,,3.7900925,200.57,2,2
302.660,417269843809591,-0.30164522,4.1828036,6.8464637,0.21655154,-0.17516546,-0.14294234,0.044587094,4.235738,8.844599,-0.3462323,-0.05293417,-1.9981351,-18.45,-34.050003,8.700001,0.046358995,-0.21274789,-0.9490875,0.22761506,152.90211,-25.14666,-0.56027883,11.05930925,76.92355635,376.54114,0.0,,3.7900925,200.59,2,2
302.680,417269863809591,-0.10573286,4.350899,7.5930243,0.17402008,0.08674279,-0.079412416,0.03381485,4.2594833,8.833236,-0.1395477,0.09141588,-1.2402112,-18.0,-34.125,8.400001,0.04678611,-0.21437022,-0.9489865,0.22642456,153.0423,-25.344246,-0.5248516,11.05930925,76.92355635,376.54114,0.0,,3.7900925,200.61,2,2
302.700,417269883809591,-0.056679986,4.188038,8.607581,0.13309215,0.033368483,-0.05199986,0.051142897,4.2830524,8.821748,-0.10782289,-0.09501457,-0.21416664,-17.1,-33.45,6.0,0.04737419,-0.21589993,-0.9488326,0.22549419,153.15501,-25.535545,-0.47421336,11.05930925,76.92355635,376.54114,0.0,,3.7900925,200.63,2,2
302.720,417269903809591,0.16674984,4.2894335,8.480762,0.12927425,-0.106519535,-0.024510946,0.0890612,4.296387,8.814959,0.077688634,-0.006953478,-0.33419704,-17.550001,-34.050003,6.7500005,0.047151666,-0.21768486,-0.94861424,0.22474208,153.22067,-25.733881,-0.53354526,11.05930925,76.92355635,376.54114,0.0,,3.7900925,200.65,2,2
302.740,417269923809591,0.36251265,4.502993,8.054541,0.062155485,-0.21746784,-0.021838414,0.128658,4.28939,8.817878,0.23385464,0.21360302,-0.7633376,-17.475,-34.050003,7.275,0.046035573,-0.21933426,-0.9484652,0.22399585,153.26378,-25.892588,-0.6963741,11.05930925,76.92355635,376.54114,0.0,,3.7900925,200.67,2,2
302.760,417269943809591,0.45508495,4.5139103,8.029117,-0.05406153,-0.23495385,-0.041462444,0.15543097,4.267611,8.828008,0.29965398,0.24629927,-0.79889107,-18.375,-34.65,9.375,0.044359665,-0.2204305,-0.94847494,0.22321413,153.304,-25.973091,-0.9087636,11.05930925,76.92355635,376.54114,0.0,,3.7900925,200.69,2,2
302.780,417269963809591,0.43788654,4.544718,8.356484,-0.13568833,-0.16768236,-0.05009091,0.17058401,4.233625,8.844078,0.26730254,0.3110931,-0.48759365,-17.1,-33.9,6.2250004,0.042604197,-0.22084492,-0.94863206,0.2224797,153.34561,-25.973684,-1.1112972,11.05930925,76.92355635,376.54114,0.0,,3.7900925,200.71,2,2
302.800,417269983809591,0.38793635,4.526024,8.655737,-0.2016617,-0.100029096,-0.04276053,0.18287665,4.1866403,8.866171,0.20505972,0.33938384,-0.21043396,-18.45,-34.125,8.625,0.040883355,-0.22042945,-0.9489438,0.22188579,153.38228,-25.880346,-1.2883034,11.05930925,76.92355635,376.54114,0.0,,3.7900925,200.73,2,2
302.820,417270003809591,0.34606197,4.191627,9.155538,-0.26267183,-0.0849102,-0.042149667,0.20069708,4.142513,8.88649,0.1453649,0.049114227,0.26904774,-17.1,-33.975002,6.6000004,0.039134104,-0.21894556,-0.94948286,0.22135784,153.42555,-25.664162,-1.4377991,11.05930925,76.92355635,376.54114,0.0,,3.7900925,200.75,2,2
302.840,417270023809591,0.405733,3.8842988,9.700204,-0.23472476,-0.12362374,-0.061468262,0.21882746,4.1222997,8.895457,0.18690553,-0.23800075,0.8047466,-18.45,-34.350002,9.675,0.037324566,-0.2171103,-0.9501276,0.22070265,153.48892,-25.406668,-1.5800927,11.05930925,76.92355635,376.54114,0.0,,3.7900925,200.77,2,2
302.860,417270043809591,0.49172506,3.933651,9.74821,-0.10239619,-0.14217877,-0.10254891,0.22323117,4.1267953,8.893262,0.2684939,-0.19314444,0.85494804,-16.95,-34.125,7.3500004,0.035653967,-0.21565874,-0.95073664,0.21977738,153.58498,-25.197588,-1.7098485,11.05930925,76.92355635,376.54114,0.0,,3.7900925,200.79,2,2
302.880,417270063809591,0.32093734,4.0474596,9.479915,0.029703297,-0.090102546,-0.14614938,0.21821652,4.1444206,8.885187,0.10272081,-0.09696126,0.5947275,-16.800001,-34.2,6.2250004,0.03461633,-0.21481663,-0.9512521,0.21854086,153.72783,-25.075975,-1.7737083,11.05930925,76.92355635,376.54114,0.0,,3.7900925,200.81,2,2
302.900,417270083809591,0.0474078,4.1623154,9.25828,0.098501936,-0.05276344,-0.16317725,0.21844536,4.165164,8.875477,-0.17103755,-0.0028488636,0.3828025,-17.25,-34.350002,7.05,0.034332518,-0.21469255,-0.9516336,0.21704933,153.91153,-25.05708,-1.7619855,11.05930925,76.92355635,376.54114,0.0,,3.7900925,200.83,2,2
302.920,417270103809591,-0.07627122,4.3374395,8.936745,0.10980293,-0.07589994,-0.14149153,0.22688344,4.1781697,8.869149,-0.30315468,0.15927005,0.067595005,-16.5,-34.2,7.9500003,0.03435348,-0.2151966,-0.9518726,0.21549648,154.10153,-25.118107,-1.7308394,11.05930925,76.92355635,376.54114,0.0,,3.7900925,200.85,2,2
302.940,417270123809591,0.11111671,4.280311,8.869446,0.06803506,-0.10331249,-0.11171189,0.2369984,4.183319,8.866456,-0.12588169,0.096992016,0.002989769,-16.35,-34.050003,6.9,0.034368735,-0.21577185,-0.95208055,0.21399733,154.2836,-25.187002,-1.7037967,11.05930925,76.92355635,376.54114,0.0,,3.7900925,200.87,2,2
302.960,417270143809591,0.2009971,4.1050367,8.881111,0.028252494,-0.10690133,-0.103847,0.24718508,4.1855946,8.865105,-0.046187982,-0.08055782,0.016005993,-16.725,-34.425003,7.275,0.034061138,-0.21598174,-0.9523527,0.2126224,154.44695,-25.205482,-1.7080519,11.05930925,76.92355635,376.54114,0.0,,3.7900925,200.89,2,2
302.980,417270163809591,0.308375,4.1442194,8.917602,0.0115300715,-0.105297804,-0.10506873,0.25671938,4.188462,8.86348,0.051655635,-0.04424262,0.05412197,-16.275002,-34.050003,6.4500003,0.03327061,-0.21616961,-0.9526182,0.2113645,154.58334,-25.208826,-1.7729825,11.05930925,76.92355635,376.54114,0.0,,3.7900925,200.91,2,2
303.000,417270183809591,0.2813062,4.1828036,8.863463,0.013133591,-0.106137745,-0.11239911,0.26396203,4.189392,8.862826,0.017344177,-0.006588459,6.3705444E-4,-16.2,-34.350002,5.8500004,0.032707803,-0.21648228,-0.95286,0.2100393,154.73227,-25.232628,-1.8122938,11.05930925,76.92355635,376.54114,0.0,,3.7900925,200.93,2,2
303.020,417270203809591,0.2265704,4.19402,8.796165,0.0010690133,-0.09605847,-0.11476621,0.27136457,4.188171,8.863181,-0.044794172,0.0058488846,-0.06701565,-15.6,-34.050003,6.3750005,0.032410182,-0.21683119,-0.9530938,0.20866053,154.8942,-25.26759,-1.8191974,11.05930925,76.92355635,376.54114,0.0,,3.7900925,200.95,2,2
303.040,417270223809591,0.15702899,4.2505503,8.838787,-0.011759145,-0.09384409,-0.10361793,0.27843082,4.1883473,8.862879,-0.12140183,0.06220293,-0.024091244,-17.025002,-34.800003,8.325001,0.032275476,-0.21711624,-0.9533252,0.20732449,155.0558,-25.29936,-1.8057656,11.05930925,76.92355635,376.54114,0.0,,3.7900925,200.97,2,2
303.060,417270243809591,0.08763713,4.2967615,8.903543,-0.0035124724,-0.080481425,-0.07460186,0.2886617,4.1886554,8.862405,-0.20102456,0.108106375,0.041139126,-14.925,-34.2,5.4750004,0.032265667,-0.21738812,-0.95351934,0.20614724,155.20073,-25.332493,-1.7813388,11.05930925,76.92355635,376.54114,0.0,,3.7900925,200.99,2,2
303.080,417270263809591,0.14192429,4.2635612,8.863314,-0.0016035199,-0.08460477,-0.048181955,0.30180067,4.186875,8.862809,-0.15987638,0.07668662,5.0497055E-4,-15.225,-34.95,6.4500003,0.032233194,-0.21769662,-0.9536663,0.2051466,155.32225,-25.36891,-1.7656329,11.05930925,76.92355635,376.54114,0.0,,3.7900925,201.01,2,2
303.100,417270283809591,0.27352953,4.1795135,8.625228,-0.01359174,-0.09094249,-0.034513853,0.30408385,4.183659,8.864249,-0.030554317,-0.0041456223,-0.2390213,-16.050001,-34.575,6.6000004,0.031860862,-0.21814395,-0.9537419,0.20437855,155.40358,-25.412323,-1.8014138,11.05930925,76.92355635,376.54114,0.0,,3.7900925,201.03,2,2
303.120,417270303809591,0.41754755,4.1623154,8.35125,-0.024434589,-0.026648974,-0.0368046,0.28992707,4.1756315,8.868507,0.12762049,-0.013316393,-0.5172572,-16.35,-35.025,7.9500003,0.03165786,-0.21838367,-0.9537706,0.20402072,155.44025,-25.435425,-1.8225232,11.05930925,76.92355635,376.54114,0.0,,3.7900925,201.05,2,2
303.140,417270323809591,0.3789633,4.172784,8.507082,-0.05115992,0.05314523,-0.0623082,0.27686268,4.164585,8.874118,0.102100596,0.0081985,-0.3670354,-15.900001,-34.5,8.625,0.031486847,-0.21847653,-0.953886,0.20340963,155.51187,-25.442993,-1.8283392,11.05930925,76.92355635,376.54114,0.0,,3.7900925,201.07,2,2
303.160,417270343809591,0.26799613,4.139284,8.866305,-0.06078104,0.03558287,-0.0765108,0.27302566,4.158516,8.877083,-0.0050295293,-0.019231796,-0.010777473,-16.35,-35.175003,9.075001,0.031543296,-0.21796824,-0.954137,0.20276794,155.6016,-25.387312,-1.788786,11.05930925,76.92355635,376.54114,0.0,,3.7900925,201.09,2,2
303.180,417270363809591,0.24003002,4.2221355,8.930613,-0.042226024,-0.018096868,-0.07032581,0.271271,4.153384,8.879539,-0.03124097,0.068751335,0.051074028,-16.800001,-34.575,9.900001,0.031753577,-0.21759997,-0.9543666,0.20204984,155.70296,-25.3516,-1.7325823,11.05930925,76.92355635,376.54114,0.0,,3.7900925,201.11,2,2
303.200,417270383809591,0.2216352,4.2761235,8.957382,-0.044134974,-0.028863357,-0.060857397,0.26959753,4.143214,8.884339,-0.04796233,0.1329093,0.07304287,-16.125,-34.275,7.5000005,0.032049347,-0.21723808,-0.9545933,0.20132013,155.8078,-25.318666,-1.6660125,11.05930925,76.92355635,376.54114,0.0,,3.7900925,201.13,2,2
303.220,417270403809591,0.24421746,4.274479,9.161968,-0.058719374,-0.02321286,-0.056046836,0.27489543,4.1333714,8.888761,-0.030677974,0.14110732,0.27320766,-15.825001,-34.800003,8.25,0.03206036,-0.21652463,-0.95489204,0.20066829,155.90007,-25.23819,-1.6262708,11.05930925,76.92355635,376.54114,0.0,,3.7900925,201.15,2,2
303.240,417270423809591,0.25692934,4.2785163,9.409475,-0.0415388,-0.0608574,-0.05406153,0.28940836,4.131296,8.889264,-0.032479025,0.14722013,0.5202117,-17.400002,-34.575,9.450001,0.031742573,-0.2157539,-0.95521295,0.20001942,155.9841,-25.143074,-1.6248245,11.05930925,76.92355635,376.54114,0.0,,3.7900925,201.17,2,2
303.260,417270443809591,0.21939193,4.3007994,9.498459,0.0043524113,-0.11972949,-0.047800165,0.3160387,4.132932,8.887597,-0.09664677,0.16786742,0.61086226,-16.425001,-34.800003,8.25,0.0310932,-0.21518724,-0.95550466,0.19933651,156.06114,-25.063396,-1.668177,11.05930925,76.92355635,376.54114,0.0,,3.7900925,201.19,2,2
303.280,417270463809591,0.22881368,4.249055,9.669845,0.04642572,-0.18417571,-0.031841323,0.35528767,4.1499305,8.878188,-0.126474,0.09912419,0.7916565,-15.075001,-34.65,7.5000005,0.029973818,-0.21500847,-0.95572585,0.19863687,156.12305,-25.016933,-1.7784818,11.05930925,76.92355635,376.54114,0.0,,3.7900925,201.21,2,2
303.300,417270483809591,0.180359,4.322634,9.749855,0.13019054,-0.26045746,-0.0056504984,0.40035024,4.1955686,8.85479,-0.21999124,0.12706566,0.8950653,-16.050001,-34.65,9.675,0.028554605,-0.21568024,-0.9557581,0.19795625,156.16338,-25.060904,-1.9489864,11.05930925,76.92355635,376.54114,0.0,,3.7900925,201.23,2,2
303.320,417270503809591,0.34232318,4.5329037,9.223583,0.23075414,-0.25152355,0.031841323,0.4355123,4.249679,8.827285,-0.09318912,0.28322434,0.3962989,-15.900001,-34.425003,9.0,0.02702728,-0.21757345,-0.9554697,0.19747607,156.15834,-25.24211,-2.1721938,11.05930925,76.92355635,376.54114,0.0,,3.7900925,201.25,2,2
303.340,417270523809591,0.4389334,4.5272207,8.718399,0.25541782,-0.16859867,0.059101164,0.46474764,4.2949915,8.803832,-0.025814235,0.232229,-0.08543301,-16.2,-34.725002,9.3,0.025681783,-0.22012112,-0.9549555,0.19730425,156.10873,-25.502216,-2.4010274,11.05930925,76.92355635,376.54114,0.0,,3.7900925,201.27,2,2
303.360,417270543809591,0.53644097,4.3855953,8.472836,0.22021674,-0.113468125,0.07231111,0.49020302,4.3264494,8.787031,0.046237916,0.059145927,-0.31419563,-16.425001,-34.5,9.075001,0.02446157,-0.22278975,-0.9543483,0.19739217,156.02635,-25.77862,-2.626483,11.05930925,76.92355635,376.54114,0.0,,3.7900925,201.29,2,2
303.380,417270563809591,0.6145068,4.278367,8.296365,0.15141809,-0.08865175,0.054901466,0.5064022,4.3440657,8.777416,0.10810459,-0.06569886,-0.48105145,-16.2,-34.050003,10.05,0.023317147,-0.22515872,-0.9537819,0.19758105,155.93628,-26.022158,-2.8381598,11.05930925,76.92355635,376.54114,0.0,,3.7900925,201.31,2,2
303.400,417270583809591,0.6168996,4.262365,8.337641,0.080481425,-0.05589412,0.02084576,0.5157233,4.352974,8.772458,0.10117629,-0.09060907,-0.4348173,-16.650002,-34.350002,10.950001,0.02229083,-0.2270568,-0.953328,0.19772609,155.86108,-26.21458,-3.0215063,11.05930925,76.92355635,376.54114,0.0,,3.7900925,201.33,2,2
303.420,417270603809591,0.5401797,4.2839003,8.413164,0.03367392,-0.044898555,-6.872228E-4,0.5237649,4.357937,8.769518,0.016414821,-0.0740366,-0.35635376,-15.900001,-34.350002,9.825001,0.022253526,-0.22712478,-0.95331234,0.1977279,155.85876,-26.221468,-3.028051,11.05930925,76.92355635,376.54114,0.0,,3.7900925,201.35,2,2
303.440,417270623809591,0.52746785,4.33071,8.477921,0.009850193,-0.043371394,-0.0029016077,0.5308792,4.360259,8.767935,-0.0034113526,-0.029549122,-0.29001474,-16.875,-34.65,11.700001,0.022205029,-0.22720762,-0.9532937,0.19772832,155.85612,-26.229792,-3.0363421,11.05930925,76.92355635,376.54114,0.0,,3.7900925,201.37,2,2
303.460,417270643809591,0.58923256,4.3108196,8.529665,0.0031306818,-0.024129158,0.004886918,0.53124964,4.360445,8.767821,0.05798295,-0.049625635,-0.23815632,-16.650002,-34.95,10.650001,0.022141088,-0.22729255,-0.95327395,0.19773245,155.85252,-26.237955,-3.0466788,11.05930925,76.92355635,376.54114,0.0,,3.7900925,201.39,2,2
303.480,417270663809591,0.59940207,4.2779183,8.640633,0.004963276,0.017256929,0.009468403,0.5294567,4.358112,8.76909,0.069945395,-0.08019352,-0.12845755,-16.650002,-34.575,10.425,0.022070622,-0.22736701,-0.9532557,0.19774237,155.84819,-26.244743,-3.0576756,11.05930925,76.92355635,376.54114,0.0,,3.7900925,201.41,2,2
303.500,417270683809591,0.6023931,4.301697,8.758778,-0.004276053,0.028634284,0.0083230315,0.529672,4.35097,8.772623,0.072721064,-0.049272776,-0.013844967,-16.35,-34.575,9.375,0.02199627,-0.22742608,-0.9532403,0.19775714,155.84337,-26.249651,-3.0688407,11.05930925,76.92355635,376.54114,0.0,,3.7900925,201.43,2,2
303.520,417270703809591,0.5712864,4.32413,8.859575,-0.029016074,0.0083230315,0.004428769,0.53431875,4.337803,8.778858,0.036967635,-0.013673067,0.08071709,-15.825001,-34.350002,9.75,0.02191807,-0.22746363,-0.9532296,0.1977738,155.83855,-26.251986,-3.079906,11.05930925,76.92355635,376.54114,0.0,,3.7900925,201.45,2,2
303.540,417270723809591,0.55558354,4.3040895,9.006735,-0.05161807,-0.023823723,6.872228E-4,0.5411172,4.324969,8.784772,0.014466345,-0.020879269,0.22196245,-15.525001,-34.425003,8.700001,0.020030746,-0.22775416,-0.95313203,0.19811802,155.73932,-26.23772,-3.327357,11.05930925,76.92355635,376.54114,0.0,,3.7900925,201.47,2,2
303.560,417270743809591,0.5353941,4.3193436,9.112467,-0.046883866,-0.043753184,-0.002443459,0.54613084,4.3173904,8.788189,-0.0107367635,0.0019533634,0.32427788,-16.125,-34.125,9.975,0.019320622,-0.2276528,-0.9531527,0.19821212,155.70995,-26.208244,-3.4132295,11.05930925,76.92355635,376.54114,0.0,,3.7900925,201.49,2,2
303.580,417270763809591,0.50787663,4.3500023,9.194122,-0.017333286,-0.03993528,-4.5814854E-4,0.5490179,4.3159523,8.788715,-0.041141286,0.03404975,0.40540648,-15.750001,-34.5,9.150001,0.019275662,-0.22762947,-0.9531587,0.19821465,155.70879,-26.204445,-3.4180682,11.05930925,76.92355635,376.54114,0.0,,3.7900925,201.51,2,2
303.600,417270783809591,0.4787141,4.34731,9.25155,0.021685699,-0.03390299,8.39939E-4,0.5532831,4.322028,8.785461,-0.074569,0.025281906,0.4660883,-16.050001,-34.275,9.525001,0.018712247,-0.22725792,-0.9532629,0.19819874,155.70174,-26.147953,-3.4749575,11.05930925,76.92355635,376.54114,0.0,,3.7900925,201.53,2,2
303.620,417270803809591,0.43594238,4.363611,9.235697,0.061010115,-0.053068873,-0.004276053,0.55549604,4.358691,8.76719,-0.119553655,0.004920006,0.4685073,-15.750001,-34.65,8.925,0.018043868,-0.226923,-0.9533869,0.198058,155.70721,-26.093565,-3.5419319,11.05930925,76.92355635,376.54114,0.0,,3.7900925,201.55,2,2
303.640,417270823809591,0.19621146,4.5879383,7.662865,0.08422297,-0.07437278,-0.0054214243,0.5503674,4.328497,8.78246,-0.35415596,0.25944138,-1.119595,-16.35,-34.575,10.35,0.017673327,-0.22710052,-0.95338404,0.1979088,155.71344,-26.105375,-3.5876265,11.05930925,76.92355635,376.54114,0.0,,3.7900925,201.57,2,2
303.660,417270843809591,0.1840978,4.8112183,7.1021967,-0.19891283,0.04474584,0.048258312,0.5535417,4.253534,8.818811,-0.36944392,0.55768466,-1.7166147,-16.650002,-34.875,10.875,0.017431023,-0.22624907,-0.9535533,0.19809109,155.69771,-26.001007,-3.5973043,11.05930925,76.92355635,376.54114,0.0,,3.7900925,201.59,2,2
303.680,417270863809591,0.68539417,4.237091,7.945966,-0.43165228,0.009697477,0.046502076,0.53731465,4.1914825,8.849472,0.14807948,0.045608282,-0.9035065,-16.2,-34.2,8.55,0.016771263,-0.2241085,-0.9539957,0.19843663,155.67085,-25.73778,-3.6243584,11.05930925,76.92355635,376.54114,0.0,,3.7900925,201.61,2,2
303.700,417270883809591,0.69541407,4.0030427,9.021689,-0.34376413,0.10193805,0.012522726,0.50648415,4.173007,8.860016,0.18892992,-0.16996431,0.16167355,-16.5,-34.5,8.625,0.016621735,-0.2213463,-0.95455515,0.19884188,155.65967,-25.41583,-3.5732896,11.05930925,76.92355635,376.54114,0.0,,3.7900925,201.63,2,2
303.720,417270903809591,0.33035907,4.1741295,9.670593,-0.0952949,0.17050761,0.0057268566,0.4896835,4.194297,8.850903,-0.15932444,-0.02016735,0.8196902,-16.050001,-34.65,7.7250004,0.017358905,-0.21932615,-0.95491946,0.19926909,155.65663,-25.201046,-3.4377878,11.05930925,76.92355635,376.54114,0.0,,3.7900925,201.65,2,2
303.740,417270923809591,0.18200408,4.234698,9.390932,0.12912153,0.122249305,0.07811432,0.4867073,4.225134,8.836388,-0.30470324,0.009563923,0.554544,-16.575,-34.95,9.225,0.01851445,-0.21855614,-0.954925,0.19999236,155.60716,-25.13895,-3.29669,11.05930925,76.92355635,376.54114,0.0,,3.7900925,201.67,2,2
303.760,417270943809591,0.55767727,4.172933,9.062367,0.18608466,0.0896444,0.14935642,0.49174637,4.239963,8.829002,0.06593087,-0.06702995,0.23336506,-16.425001,-34.5,9.150001,0.019249033,-0.21865918,-0.9546471,0.20114028,155.47966,-25.16511,-3.2435622,11.05930925,76.92355635,376.54114,0.0,,3.7900925,201.69,2,2
303.780,417270963809591,0.779462,4.092923,8.8571825,0.09491311,0.04169152,0.1293506,0.50305325,4.2288017,8.833717,0.27640873,-0.13587856,0.023465157,-16.800001,-34.875,9.3,0.019358428,-0.21893209,-0.9543291,0.20234331,155.32642,-25.195019,-3.2722642,11.05930925,76.92355635,376.54114,0.0,,3.7900925,201.71,2,2
303.800,417270983809591,0.73489565,4.184,8.787642,-0.05887209,-0.027259838,0.062613636,0.51975495,4.1977673,8.847542,0.2151407,-0.013767242,-0.05990076,-16.125,-34.95,9.150001,0.018857524,-0.21891634,-0.9541567,0.203223,155.2028,-25.177603,-3.3568587,11.05930925,76.92355635,376.54114,0.0,,3.7900925,201.73,2,2
303.820,417271003809591,0.5593223,4.2907796,8.862417,-0.17615812,-0.0845284,0.018325942,0.5352393,4.162562,8.863237,0.024083018,0.1282177,-8.201599E-4,-16.875,-34.575,9.3,0.018124124,-0.21847546,-0.9541729,0.20369017,155.13203,-25.107006,-3.4451706,11.05930925,76.92355635,376.54114,0.0,,3.7900925,201.75,2,2
303.840,417271023809591,0.51864433,4.2574296,9.040084,-0.19761473,-0.07841976,0.020540327,0.54621166,4.1387887,8.873695,-0.027567357,0.1186409,0.16638851,-15.525001,-34.5,7.5750003,0.017527254,-0.21748027,-0.95435846,0.20393828,155.10129,-24.977177,-3.494397,11.05930925,76.92355635,376.54114,0.0,,3.7900925,201.77,2,2
303.860,417271043809591,0.47392845,4.1926737,9.088987,-0.13080141,-0.048563745,0.033292126,0.5551918,4.1278653,8.878225,-0.08126338,0.06480861,0.21076155,-15.750001,-34.2,8.025001,0.017190732,-0.21648005,-0.9545498,0.20413621,155.08362,-24.85356,-3.5107236,11.05930925,76.92355635,376.54114,0.0,,3.7900925,201.79,2,2
303.880,417271063809591,0.51505506,4.216752,9.013763,-0.059024803,-0.028710641,0.049861833,0.56450987,4.1232066,8.879803,-0.04945478,0.0935452,0.13396025,-16.5,-34.65,8.925,0.016939992,-0.2160187,-0.9546,0.20441434,155.04959,-24.793459,-3.5348678,11.05930925,76.92355635,376.54114,0.0,,3.7900925,201.81,2,2
303.900,417271083809591,0.5675476,4.1331525,8.919695,-0.022143845,-0.024205515,0.060628325,0.5748974,4.1175733,8.88175,-0.007349789,0.015579224,0.037944794,-15.450001,-34.425003,6.15,0.016372023,-0.21579288,-0.95456725,0.20485222,154.98373,-24.751614,-3.6084006,11.05930925,76.92355635,376.54114,0.0,,3.7900925,201.83,2,2
303.920,417271103809591,0.5961119,4.0582275,8.858528,-0.026878048,-0.031306818,0.056963135,0.590265,4.107366,8.885467,0.0058469474,-0.049138784,-0.026937962,-15.6,-34.65,6.675,0.015546003,-0.21536607,-0.95457137,0.20534496,154.90778,-24.67995,-3.7083151,11.05930925,76.92355635,376.54114,0.0,,3.7900925,201.85,2,2
303.940,417271123809591,0.6270691,4.0485067,8.988489,-0.05238165,-0.06780598,0.038102686,0.60995257,4.096813,8.8890085,0.017116517,-0.048306704,0.09948015,-15.675,-34.350002,7.5000005,0.014528196,-0.21468784,-0.9546567,0.20573023,154.84473,-24.575008,-3.8205876,11.05930925,76.92355635,376.54114,0.0,,3.7900925,201.87,2,2
303.960,417271143809591,0.6468099,4.015306,9.158379,-0.052916154,-0.098807365,0.024281872,0.63022846,4.091882,8.889865,0.016581416,-0.07657623,0.26851416,-16.5,-34.65,8.475,0.013366903,-0.21390964,-0.95479435,0.2059784,154.79726,-24.455477,-3.9430964,11.05930925,76.92355635,376.54114,0.0,,3.7900925,201.89,2,2
303.980,417271163809591,0.68883383,3.9961634,9.356983,-0.019394957,-0.1056796,0.015806124,0.6521898,4.0974126,8.885733,0.03664404,-0.10124922,0.47125053,-17.325,-34.575,9.075001,0.012163806,-0.21324728,-0.95493203,0.20610058,154.76297,-24.348598,-4.070466,11.05930925,76.92355635,376.54114,0.0,,3.7900925,201.91,2,2
304.000,417271183809591,0.68464637,4.05733,9.610323,0.040164355,-0.12041671,0.006948586,0.680444,4.117093,8.87451,0.0042023957,-0.059763193,0.7358136,-16.5,-34.725002,6.9,0.011001668,-0.21294324,-0.9550184,0.20608087,154.74193,-24.284254,-4.199728,11.05930925,76.92355635,376.54114,0.0,,3.7900925,201.93,2,2
304.020,417271203809591,0.5513961,4.154538,9.608978,0.118355036,-0.15882483,0.010766491,0.71640295,4.1477904,8.857369,-0.16500688,0.0067477226,0.7516084,-16.2,-34.65,8.475,0.00999069,-0.21336788,-0.9549676,0.20592883,154.7293,-24.307495,-4.329244,11.05930925,76.92355635,376.54114,0.0,,3.7900925,201.95,2,2
304.040,417271223809591,0.59222364,4.272235,8.9775715,0.17394373,-0.19043708,0.03397935,0.7460654,4.1745996,8.842313,-0.15384176,0.09763551,0.13525867,-16.800001,-34.350002,8.025001,0.008949758,-0.21474282,-0.95470107,0.20577838,154.69958,-24.43834,-4.4911942,11.05930925,76.92355635,376.54114,0.0,,3.7900925,201.97,2,2
304.060,417271243809591,0.63335025,4.3870907,8.541629,0.14698932,-0.14760019,0.047952883,0.7680381,4.1882396,8.833978,-0.13468784,0.19885111,-0.29234886,-16.575,-34.125,8.625,0.008015845,-0.21645215,-0.9543304,0.20573986,154.6522,-24.609535,-4.6538696,11.05930925,76.92355635,376.54114,0.0,,3.7900925,201.99,2,2
304.080,417271263809591,0.6255736,4.436293,8.552397,0.07330377,-0.099265516,0.06039925,0.7911542,4.190801,8.830721,-0.16558063,0.24549198,-0.27832413,-17.175001,-34.575,11.475,0.007215668,-0.2180148,-0.95395625,0.20585412,154.59085,-24.766668,-4.800661,11.05930925,76.92355635,376.54114,0.0,,3.7900925,202.01,2,2
304.100,417271283809591,0.6492027,4.3520956,8.515906,0.014278963,-0.096211195,0.08009964,0.81138206,4.1865077,8.830923,-0.16217935,0.16558814,-0.31501675,-16.95,-34.425003,9.6,0.0064458973,-0.21927315,-0.9536122,0.2061391,154.51357,-24.888935,-4.939558,11.05930925,76.92355635,376.54114,0.0,,3.7900925,202.03,2,2
304.120,417271303809591,0.75777704,4.2435217,8.559277,-0.020234894,-0.07185296,0.09170607,0.8249402,4.1817255,8.831932,-0.06716317,0.06179595,-0.27265596,-17.175001,-34.275,11.25,0.005692299,-0.22024815,-0.95329255,0.20660272,154.41876,-24.978233,-5.0730357,11.05930925,76.92355635,376.54114,0.0,,3.7900925,202.05,2,2
304.140,417271323809591,0.83778703,4.1792145,8.650502,-0.024358232,-0.029932372,0.09033162,0.8338935,4.1771917,8.833237,0.0038935542,0.0020225048,-0.18273449,-16.275002,-34.125,7.425,0.004947493,-0.22100134,-0.95298594,0.20723349,154.30678,-25.041395,-5.2034745,11.05930925,76.92355635,376.54114,0.0,,3.7900925,202.07,2,2
304.160,417271343809591,0.87831545,4.1095233,8.719894,-0.014889827,6.108647E-4,0.08521563,0.84117293,4.170871,8.835534,0.037142545,-0.061347485,-0.11563969,-15.975,-34.350002,7.65,0.0041557737,-0.22133411,-0.952744,0.20800917,154.18279,-25.054388,-5.3305683,11.05930925,76.92355635,376.54114,0.0,,3.7900925,202.09,2,2
304.180,417271363809591,0.9152547,4.0464125,8.788538,-0.011759146,0.0103847,0.07528908,0.8504145,4.163666,8.838046,0.06484017,-0.117253065,-0.049507618,-17.175001,-34.350002,9.675,0.0033888835,-0.22126943,-0.9525861,0.20881459,154.06294,-25.022343,-5.4429755,11.05930925,76.92355635,376.54114,0.0,,3.7900925,202.11,2,2
304.200,417271383809591,0.94232345,4.0431223,8.788987,-0.018860448,-0.005115992,0.05871937,0.8611845,4.1543765,8.841374,0.081139,-0.11125398,-0.052387238,-16.5,-33.975002,8.700001,0.0025390964,-0.22102964,-0.9524812,0.20955873,153.9521,-24.968338,-5.557937,11.05930925,76.92355635,376.54114,0.0,,3.7900925,202.13,2,2
304.220,417271403809591,1.010818,4.0598726,8.836096,-0.03275762,-0.012751801,0.039248057,0.8699572,4.1458616,8.844511,0.1408608,-0.08598924,-0.008415222,-17.550001,-34.275,10.875,0.0020608567,-0.22086643,-0.95244545,0.20989849,153.90025,-24.935112,-5.6194663,11.05930925,76.92355635,376.54114,0.0,,3.7900925,202.15,2,2
304.240,417271423809591,1.0129118,4.0835013,8.828917,-0.036193736,-0.012293653,0.019318596,0.87493265,4.13831,8.847557,0.13797909,-0.054808617,-0.018640041,-17.25,-34.65,9.825001,0.002009392,-0.22085045,-0.95244324,0.20992562,153.89584,-24.931768,-5.625873,11.05930925,76.92355635,376.54114,0.0,,3.7900925,202.17,2,2
304.260,417271443809591,1.0404292,4.1237307,8.894272,-0.03474293,0.006032289,0.0068722283,0.8755165,4.131824,8.85053,0.16491276,-0.008093357,0.043741703,-16.800001,-34.425003,9.975,0.001944258,-0.2208294,-0.9524413,0.20995672,153.89067,-24.92746,-5.6338644,11.05930925,76.92355635,376.54114,0.0,,3.7900925,202.19,2,2
304.280,417271463809591,1.0217352,4.1283665,8.996415,-0.024740022,0.019547671,-0.0055741407,0.8767881,4.1297183,8.851387,0.14494717,-0.0013515949,0.14502811,-17.325,-34.425003,10.650001,0.0018680983,-0.22080238,-0.9524403,0.20998973,153.88509,-24.92217,-5.643038,11.05930925,76.92355635,376.54114,0.0,,3.7900925,202.21,2,2
304.300,417271483809591,0.97268236,4.1638107,8.945119,-0.010995565,0.0035124724,-0.012751801,0.87683,4.129154,8.851646,0.095852405,0.034656286,0.09347248,-16.575,-34.425003,7.8750005,0.0017920965,-0.22078559,-0.9524377,0.21001968,153.87971,-24.918066,-5.652433,11.05930925,76.92355635,376.54114,0.0,,3.7900925,202.23,2,2
304.320,417271503809591,0.9496515,4.1944685,8.868998,-0.012370011,0.009162971,-0.007712167,0.8718594,4.124479,8.854317,0.07779211,0.06998968,0.014680386,-16.575,-34.575,9.3,0.001725408,-0.22077878,-0.95243335,0.2100468,153.87474,-24.91536,-5.6609526,11.05930925,76.92355635,376.54114,0.0,,3.7900925,202.25,2,2
304.340,417271523809591,0.93155575,4.1944685,9.02139,-0.024969095,0.034132067,-0.0041233366,0.8672559,4.1159015,8.858758,0.06429985,0.07856703,0.16263199,-17.025002,-34.65,9.525001,0.0016763258,-0.22076158,-0.95243186,0.21007171,153.87068,-24.911953,-5.666971,11.05930925,76.92355635,376.54114,0.0,,3.7900925,202.27,2,2
304.360,417271543809591,0.8641081,4.1491547,9.166605,-0.031535894,0.017638719,-0.005650499,0.8691347,4.1063786,8.862993,-0.0050266385,0.04277587,0.30361128,-17.325,-34.2,9.525001,0.0016360884,-0.22072594,-0.95243514,0.21009459,153.86746,-24.906693,-5.671285,11.05930925,76.92355635,376.54114,0.0,,3.7900925,202.29,2,2
304.380,417271563809591,0.8745767,4.0870905,9.196514,-0.026343541,-0.014889827,-0.0012217294,0.8784632,4.0985775,8.8656845,-0.0038865507,-0.011486769,0.3308301,-17.400002,-34.425003,10.875,0.0015924353,-0.22067378,-0.95244235,0.21011674,153.86456,-24.899464,-5.675458,11.05930925,76.92355635,376.54114,0.0,,3.7900925,202.31,2,2
304.400,417271583809591,1.0187442,4.0402813,9.21491,-0.008475748,-0.030695952,-1.5271618E-4,0.8898365,4.0958757,8.865798,0.12890774,-0.055594683,0.34911156,-16.5,-34.275,8.775001,0.0015342925,-0.22061275,-0.9524516,0.21013884,153.86145,-24.890837,-5.6810794,11.05930925,76.92355635,376.54114,0.0,,3.7900925,202.33,2,2
304.420,417271603809591,1.1246266,3.974628,9.184401,0.026114468,-0.03390299,-0.022678353,0.8977572,4.105336,8.860622,0.22686946,-0.13070822,0.32377863,-16.725,-33.9,9.6,-7.7929624E-5,-0.21929738,-0.9526721,0.21051294,153.7988,-24.696035,-5.842158,11.05930925,76.92355635,376.54114,0.0,,3.7900925,202.35,2,2
304.440,417271623809591,1.0908281,4.0485063,9.030962,0.069409505,-0.03756818,-0.05887209,0.90090895,4.124496,8.851399,0.18991911,-0.07598972,0.17956209,-17.325,-34.575,10.200001,-0.0012746743,-0.21898519,-0.9527549,0.21046397,153.78134,-24.629059,-5.973825,11.05930925,76.92355635,376.54114,0.0,,3.7900925,202.37,2,2
304.460,417271643809591,1.0063314,4.2125645,8.87483,0.08788817,-0.03558287,-0.07910698,0.9005266,4.141382,8.843551,0.10580492,0.07118201,0.031279087,-16.95,-34.575,9.075001,-0.0019343275,-0.21950375,-0.9527255,0.21005596,153.80656,-24.673132,-6.0581107,11.05930925,76.92355635,376.54114,0.0,,3.7900925,202.39,2,2
304.480,417271663809591,0.95967144,4.2565327,8.89816,0.07284562,-0.026267182,-0.08101593,0.89778703,4.151919,8.838887,0.061884403,0.10461354,0.059272766,-17.25,-34.2,10.425,-0.0021088065,-0.22034693,-0.95267045,0.20942178,153.86594,-24.76849,-6.088597,11.05930925,76.92355635,376.54114,0.0,,3.7900925,202.41,2,2
304.500,417271683809591,0.92931247,4.18729,9.015109,0.058413938,-0.019776745,-0.08109229,0.8832248,4.178172,8.827977,0.046087712,0.009117842,0.18713188,-17.25,-34.5,9.525001,-0.0019629016,-0.22104765,-0.952676,0.20865954,153.95218,-24.856968,-6.0725474,11.05930925,76.92355635,376.54114,0.0,,3.7900925,202.43,2,2
304.520,417271703809591,0.72293156,4.336692,7.6815586,0.028787,0.027183479,-0.085826494,0.8425185,4.1819415,8.830171,-0.119586945,0.15475035,-1.148612,-17.25,-34.95,10.35,-0.0013763051,-0.22161521,-0.9527074,0.2079175,154.04956,-24.941746,-5.9998736,11.05930925,76.92355635,376.54114,0.0,,3.7900925,202.45,2,2
304.540,417271723809591,0.6367899,4.495516,7.9648094,-0.10048725,0.16409352,-0.07574722,0.7763508,4.1787763,8.837731,-0.13956088,0.31673932,-0.8729222,-17.550001,-34.725002,11.400001,-7.397412E-5,-0.22159225,-0.95283675,0.20735027,154.15427,-24.976835,-5.827325,11.05930925,76.92355635,376.54114,0.0,,3.7900925,202.47,2,2
304.560,417271743809591,0.46630132,4.285994,8.268099,-0.08193223,0.3015381,-0.03756818,0.715829,4.167182,8.848309,-0.24952771,0.118812084,-0.58020926,-16.725,-34.275,9.825001,0.0022716399,-0.22106726,-0.9529899,0.20717987,154.24449,-24.979313,-5.5248566,11.05930925,76.92355635,376.54114,0.0,,3.7900925,202.49,2,2
304.580,417271763809591,0.53300124,4.078865,8.969496,-0.043371394,0.30329433,-9.926552E-4,0.6900593,4.152335,8.857331,-0.15705806,-0.07346988,0.11216402,-17.025002,-34.425003,10.05,0.004846371,-0.22016281,-0.9531687,0.20726432,154.31514,-24.942818,-5.1902237,11.05930925,76.92355635,376.54114,0.0,,3.7900925,202.51,2,2
304.600,417271783809591,0.4906782,4.0147076,8.892626,-0.060704682,0.10323614,-0.008170316,0.68304867,4.1307926,8.867941,-0.19237047,-0.11608505,0.024685383,-16.5,-34.2,7.5750003,0.00679049,-0.21910089,-0.95339644,0.2072889,154.38,-24.872171,-4.9248524,11.05930925,76.92355635,376.54114,0.0,,3.7900925,202.53,2,2
304.620,417271803809591,0.60777694,4.0390844,8.910124,-0.103923365,0.02122755,-0.007941241,0.674226,4.103116,8.881454,-0.066449046,-0.06403136,0.028669357,-16.425001,-34.350002,8.925,0.008037224,-0.21774192,-0.9537026,0.20727293,154.43723,-24.749632,-4.733031,11.05930925,76.92355635,376.54114,0.0,,3.7900925,202.55,2,2
304.640,417271823809591,0.6056832,4.046562,9.232856,-0.121333,0.027794344,-0.009697478,0.6698491,4.0782814,8.893217,-0.06416586,-0.031719208,0.3396387,-17.1,-34.275,9.075001,0.008879903,-0.21617414,-0.9540604,0.20723686,154.48988,-24.592821,-4.5829782,11.05930925,76.92355635,376.54114,0.0,,3.7900925,202.57,2,2
304.660,417271843809591,0.57457656,4.0963626,9.356535,-0.10850485,0.0017562364,0.001756236,0.6811278,4.0562305,8.90244,-0.10655123,0.040132046,0.4540944,-16.275002,-34.95,7.8,0.009319984,-0.21459095,-0.9544183,0.20721848,154.53004,-24.423733,-4.4814544,11.05930925,76.92355635,376.54114,0.0,,3.7900925,202.59,2,2
304.680,417271863809591,0.6840482,4.0773697,9.44791,-0.08628464,-0.06299543,0.012522727,0.70890456,4.0331125,8.910771,-0.024856389,0.044257402,0.53713894,-16.725,-34.725002,9.075001,0.009082406,-0.21313289,-0.95475435,0.20718949,154.55243,-24.251497,-4.464684,11.05930925,76.92355635,376.54114,0.0,,3.7900925,202.61,2,2
304.700,417271883809591,0.7884351,3.996612,9.747313,-0.06383537,-0.1530216,-0.007788525,0.7543435,4.012942,8.916144,0.034091562,-0.016329765,0.8311682,-16.425001,-34.875,7.5750003,0.008038356,-0.21195713,-0.9550774,0.20695037,154.57674,-24.091686,-4.5472174,11.05930925,76.92355635,376.54114,0.0,,3.7900925,202.63,2,2
304.720,417271903809591,0.80398846,3.943222,10.158878,-0.018325942,-0.28397572,-0.055359617,0.80676407,4.020932,8.907953,-0.0027756393,-0.07771003,1.2509246,-16.125,-34.350002,9.150001,0.0061756633,-0.2112923,-0.95539147,0.2062372,154.63225,-23.971426,-4.730278,11.05930925,76.92355635,376.54114,0.0,,3.7900925,202.65,2,2
304.740,417271923809591,0.5621638,4.201647,9.573384,0.052916154,-0.38812816,-0.089568034,0.84034175,4.052553,8.890503,-0.27817798,0.14909387,0.68288136,-15.525001,-34.275,6.7500005,0.003990107,-0.21157146,-0.95558864,0.20507973,154.71982,-23.953003,-4.968695,11.05930925,76.92355635,376.54114,0.0,,3.7900925,202.67,2,2
304.760,417271943809591,0.42412782,4.4730825,8.828468,0.098120145,-0.29161155,-0.054443322,0.85361385,4.090766,8.8717165,-0.42948604,0.38231683,-0.043248177,-15.525001,-34.95,7.8,0.0020891698,-0.21260022,-0.95559996,0.20398484,154.79341,-24.027424,-5.1976337,11.05930925,76.92355635,376.54114,0.0,,3.7900925,202.69,2,2
304.780,417271963809591,0.37791643,4.5743294,8.478817,0.10781762,-0.155236,0.01198822,0.860743,4.1224127,8.856366,-0.48282656,0.45191646,-0.3775487,-16.125,-34.575,8.85,7.693843E-4,-0.21395823,-0.95544237,0.20331521,154.82169,-24.15223,-5.378659,11.05930925,76.92355635,376.54114,0.0,,3.7900925,202.71,2,2
304.800,417271983809591,0.38240296,4.449753,8.191978,0.08231402,-0.08727729,0.07498365,0.87425995,4.140985,8.846372,-0.491857,0.3087678,-0.6543937,-16.2,-34.275,8.700001,-1.2007403E-4,-0.2153137,-0.95516956,0.20317397,154.79376,-24.284851,-5.522558,11.05930925,76.92355635,376.54114,0.0,,3.7900925,202.73,2,2
304.820,417272003809591,0.50069815,4.325027,7.9477606,0.019394955,-0.07841976,0.1184314,0.8936684,4.134415,8.847506,-0.39297026,0.19061184,-0.899745,-16.275002,-34.875,9.375,-8.8175485E-4,-0.21638454,-0.95486045,0.2034939,154.71576,-24.38558,-5.6551576,11.05930925,76.92355635,376.54114,0.0,,3.7900925,202.75,2,2
304.840,417272023809591,0.6858428,4.2231827,7.934899,-0.07292198,-0.062155485,0.13752091,0.911181,4.1066685,8.858635,-0.22533816,0.11651397,-0.9237361,-15.525001,-34.425003,6.9750004,-0.0016135819,-0.21691301,-0.95459807,0.20416164,154.60435,-24.423042,-5.7770925,11.05930925,76.92355635,376.54114,0.0,,3.7900925,202.77,2,2
304.860,417272043809591,0.7671988,4.084548,8.162815,-0.14874557,-0.0335212,0.14530945,0.9247635,4.0710273,8.873666,-0.15756473,0.013520956,-0.71085024,-16.425001,-34.575,8.325001,-0.0022639264,-0.21683544,-0.9544179,0.20508134,154.47433,-24.391834,-5.8773456,11.05930925,76.92355635,376.54114,0.0,,3.7900925,202.79,2,2
304.880,417272063809591,0.8845966,3.8476586,8.438738,-0.18394664,-0.004123337,0.15661044,0.9330994,4.0357056,8.888914,-0.048502773,-0.18804681,-0.45017624,-16.800001,-34.575,9.3,-0.0030284505,-0.21586278,-0.954376,0.20628534,154.3224,-24.253782,-5.970747,11.05930925,76.92355635,376.54114,0.0,,3.7900925,202.81,2,2
304.900,417272083809591,1.0613663,3.6656547,8.773134,-0.17585269,0.023747366,0.14546216,0.9404747,4.007804,8.900753,0.12089169,-0.34214914,-0.12761831,-16.575,-34.5,8.400001,-0.003849102,-0.21435368,-0.9544254,0.20760511,154.16484,-24.05234,-6.056574,11.05930925,76.92355635,376.54114,0.0,,3.7900925,202.83,2,2
304.920,417272103809591,1.112513,3.643521,8.840582,-0.13675734,0.014584395,0.1118646,0.9498038,3.9833806,8.910721,0.16270912,-0.3398595,-0.070138454,-17.85,-34.425003,11.325001,-0.0047400133,-0.2127412,-0.9545083,0.20885538,154.01672,-23.837656,-6.1449833,11.05930925,76.92355635,376.54114,0.0,,3.7900925,202.85,2,2
304.940,417272123809591,1.1944671,3.6653557,8.796764,-0.120722145,-0.003970621,0.09117156,0.96087295,3.9569147,8.921319,0.23359418,-0.29155898,-0.12455511,-17.1,-34.275,8.475,-0.005787285,-0.21120238,-0.9545973,0.20997894,153.8799,-23.627953,-6.250316,11.05930925,76.92355635,376.54114,0.0,,3.7900925,202.87,2,2
304.960,417272143809591,1.3172488,3.6306596,8.760721,-0.13439023,-0.020463968,0.06918043,0.9683138,3.927207,8.933633,0.348935,-0.2965473,-0.17291117,-17.550001,-34.275,9.3,-0.006983994,-0.20969191,-0.9547187,0.21090178,153.76468,-23.418718,-6.368446,11.05930925,76.92355635,376.54114,0.0,,3.7900925,202.89,2,2
304.980,417272163809591,1.2982558,3.6822548,8.794371,-0.15844303,-0.019394957,0.028252494,0.97222614,3.895009,8.947294,0.32602966,-0.21275413,-0.1529231,-17.025002,-34.575,9.375,-0.008234227,-0.2081647,-0.95490044,0.2115465,153.68379,-23.207943,-6.484691,11.05930925,76.92355635,376.54114,0.0,,3.7900925,202.91,2,2
305.000,417272183809591,1.2173486,3.8413777,8.962467,-0.1779907,-0.014278962,0.0017562361,0.9791947,3.8612385,8.96116,0.23815382,-0.019860744,0.0013070107,-17.1,-34.65,9.0,-0.009464882,-0.2067295,-0.95511466,0.21193658,153.63388,-23.009819,-6.594661,11.05930925,76.92355635,376.54114,0.0,,3.7900925,202.93,2,2
305.020,417272203809591,1.157827,3.9038901,9.069396,-0.18738276,-0.031612247,0.006108647,0.9891781,3.8251476,8.975531,0.1686489,0.078742504,0.093865395,-18.0,-34.5,10.275001,-0.010730647,-0.2053775,-0.95533615,0.21219425,153.59846,-22.821106,-6.7078195,11.05930925,76.92355635,376.54114,0.0,,3.7900925,202.95,2,2
305.040,417272223809591,1.1775678,3.831956,9.170044,-0.19685116,-0.042684175,0.019242238,0.9992741,3.7890694,8.989705,0.17829376,0.042886496,0.18033886,-16.95,-34.65,7.8,-0.012119147,-0.2037467,-0.9556145,0.21243547,153.56787,-22.597654,-6.82594,11.05930925,76.92355635,376.54114,0.0,,3.7900925,202.97,2,2
305.060,417272243809591,1.1935699,3.7307096,9.328718,-0.19372047,-0.04436405,0.016875137,1.0105664,3.7566276,9.002049,0.18300349,-0.025918007,0.32666874,-17.175001,-34.800003,9.225,-0.013461269,-0.20180903,-0.9559633,0.21262944,153.55031,-22.341087,-6.927403,11.05930925,76.92355635,376.54114,0.0,,3.7900925,202.99,2,2
305.080,417272263809591,1.1922238,3.685246,9.435199,-0.17302743,-0.0552069,0.00839939,1.024622,3.7290726,9.011911,0.16760188,-0.04382658,0.4232874,-17.175001,-34.425003,8.775001,-0.014733344,-0.19977811,-0.95634556,0.2127409,153.54665,-22.076551,-7.0154657,11.05930925,76.92355635,376.54114,0.0,,3.7900925,203.01,2,2
305.100,417272283809591,1.1913266,3.6904802,9.49472,-0.14683661,-0.07391463,0.0015271618,1.0317198,3.7129273,9.017767,0.15960675,-0.02244699,0.4769535,-16.875,-34.65,8.775001,-0.01609435,-0.1978818,-0.9567117,0.21276793,153.54932,-21.825619,-7.116147,11.05930925,76.92355635,376.54114,0.0,,3.7900925,203.03,2,2
305.120,417272303809591,1.3109677,3.7474594,8.711519,-0.09300415,-0.031077744,-2.2907427E-4,0.9665362,3.733685,9.016418,0.34443146,0.013774276,-0.30489874,-17.625,-35.100002,9.075001,-0.016681233,-0.1967826,-0.95689917,0.2129109,153.53976,-21.684721,-7.1537266,11.05930925,76.92355635,376.54114,0.0,,3.7900925,203.05,2,2
305.140,417272323809591,1.2451651,3.657878,9.183653,0.12163844,0.3794997,0.027336195,0.9335577,3.7504315,9.012942,0.31160736,-0.0925535,0.17071104,-17.775002,-34.350002,9.3,-0.015408194,-0.19621705,-0.95691437,0.2134641,153.50896,-21.65073,-6.999245,11.05930925,76.92355635,376.54114,0.0,,3.7900925,203.07,2,2
305.160,417272343809591,1.028166,3.6146579,9.533903,0.102396205,0.18898627,0.011377355,0.9941577,3.7115114,9.022568,0.034008324,-0.096853614,0.5113349,-16.575,-34.2,6.9,-0.014445854,-0.1956605,-0.9569773,0.21376525,153.50244,-21.611383,-6.8756657,11.05930925,76.92355635,376.54114,0.0,,3.7900925,203.09,2,2
305.180,417272363809591,1.0823035,3.4746776,9.029167,-0.21609339,-0.35758495,-0.059788384,1.0799407,3.6294782,9.046049,0.002362907,-0.15480065,-0.01688242,-16.95,-34.575,7.65,-0.01622114,-0.19440639,-0.9573125,0.21326908,153.54907,-21.425823,-7.0330014,11.05930925,76.92355635,376.54114,0.0,,3.7900925,203.11,2,2
305.200,417272383809591,1.4962618,3.5612679,9.036345,-0.46494442,-0.5104538,-0.11743875,1.119574,3.5565808,9.070153,0.37668794,0.004687071,-0.03380823,-16.5,-35.175003,8.25,-0.019780854,-0.19226855,-0.95793635,0.2120547,153.6633,-21.098528,-7.355372,11.05930925,76.92355635,376.54114,0.0,,3.7900925,203.13,2,2
305.220,417272403809591,1.3625629,3.7103705,9.658479,-0.4198168,-0.27878338,-0.16355902,1.1176957,3.523297,9.083365,0.24486727,0.18707347,0.5751133,-17.175001,-34.575,9.150001,-0.022641055,-0.18972453,-0.9587278,0.21045561,153.84825,-20.748007,-7.5747566,11.05930925,76.92355635,376.54114,0.0,,3.7900925,203.15,2,2
305.240,417272423809591,1.0537393,3.6827035,10.066605,-0.19471313,-0.04711294,-0.1350011,1.1041145,3.5318043,9.081722,-0.050375283,0.15089929,0.98488283,-16.725,-34.65,8.85,-0.024010383,-0.18766728,-0.95942277,0.2089927,154.03854,-20.491507,-7.6386933,11.05930925,76.92355635,376.54114,0.0,,3.7900925,203.17,2,2
305.260,417272443809591,1.0927722,3.6504004,9.953843,0.0424551,0.041767877,-0.077121675,1.0923918,3.5652246,9.070073,3.8033724E-4,0.08517575,0.88377,-16.575,-34.800003,8.25,-0.024120558,-0.18683513,-0.9598305,0.20787969,154.18872,-20.403648,-7.6014423,11.05930925,76.92355635,376.54114,0.0,,3.7900925,203.19,2,2
305.280,417272463809591,1.2130115,3.6396327,9.482008,0.17982331,0.046654794,-0.05085449,1.0960037,3.5985126,9.056481,0.11700791,0.04112017,0.4255271,-16.425001,-35.475002,8.175,-0.023747863,-0.18740226,-0.9599106,0.2070608,154.28687,-20.48391,-7.5571313,11.05930925,76.92355635,376.54114,0.0,,3.7900925,203.21,2,2
305.300,417272483809591,1.3224832,3.6311083,9.032307,0.1703549,1.5271641E-4,-0.05589412,1.1063445,3.614282,9.048942,0.21613872,0.016826391,-0.016634464,-15.675,-34.95,6.8250003,-0.023551542,-0.18863712,-0.95983076,0.20633881,154.35738,-20.634195,-7.555862,11.05930925,76.92355635,376.54114,0.0,,3.7900925,203.23,2,2
305.320,417272503809591,1.3535898,3.6477087,8.884251,0.06200277,-0.043371394,-0.088117234,1.1110762,3.6088123,9.050545,0.2425136,0.038896322,-0.16629362,-15.150001,-34.800003,5.4750004,-0.023646269,-0.18980019,-0.9597826,0.20548838,154.43896,-20.769897,-7.5834804,11.05930925,76.92355635,376.54114,0.0,,3.7900925,203.25,2,2
305.340,417272523809591,1.2675978,3.654588,9.202347,-0.040927935,-0.048105597,-0.11934769,1.110957,3.5971048,9.05522,0.15664077,0.057483196,0.14712763,-16.650002,-34.65,7.5000005,-0.023736259,-0.19044983,-0.9598828,0.20441028,154.55797,-20.849543,-7.589604,11.05930925,76.92355635,376.54114,0.0,,3.7900925,203.27,2,2
305.360,417272543809591,1.144816,3.5853457,9.495768,-0.05031998,-0.05398517,-0.13156499,1.1060572,3.5991805,9.054995,0.038758874,-0.013834834,0.44077253,-15.150001,-34.65,6.3,-0.023683276,-0.19051096,-0.9601337,0.20318009,154.7093,-20.8675,-7.5575094,11.05930925,76.92355635,376.54114,0.0,,3.7900925,203.29,2,2
305.380,417272563809591,1.0936694,3.5654554,9.513714,0.030161446,-0.033444844,-0.124081895,1.0943825,3.6204169,9.047944,-7.1305037E-4,-0.054961562,0.4657693,-16.125,-34.725002,6.0,-0.023321757,-0.19063732,-0.96038055,0.20193343,154.8678,-20.900726,-7.4907284,11.05930925,76.92355635,376.54114,0.0,,3.7900925,203.31,2,2
305.400,417272583809591,1.0800602,3.57727,9.339934,0.1278998,0.01160643,-0.11133009,1.0763061,3.6513994,9.037657,0.0037541986,-0.07412946,0.30227757,-14.775001,-35.100002,5.7000003,-0.022472108,-0.19121748,-0.96053237,0.20075347,155.02007,-20.996964,-7.3815637,11.05930925,76.92355635,376.54114,0.0,,3.7900925,203.33,2,2
305.420,417272603809591,1.0287642,3.5985062,9.19143,0.17501274,0.04520399,-0.106137745,1.0645506,3.682967,9.026233,-0.03578645,-0.084460735,0.16519737,-14.775001,-34.725002,5.925,-0.02125513,-0.19230625,-0.9605756,0.19963041,155.16414,-21.159353,-7.2453,11.05930925,76.92355635,376.54114,0.0,,3.7900925,203.35,2,2
305.440,417272623809591,1.0556834,3.6717863,9.017652,0.16172644,0.019776745,-0.10705404,1.0542634,3.7085056,9.016979,0.0014200807,-0.036719203,6.723404E-4,-15.750001,-34.875,8.025001,-0.020117799,-0.19381613,-0.9605259,0.19851802,155.29823,-21.367174,-7.130613,11.05930925,76.92355635,376.54114,0.0,,3.7900925,203.37,2,2
305.460,417272643809591,1.0375876,3.707529,8.864061,0.117591456,0.010766491,-0.11094831,1.035946,3.7253034,9.012176,0.0016416907,-0.017774224,-0.14811373,-15.6,-35.175003,8.025001,-0.019011192,-0.19534391,-0.9604694,0.19739604,155.43307,-21.576197,-7.0192323,11.05930925,76.92355635,376.54114,0.0,,3.7900925,203.39,2,2
305.480,417272663809591,0.9373883,3.7257743,8.942278,0.07460185,0.0391717,-0.10812306,1.0112273,3.7392378,9.009212,-0.07383898,-0.013463378,-0.06693411,-14.700001,-34.800003,6.6000004,-0.017721908,-0.1965755,-0.9604668,0.19630265,155.5741,-21.755758,-6.8776016,11.05930925,76.92355635,376.54114,0.0,,3.7900925,203.41,2,2
305.500,417272683809591,0.8496016,3.7727337,9.095418,0.06513345,0.06566796,-0.093156874,0.9888775,3.7563941,9.004554,-0.13927588,0.016339421,0.09086418,-15.3,-34.800003,8.1,-0.016230412,-0.19754766,-0.9604935,0.19532369,155.71048,-21.90978,-6.7065973,11.05930925,76.92355635,376.54114,0.0,,3.7900925,203.43,2,2
305.520,417272703809591,0.86231345,3.8153558,9.136544,0.08559742,0.070249446,-0.06436987,0.9741051,3.7775083,8.99733,-0.11179167,0.0378474,0.13921452,-16.2,-35.550003,8.325001,-0.0146983955,-0.19857173,-0.9604664,0.19453885,155.82341,-22.069075,-6.5364404,11.05930925,76.92355635,376.54114,0.0,,3.7900925,203.45,2,2
305.540,417272723809591,0.994816,3.8445182,9.026773,0.10361793,0.06849321,-0.03756818,0.955822,3.7971437,8.991023,0.038994014,0.047374606,0.035750866,-15.6,-35.325,8.925,-0.013378897,-0.19982919,-0.9603319,0.19401115,155.8963,-22.24782,-6.4039893,11.05930925,76.92355635,376.54114,0.0,,3.7900925,203.47,2,2
305.560,417272743809591,1.018146,3.8687456,9.075079,0.09995274,0.098807365,-0.02756527,0.93593377,3.8123,8.986701,0.08221224,0.0564456,0.08837795,-15.450001,-35.4,8.400001,-0.012014073,-0.20110582,-0.9601545,0.19366035,155.94846,-22.42861,-6.2706757,11.05930925,76.92355635,376.54114,0.0,,3.7900925,203.49,2,2
305.580,417272763809591,0.90942216,3.878018,9.180812,0.08323032,0.090331614,-0.02557996,0.9207353,3.8249464,8.982896,-0.01131317,0.05307138,0.19791603,-15.825001,-35.325,8.700001,-0.010478512,-0.20210649,-0.9600206,0.19337244,156.00177,-22.58169,-6.1103473,11.05930925,76.92355635,376.54114,0.0,,3.7900925,203.51,2,2
305.600,417272783809591,0.8615657,3.8973098,9.198908,0.07086031,0.062919065,-0.01397353,0.9065,3.835202,8.97997,-0.044934273,0.06210792,0.2189374,-14.325001,-34.800003,6.7500005,-0.0089484155,-0.20287786,-0.95991594,0.19316335,156.0495,-22.70797,-5.945719,11.05930925,76.92355635,376.54114,0.0,,3.7900925,203.53,2,2
305.620,417272803809591,0.8591729,3.8970108,9.246315,0.06482802,0.06696604,0.0043524113,0.8930643,3.8421712,8.978337,-0.03389144,0.05483961,0.2679782,-15.675,-35.025,8.85,-0.007526906,-0.2033043,-0.9598487,0.19311321,156.08115,-22.791304,-5.787814,11.05930925,76.92355635,376.54114,0.0,,3.7900925,203.55,2,2
305.640,417272823809591,0.86979103,3.8721852,9.418,0.0646753,0.06971493,0.0160352,0.8913074,3.8508654,8.974787,-0.021516383,0.021319866,0.44321346,-15.450001,-35.025,7.2000003,-0.006396291,-0.20346871,-0.9598031,0.19321293,156.09206,-22.836832,-5.66061,11.05930925,76.92355635,376.54114,0.0,,3.7900925,203.57,2,2
305.660,417272843809591,0.8717352,3.8448172,9.406336,0.079794206,0.008323032,0.020463968,0.9036022,3.8656044,8.967217,-0.031866997,-0.02078712,0.4391179,-16.050001,-35.475002,10.200001,-0.0058194627,-0.20362982,-0.95974094,0.19337638,156.08246,-22.868227,-5.6007366,11.05930925,76.92355635,376.54114,0.0,,3.7900925,203.59,2,2
305.680,417272863809591,0.9363414,3.837938,9.135498,0.099647306,-0.0542906,0.023060143,0.90479666,3.8975418,8.953261,0.031544745,-0.05960369,0.1822362,-16.2,-35.175003,9.975,-0.0058835684,-0.20426276,-0.9595717,0.19354968,156.04901,-22.937826,-5.6309185,11.05930925,76.92355635,376.54114,0.0,,3.7900925,203.61,2,2
305.700,417272883809591,0.7251748,4.026971,8.385647,0.11797325,-0.024663663,0.017867792,0.8725805,3.9355311,8.939831,-0.14740571,0.09143996,-0.55418396,-15.975,-34.725002,8.25,-0.0055639935,-0.20538732,-0.95929915,0.1937178,156.01675,-23.07278,-5.629564,11.05930925,76.92355635,376.54114,0.0,,3.7900925,203.63,2,2
305.720,417272903809591,0.510419,4.2548876,8.693125,0.1448513,0.13057233,0.040927935,0.8504258,3.969734,8.926835,-0.3400068,0.2851534,-0.23371029,-16.35,-35.175003,9.825001,-0.0044682077,-0.20674694,-0.9589369,0.19408636,155.97363,-23.25226,-5.547759,11.05930925,76.92355635,376.54114,0.0,,3.7900925,203.65,2,2
305.740,417272923809591,0.5802595,4.063163,8.778818,0.1698204,0.105374165,0.06994401,0.859892,3.9992173,8.912757,-0.2796325,0.06394529,-0.13393927,-16.425001,-35.100002,10.650001,-0.0032471046,-0.20835926,-0.9584863,0.19460334,155.91087,-23.4629,-5.462256,11.05930925,76.92355635,376.54114,0.0,,3.7900925,203.67,2,2
305.760,417272943809591,0.8820542,3.9951165,8.556584,0.14569125,-0.015118903,0.06200277,0.8771619,4.019443,8.90197,0.0048923194,-0.024326563,-0.34538555,-15.150001,-34.725002,9.0,-0.0027388579,-0.21013057,-0.9580064,0.19506718,155.83519,-23.674757,-5.465283,11.05930925,76.92355635,376.54114,0.0,,3.7900925,203.69,2,2
305.780,417272963809591,0.93185484,4.094867,8.4734335,0.072158396,-0.074754566,0.0115300715,0.8881111,4.0280647,8.896985,0.04374376,0.0668025,-0.42355156,-14.775001,-34.800003,7.275,-0.0027241262,-0.21171091,-0.9576257,0.19523036,155.78827,-23.854532,-5.5141063,11.05930925,76.92355635,376.54114,0.0,,3.7900925,203.71,2,2
305.800,417272983809591,0.75972116,4.204339,8.750254,0.006719512,-0.09476039,-0.023594651,0.9041289,4.0350504,8.892205,-0.14440772,0.16928864,-0.14195204,-16.050001,-35.100002,9.3,-0.0029336081,-0.21294579,-0.957384,0.19507472,155.78148,-23.991257,-5.571358,11.05930925,76.92355635,376.54114,0.0,,3.7900925,203.73,2,2
305.820,417273003809591,0.78783685,4.254588,8.844471,-0.0012217294,-0.117591456,-0.0125990845,0.9227087,4.048845,8.884022,-0.13487184,0.20574355,-0.03955078,-14.1,-34.575,7.1250005,-0.003409803,-0.21406369,-0.9571842,0.19482686,155.78151,-24.108643,-5.6547112,11.05930925,76.92355635,376.54114,0.0,,3.7900925,203.75,2,2
305.840,417273023809591,0.99795663,4.2260237,8.756385,0.041844234,-0.08231402,0.014126247,0.9293918,4.0698924,8.873702,0.0685648,0.1561315,-0.1173172,-15.3,-34.65,8.1,-0.0040042726,-0.21527348,-0.9569318,0.19472253,155.75877,-24.23277,-5.7588944,11.05930925,76.92355635,376.54114,0.0,,3.7900925,203.77,2,2
305.860,417273043809591,1.0945668,4.166054,8.567501,0.08468112,0.01076649,0.028099777,0.91882205,4.086993,8.8669405,0.17574471,0.079060555,-0.29943943,-15.225,-35.100002,9.0,-0.0042829965,-0.21655732,-0.9566146,0.19485193,155.71292,-24.371708,-5.8339353,11.05930925,76.92355635,376.54114,0.0,,3.7900925,203.79,2,2
305.880,417273063809591,1.0247263,4.096363,8.582905,0.078190684,0.09903644,0.033826634,0.9110896,4.090588,8.86608,0.1136367,0.0057747364,-0.283175,-16.425001,-34.95,9.900001,-0.004194875,-0.2177192,-0.9562815,0.19519515,155.65128,-24.504457,-5.867373,11.05930925,76.92355635,376.54114,0.0,,3.7900925,203.81,2,2
305.900,417273083809591,0.94307125,3.99063,8.661718,0.024969094,0.06872228,0.03291034,0.92150307,4.078909,8.870384,0.02156815,-0.08827901,-0.20866537,-15.750001,-34.875,8.325001,-0.004190952,-0.21808694,-0.9561525,0.19541906,155.6167,-24.545187,-5.884013,11.05930925,76.92355635,376.54114,0.0,,3.7900925,203.83,2,2
305.920,417273103809591,0.99466646,3.882205,8.690732,-0.044058617,-0.02916879,0.02321286,0.9466381,4.05679,8.877878,0.04802832,-0.17458475,-0.18714619,-16.050001,-34.5,9.675,-0.0048125586,-0.21804704,-0.9560742,0.19583488,155.54982,-24.522676,-5.968662,11.05930925,76.92355635,376.54114,0.0,,3.7900925,203.85,2,2
305.940,417273123809591,1.0799108,3.7604704,8.736046,-0.0854447,-0.10926843,0.002672533,0.97740155,4.0347548,8.884584,0.1025092,-0.27428436,-0.14853859,-15.750001,-35.100002,8.475,-0.0060036243,-0.21753676,-0.95615184,0.19598754,155.51035,-24.433891,-6.1001787,11.05930925,76.92355635,376.54114,0.0,,3.7900925,203.87,2,2
305.960,417273143809591,1.105484,3.7532918,8.707333,-0.093080506,-0.15477785,-0.027488913,1.0003152,4.0180807,8.889588,0.10516888,-0.26478887,-0.18225622,-15.900001,-34.95,9.3,-0.0075927884,-0.21676965,-0.9563442,0.19583806,155.5038,-24.307829,-6.263326,11.05930925,76.92355635,376.54114,0.0,,3.7900925,203.89,2,2
305.980,417273163809591,0.95219386,3.78724,8.55808,-0.08498655,-0.1481347,-0.0415388,1.0137789,4.0032597,8.894749,-0.06158507,-0.21601963,-0.33666897,-15.750001,-34.5,9.3,-0.008906669,-0.21596654,-0.9565968,0.19543451,155.53683,-24.186272,-6.3855195,11.05930925,76.92355635,376.54114,0.0,,3.7900925,203.91,2,2
306.000,417273183809591,0.9137592,3.8038402,8.381161,-0.09040798,-0.09269872,-0.02084576,1.0213331,3.9781926,8.905125,-0.10757393,-0.17435229,-0.5239639,-15.525001,-35.325,9.450001,-0.009894973,-0.21522543,-0.9568335,0.19504751,155.57481,-24.079876,-6.4710803,11.05930925,76.92355635,376.54114,0.0,,3.7900925,203.93,2,2
306.020,417273203809591,1.007528,3.7000515,8.429765,-0.1288161,-0.03428478,-7.635809E-4,1.0316542,3.939453,8.921143,-0.024126321,-0.23940134,-0.49137783,-15.750001,-35.25,8.25,-0.010917348,-0.2139873,-0.9571416,0.1948414,155.59857,-23.914816,-6.550565,11.05930925,76.92355635,376.54114,0.0,,3.7900925,203.95,2,2
306.040,417273223809591,1.0962119,3.562913,8.553593,-0.18196133,-0.042226024,-0.015424334,1.0497462,3.8950279,8.938522,0.046465695,-0.33211505,-0.38492918,-15.375001,-35.175003,7.9500003,-0.012084188,-0.21227653,-0.95755154,0.19462156,155.62933,-23.69249,-6.6327577,11.05930925,76.92355635,376.54114,0.0,,3.7900925,203.97,2,2
306.060,417273243809591,1.1630614,3.539882,8.525029,-0.22250748,-0.08826995,-0.04558578,1.0705707,3.8483753,8.956242,0.09249061,-0.30849338,-0.43121243,-14.625001,-34.725002,7.5750003,-0.013593167,-0.2102783,-0.958047,0.19424163,155.67732,-23.430243,-6.743065,11.05930925,76.92355635,376.54114,0.0,,3.7900925,203.99,2,2
306.080,417273263809591,1.1787643,3.5086257,8.408379,-0.24862194,-0.11209367,-0.06994401,1.0881292,3.7950995,8.976835,0.09063512,-0.28647375,-0.56845665,-15.3,-34.65,9.0,-0.015382219,-0.20804963,-0.958621,0.19366103,155.74817,-23.136538,-6.874865,11.05930925,76.92355635,376.54114,0.0,,3.7900925,204.01,2,2
306.100,417273283809591,1.1530414,3.5065322,8.438588,-0.29443678,-0.11049016,-0.090102546,1.1044308,3.7304869,9.001893,0.048610628,-0.2239548,-0.5633049,-15.225,-35.25,7.8,-0.017348494,-0.20547828,-0.95929486,0.19288482,155.84573,-22.801268,-7.0129256,11.05930925,76.92355635,376.54114,0.0,,3.7900925,204.03,2,2
306.120,417273303809591,1.182204,3.4852958,8.660223,-0.35117084,-0.110413805,-0.104916014,1.1224821,3.6554058,9.030417,0.059721887,-0.1701101,-0.37019396,-15.975,-35.4,9.525001,-0.019372586,-0.20238167,-0.9601037,0.19191721,155.97543,-22.406725,-7.138167,11.05930925,76.92355635,376.54114,0.0,,3.7900925,204.05,2,2
306.140,417273323809591,1.2397813,3.3577285,8.925976,-0.38492113,-0.12240201,-0.12156208,1.1440659,3.578788,9.058353,0.0957154,-0.22105968,-0.13237715,-14.700001,-34.875,6.9,-0.021451438,-0.1988574,-0.9610254,0.1907381,156.13777,-21.964424,-7.2532153,11.05930925,76.92355635,376.54114,0.0,,3.7900925,204.07,2,2
306.160,417273343809591,1.338186,3.288486,9.070293,-0.38835725,-0.13874266,-0.14729476,1.161059,3.5099916,9.0830765,0.17712706,-0.22150564,-0.012783051,-15.3,-35.325,7.7250004,-0.02362404,-0.19516085,-0.96200895,0.18931384,156.33128,-21.502895,-7.3699236,11.05930925,76.92355635,376.54114,0.0,,3.7900925,204.09,2,2
306.180,417273363809591,1.3749757,3.3349967,9.095268,-0.36789328,-0.12308924,-0.1821904,1.1705383,3.447528,9.105755,0.20443738,-0.112531304,-0.010486603,-15.825001,-35.4,8.85,-0.025749166,-0.19149797,-0.96301526,0.18763982,156.5558,-21.049095,-7.4778943,11.05930925,76.92355635,376.54114,0.0,,3.7900925,204.11,2,2
306.200,417273383809591,1.351197,3.3632617,9.277273,-0.34093887,-0.09964731,-0.2057087,1.1862162,3.3895295,9.125479,0.16498083,-0.026267648,0.15179396,-14.775001,-35.100002,6.3750005,-0.027761485,-0.18793347,-0.9640275,0.18574269,156.80801,-20.61172,-7.5722404,11.05930925,76.92355635,376.54114,0.0,,3.7900925,204.13,2,2
306.220,417273403809591,1.3938192,3.353242,9.41142,-0.31917682,-0.13584104,-0.22250748,1.2092117,3.3390834,9.141046,0.1846075,0.014158368,0.2703743,-13.875001,-35.4,5.3250003,-0.029906213,-0.18463944,-0.9650067,0.18361491,157.08069,-20.204638,-7.686678,11.05930925,76.92355635,376.54114,0.0,,3.7900925,204.15,2,2
306.240,417273423809591,1.4365909,3.4079776,9.370892,-0.3007745,-0.17547089,-0.23686281,1.2328935,3.2944343,9.154074,0.20369738,0.11354339,0.21681786,-14.025001,-35.625,6.15,-0.032204222,-0.18184523,-0.9659075,0.18126766,157.36836,-19.853493,-7.830087,11.05930925,76.92355635,376.54114,0.0,,3.7900925,204.17,2,2
306.260,417273443809591,1.5363417,3.427868,9.351749,-0.282754,-0.16676608,-0.24503312,1.2525386,3.2505097,9.167099,0.2838031,0.17735827,0.18464994,-14.55,-36.15,7.275,-0.034475844,-0.17942482,-0.966747,0.17877704,157.66759,-19.547598,-7.979234,11.05930925,76.92355635,376.54114,0.0,,3.7900925,204.19,2,2
306.280,417273463809591,1.617249,3.365505,9.521191,-0.26679516,-0.13652827,-0.24732386,1.2763205,3.2084749,9.178621,0.34092855,0.1570301,0.34256983,-13.500001,-36.15,6.3750005,-0.036663637,-0.17714578,-0.967555,0.17623258,157.9724,-19.261124,-8.122814,11.05930925,76.92355635,376.54114,0.0,,3.7900925,204.21,2,2
306.300,417273483809591,1.8131614,3.2703905,9.6885395,-0.23915353,-0.1320995,-0.255036,1.2987376,3.1762078,9.186696,0.51442367,0.09418261,0.501843,-13.650001,-35.850002,6.675,-0.03875964,-0.17503649,-0.9683322,0.17361087,158.2853,-18.997612,-8.260073,11.05930925,76.92355635,376.54114,0.0,,3.7900925,204.23,2,2
306.320,417273503809591,1.929662,3.2563324,9.769297,-0.1892917,-0.11850776,-0.282754,1.3124757,3.1575406,9.191176,0.61718625,0.09879196,0.57812023,-13.725,-36.600002,7.05,-0.040663548,-0.17326178,-0.969068,0.17083712,158.61447,-18.778545,-8.381895,11.05930925,76.92355635,376.54114,0.0,,3.7900925,204.25,2,2
306.340,417273523809591,1.8791134,3.318097,9.846764,-0.13072506,-0.095753044,-0.3131445,1.3194981,3.1516647,9.192187,0.55961543,0.1664325,0.6545768,-12.900001,-36.225002,4.9500003,-0.042303797,-0.17196442,-0.9697466,0.16788384,158.96211,-18.62178,-8.482718,11.05930925,76.92355635,376.54114,0.0,,3.7900925,204.27,2,2
306.360,417273543809591,1.7848961,3.372534,9.818199,-0.07681624,-0.08269581,-0.3283398,1.322817,3.1506548,9.192058,0.46207923,0.22187924,0.626142,-12.900001,-35.925003,6.6000004,-0.043668896,-0.17120145,-0.9703526,0.16479445,159.3222,-18.533482,-8.563014,11.05930925,76.92355635,376.54114,0.0,,3.7900925,204.29,2,2
306.380,417273563809591,1.762613,3.3665519,9.79487,-0.051465355,-0.06742419,-0.3301724,1.3265673,3.1428769,9.19418,0.4360457,0.22367513,0.60069084,-12.975,-36.525,6.6000004,-0.04484025,-0.17075181,-0.9709105,0.16163917,159.68839,-18.486038,-8.627681,11.05930925,76.92355635,376.54114,0.0,,3.7900925,204.31,2,2
306.400,417273583809591,1.775624,3.2654552,9.851252,-0.06933314,-0.06803505,-0.32803434,1.3255179,3.1226995,9.201202,0.45010608,0.14275563,0.65004873,-11.175,-36.525,5.4,-0.045899738,-0.17019327,-0.9714826,0.1584674,160.06001,-18.429188,-8.676704,11.05930925,76.92355635,376.54114,0.0,,3.7900925,204.33,2,2
306.420,417273603809591,1.7901304,3.0856943,10.114462,-0.09644027,-0.04436405,-0.32956153,1.3089918,3.1135664,9.206662,0.48113865,-0.027872086,0.90779924,-11.475,-36.225002,4.7250004,-0.046683542,-0.16930543,-0.9721165,0.15527134,160.44453,-18.341011,-8.685575,11.05930925,76.92355635,376.54114,0.0,,3.7900925,204.35,2,2
306.440,417273623809591,1.7603698,2.9464622,10.455887,-0.08468112,-0.020082178,-0.3474293,1.2877663,3.1194348,9.207669,0.47260338,-0.1729728,1.2482176,-12.375001,-36.975002,6.4500003,-0.047122344,-0.16830556,-0.9727876,0.15198687,160.84729,-18.247791,-8.650372,11.05930925,76.92355635,376.54114,0.0,,3.7900925,204.37,2,2
306.460,417273643809591,1.7077277,2.9198418,10.487593,-0.004352412,-0.0019853103,-0.36690062,1.2574828,3.1491292,9.201745,0.45024484,-0.22928727,1.2858472,-11.700001,-36.9,6.3,-0.04716668,-0.1676382,-0.97342134,0.14861684,161.26187,-18.20065,-8.57562,11.05930925,76.92355635,376.54114,0.0,,3.7900925,204.39,2,2
306.480,417273663809591,1.6399808,2.9757743,10.235598,0.12194387,0.043065965,-0.37659812,1.2166541,3.196669,9.190835,0.4233268,-0.22089493,1.0447631,-11.475,-36.75,6.3,-0.04673428,-0.16766858,-0.97394776,0.14523262,161.67586,-18.241697,-8.460631,11.05930925,76.92355635,376.54114,0.0,,3.7900925,204.41,2,2
306.500,417273683809591,1.5687944,3.0421748,9.87488,0.21685697,0.09827286,-0.37904155,1.1641797,3.2476704,9.179745,0.4046147,-0.2054956,0.6951351,-10.725,-37.050003,6.3750005,-0.045766424,-0.16838375,-0.9743624,0.14189045,162.08437,-18.369625,-8.29819,11.05930925,76.92355635,376.54114,0.0,,3.7900925,204.43,2,2
306.520,417273703809591,1.4584254,3.052494,9.729217,0.23701552,0.15676317,-0.38461572,1.1121489,3.2864735,9.172382,0.34627652,-0.23397946,0.5568342,-10.8,-37.5,7.7250004,-0.044218577,-0.16945294,-0.9747261,0.13856092,162.49742,-18.547241,-8.0742655,11.05930925,76.92355635,376.54114,0.0,,3.7900925,204.45,2,2
306.540,417273723809591,1.3099208,3.0810583,9.717402,0.22601995,0.16523892,-0.39897102,1.0619577,3.3300354,9.162614,0.24796313,-0.24897718,0.5547886,-10.125,-37.275,6.9,-0.042209737,-0.17067721,-0.9750785,0.13514383,162.92839,-18.749949,-7.796016,11.05930925,76.92355635,376.54114,0.0,,3.7900925,204.47,2,2
306.560,417273743809591,1.1711371,3.2172995,9.632906,0.23281582,0.13461931,-0.41149375,1.0218742,3.3865702,9.146437,0.14926296,-0.16927063,0.4864688,-10.8,-37.350002,6.525,-0.039906282,-0.17225516,-0.9753842,0.13156056,163.3813,-18.997671,-7.485068,11.05930925,76.92355635,376.54114,0.0,,3.7900925,204.49,2,2
306.580,417273763809591,1.0912766,3.4025936,9.295518,0.2658025,0.07589994,-0.4119519,0.98723185,3.4541616,9.12494,0.104044795,-0.051567912,0.170578,-10.200001,-37.275,6.3,-0.03771376,-0.17462024,-0.97553885,0.12785846,163.83742,-19.332737,-7.198189,11.05930925,76.92355635,376.54114,0.0,,3.7900925,204.51,2,2
306.600,417273783809591,1.1095219,3.5467615,8.879914,0.29489493,0.06688969,-0.39270967,0.94788647,3.5261066,9.101564,0.16163546,0.020654798,-0.22165012,-10.35,-37.65,8.175,-0.035707727,-0.1775657,-0.97554827,0.12422721,164.27585,-19.729263,-6.943055,11.05930925,76.92355635,376.54114,0.0,,3.7900925,204.53,2,2
306.620,417273803809591,1.159173,3.620191,8.587392,0.3075704,0.12087485,-0.36460987,0.895967,3.5986161,9.078413,0.263206,0.021574974,-0.49102116,-10.35,-37.800003,8.025001,-0.033598676,-0.18082815,-0.97544986,0.12081465,164.68843,-20.160992,-6.6827664,11.05930925,76.92355635,376.54114,0.0,,3.7900925,204.55,2,2
306.640,417273823809591,1.1427224,3.7135112,8.512915,0.3086394,0.20219621,-0.34284782,0.8409335,3.664188,9.0574255,0.30178887,0.04932332,-0.54451036,-9.150001,-37.575,8.25,-0.031152757,-0.18420649,-0.9752812,0.11767304,165.07672,-20.608137,-6.3865914,11.05930925,76.92355635,376.54114,0.0,,3.7900925,204.57,2,2
306.660,417273843809591,1.0517951,3.7981572,8.606535,0.27947062,0.21853685,-0.31749693,0.8041872,3.7141633,9.040391,0.24760795,0.08399403,-0.4338565,-8.625,-37.425003,5.8500004,-0.02860883,-0.18747321,-0.97508186,0.114778005,165.44188,-21.041012,-6.0783525,11.05930925,76.92355635,376.54114,0.0,,3.7900925,204.59,2,2
306.680,417273863809591,1.0372887,3.825226,8.69133,0.20853394,0.1293506,-0.29344416,0.7854136,3.7416255,9.030711,0.25187498,0.08360052,-0.33938122,-8.400001,-37.125,6.8250003,-0.026588304,-0.19037561,-0.97490084,0.112023294,165.78595,-21.42221,-5.826029,11.05930925,76.92355635,376.54114,0.0,,3.7900925,204.61,2,2
306.700,417273883809591,1.0992029,3.7839499,8.667999,0.12278381,-0.003588831,-0.2826013,0.78330004,3.7560124,9.024921,0.31590283,0.027937412,-0.35692167,-8.700001,-37.875,7.7250004,-0.02554491,-0.19271098,-0.9747872,0.10928139,166.11537,-21.723093,-5.6786294,11.05930925,76.92355635,376.54114,0.0,,3.7900925,204.63,2,2
306.720,417273903809591,1.2385848,3.7141094,8.615059,0.051770784,-0.095753044,-0.29084796,0.77945036,3.7640839,9.021892,0.45913446,-0.04997456,-0.4068327,-8.700001,-37.275,7.7250004,-0.025424004,-0.19441198,-0.97477275,0.10643707,166.44469,-21.93799,-5.6269436,11.05930925,76.92355635,376.54114,0.0,,3.7900925,204.65,2,2
306.740,417273923809591,1.3223336,3.6340995,8.685946,0.017409645,-0.095447615,-0.31764966,0.76354116,3.770999,9.020364,0.5587925,-0.13689947,-0.33441734,-8.475,-37.575,8.025001,-0.025745897,-0.19554041,-0.97486377,0.10345008,166.78822,-22.081413,-5.614283,11.05930925,76.92355635,376.54114,0.0,,3.7900925,204.67,2,2
306.760,417273943809591,1.2912269,3.5594733,8.995667,0.014584394,-0.038255405,-0.33750275,0.74202967,3.7801645,9.018322,0.54919726,-0.2206912,-0.022654533,-7.7250004,-37.425003,6.525,-0.026052525,-0.19618419,-0.9750507,0.100367956,167.14948,-22.169594,-5.588679,11.05930925,76.92355635,376.54114,0.0,,3.7900925,204.69,2,2
306.780,417273963809591,1.218844,3.4947176,9.310024,0.0320704,-0.01160643,-0.34284782,0.7282491,3.7941592,9.013568,0.49059498,-0.2994417,0.29645634,-8.025001,-37.875,9.0,-0.026236186,-0.1965364,-0.9752952,0.09721771,167.52527,-22.225994,-5.5413914,11.05930925,76.92355635,376.54114,0.0,,3.7900925,204.71,2,2
306.800,417273983809591,1.2281163,3.436542,9.448658,0.06268999,-0.05436696,-0.34277147,0.7237371,3.8143642,9.0054,0.5043791,-0.37782216,0.44325876,-7.8750005,-37.5,7.8750005,-0.026561724,-0.19687822,-0.9755348,0.09398158,167.90833,-22.279833,-5.5086884,11.05930925,76.92355635,376.54114,0.0,,3.7900925,204.73,2,2
306.820,417274003809591,1.2696915,3.4287653,9.279067,0.096211195,-0.1071304,-0.3479638,0.71275437,3.8387153,8.995923,0.5569371,-0.40995002,0.283144,-7.425,-37.575,7.7250004,-0.027120285,-0.19738773,-0.9757316,0.09064498,168.2963,-22.35092,-5.5039754,11.05930925,76.92355635,376.54114,0.0,,3.7900925,204.75,2,2
306.840,417274023809591,1.1249257,3.4993534,9.026176,0.11507164,-0.07987057,-0.35827217,0.68479645,3.860863,8.988614,0.44012928,-0.36150944,0.037561893,-7.65,-37.725002,9.6,-0.027570171,-0.19800875,-0.97590107,0.08726269,168.69125,-22.436682,-5.486234,11.05930925,76.92355635,376.54114,0.0,,3.7900925,204.77,2,2
306.860,417274043809591,0.9182457,3.5994034,9.062517,0.10247256,0.010308342,-0.35369068,0.64869773,3.876421,8.984594,0.26954794,-0.27701747,0.077922344,-6.9750004,-37.875,7.8,-0.027384406,-0.19849056,-0.9761011,0.083927274,169.09729,-22.513252,-5.390114,11.05930925,76.92355635,376.54114,0.0,,3.7900925,204.79,2,2
306.880,417274063809591,0.65488565,3.5753255,9.316006,0.07192932,0.05589412,-0.33567017,0.6228584,3.8852224,8.982621,0.032027245,-0.30989683,0.333385,-6.3,-37.725002,7.05,-0.026600953,-0.19878618,-0.97633725,0.08067071,169.5102,-22.573786,-5.2203655,11.05930925,76.92355635,376.54114,0.0,,3.7900925,204.81,2,2
306.900,417274083809591,0.40423748,3.4790144,9.362516,0.040393427,0.0045814854,-0.30718857,0.60984606,3.8881433,8.98225,-0.20560858,-0.4091288,0.38026667,-5.625,-37.800003,7.3500004,-0.025729477,-0.19888249,-0.9765966,0.07752185,169.91428,-22.61064,-5.039471,11.05930925,76.92355635,376.54114,0.0,,3.7900925,204.83,2,2
306.920,417274103809591,0.29685956,3.4821553,9.329466,0.009850194,-0.057268567,-0.27885973,0.60433114,3.8887017,8.982382,-0.30747157,-0.40654647,0.34708405,-5.4,-37.800003,5.925,-0.025052562,-0.19879566,-0.9768698,0.0744739,170.3032,-22.622847,-4.882053,11.05930925,76.92355635,376.54114,0.0,,3.7900925,204.85,2,2
306.940,417274123809591,0.14566308,3.5437703,9.196365,-0.004886918,-0.09682206,-0.26496258,0.5892023,3.8880258,8.983679,-0.4435392,-0.34425545,0.21268606,-5.775,-38.025,7.1250005,-0.024564456,-0.19865264,-0.9771341,0.07150598,170.67831,-22.625586,-4.7487717,11.05930925,76.92355635,376.54114,0.0,,3.7900925,204.87,2,2
306.960,417274143809591,-0.088085786,3.626921,8.957681,-0.0021380265,-0.094684035,-0.23777908,0.559092,3.8880916,8.985575,-0.64717776,-0.26117063,-0.02789402,-5.625,-38.100002,7.5000005,-0.024123644,-0.19857012,-0.9773615,0.06874247,171.02672,-22.63337,-4.626974,11.05930925,76.92355635,376.54114,0.0,,3.7900925,204.89,2,2
306.980,417274163809591,-0.2330011,3.6891344,8.762516,0.0012217294,-0.058719374,-0.18440479,0.53107584,3.889766,8.986548,-0.76407695,-0.20063162,-0.22403193,-5.25,-38.025,7.5000005,-0.023611441,-0.19855994,-0.97754365,0.06634702,171.33133,-22.64802,-4.506313,11.05930925,76.92355635,376.54114,0.0,,3.7900925,204.91,2,2
307.000,417274183809591,-0.28639096,3.7341492,8.631809,-0.0021380265,-0.054137886,-0.1379027,0.53539425,3.8875577,8.987248,-0.8217852,-0.15340853,-0.35543966,-5.175,-38.025,7.65,-0.023149211,-0.19858976,-0.97768605,0.06432532,171.58882,-22.66477,-4.4012284,11.05930925,76.92355635,376.54114,0.0,,3.7900925,204.93,2,2
307.020,417274203809591,-0.3195914,3.7661533,8.398808,-0.022220206,-0.09300415,-0.10674861,0.54420257,3.878523,8.9906225,-0.86379397,-0.112369776,-0.591815,-5.3250003,-38.4,6.675,-0.022910183,-0.1985815,-0.9778079,0.06259287,171.80597,-22.67361,-4.3298364,11.05930925,76.92355635,376.54114,0.0,,3.7900925,204.95,2,2
307.040,417274223809591,-0.28728825,3.8219361,8.212467,-0.06299543,-0.11201732,-0.09529489,0.54710907,3.8610067,8.997983,-0.8343973,-0.039070725,-0.78551626,-5.8500004,-38.550003,8.325001,-0.022848418,-0.19840291,-0.9779461,0.06102834,171.99971,-22.660248,-4.282238,11.05930925,76.92355635,376.54114,0.0,,3.7900925,204.97,2,2
307.060,417274243809591,-0.30852458,3.9847975,8.270792,-0.114613496,-0.08582649,-0.10911571,0.54294676,3.833582,9.009953,-0.8514713,0.15121567,-0.739161,-5.925,-38.325,9.6,-0.022769399,-0.19791992,-0.9781394,0.059522323,172.18909,-22.611212,-4.230863,11.05930925,76.92355635,376.54114,0.0,,3.7900925,204.99,2,2
307.080,417274263809591,-0.39167517,4.1228333,8.487791,-0.17157663,-0.051007204,-0.11400263,0.5272514,3.7942948,9.027498,-0.9189266,0.32853842,-0.53970766,-6.6000004,-38.625,8.700001,-0.022511097,-0.19699705,-0.978418,0.058088478,172.37729,-22.51192,-4.1552043,11.05930925,76.92355635,376.54114,0.0,,3.7900925,205.01,2,2
307.100,417274283809591,-0.55857456,4.0960636,8.833105,-0.2330449,0.01557705,-0.09781471,0.5000486,3.7398314,9.051741,-1.0586231,0.35623217,-0.21863604,-5.775,-38.100002,8.775001,-0.021861456,-0.19546899,-0.9788124,0.056823563,172.55855,-22.34424,-4.030564,11.05930925,76.92355635,376.54114,0.0,,3.7900925,205.03,2,2
307.120,417274303809591,-0.79351985,3.9221354,9.354141,-0.3074177,0.0810923,-0.078954265,0.4711828,3.6713178,9.081288,-1.2647026,0.25081766,0.27285337,-5.4750004,-38.325,7.8750005,-0.020785974,-0.19316226,-0.9793508,0.055778775,172.72807,-22.087889,-3.852824,11.05930925,76.92355635,376.54114,0.0,,3.7900925,205.05,2,2
307.140,417274323809591,-0.83001035,3.5750265,10.023983,-0.3700313,0.09644027,-0.06268999,0.44651005,3.6050816,9.109029,-1.2765204,-0.030054927,0.9149537,-5.1000004,-38.625,7.5000005,-0.019526504,-0.1901184,-0.98001707,0.05490741,172.88469,-21.746101,-3.651212,11.05930925,76.92355635,376.54114,0.0,,3.7900925,205.07,2,2
307.160,417274343809591,-0.61675,3.2298617,10.369297,-0.34735295,0.0736092,-0.078572474,0.41197428,3.564555,9.126589,-1.0287243,-0.33469307,1.2427082,-5.1000004,-38.475002,7.05,-0.018222209,-0.18684618,-0.9807189,0.05398763,173.04794,-21.378023,-3.4425802,11.05930925,76.92355635,376.54114,0.0,,3.7900925,205.09,2,2
307.180,417274363809591,-0.5273183,3.1438699,10.307083,-0.20929752,0.096669346,-0.16714786,0.35699925,3.563127,9.129461,-0.8843175,-0.41925716,1.1776223,-5.4,-38.475002,7.275,-0.01659668,-0.18413861,-0.98133284,0.05262444,173.26656,-21.079056,-3.1918848,11.05930925,76.92355635,376.54114,0.0,,3.7900925,205.11,2,2
307.200,417274383809591,-0.6183951,3.2759237,10.072437,-0.0054214243,0.15561779,-0.30138537,0.2857477,3.6035845,9.11608,-0.90414286,-0.3276608,0.956357,-4.7250004,-38.625,5.175,-0.014363261,-0.18273278,-0.981742,0.05049909,173.58133,-20.937063,-2.8634756,11.05930925,76.92355635,376.54114,0.0,,3.7900925,205.13,2,2
307.220,417274403809591,-0.93335044,3.552893,9.503096,0.21158826,0.19853103,-0.4021017,0.20674022,3.6687732,9.09218,-1.1400906,-0.11588025,0.4109149,-4.9500003,-38.625,7.425,-0.011496205,-0.18303454,-0.9818629,0.047641315,173.98859,-20.997932,-2.4565556,11.05930925,76.92355635,376.54114,0.0,,3.7900925,205.15,2,2
307.240,417274423809591,-1.1202896,3.929912,8.8165045,0.3368919,0.22838706,-0.42248932,0.123486586,3.7318785,9.067978,-1.2437762,0.19803357,-0.25147343,-3.6000001,-38.625,5.8500004,-0.008140385,-0.18476318,-0.98171794,0.044380713,174.44969,-21.22603,-1.9908495,11.05930925,76.92355635,376.54114,0.0,,3.7900925,205.17,2,2
307.260,417274443809591,-1.1220843,4.099354,8.465208,0.3250564,0.26083922,-0.39988732,0.041074544,3.773789,9.051365,-1.1631588,0.32556486,-0.58615685,-3.9,-39.0,6.0,-0.004433796,-0.18712352,-0.98143226,0.04103337,174.92958,-21.52667,-1.4820505,11.05930925,76.92355635,376.54114,0.0,,3.7900925,205.19,2,2
307.280,417274463809591,-1.0619645,4.111767,8.479715,0.21403173,0.27236933,-0.3656789,-0.0386934,3.7919421,9.043786,-1.0232712,0.31982446,-0.5640712,-3.3750002,-38.475002,6.0750003,-5.527973E-4,-0.18931122,-0.9811489,0.037781198,175.40622,-21.804651,-0.9497525,11.05930925,76.92355635,376.54114,0.0,,3.7900925,205.21,2,2
307.300,417274483809591,-1.0245767,4.128666,8.728568,0.08918625,0.27053672,-0.34078616,-0.11346342,3.7971454,9.040974,-0.9111133,0.33152056,-0.3124056,-3.45,-38.25,7.05,0.0033884896,-0.19090158,-0.98094887,0.03468527,175.87021,-22.009754,-0.40758017,11.05930925,76.92355635,376.54114,0.0,,3.7900925,205.23,2,2
307.320,417274503809591,-1.1557333,4.0835013,9.179914,0.02603811,0.25427243,-0.30963206,-0.17267264,3.801929,9.038026,-0.9830607,0.28157234,0.14188862,-2.9250002,-38.4,5.4,0.007217579,-0.19191606,-0.9808299,0.031811554,176.308,-22.143847,0.12050963,11.05930925,76.92355635,376.54114,0.0,,3.7900925,205.25,2,2
307.340,417274523809591,-1.2397813,4.0362434,9.424581,0.02886336,0.19226967,-0.2512181,-0.21610254,3.8130896,9.032388,-1.0236788,0.22315359,0.39219284,-2.775,-38.7,6.3750005,0.010660596,-0.19264923,-0.980738,0.0292946,176.69504,-22.240889,0.5957103,11.05930925,76.92355635,376.54114,0.0,,3.7900925,205.27,2,2
307.360,417274543809591,-1.1116157,3.9865923,9.380911,0.06475166,0.14477494,-0.1679878,-0.2526127,3.8308403,9.023926,-0.85900295,0.15575182,0.35698557,-2.5500002,-38.7,6.3750005,0.013681979,-0.19339387,-0.9806173,0.027306447,177.00874,-22.336033,1.0079846,11.05930925,76.92355635,376.54114,0.0,,3.7900925,205.29,2,2
307.380,417274563809591,-0.997807,3.8700914,9.262916,0.10216713,0.14263692,-0.09193514,-0.28116655,3.8503463,9.014775,-0.7166405,0.01974523,0.24814034,-2.8500001,-38.7,5.925,0.016402902,-0.19424133,-0.9804518,0.025904303,177.24483,-22.4414,1.3701917,11.05930925,76.92355635,376.54114,0.0,,3.7900925,205.31,2,2
307.400,417274583809591,-0.89147604,3.7598722,9.241529,0.113849916,0.122172944,-0.045051273,-0.29331362,3.8681831,9.006748,-0.5981624,-0.10831094,0.23478127,-2.8500001,-39.075,7.05,0.018753922,-0.19511825,-0.9802652,0.0249622,177.41684,-22.548883,1.676925,11.05930925,76.92355635,376.54114,0.0,,3.7900925,205.33,2,2
307.420,417274603809591,-0.7691429,3.6698422,9.058329,0.104992375,0.04367683,-0.024434589,-0.29138434,3.8811622,9.001225,-0.4777586,-0.21131992,0.057103634,-2.625,-38.25,7.3500004,0.02051757,-0.19592622,-0.9800907,0.024282582,177.54323,-22.64668,1.9064745,11.05930925,76.92355635,376.54114,0.0,,3.7900925,205.35,2,2
307.440,417274623809591,-0.5439185,3.6000018,8.793025,0.077121675,-0.025198169,-0.016951498,-0.2905481,3.888351,8.99815,-0.2533704,-0.28834927,-0.20512486,-3.6750002,-38.775,7.65,0.021691538,-0.19649638,-0.97996914,0.023721904,177.64087,-22.715147,2.0620928,11.05930925,76.92355635,376.54114,0.0,,3.7900925,205.37,2,2
307.460,417274643809591,-0.4334,3.5563326,8.606833,0.04474584,-0.02275471,-0.031764966,-0.30159038,3.8933141,8.99564,-0.13180962,-0.33698142,-0.38880634,-3.45,-38.625,9.375,0.022652587,-0.19683887,-0.9798947,0.023166405,177.73254,-22.756294,2.1922023,11.05930925,76.92355635,376.54114,0.0,,3.7900925,205.39,2,2
307.480,417274663809591,-0.5282156,3.6306596,8.592627,0.031459533,0.03153589,-0.053374305,-0.32053295,3.9018788,8.991273,-0.20768265,-0.27121913,-0.39864683,-2.9250002,-38.550003,7.7250004,0.023768425,-0.19723146,-0.9798042,0.022581832,177.83177,-22.803375,2.3419282,11.05930925,76.92355635,376.54114,0.0,,3.7900925,205.41,2,2
307.500,417274683809591,-0.62168527,3.795615,8.590832,0.048181955,0.07002037,-0.061086472,-0.33982393,3.911935,8.986194,-0.2818613,-0.11632013,-0.3953619,-3.2250001,-38.7,8.025001,0.02503035,-0.19785842,-0.9796599,0.022003619,177.93443,-22.877953,2.5091636,11.05930925,76.92355635,376.54114,0.0,,3.7900925,205.43,2,2
307.520,417274703809591,-0.6402296,3.9077785,8.50469,0.05322159,0.07452549,-0.054977823,-0.35961607,3.9157217,8.983774,-0.28061354,-0.007943153,-0.479084,-2.775,-38.625,6.675,0.026313178,-0.19864441,-0.97947896,0.021477824,178.03183,-22.971073,2.6777306,11.05930925,76.92355635,376.54114,0.0,,3.7900925,205.45,2,2
307.540,417274723809591,-0.6466603,3.9641595,8.431559,0.016264273,0.081245005,-0.04665479,-0.3831576,3.9087903,8.985818,-0.2635027,0.05536902,-0.5542588,-3.6750002,-38.850002,7.8750005,0.027626527,-0.19934116,-0.9793109,0.021038106,178.11964,-23.053867,2.848251,11.05930925,76.92355635,376.54114,0.0,,3.7900925,205.47,2,2
307.560,417274743809591,-0.65518475,3.993322,8.579615,-0.04283689,0.105755955,-0.03940077,-0.4129428,3.8929064,8.991392,-0.24224195,0.10041547,-0.41177702,-3.6750002,-39.075,9.900001,0.02909584,-0.19971405,-0.97919965,0.020696536,178.19885,-23.099197,3.0358355,11.05930925,76.92355635,376.54114,0.0,,3.7900925,205.49,2,2
307.580,417274763809591,-0.7526923,4.01381,9.006734,-0.088957176,0.13820815,-0.041309725,-0.4434514,3.8770995,8.996768,-0.30924088,0.13671088,0.009965897,-3.2250001,-39.300003,6.9750004,0.030873146,-0.19961855,-0.97917044,0.020398472,178.27928,-23.090258,3.2603142,11.05930925,76.92355635,376.54114,0.0,,3.7900925,205.51,2,2
307.600,417274783809591,-0.9354441,4.0405803,9.448957,-0.0849102,0.13897172,-0.040240712,-0.4632023,3.869958,8.998847,-0.4722418,0.17062235,0.45011044,-3.15,-38.925003,7.3500004,0.03277978,-0.19921158,-0.9791961,0.02013755,178.35739,-23.04504,3.4997344,11.05930925,76.92355635,376.54114,0.0,,3.7900925,205.53,2,2
307.620,417274803809591,-0.98255277,4.013511,9.585049,-0.036270093,0.0910952,-0.011300998,-0.47370067,3.874478,8.996355,-0.5088521,0.1390332,0.5886941,-2.5500002,-38.550003,6.4500003,0.03451622,-0.19880794,-0.9792215,0.01999212,178.41695,-23.000187,3.7153876,11.05930925,76.92355635,376.54114,0.0,,3.7900925,205.55,2,2
307.640,417274823809591,-0.865155,3.9119658,9.473932,0.02794706,0.05887209,0.025121812,-0.4911241,3.8841908,8.991232,-0.37403086,0.02777505,0.48270082,-3.075,-38.925003,7.5000005,0.036000334,-0.19858143,-0.9792141,0.020023042,178.4492,-22.976227,3.895776,11.05930925,76.92355635,376.54114,0.0,,3.7900925,205.57,2,2
307.660,417274843809591,-0.79770726,3.8505003,9.320493,0.080175996,0.05871937,0.040469788,-0.50445807,3.903696,8.982041,-0.2932492,-0.053195715,0.3384514,-3.6000001,-38.325,8.400001,0.037332647,-0.19868946,-0.97913945,0.020195289,178.46167,-22.991667,4.054124,11.05930925,76.92355635,376.54114,0.0,,3.7900925,205.59,2,2
307.680,417274863809591,-0.78170526,3.8651564,9.049656,0.11629337,0.04558578,0.05406153,-0.5104085,3.9288967,8.970711,-0.27129674,-0.06374025,0.07894468,-3.0,-38.850002,7.275,0.038506288,-0.19939408,-0.9789443,0.020514421,178.45468,-23.077213,4.1895504,11.05930925,76.92355635,376.54114,0.0,,3.7900925,205.61,2,2
307.700,417274883809591,-0.6732805,3.9216866,8.862716,0.12912153,0.035277437,0.07757982,-0.5013674,3.9541676,8.96011,-0.17191309,-0.032480836,-0.09739399,-2.1000001,-38.7,7.2000003,0.03912541,-0.20062414,-0.9786561,0.021085467,178.40541,-23.224445,4.251057,11.05930925,76.92355635,376.54114,0.0,,3.7900925,205.63,2,2
307.720,417274903809591,-0.47153562,3.9457645,8.721989,0.11873683,-0.0019089524,0.10125083,-0.48072436,3.9710839,8.953758,0.009188756,-0.025319338,-0.23177004,-2.25,-38.475002,6.0750003,0.03905717,-0.20199017,-0.9783597,0.021898627,178.30981,-23.387566,4.2223053,11.05930925,76.92355635,376.54114,0.0,,3.7900925,205.65,2,2
307.740,417274923809591,-0.3152544,3.8883367,8.635548,0.07765618,-0.03428478,0.116827875,-0.45638528,3.9748485,8.953361,0.14113091,-0.08651173,-0.31781292,-3.6000001,-38.625,8.700001,0.038415987,-0.2031275,-0.97812706,0.022877574,178.17825,-23.5236,4.1188984,11.05930925,76.92355635,376.54114,0.0,,3.7900925,205.67,2,2
307.760,417274943809591,-0.27412772,3.8440695,8.707781,0.018096868,-0.05474875,0.10842849,-0.44078952,3.9695818,8.956479,0.16666178,-0.12551224,-0.24869871,-3.9750001,-38.625,8.775001,0.037385333,-0.2038213,-0.97799826,0.023895865,178.0299,-23.606966,3.966518,11.05930925,76.92355635,376.54114,0.0,,3.7900925,205.69,2,2
307.780,417274963809591,-0.45134616,3.905685,8.815757,-0.033750273,-0.046196647,0.09827286,-0.43682197,3.9595094,8.96113,-0.014524192,-0.053824544,-0.14537334,-3.3000002,-38.7,8.625,0.036375687,-0.20420474,-0.9779312,0.024916219,177.88048,-23.653784,3.8165414,11.05930925,76.92355635,376.54114,0.0,,3.7900925,205.71,2,2
307.800,417274983809591,-0.657428,4.0494037,9.040832,-0.069104075,-0.0125990845,0.113468125,-0.43653145,3.947218,8.966565,-0.22089657,0.102185726,0.07426643,-3.15,-38.4,7.5750003,0.035942797,-0.20427842,-0.9779051,0.02597126,177.74045,-23.665525,3.7364323,11.05930925,76.92355635,376.54114,0.0,,3.7900925,205.73,2,2
307.820,417275003809591,-0.7905288,4.1107197,9.239436,-0.081245005,0.003359756,0.15645772,-0.4260347,3.9321566,8.973685,-0.3644941,0.17856312,0.26575089,-2.9250002,-38.475002,6.9750004,0.03587029,-0.20401238,-0.9779284,0.027255917,177.5805,-23.639105,3.6949074,11.05930925,76.92355635,376.54114,0.0,,3.7900925,205.75,2,2
307.840,417275023809591,-0.6828518,3.9960136,9.31825,-0.07910699,-0.0068722283,0.21983494,-0.40326998,3.91366,8.982819,-0.2795818,0.08235371,0.3354311,-1.35,-38.325,4.3500004,0.03564808,-0.20331156,-0.9780324,0.028957218,177.36452,-23.56287,3.6250627,11.05930925,76.92355635,376.54114,0.0,,3.7900925,205.77,2,2
307.860,417275043809591,-0.45673,3.813561,9.378967,-0.07078395,-0.020616684,0.25732675,-0.37337473,3.896775,8.991447,-0.08335529,-0.083213925,0.3875203,-2.8500001,-38.550003,6.3750005,0.034989774,-0.20240366,-0.9781786,0.031035211,177.09105,-23.462309,3.4929981,11.05930925,76.92355635,376.54114,0.0,,3.7900925,205.79,2,2
307.880,417275063809591,-0.32093734,3.7574792,9.338439,-0.058566656,-0.043447755,0.2523635,-0.3530315,3.889373,8.995473,0.03209415,-0.13189375,0.34296608,-4.05,-38.475002,6.9,0.03399188,-0.20148008,-0.9783293,0.03326322,176.79108,-23.358877,3.3163033,11.05930925,76.92355635,376.54114,0.0,,3.7900925,205.81,2,2
307.900,417275083809591,-0.41111684,3.895216,9.26486,-0.03237583,-0.023900082,0.22548544,-0.34429222,3.893748,8.993918,-0.066824615,0.0014680624,0.27094126,-3.3750002,-38.25,7.1250005,0.03302415,-0.20085022,-0.9784132,0.035486374,176.49358,-23.289228,3.1434305,11.05930925,76.92355635,376.54114,0.0,,3.7900925,205.83,2,2
307.920,417275103809591,-0.5346463,4.0561333,9.18156,0.0032070396,0.012293653,0.2188423,-0.34184086,3.903627,8.989729,-0.19280544,0.15250659,0.19183064,-3.9750001,-38.325,5.775,0.0325635,-0.20083478,-0.9783507,0.037670333,176.21503,-23.29261,3.032211,11.05930925,76.92355635,376.54114,0.0,,3.7900925,205.85,2,2
307.940,417275123809591,-0.56081784,4.141228,9.126225,0.018249584,0.0448222,0.22579087,-0.33882672,3.9063175,8.988674,-0.22199109,0.23491073,0.13755131,-5.025,-38.850002,8.175,0.03246604,-0.20119315,-0.97819257,0.039887305,175.94211,-23.340916,2.9633238,11.05930925,76.92355635,376.54114,0.0,,3.7900925,205.87,2,2
307.960,417275143809591,-0.49860442,4.0480576,9.172886,-0.0028252495,0.053297948,0.2263254,-0.3322591,3.8960881,8.993358,-0.16634533,0.15196943,0.17952824,-5.175,-38.325,9.225,0.032606803,-0.20136745,-0.97806,0.042090595,175.67644,-23.368532,2.9242861,11.05930925,76.92355635,376.54114,0.0,,3.7900925,205.89,2,2
307.980,417275163809591,-0.39077786,3.847958,9.40798,-0.027641628,0.04092794,0.19730932,-0.31600696,3.8891096,8.9969635,-0.0747709,-0.041151643,0.41101694,-4.3500004,-38.325,7.1250005,0.03249557,-0.20109253,-0.9780292,0.04416534,175.41953,-23.342026,2.8592892,11.05930925,76.92355635,376.54114,0.0,,3.7900925,205.91,2,2
308.000,417275183809591,-0.28818557,3.8255253,9.480513,-0.0012217294,-0.017104212,0.14920372,-0.2925651,3.9030704,8.99171,0.0043795407,-0.077545285,0.4888029,-4.05,-38.625,5.55,0.031918153,-0.20084618,-0.9780181,0.045935094,175.1883,-23.31555,2.745075,11.05930925,76.92355635,376.54114,0.0,,3.7900925,205.93,2,2
308.020,417275203809591,-0.23195425,3.933352,9.164959,0.07948877,-0.06482802,0.12018763,-0.27506718,3.9375405,8.9772215,0.043112934,-0.004188657,0.18773794,-4.3500004,-38.325,6.6000004,0.030956596,-0.20127441,-0.97788954,0.047442228,174.98006,-23.364897,2.5877156,11.05930925,76.92355635,376.54114,0.0,,3.7900925,205.95,2,2
308.040,417275223809591,-0.16854444,4.029663,8.884401,0.1650862,-0.023747366,0.122172944,-0.2638004,3.984058,8.957013,0.09525596,0.045605183,-0.072612286,-5.25,-38.4,7.8,0.030074576,-0.20255089,-0.97758377,0.048849624,174.78613,-23.513128,2.4383461,11.05930925,76.92355635,376.54114,0.0,,3.7900925,205.97,2,2
308.060,417275243809591,-0.090029955,4.0894833,8.7682,0.22311834,0.027870703,0.13202313,-0.25061354,4.0373435,8.933501,0.16058359,0.052139997,-0.1653018,-5.775,-38.25,9.975,0.029409202,-0.20449527,-0.97712535,0.050273634,174.59514,-23.740318,2.3110092,11.05930925,76.92355635,376.54114,0.0,,3.7900925,205.99,2,2
308.080,417275263809591,0.04396812,4.180411,8.733803,0.25419608,0.04398226,0.13897172,-0.23563856,4.0978928,8.906298,0.27960667,0.0825181,-0.17249489,-6.15,-38.625,9.375,0.02889902,-0.20692639,-0.97654957,0.0517421,174.40172,-24.025198,2.1979268,11.05930925,76.92355635,376.54114,0.0,,3.7900925,206.01,2,2
308.100,417275283809591,0.08165507,4.3488054,8.673982,0.2760345,0.04321868,0.14729476,-0.21659501,4.1602197,8.87784,0.29825008,0.188586,-0.20385838,-5.3250003,-38.4,6.9,0.028500807,-0.20973662,-0.97587645,0.053271424,174.20255,-24.355099,2.093581,11.05930925,76.92355635,376.54114,0.0,,3.7900925,206.03,2,2
308.120,417275303809591,0.060119666,4.5055356,8.542526,0.2645808,0.02351829,0.16783509,-0.18558766,4.21297,8.853634,0.24570733,0.29256582,-0.31110716,-5.175,-38.100002,7.5000005,0.028045306,-0.21267718,-0.97516114,0.05488693,173.98987,-24.700039,1.9775746,11.05930925,76.92355635,376.54114,0.0,,3.7900925,206.05,2,2
308.140,417275323809591,0.06236294,4.611268,8.320293,0.18944442,-0.041309725,0.18234313,-0.15031317,4.2385507,8.842085,0.21267611,0.37271762,-0.52179193,-5.625,-38.025,7.7250004,0.027292728,-0.2153182,-0.9745084,0.056530397,173.76451,-25.007982,1.8242944,11.05930925,76.92355635,376.54114,0.0,,3.7900925,206.07,2,2
308.160,417275343809591,-0.019292131,4.532156,8.257032,0.051007204,-0.08567378,0.18486294,-0.106374495,4.221855,8.850707,0.08708236,0.3103006,-0.5936742,-6.6000004,-38.550003,9.900001,0.026160108,-0.21715307,-0.9740352,0.058211077,173.52354,-25.218733,1.6266112,11.05930925,76.92355635,376.54114,0.0,,3.7900925,206.09,2,2
308.180,417275363809591,0.064008005,4.2372403,8.609376,-0.1165988,-0.11446078,0.20815215,-0.05340196,4.1645193,8.878305,0.11740997,0.072721004,-0.26892948,-5.7000003,-38.4,7.8750005,0.024467142,-0.21755873,-0.97388107,0.060012188,173.25328,-25.257637,1.3649855,11.05930925,76.92355635,376.54114,0.0,,3.7900925,206.11,2,2
308.200,417275383809591,0.19845474,3.7775192,9.174082,-0.24022256,-0.15271619,0.20120357,0.0034203622,4.0916886,8.912265,0.19503437,-0.31416953,0.26181746,-5.8500004,-38.100002,9.0,0.022377132,-0.21650556,-0.97405773,0.061736356,172.98439,-25.1216,1.0670383,11.05930925,76.92355635,376.54114,0.0,,3.7900925,206.13,2,2
308.220,417275403809591,0.22881366,3.4462628,9.607482,-0.25534144,-0.20135629,0.15577051,0.05792419,4.041258,8.935059,0.17088947,-0.594995,0.67242336,-5.775,-38.25,8.625,0.019979326,-0.21471171,-0.97441435,0.063149475,172.74855,-24.895193,0.74653554,11.05930925,76.92355635,376.54114,0.0,,3.7900925,206.15,2,2
308.240,417275423809591,0.27502507,3.4090247,9.505637,-0.14057525,-0.21731512,0.09819651,0.09445853,4.0339203,8.938062,0.18056652,-0.6248957,0.56757545,-6.3750005,-38.550003,8.55,0.017515317,-0.21309637,-0.97475135,0.064142995,172.56395,-24.688135,0.42937174,11.05930925,76.92355635,376.54114,0.0,,3.7900925,206.17,2,2
308.260,417275443809591,0.30852455,3.5421252,8.93136,0.03596466,-0.14347684,0.041462444,0.07756138,4.0817676,8.916476,0.23096319,-0.5396422,0.014883995,-6.675,-38.475002,10.125,0.015515819,-0.21242885,-0.97489184,0.064782314,172.43378,-24.59495,0.17197658,11.05930925,76.92355635,376.54114,0.0,,3.7900925,206.19,2,2
308.280,417275463809591,0.26949164,3.8499022,8.505737,0.27206388,0.1291979,-0.0018325942,0.026889937,4.150534,8.884973,0.24260171,-0.30063212,-0.37923574,-5.7000003,-38.175003,7.7250004,0.015080963,-0.2134138,-0.9746478,0.06537284,172.34598,-24.70702,0.09424621,11.05930925,76.92355635,376.54114,0.0,,3.7900925,206.21,2,2
308.300,417275483809591,0.25618157,3.7707894,8.411968,0.40821034,0.31505346,-0.024663663,0.014738,4.183842,8.869365,0.24144357,-0.4130528,-0.4573965,-5.7000003,-37.800003,7.425,0.015795028,-0.21535312,-0.9741821,0.065788314,172.30711,-24.939724,0.15411781,11.05930925,76.92355635,376.54114,0.0,,3.7900925,206.23,2,2
308.320,417275503809591,0.25633112,3.8871403,8.25449,0.18753546,0.049861833,-0.13805543,0.03995623,4.1600018,8.880494,0.21637489,-0.27286136,-0.62600374,-4.875,-37.875,6.8250003,0.015894853,-0.21691994,-0.97386986,0.06525577,172.3703,-25.123959,0.16760395,11.05930925,76.92355635,376.54114,0.0,,3.7900925,206.25,2,2
308.340,417275523809591,0.055184472,4.2104707,8.175079,-0.19318597,-0.2588539,-0.2583194,0.05781562,4.097226,8.909533,-0.0026311465,0.11324453,-0.7344537,-6.2250004,-38.025,9.450001,0.014907332,-0.21700759,-0.973977,0.06357582,172.55098,-25.126379,0.0915044,11.05930925,76.92355635,376.54114,0.0,,3.7900925,206.27,2,2
308.360,417275543809591,0.0424726,4.4195433,8.945119,-0.39950553,-0.23510656,-0.2845866,0.037281122,4.0351963,8.937908,0.0051914784,0.38434696,0.0072107315,-6.0750003,-37.575,8.775001,0.013804529,-0.21557745,-0.97445613,0.0612534,172.8131,-24.950348,0.031224633,11.05930925,76.92355635,376.54114,0.0,,3.7900925,206.29,2,2
308.380,417275563809591,-0.2216352,4.422983,9.852148,-0.34238967,-0.059406593,-0.26969677,0.008320611,4.011817,8.9485,-0.2299558,0.4111662,0.9036484,-5.4,-38.025,8.400001,0.013539974,-0.21339007,-0.9750897,0.058786344,173.11783,-24.692041,0.08302335,11.05930925,76.92355635,376.54114,0.0,,3.7900925,206.31,2,2
308.400,417275583809591,-0.46929234,4.420291,10.342527,-0.1127809,0.019013165,-0.20265436,0.0076731923,4.0330334,8.938959,-0.47696555,0.3872578,1.4035683,-5.7000003,-38.175003,9.375,0.013854074,-0.21180819,-0.9755595,0.056612786,173.39911,-24.508713,0.19198479,11.05930925,76.92355635,376.54114,0.0,,3.7900925,206.33,2,2
308.420,417275603809591,-0.33738798,4.388586,9.91137,0.12018764,-0.04528035,-0.08750637,0.0264512,4.0727773,8.920884,-0.3638392,0.315809,0.99048615,-5.25,-37.800003,7.8,0.014079755,-0.21166778,-0.9756812,0.05502333,173.6015,-24.493496,0.26326823,11.05930925,76.92355635,376.54114,0.0,,3.7900925,206.35,2,2
308.440,417275623809591,-0.0014955141,4.3538904,9.044571,0.2170097,-0.10369429,0.004657843,0.043278597,4.106708,8.90525,-0.04477411,0.24718237,0.13932085,-5.7000003,-38.175003,9.375,0.013718283,-0.21282637,-0.97548765,0.054109894,173.70142,-24.626644,0.23522462,11.05930925,76.92355635,376.54114,0.0,,3.7900925,206.37,2,2
308.460,417275643809591,0.104087785,4.2705903,8.444719,0.18157953,-0.078648835,0.03039052,0.045809466,4.1257358,8.896438,0.05827832,0.14485455,-0.45171785,-5.625,-37.800003,10.125,0.013211386,-0.2144742,-0.97515863,0.05367004,173.7376,-24.816334,0.1732603,11.05930925,76.92355635,376.54114,0.0,,3.7900925,206.39,2,2
308.480,417275663809591,-0.029312076,4.28061,8.355886,0.09750928,-0.0066431537,0.020922117,0.040171474,4.132912,8.893132,-0.06948355,0.14769816,-0.5372462,-6.15,-38.325,9.975,0.013065483,-0.21531573,-0.9749819,0.05355338,173.74573,-24.91399,0.15259571,11.05930925,76.92355635,376.54114,0.0,,3.7900925,206.41,2,2
308.500,417275683809591,-0.22387847,4.354788,8.478968,0.03077231,0.02794706,0.007864883,0.03051076,4.132733,8.893253,-0.25438923,0.22205472,-0.41428614,-6.525,-38.25,10.8,0.013075727,-0.21538313,-0.97496724,0.053547535,173.74654,-24.921955,0.15354642,11.05930925,76.92355635,376.54114,0.0,,3.7900925,206.43,2,2
308.520,417275703809591,-0.39720857,4.3328037,8.63794,-0.00839939,0.04673115,0.009697477,0.021397429,4.1286664,8.895169,-0.41860598,0.20413733,-0.25722885,-6.6000004,-37.575,10.650001,0.013577188,-0.21624614,-0.97477186,0.05350037,173.76363,-25.026289,0.2106169,11.05930925,76.92355635,376.54114,0.0,,3.7900925,206.45,2,2
308.540,417275723809591,-0.41231325,4.1458645,8.863314,-0.02359465,0.047189303,0.017715078,0.016281642,4.124797,8.896976,-0.4285949,0.02106738,-0.03366232,-6.7500005,-38.4,9.900001,0.014097199,-0.21681297,-0.97464037,0.05347815,173.77904,-25.09606,0.27141574,11.05930925,76.92355635,376.54114,0.0,,3.7900925,206.47,2,2
308.560,417275743809591,-0.37013975,4.0197926,9.038738,-0.017791435,0.01756236,-7.6358067E-4,0.015499021,4.122159,8.898199,-0.38563877,-0.10236645,0.14053869,-5.4750004,-37.65,8.925,0.014143759,-0.216829,-0.97463644,0.05347339,173.78087,-25.098234,0.2771779,11.05930925,76.92355635,376.54114,0.0,,3.7900925,206.49,2,2
308.580,417275763809591,-0.30822545,4.0624146,9.173933,-0.0104610585,-0.014584395,-0.021303907,0.019242946,4.1224275,8.898067,-0.3274684,-0.060012817,0.27586508,-6.3750005,-37.95,10.275001,0.01419468,-0.21683148,-0.97463584,0.053461522,173.78372,-25.098846,0.28376737,11.05930925,76.92355635,376.54114,0.0,,3.7900925,206.51,2,2
308.600,417275783809591,-0.18080765,4.051797,9.2691965,0.0070249443,-0.037033677,-0.02244928,0.026951868,4.129592,8.894725,-0.20775953,-0.07779527,0.37447166,-5.7000003,-38.100002,9.450001,0.014729241,-0.21670619,-0.9746701,0.0532129,173.82945,-25.087488,0.35739207,11.05930925,76.92355635,376.54114,0.0,,3.7900925,206.53,2,2
308.620,417275803809591,-0.013160526,3.9916768,9.173484,0.04634936,-0.05314523,-0.018860448,0.030601962,4.1450405,8.887525,-0.043762486,-0.1533637,0.28595924,-5.4,-37.95,8.775001,0.015124712,-0.21656428,-0.97471875,0.052817725,173.88954,-25.073229,0.4179922,11.05930925,76.92355635,376.54114,0.0,,3.7900925,206.55,2,2
308.640,417275823809591,0.05503492,4.034149,8.955288,0.090026185,-0.030543234,-0.023060143,0.026517926,4.165212,8.878101,0.028516995,-0.13106275,0.07718706,-5.1000004,-37.95,8.25,0.0150433425,-0.21674974,-0.9746951,0.05253487,173.92186,-25.094368,0.4145015,11.05930925,76.92355635,376.54114,0.0,,3.7900925,206.57,2,2
308.660,417275843809591,0.0317049,4.149453,8.835498,0.11323905,0.013439024,-0.020616684,0.021931479,4.1839375,8.869306,0.009773421,-0.034484148,-0.033807755,-5.8500004,-38.550003,9.900001,0.014821225,-0.21744895,-0.97455114,0.052383635,173.93275,-25.174911,0.38660464,11.05930925,76.92355635,376.54114,0.0,,3.7900925,206.59,2,2
308.680,417275863809591,0.046959143,4.197609,8.717202,0.10338885,0.024510946,-0.0041996953,0.021649951,4.19675,8.86325,0.025309192,8.5902214E-4,-0.14604759,-5.925,-37.875,10.575001,0.0145541495,-0.21845636,-0.9743304,0.05236805,173.9248,-25.291372,0.34732273,11.05930925,76.92355635,376.54114,0.0,,3.7900925,206.61,2,2
308.700,417275883809591,0.07058827,4.230959,8.633154,0.068875,0.006108647,0.0064904373,0.025055261,4.207098,8.858334,0.04553301,0.023860931,-0.2251792,-5.175,-37.875,8.25,0.0145386625,-0.21850392,-0.97431976,0.052371006,173.92389,-25.29685,0.34500858,11.05930925,76.92355635,376.54114,0.0,,3.7900925,206.63,2,2
308.720,417275903809591,0.06131608,4.2945185,8.657083,0.029474223,-0.007483093,0.009697477,0.02883443,4.2130275,8.855504,0.03248165,0.08149099,-0.19842148,-4.875,-37.800003,7.5000005,0.014514902,-0.21856786,-0.97430545,0.0523771,173.9223,-25.304203,0.34147537,11.05930925,76.92355635,376.54114,0.0,,3.7900925,206.65,2,2
308.740,417275923809591,0.004636094,4.3525443,8.7933235,0.0069485866,-0.017715078,0.016875139,0.040432435,4.217014,8.85356,-0.03579634,0.13553047,-0.060236454,-5.7000003,-37.575,8.85,0.014484199,-0.21864584,-0.97428775,0.052386355,173.9201,-25.313158,0.33690184,11.05930925,76.92355635,376.54114,0.0,,3.7900925,206.67,2,2
308.760,417275943809591,0.0052343,4.3894835,8.922089,6.872228E-4,-0.056734063,0.0311541,0.06408478,4.2222123,8.850944,-0.058850482,0.16727138,0.07114458,-5.4,-37.875,8.025001,0.01331983,-0.22062118,-0.9738391,0.05270018,173.84344,-25.537579,0.17076269,11.05930925,76.92355635,376.54114,0.0,,3.7900925,206.69,2,2
308.780,417275963809591,0.11724831,4.389633,8.916554,0.008170316,-0.10308342,0.040393427,0.09042165,4.232269,8.845909,0.026826661,0.15736413,0.07064533,-5.3250003,-38.4,8.925,0.0118987635,-0.22200523,-0.97352546,0.053007543,173.76134,-25.690962,-0.02342362,11.05930925,76.92355635,376.54114,0.0,,3.7900925,206.71,2,2
308.800,417275983809591,0.21221346,4.424329,8.8085785,0.024129156,-0.10491602,0.040698864,0.11095025,4.2442665,8.839925,0.10126321,0.18006253,-0.03134632,-5.8500004,-38.25,10.125,0.010419473,-0.22314702,-0.9732652,0.05330473,173.67897,-25.815413,-0.22326207,11.05930925,76.92355635,376.54114,0.0,,3.7900925,206.73,2,2
308.820,417276003809591,0.25079772,4.4802613,8.767452,0.025732677,-0.07147117,0.03558287,0.1247715,4.250868,8.836569,0.12602621,0.22939348,-0.06911707,-5.4,-38.325,10.125,0.009094154,-0.22414702,-0.9730324,0.053607296,173.60022,-25.92407,-0.40352038,11.05930925,76.92355635,376.54114,0.0,,3.7900925,206.75,2,2
308.840,417276023809591,0.221037,4.470989,8.897562,0.008093958,-0.042913247,0.034590214,0.14040573,4.244929,8.839189,0.08063126,0.22606039,0.058372974,-6.15,-38.025,9.975,0.008304455,-0.22450516,-0.97294503,0.053824045,173.54947,-25.960812,-0.510326,11.05930925,76.92355635,376.54114,0.0,,3.7900925,206.77,2,2
308.860,417276043809591,0.20413768,4.260421,8.952597,-0.026496258,-0.05925388,0.03428478,0.1585485,4.22952,8.846266,0.04558918,0.030900717,0.106330395,-5.4,-38.175003,8.775001,0.006909204,-0.2246111,-0.9729127,0.05417561,173.46558,-25.963766,-0.69419014,11.05930925,76.92355635,376.54114,0.0,,3.7900925,206.79,2,2
308.880,417276063809591,0.26994032,4.0827537,8.919247,-0.057650357,-0.0726929,0.016340632,0.16635403,4.2121615,8.8544,0.10358627,-0.12940788,0.064846516,-6.3,-38.25,10.125,0.0056651398,-0.22416006,-0.9730136,0.054388367,173.40561,-25.902294,-0.85091954,11.05930925,76.92355635,376.54114,0.0,,3.7900925,206.81,2,2
308.900,417276083809591,0.29850462,3.959972,8.889037,-0.05551233,-0.024205515,-0.01198822,0.1544859,4.1972866,8.861676,0.14401872,-0.2373147,0.027360916,-6.15,-37.800003,10.05,0.0051975325,-0.22366098,-0.9731297,0.054415174,173.39116,-25.840534,-0.9056419,11.05930925,76.92355635,376.54114,0.0,,3.7900925,206.83,2,2
308.920,417276103809591,0.20518455,3.8697925,8.917152,-0.02886336,0.0566577,-0.041080654,0.12640485,4.1881866,8.866426,0.07877969,-0.3183943,0.050726414,-5.55,-38.025,10.125,0.0049292333,-0.22272018,-0.97335184,0.054339215,173.3971,-25.728413,-0.9291972,11.05930925,76.92355635,376.54114,0.0,,3.7900925,206.85,2,2
308.940,417276123809591,0.03903292,3.8102708,8.922237,0.010842849,0.10888664,-0.06681333,0.09190405,4.186456,8.867667,-0.05287113,-0.3761853,0.054570198,-5.625,-37.800003,8.925,0.005427748,-0.22195587,-0.973539,0.054073393,173.44739,-25.642359,-0.85393125,11.05930925,76.92355635,376.54114,0.0,,3.7900925,206.87,2,2
308.960,417276143809591,-0.07761718,3.7833517,8.801998,0.046960227,0.11827868,-0.090484336,0.05407165,4.1923833,8.865177,-0.13168883,-0.40903163,-0.063179016,-5.925,-38.25,9.6,0.0064571705,-0.22143462,-0.97367764,0.053595796,173.53764,-25.588457,-0.70907086,11.05930925,76.92355635,376.54114,0.0,,3.7900925,206.89,2,2
308.980,417276163809591,-0.105583295,3.868596,8.646614,0.06643154,0.12652536,-0.116064295,0.0045737103,4.2053294,8.859209,-0.110157005,-0.33673346,-0.21259499,-5.55,-37.95,10.200001,0.007974789,-0.22120097,-0.97375834,0.052866984,173.67143,-25.571415,-0.49909014,11.05930925,76.92355635,376.54114,0.0,,3.7900925,206.91,2,2
309.000,417276183809591,-0.33783662,4.048656,8.505138,0.07002037,0.1448513,-0.14042252,-0.051218104,4.216282,8.853853,-0.28661853,-0.1676259,-0.34871483,-5.8500004,-38.475002,10.575001,0.009954568,-0.22130062,-0.97376615,0.0519286,173.84291,-25.596075,-0.22850862,11.05930925,76.92355635,376.54114,0.0,,3.7900925,206.93,2,2
309.020,417276203809591,-0.52866423,4.1848974,8.521141,0.04192059,0.16035199,-0.12667808,-0.10224864,4.21796,8.852612,-0.42641562,-0.033062696,-0.33147097,-4.65,-38.100002,7.5000005,0.012214463,-0.22147375,-0.9737495,0.0509764,174.02391,-25.630466,0.0767535,11.05930925,76.92355635,376.54114,0.0,,3.7900925,206.95,2,2
309.040,417276223809591,-0.5566304,4.2391844,8.742626,-9.1629755E-4,0.15302162,-0.09560032,-0.1389351,4.213608,8.854185,-0.41769528,0.025576591,-0.111558914,-4.425,-38.25,8.25,0.014503577,-0.22148044,-0.97375983,0.050125975,174.19371,-25.644848,0.3840216,11.05930925,76.92355635,376.54114,0.0,,3.7900925,206.97,2,2
309.060,417276243809591,-0.52731824,4.2406797,8.875727,-0.025656318,0.09873101,-0.068264134,-0.16422509,4.2105775,8.855194,-0.3630932,0.030102491,0.020532608,-5.775,-38.4,9.150001,0.0165366,-0.2213181,-0.97380185,0.049397968,174.34157,-25.63736,0.6572382,11.05930925,76.92355635,376.54114,0.0,,3.7900925,206.99,2,2
309.080,417276263809591,-0.53763735,4.362564,8.889485,-0.03711003,0.05276344,-0.03711003,-0.18510254,4.2100134,8.855049,-0.35253477,0.15255094,0.034436226,-4.7250004,-37.725002,7.05,0.018218417,-0.22113511,-0.973842,0.048855193,174.45653,-25.625141,0.88183326,11.05930925,76.92355635,376.54114,0.0,,3.7900925,207.01,2,2
309.100,417276283809591,-0.6092725,4.470092,8.843124,-0.04428769,0.040622503,0.009773836,-0.20043716,4.2050247,8.857087,-0.4088353,0.2650671,-0.013962269,-6.0750003,-38.175003,11.1,0.019630404,-0.2209501,-0.97386825,0.04865092,174.52185,-25.611238,1.0634444,11.05930925,76.92355635,376.54114,0.0,,3.7900925,207.03,2,2
309.120,417276303809591,-0.5310571,4.404887,8.89831,-0.057115853,0.060093816,0.077808894,-0.2057991,4.1909776,8.863619,-0.325258,0.21390986,0.03469038,-5.55,-38.25,10.200001,0.020915914,-0.22063434,-0.9738996,0.048937555,174.52281,-25.581755,1.2162638,11.05930925,76.92355635,376.54114,0.0,,3.7900925,207.05,2,2
309.140,417276323809591,-0.3554837,4.228566,8.996714,-0.07727439,0.0650571,0.1330158,-0.20093893,4.165259,8.875846,-0.1545448,0.063307524,0.120868206,-4.125,-37.875,6.9,0.021903368,-0.21985179,-0.9740152,0.049725454,174.45372,-25.496521,1.3207078,11.05930925,76.92355635,376.54114,0.0,,3.7900925,207.07,2,2
309.160,417276343809591,-0.21954149,4.1164026,9.2437725,-0.11232275,0.04039343,0.14798197,-0.18802285,4.1358685,8.889861,-0.03151863,-0.019465923,0.35391188,-5.25,-37.95,8.925,0.022362182,-0.21860594,-0.97422767,0.050830673,174.33101,-25.354479,1.3536512,11.05930925,76.92355635,376.54114,0.0,,3.7900925,207.09,2,2
309.180,417276363809591,-0.17243278,4.0736313,9.387791,-0.12095121,-0.0044287695,0.13477203,-0.17131485,4.114369,8.900169,-0.0011179373,-0.040737867,0.48762178,-6.15,-38.025,10.8,0.02233255,-0.21713996,-0.97449267,0.0520219,174.18456,-25.183973,1.3255192,11.05930925,76.92355635,376.54114,0.0,,3.7900925,207.11,2,2
309.200,417276383809591,-0.10797612,4.0461135,9.355488,-0.07880155,-0.024816379,0.11866047,-0.16115834,4.107652,8.90346,0.05318222,-0.061538696,0.45202827,-4.7250004,-38.025,7.5750003,0.021961493,-0.21578875,-0.97473794,0.053190958,174.03162,-25.024849,1.2557176,11.05930925,76.92355635,376.54114,0.0,,3.7900925,207.13,2,2
309.220,417276403809591,-0.089730844,4.1238804,9.195019,-0.020922117,0.0027488917,0.09750928,-0.16232838,4.1110396,8.901875,0.07259753,0.012840509,0.2931447,-5.175,-38.25,7.65,0.021461856,-0.21485409,-0.97489434,0.054312002,173.88087,-24.913616,1.1693023,11.05930925,76.92355635,376.54114,0.0,,3.7900925,207.15,2,2
309.240,417276423809591,-0.12951154,4.2245283,9.109625,0.014584395,0.048563745,0.07628173,-0.16730568,4.118367,8.8983965,0.03779415,0.10616112,0.21122885,-4.5750003,-37.65,6.4500003,0.021132708,-0.21462047,-0.97489583,0.055346288,173.74458,-24.885386,1.1020538,11.05930925,76.92355635,376.54114,0.0,,3.7900925,207.17,2,2
309.260,417276443809591,-0.1326521,4.239484,9.076426,0.033673916,0.061468266,0.057192206,-0.17411777,4.1370215,8.889607,0.04146567,0.10246205,0.18681765,-5.25,-38.100002,7.275,0.02098644,-0.21491627,-0.97478336,0.05624237,173.62938,-24.920118,1.0576372,11.05930925,76.92355635,376.54114,0.0,,3.7900925,207.19,2,2
309.280,417276463809591,-0.09795618,4.3419266,8.728718,0.059101164,0.07254019,0.04428769,-0.21970138,4.1802845,8.868333,0.1217452,0.16164184,-0.13961506,-6.0750003,-37.875,8.700001,0.021388723,-0.2157471,-0.9745428,0.057070255,173.53644,-25.02103,1.078951,11.05930925,76.92355635,376.54114,0.0,,3.7900925,207.21,2,2
309.300,417276483809591,-0.14027923,4.4092245,8.634201,0.18707731,0.30046907,0.06780598,-0.2603761,4.20949,8.853405,0.12009687,0.19973445,-0.21920347,-5.625,-38.025,7.9500003,0.022938045,-0.2172075,-0.97411406,0.058186583,173.438,-25.203789,1.229311,11.05930925,76.92355635,376.54114,0.0,,3.7900925,207.23,2,2
309.320,417276503809591,0.023778675,4.013362,9.022287,0.20402882,0.32016948,0.079336055,-0.23797038,4.195881,8.860493,0.26174906,-0.1825192,0.16179419,-6.0750003,-38.100002,9.0,0.024530765,-0.218409,-0.9737371,0.05932039,173.33943,-25.356947,1.3862078,11.05930925,76.92355635,376.54114,0.0,,3.7900925,207.25,2,2
309.340,417276523809591,0.13040882,3.948606,9.141181,-0.016951496,-0.059101164,-0.01114828,-0.17066458,4.148491,8.884328,0.3010734,-0.19988489,0.2568531,-6.0,-38.025,9.450001,0.024480605,-0.21855241,-0.97368485,0.059711173,173.28943,-25.374044,1.3681302,11.05930925,76.92355635,376.54114,0.0,,3.7900925,207.27,2,2
309.360,417276543809591,0.25214368,4.0643587,9.134451,-0.23197588,-0.33169955,-0.0783434,-0.1352467,4.1203065,8.898043,0.38739038,-0.055947542,0.23640823,-6.0,-38.025,9.450001,0.024480605,-0.21855241,-0.97368485,0.059711173,173.28943,-25.374044,1.3681302,11.05930925,76.92355635,376.54114,0.0,,3.7900925,207.29,2,2
309.380,417276563809591,0.46002015,3.9951165,9.377172,-0.26190826,-0.3255909,-0.08826995,-0.1352467,4.1203065,8.898043,0.5952668,-0.12519002,0.4791298,-6.0,-38.025,9.450001,0.024480605,-0.21855241,-0.97368485,0.059711173,173.28943,-25.374044,1.3681302,11.05930925,76.92355635,376.54114,0.0,,3.7900925,207.31,1,1
