tree
version=v4
num_class=1
num_tree_per_iteration=1
label_index=0
max_feature_idx=109
objective=regression
feature_names=Column_0 Column_1 Column_2 Column_3 Column_4 Column_5 Column_6 Column_7 Column_8 Column_9 Column_10 Column_11 Column_12 Column_13 Column_14 Column_15 Column_16 Column_17 Column_18 Column_19 Column_20 Column_21 Column_22 Column_23 Column_24 Column_25 Column_26 Column_27 Column_28 Column_29 Column_30 Column_31 Column_32 Column_33 Column_34 Column_35 Column_36 Column_37 Column_38 Column_39 Column_40 Column_41 Column_42 Column_43 Column_44 Column_45 Column_46 Column_47 Column_48 Column_49 Column_50 Column_51 Column_52 Column_53 Column_54 Column_55 Column_56 Column_57 Column_58 Column_59 Column_60 Column_61 Column_62 Column_63 Column_64 Column_65 Column_66 Column_67 Column_68 Column_69 Column_70 Column_71 Column_72 Column_73 Column_74 Column_75 Column_76 Column_77 Column_78 Column_79 Column_80 Column_81 Column_82 Column_83 Column_84 Column_85 Column_86 Column_87 Column_88 Column_89 Column_90 Column_91 Column_92 Column_93 Column_94 Column_95 Column_96 Column_97 Column_98 Column_99 Column_100 Column_101 Column_102 Column_103 Column_104 Column_105 Column_106 Column_107 Column_108 Column_109
feature_infos=[0.044439747929573059:3.5381309986114502] [9.3660106658935547:10.894786834716797] [0.073182545602321625:6.0554013252258301] [0.04321805015206337:3.767268180847168] [0.064884386956691742:3.7707347869873047] [0.070464320480823517:5.9700050354003906] [0.046337958425283432:2.1934161186218262] [0.07951752096414566:3.4856688976287842] [0.069620579481124878:2.9923920631408691] [0.006704376544803381:1.8023651838302612] [0.0067214425653219223:1.8352205753326416] [0.0099964505061507225:3.2218930721282959] [0.014819790609180927:3.0318589210510254] [0.017926657572388649:3.0635850429534912] [0.020764570683240891:4.4790019989013672] [0.0013653173809871078:2.1068789958953857] [0.0020847979467362165:2.110034704208374] [0.0021483467426151037:3.2141697406768799] [0.0080126496031880379:1.6233524084091187] [0.023112406954169273:3.7935371398925781] [0.011188264936208725:2.3575348854064941] [0.19729389250278473:1.8250916004180908] [9.7267417907714844:10.267624855041504] [0.31004792451858521:2.8838093280792236] [0.1892031729221344:2.0058610439300537] [0.20988617837429047:2.0066814422607422] [0.29379338026046753:3.2343597412109375] [0.17359843850135803:1.4435182809829712] [0.3553977906703949:2.6957283020019531] [0.23829089105129242:2.2859609127044678] [0.02300628274679184:0.93305468559265137] [0.02302597276866436:0.93354004621505737] [0.038355089724063873:1.6508845090866089] [0.032571591436862946:1.470960259437561] [0.032705917954444885:1.4746993780136108] [0.051376257091760635:2.4524555206298828] [0.016027705743908882:0.98293298482894897] [0.016748430207371712:0.98297756910324097] [0.027346942573785782:1.3663967847824097] [0.022726517170667648:1.5558362007141113] [0.051598776131868362:1.9486061334609985] [0.034438773989677429:2.2859983444213867] [-3.8375091552734375:2.2600724697113037] [-2.353736400604248:3.4814324378967285] [-1.6219556331634521:3.8591892719268799] [-1.4384968280792236:2.8669509887695312] [-3.8091044425964355:2.4643468856811523] [-2.3187148571014404:3.6801741123199463] [-1.6895476579666138:3.8696937561035156] [-1.5436160564422607:2.7761554718017578] [0.25885370373725891:1.3774679899215698] [9.7704296112060547:10.172256469726562] [0.41809695959091187:2.2954158782958984] [0.25021001696586609:1.5274608135223389] [0.25761279463768005:1.5297489166259766] [0.41083967685699463:2.3552415370941162] [0.21719361841678619:1.2827670574188232] [0.41784068942070007:2.3272025585174561] [0.32117956876754761:1.6625027656555176] [0.027796907350420952:0.66036826372146606] [0.027864895761013031:0.66063737869262695] [0.03823491558432579:1.1670398712158203] [0.038533095270395279:1.0418837070465088] [0.038533177226781845:1.0432918071746826] [0.069779969751834869:1.2277901172637939] [0.019824804738163948:0.69636166095733643] [0.019989956170320511:0.69636237621307373] [0.031885255128145218:0.67003953456878662] [0.023891888558864594:1.1993521451950073] [0.056426621973514557:1.3787544965744019] [0.037864621728658676:1.394553542137146] [-2.5058119297027588:2.6942574977874756] [-0.80506390333175659:3.5992448329925537] [-0.072122164070606232:3.912989616394043] [-0.26965171098709106:3.0559775829315186] [-2.6499168872833252:2.7200751304626465] [-0.84916245937347412:3.8428881168365479] [-0.23058499395847321:3.9175126552581787] [-0.3456166684627533:2.9620585441589355] [-2.7616226673126221:3.3458106517791748] [-2.7974803447723389:3.4620301723480225] [-2.0712747573852539:2.0262851715087891] [-1.3992937803268433:1.4986176490783691] [-1.4288259744644165:1.5773992538452148] [-1.2699198722839355:1.1767308712005615] [-5.1781845092773438:5.0953049659729004] [-5.3393917083740234:4.5877847671508789] [-5.1308307647705078:5.481144905090332] [-4.045161247253418:4.3054475784301758] [-4.9288854598999023:5.1307086944580078] [-5.2730026245117188:4.5128412246704102] [-5.2327694892883301:5.5395116806030273] [-3.964470386505127:4.3197717666625977] [-1.0167617797851562:1.0283795595169067] [-1.039124608039856:1.0301780700683594] [-1.0474961996078491:0.9090607762336731] [-4.0415301322937012:5.2000694274902344] [-3.8503077030181885:3.4413383007049561] [-3.678053617477417:3.8819329738616943] [-3.0626192092895508:3.3256292343139648] [-4.0070366859436035:5.2888278961181641] [-4.0278339385986328:3.4250044822692871] [-3.7366812229156494:3.9316694736480713] [-3.0407357215881348:3.3076751232147217] [2.2513949871063232:11.389773368835449] [0.29022064805030823:8.8650741577148438] [0.29022064805030823:7.6073598861694336] [-0.062161050736904144:0.53617125749588013] [0.20000000298023224:7.1999998092651367] [0:60]
tree_sizes=2823 2848 2840 2835 2838 2862 2872 2831 2857 2847 2861 2873 2857 2841 2841 2855 2852 2857 2861 2861 2861 2860 2847 2849 2874 2860 2864 2870 2865 2883 2871 2858 2889 2868 2871 2880 2873 2875 2859 2869 2866 2865 2874 2878 2882 2876 2875 2878 2876 2887 2872 2873 2891 2893 2864 2870 2887 2870 2886 2895 2889 2877 2881 2879 2895 2892 2893 2868 2889 2902 2882 2884 2905 2904 2896 2873 2915 2883 2896 2897 2905 2919 2896 2904 2904 2905 2874 2880 2895 2886 2916 2897 2905 2907 2923 2892 2922 2894 2915 2907 2894 2902 2906 2893 2898 2920 2910 2918 2918 2896 2921 2906 2916 2901 2886 2911 2871 2915 2911 2904 2893 2918 2913 2893 2923 2911 2914 2917 2934 2911 2912 2916 2915 2925 2936 2909 2892 2909 2930 2879 2893 2921 2896 2927 2921 2907 2941 2944 2924 2921

Tree=0
num_leaves=31
num_cat=0
split_feature=104 47 75 104 39 27 39 31 76 65 76 63 104 63 38 75 46 56 75 68 43 37 28 22 32 109 104 108 57 37
split_gain=17040.4 4160.58 3382.74 2568.65 2292.53 2152.53 1496.62 1280.28 1377.05 1269.5 1088.99 1824.04 974.607 958.025 703.067 687.276 601.028 541.963 537.892 526.688 451.851 394.743 392.661 494.354 381.028 375.415 347.312 328.934 314.099 306.769
threshold=6.0523612499237069 2.1587091684341435 -1.3856948018074033 7.9233765602111825 0.096230614930391326 0.20609547197818759 0.094443723559379592 0.77384480834007274 0.86446204781532299 0.19046110659837726 1.368796765804291 0.060821924358606345 4.0959019660949716 0.13744612783193591 0.088625766336917891 -0.23614169657230374 0.28942920267581945 0.91628164052963268 -1.3963412642478941 0.042784908786416061 2.1960365772247319 0.16137078404426577 1.3812528252601626 9.8213920593261737 0.064282614737749114 18.500000000000004 9.456822872161867 0.40000000596046453 0.83110433816909801 0.038386300206184394
decision_type=2 2 2 2 2 2 2 2 2 2 2 2 2 2 2 2 2 2 2 2 2 2 2 2 2 2 2 2 2 2
left_child=4 2 5 10 12 -2 17 8 27 14 11 -4 -1 19 -3 -8 18 25 24 -13 -10 -21 23 -12 -14 -5 -17 -6 -15 -20
right_child=1 9 3 6 7 -7 15 -9 20 -11 22 13 16 28 -16 26 -18 -19 29 21 -22 -23 -24 -25 -26 -27 -28 -29 -30 -31
leaf_value=-0.30268270375610251 -0.45734186005479049 -0.40184579445319946 -0.45424429128364607 -0.51199144111894779 -0.5369064663234081 -0.85824588452965056 -0.77076496368623093 -0.72049760502039195 -0.42453214562953506 -0.84403980685286684 -0.48780732803428051 -0.75440590682443165 -0.41444604240539962 -0.83427851868962777 -0.69344504322694001 -0.62141148130796886 -0.5725434679776189 -0.75230457867722145 -0.34961044951400966 -0.52584728108859802 -0.53776970435597482 -0.61114806564226587 -0.47536080716273188 -0.5595043195435947 -0.71240474600897896 -0.59036894837538756 -0.70533730779557435 -0.67878150690665495 -0.67456988626904346 -0.41658434474409678
leaf_weight=346 42 23 235 315 191 158 126 48 947 181 437 42 20 48 158 488 49 34 358 248 97 298 587 532 21 295 167 51 94 344
leaf_count=346 42 23 235 315 191 158 126 48 947 181 437 42 20 48 158 488 49 34 358 248 97 298 587 532 21 295 167 51 94 344
internal_value=-0.530382 -0.588231 -0.574008 -0.563807 -0.424908 -0.774107 -0.617438 -0.469453 -0.459943 -0.750564 -0.53347 -0.575173 -0.372791 -0.614155 -0.655883 -0.663927 -0.403669 -0.56094 -0.392492 -0.585817 -0.435049 -0.572464 -0.507595 -0.527159 -0.567736 -0.54993 -0.643042 -0.567289 -0.730297 -0.38222
internal_weight=6980 4508 4146 3946 2472 200 1425 1334 1286 362 2521 965 1138 730 181 781 792 644 743 588 1044 546 1556 969 41 610 655 242 142 702
internal_count=6980 4508 4146 3946 2472 200 1425 1334 1286 362 2521 965 1138 730 181 781 792 644 743 588 1044 546 1556 969 41 610 655 242 142 702
is_linear=0
shrinkage=1


Tree=1
num_leaves=31
num_cat=0
split_feature=30 67 53 47 48 37 22 28 7 33 95 107 93 51 51 107 107 0 82 52 109 95 108 107 29 7 107 63 67 107
split_gain=6002.89 5033.44 5192.63 2422.61 2328.81 2452.27 1271.36 1545.08 1299.31 1237.92 1002.13 962.587 679.448 635.622 605.28 548.369 515.223 514.036 502.962 454.786 434.123 394.676 353.577 346.875 340.624 323.346 320.823 304.972 269.345 265.683
threshold=0.77340480685234081 0.064804382622241988 0.49327684938907629 2.2635946273803715 -0.36747378110885615 0.1574431508779526 9.8618974685668963 1.5244349837303164 0.38235296308994299 0.16427336633205417 0.1332713067531586 0.062831060960888876 -0.49993869662284846 9.7883243560791033 9.8597478866577166 0.31944535672664648 -0.0094095668755471689 0.30087521672248846 0.022095620632171634 0.64225661754608165 10.500000000000002 0.2329867482185364 0.40000000596046453 0.21503609418869021 0.41181591153144842 0.52736845612525951 -0.037364676594734185 0.10437275469303132 0.17293584346771243 0.31944535672664648
decision_type=2 2 2 2 2 2 2 2 2 2 2 2 2 2 2 2 2 2 2 2 2 2 2 2 2 2 2 2 2 2
left_child=1 12 4 6 -3 13 8 10 -4 19 18 14 -1 -6 16 23 -10 25 -8 -7 -19 28 29 -13 -16 -14 -12 -26 -5 -22
right_child=-2 2 3 21 5 9 7 -9 11 -11 26 15 17 -15 24 -17 -18 20 -20 -21 22 -23 -24 -25 27 -27 -28 -29 -30 -31
leaf_value=0.2126049204098838 -0.29034207290996705 0.037762350310911935 -0.10487829883322559 0.027176984533285483 -0.08250537375273298 0.01848817152681766 0.033210333442623238 0.070684523451418207 0.10843161590576458 -0.21850708080872672 0.0032008507179425044 0.11693842868252068 0.11375911637492803 -0.28234064054668401 -0.16323065302618173 0.21670543099497702 0.02568551954133504 0.044600858754075774 -0.037479974423327449 -0.079992644478505875 0.10006643986821218 -0.24966073763370514 0.21213248163834214 0.049128894927315633 -0.059441521214051864 -0.04544600335110982 -0.11615102707005061 0.071691500070903982 -0.11606228424136247 0.24984860457479954
leaf_weight=126 172 237 126 38 48 172 465 493 259 133 67 420 45 265 45 90 684 228 546 365 516 49 99 346 120 103 350 69 225 31
leaf_count=126 172 237 126 38 48 172 465 493 259 133 67 420 45 265 45 90 684 228 546 365 516 49 99 346 120 103 350 69 225 31
internal_value=0.000488891 0.00793058 -0.0115883 0.0137655 -0.102798 -0.136691 0.0240443 -0.00554564 0.0503628 -0.0825019 -0.0318943 0.0600311 0.103276 -0.252055 0.0306487 0.100349 0.048503 0.089602 -0.00496594 -0.0484737 0.104179 -0.120298 0.125105 0.086413 -0.0412027 0.00339956 -0.0970128 -0.0114422 -0.0953416 0.108995
internal_weight=6932 6760 5612 4392 1220 983 4080 1921 2159 670 1428 2033 1148 313 1177 856 943 1022 1011 537 874 312 646 766 234 148 417 189 263 547
internal_count=6932 6760 5612 4392 1220 983 4080 1921 2159 670 1428 2033 1148 313 1177 856 943 1022 1011 537 874 312 646 766 234 148 417 189 263 547
is_linear=0
shrinkage=0.05


Tree=2
num_leaves=31
num_cat=0
split_feature=104 31 71 104 70 22 53 31 63 58 22 48 64 57 71 36 46 70 59 71 8 75 104 104 68 75 27 48 3 68
split_gain=15289.9 3277.37 3385.51 2323.65 1918.34 1798.89 1431.19 1458.95 1266.96 917.28 756.863 730.972 686.651 882.444 795.515 678.801 552.981 512.202 501.875 490.775 436.8 432.57 387.285 374.983 356.278 353.921 278.357 265.316 249.047 233.909
threshold=6.1114802360534677 0.77384480834007274 -1.3549089431762693 7.6312716007232675 0.057008676230907447 9.8618974685668963 0.49327684938907629 0.77384480834007274 0.062801346182823195 0.59426450729370128 9.8618974685668963 0.49573379755020147 0.10481369495391847 1.2836992144584658 0.0069400768261402854 0.047399051487445838 0.079580098390579238 0.33096571266651159 0.29001115262508398 -1.3549089431762693 1.3150002360343935 -0.10542348027229308 9.8811225891113299 4.6667289733886728 0.13495205342769626 0.58356881141662609 0.43912117183208471 0.46995632350444799 1.3378457427024844 0.21608059108257296
decision_type=2 2 2 2 2 2 2 2 2 2 2 2 2 2 2 2 2 2 2 2 2 2 2 2 2 2 2 2 2 2
left_child=4 2 8 12 -1 15 11 10 -2 -7 23 19 25 14 27 16 -5 28 22 -6 29 24 -11 -8 -17 -4 -13 -14 -12 -16
right_child=1 -3 3 5 6 9 7 -9 -10 18 17 26 13 -15 20 21 -18 -19 -20 -21 -22 -23 -24 -25 -26 -27 -28 -29 -30 -31
leaf_value=0.22313131851683685 0.067829412913748208 -0.31029024758646567 0.068427653434486632 0.01528128909584532 -0.1743520145830901 -0.31549297889073691 0.17808611528439955 -0.16800069504854631 -0.29777797822925178 -0.10879586211162838 0.062483839471216766 -0.030511476069858129 -0.060093509044409514 0.030004752201913266 -0.02422711622613823 -0.066209692496193365 -0.24037127989259632 0.15214712296776911 -0.020135852206117057 0.066721682256077039 -0.19181582340970638 -0.04325632838227958 -0.19287939201520143 0.11310383041681699 -0.21807804575920861 -0.07682895320368574 -0.16895802986054195 -0.14740146914108551 -0.064963190675508695 0.04360518750966226
leaf_weight=270 27 123 400 548 22 59 384 48 175 626 635 87 167 611 387 78 21 169 126 262 31 357 178 550 78 46 62 186 40 188
leaf_count=270 27 123 400 548 22 59 384 48 175 626 635 87 167 611 387 78 21 169 126 262 31 357 178 550 78 46 62 186 40 188
internal_value=-0.0006557 -0.0568369 -0.0494978 -0.039588 0.0973397 -0.0767715 0.0822128 0.101583 -0.248816 -0.125482 0.108951 0.000480047 -0.00137094 -0.0169279 -0.0468298 -0.0321729 0.00544081 0.0744867 -0.113102 0.0475007 -0.0120212 -0.073822 -0.127628 0.139982 -0.143049 0.0533077 -0.0888624 -0.106384 0.0548465 -0.0020117
internal_weight=6941 4412 4289 4087 2529 2071 2259 1826 202 989 1778 433 2016 1570 959 1082 569 844 930 284 606 513 804 934 156 446 149 353 675 575
internal_count=6941 4412 4289 4087 2529 2071 2259 1826 202 989 1778 433 2016 1570 959 1082 569 844 930 284 606 513 804 934 156 446 149 353 675 575
is_linear=0
shrinkage=0.05


Tree=3
num_leaves=31
num_cat=0
split_feature=104 47 71 104 39 63 65 59 76 35 76 39 104 63 71 76 34 104 77 56 28 73 48 50 68 51 56 22 78 58
split_gain=14164.4 3054.6 3327.45 2001.4 1603.95 1534.06 1079.59 1019.36 791.825 1374.26 776.941 923.425 725.848 606.592 558.647 479.788 597.467 451.236 411.295 609.653 360.379 447.897 334.032 355.268 325.676 300.907 261.034 259.315 254.96 243.865
threshold=5.8593404293060312 2.1587091684341435 -1.3549089431762693 7.9233765602111825 0.096230614930391326 0.062801346182823195 0.0379703026264906 0.13054611533880237 1.3500031828880312 0.10063221678137781 0.86446204781532299 0.72882696986198436 4.0959019660949716 0.17569820582866671 1.4573647975921633 1.4293912649154665 0.16858761757612231 9.8811225891113299 1.0320155024528506 0.49068519473075872 1.5244349837303164 2.6368238925933842 0.49573379755020147 0.55904775857925426 0.19697681069374087 9.792877674102785 0.91628164052963268 9.8315639495849627 2.1950430870056157 0.61651557683944713
decision_type=2 2 2 2 2 2 2 2 2 2 2 2 2 2 2 2 2 2 2 2 2 2 2 2 2 2 2 2 2 2
left_child=4 2 5 8 12 -2 -5 -3 9 25 29 24 -1 22 -9 16 -8 -17 19 -14 21 27 -11 -24 -12 -4 -20 -10 -23 -6
right_child=1 7 3 6 10 -7 15 14 20 13 11 -13 18 -15 -16 17 -18 -19 26 -21 -22 28 23 -25 -26 -27 -28 -29 -30 -31
leaf_value=0.20535059664673161 0.062657794891259611 0.1229421525001526 0.085267969875898658 0.019432736678071869 -0.10024063674652058 -0.28403813965106134 -0.10728958368530364 -0.14712163848331669 0.044946571485769277 -0.032128511641994865 0.065684028454126908 -0.15010674638407573 0.12091314451050338 -0.24686692563387067 -0.27475231691848401 -0.048266531482434254 -0.25087163247492 -0.1407126087461199 0.14760483601199567 -0.059810319870106279 0.059409777241754495 -0.10053028069112613 -0.15658800072351081 -0.034050694807941456 0.12430278087409199 -0.01228764316808079 -0.0064272520815332737 -0.0070973641625463185 0.007562070785750441 0.011842224035105419
leaf_weight=338 38 24 187 243 68 188 361 181 501 301 588 41 126 51 171 546 91 174 505 73 412 137 156 96 402 136 29 457 90 163
leaf_count=338 38 24 187 243 68 188 361 181 501 301 588 41 126 51 171 546 91 174 505 73 412 137 156 96 402 136 29 457 90 163
internal_value=-0.000476769 -0.0519198 -0.0395727 -0.0288376 0.0996324 -0.225725 -0.0764152 -0.188223 -0.00214509 -0.0388795 0.0613642 0.07992 0.144626 -0.0833506 -0.209727 -0.0962877 -0.136687 -0.0707718 0.116383 0.05465 0.0191889 0.00516657 -0.0678521 -0.110226 0.0895882 0.0442808 0.139243 0.0201383 -0.0578291 -0.0214417
internal_weight=6874 4541 4165 3939 2333 226 1415 376 2524 927 1262 1031 1071 604 352 1172 452 720 733 199 1597 1185 553 252 990 323 534 958 227 231
internal_count=6874 4541 4165 3939 2333 226 1415 376 2524 927 1262 1031 1071 604 352 1172 452 720 733 199 1597 1185 553 252 990 323 534 958 227 231
is_linear=0
shrinkage=0.05


Tree=4
num_leaves=31
num_cat=0
split_feature=104 47 71 104 65 53 47 63 33 65 48 76 35 33 104 72 38 71 57 58 42 104 104 46 7 6 68 27 22 28
split_gain=12625.1 2820.55 3098.23 1801.59 1550.34 1155.36 1062.15 1055.47 981.981 868.213 723.004 705.766 1217.21 676.506 541.718 511.378 484.492 445.966 329.598 328.668 318.605 312.867 309.404 294.327 276.873 274.576 267.599 231.128 223.67 251.644
threshold=6.0523612499237069 2.1587091684341435 -1.3549089431762693 7.9233765602111825 0.0379703026264906 0.49327684938907629 2.3998591899871831 0.062801346182823195 0.066095821559429183 0.19046110659837726 0.49573379755020147 1.368796765804291 0.10063221678137781 0.16240340471267703 4.6667289733886728 0.88842552900314342 0.088625766336917891 -1.3549089431762693 1.1796038150787356 0.80901736021041881 0.36517067253589636 9.3144135475158709 3.8516664505004887 0.079580098390579238 0.62002623081207286 0.66925033926963817 0.041444959118962295 0.43912117183208471 9.8618974685668963 1.5244349837303164
decision_type=2 2 2 2 2 2 2 2 2 2 2 2 2 2 2 2 2 2 2 2 2 2 2 2 2 2 2 2 2 2
left_child=4 2 7 11 22 10 14 -2 23 16 17 12 20 24 -7 25 -3 -6 19 -13 -4 -17 -1 -5 -14 -10 -26 -12 -16 -30
right_child=1 9 3 8 5 6 -8 -9 15 -11 27 18 13 -15 28 21 -18 -19 -20 -21 -22 -23 -24 -25 26 -27 -28 -29 29 -31
leaf_value=0.27406027976955688 0.054576767434676488 0.10755291072030862 0.051583079513393019 -0.0019013828930260529 -0.15814777488509815 0.13856348605379351 -0.063036896826416319 -0.26827615642029307 -0.1522524902288685 -0.25851608097870299 -0.033867403860933273 0.0074166408484345504 -0.12621574379503728 -0.21956447124481204 0.1013556958806428 -0.063521097912548494 -0.1351217413747233 0.067611642398322999 0.035861846594063704 -0.083420864018797877 -0.14967321384520757 -0.13260617171683073 0.16142697552183891 -0.16662822877024783 -0.18404971679051718 -0.3322392582893372 -0.02898029089697185 -0.16175942373654201 0.026258577328743572 0.11181427551830402
leaf_weight=83 29 23 318 418 23 653 101 183 150 187 82 489 119 74 497 536 152 252 958 124 20 238 264 28 29 25 395 62 294 121
leaf_count=83 29 23 318 418 23 653 101 183 150 187 82 489 119 74 497 536 152 252 958 124 20 238 264 28 29 25 395 62 294 121
internal_value=-0.000435875 -0.0500847 -0.0383376 -0.0282412 0.0913116 0.0749578 0.0936134 -0.224063 -0.0738259 -0.183728 0.000734192 -0.00304748 -0.0369237 -0.0786584 0.103757 -0.10256 -0.102797 0.0482254 0.017556 -0.0110643 0.039268 -0.084908 0.189078 -0.0125926 -0.0590875 -0.179707 -0.0399946 -0.0896678 0.0787106 0.0514126
internal_weight=6927 4495 4133 3921 2432 2085 1666 212 1395 362 419 2526 955 617 1565 949 175 275 1571 613 338 774 347 446 543 175 424 144 912 415
internal_count=6927 4495 4133 3921 2432 2085 1666 212 1395 362 419 2526 955 617 1565 949 175 275 1571 613 338 774 347 446 543 175 424 144 912 415
is_linear=0
shrinkage=0.05


Tree=5
num_leaves=31
num_cat=0
split_feature=67 75 30 72 65 47 106 107 105 77 61 42 46 58 12 53 107 50 107 22 106 56 66 22 27 95 82 33 29 56
split_gain=4197.38 4306.71 3432.71 1969.69 1806.71 1723.24 907.966 1325.03 752.765 842.513 730.904 805.357 720.593 624.642 554.994 623.022 534.731 467.892 395.048 370.734 353.893 349.788 303.349 297.087 283.799 282.776 273.495 253.392 227.958 215.066
threshold=0.064804382622241988 -1.3856948018074033 0.77340480685234081 0.8428134322166444 0.14662091434001925 2.2635946273803715 3.3662409782409672 0.2204193249344826 2.805402517318726 0.78821775317192089 0.18558257073163989 -2.7279825210571285 0.28942920267581945 0.61651557683944713 0.53444197773933422 0.81057590246200573 -0.0094095668755471689 0.57881495356559765 0.24347122013568881 9.8815107345581072 6.0958905220031747 0.70842081308364879 0.046969179064035423 9.9500970840454119 0.43912117183208471 0.21614170074462893 -0.45259657502174372 0.048848213627934463 1.1525601744651797 0.51238816976547252
decision_type=2 2 2 2 2 2 2 2 2 2 2 2 2 2 2 2 2 2 2 2 2 2 2 2 2 2 2 2 2 2
left_child=8 -2 3 4 22 6 12 10 9 -1 14 -12 19 24 15 21 20 -14 -9 -5 -10 29 -3 -20 -6 -7 -13 -24 -28 -8
right_child=1 2 -4 5 13 25 7 18 16 -11 11 26 17 -15 -16 -17 -18 -19 23 -21 -22 -23 27 -25 -26 -27 28 -29 -30 -31
leaf_value=-0.061786678593991132 -0.2348493118313226 -0.11889475619730849 -0.2304980030042284 0.10072092609912159 -0.13562916180775833 -0.078197945473240271 0.0201291507519505 -0.11490373749475112 0.056887396720840658 0.23728527535487265 -0.11348984688646287 0.14007062645076396 -0.16368159123442391 -0.083093859565296135 -0.25807812430641869 -0.062543393506645298 0.050124508345685909 0.014421751231701932 0.049802908018669663 0.035318648874648473 0.18797304403522741 0.076961334889505684 0.13505995632746282 -0.08723550520434574 -0.25329704324786484 -0.20669443320769532 0.037293929806070061 0.0024557153813202989 0.092452244201390282 -0.049047122854715998
leaf_weight=28 219 47 169 624 111 262 382 255 84 136 73 90 43 329 21 320 749 227 84 334 137 201 38 73 103 51 844 473 241 158
leaf_count=28 219 47 169 624 111 262 382 255 84 136 73 90 43 329 21 320 749 227 84 334 137 201 38 73 103 51 844 473 241 158
internal_value=-0.000599579 -0.0178809 -0.00928336 -0.00229808 -0.0619146 0.013038 0.0219514 0.00594257 0.0872999 0.186159 0.0205654 0.0466253 0.0576635 -0.126754 -0.00950784 -0.00434959 0.070411 -0.0144422 -0.0766042 0.0779795 0.138629 0.0208318 0.00129588 -0.0140644 -0.193178 -0.0997267 0.0566609 0.0125612 0.0496195 -0.000164562
internal_weight=6906 5772 5553 5384 1101 4283 3970 2742 1134 164 2330 1248 1228 543 1082 1061 970 270 412 958 221 741 558 157 214 313 1175 511 1085 540
internal_count=6906 5772 5553 5384 1101 4283 3970 2742 1134 164 2330 1248 1228 543 1082 1061 970 270 412 958 221 741 558 157 214 313 1175 511 1085 540
is_linear=0
shrinkage=0.05


Tree=6
num_leaves=31
num_cat=0
split_feature=64 71 30 54 43 48 71 105 38 28 59 93 52 7 16 62 83 37 95 52 15 54 103 59 105 83 45 85 27 109
split_gain=3830.84 4010.96 3230.67 2054.66 1586.34 1350.12 1135.32 1122.97 1118.62 712.144 787.747 672.956 619.329 588.895 395.864 372.51 327.076 313.815 275.452 259.682 247.262 238.973 226.67 212.414 208.914 206.066 204.495 223.48 174.287 170.625
threshold=0.10481369495391847 -0.9905121624469756 0.77340480685234081 0.53772959113121044 2.286893486976624 0.49573379755020147 0.4861274659633637 2.805402517318726 0.065803453326225295 0.65210688114166271 0.24518534541130069 0.068029612302780165 0.74484398961067211 0.90991076827049266 0.051305735483765609 0.060760004445910461 -0.80779153108596791 0.17607368528842929 0.21614170074462893 0.64225661754608165 0.032101923599839217 0.94454842805862438 1.1694927215576174 0.32944782078266149 3.0332894325256352 -0.55177581310272206 -0.49595844745635981 -0.67345702648162831 0.43912117183208471 19.500000000000004
decision_type=2 2 2 2 2 2 2 2 2 2 2 2 2 2 2 2 2 2 2 2 2 2 2 2 2 2 2 2 2 2
left_child=6 13 3 5 8 19 7 -1 24 -10 11 14 28 -2 -11 -8 -9 21 -6 -3 -14 -13 -12 -24 -5 -16 -18 -28 -7 -22
right_child=1 2 -4 4 18 12 15 16 9 10 22 17 20 -15 25 -17 26 -19 -20 -21 29 -23 23 -25 -26 -27 27 -29 -30 -31
leaf_value=0.21268936867564681 -0.22566425636640847 0.016426516370439345 -0.22206229863397647 0.1633942196777059 -0.079378381347254931 -0.1167249731021002 0.018970526025194917 0.19404208467287176 -0.14179893107691283 0.077381894750522831 0.062218393780493236 0.0082458937825929078 -0.20701313598288432 -0.023237569773093214 0.10896851590022127 -0.11476266261086697 -0.028517466381584346 -0.062878104973845286 -0.21004153260817895 -0.045852848849679551 -0.022325507849605093 -0.060728214853529972 -0.092274744713560064 0.035431385133085989 0.080879085282317534 7.1966927073410019e-05 0.098318479116083962 0.050648506083620017 -0.23472937831357751 -0.099864717428298555
leaf_weight=156 258 341 172 117 193 47 123 50 70 311 925 570 35 42 46 89 56 381 51 327 123 160 46 105 233 574 403 641 118 169
leaf_count=156 258 341 172 117 193 47 123 50 70 311 925 570 35 42 46 89 56 381 51 327 123 160 46 105 233 574 403 641 118 169
internal_value=-0.000436605 -0.0201201 -0.00967826 -0.00224308 0.015614 -0.0604266 0.0697325 0.0871461 0.0241281 0.0147956 0.0183555 0.000106598 -0.123192 -0.197496 0.0314443 -0.0374474 0.0699458 -0.0261585 -0.107435 -0.0140835 -0.0829202 -0.00693411 0.0529555 -0.00382359 0.10885 0.00831385 0.064134 0.0691263 -0.202022 -0.0673903
internal_weight=6932 5414 5114 4942 3782 1160 1518 1306 3538 3188 3118 2042 492 300 931 212 1150 1111 244 668 327 730 1076 151 350 620 1100 1044 165 292
internal_count=6932 5414 5114 4942 3782 1160 1518 1306 3538 3188 3118 2042 492 300 931 212 1150 1111 244 668 327 730 1076 151 350 620 1100 1044 165 292
is_linear=0
shrinkage=0.05


Tree=7
num_leaves=31
num_cat=0
split_feature=104 104 104 64 57 33 71 30 43 71 65 72 63 30 71 71 22 61 43 64 34 57 48 62 60 108 98 67 76 43
split_gain=10167.3 2097.69 1413.85 1352.44 1526.35 1137.69 963.807 770.632 706.967 702.439 557.539 535.553 656.335 530.119 472.187 389.165 366.64 310.201 296.721 286.854 281.315 266.26 228.216 200.353 196.11 194.265 193.512 192.575 209.574 334.591
threshold=6.3305685520172128 8.4453048706054705 4.6667289733886728 0.10411452502012254 1.2836992144584658 0.16240340471267703 0.097135938704013838 0.77340480685234081 2.286893486976624 -1.3549089431762693 0.0379703026264906 0.8428134322166444 0.11803559586405755 0.77340480685234081 -1.3549089431762693 0.4861274659633637 9.862772464752199 0.19650847464799884 2.286893486976624 0.10481369495391847 0.14492835849523547 0.95978897809982311 0.46995632350444799 0.13526865094900134 0.062362659722566612 0.75000000000000011 -0.61843740940093983 0.045255459845066077 1.3500031828880312 1.1937325596809389
decision_type=2 2 2 2 2 2 2 2 2 2 2 2 2 2 2 2 2 2 2 2 2 2 2 2 2 2 2 2 2 2
left_child=2 3 10 15 5 6 14 11 -6 -3 -1 12 19 16 -5 -2 23 -8 27 -4 24 -7 -16 26 -12 -22 -11 -13 29 -29
right_child=1 9 7 4 8 21 17 -9 -10 13 20 18 -14 -15 22 -17 -18 -19 -20 -21 25 -23 -24 -25 -26 -27 -28 28 -30 -31
leaf_value=0.20121571386853856 0.042862311846734426 -0.29214233453639532 0.11605859093806324 -0.21612250561355265 0.016737920650360009 -0.24649037960916759 -0.052091800495185858 -0.15304690244350028 -0.14447091671864729 -0.11446869345099638 0.032773118680816588 0.19995227764392723 -0.10928808066366923 -0.29785705566406251 -0.057542591986196795 -0.072336260311260642 -0.12642297969730473 0.0095296738780917441 -0.059093172119723425 0.005873624658785187 0.026988826355699339 -0.10033232125830144 -0.1248234709870195 -0.15305218074632729 0.12999778623776909 0.13438724244765021 -0.016043401653027665 0.044072517746346573 0.078318869858362422 -0.16610225836435955
leaf_weight=179 632 54 84 92 839 111 575 46 73 65 58 28 100 34 243 82 464 316 44 194 164 46 268 45 563 56 207 193 1020 20
leaf_count=179 632 54 84 92 839 111 575 46 73 65 58 28 100 34 243 82 464 316 44 194 164 46 268 45 563 56 207 193 1020 20
internal_value=-0.000175518 -0.0496115 0.074374 -0.0312773 -0.0482273 -0.0768909 -0.0633453 0.0467884 0.00369004 -0.118634 0.121043 0.052338 -7.3243e-05 -0.106794 -0.112115 0.0295496 -0.0981062 -0.0302511 0.0675076 0.0394636 0.10376 -0.204573 -0.0930037 -0.0563911 0.120985 0.054811 -0.0398973 0.0719684 0.0689023 0.0236538
internal_weight=6895 4146 2749 3277 2563 1651 1494 1729 912 869 1020 1683 378 815 603 714 781 891 1305 278 841 157 511 317 621 220 272 1261 1233 213
internal_count=6895 4146 2749 3277 2563 1651 1494 1729 912 869 1020 1683 378 815 603 714 781 891 1305 278 841 157 511 317 621 220 272 1261 1233 213
is_linear=0
shrinkage=0.05


Tree=8
num_leaves=31
num_cat=0
split_feature=64 71 30 50 47 71 48 36 105 28 59 94 52 107 7 62 83 107 41 106 52 106 16 107 105 46 93 7 49 101
split_gain=2884.28 3256.07 2605.17 1611.54 1363.58 1125.05 1064.62 917.918 875.356 630.958 632.741 609.38 507.157 476.312 455.918 443.07 379.986 366.306 332.7 280.556 267.333 257.063 245.603 245.072 237.8 216.548 198.047 197.516 182.947 174.898
threshold=0.10411452502012254 -0.9905121624469756 0.77340480685234081 0.56116595864295971 2.2635946273803715 0.4861274659633637 0.49573379755020147 0.040986984968185432 2.805402517318726 0.65210688114166271 0.24518534541130069 0.11419022083282472 0.74484398961067211 -0.019571270793676373 0.90991076827049266 0.060760004445910461 -0.50368639826774586 0.21503609418869021 0.21252571791410449 3.279300451278687 0.64225661754608165 3.1883345842361455 0.051305735483765609 -0.037364676594734185 5.3521184921264657 -2.6282150745391841 0.11986935138702394 0.38235296308994299 1.0316022634506228 -0.57912451028823841
decision_type=2 2 2 2 2 2 2 2 2 2 2 2 2 2 2 2 2 2 2 2 2 2 2 2 2 2 2 2 2 2
left_child=5 14 3 6 7 8 20 -5 -1 -9 11 16 -8 24 25 -7 -11 27 -13 -15 -3 -6 -18 -20 -10 -2 -23 -12 -14 -29
right_child=1 2 -4 4 21 15 12 9 13 10 17 18 28 19 -16 -17 22 -19 23 -21 -22 26 -24 -25 -26 -27 -28 29 -30 -31
leaf_value=0.19759638924285663 -0.10315317247564404 0.018040953457181371 -0.20148430675335094 0.09792954852624286 -0.015383886813116719 0.015123475996904777 -0.18589517398675284 -0.13465688614903584 0.053995551107587615 0.10796911719981142 -0.038830096160624335 -0.005904018222665325 -0.085634346650267895 0.1107723576301823 -0.017220241544631924 -0.13502947099506854 0.052683869191711932 -0.023338146892523295 0.017195702235756526 0.035158574291728667 -0.044564338393340064 0.033788422499561592 -0.0011311576818465081 -0.090291120716420037 0.15892060400798308 -0.22091801714065462 -0.12974140711128712 0.12619582704215679 0.048752537555992605 0.057465957878475395
leaf_weight=138 51 352 166 371 93 116 149 68 81 126 47 583 302 146 40 84 310 151 66 755 329 20 666 263 170 214 199 105 27 790
leaf_count=138 51 352 166 371 93 116 149 68 81 126 47 583 302 146 40 84 310 151 66 755 329 20 666 263 170 214 199 105 27 790
internal_value=0.000184728 -0.0165668 -0.00720828 -0.000741302 0.0147925 0.061854 -0.0524174 0.0236169 0.0789561 0.0149053 0.0182209 0.00159285 -0.109533 0.064585 -0.175057 -0.0482988 0.0266022 0.048831 -0.0286229 0.0475204 -0.0122255 -0.085255 0.0159982 -0.0687416 0.125409 -0.198727 -0.114721 0.060412 -0.0744913 0.0656611
internal_weight=6978 5488 5183 5017 3858 1490 1159 3546 1290 3175 3107 2014 478 1152 305 200 1102 1093 912 901 681 312 976 329 251 265 219 942 329 895
internal_count=6978 5488 5183 5017 3858 1490 1159 3546 1290 3175 3107 2014 478 1152 305 200 1102 1093 912 901 681 312 976 329 251 265 219 942 329 895
is_linear=0
shrinkage=0.05


Tree=9
num_leaves=31
num_cat=0
split_feature=104 104 67 57 35 38 71 75 46 75 47 47 75 71 63 104 68 104 104 22 74 48 28 71 28 94 63 35 107 105
split_gain=9283.41 1849.84 1238.05 1271.55 1418.22 902.157 799.608 677.899 643.269 607.569 569.053 531.984 517.796 396.397 544.08 370.126 366.21 329.518 303.017 279.645 261.387 243.397 210.854 194.894 182.145 180.412 189.487 175.921 160.356 158.03
threshold=5.8593404293060312 8.4453048706054705 0.064804382622241988 1.2850040197372439 0.28025221824646002 0.071859546005725874 0.0069400768261402854 -1.3856948018074033 0.28942920267581945 -0.19866369664669034 2.3998591899871831 2.2635946273803715 1.5518245100975039 -1.3549089431762693 0.10671500861644746 3.8516664505004887 0.042285023257136352 3.6746019124984746 7.3669619560241708 9.862772464752199 0.7997632920742036 1.3380392193794253 0.93036991357803356 0.85511919856071483 1.4421068429946902 -0.13511076569557187 0.14968796819448474 0.3140187412500382 0.1797939017415047 2.9010828733444218
decision_type=2 2 2 2 2 2 2 2 2 2 2 2 2 2 2 2 2 2 2 2 2 2 2 2 2 2 2 2 2 2
left_child=5 2 23 4 6 8 13 -3 17 22 15 21 19 -4 -15 -11 -8 -1 -18 25 -19 -5 -7 28 27 -9 -27 -17 -2 -22
right_child=1 7 3 11 -6 9 16 12 -10 10 -12 -13 -14 14 -16 24 18 20 -20 -21 29 -23 -24 -25 -26 26 -28 -29 -30 -31
leaf_value=0.21807914364455949 0.031699847847654818 -0.27850392225113779 -0.17706135671053613 -0.014104126444495518 -0.21147693579628968 -0.052456097513554505 -0.22096788313077842 -0.12627008858499891 -0.07593069456708737 0.14087714508105892 -0.047051852020841251 -0.12125931953629242 -0.20917477817325802 -0.021746006429479089 -0.11314477319998878 0.060518373083046063 0.0045530021730431471 -0.012582771925048697 -0.048869338924758379 -0.11004378612256582 0.16923201951910469 0.035891265662354045 0.036080270105107566 -0.063783951302405537 0.10759425120600519 -0.011631200834738521 -0.1310816729680086 -0.080357933821885497 0.094815774805339662 0.11151315276025736
leaf_weight=100 422 54 111 427 148 142 22 58 38 212 93 77 90 280 390 755 595 35 478 400 169 564 126 42 226 225 38 22 132 450
leaf_count=100 422 54 111 427 148 142 22 58 38 212 93 77 90 280 390 755 595 35 478 400 169 564 126 42 226 225 38 22 132 450
internal_value=-0.000637465 -0.0423976 -0.026947 -0.0396652 -0.0629473 0.0796395 -0.0511232 -0.108165 0.12317 0.0576997 0.0717429 0.004475 -0.0964941 -0.0897457 -0.0750376 0.0808671 -0.0235192 0.133291 -0.0192689 -0.0821584 0.120014 0.0143569 -0.0108514 0.0389897 0.0680553 -0.0471763 -0.0293214 0.0564314 0.046882 0.127519
internal_weight=6921 4553 3688 3092 2024 2368 1876 865 792 1576 1308 1068 811 781 670 1215 1095 754 1073 721 654 991 268 596 1003 321 263 777 554 619
internal_count=6921 4553 3688 3092 2024 2368 1876 865 792 1576 1308 1068 811 781 670 1215 1095 754 1073 721 654 991 268 596 1003 321 263 777 554 619
is_linear=0
shrinkage=0.05


Tree=10
num_leaves=31
num_cat=0
split_feature=64 75 47 54 75 70 105 28 44 106 107 59 61 6 38 107 37 37 106 42 92 23 94 105 63 13 58 71 107 105
split_gain=2589.6 2931.16 2373.7 1102.63 939.003 795.965 793.185 651.893 650.021 606.637 579.097 577.175 429.645 399.999 382.361 367.941 313.75 301.032 269.811 261.242 259.663 257.518 234.089 209.011 192.987 192.44 169.006 160.301 144.95 144.203
threshold=0.10411452502012254 -0.51712018251419056 2.1587091684341435 0.53772959113121044 0.58356881141662609 0.15195740014314654 2.805402517318726 1.0132008790969851 0.49293468892574316 3.3662409782409672 0.2204193249344826 0.2003726810216904 0.20317985117435458 0.66925033926963817 0.16412182152271274 -0.019571270793676373 0.21967363357543948 0.17059630900621417 3.4245456457138066 -2.7279825210571285 0.73512840270996105 0.88090866804122936 -0.23765835165977475 5.3521184921264657 0.13619042187929156 0.069751940667629256 0.94981172680854808 1.6522393226623537 0.21716109663248065 7.9005050659179696
decision_type=2 2 2 2 2 2 2 2 2 2 2 2 2 2 2 2 2 2 2 2 2 2 2 2 2 2 2 2 2 2
left_child=4 7 3 8 6 -4 -1 14 24 16 11 17 -7 26 -2 23 27 22 -17 -13 -12 -6 -11 -8 28 -16 -10 -5 -3 -21
right_child=1 2 5 9 21 12 15 -9 13 10 20 19 -14 -15 25 18 -18 -19 -20 29 -22 -23 -24 -25 -26 -27 -28 -29 -30 -31
leaf_value=0.18043078257640205 -0.18180341162478597 -0.0071315398693938426 0.089997338051519674 0.082380144011033538 0.0039263438003810892 -0.057080242697848005 0.044518240946757645 -0.0038766236041042515 -0.087997983266229443 0.10343966584963103 -0.0064102349435977111 -0.069161392412691688 -0.15868895881005654 -0.21068236984190394 -0.15290069580845098 0.097586403422077556 0.010702945969863488 -0.051992535217940596 0.030351824380764527 0.042031142430876238 -0.09164842763288028 -0.11984015195033489 0.00019395958507718543 0.14441532415901115 0.068993745253990518 -0.056667751161772431 0.0096552490389772844 0.015049021456922804 -0.079821822833683762 0.094350737692416906
leaf_weight=149 282 449 47 608 91 159 78 101 223 59 174 47 309 60 84 186 288 283 748 825 183 77 646 166 71 139 55 104 80 157
leaf_count=149 282 449 47 608 91 159 78 101 223 59 174 47 309 60 84 186 288 283 748 825 183 77 646 166 71 139 55 104 80 157
internal_value=-0.000301369 -0.0163384 -0.00331548 0.00881043 0.0579511 -0.104664 0.072049 -0.119894 -0.0391158 0.022142 0.00837317 0.0187668 -0.124363 -0.0944616 -0.143044 0.0581989 0.054788 -0.00852781 0.0438312 0.0449567 -0.0502377 -0.0531734 0.00896866 0.112793 -0.0078323 -0.0934377 -0.0687127 0.0725802 -0.0182543 0.0504834
internal_weight=6928 5433 4827 4312 1495 515 1327 606 938 3374 2374 2017 468 338 505 1178 1000 988 934 1029 357 168 705 244 600 223 278 712 529 982
internal_count=6928 5433 4827 4312 1495 515 1327 606 938 3374 2374 2017 468 338 505 1178 1000 988 934 1029 357 168 705 244 600 223 278 712 529 982
is_linear=0
shrinkage=0.05


Tree=11
num_leaves=31
num_cat=0
split_feature=104 65 75 30 104 104 30 76 63 45 39 57 39 60 56 71 71 72 37 100 95 68 104 76 42 68 54 60 43 105
split_gain=7830.32 1414.08 1285.5 1261.38 1204.37 933.637 540.478 452.532 651.434 427.244 392.973 431.521 381.66 326.303 266.629 237.165 206.49 199.057 192.249 190.243 231.549 183.626 174.522 181.054 168.659 165.348 195.299 163.448 156.337 154.024
threshold=6.4651684761047372 0.043490096926689155 -1.3856948018074033 0.77340480685234081 4.6667289733886728 7.6830427646636972 0.77340480685234081 1.368796765804291 0.060821924358606345 0.33075912296772009 0.094443723559379592 1.7571133375167849 0.099346224218606963 0.21572840213775638 0.91628164052963268 -0.78201681375503529 0.80877730250358593 2.7888894081115727 0.16694119572639468 -2.4718549251556392 -0.040849313139915459 0.040882911533117301 9.5407228469848651 0.86446204781532299 -2.7279825210571285 0.042285023257136352 0.86175125837326061 0.087479554116725936 1.1450568437576296 5.1854088306427011
decision_type=2 2 2 2 2 2 2 2 2 2 2 2 2 2 2 2 2 2 2 2 2 2 2 2 2 2 2 2 2 2
left_child=4 16 -3 5 12 13 7 8 -6 -10 14 15 19 18 27 -12 29 -9 25 -1 -21 -22 23 -17 -15 -4 -27 -7 -11 -2
right_child=1 2 3 -5 6 10 -8 17 9 28 11 -13 -14 24 -16 22 -18 -19 -20 20 21 -23 -24 -25 -26 26 -28 -29 -30 -31
leaf_value=0.0055695173330605032 0.073563172047336908 -0.20752758471029145 -0.15079898333007641 -0.21389588657607381 0.094696252793593949 -0.060664262373452897 -0.12414051210880279 0.068718416192946316 -0.078312182670666114 0.024783735872704202 -0.20120544725993894 0.012155830894709764 0.073438901480887803 -0.094693372195417236 -0.15092488500807022 -0.12756698448758794 -0.079796086387632761 -0.010360128681935456 -0.062746876840084106 0.16648154857683112 -0.027656237725858335 0.11562886239629087 -0.13425826601909871 -0.069151038766460893 0.022170473332281851 0.0044811355929876831 -0.069119249975202565 0.00093181410338729622 -0.098115432834518818 0.013965717791670971
leaf_weight=27 137 139 21 116 178 176 49 1026 179 343 52 98 486 32 44 169 48 86 371 332 26 145 197 645 482 430 113 275 27 509
leaf_count=27 137 139 21 116 178 176 49 1026 179 343 52 98 486 32 44 169 48 86 371 332 26 145 197 645 482 430 113 275 27 509
internal_value=-0.000836442 -0.0457246 -0.0591423 -0.0526765 0.0618218 -0.0465865 0.0381674 0.0425572 0.0118583 -0.0151233 -0.072223 -0.0881253 0.105697 -0.0172581 -0.0348226 -0.0973731 0.0192291 0.0625988 -0.0348372 0.135084 0.142011 0.0938087 -0.091839 -0.0814208 0.0147252 -0.0163997 -0.0109342 -0.0231867 0.0155751 0.026699
internal_weight=6958 4054 3360 3221 2904 3105 1888 1839 727 549 1656 1161 1016 1449 495 1063 694 1112 935 530 503 171 1011 814 514 564 543 451 370 646
internal_count=6958 4054 3360 3221 2904 3105 1888 1839 727 549 1656 1161 1016 1449 495 1063 694 1112 935 530 503 171 1011 814 514 564 543 451 370 646
is_linear=0
shrinkage=0.05


Tree=12
num_leaves=31
num_cat=0
split_feature=104 104 67 75 47 104 64 75 47 47 76 33 28 76 33 22 105 69 65 28 64 64 59 0 75 71 33 28 78 93
split_gain=7418.76 1550.11 1046.8 836.919 793.632 769.269 470.649 641.666 519.854 355.644 344.885 340.535 288.025 244.935 368.177 237.025 236.1 231.568 205.693 203.454 202.154 199.677 184.134 176.231 156.412 152.588 142.494 142.19 132.794 125.19
threshold=6.0523612499237069 7.5517880916595468 0.069229938089847579 -0.51712018251419056 2.1587091684341435 4.6667289733886728 0.10481369495391847 -0.51712018251419056 2.1587091684341435 2.3998591899871831 1.368796765804291 0.13749691098928454 1.5323863029479983 1.368796765804291 0.14097852259874347 9.8858532905578631 8.1092181205749529 0.087042283266782774 0.19046110659837726 0.62269297242164623 0.19628487527370456 0.091660246253013625 0.05832194164395333 0.30087521672248846 0.58356881141662609 0.68046048283576976 0.27818666398525244 0.98027467727661144 0.74624541401863109 0.11237597465515138
decision_type=2 2 2 2 2 2 2 2 2 2 2 2 2 2 2 2 2 2 2 2 2 2 2 2 2 2 2 2 2 2
left_child=5 6 23 19 12 11 24 27 10 13 25 17 15 14 21 28 -13 -1 -6 -4 -21 -7 -19 -3 -2 -9 -12 -8 -5 -30
right_child=1 2 3 4 18 9 7 8 -10 -11 26 16 -14 -15 -16 -17 -18 22 -20 20 -22 -23 -24 -25 -26 -27 -28 -29 29 -31
leaf_value=0.17723395074858811 0.045970052879518532 -0.068232877616985488 -0.2332859875086476 -0.12328102837006252 -0.10330815243808662 0.10151223079425045 -0.12330453743426395 -0.02484928731681206 -0.097981819811587545 -0.074836064521539014 0.0096477852716708515 0.014483735370034482 -0.0021960539659258071 0.067611450240330162 -0.060457922503029782 -0.092729985454373401 0.15214478868322495 0.01252719327592506 -0.20892512429077015 -0.058054151113048715 -0.17662707171761072 0.023684438835365345 0.11134561043434235 0.021982468063526293 -0.048657013424339576 -0.11191889466396694 0.067769495496326243 -0.018933262343385392 -0.022710687927049257 -0.066959234256056141
leaf_weight=131 413 64 84 53 84 112 167 389 149 58 825 156 204 829 103 502 38 51 112 57 103 308 669 323 48 57 120 41 380 277
leaf_count=131 413 64 84 53 84 112 167 389 149 58 825 156 204 829 103 502 38 51 112 57 103 308 669 323 48 57 120 41 380 277
internal_value=-0.000115865 -0.0385942 -0.0678637 -0.0834536 -0.0703086 0.0696496 -0.00885682 -0.0207095 -0.00954615 0.0455024 -9.58215e-06 0.102156 -0.0571757 0.0507164 0.0238583 -0.0664203 0.0420902 0.115784 -0.164415 -0.169656 -0.135008 0.0446303 0.104373 0.00692573 0.0360334 -0.0362025 0.0170922 -0.10292 -0.0477139 -0.0414399
internal_weight=6907 4452 2243 1856 1612 2455 2209 1748 1540 1410 1391 1045 1416 1352 523 1212 194 851 196 244 160 420 720 387 461 446 945 208 710 657
internal_count=6907 4452 2243 1856 1612 2455 2209 1748 1540 1410 1391 1045 1416 1352 523 1212 194 851 196 244 160 420 720 387 461 446 945 208 710 657
is_linear=0
shrinkage=0.05


Tree=13
num_leaves=31
num_cat=0
split_feature=104 104 64 57 35 71 39 75 47 75 104 75 75 47 75 68 22 104 57 63 63 75 48 69 73 48 58 76 94 28
split_gain=6583.19 1361.62 901.715 1040.55 990.038 721.346 649.66 428.668 387.896 365.421 343.957 314.489 340.18 242.18 242.076 236.972 205.039 190.497 169.369 158.164 157.781 156.118 182.241 152.64 306.83 174.347 148.752 147.734 146.814 132.559
threshold=5.8593404293060312 8.4453048706054705 0.10481369495391847 1.2850040197372439 0.28025221824646002 0.0069400768261402854 0.094443723559379592 -1.3856948018074033 2.2635946273803715 1.5518245100975039 3.9239848852157597 -0.19866369664669034 1.7159757018089297 2.0780774354934697 0.58356881141662609 0.21608059108257296 9.862772464752199 4.5526995658874521 1.7571133375167849 0.10929416492581369 0.12846541404724124 -1.3856948018074033 0.57118457555770885 0.087042283266782774 1.1051074266433718 -0.13861684501171109 1.1578812599182131 2.216231226921082 -0.13511076569557187 1.5562533140182497
decision_type=2 2 2 2 2 2 2 2 2 2 2 2 2 2 2 2 2 2 2 2 2 2 2 2 2 2 2 2 2 2
left_child=6 2 14 4 5 21 10 -3 -5 16 -1 19 17 23 -2 20 28 -13 -19 -8 -7 -4 -23 -12 25 -25 -26 -22 -9 -18
right_child=1 7 3 8 -6 15 11 9 -10 -11 13 12 -14 -15 -16 -17 29 18 -20 -21 27 22 -24 24 26 -27 -28 -29 -30 -31
leaf_value=0.14593336641480276 0.035278309824469931 -0.23652066513895989 -0.14818076300068517 0.016188322017629177 -0.17905853720506035 -0.051478470312883579 0.08579990965398876 -0.10856489836043048 -0.10130834941703237 -0.17922126010231587 0.11926792432453222 0.094802399372074658 -0.038319006167728917 0.21218593611436734 -0.06095171378918976 0.021407813952910665 -0.10684967713827301 0.038149173137130309 0.11611701793968679 -0.03438854140969954 0.0093847859064462025 -0.045687590444222437 -0.10254509038316062 0.053702304647727454 0.087429280518264985 -0.069558688836793101 -0.026653513369420845 -0.077358146129796912 -0.022496028501533032 -0.032409241896122695
leaf_weight=277 716 47 88 927 149 476 32 61 75 86 156 331 88 33 71 264 337 561 79 160 269 265 307 54 466 59 30 59 251 74
leaf_count=277 716 47 88 927 149 476 32 61 75 86 156 331 88 33 71 264 337 561 79 160 269 265 307 54 466 59 30 59 251 74
internal_value=0.00101402 -0.0341444 -0.0208738 -0.0338368 -0.0557899 -0.0450634 0.0693512 -0.0908882 0.00730142 -0.0821459 0.0978552 0.0447988 0.0554653 0.0810046 0.0265305 -0.0196349 -0.0703673 0.0639955 0.0479395 -0.0140164 -0.0331215 -0.0861193 -0.0763295 0.0750762 0.0635792 -0.0107008 0.0804894 -0.00640607 -0.0396167 -0.093558
internal_weight=6848 4522 3666 2879 1877 1728 2326 856 1002 809 1075 1251 1059 798 787 1068 723 971 640 192 804 660 572 765 609 113 496 328 312 411
internal_count=6848 4522 3666 2879 1877 1728 2326 856 1002 809 1075 1251 1059 798 787 1068 723 971 640 192 804 660 572 765 609 113 496 328 312 411
is_linear=0
shrinkage=0.05


Tree=14
num_leaves=31
num_cat=0
split_feature=104 104 104 67 57 35 30 76 33 68 7 67 28 70 22 6 47 69 4 34 68 76 57 105 58 27 35 44 63 68
split_gain=6207.59 1043.93 977.253 726.681 608.086 792.153 433.147 341.265 474.146 319.022 324.109 312.9 324.065 306.182 303.177 285.002 280.702 255.933 199.658 182.584 214.567 177.881 175.08 168.723 149.803 149.586 149.313 149.087 137.776 125.185
threshold=6.4651684761047372 8.4453048706054705 4.6667289733886728 0.064804382622241988 1.2850040197372439 0.28025221824646002 0.77340480685234081 1.368796765804291 0.14097852259874347 0.21511720120906833 0.67172071337699901 0.064804382622241988 0.55603936314582836 0.057008676230907447 10.061662673950197 0.840551257133484 2.2429058551788335 0.087042283266782774 0.28981229662895208 0.14492835849523547 0.040882911533117301 2.863213419914246 1.2850040197372439 8.1092181205749529 0.76445811986923229 0.23212642222642901 0.27756966650485998 1.3489120006561282 0.062801346182823195 0.040882911533117301
decision_type=2 2 2 2 2 2 2 2 2 2 2 2 2 2 2 2 2 2 2 2 2 2 2 2 2 2 2 2 2 2
left_child=2 3 13 -2 5 9 7 8 17 10 -5 -3 -13 -1 27 24 22 -4 28 20 -15 -9 26 -21 -12 -11 -14 -6 -19 -20
right_child=1 11 6 4 14 -7 -8 21 -10 25 15 12 16 19 -16 -17 -18 18 29 23 -22 -23 -24 -25 -26 -27 -28 -29 -30 -31
leaf_value=0.16380499573491461 0.027247556891378533 -0.019868452226122223 0.092044856402721698 -0.09665472580509335 -0.020057541847838492 -0.1827036482042971 -0.11422323019554217 0.06125212820014439 -0.066467604401611521 -0.11757305549538655 -0.018465012464598678 -0.2323082039091322 -0.096655596528322466 -0.037927977766456282 -0.088434084189173423 -0.13261936543246686 -0.18393142576280394 0.037712538626510653 -0.064192189185908341 0.024429339538898046 0.10222208771736466 -0.010508145786680918 -0.051866360183589921 0.13897075740954815 -0.061339393109929835 0.015793615661238377 -0.23346663063222711 0.023701738019903693 -0.10883257967233657 0.038224928716263096
leaf_weight=138 523 140 135 353 326 112 47 1025 154 22 606 44 309 28 94 77 75 23 32 187 661 94 278 38 307 244 21 480 49 319
leaf_count=138 523 140 135 353 326 112 47 1025 154 22 606 44 309 28 94 77 75 23 32 187 661 94 278 38 307 244 21 480 49 319
internal_value=0.000472738 -0.039937 0.0557861 -0.0265256 -0.0372619 -0.0546696 0.0341439 0.0380126 0.0109295 -0.0456495 -0.0555512 -0.0884842 -0.101652 0.0943519 -0.00395063 -0.0408124 -0.0929079 0.0323707 0.0131536 0.083698 0.0964799 0.05522 -0.0813961 0.0443034 -0.032933 0.00436425 -0.106041 0.00599965 -0.0621442 0.0287319
internal_weight=6941 4011 2930 3144 2621 1721 1878 1831 712 1609 1343 867 727 1052 900 990 683 558 423 914 689 1119 608 225 913 266 330 806 72 351
internal_count=6941 4011 2930 3144 2621 1721 1878 1831 712 1609 1343 867 727 1052 900 990 683 558 423 914 689 1119 608 225 913 266 330 806 72 351
is_linear=0
shrinkage=0.05


Tree=15
num_leaves=31
num_cat=0
split_feature=104 104 39 67 57 35 67 71 47 104 30 71 71 64 43 43 104 57 35 48 57 68 69 77 48 58 37 67 35 48
split_gain=5449.35 1086.58 701.421 568.897 625.178 590.473 439.859 382.729 356.563 349.711 348.303 346.046 343.084 266.442 264.255 237.931 218.592 178.073 186.735 177.07 169.134 165.764 148.758 282.119 225.621 145.842 132.132 130.81 125.988 123.183
threshold=6.1114802360534677 8.1336612701416033 0.094443723559379592 0.064804382622241988 1.2850040197372439 0.28025221824646002 0.064804382622241988 -1.3549089431762693 2.1587091684341435 3.9239848852157597 0.77340480685234081 0.097135938704013838 -0.45946164429187769 0.10481369495391847 2.286893486976624 2.1093752384185795 4.9976954460144052 1.3039605021476748 0.30351519584655767 1.3380392193794253 1.7571133375167849 0.21608059108257296 0.087042283266782774 1.0320155024528506 -0.13861684501171109 1.1578812599182131 0.13833374530076983 0.081856075674295439 0.30022436380386358 0.57118457555770885
decision_type=2 2 2 2 2 2 2 2 2 2 2 2 2 2 2 2 2 2 2 2 2 2 2 2 2 2 2 2 2 2
left_child=2 3 9 -2 5 11 -3 -8 17 -1 12 13 28 -5 19 22 -14 18 -9 -6 -18 -13 -11 24 -24 -25 -15 -19 -4 -28
right_child=1 6 10 4 14 -7 7 8 -10 15 -12 21 16 26 -16 -17 20 27 -20 -21 -22 -23 23 25 -26 -27 29 -29 -30 -31
leaf_value=0.13410789783613211 0.030632143216628455 -0.0062161607533784179 -0.0072825806587183441 0.01904787216335535 -0.013023882067035584 -0.15356324073086439 -0.20745324807301646 -0.079960394661900858 -0.16118900299329184 0.1072199507492643 -0.09276654021098063 -0.029439642915770815 0.069373709522917701 -0.10605512739554659 -0.091394088727135503 0.20109256751397075 0.015930956009565397 -0.12619434197743734 -0.2335152274086362 0.032634690342240515 0.095053591674719107 0.01918677993561238 0.048259785162820805 0.07697965659308606 -0.082626406190296015 -0.033747576481255238 -0.022816597425478438 -0.028817002530362446 -0.11737497954657583 -0.079722642713061578
leaf_weight=293 508 204 123 86 370 116 61 477 115 172 51 643 605 218 64 33 509 38 20 496 77 240 72 519 59 31 158 310 32 242
leaf_count=293 508 204 123 86 370 116 61 477 115 172 51 643 605 218 64 33 509 38 20 496 77 240 72 519 59 31 158 310 32 242
internal_value=0.000667208 -0.0333583 0.0583267 -0.0177698 -0.0271163 -0.0451123 -0.0732813 -0.086662 -0.0787789 0.0867193 0.0343199 -0.0370935 0.0392005 -0.0632189 0.00585066 0.0709144 0.0483049 -0.067386 -0.0865962 0.0131345 0.0264718 -0.0162162 0.0656486 0.0550072 -0.0108683 0.0706887 -0.0746793 -0.0397813 -0.030618 -0.0573577
internal_weight=6942 4366 2576 3141 2633 1703 1225 1021 960 1179 1397 1587 1346 704 930 886 1191 845 497 866 586 883 853 681 131 550 618 348 155 400
internal_count=6942 4366 2576 3141 2633 1703 1225 1021 960 1179 1397 1587 1346 704 930 886 1191 845 497 866 586 883 853 681 131 550 618 348 155 400
is_linear=0
shrinkage=0.05


Tree=16
num_leaves=31
num_cat=0
split_feature=104 104 64 71 47 57 31 75 75 6 104 38 75 46 71 65 57 57 28 104 104 33 75 47 43 22 57 68 50 22
split_gain=5205.99 959.524 789.772 909.542 788.081 441.116 415.092 379.134 373.661 313.938 273.581 269.889 379.306 297.198 255.274 243.404 177.05 170.928 170.346 162.423 157.294 193.875 155.055 142.704 133.051 127.799 121.95 120.95 117.775 109.74
threshold=6.7927892208099374 4.6667289733886728 0.10411452502012254 -0.78201681375503529 2.1587091684341435 1.3039605021476748 0.77384480834007274 -1.5170890688896177 0.58356881141662609 0.840551257133484 8.3380646705627459 0.071859546005725874 -0.074013147503137575 0.28942920267581945 1.4573647975921633 0.0379703026264906 0.95151278376579296 1.7571133375167849 0.93036991357803356 8.5189104080200213 2.9267104864120488 0.14685034006834033 -0.074013147503137575 2.0597327947616582 2.1093752384185795 9.9079184532165545 1.427902936935425 0.040882911533117301 0.26748141646385198 9.7840023040771502
decision_type=2 2 2 2 2 2 2 2 2 2 2 2 2 2 2 2 2 2 2 2 2 2 2 2 2 2 2 2 2 2
left_child=1 15 8 16 5 9 7 -3 29 10 22 13 18 24 26 -1 -4 23 -13 -7 -17 27 -5 -14 28 -11 -6 -22 -9 -2
right_child=2 6 3 4 14 19 -8 11 -10 25 -12 12 17 -15 -16 20 -18 -19 -20 -21 21 -23 -24 -25 -26 -27 -28 -29 -30 -31
leaf_value=0.13691416089599198 0.042747169821946457 -0.10354590752663523 -0.17796668210239322 -0.064259089799653973 -0.095162345919013028 0.0057612149914992973 -0.10679096174344682 -0.046607323992066088 -0.094903530258357766 -0.21215347988264904 -0.087401881638289713 -0.058042413064310051 0.035659443871090234 -0.094014472017685577 -0.16749265750772077 0.12818605949481329 -0.077844244333413928 0.095240029966065648 0.0106082986403635 -0.041320596037923485 -0.033610059082508088 0.002733689789481914 -0.023463247316394886 -0.025175073044374587 0.18362459242343904 -0.061922858779629081 0.023074772282119807 0.07966541977578448 0.0672063840609744 0.00089310654813130755
leaf_weight=184 241 51 161 331 124 631 56 23 85 41 330 177 917 29 151 113 64 108 183 257 24 108 788 107 23 23 26 603 571 444
leaf_count=184 241 51 161 331 124 631 56 23 85 41 330 177 917 29 151 113 64 108 183 257 24 108 788 107 23 23 26 603 571 444
internal_value=-0.00104076 0.0448366 -0.0417074 -0.0535568 -0.0454768 -0.0358837 0.0264722 0.0299286 0.00334701 -0.052294 -0.0474321 0.0331594 0.0214454 0.0601392 -0.121626 0.0847221 -0.149958 0.0356555 -0.0232123 -0.00789609 0.0732495 0.0646408 -0.0355772 0.0292844 0.067525 -0.159948 -0.0746508 0.0752829 0.0627285 0.0156593
internal_weight=6974 3277 3697 2927 2702 2401 2245 2189 770 1513 1449 2138 1492 646 301 1032 225 1132 360 888 848 735 1119 1024 617 64 150 627 594 685
internal_count=6974 3277 3697 2927 2702 2401 2245 2189 770 1513 1449 2138 1492 646 301 1032 225 1132 360 888 848 735 1119 1024 617 64 150 627 594 685
is_linear=0
shrinkage=0.05


Tree=17
num_leaves=31
num_cat=0
split_feature=104 104 67 31 76 76 33 16 31 76 64 28 104 38 55 46 72 28 58 104 34 73 0 66 28 22 34 7 58 72
split_gain=4523.15 848.321 776.205 627.547 563.028 479.961 422.247 431.672 360.465 309.297 442.607 323.451 279.917 236.542 223.317 184.049 183.634 169.282 165.764 164.196 163.771 157.251 135.85 122.839 121.267 142.026 117.911 132.86 111.808 108.376
threshold=6.7927892208099374 4.6667289733886728 0.069229938089847579 0.77384480834007274 1.4293912649154665 2.6349219083786015 0.14097852259874347 0.023100346326828006 0.77384480834007274 1.368796765804291 0.10481369495391847 0.93036991357803356 9.4019160270690936 0.071859546005725874 0.83300653100013744 0.079580098390579238 2.7888894081115727 1.4332147240638735 0.60469603538513195 2.368236899375916 0.16858761757612231 2.6561553478240971 0.30087521672248846 0.046969179064035423 1.476015090942383 9.8157463073730487 0.068536572158336653 0.64558240771293651 0.59426450729370128 1.301722586154938
decision_type=2 2 2 2 2 2 2 2 2 2 2 2 2 2 2 2 2 2 2 2 2 2 2 2 2 2 2 2 2 2
left_child=1 13 22 4 6 12 7 14 9 10 29 28 17 15 -4 -1 24 21 -8 -15 -21 -6 -2 -13 25 -11 -9 -28 -12 -3
right_child=2 8 3 -5 5 -7 18 26 -10 16 11 23 -14 19 -16 -17 -18 -19 -20 20 -22 -23 -24 -25 -26 -27 27 -29 -30 -31
leaf_value=0.12231248196777562 -0.04127627806690503 0.074123522447645321 -0.19937935437474932 -0.1670754775956825 -0.010793547812478897 -0.081338404442605899 -0.17383363246917727 -0.0056889439137398305 -0.098578362977295594 0.06631974578552137 -0.1082546482201327 -0.088802199810743332 -0.072324900749453247 0.15256691167249958 -0.047269188536283299 -0.015107679311875944 -0.01364677196137578 0.021471017562132329 -0.094963754526330074 0.067270185740246069 -0.00069254833196691421 -0.074458950646221642 0.022886825531113889 0.020314817358663598 0.074386200381937509 0.024248668732875459 -0.10354825121284737 -0.038496380706192448 -0.037103173262651334 -0.010161932783716536
leaf_weight=343 97 216 69 107 825 334 105 195 56 315 87 27 186 46 38 26 126 374 197 493 108 109 522 328 353 555 98 393 153 46
leaf_count=343 97 216 69 107 825 334 105 195 56 315 87 27 186 46 38 26 126 374 197 493 108 109 522 328 353 555 98 393 153 46
internal_value=6.75728e-05 0.0426893 -0.0382219 -0.0486423 -0.0442512 -0.027243 -0.0725941 -0.0533173 0.0256226 0.0288187 0.00531936 -0.0185288 -0.0151031 0.0806236 -0.146297 0.112615 0.0437325 -0.00691698 -0.122869 0.0622325 0.0550764 -0.0182951 0.0127818 0.0117896 0.0496503 0.03954 -0.0386228 -0.0516643 -0.0632377 0.0593429
internal_weight=6927 3278 3649 3030 2923 1828 1095 793 2262 2206 857 595 1494 1016 107 369 1349 1308 302 647 601 934 619 355 1223 870 686 491 240 262
internal_count=6927 3278 3649 3030 2923 1828 1095 793 2262 2206 857 595 1494 1016 107 369 1349 1308 302 647 601 934 619 355 1223 870 686 491 240 262
is_linear=0
shrinkage=0.05


Tree=18
num_leaves=31
num_cat=0
split_feature=104 104 67 75 47 76 33 39 75 104 64 38 76 46 61 75 57 43 75 46 0 57 28 58 50 38 104 37 73 50
split_gain=4077.85 758.912 670.107 654.527 564.939 413.625 465.28 328.344 320.871 290.45 225.356 216.784 325.714 238.481 205.321 194.888 173.073 171.44 147.156 137.847 131.845 125.875 118.239 115.394 114.106 113.291 112.477 115.395 112.008 109.869
threshold=6.7927892208099374 4.6667289733886728 0.064804382622241988 -1.3856948018074033 2.1587091684341435 1.4293912649154665 0.14097852259874347 0.72882696986198436 -1.5170890688896177 8.3380646705627459 0.10481369495391847 0.085154917091131224 0.90577423572540294 0.28942920267581945 0.20317985117435458 -0.39726980030536646 0.82581457495689403 1.1450568437576296 0.58356881141662609 1.6526112556457522 0.30087521672248846 1.7571133375167849 1.5323863029479983 0.61651557683944713 0.82063290476799022 0.085154917091131224 2.368236899375916 0.037604182958602912 2.9296907186508183 0.26748141646385198
decision_type=2 2 2 2 2 2 2 2 2 2 2 2 2 2 2 2 2 2 2 2 2 2 2 2 2 2 2 2 2 2
left_child=1 10 20 -4 5 6 17 8 -3 22 18 13 23 29 -6 -12 -8 25 -1 26 -2 28 24 -13 -7 -5 -17 -28 -14 -10
right_child=2 7 3 4 14 9 16 -9 11 -11 15 12 21 -15 -16 19 -18 -19 -20 -21 -22 -23 -24 -25 -26 -27 27 -29 -30 -31
leaf_value=0.12819329324315806 -0.041648263835910866 -0.098447220712900171 -0.15800396702991473 -0.0060715681036446261 -0.049508213516700705 -0.0041263657044531103 -0.17467808212552752 -0.095863545526351249 -0.045508997499942777 -0.05308343703376836 -0.010759055866704633 -0.083572988281647373 0.033478930340140808 -0.086244519253571836 -0.13572548430692405 0.15844431137427306 -0.087482186454857142 -0.12178366283575695 0.019309833726367437 -0.033279624920819074 0.02242361593401633 0.080502175699387279 0.026318220943330403 -0.010679726558123206 -0.046710879718884823 -0.047495425523815138 0.13996180781611689 0.062598585255756248 -0.0064366552774257971 0.061920514211675284
leaf_weight=243 95 49 125 270 108 738 83 55 24 434 83 74 785 29 199 38 193 56 36 30 491 111 236 198 199 425 53 530 226 662
leaf_count=243 95 49 125 270 108 738 83 55 24 434 83 74 785 29 199 38 193 56 36 30 491 111 236 198 199 425 53 530 226 662
internal_value=-0.000810685 0.0401454 -0.0369904 -0.0463515 -0.0415539 -0.0340456 -0.0588177 0.023719 0.0268097 -0.0181875 0.0759717 0.0297652 0.0182626 0.0521344 -0.105654 0.0612812 -0.11424 -0.0383246 0.114263 0.0704685 0.0119833 0.0301599 -0.00524203 -0.0307445 -0.0132106 -0.0314345 0.0755259 0.0698592 0.0245586 0.0581013
internal_weight=6878 3226 3652 3066 2941 2634 1027 2213 2158 1607 1013 2109 1394 715 307 734 276 751 279 651 586 1122 1173 272 937 695 621 583 1011 686
internal_count=6878 3226 3652 3066 2941 2634 1027 2213 2158 1607 1013 2109 1394 715 307 734 276 751 279 651 586 1122 1173 272 937 695 621 583 1011 686
is_linear=0
shrinkage=0.05


Tree=19
num_leaves=31
num_cat=0
split_feature=104 104 65 39 30 53 69 58 35 43 72 104 44 37 104 28 22 22 25 46 4 7 60 104 45 6 22 109 7 62
split_gain=3756.34 928.939 548.017 414.118 372.306 376.707 291.707 299.723 316.483 252.384 267.915 225.679 220.504 272.893 200.668 192.194 162.747 152.602 152.474 225.936 150.401 126.497 124.632 118.558 106.812 104.265 100.766 98.1808 96.6972 96.1901
threshold=6.0523612499237069 7.6312716007232675 0.0379703026264906 0.094443723559379592 0.77340480685234081 0.49327684938907629 0.087042283266782774 0.90760141611099254 0.28025221824646002 2.1520159244537358 0.88842552900314342 3.8516664505004887 -0.28543853759765619 0.1574431508779526 10.215177059173586 1.4332147240638735 10.061662673950197 9.8315639495849627 0.82336866855621349 0.15539190918207171 0.19586640596389773 0.38235296308994299 0.21572840213775638 2.9267104864120488 -0.49595844745635981 0.840551257133484 10.062452316284181 10.500000000000002 0.66166779398918163 0.089438416063785567
decision_type=2 2 2 2 2 2 2 2 2 2 2 2 2 2 2 2 2 2 2 2 2 2 2 2 2 2 2 2 2 2
left_child=3 6 24 11 5 12 -2 8 20 10 29 -1 -4 -14 15 17 21 -7 19 -13 -8 -9 25 -12 -3 28 -17 -25 -22 -5
right_child=1 2 4 9 -6 14 7 16 -10 -11 23 18 13 -15 -16 26 -18 -19 -20 -21 22 -23 -24 27 -26 -27 -28 -29 -30 -31
leaf_value=0.11753107401913898 0.058735479814546 -0.075022371091386861 -0.017632022478809472 0.082698545217514047 -0.16815384494793881 -0.022530683437099339 -0.12021852493286134 -0.05415854488613682 -0.11851722645972457 -0.028245371548786948 0.12835707639126068 0.062054183035460425 -0.17936906980958001 -0.081458583373935703 -0.09159210483866885 0.0079025093651803654 -0.063859934968528362 -0.064006263852758427 0.14280104874460786 -0.048845970835916852 -0.047532330377234359 0.025986362082775546 0.020221497130423902 0.019224787719831361 0.018453534382469213 -0.10065061609919479 -0.075209870899007436 0.056601681069813975 -0.0097579182449861537 -0.021263002720087989
leaf_weight=221 168 33 67 24 76 362 34 52 83 158 46 801 114 196 192 276 61 578 53 48 224 705 206 242 302 40 41 654 689 202
leaf_count=221 168 33 67 24 76 362 34 52 83 158 46 801 114 196 192 276 61 578 53 48 224 705 206 242 302 40 41 654 689 202
internal_value=6.62983e-05 -0.0270567 -0.0498956 0.049884 -0.0602769 -0.0556974 -0.00445811 -0.0095537 -0.024692 0.0309258 0.0389475 0.0722217 -0.100195 -0.117925 -0.0440589 -0.0367314 0.0140618 -0.0480747 0.0610025 0.0557341 -0.0180705 0.0204168 -0.0149729 0.0506665 0.00904958 -0.0225937 -0.00304975 0.0465393 -0.0190675 -0.00990716
internal_weight=6948 4499 2237 2449 1902 1826 2262 2094 1276 1326 1168 1123 377 310 1449 1257 818 940 902 849 1193 757 1159 942 335 953 317 896 913 226
internal_count=6948 4499 2237 2449 1902 1826 2262 2094 1276 1326 1168 1123 377 310 1449 1257 818 940 902 849 1193 757 1159 942 335 953 317 896 913 226
is_linear=0
shrinkage=0.05


Tree=20
num_leaves=31
num_cat=0
split_feature=104 104 104 67 57 34 33 58 71 75 75 54 73 22 76 43 42 43 109 28 65 68 24 43 32 23 44 50 76 108
split_gain=3267.86 710.751 557.825 417.02 388.893 459.772 335.504 360.504 308.085 243.007 213.132 195.02 191.007 190.744 177.266 149.326 147.762 152.377 138.449 137.409 136.046 128.649 111.267 119.295 105.202 108.546 105.06 103.402 97.1765 93.3308
threshold=6.4651684761047372 8.4453048706054705 3.8992782831192021 0.064804382622241988 1.2850040197372439 0.16858761757612231 0.13749691098928454 0.62759751081466686 -1.3549089431762693 -1.5170890688896177 -1.3856948018074033 0.81045138835906994 2.9982907772064213 9.862772464752199 2.6349219083786015 2.1520159244537358 -1.0769518017768858 2.1093752384185795 28.500000000000004 1.9780542850494387 0.03187470696866513 0.038001786917448051 0.37376371026039129 0.3655098825693131 0.10121589154005052 0.84359925985336315 1.3489120006561282 0.26748141646385198 1.368796765804291 0.75000000000000011
decision_type=2 2 2 2 2 2 2 2 2 2 2 2 2 2 2 2 2 2 2 2 2 2 2 2 2 2 2 2 2 2
left_child=2 3 20 -2 5 8 9 -8 -5 -4 -3 21 16 18 26 -15 17 27 -12 29 -1 -10 -23 -24 25 -18 -6 -11 -22 -9
right_child=1 10 6 4 14 -7 7 19 11 12 13 -13 -14 15 -16 -17 24 -19 -20 -21 28 22 23 -25 -26 -27 -28 -29 -30 -31
leaf_value=0.15684032965274086 0.021081335592493339 -0.17506064014590306 -0.092800186897682796 -0.11118311131686237 -0.013043371786853145 -0.11285951171220854 -0.086038527224178707 -0.0189190432097672 -0.12808076798915866 -0.045029871457296873 -0.0096562688466736331 -0.062677051179865412 -0.0084671723193450437 -0.071696003544709869 -0.05321870033704016 -0.14761760215970535 0.024359908170053658 0.17066013018290205 -0.074588863983722956 0.083838804373665476 0.045870173406087282 0.032561152877870127 -0.042869714727024583 -0.006097995122405591 0.043030175643365205 -0.060077238390938592 0.024119521221280214 0.06366113955112708 0.095121614047237291 0.030496152336858786
leaf_weight=62 542 45 33 112 328 197 108 204 24 22 208 278 168 400 136 78 141 32 135 62 160 117 337 636 785 51 450 625 282 178
leaf_count=62 542 45 33 112 328 197 108 204 24 22 208 278 168 400 136 78 141 32 135 62 160 117 337 636 785 51 450 625 282 178
internal_value=-0.000623745 -0.0298248 0.0397008 -0.0188056 -0.0270777 -0.041205 0.0296692 -0.00454963 -0.0317507 0.0398378 -0.0699272 -0.0252843 0.042287 -0.0639588 -0.000769756 -0.0843672 0.047438 0.0653647 -0.0353554 0.0154208 0.087496 -0.0159051 -0.01332 -0.0188649 0.0349252 0.00173622 0.00845524 0.0599015 0.0774368 0.00412639
internal_weight=6936 4023 2913 3157 2615 1701 2409 552 1504 1857 866 1392 1824 821 914 478 1656 679 343 444 504 1114 1090 973 977 192 778 647 442 382
internal_count=6936 4023 2913 3157 2615 1701 2409 552 1504 1857 866 1392 1824 821 914 478 1656 679 343 444 504 1114 1090 973 977 192 778 647 442 382
is_linear=0
shrinkage=0.05


Tree=21
num_leaves=31
num_cat=0
split_feature=104 104 39 75 64 75 43 70 75 75 43 76 104 30 56 76 57 43 62 76 57 68 22 22 62 109 106 104 68 23
split_gain=3084.94 820.627 423.345 385.756 345.718 384.016 277.099 261.593 293.351 257.545 248.219 247.967 212.228 210.824 205.701 195.302 169.933 164.532 151.296 139.899 133.108 130.082 121.702 119.476 114.861 106.005 121.903 98.5249 97.3467 89.7405
threshold=5.8593404293060312 7.5517880916595468 0.094443723559379592 -1.3963412642478941 0.10481369495391847 -0.40863882005214686 2.1520159244537358 0.056705638766288764 -1.3856948018074033 0.58356881141662609 2.3211209774017338 0.86446204781532299 3.8516664505004887 0.77340480685234081 0.91628164052963268 1.368796765804291 1.2959145903587344 2.1093752384185795 0.17579040676355365 2.6349219083786015 1.7571133375167849 0.21608059108257296 10.001131534576418 9.7845845222473162 0.11470465734601022 16.500000000000004 3.7886549234390263 3.8516664505004887 0.042784908786416061 2.2229561805725102
decision_type=2 2 2 2 2 2 2 2 2 2 2 2 2 2 2 2 2 2 2 2 2 2 2 2 2 2 2 2 2 2
left_child=4 7 3 23 9 -6 11 -2 -9 27 12 24 -7 15 17 18 21 25 -10 -17 -13 28 -18 -3 -4 26 -5 -1 -14 -24
right_child=1 2 6 14 5 10 -8 8 13 -11 -12 20 16 -15 -16 19 22 -19 -20 -21 -22 -23 29 -25 -26 -27 -28 -29 -30 -31
leaf_value=0.1395410808047863 0.054994180957738129 -0.032984964087605477 -0.04961828265748694 0.054795693024923958 -0.031071668653445766 0.088349640885537317 -0.12127731566900735 -0.096855947208082827 -0.016578184848029628 -0.003423271145482984 -0.034556364464575988 -0.048503624398059997 -0.091931098415738058 -0.095875540773073836 -0.11202626380514591 0.016871541801276101 0.073914087550448523 0.10492698839216522 -0.11171932260195415 -0.031553999717119911 0.015028651620722026 0.062701103183846016 -0.011671842437765631 -0.16908008242553135 -0.12301320929716274 -0.026934504271444573 -0.0077458856182261119 0.082597411412280053 0.017688936071822026 0.098298479864994681
leaf_weight=98 181 24 82 107 191 274 181 87 596 78 95 760 20 59 46 1124 419 32 44 171 92 176 81 52 163 403 279 383 581 23
leaf_count=98 181 24 82 107 191 274 181 87 596 78 95 760 20 59 46 1124 419 32 44 171 92 176 81 52 163 403 279 383 581 23
internal_value=0.000861253 -0.0236926 -0.0452743 -0.0198315 0.0463566 0.03596 -0.0640176 -0.0024915 -0.00751547 0.0808242 0.043645 -0.0544682 0.0483839 -0.00357087 -0.0102939 -0.000708342 0.0398989 -0.00446455 -0.0232832 0.0104577 -0.0416338 0.0250161 0.0619198 -0.127089 -0.0987499 -0.00902842 0.00968756 0.0944647 0.0138944 0.0133531
internal_weight=6902 4483 2221 943 2419 1860 1278 2262 2081 559 1669 1097 1574 1994 867 1935 1300 821 640 1295 852 777 523 76 245 789 386 481 601 104
internal_count=6902 4483 2221 943 2419 1860 1278 2262 2081 559 1669 1097 1574 1994 867 1935 1300 821 640 1295 852 777 523 76 245 789 386 481 601 104
is_linear=0
shrinkage=0.05


Tree=22
num_leaves=31
num_cat=0
split_feature=104 104 104 38 57 62 0 46 30 65 6 43 21 58 35 70 43 43 98 74 109 65 22 6 71 70 43 71 37 22
split_gain=2753.87 571.216 488.994 374.294 291.941 253.742 227.969 218.617 200.101 177.686 176.745 168.339 170.576 168.2 208.034 178.01 138.645 136.653 139.534 123.322 110.197 108.264 105.456 105.082 110.505 99.1867 106.801 95.9545 90.094 89.8398
threshold=6.7927892208099374 4.6667289733886728 8.4453048706054705 0.071859546005725874 0.9704442322254182 0.11685163900256158 0.13920997083187106 0.079580098390579238 0.77340480685234081 0.0379703026264906 0.18484129011631015 2.3211209774017338 0.56407371163368236 0.90760141611099254 0.28025221824646002 0.056705638766288764 2.1093752384185795 2.3211209774017338 -0.25736182928085322 0.7997632920742036 8.5000000000000018 0.028068585321307186 9.8610854148864764 0.840551257133484 -1.3549089431762693 0.060838390141725547 2.286893486976624 -1.2422778010368345 0.16694119572639468 10.061662673950197
decision_type=2 2 2 2 2 2 2 2 2 2 2 2 2 2 2 2 2 2 2 2 2 2 2 2 2 2 2 2 2 2
left_child=1 9 3 7 5 -5 -3 16 13 -1 -4 12 -6 14 15 -8 19 18 -12 -2 -11 -21 -20 24 -17 -22 27 -27 -26 -15
right_child=2 6 10 4 11 -7 8 -9 -10 20 17 -13 -14 29 -16 23 -18 -19 22 21 25 -23 -24 -25 28 26 -28 -29 -30 -31
leaf_value=0.10852248927648055 -0.056519012355420277 -0.097572766571510136 -0.14707922255941505 -0.034841412656980091 -0.03972028632912622 -0.10664588394071102 0.063902972311137576 -0.098284643953261169 -0.08064015228301287 0.019076841721169149 -0.088311983943375624 -0.076680393922142695 -0.0016588510074636413 0.04527581446376433 -0.093124164715409283 -0.06865400247184969 0.12968758416175843 -0.14130819731288488 -0.013983154306584131 0.095863606929779063 -0.04427877309776488 0.011244792512115704 -0.05739138562888027 -0.07172010313662236 0.028185446601777211 -0.027219600159151015 -0.015125226543137901 0.075849514199611501 -0.0017675514530491551 -0.027649482720428043
leaf_weight=186 63 40 57 305 448 207 169 45 46 176 190 119 855 782 44 40 24 44 246 39 20 698 326 38 573 23 37 593 446 44
leaf_count=186 63 40 57 305 448 207 169 45 46 176 190 119 855 782 44 40 24 44 246 39 20 698 326 38 573 23 37 593 446 44
internal_value=0.000137692 0.0335889 -0.0295825 -0.019437 -0.0316795 -0.064023 0.0192827 0.00781441 0.0214686 0.0642539 -0.0624744 -0.0199972 -0.0147656 0.0237043 0.0125472 0.0162904 0.0137208 -0.0563163 -0.0512299 0.0100842 0.0544392 0.0158464 -0.0387798 0.00890387 0.0118618 0.063645 0.0670131 0.0719633 0.0150866 0.0413624
internal_weight=6923 3257 3666 2803 1934 512 2222 869 2182 1035 863 1422 1303 2136 1310 1266 824 806 762 800 849 737 572 1097 1059 673 653 616 1019 826
internal_count=6923 3257 3666 2803 1934 512 2222 869 2182 1035 863 1422 1303 2136 1310 1266 824 806 762 800 849 737 572 1097 1059 673 653 616 1019 826
is_linear=0
shrinkage=0.05


Tree=23
num_leaves=31
num_cat=0
split_feature=104 104 104 69 76 47 30 76 33 33 8 30 67 70 71 71 68 65 76 82 43 67 52 38 29 73 55 43 73 27
split_gain=2554.71 486.265 482.033 307.488 267.969 310.084 216.234 206.446 272.601 176.115 167.622 164.49 163.319 153.703 157.211 147.911 144.828 142.993 122.968 117.013 114.183 112.308 134.448 111.109 92.6811 96.4392 90.1425 88.568 83.1183 82.6415
threshold=6.790102720260621 4.6667289733886728 8.3380646705627459 0.087042283266782774 1.368796765804291 2.1587091684341435 0.77340480685234081 1.368796765804291 0.14097852259874347 0.14097852259874347 0.23903834819793704 0.77340480685234081 0.17293584346771243 0.055902438238263137 -1.3549089431762693 -1.3549089431762693 0.040882911533117301 0.0379703026264906 1.368796765804291 0.43639452755451208 1.1450568437576296 0.062914311885833754 0.85899680852890026 0.068228106945753111 1.6478185653686526 2.9296907186508183 0.61217096447944652 2.286893486976624 3.3973481655120854 0.4131383895874024
decision_type=2 2 2 2 2 2 2 2 2 2 2 2 2 2 2 2 2 2 2 2 2 2 2 2 2 2 2 2 2 2
left_child=1 17 3 29 9 -6 7 8 13 15 -4 21 -7 -3 -15 -5 -16 -1 -19 -20 26 -12 -23 -9 25 -25 -17 -24 -27 -2
right_child=2 6 10 4 5 12 -8 23 -10 -11 11 -13 -14 14 16 20 -18 18 19 -21 -22 22 27 24 -26 28 -28 -29 -30 -31
leaf_value=0.10006499535100347 0.019830997584271849 0.059117477639229032 -0.13943327087603632 -0.12117484117096121 -0.0029831224608983264 0.056633846492817011 -0.076445679951073806 0.063928939625733511 -0.054219324593053224 -0.084873623245119573 -0.0045371841498455341 -0.15415893304042327 -0.082472011146455776 -0.093669999409944582 -0.060073278339639796 0.028794925301693954 0.022195186281351666 0.026015817943553923 0.073106813716107819 -0.0042688663066788157 -0.12481149916670152 -0.093592520483902528 -0.038395187130261348 0.030222746361299142 0.079197970959238528 -0.043304479956722028 -0.029016389201077089 -0.11780603449595602 0.022065955670733078 0.08951689324595713
leaf_weight=186 192 159 60 43 1451 23 57 247 171 214 123 38 191 38 61 77 390 306 502 54 27 181 520 790 77 92 504 37 101 54
leaf_count=186 192 159 60 43 1451 23 57 247 171 214 123 38 191 38 61 77 390 306 502 54 27 181 520 790 77 92 504 37 101 54
internal_value=-0.000248884 0.0323014 -0.028408 -0.0178385 -0.0230298 -0.0112887 0.0188467 0.0214364 0.00174844 -0.0455907 -0.0589527 -0.0534324 -0.0673275 0.0165785 0.00265438 -0.032567 0.0109597 0.0602831 0.051593 0.0655977 -0.0261116 -0.0488132 -0.0561764 0.0337626 0.0266796 0.0224894 -0.0213183 -0.0438719 -0.00915768 0.0354284
internal_weight=6966 3231 3735 2776 2530 1665 2183 2126 819 865 959 899 214 648 489 651 451 1048 862 556 608 861 738 1307 1060 983 581 557 193 246
internal_count=6966 3231 3735 2776 2530 1665 2183 2126 819 865 959 899 214 648 489 651 451 1048 862 556 608 861 738 1307 1060 983 581 557 193 246
is_linear=0
shrinkage=0.05


Tree=24
num_leaves=31
num_cat=0
split_feature=67 75 39 57 34 68 22 28 39 67 71 105 57 39 58 107 40 7 52 32 50 52 93 34 40 59 0 43 64 95
split_gain=735.896 821.549 660.804 440.018 466.494 376.806 309.792 238.589 236.405 220.15 216.712 348.252 206.848 190.971 275.662 183.106 181.688 179.148 159.806 134.188 128.174 124.679 121.186 106.131 105.767 102.979 99.4153 91.7968 85.1258 81.4628
threshold=0.064804382622241988 -1.3856948018074033 0.72882696986198436 1.2850040197372439 0.16858761757612231 0.19738575816154483 10.061662673950197 1.3066034913063052 0.096230614930391326 0.0722692906856537 0.85511919856071483 3.3338738679885869 0.82581457495689403 0.089150011539459242 1.1578812599182131 0.20677691698074344 0.10491084679961206 0.66166779398918163 0.64225661754608165 0.208325169980526 0.4982841312885285 1.1368978619575503 -0.030800551176071164 0.16492540389299395 0.23986855894327166 0.13470767438411715 0.26513126492500311 2.1093752384185795 0.21880447119474414 -0.054461255669593804
decision_type=2 2 2 2 2 2 2 2 2 2 2 2 2 2 2 2 2 2 2 2 2 2 2 2 2 2 2 2 2 2
left_child=10 -2 3 4 5 7 9 8 22 -5 11 -1 -6 14 20 19 -9 24 -19 -15 -11 -17 -3 -20 -10 -18 -7 29 -14 -22
right_child=1 2 -4 6 12 26 -8 16 17 13 -12 -13 28 15 -16 21 25 18 23 -21 27 -23 -24 -25 -26 -27 -28 -29 -30 -31
leaf_value=0.10892068206273063 -0.10685508361638492 0.037833563708837753 -0.10058136480230401 -0.093688879571855066 -0.12341346827155926 -0.070020693957805635 -0.043962190084160586 -0.12219096426392946 -0.10712608559166684 -0.0052617754307434416 -0.034671818436860728 0.03082854578819736 -0.088595635816454896 -0.0015776109112913186 -0.040191707074737709 0.022299933301022392 -0.020854934433172295 0.032598264378132201 -0.031614930998045528 0.038699963533055194 0.089386547791854121 -0.035371859052440287 -0.0025079019467913804 0.024143783704688154 -0.037896353246828593 -0.08828567652635172 0.031832990436417304 0.12779727727174758 -0.01862409975748484 0.043451947026982317
leaf_weight=171 198 308 169 39 113 24 191 70 67 65 95 850 61 300 77 148 285 181 459 664 157 252 468 104 307 70 620 59 148 259
leaf_count=171 198 308 169 39 113 24 191 70 67 65 95 850 61 300 77 148 285 181 459 664 157 252 468 104 307 70 620 59 148 259
internal_value=8.38491e-05 -0.00700131 -0.00349303 -0.000489848 -0.0120952 -0.00587306 0.0167505 -0.0152696 -0.00766078 0.0225101 0.0372793 0.0440014 -0.069155 0.0248438 0.0479065 0.014384 -0.0490806 -0.0223696 -0.00815421 0.0261768 0.0605197 -0.0140309 0.013532 -0.0212904 -0.0505511 -0.0343618 0.0279345 0.0695135 -0.039371 0.0609606
internal_weight=6979 5863 5665 5496 3285 2963 2211 2319 1894 2020 1116 1021 322 1981 617 1364 425 1118 744 964 540 400 776 563 374 355 644 475 209 416
internal_count=6979 5863 5665 5496 3285 2963 2211 2319 1894 2020 1116 1021 322 1981 617 1364 425 1118 744 964 540 400 776 563 374 355 644 475 209 416
is_linear=0
shrinkage=0.05


Tree=25
num_leaves=31
num_cat=0
split_feature=104 104 67 104 75 30 70 75 38 75 43 47 76 40 57 42 56 59 105 43 35 10 69 3 43 63 71 21 47 59
split_gain=2191.6 578.775 308.811 244.723 229.846 239.945 185.754 218.513 171.209 158.393 200.738 150.355 174.25 141.825 166.641 130.674 126.947 133.238 138.222 113.664 109.29 100.484 93.7081 91.907 81.9322 78.1255 77.011 75.233 84.587 69.8625
threshold=5.8593404293060312 7.6312716007232675 0.062914311885833754 3.8516664505004887 -1.3856948018074033 0.77340480685234081 0.056705638766288764 -1.3856948018074033 0.071859546005725874 -0.11046278476715087 2.1520159244537358 2.1587091684341435 1.368796765804291 0.15717969834804538 1.4003233313560488 0.58141601085662853 0.91628164052963268 0.087103646248579039 3.4661101102828984 1.1937325596809389 0.30351519584655767 0.024628154002130035 0.087042283266782774 0.3036057054996491 2.1093752384185795 0.17569820582866671 -1.2422778010368345 0.97220188379287731 0.35213065147399908 0.13218131661415103
decision_type=2 2 2 2 2 2 2 2 2 2 2 2 2 2 2 2 2 2 2 2 2 2 2 2 2 2 2 2 2 2
left_child=3 6 23 22 -4 13 -2 -8 15 -10 -11 12 19 16 20 21 17 18 -6 25 27 -5 -1 -3 -23 -9 -24 28 -15 -13
right_child=1 2 4 8 5 -7 7 11 9 10 -12 29 -14 14 -16 -17 -18 -19 -20 -21 -22 24 26 -25 -26 -27 -28 -29 -30 -31
leaf_value=0.13299247563949654 0.046108217099522751 -0.043549149482430001 -0.13044507717474915 -0.019078770962854229 -0.13431720384707055 -0.13427186444185782 -0.081453387125542287 -0.012548672280304263 -0.011686526431391637 0.038293603083685755 -0.033897516907672315 0.03604281700792767 0.010786270599284373 -0.072135451715439558 -0.014373598419317409 -0.05868205532718164 -0.10340911669608875 0.020198156179228266 -0.020111117084298781 -0.13016782117926556 -0.1325078381344359 0.057000725292106563 -0.031169962226634935 0.021816397659274459 0.14260844548543294 -0.087468868252393361 0.068234467643499372 -0.095899718523640001 -0.038140234456494913 -0.062314535203305155
leaf_weight=55 175 68 77 41 29 68 94 598 299 838 108 20 1271 271 287 25 38 209 232 22 46 555 20 243 29 36 374 96 578 142
leaf_count=55 175 68 77 41 29 68 94 598 299 838 108 20 1271 271 287 25 38 209 232 22 46 555 20 243 29 36 374 96 578 142
internal_value=-0.000554849 -0.0206054 -0.0387881 0.0387855 -0.0462319 -0.0426659 -0.00330811 -0.00728886 0.030892 0.0200061 0.0300248 -0.00391426 -1.38623e-05 -0.0391049 -0.0479858 0.0516799 -0.0167127 -0.0094985 -0.0332649 -0.0209237 -0.0576957 0.0561811 0.0719576 0.00743048 0.0614883 -0.0169339 0.0631224 -0.0539179 -0.0490636 -0.050025
internal_weight=6944 4600 2242 2344 1931 1854 2358 2183 1895 1245 946 2089 1927 1786 1278 650 508 470 261 656 991 625 449 311 584 634 394 945 849 162
internal_count=6944 4600 2242 2344 1931 1854 2358 2183 1895 1245 946 2089 1927 1786 1278 650 508 470 261 656 991 625 449 311 584 634 394 945 849 162
is_linear=0
shrinkage=0.05


Tree=26
num_leaves=31
num_cat=0
split_feature=104 104 104 62 58 35 0 16 6 22 72 55 28 35 7 46 71 20 28 42 72 48 22 43 59 62 36 39 109 71
split_gain=2021.49 440.395 344.59 260.049 273.569 256.53 197.397 192.417 150.959 148.438 134.229 162.465 129.739 141.521 123.173 110.869 123.798 104.059 91.3305 136.531 108.378 91.054 85.9796 96.4398 85.4281 84.5259 82.7936 76.7811 76.7674 88.6522
threshold=6.5619361400604257 8.4453048706054705 3.8992782831192021 0.057501688599586494 0.90760141611099254 0.30022436380386358 0.13920997083187106 0.055648056790232665 0.18484129011631015 10.061662673950197 0.8428134322166444 1.2304415702819826 1.9192472696304324 0.30022436380386358 1.8966757059097292 0.23364975303411487 -1.3933466672897337 0.67430889606475841 1.3261230587959292 0.58141601085662853 2.2428100109100346 1.3380392193794253 9.9584760665893572 2.1093752384185795 0.18430292606353763 0.075777564197778716 0.038406059145927436 0.099346224218606963 4.5000000000000009 -1.2671753168106077
decision_type=2 2 2 2 2 2 2 2 2 2 2 2 2 2 2 2 2 2 2 2 2 2 2 2 2 2 2 2 2 2
left_child=2 3 27 -2 5 10 -4 15 -3 21 -5 18 13 24 -15 16 -8 28 20 -20 -12 -6 23 -18 25 -9 -23 -1 -10 -30
right_child=1 8 6 4 9 -7 7 12 17 -11 11 -13 -14 14 -16 -17 22 -19 19 -21 -22 26 -24 -25 -26 -27 -28 -29 29 -31
leaf_value=0.088836462129103511 0.026392862907686162 -0.13008206735645969 -0.082979899852774874 -0.050827685785691516 -0.0099012853044531529 -0.11041570573436971 -0.038662116073591768 0.037575842266606568 -0.00074771464608299235 -0.060912400876722221 0.0034522594369803942 -0.061542285935963219 0.066434832368836266 -0.069192577854675405 0.0336846289883663 -0.0070891322997277198 0.048470591399334934 -0.11533262027494079 -0.023752629467653056 -0.1439314422936275 -0.042456821061809119 0.093821271151505625 -0.018219814362361076 0.13859026797356144 0.035765511378175567 -0.004850178191206307 0.015909889912654764 0.049087380415162141 -0.13317225600682922 -0.0460521047017746
leaf_weight=246 339 62 42 439 420 97 42 147 89 87 730 186 98 101 40 114 940 55 131 28 155 36 46 30 298 567 447 250 30 623
leaf_count=246 339 62 42 439 420 97 42 147 89 87 730 186 98 101 40 114 940 55 131 28 155 36 46 30 298 567 447 250 30 623
internal_value=-0.000285609 -0.0236775 0.0309484 -0.0148768 -0.0199609 -0.0317501 0.0232788 0.0251542 -0.0553325 0.00108001 -0.0271147 -0.0186169 0.0115021 0.00677958 -0.0399759 0.0397042 0.0447482 -0.0493619 -0.0109177 -0.0456835 -0.00462716 0.00711347 0.0482309 0.0513977 0.013327 0.00392493 0.0218988 0.0689407 -0.0443232 -0.0502521
internal_weight=6915 3954 2961 3095 2756 1766 2465 2423 859 990 1669 1230 1251 1153 141 1172 1058 797 1044 159 885 903 1016 970 1012 714 483 496 742 653
internal_count=6915 3954 2961 3095 2756 1766 2465 2423 859 990 1669 1230 1251 1153 141 1172 1058 797 1044 159 885 903 1016 970 1012 714 483 496 742 653
is_linear=0
shrinkage=0.05


Tree=27
num_leaves=31
num_cat=0
split_feature=31 75 16 57 46 22 43 59 106 61 62 58 48 72 58 42 65 51 48 39 60 55 93 107 42 28 42 22 55 75
split_gain=572.207 456.726 556.148 407.846 395.041 337.751 263.311 220.14 216.137 215.852 327.906 254.225 208.795 199.304 178.594 174.935 147.326 131.807 125.664 124.043 105.941 103.722 95.6873 91.7049 88.4699 75.9176 75.2569 74.7983 74.5427 70.9358
threshold=0.77384480834007274 -1.3963412642478941 0.046511908993124969 1.7571133375167849 0.23364975303411487 9.7845845222473162 2.1093752384185795 0.12551438808441165 3.4245456457138066 0.23291009664535525 0.075777564197778716 0.57107558846473705 0.69848838448524486 0.70811459422111522 0.55757129192352306 -0.67275092005729664 0.030033041723072532 9.9702777862548846 1.456122159957886 0.089150011539459242 0.061025917530059821 0.86501288414001476 -0.23132345080375669 0.20677691698074344 -1.1557950377464292 0.88008683919906627 1.1610316038131716 9.8067321777343768 1.0026188492774966 0.67175069451332103
decision_type=2 2 2 2 2 2 2 2 2 2 2 2 2 2 2 2 2 2 2 2 2 2 2 2 2 2 2 2 2 2
left_child=1 5 4 9 6 -1 8 -6 13 10 -4 -12 -11 24 -10 19 -15 21 26 28 -21 25 -23 -14 27 -16 -17 -3 -13 -20
right_child=-2 2 3 -5 7 -7 -8 -9 14 12 11 15 23 16 17 18 -18 -19 29 20 -22 22 -24 -25 -26 -27 -28 -29 -30 -31
leaf_value=0.021053649420539541 -0.090515596701692777 0.061507882895293069 0.014232175107452602 0.048283095610017583 -0.076343527137219508 -0.10813609157936484 0.11720743436872223 0.011844866126937194 0.042730069066855711 -0.064715471040907802 -0.10849408132513774 0.037245304429191439 0.023774446515137031 0.10589276169737181 -0.055037903453571249 0.0093775408823462553 0.044740904136718503 -0.080332333391362976 -0.017931090876073488 -0.14281564970811209 -0.046413314607565127 0.075835013036575069 0.013393019974932585 -0.013706536649531404 -0.11859715506434441 -0.0012823765758587832 -0.036459999746495046 -0.057314277554933846 -0.028483676959041401 -0.065590251915901898
leaf_weight=74 170 26 545 299 146 157 80 136 417 90 96 67 679 119 82 548 575 43 211 29 702 67 637 214 20 315 106 25 117 124
leaf_count=74 170 26 545 299 146 157 80 136 417 90 96 67 679 119 82 548 575 43 211 29 702 67 637 214 20 315 106 25 117 124
internal_value=-0.000189413 0.0020999 0.00455409 -0.00768865 0.0219809 -0.0668383 0.0285444 -0.0339214 0.0254459 -0.0124446 -0.0201287 -0.0294945 0.00744981 0.0472035 0.0147597 -0.0254565 0.0553639 0.00453583 -0.0108617 -0.0412024 -0.0504276 0.00792028 0.0194348 0.0147872 -0.0322222 -0.0124959 0.00190389 0.00327965 -0.0044778 -0.0357148
internal_weight=6916 6746 6515 3827 2688 231 2406 282 2326 3528 2545 2000 983 765 1561 1904 694 1144 989 915 731 1101 704 893 71 397 654 51 184 335
internal_count=6916 6746 6515 3827 2688 231 2406 282 2326 3528 2545 2000 983 765 1561 1904 694 1144 989 915 731 1101 704 893 71 397 654 51 184 335
is_linear=0
shrinkage=0.05


Tree=28
num_leaves=31
num_cat=0
split_feature=104 104 38 74 46 43 76 104 58 35 62 57 62 67 57 43 108 109 76 75 43 68 32 76 74 42 109 64 45 55
split_gain=1863.31 483.122 259.216 261.2 210.075 195.013 250.228 160.59 150.339 211.366 130.201 112.606 110.294 109.447 107.152 106.287 90.0551 89.413 89.029 98.8154 97.8026 88.2942 80.5476 79.2995 66.2162 62.6258 62.2943 58.8638 68.3761 58.1679
threshold=7.0555548667907724 5.3206763267517099 0.071859546005725874 0.7997632920742036 0.079580098390579238 2.1520159244537358 1.4491095542907717 3.6155663728713994 0.90760141611099254 0.28025221824646002 0.11685163900256158 0.82581457495689403 0.057501688599586494 0.045255459845066077 1.7571133375167849 2.1093752384185795 0.40000000596046453 7.5000000000000009 1.368796765804291 1.5293301939964297 1.1937325596809389 0.14359397441148761 0.064282614737749114 0.86446204781532299 0.7184293568134309 -2.8379540443420406 8.5000000000000018 0.091660246253013625 0.31267955899238592 0.82774788141250621
decision_type=2 2 2 2 2 2 2 2 2 2 2 2 2 2 2 2 2 2 2 2 2 2 2 2 2 2 2 2 2 2
left_child=1 7 3 22 15 6 10 26 9 12 24 -12 -3 -9 -8 16 -5 -15 20 -20 27 -14 -2 -23 -4 -10 -1 -19 -29 -25
right_child=2 8 5 4 -6 -7 14 13 25 -11 11 -13 21 17 -16 -17 -18 18 19 -21 -22 23 -24 29 -26 -27 -28 28 -30 -31
leaf_value=0.024612252921898569 -0.047467105876421556 0.037903012666764296 0.011932893549757344 -0.0049463146741955755 -0.095805016800761228 -0.083319041545772965 -0.026155319442949881 0.10125240922951309 -0.052499045660862553 -0.075831833468908649 -0.12947954897598554 -0.062729836585865895 -0.017517736388454008 0.0047420406337672222 0.021210467123504106 0.087386809058842219 0.037959629108967344 0.056961197494529194 0.056041406215341809 -0.00043606422109048024 -0.076876181860764836 -0.033227544829390165 -0.13715828045418388 0.050221627952316696 -0.047748042276038585 0.026564837752388038 0.090168884753858536 -0.024418683710973711 0.028163782341629237 0.008604729176158522
leaf_weight=45 79 181 55 508 49 230 1047 60 25 93 92 212 581 239 134 41 160 119 644 88 23 85 37 112 287 757 207 79 273 329
leaf_count=45 79 181 55 508 49 230 1047 60 25 93 92 212 581 239 134 41 160 119 644 88 23 85 37 112 287 757 207 79 273 329
internal_value=-0.000109059 0.0223462 -0.0302919 -0.00746921 0.00325932 -0.0399807 -0.0344823 0.0416554 0.00647091 -0.00345017 -0.0594842 -0.0832887 0.00183092 0.035502 -0.0207676 0.0102311 0.00537194 0.0327419 0.038192 0.0492604 0.0217246 -0.00409593 -0.0770033 0.0107344 -0.0381434 0.0239734 0.0786059 0.0266922 0.0163269 0.0192638
internal_weight=6871 3940 2931 874 758 2057 1827 1777 2163 1381 646 304 1288 1525 1181 709 668 1465 1226 732 494 1107 116 526 342 782 252 471 352 441
internal_count=6871 3940 2931 874 758 2057 1827 1777 2163 1381 646 304 1288 1525 1181 709 668 1465 1226 732 494 1107 116 526 342 782 252 471 352 441
is_linear=0
shrinkage=0.05


Tree=29
num_leaves=31
num_cat=0
split_feature=104 104 39 71 104 56 46 28 13 43 69 58 68 71 33 68 64 71 71 37 60 14 38 42 69 109 106 106 104 28
split_gain=1661.57 451.799 215.253 196.966 196.367 162.763 128.881 126.642 163.673 125.887 116.501 145.005 95.3979 86.9623 94.2012 86.5167 79.694 132.373 110.356 94.9185 99.0443 76.1179 73.4841 71.8471 69.2799 68.058 106.744 79.8908 64.3493 64.2504
threshold=5.8593404293060312 7.4184341430664071 0.094443723559379592 -1.3933466672897337 3.8516664505004887 0.91628164052963268 1.3209527134895327 1.8015556931495669 0.30821141600608831 2.1093752384185795 0.087042283266782774 0.90760141611099254 0.19738575816154483 -1.3549089431762693 0.26737222075462347 0.040882911533117301 0.10411452502012254 -0.43095737695693964 0.4861274659633637 0.037604182958602912 0.18931667506694796 0.041179725900292403 0.077518660575151457 -2.8379540443420406 0.087042283266782774 25.500000000000004 3.7886549234390263 2.4049226045608525 9.5407228469848651 1.3066034913063052
decision_type=2 2 2 2 2 2 2 2 2 2 2 2 2 2 2 2 2 2 2 2 2 2 2 2 2 2 2 2 2 2
left_child=4 10 3 21 24 9 16 8 12 25 -2 13 28 -12 15 -15 18 -18 -6 -19 -21 -3 -17 -13 -1 26 -5 29 -4 -27
right_child=1 2 7 5 6 -7 -8 -9 -10 -11 11 23 -14 14 -16 22 17 19 -20 20 -22 -23 -24 -25 -26 27 -28 -29 -30 -31
leaf_value=0.11249666567596178 0.03957142838703312 -0.034758261659157436 -0.047635446510844989 0.039407867258980975 0.060478033522942232 -0.086052696034312259 -0.02902413466850258 0.00071367905542686367 -0.099230531179314907 0.082065104257042831 -0.061901426030678698 -0.051667838753798073 -0.020992230402290615 -0.067288165126535057 -0.072698032239387783 0.021367899452265453 -0.016082175041652318 0.077275157248487283 -0.00818504087141597 0.015052382992887562 0.046780324018692684 -0.13358501341607837 -0.010942944431762256 0.018236566935501641 0.05541765331173662 -0.034978250543108998 -0.010098899975502401 -0.013773557039791762 -0.093158536203456738 -0.14137651417404415
leaf_weight=62 165 36 700 147 349 63 97 137 148 40 88 38 338 56 57 223 178 97 70 727 372 44 820 651 397 37 411 261 88 23
leaf_count=62 165 36 700 147 349 63 97 137 148 40 88 38 338 56 57 223 178 97 70 727 372 44 820 651 397 37 411 261 88 23
internal_value=-0.000132089 -0.0176949 -0.032169 -0.0151452 0.0340369 -0.00895419 0.026887 -0.0449623 -0.0498708 -0.00358108 -0.000626409 -0.00407637 -0.0433007 -0.0142642 -0.0105874 -0.00730288 0.0299262 0.0240738 0.0490147 0.0300586 0.0258247 -0.0900911 -0.00402083 0.0143119 0.0633555 -0.00756735 0.00299037 -0.0258723 -0.0528309 -0.0774133
internal_weight=6920 4571 2473 1062 2349 982 1890 1411 1274 919 2098 1933 1126 1244 1156 1099 1793 1374 419 1196 1099 80 1043 689 459 879 558 321 788 60
internal_count=6920 4571 2473 1062 2349 982 1890 1411 1274 919 2098 1933 1126 1244 1156 1099 1793 1374 419 1196 1099 80 1043 689 459 879 558 321 788 60
is_linear=0
shrinkage=0.05


Tree=30
num_leaves=31
num_cat=0
split_feature=104 104 66 75 75 104 48 33 57 15 57 38 46 75 57 70 47 63 57 23 42 69 60 105 22 105 71 105 74 47
split_gain=1486.24 428.324 213.987 194.995 204.3 138.849 122.165 119.564 117.737 114.576 112.246 135.676 145.473 102.339 99.3999 96.4409 90.4313 89.3164 87.4976 72.6577 71.5682 69.3867 65.6787 64.3332 96.3023 58.2594 57.4721 77.781 56.9122 54.8769
threshold=7.0555548667907724 5.3206763267517099 0.043533803895115859 -0.51712018251419056 1.5293301939964297 3.6155663728713994 -0.36747378110885615 0.13749691098928454 1.3929739594459536 0.069786772131919875 1.7571133375167849 0.071859546005725874 0.079580098390579238 -1.3963412642478941 0.9704442322254182 0.096424821764230742 1.6896441578865053 0.17569820582866671 0.95978897809982311 1.7887023091316225 -1.9498530030250547 0.34060457348823553 0.067063070833683028 3.653733611106873 9.8607525825500506 6.754836082458497 0.52131426334381115 5.1854088306427011 0.84321421384811412 2.0597327947616582
decision_type=2 2 2 2 2 2 2 2 2 2 2 2 2 2 2 2 2 2 2 2 2 2 2 2 2 2 2 2 2 2
left_child=1 5 26 6 8 -1 -4 13 9 20 11 12 16 -7 17 -10 28 -13 -9 23 -5 -11 -22 24 -15 -20 27 -2 -3 -16
right_child=2 10 3 4 -6 7 -8 18 15 21 -12 14 -14 19 29 -17 -18 -19 25 -21 22 -23 -24 -25 -26 -27 -28 -29 -30 -31
leaf_value=0.07242442774089429 0.046531046536362287 -0.032643681659274518 0.004292564422939904 0.013542102480918836 -0.072077612244532227 -0.043148876082252818 -0.083187710448307389 -0.040289653810422599 -0.049535080336753037 -0.067924093625260015 0.043352620723515249 -0.01635013912721214 -0.075414087659575871 0.084537137228904713 0.0049574569574234633 0.0064254419176550228 0.1100701240822673 -0.07765752609570821 -0.0027234659832902253 -0.01199232883690322 -0.088470997419208289 -0.025409958813751743 -0.022693728289158034 0.036058025639806229 0.033725421874921516 0.049917990133721148 -0.068052634657718811 -0.0030073466497966832 0.02816834990936817 -0.033103404888062786
leaf_weight=252 102 41 47 133 227 36 260 81 91 256 176 290 35 204 965 471 31 74 119 60 39 156 803 793 175 93 25 343 479 104
leaf_count=252 102 41 47 133 227 36 260 81 91 256 176 290 35 204 965 471 31 74 119 60 39 156 803 793 175 93 25 343 479 104
internal_value=0.000204426 0.0200335 -0.0267065 -0.0325603 -0.0272733 0.0380115 -0.0698245 0.0324133 -0.0220206 -0.0298385 0.00517366 0.00182572 0.0220734 0.0390605 -0.00646385 -0.00270767 0.0283913 -0.0289923 0.0036113 0.0414958 -0.020461 -0.051927 -0.0258418 0.044242 0.0612258 0.0204952 0.00422251 0.00842639 0.0233201 0.00122715
internal_weight=6961 4008 2953 2483 2176 1813 307 1561 1949 1387 2195 2019 586 1268 1433 562 551 364 293 1232 975 412 842 1172 379 212 470 445 520 1069
internal_count=6961 4008 2953 2483 2176 1813 307 1561 1949 1387 2195 2019 586 1268 1433 562 551 364 293 1232 975 412 842 1172 379 212 470 445 520 1069
is_linear=0
shrinkage=0.05


Tree=31
num_leaves=31
num_cat=0
split_feature=104 104 69 76 47 104 33 75 37 71 68 75 27 67 75 73 33 1 57 55 45 21 33 9 57 28 109 33 48 26
split_gain=1352.57 405.616 207.213 205.713 204.024 160.341 121.877 111.505 111.183 110.412 106.99 98.3337 84.1183 82.5045 80.5686 84.0673 73.8231 79.417 73.7699 70.9441 88.6934 68.2274 66.9513 63.6062 63.4553 62.7926 62.4387 61.3916 60.3681 66.997
threshold=5.8593404293060312 8.3380646705627459 0.087042283266782774 1.368796765804291 2.1587091684341435 3.8516664505004887 0.14097852259874347 -1.3856948018074033 0.16978947818279269 -1.3549089431762693 0.040882911533117301 1.5518245100975039 0.4131383895874024 0.17293584346771243 -1.4659516811370847 3.0054416656494145 0.27818666398525244 9.7752609252929705 1.7571133375167849 0.61217096447944652 0.36303390562534338 0.52944722771644603 0.13749691098928454 0.069482799619436278 0.9043288826942445 1.5244349837303164 4.5000000000000009 0.22888101637363437 1.1206316351890566 1.1208721399307253
decision_type=2 2 2 2 2 2 2 2 2 2 2 2 2 2 2 2 2 2 2 2 2 2 2 2 2 2 2 2 2 2
left_child=5 2 12 6 16 22 9 -3 14 -4 21 25 -2 -6 -7 28 17 -5 27 -12 -21 -11 -1 -8 -24 26 -9 -10 29 -16
right_child=1 7 3 4 13 8 23 11 18 10 19 -13 -14 -15 15 -17 -18 -19 -20 20 -22 -23 24 -25 -26 -27 -28 -29 -30 -31
leaf_value=0.068683016799754026 0.015687485140578664 -0.11197740865293249 -0.080436496348942038 0.016226566486992056 0.04425006813447302 -0.044789936183951801 -0.043777908843982478 -0.000576258347712286 0.0085453249830501742 -0.02350731491007739 0.030800170787451054 -0.089987172364360768 0.075661245341363703 -0.053560176234429657 0.035297750106760804 -0.012211158225203262 0.034392409625093968 -0.0073060461630026401 0.056872164624898386 -0.058541257931695637 -0.0060198843665374164 -0.12379353958017686 -0.055570253162156968 -0.099062306811844095 0.041533043049817343 -0.0016389587367846956 -0.046050089497216236 -0.043395555705305129 0.056375366816678762 -0.024850216239690782
leaf_weight=337 257 57 67 511 23 31 229 86 586 35 100 89 75 233 677 84 168 1195 71 95 496 33 20 68 85 122 618 62 359 49
leaf_count=337 257 57 67 511 23 31 229 86 586 35 100 89 75 233 677 84 168 1195 71 95 496 33 20 68 85 122 618 62 359 49
internal_value=-8.90668e-06 -0.0159218 -0.00814873 -0.0119911 -0.00285725 0.0306986 -0.0292973 -0.0445532 0.024422 -0.0193784 -0.0138898 -0.0402353 0.0294223 -0.0446346 0.0337329 0.0358517 0.00287055 -0.000251921 0.00885692 -0.00794946 -0.014547 -0.0732644 0.0578323 -0.0567256 0.0226874 -0.0347723 -0.0405037 0.00351646 0.0395806 0.0312096
internal_weight=6918 4557 3585 3253 2130 2361 1123 972 1919 826 759 915 332 256 1200 1169 1874 1706 719 691 591 68 442 297 105 826 704 648 1085 726
internal_count=6918 4557 3585 3253 2130 2361 1123 972 1919 826 759 915 332 256 1200 1169 1874 1706 719 691 591 68 442 297 105 826 704 648 1085 726
is_linear=0
shrinkage=0.05


Tree=32
num_leaves=31
num_cat=0
split_feature=104 104 39 57 75 56 35 58 35 69 74 43 68 75 104 75 63 22 104 22 7 23 26 49 76 7 105 57 20 22
split_gain=1263.56 331.418 190.044 173.728 160.565 153.691 142.842 119.976 171.855 113.806 104.879 101.403 99.964 87.7222 92.5897 85.8972 85.8301 85.4819 79.4502 78.2232 75.0968 73.7639 68.2482 74.2902 69.0974 62.2939 61.3236 60.8277 59.7776 58.834
threshold=7.0555548667907724 4.8491981029510507 0.094443723559379592 1.7571133375167849 -1.3963412642478941 0.91628164052963268 0.30022436380386358 0.90760141611099254 0.28025221824646002 0.087042283266782774 2.716306328773499 2.1093752384185795 0.039252799004316337 -1.5170890688896177 2.9267104864120488 -1.3856948018074033 0.14455318450927737 9.7845845222473162 9.5407228469848651 10.061662673950197 0.61037772893905651 1.671141564846039 0.63042840361595165 -0.026571387425065037 2.1962367296218877 0.38235296308994299 3.653733611106873 0.95978897809982311 0.061154203489422805 9.8607525825500506
decision_type=2 2 2 2 2 2 2 2 2 2 2 2 2 2 2 2 2 2 2 2 2 2 2 2 2 2 2 2 2 2
left_child=1 13 4 6 17 11 18 8 9 -3 -8 -6 -11 -1 -15 -14 21 -2 20 25 28 26 -17 -24 -25 -9 29 -18 -4 -16
right_child=2 7 3 -5 5 -7 10 19 -10 12 -12 -13 15 14 16 22 27 -19 -20 -21 -22 -23 23 24 -26 -27 -28 -29 -30 -31
leaf_value=-0.062220751458690285 -0.0077793271226041464 0.038457601165674322 -0.029986983361846672 0.011896406887501864 -0.0033628495779587301 -0.079479390749564546 -0.10310390474152392 -0.032333078133656684 -0.065244938029270436 -0.059888602650143966 0.0045506578832698449 0.076822657192625654 -0.062386549651622769 0.079134176830415959 0.084091601688747436 0.030295641842386895 -0.067501411959528926 -0.10792587037946358 -0.066736365882884507 -0.027257787872105838 -0.024895429091811597 -0.0064378902727533901 -0.04651339618920735 0.0079481612277548207 -0.034013411214654884 0.028748613894344049 0.035786408971426889 0.015824295534574758 -0.080446418771340011 0.040343173555154731
leaf_weight=20 33 207 115 171 1027 64 136 43 94 68 27 40 49 142 167 211 25 60 181 74 961 72 81 844 110 886 537 138 123 148
leaf_count=20 33 207 115 171 1027 64 136 43 94 68 27 40 49 142 167 211 25 60 181 74 961 72 81 844 110 886 537 138 123 148
internal_value=-0.000337709 0.0182556 -0.0251182 -0.0358606 -0.0100583 -0.0048352 -0.0411574 0.0082952 5.91928e-05 0.00400816 -0.0853525 -0.000287716 -0.00124806 0.0395006 0.0412052 0.00187497 0.0361822 -0.0728508 -0.0358793 0.0219452 -0.0311694 0.0420775 0.00445011 -0.000843041 0.00307927 0.0258896 0.0461801 0.00271061 -0.0562922 0.0637295
internal_weight=6854 3916 2938 1714 1224 1131 1543 2667 1664 1570 163 1067 1363 1249 1229 1295 1087 93 1380 1003 1199 924 1246 1035 954 929 852 163 238 315
internal_count=6854 3916 2938 1714 1224 1131 1543 2667 1664 1570 163 1067 1363 1249 1229 1295 1087 93 1380 1003 1199 924 1246 1035 954 929 852 163 238 315
is_linear=0
shrinkage=0.05


Tree=33
num_leaves=31
num_cat=0
split_feature=104 104 104 67 57 62 109 71 104 58 34 22 28 60 71 36 97 64 6 37 58 43 28 62 71 68 55 38 67 12
split_gain=1118.36 326.718 185.048 161.56 139.292 159.785 115.593 103.307 98.6784 93.0323 117.486 92.8118 82.4741 78.5794 76.6751 73.8073 73.7893 73.6699 67.8314 63.5366 63.4388 57.2565 78.2 65.342 90.3067 84.8034 54.3083 50.627 49.963 49.957
threshold=7.0555548667907724 5.3206763267517099 9.5407228469848651 0.062914311885833754 1.2850040197372439 0.17579040676355365 8.5000000000000018 -1.3549089431762693 3.6155663728713994 0.90760141611099254 0.16858761757612231 10.061662673950197 1.3564516901969912 0.062362659722566612 -1.3933466672897337 0.045953581109642989 -0.88927841186523426 0.097385916858911528 0.12013645097613336 0.16978947818279269 0.80691617727279674 2.286893486976624 1.5323863029479983 0.057501688599586494 -1.3549089431762693 0.040882911533117301 0.6382562816143037 0.045555418357253082 0.0722692906856537 0.23801267147064212
decision_type=2 2 2 2 2 2 2 2 2 2 2 2 2 2 2 2 2 2 2 2 2 2 2 2 2 2 2 2 2 2
left_child=1 6 3 17 5 7 29 -5 -8 10 12 28 14 -14 -3 -16 -4 -2 -9 20 -20 22 23 -10 -25 27 -21 -26 -6 -1
right_child=2 9 16 4 11 -7 8 18 21 -11 -12 -13 13 -15 15 -17 -18 -19 19 26 -22 -23 -24 24 25 -27 -28 -29 -30 -31
leaf_value=0.010921377670107577 -0.00039412954208162162 -0.041919976217966337 -0.14516884062601174 -0.078754257483309831 -0.06969396114349366 -0.095931294637217016 0.070270731448275642 -0.11175543774258008 0.057868027341152942 0.018001278279793042 -0.042755908115270608 -0.049860736652738803 -0.1052099112541445 -0.013693649416808227 0.031137455899285696 0.0013971360416761942 -0.05152532987883135 0.052107747303049894 -0.0043111012184353153 0.0045173316715738264 -0.040222733218789747 -0.022006139887703793 0.0665904833025045 -0.063624057852263965 0.024257443662333705 0.032170689898102255 -0.041707562161522403 -0.064605338373190824 0.0022782159262073145 -0.067220130562782296
leaf_weight=291 268 75 22 94 24 93 215 21 181 799 166 108 30 98 295 707 311 88 522 73 160 44 175 27 27 800 480 37 679 21
leaf_count=291 268 75 22 94 24 93 215 21 181 799 166 108 30 98 295 707 311 88 522 73 160 44 175 27 27 800 480 37 679 21
internal_value=0.000302752 0.0175546 -0.0230729 -0.0185798 -0.0235226 -0.0328362 0.033184 -0.0284218 0.0389194 0.0044512 -0.00345297 -0.00693101 0.00199234 -0.0357921 0.006512 0.0101753 -0.0581281 0.0126935 -0.0245953 -0.023024 -0.0127827 0.0336479 0.0356277 0.0305158 0.0249007 0.0277375 -0.0356084 -0.0273199 -0.000274378 0.0054639
internal_weight=6931 3988 2943 2610 2254 1443 1818 1350 1506 2170 1371 811 1205 128 1077 1002 333 356 1256 1235 682 1291 1247 1072 891 864 553 64 703 312
internal_count=6931 3988 2943 2610 2254 1443 1818 1350 1506 2170 1371 811 1205 128 1077 1002 333 356 1256 1235 682 1291 1247 1072 891 864 553 64 703 312
is_linear=0
shrinkage=0.05


Tree=34
num_leaves=31
num_cat=0
split_feature=104 104 67 75 75 0 16 57 109 42 57 62 67 107 22 104 7 0 10 67 74 22 22 68 107 45 10 34 35 56
split_gain=1056.45 341.85 148.182 134.678 132.978 103.098 105.736 125.465 93.2316 91.7643 88.6339 96.1381 81.1699 77.0132 97.5348 73.831 70.9673 68.7168 64.1349 64.1202 64.0241 59.5665 58.5347 55.91 55.6145 52.8117 51.6103 50.669 44.0044 43.7879
threshold=7.2421417236328134 4.8491981029510507 0.062914311885833754 -1.3856948018074033 1.5518245100975039 0.13920997083187106 0.053545204922556884 1.7571133375167849 8.5000000000000018 0.55468544363975536 1.3478049635887148 0.19319215416908267 0.07657767087221147 0.17095680534839633 9.9584760665893572 3.6155663728713994 0.61037772893905651 0.30087521672248846 0.65503224730491649 0.27093860507011419 0.67727658152580272 10.061662673950197 9.8995623588562029 0.15051110833883288 0.18958585709333423 0.72561347484588634 0.10402496159076692 0.084330853074789061 0.28173948824405676 0.43314498662948614
decision_type=2 2 2 2 2 2 2 2 2 2 2 2 2 2 2 2 2 2 2 2 2 2 2 2 2 2 2 2 2 2
left_child=1 8 17 -4 10 -3 9 16 28 13 11 19 -12 29 20 -10 27 -2 -18 23 -15 -14 -11 -5 -19 -22 -21 -8 -1 -7
right_child=2 5 3 4 -6 6 7 -9 15 22 12 -13 21 14 -16 -17 18 24 -20 26 25 -23 -24 -25 -26 -27 -28 -29 -30 -31
leaf_value=0.016578862584472793 -0.042577717747975384 -0.061514887159520928 -0.090036959000182964 -0.02795149385416959 -0.066397534857083315 0.029853003272003506 0.03138190969824791 0.041444905541961785 0.069939351826039858 -0.079234015540434771 -0.054926166368395458 -0.10919722377469665 0.0017427558095689747 -0.034053667131367892 -0.024571361785754562 0.036795482768901967 0.0022043502685440458 -0.0047291496002843623 -0.046108736791839341 -0.05846056183652857 0.08177623749567918 -0.084062804068837857 0.01816291422224962 0.0012366113908539871 0.038637515519642174 0.037829987674529275 -0.02498760024420402 -0.038130285731432116 -0.051220342337533281 0.0065561819831654704
leaf_weight=211 62 54 88 590 196 282 29 156 214 38 80 37 548 20 49 806 1163 163 72 252 123 20 25 227 134 160 216 219 26 705
leaf_count=211 62 54 88 590 196 282 29 156 214 38 80 37 548 20 49 806 1163 163 72 252 123 20 25 227 134 160 216 219 26 705
internal_value=0.000185545 0.0152734 -0.0249399 -0.02969 -0.0271978 0.00633805 0.00756276 -0.00106124 0.0372517 0.0176382 -0.023266 -0.0306876 -0.00810103 0.0204211 0.0404736 0.0438109 -0.00555747 0.00488358 -0.000647309 -0.0283439 0.0510387 -0.00142099 -0.0409045 -0.0198501 0.014901 0.057151 -0.0430977 -0.0299085 0.00895702 0.0132359
internal_weight=6965 4352 2613 2254 2166 3095 3041 1639 1257 1402 1970 1322 648 1339 352 1020 1483 359 1235 1285 303 568 63 817 297 283 468 248 237 987
internal_count=6965 4352 2613 2254 2166 3095 3041 1639 1257 1402 1970 1322 648 1339 352 1020 1483 359 1235 1285 303 568 63 817 297 283 468 248 237 987
is_linear=0
shrinkage=0.05


Tree=35
num_leaves=31
num_cat=0
split_feature=104 104 39 47 75 70 75 68 30 28 56 38 58 38 46 28 29 47 104 33 108 33 6 22 104 45 75 19 47 58
split_gain=904.859 279.709 155.173 127.022 112.112 95.3864 154.928 121.481 95.3071 91.8954 90.8611 86.4313 84.1051 98.2452 138.786 84.9138 82.9875 82.0845 80.5382 81.4742 66.5349 94.6242 61.8438 60.2471 60.1113 56.0756 55.5457 50.4642 49.9367 47.0906
threshold=7.2421417236328134 5.3206763267517099 0.094443723559379592 2.0780774354934697 -1.3963412642478941 0.056705638766288764 -1.3856948018074033 0.038967438042163856 0.77340480685234081 1.6519726514816286 0.91628164052963268 0.15099025517702105 1.4002911448478701 0.071859546005725874 0.15539190918207171 0.91782072186470043 1.0714309215545657 2.1587091684341435 2.368236899375916 0.13749691098928454 0.40000000596046453 0.046584565192461021 0.13435944169759753 9.7845845222473162 9.5407228469848651 1.3670041561126711 1.1302233934402468 0.12152250111103059 0.80537864565849315 0.70214587450027477
decision_type=2 2 2 2 2 2 2 2 2 2 2 2 2 2 2 2 2 2 2 2 2 2 2 2 2 2 2 2 2 2
left_child=1 5 3 4 23 29 -7 -8 9 11 20 27 13 14 16 -15 -3 28 -9 26 -6 -22 -13 -2 -23 -21 -20 -4 -17 -1
right_child=2 12 8 -5 10 6 7 18 -10 -11 -12 22 -14 15 -16 17 -18 -19 19 25 21 24 -24 -25 -26 -27 -28 -29 -30 -31
leaf_value=0.043857464676240944 -0.0078967304900288589 0.01770816341394163 -0.022735340053852846 0.074069428308443583 -0.014098492797139659 -0.071267384372469864 -0.045094403232880206 0.10014093067497015 -0.083868810534477242 0.0022730618814711234 -0.070909609949147259 -0.10731279345659109 0.039867291978376657 -0.023399691720957586 -0.078993634289751452 -0.005820240900783335 0.097992549398366158 -0.034173959088218693 0.038170762360718598 -0.015063029946471899 -0.055299455733146777 0.038824960975177292 -0.029034258717956032 -0.098024586055959984 -0.01174379921944655 0.027222124472456546 0.0022929003870603248 -0.091934086517854174 0.015806766212647788 0.095180594745804287
leaf_weight=142 28 630 37 43 597 40 55 39 89 184 53 25 146 479 35 482 33 142 1004 161 42 203 1077 55 82 151 121 98 596 67
leaf_count=142 28 630 37 43 597 40 55 39 89 184 53 25 146 479 35 482 33 142 1004 161 42 203 1077 55 82 151 121 98 596 67
internal_value=-0.000239813 0.0137998 -0.0234636 -0.00919535 -0.0126397 0.0289956 0.0247438 0.0272972 -0.033873 -0.0306849 -0.00786538 -0.0355852 0.00315607 0.000904321 0.0166836 -0.00558427 0.0218458 0.0014239 0.0300234 0.0280521 -0.00417645 0.0139259 -0.0309058 -0.068076 0.0242852 0.00542349 0.0343174 -0.0732751 0.00614037 0.0606852
internal_weight=6936 4323 2613 1103 1060 1780 1571 1531 1510 1421 977 1237 2543 2397 698 1699 663 1220 1476 1437 924 327 1102 83 285 312 1125 135 1078 209
internal_count=6936 4323 2613 1103 1060 1780 1571 1531 1510 1421 977 1237 2543 2397 698 1699 663 1220 1476 1437 924 327 1102 83 285 312 1125 135 1078 209
is_linear=0
shrinkage=0.05


Tree=36
num_leaves=31
num_cat=0
split_feature=104 104 104 13 3 58 69 58 38 75 43 109 44 59 104 29 42 101 74 23 23 108 43 42 51 43 56 58 7 89
split_gain=811.008 189.187 188.683 125.5 109.406 106.055 90.244 113.257 89.3073 125.052 110.561 79.4437 75.0436 74.0023 65.3919 64.301 64.8069 62.7437 55.9518 53.9656 53.3768 53.2449 52.4297 51.2513 53.9194 73.5043 50.8639 47.4942 46.0798 45.6984
threshold=6.8478643894195566 4.8491981029510507 9.5407228469848651 0.22693754732608798 0.13931776583194735 0.62287399172782909 0.087042283266782774 0.91642245650291454 0.071859546005725874 -0.074013147503137575 2.1520159244537358 8.5000000000000018 -0.87696173787116993 0.05832194164395333 3.6155663728713994 1.0714309215545657 -0.23132424801588056 -0.86589890718460072 0.7997632920742036 0.84359925985336315 1.671141564846039 0.40000000596046453 2.3211209774017338 -2.8379540443420406 9.9463400840759295 2.1093752384185795 0.46336242556571966 0.81009632349014293 0.61037772893905651 2.4228886365890507
decision_type=2 2 2 2 2 2 2 2 2 2 2 2 2 2 2 2 2 2 2 2 2 2 2 2 2 2 2 2 2 2
left_child=1 11 3 4 -2 -5 26 12 15 28 -11 -1 -8 19 -13 16 18 -4 -3 -14 27 -20 -19 -9 25 -25 -6 -15 -10 -16
right_child=2 8 17 5 6 -7 7 23 9 10 -12 14 13 20 29 -17 -18 22 21 -21 -22 -23 -24 24 -26 -27 -28 -29 -30 -31
leaf_value=0.0055090068436194481 -0.080008202682841922 -0.031311661394017684 -0.1337551561386689 -0.090827178313981669 0.0061593803635332737 -0.025514083823654801 0.051709095078210032 -0.065322879508689605 -0.046480294288357982 0.015774137669335199 -0.034222740384950982 0.063348654631119203 -0.040561119255890114 -0.0096001505189794514 0.034298394914753304 0.079291994672040567 -0.03272123301091294 -0.040162290228695115 0.021620685907390812 -0.12094200474244576 -0.048108579841338928 0.064632061839605986 -0.11040147533019384 0.0081786712179430596 -0.01376149213179708 0.076117273749307157 0.055846478835199824 -0.031563069926796299 -0.010503857005509466 -0.027873289526530332
leaf_weight=223 54 40 22 85 236 229 35 26 127 1024 123 210 102 993 783 48 53 271 388 26 134 88 29 543 271 42 65 327 295 30
leaf_count=223 54 40 22 85 236 229 35 26 127 1024 123 210 102 993 783 48 53 271 388 26 134 88 29 543 271 42 65 327 295 30
internal_value=-0.00021854 0.0170376 -0.0171879 -0.0134712 -0.0101615 -0.0434266 -0.00878635 -0.0119025 0.00816805 0.00182564 0.0103875 0.0325794 -0.0197599 -0.0213728 0.0384692 0.0242674 0.0194947 -0.0535992 0.0249109 -0.0576995 -0.0181374 0.0296912 -0.0472963 0.00250894 0.00464307 0.0131779 0.0170385 -0.0150607 -0.0214152 0.0319728
internal_weight=6922 3432 3490 3168 2854 314 2800 2499 2186 1569 1147 1246 1617 1582 1023 617 569 322 516 128 1454 476 300 882 856 585 301 1320 422 813
internal_count=6922 3432 3490 3168 2854 314 2800 2499 2186 1569 1147 1246 1617 1582 1023 617 569 322 516 128 1454 476 300 882 856 585 301 1320 422 813
is_linear=0
shrinkage=0.05


Tree=37
num_leaves=31
num_cat=0
split_feature=104 104 70 57 35 22 67 71 58 35 104 51 109 58 35 22 68 45 63 8 12 37 58 8 42 22 44 76 33 32
split_gain=800.486 237.301 122.531 128.326 124.505 120.342 98.7288 76.8284 75.8403 95.5934 73.8212 72.9537 67.6163 72.2698 73.3899 63.3733 58.1377 56.4055 54.995 54.0013 52.7883 50.4143 50.0502 49.7877 43.4329 47.9341 41.9944 50.3003 44.9057 41.9839
threshold=7.2421417236328134 5.3206763267517099 0.056705638766288764 1.2850040197372439 0.30022436380386358 10.07378673553467 0.045255459845066077 -1.3549089431762693 0.90760141611099254 0.28025221824646002 2.9267104864120488 9.7815470695495623 6.5000000000000009 0.89333945512771618 0.30022436380386358 10.07378673553467 0.14359397441148761 -0.49595844745635981 0.15566935390233996 0.28809317946434027 0.31677079200744634 0.02727556508034468 0.82983240485191356 0.28809317946434027 -2.8379540443420406 10.061662673950197 0.42348438501358038 1.5748172402381899 0.064823787659406676 0.11547098681330682
decision_type=2 2 2 2 2 2 2 2 2 2 2 2 2 2 2 2 2 2 2 2 2 2 2 2 2 2 2 2 2 2
left_child=1 6 17 4 7 19 -1 -4 9 11 -8 -3 -12 14 21 23 -13 -2 -18 -5 22 -14 -9 -15 -10 -26 -23 28 -28 -30
right_child=2 8 3 5 -6 -7 10 20 24 -11 12 16 13 15 -16 -17 18 -19 -20 -21 -22 26 -24 -25 25 -27 27 -29 29 -31
leaf_value=0.08160370606693286 -0.047168558768721093 0.037628839782670016 -0.073308714038476039 -0.040038740883270904 -0.090289267803493306 -0.059601162787040946 0.057730785653601693 -0.019655304042759725 -0.041660983296054784 -0.051750547768703352 -0.0033086664913571442 -0.012373413586465177 -0.030061740969540552 -0.0091251587916520386 -0.066838236382374391 -0.025309474783069975 0.01519285077538444 0.02026779960744898 -0.025309045415943362 -0.00086133621152655439 -0.10615727901458741 0.036539058913841065 -0.042809375908705899 0.048042837099135843 0.020148891465521377 -0.024214211396985888 0.033361962867052029 0.030540452826193616 -0.052384182530116633 3.7267182524951676e-05
leaf_weight=78 35 116 98 98 94 114 151 864 32 95 239 789 49 41 25 35 493 224 100 789 20 293 321 486 810 65 61 200 54 125
leaf_count=78 35 116 98 98 94 114 151 864 32 95 239 789 49 41 25 35 493 224 100 789 20 293 321 486 810 65 61 200 54 125
internal_value=-2.11957e-05 0.0132178 -0.0216279 -0.025156 -0.0349433 -0.0114755 0.0268566 -0.0308844 0.00318928 -0.00338232 0.0243839 -0.000282433 0.0212185 0.0254998 0.0158815 0.0392584 -0.00348947 0.0110084 0.00833174 -0.00523006 -0.0273763 0.018608 -0.0259582 0.0435864 0.0147222 0.0168295 0.021898 0.0120876 -0.00335267 -0.0159802
internal_weight=6994 4337 2657 2398 1397 1001 1837 1303 2500 1593 1759 1498 1608 1369 807 562 1382 259 593 887 1205 782 1185 527 907 875 733 440 240 179
internal_count=6994 4337 2657 2398 1397 1001 1837 1303 2500 1593 1759 1498 1608 1369 807 562 1382 259 593 887 1205 782 1185 527 907 875 733 440 240 179
is_linear=0
shrinkage=0.05


Tree=38
num_leaves=31
num_cat=0
split_feature=104 104 104 13 75 13 58 28 69 76 33 7 72 6 104 7 13 76 73 26 37 107 77 22 4 58 28 67 73 60
split_gain=708.907 189.38 145.103 96.9336 90.2484 89.5355 87.0869 77.0159 76.1499 114.616 70.869 70.2806 81.9688 69.7071 61.8384 58.0227 57.2432 55.9269 52.2673 51.4884 52.2804 48.9986 60.6147 74.09 48.4659 45.5056 44.8298 44.3273 41.6727 39.6
threshold=7.0367674827575692 4.6667289733886728 9.5407228469848651 0.22326731681823733 -1.5170890688896177 0.12185282632708551 0.62287399172782909 1.8015556931495669 0.087042283266782774 1.368796765804291 0.13749691098928454 0.67172071337699901 1.3175454735755923 0.12013645097613336 2.368236899375916 0.61037772893905651 0.2906052321195603 2.6349219083786015 2.9982907772064213 1.3574059009552004 0.072803594172000899 0.15146358311176303 0.88402575254440319 9.8607525825500506 0.22266401350498202 0.70214587450027477 1.7743806242942812 0.045255459845066077 2.6561553478240971 0.058246918022632606
decision_type=2 2 2 2 2 2 2 2 2 2 2 2 2 2 2 2 2 2 2 2 2 2 2 2 2 2 2 2 2 2
left_child=1 10 3 8 -3 13 -5 15 25 11 27 -10 -13 -6 -12 -7 -17 19 21 24 -21 -15 29 -24 -11 -2 -20 -1 -26 -23
right_child=2 4 -4 6 5 7 -8 -9 9 17 14 12 -14 18 -16 16 -18 -19 26 20 -22 22 23 -25 28 -27 -28 -29 -30 -31
leaf_value=0.084194667408099555 0.0027483463636135061 -0.05007502709825834 -0.049183180239832376 -0.085513786992523821 -0.055103904072727472 -0.05003502546888159 -0.024617365197102142 0.034760044010303845 -0.050862081311715324 0.05022357351876594 0.086488212432180134 -0.010542455087062173 -0.073550512174428526 0.013142956646629339 -0.0043794450000186882 0.0020081266866867789 -0.035548748636726427 -0.02687987169114104 -0.01379704142978602 0.067730637021521309 0.0081263612460366688 -0.036792695684242059 0.052729348433280337 0.012931415506197178 -0.0044189940809586719 0.051329878293550936 0.054676641854974964 0.036173217016257794 -0.038458267991698471 0.040327193737030032
leaf_weight=51 187 65 330 79 34 82 226 106 257 36 20 417 58 1127 172 504 126 251 208 46 171 49 304 191 823 64 26 772 100 24
leaf_count=51 187 65 330 79 34 82 226 106 257 36 20 417 58 1127 172 504 126 251 208 46 171 49 304 191 823 64 26 772 100 24
internal_value=0.000115583 0.0143404 -0.01792 -0.0141033 0.00772182 0.00909021 -0.0406184 -0.00480363 -0.0107322 -0.0137632 0.0328727 -0.0298344 -0.0183744 0.0148794 0.00548502 -0.0107342 -0.00554768 -0.00550414 0.0161408 -0.000922846 0.0210141 0.0191976 0.0311667 0.03743 -0.0059034 0.0152902 -0.00598856 0.0392476 -0.00814452 -0.0112359
internal_weight=6906 3861 3045 2715 2846 2781 305 818 2410 2159 1015 732 475 1963 192 712 630 1427 1929 1176 217 1695 568 495 959 251 234 823 923 73
internal_count=6906 3861 3045 2715 2846 2781 305 818 2410 2159 1015 732 475 1963 192 712 630 1427 1929 1176 217 1695 568 495 959 251 234 823 923 73
is_linear=0
shrinkage=0.05


Tree=39
num_leaves=31
num_cat=0
split_feature=104 104 75 72 67 104 70 76 75 57 45 68 74 106 62 75 104 68 68 17 28 50 48 43 45 2 45 15 72 27
split_gain=623.361 208.285 117.517 96.3696 91.3816 76.5965 74.995 102.713 77.4936 73.1433 62.87 73.3418 61.6688 61.4679 59.1122 98.9277 63.243 52.2262 50.02 53.4766 49.3847 69.8438 47.0792 45.8463 45.6247 57.786 44.8027 44.1624 43.9506 43.4077
threshold=7.2421417236328134 5.1822233200073251 1.5293301939964297 0.76645234227180492 0.045255459845066077 10.360843658447267 0.056705638766288764 1.4293912649154665 1.5293301939964297 0.71078908443450939 0.31267955899238592 0.040882911533117301 1.2815836668014529 5.7262446880340585 0.057501688599586494 -1.3856948018074033 2.368236899375916 0.039252799004316337 0.040882911533117301 0.062273565679788596 1.4332147240638735 0.82971519231796276 -0.79989048838615406 2.1093752384185795 1.736876964569092 1.866898834705353 0.71955150365829479 0.016734368167817596 2.2428100109100346 0.4131383895874024
decision_type=2 2 2 2 2 2 2 2 2 2 2 2 2 2 2 2 2 2 2 2 2 2 2 2 2 2 2 2 2 2
left_child=1 14 3 9 -5 13 29 10 20 -2 22 -12 -11 17 -1 -16 -17 -6 -18 -20 21 27 -8 -22 25 -15 -19 -9 -29 -3
right_child=2 6 -4 4 5 -7 7 8 -10 12 11 -13 -14 24 15 16 18 26 19 -21 23 -23 -24 -25 -26 -27 -28 28 -30 -31
leaf_value=0.052301574742527127 -0.0041858901287008437 0.018417776633224855 -0.053635934467062288 0.041628529964285094 -0.05898191100784711 -0.043507624119944688 0.033200990941375498 0.06906104300703321 -0.022772488240607555 -0.067038096885981516 -0.067113536858368059 0.00035036902364411911 -0.02818925567279873 -0.018883149046867609 -0.06426256760023534 0.086815667822957049 -0.021834261122470101 0.021493062850987767 0.035494619115826957 0.014457352030598983 0.021436134009927447 -0.015950079929964792 -0.039178807301055871 0.078396388697318548 0.012624647321144673 -0.067905205488204959 -0.0047699246449557781 0.014537256231597529 -0.03882298019782799 0.069438290755663601
leaf_weight=193 154 168 226 80 34 180 24 34 173 176 42 638 248 607 31 39 59 236 608 604 400 258 242 38 98 66 515 669 40 55
leaf_count=193 154 168 226 80 34 180 24 34 173 176 42 638 248 607 31 39 59 236 608 604 400 258 242 38 98 66 515 669 40 55
internal_value=-5.04886e-06 0.0116751 -0.0192387 -0.0159704 -0.0103002 -0.0127159 0.00351328 0.00108355 0.00875711 -0.0337369 -0.0119878 -0.00390895 -0.044435 -0.00912817 0.0264597 0.0227042 0.0248097 0.000722911 0.0228403 0.0250313 0.0125609 0.00642144 -0.0325484 0.0265452 -0.0191461 -0.0237843 0.00350076 0.0142007 0.0114764 0.0312551
internal_weight=6935 4315 2620 2394 1816 1736 2781 2558 1612 578 946 680 424 1556 1534 1341 1310 785 1271 1212 1439 1001 266 438 771 673 751 743 709 223
internal_count=6935 4315 2620 2394 1816 1736 2781 2558 1612 578 946 680 424 1556 1534 1341 1310 785 1271 1212 1439 1001 266 438 771 673 751 743 709 223
is_linear=0
shrinkage=0.05


Tree=40
num_leaves=31
num_cat=0
split_feature=104 104 104 16 71 57 69 68 72 35 7 73 28 46 75 33 7 43 64 48 71 28 46 63 64 43 16 104 74 74
split_gain=547.485 170.047 130.349 80.9096 82.7169 80.1019 76.601 97.6306 81.0708 73.8606 71.5852 67.7971 65.5605 64.8871 61.7938 60.6439 57.2268 53.9068 53.6583 46.8074 46.4378 45.6115 60.0497 45.0136 46.9245 49.4784 44.5349 54.5835 42.0182 40.1653
threshold=6.790102720260621 8.4453048706054705 3.8516664505004887 0.053545204922556884 -1.3933466672897337 1.7571133375167849 0.09160331636667253 0.040882911533117301 0.8428134322166444 0.30022436380386358 1.8966757059097292 2.9296907186508183 1.7743806242942812 0.23364975303411487 -1.3856948018074033 0.092342637479305281 0.61037772893905651 2.3211209774017338 0.37701766192913061 2.8250186443328862 -1.3549089431762693 1.5244349837303164 0.07365927100181581 0.13708724081516269 0.1655327454209328 2.1093752384185795 0.046511908993124969 2.368236899375916 2.0485775470733647 2.2046549320220952
decision_type=2 2 2 2 2 2 2 2 2 2 2 2 2 2 2 2 2 2 2 2 2 2 2 2 2 2 2 2 2 2
left_child=2 6 20 4 -4 9 -2 -8 15 16 -11 18 -13 23 -3 -9 -5 21 -10 -18 -1 22 -16 24 25 -6 -22 -28 -24 -25
right_child=1 14 3 5 13 -7 7 8 11 10 -12 12 -14 -15 17 -17 19 -19 -20 -21 26 -23 28 29 -26 -27 27 -29 -30 -31
leaf_value=-0.029893106728306286 0.017402732906009653 -0.088458117430514488 -0.032410530908636645 -0.022110323739110281 0.022195244873375864 0.044774901208836801 -0.090490652487386733 -0.0088726922255549304 0.0023494215191066192 -0.058617289488514274 0.021994962395192722 -0.030991422195534725 0.024293948461127004 -0.010355807405251723 -0.022742002794868547 -0.042029556252770862 0.011087272205967842 -0.079152494895399786 -0.057048749923706059 -0.031580432177777742 0.061777999010917385 0.003546305541855704 -0.078632867611789461 -0.037390661158133297 0.050994186817075716 0.090071811314140049 0.08460362741821692 0.019324642870375306 -0.02078510813167965 0.021032394353594438
leaf_weight=22 286 46 70 183 740 105 36 275 1515 95 38 336 63 129 500 277 946 50 38 68 189 112 95 47 219 27 37 211 48 75
leaf_count=22 286 46 70 183 740 105 36 275 1515 95 38 336 63 129 500 277 946 50 38 68 189 112 95 47 219 27 37 211 48 75
internal_value=0.000165877 -0.0129945 0.0152826 0.0111457 0.0201405 0.00294497 -0.00708848 -0.00985191 -0.00865691 -0.000388549 -0.035593 -0.00386711 -0.0222232 0.023138 -0.0325758 -0.0255571 0.0035495 -0.0292767 0.000860246 0.00819763 0.0399175 -0.0258733 -0.0309953 0.0270434 0.030585 0.0246988 0.0434922 0.0293645 -0.0594946 -0.00159585
internal_weight=6878 3677 3201 2742 1307 1435 2826 2540 2504 1330 133 1952 399 1237 851 552 1197 805 1553 1014 459 755 643 1108 986 767 437 248 143 122
internal_count=6878 3677 3201 2742 1307 1435 2826 2540 2504 1330 133 1952 399 1237 851 552 1197 805 1553 1014 459 755 643 1108 986 767 437 248 143 122
is_linear=0
shrinkage=0.05


Tree=41
num_leaves=31
num_cat=0
split_feature=104 104 22 7 69 76 75 43 58 13 75 77 22 30 73 15 30 75 33 74 29 73 71 22 108 38 73 57 59 43
split_gain=545.061 194.692 91.5229 109.73 76.8785 109.775 103.532 80.1038 76.3615 76.611 71.1067 68.1375 67.9117 73.6133 63.198 56.5965 50.7647 52.7143 54.6407 50.6647 48.0809 63.9841 45.118 44.2282 42.8244 40.5906 46.3676 39.8563 39.4628 38.2513
threshold=5.8451855182647714 8.3380646705627459 9.7986326217651385 0.64927330613136303 0.087042283266782774 1.368796765804291 1.5518245100975039 1.1937325596809389 0.95886680483818065 0.20595924556255343 -1.3856948018074033 3.2168989181518559 9.9791913032531756 0.48346656560897833 0.71536228060722362 0.024459681473672393 0.77340480685234081 -1.3066297173500059 0.066095821559429183 0.7997632920742036 0.92466390132904064 2.6368238925933842 0.45622843503952032 10.062452316284181 0.40000000596046453 0.085154917091131224 1.1051074266433718 1.1888002157211306 0.070753302425146117 2.1214917898178105
decision_type=2 2 2 2 2 2 2 2 2 2 2 2 2 2 2 2 2 2 2 2 2 2 2 2 2 2 2 2 2 2
left_child=4 2 15 -4 -1 7 12 10 9 11 -6 28 20 -14 -12 19 17 -3 22 -2 21 -7 -19 -10 -21 26 -16 -11 -5 -22
right_child=1 16 3 8 5 6 -8 -9 23 27 14 -13 13 -15 25 -17 -18 18 -20 24 29 -23 -24 -25 -26 -27 -28 -29 -30 -31
leaf_value=0.04674443590172378 -0.028738792749265066 -0.069577109030283552 -0.027226951786903982 -0.015317107201704094 -0.072418057301948821 0.033634171542631229 -0.013252510169898219 -0.078192047534450415 0.01431409862998582 -0.050901941099966125 0.036556706129039378 -0.045785085185543528 -0.0039156745390587109 0.082258952515465888 -0.025067747235395173 -0.00046245721195601924 -0.084110498087616961 0.0098838406177487112 -0.031320145490988591 0.019132361290407993 0.0430412584852055 -0.011137183297204933 -0.039755111300356444 -0.02734924617316082 0.059259503380376471 -0.012855616696928161 0.032221288088088239 -0.011469985531948624 0.0062431133211414604 0.090071868794221507
leaf_weight=241 38 67 631 309 28 512 157 30 624 153 144 90 215 27 47 564 40 174 639 212 338 94 61 70 97 288 134 111 672 50
leaf_count=241 38 67 631 309 28 512 157 30 624 153 144 90 215 27 47 564 40 174 639 212 338 94 61 70 97 288 134 111 672 50
internal_value=0.000257479 -0.00977353 -0.00435024 -0.00903404 0.0200627 0.0169262 0.0249243 0.000309515 -0.00336559 -0.0103568 0.00409961 -0.00439658 0.0297804 0.0059978 0.00770696 0.00932075 -0.0294906 -0.027082 -0.0237486 0.0251776 0.0355587 0.0266825 -0.00311502 0.0100784 0.0318794 -0.0012099 0.0172891 -0.0344284 -0.000556709 0.0493179
internal_weight=6857 4552 3571 2660 2305 2064 1393 671 2029 1335 641 1071 1236 242 613 911 981 941 874 347 994 606 235 694 309 469 181 264 981 388
internal_count=6857 4552 3571 2660 2305 2064 1393 671 2029 1335 641 1071 1236 242 613 911 981 941 874 347 994 606 235 694 309 469 181 264 981 388
is_linear=0
shrinkage=0.05


Tree=42
num_leaves=31
num_cat=0
split_feature=104 104 39 75 56 57 35 13 29 75 56 28 105 74 73 56 28 68 74 51 75 104 12 41 67 35 68 104 22 45
split_gain=487.478 156.217 97.3742 77.1399 79.6194 75.1173 66.0849 60.5016 65.9135 65.2583 57.771 63.6496 57.057 52.0003 51.714 52.5017 62.862 67.8986 65.9217 50.0205 56.38 64.9871 58.5226 47.4895 44.3986 43.4623 42.5793 47.1005 42.4723 39.3827
threshold=7.2421417236328134 4.8491981029510507 0.094443723559379592 -1.3963412642478941 0.90973129868507396 1.7571133375167849 0.30022436380386358 0.12386368587613107 1.2792916893959048 -1.5170890688896177 0.61391505599021923 1.3261230587959292 4.9222381114959726 2.716306328773499 3.0400350093841557 0.61391505599021923 1.3066034913063052 0.039252799004316337 0.73921221494674694 9.7815470695495623 -1.3856948018074033 2.368236899375916 0.26429910957813268 0.055704515427351005 0.045255459845066077 0.30022436380386358 0.21608059108257296 9.5407228469848651 9.7845845222473162 -0.59727501869201649
decision_type=2 2 2 2 2 2 2 2 2 2 2 2 2 2 2 2 2 2 2 2 2 2 2 2 2 2 2 2 2 2
left_child=1 19 3 28 10 6 26 9 25 -3 11 -5 -13 -8 15 16 18 -18 -11 -1 -21 -22 -23 -12 -20 -9 27 29 -2 -4
right_child=2 7 5 4 -6 -7 13 8 -10 14 23 12 -14 -15 -16 -17 17 -19 24 20 21 22 -24 -25 -26 -27 -28 -29 -30 -31
leaf_value=0.061866396180419038 -6.8188038858352237e-05 -0.040835740084831533 0.031188107069967122 -0.0017418938312941769 -0.058732702242115797 0.0092339665470446679 -0.072860893537290403 -0.0079894254954501198 0.024104992205377106 -0.045493419879737006 -0.019183100369820537 -0.12037750539325534 -0.023593465573454309 0.0084519041352905337 -0.012834699094143793 0.023755637262784735 -0.073762038045308814 -0.0037865816553433736 0.060004436297743928 -0.042299824885346671 0.081132111372426152 0.024152670929849858 -0.030285640977000674 0.027776118325146083 0.011969065534318889 -0.042103126280179079 -0.0085098297725358825 -0.060996661592175122 -0.075987251257074298 -0.028363499822116542
leaf_weight=85 27 64 28 573 58 140 127 623 141 47 67 20 58 23 220 685 43 164 50 32 47 1040 51 261 876 109 290 111 57 776
leaf_count=85 27 64 28 573 58 140 127 623 141 47 67 20 58 23 220 685 43 164 50 32 47 1040 51 261 876 109 290 111 57 776
internal_value=-0.000229585 0.0101687 -0.0172276 -0.00607959 -0.00232382 -0.0255771 -0.029178 0.00400755 -0.00708677 0.00851566 0.00107459 -0.00754569 -0.0496195 -0.0604195 0.0100494 0.0127543 0.00635317 -0.0186073 0.011677 0.0249897 0.0222601 0.024111 0.0215825 0.0181547 0.0146247 -0.0131197 -0.0252421 -0.0305301 -0.0518726 -0.0262534
internal_weight=6893 4277 2616 1121 1037 1495 1355 3022 873 2149 979 651 78 150 2085 1865 1180 207 973 1255 1170 1138 1091 328 926 732 1205 915 84 804
internal_count=6893 4277 2616 1121 1037 1495 1355 3022 873 2149 979 651 78 150 2085 1865 1180 207 973 1255 1170 1138 1091 328 926 732 1205 915 84 804
is_linear=0
shrinkage=0.05


Tree=43
num_leaves=31
num_cat=0
split_feature=104 104 104 34 58 73 8 62 72 75 109 45 1 70 73 42 76 43 19 73 0 23 5 7 33 51 27 7 75 61
split_gain=427.815 144.685 81.7122 73.7418 105.351 62.4099 57.2573 56.6808 90.1145 63.578 56.5493 55.1907 46.7992 42.741 54.8156 48.398 44.9586 58.6707 45.8962 42.6591 40.7576 42.5556 40.5673 38.7389 38.2253 43.4682 37.6461 36.5055 36.0185 36.2211
threshold=7.2421417236328134 4.8491981029510507 9.5407228469848651 0.13769172132015231 0.63752970099449169 3.0054416656494145 0.64377763867378246 0.057501688599586494 0.8428134322166444 1.5518245100975039 6.5000000000000009 0.76748856902122509 9.6599545478820819 0.28644694387912756 2.6368238925933842 -2.7279825210571285 1.5196041464805605 1.1937325596809389 0.075410392135381712 1.608996629714966 0.13920997083187106 0.38719329237937933 1.0458923578262331 0.67172071337699901 0.046584565192461021 9.9639158248901385 0.67268466949462902 0.70513230562210094 0.5624583661556245 0.10964731127023698
decision_type=2 2 2 2 2 2 2 2 2 2 2 2 2 2 2 2 2 2 2 2 2 2 2 2 2 2 2 2 2 2
left_child=1 10 3 5 -5 6 20 -3 22 13 -1 -8 -12 14 16 -15 17 -10 -18 -20 -2 -22 23 -9 -4 -26 -13 -6 -23 -30
right_child=2 7 24 4 27 -7 11 8 9 -11 12 26 -14 15 -16 -17 18 -19 19 -21 21 28 -24 -25 25 -27 -28 -29 29 -31
leaf_value=-0.001440247819110968 -0.07957468671458108 0.023972895247363766 -0.091560675203800207 -0.060435542673529956 -0.039307605823682201 -0.035508999778821382 0.032507180194370454 -0.029241611553961173 0.0023388928174845653 -0.02258850011080972 -0.016344071219542199 -0.014521890737315907 0.030785899899214261 -0.031760389322326298 -0.015822744521340387 0.024076101433682825 0.054852963368529864 -0.055915225129954671 0.048178428125708078 0.0077275691078981471 0.050547529602872912 -0.0047029412612877783 -0.055866813702621212 -0.0011542985977644859 -0.019555137918459555 -0.059469741872810539 0.021695153218685488 -0.0084902161140807605 -0.069744635976496203 -0.018456906203122344
leaf_weight=188 20 307 31 169 123 167 179 196 366 178 55 209 1000 41 282 533 68 48 72 615 28 624 57 326 196 105 108 431 41 199
leaf_count=188 20 307 31 169 123 167 179 196 366 178 55 209 1000 41 282 533 68 48 72 615 28 624 57 326 196 105 108 431 41 199
internal_value=-0.000236915 0.00941995 -0.0161407 -0.0127796 -0.0259889 -0.00670319 -0.00326382 0.00362053 0.00136679 0.005981 0.0238177 0.0103953 0.0283157 0.0085022 0.00392752 0.0200395 0.00870136 -0.00453367 0.0159551 0.0120308 -0.0106957 -0.00906396 -0.0161695 -0.0117362 -0.0392976 -0.0336297 -0.00215354 -0.0153908 -0.011052 -0.0274716
internal_weight=6962 4332 2630 2298 723 1575 1408 3089 2782 2203 1243 496 1055 2025 1451 574 1169 414 755 687 912 892 579 522 332 301 317 554 864 240
internal_count=6962 4332 2630 2298 723 1575 1408 3089 2782 2203 1243 496 1055 2025 1451 574 1169 414 755 687 912 892 579 522 332 301 317 554 864 240
is_linear=0
shrinkage=0.05


Tree=44
num_leaves=31
num_cat=0
split_feature=104 104 6 67 70 75 23 68 16 36 44 38 25 71 48 104 75 57 2 43 105 22 107 61 75 39 27 28 37 34
split_gain=395.103 115.729 90.9307 78.8694 74.6039 68.2616 70.0051 61.7781 61.6608 68.6683 57.535 56.6077 52.9566 67.684 51.7352 49.9371 48.4381 44.7877 49.5618 45.4029 44.6971 42.6247 80.8742 61.042 42.177 43.7433 39.9293 37.6156 33.385 33.0116
threshold=6.5619361400604257 8.3380646705627459 0.12013645097613336 0.045255459845066077 0.056705638766288764 -1.5170890688896177 0.39712725579738622 0.040882911533117301 0.24649107456207278 0.024179127067327503 -0.64980065822601307 0.1578527167439461 0.44254615902900701 0.34151268005371099 0.46995632350444799 3.8516664505004887 1.5518245100975039 1.3929739594459536 1.866898834705353 2.1093752384185795 7.9005050659179696 9.8792405128479022 0.21221201866865161 0.43333500623703008 -1.3856948018074033 0.72882696986198436 0.401064082980156 1.4287461042404177 0.16694119572639468 0.14492835849523547
decision_type=2 2 2 2 2 2 2 2 2 2 2 2 2 2 2 2 2 2 2 2 2 2 2 2 2 2 2 2 2 2
left_child=2 4 -1 -4 26 -5 -7 -6 9 -8 -9 -10 13 14 -12 -11 17 18 28 -19 -13 22 -17 -23 -3 27 -2 29 -14 -26
right_child=1 24 3 5 7 6 8 10 11 15 12 20 16 -15 -16 21 -18 19 -20 -21 -22 23 -24 -25 25 -27 -28 -29 -30 -31
leaf_value=-0.051722620214478904 0.0067507306102645367 -0.068261694122444511 0.059124536553578334 -0.049085575203562895 -0.059211765088397886 0.071372906694997032 -0.031414971570156408 0.037376837807536971 -0.080662146075205374 0.037568770370206311 -0.019917863702662412 -0.0044891435825319464 0.0044749404726147904 0.017370895139703697 -0.058895588463501014 0.015073331578035263 -0.032423374638254822 0.0053646151324263569 -0.037385789367799009 0.06127638250637131 0.039963423376813391 -0.0038711094694913735 0.050120987010562848 0.043848251628017504 -0.018998330385739084 -0.073539856030810175 0.047840644482029487 -0.0017507994088102317 -0.012151913539828876 -0.043788361547326606
leaf_weight=51 207 54 97 42 57 52 70 70 21 298 306 434 563 87 118 1100 145 531 125 38 64 441 193 78 453 40 82 203 649 192
leaf_count=51 207 54 97 42 57 52 70 70 21 298 306 434 563 87 118 1100 145 531 125 38 64 441 193 78 453 40 82 203 649 192
internal_value=-8.33175e-06 -0.0104001 0.0138415 0.015016 -0.00556424 0.0134635 0.014436 -0.00816015 0.013313 0.016999 -0.00703248 -0.00217254 -0.00825996 -0.0226459 -0.0308785 0.0186193 -0.00466645 -0.00253893 -0.00753773 0.00919957 0.00129227 0.0154838 0.0203394 0.00337112 -0.0256661 -0.0230019 0.0185342 -0.0205342 -0.00443106 -0.026434
internal_weight=6861 3920 2941 2890 2978 2793 2751 2689 2699 2180 2632 519 2562 511 424 2110 2051 1906 1337 569 498 1812 1293 519 942 888 289 848 1212 645
internal_count=6861 3920 2941 2890 2978 2793 2751 2689 2699 2180 2632 519 2562 511 424 2110 2051 1906 1337 569 498 1812 1293 519 942 888 289 848 1212 645
is_linear=0
shrinkage=0.05


Tree=45
num_leaves=31
num_cat=0
split_feature=104 104 36 76 44 47 47 69 72 47 28 62 13 52 28 22 29 52 43 44 6 43 5 44 74 42 34 42 37 73
split_gain=344.784 126.207 59.9413 65.4873 67.9008 63.2307 57.2382 54.6871 71.819 61.5025 53.2706 67.5487 53.4858 53.1603 49.2253 56.3525 45.5462 50.9853 45.7318 44.7164 43.8752 41.3021 38.4499 38.4132 36.7063 41.3433 35.8246 33.7886 32.6848 42.9739
threshold=5.4470479488372812 7.9233765602111825 0.032683776691555984 1.4491095542907717 0.42348438501358038 2.3998591899871831 2.3998591899871831 0.087042283266782774 0.8428134322166444 2.3998591899871831 1.3812528252601626 0.06015256047248841 0.32511396706104284 0.74484398961067211 1.3812528252601626 10.07562828063965 0.92466390132904064 0.73186731338500988 2.1093752384185795 -0.19228400290012357 0.22397296130657199 1.2381147742271426 1.0458923578262331 -0.56477534770965565 0.7997632920742036 0.36517067253589636 0.078798796981573119 1.1028239727020266 0.26830369234085089 2.6368238925933842
decision_type=2 2 2 2 2 2 2 2 2 2 2 2 2 2 2 2 2 2 2 2 2 2 2 2 2 2 2 2 2 2
left_child=2 7 24 4 -4 14 10 -2 22 16 11 -3 19 -6 27 -16 17 -10 -18 -13 -21 26 -9 -19 -1 -26 -15 -5 29 -25
right_child=1 6 3 5 13 -7 -8 8 9 -11 -12 12 -14 21 15 -17 18 23 -20 20 -22 -23 -24 28 25 -27 -28 -29 -30 -31
leaf_value=-0.021740116653605725 0.021238178195697923 0.0016807077668773676 0.021933522934550569 0.021705986428312063 -0.054378286972641944 -0.020815004122414396 -0.057790090729990466 -0.014370606732812291 0.02950449743351536 -0.028358929192413146 0.00048407477845864805 0.010179500746336289 -0.084396936297416694 0.02171598535010914 0.050271374624795639 -0.01861362347160192 0.009665159680418714 0.046319168578419424 0.059267747659701858 -0.051989409627024967 -0.022742546259706217 -0.071613643211977815 -0.056542598945864789 0.0010034652724078118 0.04478769585692112 -0.028228518863519032 -0.011719594950184724 -0.015126962709883361 -0.029775007324335911 -0.022162225425157354
leaf_weight=25 244 248 253 520 59 79 87 564 117 170 362 81 39 126 259 33 671 35 49 161 637 20 59 1021 315 20 216 70 130 248
leaf_count=25 244 248 253 520 59 79 87 564 117 170 362 81 39 126 259 33 671 35 49 161 637 20 59 1021 315 20 216 70 130 248
internal_value=1.63351e-05 -0.00708945 0.0175458 0.0134637 0.00151009 0.0218371 -0.0185424 -0.00149409 -0.0033107 0.000558821 -0.0162714 -0.0214693 -0.0277184 -0.0107863 0.0256767 0.0424495 0.00273504 -0.00209044 0.0131184 -0.0251106 -0.0287009 -0.00355126 -0.0184486 -0.00468703 0.0359969 0.0403575 0.000626175 0.0173178 -0.00599527 -0.00353768
internal_weight=6918 4923 1995 1635 674 961 1615 3308 3064 2441 1528 1166 918 421 882 292 2271 1551 720 879 798 362 623 1434 360 335 342 590 1399 1269
internal_count=6918 4923 1995 1635 674 961 1615 3308 3064 2441 1528 1166 918 421 882 292 2271 1551 720 879 798 362 623 1434 360 335 342 590 1399 1269
is_linear=0
shrinkage=0.05


Tree=46
num_leaves=31
num_cat=0
split_feature=104 104 104 75 13 28 8 67 57 62 49 7 73 52 56 28 60 10 48 73 43 28 57 64 37 22 43 74 3 55
split_gain=317.926 115.32 77.1277 64.7715 71.1448 61.0033 60.2987 52.9681 53.1156 69.7137 51.5516 54.4002 50.6914 57.3135 47.9915 83.0249 67.7515 50.1231 41.5062 41.0699 41.0715 38.4586 37.5459 37.2635 48.0467 36.8685 34.8323 37.3547 33.9251 33.308
threshold=7.1741983890533456 3.8516664505004887 9.5407228469848651 -1.5170890688896177 0.12185282632708551 1.9192472696304324 0.16349025815725329 0.062914311885833754 1.2850040197372439 0.19319215416908267 -0.69127371907234181 0.61037772893905651 3.0493724346160893 2.2706191539764409 0.61391505599021923 1.3066034913063052 0.062362659722566612 0.024628154002130035 1.0455823540687563 1.653351426124573 0.3655098825693131 0.82083281874656688 0.8079105317592622 0.185950443148613 0.20721861720085147 9.9584760665893572 2.1093752384185795 1.2815836668014529 0.19116093963384631 1.0115745663642886
decision_type=2 2 2 2 2 2 2 2 2 2 2 2 2 2 2 2 2 2 2 2 2 2 2 2 2 2 2 2 2 2
left_child=1 -1 7 -3 6 10 -5 18 9 28 -6 -12 14 -14 15 17 -17 -8 -2 20 -19 -4 -13 29 -25 -10 27 -16 -9 -24
right_child=2 3 21 4 5 -7 12 8 25 -11 11 22 13 -15 26 16 -18 19 -20 -21 -22 -23 23 24 -26 -27 -28 -29 -30 -31
leaf_value=0.032723243279594159 0.00020783120500189917 -0.03859964576492339 -0.076807504871860152 -0.04846289129040781 0.066157909709474313 0.032553175571871901 -0.041107050133869054 -0.066664596579291607 0.0054464489422849163 -0.065747759616994236 -0.043065772564322868 -0.042613741356347296 -0.023780403728987085 0.036791917056543756 0.057531814173125896 -0.053562163854675264 0.00069501499850927297 0.018276753235514774 0.047585023270221433 0.007489615318210175 0.050375974303438466 -0.028891609455404962 -0.0043329778017156574 0.023637828870866254 -0.0068256021083902517 -0.018132804685871379 0.061689255532941648 0.017652665171505908 -0.015169722139371539 -0.041041941454215927
leaf_weight=437 265 80 49 41 22 102 39 32 480 76 107 62 178 49 63 84 178 427 55 674 130 280 168 210 334 252 55 753 1160 97
leaf_count=437 265 80 49 41 22 102 39 32 480 76 107 62 178 49 63 84 178 427 55 674 130 280 168 210 334 252 55 753 1160 97
internal_value=1.3148e-06 0.00841072 -0.0136156 0.00564547 0.00659359 -0.00409296 0.0110025 -0.0103931 -0.0134145 -0.0196017 -0.00785966 -0.00959055 0.0119476 -0.0106013 0.0140812 0.00874399 -0.0168379 0.0140306 0.00847366 0.0158094 0.0258453 -0.0362391 -0.00543354 -0.00253503 0.00495597 -0.00268466 0.0234481 0.0207982 -0.0166069 -0.0178736
internal_weight=6939 4290 2649 3853 3773 1102 2671 2320 2000 1268 1000 978 2630 227 2403 1532 262 1270 320 1231 557 329 871 809 544 732 871 816 1192 265
internal_count=6939 4290 2649 3853 3773 1102 2671 2320 2000 1268 1000 978 2630 227 2403 1532 262 1270 320 1231 557 329 871 809 544 732 871 816 1192 265
is_linear=0
shrinkage=0.05


Tree=47
num_leaves=31
num_cat=0
split_feature=104 104 104 70 68 57 35 75 13 0 22 57 109 76 95 22 27 29 59 29 8 107 22 77 35 68 27 76 76 48
split_gain=315.031 94.4762 75.4592 55.7927 76.6178 55.0659 71.4615 53.2005 46.5768 42.0509 41.7454 39.226 39.114 38.5425 56.8276 38.628 37.8398 36.207 36.0413 33.3442 34.5564 31.1597 64.7549 31.2823 31.0643 32.5753 30.8466 34.5017 45.8097 34.0273
threshold=7.0367674827575692 5.0828819274902353 9.5407228469848651 0.056705638766288764 0.040882911533117301 1.2850040197372439 0.28025221824646002 -1.5170890688896177 0.12386368587613107 0.13920997083187106 10.061662673950197 1.7571133375167849 10.500000000000002 1.4293912649154665 -0.063463330268859849 10.061662673950197 0.401064082980156 1.1036335825920107 0.12522546201944354 1.3934660553932192 0.27454806864261633 0.15146358311176303 9.8607525825500506 0.88402575254440319 0.30351519584655767 0.21511720120906833 0.23212642222642901 2.1962367296218877 1.6639981269836428 -0.24730186909437177
decision_type=2 2 2 2 2 2 2 2 2 2 2 2 2 2 2 2 2 2 2 2 2 2 2 2 2 2 2 2 2 2
left_child=1 7 3 16 -5 6 26 -1 9 -3 17 -10 24 14 -14 -15 -2 -7 -19 20 -4 -11 23 -23 25 -9 -6 28 29 -28
right_child=2 8 19 4 5 10 -8 12 11 21 -12 -13 13 15 -16 -17 -18 18 -20 -21 -22 22 -24 -25 -26 -27 27 -29 -30 -31
leaf_value=-0.051227741573865594 -0.00046974947341188884 -0.041498596773349813 -0.088880580015804456 -0.090739490240812307 -0.050055305009538476 -0.0042800717557668309 -0.055632036786388478 0.000979936504466293 -0.011661210160612431 0.0050753927922990074 -0.028963801456114453 0.026446190674323591 0.028916944134710926 0.037824174460281967 -0.00487265419133809 -0.0096917961248533524 0.040924954755852623 0.064338995019594822 0.010566981903770391 -0.091239278763532647 -0.024902898431293133 -0.021963276323818028 -0.00077489702119331422 0.042298985688557104 -0.048177300781011588 0.041701459447069773 0.021598410979664376 -0.031610398269828137 0.0095551499532584155 -0.01691593515064924
leaf_weight=25 161 41 22 29 54 597 107 223 608 1251 118 75 310 547 207 46 83 35 237 23 291 20 202 233 24 62 61 187 268 788
leaf_count=25 161 41 22 29 54 597 107 223 608 1251 118 75 310 547 207 46 83 35 237 23 291 20 202 233 24 62 61 187 268 788
internal_value=0.000169939 0.00964161 -0.0118166 -0.00905242 -0.0112967 -0.0103206 -0.0164675 0.0197662 0.00361955 0.00794673 -0.0011893 -0.0074441 0.0210522 0.0254292 0.0154047 0.0341282 0.0137208 0.00261111 0.0176965 -0.0341414 -0.0296685 0.00915865 0.0203496 0.0371525 0.00529763 0.00995349 -0.0133429 -0.0117854 -0.00844118 -0.0141266
internal_weight=6935 3874 3061 2725 2481 2452 1465 1444 2430 1747 987 683 1419 1110 517 593 244 869 272 336 313 1706 455 253 309 285 1358 1304 1117 849
internal_count=6935 3874 3061 2725 2481 2452 1465 1444 2430 1747 987 683 1419 1110 517 593 244 869 272 336 313 1706 455 253 309 285 1358 1304 1117 849
is_linear=0
shrinkage=0.05


Tree=48
num_leaves=31
num_cat=0
split_feature=104 104 104 15 28 76 74 6 47 76 69 1 71 56 37 58 98 77 4 7 22 77 47 64 61 22 109 28 13 44
split_gain=277.593 97.2672 62.5649 51.6033 56.7114 44.1799 50.2229 40.6321 40.2291 42.7772 67.7018 42.3467 44.2874 39.3128 38.6323 43.507 36.4869 34.2958 33.4443 32.8038 32.8954 30.7977 43.8142 30.572 34.8198 27.9384 27.4268 27.6871 26.4773 42.4012
threshold=7.2421417236328134 5.1822233200073251 9.5407228469848651 0.048685505986213691 1.8015556931495669 0.73836511373519909 1.1164274811744692 0.21074762195348742 2.9946260452270512 1.4293912649154665 0.087042283266782774 9.6523671150207537 -1.3549089431762693 0.83023986220359813 0.032906377688050277 1.4002911448478701 -0.078615903854370103 0.6843337118625642 0.22266401350498202 0.64927330613136303 9.7986326217651385 0.88402575254440319 -0.37943243980407709 0.32063527405261999 0.21092081815004352 9.79907274246216 11.500000000000002 1.4332147240638735 0.20595924556255343 2.5778076648712163
decision_type=2 2 2 2 2 2 2 2 2 2 2 2 2 2 2 2 2 2 2 2 2 2 2 2 2 2 2 2 2 2
left_child=1 8 3 5 23 -2 -7 -8 9 10 -1 -12 -13 16 21 19 -4 -14 -11 20 -16 22 -3 24 -5 -19 -20 -28 29 -21
right_child=2 14 13 4 -6 6 7 -9 -10 18 11 12 17 -15 15 -17 -18 25 26 28 -22 -23 -24 -25 -26 -27 27 -29 -30 -31
leaf_value=0.036810121784858797 -0.019263439782898933 0.013048046577359158 -0.060581056108841527 -0.029029126416921999 0.014229162548337011 0.026356893933258175 -0.028558830111952767 0.00073802535171838186 -0.037956177382875468 0.083607050895690926 -0.061453806408322778 -0.047219605700900925 0.035237778721258363 -0.084735723598586291 0.023228360299359669 0.026122835196063482 -0.017854170235815609 0.03240069237644555 0.0092916329225301054 0.0058961307676483853 -0.017794124747300809 0.029782018733497423 -0.049593056234366759 -0.05182227793159664 -0.0039015635097337724 -0.0045790032457684871 0.023120862033844957 0.046955721882637594 -0.012297588586961443 -0.033722794043477361
leaf_weight=172 368 155 64 431 105 162 139 765 31 24 25 38 93 33 54 145 223 60 215 1386 446 207 33 92 203 313 418 174 301 70
leaf_count=172 368 155 64 431 105 162 139 765 31 24 25 38 93 33 54 145 223 60 215 1386 446 207 33 92 203 313 418 174 301 70
internal_value=-5.64716e-05 0.0076401 -0.0130359 -0.0101027 -0.0200092 -0.00435188 0.000809058 -0.00379327 0.0176261 0.0187748 0.0096578 0.000776647 0.00397905 -0.0337013 0.00205549 -0.000329895 -0.0275594 0.00824622 0.0264448 -0.00204016 -0.0133262 0.0165252 0.00184831 -0.0249738 -0.0210024 0.0014402 0.0246434 0.0301937 0.00117733 0.00396954
internal_weight=6945 4360 2585 2265 831 1434 1066 904 1563 1532 701 529 504 320 2797 2402 287 466 831 2257 500 395 188 726 634 373 807 592 1757 1456
internal_count=6945 4360 2585 2265 831 1434 1066 904 1563 1532 701 529 504 320 2797 2402 287 466 831 2257 500 395 188 726 634 373 807 592 1757 1456
is_linear=0
shrinkage=0.05


Tree=49
num_leaves=31
num_cat=0
split_feature=104 104 104 106 8 22 77 75 21 57 13 109 71 74 107 22 7 37 96 35 48 22 45 18 45 77 35 26 56 35
split_gain=248.154 91.3929 55.9134 45.6845 61.3527 52.5862 51.1836 45.5093 53.5208 45.0567 63.4173 43.1005 43.0037 48.7543 41.3421 39.8025 39.3264 39.0907 38.8523 37.5302 33.5319 32.3231 39.6782 34.8058 30.224 29.2379 34.8354 35.1112 29.22 32.407
threshold=7.2421417236328134 4.6252939701080331 9.5407228469848651 5.700028896331788 0.21996150165796283 9.9834246635437029 0.8683733642101289 -1.5170890688896177 0.27459309995174414 1.7571133375167849 0.11603484675288202 8.5000000000000018 0.68046048283576976 0.73921221494674694 0.17095680534839633 9.8607525825500506 0.64558240771293651 0.12646992504596713 1.2504417896270754 0.10830863565206529 0.65957951545715343 9.7895021438598651 1.6170772910118105 0.10837825015187265 0.72561347484588634 3.4043335914611821 0.30022436380386358 1.7292439341545107 0.83023986220359813 0.069174036383628859
decision_type=2 2 2 2 2 2 2 2 2 2 2 2 2 2 2 2 2 2 2 2 2 2 2 2 2 2 2 2 2 2
left_child=1 11 3 4 -2 6 19 -3 -9 10 12 -1 13 -10 -15 -16 -12 24 -13 -6 -14 -5 23 -23 -8 26 27 -18 29 -4
right_child=2 7 28 21 5 -7 17 8 9 -11 16 18 20 14 15 -17 25 -19 -20 -21 -22 22 -24 -25 -26 -27 -28 -29 -30 -31
leaf_value=-0.0013453856106045554 -0.056243979102190658 -0.032594534163089363 -0.079710102597108257 0.00037036419004922915 -0.051985990929237585 -0.019654573323799576 0.036118620349289442 0.042275158564079103 -0.051197102347448953 0.02393886799359982 -0.035667950290540033 0.029043319812245602 -0.022650161928592111 0.007205295897476538 0.037304386394880429 0.0028954795211553579 -0.00036268833645478873 -0.0025179028562787508 -0.010851362536126164 0.003546806944844624 0.0040921235052434708 -0.019547159378059797 0.0015026430140477711 -0.046260611078893114 0.0085319152184137222 0.027072387145688905 -0.035213481890046881 -0.044366027779725134 -0.076184964259013999 -0.021024813823834945
leaf_weight=179 48 84 25 247 56 234 203 90 30 245 120 740 188 1090 261 124 606 251 66 65 308 656 178 150 195 64 100 48 32 270
leaf_count=179 48 84 25 247 56 234 203 90 30 245 120 740 188 1090 261 124 606 251 66 65 308 656 178 150 195 64 100 48 32 270
internal_value=0.000137255 0.00745942 -0.0120449 -0.00926662 -0.00161249 0.00105274 0.00736294 0.00352838 0.00446485 0.00338315 0.00166203 0.0208437 0.00668988 0.0108961 0.0121929 0.0262582 -0.00905939 0.0129322 0.0257671 -0.0223698 -0.00606924 -0.0158011 -0.0198567 -0.0245698 0.0226578 -0.00511715 -0.00788165 -0.00365509 -0.0313545 -0.0262506
internal_weight=6953 4343 2610 2283 1052 1004 770 3358 3274 3184 2939 985 2001 1505 1475 385 938 649 806 121 496 1231 984 806 398 818 754 654 327 295
internal_count=6953 4343 2610 2283 1052 1004 770 3358 3274 3184 2939 985 2001 1505 1475 385 938 649 806 121 496 1231 984 806 398 818 754 654 327 295
is_linear=0
shrinkage=0.05


Tree=50
num_leaves=31
num_cat=0
split_feature=104 104 75 76 33 56 48 51 22 28 73 30 72 43 28 69 38 6 43 57 50 52 58 76 76 40 18 23 0 49
split_gain=232.147 79.594 60.3753 74.3142 80.6525 61.6467 77.5088 46.4062 45.5435 49.2014 55.3483 47.4337 38.6741 38.5998 44.7905 36.9951 36.622 36.3967 35.168 34.7799 34.238 32.7314 33.2207 36.3766 32.058 34.8054 31.1186 30.7717 29.8117 29.7534
threshold=6.6327104568481454 8.3380646705627459 1.5518245100975039 1.4293912649154665 0.14097852259874347 0.43314498662948614 0.86727079749107372 9.7815470695495623 10.061662673950197 1.4332147240638735 2.6368238925933842 0.061520272865891464 0.8428134322166444 2.3211209774017338 1.4287461042404177 0.087042283266782774 0.089661393314600005 0.37495268881320959 2.1214917898178105 0.82581457495689403 0.52033191919326793 0.73186731338500988 0.91642245650291454 2.1735644340515141 1.6639981269836428 0.08556340262293817 0.026255724951624874 0.93779790401458751 0.35323756933212286 0.4373630434274674
decision_type=2 2 2 2 2 2 2 2 2 2 2 2 2 2 2 2 2 2 2 2 2 2 2 2 2 2 2 2 2 2
left_child=2 7 3 4 5 27 17 -2 9 10 11 -5 -9 14 15 -3 -12 -7 -11 -6 -8 -14 23 24 25 -23 -16 -1 -21 -19
right_child=1 13 -4 8 19 6 20 12 -10 18 16 -13 21 -15 26 -17 -18 29 -20 28 -22 22 -24 -25 -26 -27 -28 -29 -30 -31
leaf_value=0.032855888631546808 0.020843749960807723 0.0035559469100333893 -0.016231120207958156 0.048743940266311597 -0.050356563509098798 -0.025640375000287104 0.06210700906813145 -0.016369679788389307 -0.015113684220051164 0.030967461034561463 -0.037490453369294602 0.016536339235961667 0.023708109330720872 -0.059471818866829076 -0.045028206455553402 -0.028540371587871895 0.0064190120864514788 0.027915264290566441 0.077590361561464233 0.024935744569191468 0.014297674453965473 0.012731862966653094 0.0039538998643338617 -0.025060886882929748 0.0083464190806878721 -0.017655595338587054 0.010942014633957836 -0.0043487431483167777 -0.021882116793164319 -0.009562168235389629
leaf_weight=298 175 105 199 140 75 219 49 642 88 380 62 617 113 59 28 610 192 77 45 45 153 118 807 276 320 455 172 68 130 164
leaf_count=298 175 105 199 140 75 219 49 642 88 380 62 617 113 59 28 610 192 77 45 45 153 118 807 276 320 455 172 68 130 164
internal_value=-0.00011795 -0.00819393 0.0103228 0.0122138 0.00331757 0.00951389 0.00040112 -0.00404481 0.0196669 0.0218073 0.01578 0.0225493 -0.00564669 -0.0205563 -0.0179848 -0.0238285 -0.00440404 -0.0109355 0.0360746 -0.0220981 0.0261438 -0.002345 -0.00384612 -0.00922951 -0.00431394 -0.0113865 0.00292115 0.0259505 -0.00976996 0.00247782
internal_weight=6881 3880 3001 2802 1278 1028 662 2906 1524 1436 1011 757 2731 974 915 715 254 460 425 250 202 2089 1976 1169 893 573 200 366 175 241
internal_count=6881 3880 3001 2802 1278 1028 662 2906 1524 1436 1011 757 2731 974 915 715 254 460 425 250 202 2089 1976 1169 893 573 200 366 175 241
is_linear=0
shrinkage=0.05


Tree=51
num_leaves=31
num_cat=0
split_feature=104 104 3 104 51 72 71 29 73 65 43 28 51 42 72 13 76 71 69 1 22 105 52 36 105 75 1 71 52 77
split_gain=216.016 87.271 45.4201 43.8463 38.4494 49.8106 37.7626 36.4073 41.5426 36.3209 34.2747 50.6472 44.475 33.8672 33.4737 32.7416 32.6749 31.2826 38.6757 30.6407 37.2114 49.6155 36.3223 30.9869 32.1529 27.2911 28.886 26.8836 25.5149 41.842
threshold=5.5057263374328622 8.1336612701416033 0.13931776583194735 3.405683279037476 9.7815470695495623 0.8428134322166444 1.6522393226623537 1.6750383973121645 2.5886014699935918 0.14101378619670871 2.3211209774017338 1.3812528252601626 9.7844734191894549 1.0029912590980532 2.2899099588394169 0.32511396706104284 2.1735644340515141 -0.25833326578140253 0.16565345227718356 9.6599545478820819 9.8792405128479022 3.653733611106873 0.95289137959480297 0.066351711750030531 7.9005050659179696 -1.3066297173500059 9.6599545478820819 -1.3933466672897337 0.73186731338500988 1.4009761214256289
decision_type=2 2 2 2 2 2 2 2 2 2 2 2 2 2 2 2 2 2 2 2 2 2 2 2 2 2 2 2 2 2
left_child=2 4 -1 -4 -2 9 7 8 14 27 11 12 -3 -10 16 25 28 -13 -19 22 21 -21 -5 -22 -25 -14 -27 -6 -7 -30
right_child=1 10 3 19 5 6 -8 -9 13 -11 -12 17 15 -15 -16 -17 -18 18 -20 20 23 -23 -24 24 -26 26 -28 -29 29 -31
leaf_value=-0.053498789191246038 0.020839640897412956 0.013877502991817892 0.036657062641476008 -0.050356215203092219 -0.03635620444507922 0.024809385382183861 -0.024187388079437808 0.030833630815365359 -0.015180623673279249 -0.026319245018629062 -0.051893744979272877 0.045906331597103014 -0.051723839899525052 0.021845148942832435 0.043123908965261998 -0.075637888427703623 -0.023096283952713955 -0.042491484904446854 0.0053970653699990786 0.036744223874571769 -0.039354778479319064 0.012644405159468916 0.0093672679278713009 0.00094752264765572507 0.034665687611725719 -0.070625086570227591 -0.01771459827510255 -0.00022399982772005817 -0.014843601497715915 0.0070390412855391082
leaf_weight=24 175 80 198 41 58 146 148 102 530 342 67 35 74 69 53 30 110 51 222 286 39 843 64 447 83 26 657 404 268 1162
leaf_count=24 175 80 198 41 58 146 148 102 530 342 67 35 74 69 53 30 110 51 222 286 39 843 64 447 83 26 657 404 268 1162
internal_value=-0.000155691 -0.00592412 0.0135394 0.0143698 -0.00194782 -0.00312926 0.000249383 0.00174091 0.000459046 -0.0139916 -0.0173332 -0.0153201 -0.0215012 -0.0108863 0.00437095 -0.0251106 0.0031279 0.00209261 -0.00367158 0.0119033 0.0135254 0.0187765 -0.0142084 0.00309161 0.00628325 -0.023011 -0.0198291 -0.0048288 0.00497175 0.00293045
internal_weight=6834 4809 2025 2001 3567 3392 2588 2440 2338 804 1242 1175 867 599 1739 787 1686 308 273 1803 1698 1129 105 569 530 757 683 462 1576 1430
internal_count=6834 4809 2025 2001 3567 3392 2588 2440 2338 804 1242 1175 867 599 1739 787 1686 308 273 1803 1698 1129 105 569 530 757 683 462 1576 1430
is_linear=0
shrinkage=0.05


Tree=52
num_leaves=31
num_cat=0
split_feature=104 104 109 51 8 75 23 16 74 67 58 35 23 7 104 67 76 56 75 30 75 23 104 56 58 6 73 23 39 56
split_gain=190.846 77.7622 50.8981 43.9568 44.7174 37.4933 47.8231 36.3582 37.6771 36.4421 34.0297 36.5178 32.1755 32.9241 31.4046 34.5583 29.6925 42.1255 32.0675 28.6095 27.0927 29.5799 27.2803 28.0445 27.5367 44.5244 26.6608 34.1953 41.3517 28.3027
threshold=7.6830427646636972 5.1822233200073251 4.5000000000000009 9.7844734191894549 0.21996150165796283 -1.5170890688896177 0.38719329237937933 0.20814506709575656 0.73921221494674694 0.045255459845066077 1.4002911448478701 0.30351519584655767 0.5493314564228059 0.64558240771293651 2.9267104864120488 0.045255459845066077 1.4293912649154665 0.42647393047809606 1.5518245100975039 0.83544498682022106 -1.3856948018074033 0.38719329237937933 10.215177059173586 0.83023986220359813 0.91642245650291454 0.840551257133484 3.0493724346160893 1.2640062570571902 0.050175052136182792 0.4420647025108338
decision_type=2 2 2 2 2 2 2 2 2 2 2 2 2 2 2 2 2 2 2 2 2 2 2 2 2 2 2 2 2 2
left_child=1 5 -2 -4 -5 -1 -7 8 -3 -10 11 26 -9 -14 -8 -16 17 -17 -18 20 -6 -22 24 -24 25 -23 27 29 -29 -11
right_child=2 7 3 4 19 6 14 12 9 10 -12 -13 13 -15 15 16 18 -19 -20 -21 21 22 23 -25 -26 -27 -28 28 -30 -31
leaf_value=-0.046297943130135542 0.0093319072509908414 -0.022461620771537127 0.014668081257219329 -0.053464280498892437 -0.057355843236049024 0.087118742517803036 0.036403586728645645 0.047333357572555544 0.042614713573129848 0.01556679178201003 0.030149436257933537 -0.046353642561951201 -0.042021514797532883 -0.0068617164145741358 0.051688155726933818 0.020749870767008124 0.020753878903022098 -0.0082546704247015296 -0.008998379996046425 -0.057248582150787125 0.026145703196728039 -0.0141975759732141 -0.025192015963889439 -0.086577230408078146 -0.0018329718703803226 -0.061013174312258216 -0.015673516703586729 0.065514077113734345 0.013078211012625809 -0.00061558865577585726
leaf_weight=24 237 127 115 80 35 22 146 24 63 338 120 36 73 672 52 189 675 366 104 39 45 891 185 20 448 53 162 44 234 1331
leaf_count=24 237 127 115 80 35 22 146 24 63 338 120 36 73 672 52 189 675 366 104 39 45 891 185 20 448 53 162 44 234 1331
internal_value=-0.000107338 0.00543407 -0.0124923 -0.0152024 -0.0171221 0.0145249 0.0154935 0.000981385 0.00395324 0.00540328 0.00434991 0.00289321 -0.00849895 -0.0103586 0.0144087 0.0120673 0.0104852 0.00164211 0.0167754 -0.0153977 -0.0143909 -0.0134407 -0.0145718 -0.031572 -0.0120473 -0.0168878 0.00375541 0.00537921 0.0215825 0.00266897
internal_weight=6950 4802 2148 1911 1796 1578 1554 3224 2455 2328 2265 2145 769 745 1532 1386 1334 555 779 1716 1677 1642 1597 205 1392 944 2109 1947 278 1669
internal_count=6950 4802 2148 1911 1796 1578 1554 3224 2455 2328 2265 2145 769 745 1532 1386 1334 555 779 1716 1677 1642 1597 205 1392 944 2109 1947 278 1669
is_linear=0
shrinkage=0.05


Tree=53
num_leaves=31
num_cat=0
split_feature=104 104 22 27 109 57 34 73 107 68 69 43 64 62 18 68 21 62 28 51 58 60 49 36 7 66 78 69 36 76
split_gain=166.548 66.0029 48.1807 61.5882 49.387 39.3121 58.2003 43.4517 38.0296 37.6738 45.1687 67.5735 45.0314 61.4067 47.4273 44.7563 43.3928 39.21 40.2283 37.0257 32.3335 29.6643 41.6151 29.6385 34.8204 28.5243 27.7279 27.3355 26.6724 26.4307
threshold=7.2421417236328134 3.6314833164215092 9.8610854148864764 0.74610897898674022 17.500000000000004 1.7571133375167849 0.16858761757612231 3.0054416656494145 0.13775104284286502 0.19738575816154483 0.29091192781925207 2.1093752384185795 0.1633514538407326 0.057501688599586494 0.098147548735141768 0.040882911533117301 0.52944722771644603 0.075777564197778716 0.62269297242164623 9.9639158248901385 0.59426450729370128 0.082961373031139388 0.85004070401191723 0.057904684916138656 0.64558240771293651 0.15808422863483432 0.74624541401863109 0.16469655930995944 0.4555566161870957 1.6639981269836428
decision_type=2 2 2 2 2 2 2 2 2 2 2 2 2 2 2 2 2 2 2 2 2 2 2 2 2 2 2 2 2 2
left_child=1 -1 3 4 8 6 7 9 -2 10 11 12 13 -3 21 16 -15 18 -17 -8 -4 -14 -23 -22 25 -25 -6 -19 -21 -11
right_child=2 5 20 -5 26 -7 19 -9 -10 29 -12 -13 14 15 -16 17 -18 27 -20 28 23 22 -24 24 -26 -27 -28 -29 -30 -31
leaf_value=0.029443872790353032 -0.0057649426035317856 0.018110451560426264 -0.050562934901403345 0.035180020096993662 -0.03533256181698944 0.023368565954328721 -0.02515884682416988 -0.010908586385194213 0.020678864819572415 0.011554714013904019 -0.017057157586863138 0.071946306010851488 -0.0047164574488835027 -0.0033432513807025374 -0.054910032025405342 -0.049297974045787542 -0.061629105388881666 -0.032234406119889834 0.012317327673480247 0.015087708044666215 -0.047094133906606321 0.0505554707510803 0.015974047335031435 -0.0051088147287912389 -0.0096036862011118791 -0.050282048593418532 -0.0104115078696746 -0.0045262959672475109 -0.038029838867228605 0.035007464783319106
leaf_weight=278 350 417 68 94 137 252 277 369 221 384 219 38 85 65 20 27 62 109 498 127 68 132 256 53 940 103 593 469 28 175
leaf_count=278 350 417 68 94 137 252 277 369 221 384 219 38 85 65 20 27 62 109 498 127 68 132 256 53 940 103 593 469 28 175
internal_value=-0.000146505 0.00592783 -0.0100577 -0.00368984 -0.00652313 0.0042902 0.00300465 0.00524872 0.00448813 0.00726866 0.0045386 0.0067169 0.00552556 0.00155324 0.0187662 -0.00407021 -0.0320569 -0.000821685 0.00906084 -0.0142397 -0.0172592 0.0219907 0.0278386 -0.0152719 -0.0132564 -0.035065 -0.0151304 -0.00979818 0.00531001 0.0189462
internal_weight=6914 4287 2627 1395 1301 4009 3757 3325 571 2956 2397 2178 2140 1647 493 1230 127 1103 525 432 1232 473 388 1164 1096 156 730 578 155 559
internal_count=6914 4287 2627 1395 1301 4009 3757 3325 571 2956 2397 2178 2140 1647 493 1230 127 1103 525 432 1232 473 388 1164 1096 156 730 578 155 559
is_linear=0
shrinkage=0.05


Tree=54
num_leaves=31
num_cat=0
split_feature=104 104 104 75 76 56 58 65 29 73 42 13 69 53 43 7 73 35 51 47 58 69 18 28 76 43 15 86 29 34
split_gain=165.968 54.454 45.4809 35.6573 45.2152 49.5349 44.8327 34.6869 32.1549 48.8697 47.8076 34.7194 30.0219 33.3327 29.6785 26.2745 24.5056 31.9011 25.2575 24.2979 32.6854 31.5875 23.8001 24.3487 23.6555 23.1748 24.5878 23.018 22.9694 22.7282
threshold=6.9399998188018808 3.8992782831192021 8.3380646705627459 1.5518245100975039 1.4293912649154665 0.42647393047809606 0.62240448594093334 0.030323574319481853 1.6750383973121645 2.6368238925933842 0.98289519548416149 0.11027897149324419 0.09160331636667253 0.53448423743247997 1.1937325596809389 0.66166779398918163 1.4399079084396365 0.25172658264636999 9.8226518630981463 2.3998591899871831 0.89333945512771618 0.087042283266782774 0.10677726939320566 1.8015556931495669 1.8643954992294314 2.166194081306458 0.016734368167817596 1.6578919887542727 0.69582688808441173 0.11471210792660715
decision_type=2 2 2 2 2 2 2 2 2 2 2 2 2 2 2 2 2 2 2 2 2 2 2 2 2 2 2 2 2 2
left_child=1 27 12 4 5 16 -7 -8 9 11 24 25 -2 -14 -9 -13 17 18 -3 20 21 -4 -15 -24 -11 26 -6 -1 -5 -26
right_child=2 3 19 28 8 6 7 14 -10 10 -12 15 13 22 -16 -17 -18 -19 -20 -21 -22 -23 23 -25 29 -27 -28 -29 -30 -31
leaf_value=0.025647920647892321 0.01264944893894075 0.017210316314160434 0.0021827953994612804 0.0065918650902106347 0.050540953725576404 -0.033535779091633612 0.039457672494261159 -0.0029408179028810703 0.040775603043672809 -0.040591996549240623 0.0338210728868623 -0.048259483898679421 -0.016797217232832794 0.0012738821821206153 -0.048948412469109977 0.0060144797332089637 -0.010069597823804573 -0.016580205979315858 0.05255379611774097 -0.049340150395541321 -0.0043947405081143634 -0.029231233814113945 -0.020580170934042293 0.0092084384042319372 -0.018177699728756016 0.067961683296240291 0.017074583382019105 -0.014062794544734062 -0.026967657280381498 0.010161494257138862
leaf_weight=461 231 267 98 80 59 138 45 670 90 59 67 23 553 1104 36 314 96 56 62 55 393 432 281 90 164 25 694 39 138 123
leaf_count=461 231 267 98 80 59 138 45 670 90 59 67 23 553 1104 36 314 96 56 62 55 393 432 281 90 164 25 694 39 138 123
internal_value=-2.6421e-05 0.0071975 -0.00829666 0.00480022 0.00622578 -0.000459059 -0.00745034 -0.00261879 0.0118828 0.0101554 -0.00452894 0.0155938 -0.00439336 -0.0063399 -0.00535273 0.0021785 0.0124511 0.0180782 0.0240099 -0.0172989 -0.0153383 -0.0234294 -0.00241057 -0.0133485 -0.0120312 0.0213945 0.0197603 0.0225286 -0.0146784 -0.00603922
internal_weight=6943 3706 3237 3206 2988 1370 889 751 1618 1528 413 1115 2259 2028 706 337 481 385 329 978 923 530 1475 371 346 778 753 500 218 287
internal_count=6943 3706 3237 3206 2988 1370 889 751 1618 1528 413 1115 2259 2028 706 337 481 385 329 978 923 530 1475 371 346 778 753 500 218 287
is_linear=0
shrinkage=0.05


Tree=55
num_leaves=31
num_cat=0
split_feature=104 104 0 13 6 108 40 42 107 22 76 42 51 75 23 61 69 36 43 38 54 44 8 47 6 54 38 28 35 42
split_gain=152.375 56.8033 44.2331 44.1128 36.4257 35.5295 31.7483 29.6304 28.7482 47.3797 37.0881 31.6972 27.3195 34.474 30.57 32.7097 40.7845 34.4584 33.1185 30.7491 26.959 23.3805 22.7406 22.8949 21.9081 20.9243 20.3069 19.7141 30.2509 18.9551
threshold=5.4318635463714608 8.3380646705627459 0.13920997083187106 0.12386368587613107 0.12013645097613336 0.75000000000000011 0.2130464389920235 -0.69384241104125965 0.1797939017415047 9.8607525825500506 0.64857536554336559 0.024530074093490842 9.7815470695495623 -1.4659516811370847 0.39712725579738622 0.22816285490989688 0.29601456224918371 0.4555566161870957 1.9188425540924074 0.081612575799226775 0.83079007267951976 0.49293468892574316 0.25057251006364828 2.3998591899871831 0.38582356274127966 0.83079007267951976 0.11468835175037385 1.5244349837303164 0.30022436380386358 -3.5273047685623165
decision_type=2 2 2 2 2 2 2 2 2 2 2 2 2 2 2 2 2 2 2 2 2 2 2 2 2 2 2 2 2 2
left_child=4 2 -2 8 -1 6 24 21 29 10 -10 -12 -6 -14 -15 16 18 -17 20 -20 -16 -8 -3 27 -5 -9 -18 28 -24 -4
right_child=1 22 3 5 12 -7 7 25 9 -11 11 -13 13 14 15 17 26 -19 19 -21 -22 -23 23 -25 -26 -27 -28 -29 -30 -31
leaf_value=-0.045829097795541646 -0.039121236258386816 -0.043800811689180229 -0.039556804395491085 -0.0040578865196072948 0.034664384847873764 0.0025369713451510664 -0.0082282181275953169 0.0021929159005931406 -0.025927926538982623 -0.0043739084656022878 0.031339804169871935 -0.030945213917981496 -0.051194114915349268 0.064665321067527495 0.010407839673160668 0.026908661142171005 -0.054014231796775551 -0.024968122523278 0.078325368102752813 0.016642770755358718 -0.020201003630287373 -0.036545660136239284 -0.012223724273461103 -0.045110175643478419 0.046626386714392697 -0.025747344468478473 -0.0077158306532280081 0.0069718998353627895 -0.058724381427305773 -0.00016310665804914197
leaf_weight=26 78 66 30 80 131 408 100 188 35 282 328 21 21 26 936 402 27 34 32 54 77 275 673 53 28 103 157 123 36 2041
leaf_count=26 78 66 30 80 131 408 100 188 35 282 328 21 21 26 936 402 27 34 32 54 77 275 673 53 28 103 157 123 36 2041
internal_value=-5.16954e-05 -0.0046936 -0.00207877 -0.00133173 0.0118884 -0.00939968 -0.015687 -0.0197615 0.00215466 0.0111826 0.0225886 0.0275143 0.0127032 0.0110555 0.0118335 0.0109973 0.00696656 0.0228153 0.0106151 0.0402309 0.00806358 -0.0290363 -0.0156698 -0.0135249 0.00938969 -0.0077509 -0.0147649 -0.0114611 -0.0146642 -0.00075257
internal_weight=6871 4948 3997 3919 1923 1182 774 666 2737 666 384 349 1897 1766 1745 1719 1283 436 1099 86 1013 375 951 885 108 291 184 832 709 2071
internal_count=6871 4948 3997 3919 1923 1182 774 666 2737 666 384 349 1897 1766 1745 1719 1283 436 1099 86 1013 375 951 885 108 291 184 832 709 2071
is_linear=0
shrinkage=0.05


Tree=56
num_leaves=31
num_cat=0
split_feature=104 71 72 33 11 67 29 73 72 34 46 67 91 57 35 23 59 35 35 72 54 56 56 54 67 46 40 72 6 65
split_gain=136.903 56.1893 51.6481 66.4789 51.4738 42.0906 41.5116 52.6989 49.8239 43.543 34.6303 34.3452 35.7033 35.479 63.1724 38.6279 36.3612 34.1193 33.462 33.2471 33.1194 35.6952 39.4045 39.7497 33.0325 64.5706 45.3909 43.4345 25.7817 23.4286
threshold=5.4470479488372812 1.6522393226623537 0.8428134322166444 0.10815658420324327 0.040204320102930076 0.045255459845066077 1.6750383973121645 2.6368238925933842 2.2899099588394169 0.11228380352258684 -0.26961986720561976 0.045255459845066077 -3.895702481269836 1.7571133375167849 0.30022436380386358 2.2229561805725102 0.18430292606353763 0.47644716501235967 0.16103103011846545 1.810715973377228 0.83079007267951976 0.61222347617149364 0.48309898376464849 0.45257975161075598 0.13537284731864932 0.3152995109558106 0.16357367485761645 2.2428100109100346 0.55424502491951 0.17970786243677142
decision_type=2 2 2 2 2 2 2 2 2 2 2 2 2 2 2 2 2 2 2 2 2 2 2 2 2 2 2 2 2 2
left_child=11 2 3 4 -2 -4 7 8 17 -9 -6 -1 -13 14 16 -16 20 24 -5 -11 21 22 -14 -24 25 -7 -26 28 -28 -23
right_child=1 -3 5 18 10 6 -8 9 -10 19 -12 12 13 -15 15 -17 -18 -19 -20 -21 -22 29 23 -25 26 -27 27 -29 -30 -31
leaf_value=0.04272089006929064 -0.028033285347366307 -0.026645117159409638 0.032348017903562752 -0.072809006311954597 0.005239143119367521 -0.0049268578108037928 0.025275108341232005 -0.025163303766876057 0.034994389187266058 -0.028377893120701353 -0.054805052638053901 0.069224458456039431 0.011933525132515589 0.045643392183046673 -0.052195701180998956 0.024604205399836331 0.023352200133745254 -0.034799894975388754 -0.023818972679770907 0.0054585087153177121 -0.017550407558188052 0.02668786177341528 -0.05434540329839696 -0.0034945473480856772 0.022774821210274642 -0.078964580451288541 0.0080969999371645601 -0.040946458097768285 -0.0069772269124631914 -0.012060563721073171
leaf_weight=82 170 266 97 38 609 593 144 388 106 92 24 24 504 63 66 21 386 67 360 330 134 311 43 305 291 30 829 58 430 44
leaf_count=82 170 266 97 38 609 593 144 388 106 92 24 24 504 63 66 21 386 67 360 330 134 311 43 305 291 30 829 58 430 44
internal_value=0.000130984 -0.0043378 -0.00305793 -0.0119851 -0.00369147 4.78521e-05 -0.000894531 -0.00207453 0.00164295 -0.0130961 0.00287973 0.0112196 0.00983899 0.00904321 0.00774764 -0.0335889 0.00984826 8.99885e-05 -0.0286672 -0.0019678 0.00594671 0.00856771 0.00300809 -0.00991556 0.0011529 -0.00861291 0.00493955 0.000984434 0.00294708 0.0218649
internal_weight=6905 4922 4656 1201 803 3455 3358 3214 2404 810 633 1983 1901 1877 1814 87 1727 2298 398 422 1341 1207 852 348 2231 623 1608 1317 1259 355
internal_count=6905 4922 4656 1201 803 3455 3358 3214 2404 810 633 1983 1901 1877 1814 87 1727 2298 398 422 1341 1207 852 348 2231 623 1608 1317 1259 355
is_linear=0
shrinkage=0.05


Tree=57
num_leaves=31
num_cat=0
split_feature=104 104 104 107 8 42 107 76 47 29 51 75 1 27 23 57 35 49 35 35 45 62 44 68 47 17 71 36 13 74
split_gain=139.691 49.7532 39.8673 30.6057 30.2112 30.6135 28.1824 27.2793 26.8993 26.1927 26.5575 28.8313 28.9584 28.6096 25.3417 24.7406 29.5469 22.4659 21.5902 20.5423 20.0212 29.1084 21.2579 22.1786 19.8816 29.4566 20.1254 19.6685 18.7381 21.7187
threshold=7.1741983890533456 5.1822233200073251 9.5407228469848651 0.18958585709333423 0.25057251006364828 -1.0064178705215452 0.22311574220657351 0.90577423572540294 2.9946260452270512 1.6750383973121645 9.7815470695495623 -1.3856948018074033 9.6599545478820819 0.55790811777114879 0.39712725579738622 1.7454636096954348 0.24803682416677478 1.9483628273010256 0.069174036383628859 0.069174036383628859 0.90277287364006054 0.16097314655780795 -0.39425836503505701 0.19738575816154483 1.1329948902130129 0.052075982093811042 1.8826545476913454 0.037208357825875289 0.058592252433300025 0.84321421384811412
decision_type=2 2 2 2 2 2 2 2 2 2 2 2 2 2 2 2 2 2 2 2 2 2 2 2 2 2 2 2 2 2
left_child=1 8 3 20 -5 18 -4 -7 9 10 -1 -12 13 -13 -14 16 28 -18 -6 -8 21 22 -2 -24 25 -16 -26 -20 29 -3
right_child=2 15 6 4 5 7 19 -9 -10 -11 11 12 14 -15 24 -17 17 -19 27 -21 -22 -23 23 -25 26 -27 -28 -29 -30 -31
leaf_value=0.036237819575880834 0.0078669614274986099 -0.025064454635882635 -0.067057395933402916 -0.035548512679788306 -0.031595270011736003 -0.05911164539601569 -0.066614791073582397 -0.0020655781200438149 -0.032756486855214463 0.059165616189279874 -0.031080100836697967 -0.044051978567784485 0.066990571536801088 0.020763330956521844 0.017333195907958645 0.018166372297078515 -0.021638073658711524 0.011198781777534691 0.036919768283143639 -0.016216357680547144 -0.0056087841404350736 -0.048827083070169801 -0.021417968817443112 0.010966625039388117 0.025054904564493458 -0.0011742572045056795 -0.014744368980505638 0.0097320072585716857 -0.0014834442977115941 0.0099292934459754185
leaf_weight=110 95 46 35 52 22 21 21 444 31 30 39 43 21 27 446 205 237 66 99 275 813 65 466 59 381 414 34 202 1357 799
leaf_count=110 95 46 35 52 22 21 21 444 31 30 39 43 21 27 446 205 237 66 99 275 813 65 466 59 381 414 34 202 1357 799
internal_value=2.8166e-05 0.00561958 -0.00894953 -0.00664383 0.00099545 0.00344898 -0.0251666 -0.00476317 0.0126807 0.013613 0.0126726 0.0108031 0.0120208 -0.0191115 0.0137158 0.00151 0.000140201 -0.0144722 0.0152496 -0.0200042 -0.0109254 -0.017218 -0.0138309 -0.0177646 0.0127865 0.00843278 0.0217666 0.0187668 0.00215655 0.00799693
internal_weight=6955 4286 2669 2338 840 788 331 465 1576 1545 1515 1405 1366 70 1296 2710 2505 303 323 296 1498 685 620 525 1275 860 415 301 2202 845
internal_count=6955 4286 2669 2338 840 788 331 465 1576 1545 1515 1405 1366 70 1296 2710 2505 303 323 296 1498 685 620 525 1275 860 415 301 2202 845
is_linear=0
shrinkage=0.05


Tree=58
num_leaves=31
num_cat=0
split_feature=104 104 3 13 73 104 62 60 26 106 23 58 51 7 28 58 1 73 47 43 57 15 56 28 2 20 75 28 75 27
split_gain=117.518 44.6716 39.388 43.8622 36.0518 32.8748 32.6211 37.5831 65.4097 30.9692 30.2791 35.463 29.918 27.8129 27.542 27.2796 26.235 27.1193 26.2585 31.8389 25.4457 32.5073 24.6135 25.8186 22.8049 21.9814 21.8067 21.0989 20.5135 19.8526
threshold=6.8478643894195566 9.5407228469848651 0.13931776583194735 0.12386368587613107 3.5227032899856572 3.6314833164215092 0.057501688599586494 0.062362659722566612 0.6213037669658662 5.700028896331788 0.60086625814437877 0.64720574021339428 9.9064049720764178 0.64558240771293651 0.62269297242164623 1.1162876486778261 9.5976166725158709 2.9982907772064213 1.149004399776459 1.1937325596809389 1.7571133375167849 0.069786772131919875 0.83023986220359813 0.82083281874656688 1.5385502576828005 0.026284889318048957 -1.4659516811370847 0.94827908277511608 -0.074013147503137575 0.23212642222642901
decision_type=2 2 2 2 2 2 2 2 2 2 2 2 2 2 2 2 2 2 2 2 2 2 2 2 2 2 2 2 2 2
left_child=2 6 -1 5 10 -4 -2 8 14 12 -5 -12 15 -13 -8 -9 -7 18 19 25 21 29 23 -3 -19 -18 -27 -23 -20 -11
right_child=1 22 3 4 -6 16 7 9 -10 20 11 13 -14 -15 -16 -17 17 24 28 -21 -22 27 -24 -25 -26 26 -28 -29 -30 -31
leaf_value=-0.035222666202621031 0.010270001845684218 -0.056038398313813104 0.029775303260624376 0.024312942911997256 0.030956945967461381 -0.040780081678755013 -0.0350400484749116 0.0051458101406699321 -0.064148930480351321 -0.036443937703967096 -0.028863517758465792 -0.036607444948620269 -0.007951194852220185 0.00097388859060476118 0.0054241825705318436 0.036740124268600571 0.032870773136811825 -0.00040289113668782854 0.050186810488330902 -0.041621688978686455 0.012111727536108544 -0.036394552071010923 -0.064458151183584153 -0.013071699363536762 -0.049001242896472973 -0.029921364864787543 0.0090313612041485036 -0.013736601209545391 0.018199207659831896 -0.0040759091651962126
leaf_weight=54 333 40 212 80 76 25 63 555 73 49 158 53 437 557 122 77 94 228 57 30 130 163 33 246 26 36 1293 281 396 912
leaf_count=54 333 40 212 80 76 25 63 555 73 49 158 53 437 557 122 77 94 228 57 30 130 163 33 246 26 36 1293 281 396 912
internal_value=9.32267e-05 -0.00630589 0.00675579 0.00744876 -0.00180501 0.0110152 -0.00452045 -0.00624433 -0.0244108 -0.00443575 -0.00477423 -0.00783182 0.00209736 -0.00234594 -0.00846983 0.00904708 0.0091822 0.00977907 0.0118237 0.00853641 -0.00898392 -0.0109431 -0.0241183 -0.0192553 -0.00555018 0.00962234 0.0079545 -0.0221178 0.0223258 -0.00576248
internal_weight=6889 3514 3375 3321 924 2397 3195 2862 258 2604 848 768 1069 610 185 632 2185 2160 1906 1453 1535 1405 319 286 254 1423 1329 444 453 961
internal_count=6889 3514 3375 3321 924 2397 3195 2862 258 2604 848 768 1069 610 185 632 2185 2160 1906 1453 1535 1405 319 286 254 1423 1329 444 453 961
is_linear=0
shrinkage=0.05


Tree=59
num_leaves=31
num_cat=0
split_feature=104 69 68 75 22 6 13 58 37 75 104 28 29 55 49 3 27 62 42 23 68 69 108 69 58 43 19 74 56 0
split_gain=95.3902 39.1257 87.0194 40.4452 42.6933 37.0017 37.5773 39.247 36.2589 33.8988 38.7008 33.7465 32.7374 32.4933 31.0838 30.2248 30.6114 29.4246 28.5458 28.3573 24.8228 39.353 26.4938 32.9064 35.265 42.0972 29.7343 24.5336 24.2132 34.2267
threshold=6.6327104568481454 0.09160331636667253 0.040882911533117301 -1.3856948018074033 9.8610854148864764 0.12013645097613336 0.20595924556255343 0.62287399172782909 0.12646992504596713 -1.3963412642478941 3.8516664505004887 1.4464595317840578 1.1176342964172366 0.6382562816143037 1.8682665228843691 1.3069747090339663 1.0859051346778872 0.06015256047248841 -2.8379540443420406 0.50798380374908458 0.19738575816154483 0.29470849037170416 0.75000000000000011 0.24883525073528293 0.91642245650291454 2.1214917898178105 0.2264421880245209 0.78999459743499767 0.4431294202804566 0.59603393077850353
decision_type=2 2 2 2 2 2 2 2 2 2 2 2 2 2 2 2 2 2 2 2 2 2 2 2 2 2 2 2 2 2
left_child=5 -2 -3 -4 12 -1 9 -8 -6 17 -11 13 18 -10 -15 16 -9 -7 -5 -20 21 22 23 24 28 -26 -25 -21 -12 -30
right_child=1 2 3 4 8 6 7 15 11 10 20 -13 -14 14 -16 -17 -18 -19 19 27 -22 -23 -24 26 25 -27 -28 -29 29 -31
leaf_value=-0.035771470241248611 0.0088093192176983311 -0.074401183790983039 -0.03345700965728611 -0.027290358497300483 -0.027349673411699083 0.026148072306228721 -0.043858253648356792 -0.0033685304366928692 0.014503223753209175 0.024963819822067777 0.0060394758927868678 0.0059389993211260558 0.031462575741378326 -0.017221648246579652 0.018676047072960781 0.027203411547895018 -0.067401401911463057 -0.040745082459712437 0.025910731804531035 -0.02902874874667909 0.017533344118022983 -0.017701382311548344 0.027065792840380128 0.029573339759962486 0.0086912026651524543 0.067076659287725174 -0.0094233673888084023 0.00080727294829403481 -0.0063661104624204911 -0.045322041713924552
leaf_weight=49 452 46 127 93 264 22 62 169 105 396 299 363 83 867 64 73 20 58 106 72 513 171 155 211 266 34 63 1226 359 66
leaf_count=49 452 46 127 93 264 22 62 169 105 396 299 363 83 867 64 73 20 58 106 72 513 171 155 211 266 34 63 1226 359 66
internal_value=0.000180753 -0.00500136 -0.00683081 -0.00588669 -0.00479702 0.00689298 0.00761671 -0.00842491 -0.0103864 0.00960826 0.0106229 -0.00716808 0.00108883 -0.0117619 -0.0147365 9.49538e-05 -0.0104636 -0.0222538 -0.0006151 0.00117002 0.00795506 0.00492048 0.00759313 0.00524877 0.00112361 0.0155091 0.0206053 -0.000868803 -0.00485039 -0.0125079
internal_weight=6854 3868 3416 3370 3243 2986 2937 324 1663 2613 2533 1399 1580 1036 931 262 189 80 1497 1404 2137 1624 1453 1298 1024 300 274 1298 724 425
internal_count=6854 3868 3416 3370 3243 2986 2937 324 1663 2613 2533 1399 1580 1036 931 262 189 80 1497 1404 2137 1624 1453 1298 1024 300 274 1298 724 425
is_linear=0
shrinkage=0.05


Tree=60
num_leaves=31
num_cat=0
split_feature=104 104 47 51 76 6 1 19 67 75 76 77 33 28 11 104 28 53 42 7 64 29 73 37 37 66 13 32 8 23
split_gain=106.963 42.2783 31.583 25.7664 35.4301 30.0765 25.7081 25.4215 23.4627 22.4519 30.0171 33.7748 31.8472 26.9521 27.3541 21.8088 22.6559 29.5578 21.161 20.7685 31.7924 20.3524 24.7465 28.0889 22.1355 24.533 22.7107 20.0939 33.5488 20.0373
threshold=7.7144408226013192 4.8491981029510507 2.3998591899871831 9.784213066101076 1.4293912649154665 0.840551257133484 9.686857223510744 0.070967659354209914 0.045255459845066077 1.5518245100975039 1.4293912649154665 1.3426603674888613 0.14097852259874347 1.1347228884696963 0.040204320102930076 10.215177059173586 1.2520520091056826 0.66349717974662792 -0.1905151158571243 0.88222232460975658 0.11826182529330255 1.6750383973121645 2.6368238925933842 0.062774866819381728 0.15986849367618564 0.14280252158641818 0.041219748556613929 0.061846336349844939 0.21996150165796283 0.85211604833602916
decision_type=2 2 2 2 2 2 2 2 2 2 2 2 2 2 2 2 2 2 2 2 2 2 2 2 2 2 2 2 2 2
left_child=1 8 3 -2 5 6 -5 -8 -1 10 12 -12 13 14 -3 16 17 -6 -15 20 -16 22 24 -24 25 26 -13 -10 -29 -26
right_child=2 9 -4 4 15 -7 7 -9 27 -11 11 21 -14 18 19 -17 -18 -19 -20 -21 -22 -23 23 -25 29 -27 -28 28 -30 -31
leaf_value=0.044156583865104182 0.012366600726763237 -0.01954015876081857 -0.0331232148539485 -0.055679944628163391 0.010417775554369048 -0.067489360735334208 -0.033891146545786233 -0.009193694628501203 0.036049699514276452 -0.015029953433657112 0.053652547017948055 0.035491252318024635 -0.018757838673573404 -0.0041882385854896164 0.015125703530016714 -0.020949852881977791 0.0081558027419714896 -0.016505919079764144 -0.032664504594414487 0.024245172861953497 -0.012413402577603743 0.026782322562787505 -0.029511462656070589 0.00051590499972026195 -0.043488866746425631 0.028024841724721156 0.003620183516811747 -0.040926254122997774 0.010265968202662935 0.0023296197196059922
leaf_weight=53 144 87 132 37 149 28 125 611 71 200 36 63 267 430 265 150 412 318 76 185 172 104 96 395 24 208 444 32 1093 523
leaf_count=53 144 87 132 37 149 28 125 611 71 200 36 63 267 430 265 150 412 318 76 185 172 104 96 395 24 208 444 32 1093 523
internal_value=-0.000131265 0.00397308 -0.00953008 -0.00793646 -0.00953996 -0.0174188 -0.0155202 -0.0134285 0.0118883 0.00120516 0.00217141 0.00634218 -0.00315672 0.000284284 0.00657181 -0.00339593 -0.000379972 -0.0079118 -0.0085213 0.0102496 0.00428292 0.00539663 0.00411334 -0.00540308 0.00781719 0.0136028 0.00764256 0.0104227 0.00877478 0.000243611
internal_weight=6930 4824 2106 1974 1830 801 773 736 1249 3575 3375 1893 1482 1215 709 1029 879 467 506 622 437 1857 1753 491 1262 715 507 1196 1125 547
internal_count=6930 4824 2106 1974 1830 801 773 736 1249 3575 3375 1893 1482 1215 709 1029 879 467 506 622 437 1857 1753 491 1262 715 507 1196 1125 547
is_linear=0
shrinkage=0.05


Tree=61
num_leaves=31
num_cat=0
split_feature=104 51 76 43 75 33 4 56 23 49 59 32 22 107 27 22 51 58 22 6 6 32 0 36 62 37 35 23 104 33
split_gain=93.0211 36.3764 34.2783 49.279 40.2735 37.2111 36.4216 34.3669 36.9376 34.4848 41.9815 32.4382 55.8862 58.3339 29.685 40.8492 28.471 29.8761 39.9008 29.3141 28.2284 28.1702 26.3586 25.3018 24.4465 23.0811 22.7612 21.2231 21.0853 21.0373
threshold=7.7144408226013192 9.7815470695495623 1.4293912649154665 1.1937325596809389 1.5518245100975039 0.14324035495519641 0.22266401350498202 0.43314498662948614 0.69843932986259472 0.4373630434274674 0.057679601013660438 0.70765727758407604 9.9584760665893572 0.21221201866865161 0.4469722211360932 9.8157463073730487 9.7844734191894549 0.91642245650291454 10.061662673950197 0.840551257133484 0.22714176028966906 0.14261873811483386 0.33010153472423559 0.12593393772840503 0.069504581391811385 0.32058638334274298 0.28025221824646002 1.3696877360343935 5.7113575935363778 0.092853650450706496
decision_type=2 2 2 2 2 2 2 2 2 2 2 2 2 2 2 2 2 2 2 2 2 2 2 2 2 2 2 2 2 2
left_child=1 -1 3 5 6 7 -4 23 -9 -10 -11 12 13 14 15 -8 -2 19 20 26 -19 -14 -7 24 -3 -23 -18 -15 -16 -17
right_child=16 2 4 -5 -6 22 11 8 9 10 -12 -13 21 27 28 29 17 18 -20 -21 -22 25 -24 -25 -26 -27 -28 -29 -30 -31
leaf_value=0.021949868666706607 0.011316708231305067 0.012782808908484579 0.0441440845421259 -0.048400558034578961 -0.011145838650510704 0.0076592823751725075 0.008843692506883773 -0.013418104009706923 0.040078551196135015 -0.059305657943089812 0.0048496229110420314 0.036569865011088144 -0.04203121174418889 0.026886820374158373 0.018651911484167529 -0.038804226423564708 -0.011805489834947209 -0.02391912475829789 -0.032969891791287009 -0.049794571355370611 0.0062653534819762284 -0.0018697363480886433 -0.025409265088413346 0.030220780266569026 -0.023032974268569321 -0.054623611068183732 -0.044225522013087021 0.073445495537349165 0.0049955417567482709 -0.0055483673148927735
leaf_weight=259 163 217 68 56 297 81 240 451 64 26 458 90 58 228 472 94 1149 89 92 57 555 362 230 154 60 21 56 27 705 96
leaf_count=259 163 217 68 56 297 81 240 451 64 26 458 90 58 228 472 94 1149 89 92 57 555 362 230 154 60 21 56 27 705 96
internal_value=-0.000109772 0.00375886 0.00271992 -0.00265273 0.00622021 -0.00115429 0.00831967 0.00225766 -0.00283515 0.00588311 0.00128809 0.00728366 0.0061238 0.00991385 0.00637807 -0.00485676 -0.00872558 -0.0103655 -0.00235466 -0.0150319 0.00206328 -0.00986488 -0.0167996 0.0140413 0.00496993 -0.00489696 -0.0133476 0.0320842 0.0104832 -0.0221183
internal_weight=6975 4814 4555 1797 2758 1741 2461 1430 999 548 484 2393 2303 1862 1607 430 2161 1998 736 1262 644 441 311 431 277 383 1205 255 1177 190
internal_count=6975 4814 4555 1797 2758 1741 2461 1430 999 548 484 2393 2303 1862 1607 430 2161 1998 736 1262 644 441 311 431 277 383 1205 255 1177 190
is_linear=0
shrinkage=0.05


Tree=62
num_leaves=31
num_cat=0
split_feature=104 51 72 75 70 22 107 23 42 42 68 45 7 64 69 38 49 58 5 44 7 19 46 18 75 68 22 63 42 108
split_gain=79.4932 33.931 41.2562 33.413 35.071 43.5741 62.8984 43.7837 35.4457 33.0972 31.2695 30.4468 28.5769 28.0885 43.8566 29.3926 28.6334 31.1492 26.3222 23.414 22.7117 21.2073 23.4228 20.896 20.3483 19.9645 20.8912 19.3099 18.61 18.4944
threshold=7.7144408226013192 9.7815470695495623 0.8428134322166444 1.5518245100975039 0.28644694387912756 9.9584760665893572 0.14348406344652179 1.3696877360343935 -2.7279825210571285 0.58141601085662853 0.18861896544694903 0.94733652472496044 0.3300877064466477 0.10411452502012254 0.11010675877332689 0.071859546005725874 -0.61241856217384327 0.63752970099449169 1.0458923578262331 -0.87696173787116993 0.64927330613136303 0.062456592917442329 -0.5545361042022704 0.035796293988823898 0.58356881141662609 0.19697681069374087 10.03504514694214 0.11192488670349122 -0.377469852566719 0.75000000000000011
decision_type=2 2 2 2 2 2 2 2 2 2 2 2 2 2 2 2 2 2 2 2 2 2 2 2 2 2 2 2 2 2
left_child=1 -1 10 4 5 6 21 9 -6 -8 12 -10 -3 24 -15 -16 -17 23 19 -14 -19 28 -23 -18 -2 26 -22 -5 -4 -21
right_child=13 2 3 27 8 -7 7 -9 11 -11 -12 -13 18 14 15 16 17 20 -20 29 25 22 -24 -25 -26 -27 -28 -29 -30 -31
leaf_value=0.020593997709001194 0.0060726123191471703 -0.041440845518670187 0.038257333931941834 0.012727347068766205 -0.022816451709589056 -0.012494572220512494 0.018042342254690754 0.063953592825909053 0.03434989474986385 -0.025170721391017045 -0.031743001817255749 0.011970090256916935 0.051934947310523553 -0.05187240727536846 0.0086752800898230766 0.022599382080105052 -0.0059515114485596621 -0.024820206401015191 -0.034416791256184562 0.002686257664843197 -0.0075991310983598084 -0.0084889157889679514 0.0051469591432597812 -0.037860963237348694 -0.029307528441875348 0.0022485302935724839 -0.032658247072885269 -0.018222626204777301 -0.0098574558102215333 -0.020638414941804142
leaf_weight=270 419 46 62 64 57 372 596 48 204 47 110 596 21 63 192 56 71 205 55 639 391 649 610 188 44 381 105 226 29 97
leaf_count=270 419 46 62 64 57 372 596 48 204 47 110 596 21 63 192 56 71 205 55 639 391 649 610 188 44 381 105 226 29 97
internal_value=-0.000151843 0.00340795 0.00237884 0.00486748 0.00631071 0.00322196 0.00609123 0.018348 0.0149936 0.0148495 -0.00676917 0.0177127 -0.00353417 -0.00822522 -0.0112742 -0.00963295 -0.0121536 -0.0136206 -0.00133841 0.00110714 -0.00987503 -0.000191351 -0.00188334 -0.0291701 0.00265444 -0.00635728 -0.012959 -0.011372 0.0229836 -0.000411614
internal_weight=6913 4798 4528 3560 3270 2413 2041 691 857 643 968 800 858 2115 1652 1589 1397 1341 812 757 1082 1350 1259 259 463 877 496 290 91 736
internal_count=6913 4798 4528 3560 3270 2413 2041 691 857 643 968 800 858 2115 1652 1589 1397 1341 812 757 1082 1350 1259 259 463 877 496 290 91 736
is_linear=0
shrinkage=0.05


Tree=63
num_leaves=31
num_cat=0
split_feature=104 104 69 60 42 100 106 51 11 57 1 22 6 48 68 72 68 47 45 52 47 39 25 60 45 72 27 5 8 37
split_gain=81.6314 38.9504 26.4601 40.6265 34.8062 27.7977 26.6585 31.458 26.4459 26.1004 21.902 29.1024 33.9369 35.3886 28.1402 22.7778 28.2617 25.375 21.8758 21.2431 25.0377 27.0111 25.3097 21.0101 19.6176 26.5508 18.7479 17.9305 17.6538 16.6026
threshold=7.7144408226013192 3.8516664505004887 0.087042283266782774 0.063515331596136107 -0.1905151158571243 1.1187716722488406 5.7262446880340585 9.9446845054626483 0.11065707355737688 0.95151278376579296 9.6677341461181658 9.7809085845947283 0.22397296130657199 -0.24416125565767285 0.056628054007887847 0.8428134322166444 0.19165895879268649 2.3998591899871831 1.7277329564094546 0.77294594049453746 1.149004399776459 0.12672337144613269 1.0336295962333681 0.08568162098526956 0.31958638131618505 2.2428100109100346 0.401064082980156 1.2439128160476687 0.23903834819793704 0.21490252017974856
decision_type=2 2 2 2 2 2 2 2 2 2 2 2 2 2 2 2 2 2 2 2 2 2 2 2 2 2 2 2 2 2
left_child=1 28 26 4 8 6 7 29 9 -4 14 -12 13 -13 -3 16 -14 19 -8 23 24 -22 -23 -17 -21 27 -2 -26 -1 -5
right_child=2 10 3 5 -6 -7 18 -9 -10 -11 11 12 15 -15 -16 17 -18 -19 -20 20 21 22 -24 -25 25 -27 -28 -29 -30 -31
leaf_value=-0.023657236017286781 -0.0036011359917271571 -0.05193279272801167 -0.052798256807421388 0.017258041538704232 -0.091355387561700571 -0.019374364309403928 -0.014669211887372838 -0.012254055386864568 0.020642804843373597 -0.0098124678602770857 0.013575660911426479 0.035963772972290579 -0.0010722314048622916 -0.014993843298815255 -0.0051464496521211626 -0.00095615701659792867 -0.033420092681128728 -0.017286922179865591 0.014794661371614521 0.028180313675680704 0.024250539713302981 0.00084010373644534614 0.022371432828514021 0.034823310229647901 0.0033063966364632797 -0.033648127473650445 0.024894948650963922 -0.016522900001792653 0.019681202079774762 -0.0036632211269180984
leaf_weight=24 149 36 75 300 21 389 570 226 27 67 569 36 606 437 247 61 75 113 70 56 275 575 178 124 732 61 93 134 440 138
leaf_count=24 149 36 75 300 21 389 570 226 27 67 569 36 606 437 247 61 75 113 70 56 275 575 178 124 732 61 93 134 440 138
internal_value=1.86441e-05 0.00364402 -0.00813249 -0.0101325 -0.0319986 -0.00766109 -0.0041547 0.00286288 -0.0241289 -0.0327267 0.00216182 0.00310644 0.00138283 -0.0110478 -0.01126 0.00335232 -0.00467855 0.00572188 -0.0114285 0.00691318 0.00541482 0.0108664 0.00595277 0.023084 -0.000291574 -0.00204007 0.00740722 0.000222603 0.0173935 0.0106731
internal_weight=6904 4779 2125 1883 190 1693 1304 664 169 142 4315 4032 3463 473 283 2990 681 2309 640 2196 2011 1028 753 185 983 927 242 866 464 438
internal_count=6904 4779 2125 1883 190 1693 1304 664 169 142 4315 4032 3463 473 283 2990 681 2309 640 2196 2011 1028 753 185 983 927 242 866 464 438
is_linear=0
shrinkage=0.05


Tree=64
num_leaves=31
num_cat=0
split_feature=0 13 74 38 23 58 7 22 47 43 75 64 0 15 74 78 29 23 4 75 57 78 7 62 33 21 34 62 58 12
split_gain=45.8049 50.2479 60.383 63.0372 51.0009 64.695 61.3545 43.3148 42.4617 61.7096 51.136 40.7329 41.6229 36.9569 32.4006 44.9342 40.0385 36.0624 33.0096 29.8119 29.1386 25.5862 24.7466 20.9791 20.3711 19.2681 19.1914 26.6919 21.7862 18.6085
threshold=0.13920997083187106 0.12386368587613107 0.67727658152580272 0.035835493355989463 0.60086625814437877 0.64720574021339428 0.64558240771293651 10.07378673553467 1.1329948902130129 1.1450568437576296 1.7159757018089297 0.185950443148613 1.7039781808853152 0.038235723972320564 1.5803014636039736 1.4960072040557864 0.56321156024932872 0.82758522033691417 0.50839006900787365 -0.074013147503137575 0.79608392715454113 1.8724254965782168 0.49059477448463445 0.11522847414016725 0.046435888856649406 0.37655124068260198 0.1483445689082146 0.20323032885789874 0.94461679458618175 0.033391432836651809
decision_type=2 2 2 2 2 2 2 2 2 2 2 2 2 2 2 2 2 2 2 2 2 2 2 2 2 2 2 2 2 2
left_child=-1 2 29 -4 -3 -6 -7 8 9 13 19 12 21 14 16 18 20 -18 -16 -10 -5 -8 -15 -21 -17 -26 -13 28 -28 -2
right_child=1 4 3 7 5 6 11 -9 10 -11 -12 26 -14 22 15 24 17 -19 -20 23 -22 -23 -24 -25 25 -27 27 -29 -30 -31
leaf_value=-0.031667360091315849 0.0032286254318685016 0.018114959524925516 0.035079509321094292 0.011456557536265516 -0.028666158510355162 -0.037898892272383938 -0.0054684958142697951 -0.033369346261260251 0.035169308284649134 -0.045498197042782393 -0.027334857565046361 0.014400973615434385 0.055594322227296378 -0.035260237886834501 -0.011675552601902301 0.026216161763756587 0.039709588366755415 0.0018051531562417911 -0.066166283716173738 0.0036525026856218169 -0.01841004851695505 -0.02967875207520515 -0.0038010205448153625 0.018167817005390895 -0.028254671313334256 0.0041846699419770417 0.00020131466963263877 0.011876433154903963 -0.026381468127667909 -0.034503533846851606
leaf_weight=111 43 196 161 367 330 123 240 78 151 69 77 338 20 66 156 100 207 90 33 469 104 200 940 531 47 990 201 243 124 133
leaf_count=111 43 196 161 367 330 123 240 78 151 69 77 338 20 66 156 100 207 90 33 469 104 200 940 531 47 990 201 243 124 133
internal_value=4.90501e-05 0.000569289 0.00334501 0.00443841 -0.00605774 -0.00867091 -0.00422319 0.00332843 0.00398686 0.00092702 0.011876 -0.00116539 -0.0132665 0.00197469 0.00575786 0.00102178 0.013923 0.028268 -0.021488 0.0145206 0.00483678 -0.0165155 -0.00589791 0.0113706 0.0047791 0.00268862 0.00498651 -0.000631227 -0.00999085 -0.0253187
internal_weight=6938 6827 4812 4636 2015 1819 1489 4475 4397 3169 1228 1366 460 3100 2094 1326 768 297 189 1151 471 440 1006 1000 1137 1037 906 568 325 176
internal_count=6938 6827 4812 4636 2015 1819 1489 4475 4397 3169 1228 1366 460 3100 2094 1326 768 297 189 1151 471 440 1006 1000 1137 1037 906 568 325 176
is_linear=0
shrinkage=0.05


Tree=65
num_leaves=31
num_cat=0
split_feature=13 50 65 57 29 73 6 37 30 42 22 32 39 12 55 36 27 50 7 27 73 21 66 78 7 27 78 22 62 46
split_gain=42.6162 45.7204 48.6175 41.3758 39.5684 53.062 34.8166 28.3094 48.4749 106.414 50.3741 48.9994 45.211 35.8478 31.5717 30.9007 30.7425 29.4363 27.0517 34.6136 26.215 25.7073 25.3834 25.5597 24.8044 33.8191 27.0105 18.9149 16.3972 15.4636
threshold=0.20595924556255343 0.26748141646385198 0.028414021246135238 1.1677966117858889 1.6750383973121645 3.0493724346160893 0.12013645097613336 0.26480799913406378 0.075895402580499663 -0.23132424801588056 9.8067321777343768 0.066588014364242568 0.048262640833854682 0.058585479855537421 0.6382562816143037 0.20677736401557925 0.42349217832088476 0.97309765219688427 1.8966757059097292 1.0859051346778872 3.3973481655120854 0.37655124068260198 0.1353309899568558 1.3992481231689455 1.3861856460571291 0.45805066823959356 0.90219908952713024 9.8157463073730487 0.069879535585641875 -2.0834225416183467
decision_type=2 2 2 2 2 2 2 2 2 2 2 2 2 2 2 2 2 2 2 2 2 2 2 2 2 2 2 2 2 2
left_child=1 -1 -3 -2 5 6 21 8 9 10 24 -12 -10 -11 -9 -16 27 22 19 -5 -7 -4 28 -24 25 26 -8 -13 -14 -18
right_child=3 2 4 18 -6 20 7 14 12 13 11 16 17 -15 15 -17 29 -19 -20 -21 -22 -23 23 -25 -26 -27 -28 -29 -30 -31
leaf_value=-0.032430748174888918 -0.027252362802369742 0.028027091860814497 -0.0033422980933113301 -0.0054978716919205587 0.028772633964757599 -0.026480315238273558 -0.017574019677937033 0.021901741553481451 0.041779493068655332 -0.018736543252233822 0.031203487907935468 -0.0094392540493925814 0.0092553255073715198 -0.067967430836912521 -0.019465851672703139 0.0031103643065084705 0.021699916077777742 -0.027356061472132671 0.013759402710463501 -0.057125740912225512 -0.0037232920930798741 -0.057524584978818898 0.0016760356974671266 0.017627524974960812 -0.0038235552879068192 0.03065671945301195 0.0098337218628915118 -0.03721297443221519 -0.0079365308243298065 -0.0079002635365423689
leaf_weight=98 262 171 46 334 125 250 99 84 104 82 69 102 264 68 383 250 49 56 165 35 256 41 350 890 391 179 895 156 290 376
leaf_count=98 262 171 46 334 125 250 99 84 104 82 69 102 264 68 383 250 49 56 165 35 256 41 350 890 391 179 895 156 290 376
internal_value=-0.000142465 0.00127275 0.00182616 -0.0110183 0.00105629 0.000446738 0.00194521 0.00247895 0.00397407 -0.000687368 0.00196338 -0.0086638 0.00985427 -0.0413569 -0.00673055 -0.0105587 -0.0127311 0.00803795 -0.0030173 -0.010536 -0.0149969 -0.02924 0.00915741 0.0131301 0.00707539 0.0107085 0.00708906 -0.0263115 0.000257893 -0.00444461
internal_weight=6920 6124 6026 796 5855 5730 5224 5137 4420 2466 2316 752 1954 150 717 633 683 1850 534 369 506 87 1794 1240 1564 1173 994 258 554 425
internal_count=6920 6124 6026 796 5855 5730 5224 5137 4420 2466 2316 752 1954 150 717 633 683 1850 534 369 506 87 1794 1240 1564 1173 994 258 554 425
is_linear=0
shrinkage=0.05


Tree=66
num_leaves=31
num_cat=0
split_feature=51 75 1 47 29 8 24 37 58 48 67 55 73 7 25 43 11 1 65 105 65 46 39 49 38 40 53 17 49 73
split_gain=41.472 47.8857 46.2288 49.208 47.6921 43.8455 37.7479 47.8816 63.8955 49.9626 35.6168 34.2388 42.1697 33.3958 31.79 30.3083 29.2819 26.4972 25.6812 25.6089 25.0805 26.7582 23.5437 23.3555 20.9029 20.7875 19.557 18.1415 16.6687 16.5389
threshold=9.7815470695495623 -1.3856948018074033 9.6599545478820819 2.3998591899871831 0.86190593242645275 0.16349025815725329 1.0299310684204104 0.16978947818279269 1.2437981367111208 1.1056440472602846 0.28253535926342016 0.6382562816143037 1.7293588519096377 0.77828001976013195 0.94763389229774486 2.166194081306458 0.10277980193495752 9.7608313560485858 0.13718871027231219 1.8103829622268679 0.14977069944143298 0.3152995109558106 0.028621145524084571 -0.85474711656570423 0.055257067084312446 0.21338099241256717 0.52128553390502941 0.025871210731565956 0.23871548473834994 1.8206912875175478
decision_type=2 2 2 2 2 2 2 2 2 2 2 2 2 2 2 2 2 2 2 2 2 2 2 2 2 2 2 2 2 2
left_child=-1 17 4 5 24 -4 7 8 9 10 13 -9 16 23 25 18 28 -2 26 -8 21 22 -15 -7 -3 -14 -11 -24 -13 -27
right_child=1 2 3 -5 -6 6 19 11 -10 15 -12 12 14 20 -16 -17 -18 -19 -20 -21 -22 -23 27 -25 -26 29 -28 -29 -30 -31
leaf_value=0.015931120080826439 0.0086937835440039635 -0.069993465542793273 -0.037214251993302729 -0.019459722298197452 0.0039470097457949263 0.041902530347255787 -0.032034394728100817 0.014380955827381667 -0.020434699175861576 0.043972359597682954 -0.021156782433944789 0.026954572994647354 -0.045091755315661432 -0.022479519199651594 -0.025433838132945343 0.051257440195245266 -0.032921916632410869 -0.031841459886861906 0.021911831152943529 0.02287708376096749 0.028796226620572071 -0.035134705696171817 0.016277040666010958 0.011054378676613527 -0.026693649824660323 0.014554952762632252 0.0020673049284885519 -0.00060860625429938096 -0.012431066816167159 -0.00087636917971849475
leaf_weight=381 51 34 70 284 136 71 22 216 224 29 145 28 23 103 125 58 203 185 495 297 72 55 193 426 153 211 389 883 375 959
leaf_count=381 51 34 70 284 136 71 22 216 224 29 145 28 23 103 125 58 203 185 495 297 72 55 193 426 153 211 389 883 375 959
internal_value=-8.08692e-05 -0.00101956 -0.000186785 0.000813639 -0.0185798 0.00183199 0.00232645 0.00131614 0.00524327 0.00722008 0.00259865 -0.00445135 -0.00657195 0.00451976 -0.00154854 0.0164793 -0.0174769 -0.023082 0.0142163 0.0190018 0.00031863 -0.00136492 0.000238871 0.0155365 -0.0348968 0.000973311 0.0050726 0.00243244 -0.00963465 0.0019166
internal_weight=6896 6515 6279 5956 323 5672 5602 5283 3143 2919 1948 2140 1924 1803 1318 971 606 236 913 319 1306 1234 1179 497 187 1193 418 1076 403 1170
internal_count=6896 6515 6279 5956 323 5672 5602 5283 3143 2919 1948 2140 1924 1803 1318 971 606 236 913 319 1306 1234 1179 497 187 1193 418 1076 403 1170
is_linear=0
shrinkage=0.05


Tree=67
num_leaves=31
num_cat=0
split_feature=104 104 107 67 57 35 7 104 107 85 24 64 64 29 62 68 54 56 56 56 54 22 35 56 15 42 49 33 23 73
split_gain=63.9162 30.4127 30.3459 26.4239 25.3981 39.5628 31.3807 21.4628 18.7132 27.1366 35.4208 22.9836 21.8105 16.141 15.1158 15.0235 19.4712 17.2708 15.3878 15.0892 18.2351 12.2826 12.2666 12.692 12.8279 11.6365 10.9361 15.3829 10.927 10.7606
threshold=7.134049892425538 9.5407228469848651 0.22311574220657351 0.045255459845066077 1.7454636096954348 0.30022436380386358 1.8966757059097292 4.9441642761230478 0.18958585709333423 1.7639163732528689 0.59759175777435314 0.19628487527370456 0.21310044080019 1.6750383973121645 0.05312983691692353 0.21511720120906833 0.83079007267951976 0.615217685699463 0.85861700773239147 0.48309898376464849 0.45257975161075598 9.8607525825500506 0.071746435016393675 0.86444607377052318 0.024459681473672393 -0.3752350509166717 1.1720287799835207 0.14097852259874347 0.54226401448249828 0.76162013411521923
decision_type=2 2 2 2 2 2 2 2 2 2 2 2 2 2 2 2 2 2 2 2 2 2 2 2 2 2 2 2 2 2
left_child=3 8 -3 14 5 7 -7 15 26 11 -11 22 25 -6 -1 16 17 19 -17 -5 -21 -19 -10 24 -24 -13 27 28 -2 -4
right_child=1 2 29 4 13 6 -8 -9 9 10 -12 12 -14 -15 -16 18 -18 21 -20 20 -22 -23 23 -25 -26 -27 -28 -29 -30 -31
leaf_value=0.0036826605587783785 0.0053684290439490086 -0.067428274116208484 -0.037748563813252589 0.011309362538361355 0.0082633141765033769 -0.029226592816244141 0.012796490860828123 0.00089972970141903716 -0.014365789143217579 -0.075467319972813141 -0.0067512302926751953 -0.032376932893891507 0.0094683942472035404 0.034648743029018596 0.040598088130354884 0.026653400575988508 -0.013926147712128504 0.030787113333264223 -0.0073240595210979633 -0.041430511286016554 0.00016973896565297748 0.0059877190548163588 0.030160650692954167 -0.0079792339093983176 0.011021557238217331 0.0098978396372071328 -0.0012931067932643366 -0.0226201250746156 -0.0096046321082335975 -0.01103354378104476
leaf_weight=44 145 30 44 344 144 165 60 2416 36 20 178 78 98 97 75 188 104 129 40 29 216 82 150 49 213 20 546 196 744 244
leaf_count=44 145 30 44 344 144 165 60 2416 36 20 178 78 98 97 75 188 104 129 40 29 216 82 150 49 213 20 546 196 744 244
internal_value=2.42122e-05 -0.00582049 -0.0203517 0.00397157 0.00327952 0.00227174 -0.0180134 0.00356285 -0.00394447 0.0021074 -0.0140366 0.007085 -0.00717031 0.0189825 0.0270931 0.00924088 0.00633448 0.00898246 0.0206865 0.0045689 -0.00490277 0.0212231 0.0133238 0.0157722 0.0189914 -0.0237366 -0.00706811 -0.00997037 -0.00715917 -0.0152315
internal_weight=6924 2791 318 4133 4014 3773 225 3548 2473 842 198 644 196 241 119 1132 904 800 228 589 245 211 448 412 363 98 1631 1085 889 288
internal_count=6924 2791 318 4133 4014 3773 225 3548 2473 842 198 644 196 241 119 1132 904 800 228 589 245 211 448 412 363 98 1631 1085 889 288
is_linear=0
shrinkage=0.05


Tree=68
num_leaves=31
num_cat=0
split_feature=104 104 15 57 51 14 52 46 45 22 27 28 71 16 22 29 42 22 42 57 0 61 57 75 104 49 21 15 104 1
split_gain=57.6383 37.3494 20.4046 29.439 25.7586 32.0379 28.6487 43.2251 27.301 24.4783 24.0911 19.9618 19.0258 18.7295 18.5698 22.5203 21.0548 18.1818 18.03 17.0147 16.9755 26.1139 21.6651 15.9283 17.7458 15.7681 15.5521 15.2905 15.0212 14.9078
threshold=5.1822233200073251 9.3144135475158709 0.048685505986213691 1.7571133375167849 9.9702777862548846 0.10840854421257974 0.86302533745765697 -0.26961986720561976 0.89058956503868114 9.7809085845947283 1.0859051346778872 0.82083281874656688 0.89215975999832164 0.05745156109333039 9.8610854148864764 1.1176342964172366 -0.63901293277740467 10.062452316284181 -0.58247122168540943 1.8479648232460024 0.35323756933212286 0.16242362558841708 1.1250398159027102 -1.5170890688896177 2.368236899375916 -0.13517898321151731 0.28494359552860266 0.048685505986213691 3.6314833164215092 9.7194690704345721
decision_type=2 2 2 2 2 2 2 2 2 2 2 2 2 2 2 2 2 2 2 2 2 2 2 2 2 2 2 2 2 2
left_child=23 2 4 10 5 6 7 9 -7 12 13 26 -2 -4 15 25 -16 -13 -11 -5 -15 22 -22 -1 -25 -8 -3 28 -26 -29
right_child=1 11 3 19 -6 8 14 -9 -10 18 -12 17 -14 20 16 -17 -18 -19 -20 -21 21 -23 -24 24 27 -27 -28 29 -30 -31
leaf_value=-0.031232788726687433 0.015526188586412346 -0.017550642660353333 -0.046984115525566306 0.03157708794942924 -0.023176993627127541 0.030009354018207108 0.028800494040052096 -0.037559654514248281 0.002887311320103724 -0.0096309712633971777 -0.049741196457077475 -0.0072307765989236246 -0.019985801875591278 0.0090685973356114773 -0.024704542501907178 0.043341409956867048 0.0019135024885634261 -0.037713569647364192 0.015355798531672918 0.0020902144110750225 -0.025152150077945731 -0.0024859958448961036 -0.0049034302636846803 0.039643718091690025 0.025628998908445656 0.0049356183594000212 -0.068405145502859546 -0.025078806074569006 0.008904230937507026 0.0037530916101623257
leaf_weight=24 235 31 28 69 105 174 74 97 198 748 33 291 44 158 95 43 328 58 79 163 315 804 228 45 160 910 30 49 825 433
leaf_count=24 235 31 28 69 105 174 74 97 198 748 33 291 44 158 95 43 328 58 79 163 315 804 228 45 160 910 30 49 825 433
internal_value=-0.000139788 -0.00259597 -0.00138795 -0.00563137 0.00105066 0.001899 -3.00854e-05 -0.00573186 0.0156199 -0.00290905 -0.00809446 -0.017077 0.00987436 -0.00716612 0.00470111 0.00833016 -0.00410871 -0.01239 -0.00722842 0.0109579 -0.00639461 -0.00821379 -0.0166746 0.00839223 0.00904143 0.00675775 -0.043261 0.00807634 0.0116442 0.000776193
internal_weight=6874 5338 4928 1798 3130 3025 2653 1203 372 1106 1566 410 279 1533 1450 1027 423 349 827 232 1505 1347 543 1536 1512 984 61 1467 985 482
internal_count=6874 5338 4928 1798 3130 3025 2653 1203 372 1106 1566 410 279 1533 1450 1027 423 349 827 232 1505 1347 543 1536 1512 984 61 1467 985 482
is_linear=0
shrinkage=0.05


Tree=69
num_leaves=31
num_cat=0
split_feature=47 50 67 76 43 34 50 28 51 37 78 45 59 59 46 61 54 58 36 39 33 21 51 7 68 2 33 64 67 7
split_gain=37.0106 34.0203 43.7449 34.679 49.7609 41.7117 37.6665 34.7517 44.364 32.2697 28.6197 35.2209 27.2789 24.8394 27.9142 24.5754 23.6536 23.0642 21.2414 20.1372 22.7618 22.6624 19.0007 17.5847 17.4986 17.261 17.1844 17.1554 19.7819 16.9178
threshold=2.3998591899871831 0.26748141646385198 0.045255459845066077 1.5748172402381899 1.1937325596809389 0.048080138862133033 0.594363033771515 1.3812528252601626 9.8658666610717791 0.26830369234085089 1.0000000180025095e-35 0.15950774401426318 0.10011097788810731 0.11990777030587198 -0.0072237050626426927 0.20317985117435458 1.0333026051521303 0.61598101258277904 0.4555566161870957 0.036311918869614608 0.13988834619522098 0.45794853568077093 9.870209217071535 0.59379947185516369 0.14185914397239688 2.5965130329132085 0.15166503190994265 0.16860824823379519 0.25889292359352117 1.0553038716316225
decision_type=2 2 2 2 2 2 2 2 2 2 2 2 2 2 2 2 2 2 2 2 2 2 2 2 2 2 2 2 2 2
left_child=1 -1 -3 4 5 -4 -5 8 9 -8 -7 17 -10 -9 -15 -2 23 22 29 21 27 -13 -12 -14 -19 -20 -22 -21 -29 -16
right_child=15 2 3 6 -6 10 7 13 12 -11 11 19 16 14 18 -17 -18 24 25 20 26 -23 -24 -25 -26 -27 -28 28 -30 -31
leaf_value=-0.030398478519556849 0.0023884143549622152 0.02471447692451827 0.013035408277469421 0.028096271724475982 -0.032421153143846568 0.02689998097452594 0.0091926381944283497 0.030969177983224211 0.020053389259207417 -0.021409380238037557 -0.019991597409898532 -0.0096093654963976503 -0.038666175636039544 -0.0016053283886095929 0.0034103338355443592 -0.026346444580940022 0.00052913463276694063 0.0073927067174029753 -0.035795705818704199 -0.0010501901408275698 -0.019852448342575404 -0.05638911931803732 -0.052695772784241181 -0.014157985878883157 -0.019796635911615311 0.018091758483877549 -0.0012188353466767185 0.029614796449061273 0.0043426378181300549 0.024547033741093412
leaf_weight=86 113 189 403 155 139 71 842 122 70 95 191 123 87 478 132 216 246 120 34 1074 237 32 58 454 115 25 258 105 289 337
leaf_count=86 113 189 403 155 139 71 842 122 70 95 191 123 87 478 132 216 246 120 34 1074 237 32 58 454 115 25 258 105 289 337
internal_value=-0.000160509 0.000660455 0.00107722 0.000363385 -0.00326759 -0.00194007 0.00415704 0.00287798 -0.0014462 0.00607046 -0.00420191 -0.00506059 -0.00966203 0.00975046 0.00714901 -0.0164997 -0.0123272 -0.0172151 0.0150624 -0.00227625 -0.000901722 -0.0195667 -0.0277897 -0.0181633 -0.00594022 -0.0130411 -0.0101624 0.00222572 0.0111355 0.018618
internal_weight=6896 6567 6481 6292 3215 3076 3077 2922 1794 937 2673 2602 857 1128 1006 329 787 484 528 2118 1963 155 249 541 235 59 495 1468 394 469
internal_count=6896 6567 6481 6292 3215 3076 3077 2922 1794 937 2673 2602 857 1128 1006 329 787 484 528 2118 1963 155 249 541 235 59 495 1468 394 469
is_linear=0
shrinkage=0.05


Tree=70
num_leaves=31
num_cat=0
split_feature=104 104 104 62 66 109 58 37 1 48 58 26 42 62 63 32 75 69 60 61 7 18 27 7 86 11 13 51 71 44
split_gain=61.4617 29.3956 25.3645 20.6046 18.1607 15.3546 14.4359 18.6533 28.4519 23.803 16.4572 15.0463 14.6829 23.0188 22.5593 18.2178 13.9311 13.8166 19.0358 40.5705 16.6645 16.3204 14.5266 13.2169 12.8641 12.4734 12.2722 15.9074 12.123 11.5127
threshold=7.3309314250946054 3.8516664505004887 10.632102012634279 0.13673902302980426 0.33385767042636877 3.5000000000000004 1.4002911448478701 0.16978947818279269 10.045684337615969 1.1056440472602846 1.4426774978637698 0.60343807935714733 -0.23132424801588056 0.1281070485711098 0.12343316525220872 0.087849941104650511 0.48732095956802374 0.087042283266782774 0.063515331596136107 0.095984455198049559 0.96732282638549816 0.10677726939320566 0.401064082980156 1.0425413250923159 1.6578919887542727 0.11065707355737688 0.099853660911321654 9.943817615509035 -1.2422778010368345 -0.19228400290012357
decision_type=2 2 2 2 2 2 2 2 2 2 2 2 2 2 2 2 2 2 2 2 2 2 2 2 2 2 2 2 2 2
left_child=1 3 5 24 -5 -2 7 8 9 12 -8 -9 13 14 -3 -14 -15 22 19 25 21 29 -7 -11 28 -19 -13 -28 -1 -20
right_child=2 6 -4 4 -6 17 10 11 -10 23 -12 26 15 16 -16 -17 -18 18 20 -21 -22 -23 -24 -25 -26 -27 27 -29 -30 -31
leaf_value=-0.010744914160265278 0.0070614898507133554 0.0046497950490706095 -0.030143889441277907 -0.019273132376317212 0.029313626457695609 -0.0043217388030434793 0.049886462440093364 0.020009270937307113 -0.020187691478222088 0.0044607043317745855 0.0091926638538328311 0.00264474132571364 -0.05616012598787036 -0.028819984827696543 0.043276389172443974 -0.0057651427358255854 0.00032379451995005921 -0.017381185574777192 0.011644390537329609 -0.0690411776304245 -0.0019807753473400254 -0.029640772731103212 0.022684864294302616 0.018725774135544358 -0.011102722598047093 0.02130793157638982 -0.011801892374725998 0.0032165145116703599 0.026498284530573742 -0.010846500655841269
leaf_weight=23 232 1252 105 66 26 134 29 66 113 266 149 429 20 80 38 125 83 127 62 37 1031 108 78 419 28 24 638 243 306 603
leaf_count=23 232 1252 105 66 26 134 29 66 113 266 149 429 20 80 38 125 83 127 62 37 1031 108 78 419 28 24 638 243 306 603
internal_value=-6.06998e-06 0.00356988 -0.00619575 0.0156784 -0.00537454 -0.00515156 0.00218987 0.00153106 0.004195 0.00541016 0.0160642 -0.00310728 0.0020644 0.00358099 0.00582027 -0.0130532 -0.0140684 -0.00643977 -0.00773124 -0.0228342 -0.00614554 -0.0116906 0.0056745 0.0132009 0.0211037 -0.0111322 -0.0042863 -0.00766052 0.02387 -0.00873527
internal_weight=6940 4399 2541 449 92 2436 3950 3772 2396 2283 178 1376 1598 1453 1290 145 163 2204 1992 188 1804 773 212 685 357 151 1310 881 329 665
internal_count=6940 4399 2541 449 92 2436 3950 3772 2396 2283 178 1376 1598 1453 1290 145 163 2204 1992 188 1804 773 212 685 357 151 1310 881 329 665
is_linear=0
shrinkage=0.05


Tree=71
num_leaves=31
num_cat=0
split_feature=50 36 7 4 40 12 7 62 68 66 69 75 49 46 45 2 44 29 2 58 2 45 46 43 7 23 2 7 35 9
split_gain=30.5233 33.6362 38.359 29.0392 50.1878 39.4514 36.0171 40.9244 29.3714 36.4006 33.6214 43.2508 27.4239 27.1435 26.8106 22.1421 20.6819 20.4738 19.349 18.7578 17.469 16.1689 16.0332 15.8367 15.054 14.1746 13.8498 12.459 16.32 11.6729
threshold=0.26748141646385198 0.032683776691555984 0.38235296308994299 0.69875299930572521 0.10416925325989725 0.31677079200744634 0.99612763524055492 0.10354246199131013 0.19738575816154483 0.22827316820621493 0.2538579553365708 0.63310953974723827 2.0183465480804448 0.34018306434154516 -0.76104131340980519 1.6752892732620241 2.875720858573914 0.42138296365737921 1.0163667201995852 0.8722103238105775 1.0029447674751284 0.66994044184684765 -2.9108510017395015 1.4621764421463015 0.66166779398918163 0.90350630879402172 0.67943763732910167 1.3081323504447939 0.071746435016393675 0.050982980057597167
decision_type=2 2 2 2 2 2 2 2 2 2 2 2 2 2 2 2 2 2 2 2 2 2 2 2 2 2 2 2 2 2
left_child=-1 13 -3 5 29 8 15 -8 9 10 14 -12 16 22 -4 -6 21 -10 20 -11 26 -9 -2 25 -13 -19 -16 28 -24 -5
right_child=1 2 3 4 6 -7 7 12 17 19 11 24 -14 -15 18 -17 -18 23 -20 -21 -22 -23 27 -25 -26 -27 -28 -29 -30 -31
leaf_value=-0.027939730777395699 -0.016884531449599595 -0.022517865842006671 0.035105036177264994 -0.02120722579598731 -0.01145949862533476 -0.044833199630180995 0.027227680598199369 -0.023831923821368645 -0.032374336517282894 -0.0056619278159173794 0.029228499059123138 -0.030404812484048305 0.011129449758303201 -0.033847275576812941 -0.0050662935703402199 -0.042875810934079661 -0.030540410199024703 0.021641236375716907 0.018618993942273565 -0.026839301985814985 -0.041603106047425953 -0.0016392011977637904 0.0028488048685155511 0.025292465882878867 0.004353558383915072 0.004747545844871812 0.0035830137717818393 0.0027788283030629173 0.02086721763652874 -0.055514059535094674
leaf_weight=97 50 204 51 48 237 44 124 95 27 297 235 39 252 35 1235 73 88 154 115 161 27 567 175 161 140 629 739 260 448 55
leaf_count=97 50 204 51 48 237 44 124 95 27 297 235 39 252 35 1235 73 88 154 115 161 27 567 175 161 140 629 739 260 448 55
internal_value=-0.000235286 0.000166025 -0.00127511 -0.000496415 -0.00634151 0.00172355 -0.00390952 0.000250385 0.00224544 -0.000174265 0.00213224 0.0151701 -0.00311194 0.00878889 -0.000364451 -0.0189716 -0.0079055 0.00981095 -0.00123552 -0.0131486 -0.00238531 -0.0048551 0.0104228 0.0110505 -0.00334634 0.00809355 -0.00182811 0.0119865 0.0158185 -0.0398841
internal_weight=6862 6765 5797 5593 1539 4054 1436 1126 4010 3039 2581 414 1002 968 2167 310 750 971 2116 458 2001 662 933 944 179 783 1974 883 623 103
internal_count=6862 6765 5797 5593 1539 4054 1436 1126 4010 3039 2581 414 1002 968 2167 310 750 971 2116 458 2001 662 933 944 179 783 1974 883 623 103
is_linear=0
shrinkage=0.05


Tree=72
num_leaves=31
num_cat=0
split_feature=47 1 50 22 47 40 49 15 52 32 43 24 22 2 72 63 54 68 33 43 75 43 108 2 106 41 96 73 28 6
split_gain=30.1104 30.2064 29.5334 31.443 55.3926 36.1172 30.0065 28.5109 23.8459 22.3706 28.8504 23.5425 24.1541 21.2438 20.5567 21.0515 19.6401 19.3643 18.1791 17.8067 16.8796 18.1206 24.0195 15.0731 14.409 14.2198 12.8405 12.8302 11.6468 11.1836
threshold=2.3998591899871831 9.6599545478820819 0.26748141646385198 9.8045806884765643 0.80537864565849315 0.098316852003335967 -0.69127371907234181 0.022084903903305534 0.95289137959480297 0.16253366321325305 2.1214917898178105 1.2190400362014773 9.9724769592285174 0.23741508275270465 2.0917344093322758 0.11705652251839639 0.4600201696157456 0.042285023257136352 0.045531451702117927 0.28887724876403814 -0.074013147503137575 0.58811011910438549 0.40000000596046453 0.50600963830947887 3.6187863349914555 0.6286434829235078 0.016698565334081653 0.77691775560379039 1.0221961736679079 0.18484129011631015
decision_type=2 2 2 2 2 2 2 2 2 2 2 2 2 2 2 2 2 2 2 2 2 2 2 2 2 2 2 2 2 2
left_child=1 8 -3 7 6 -6 -5 18 19 10 17 12 25 -9 15 16 27 -7 -4 -1 23 22 -22 -17 -20 28 -2 -8 -11 -24
right_child=26 2 3 4 5 9 14 13 -10 11 -12 -13 -14 -15 -16 20 -18 -19 24 -21 21 -23 29 -25 -26 -27 -28 -29 -30 -31
leaf_value=-0.012280298523438066 -0.0021152333680417592 -0.026208283362272933 -0.0003223920160669349 0.026473717797574972 -0.028482725403199977 -0.028702496460661472 -0.0036906971142710195 -0.039154218394180824 -0.0032480831423159599 -0.0040461642589322347 0.041979879287036163 0.021347913315239688 -0.011774308629652584 0.0041730500423468979 -0.027471826126712902 -0.0034738333975896244 0.0039435339807431654 0.011862292445532843 0.030948569621458383 -0.049544419196899982 0.037834946256737383 -0.015362028939391864 -0.026177724415347693 -0.023986501427259485 0.012901485866847605 -0.020137892645097487 -0.022224289149578129 -0.025361654320818799 0.0084907226152586869 0.0021826119418025462
leaf_weight=66 128 94 123 67 77 30 190 28 202 242 78 152 303 1165 118 124 667 600 209 63 42 234 41 325 239 56 209 106 782 201
leaf_count=66 128 94 123 67 77 30 190 28 202 242 78 152 303 1165 118 124 667 600 209 63 42 234 41 325 239 56 209 106 782 201
internal_value=-5.85305e-05 0.000684147 0.0014594 0.0018831 -0.000363083 0.00497123 -0.00621401 0.00752741 -0.014015 0.00613185 0.013478 0.00273698 0.000677578 0.00312421 -0.00729579 -0.00604864 -0.00081363 0.00988821 0.0167056 -0.0307202 -0.0112558 -0.00509008 0.00339763 -0.0183418 0.0213709 0.00417868 -0.0146153 -0.0115105 0.00552685 -0.00271019
internal_weight=6961 6624 6293 6199 4435 2320 2115 1764 331 2243 708 1535 1383 1193 2048 1930 963 630 571 129 967 518 284 449 448 1080 337 296 1024 242
internal_count=6961 6624 6293 6199 4435 2320 2115 1764 331 2243 708 1535 1383 1193 2048 1930 963 630 571 129 967 518 284 449 448 1080 337 296 1024 242
is_linear=0
shrinkage=0.05


Tree=73
num_leaves=31
num_cat=0
split_feature=104 104 104 35 59 45 107 26 26 1 69 75 27 39 43 56 51 42 32 52 62 74 74 38 74 57 51 61 9 7
split_gain=53.6819 35.3277 20.3766 18.2734 24.5858 15.4818 14.699 14.063 16.5011 12.6803 19.6315 13.5552 11.5408 11.0775 23.9387 20.3456 20.0046 20.3308 19.0343 19.3767 19.7817 18.9645 14.5419 12.0602 11.8586 11.1375 10.8216 12.3697 10.7206 10.5652
threshold=5.5057263374328622 9.5407228469848651 2.368236899375916 0.30022436380386358 0.38175192475318914 -1.1937391757965086 0.22311574220657351 1.7873849868774416 1.3574059009552004 9.6677341461181658 0.1147330403327942 -1.4659516811370847 0.74610897898674022 0.089150011539459242 2.166194081306458 0.90973129868507396 9.8782315254211444 0.58141601085662853 0.12803915143013003 0.66898593306541454 0.12531407922506335 1.2815836668014529 2.2135940790176396 0.15708997100591662 1.4541673660278323 1.2438414096832278 9.7815470695495623 0.21092081815004352 0.056754825636744506 1.4025785923004153
decision_type=2 2 2 2 2 2 2 2 2 2 2 2 2 2 2 2 2 2 2 2 2 2 2 2 2 2 2 2 2 2
left_child=2 5 -1 7 -5 -2 -3 8 26 10 -7 -11 -10 14 15 16 17 23 21 -20 22 -15 25 29 -22 28 -4 -28 -21 -13
right_child=1 6 3 4 -6 9 -8 -9 12 11 -12 13 -14 18 -16 -17 -18 -19 19 20 24 -23 -24 -25 -26 -27 27 -29 -30 -31
leaf_value=0.037978442013263704 0.031331828598465242 -0.048156214299562738 0.02040432144990411 -0.041241249885964906 0.0067841245162849053 -0.050356894110639899 -0.014918717426879519 -0.010246879395986485 0.0085349594354435492 -0.017490108314687239 -0.0076837048787818099 0.0045981128249833079 0.032347033038968222 -0.026189332299970638 0.039201581902628728 -0.021428660941234304 0.017903055556676796 -0.044093758463859559 0.021456575467937479 9.4460385881245618e-05 -0.012379545027999065 -0.0054423001711646274 -0.016742058382683507 -0.033663074920574826 0.0055693246558866875 0.0078772846111943105 0.0029756015783149771 0.015157475478270671 -0.015209674879966443 -0.006535662947565463
leaf_weight=50 34 37 126 46 61 29 288 109 95 125 272 958 111 150 42 91 190 24 94 250 103 410 266 23 801 175 1165 253 210 273
leaf_count=50 34 37 126 46 61 29 288 109 95 125 272 958 111 150 42 91 190 24 94 250 103 410 266 23 801 175 1165 253 210 273
internal_value=-8.92827e-05 -0.00294218 0.00676507 0.00595234 -0.014053 -0.00179526 -0.0188388 0.00711073 0.0081971 -0.00205326 -0.0119482 -0.00133889 0.02146 -0.000837443 0.00239842 0.00138244 0.00281011 0.000553996 -0.00294436 -0.000553557 -0.00171104 -0.0110363 -0.0069504 0.00144295 0.00351285 -0.00282882 0.00641482 0.00515825 -0.00691005 0.00212566
internal_weight=6861 4845 2016 1966 107 4520 325 1859 1750 4486 301 4185 206 4060 1601 1559 1468 1278 2459 1899 1805 560 901 1254 904 635 1544 1418 460 1231
internal_count=6861 4845 2016 1966 107 4520 325 1859 1750 4486 301 4185 206 4060 1601 1559 1468 1278 2459 1899 1805 560 901 1254 904 635 1544 1418 460 1231
is_linear=0
shrinkage=0.05


Tree=74
num_leaves=31
num_cat=0
split_feature=71 29 50 67 25 69 66 1 61 75 107 62 62 32 73 37 65 25 33 49 13 39 54 29 55 37 11 41 27 7
split_gain=22.8816 24.5985 22.2845 26.5026 21.0279 19.8247 37.4991 31.3099 28.4206 28.2556 36.5141 26.6067 24.2164 23.9226 23.1904 22.191 19.4643 16.9788 16.2381 20.9255 15.0661 17.4161 14.1185 14.0858 13.9511 13.9506 13.5016 12.963 12.6522 11.4893
threshold=1.6522393226623537 1.6750383973121645 0.26748141646385198 0.045255459845066077 0.26397447288036352 0.24236678332090381 0.22827316820621493 10.005880355834963 0.21354828774929049 0.33332727849483496 0.27569037675857549 0.13526865094900134 0.10179688781499864 0.10121589154005052 1.608996629714966 0.4528628289699555 0.14483928680419925 0.48768378794193273 0.066535878926515593 1.0316022634506228 0.060389325022697456 0.038369713351130492 0.83079007267951976 0.55513054132461559 0.97976899147033703 0.2256441339850426 0.069499477744102492 0.22221294790506366 0.31324745714664465 1.0523535013198855
decision_type=2 2 2 2 2 2 2 2 2 2 2 2 2 2 2 2 2 2 2 2 2 2 2 2 2 2 2 2 2 2
left_child=1 2 -1 -4 26 9 7 14 28 10 11 20 -9 -11 -7 17 -2 -10 -15 -20 -6 -22 -21 -23 -16 -14 -5 -25 -8 -18
right_child=16 -3 3 4 5 6 8 12 15 13 -12 -13 25 18 24 -17 29 -19 19 22 21 23 -24 27 -26 -27 -28 -29 -30 -31
leaf_value=-0.024417948575042512 0.0079362795368969896 0.018909884239862659 0.019609668279995329 0.0079245557248369507 0.0036976743229904206 0.028695675721035558 0.0041142707460166258 0.018353009385071575 -0.025504757869574759 -0.024221279273683928 0.023127823669658806 -0.034133661080092664 -0.04713828026345282 0.0087545250084324032 0.0009155309145849295 -0.023640308673070237 -0.027411491850526222 0.0060628254291906561 -0.034514522353808086 0.0015842490440513585 -0.0236196569227816 -0.016056565437254242 -0.016299750291664979 -0.0022310742185586816 0.013211328742189877 -0.010957218784164509 0.0391035321331583 0.019260948215010048 -0.015842649112972947 -0.008147172339384362
leaf_weight=91 96 176 173 116 870 168 96 62 44 244 153 62 32 146 368 76 154 803 74 261 114 164 190 626 618 144 49 78 449 157
leaf_count=91 96 176 173 116 870 168 96 62 44 244 153 62 32 146 368 76 154 803 74 261 114 164 190 626 618 144 49 78 449 157
internal_value=-0.000198789 0.000527841 9.00325e-06 0.00037258 -0.000184614 -0.000683127 0.00229063 0.00816733 -0.0032836 -0.00353503 -0.000295418 -0.00217891 -0.0083185 -0.0108451 0.0115716 0.0020633 -0.0116819 0.00439481 -0.00595216 -0.0100509 -0.0010913 -0.00533353 -0.00596942 -0.00290748 0.0086278 -0.0177647 0.0173636 0.000174087 -0.0123262 -0.0177437
internal_weight=6854 6447 6271 6180 6007 5842 2860 1392 1468 2982 2067 1914 238 915 1154 923 407 847 671 525 1852 982 451 868 986 176 165 704 545 311
internal_count=6854 6447 6271 6180 6007 5842 2860 1392 1468 2982 2067 1914 238 915 1154 923 407 847 671 525 1852 982 451 868 986 176 165 704 545 311
is_linear=0
shrinkage=0.05


Tree=75
num_leaves=31
num_cat=0
split_feature=104 104 104 37 51 107 8 38 57 43 70 64 3 52 7 107 1 56 1 71 57 56 33 26 74 44 36 74 89 97
split_gain=50.0199 23.5315 17.1284 13.5279 22.5098 25.9216 30.6388 18.2212 16.2243 15.0979 12.9736 17.1803 13.615 11.8387 11.1489 13.193 12.0191 10.6246 10.5379 11.0972 10.137 14.885 10.9677 9.96675 9.83326 11.1784 12.4436 10.8836 9.26073 8.65536
threshold=7.7144408226013192 3.405683279037476 10.477942943573 0.16978947818279269 9.9901852607727069 0.15146358311176303 0.25057251006364828 0.23404911905527118 1.1072270870208742 2.1214917898178105 0.13659611344337466 0.10411452502012254 0.58790093660354625 0.81106111407279979 0.23888494074344638 0.13775104284286502 9.6599545478820819 0.79891586303710949 10.045684337615969 -1.6180221438407896 1.0900868177413943 0.5937674641609193 0.08668395504355432 0.58429142832756054 0.84321421384811412 3.4734425544738774 0.42950268089771276 2.6358915567398076 2.0593924522399907 0.83916985988616954
decision_type=2 2 2 2 2 2 2 2 2 2 2 2 2 2 2 2 2 2 2 2 2 2 2 2 2 2 2 2 2 2
left_child=1 -1 14 4 5 18 -7 8 -5 10 11 23 -13 -12 -2 29 -17 -4 19 -3 21 -21 -22 -8 -9 26 -26 -28 -18 -16
right_child=2 3 17 7 -6 6 9 24 -10 -11 13 12 -14 -15 15 16 28 -19 -20 20 22 -23 -24 -25 25 -27 27 -29 -30 -31
leaf_value=0.019547093441101292 -0.037468474401304352 -0.017622327542288558 -0.016308015256072395 -0.018173407869925724 -0.031225098354149272 -0.025700027985480052 -0.0074159597341970701 0.017092162717930407 -0.0013475999510347862 0.036023557584809317 0.045860799000059307 0.0015733317244753598 -0.032373902433224626 0.016038058732359691 -0.0061443018635415764 -0.02981879154456582 0.0027599416005642031 -0.054228215416272485 -0.019444394802096591 0.0055117048724877393 -0.0040366141972228344 0.048100035389264426 0.01042678914332433 0.019828538607853729 0.0015054430848649644 0.020176838480027593 -0.0063586150957202978 -0.040726643754169345 -0.01311466618524439 -0.017829576016979376
leaf_weight=201 25 67 175 249 43 50 40 101 336 72 37 146 36 297 790 32 787 20 57 936 652 20 163 194 899 69 84 31 103 198
leaf_count=201 25 67 175 249 43 50 40 101 336 72 37 146 36 297 790 32 787 20 57 936 652 20 163 194 899 69 84 31 103 198
internal_value=5.66066e-06 0.00284536 -0.00636533 0.00210811 0.00426385 0.00482644 0.0119554 -0.00131669 -0.00852815 0.0142743 0.0121412 0.00622531 -0.00528172 0.0194688 -0.0049357 -0.0044905 -0.000187553 -0.0204541 0.00154143 0.00220247 0.00296199 0.006452 -0.0011347 0.0151596 0.00225058 0.000851977 -0.000481612 -0.0158943 0.000910111 -0.00850175
internal_weight=6910 4780 2130 4579 2810 2767 872 1769 585 822 750 416 182 334 1935 1910 922 195 1895 1838 1771 956 815 234 1184 1083 1014 115 890 988
internal_count=6910 4780 2130 4579 2810 2767 872 1769 585 822 750 416 182 334 1935 1910 922 195 1895 1838 1771 956 815 234 1184 1083 1014 115 890 988
is_linear=0
shrinkage=0.05


Tree=76
num_leaves=31
num_cat=0
split_feature=104 104 104 57 62 78 63 44 38 57 34 45 54 106 20 60 21 8 37 65 59 38 65 38 42 70 46 69 69 75
split_gain=47.4524 23.0256 17.8428 12.1308 12.9288 14.5135 12.2787 13.0895 12.1789 11.342 15.0888 10.8072 11.8161 12.5364 12.4476 12.2961 9.95743 9.75628 9.30155 8.98959 10.6662 16.1224 15.9645 12.5488 11.5896 12.1323 10.8914 12.5179 25.3435 11.4108
threshold=8.1336612701416033 5.1822233200073251 10.632102012634279 1.7639937996864321 0.13673902302980426 1.9647666811943056 0.12697193771600726 -0.59412324428558339 0.17155971378088 1.2850040197372439 0.16858761757612231 -0.6165366768836974 0.83079007267951976 2.7999980449676518 0.060416903346776969 0.11617846041917802 0.27459309995174414 0.3830594420433045 0.065594788640737547 0.028414021246135238 0.077691338956356062 0.071859546005725874 0.14695255458354953 0.050538929179310806 -0.1905151158571243 0.060331167653203017 -0.5545361042022704 0.2538579553365708 0.27628073096275335 1.7159757018089297
decision_type=2 2 2 2 2 2 2 2 2 2 2 2 2 2 2 2 2 2 2 2 2 2 2 2 2 2 2 2 2 2
left_child=1 3 9 4 6 8 7 -1 -6 10 -2 -9 13 14 -13 -15 -3 -8 -14 -18 22 23 24 -22 -21 -26 27 -23 -29 -28
right_child=2 16 -4 -5 5 -7 17 11 -10 -11 -12 12 18 15 -16 -17 19 -19 -20 20 21 26 -24 -25 25 -27 29 28 -30 -31
leaf_value=0.02815470757195726 -0.0082169910539304225 0.013796521640641355 -0.027961623108707763 0.032848960860230196 -0.051116107946092441 0.0062613579645523264 -0.010818963433089464 -0.020658965797629211 -0.0093565765334675203 -0.00089518653624971907 -0.030290748310285845 0.028548577210066591 -0.033165329269000461 -0.00099352086872386293 0.0057264788167389197 0.013912760272130335 0.014525322285286772 0.024212499257423973 -0.0011252214123184483 -0.0020061358328922513 -0.00039908706746097014 -0.011705609146053973 -0.027014413320376903 0.017223148478611613 -0.043307890329096058 0.00014293827620955805 0.0034151786638519296 0.027478069615446861 -0.0037263370914740858 -0.013597639979550911
leaf_weight=63 609 123 111 43 21 145 22 39 88 455 88 126 27 391 114 213 95 165 119 845 176 397 78 236 35 29 1251 71 675 106
leaf_count=63 609 123 111 43 21 145 22 39 88 455 88 126 27 391 114 213 95 165 119 845 176 397 78 236 35 29 1251 71 675 106
internal_value=-0.00013508 0.0018104 -0.00889885 0.00694777 0.00620031 -0.00409071 0.00824563 0.00620674 -0.0177935 -0.00703942 -0.0110433 0.00483696 0.00586118 0.00813264 0.0177768 0.00427747 -0.000157416 0.0200555 -0.00723575 -0.00059049 -0.00096242 0.000560484 -0.00545154 0.00971246 -0.00357361 -0.0239199 -0.000951043 -0.00454494 -0.000723672 0.00207721
internal_weight=6956 5693 1263 1576 1533 254 1279 1092 109 1152 697 1029 990 844 240 604 4117 187 146 3994 3899 2912 987 412 909 64 2500 1143 746 1357
internal_count=6956 5693 1263 1576 1533 254 1279 1092 109 1152 697 1029 990 844 240 604 4117 187 146 3994 3899 2912 987 412 909 64 2500 1143 746 1357
is_linear=0
shrinkage=0.05


Tree=77
num_leaves=31
num_cat=0
split_feature=104 104 104 57 35 109 58 28 63 62 87 45 21 23 26 56 6 97 4 11 12 5 41 6 23 12 88 55 60 17
split_gain=40.6245 20.3151 18.2134 11.8278 18.1815 10.7196 10.7456 11.3511 15.1315 13.1291 9.82099 11.7685 9.58151 9.47088 10.2103 10.0503 17.5483 8.87198 7.63981 11.8098 11.5736 12.8223 10.2257 13.2143 9.69128 8.56043 7.50884 7.58059 7.50265 7.64106
threshold=7.733701467514039 4.9441642761230478 10.567246913909914 1.7571133375167849 0.30022436380386358 10.500000000000002 0.91133278608322155 1.3564516901969912 0.10775689780712129 0.16097314655780795 -3.8044368028640743 -0.64180126786231984 1.3079758882522585 1.671141564846039 1.3574059009552004 0.49068519473075872 0.22052058577537539 0.31612819433212286 0.67240729928016674 0.094818737357854857 0.31677079200744634 0.74427059292793285 0.19828172028064731 0.92830190062522899 0.71060287952423107 0.08028763905167581 -1.5340828895568845 0.74837246537208568 0.090846028178930296 0.065484076738357558
decision_type=2 2 2 2 2 2 2 2 2 2 2 2 2 2 2 2 2 2 2 2 2 2 2 2 2 2 2 2 2 2
left_child=1 3 5 4 10 -2 7 9 -9 17 -1 -12 -6 14 15 28 -17 -7 20 -20 21 25 23 -21 -23 -3 -18 -28 29 -13
right_child=2 18 -4 -5 12 6 -8 8 -10 -11 11 13 -14 -15 -16 16 26 -19 19 22 -22 24 -24 -25 -26 -27 27 -29 -30 -31
leaf_value=0.040925134669827383 0.002083162637197523 -0.0011161946971181135 -0.022057333383841818 0.03629748264534606 -0.035483949208581771 -0.0027901147056438374 -0.00056367564551739542 -0.058044026792049411 -0.012422754135677372 -0.031127192491252925 -0.023609648618831077 0.013786174065867296 0.006529905274510384 -0.0087701401979445592 0.022849254905337232 -0.021648155815219967 0.02651877940039743 -0.01393076144355096 -0.018268269806969585 0.011579314845237838 -0.034915255772925556 -0.011509626441031949 -0.0052523840504970091 -0.013838563745554824 0.01049631164896519 0.0076786544452365092 -0.014174766428124637 0.0070769369676065372 0.023410566278538464 -0.0070823021935588065
leaf_weight=22 480 1635 157 35 36 569 500 26 58 56 28 182 21 72 132 60 43 260 113 240 20 54 539 64 572 332 46 395 140 57
leaf_count=22 480 1635 157 35 36 569 500 26 58 56 28 182 21 72 132 60 43 260 113 240 20 54 539 64 572 332 46 395 140 57
internal_value=6.81722e-05 0.00259136 -0.00572669 0.0080223 0.00719159 -0.00440055 -0.0065191 -0.00958833 -0.0270604 -0.00790129 0.00853214 0.00788026 -0.0201595 0.00868285 0.00988114 0.00800382 0.00363769 -0.00629674 0.00065862 -0.00316381 0.00205778 0.0023563 -0.00111988 0.00620035 0.00858271 0.000371391 0.00681047 0.00483315 0.0142447 0.0088004
internal_weight=6944 4838 2106 1269 1234 1949 1469 969 84 885 1177 1155 57 1127 1055 923 544 829 3569 956 2613 2593 843 304 626 1967 484 441 379 239
internal_count=6944 4838 2106 1269 1234 1949 1469 969 84 885 1177 1155 57 1127 1055 923 544 829 3569 956 2613 2593 843 304 626 1967 484 441 379 239
is_linear=0
shrinkage=0.05


Tree=78
num_leaves=31
num_cat=0
split_feature=104 104 25 1 68 58 22 6 106 42 74 42 59 22 61 56 93 57 59 35 57 57 13 75 1 104 73 22 60 9
split_gain=37.4095 25.5235 14.8291 13.492 18.5756 14.0872 15.1346 17.4241 14.6129 22.7668 18.8266 15.3382 13.9694 19.4675 14.9876 12.755 12.702 12.5865 12.2505 12.179 11.5656 11.5428 11.4753 11.2696 11.2225 10.939 11.254 10.5575 10.4649 9.6116
threshold=4.9441642761230478 9.5407228469848651 0.26397447288036352 9.6677341461181658 0.056628054007887847 1.4002911448478701 9.7809085845947283 0.22052058577537539 5.6873707771301278 -1.9977978467941282 2.7719806432724003 -0.93864867091178883 0.077691338956356062 9.8607525825500506 0.10176874697208406 0.83023986220359813 -0.15594491362571714 1.7571133375167849 0.12365432456135751 0.30022436380386358 1.4264815449714663 1.7844665646553042 0.099853660911321654 -1.3963412642478941 9.7423963546752947 2.368236899375916 3.0054416656494145 10.009075641632082 0.11987930908799173 0.047840852290391929
decision_type=2 2 2 2 2 2 2 2 2 2 2 2 2 2 2 2 2 2 2 2 2 2 2 2 2 2 2 2 2 2
left_child=17 2 -2 4 -4 6 -5 24 9 20 12 -10 14 18 29 16 -3 19 -14 23 -9 -7 -6 -1 -8 -25 -27 -21 -15 -11
right_child=1 15 3 5 22 21 7 8 11 10 -12 -13 13 28 -16 -17 -18 -19 -20 27 -22 -23 -24 25 -26 26 -28 -29 -30 -31
leaf_value=-0.017578793862568481 0.014979281924156982 -0.042439028530591921 -0.044333939969136912 0.0057664757760419972 0.0034096046817448582 0.037004412106565528 0.011971854802449139 0.02877707077698274 -0.0098607451770272719 -0.0090176964119428066 -0.036322470883126644 -0.00035903143516290284 0.022504474332629795 0.0087366347857059223 -0.025750928678933312 -0.046437832294031978 -0.0085553396617865148 0.035687452069069904 0.0052700402126880366 -0.031700065742070613 -0.009849901646763708 0.006474764926302343 -0.015708548018482194 0.034209859298496716 -0.013203764463580916 0.0096293805596074991 -0.0064792905431278972 0.012235779907893051 -0.0044079204404818273 0.010463239628292036
leaf_weight=41 142 30 36 657 146 36 48 109 731 166 33 1012 176 206 84 29 267 38 249 36 23 194 168 40 478 993 121 21 563 101
leaf_count=41 142 30 36 657 146 36 48 109 731 166 33 1012 176 206 84 29 267 38 249 36 23 194 168 40 478 993 121 21 563 101
internal_value=1.09292e-05 -0.00173391 -0.000906086 -0.00134134 -0.0108088 -0.000658283 -0.00125849 -0.00241958 -0.0011268 0.00215652 0.000481774 -0.00434734 0.00129087 0.0038688 -0.00746458 -0.0152953 -0.0121089 0.00769444 0.0124432 0.00681701 0.0220232 0.0113928 -0.00683661 0.00789751 -0.010888 0.00881709 0.00787545 -0.0155813 -0.000879979 -0.00163696
internal_weight=6974 5684 5358 5216 350 4866 4636 3979 3453 1710 1578 1743 1545 1194 351 326 297 1290 425 1252 132 230 314 1195 526 1154 1114 57 769 267
internal_count=6974 5684 5358 5216 350 4866 4636 3979 3453 1710 1578 1743 1545 1194 351 326 297 1290 425 1252 132 230 314 1195 526 1154 1114 57 769 267
is_linear=0
shrinkage=0.05


Tree=79
num_leaves=31
num_cat=0
split_feature=34 57 51 48 46 22 107 64 37 62 40 14 73 18 74 16 12 15 74 7 30 1 36 15 27 1 5 107 5 106
split_gain=18.0199 29.5759 27.3662 25.8411 31.7032 24.0794 25.6483 21.7014 23.1468 20.2257 23.7893 22.3041 26.44 21.9766 22.9319 18.7351 16.2606 16.0869 14.2423 10.9539 10.9238 10.5788 10.3108 10.2814 12.0352 10.1086 9.72297 9.67038 9.25181 9.18251
threshold=0.13769172132015231 0.83110433816909801 9.9901852607727069 1.0632203221321108 0.0081142871640622633 9.9791913032531756 0.062831060960888876 0.21824647486209872 0.17607368528842929 0.13526865094900134 0.17019001394510272 0.11031704768538476 2.0404385328292851 0.019361560232937339 0.67727658152580272 0.090897362679243102 0.058585479855537421 0.015522229485213758 0.86078041791915905 0.88222232460975658 0.87079364061355602 9.6169834136962908 0.061567235738039024 0.03609209135174752 0.7736017405986787 9.985018730163576 0.68009313941001903 0.07218425348401071 1.3307762145996096 4.8515441417694101
decision_type=2 2 2 2 2 2 2 2 2 2 2 2 2 2 2 2 2 2 2 2 2 2 2 2 2 2 2 2 2 2
left_child=2 -2 3 4 9 6 28 8 -3 11 27 13 22 -1 -15 19 26 -16 -10 -9 -17 -19 -13 24 -20 -24 -6 -11 -5 -8
right_child=1 7 -4 5 16 -7 29 15 18 10 -12 12 -14 14 17 20 -18 21 23 -21 -22 -23 25 -25 -26 -27 -28 -29 -30 -31
leaf_value=0.014170953270421536 -0.01896959791820272 0.01148604250406874 -0.027733595173758192 0.0058398181612041699 -0.014902881602982291 -0.0058827046688426947 0.012752003601718701 0.0070439175186816421 0.026930836681276563 -0.020625513190727519 0.00021418979406174831 0.038618155182511722 -0.029822369809112244 -0.021963397932267981 0.014205039377563657 0.0014355545684851152 -0.036215248237443501 -0.035341921732153579 -0.0084817712541047051 0.028592512072309069 -0.018674379133308928 -0.0011679220674016726 0.0051623742107092738 -0.017020449579008265 0.023817684509876102 0.02531582296056592 0.015558814624267997 -0.05475176333316735 -0.0074351827469783735 0.025926328082872038
leaf_weight=252 281 135 77 484 128 305 638 158 23 91 173 53 30 127 177 677 81 22 229 94 74 1479 137 434 32 114 32 27 179 168
leaf_count=252 281 135 77 484 128 305 638 158 23 91 173 53 30 127 177 677 81 22 229 94 74 1479 137 434 32 114 32 27 179 168
internal_value=-6.74659e-05 -0.00388246 0.00164071 0.00212805 -0.000761406 0.00688673 0.00954018 -0.00158927 -0.00744763 0.000802211 -0.011621 0.00231842 0.0142824 0.000369798 -0.00156379 0.00339542 -0.0180937 -7.67829e-06 -0.0110186 0.0151631 -0.000568181 -0.001692 0.0187184 -0.0123114 -0.00444589 0.0143799 -0.00875174 -0.0288285 0.00224997 0.0155267
internal_weight=6911 2137 4774 4697 2923 1774 1469 1856 853 2682 291 2391 334 2057 1805 1003 241 1678 718 252 751 1501 304 695 261 251 160 118 663 806
internal_count=6911 2137 4774 4697 2923 1774 1469 1856 853 2682 291 2391 334 2057 1805 1003 241 1678 718 252 751 1501 304 695 261 251 160 118 663 806
is_linear=0
shrinkage=0.05


Tree=80
num_leaves=31
num_cat=0
split_feature=104 104 57 35 23 107 104 1 68 22 51 47 71 62 74 74 15 76 26 12 63 106 47 14 50 28 35 61 12 0
split_gain=34.2578 22.7923 15.3992 15.7581 12.6116 10.4422 10.432 10.0127 15.1824 12.7434 17.5237 15.6384 23.0297 14.7208 14.4831 13.8148 13.7236 10.5784 10.301 10.1881 9.31806 9.08334 9.08008 9.07121 8.84969 8.71963 8.12763 8.11733 7.5737 7.43563
threshold=5.4151351451873788 9.5407228469848651 1.7571133375167849 0.30022436380386358 2.2229561805725102 0.22311574220657351 3.6314833164215092 9.6677341461181658 0.056628054007887847 9.8045806884765643 9.8958888053894061 0.80537864565849315 -0.13070611655712125 0.12531407922506335 1.8834890723228457 0.7997632920742036 0.022084903903305534 1.9964596033096316 1.0381721258163454 0.043422168120741851 0.11705652251839639 6.3277435302734384 2.1587091684341435 0.10840854421257974 0.56978604197502147 1.4749071002006533 0.069174036383628859 0.11093106865882875 0.047075809910893447 0.31598025560379034
decision_type=2 2 2 2 2 2 2 2 2 2 2 2 2 2 2 2 2 2 2 2 2 2 2 2 2 2 2 2 2 2
left_child=2 7 3 6 -5 -3 -1 8 -2 10 15 17 14 18 -13 -9 -17 20 19 -14 23 -8 -15 24 -11 -18 -7 -20 -10 -22
right_child=1 5 -4 4 -6 26 21 9 28 11 -12 12 13 22 -16 16 25 -19 27 -21 29 -23 -24 -25 -26 -27 -28 -29 -30 -31
leaf_value=0.015164294451881012 -0.042110731588168582 -0.043258580255787826 0.029816099379604569 -0.028132631748792582 0.016216013529761274 -0.039459959656000139 0.006395708319035096 -0.013857842417803176 0.010857003380298475 -0.0083480032797892453 0.035400472002636109 0.029106969843862709 0.018832302815191306 0.0060596721407559992 0.0051717168749001513 0.013455298561117114 0.0030977992374369026 -0.020059494871360762 -0.031486754661256618 -0.0052647705777996677 0.0018754377457662489 -0.0028173731408484902 -0.0072977589659987858 0.0092493142717881196 0.004491969346532179 -0.011488072147982226 -0.0095385369311273456 -0.0088695088196217488 -0.010209774002193146 -0.012011234772744574
leaf_weight=256 32 29 63 60 21 24 1149 115 52 392 41 102 64 593 165 295 639 123 43 134 119 348 161 165 203 121 266 428 220 501
leaf_count=256 32 29 63 60 21 24 1149 115 52 392 41 102 64 593 165 295 639 123 43 134 119 348 161 165 203 121 266 428 220 501
internal_value=-2.38163e-05 -0.00218434 0.00569964 0.00485542 -0.0165773 -0.015097 0.00585463 -0.00130639 -0.0100675 -0.000699479 0.00366594 -0.00235577 0.000944205 -0.00158699 0.01439 0.0025246 0.00432179 -0.00606448 -0.00698072 0.00257968 -0.00480348 0.00425354 0.0032016 -0.00108938 -0.00396712 0.00076353 -0.0121419 -0.0109967 -0.00615729 -0.00934716
internal_weight=6924 5027 1897 1834 81 319 1753 4708 304 4404 1211 3193 1690 1423 267 1170 1055 1503 669 198 1380 1497 754 760 595 760 290 471 272 620
internal_count=6924 5027 1897 1834 81 319 1753 4708 304 4404 1211 3193 1690 1423 267 1170 1055 1503 669 198 1380 1497 754 760 595 760 290 471 272 620
is_linear=0
shrinkage=0.05


Tree=81
num_leaves=31
num_cat=0
split_feature=104 104 57 35 44 8 104 7 20 65 104 21 67 59 65 52 77 23 46 13 57 36 61 66 37 23 71 61 69 28
split_gain=32.2085 17.1886 10.9298 13.051 9.72091 15.0427 9.58598 7.72798 11.3194 7.57432 7.46802 6.96131 7.43092 8.45095 13.1946 10.961 10.4466 11.2124 9.61047 9.43355 7.90795 9.02699 8.36079 6.77029 9.96078 12.3372 10.565 9.45549 6.56937 6.52911
threshold=8.1336612701416033 5.1003823280334482 1.7571133375167849 0.30022436380386358 -0.56477534770965565 0.21996150165796283 10.567246913909914 0.67172071337699901 0.04211110062897206 0.062563121318817153 3.8516664505004887 0.27459309995174414 0.045255459845066077 0.077691338956356062 0.14695255458354953 0.73186731338500988 1.4418910145759585 0.98234912753105175 -0.26961986720561976 0.15952961146831515 1.7454636096954348 0.045863857492804534 0.11093106865882875 0.13403193652629855 0.26480799913406378 0.71994343400001537 1.4573647975921633 0.13689206540584567 0.078006893396377577 0.95562958717346203
decision_type=2 2 2 2 2 2 2 2 2 2 2 2 2 2 2 2 2 2 2 2 2 2 2 2 2 2 2 2 2 2
left_child=1 2 3 4 9 -6 7 8 -2 -1 -7 -3 28 14 16 19 18 -18 -14 -15 21 22 -17 27 25 -25 29 -23 -13 -27
right_child=6 11 -4 -5 5 10 -8 -9 -10 -11 -12 12 13 15 -16 20 17 -19 -20 -21 -22 23 -24 24 -26 26 -28 -29 -30 -31
leaf_value=0.0076464604400098323 -0.00052331485065885573 0.011130685220067301 0.031203174007879128 -0.01773007975938588 -0.027578141959384087 0.011818448436738264 -0.018919084094152411 -0.0033700133629815097 -0.021242273457084845 0.03905377374627652 0.0034754161661990583 -0.0086231549754022408 -0.0041648492835876473 0.021111373524508328 -0.023960777265805169 -0.023750315136883571 0.02345700573338115 -0.0019412087262272678 -0.025688667881435586 -0.0018850503495667836 0.0075885109532724277 0.00091451687305165895 0.0073105810295140579 -0.011305359741869237 -0.0068087056439675303 -0.00028681941566637893 -0.011543603688214887 -0.015266128387962897 0.020905579524573833 0.008452564098496115
leaf_weight=39 109 129 41 58 33 394 160 812 166 38 840 25 714 113 82 22 68 117 55 73 279 152 382 165 551 344 105 221 70 563
leaf_count=39 109 129 41 58 33 394 160 812 166 38 840 25 714 113 82 22 68 117 55 73 279 152 382 165 551 344 105 221 70 563
internal_value=-0.000252344 0.00134726 0.00605739 0.00530031 0.00630663 0.0052472 -0.00752469 -0.00583166 -0.0130617 0.0234481 0.00614665 -0.000260583 -0.00062153 -0.000950738 -0.00483675 0.000405957 -0.00316959 0.00747027 -0.00573563 0.0121241 -0.000381007 -0.0012713 0.00556468 -0.00258781 -0.00126687 0.00133105 0.00340047 -0.00868759 0.013126 0.00514129
internal_weight=6920 5673 1443 1402 1344 1267 1247 1087 275 77 1234 4230 4101 4006 1036 2970 954 185 769 186 2784 2505 404 2101 1728 1177 1012 373 95 907
internal_count=6920 5673 1443 1402 1344 1267 1247 1087 275 77 1234 4230 4101 4006 1036 2970 954 185 769 186 2784 2505 404 2101 1728 1177 1012 373 95 907
is_linear=0
shrinkage=0.05


Tree=82
num_leaves=31
num_cat=0
split_feature=104 104 104 109 58 28 68 62 7 45 101 71 57 27 29 58 75 37 48 55 28 66 74 28 78 44 61 1 53 0
split_gain=30.9274 16.2681 12.9044 10.4839 8.59119 12.4847 14.8257 11.7592 8.36326 8.00521 7.93733 8.002 7.41306 16.7836 9.46897 7.6597 7.44149 9.21021 12.2407 11.944 11.649 10.874 18.7639 10.4828 10.4181 10.1488 9.65303 9.56135 9.72521 9.53555
threshold=7.733701467514039 3.8516664505004887 10.703906059265138 7.5000000000000009 0.91642245650291454 1.2760113477706911 0.038967438042163856 0.16097314655780795 1.0553038716316225 -1.1937391757965086 0.024741113185882572 -1.3933466672897337 1.7454636096954348 1.1247581839561465 1.3934660553932192 1.3214791417121889 -1.5170890688896177 0.16591538488864901 1.0632203221321108 0.6382562816143037 1.3637413382530215 0.1353309899568558 1.8396841883659365 1.3829255104064944 0.65764853358268749 0.17428437620401385 0.22019159048795703 9.949038505554201 0.91220659017562877 0.33458073437213903
decision_type=2 2 2 2 2 2 2 2 2 2 2 2 2 2 2 2 2 2 2 2 2 2 2 2 2 2 2 2 2 2
left_child=1 -1 3 -2 5 7 -7 10 -6 -3 11 -5 13 14 15 16 -11 18 20 25 24 22 -20 -22 -18 -19 29 28 -26 -21
right_child=2 9 -4 4 8 6 -8 -9 -10 12 -12 -13 -14 -15 -16 -17 17 19 21 26 23 -23 -24 -25 27 -27 -28 -29 -30 -31
leaf_value=0.011143842272337045 0.0032169694334649446 0.029950074541072055 -0.029342268652248163 -0.02020434640133037 -0.0090042768662402725 -0.05962098493220528 -0.015403355296072353 -0.028032189228984178 0.0034361951929509286 -0.01336497889667311 -0.011161551683632089 0.00041348818941192044 0.008381760098753379 -0.043134461749683731 -0.017442333562509484 -0.015782936394854046 -0.014826733457545441 -0.0022828197394068103 0.023390815785110354 0.003823269723049764 -0.035453397819073876 0.014546190742617093 -0.0034582424622634205 -0.0044559244187632177 0.0073634807367869669 0.023535797967160321 0.0022573787421299868 -0.010567906067459561 -0.0081470544391777366 -0.0093977879776946764
leaf_weight=448 356 23 53 51 216 22 116 60 357 84 353 495 314 21 70 66 74 70 83 174 29 391 288 306 968 82 518 97 112 622
leaf_count=448 356 23 53 51 216 22 116 60 357 84 353 495 314 21 70 66 74 70 83 174 29 391 288 306 968 82 518 97 112 622
internal_value=-0.000112438 0.00207847 -0.00521152 -0.0045661 -0.00622617 -0.00881618 -0.0228308 -0.0067778 -0.00126092 0.00115145 -0.00532969 -0.00154577 0.000993021 0.000418946 0.000656308 0.000980229 0.00126803 0.00159373 0.00353464 -0.00151519 0.00103048 0.00873854 0.00259515 -0.00723682 0.00324835 0.0117084 -0.0030526 0.00439638 0.00574893 -0.00650659
internal_weight=6919 4840 2079 2026 1670 1097 138 959 573 4392 899 546 4369 4055 4034 3964 3898 3814 2348 1466 1586 762 371 335 1251 152 1314 1177 1080 796
internal_count=6919 4840 2079 2026 1670 1097 138 959 573 4392 899 546 4369 4055 4034 3964 3898 3814 2348 1466 1586 762 371 335 1251 152 1314 1177 1080 796
is_linear=0
shrinkage=0.05


Tree=83
num_leaves=31
num_cat=0
split_feature=104 104 65 39 21 59 73 42 55 44 7 1 43 57 46 4 30 72 62 45 75 12 52 69 74 55 37 68 104 58
split_gain=26.8353 13.2905 12.4367 12.3438 12.1078 11.9776 18.6729 17.0704 16.489 16.1504 15.2616 12.7442 14.6607 19.7606 13.309 11.9686 12.0797 17.2341 11.5732 10.2824 9.87633 9.76314 9.40538 11.3366 9.15819 9.06869 9.00986 8.62541 8.40284 9.74284
threshold=8.1336612701416033 2.9267104864120488 0.028414021246135238 0.20240110903978351 0.27459309995174414 0.077691338956356062 1.5070056319236758 -1.938392639160156 0.77546656131744396 0.33561460673809057 1.0553038716316225 10.038900852203371 1.2980409860610964 1.4141841530799868 0.20404716581106189 0.88767501711845409 0.092045493423938765 1.3798143863677981 0.05312983691692353 0.70314696431159984 -0.39726980030536646 0.057819724082946784 0.84504789113998424 0.25464308261871343 2.7719806432724003 1.0787027478218081 0.27403141558170324 0.10105558857321741 10.567246913909914 0.91642245650291454
decision_type=2 2 2 2 2 2 2 2 2 2 2 2 2 2 2 2 2 2 2 2 2 2 2 2 2 2 2 2 2 2
left_child=1 3 18 -1 27 7 22 -6 9 -9 15 12 20 -14 24 16 17 -8 -3 -10 -12 -11 23 -7 -13 -22 -18 -4 29 -2
right_child=28 2 4 -5 5 6 10 8 19 21 11 14 13 -15 -16 -17 26 -19 -20 -21 25 -23 -24 -25 -26 -27 -28 -29 -30 -31
leaf_value=0.0088082462293633933 -0.0089502635753855152 -0.0042792860899595019 0.006311685670516454 0.044847348953286813 0.006065004223580135 0.0022226589247930704 -6.2899664693252474e-05 -0.0057787339367288432 0.020387817496756236 -0.014880717409029048 -0.024790370026885562 -0.008092537537516058 0.0043831569973635425 0.024896287197082465 0.007935025162284429 -0.015772083391011563 0.0041029775883100975 -0.01834075437962903 0.024537311813149318 -0.002310509535959153 0.0078669850796487337 -0.03658848747659426 -0.0030311548683614013 0.021078002194398586 -0.042683784774548955 -0.0034842191060973464 -0.0058477701849880678 0.032059991002703708 -0.01745932015484937 0.00072416825518472304
leaf_weight=118 660 52 103 29 316 120 304 447 64 167 32 228 276 204 146 162 818 223 103 214 425 76 93 238 20 299 314 47 158 429
leaf_count=118 660 52 103 29 316 120 304 447 64 167 32 228 276 204 146 162 818 223 103 214 425 76 93 238 20 299 314 47 158 429
internal_value=-8.09669e-05 0.00138734 0.000988642 0.016173 0.000581702 0.000175294 0.00155376 -0.00401174 -0.00730413 -0.0114416 0.000302053 0.0038153 0.00631032 0.0131349 -0.00400785 -0.00284307 -0.00157182 -0.00781726 0.0149043 0.00296935 0.00196564 -0.0217921 0.0111099 0.0147816 -0.0110424 0.00318079 0.00134006 0.0145384 -0.00671536 -0.00514196
internal_weight=6885 5638 5491 147 5336 5186 3902 1284 968 690 3451 1630 1236 480 394 1821 1659 527 155 278 756 243 451 358 248 724 1132 150 1247 1089
internal_count=6885 5638 5491 147 5336 5186 3902 1284 968 690 3451 1630 1236 480 394 1821 1659 527 155 278 756 243 451 358 248 724 1132 150 1247 1089
is_linear=0
shrinkage=0.05


Tree=84
num_leaves=31
num_cat=0
split_feature=104 104 104 91 67 36 72 65 43 61 62 38 71 12 11 105 22 48 71 1 67 42 106 60 4 62 46 22 78 39
split_gain=27.1552 14.1502 11.2175 9.1543 8.87176 11.7434 8.51042 10.3641 9.56999 8.05245 10.0525 15.7968 10.3654 8.63498 8.03774 7.52977 7.6338 6.86666 6.78177 6.34018 6.2239 6.31994 10.3965 7.34218 9.27007 7.65037 7.29733 12.2947 9.25783 7.36092
threshold=8.1336612701416033 5.1003823280334482 10.703906059265138 -3.895702481269836 0.62590041756629955 0.42950268089771276 0.8428134322166444 0.14695255458354953 2.3211209774017338 0.33319362998008734 0.13422780483961108 0.15350143611431125 0.76200389862060558 0.047075809910893447 0.040204320102930076 4.4486145973205575 9.9584760665893572 -0.4150013923645019 -1.3549089431762693 9.6599545478820819 0.045255459845066077 -1.9666045308113096 5.4239494800567636 0.070932447910308852 0.69875299930572521 0.067562021315097823 -0.5545361042022704 9.8607525825500506 1.1709563136100771 0.19491093605756762
decision_type=2 2 2 2 2 2 2 2 2 2 2 2 2 2 2 2 2 2 2 2 2 2 2 2 2 2 2 2 2 2
left_child=1 3 6 -1 5 9 7 14 19 10 12 -12 15 -13 -2 16 -5 -17 -19 -8 -3 22 -22 24 -23 -25 27 28 -27 -29
right_child=2 20 -4 4 -6 -7 8 -9 -10 -11 11 13 -14 -15 -16 17 -18 18 -20 -21 21 23 -24 25 -26 26 -28 29 -30 -31
leaf_value=0.037080035002335261 -0.027455822774806085 0.011265122168503392 -0.028336462717944461 0.017193355425852971 0.035418233795401953 -0.024301281664520502 -0.022162819749398814 -0.029276687257302304 -0.021542454915948268 0.015930088824681637 -0.044119493573904045 -0.02152691149480037 -0.0043309790007724181 0.0067079777525055522 -0.0019608528843605955 0.023097387134012853 -0.0019624446860689207 -0.02191498119349557 0.0039318634784123035 -0.0010015174181027004 0.014715287210742776 -0.0046919941058512216 0.00046792627586313877 0.0091958240262241669 -0.035178333377608888 -0.021315859187216984 0.001505155533254106 -0.013537740867336237 0.003091048394754459 -0.00093635919280738258
leaf_weight=22 38 119 56 292 23 33 36 74 66 161 24 36 202 100 150 43 63 26 424 820 172 631 493 207 25 41 1482 351 518 173
leaf_count=22 38 119 56 292 23 33 36 74 66 161 24 36 202 100 150 43 63 26 424 820 172 631 493 207 25 41 1482 351 518 173
internal_value=3.98151e-05 0.00150799 -0.00665867 0.00576815 0.00525979 0.00474089 -0.00561032 -0.0135461 -0.00334303 0.00545713 0.00405162 -0.00758992 0.0058311 -0.00086854 -0.00723209 0.00825404 0.0137979 0.00424215 0.00239321 -0.0019163 4.13937e-05 -0.000287597 0.00416952 -0.0011532 -0.0059056 -2.68107e-05 -0.000774387 -0.00389227 0.00126605 -0.00938707
internal_weight=6901 5661 1240 1449 1427 1404 1184 262 922 1371 1210 160 1050 136 188 848 355 493 450 856 4212 4093 665 3428 656 2772 2565 1083 559 524
internal_count=6901 5661 1240 1449 1427 1404 1184 262 922 1371 1210 160 1050 136 188 848 355 493 450 856 4212 4093 665 3428 656 2772 2565 1083 559 524
is_linear=0
shrinkage=0.05


Tree=85
num_leaves=31
num_cat=0
split_feature=104 104 101 22 57 56 18 45 11 70 47 6 75 21 75 22 45 59 0 32 75 104 33 62 12 3 48 22 42 6
split_gain=22.9169 15.8091 10.7667 10.3765 9.5218 10.8495 8.42688 13.2378 15.5209 12.6399 10.4389 11.0375 10.602 10.9405 9.96429 13.3138 10.2935 15.3205 8.84947 7.95301 13.7577 10.4225 7.90695 10.5684 7.58069 7.45392 7.26176 7.16133 7.5129 6.71807
threshold=9.5407228469848651 5.1822233200073251 -0.8892451524734496 10.062452316284181 1.7571133375167849 0.91628164052963268 0.098147548735141768 -0.59727501869201649 0.21198698133230212 0.14876003563404086 1.2010845541954043 0.74154341220855724 0.62553536891937267 0.27459309995174414 -0.079071018844842897 9.7809085845947283 0.41387607157230383 0.066862333565950408 0.35107140243053442 0.061846336349844939 -1.3963412642478941 2.368236899375916 0.12345243990421297 0.10294875502586366 0.084728978574275984 1.3378457427024844 0.57118457555770885 10.07378673553467 1.8855947256088259 0.23707546293735507
decision_type=2 2 2 2 2 2 2 2 2 2 2 2 2 2 2 2 2 2 2 2 2 2 2 2 2 2 2 2 2 2
left_child=1 4 -2 -4 5 19 10 -8 26 -10 12 27 14 -14 15 -3 18 -18 -16 -1 -21 -22 23 -19 29 -23 -9 28 -12 -17
right_child=2 6 3 -5 -6 -7 7 8 9 -11 11 -13 13 -15 16 24 17 22 -20 20 21 25 -24 -25 -26 -27 -28 -29 -30 -31
leaf_value=0.020249077647217905 -0.043570281450565046 0.0066605064820973352 -0.0060761475066906769 -0.031873046318777715 0.026731687273830174 -0.012504937750583684 0.025779546328953337 -0.0034386687914852096 0.027499780942286764 -0.0032640791908290449 0.0058647248303719292 0.02391078185944541 0.015882688417711864 -0.0097122938580701361 0.0030358055899068056 -0.014131027540453235 -0.03237185154575855 -0.0018699937809050849 0.022347389949177662 -0.028299897333847419 0.032744765850571532 0.0054980469647493875 -0.0053024864598570408 0.011391853242309135 0.0055945089317578252 -0.013171732339209744 -0.021361810672852036 -0.016402340112697512 -0.019697236766417825 -0.0040676608510165479
leaf_weight=86 25 342 261 45 49 87 34 82 34 726 707 73 45 461 112 204 31 260 126 30 33 1210 217 354 162 55 184 41 29 877
leaf_count=86 25 342 261 45 49 87 34 82 34 726 707 73 45 461 112 204 31 260 126 30 33 1210 217 354 162 55 184 41 29 877
internal_value=0.000197158 0.000836996 -0.0126233 -0.00996127 0.00525749 0.00453913 -0.000506991 -0.00447272 -0.00549936 -0.00185347 0.000534113 0.00545453 -0.000777858 -0.00740922 0.000474145 -0.00206293 0.00412839 0.00158076 0.0133103 0.00559591 0.00463246 0.00541481 0.00288473 0.00578218 -0.00446653 0.00467655 -0.0158702 0.00369204 0.00483217 -0.00597807
internal_weight=6982 6651 331 306 1550 1501 5101 1060 1026 760 4041 850 3191 506 2685 1585 1100 862 238 1414 1328 1298 831 614 1243 1265 266 777 736 1081
internal_count=6982 6651 331 306 1550 1501 5101 1060 1026 760 4041 850 3191 506 2685 1585 1100 862 238 1414 1328 1298 831 614 1243 1265 266 777 736 1081
is_linear=0
shrinkage=0.05


Tree=86
num_leaves=31
num_cat=0
split_feature=104 104 57 109 104 106 8 22 67 62 57 21 7 68 2 20 26 1 30 25 29 35 68 73 77 74 44 52 56 41
split_gain=22.501 10.2197 10.1697 10.0528 8.98158 8.9155 7.40334 7.29861 7.28452 8.75092 7.13648 6.91837 8.81482 12.5583 11.0747 11.0734 17.0159 10.3641 9.87184 9.59589 8.41058 8.05081 7.52527 7.30834 15.0186 8.9345 7.2583 9.46432 9.33197 6.76969
threshold=7.733701467514039 2.9267104864120488 1.3039605021476748 2.5000000000000004 10.477942943573 5.700028896331788 0.23145993053913119 10.062452316284181 0.045255459845066077 0.05312983691692353 0.79608392715454113 0.27459309995174414 1.0017796158790591 0.042784908786416061 1.6752892732620241 0.10988636314868928 1.3574059009552004 9.8229565620422381 0.045553183183074004 0.44366264343261724 1.1824160814285281 0.10830863565206529 0.10105558857321741 3.3973481655120854 2.9711149930953984 2.7719806432724003 0.78050911426544201 0.92751607298851024 0.45030994713306433 0.051121551543474204
decision_type=2 2 2 2 2 2 2 2 2 2 2 2 2 2 2 2 2 2 2 2 2 2 2 2 2 2 2 2 2 2
left_child=1 2 10 -2 5 6 -5 29 9 -3 -1 22 14 21 17 16 20 -13 -19 -17 26 -14 -10 24 -21 -26 28 -28 -15 -6
right_child=3 8 -4 4 7 -7 -8 -9 11 -11 -12 12 13 15 -16 19 -18 18 -20 23 -22 -23 -24 -25 25 -27 27 -29 -30 -31
leaf_value=0.020151520448808486 0.008636359909556475 -0.0034725922962878736 0.044822655711323024 -0.02320437339572784 -0.035370867669582369 -0.0075497226440411694 0.00062533594984651142 -0.038694231864064933 0.0055847757718647311 0.023531194351896458 -0.0043750555152920157 0.0021091310528367105 -0.0098009841112915667 0.015784923529976774 -0.026360436279157348 -0.029401648030788815 0.021104532945441623 -0.023261042001346748 -0.0035473690120226991 0.002619449723814571 -0.01968020712819827 0.021161881980040802 0.034193982015694339 0.01096150085725861 -0.0092142718722810022 -0.040249627552412709 0.031255119206740505 0.0076244343759389365 -0.0020604108999407057 -0.0070630820482721806
leaf_weight=64 138 48 23 33 24 909 787 28 91 78 54 1153 247 89 43 26 189 68 807 536 33 22 30 147 121 28 46 448 393 142
leaf_count=64 138 48 23 33 24 909 787 28 91 78 54 1153 247 89 43 26 189 68 807 536 33 22 30 147 121 28 46 448 393 142
internal_value=1.01829e-05 0.00189177 0.0151054 -0.00435616 -0.00529255 -0.00414245 -0.00036076 -0.0154688 0.00148733 0.0132977 0.00898505 0.00115501 0.000828867 0.00294142 -0.00154305 0.0042711 0.00737443 -0.00100411 -0.00510421 -6.5516e-05 0.00478423 -0.00719971 0.0129001 0.000885434 -0.0012897 -0.0152759 0.00563071 0.00988356 0.00126054 -0.0113431
internal_weight=6845 4784 141 2061 1923 1729 820 194 4643 126 118 4517 4396 2325 2071 2056 1198 2028 875 858 1009 269 121 832 685 149 976 494 482 166
internal_count=6845 4784 141 2061 1923 1729 820 194 4643 126 118 4517 4396 2325 2071 2056 1198 2028 875 858 1009 269 121 832 685 149 976 494 482 166
is_linear=0
shrinkage=0.05


Tree=87
num_leaves=31
num_cat=0
split_feature=104 104 57 62 57 33 68 54 104 93 58 109 78 42 106 6 106 64 32 55 13 106 42 78 4 37 47 28 56 53
split_gain=19.0339 10.9748 8.4127 8.56878 12.0506 10.2674 8.55407 8.57131 7.61362 7.46168 7.34854 9.08142 6.67712 6.58523 9.76428 6.88386 6.54964 7.67732 7.2898 7.28912 6.53944 6.46267 6.20675 6.02405 7.19766 5.96934 5.89517 5.71499 5.36091 7.14482
threshold=8.1336612701416033 4.9441642761230478 1.7571133375167849 0.13673902302980426 0.95978897809982311 0.092853650450706496 0.19738575816154483 0.83079007267951976 10.703906059265138 -0.7361260950565337 0.91642245650291454 15.500000000000002 1.81025767326355 -1.9666045308113096 3.710180521011353 0.12013645097613336 2.7999980449676518 0.21880447119474414 0.064913742244243636 0.84930479526519786 0.060323281213641174 6.0613238811492929 -0.11060823500156401 1.9329786300659182 0.69875299930572521 0.24687558412551883 -0.51317262649536122 1.4332147240638735 0.44892087578773504 0.49327684938907629
decision_type=2 2 2 2 2 2 2 2 2 2 2 2 2 2 2 2 2 2 2 2 2 2 2 2 2 2 2 2 2 2
left_child=1 2 3 6 -5 -6 7 9 10 -1 11 -2 -12 14 26 -15 19 18 -18 -11 -16 25 -14 24 -20 -7 -3 -21 -13 -30
right_child=8 13 -4 4 5 21 -8 -9 -10 16 12 28 22 15 20 -17 17 -19 23 27 -22 -23 -24 -25 -26 -27 -28 -29 29 -31
leaf_value=-0.017574255306634212 -0.00088533584333360326 -0.0027500679106074008 0.029000512321127228 -0.032189918145763156 -0.031249726301228461 0.011167512132475774 0.017049079752072739 -0.0084744786129145096 -0.02246664357784715 0.028202210844897515 0.013361328100946583 -0.0051289435785084334 -0.0072940458251152104 -0.020035037972653907 0.005393931827674176 -0.00035896258616879427 0.019006503587749243 0.026720701966966905 -0.00093404019567389996 0.003616183398252943 -0.005797785762432354 0.014429194530266401 0.0053879889006773606 0.010510992789098506 -0.026730282995849848 -0.01806895692522327 0.019987402185167476 0.023381715372204782 -0.030339305038149991 -0.011655472591457102
leaf_weight=30 285 36 36 32 21 29 165 108 61 66 80 156 247 44 368 3658 57 34 275 138 201 85 157 102 29 41 132 49 71 186
leaf_count=30 285 36 36 32 21 29 165 108 61 66 80 156 247 44 368 3658 57 34 275 138 201 85 157 102 29 41 132 49 71 186
internal_value=0.000228332 0.00144405 0.00548824 0.00479455 -0.00446278 0.000731898 0.00662566 0.00467187 -0.00537841 0.00650066 -0.00447828 -0.00775744 0.000257003 0.000261432 0.00457423 -0.000598169 0.00748577 0.00413761 0.00242523 0.0140208 0.00143721 0.00523744 -0.0023645 5.63358e-05 -0.00347444 -0.00597001 0.0151276 0.00889221 -0.0124861 -0.0169147
internal_weight=6979 5736 1297 1261 208 176 1053 888 1243 780 1182 698 484 4439 737 3702 750 497 463 253 569 155 404 406 304 70 168 187 413 257
internal_count=6979 5736 1297 1261 208 176 1053 888 1243 780 1182 698 484 4439 737 3702 750 497 463 253 569 155 404 406 304 70 168 187 413 257
is_linear=0
shrinkage=0.05


Tree=88
num_leaves=31
num_cat=0
split_feature=104 104 69 68 106 58 0 37 107 6 22 77 35 26 58 52 21 33 76 43 23 42 94 42 61 58 35 38 23 42
split_gain=19.1632 12.1498 8.04933 14.3369 8.64545 10.3266 7.34668 7.24033 12.4834 15.8574 12.1027 13.0933 11.4756 8.79014 7.89606 9.3127 7.7161 10.3414 7.22122 9.93345 7.13897 6.45248 7.15579 6.57901 6.31617 6.24785 6.20725 6.33933 6.83927 6.46865
threshold=7.733701467514039 3.405683279037476 0.087042283266782774 0.039252799004316337 3.7886549234390263 0.91642245650291454 0.093968752771615996 0.20721861720085147 0.14582407474517825 0.25599275529384619 10.07378673553467 0.8683733642101289 0.10830863565206529 1.9626271128654482 1.1162876486778261 0.80932721495628368 0.98794299364089977 0.27818666398525244 2.6349219083786015 1.2980409860610964 0.38719329237937933 -0.67275092005729664 0.16042929887771609 -0.26985000073909754 0.43333500623703008 1.1036347746849062 0.28025221824646002 0.035113135352730758 0.52441573143005382 -0.95138531923294056
decision_type=2 2 2 2 2 2 2 2 2 2 2 2 2 2 2 2 2 2 2 2 2 2 2 2 2 2 2 2 2 2
left_child=1 24 -2 -4 -5 26 -3 8 -8 20 11 12 -11 16 15 -13 21 -18 19 -7 -10 22 -9 -23 -1 -17 27 -6 -29 -30
right_child=2 6 3 4 5 18 7 13 9 10 -12 14 -14 -15 -16 25 17 -19 -20 -21 -22 23 -24 -25 -26 -27 -28 28 29 -31
leaf_value=0.0098060671589337289 0.0047821580318656853 -0.025242571303477658 -0.034702736296458168 0.0017218418887436544 -0.031485426040987176 -0.0021200297713946845 0.00050165826536904378 -0.0091077911342128792 0.021631885000637601 -0.016597515854906913 -0.020838603858024843 0.023585883684868574 0.021651253049020415 0.0083245480806592824 0.025719701635027559 0.0093904861534671973 -0.047914795780723746 -0.0056107525013926948 -0.010844244106960509 0.016068661899296378 -0.0092796257847725817 0.0079970264574006685 0.0047084086394170305 -0.0030474582520967773 0.033840462102582958 -0.016773818480335954 -0.027531655968050475 0.0091885859853829497 -0.015567280442077044 -0.0054175550370663631
leaf_weight=170 232 25 39 433 29 320 2154 431 20 71 30 121 26 189 108 506 21 43 143 97 171 229 119 325 32 23 47 53 256 408
leaf_count=170 232 25 39 433 29 320 2154 431 20 71 30 121 26 189 108 506 21 43 143 97 171 229 119 325 32 23 47 53 256 408
internal_value=6.34363e-05 0.00178948 -0.00397494 -0.00509018 -0.00442449 -0.00639132 0.00126226 0.00141218 0.00269952 0.00709477 0.00991298 0.0110151 -0.00622895 -0.00165173 0.013227 0.011115 -0.00327178 -0.0200154 -0.00118961 0.00213923 -0.00594701 -0.0022839 -0.00611535 0.00152404 0.0137614 0.00822341 -0.0100585 -0.00892229 -0.00796711 -0.00934823
internal_weight=6871 4814 2057 1825 1786 1353 4612 4587 3230 1076 885 855 97 1357 758 650 1168 64 560 417 191 1104 550 554 202 529 793 746 717 664
internal_count=6871 4814 2057 1825 1786 1353 4612 4587 3230 1076 885 855 97 1357 758 650 1168 64 560 417 191 1104 550 554 202 529 793 746 717 664
is_linear=0
shrinkage=0.05


Tree=89
num_leaves=31
num_cat=0
split_feature=104 104 96 104 73 87 1 7 32 104 52 76 34 58 71 62 50 43 1 7 56 99 73 42 106 43 10 67 13 23
split_gain=16.5281 8.99804 7.49278 11.3086 8.03743 7.61073 6.39007 6.32891 10.3466 8.60921 6.32691 5.74115 8.25491 7.5959 9.53689 8.63866 7.08317 5.80304 5.42175 7.48516 5.65516 5.27895 5.21495 4.65913 7.26996 6.12493 5.97985 6.5196 5.40987 5.05529
threshold=8.1336612701416033 4.9441642761230478 -2.3572494983673091 2.368236899375916 3.0054416656494145 -1.910356283187866 9.6599545478820819 0.67172071337699901 0.064282614737749114 9.4019160270690936 0.95289137959480297 2.6349219083786015 0.10494960099458696 0.91642245650291454 0.6313786804676057 0.13422780483961108 0.53641656041145336 1.0387639403343203 9.8174805641174334 0.84318295121192943 0.59302803874015819 -0.040905177593231194 3.5227032899856572 -1.9666045308113096 4.5036981105804452 -0.31702648103237147 0.032379876822233207 0.045255459845066077 0.060323281213641174 1.2092927694320681
decision_type=2 2 2 2 2 2 2 2 2 2 2 2 2 2 2 2 2 2 2 2 2 2 2 2 2 2 2 2 2 2
left_child=1 2 5 -4 6 -1 10 8 -2 -10 -5 13 -13 14 15 21 -16 -15 -8 20 -20 -9 -6 24 25 -3 -25 -28 -26 -29
right_child=7 23 3 4 22 -7 18 11 9 -11 -12 12 -14 17 16 -17 -18 -19 19 -21 -22 -23 -24 26 28 -27 27 29 -30 -31
leaf_value=-0.035364759794395899 0.005655896982191027 0.00061985676138647254 0.029889405399824126 -0.025308743527820032 -0.011347488118096806 0.0051175576527991021 0.011277398557860112 0.0093901928469971568 -0.010651893116753318 -0.032463084246458794 0.0050221091667667804 -0.025813061267133831 -0.0020784953771305552 -0.00149354719195416 -0.031209176009439905 -0.029880013774064459 -0.008565504066324954 0.011831055882361692 0.0022868425428365052 0.0074163855861956677 -0.017597913313657048 -0.004449275501746573 0.0083956806142715373 -0.0069031076409326059 0.0046117358676986365 0.020385616397610509 0.015837755614484195 -0.0015782373926235115 -0.0058917450555475721 0.0027482736642239318
leaf_weight=22 71 63 45 30 116 23 450 141 192 59 38 62 88 182 45 21 144 147 88 397 59 133 46 342 355 103 63 2247 186 964
leaf_count=22 71 63 45 30 116 23 450 141 192 59 38 62 88 182 45 21 144 147 88 397 59 133 46 342 355 103 63 2247 186 964
internal_value=3.90335e-05 0.00120573 0.00482742 0.00554223 0.00462344 -0.0150123 0.00620581 -0.00507596 -0.0111343 -0.0158873 -0.00853201 -0.00304078 -0.0119948 -0.00137604 -0.00535624 0.000269744 -0.0140927 0.00447781 0.00722159 0.00385207 -0.00575909 0.00268074 -0.00572429 0.000104036 0.00381327 0.0129328 -0.000622047 3.59764e-05 0.00099635 -0.00027889
internal_weight=6922 5637 1314 1269 1224 45 1062 1285 322 251 68 963 150 813 484 295 189 329 994 544 147 274 162 4323 707 166 3616 3274 541 3211
internal_count=6922 5637 1314 1269 1224 45 1062 1285 322 251 68 963 150 813 484 295 189 329 994 544 147 274 162 4323 707 166 3616 3274 541 3211
is_linear=0
shrinkage=0.05


Tree=90
num_leaves=31
num_cat=0
split_feature=104 104 49 18 7 44 1 50 27 22 62 44 27 62 41 74 19 2 58 58 49 18 45 44 45 73 60 22 73 22
split_gain=17.5367 11.2632 10.7512 8.58321 10.6356 10.1775 12.9264 11.5339 12.1265 11.0668 10.3134 7.47661 7.87057 9.42267 10.6669 7.52409 7.29625 7.91199 7.23969 8.16585 7.8044 6.91825 7.28381 6.90685 6.41803 8.05306 7.50297 9.90835 9.47098 6.37634
threshold=5.1822233200073251 10.567246913909914 2.2558574676513676 0.040852159261703498 0.66166779398918163 0.83681800961494457 9.6677341461181658 0.80267783999443065 0.67963576316833507 9.8072361946105975 0.10470963642001153 2.8122768402099614 0.74610897898674022 0.13422780483961108 0.11022037267684938 1.2172267436981203 0.1012045629322529 0.50600963830947887 1.4002911448478701 1.4426774978637698 -0.69127371907234181 0.0197454858571291 -0.64180126786231984 0.37111438810825353 -0.0087418553885072452 1.875218451023102 0.19607401639223102 9.9584760665893572 2.4471434354782109 9.8000841140747088
decision_type=2 2 2 2 2 2 2 2 2 2 2 2 2 2 2 2 2 2 2 2 2 2 2 2 2 2 2 2 2 2
left_child=2 3 11 5 16 6 -2 8 29 10 21 12 13 -1 -15 -16 -5 -18 20 -20 -6 -8 -23 -11 -22 -26 27 28 -27 -7
right_child=1 -3 -4 4 18 7 9 -9 -10 23 -12 -13 -14 14 15 -17 17 -19 19 -21 24 22 -24 -25 25 26 -28 -29 -30 -31
leaf_value=0.0053163771626640929 -0.033886986011639239 -0.013955399915325026 0.032252274667511564 -0.038223617701706569 0.020816528010699484 0.013211080875578729 0.01124243216275523 -0.0015199285962395057 0.020922726031290598 -0.00071128883277468637 0.015869837170618215 -0.010298597233434391 0.014598510101767657 -0.035579807452657923 -0.028628740527413113 0.0031820566502089305 0.0019827796216312101 -0.013389914954379904 0.029634713807276322 0.003020948710737761 -0.015433885719121852 -0.015382930768551196 0.00030428602084030108 -0.013004446759814603 0.0017584437233343195 0.0036771761430146634 -0.00051855287258587631 -0.017808675034332734 -0.011641059868167603 0.0011929825018168838
leaf_weight=1092 29 166 34 21 35 165 123 413 163 220 122 83 187 27 21 119 122 264 34 165 93 83 621 237 810 198 547 196 204 330
leaf_count=1092 29 166 34 21 35 165 123 413 163 220 122 83 187 27 21 119 122 264 34 165 93 83 621 237 810 198 547 196 204 330
internal_value=0.000184762 -0.00117407 0.00484325 -0.000763052 -0.00272457 0.00134196 -0.00141066 0.00502798 0.00913391 -0.000717201 0.00236121 0.00421308 0.00505259 0.00362427 -0.00740607 -0.00175876 -0.0101602 -0.00853862 -0.00139454 0.00769346 -0.00226604 0.000351644 -0.0015644 -0.00710099 -0.00267048 -0.00205575 -0.00475317 -0.00861931 -0.00410585 0.00521757
internal_weight=6924 5361 1563 5195 2689 2506 1435 1071 658 1406 949 1529 1446 1259 167 140 407 386 2282 199 2083 827 704 457 2048 1955 1145 598 402 495
internal_count=6924 5361 1563 5195 2689 2506 1435 1071 658 1406 949 1529 1446 1259 167 140 407 386 2282 199 2083 827 704 457 2048 1955 1145 598 402 495
is_linear=0
shrinkage=0.05


Tree=91
num_leaves=31
num_cat=0
split_feature=104 104 21 76 56 55 45 38 74 78 16 60 75 78 43 49 46 77 68 77 74 22 5 46 13 76 9 93 11 33
split_gain=14.0272 8.01692 7.26823 6.66555 7.31728 7.05112 6.5813 12.6798 12.3363 11.4965 7.34617 7.51251 11.9518 12.2178 12.3909 10.9299 9.6451 7.82419 7.71844 8.3575 7.93101 7.58269 7.44234 7.08098 7.25696 6.49482 6.4311 6.4305 6.34794 5.91777
threshold=8.1336612701416033 3.405683279037476 0.27459309995174414 0.73836511373519909 0.42647393047809606 0.7263762652873994 -0.0024059124916675496 0.23404911905527118 1.3285049796104433 0.79399490356445324 0.24649107456207278 0.070932447910308852 0.62553536891937267 2.1731457710266118 2.1214917898178105 1.7471908330917361 -0.26961986720561976 1.5160818696022036 0.19192170351743701 1.6390791535377505 1.7747359275817873 9.7750167846679705 0.74004203081130993 -0.5197230577468871 0.12070312350988389 2.863213419914246 0.042055534198880203 -0.19875065982341764 0.069499477744102492 0.11534263566136362
decision_type=2 2 2 2 2 2 2 2 2 2 2 2 2 2 2 2 2 2 2 2 2 2 2 2 2 2 2 2 2 2
left_child=1 -1 28 4 -2 27 7 8 -4 -8 11 16 13 14 17 18 21 -13 19 -14 -21 -11 -19 -12 -25 -5 -9 -6 -3 -17
right_child=3 2 6 25 5 -7 9 26 -10 10 23 12 15 -15 -16 29 -18 22 -20 20 -22 -23 -24 24 -26 -27 -28 -29 -30 -31
leaf_value=0.010646999150550252 -0.0036203147918543741 0.0062307116657925347 -0.013546973341232652 -0.0016145773817875235 -0.019948052771256441 -0.0076115820427528685 0.014283920214168178 -0.0030612569695354485 0.0079840966334034282 0.0090050820473756565 -0.0086368148087916079 0.01525307904542357 0.0012084111042019929 -0.0020162436971122694 0.027223360688443984 -0.015074290389505527 -0.021490910743910172 0.0011958338371730656 0.0012730508777828867 0.0085370654592434921 -0.015591749411322931 -0.0035136674274980129 0.0097839185706382822 0.01905085342203049 -0.001588244033402813 -0.014187015414615324 0.020403675213899644 -0.053882108887900487 0.031508311821568401 0.011264793744136114
leaf_weight=208 119 129 323 901 41 53 155 54 83 148 390 208 160 438 75 23 62 628 395 38 286 642 421 46 453 115 62 22 30 199
leaf_count=208 119 129 323 901 41 53 155 54 83 148 390 208 160 438 75 23 62 628 395 38 286 642 421 46 453 115 62 22 30 199
internal_value=-2.3055e-05 0.00103683 0.000668036 -0.00481199 -0.0123838 -0.0212661 0.000350355 -0.00497417 -0.0091365 0.000934326 0.000482674 0.00145791 0.0026813 0.00522458 0.0076053 -0.00140837 -0.00266291 0.00641406 -0.00391273 -0.00813883 -0.0127443 -0.00115996 0.00464856 -0.0035985 0.000348655 -0.00305019 0.00954754 -0.0324548 0.0111672 0.00848061
internal_weight=6907 5656 5448 1251 235 116 5289 522 406 4767 4612 3723 2871 1770 1332 1101 852 1257 879 484 324 790 1049 889 499 1016 116 63 159 222
internal_count=6907 5656 5448 1251 235 116 5289 522 406 4767 4612 3723 2871 1770 1332 1101 852 1257 879 484 324 790 1049 889 499 1016 116 63 159 222
is_linear=0
shrinkage=0.05


Tree=92
num_leaves=31
num_cat=0
split_feature=104 45 104 57 56 6 29 76 57 50 1 56 71 12 45 22 51 12 105 1 78 18 104 38 33 71 2 1 105 45
split_gain=13.7675 7.66992 7.45425 6.13547 11.3627 8.93988 8.8619 9.01525 11.7665 13.8484 10.9271 11.2764 8.79418 10.1459 8.70195 8.61354 8.26712 9.14816 6.60041 6.45979 6.36849 6.05038 5.94837 5.73912 5.77373 5.40585 5.59424 5.30546 5.31736 7.8423
threshold=7.7316424846649179 -1.1937391757965086 10.703906059265138 1.7454636096954348 0.88650286197662365 0.12013645097613336 1.3934660553932192 1.5748172402381899 1.3582979440689089 0.58514994382858287 9.6523671150207537 0.74296751618385326 0.64690479636192333 0.26429910957813268 -0.76104131340980519 9.8962788581848162 9.9822268486022967 0.087711948901414885 4.2639791965484628 10.168704032897951 0.98593640327453624 0.026765724644064907 5.4318635463714608 0.084894414991140379 0.098368030041456236 -1.6180221438407896 0.47177509963512426 9.6599545478820819 5.8892688751220712 1.8590050339698794
decision_type=2 2 2 2 2 2 2 2 2 2 2 2 2 2 2 2 2 2 2 2 2 2 2 2 2 2 2 2 2 2
left_child=1 -1 27 4 5 -3 7 10 9 -9 -7 12 13 14 -12 -6 17 -17 23 25 -11 -22 -5 -16 -25 -20 -27 -2 -29 -30
right_child=2 3 -4 22 15 6 -8 8 -10 20 11 -13 -14 -15 18 16 -18 -19 19 -21 21 -23 -24 24 -26 26 -28 28 29 -31
leaf_value=0.030864281918514858 -0.014275953078842059 -0.021942758244695146 -0.020259019104832989 0.021539337177617621 -0.0013739690776577499 -0.021261381605734764 -0.026736730475116662 0.023584309256532127 0.011854677388934181 -0.01684833742522945 -0.021176615944649611 -0.016138972982658633 -0.0066070804195669701 -0.020872019218901795 0.016213430023075983 -0.010299866570329125 -0.0033032367005944255 -0.043231735621080847 -0.013860260561988172 0.022550985060240093 0.0096555347275924901 3.8482127449590759e-05 0.0044805369757117746 -0.012914339744574614 0.0088839722913822208 0.0078348849458787541 0.00041591610024804002 0.00077864633225817673 -0.0057932028592433691 0.0091474206734953149
leaf_weight=21 97 39 63 64 234 58 26 71 436 47 35 96 302 44 175 43 66 42 53 37 198 918 243 41 109 338 1015 799 1044 95
leaf_count=21 97 39 63 64 234 58 26 71 436 47 35 96 302 44 175 43 66 42 53 37 198 918 243 41 109 338 1015 799 1044 95
internal_value=-8.07874e-05 0.00140889 -0.00345329 0.00127162 0.000796278 0.00157937 0.0018142 0.00200772 0.00480351 0.00230459 -2.08194e-05 0.000537157 0.00128927 0.00258327 0.00316692 -0.00739989 -0.0166676 -0.0268856 0.00366053 0.00220712 0.000986337 0.00175185 0.00809516 0.0100871 0.0028797 0.00165611 0.00227371 -0.00292332 -0.00234803 -0.00454013
internal_weight=6849 4751 2098 4730 4423 4038 3999 3973 1670 1234 2303 2245 2149 1847 1803 385 151 85 1768 1443 1163 1116 307 325 150 1406 1353 2035 1938 1139
internal_count=6849 4751 2098 4730 4423 4038 3999 3973 1670 1234 2303 2245 2149 1847 1803 385 151 85 1768 1443 1163 1116 307 325 150 1406 1353 2035 1938 1139
is_linear=0
shrinkage=0.05


Tree=93
num_leaves=31
num_cat=0
split_feature=104 104 47 49 73 97 75 21 18 10 47 8 75 40 69 68 69 68 69 105 16 107 45 31 62 52 73 70 21 68
split_gain=12.8446 9.59142 7.64932 7.51299 6.73338 6.73195 6.63962 6.47212 6.57166 11.034 8.90708 9.28194 9.10768 7.28773 10.2746 7.7586 6.85719 13.3349 6.54872 6.25815 6.20083 6.13036 5.93862 6.78414 5.49415 5.38885 5.33988 5.33592 5.02915 4.94022
threshold=5.1822233200073251 9.3144135475158709 2.9946260452270512 2.2558574676513676 3.0054416656494145 -0.88927841186523426 -1.3963412642478941 0.27459309995174414 0.098147548735141768 0.17022357881069186 1.1329948902130129 1.0383038520812991 0.62553536891937267 0.38163864612579351 0.2538579553365708 0.16125140339136126 0.09160331636667253 0.039252799004316337 0.078006893396377577 8.1092181205749529 0.038014646619558341 0.086050420999526991 0.79615280032157909 0.061161672696471221 0.056700095534324653 1.0448187589645388 3.7286468744277959 0.15195740014314654 0.62680301070213329 0.11899015679955484
decision_type=2 2 2 2 2 2 2 2 2 2 2 2 2 2 2 2 2 2 2 2 2 2 2 2 2 2 2 2 2 2
left_child=3 7 5 4 6 -3 21 -2 10 -10 12 20 13 14 16 -16 18 -18 -9 -8 -12 -1 24 -24 -19 -15 -6 -11 -29 -14
right_child=1 2 -4 -5 26 -7 19 8 9 27 11 -13 29 25 15 -17 17 22 -20 -21 -22 -23 23 -25 -26 -27 -28 28 -30 -31
leaf_value=0.004861000882461667 0.0096927475040803207 -0.026366751195074846 -0.03513745038211346 0.026006080693026123 -0.0087514246437058324 -0.0045006010166935449 0.0044999478266671026 -0.0030294711003807607 -0.012810273641775734 0.014296400073474685 -0.0031712116957815523 0.021141240727899316 -0.015339709918781306 0.0031334428306393049 0.016353556026517006 0.0031229896674132675 -0.028306891004025354 0.018678366166094078 0.010505814401167211 0.018871575014458766 0.005901205427443542 -0.030007952131116046 0.01966446976888013 -4.1033292002161517e-05 -0.0062216945481012205 -0.016032724969216393 0.017043449474579614 0.015094816336073938 -0.0034132970822550418 -0.0040983794374934972
leaf_weight=24 150 38 24 37 159 370 1202 159 281 51 281 75 146 53 138 550 50 22 202 80 567 25 47 485 637 116 22 38 627 295
leaf_count=24 150 38 24 37 159 370 1202 159 281 51 281 75 146 53 138 550 50 22 202 80 567 25 47 485 637 116 22 38 627 295
internal_value=2.8561e-05 -0.00112249 -0.00825973 0.00404087 0.00348653 -0.00659664 0.00471723 -0.000500571 -0.000819735 -0.0044328 0.00012343 0.00439863 -0.00123831 -5.0522e-05 0.000690676 0.00579668 -0.00150441 -0.00326855 0.00455239 0.00541078 0.0028947 -0.0131736 -0.00219454 0.00173349 -0.00536339 -0.010039 -0.00553972 -0.00113172 -0.00233461 -0.00784628
internal_weight=6951 5402 432 1549 1512 408 1331 4970 4820 997 3823 923 2900 2459 2290 688 1602 1241 361 1282 848 49 1191 532 659 169 181 716 665 441
internal_count=6951 5402 432 1549 1512 408 1331 4970 4820 997 3823 923 2900 2459 2290 688 1602 1241 361 1282 848 49 1191 532 659 169 181 716 665 441
is_linear=0
shrinkage=0.05


Tree=94
num_leaves=31
num_cat=0
split_feature=104 0 21 70 74 65 55 67 46 99 64 1 13 75 35 74 21 47 51 38 7 70 21 0 12 61 47 52 109 42
split_gain=11.4276 7.34222 9.74595 6.79852 10.8197 9.83535 11.7486 8.97375 10.8545 8.16128 7.50373 13.3387 11.494 10.5947 8.27134 8.25946 10.0179 8.23974 7.81552 7.07265 6.58777 9.39602 6.40856 6.11423 5.88658 5.80763 5.6 5.76031 7.59062 10.3586
threshold=8.1336612701416033 0.093968752771615996 0.26507447659969335 0.28644694387912756 2.7719806432724003 0.19132080674171451 1.2856489419937136 0.27395783364772802 -0.78462880849838246 -2.3514788150787349 0.18647414445877078 9.5976166725158709 0.11027897149324419 0.72074979543685924 0.22351403534412387 1.0565250515937807 0.36806243658065801 2.0957126617431645 9.792877674102785 0.32722283899784094 0.66166779398918163 0.06796568259596826 0.40515349805355078 1.5945363044738772 0.057819724082946784 0.15109878033399585 2.3998591899871831 1.2072291374206545 25.500000000000004 0.40080669522285467
decision_type=2 2 2 2 2 2 2 2 2 2 2 2 2 2 2 2 2 2 2 2 2 2 2 2 2 2 2 2 2 2
left_child=1 -1 -3 4 7 -5 19 9 -9 -4 11 -11 15 -12 -15 16 -13 18 22 -7 25 24 -17 -14 -22 -20 27 28 -2 -30
right_child=26 2 3 5 -6 6 -8 8 -10 10 13 12 23 14 -16 17 -18 -19 20 -21 21 -23 -24 -25 -26 -27 -28 -29 29 -31
leaf_value=-0.023873341307044032 -0.0017159859358092837 0.015665035986484412 -0.026142502057233025 0.010638750831644122 -0.033160947591066359 -0.012317554952116103 0.006165265676366407 -0.016438243597017965 -0.0013366831779768249 -0.038869216157631448 0.01337599205890605 0.00067481099348562989 -0.0075425911473122947 -0.0072295699509817906 0.0085275987595988204 0.015236362433474281 0.017584402767490851 0.015648948612790772 -0.0020484933498232526 0.00041037666965561552 -0.0043311029032338409 0.0017665791005941343 0.0018900685052977784 0.013778225794279328 -0.020547442681886057 -0.019334844174353702 -0.018054909367088433 0.0018517379906500407 -0.0089812720336144066 -0.041828118579892014
leaf_weight=29 468 109 27 371 24 185 523 173 377 21 270 182 529 179 154 124 168 85 100 264 233 982 322 35 73 94 71 335 333 25
leaf_count=29 468 109 27 371 24 185 523 173 377 21 270 182 529 179 154 124 168 85 100 264 233 982 322 35 73 94 71 335 333 25
internal_value=-0.000157283 0.000796936 0.000928838 0.000633731 -0.000366702 0.00372463 0.00107737 -0.000168053 -0.00610802 0.000746474 0.000958227 -8.19695e-05 0.000209493 0.00603535 6.12432e-05 0.00174067 0.00881839 0.000506305 -0.000169058 -0.00484959 -0.00191581 -0.000618651 0.00562648 -0.00619745 -0.00825404 -0.0104806 -0.00451731 -0.0036746 -0.00591545 -0.0113852
internal_weight=6865 5633 5604 5495 4152 1343 972 4128 550 3578 3551 2948 2927 603 333 2363 350 2013 1928 449 1482 1288 446 564 306 194 1232 1161 826 358
internal_count=6865 5633 5604 5495 4152 1343 972 4128 550 3578 3551 2948 2927 603 333 2363 350 2013 1928 449 1482 1288 446 564 306 194 1232 1161 826 358
is_linear=0
shrinkage=0.05


Tree=95
num_leaves=31
num_cat=0
split_feature=71 71 34 57 37 3 50 69 77 52 42 22 76 59 62 109 0 23 6 65 1 37 76 73 13 19 26 1 15 7
split_gain=9.21148 11.5556 10.308 11.3379 10.8226 10.5954 10.2567 10.092 9.60796 13.1743 12.8025 11.8644 10.7372 10.2059 10.2015 10.0875 9.83772 10.5097 9.55499 8.87497 7.66396 7.84756 7.86809 10.8655 10.8639 9.96641 7.76352 6.51741 6.28853 6.1831
threshold=1.6522393226623537 1.5552069544792178 0.13769172132015231 0.83110433816909801 0.16694119572639468 0.33667023479938513 0.26748141646385198 0.31498400866985327 3.2467211484909062 1.1955148577690127 0.58141601085662853 9.9724769592285174 2.1962367296218877 0.12522546201944354 0.09029772132635118 22.500000000000004 0.093968752771615996 0.38719329237937933 0.49960955977439886 0.14483928680419925 10.18074941635132 0.022862697020173076 1.62679660320282 1.4399079084396365 0.060323281213641174 0.11668321117758752 0.97683933377265941 9.7211580276489276 0.03609209135174752 2.2393046617507939
decision_type=2 2 2 2 2 2 2 2 2 2 2 2 2 2 2 2 2 2 2 2 2 2 2 2 2 2 2 2 2 2
left_child=1 2 6 -4 -5 -6 -1 28 9 10 12 14 16 -14 -11 -12 -8 -18 -10 -2 21 -19 24 -24 -23 26 -26 -9 -7 -21
right_child=19 -3 3 4 5 7 8 27 18 11 15 -13 13 -15 -16 -17 17 20 -20 29 -22 22 23 -25 25 -27 -28 -29 -30 -31
leaf_value=-0.015283754996894655 0.0060595660419254516 0.016162448281102117 -0.012907789322676664 0.0097643188677013961 0.0054608394803128454 -0.0041728942343870756 -0.023709657779868901 -0.01298219060523648 -0.012538762560991118 0.027283896695345991 -0.0055638278548696095 -0.0082607446968283385 -0.019983274510788195 0.00058144827412835351 0.0085304242163409712 -0.039877522071401474 0.02604844816997548 0.013244619417180132 0.0074162557132048425 -0.014672411198891398 0.017400572929577328 0.0030443820310405764 0.024093423597514631 0.0036655781163801499 -0.014865616510607594 -0.00099287268174306251 0.012985869937775923 0.001112950705289707 -0.01554451818649203 0.005892546772943312
leaf_weight=91 90 111 257 184 287 216 35 96 217 85 66 88 108 135 477 31 46 142 82 258 80 1119 71 686 252 710 27 530 280 42
leaf_count=91 90 111 257 184 287 216 35 96 217 85 66 88 108 135 477 31 46 142 82 258 80 1119 71 686 252 710 27 530 280 42
internal_value=-0.000206923 0.000240796 -3.79138e-05 -0.00318364 -0.00160772 -0.00309865 0.0012421 -0.00529103 0.00158286 0.00220589 0.000993319 0.00873848 0.00150481 -0.00860287 0.0114102 -0.0168251 0.00228259 0.00258043 -0.00705967 -0.00766075 0.0022224 0.00181294 0.00124193 0.00561079 -0.000328886 -0.00414478 -0.0121336 -0.00106586 -0.0106107 -0.0117833
internal_weight=6899 6509 6398 1850 1593 1409 4548 1122 4457 4158 3508 650 3411 243 562 97 3168 3133 299 390 3087 3007 2865 757 2108 989 279 626 496 300
internal_count=6899 6509 6398 1850 1593 1409 4548 1122 4457 4158 3508 650 3411 243 562 97 3168 3133 299 390 3087 3007 2865 757 2108 989 279 626 496 300
is_linear=0
shrinkage=0.05


Tree=96
num_leaves=31
num_cat=0
split_feature=0 49 45 20 20 1 6 73 73 27 43 13 15 4 3 7 34 38 74 58 17 12 56 34 52 42 42 15 37 70
split_gain=10.7712 9.80643 11.2233 9.78113 11.3104 12.5099 10.1008 10.0177 13.2143 13.653 9.38509 9.28718 8.92263 7.6245 8.46769 10.9167 8.55805 10.2723 7.38756 16.5395 7.19432 6.89175 6.53154 6.43233 9.0129 8.96081 6.84929 6.31355 6.07626 7.18891
threshold=0.093968752771615996 -1.1442648768424986 -0.76104131340980519 0.073649007827043547 0.082753781229257597 9.8033699989318865 0.72708815336227428 3.5227032899856572 2.9296907186508183 1.179035007953644 0.88682651519775402 0.075522746890783324 0.028498229570686821 1.8339658379554751 0.341579020023346 0.66166779398918163 0.13769172132015231 0.18966286629438403 1.0565250515937807 0.66992682218551647 0.059595322236418731 0.69531586766242992 0.39292608201503759 0.050245421007275588 0.8684821128845216 -0.1905151158571243 -3.1163630485534664 0.025814663618803028 0.30961930751800543 0.28947746753692633
decision_type=2 2 2 2 2 2 2 2 2 2 2 2 2 2 2 2 2 2 2 2 2 2 2 2 2 2 2 2 2 2
left_child=-1 -2 -3 6 5 20 18 8 11 21 -8 -6 -13 14 -14 -16 -17 -18 19 22 -5 -10 -4 -20 25 27 -26 -25 29 -28
right_child=1 2 3 4 7 -7 10 -9 9 -11 -12 12 13 -15 15 16 17 -19 23 -21 -22 -23 -24 24 26 -27 28 -29 -30 -31
leaf_value=-0.028066364164902449 0.014954486121635208 -0.017251828759215139 0.0047008861650334986 0.0026019603812268803 0.0096923766782579385 -0.022079762937785831 0.0011510328347371383 0.009172421632286383 -0.012003570500780825 -0.048050256235444032 0.023621834044344724 -0.029426356624545798 0.0076403434892805926 0.018075531138581971 -0.013486214707166617 0.0032630534100585792 -0.019015949739168887 -0.0022986824764175966 0.0068121341449111257 0.017471258037536682 -0.017940743716337301 0.0053538849482916906 -0.010182963158606667 -0.010002007550739368 -0.023275067204875606 -0.019293880738479523 0.00029874607460435781 0.00043447285330817795 -0.015742377267333168 0.0075139575303661416
leaf_weight=33 109 93 211 160 209 138 87 226 255 22 99 27 218 50 208 590 108 588 334 212 57 73 112 217 27 97 1384 432 48 459
leaf_count=33 109 93 211 160 209 138 87 226 255 22 99 27 218 50 208 590 108 588 334 212 57 73 112 217 27 97 1384 432 48 459
internal_value=6.5578e-06 0.000145877 -9.57569e-05 0.000146801 -0.00201391 -0.0103672 0.00184861 -0.000858257 -0.00182722 -0.0107746 0.0131737 -0.000255262 -0.00142216 -0.000976591 -0.00154325 -0.0028875 -0.0011641 -0.0049163 0.00124883 0.00665539 -0.00285159 -0.00813595 -0.000475577 0.000282114 -0.000538839 -0.00519827 0.0012752 -0.00306509 0.00163785 0.0020988
internal_weight=6883 6850 6741 6648 2929 355 3719 2574 2348 350 186 1998 1789 1762 1712 1494 1286 696 3533 535 217 328 323 2998 2664 746 1918 649 1891 1843
internal_count=6883 6850 6741 6648 2929 355 3719 2574 2348 350 186 1998 1789 1762 1712 1494 1286 696 3533 535 217 328 323 2998 2664 746 1918 649 1891 1843
is_linear=0
shrinkage=0.05


Tree=97
num_leaves=31
num_cat=0
split_feature=104 104 109 81 37 107 7 75 109 105 56 73 1 46 106 55 47 29 35 7 20 75 4 76 100 52 56 44 22 95
split_gain=12.224 8.41264 7.03349 5.89014 5.06161 11.3546 11.6447 9.39064 9.06727 7.16272 7.54675 6.46465 6.19245 5.50311 5.14133 4.966 4.66518 5.78569 8.67232 4.41654 4.22369 5.32654 3.87875 3.67045 7.45719 5.64469 6.06966 4.73381 4.01226 3.5824
threshold=8.5575141906738299 4.9441642761230478 1.5000000000000002 -0.38183926045894617 0.20721861720085147 0.14582407474517825 0.42022375762462622 0.62610915303230297 40.500000000000007 3.3338738679885869 0.76992657780647289 3.0517433881759648 10.045684337615969 -0.5545361042022704 3.227919459342957 1.1178721785545351 2.3998591899871831 1.2260107994079592 0.30022436380386358 1.5096229314804079 0.026284889318048957 -1.4659516811370847 0.30175587534904486 0.73836511373519909 0.063726637512445464 0.87050947546958934 0.50812056660652172 -0.15680667012929914 10.067807197570803 -0.46157032251358027
decision_type=2 2 2 2 2 2 2 2 2 2 2 2 2 2 2 2 2 2 2 2 2 2 2 2 2 2 2 2 2 2
left_child=1 2 -1 -2 5 11 -7 8 14 10 -6 12 15 -11 19 -3 17 18 20 -8 -4 -22 -9 27 -25 26 -26 -5 -27 -23
right_child=3 4 16 23 9 6 7 22 -10 13 -12 -13 -14 -15 -16 -17 -18 -19 -20 -21 21 29 -24 24 25 28 -28 -29 -30 -31
leaf_value=-0.012118807286940149 -0.023229202174892029 -0.00079509877295560582 0.017906206813571392 0.0020733159856644234 -0.0048470974763681705 -0.015052444813045442 0.011293969816184895 0.0083704827258310657 -0.0030449461564421654 -0.0046311821365453152 -0.024499461342758665 -0.010383471579230955 -0.01276282664057949 0.0021819119592292784 0.019626070692174837 0.005167692683936952 -0.011544403037987649 0.018836487275548281 -0.018279036581038667 -0.0070963283522507623 -0.020021653820627504 0.024556649041672551 -0.004471606865575138 0.0066114441260374732 0.001160700069439988 -0.0016698419995080452 -0.026198011913126512 -0.0197926050487858 -0.016799780681729319 0.0049721993869308069
leaf_weight=60 44 1721 66 36 176 63 296 83 104 546 67 164 92 646 191 437 39 79 38 36 20 23 195 150 30 357 61 77 49 981
leaf_count=60 44 1721 66 36 176 63 296 83 104 546 67 164 92 646 191 437 39 79 38 36 20 23 195 150 30 357 61 77 49 981
internal_value=0.000152472 0.000913865 0.00447156 -0.00563998 -5.14374e-05 0.00100433 0.00557643 0.0070275 0.0104144 -0.00253862 -0.0103439 -0.000830611 -0.00013001 -0.000940117 0.0130915 0.000414215 0.00527954 0.00583225 0.00490561 0.00928452 0.0057299 0.00492839 -0.000621199 -0.00459247 -0.00312926 -0.00607648 -0.0172641 -0.0128694 -0.00353266 0.00544484
internal_weight=6927 6123 1306 804 4817 3382 968 905 627 1435 243 2414 2250 1192 523 2158 1246 1207 1128 332 1090 1024 278 760 647 497 91 113 406 1004
internal_count=6927 6123 1306 804 4817 3382 968 905 627 1435 243 2414 2250 1192 523 2158 1246 1207 1128 332 1090 1024 278 760 647 497 91 113 406 1004
is_linear=0
shrinkage=0.05


Tree=98
num_leaves=31
num_cat=0
split_feature=104 104 109 104 56 5 13 73 0 76 71 7 5 67 23 48 12 5 66 38 26 15 49 104 5 7 20 49 27 73
split_gain=11.6973 6.38125 5.60879 5.65237 7.26412 5.04448 5.1767 4.90012 4.39367 7.9185 7.2643 8.89079 6.99339 5.06344 4.89067 4.80773 4.74791 5.73007 6.73023 4.54945 4.45787 4.37899 4.36683 4.28402 4.19983 4.15203 5.24829 4.02357 8.74132 4.87515
threshold=7.4866347312927255 3.405683279037476 2.5000000000000004 10.477942943573 0.79891586303710949 0.17907108366489413 0.045761123299598701 0.76162013411521923 0.61881577968597423 1.368796765804291 -0.055881913751363747 0.98231548070907604 0.74427059292793285 0.063451081514358534 0.71060287952423107 0.53239673376083385 0.08028763905167581 0.5234702229499818 0.20004480332136157 0.075931340456008925 0.76556819677352916 0.21643377840518954 1.0316022634506228 5.8593404293060312 0.74427059292793285 0.67172071337699901 0.04211110062897206 2.0276141166687016 0.96493119001388561 1.9227158427238467
decision_type=2 2 2 2 2 2 2 2 2 2 2 2 2 2 2 2 2 2 2 2 2 2 2 2 2 2 2 2 2 2
left_child=1 -1 -2 5 7 -4 24 -5 12 15 13 21 16 -11 -14 -10 17 18 -3 -19 -18 -12 -21 -17 -7 26 -8 28 29 -13
right_child=2 8 3 4 -6 6 25 -9 9 10 11 27 14 -15 -16 23 20 19 -20 22 -22 -23 -24 -25 -26 -27 -28 -29 -30 -31
leaf_value=0.010125244814231237 0.0060087448510504479 0.00016434680733498551 -0.02434074584118746 -0.024775863348299433 -0.039655050848211561 -0.001080502462929063 0.0078672325460328943 -0.0039717347751481126 -0.00093252756547084761 0.030497497629941157 -0.030620844227572282 0.0078298914456175362 -0.0064533146288287008 0.0056843560781446433 0.0076806457568508821 -0.023233148539438846 0.011385002738095696 0.0010123859504266011 0.0099615300680794272 -0.0097214372821277824 0.00056979526631766931 -0.0071280229302925716 -0.00050367563793857011 -0.0059062428841516797 0.0097777704646131655 -0.0025391045070025475 -0.011066943170861416 0.0076300484903536183 -0.032184090756851698 -0.0034565787470240035
leaf_weight=196 161 895 26 35 20 269 41 135 94 22 35 126 67 203 632 79 182 370 217 333 199 46 209 66 132 1305 297 134 22 387
leaf_count=196 161 895 26 35 20 269 41 135 94 22 35 126 67 203 632 79 182 370 217 333 199 46 209 66 132 1305 297 134 22 387
internal_value=-0.000179193 0.00132461 -0.00298246 -0.00362536 -0.0118578 -0.00286436 -0.00257941 -0.00837478 0.000922889 -0.00162651 0.000375768 -0.00198975 0.00192018 0.00823474 0.0063186 -0.00976233 0.000639712 -0.000325071 0.00208344 -0.00326083 0.00575239 -0.0175289 -0.00617446 -0.0154409 0.00250922 -0.00382214 -0.00875376 -8.49759e-05 -0.00202797 -0.000674623
internal_weight=6935 4514 2421 2260 190 2070 2044 170 4318 1214 975 750 3104 225 699 239 2405 2024 1112 912 381 81 542 145 401 1643 338 669 535 513
internal_count=6935 4514 2421 2260 190 2070 2044 170 4318 1214 975 750 3104 225 699 239 2405 2024 1112 912 381 81 542 145 401 1643 338 669 535 513
is_linear=0
shrinkage=0.05


Tree=99
num_leaves=31
num_cat=0
split_feature=104 104 107 107 75 104 44 47 1 73 22 30 7 100 1 52 42 57 28 37 1 27 71 38 57 106 71 23 63 29
split_gain=11.3342 7.29959 9.67733 6.18543 5.76438 9.01997 6.01537 5.00205 4.83024 4.49405 4.37457 7.14954 5.36855 5.3293 4.11856 4.94689 6.41468 4.37911 7.14302 5.24238 9.41143 8.50218 5.27086 5.20662 8.30347 5.06769 5.01989 7.90977 7.7278 7.43486
threshold=5.1003823280334482 9.3144135475158709 0.22225821763277057 0.13944561779499057 -1.3963412642478941 2.368236899375916 -0.15680667012929914 2.9946260452270512 9.6599545478820819 0.71536228060722362 9.8045806884765643 0.075895402580499663 0.64927330613136303 0.76586687564849865 9.6677341461181658 0.95289137959480297 -0.1905151158571243 1.7454636096954348 1.6303009986877444 0.16978947818279269 10.045684337615969 0.64817991852760326 -0.45946164429187769 0.23404911905527118 1.1072270870208742 1.8425072431564333 -0.0017631966620683668 0.89976155757904064 0.12233375012874605 0.65855073928833019
decision_type=2 2 2 2 2 2 2 2 2 2 2 2 2 2 2 2 2 2 2 2 2 2 2 2 2 2 2 2 2 2
left_child=4 14 3 -3 6 -6 -1 8 -7 -4 -10 13 -13 -12 15 16 -2 18 19 20 21 26 -23 24 -21 -20 -16 28 29 -28
right_child=1 2 9 -5 5 7 -8 -9 10 -11 11 12 -14 -15 17 -17 -18 -19 25 23 -22 22 -24 -25 -26 -27 27 -29 -30 -31
leaf_value=0.00566117173822766 -0.0076275625417818243 -0.013493720714503261 -0.016651485061694709 -0.043075599223375324 0.027109613740101981 -0.0082311621154275757 -0.030753223871579395 -0.016719046755340593 0.0095766841237294818 -0.00074746766527507291 -0.0015822966021824391 -0.0062558634885023405 0.0075194438156792123 -0.024814303126186134 -0.001485138405497205 -0.0019460653536793775 -0.037239701241254808 0.0054062478241195646 -0.030409533708977206 -0.013346102381954428 -0.013010760568992294 0.031781298263619348 0.0074561374568340461 -5.3555664391923393e-05 -0.0010293690894061242 -0.0062536734662861533 -0.0021310538004565226 -0.0010593470488628092 0.020378781594524178 0.011596697294696938
leaf_weight=21 71 66 52 24 42 72 23 28 369 275 210 80 568 27 1129 236 24 336 23 233 108 23 337 931 330 241 197 496 98 196
leaf_count=21 71 66 52 24 42 72 23 28 369 275 210 80 568 27 1129 236 24 336 23 233 108 23 337 931 330 241 197 496 98 196
internal_value=5.05349e-05 -0.000996126 -0.00734402 -0.0217689 0.00399237 0.00455729 -0.013634 0.00383824 0.00428461 -0.0033196 0.0050092 0.00309613 0.00581177 -0.00432212 -0.000466303 -0.00584757 -0.0154185 -8.43737e-05 -0.000510405 6.50354e-06 0.0013695 0.00200175 0.00909398 -0.00235025 -0.00614133 -0.00846497 0.000791402 0.00339434 0.00788638 0.00472741
internal_weight=6866 5426 417 90 1440 1396 44 1354 1326 327 1254 885 648 237 5009 331 95 4678 4342 4078 2584 2476 360 1494 563 264 2116 987 491 393
internal_count=6866 5426 417 90 1440 1396 44 1354 1326 327 1254 885 648 237 5009 331 95 4678 4342 4078 2584 2476 360 1494 563 264 2116 987 491 393
is_linear=0
shrinkage=0.05


Tree=100
num_leaves=31
num_cat=0
split_feature=104 21 56 45 11 104 107 85 50 101 74 7 2 104 99 75 61 48 20 6 23 64 38 37 22 32 33 71 58 66
split_gain=9.54478 8.41159 7.73917 6.59847 6.27124 6.09664 4.37872 5.46737 11.7113 4.54249 6.67314 4.35688 8.03726 6.19957 5.24677 5.35272 5.31129 4.60592 8.2299 7.73284 6.03495 5.61572 6.12891 5.08909 4.92794 4.6887 4.65975 4.56522 4.60145 4.8494
threshold=10.477942943573 0.27459309995174414 0.80459159612655651 2.8352714776992802 0.069499477744102492 7.134049892425538 0.18958585709333423 1.4989702105522158 0.56116595864295971 -1.1294246315956114 2.2046549320220952 1.0317919254302981 1.6752892732620241 2.368236899375916 -2.3514788150787349 0.62553536891937267 0.12054251134395601 0.69848838448524486 0.06967803463339807 0.84238922595977794 0.79884126782417308 0.13153108954429629 0.14264833182096484 0.051284411922097213 10.061662673950197 0.12593918293714526 0.066535878926515593 -1.6180221438407896 0.83106550574302684 0.20004480332136157
decision_type=2 2 2 2 2 2 2 2 2 2 2 2 2 2 2 2 2 2 2 2 2 2 2 2 2 2 2 2 2 2
left_child=1 4 -2 5 -1 11 -7 9 -9 -8 -11 12 14 -13 -3 27 -17 19 24 20 25 26 23 -23 -19 -15 -20 -16 29 -29
right_child=2 3 -4 -5 -6 6 7 8 -10 10 -12 13 -14 17 15 16 -18 18 21 -21 -22 22 -24 -25 -26 -27 -28 28 -30 -31
leaf_value=0.0058280779504598793 -0.007230772033462448 -0.021984045126440904 -0.039307773680914017 0.026193346145252389 0.02735202020655076 -0.0036188915210989582 -0.0067980498923996911 -0.040465680403973574 -0.0021344110083811978 0.0080414069184791097 -0.0049084309883547228 0.027506099097430708 -0.023317765974819563 0.0014571247845789677 -0.013579914113506675 -0.01868980434200351 -0.0024195971892267054 0.0099887445436692597 0.0042005625898919761 -0.024499354164370084 -0.0071388240552247842 0.0017028612494912176 0.0016195626476107939 -0.021272806845733835 -0.014261585973541846 0.016448572735923032 0.035073622333861534 0.0028143055466480151 -0.0017532928683175804 0.013088061944236635
leaf_weight=179 189 26 20 23 41 1569 96 21 213 415 130 24 37 401 46 56 422 507 30 32 191 41 645 57 21 59 20 777 469 134
leaf_count=179 189 26 20 23 41 1569 96 21 213 415 130 24 37 401 46 56 422 507 30 32 191 41 645 57 21 59 20 777 469 134
internal_value=2.31277e-05 0.000352941 -0.0104729 2.48905e-05 0.00994497 -7.26356e-05 -0.00203921 0.000794293 -0.00573195 0.00318195 0.00494912 0.00113065 -0.000545904 0.00275625 -9.74952e-05 0.000212759 -0.00436077 0.00244627 0.00416885 -0.000886629 0.000309853 0.000945464 -0.000156002 -0.0117404 0.00899911 0.00341145 0.0169954 0.0017478 0.00226819 0.00433818
internal_weight=6891 6682 209 6462 220 6439 2444 875 234 641 545 3995 1967 2028 1930 1904 478 2004 1321 683 651 793 743 98 528 460 50 1426 1380 911
internal_count=6891 6682 209 6462 220 6439 2444 875 234 641 545 3995 1967 2028 1930 1904 478 2004 1321 683 651 793 743 98 528 460 50 1426 1380 911
is_linear=0
shrinkage=0.05


Tree=101
num_leaves=31
num_cat=0
split_feature=104 49 45 91 1 104 107 107 73 74 77 67 70 62 41 104 104 60 64 51 71 12 46 109 68 20 42 35 47 22
split_gain=7.61612 5.79791 8.22785 5.72834 5.44422 4.56522 5.69265 5.1971 4.87157 4.71916 4.46477 4.21741 8.65932 5.60768 7.98194 5.01791 4.71119 4.46827 4.077 5.85293 4.02979 4.02669 6.77098 3.98823 7.83908 5.13983 3.81561 4.69462 4.13276 4.20521
threshold=7.3309314250946054 2.2558574676513676 2.2575093507766728 -3.895702481269836 9.6599545478820819 9.5407228469848651 0.13775104284286502 0.22311574220657351 0.76162013411521923 2.2135940790176396 1.6701832413673403 0.26853571832180029 0.23522188514471057 0.10969981178641321 0.11022037267684938 3.6746019124984746 4.6667289733886728 0.090776138007640853 0.18647414445877078 9.9702777862548846 0.39443807303905493 0.030176275409758094 -1.6915846467018125 25.500000000000004 0.038001786917448051 0.058901961892843253 -1.9323667883872984 0.11164896562695505 2.1052118539810185 9.9381928443908709
decision_type=2 2 2 2 2 2 2 2 2 2 2 2 2 2 2 2 2 2 2 2 2 2 2 2 2 2 2 2 2 2
left_child=1 2 3 -1 10 6 -6 -7 -9 21 -2 15 -13 -14 16 -5 -15 -16 19 26 -20 22 -8 25 -25 -23 27 -17 -28 -30
right_child=4 -3 -4 11 5 7 9 8 -10 -11 -12 12 13 14 17 18 -18 -19 20 -21 -22 23 -24 24 -26 -27 28 -29 29 -31
leaf_value=0.024950311736203733 -0.03358308495510192 0.01250085430114891 -0.028900782330690516 0.010289425039269053 -0.0031316416914684794 -0.028304104148237794 0.0094025483930154762 -0.01953193646646105 -0.0023684001043785272 -0.0055150753971032205 -0.0080676407204874068 -0.013655091958379956 0.0087272970118927057 -0.036440681149675087 -0.016457794460002336 0.0035270216693331345 -0.0089500193598535688 0.00064492248744517345 0.011232505737925093 -0.020636696944711732 0.0018063996377538636 0.013543685925169397 -0.020659121937517608 -0.025558881917795925 0.0029135584324251587 0.0026990511176483508 -0.00071963158932208363 0.024952338464316673 0.030411150146807942 0.0035788108582055431
leaf_weight=24 20 110 22 170 1213 26 33 49 241 168 100 130 155 21 39 498 57 843 193 31 274 205 41 26 230 234 1681 26 20 49
leaf_count=24 20 110 22 170 1213 26 33 49 241 168 100 130 155 21 39 498 57 843 193 31 274 205 41 26 230 234 1681 26 20 49
internal_value=-5.89262e-05 0.00122015 0.00092412 0.00108676 -0.00220668 -0.00169785 -0.00087152 -0.00729956 -0.0053256 0.00205456 -0.0125626 0.00094405 -0.0014945 -6.57123e-05 -0.00149302 0.00197616 -0.0167189 -0.000129102 0.0014628 0.000598646 0.00571766 0.00371328 -0.00730662 0.00489543 -6.63728e-05 0.00778245 0.000897078 0.00463561 -0.000224355 0.0116796
internal_weight=6929 4343 4233 4211 2586 2466 2150 316 290 937 120 4187 1245 1115 960 2942 78 882 2772 2305 467 769 74 695 256 439 2274 524 1750 69
internal_count=6929 4343 4233 4211 2586 2466 2150 316 290 937 120 4187 1245 1115 960 2942 78 882 2772 2305 467 769 74 695 256 439 2274 524 1750 69
is_linear=0
shrinkage=0.05


Tree=102
num_leaves=31
num_cat=0
split_feature=4 9 12 12 5 13 44 1 12 14 45 106 23 34 7 49 14 28 62 33 104 44 29 0 66 33 71 49 2 46
split_gain=8.17352 13.687 12.7192 9.30519 9.85035 9.17213 8.86782 8.57351 9.8846 8.4715 7.53801 7.15927 8.43378 7.10129 9.27702 8.70585 7.33496 7.02501 6.90843 6.42434 6.06336 5.91752 4.78096 4.70417 4.52334 4.37747 9.80592 5.02045 4.36627 4.26294
threshold=0.69875299930572521 0.082571029663085951 0.037862451747059829 0.31677079200744634 0.74427059292793285 0.15395927429199222 -0.59412324428558339 9.949038505554201 0.064554732292890563 0.053265985101461417 -0.64180126786231984 3.710180521011353 0.88090866804122936 0.13769172132015231 1.0523535013198855 1.8682665228843691 0.20655672997236255 1.1530874967575075 0.11685163900256158 0.08668395504355432 8.6802754402160662 0.067232538014650359 0.56321156024932872 0.35685509443283087 0.17874278873205188 0.1460840776562691 0.7434489130973817 1.7685747146606448 2.5013188123703007 -2.8030976057052608
decision_type=2 2 2 2 2 2 2 2 2 2 2 2 2 2 2 2 2 2 2 2 2 2 2 2 2 2 2 2 2 2
left_child=3 2 -2 4 6 21 17 9 -9 18 -11 12 22 16 -15 -16 28 -1 -8 -14 -4 -6 -12 -13 -7 26 27 -23 -3 -25
right_child=1 13 20 -5 5 24 7 8 -10 10 11 23 19 14 15 -17 -18 -19 -20 -21 -22 25 -24 29 -26 -27 -28 -29 -30 -31
leaf_value=0.012320638288439481 0.021367880431088535 0.0025811526772484246 -0.014923306850039147 -0.023113331109416324 -0.006808141141513048 -0.016042989889498462 -0.0024466806755169199 -0.013452859123618838 0.0057505116982840944 -0.014025433335525842 0.002455702450699827 0.0034475391379426784 -0.0066472925328673951 -0.014351832848267571 -0.0061036041736401425 0.0066822474042195464 0.017623026061698167 -0.0049304929537174764 -0.014664536888643928 0.0076139458590498109 -0.039304299045714641 0.009963819896229905 0.014407759986102714 -0.01473436031910751 -0.00025905193830022094 0.016375029102806003 -0.004626414161363706 -0.0039237151724389862 -0.0087459989009623981 -0.0013568561701279749
leaf_weight=227 21 488 164 39 76 54 628 256 90 76 120 583 171 185 369 207 70 79 141 145 30 721 279 63 260 124 166 71 102 862
leaf_count=227 21 488 164 39 76 54 628 256 90 76 120 583 171 185 369 207 70 79 141 145 30 721 279 63 260 124 166 71 102 862
internal_value=-5.39846e-05 -0.00313743 -0.0148643 0.000910781 0.00109566 0.0045563 -0.000274575 -0.00100626 -0.00845559 -0.00016366 0.00135611 0.00188804 0.00600505 -0.00135393 -0.00464287 -0.00150507 0.00243961 0.00786536 -0.00470302 -9.99944e-05 -0.0188758 0.00661036 0.0108283 -6.66687e-05 -0.0030158 0.0075583 0.00640121 0.00871547 0.000611414 -0.0022829
internal_weight=6867 1636 215 5231 5192 1472 3720 3414 346 3068 2299 2223 715 1421 761 576 660 306 769 316 194 1158 399 1508 314 1082 958 792 590 925
internal_count=6867 1636 215 5231 5192 1472 3720 3414 346 3068 2299 2223 715 1421 761 576 660 306 769 316 194 1158 399 1508 314 1082 958 792 590 925
is_linear=0
shrinkage=0.05


Tree=103
num_leaves=31
num_cat=0
split_feature=104 50 104 2 49 104 56 44 107 55 109 6 30 70 68 45 61 34 109 68 34 75 0 61 0 51 73 7 105 0
split_gain=7.50608 5.80384 5.1055 4.31992 4.78127 4.44509 4.53973 4.3668 4.02227 3.89875 3.77505 3.51613 5.47259 4.82368 3.62471 3.49673 3.43796 3.30563 6.17234 7.34999 5.37972 4.21189 3.65493 3.5597 3.98539 3.65518 3.30544 3.15366 3.11012 2.93888
threshold=7.134049892425538 0.26748141646385198 3.405683279037476 0.18765128403902057 -1.1442648768424986 10.360843658447267 0.79891586303710949 0.48115611076354986 0.13775104284286502 0.43861196935176855 48.500000000000007 0.25599275529384619 0.04138640686869622 0.18945944309234622 0.12268852815032007 1.1345028281211855 0.43333500623703008 0.13769172132015231 25.500000000000004 0.042784908786416061 0.052694322541356094 0.62610915303230297 0.34803535044193273 0.12445661053061487 0.41972477734088903 9.9013824462890643 3.0663601160049443 0.94643306732177745 0.31855691969394689 0.61881577968597423
decision_type=2 2 2 2 2 2 2 2 2 2 2 2 2 2 2 2 2 2 2 2 2 2 2 2 2 2 2 2 2 2
left_child=1 -1 10 -2 -5 8 7 -7 15 -4 16 12 -11 14 -14 26 -3 18 21 20 -20 22 -10 24 -19 -25 -6 -12 -13 -30
right_child=3 2 9 4 5 6 -8 -9 17 11 27 28 13 -15 -16 -17 -18 23 19 -21 -22 -23 -24 25 -26 -27 -28 -29 29 -31
leaf_value=-0.019472941273654051 -0.021155575766019397 0.0096974971199863414 0.019770845714291291 0.011544886235655709 -0.0043250226004506653 -0.017152849697595229 -0.028773849733173845 -0.0015715171538104662 -0.0063122609222773466 0.0059508991277722927 -0.017803328360120454 0.020182308684224669 -0.0059747185188713543 -0.00091638749561190683 -0.020527522827861674 3.6201347262622455e-06 0.030444178978602094 -0.0021033080001534137 -0.0025098250296485443 0.00072739290666908756 -0.036965809881687163 -0.0010441730587899655 0.011641751827276399 0.014140006716230086 -0.030763586837312451 -0.0031258958186520351 -0.017456262939445237 0.0096284316852688796 0.0028599896444315427 -0.00047547453150300901
leaf_weight=32 28 133 27 65 837 63 24 152 31 181 20 22 161 465 58 545 23 26 21 215 24 127 272 34 22 246 50 20 1931 1003
leaf_count=32 28 133 27 65 837 63 24 152 31 181 20 22 161 465 58 545 23 26 21 215 24 127 272 34 22 246 50 20 1931 1003
internal_value=4.60303e-05 0.0014125 0.00158253 -0.00195581 -0.001753 -0.00207861 -0.00857321 -0.00619548 -0.00144182 0.00118028 0.00943377 0.00104378 -0.00175866 -0.00380447 -0.00990467 -0.0031491 0.0129307 0.00096051 0.00292374 -0.00315036 -0.0212905 0.00659525 0.00979015 -0.0031658 -0.015599 -0.000986463 -0.00508405 -0.00418714 0.00186416 0.00171997
internal_weight=6858 4076 4044 2782 2754 2689 239 215 2450 3848 196 3821 865 684 219 1432 156 1018 690 260 45 430 303 328 48 280 887 40 2956 2934
internal_count=6858 4076 4044 2782 2754 2689 239 215 2450 3848 196 3821 865 684 219 1432 156 1018 690 260 45 430 303 328 48 280 887 40 2956 2934
is_linear=0
shrinkage=0.05


Tree=104
num_leaves=31
num_cat=0
split_feature=104 107 1 104 74 1 107 44 7 49 22 108 13 73 45 35 16 30 22 57 27 56 47 57 73 0 74 11 106 42
split_gain=8.84698 7.11077 6.587 6.73799 6.51944 6.54059 6.03689 4.28332 6.01795 5.71919 5.17021 5.02101 4.54872 4.23783 4.02981 5.06867 4.11241 4.49431 3.44307 4.06771 7.55901 3.84425 5.25617 8.55178 6.37397 6.18653 5.18863 4.93445 4.88024 6.17352
threshold=9.3144135475158709 0.22225821763277057 9.6677341461181658 5.1003823280334482 2.0157992839813237 9.5976166725158709 0.13944561779499057 -0.56477534770965565 0.64927330613136303 2.2558574676513676 9.8203582763671893 0.40000000596046453 0.24489475041627887 0.71536228060722362 0.76304090023040783 0.076432138681411757 0.022525087930262092 0.070364721119403853 9.7750167846679705 1.7454636096954348 1.1090529561042788 0.83023986220359813 1.1329948902130129 1.4141841530799868 1.9386150836944582 0.66775333881378185 2.2650365829467778 0.050534714013338096 3.710180521011353 -2.0669445991516109
decision_type=2 2 2 2 2 2 2 2 2 2 2 2 2 2 2 2 2 2 2 2 2 2 2 2 2 2 2 2 2 2
left_child=2 6 4 7 5 -1 -2 -4 10 12 11 -9 14 -3 15 -10 17 -16 -5 20 21 22 25 24 -24 26 27 -20 29 -29
right_child=1 13 3 18 -6 -7 -8 8 9 -11 -12 -13 -14 -15 16 -17 -18 -19 19 -21 -22 -23 23 -25 -26 -27 -28 28 -30 -31
leaf_value=-0.034856018767907074 -0.011200966914475431 -0.015661862140987068 0.016139782434495698 0.0042722305480130474 0.0016092176850698364 -0.008103552771495038 -0.040971592967010417 0.0072098946738241689 -0.0065848714482438361 0.02752869689304914 -0.010346772443646422 -0.01612557633779943 -0.0085382408552592808 -0.001067727212412696 -0.023087358656178777 0.01412507410940373 0.0047765737553536851 0.0031288202337332463 -0.0039885135782647234 0.0049223076993431952 -0.030013307641175664 -0.004983946692253988 0.0055766894219669745 0.012484999897727297 -0.0033322043771767231 -0.0076268055097724191 -0.01837147506974781 0.019535288637104846 -0.00032337175481558501 0.0033586571000954503
leaf_weight=25 63 59 69 448 176 200 23 130 34 27 129 27 61 292 28 201 636 37 556 338 21 446 369 191 438 333 38 69 1069 379
leaf_count=25 63 59 69 448 176 200 23 130 34 27 129 27 61 292 28 201 636 37 556 338 21 446 369 191 438 333 38 69 1069 379
internal_value=0.000135935 -0.00674141 0.000601059 0.00101114 -0.00559761 -0.0112171 -0.0195423 0.00408257 0.00343567 0.00522563 -0.00296899 0.00312013 0.00459465 -0.0035584 0.00545873 0.0111135 0.00354991 -0.008343 0.000108336 -0.0003318 -0.000787251 -0.000621717 -5.51941e-05 0.00300066 0.000743239 -0.00130376 -0.00030319 3.67165e-05 0.00151367 0.00588811
internal_weight=6912 437 6475 6074 401 225 86 1379 1310 1024 286 157 997 351 936 235 701 65 4695 4247 3909 3888 3442 998 807 2444 2111 2073 1517 448
internal_count=6912 437 6475 6074 401 225 86 1379 1310 1024 286 157 997 351 936 235 701 65 4695 4247 3909 3888 3442 998 807 2444 2111 2073 1517 448
is_linear=0
shrinkage=0.05


Tree=105
num_leaves=31
num_cat=0
split_feature=44 52 74 37 48 6 22 107 51 64 64 12 67 62 66 21 36 11 0 70 68 64 20 6 62 63 43 64 64 7
split_gain=6.23867 7.74356 6.0934 6.29787 9.00194 11.5296 11.2163 11.5835 8.38435 6.98822 6.3568 5.93438 7.77937 9.88304 7.97585 10.1542 6.4411 5.6864 5.68379 5.33989 7.79614 5.24743 5.04667 4.68698 4.50774 5.88985 4.88095 4.20616 4.57901 5.37747
threshold=-0.59412324428558339 0.43947270512580877 3.0402606725692753 0.26830369234085089 1.0632203221321108 0.84238922595977794 10.07378673553467 0.041097834706306464 9.9741668701171893 0.19549011439085009 0.19863472878932956 0.12512812018394473 0.25723652541637426 0.15723629295825961 0.1964758783578873 0.98794299364089977 0.11753221601247789 0.069499477744102492 1.746883809566498 0.056705638766288764 0.039252799004316337 0.099719330668449416 0.11169059202075006 0.25599275529384619 0.09029772132635118 0.11165080592036249 2.1214917898178105 0.21824647486209872 0.24809046834707263 1.8966757059097292
decision_type=2 2 2 2 2 2 2 2 2 2 2 2 2 2 2 2 2 2 2 2 2 2 2 2 2 2 2 2 2 2
left_child=17 -2 3 4 5 8 7 22 11 -5 -11 12 14 16 19 -16 -14 -1 23 21 -21 -3 -6 -9 26 -26 -25 -12 -29 -30
right_child=1 2 -4 9 6 -7 -8 18 -10 10 27 -13 13 -15 15 -17 -18 -19 -20 20 -22 -23 -24 24 25 -27 -28 28 29 -31
leaf_value=0.0037655842585161657 -0.019285842597795033 0.0014086697934422871 0.014191767464894334 -0.0093069647399498905 0.0016684557185164357 -0.026020549389191884 -0.01664167997304402 -0.0005149444739393469 -0.015906796462165761 0.017786225855594414 -0.0099210053871502182 0.010127488930236489 -0.04070507946113746 -0.00017439748815962247 0.018715952687502445 -0.012248859498649838 -0.012558869578978735 0.021834215647182787 -0.011516070383232694 -0.014756405860509561 -0.0012425055464753373 0.014897386700134067 -0.0064741873937655767 0.010202222990628798 -0.003648745277877747 0.0081957968021977162 0.026698456399963572 0.0037530165138940949 -0.0074323089023633744 0.0049283121307914859
leaf_weight=272 53 477 71 372 549 46 71 178 91 41 144 123 23 198 110 34 148 51 42 114 1487 84 290 199 123 695 58 335 316 121
leaf_count=272 53 477 71 372 549 46 71 178 91 41 144 123 23 198 110 34 148 51 42 114 1487 84 290 199 123 695 58 335 316 121
internal_value=-9.66308e-05 -0.000429448 -0.000273711 -0.000434645 0.000358811 -0.00145468 0.00277225 0.00342566 -0.00105466 -0.00350135 -0.00123726 -0.00056611 -0.00106142 -0.00779162 1.84429e-05 0.0113708 -0.0165593 0.00667711 0.00638898 -0.000742586 -0.00221338 0.00345128 -0.0011504 0.00699785 0.00824116 0.00641249 0.0140142 -0.00210722 -0.000638777 -0.00400636
internal_weight=6916 6593 6540 6469 5140 2935 2205 2134 2889 1329 957 2798 2675 369 2306 144 171 323 1295 2162 1601 561 839 1253 1075 818 257 916 772 437
internal_count=6916 6593 6540 6469 5140 2935 2205 2134 2889 1329 957 2798 2675 369 2306 144 171 323 1295 2162 1601 561 839 1253 1075 818 257 916 772 437
is_linear=0
shrinkage=0.05


Tree=106
num_leaves=31
num_cat=0
split_feature=104 109 4 10 12 12 8 2 13 74 64 59 51 67 17 74 40 1 6 58 56 34 7 49 6 14 50 28 26 44
split_gain=5.714 7.60376 4.91249 10.0192 7.42082 7.27335 6.6693 5.00167 7.45011 5.73022 5.63392 9.04268 8.19929 6.06964 7.51962 5.98169 5.88354 5.46856 6.2117 6.02311 4.93521 4.34394 6.53533 6.41078 5.89496 4.5061 4.19491 4.60151 4.7569 4.16612
threshold=2.9267104864120488 51.500000000000007 0.69733658432960521 0.083568699657917037 0.31677079200744634 0.042845677584409721 1.6416649222373965 0.76393780112266552 0.06676070019602777 2.2135940790176396 0.16099194437265399 0.059867721050977714 9.8372149467468279 0.25631932914257055 0.032832454890012748 1.7412678599357607 0.38326196372509008 9.9402174949646014 0.50268089771270763 1.1239201426506045 0.53690114617347728 0.13769172132015231 1.0523535013198855 1.8682665228843691 0.92830190062522899 0.20655672997236255 0.26443053781986242 1.2618556022644045 0.64583462476730358 0.52903455495834362
decision_type=2 2 2 2 2 2 2 2 2 2 2 2 2 2 2 2 2 2 2 2 2 2 2 2 2 2 2 2 2 2
left_child=1 -1 4 5 6 -4 7 9 -9 10 12 -12 26 15 -15 -13 -16 19 -19 20 -10 24 -23 -24 25 -5 -2 -28 -29 -11
right_child=2 -3 3 21 -6 -7 -8 8 17 29 11 13 -14 14 16 -17 -18 18 -20 -21 -22 22 23 -25 -26 -27 27 28 -30 -31
leaf_value=0.013895152642105061 -0.014433521231725574 -0.018606063232956722 0.0052501287452096854 0.0024596182397594521 -0.022284600224035483 -0.017992080126157505 0.027966819110919128 0.0064365610371480281 -0.00086150722850979579 -0.017747131380196096 -0.020997678772665753 0.013895145582633739 -0.0072115744046465429 -0.014459781064341466 0.0064600965225501371 0.0028505416261777948 -0.0031379266728500097 0.010981587276401115 -0.0049161052326671777 0.012988986289128663 -0.01225411345677339 -0.012004413853404436 -0.0051045261750106595 0.0057731749444646305 -0.0069933063818206579 0.016670478905143681 0.0022392736439524083 0.0059056043619129034 -0.0081422604803675757 -0.0039704979830617387
leaf_weight=129 46 20 42 439 35 161 21 724 197 65 38 218 485 74 364 280 283 159 99 44 183 186 384 208 150 63 1128 80 236 332
leaf_count=129 46 20 42 439 35 161 21 724 197 65 38 218 485 74 364 280 283 159 99 44 183 186 384 208 150 63 1128 80 236 332
internal_value=-0.00021414 0.00943762 -0.000429389 -0.00281474 0.000336144 -0.0131812 0.000497111 0.00037701 0.00290769 -0.000603994 9.30985e-05 0.00270859 -0.00157208 0.0034642 0.000529474 0.00770349 0.00226352 -0.000842441 0.00488588 -0.00433137 -0.00636571 -0.00133496 -0.00385555 -0.00127934 0.00167405 0.00427265 0.000267205 0.000745175 -0.00457843 -0.00626504
internal_weight=6873 149 6724 1633 5091 203 5056 5035 1406 3629 3232 1257 1975 1219 721 498 647 682 258 424 380 1430 778 592 652 502 1490 1444 316 397
internal_count=6873 149 6724 1633 5091 203 5056 5035 1406 3629 3232 1257 1975 1219 721 498 647 682 258 424 380 1430 778 592 652 502 1490 1444 316 397
is_linear=0
shrinkage=0.05


Tree=107
num_leaves=31
num_cat=0
split_feature=1 55 22 75 45 7 60 69 106 17 15 69 43 43 37 72 1 56 63 28 70 9 23 43 20 107 7 45 49 24
split_gain=5.26273 6.61997 6.04191 9.49347 6.86843 5.64028 5.42145 10.4936 8.7521 7.18834 6.44735 8.64619 9.91616 9.21957 6.55399 6.38916 6.20823 5.15961 5.68337 5.22244 5.03826 4.98027 4.73501 4.22749 4.11701 4.04823 5.04516 3.94726 3.90711 3.87339
threshold=9.6677341461181658 0.97906601428985607 9.7750167846679705 -1.3963412642478941 -1.0517581701278684 0.38235296308994299 0.18316592276096347 0.29470849037170416 5.5564913749694833 0.43750178813934332 0.049405910074710853 0.24451550096273425 -0.30040307343006128 2.166194081306458 0.16978947818279269 0.52168208360672008 9.7194690704345721 0.72504046559333812 0.085364308208227171 1.476015090942383 0.29496350884437567 0.3036924302577973 0.78880581259727489 0.28887724876403814 0.03190042823553086 0.061461314558982856 1.5096229314804079 2.4463148117065434 2.0183465480804448 0.49959672987461096
decision_type=2 2 2 2 2 2 2 2 2 2 2 2 2 2 2 2 2 2 2 2 2 2 2 2 2 2 2 2 2 2
left_child=1 23 24 -4 -5 -6 7 10 -9 16 11 13 -13 17 21 -16 -8 19 -19 25 -10 -12 -14 -1 -2 -7 -27 -11 -18 -17
right_child=2 -3 3 4 5 6 9 8 20 27 14 12 22 -15 15 29 28 18 -20 -21 -22 -23 -24 -25 -26 26 -28 -29 -30 -31
leaf_value=-0.0055905567249283196 0.010521201887591074 -0.0011927752946718129 -0.012494541941576884 0.02478825198153832 -0.009670215475725363 -0.00041653782855779028 -0.013691211327806943 -0.014785564885625262 0.0027875595599868679 -0.0070388477441156285 -0.00072506997713510737 -0.011898483162878034 0.019358493507053088 0.019098307357560244 0.010622399631473753 -0.022042430142083996 0.0043943802802010939 -6.6458723511100877e-05 -0.012129958497906407 -0.0074191280032641126 -0.012861716673277053 0.017263427082937034 0.0070831580250116698 -0.02346577111097491 0.0019558899957471021 0.0060127188730486891 -0.014418472826946527 0.0063136416623213636 0.015204769332834345 -0.0074540246682970428
leaf_weight=66 215 281 153 27 147 890 44 226 193 240 458 58 102 61 44 51 1061 212 180 174 69 41 342 67 402 560 31 71 90 390
leaf_count=66 215 281 153 27 147 890 44 226 193 240 458 58 102 61 44 51 1061 212 180 174 69 41 342 67 402 560 31 71 90 390
internal_value=-9.82732e-05 -0.00555808 0.000248569 -0.000242885 8.45487e-05 -3.60559e-05 0.000219069 -0.000726967 -0.00759889 0.00278207 0.00020797 0.00150828 0.00739848 0.00010274 -0.00323905 -0.00737186 0.00454378 -0.000472371 -0.00562259 0.000750158 -0.00136705 0.000784514 0.00994033 -0.0147033 0.00495276 0.00171431 0.00491849 -0.00398006 0.00525214 -0.00918717
internal_weight=6946 414 6532 5915 5762 5735 5588 4082 488 1506 3594 2610 502 2108 984 485 1195 2047 392 1655 262 499 444 133 617 1481 591 311 1151 441
internal_count=6946 414 6532 5915 5762 5735 5588 4082 488 1506 3594 2610 502 2108 984 485 1195 2047 392 1655 262 499 444 133 617 1481 591 311 1151 441
is_linear=0
shrinkage=0.05


Tree=108
num_leaves=31
num_cat=0
split_feature=104 104 21 45 38 67 78 78 56 42 29 13 1 30 75 22 42 51 47 51 30 36 78 46 21 11 0 1 61 20
split_gain=7.42638 4.84473 4.29481 4.9065 5.49437 6.62436 5.94497 4.98863 4.02508 3.95219 4.20452 4.97837 5.72933 5.72151 8.13652 7.30915 6.35652 5.67114 5.62546 5.20085 5.28243 4.75621 4.18331 4.07621 3.89083 3.84865 3.61723 3.4566 3.37447 3.40737
threshold=3.405683279037476 10.360843658447267 0.27459309995174414 -0.0024059124916675496 0.23404911905527118 0.2467770799994469 1.2687478661537173 0.79399490356445324 0.81931403279304515 2.1593204736709599 1.6750383973121645 0.085439398884773268 9.6951546669006365 0.075895402580499663 0.31560957431793218 9.8135881423950213 -0.1905151158571243 9.8958888053894061 1.1770529150962832 9.9671888351440447 0.06575432047247888 0.057904684916138656 1.849224925041199 -1.0566637516021726 0.95192763209342968 0.069499477744102492 0.6817532777786256 10.011601448059084 0.43333500623703008 0.033064519986510284
decision_type=2 2 2 2 2 2 2 2 2 2 2 2 2 2 2 2 2 2 2 2 2 2 2 2 2 2 2 2 2 2
left_child=28 2 25 4 5 6 -4 -5 -3 10 11 13 -13 15 22 16 17 -9 19 20 -14 -20 -15 -22 -16 -2 -25 -17 29 -1
right_child=1 8 3 7 -6 -7 -8 9 -10 -11 -12 12 18 14 24 27 -18 -19 21 -21 23 -23 -24 26 -26 -27 -28 -29 -30 -31
leaf_value=0.021714674337029768 0.0037812104644064184 -0.0051468358648631835 -0.0073325616702248145 0.0084030520870866134 0.0045297199872199115 -0.023193926909430462 0.0081900559781658833 0.0011619197167267402 -0.028075610597928364 -0.014170474973412193 0.0073801175614085085 -0.010749233082927721 0.0035418910156070609 0.014046125638598202 0.0026768858694046186 -0.0045385414760352833 -0.021576773139337702 0.022834309181498907 -0.015028241710601057 0.007455458768527024 -0.010918681429278529 0.002392595281294629 0.0045431210858884533 -0.00037766199101793205 -0.0048038358373878902 0.021166837363479993 -0.008835324400672178 -0.017218298971697334 0.023243808622161549 0.0031806739558763552
leaf_weight=29 177 228 373 180 135 54 73 1157 20 48 190 171 161 212 675 377 29 30 40 95 306 886 257 325 233 38 206 62 35 146
leaf_count=29 177 228 373 180 135 54 73 1157 20 48 190 171 161 212 675 377 29 30 40 95 306 886 257 325 233 38 206 62 35 146
internal_value=3.2265e-05 -0.000256947 5.64569e-06 -0.000232938 -0.00439613 -0.00681034 -0.00477923 0.000236487 -0.00710126 -3.42301e-05 9.37415e-05 -0.000172732 -0.00198875 0.00113919 0.00351918 -0.000841943 0.00115535 0.00172842 -0.00124182 -0.00366961 -0.00473501 0.00162468 0.00885947 -0.00632943 0.0007541 0.00693779 -0.00366923 -0.00636437 0.00926908 0.00635795
internal_weight=6948 6738 6490 6275 635 500 446 5640 248 5460 5412 5222 2190 3032 1377 1655 1216 1187 2019 1093 998 926 469 837 908 215 531 439 210 175
internal_count=6948 6738 6490 6275 635 500 446 5640 248 5460 5412 5222 2190 3032 1377 1655 1216 1187 2019 1093 998 926 469 837 908 215 531 439 210 175
is_linear=0
shrinkage=0.05


Tree=109
num_leaves=31
num_cat=0
split_feature=104 104 28 75 105 36 61 67 64 38 28 96 21 43 45 41 45 105 109 105 15 106 56 10 29 67 78 42 61 62
split_gain=6.51573 4.76002 4.56573 4.33878 6.23914 4.50572 4.18632 5.98049 4.63416 4.25543 4.36975 3.88792 3.16061 5.19869 3.40694 3.13899 3.11194 3.10874 2.83651 4.28738 3.4336 3.14621 9.64106 5.47978 4.02871 3.88647 2.63719 2.63073 2.62047 4.80294
threshold=8.7397260665893572 4.9441642761230478 0.55603936314582836 -1.4659516811370847 8.1092181205749529 0.42950268089771276 0.22816285490989688 0.2655689418315888 0.18647414445877078 0.22780252248048785 1.1019393205642702 2.1515359878540044 0.52676838636398327 1.9011465907096865 1.0595505237579348 0.063467957079410567 -1.1937391757965086 1.5291491746902468 23.500000000000004 0.75649109482765209 0.022084903903305534 3.2388803958892827 0.76992657780647289 0.10565602779388429 0.89112967252731334 0.062914311885833754 2.0308749675750737 -2.0669445991516109 0.24536512047052386 0.11915114894509317
decision_type=2 2 2 2 2 2 2 2 2 2 2 2 2 2 2 2 2 2 2 2 2 2 2 2 2 2 2 2 2 2
left_child=1 3 -2 -1 5 6 7 8 12 10 -9 28 17 14 15 -14 -3 -5 19 -18 -21 22 27 -24 -23 -26 -15 -22 29 -4
right_child=2 16 11 4 -6 -7 -8 9 -10 -11 -12 -13 13 26 -16 -17 18 -19 -20 20 21 24 23 -25 25 -27 -28 -29 -30 -31
leaf_value=-0.014046213944028649 -0.025114946505399766 0.016010988243566504 -0.0019187904085063035 0.021625893383190552 0.016254373479427566 -0.015355729311704636 0.0090827106705142404 -0.029064976633526387 0.014980371348145935 0.00044470774471289944 -0.0057645027125417664 -0.018038765170975871 -0.019094033261838683 0.026886790550567887 0.0026110635944716042 -0.0038431944333526314 0.018153301092929074 0.0043389235432683068 -0.0016063949334422574 0.0040605127693393679 0.010913252494925552 -0.001331459421214611 -0.010323093803405452 -0.037464101559349469 0.024109277922822081 0.0030882390525873021 0.003417889184804933 -0.0022611361908385272 0.0028578012131556408 -0.014730690832827046
leaf_weight=35 26 28 309 28 89 33 233 31 80 110 56 45 47 21 125 116 34 263 2498 537 45 1040 59 27 22 518 27 214 145 95
leaf_count=35 26 28 309 28 89 33 233 31 80 110 56 45 47 21 125 116 34 263 2498 537 45 1040 59 27 22 518 27 214 145 95
internal_value=-0.000104331 0.000376108 -0.00499134 0.00307897 0.00356582 0.00258757 0.00312138 0.00157655 0.00372327 -0.00610754 -0.0143029 -0.00406977 0.00226539 -0.00103847 -0.00358884 -0.00833029 -0.000320803 0.00607064 -0.000415558 0.000776398 0.000529152 -0.000457557 -0.00477606 -0.0191768 0.000487831 0.00398763 0.0140247 6.10205e-05 -0.00289406 -0.00496042
internal_weight=6936 6316 620 1294 1259 1170 1137 904 707 197 87 594 627 336 288 163 5022 291 4994 2496 2462 1925 345 86 1580 540 48 259 549 404
internal_count=6936 6316 620 1294 1259 1170 1137 904 707 197 87 594 627 336 288 163 5022 291 4994 2496 2462 1925 345 86 1580 540 48 259 549 404
is_linear=0
shrinkage=0.05


Tree=110
num_leaves=31
num_cat=0
split_feature=104 74 73 73 1 8 50 13 48 55 78 23 27 14 1 64 4 66 39 20 66 52 61 104 27 55 15 13 56 44
split_gain=5.19534 5.02693 4.52683 8.68849 5.93873 6.28668 4.81221 4.81013 7.85971 7.43247 7.06435 6.63922 5.61821 5.40896 7.14735 7.69528 5.17476 4.84146 5.31312 4.68661 5.14747 4.80864 5.22466 4.63245 4.34517 4.04702 4.03633 3.22787 3.18845 3.9496
threshold=10.703906059265138 3.0402606725692753 3.0517433881759648 3.3661185503005986 9.5976166725158709 0.72807201743125927 0.26443053781986242 0.10716526955366136 1.0632203221321108 0.6382562816143037 0.98593640327453624 1.1277046799659731 0.53186088800430309 0.10840854421257974 9.8377070426940936 0.11376198381185533 1.8790039420127871 0.11186153814196588 0.11815932765603067 0.034959862008690841 0.2043450549244881 0.86302533745765697 0.095984455198049559 3.8516664505004887 0.86970418691635143 1.7323012351989748 0.017832563258707527 0.15585603564977649 0.88650286197662365 1.250275790691376
decision_type=2 2 2 2 2 2 2 2 2 2 2 2 2 2 2 2 2 2 2 2 2 2 2 2 2 2 2 2 2 2
left_child=1 2 4 24 5 -1 -6 8 11 27 -11 13 -13 14 19 26 17 -12 -19 -8 21 22 -21 -10 -4 -5 -16 -9 29 -25
right_child=-2 -3 3 25 6 -7 7 9 23 10 16 12 -14 -15 15 -17 -18 18 -20 20 -22 -23 -24 28 -26 -27 -28 -29 -30 -31
leaf_value=-0.029747173280426954 -0.014488502782619289 0.013192576107232729 -0.0087390926273911377 0.0077931424234958212 -0.015285812686003434 0.005538329813307861 0.0060121975320077542 0.013159053236381195 0.014626495309672669 -0.010516633760652597 -0.013611099459003748 0.009007594862021507 -0.018058918989371769 0.0099920160862932393 0.016154166745642819 -0.0094354594066754054 0.015791643779930597 0.0046197419328270657 -0.0028010600662968458 -0.001384293895929468 0.010538544120840324 0.0027363238944252558 -0.012487231726866284 0.01125754592495094 -0.028804651763470426 -0.0028915336714160161 -0.00090474301969936839 0.001880560143326875 -0.0010372956129435478 0.0035093365558037308
leaf_weight=32 61 71 227 130 47 20 459 105 105 241 81 24 85 140 38 357 42 312 1051 437 105 468 139 203 30 273 312 159 275 859
leaf_count=32 61 71 227 130 47 20 459 105 105 241 81 24 85 140 38 357 42 312 1051 437 105 468 139 203 30 273 312 159 275 859
internal_value=-8.00256e-05 5.08188e-05 -8.92222e-05 -0.00401942 0.000336881 -0.0163274 0.00048293 0.000609042 0.00160722 -0.00139914 -0.00259423 -5.40234e-05 -0.0120716 0.000484246 -9.48045e-05 -0.00428117 -0.00130316 -0.00181097 -0.00110025 0.00174736 3.9903e-05 -0.00102507 -0.00408065 0.00455903 -0.0111839 0.000565895 0.000988114 0.00639905 0.00375805 0.00499959
internal_weight=6888 6827 6756 660 6096 52 6044 5997 4006 1991 1727 2564 109 2455 2315 707 1486 1444 1363 1608 1149 1044 576 1442 257 403 350 264 1337 1062
internal_count=6888 6827 6756 660 6096 52 6044 5997 4006 1991 1727 2564 109 2455 2315 707 1486 1444 1363 1608 1149 1044 576 1442 257 403 350 264 1337 1062
is_linear=0
shrinkage=0.05


Tree=111
num_leaves=31
num_cat=0
split_feature=104 104 107 56 72 89 75 23 51 8 72 45 23 56 97 76 104 82 37 76 7 18 106 52 74 56 106 27 27 67
split_gain=5.7104 3.31927 3.47935 3.03667 8.93039 4.9787 4.17222 2.88729 4.56747 2.86714 2.80332 2.85703 3.6953 2.77494 2.75021 2.8546 5.10839 3.88686 3.58305 3.41755 4.43764 5.2837 3.34779 3.16545 3.73235 2.9855 9.84115 8.44995 3.68023 5.42196
threshold=7.4866347312927255 10.477942943573 0.13603534549474719 0.4420647025108338 0.70811459422111522 0.27036163210868841 -0.18165089935064313 0.88090866804122936 9.8310027122497576 1.0464205741882326 2.2428100109100346 1.1031664013862612 0.54226401448249828 0.79891586303710949 2.1188628673553471 1.7515549063682558 2.368236899375916 -1.0721307992935178 0.46330960094928747 1.8481072783470156 1.0425413250923159 0.10677726939320566 3.2388803958892827 1.2353304624557497 2.1275373697280888 0.68579727411270153 2.4753905534744267 0.64359796047210704 0.46786582469940191 0.2921824604272843
decision_type=2 2 2 2 2 2 2 2 2 2 2 2 2 2 2 2 2 2 2 2 2 2 2 2 2 2 2 2 2 2
left_child=14 2 10 -4 5 -5 -6 -8 -9 -10 11 12 -2 -3 15 17 -17 -1 19 -18 21 -21 -20 -22 -25 27 -27 28 -19 -30
right_child=1 13 3 4 6 -7 7 8 9 -11 -12 -13 -14 -15 -16 16 18 25 22 20 23 -23 -24 24 -26 26 -28 -29 29 -31
leaf_value=-0.018934505031435178 0.0031514948110155289 -0.0060682191836722126 0.0088133898773343645 -0.0084879246922209863 0.011153510157820038 -0.037845363104272459 0.0054947402996361611 -0.01477946054597851 -0.0023419736975379139 0.0059057858987242411 -0.011234214604294669 0.00084292127066315698 -0.0063854949979659584 -0.025348208631787984 -0.0068482462731750543 0.026904135679995472 0.011862487216367974 0.0020674399285351571 -0.022990101276208527 0.00083843639581145839 0.0019648831375893645 -0.01504008134677059 -0.0015699918420674901 0.017064615905532734 0.0054120467427864116 -0.021933302277943396 -0.00032834725154695166 0.012835742629528657 -0.00053718863649238231 -0.01196962030479262
leaf_weight=25 125 182 102 49 92 20 181 59 416 140 101 390 529 20 107 21 107 1380 22 467 402 58 89 92 270 60 388 145 808 118
leaf_count=25 125 182 102 49 92 20 181 59 416 140 101 390 529 20 107 21 107 1380 22 467 402 58 89 92 270 60 388 145 808 118
internal_value=-3.57507e-06 -0.00197384 -0.00140963 0.000655938 -0.0002218 -0.0174164 0.00113236 -3.84092e-05 -0.00167314 -0.000258325 -0.00331896 -0.0025432 -0.00456065 -0.00809259 0.00103643 0.00122743 0.0029781 0.000311872 0.00262707 0.00331546 0.00259732 -0.00094102 -0.00598278 0.00502683 0.00841232 0.000484319 -0.00326427 0.00117055 0.000431801 -0.00200536
internal_weight=6965 2406 2204 1059 957 69 888 796 615 556 1145 1044 654 202 4559 4452 1528 2924 1507 1396 1289 525 111 764 362 2899 448 2451 2306 926
internal_count=6965 2406 2204 1059 957 69 888 796 615 556 1145 1044 654 202 4559 4452 1528 2924 1507 1396 1289 525 111 764 362 2899 448 2451 2306 926
is_linear=0
shrinkage=0.05


Tree=112
num_leaves=31
num_cat=0
split_feature=104 104 49 35 39 73 75 84 23 37 68 22 48 44 53 107 78 65 65 67 12 71 70 35 51 68 104 17 76 14
split_gain=4.94704 3.7171 3.39393 3.85995 3.29156 4.49214 3.04482 3.27637 3.05161 2.88033 4.56525 3.47068 4.16997 10.3912 5.80003 5.29594 4.72667 4.86689 4.5379 4.15975 3.9926 3.9403 3.9308 3.31212 3.30809 3.82013 2.98035 2.97583 2.83645 2.74124
threshold=5.1822233200073251 10.703906059265138 2.2558574676513676 0.30022436380386358 0.20240110903978351 3.0054416656494145 -1.3963412642478941 -0.50603005290031422 0.38719329237937933 0.26830369234085089 0.18728141486644748 10.07378673553467 0.69848838448524486 0.42348438501358038 0.45089185237884527 0.042216591536998756 1.8517287373542788 0.13718871027231219 0.061553880572319038 0.25631932914257055 0.076548621058464064 1.8826545476913454 0.29912912845611578 0.092270176857709899 9.7883243560791033 0.038001786917448051 7.9697015285491952 0.12264725565910341 0.91923540830612194 0.095970392227172865
decision_type=2 2 2 2 2 2 2 2 2 2 2 2 2 2 2 2 2 2 2 2 2 2 2 2 2 2 2 2 2 2
left_child=2 9 3 4 5 6 7 -1 -8 11 28 12 13 20 26 27 19 18 -18 22 24 -19 -17 -16 25 -2 -15 -14 -11 -7
right_child=1 -3 -4 -5 -6 29 8 -9 -10 10 -12 -13 15 14 23 16 17 21 -20 -21 -22 -23 -24 -25 -26 -27 -28 -29 -30 -31
leaf_value=-0.024529280777399742 6.8598552909293812e-05 -0.014041952040189735 0.01832070341898185 -0.0098194598779082296 0.0089699536778627808 -0.0025139036086889413 0.02205503025047836 0.002181133918929845 0.0028045111154541961 -0.0022926332769593414 -0.0010780982916712108 -0.012731214747149147 0.00032821971649882575 -0.014343679213504257 0.002590706286658436 0.0076920436585636368 0.0068682819961028603 0.0048621903965223321 -0.009478925210368333 -0.00070241810076792418 0.0067506528402511423 -0.01235121431010258 0.026725976670096664 -0.0084036631119556102 -0.0020429366624785152 0.012780549097012477 -0.036141787923961166 -0.006096953601324155 -0.012904248383433032 -0.019430584689336165
leaf_weight=20 180 51 32 64 179 77 20 25 1119 106 833 52 723 75 95 476 56 441 167 149 212 35 28 241 955 87 20 239 156 34
leaf_count=20 180 51 32 64 179 77 20 25 1119 106 833 52 723 75 95 476 56 441 167 149 212 35 28 241 955 87 20 239 156 34
internal_value=-1.73123e-05 -0.000738349 0.00245102 0.00210915 0.00263338 0.00175127 0.00265469 -0.00996534 0.00316159 -0.000608347 -0.00289271 -1.65995e-05 0.000144618 -0.00161422 -0.00841221 0.00156226 0.00357892 0.000719253 -0.00536146 0.00663424 0.000433412 0.00357326 0.00880031 -0.00529667 -0.000667165 0.00424293 -0.0192614 -0.00127273 -0.00863604 -0.00782281
internal_weight=6947 5377 1570 1538 1474 1295 1184 45 1139 5326 1095 4231 4179 1865 431 2314 1352 699 223 653 1434 476 504 336 1222 267 95 962 262 111
internal_count=6947 5377 1570 1538 1474 1295 1184 45 1139 5326 1095 4231 4179 1865 431 2314 1352 699 223 653 1434 476 504 336 1222 267 95 962 262 111
is_linear=0
shrinkage=0.05


Tree=113
num_leaves=31
num_cat=0
split_feature=104 42 104 44 6 74 51 106 104 47 45 45 6 53 20 7 14 1 69 1 16 2 42 49 71 71 59 20 0 1
split_gain=4.90012 3.8686 3.13882 2.79989 4.63675 3.70772 3.39981 3.12803 3.00552 2.82554 2.54497 2.51711 2.50561 2.49185 2.32314 2.33225 3.79371 2.23735 3.36851 2.62594 3.93508 3.46979 2.9966 3.63173 3.02097 2.66153 2.54151 2.82863 2.53101 3.64702
threshold=5.0828819274902353 2.1593204736709599 10.477942943573 -0.56477534770965565 0.25599275529384619 0.54773691296577465 9.8664498329162615 0.40306536853313452 2.368236899375916 2.3998591899871831 0.95801293849945079 -1.1937391757965086 0.24682322889566424 0.49809756875038153 0.027565496973693374 1.8966757059097292 0.36178295314311987 9.6677341461181658 0.1147330403327942 9.7823195457458514 0.25842845439910894 0.75200465321540844 0.70565685629844677 1.5949069261550906 0.72002312541008007 0.76200389862060558 0.074789378792047514 0.034959862008690841 0.84341341257095348 10.168704032897951
decision_type=2 2 2 2 2 2 2 2 2 2 2 2 2 2 2 2 2 2 2 2 2 2 2 2 2 2 2 2 2 2
left_child=3 2 11 12 6 -6 13 -7 -9 14 -8 -2 -1 -5 -10 16 -16 18 -13 20 21 26 23 24 28 -23 27 -19 29 -21
right_child=1 -3 -4 4 5 7 10 8 9 -11 -12 17 -14 -15 15 -17 -18 19 -20 22 -22 25 -24 -25 -26 -27 -28 -29 -30 -31
leaf_value=0.021228564923276773 0.013181489491013483 -0.016424059611297431 -0.0065847610673133543 -0.0042233018609671618 -0.014123170537039124 0.021501144077628851 -0.017017372203565809 0.018674929914413951 0.016262073062493332 -0.010670931750145328 -0.0021790487243031915 -0.020479682094107072 0.002742126532585213 0.0080521483233355947 0.003196697348912092 0.013214038314375407 -0.012961541442200542 0.0035000360045704423 -0.0028587075994161346 -0.00016442304372565525 -0.0090306122162103382 0.008494140060905082 0.0030386967780751525 -0.0068256640585920517 -0.0046958155109019942 -0.0021294090864791321 0.002987983178206568 -0.0053694783009674034 -0.0052937887774188877 0.0091397171372312822
leaf_weight=36 33 38 211 98 28 24 62 31 34 35 54 29 37 70 836 53 37 136 289 2059 80 298 420 285 444 73 515 261 221 110
leaf_count=36 33 38 211 98 28 24 62 31 34 35 54 29 37 70 836 53 37 136 289 2059 80 298 420 285 444 73 515 261 221 110
internal_value=-5.33195e-05 -0.00073205 -0.000619933 0.00254773 0.00203146 0.00352848 -0.00364332 0.00401218 0.00358254 0.00309405 -0.0101875 -0.000379133 0.0120224 0.00090885 0.00360648 0.00312476 0.00249782 -0.000467369 -0.00452481 -0.000203287 0.0016607 0.00233386 -0.000921444 -0.00145551 -0.000913249 0.00640369 0.000673057 -0.0023299 -0.000208877 0.000311427
internal_weight=6937 5502 5464 1435 1362 1078 284 1050 1026 995 116 5253 73 168 960 926 873 5220 318 4902 1363 1283 3539 3119 2834 371 912 397 2390 2169
internal_count=6937 5502 5464 1435 1362 1078 284 1050 1026 995 116 5253 73 168 960 926 873 5220 318 4902 1363 1283 3539 3119 2834 371 912 397 2390 2169
is_linear=0
shrinkage=0.05


Tree=114
num_leaves=31
num_cat=0
split_feature=104 81 105 44 99 104 7 44 27 57 69 68 7 44 58 104 58 76 105 27 62 1 1 104 63 103 100 22 13 22
split_gain=5.17296 3.45869 3.15773 4.07352 3.90762 4.51618 3.46371 3.21343 3.98974 3.0769 3.19021 7.92501 3.97684 5.08062 3.05495 3.00424 3.11485 2.99917 2.93471 3.35833 2.85466 2.60479 2.56451 2.56224 2.67831 2.60146 2.55296 2.53473 2.42436 2.24164
threshold=8.1336612701416033 -0.53288608789443959 7.0961217880249032 -0.64980065822601307 -2.3514788150787349 3.8516664505004887 1.0101203322410586 2.6413861513137822 0.74610897898674022 1.7454636096954348 0.087042283266782774 0.039252799004316337 0.98231548070907604 -0.28543853759765619 0.61097520589828502 9.2364330291748065 0.75497087836265575 2.1962367296218877 7.9569931030273446 0.36981458961963659 0.13526865094900134 9.5976166725158709 9.7867126464843768 3.7196401357650761 0.1162722557783127 -0.09216070175170897 0.032055661082267768 9.8244218826293963 0.084185335785150542 10.059529781341555
decision_type=2 2 2 2 2 2 2 2 2 2 2 2 2 2 2 2 2 2 2 2 2 2 2 2 2 2 2 2 2 2
left_child=2 17 4 -4 -1 7 18 8 20 10 -3 -12 13 -13 -14 28 -17 -2 -5 -20 -6 27 -18 -8 25 -25 -16 -7 -15 -28
right_child=1 9 3 6 5 21 23 -9 -10 -11 11 12 14 15 26 16 22 -19 19 -21 -22 -23 -24 24 -26 -27 29 -29 -30 -31
leaf_value=-0.02061557205312926 -0.0069952883270285012 0.0042224590226610679 0.015761906688496342 0.00084845589125239016 0.0065039525668526971 -0.022560141522150773 0.019966474575576959 -0.0096281115826445107 0.019957849386205175 0.0081458412263380135 -0.032337773124648569 0.009250704535092651 -0.016213126475360759 -0.0014891811311627701 0.0066246988041891068 -0.033311493233555839 0.0022937707208911889 -0.028869294561445713 -0.025881852808853856 -0.003119993140398149 -0.0075918455375358464 -0.00028763256651106447 -0.016912422362776076 0.016332326294879799 0.001455076095528167 0.0039655234680200614 0.00018147576661902947 0.00076023508286611604 -0.010885522588696473 -0.0098596015986777974
leaf_weight=22 58 135 58 362 252 25 26 32 48 65 23 43 28 145 126 20 24 21 22 56 41 4204 60 72 329 104 326 21 130 66
leaf_count=22 58 135 58 362 252 25 26 32 48 65 23 43 28 145 126 20 24 21 22 56 41 4204 60 72 329 104 326 21 130 66
internal_value=-0.000147779 -0.00303101 0.000497989 0.00300265 -5.73918e-05 4.4878e-05 0.00222508 0.00531243 0.00673853 -0.00235283 -0.00296557 -0.00394803 -0.00324081 -0.00688002 -0.000420648 -0.00872968 -0.0159415 -0.0130981 -0.00105472 -0.00978636 0.00451239 -0.000418568 -0.0114625 0.00493968 0.00412809 0.00908836 0.000462593 -0.0121242 -0.00595443 -0.0015299
internal_weight=6944 1270 5674 1029 4645 4623 971 373 341 1191 1126 991 968 422 546 379 104 79 440 78 293 4250 84 531 505 176 518 46 275 392
internal_count=6944 1270 5674 1029 4645 4623 971 373 341 1191 1126 991 968 422 546 379 104 79 440 78 293 4250 84 531 505 176 518 46 275 392
is_linear=0
shrinkage=0.05


Tree=115
num_leaves=31
num_cat=0
split_feature=50 104 97 104 81 57 62 51 45 47 0 60 22 20 22 51 47 44 67 67 45 10 17 36 67 17 9 68 44 16
split_gain=5.09541 4.62519 3.9534 3.24255 3.37437 2.76723 6.66235 2.66286 2.50751 2.59779 4.22717 4.03167 5.91584 3.95132 2.91004 4.83421 4.48559 5.34419 4.23945 6.52474 3.75396 3.67349 3.62265 3.21256 3.12843 3.00427 3.27034 2.93899 2.73751 2.57652
threshold=0.26443053781986242 3.405683279037476 2.1188628673553471 8.7397260665893572 -0.41856601834297175 1.1502689719200136 0.13526865094900134 9.9013824462890643 -1.1937391757965086 1.1329948902130129 0.84341341257095348 0.11096199974417688 9.8364748954772967 0.13398937880992892 9.8135881423950213 9.8958888053894061 0.26917935907840734 0.44222505390644079 0.22902532666921618 0.25503066182136541 0.6006242334842683 0.030346616171300415 0.043151417747139938 0.047399051487445838 0.21844770759344104 0.026879704557359222 0.049541642889380462 0.036939658224582679 1.197057902812958 0.036903003230690963
decision_type=2 2 2 2 2 2 2 2 2 2 2 2 2 2 2 2 2 2 2 2 2 2 2 2 2 2 2 2 2 2
left_child=-1 -2 3 8 -5 6 7 -6 -3 10 14 12 -11 -14 15 21 17 -16 24 -20 -21 22 -10 -19 -18 -23 -27 -28 -12 -22
right_child=1 2 -4 4 5 -7 -8 -9 9 11 28 -13 13 -15 16 -17 18 23 19 20 29 25 -24 -25 -26 26 27 -29 -30 -31
leaf_value=-0.01637797202844361 0.0076524101010372811 0.013800653984237996 -0.007923588109318357 -0.022678700445050545 -8.6611649203405255e-05 -1.7003603243416357e-05 -0.032689484759517343 -0.013175308958826855 -0.00085581832704252419 -0.0072102167683237408 -0.022609545245844253 0.0010957341970788991 0.017012622972106328 -0.0021056934831930061 0.00094423035532181007 0.018241683751278156 -0.0018946554573768802 0.011359522241929716 0.015446633137640005 0.015098594004909198 0.0076568770716171509 0.0070407272370008288 -0.013981992015401951 -0.008256366068193478 -0.018200904462719335 0.0034633700318987127 -0.010036720385528759 -0.00015845934240667919 -0.004837729070852159 -0.0016251716911087387
leaf_weight=46 198 34 156 21 127 353 22 55 203 46 23 1642 127 34 316 41 369 21 94 44 90 249 70 468 31 688 86 560 237 418
leaf_count=46 198 34 156 21 127 353 22 55 203 46 23 1642 127 34 316 41 369 21 94 44 90 249 70 468 31 688 86 560 237 418
internal_value=2.86937e-05 0.00014169 -8.39027e-05 0.000106347 -0.0034641 -0.00270032 -0.00732079 -0.00409237 0.000457192 0.000377391 -0.000337883 0.0019272 0.00848575 0.0129871 9.05401e-05 0.00146638 -0.00131953 -0.00412284 0.000839775 0.00334265 0.00125726 0.00108618 -0.00426025 -0.0073925 -0.00320063 0.00201032 0.0010668 -0.001487 -0.00649045 3.1098e-05
internal_weight=6869 6823 6625 6469 578 557 204 182 5891 5857 4008 1849 207 161 3748 1897 1851 805 1046 646 552 1856 273 489 400 1583 1334 646 260 508
internal_count=6869 6823 6625 6469 578 557 204 182 5891 5857 4008 1849 207 161 3748 1897 1851 805 1046 646 552 1856 273 489 400 1583 1334 646 260 508
is_linear=0
shrinkage=0.05


Tree=116
num_leaves=31
num_cat=0
split_feature=104 107 107 1 74 104 109 91 61 21 6 104 21 0 22 35 1 44 7 51 1 68 46 109 106 78 106 76 15 108
split_gain=3.9852 4.02764 3.65813 3.36141 3.99885 3.13576 3.36703 5.5547 3.50671 3.53462 2.45244 2.38938 2.48166 2.37966 2.35662 2.42134 2.31192 2.3355 3.32241 2.50228 2.25482 2.14915 2.00163 1.86277 3.52362 2.64222 4.74782 2.89623 3.93683 2.79233
threshold=9.1015758514404315 0.22225821763277057 0.13944561779499057 9.6677341461181658 2.0157992839813237 4.9441642761230478 53.500000000000007 -2.4520080089569087 0.43422037363052374 1.0586885809898379 0.42746673524379736 4.5526995658874521 0.9131530523300172 0.95986780524253856 10.061662673950197 0.28086665272712713 9.7238988876342791 -0.59412324428558339 0.66166779398918163 9.8597478866577166 9.5976166725158709 0.10105558857321741 -3.3044582605361934 22.500000000000004 0.75649109482765209 2.2069805860519414 1.8425072431564333 1.6467729806900027 0.023836066946387294 0.75000000000000011
decision_type=2 2 2 2 2 2 2 2 2 2 2 2 2 2 2 2 2 2 2 2 2 2 2 2 2 2 2 2 2 2
left_child=3 2 10 4 20 6 8 -8 9 16 -2 12 -10 -11 15 -3 -5 21 19 -19 -1 -18 -7 24 -24 27 -27 29 -29 -26
right_child=1 14 -4 5 -6 22 7 -9 11 13 -12 -13 -14 -15 -16 -17 17 18 -20 -21 -22 -23 23 -25 25 26 -28 28 -30 -31
leaf_value=-0.022709879158840828 -0.018642867606630999 -0.0017800286312136997 -0.032318620632092163 0.011808613926554338 0.0018299496649415233 -0.01113476714787957 -0.023655567273575193 0.0013180057467336113 0.010215751961012313 -0.00065546142868697652 0.0011188241207439986 0.0021698496653698384 0.029697219972257261 -0.022945449075528555 -0.010763508849092485 0.013505655841436238 0.0021602541542328573 0.00015289976566644579 0.0038011890168173513 -0.012812588006596674 -0.0064651711375568362 0.023695628866553308 0.017491642283416833 -0.00071594390716530731 -0.00083134651421750522 -0.019625082722789535 -0.00088098897022413105 0.012002182195303737 0.0024346653627668208 0.0048248106845766052
leaf_weight=23 28 346 20 77 174 38 29 86 46 28 34 39 26 20 67 27 22 115 658 54 216 24 32 2452 941 36 390 141 446 283
leaf_count=23 28 346 20 77 174 38 29 86 46 28 34 39 26 20 67 27 22 115 658 54 216 24 32 2452 941 36 390 141 446 283
internal_value=8.24707e-05 -0.00411397 -0.014219 0.000425546 -0.00393173 0.000726932 0.00298292 -0.00512931 0.00382799 0.0028832 -0.00796007 0.0122211 0.0175612 -0.0102217 -0.00220279 -0.000640405 0.00355539 0.00281476 0.00219569 -0.00404092 -0.00811658 0.0136612 0.000146195 0.000239335 0.00127152 0.00103178 -0.00250725 0.00186519 0.00474933 0.00047928
internal_weight=6918 522 82 6396 413 5983 1224 115 1109 998 62 111 72 48 440 373 950 873 827 169 239 46 4759 4721 2269 2237 426 1811 587 1224
internal_count=6918 522 82 6396 413 5983 1224 115 1109 998 62 111 72 48 440 373 950 873 827 169 239 46 4759 4721 2269 2237 426 1811 587 1224
is_linear=0
shrinkage=0.05


Tree=117
num_leaves=31
num_cat=0
split_feature=50 1 44 57 27 29 6 18 104 17 12 27 11 62 66 107 37 27 27 59 62 75 62 68 106 61 41 76 106 52
split_gain=3.96236 3.6168 3.54417 3.5614 11.1836 4.73672 3.59252 6.82016 4.26387 3.7368 3.72554 3.47587 3.34115 3.09819 3.04871 2.81173 5.28766 3.94234 6.93977 3.81677 3.76292 4.58039 4.04305 3.63287 3.42575 3.33516 3.02376 2.98257 3.18144 2.91216
threshold=0.26443053781986242 9.6599545478820819 -0.87696173787116993 1.7454636096954348 1.179035007953644 1.3934660553932192 0.22052058577537539 0.034530881792306907 3.8516664505004887 0.030270678922533992 0.04174462519586087 0.76668632030487072 0.069499477744102492 0.13673902302980426 0.2713549286127091 0.042216591536998756 0.20721861720085147 0.49773183465003973 0.77697920799255382 0.078593388199806227 0.10521292686462404 0.63310953974723827 0.083289578557014479 0.095191821455955519 6.7244014739990243 0.35518452525138861 0.20304944366216662 2.1897376775741582 6.2688291072845468 1.2353304624557497
decision_type=2 2 2 2 2 2 2 2 2 2 2 2 2 2 2 2 2 2 2 2 2 2 2 2 2 2 2 2 2 2
left_child=-1 -2 12 4 5 6 7 9 11 -4 -9 13 -3 -8 -15 24 20 19 26 -18 22 25 29 -24 27 -22 -19 -10 -29 -17
right_child=1 2 3 -5 -6 -7 8 10 15 -11 -12 -13 -14 14 -16 16 17 18 -20 -21 21 -23 23 -25 -26 -27 -28 28 -30 -31
leaf_value=-0.013604136363972189 -0.0046486322579631697 0.0025276864397764096 -0.0040784234350979181 0.0048552538165204549 -0.036512091401077452 -0.010239053666591644 0.0066869648296573802 -0.02863006503099487 -0.0017018718572047072 0.0040310499760888106 -0.0068271015803308289 0.019093155771907833 0.018060422751982257 -0.020305536019251402 0.0026988819169883548 0.0025305353537106237 -0.0040369942368540376 -0.017179531683443022 0.0060315920243738221 0.0070461249051516966 0.0077416558463064616 0.00073269128895642806 -0.01729314419817889 -0.0015342229206507401 0.0020346472439071311 0.026605644872412088 -0.0052430523933319458 -0.0020051730725800811 -0.016503564234822989 0.019592319344743515
leaf_weight=52 375 101 241 387 20 109 242 20 1112 343 326 44 52 22 38 680 125 60 135 202 436 287 41 285 581 24 426 77 74 25
leaf_count=52 375 101 241 387 20 109 242 20 1112 343 326 44 52 22 38 680 125 60 135 202 436 287 41 285 581 24 426 77 74 25
internal_value=1.48642e-05 0.000119608 0.000394737 0.000213277 -8.81456e-05 4.02948e-05 0.000233674 -0.00261438 0.000772886 0.000683253 -0.00816626 0.00611629 0.00788978 0.00416885 -0.00593067 0.000367081 0.00138692 -0.00162775 -0.00396533 0.00281007 0.0029943 0.0056942 0.00103449 -0.003563 -0.00114048 0.00878144 -0.00674894 -0.00260155 -0.00917218 0.00316246
internal_weight=6942 6890 6515 6362 5975 5955 5846 930 4916 584 346 346 153 302 60 4570 2726 948 621 327 1778 747 1031 326 1844 460 486 1263 151 705
internal_count=6942 6890 6515 6362 5975 5955 5846 930 4916 584 346 346 153 302 60 4570 2726 948 621 327 1778 747 1031 326 1844 460 486 1263 151 705
is_linear=0
shrinkage=0.05


Tree=118
num_leaves=31
num_cat=0
split_feature=104 105 74 63 106 74 28 104 48 37 35 56 77 50 96 15 6 106 34 65 70 109 65 65 80 81 38 40 73 48
split_gain=4.1269 3.2495 5.04066 4.22739 3.6283 3.69886 3.60913 5.12827 3.61638 3.03233 3.46407 4.46421 3.57827 3.73231 2.94708 3.11469 2.85458 3.12534 3.49056 3.04234 2.74863 2.53503 2.53356 2.48042 2.41976 2.39223 2.36723 4.38595 4.26788 3.23945
threshold=7.733701467514039 6.4557688236236581 2.7719806432724003 0.20029526203870776 6.5199675559997567 0.61471745371818554 1.4682041406631472 5.6163914203643808 -0.5836464762687682 0.20721861720085147 0.10830863565206529 0.907802313566208 0.8683733642101289 0.52033191919326793 -3.1019889116287227 0.066212490200996413 0.13435944169759753 5.1637053489685067 0.13005150109529498 0.061553880572319038 0.22424230724573138 2.5000000000000004 0.14483928680419925 0.034258991479873664 0.1904266029596329 -0.62941408157348622 0.25754213333129888 0.35858407616615301 3.0054416656494145 1.1056440472602846
decision_type=2 2 2 2 2 2 2 2 2 2 2 2 2 2 2 2 2 2 2 2 2 2 2 2 2 2 2 2 2 2
left_child=1 2 4 -4 5 -1 8 -8 -3 10 11 12 24 -14 -10 -16 -12 18 19 -18 22 -21 -11 -15 -7 -2 27 28 29 -27
right_child=25 6 3 -5 -6 9 7 -9 14 20 16 -13 13 23 15 -17 17 -19 -20 21 -22 -23 -24 -25 -26 26 -28 -29 -30 -31
leaf_value=-0.0170103939032803 -0.011191362236936318 0.011850960699647859 -0.026292148394071881 0.0007627265993505717 -0.0062139308781466321 -0.0030161608823413115 0.016571223125334433 0.0029869770349990688 -0.016644904578182226 -0.0014347478976363115 -0.013666588327159052 -0.013993379069296152 0.0092602620992299819 -0.0072648600220175776 0.0027004563433271627 -0.0021858380052464958 0.015408322659064215 -0.00027766810972840232 0.014862649970018538 -0.010810339097127629 0.00024781175998482319 0.0041763491984106822 -0.011455331153701991 0.0017479433055077661 -0.018867475116901376 -0.0025928342455992129 0.001419798900630364 -0.010332273659949397 -0.010012126414575041 0.002720037501642545
leaf_weight=29 67 76 33 25 220 229 98 235 23 128 22 56 147 89 948 496 57 278 95 29 406 488 124 502 26 842 479 163 138 434
leaf_count=29 67 76 33 25 220 229 98 235 23 128 22 56 147 89 948 496 57 278 95 29 406 488 124 502 26 842 479 163 138 434
internal_value=-0.000123931 0.000679592 -0.00034587 -0.0148153 -5.39897e-05 0.000449115 0.00230948 0.00702239 0.00128848 0.000644608 0.00160562 -0.000385585 0.000395129 0.00215954 0.000733579 0.00102171 0.0037594 0.00417822 0.0060275 0.00454193 -0.00230067 0.00331646 -0.0063913 0.000380706 -0.00469976 -0.00196244 -0.0016564 -0.00259108 -0.00169203 -0.000785077
internal_weight=6982 4859 2983 58 2925 2705 1876 333 1543 2676 2018 1049 993 738 1467 1444 969 947 669 574 658 517 252 591 255 2123 2056 1577 1414 1276
internal_count=6982 4859 2983 58 2925 2705 1876 333 1543 2676 2018 1049 993 738 1467 1444 969 947 669 574 658 517 252 591 255 2123 2056 1577 1414 1276
is_linear=0
shrinkage=0.05


Tree=119
num_leaves=31
num_cat=0
split_feature=104 45 107 107 47 5 1 46 23 22 42 47 44 52 104 69 69 62 44 44 76 51 12 12 51 62 58 7 76 12
split_gain=5.08663 4.42618 4.25345 3.41666 3.10596 4.55483 4.84313 4.18698 3.26419 3.08377 4.16651 3.98316 5.70165 3.73645 4.16188 3.65271 5.06106 3.99165 3.2596 3.23409 3.09663 3.17191 3.06305 4.93218 4.3993 4.01531 3.2344 2.94705 2.8989 2.63157
threshold=9.1015758514404315 -1.1937391757965086 0.22225821763277057 0.13944561779499057 1.1329948902130129 1.2439128160476687 10.168704032897951 0.079580098390579238 1.1788080334663393 9.8135881423950213 -0.1905151158571243 0.26917935907840734 0.44222505390644079 0.65377050638198864 3.6746019124984746 0.2538579553365708 0.29530820250511175 0.084019973874092116 0.42348438501358038 0.66846162080764782 0.65818542242050182 9.8958888053894061 0.04783583618700505 0.031510790809988982 9.8216338157653826 0.12531407922506335 1.4002911448478701 0.88814422488212597 1.4593470692634585 0.12691452354192737
decision_type=2 2 2 2 2 2 2 2 2 2 2 2 2 2 2 2 2 2 2 2 2 2 2 2 2 2 2 2 2 2
left_child=1 -1 3 -2 5 6 9 28 -9 10 13 12 -11 18 -15 17 -17 -13 -3 -14 -16 -22 23 -6 -25 26 -24 -12 -7 -27
right_child=2 4 -4 -5 22 7 -8 8 -10 11 27 15 19 14 20 16 -18 -19 -20 -21 21 -23 25 24 -26 29 -28 -29 -30 -31
leaf_value=0.018107429019042425 -0.0084843050072188758 -0.00095559775621845166 -0.0026639569699778635 -0.030363321475684643 -0.0054653027435458863 -0.0079437332421400438 0.013729361277295366 -0.0056745493230188175 -0.033634741778444985 0.0010229196003915387 0.00463488157093525 0.0015745119871578535 -0.013198828681119988 0.015163157610787134 0.007175581396633525 0.009064697866941791 -0.00061611370731053453 -0.0073930930869161339 -0.016356981784810085 -0.004742843047810791 0.00069172341823037079 0.017451305324532863 -0.0021971454957567986 -0.0015893776088036719 0.013991123255029129 0.0059661953730951725 0.014544565385828415 -0.016036573866510702 0.0026107008619389188 0.00069179645094110819
leaf_weight=34 67 483 429 24 66 171 62 20 22 314 24 253 168 65 262 216 357 242 36 348 1071 28 757 61 173 462 29 57 104 484
leaf_count=34 67 483 429 24 66 171 62 20 22 314 24 253 168 65 262 216 357 242 36 348 1071 28 757 61 173 462 29 57 104 484
internal_value=-1.29791e-05 0.000375525 -0.00476299 -0.0145219 0.000277514 -0.000483313 -2.38813e-05 -0.00624202 -0.020762 -0.000244628 0.00111179 -0.00169234 -0.00428837 0.00157649 0.00289808 0.000327292 0.00304263 -0.00281572 -0.0020533 -0.00751616 0.00230161 0.0011342 0.0018881 0.00654398 0.00994006 0.00107834 -0.00156175 -0.00992987 -0.00395724 0.00327125
internal_weight=6889 6369 520 91 6335 4303 3986 317 42 3924 2026 1898 830 1945 1426 1068 573 495 519 516 1361 1099 2032 300 234 1732 786 81 275 946
internal_count=6889 6369 520 91 6335 4303 3986 317 42 3924 2026 1898 830 1945 1426 1068 573 495 519 516 1361 1099 2032 300 234 1732 786 81 275 946
is_linear=0
shrinkage=0.05


Tree=120
num_leaves=31
num_cat=0
split_feature=104 28 0 21 45 82 104 73 73 36 1 104 104 77 56 27 65 61 6 53 1 75 99 96 58 56 104 76 43 41
split_gain=3.92655 3.63791 3.24647 3.21358 2.70474 2.58937 3.55439 2.62169 4.36226 5.06957 3.83035 3.30521 3.3849 2.9081 4.33216 4.47735 8.8154 4.28831 4.21098 4.08799 3.93499 3.8889 2.95525 2.92908 2.83852 4.2637 3.30941 2.70829 2.63865 2.77514
threshold=8.7397260665893572 0.55603936314582836 0.093968752771615996 0.26507447659969335 2.8352714776992802 -1.0721307992935178 2.368236899375916 3.0054416656494145 3.3661185503005986 0.38765653967857366 9.6677341461181658 7.8927505016326913 6.0523612499237069 2.8080614805221562 0.76992657780647289 0.67268466949462902 0.15135910362005237 0.16242362558841708 0.840551257133484 0.72458124160766613 10.168704032897951 0.25411003082990652 -2.3514788150787349 -0.1499950289726257 0.87190264463424694 0.63927367329597484 4.9441642761230478 2.1962367296218877 0.20256768167018893 0.27834130823612219
decision_type=2 2 2 2 2 2 2 2 2 2 2 2 2 2 2 2 2 2 2 2 2 2 2 2 2 2 2 2 2 2
left_child=2 -2 -1 -4 5 -5 -7 10 9 11 -8 12 -9 14 15 18 17 23 20 -16 22 -21 -12 -17 25 26 -24 -28 -18 -30
right_child=1 -3 3 4 -6 6 7 8 -10 -11 13 -13 -14 -15 19 16 28 -19 -20 21 -22 -23 24 -25 -26 -27 27 -29 29 -31
leaf_value=-0.015092087618369774 -0.021439132812832083 -0.00299020361244312 0.008180095105736444 -0.012350078986066099 0.01735182838595432 0.015113308937288822 -0.0043535149138671731 -0.0080700665163777711 0.00166466482113449 -0.028484330605715515 -0.016964088702419153 -0.013364255682764843 0.0015803160042835501 0.0048500123519303164 -0.011248337960634347 0.028637890198401045 -0.014063093186996412 0.035932547312516432 -0.0097251140697840223 0.014310473814367545 0.011541226608622595 -0.0027289559414072958 0.004496453992460593 0.0069376388922906852 -0.0026890711916667497 0.014592378313053336 0.00047160464288875095 -0.0088492169378348341 0.0067929986232359496 -0.0020497101931318692
leaf_weight=33 27 605 129 40 22 39 366 153 369 22 23 83 221 433 133 20 23 25 97 36 82 352 540 64 533 58 2058 80 209 153
leaf_count=33 27 605 129 40 22 39 366 153 369 22 23 83 221 433 133 20 23 25 97 36 82 352 540 64 533 58 2058 80 209 153
internal_value=-5.44938e-05 -0.00381099 0.00031723 0.000399505 0.000237216 0.000173821 0.000256974 0.000160054 -0.00241905 -0.00556187 0.00057426 -0.0043986 -0.00237856 0.000941724 0.000563489 0.00112695 0.00557565 0.0180599 0.000492378 -0.0037186 0.000788918 -0.00111525 0.000517667 0.0123805 0.000645815 0.00129623 0.00100292 0.000118863 0.00200352 0.00306026
internal_weight=7028 632 6396 6363 6234 6212 6172 6133 848 479 5285 457 374 4919 4486 3965 494 109 3471 521 3374 388 3292 84 3269 2736 2678 2138 385 362
internal_count=7028 632 6396 6363 6234 6212 6172 6133 848 479 5285 457 374 4919 4486 3965 494 109 3471 521 3374 388 3292 84 3269 2736 2678 2138 385 362
is_linear=0
shrinkage=0.05


Tree=121
num_leaves=31
num_cat=0
split_feature=42 49 73 73 37 26 13 29 21 63 23 78 59 23 51 52 78 18 63 65 107 32 6 26 48 20 8 72 1 56
split_gain=3.31105 3.72208 4.46039 4.66598 4.2301 4.76996 4.31383 4.22104 4.15711 3.51746 3.43158 3.37096 3.21169 5.48191 4.94456 4.90352 4.15089 3.70238 3.50769 3.75365 3.34418 3.0421 2.91904 2.89946 2.75516 2.82514 2.75359 2.73896 2.64134 2.58568
threshold=2.1593204736709599 2.2558574676513676 3.0517433881759648 3.3973481655120854 0.26830369234085089 1.3574059009552004 0.06676070019602777 1.1180809736251833 0.53232276439666759 0.16769994795322421 1.6409218907356264 1.9571176767349245 0.080704271793365492 1.1277046799659731 9.870209217071535 0.73186731338500988 1.2393337488174441 0.018835519440472129 0.10718587413430215 0.15717688947916034 0.19504932314157489 0.14261873811483386 0.20493423938751223 1.4121894240379336 1.0455823540687563 0.13864661753177646 0.25636193156242376 1.511022210121155 9.686857223510744 0.41473452746868139
decision_type=2 2 2 2 2 2 2 2 2 2 2 2 2 2 2 2 2 2 2 2 2 2 2 2 2 2 2 2 2 2
left_child=1 2 4 -4 5 7 -6 12 -8 -10 11 23 13 14 17 -14 18 -1 -17 -20 -15 -5 -18 -7 25 27 -24 28 -19 -28
right_child=-2 -3 3 21 6 10 8 -9 9 -11 -12 -13 15 20 -16 16 22 24 19 -21 -22 -23 26 -25 -26 -27 29 -29 -30 -31
leaf_value=0.0085957882962553536 -0.012724348471737377 0.0075284022953578389 -0.009235819897880226 -0.018567812487128237 0.012282856787635904 0.009595502661918668 0.0033070999961676336 -0.0066149288167072773 -0.0083811387625796346 -0.0016560883593624673 -0.00055854268064694026 0.0043125979015611101 0.009929740264815759 -0.0072590393971983793 -0.014397237399215125 -0.013835739360754967 -0.0034190785388724049 -0.013980756469148523 0.0070714181778282759 -0.0055177024374571289 -0.030660099197517745 0.001135034376739609 -0.013122708942844636 0.026689008300220876 0.0065060823420878492 0.0067205028329183174 -0.0061732091654620666 0.0057241970222225193 -0.002009006361066682 0.0033870875326763522
leaf_weight=118 50 162 262 20 45 110 186 211 386 392 204 312 171 53 60 70 216 47 88 176 21 291 26 32 126 104 73 110 1174 1648
leaf_count=118 50 162 262 20 45 110 186 211 386 392 204 312 171 53 60 70 216 47 88 176 21 291 26 32 126 104 73 110 1174 1648
internal_value=-3.12555e-05 6.26356e-05 -0.000118113 -0.00433365 0.000274717 0.000854817 -0.00268406 0.000271975 -0.00339473 -0.00499916 0.00482728 0.00724326 0.000612879 -0.00098467 -0.000413609 0.00178637 0.00117608 9.43757e-05 -0.003969 -0.00131048 -0.0142201 -0.000187481 0.00205307 0.0136073 -0.00055336 -0.00117731 0.00273122 -0.001799 -0.0024809 0.00297822
internal_weight=6944 6894 6732 573 6159 5150 1009 4492 964 778 658 454 4281 1813 1739 2468 2297 1679 334 264 74 311 1963 142 1561 1435 1747 1331 1221 1721
internal_count=6944 6894 6732 573 6159 5150 1009 4492 964 778 658 454 4281 1813 1739 2468 2297 1679 334 264 74 311 1963 142 1561 1435 1747 1331 1221 1721
is_linear=0
shrinkage=0.05


Tree=122
num_leaves=31
num_cat=0
split_feature=0 50 4 10 12 1 1 104 35 16 3 65 36 6 8 6 2 32 29 42 36 72 57 71 0 1 12 39 76 1
split_gain=3.4053 3.32448 3.01403 5.94768 4.52972 3.08668 3.9743 2.83654 2.814 2.81276 4.0335 3.86279 2.81554 2.52546 4.05436 3.66846 3.5848 3.40719 3.26882 3.25304 2.86151 2.60286 3.47445 2.50253 2.7283 2.52953 2.39203 2.3151 2.09685 2.886
threshold=0.093968752771615996 0.26443053781986242 0.69733658432960521 0.083568699657917037 0.042845677584409721 10.117407321929933 10.011601448059084 8.6802754402160662 0.18301466107368472 0.24649107456207278 0.59085148572921764 0.12386832758784296 0.032218245789408691 0.44805325567722326 0.53858596086502086 0.56285277009010326 0.58359184861183178 0.064282614737749114 0.40766355395317083 -1.2806144356727598 0.19802879542112353 2.1821303367614751 1.4382636547088625 0.7434489130973817 0.43692760169506079 9.8555297851562518 0.076130244880914702 0.16810038685798648 1.4593470692634585 10.491975307464601
decision_type=2 2 2 2 2 2 2 2 2 2 2 2 2 2 2 2 2 2 2 2 2 2 2 2 2 2 2 2 2 2
left_child=-1 -2 5 4 -4 6 9 -6 -8 10 13 -11 -12 14 17 16 26 -3 -19 -18 27 22 -16 24 25 -20 -15 -17 29 -5
right_child=1 2 3 28 7 -7 8 -9 -10 11 12 -13 -14 15 21 20 19 18 23 -21 -22 -23 -24 -25 -26 -27 -28 -29 -30 -31
leaf_value=-0.015576504115680498 -0.013337929102936356 0.0047405394236543193 0.0050306821474805476 -0.0061169521308560406 -0.010613772873565717 0.0069697343374476375 -0.0099300186379502227 -0.029463263166447481 -7.3030226532013183e-05 0.0069211971638277678 0.022696032673120498 -0.0059544396952571398 0.0051895950665529515 -0.0016166969440472379 0.0092217555062173873 0.0029100093003529824 -0.01373546635313368 -0.0051723676644358342 0.0026870948880220089 -0.0037301633897893934 0.01897029992348204 -0.0011680741268826429 -0.002572623722249103 -0.0021581852649040435 0.0068693949585573594 -0.0031551655840743468 0.0096521983739997572 -0.0063109568708733356 0.0003026076855423496 0.011719172021374107
leaf_weight=34 45 415 41 251 138 191 149 23 140 72 24 289 304 218 361 378 113 286 543 287 23 118 75 534 228 280 59 82 1219 24
leaf_count=34 45 415 41 251 138 191 149 23 140 72 24 289 304 218 361 378 113 286 543 287 23 118 75 534 228 280 59 82 1219 24
internal_value=-1.98408e-05 5.8947e-05 0.000148693 -0.0016797 -0.00971007 0.000748817 0.000508776 -0.0134718 -0.00517172 0.000859913 0.0012138 -0.00337442 0.00653565 0.000775883 0.00157867 -0.00118922 -0.00356203 0.000647676 -0.000262195 -0.00658387 0.00213713 0.00541217 0.00719166 0.000626507 0.00204208 0.000698032 0.000809623 0.00125615 -0.000588168 -0.00452352
internal_weight=6944 6910 6865 1696 202 5169 4978 161 289 4689 4328 361 328 4000 2840 1160 677 2286 1871 400 483 554 436 1585 1051 823 277 460 1494 275
internal_count=6944 6910 6865 1696 202 5169 4978 161 289 4689 4328 361 328 4000 2840 1160 677 2286 1871 400 483 554 436 1585 1051 823 277 460 1494 275
is_linear=0
shrinkage=0.05


Tree=123
num_leaves=31
num_cat=0
split_feature=104 21 56 57 62 45 101 44 104 53 104 57 20 61 26 74 3 46 20 57 45 108 56 59 11 104 43 72 66 88
split_gain=3.24823 3.16563 2.82373 4.0428 2.89296 2.51877 2.30969 3.82928 3.65723 3.10294 2.6585 2.56284 2.89121 2.7415 3.21992 2.84602 3.32218 2.52549 2.2203 2.19501 2.15465 2.3339 2.13493 3.56656 2.12698 2.10137 1.89026 1.88831 1.78194 1.75801
threshold=9.1015758514404315 0.26507447659969335 0.83023986220359813 1.1072270870208742 0.12016692012548448 2.8352714776992802 -1.2026898264884947 0.42348438501358038 5.4318635463714608 0.41733877360820776 6.0523612499237069 1.7571133375167849 0.060416903346776969 0.14383824914693835 1.0749456882476809 2.7719806432724003 1.3378457427024844 1.3217203021049502 0.082753781229257597 1.7454636096954348 -0.49595844745635981 0.40000000596046453 0.4577795416116715 0.05832194164395333 0.069499477744102492 6.6327104568481454 0.35269442200660711 2.2633141279220585 0.025117775425314907 0.22605973482131961
decision_type=2 2 2 2 2 2 2 2 2 2 2 2 2 2 2 2 2 2 2 2 2 2 2 2 2 2 2 2 2 2
left_child=1 24 3 4 28 6 7 22 11 -9 -10 12 20 14 27 16 17 18 -15 -4 -8 -22 23 -3 -1 -12 -20 -14 -2 -28
right_child=2 5 19 -5 -6 -7 8 9 10 -11 25 -13 13 15 -16 -17 -18 -19 26 -21 21 -23 -24 -25 -26 -27 29 -29 -30 -31
leaf_value=0.0038855823773242858 0.0060974746383726597 -0.00051010057817288304 -0.018739850176315683 0.0009988098883161494 -0.024401598079846459 0.015624134937444559 -0.011454578981335674 -0.017060294564602511 -0.0039006204146650528 -0.0041209750162341926 0.0033767758769695125 0.012962560439196399 0.00013247130746573308 -0.00079118755185680293 -0.01827863284034302 -0.01123441175655707 -0.0077582489736678631 -0.0064812734790353314 0.022180053186805354 -0.0019665142176425875 0.0030718884077518748 0.0095668412744386224 -0.0029570802664212175 0.010078636216174844 0.017466373954159328 -0.00036385515636125213 0.0041649014583766504 -0.0142230944087108 -0.0090853023856073949 0.013431981667255365
leaf_weight=114 24 248 50 302 25 25 20 52 466 380 432 56 151 87 36 37 61 44 22 32 515 189 273 116 38 2824 166 26 87 74
leaf_count=114 24 248 50 302 25 25 20 52 466 380 432 56 151 87 36 37 61 44 22 32 515 189 273 116 38 2824 166 26 87 74
internal_value=-4.01728e-05 0.000266446 -0.00383781 -0.00222978 -0.0093541 9.38491e-05 2.94958e-05 -0.0020863 0.000464271 -0.00571429 -0.000372639 0.00256215 0.00214551 -0.000136624 -0.00486074 0.00191845 0.00301271 0.00469999 0.00612415 -0.0122967 0.00436172 0.00482666 0.000379225 0.0028827 0.00737275 0.000133329 0.00841475 -0.00204431 -0.00577741 0.00706613
internal_weight=6972 6452 520 438 136 6300 6275 1069 5206 432 3722 1484 1428 704 213 491 454 393 349 82 724 704 637 364 152 3256 262 177 111 240
internal_count=6972 6452 520 438 136 6300 6275 1069 5206 432 3722 1484 1428 704 213 491 454 393 349 82 724 704 637 364 152 3256 262 177 111 240
is_linear=0
shrinkage=0.05


Tree=124
num_leaves=31
num_cat=0
split_feature=104 106 98 105 24 86 20 106 104 99 104 14 74 105 28 6 75 106 17 105 105 109 28 68 67 36 8 10 46 98
split_gain=2.55476 3.13189 2.46919 2.45378 3.46237 3.01235 2.71198 2.91689 2.66399 2.60201 3.09541 2.56139 2.58892 3.90065 2.50368 2.45623 2.26734 2.08066 2.90256 2.03755 1.95538 1.95407 1.92114 1.68537 1.68525 3.88951 2.02686 3.79977 3.56743 2.51222
threshold=9.1015758514404315 6.0247378349304208 -0.21535170078277585 6.9488794803619394 0.27664072811603552 -2.487826824188232 0.060416903346776969 7.0020377635955819 3.7196401357650761 -2.2025983333587642 3.9239848852157597 0.030255756340920929 2.7719806432724003 1.8103829622268679 1.6169641017913821 0.74154341220855724 0.62610915303230297 6.0821020603179941 0.062933366745710387 1.5291491746902468 8.8206114768981951 11.500000000000002 1.4232560992240908 0.19192170351743701 0.27395783364772802 0.062982844188809409 1.3106663823127749 0.18159470707178119 1.1615023612976076 -0.43474805355072016
decision_type=2 2 2 2 2 2 2 2 2 2 2 2 2 2 2 2 2 2 2 2 2 2 2 2 2 2 2 2 2 2
left_child=3 2 -2 6 -5 -6 9 11 -7 -1 -11 -8 17 -14 15 16 19 24 -19 21 -10 -12 -20 -18 26 -26 27 28 -13 -28
right_child=1 -3 -4 4 5 8 7 -9 20 10 14 12 13 -15 -16 -17 23 18 22 -21 -22 -23 -24 -25 25 -27 29 -29 -30 -31
leaf_value=-0.015144198812544347 -0.01075945378846622 -0.0153859911667069 -0.00058032849875095749 0.011430986217027039 -0.010382342784364215 0.017274915373751098 -0.016277691610758344 0.0035905148466874831 0.0020966535697274839 0.0062636286491904811 0.021872387649047944 0.00058862462587841837 -0.023250296076430994 0.0018879333470851697 -0.0048142474512581079 0.011144984439456964 -0.0041642926232104754 0.0026727495565084308 -0.0075995519632794072 0.0011257833565363462 -0.0082216124321954961 0.004891493198699616 0.0019183620149897974 0.0022954674776457496 -0.023460354101420805 -0.0019710260083512714 -0.021319743265796984 0.0083091081555604594 -0.017006958617518345 -0.002123565483532886
leaf_weight=24 69 48 401 94 50 27 30 260 1070 257 20 723 33 28 202 57 344 119 351 1493 47 93 62 142 21 500 20 162 29 92
leaf_count=24 69 48 401 94 50 27 30 260 1070 257 20 723 33 28 202 57 344 119 351 1493 47 93 62 142 21 500 20 162 29 92
internal_value=1.95975e-05 -0.00335331 -0.00209438 0.000295226 0.00224284 0.00151052 -0.000200679 -0.00140484 0.00203893 0.000911181 0.00106468 -0.00200475 -0.00179715 -0.0118671 0.000493932 0.000994893 0.000713145 -0.00149612 -0.00419035 0.00161857 0.00165553 0.00806246 -0.00616953 -0.00227604 -0.000567492 -0.00288048 0.000608699 0.00138835 -0.000111613 -0.00570979
internal_weight=6868 518 470 6350 1288 1194 5062 2430 1144 2632 2608 2170 2140 61 2351 2149 2092 2079 532 1606 1117 113 413 486 1547 521 1026 914 752 112
internal_count=6868 518 470 6350 1288 1194 5062 2430 1144 2632 2608 2170 2140 61 2351 2149 2092 2079 532 1606 1117 113 413 486 1547 521 1026 914 752 112
is_linear=0
shrinkage=0.05


Tree=125
num_leaves=31
num_cat=0
split_feature=104 6 42 109 106 104 105 104 18 57 56 58 56 8 76 72 104 75 64 108 60 56 104 37 52 46 75 77 37 106
split_gain=3.37892 3.03261 2.32659 3.29535 2.48822 2.27914 2.40546 2.57267 2.20546 2.83361 2.08887 2.03018 2.10594 2.77925 2.43015 2.67748 1.96473 1.89048 1.83979 1.83146 2.81541 4.35765 3.10187 2.42015 2.56743 2.99 3.01129 2.47628 2.20085 1.67655
threshold=5.1822233200073251 0.12013645097613336 -2.0669445991516109 13.500000000000002 3.856370329856873 10.360843658447267 6.8377337455749521 8.6115598678588885 0.018835519440472129 1.7639937996864321 0.80459159612655651 1.3106282949447634 0.69954201579093944 1.3150002360343935 1.7297447323799136 2.8406893014907841 8.7860507965087908 0.44865627586841589 0.24809046834707263 0.75000000000000011 0.062362659722566612 0.47470481693744665 8.0430493354797381 0.25091124325990682 1.4509852528572085 -0.8532985746860503 0.24228274077177051 1.8720905184745791 0.46330960094928747 7.0173561573028573
decision_type=2 2 2 2 2 2 2 2 2 2 2 2 2 2 2 2 2 2 2 2 2 2 2 2 2 2 2 2 2 2
left_child=1 -1 3 4 -2 6 19 -8 -3 11 -7 12 13 18 -14 -16 -9 -17 -10 20 21 -4 -23 24 25 -22 -27 -28 -21 -5
right_child=2 8 5 29 -6 10 7 16 9 -11 -12 -13 14 -15 15 17 -18 -19 -20 28 23 22 -24 -25 -26 26 27 -29 -30 -31
leaf_value=-0.016293831516734577 0.014015798991731105 0.0096675291614683016 -0.0025616191133832965 0.00086449289224025186 0.0033738698694995902 -0.0042709592012694043 0.00040673636918982161 0.014831296168267727 0.0013459252573346885 0.014553427325864865 -0.020859396386714208 -0.013555022715379231 -0.0030078076467249699 -0.01656804013106486 0.010037571559415053 0.0055817352428745763 0.0024396933419629932 -0.011451302798065756 -0.012667860738777868 0.0014767767229429973 -0.0025270453300264136 -0.0098681194184679702 -0.030577267909655349 -0.0045306834596659943 -0.0076071829900730597 0.0062106108500327604 0.0048157011518739287 -0.0023123314603269956 -0.010741474658537371 -0.0068996820983298728
leaf_weight=21 77 97 219 490 189 210 1021 56 978 42 20 21 72 22 208 38 74 27 23 671 628 72 24 478 116 284 176 390 38 80
leaf_count=21 77 97 219 490 189 210 1021 56 978 42 20 21 72 22 208 38 74 27 23 671 628 72 24 478 116 284 176 390 38 80
internal_value=9.07438e-05 0.0021448 -0.000508405 0.00191142 0.00649538 -0.000960591 -0.000697341 0.00125351 0.0024087 0.00191026 -0.00579749 0.00151776 0.00175888 0.000617741 0.00513102 0.00728067 0.00785008 -0.00155983 0.00101161 -0.00142278 -0.00208536 -0.00648215 -0.0153073 -0.00141412 -0.000477285 8.70656e-05 0.00201913 -9.12566e-05 0.000807713 -0.000235391
internal_weight=6862 1549 5313 836 266 4477 4247 1151 1528 1431 230 1389 1368 1023 345 273 130 65 1001 3096 2387 315 96 2072 1594 1478 850 566 709 570
internal_count=6862 1549 5313 836 266 4477 4247 1151 1528 1431 230 1389 1368 1023 345 273 130 65 1001 3096 2387 315 96 2072 1594 1478 850 566 709 570
is_linear=0
shrinkage=0.05


Tree=126
num_leaves=31
num_cat=0
split_feature=45 104 97 44 106 81 84 104 97 62 46 46 49 83 42 46 38 70 96 106 21 6 5 22 73 13 53 107 11 58
split_gain=3.15483 3.13993 2.70833 3.035 2.46112 2.38659 2.12747 2.47945 2.06111 1.94989 1.80588 1.83518 1.79673 1.81958 1.77158 3.03482 3.36993 3.16968 3.47523 2.9361 2.79706 2.32859 2.32198 2.29961 2.33587 2.23469 2.53814 2.14287 2.09708 2.08669
threshold=-1.1937391757965086 8.7397260665893572 -0.88927841186523426 -0.090371277183294282 5.6443760395050058 -0.41856601834297175 -0.53357151150703419 2.368236899375916 2.1188628673553471 0.059268437325954444 -0.5211120843887328 -2.4675952196121211 1.928118169307709 0.65624684095382702 -2.0669445991516109 -0.5545361042022704 0.085154917091131224 0.060331167653203017 0.44219608604907995 1.5914100408554079 0.85786330699920665 0.13435944169759753 0.53157994151115429 9.7531290054321307 1.9157835245132449 0.11603484675288202 0.49809756875038153 0.20760228484869006 0.069412369281053557 0.61097520589828502
decision_type=2 2 2 2 2 2 2 2 2 2 2 2 2 2 2 2 2 2 2 2 2 2 2 2 2 2 2 2 2 2
left_child=4 6 3 -3 -1 -4 9 -8 14 -2 11 -7 13 -12 19 16 20 18 -17 -9 -16 -18 28 -19 25 26 -25 -21 -23 -27
right_child=1 2 5 -5 -6 10 7 8 -10 -11 12 -13 -14 -15 15 17 21 23 -20 27 -22 22 -24 24 -26 29 -28 -29 -30 -31
leaf_value=0.0020145489768012715 0.0033141329019536199 -0.002171149670279452 -0.018346688197925686 -0.025753821898251775 0.023913863600076489 -0.011062931132507331 0.012336580628572508 0.015776448391843587 -0.0060915738922983206 -0.005181793412183589 -0.0044378866969972206 0.0030414001885006522 0.0048448207407232585 -0.017392845603922801 0.00052378073506672283 -0.00062390438480568796 -0.017541216034442187 -0.012495761274060768 -0.023060203792044411 0.00078761118217863461 0.016253245421203561 -0.0019734081479939112 -0.0036730445918516995 0.0023433172205349784 0.00071141674864719467 -0.0072283208561462493 0.011185779478948034 0.0080420166997888978 0.0055696483811943287 0.0031133216286559073
leaf_weight=28 85 27 22 27 23 25 42 39 123 317 229 204 44 30 1116 48 25 27 26 673 28 246 1035 147 1394 55 182 119 146 379
leaf_count=28 85 27 22 27 23 25 42 39 123 317 229 204 44 30 1116 48 25 27 26 673 28 246 1035 147 1394 55 182 119 146 379
internal_value=-0.000108575 -0.000201548 -0.00362873 -0.0142163 0.0121607 -0.00257297 0.000132268 0.000374273 0.000285659 -0.00338163 -0.00188748 0.00146022 -0.00441406 -0.00599959 0.000424684 5.92793e-05 -0.00110652 0.00139948 -0.00870929 0.00255643 0.000922626 -0.00270478 -0.00243275 0.00174583 0.0019298 0.00415194 0.00725397 0.00188637 0.000843019 0.00178914
internal_weight=6911 6860 608 54 51 554 6252 5850 5808 402 532 229 303 259 5685 4854 2596 2258 74 831 1144 1452 1427 2184 2157 763 329 792 392 434
internal_count=6911 6860 608 54 51 554 6252 5850 5808 402 532 229 303 259 5685 4854 2596 2258 74 831 1144 1452 1427 2184 2157 763 329 792 392 434
is_linear=0
shrinkage=0.05


Tree=127
num_leaves=31
num_cat=0
split_feature=104 3 50 1 8 39 109 104 71 45 58 94 22 70 104 109 102 61 62 37 37 106 74 106 56 1 35 28 48 33
split_gain=2.97731 2.01912 4.85789 2.30449 2.02404 1.84317 2.21287 2.61783 2.65048 2.54857 2.37691 2.89589 1.88985 1.80783 1.78354 2.17235 1.83428 1.78054 1.5443 1.52154 1.37382 2.8552 2.45153 2.19859 6.5269 2.20031 2.83259 2.58669 2.45825 2.30183
threshold=7.1502635478973398 0.7536449432373048 0.56116595864295971 10.117407321929933 0.96813273429870617 0.21291628479957583 13.500000000000002 8.350595951080324 1.0744739174842837 0.54291203618049633 0.74538028240203869 -0.098185271024703966 9.9992637634277362 0.15195740014314654 3.405683279037476 53.500000000000007 0.82374709844589245 0.43422037363052374 0.13069185614585879 0.17773646861314776 0.20721861720085147 5.5564913749694833 2.8015553951263432 0.59606526792049419 0.615217685699463 10.011601448059084 0.10830863565206529 1.0006945133209231 0.096183896064758315 0.064654532819986357
decision_type=2 2 2 2 2 2 2 2 2 2 2 2 2 2 2 2 2 2 2 2 2 2 2 2 2 2 2 2 2 2
left_child=14 3 -3 5 19 6 9 -8 10 18 -9 -12 -7 -6 15 16 17 -1 -2 -4 23 22 -22 24 -16 26 29 28 -28 -25
right_child=1 2 4 -5 13 12 7 8 -10 -11 11 -13 -14 -15 20 -17 -18 -19 -20 -21 21 -23 -24 25 -26 -27 27 -29 -30 -31
leaf_value=0.0069244962800959391 0.00655743833577718 -0.02463903272593463 -0.0027901966174862253 0.006101693709097163 0.0096673516448327283 0.0014557822389114521 -0.0013135446052203136 -0.0035480443795207861 0.0019440894883528755 -0.0016907505961173957 -0.029828728227452802 -0.010000223762894278 0.015464832278451435 -0.0015177609759797054 -0.0025542309331531461 -0.0096295023675669333 -0.005128775243819864 0.022679082020407634 -0.0071771794322716166 -0.0099055845534109285 -0.0027960977423062451 0.0014498235320244705 -0.018269876721832487 0.00079874882336059916 0.031480249017477036 -0.0038838833726053549 0.0084661349925833455 0.0051654160557572781 -0.0010123871402968442 -0.0043315719666789741
leaf_weight=139 197 26 189 119 42 225 810 123 73 356 21 130 26 225 36 21 26 20 22 125 512 593 26 1097 22 219 80 669 439 272
leaf_count=139 197 26 189 119 42 225 810 123 73 356 21 130 26 225 36 21 26 20 22 125 512 593 26 1097 22 219 80 669 439 272
internal_value=-7.12675e-05 -0.00136162 -0.00389936 -0.000627285 -0.00293051 -0.00103396 -0.00161451 -0.00287361 -0.00650102 0.000919618 -0.00874989 -0.0129359 0.00296253 0.000271202 0.000766923 0.00529161 0.00702803 0.00903556 0.00515135 -0.00564521 0.000530569 -0.000942129 -0.00357641 0.00111842 0.0106702 0.000915084 0.00132746 0.00311281 0.000462128 -0.000222988
internal_weight=6880 2709 607 2102 581 1983 1732 1157 347 575 274 151 251 267 4171 206 185 159 219 314 3965 1131 538 2834 58 2776 2557 1188 519 1369
internal_count=6880 2709 607 2102 581 1983 1732 1157 347 575 274 151 251 267 4171 206 185 159 219 314 3965 1131 538 2834 58 2776 2557 1188 519 1369
is_linear=0
shrinkage=0.05


Tree=128
num_leaves=31
num_cat=0
split_feature=45 75 107 20 6 7 12 49 44 106 2 64 23 70 16 5 9 6 75 20 61 45 29 71 22 58 48 44 107 19
split_gain=2.44079 2.66818 3.41137 2.34108 3.9589 3.30943 3.83473 3.5934 3.46698 4.24665 3.09327 2.75065 2.60063 3.49642 3.12701 3.24969 3.9707 2.70703 2.53688 2.52894 2.42311 2.39231 3.2651 3.11754 2.80575 2.69464 5.30393 3.4715 2.80318 2.79315
threshold=-1.1937391757965086 -1.3963412642478941 0.10979195684194566 0.060416903346776969 0.74154341220855724 0.66166779398918163 0.04783583618700505 2.2558574676513676 2.6413861513137822 1.8425072431564333 0.50600963830947887 0.24809046834707263 1.3645321726799013 0.14876003563404086 0.31208574771881109 0.98807302117347728 0.082571029663085951 0.91016855835914623 0.40408971905708319 0.064796157181262984 0.22631363570690158 0.38093933463096624 0.6302340328693391 0.85511919856071483 9.8477106094360369 0.68487390875816356 0.69848838448524486 0.33561460673809057 0.22763509303331378 0.083306785672903075
decision_type=2 2 2 2 2 2 2 2 2 2 2 2 2 2 2 2 2 2 2 2 2 2 2 2 2 2 2 2 2 2
left_child=-1 2 -2 4 21 6 -5 8 11 -10 -8 12 14 -14 15 19 -17 -16 -13 -7 -11 22 23 24 -3 -23 27 -27 -29 -28
right_child=1 3 -4 5 -6 7 10 -9 9 20 -12 18 13 -15 17 16 -18 -19 -20 -21 -22 25 -24 -25 -26 26 29 28 -30 -31
leaf_value=0.011156901426390203 -0.002392110752272877 0.0039568537106541932 -0.017874244055710736 -0.024743254296481609 0.010097832194043567 -0.0064447977771872993 0.0017586557977411301 0.0068498106581342966 -0.021108033669340175 -0.0081443953044451883 -0.0069527548831811604 -0.012108392711745056 0.016958464622656082 0.0023506113464216829 0.005816303434112823 -0.013232377418956043 -0.0023809947245237426 -0.0051045563125184604 -0.0014946413787864997 0.0013117038327374892 0.0029619394133734143 0.0025366971228980013 0.0066207544581989497 -0.0060807539207061107 -0.0065915747811526974 -0.0017050860359519643 -0.0039750157134703307 -0.0076355063683401243 -0.023397554819839021 0.0022303703446572179
leaf_weight=47 172 427 44 22 114 118 160 166 40 114 278 85 46 323 302 101 490 69 164 898 85 605 343 137 73 291 237 213 32 761
leaf_count=47 172 427 44 22 114 118 160 166 40 114 278 85 46 323 302 101 490 69 164 898 85 605 343 137 73 291 237 213 32 761
internal_value=-7.91072e-05 -0.000157135 -0.00561371 1.97486e-05 0.000987052 -0.000883856 -0.00482813 -0.000277862 -0.000697482 -0.00644712 -0.00377375 -0.000165865 0.000365071 0.00421256 -0.000354451 -0.00131 -0.00425468 0.00377694 -0.00515175 0.000405399 -0.00340939 0.000650922 0.00269536 0.000574628 0.0024067 -0.000286578 -0.00140099 -0.00540783 -0.00978097 0.000754243
internal_weight=6957 6910 216 6694 3233 3461 460 3001 2835 239 438 2596 2347 369 1978 1607 591 371 249 1016 199 3119 980 637 500 2139 1534 536 245 998
internal_count=6957 6910 216 6694 3233 3461 460 3001 2835 239 438 2596 2347 369 1978 1607 591 371 249 1016 199 3119 980 637 500 2139 1534 536 245 998
is_linear=0
shrinkage=0.05


Tree=129
num_leaves=31
num_cat=0
split_feature=45 37 64 48 6 0 28 106 107 48 73 25 3 8 45 75 75 104 56 11 62 65 50 2 7 0 8 104 105 95
split_gain=2.83452 2.1171 3.28253 2.98105 3.8668 3.40637 2.99397 3.36369 2.87852 2.61947 3.36349 3.1669 5.15896 3.85981 3.01535 2.6184 3.95547 2.66121 2.55844 2.49739 2.43712 2.30392 2.21454 2.16385 2.13159 2.12129 2.25698 1.99721 1.99517 1.93546
threshold=2.8352714776992802 0.26830369234085089 0.21824647486209872 1.0632203221321108 0.84238922595977794 1.2097001671791079 1.3630428910255434 2.4612860679626469 0.039962798357009895 0.89707213640213024 2.1959077119827275 0.46351706981658941 0.41873233020305639 0.53858596086502086 0.86333787441253673 -0.40863882005214686 -0.243615947663784 4.1862356662750253 0.88650286197662365 0.10929272696375848 0.11581319943070413 0.095534075051546111 0.71761861443519603 0.67943763732910167 0.64927330613136303 0.093968752771615996 0.49203938245773321 5.8181626796722421 1.6155475974082949 -0.020785510540008541
decision_type=2 2 2 2 2 2 2 2 2 2 2 2 2 2 2 2 2 2 2 2 2 2 2 2 2 2 2 2 2 2
left_child=1 3 19 4 6 8 9 29 -5 11 24 12 13 25 -13 27 -17 -18 -19 20 -3 -7 -15 -16 -11 -1 -27 -10 -4 -8
right_child=-2 2 28 5 -6 21 7 -9 15 10 -12 14 -14 22 23 16 17 18 -20 -21 -22 -23 -24 -25 -26 26 -28 -29 -30 -31
leaf_value=-0.011622056464712399 0.01609055151283327 0.0040522783407003536 -0.0098163498798385269 -0.00010316660418151143 -0.014481288905255497 0.011257076933979988 -0.024275897716482482 -0.0025874467394517795 -0.014611687271319557 -0.011031966500895773 -0.014687313343260866 0.0083157290813487463 -0.0059369420669487701 0.012718749482766726 -0.0025080889064569914 0.016359229830022044 0.01099791433693359 0.0041940411998938167 -0.0017827979823999592 -0.0077645212562736862 -0.00637328392166517 -0.0046090822887244814 0.0013333306676940994 0.0037092372321757315 0.00086296073607579609 0.00073842459752390579 -0.011686194376211222 0.0031273159025717646 0.00068572381306971101 -0.0045034435051290889
leaf_weight=38 26 118 47 726 49 24 29 472 32 46 60 217 346 99 219 64 111 812 229 318 105 275 75 384 189 958 37 30 781 22
leaf_count=38 26 118 47 726 49 24 29 472 32 46 60 217 346 99 219 64 111 812 229 318 105 275 75 384 189 958 37 30 781 22
internal_value=-7.8407e-05 -0.000141546 -0.00190159 0.00029341 -0.000684122 0.00166836 -0.000467787 -0.00392313 0.00241127 0.000210769 -0.00422455 0.000763694 -0.000563769 0.00098015 0.0032754 0.00383862 0.00435072 0.00366997 0.0028788 -0.00492662 -0.000863156 -0.00330227 0.0078469 0.00145079 -0.00150229 -0.000182966 0.000265134 -0.0061149 7.84695e-05 -0.0159972
internal_weight=6938 6912 1369 5543 3240 2303 3191 523 2004 2668 295 2373 1553 1207 820 1278 1216 1152 1041 541 223 299 174 603 235 1033 995 62 828 51
internal_count=6938 6912 1369 5543 3240 2303 3191 523 2004 2668 295 2373 1553 1207 820 1278 1216 1152 1041 541 223 299 174 603 235 1033 995 62 828 51
is_linear=0
shrinkage=0.05


Tree=130
num_leaves=31
num_cat=0
split_feature=104 7 20 78 61 41 42 49 15 74 54 47 28 92 95 106 104 42 109 106 23 27 50 44 76 71 51 16 27 29
split_gain=2.48392 2.42508 5.59967 2.32352 2.07109 2.40303 2.06947 1.90782 2.55593 2.49263 2.27994 1.86068 2.07226 1.62881 1.58289 2.77854 1.52128 1.46258 3.05858 2.81635 1.74358 2.75573 2.45334 2.44633 2.2997 2.11705 1.97706 2.4341 2.79655 1.8619
threshold=4.9441642761230478 0.64927330613136303 0.043500196188688285 0.74624541401863109 0.086438622325658812 0.052192641422152526 2.1593204736709599 2.2558574676513676 0.17661363631486895 1.5530930757522585 0.63225042819976818 2.3998591899871831 1.4029421210289004 -0.44810312986373896 -0.12901115417480466 2.8896430730819707 4.0959019660949716 -2.0669445991516109 13.500000000000002 3.6187863349914555 1.2092927694320681 0.48184783756732946 0.41156086325645452 1.9432728290557864 2.1102938652038579 1.683245122432709 9.8747534751892108 0.046511908993124969 0.39852948486804968 1.210401773452759
decision_type=2 2 2 2 2 2 2 2 2 2 2 2 2 2 2 2 2 2 2 2 2 2 2 2 2 2 2 2 2 2
left_child=1 2 3 -1 -3 -6 17 8 9 -7 14 12 -12 -4 -11 -16 -14 18 19 -2 21 24 -23 -22 26 29 27 28 -19 -24
right_child=6 4 13 -5 5 7 -8 -9 -10 10 11 -13 16 -15 15 -17 -18 20 -20 -21 23 22 25 -25 -26 -27 -28 -29 -30 -31
leaf_value=-0.0098348423425870194 0.013790754001599417 0.012043217896697586 -0.014040028819916388 0.0078815906172045903 -0.0054487724488649827 0.0095228455273524658 -0.012415098750756847 0.016668592156985632 -0.0048809739978094785 0.0049998861484805519 0.0022969252386294521 -0.0099233887198826552 0.016979895119971417 -0.0037088628280459038 -0.019918423345119791 -0.0010499596843862387 0.0060139260882771436 -0.00049946618835144789 -0.00054416737197695187 0.0026452114183556142 0.0043908252258805314 -0.018984774848365266 -0.0018580118240690002 -0.00043818756078240471 -0.005426623989069141 -0.018319164480393134 0.0053847173650283372 -0.0019566863302781373 0.0067270041681575998 -0.0081819538854890402
leaf_weight=21 78 60 72 119 85 154 35 25 93 37 304 22 46 82 28 60 103 322 595 203 344 22 1549 1093 166 20 199 687 228 125
leaf_count=21 78 60 72 119 85 154 35 25 93 37 304 22 46 82 28 60 103 322 595 203 344 22 1549 1093 166 20 199 687 228 125
internal_value=-1.1149e-05 0.00194929 -0.0020452 0.00517322 0.00310491 0.00253253 -0.000465019 0.00331587 0.00290256 0.00386779 0.0024029 0.00398283 0.00467856 -0.00859844 -0.00358481 -0.00720991 0.00949002 -0.000388551 0.00148776 0.00577692 -0.000734459 -0.00136443 -0.00275608 0.000720068 0.000127045 -0.00253425 0.000772373 2.66205e-05 0.00250301 -0.00233483
internal_weight=6977 1311 294 140 1017 957 5666 872 847 754 600 475 453 154 125 88 149 5631 876 281 4755 3318 1716 1437 1602 1694 1436 1237 550 1674
internal_count=6977 1311 294 140 1017 957 5666 872 847 754 600 475 453 154 125 88 149 5631 876 281 4755 3318 1716 1437 1602 1694 1436 1237 550 1674
is_linear=0
shrinkage=0.05


Tree=131
num_leaves=31
num_cat=0
split_feature=104 81 74 105 44 82 74 22 106 28 104 106 104 109 61 23 52 76 75 105 108 68 15 62 51 45 107 104 63 68
split_gain=2.67541 2.11934 1.71224 1.67139 2.59142 2.63746 2.57071 2.50753 2.65249 2.08652 2.69343 2.07106 1.76374 2.17486 2.07254 4.18876 2.46219 2.18161 2.08689 2.14017 1.73584 2.2776 1.67832 1.64577 1.62379 1.52311 1.50558 1.45406 1.48264 1.76247
threshold=7.4866347312927255 -0.65259540081024159 3.0402606725692753 6.4557688236236581 -0.43315218389034266 -1.0721307992935178 0.54773691296577465 10.07378673553467 6.5199675559997567 1.4682041406631472 5.6163914203643808 5.5564913749694833 5.4318635463714608 1.0000000180025095e-35 0.12248823419213296 1.0032640099525454 0.74166998267173778 1.368796765804291 1.0537104010581972 0.40306536853313452 0.40000000596046453 0.042285023257136352 0.066212490200996413 0.063362441956996932 9.8658666610717791 1.826738238334656 0.20973215997219088 6.0523612499237069 0.1987869665026665 0.17629524320364001
decision_type=2 2 2 2 2 2 2 2 2 2 2 2 2 2 2 2 2 2 2 2 2 2 2 2 2 2 2 2 2 2
left_child=3 24 -3 6 -5 -6 -1 8 12 11 -11 -7 13 -8 15 20 -16 -18 19 -19 21 -15 -13 -22 -2 -14 -17 28 29 -24
right_child=1 2 -4 4 5 9 7 -9 -10 10 -12 22 25 14 16 26 17 18 -20 -21 23 -23 27 -25 -26 -27 -28 -29 -30 -31
leaf_value=-0.013734917490236351 -0.0042264633499805564 -0.0012725926731033963 0.011886034451425076 0.0092608747284560061 -0.015419132971083341 -0.0099000041775236091 -0.013840797206475623 -0.0086257566628046341 -0.0055240213979084723 0.012402798914278739 0.0022053585189317636 0.0024522324581869258 -8.4183159276688945e-06 -0.0040747193782590327 0.018158264209826788 -0.0059563738192346966 -0.0022850523386185877 0.019445217531174425 -0.00080593317899102762 0.0055450953921898881 0.010870776067433948 0.0043943228338558984 -0.01098394670786903 -0.0030759976197291036 -0.02059549999733766 -0.0062671262464271352 -0.021189818108299129 0.00077528519905172293 -0.016436023585498335 0.0011543854920810824
leaf_weight=33 43 2283 24 111 22 43 20 79 178 93 210 828 1172 164 29 54 131 29 125 400 81 152 45 28 23 105 23 277 24 85
leaf_count=33 43 2283 24 111 22 43 20 79 178 93 210 828 1172 164 29 54 131 29 125 400 81 152 45 28 23 105 23 277 24 85
internal_value=-2.54701e-05 -0.00138572 -0.00113061 0.000685509 0.00190323 0.00139588 -6.99483e-05 9.77453e-05 0.000356951 0.00163583 0.00536577 0.000764348 0.000775542 0.00212118 0.00239487 -6.75026e-05 0.00412379 0.00350403 0.00487458 0.00652777 0.0018831 8.50526e-09 0.00113615 0.00729272 -0.0101531 -0.000527535 -0.01072 -0.00139203 -0.00527023 -0.00309912
internal_weight=6914 2373 2307 4541 1738 1627 2803 2770 2691 1605 303 1302 2513 1236 1216 502 714 685 554 429 425 316 1259 109 66 1277 77 431 154 130
internal_count=6914 2373 2307 4541 1738 1627 2803 2770 2691 1605 303 1302 2513 1236 1216 502 714 685 554 429 425 316 1259 109 66 1277 77 431 154 130
is_linear=0
shrinkage=0.05


Tree=132
num_leaves=31
num_cat=0
split_feature=104 51 45 21 105 18 28 78 7 70 63 71 105 8 49 71 82 57 35 15 46 45 29 64 57 3 13 38 37 11
split_gain=2.11939 2.06737 1.91499 1.91203 2.0143 1.8836 2.38311 2.70987 2.0484 3.67937 3.74503 3.10326 2.83727 2.74456 3.92012 2.62648 2.02827 1.95508 1.92902 1.92622 3.01388 2.16182 1.92464 1.91145 2.57171 2.43487 2.48592 2.25647 1.85728 1.79636
threshold=10.215177059173586 9.9621591567993182 2.8352714776992802 0.26507447659969335 6.6721603870391855 0.022083752788603309 1.476015090942383 1.2393337488174441 1.0017796158790591 0.063975743949413313 0.062801346182823195 0.7434489130973817 2.7945884466171269 0.69622474908828746 0.45142973959445959 0.59149387478828441 -0.99406456947326649 1.3290075063705447 0.077470380812883391 0.05080105550587178 -0.40624703466892237 1.1183658242225649 0.83412644267082225 0.19715183228254321 0.8079105317592622 0.19116093963384631 0.076521158218383803 0.089661393314600005 0.11525180935859682 0.069499477744102492
decision_type=2 2 2 2 2 2 2 2 2 2 2 2 2 2 2 2 2 2 2 2 2 2 2 2 2 2 2 2 2 2
left_child=2 -2 3 4 -1 6 7 -5 11 10 17 15 -13 19 -15 16 -7 -10 -16 21 -21 -11 -23 25 -25 -18 -27 -26 -17 -6
right_child=1 -3 -4 5 29 8 -8 -9 9 13 -12 12 -14 14 18 28 23 -19 -20 20 -22 22 -24 24 27 26 -28 -29 -30 -31
leaf_value=-0.0011921024520879786 -0.0013357039419885121 -0.010819425587708664 0.01350802563958698 0.00023637631938719947 0.0058788294792175297 -0.014434375237949468 -0.004538785194502756 0.0075624186389232463 0.0024567096106392723 0.006935366791217615 -0.017421996646976853 -0.012497258776926649 -0.0029443917886751211 -0.0062972630307530589 0.014766749605536462 0.015788439318940445 -0.016468766531734555 -0.0058910079255357541 0.00077153318790978314 -0.0057826394035071062 0.0048722463199626469 -0.0051306847144543836 0.0063093454827498081 -0.0079172268154131115 -0.012624238363721155 0.00034545588663396692 -0.003952135705747181 0.0037704079602560131 0.0028166101117221842 0.021295659258388555
leaf_weight=68 183 83 26 242 74 26 95 263 126 441 46 91 509 207 24 36 26 156 1648 120 146 82 65 59 21 874 546 472 111 25
leaf_count=68 183 83 26 242 74 26 95 263 126 441 46 91 509 207 24 36 26 156 1648 120 146 82 65 59 21 874 546 472 111 25
internal_value=4.32393e-05 -0.00432435 0.000219228 0.000164832 0.00543062 2.72883e-05 0.0026925 0.00405913 -0.000247325 0.000644154 -0.00435173 -0.00123198 -0.00441163 0.00124511 0.000176381 -0.000351593 -0.000821379 -0.00216568 0.000981128 0.00359359 6.18758e-05 0.00518846 -6.37164e-05 -0.000637101 0.00186372 -0.0015924 -0.00130862 0.00304791 0.0060786 0.00994599
internal_weight=6891 266 6625 6599 167 6432 600 505 5832 3061 328 2771 600 2733 1879 2171 2024 282 1672 854 266 588 147 1998 552 1446 1420 493 147 99
internal_count=6891 266 6625 6599 167 6432 600 505 5832 3061 328 2771 600 2733 1879 2171 2024 282 1672 854 266 588 147 1998 552 1446 1420 493 147 99
is_linear=0
shrinkage=0.05


Tree=133
num_leaves=31
num_cat=0
split_feature=104 45 106 89 46 38 9 37 34 104 13 18 33 74 22 95 69 47 69 69 61 27 104 83 46 46 30 36 104 61
split_gain=2.25935 1.89382 2.72932 1.75328 1.80089 3.62496 2.82982 2.39194 4.2112 2.78089 2.46192 2.15184 2.93108 3.2301 2.01006 1.98504 1.92357 3.58621 2.48916 3.17279 2.83699 3.55194 2.20907 2.06213 2.00693 1.84884 1.74875 1.54342 1.51436 2.24511
threshold=10.567246913909914 -1.1937391757965086 5.6443760395050058 3.9928735494613652 -0.5545361042022704 0.071859546005725874 0.027451277710497383 0.062774866819381728 0.079858236014843001 8.6802754402160662 0.072827048599720015 0.020590915344655517 0.059083690866827972 1.9325221180915835 9.7693824768066424 0.17669880390167239 0.23401579260826114 -0.27805492281913752 0.27628073096275335 0.26370441913604742 0.24536512047052386 0.31324745714664465 3.7347433567047124 -0.98393571376800526 -0.96682000160217274 -1.5287550687789915 0.065177101641893401 0.12609782069921496 4.1862356662750253 0.43422037363052374
decision_type=2 2 2 2 2 2 2 2 2 2 2 2 2 2 2 2 2 2 2 2 2 2 2 2 2 2 2 2 2 2
left_child=1 2 -1 4 5 6 -3 9 -9 10 -6 -8 26 -14 -10 -12 17 -7 19 -18 21 -20 -23 -22 25 -19 -13 -27 29 -16
right_child=-2 3 -4 -5 7 16 11 8 14 -11 15 12 13 -15 28 -17 18 24 20 -21 23 22 -24 -25 -26 27 -28 -29 -30 -31
leaf_value=-0.0035330400813282248 -0.0059505378067458295 -0.0037646561336051572 0.020882142907850301 -0.0091353286240169283 0.0016142340886401781 -0.00023689489171009883 0.0082507640133530555 0.0130110247304985 -0.010164885724441627 -0.014609209980335436 -0.011462456065540513 0.000814484175750785 0.0085099032323341824 6.0656986104070466e-05 0.0030513252340859014 -0.0003880121709676687 1.6007457135388131e-05 -0.0061966841920701697 0.0038850016275075137 0.011587209076276937 -0.014694807979024269 -0.019664824523422268 -0.0056947932481664579 0.00087746960661310304 -0.0034033834052804323 -0.022114311501823573 -0.0048265800054055064 -0.0091520765677691913 0.001147385051782868 0.01634227807982825
leaf_weight=20 158 248 25 51 325 398 125 80 36 39 80 698 247 208 158 81 201 140 96 83 21 30 358 631 237 44 170 52 1832 39
leaf_count=20 158 248 25 51 325 398 125 80 36 39 80 698 247 208 158 81 201 140 96 83 21 30 358 631 237 44 170 52 1832 39
internal_value=-5.92518e-05 7.94473e-05 0.01019 1.01126e-05 8.15384e-05 -0.000591403 0.00116047 0.00108626 0.00182656 -0.00193613 -0.000891244 0.00200601 0.00141021 0.00465599 0.00138718 -0.00592763 -0.00188823 -0.00373677 -0.000752541 0.00342652 -0.0017994 -0.00469525 -0.00682273 0.000354173 -0.00667498 -0.00993222 -0.000294615 -0.0152598 0.00159705 0.00575178
internal_weight=6911 6753 45 6708 6657 3987 1696 2670 2145 525 486 1448 1323 455 2065 161 2291 871 1420 284 1136 484 388 652 473 236 868 96 2029 197
internal_count=6911 6753 45 6708 6657 3987 1696 2670 2145 525 486 1448 1323 455 2065 161 2291 871 1420 284 1136 484 388 652 473 236 868 96 2029 197
is_linear=0
shrinkage=0.05


Tree=134
num_leaves=31
num_cat=0
split_feature=105 21 21 37 104 81 27 35 21 48 51 107 50 11 37 31 63 70 15 40 105 71 55 105 37 46 84 61 105 82
split_gain=2.27114 2.10198 2.57179 2.65175 2.05746 2.03836 1.85314 2.35532 2.2489 1.9333 1.79258 1.77245 1.68601 1.62478 1.47491 2.96116 1.60005 3.27459 1.75094 1.98753 1.89693 1.51935 1.77435 1.44102 1.91795 2.87231 1.8251 1.61281 2.33158 1.36844
threshold=0.31855691969394689 0.27459309995174414 0.31440272927284246 0.024005781859159473 7.8083362579345712 -0.65259540081024159 0.7736017405986787 0.30854061245918279 0.87939536571502697 2.9268338680267338 9.8658666610717791 0.066177975386381163 0.89448988437652599 0.069499477744102492 0.29550254344940191 0.089566834270954146 0.056958230212330825 0.060838390141725547 0.022475771605968479 0.10144415497779848 5.8892688751220712 0.72202017903327953 0.87912130355834972 6.4557688236236581 0.41697035729885107 0.70881959795951854 -0.57450228929519642 0.33319362998008734 0.74119275808334362 -0.54348078370094288
decision_type=2 2 2 2 2 2 2 2 2 2 2 2 2 2 2 2 2 2 2 2 2 2 2 2 2 2 2 2 2 2
left_child=-1 13 11 -4 23 10 7 9 -8 14 -6 -3 -10 -2 15 16 -7 -18 19 -19 -20 -17 -23 24 27 -26 -25 -5 -29 -13
right_child=1 2 3 4 5 6 8 -9 12 -11 -12 29 -14 -15 -16 21 17 18 20 -21 -22 22 -24 26 25 -27 -28 28 -30 -31
leaf_value=0.01391555422210488 0.0024479272625418224 -0.0002167722846691807 0.006204363304996372 -0.00050612195294970168 -0.0034311666039941024 0.0020955656884135659 0.0077162966932259481 -0.014165955773205497 -0.0093563811707389651 -0.01561418628692627 -0.020582518725691792 -0.01667480950127356 0.0011838320977182182 0.012927687847788664 -0.0054184678829467606 0.0048502987599138951 -0.021137693693378458 -0.0061792635552895573 -0.00086632728003678506 0.0067253318915874525 -0.0081342934657735785 -0.0133017354286634 0.00094024653640783237 -0.01285540727813813 -0.023514256211505696 -0.0016580484855007764 0.0016414046572835663 0.018495100602507593 0.0021036695038630917 -0.0057430097546509618
leaf_weight=28 177 104 163 2503 38 126 111 39 46 24 25 39 196 46 207 256 26 47 159 78 206 25 137 21 21 48 1713 24 167 108
leaf_count=28 177 104 163 2503 38 126 111 39 46 24 25 39 196 46 207 256 26 47 159 78 206 25 137 21 21 48 1713 24 167 108
internal_value=-4.74818e-05 -0.000106322 -0.000266587 -7.16707e-05 -0.000236501 -0.00169271 -0.00135879 -0.00221329 0.00185788 -0.00184153 -0.0104525 -0.0052212 -0.000849938 0.00465773 -0.00156853 -0.000812309 -0.00294292 -0.00417492 -0.00323363 0.00186267 -0.00497927 0.00245927 -0.00132571 0.000329136 -0.000379918 -0.00855083 0.00145853 -0.000167546 0.00424893 -0.00873635
internal_weight=6908 6880 6657 6406 6243 1746 1683 1330 353 1291 63 251 242 223 1267 1060 642 516 490 125 365 418 162 4497 2763 69 1734 2694 191 147
internal_count=6908 6880 6657 6406 6243 1746 1683 1330 353 1291 63 251 242 223 1267 1060 642 516 490 125 365 418 162 4497 2763 69 1734 2694 191 147
is_linear=0
shrinkage=0.05


Tree=135
num_leaves=31
num_cat=0
split_feature=104 56 45 45 108 73 97 47 44 25 21 77 106 100 82 60 22 45 1 48 35 12 12 12 62 71 45 56 106 34
split_gain=2.07778 2.41134 2.24272 1.9787 1.64733 1.52214 1.42608 1.52539 2.16388 4.24424 4.06816 2.42725 2.38943 3.98621 2.80392 3.42268 2.27402 2.21954 2.67772 2.19345 2.04645 2.04156 1.8498 3.7714 2.4068 3.17816 2.26279 1.80775 1.76147 1.69249
threshold=10.360843658447267 0.83023986220359813 -1.1937391757965086 2.8352714776992802 1.5000000000000002 0.76162013411521923 2.1188628673553471 1.1770529150962832 0.42348438501358038 0.44366264343261724 0.50824832916259777 1.2264693379402163 2.4612860679626469 0.88652965426445018 -0.045160517096519463 0.12939316034317019 9.8898348808288592 1.1031664013862612 10.168704032897951 0.7419758439064027 0.089103031903505339 0.12512812018394473 0.04783583618700505 0.031510790809988982 0.12531407922506335 -0.055881913751363747 2.0693985223770146 0.77879029512405407 1.5914100408554079 0.12429803237318994
decision_type=2 2 2 2 2 2 2 2 2 2 2 2 2 2 2 2 2 2 2 2 2 2 2 2 2 2 2 2 2 2
left_child=2 5 -1 4 6 -2 7 8 21 11 19 -10 13 14 -12 16 -16 18 20 -11 -14 -4 23 -9 25 27 -25 -24 -21 -19
right_child=1 -3 3 -5 -6 -7 -8 22 9 10 12 -13 17 -15 15 -17 -18 29 -20 28 -22 -23 24 26 -26 -27 -28 -29 -30 -31
leaf_value=0.012189761236554776 -0.011876414928776332 -0.020192037929188125 0.00076269358143620479 0.01480480753614203 -0.0093152752966093634 -0.0010533394317998347 -0.0048314557411614136 -0.0049346983458285467 -0.012584549309685828 -0.0013567815309215804 -0.0037080638155778303 -0.0035235900969093886 0.0025766260161130565 0.0048036792358526819 -0.037886767692509149 -0.0056114779974788774 -0.01455741514129421 0.0036066519602077312 0.0065830868241295989 0.015875446802238003 -0.004358791809784197 0.0093509178071851939 0.0015520921377595014 0.0096771379766609766 0.0025468456564718689 -0.0030506173337223651 -0.0069257450183732028 0.013226133243828689 0.0048674895934760574 -0.0010171291990425239
leaf_weight=38 38 21 1788 22 45 196 138 72 104 127 97 254 126 64 20 42 25 392 75 42 662 71 120 212 888 579 22 45 249 398
leaf_count=38 38 21 1788 22 45 196 138 72 104 127 97 254 126 64 20 42 25 392 75 42 662 71 120 212 888 579 22 45 249 398
internal_value=6.59672e-05 -0.00435513 0.00023443 0.000164596 0.000113997 -0.00285399 0.00017957 0.000287114 -0.000214598 -0.00112448 -0.000341148 -0.00618355 -0.00132351 -0.0058898 -0.00961513 -0.0160842 -0.0255242 -0.00063528 -0.00238696 0.00411897 -0.00324797 0.00109555 0.00146091 0.00502184 0.000790565 -0.00130625 0.00809335 0.00479642 0.00650519 0.00127886
internal_weight=6972 255 6717 6679 6657 234 6612 6474 4536 2677 2319 358 1901 248 184 87 45 1653 863 418 788 1859 1938 306 1632 744 234 165 291 790
internal_count=6972 255 6717 6679 6657 234 6612 6474 4536 2677 2319 358 1901 248 184 87 45 1653 863 418 788 1859 1938 306 1632 744 234 165 291 790
is_linear=0
shrinkage=0.05


Tree=136
num_leaves=31
num_cat=0
split_feature=104 104 68 16 104 71 57 96 60 89 57 49 63 39 105 105 13 20 56 107 49 104 104 106 75 64 43 86 63 67
split_gain=1.99208 2.53973 1.994 2.0121 1.72975 3.06817 2.03375 1.61556 1.91163 1.95661 1.44059 1.43735 1.63857 1.38667 1.35353 1.7318 1.8254 2.07227 1.9347 1.90054 1.82067 1.85525 2.13363 1.734 3.10652 3.1007 2.43598 3.01105 2.97099 3.07253
threshold=8.7397260665893572 8.7065262794494647 0.034207141026854522 0.023100346326828006 3.1946471929550175 0.96818438172340404 0.81888419389724743 2.3188179731369023 0.21572840213775638 1.0000000180025095e-35 1.3229328989982607 1.7401396036148074 0.18693948537111285 0.10190364345908166 8.8206114768981951 6.9488794803619394 0.035125516355037696 0.027565496973693374 0.67155751585960399 0.22763509303331378 -1.1442648768424986 8.6115598678588885 8.2311801910400408 5.1637053489685067 0.6312750279903413 0.25192058086395269 1.9394507408142092 1.3226722478866579 0.12233375012874605 0.25496894121170049
decision_type=2 2 2 2 2 2 2 2 2 2 2 2 2 2 2 2 2 2 2 2 2 2 2 2 2 2 2 2 2 2
left_child=1 4 -2 10 5 6 -1 8 9 -5 -4 12 -10 -8 15 16 19 18 -18 -6 -17 22 -22 24 25 26 28 -28 -19 -30
right_child=2 -3 3 7 14 -7 13 -9 11 -11 -12 -13 -14 -15 -16 20 17 23 -20 -21 21 -23 -24 -25 -26 -27 27 -29 29 -31
leaf_value=0.0092713258963948511 0.0093297449787232006 0.012726401178756867 -0.016467014360039132 0.0031090192689323267 -0.0016601081087190489 0.023285782638759842 -0.012116331348833801 -0.013091835695377085 0.0031672004784588526 -0.0057946159301320134 -0.0018423943464378164 0.010515686603384498 -0.011589814053998755 0.002362965331087972 -0.0077697644239244123 0.012111179627633344 0.010237938126609211 0.00023570481901067183 -0.0013768112077772365 -0.010802799151218557 0.001790977247252364 0.014985075380653143 -0.0068829989996587711 -0.0012198582941642432 -0.0022370128262619851 -0.012833439789579383 0.022763457346797713 0.0037962800840527487 0.0092778978169521919 0.0012513709251347899
leaf_weight=60 32 40 45 81 219 20 26 31 86 251 27 45 23 42 53 41 92 1052 58 76 1059 24 75 2118 625 34 30 66 222 257
leaf_count=60 32 40 45 81 219 20 26 31 86 251 27 45 23 42 53 41 92 1052 58 76 1059 24 75 2118 625 34 30 66 222 257
internal_value=5.57108e-05 0.000322629 -0.0026436 -0.00330881 0.000241208 0.00556389 0.00263579 -0.00220681 -0.00148705 -0.00361953 -0.0110831 0.00310395 -2.37191e-05 -0.0032686 0.000111199 0.000181534 -0.000239283 8.01674e-06 0.00576753 -0.00404405 0.00188219 0.00150988 0.00121174 -0.000189417 0.000765413 0.00189583 0.00221133 0.00989709 0.00172325 0.00498297
internal_weight=6910 6289 621 589 6249 148 128 517 486 332 72 154 109 68 6101 6048 4849 4554 150 295 1199 1158 1134 4404 2286 1661 1627 96 1531 479
internal_count=6910 6289 621 589 6249 148 128 517 486 332 72 154 109 68 6101 6048 4849 4554 150 295 1199 1158 1134 4404 2286 1661 1627 96 1531 479
is_linear=0
shrinkage=0.05


Tree=137
num_leaves=31
num_cat=0
split_feature=45 20 99 5 28 55 32 49 83 44 28 104 27 29 62 35 38 22 0 27 2 32 29 73 38 105 56 76 1 42
split_gain=1.88482 1.73143 3.77959 2.44214 2.75217 2.32246 2.7006 2.60708 2.58277 1.9992 2.50527 2.27056 1.98982 2.21283 1.73965 2.18596 2.18973 1.69545 1.68689 1.65697 1.62791 2.04509 1.60844 1.48548 1.46046 1.44389 4.36866 4.9322 2.48048 2.17115
threshold=2.8352714776992802 0.060416903346776969 -2.3514788150787349 0.8354926109313966 1.6169641017913821 0.6382562816143037 0.12803915143013003 0.35676762461662298 -0.455060064792633 0.78050911426544201 1.2590322494506838 3.8516664505004887 0.72663140296936046 0.8717467486858369 0.13673902302980426 0.10830863565206529 0.19157979637384417 9.8415894508361834 0.49323430657386785 0.6774202585220338 0.62272933125495922 0.064282614737749114 0.72879922389984142 1.8583359122276308 0.19157979637384417 2.6286942958831792 0.67423012852668773 2.0614215135574345 9.8541035652160662 0.45652449131011968
decision_type=2 2 2 2 2 2 2 2 2 2 2 2 2 2 2 2 2 2 2 2 2 2 2 2 2 2 2 2 2 2
left_child=1 2 -1 4 12 6 24 8 -7 10 -5 -11 13 14 15 18 -17 -16 20 -15 21 -4 -23 -13 -3 26 28 -28 -9 -30
right_child=-2 5 3 9 -6 7 -8 25 -10 11 -12 23 -14 19 17 16 -18 -19 -20 -21 -22 22 -24 -25 -26 -27 27 -29 29 -31
leaf_value=-0.01688720669364557 0.014320489560233671 0.0009904901481446965 0.0030457770648594728 0.002394719363493203 -0.0051600776407953906 -0.015185797505750599 0.0079067180520470647 -0.0063958057453015098 -0.0033975106501110738 0.019693102247010059 -0.010726627740052905 0.012057313045360181 0.0058179652191887561 -0.0066346195853599303 0.00039047699351680323 0.0071633181855768752 0.00088198040382528287 -0.006998473146294211 -0.0045868919772347706 0.0019419726456384881 0.0059333034815138271 -0.003503344103534708 0.0032168201346946114 0.0034259493533151612 -0.010932751781036778 -0.00027928959992168048 -0.02064818072793705 -0.0033870779243242877 0.0099016925772201416 -0.0021991840170812794
leaf_weight=29 22 149 362 160 215 56 157 71 257 25 46 56 177 181 202 284 271 125 153 81 144 373 116 414 30 2415 61 126 88 63
leaf_count=29 22 149 362 160 215 56 157 71 257 25 46 56 177 181 202 284 271 125 153 81 144 373 116 414 30 2415 61 126 88 63
internal_value=3.1002e-05 -1.67171e-05 0.000782778 0.000939103 0.000252271 -0.000802629 0.00314219 -0.00122602 -0.00554824 0.00356475 -0.000572955 0.00528439 0.000725475 0.000329841 0.000888521 0.00153 0.00410332 -0.00244677 0.000283448 -0.00398578 0.00103621 0.000201566 -0.00190588 0.00447778 -0.00105745 -0.00074517 -0.00348864 -0.00909759 0.00125563 0.00487173
internal_weight=6909 6887 3414 3385 2684 3473 336 3137 313 701 206 495 2469 2292 2030 1703 555 327 1148 262 995 851 489 470 179 2824 409 187 222 151
internal_count=6909 6887 3414 3385 2684 3473 336 3137 313 701 206 495 2469 2292 2030 1703 555 327 1148 262 995 851 489 470 179 2824 409 187 222 151
is_linear=0
shrinkage=0.05


Tree=138
num_leaves=31
num_cat=0
split_feature=104 45 81 105 108 109 104 108 108 73 50 61 71 44 51 105 105 74 28 104 15 37 106 22 104 75 40 29 104 63
split_gain=1.9031 2.43154 2.01429 1.59166 1.34968 1.39418 1.43152 2.51994 1.87394 1.41155 1.34341 1.69877 1.92105 1.82434 1.38702 1.23467 1.59852 2.41031 2.15935 2.98689 1.97853 1.89272 2.10108 1.86182 1.77132 1.67142 1.65611 2.35858 1.67682 1.56915
threshold=7.4866347312927255 -1.1937391757965086 -0.65259540081024159 8.0180406570434588 1.5000000000000002 3.5000000000000004 9.5407228469848651 0.59999999403953563 0.25000000745058065 2.285465002059937 0.80707809329032909 0.13059040904045108 -0.1291285306215286 0.5117967724800111 9.7912993431091326 8.8206114768981951 6.5233404636383066 0.54773691296577465 1.4682041406631472 5.6163914203643808 0.066212490200996413 0.20721861720085147 6.5199675559997567 10.07378673553467 6.0523612499237069 -1.5170890688896177 0.20425961911678317 1.2792916893959048 5.565948724746705 0.1987869665026665
decision_type=2 2 2 2 2 2 2 2 2 2 2 2 2 2 2 2 2 2 2 2 2 2 2 2 2 2 2 2 2 2
left_child=1 -1 -2 4 5 -4 8 -8 10 -9 11 12 14 -14 -7 16 17 -3 20 -20 25 22 23 26 29 -18 27 -19 -28 -22
right_child=2 15 3 -5 -6 6 7 9 -10 -11 -12 -13 13 -15 -16 -17 18 21 19 -21 24 -23 -24 -25 -26 -27 28 -29 -30 -31
leaf_value=0.017578929245826744 -0.0096236729480819235 -0.014452810962845026 0.0031025083637846148 0.0047919175283123666 -0.010295719267523965 0.0025875178467856057 -0.021559024750742884 -0.0069190843422222495 0.0010452453298750851 0.0010139213492263957 -0.006199697375738767 0.00059156254835507089 -0.0039174089566446271 -0.018282260154373946 -0.0046665382566674829 -0.0075370364733278114 -0.0063618715417588945 0.00083885101515286718 0.012790275185434808 0.0021831617021734035 -0.0038001932060219967 -0.0022113880627058148 -0.0047772899241139222 -0.011126129230639588 0.00066102651549496106 0.0027858671489549968 0.0068455855771582157 -0.014082186800186282 0.001048885155035475 -0.017292600704464488
leaf_weight=20 67 28 186 116 39 106 20 126 718 100 180 458 51 39 171 46 52 1390 98 203 132 701 156 29 261 881 245 26 254 25
leaf_count=20 67 28 186 116 39 106 20 126 718 100 180 458 51 39 171 46 52 1390 98 203 132 701 156 29 261 881 245 26 254 25
internal_value=4.7731e-06 0.000604087 -0.00114144 -0.000891357 -0.00119389 -0.00102447 -0.0014157 -0.00497594 -0.000904793 -0.0034199 -0.00229761 -0.00143977 -0.0039695 -0.0102747 -0.0018913 0.000525228 0.000609655 -0.0001121 0.00184496 0.00566756 0.000989727 3.63632e-05 0.000787379 0.00123615 -0.00186598 0.00226976 0.00142907 0.000555132 0.00390296 -0.00604451
internal_weight=6924 4547 2377 2310 2194 2155 1969 246 1723 226 1005 825 367 90 277 4527 4481 2829 1652 301 1351 2801 2100 1944 418 933 1915 1416 499 157
internal_count=6924 4547 2377 2310 2194 2155 1969 246 1723 226 1005 825 367 90 277 4527 4481 2829 1652 301 1351 2801 2100 1944 418 933 1915 1416 499 157
is_linear=0
shrinkage=0.05


Tree=139
num_leaves=31
num_cat=0
split_feature=104 75 56 106 106 104 87 61 107 104 93 23 62 75 75 52 61 27 98 68 109 81 103 56 71 74 106 107 54 97
split_gain=1.64648 2.92421 3.76889 2.75963 2.43312 2.19799 2.10405 2.01415 1.90192 1.74609 1.66092 2.01919 3.03451 2.40981 2.20586 1.87917 2.19443 1.55199 1.49266 1.39342 1.69677 1.47966 1.43062 1.33285 1.3302 1.30345 1.24612 1.2453 1.19552 1.18631
threshold=5.4318635463714608 -0.57448640465736378 0.4365705698728562 6.3277435302734384 1.9966910481452944 6.0523612499237069 -0.79625838994979847 0.21354828774929049 -0.02472328674048185 6.5619361400604257 0.40875902771949774 1.3645321726799013 0.13673902302980426 0.2876535058021546 -0.31134276092052454 1.4003350138664248 0.43450903892517095 1.1462491154670718 1.2151986956596377 0.038508424535393722 31.500000000000004 0.085982814431190505 -0.19831433892250058 0.39969255030155187 2.497784018516541 1.4134589433670046 3.3152076005935673 0.10979195684194566 0.57238507270812999 1.0824340581893923
decision_type=2 2 2 2 2 2 2 2 2 2 2 2 2 2 2 2 2 2 2 2 2 2 2 2 2 2 2 2 2 2
left_child=1 2 8 10 -4 6 -2 -5 -1 17 11 12 14 -14 -3 -13 -17 -7 -15 21 26 -16 -22 -10 -11 -9 28 -6 -21 -8
right_child=5 3 4 7 27 9 29 25 23 24 -12 15 13 18 19 16 -18 -19 -20 20 22 -23 -24 -25 -26 -27 -28 -29 -30 -31
leaf_value=-0.0027962026994675401 -0.014902013988773289 0.012991730371856546 -0.022050581306159014 -0.0050896077310923285 0.00035096074557966657 0.0032578269778833152 -0.00090651464211706587 -0.002692072736399789 0.011059513889347852 -0.00033000706558572495 -0.0029002060854526343 0.017227890379209486 -0.013630877673212026 -0.0028243160192990523 0.00081614142427077665 0.0010940327186950063 0.013242992153391243 -0.010040926734876374 0.012193899770222959 0.0089840345197113834 -0.0021669258035898046 -0.014467920187772029 0.0040658897027034705 -0.002447078357174717 -0.010120907745191031 0.011258985166991684 0.010583928027884677 -0.011229729699149101 0.0017756090277651624 -0.0064555783443211116
leaf_weight=124 37 60 30 193 44 494 310 30 58 3946 105 44 44 77 64 101 58 22 20 87 158 20 218 26 34 36 113 48 168 139
leaf_count=124 37 60 30 193 44 494 310 30 58 3946 105 44 44 77 64 101 58 22 20 87 158 20 218 26 34 36 113 48 168 139
internal_value=7.3173e-05 0.00131428 -0.0029641 0.00220021 -0.0099027 -0.000406797 -0.0035975 -0.00251637 0.00113356 -6.11711e-05 0.00311509 0.0036297 0.00272547 -0.00406771 0.00380748 0.00817737 0.0055808 0.0026725 0.000365054 0.00312708 0.00381628 -0.00295032 0.00144798 0.0068993 -0.000416169 0.00497206 0.00622558 -0.00574692 0.00426044 -0.0026349
internal_weight=6908 1926 330 1596 122 4982 486 259 208 4496 1337 1232 1029 141 888 203 159 516 97 828 744 84 376 84 3980 66 368 92 255 449
internal_count=6908 1926 330 1596 122 4982 486 259 208 4496 1337 1232 1029 141 888 203 159 516 97 828 744 84 376 84 3980 66 368 92 255 449
is_linear=0
shrinkage=0.05


Tree=140
num_leaves=31
num_cat=0
split_feature=104 81 50 78 51 105 74 63 106 57 104 104 85 75 62 105 105 27 107 18 96 45 75 104 51 74 77 50 76 57
split_gain=1.67008 1.93801 1.62127 2.75165 1.37018 1.1929 2.33851 2.31501 2.13406 1.99199 1.86773 1.83766 2.03869 1.76451 1.99348 3.03048 2.43109 2.56088 1.6164 1.58017 1.61002 1.55888 1.5211 1.51755 1.41097 1.65172 2.38022 2.10894 1.84682 1.59356
threshold=7.1502635478973398 -0.68346321582794178 0.26748141646385198 1.0000000180025095e-35 9.8658666610717791 6.4557688236236581 2.7719806432724003 0.20029526203870776 6.5199675559997567 1.2691208124160769 6.7927892208099374 5.6163914203643808 -2.4500232934951778 0.6312750279903413 0.13526865094900134 2.4169667959213261 0.74119275808334362 0.64359796047210704 0.14786751568317416 0.10837825015187265 -2.2928425073623653 0.48949930071830755 0.72074979543685924 6.0523612499237069 9.9789290428161639 1.5803014636039736 1.6161681413650515 0.53641656041145336 1.1569939255714419 1.3537506461143496
decision_type=2 2 2 2 2 2 2 2 2 2 2 2 2 2 2 2 2 2 2 2 2 2 2 2 2 2 2 2 2 2
left_child=2 4 -1 -4 -2 6 8 -8 13 10 19 12 -11 14 16 -16 17 21 -18 20 -7 -5 -15 -21 25 -20 -27 -28 -29 -30
right_child=1 -3 3 5 -6 9 7 -9 -10 11 -12 -13 -14 22 15 -17 18 -19 24 23 -22 -23 -24 -25 -26 26 27 28 29 -31
leaf_value=-0.010229432552724202 -0.0039349500860811938 -0.00072943965851525645 0.017272714018821717 0.015419111793162302 -0.018910523065702969 -0.01101771387126064 -0.018246014635352529 0.0030575151621763195 -0.0049633804786119711 -0.0065846409055997021 0.0037841109519058283 0.001810698393483438 0.0096096747353302467 -0.007917329919562394 -0.015850971149047838 -3.8800388020241549e-05 -0.00019543990774603735 0.02359488046883295 0.0060725446990025902 -0.010034029689163015 0.00089617606806303605 0.00051220754859969018 -0.00072075086758055073 0.00044735283651486197 0.01496356420684606 -0.0077629872262408375 0.017442703949795527 -0.0094519695666219518 -0.0015193012459106588 0.0050450888758393929
leaf_weight=33 44 2662 24 24 23 29 33 20 184 21 293 302 185 85 39 125 793 23 237 82 517 59 504 59 23 66 21 34 149 241
leaf_count=33 44 2662 24 24 23 29 33 20 184 21 293 302 185 85 39 125 793 23 237 82 517 59 504 59 23 66 21 34 149 241
internal_value=2.03811e-05 -0.000942646 0.000645451 0.0007339 -0.00927831 0.000634068 -2.49276e-07 -0.0102992 0.000212996 0.00176723 0.00044876 0.00430487 0.00793496 0.00060797 0.00137253 -0.00387229 0.0018896 0.00918213 0.00138979 -0.000977174 0.000244402 0.00495488 -0.00177097 -0.00567594 0.0030184 0.00263162 0.00102699 0.00234515 0.00155811 0.00253968
internal_weight=6934 2729 4205 4172 67 4148 2660 53 2607 1488 980 508 206 2423 1834 164 1670 106 1564 687 546 83 589 141 771 748 511 445 424 390
internal_count=6934 2729 4205 4172 67 4148 2660 53 2607 1488 980 508 206 2423 1834 164 1670 106 1564 687 546 83 589 141 771 748 511 445 424 390
is_linear=0
shrinkage=0.05


Tree=141
num_leaves=31
num_cat=0
split_feature=42 49 37 22 9 42 43 23 109 11 10 59 62 108 58 49 50 41 1 1 107 60 61 59 72 70 76 56 27 22
split_gain=1.71904 1.72514 2.20071 2.67991 2.62861 2.35302 3.07188 2.45571 1.92638 1.89214 2.1238 1.87361 2.30753 2.39134 1.8413 1.69037 1.73529 1.67226 1.65677 1.6183 1.56207 1.55262 2.37941 1.47438 1.84487 1.77533 1.70358 1.68494 1.68401 1.42177
threshold=2.1593204736709599 2.200457096099854 0.26830369234085089 10.07378673553467 0.056754825636744506 0.17868809401988986 1.3452912569046023 1.291023910045624 25.500000000000004 0.080531626939773573 0.050512123852968223 0.17960786074399951 0.13422780483961108 0.25000000745058065 0.83195912837982189 0.86936503648757946 0.80869078636169445 0.1924669295549393 9.949038505554201 9.9089021682739276 0.056943938136100776 0.24890660494565967 0.35518452525138861 0.12595137953758243 1.9957814216613772 0.11656465753912927 2.1225841045379643 0.59836331009864818 0.40600432455539709 9.8427519798278826
decision_type=2 2 2 2 2 2 2 2 2 2 2 2 2 2 2 2 2 2 2 2 2 2 2 2 2 2 2 2 2 2
left_child=1 2 3 8 19 7 -7 -6 11 10 18 12 13 15 -12 -1 -17 -14 -10 -4 -18 22 29 25 -25 26 27 -15 -27 -13
right_child=-2 -3 4 -5 5 6 -8 -9 9 -11 14 21 17 23 -16 16 20 -19 -20 -21 -22 -23 -24 24 -26 28 -28 -29 -30 -31
leaf_value=-0.0017858710523482473 -0.0094454772927209125 0.0046382865239500371 -0.00077241489412591211 -0.0092645914278675686 -0.0045845743947484875 -0.02135191832003849 -0.0052976476983608613 0.0014389450779965368 -0.00044630982714731092 0.00079759726376113873 -0.0026387507023173384 -0.00030158008099533617 -0.0088956686816160178 0.0031139258160788144 -0.011530939662346404 0.0036619975026254458 -0.005558965612182637 2.9316994779812241e-05 -0.0083500067283674862 0.0068747611524519955 0.0058175910763987688 0.0018523141203873811 0.02217425790925821 -0.0086530170265040462 0.0029281254289956881 0.018320770417763432 0.015238134968482579 -0.0053948493101213697 0.006067626872744176 0.0088028593874841399
leaf_weight=717 48 190 192 72 378 34 210 305 1005 1228 150 69 102 303 95 393 114 107 70 107 40 348 23 52 97 32 23 71 205 112
leaf_count=717 48 190 192 72 378 34 210 305 1005 1228 150 69 102 303 95 393 114 107 70 107 40 348 23 52 97 32 23 71 205 112
internal_value=-0.000113658 -4.68394e-05 -0.000181296 0.000250954 -0.00209369 -0.00340771 -0.00761274 -0.00189654 0.000380576 -0.000614756 -0.00192828 0.00128365 0.000643999 0.00115556 -0.0061196 -0.000189872 0.00190158 -0.00434804 -0.000968251 0.00197799 -0.00258555 0.00389196 0.00734534 0.00332498 -0.00114436 0.00437549 0.00232141 0.00148854 0.00779209 0.00534952
internal_weight=6892 6844 6654 5428 1226 927 244 683 5356 2548 1320 2808 2256 2047 245 1264 547 209 1075 299 154 552 204 783 149 634 397 374 237 181
internal_count=6892 6844 6654 5428 1226 927 244 683 5356 2548 1320 2808 2256 2047 245 1264 547 209 1075 299 154 552 204 783 149 634 397 374 237 181
is_linear=0
shrinkage=0.05


Tree=142
num_leaves=31
num_cat=0
split_feature=104 1 45 5 76 104 39 73 1 28 37 48 28 109 15 12 45 22 51 7 8 96 8 37 48 39 65 75 51 42
split_gain=1.6229 1.35814 1.56271 1.41306 3.33419 2.58565 1.73101 2.08928 1.58298 1.54798 1.72377 1.56522 1.63264 1.5677 1.36264 1.38587 1.34352 1.30107 1.29864 1.26364 1.82326 1.37585 1.35506 1.34692 1.89938 1.51955 1.50417 1.42237 2.24453 1.66605
threshold=7.4866347312927255 9.6504964828491229 1.165268659591675 1.1939762830734255 1.368796765804291 8.350595951080324 0.21291628479957583 3.0400350093841557 10.117407321929933 1.7138193845748904 0.26994952559471136 1.1597219705581667 1.4749071002006533 25.500000000000004 0.033134620636701591 0.10262062400579454 -1.1937391757965086 9.9992637634277362 9.826383590698244 1.0317919254302981 0.7033841907978059 -3.1019889116287227 0.72243064641952526 0.16978947818279269 0.69848838448524486 0.19352238625288012 0.19132080674171451 -0.39726980030536646 9.8429794311523455 -1.9044662714004514
decision_type=2 2 2 2 2 2 2 2 2 2 2 2 2 2 2 2 2 2 2 2 2 2 2 2 2 2 2 2 2 2
left_child=16 2 -2 6 5 -5 7 8 9 10 11 12 13 14 -3 -16 -1 -8 -14 20 21 -18 -22 24 -21 -25 -27 28 -26 -29
right_child=1 3 -4 4 -6 -7 17 -9 -10 -11 -12 -13 18 -15 15 -17 19 -19 -20 23 22 -23 -24 25 27 26 -28 29 -30 -31
leaf_value=0.013182720843733045 -0.015383204937513387 0.0036332734055348256 -0.00053065240106268507 -0.0067389509281401486 -0.0014969026058679448 -0.027516841075637122 0.0025165506321562655 -0.0078976592063554566 0.0055429601004073417 -0.010558657218755868 -0.0049872752260296674 0.0036426744049678039 -0.01755304861192902 -0.0024335518565735919 -0.0041745736155469251 0.007125893715933404 -0.012514739657159558 0.014016225221085138 -0.0030052220360893343 6.8477668134468814e-05 -0.016121898731216788 5.1452448098204959e-05 -0.0017115274262323511 -0.002561785057752551 0.0033876676612999293 0.0077747755997864126 0.00033926973733882369 0.013409305920824408 -0.013560853132592707 0.003927932101145319
leaf_weight=20 34 325 36 50 404 21 167 95 107 38 182 261 23 409 134 33 21 28 44 555 30 2200 35 378 59 83 358 49 28 677
leaf_count=20 34 325 36 50 404 21 167 95 107 38 182 261 23 409 134 33 21 28 44 555 30 2200 35 378 59 83 358 49 28 677
internal_value=4.96505e-06 -0.00104716 -0.00785981 -0.000838402 -0.00326744 -0.0131813 -0.000211948 -0.000738934 -0.000297073 -0.00073185 -0.000459911 0.000214046 -0.000713214 -0.00014922 0.00175083 -0.00191242 0.000564976 0.00423087 -0.00818394 0.000505624 -0.000316341 -7.29421e-05 -0.00850597 0.00136455 0.00232408 -0.00023907 0.00175312 0.00386191 -0.00215914 0.00458542
internal_weight=6884 2391 70 2321 475 71 1846 1651 1556 1449 1411 1229 968 901 492 167 4493 195 67 4473 2286 2221 65 2187 1368 819 441 813 87 726
internal_count=6884 2391 70 2321 475 71 1846 1651 1556 1449 1411 1229 968 901 492 167 4493 195 67 4473 2286 2221 65 2187 1368 819 441 813 87 726
is_linear=0
shrinkage=0.05


Tree=143
num_leaves=31
num_cat=0
split_feature=104 105 96 13 3 76 99 27 105 55 46 75 13 20 105 34 104 28 100 56 27 65 9 13 62 106 42 57 71 56
split_gain=1.55672 1.38216 2.26539 1.90509 1.71793 2.58088 1.78518 1.63424 3.5716 1.55248 1.9265 1.67935 1.52789 1.76762 1.7088 1.51979 1.49866 1.92896 1.36037 1.266 1.75134 1.48912 1.19731 1.49545 1.22449 1.18501 2.31649 2.04347 2.0054 1.88522
threshold=10.360843658447267 6.9488794803619394 -3.1019889116287227 0.045761123299598701 0.62923428416252147 1.368796765804291 -2.3514788150787349 1.1247581839561465 1.8103829622268679 0.6382562816143037 -0.45456777513027186 -0.9193192422389983 0.035125516355037696 0.027565496973693374 4.0482056140899667 0.07626234740018846 4.780482530593873 1.5655431151390078 -1.1986055970191953 0.79891586303710949 0.76668632030487072 0.030323574319481853 0.093516580760478987 0.11603484675288202 0.097513195127248778 5.1637053489685067 -2.0669445991516109 1.1781228184700014 -0.58877435326576222 0.4420647025108338
decision_type=2 2 2 2 2 2 2 2 2 2 2 2 2 2 2 2 2 2 2 2 2 2 2 2 2 2 2 2 2 2
left_child=1 4 -3 -4 6 -6 -1 22 -9 11 18 -5 14 15 -8 -14 17 -12 -11 20 21 -2 23 -7 -24 26 27 -15 -29 -28
right_child=19 2 3 9 5 7 12 8 -10 10 16 -13 13 25 -16 -17 -18 -19 -20 -21 -22 -23 24 -25 -26 -27 29 28 -30 -31
leaf_value=-0.014006858740255916 0.0046104905305101593 -0.012880841882347508 0.0058615344714749579 -0.0013246698674800642 -0.0064196352393154537 -0.00094742122304591328 -0.0083123392588906712 -0.024334933673558032 -0.00028309210417016097 -0.0087469347958297784 0.0030988349760365155 0.013113943097300317 0.0089744964008092541 0.015407657226053429 -0.00048501538000716673 -0.001657755315607908 0.0016666264942025357 0.022375227031963214 -0.00077613841321544895 -0.014808286745877317 0.0053212673240780554 -0.0069493631203658883 0.0052167972040597383 -0.010040907381196685 -0.00021865676832204017 -0.00057357789869218873 0.0046771454562743878 0.015067309001460673 -0.00013906806446347848 -8.4716529325320534e-05
leaf_weight=21 33 26 232 33 252 161 103 22 47 59 35 50 109 48 212 48 419 20 499 23 52 159 122 62 657 1797 245 27 96 1340
leaf_count=21 33 26 232 33 252 161 103 22 47 59 35 50 109 48 212 48 419 20 499 23 52 159 122 62 657 1797 245 27 96 1340
internal_value=-0.000100557 4.79914e-05 0.00146307 0.00174929 -0.000314089 -0.00187744 0.000197448 -0.000803695 -0.00818988 0.000889165 0.000356762 0.00742586 0.000275018 0.000559152 -0.00306263 0.00573395 0.00269773 0.0103828 -0.00163307 -0.00383774 -0.00274741 -0.00494892 -0.000287407 -0.00350919 0.000638192 0.000328939 0.00125233 0.00676378 0.00329351 0.000653829
internal_weight=7009 6742 1373 1347 5369 1323 4046 1071 69 1115 1032 83 4025 3710 315 157 474 55 558 267 244 192 1002 223 779 3553 1756 171 123 1585
internal_count=7009 6742 1373 1347 5369 1323 4046 1071 69 1115 1032 83 4025 3710 315 157 474 55 558 267 244 192 1002 223 779 3553 1756 171 123 1585
is_linear=0
shrinkage=0.05


Tree=144
num_leaves=31
num_cat=0
split_feature=45 40 38 33 68 107 28 30 0 7 7 7 75 71 13 18 1 1 9 58 5 71 8 51 32 44 65 44 33 33
split_gain=1.67293 1.46125 2.10093 1.42403 3.07514 5.9281 4.61533 1.71632 1.70992 1.34285 2.43597 2.27219 1.91315 2.86657 1.86658 2.1293 1.85341 1.70553 2.82508 2.22743 2.13763 1.83753 2.13986 1.8144 1.52966 1.96137 1.62671 2.18686 1.79701 1.73665
threshold=-1.1937391757965086 0.060902399942278869 0.035835493355989463 0.048848213627934463 0.038967438042163856 0.21999200433492663 1.3066034913063052 0.056378277018666274 0.42344924807548529 1.0017796158790591 1.2101815938949587 1.2236359119415285 0.62553536891937267 0.47045332193374639 0.12386368587613107 0.019361560232937339 9.9089021682739276 9.8256502151489276 0.090965516865253462 0.97758135199546825 1.3052173852920534 -0.19263364374637601 1.151732385158539 9.9789290428161639 0.15298911184072497 1.4173349738121035 0.23089119791984561 0.42348438501358038 0.058816501870751388 0.15803561359643939
decision_type=2 2 2 2 2 2 2 2 2 2 2 2 2 2 2 2 2 2 2 2 2 2 2 2 2 2 2 2 2 2
left_child=-1 -2 -3 7 5 -5 -7 8 -4 12 14 -12 13 24 15 -11 -16 19 21 -13 -21 -19 -23 -20 26 -26 27 -6 -29 -30
right_child=1 2 3 4 9 6 -8 -9 -10 10 11 17 -14 -15 16 -17 -18 18 23 20 -22 22 -24 -25 25 -27 -28 28 29 -31
leaf_value=0.0089031739771324395 -0.0045114847177914769 0.0058011471610693146 0.0029879570356994029 -0.0015041331019644997 0.0011056609569600874 -0.0079883629773394218 -0.036139977249937755 0.0085279666503386888 -0.0043469512229132529 -0.0041752301533390787 -0.011137940091303672 -0.0037137914880150044 -0.0028495704861883323 0.0076441425656497836 -0.005084982456349375 0.0059214298716342767 0.0029042977576873739 0.0092803081514116811 -0.0018795569627560835 -0.00049551220409186009 0.0093282460909930708 0.0012033715258619035 0.014537668441930277 0.0032003655190745426 0.006204039702611343 -8.2616605418277329e-05 0.0054454211898239888 0.0044324604022592589 -0.0065489488280091107 0.0011016104943397235
leaf_weight=52 175 157 308 228 287 39 23 95 106 58 45 522 810 116 115 471 193 129 656 280 68 344 32 239 155 606 70 53 414 90
leaf_count=52 175 157 308 228 287 39 23 95 106 58 45 522 810 116 115 471 193 129 656 280 68 344 32 239 155 606 70 53 414 90
internal_value=5.39545e-05 -1.41737e-05 0.000103791 -3.35947e-05 -0.000247681 -0.00526234 -0.0188396 0.00250361 0.00110399 5.97061e-06 0.0006998 -0.000136305 -0.000834786 7.75042e-05 0.00300973 0.00480863 -8.55152e-05 8.65972e-05 0.00116671 -0.00165086 0.0014453 0.00415286 0.00237376 -0.000520961 -0.000450762 0.00120431 -0.00182859 -0.00243761 -0.00426203 -0.0051833
internal_weight=6936 6884 6709 6552 6043 290 62 509 414 5753 3152 2315 2601 1791 837 529 308 2270 1400 870 348 505 376 895 1675 761 914 844 557 504
internal_count=6936 6884 6709 6552 6043 290 62 509 414 5753 3152 2315 2601 1791 837 529 308 2270 1400 870 348 505 376 895 1675 761 914 844 557 504
is_linear=0
shrinkage=0.05


Tree=145
num_leaves=31
num_cat=0
split_feature=104 75 32 39 104 95 51 49 37 34 1 66 43 67 87 73 35 28 1 2 13 29 85 32 57 104 51 99 14 56
split_gain=1.81253 1.54475 1.70437 1.68777 1.19241 1.19611 1.32743 1.0467 1.05075 1.68406 1.77183 1.77481 2.38478 2.60609 2.34271 1.74431 1.71236 1.68281 1.56372 1.73672 1.54127 1.47987 1.40159 1.37418 1.26844 1.87779 1.16702 1.15071 1.14061 1.11697
threshold=3.405683279037476 -1.2441477775573728 0.080283984541893019 0.20240110903978351 10.567246913909914 0.18301698565483096 9.9598350524902362 2.743706583976746 0.20721861720085147 0.15647829324007037 10.007662296295168 0.19446176290512088 2.1214917898178105 0.2921824604272843 1.3362237215042116 1.8132225275039675 0.10241725295782091 1.3812528252601626 10.102249622344972 0.44443342089653021 0.16537658870220187 1.210401773452759 -0.2049828767776489 0.17217352986335757 1.094625771045685 8.2494530677795428 9.8948664665222186 0.96770775318145763 0.51324355602264415 0.615217685699463
decision_type=2 2 2 2 2 2 2 2 2 2 2 2 2 2 2 2 2 2 2 2 2 2 2 2 2 2 2 2 2 2
left_child=1 -1 -3 -4 7 6 -6 8 9 10 11 12 13 21 22 -13 -12 -17 19 -10 -20 -2 -14 -18 25 -21 -27 -22 -26 -11
right_child=4 2 3 -5 5 -7 -8 -9 18 29 16 15 14 -15 -16 17 23 -19 20 24 27 -23 -24 -25 28 26 -28 -29 -30 -31
leaf_value=-0.0082944286100211598 -0.0001126242504703584 0.015831139234877709 0.00026491008041792106 0.012011950058039539 -0.0045827628784197369 0.00011790337904696226 -0.018902566931817844 0.011073645585704417 0.0027625781681293992 0.0030544868759272443 0.0041140428511425853 0.0070364103312878061 0.0045446423547608516 -0.014250073064228192 -0.00037855368104166561 -0.00052036597641321944 -0.0074818446926977773 0.0052821866790082267 0.0061219060094158326 -0.0033625676417354308 -0.0020212718685797882 -0.0062431867861710531 0.016111137119220915 -0.0011746221311211944 -0.0020796566448087533 -0.019696620243485088 -0.0048479951544431977 0.0073383931476527307 0.003277740426369951 0.013807141091200282
leaf_weight=20 2820 35 106 42 58 73 22 20 186 242 69 169 55 33 102 403 180 180 133 279 207 101 51 166 953 31 24 38 110 26
leaf_count=20 2820 35 106 42 58 73 22 20 186 242 69 169 55 33 102 403 180 180 133 279 207 101 51 166 953 31 24 38 110 26
internal_value=-3.24141e-05 0.00461077 0.00605859 0.00365677 -0.000173112 -0.00452219 -0.00870546 -7.12831e-05 -0.000106955 0.000306426 6.78782e-05 0.000397524 -0.000121951 -0.000486978 0.00503966 0.00257907 -0.0030346 0.00127714 -0.00107567 -0.00176551 0.00181031 -0.000326666 0.0102082 -0.00446794 -0.00236994 -0.00505376 -0.0134195 -0.000545639 -0.00152271 0.0041451
internal_weight=6934 203 183 148 6731 153 80 6578 6558 4597 4329 3914 3162 2954 208 752 415 583 1961 1583 378 2921 106 346 1397 334 55 245 1063 268
internal_count=6934 203 183 148 6731 153 80 6578 6558 4597 4329 3914 3162 2954 208 752 415 583 1961 1583 378 2921 106 346 1397 334 55 245 1063 268
is_linear=0
shrinkage=0.05


Tree=146
num_leaves=31
num_cat=0
split_feature=42 108 45 74 46 46 12 12 42 22 14 9 12 68 107 19 65 40 19 51 71 27 23 14 71 10 21 69 40 65
split_gain=1.3727 1.29319 1.34128 1.10494 1.01252 0.939039 1.79334 1.57269 1.57594 2.67971 2.00887 1.72879 1.51355 2.2955 2.48266 1.40875 1.3907 2.15667 3.01275 1.43074 1.35243 3.45527 1.72576 1.69115 1.53491 1.43834 1.41211 1.2682 1.23836 1.16847
threshold=2.0240600109100346 1.5000000000000002 -1.1937391757965086 3.0402606725692753 -3.3044582605361934 -1.908993601799011 0.031209309585392479 0.035579156130552299 -0.72836071252822865 9.9097690582275408 0.058253450319170959 0.063058167695999159 0.047685360535979278 0.056628054007887847 0.22225821763277057 0.15303376317024234 0.030033041723072532 0.10092487558722497 0.12964072078466418 9.8319311141967791 0.11760791018605234 1.179035007953644 1.1749446988105776 0.10918197408318521 1.683245122432709 0.11317367479205133 0.62680301070213329 0.078834094107151045 0.16631864756345752 0.14141303300857547
decision_type=2 2 2 2 2 2 2 2 2 2 2 2 2 2 2 2 2 2 2 2 2 2 2 2 2 2 2 2 2 2
left_child=1 2 -1 4 -4 -6 -7 27 9 10 -9 -11 15 14 -14 29 -12 -18 19 -19 23 22 24 -15 25 -22 -27 -8 -24 -10
right_child=-2 -3 3 -5 5 6 7 8 12 11 16 -13 13 20 -16 -17 17 18 -20 -21 21 -23 28 -25 -26 26 -28 -29 -30 -31
leaf_value=0.0087144058875532615 -0.00630417137855507 -0.0081250695174579345 -0.0072451097496620308 0.0066435628736923854 0.001315705331866846 -0.0037576812518204925 -0.0053887700346568904 -0.0052592097488309147 0.00087664772849633014 -0.0022844423119324771 0.006641940150989175 -0.0086417419908596492 -0.0029372337326192513 -0.0016352571274081938 -0.022809585352383911 0.014124433320636551 -0.0035680091001332789 0.00056029944967969831 -0.0015229019937955074 0.0056425825896784503 -0.0031436354814091379 -0.019406512189332561 0.012968435309206447 0.0048864541465024414 -0.012543215309269726 0.0048819352259465484 -0.0010921149022689817 0.0055152801224418605 0.0014319751539629054 0.0078224804224334213
leaf_weight=44 85 47 47 62 1187 338 30 180 225 307 81 164 64 143 20 29 336 235 593 337 413 22 23 322 29 150 286 197 781 82
leaf_count=44 85 47 47 62 1187 338 30 180 225 307 81 164 64 143 20 29 336 235 593 337 413 22 23 322 29 150 286 197 781 82
internal_value=-2.69259e-05 5.27597e-05 0.000111096 5.31571e-05 -9.5503e-06 4.32735e-05 -0.000237293 -9.26898e-07 -0.000192754 -0.00116579 -0.000269357 -0.00451164 0.000646609 0.000179058 -0.00788143 0.00377187 0.000301352 -4.50062e-05 0.000973259 0.0035592 0.000494709 -0.000157964 0.000105182 0.00288165 -0.00142665 -0.00103262 0.000969646 0.0040569 0.0017777 0.00275126
internal_weight=6859 6774 6727 6683 6621 6574 5387 5049 4822 2233 1762 471 2589 2253 84 336 1582 1501 1165 572 2169 1704 1682 465 878 849 436 227 804 307
internal_count=6859 6774 6727 6683 6621 6574 5387 5049 4822 2233 1762 471 2589 2253 84 336 1582 1501 1165 572 2169 1704 1682 465 878 849 436 227 804 307
is_linear=0
shrinkage=0.05


Tree=147
num_leaves=31
num_cat=0
split_feature=104 74 97 95 59 105 105 103 13 25 34 13 13 13 107 24 17 61 89 107 105 37 105 62 36 83 104 13 52 94
split_gain=1.50264 1.33585 1.08759 1.08376 1.2467 1.02209 1.16999 2.00606 1.48647 1.37557 1.50176 1.69385 1.39619 1.99624 1.64814 1.26506 2.1516 1.51636 2.22231 2.03868 1.71917 1.3002 2.43773 1.17313 1.16881 1.13098 1.43695 1.09737 1.09656 1.28016
threshold=10.477942943573 -0.061569688841700547 2.1188628673553471 0.16452179849147799 0.11537729576230051 8.8206114768981951 6.7081491947174081 0.94314199686050426 0.028817362152040008 0.3079239577054978 0.050245421007275588 0.054642850533127792 0.035125516355037696 0.038832129910588271 0.20917322486639026 0.40406125783920294 0.029790095053613189 0.11955329030752183 1.4738550782203677 0.20917322486639026 0.40306536853313452 0.32058638334274298 1.6606302261352541 0.059268437325954444 0.17536950856447223 -1.1286580562591551 3.7196401357650761 0.064074866473674788 0.64874202013015758 -0.098185271024703966
decision_type=2 2 2 2 2 2 2 2 2 2 2 2 2 2 2 2 2 2 2 2 2 2 2 2 2 2 2 2 2 2
left_child=1 -1 5 4 -2 6 9 8 -8 -3 11 -11 14 -14 -12 16 -15 18 23 -20 -19 28 -23 -17 -9 -10 -27 -18 -22 -30
right_child=3 2 -4 -5 -6 -7 7 24 25 10 12 -13 13 15 -16 17 27 20 19 -21 21 22 -24 -25 -26 26 -28 -29 29 -31
leaf_value=0.0091407234928139094 -0.004551155282831865 -0.0041042713472769716 -0.004272553870520954 -0.00050267441119233685 -0.017233458784623786 -0.0070123454871853551 0.010854694363661111 0.0022396824334282427 -0.010422795006762381 0.0018941143235463903 -0.00027143485477968489 0.013036386096259442 0.0066539221237605075 0.010348996892065296 -0.010676158128130803 0.00080458468566228152 -0.0036031893649071988 0.010266636494779961 -0.0020670512345649541 -0.020153067236991996 0.0089784138842618887 -0.019979117114451671 -0.0021109828308527897 -0.0034105584013008686 0.011356175680284401 0.01077023203351668 0.00054430506317911561 0.0024372839309103685 -0.0025400676123785368 0.0006382317190952411
leaf_weight=40 81 217 139 104 25 48 35 69 22 206 85 40 106 68 68 271 104 39 30 32 34 20 214 420 72 34 1875 264 387 1726
leaf_count=40 81 217 139 104 25 48 35 69 22 206 85 40 106 68 68 271 104 39 30 32 34 20 214 420 72 34 1875 264 387 1726
internal_value=1.18293e-05 0.000143322 8.76267e-05 -0.0041424 -0.00767537 0.000181713 0.000236431 0.00120251 0.000787554 -0.000233731 -2.86245e-05 0.00375131 -0.000269931 -7.65245e-05 -0.00493505 -0.000275993 0.00224628 -0.000623176 -0.00258107 -0.0115735 -1.31486e-05 -0.000185768 -0.00371669 -0.00175867 0.0069421 0.00059956 0.000731976 0.000725055 0.000200617 5.51939e-05
internal_weight=6875 6665 6625 210 106 6486 6438 2107 1966 4331 4114 246 3868 3715 153 3609 436 3173 753 62 2420 2381 234 691 141 1931 1909 368 2147 2113
internal_count=6875 6665 6625 210 106 6486 6438 2107 1966 4331 4114 246 3868 3715 153 3609 436 3173 753 62 2420 2381 234 691 141 1931 1909 368 2147 2113
is_linear=0
shrinkage=0.05


Tree=148
num_leaves=31
num_cat=0
split_feature=42 49 105 4 9 42 102 107 85 64 74 51 60 36 22 40 13 107 74 61 106 105 2 4 57 3 20 40 0 30
split_gain=1.34474 1.40851 1.56823 1.47134 2.40721 2.20388 1.7107 1.82396 1.86722 1.4627 1.58351 1.51488 1.19324 1.56515 1.15525 1.43106 1.52762 1.70894 2.15035 1.74667 1.92084 1.69721 1.58053 1.62458 1.44564 1.5908 1.42292 1.39926 1.1409 1.57144
threshold=2.1593204736709599 2.200457096099854 8.8206114768981951 0.69733658432960521 0.082571029663085951 -0.82378122210502613 0.69039762020111095 0.20917322486639026 0.99376225471496593 0.14824152737855914 2.0916888713836674 9.9814572334289569 0.12849656492471698 0.29946562647819525 9.7750167846679705 0.060902399942278869 0.035125516355037696 0.040653388947248466 2.2135940790176396 0.35518452525138861 1.6131221055984499 4.0482056140899667 0.73971065878868114 0.44528762996196752 1.1796038150787356 0.25862585008144384 0.037094974890351302 0.081428620964288725 0.50093349814414989 0.069276086986064925
decision_type=2 2 2 2 2 2 2 2 2 2 2 2 2 2 2 2 2 2 2 2 2 2 2 2 2 2 2 2 2 2
left_child=1 2 3 14 5 -5 7 -7 -9 10 -6 12 -11 -14 26 -16 21 -18 19 22 -21 -17 23 24 25 -19 -1 -24 -29 -30
right_child=-2 -3 -4 4 9 6 -8 8 -10 11 -12 -13 13 -15 15 16 17 18 -20 20 -22 -23 27 -25 -26 -27 -28 28 29 -31
leaf_value=0.0051838512465795118 -0.0082687967447373951 0.0042774385600765265 -0.0098258313981293734 0.0033638068812661898 0.0054551696349340569 -0.0070754768977682285 -0.0017107728777001755 -0.0093444034643471244 -0.02986348711926004 -0.0069291907259159628 -0.0024429818366115798 0.0052258947066214124 -9.6041318569324739e-05 -0.0053142311546717468 -0.0047942439218629793 -0.009389083692378071 -0.0007629722895077639 -0.0021916341051649029 -0.0020767782677586278 0.019449285489307452 0.0041780352600808996 -0.00076389232111131414 0.015653178716699283 -0.0026000659650492839 -0.00038768011524114828 0.0045443372484627069 0.0004925767371094053 0.0098196551599539824 -0.0045083220899644972 0.0036240746513107702
leaf_weight=262 48 190 40 50 180 82 65 24 22 107 97 78 610 187 144 81 1616 107 388 27 81 188 23 292 493 471 420 59 68 431
leaf_count=262 48 190 40 50 180 82 65 24 22 107 97 78 610 187 144 81 1616 107 388 27 81 188 23 292 493 471 420 59 68 431
internal_value=-1.50425e-05 4.37096e-05 -7.7098e-05 -1.70176e-05 -0.00139347 -0.0059389 -0.00835384 -0.0116879 -0.0195845 -0.000512135 0.00269055 -0.00141736 -0.0019957 -0.00132551 0.000384539 9.18163e-05 0.000255567 0.000497872 0.00133289 0.0019783 0.00813926 -0.00338622 0.00163202 0.000700071 0.00160141 0.00329574 0.00229975 0.00381337 0.00329822 0.00250905
internal_weight=6931 6883 6693 6653 1502 243 193 128 46 1259 277 982 904 797 5151 4469 4325 4056 2440 2052 108 269 1944 1363 1071 578 682 581 558 499
internal_count=6931 6883 6693 6653 1502 243 193 128 46 1259 277 982 904 797 5151 4469 4325 4056 2440 2052 108 269 1944 1363 1071 578 682 581 558 499
is_linear=0
shrinkage=0.05


Tree=149
num_leaves=31
num_cat=0
split_feature=104 96 104 76 72 44 7 36 14 47 59 97 15 104 102 12 104 107 58 51 107 105 105 105 63 51 45 104 104 102
split_gain=1.58022 1.68767 1.57903 1.36571 1.66478 1.22385 1.84039 1.11889 1.10227 1.05955 0.976471 1.73716 1.50282 1.75328 1.25864 1.20171 0.906072 1.88367 3.03785 1.56027 1.15586 1.09107 1.47444 1.39417 1.12259 0.929963 2.36806 1.18841 1.62942 2.511
threshold=4.9441642761230478 -2.4410265684127803 2.368236899375916 2.6349219083786015 2.3447899818420415 0.42348438501358038 0.61037772893905651 0.068515952676534667 0.10600126534700395 0.59469419717788707 0.12199978157877923 -1.0000000180025095e-35 0.029128748923540119 3.8516664505004887 -0.99155175685882557 0.09428370371460916 9.1015758514404315 0.22225821763277057 0.74973985552787792 9.9083003997802752 0.2251636013388634 7.2843463420867929 7.2497305870056161 8.8206114768981951 0.11708990857005121 9.9802317619323748 2.0461890697479252 6.0523612499237069 5.6163914203643808 0.99389934539794933
decision_type=2 2 2 2 2 2 2 2 2 2 2 2 2 2 2 2 2 2 2 2 2 2 2 2 2 2 2 2 2 2
left_child=1 -1 -3 4 5 8 9 -5 -4 -7 11 15 13 -13 -12 -8 21 18 -18 -20 -19 22 25 24 -23 26 27 28 29 -2
right_child=16 2 3 7 -6 6 10 -9 -10 -11 14 12 -14 -15 -16 -17 17 20 19 -21 -22 23 -24 -25 -26 -27 -28 -29 -30 -31
leaf_value=-0.0084933771725263802 -0.0018812341471354244 0.011361450867640765 0.0032500846496625901 -0.013270081213230027 0.012331258319318295 -0.0083806339620003632 0.0043813001380809255 -0.0010810498202017526 0.012006821320946551 0.003340198735419948 -0.005862011044907074 -0.021916348056956417 -7.6117143610752728e-05 -0.0038662844215286898 0.0049862286264388475 -0.0082961331914356423 -0.025082145174118605 0.0036594390369758078 0.0071074248205505973 -0.0089876833308318808 -0.0023352968629939863 0.0047938931774011255 -0.011629681224966873 -0.0062678115915183966 0.00038331499117672647 0.0029961697705808135 -0.00775081213785831 0.00016741143886884005 -0.0052144324614499587 0.0065872671763197738
leaf_weight=39 552 42 261 22 38 77 174 105 41 25 29 20 92 39 256 20 21 103 22 43 354 279 28 48 298 201 108 3221 260 103
leaf_count=39 552 42 261 22 38 77 174 105 41 25 29 20 92 39 256 20 21 103 22 43 354 279 28 48 298 201 108 3221 260 103
internal_value=3.4509e-05 0.00161985 0.00194425 0.00160518 0.00218641 0.00180203 0.000694804 -0.00327971 0.00447462 -0.00550334 0.00170544 -8.51585e-05 -0.00409193 -0.0102482 0.00386574 0.00303851 -0.000325443 -0.00226515 -0.00900913 -0.00351496 -0.000979146 -0.000118437 -0.000391973 0.00183671 0.00252059 -0.000318584 -0.000476243 -0.000284461 -0.0018736 -0.000541535
internal_weight=6921 1280 1241 1199 1072 1034 732 127 302 102 630 345 151 59 285 194 5641 543 86 65 457 5098 4473 625 577 4445 4244 4136 915 655
internal_count=6921 1280 1241 1199 1072 1034 732 127 302 102 630 345 151 59 285 194 5641 543 86 65 457 5098 4473 625 577 4445 4244 4136 915 655
is_linear=0
shrinkage=0.05


end of trees

feature_importances:
Column_104=375
Column_75=143
Column_22=124
Column_57=108
Column_71=97
Column_28=92
Column_7=89
Column_76=88
Column_43=85
Column_1=81
Column_56=81
Column_58=81
Column_45=79
Column_68=79
Column_107=79
Column_42=78
Column_62=75
Column_73=74
Column_74=70
Column_105=70
Column_37=69
Column_47=69
Column_35=67
Column_106=67
Column_51=65
Column_67=64
Column_44=58
Column_6=57
Column_27=57
Column_46=57
Column_13=56
Column_23=54
Column_33=53
Column_69=53
Column_38=50
Column_64=50
Column_109=50
Column_48=49
Column_61=46
Column_0=45
Column_49=44
Column_65=44
Column_12=43
Column_29=43
Column_63=41
Column_52=40
Column_21=39
Column_39=38
Column_50=38
Column_72=38
Column_59=36
Column_70=36
Column_34=34
Column_8=33
Column_30=33
Column_15=31
Column_36=31
Column_20=30
Column_60=29
Column_55=28
Column_78=28
Column_2=24
Column_32=24
Column_77=24
Column_108=23
Column_11=21
Column_16=21
Column_18=20
Column_40=20
Column_66=20
Column_4=19
Column_5=19
Column_26=19
Column_3=18
Column_54=18
Column_9=15
Column_14=15
Column_53=15
Column_10=13
Column_17=13
Column_41=13
Column_95=13
Column_96=12
Column_97=12
Column_25=11
Column_19=10
Column_81=10
Column_93=10
Column_31=9
Column_82=9
Column_99=9
Column_24=7
Column_83=7
Column_94=7
Column_100=7
Column_85=6
Column_89=6
Column_98=6
Column_101=6
Column_86=4
Column_87=4
Column_91=4
Column_102=4
Column_103=4
Column_84=3
Column_88=2
Column_92=2
Column_80=1

parameters:
[boosting: gbdt]
[objective: regression]
[metric: l2]
[tree_learner: serial]
[device_type: cpu]
[data_sample_strategy: bagging]
[data: ]
[valid: ]
[num_iterations: 150]
[learning_rate: 0.05]
[num_leaves: 31]
[num_threads: 2]
[seed: 0]
[deterministic: 1]
[force_col_wise: 0]
[force_row_wise: 1]
[histogram_pool_size: -1]
[max_depth: -1]
[min_data_in_leaf: 20]
[min_sum_hessian_in_leaf: 0.001]
[bagging_fraction: 0.8]
[pos_bagging_fraction: 1]
[neg_bagging_fraction: 1]
[bagging_freq: 1]
[bagging_seed: 7719]
[bagging_by_query: 0]
[feature_fraction: 0.8]
[feature_fraction_bynode: 1]
[feature_fraction_seed: 2437]
[extra_trees: 0]
[extra_seed: 11797]
[early_stopping_round: 0]
[early_stopping_min_delta: 0]
[first_metric_only: 0]
[max_delta_step: 0]
[lambda_l1: 0]
[lambda_l2: 1]
[linear_lambda: 0]
[min_gain_to_split: 0]
[drop_rate: 0.1]
[max_drop: 50]
[skip_drop: 0.5]
[xgboost_dart_mode: 0]
[uniform_drop: 0]
[drop_seed: 21238]
[top_rate: 0.2]
[other_rate: 0.1]
[min_data_per_group: 100]
[max_cat_threshold: 32]
[cat_l2: 10]
[cat_smooth: 10]
[max_cat_to_onehot: 4]
[top_k: 20]
[monotone_constraints: ]
[monotone_constraints_method: basic]
[monotone_penalty: 0]
[feature_contri: ]
[forcedsplits_filename: ]
[refit_decay_rate: 0.9]
[cegb_tradeoff: 1]
[cegb_penalty_split: 0]
[cegb_penalty_feature_lazy: ]
[cegb_penalty_feature_coupled: ]
[path_smooth: 0]
[interaction_constraints: ]
[verbosity: -1]
[saved_feature_importance_type: 0]
[use_quantized_grad: 0]
[num_grad_quant_bins: 4]
[quant_train_renew_leaf: 0]
[stochastic_rounding: 1]
[linear_tree: 0]
[max_bin: 255]
[max_bin_by_feature: ]
[min_data_in_bin: 3]
[bin_construct_sample_cnt: 200000]
[data_random_seed: 38]
[is_enable_sparse: 1]
[enable_bundle: 1]
[use_missing: 1]
[zero_as_missing: 0]
[feature_pre_filter: 1]
[pre_partition: 0]
[two_round: 0]
[header: 0]
[label_column: ]
[weight_column: ]
[group_column: ]
[ignore_column: ]
[categorical_feature: ]
[forcedbins_filename: ]
[precise_float_parser: 0]
[parser_config_file: ]
[objective_seed: 8855]
[num_class: 1]
[is_unbalance: 0]
[scale_pos_weight: 1]
[sigmoid: 1]
[boost_from_average: 1]
[reg_sqrt: 0]
[alpha: 0.9]
[fair_c: 1]
[poisson_max_delta_step: 0.7]
[tweedie_variance_power: 1.5]
[lambdarank_truncation_level: 30]
[lambdarank_norm: 1]
[label_gain: ]
[lambdarank_position_bias_regularization: 0]
[eval_at: ]
[multi_error_top_k: 1]
[auc_mu_weights: ]
[num_machines: 1]
[local_listen_port: 12400]
[time_out: 120]
[machine_list_filename: ]
[machines: ]
[gpu_platform_id: -1]
[gpu_device_id: -1]
[gpu_device_id_list: ]
[gpu_use_dp: 0]
[num_gpu: 1]

end of parameters

pandas_categorical:null
