tree
version=v4
num_class=1
num_tree_per_iteration=1
label_index=0
max_feature_idx=78
objective=binary sigmoid:1
feature_names=Column_0 Column_1 Column_2 Column_3 Column_4 Column_5 Column_6 Column_7 Column_8 Column_9 Column_10 Column_11 Column_12 Column_13 Column_14 Column_15 Column_16 Column_17 Column_18 Column_19 Column_20 Column_21 Column_22 Column_23 Column_24 Column_25 Column_26 Column_27 Column_28 Column_29 Column_30 Column_31 Column_32 Column_33 Column_34 Column_35 Column_36 Column_37 Column_38 Column_39 Column_40 Column_41 Column_42 Column_43 Column_44 Column_45 Column_46 Column_47 Column_48 Column_49 Column_50 Column_51 Column_52 Column_53 Column_54 Column_55 Column_56 Column_57 Column_58 Column_59 Column_60 Column_61 Column_62 Column_63 Column_64 Column_65 Column_66 Column_67 Column_68 Column_69 Column_70 Column_71 Column_72 Column_73 Column_74 Column_75 Column_76 Column_77 Column_78
feature_infos=[0:3.5381309986114502] [9.3660106658935547:10.894786834716797] [0:6.0554013252258301] [0:3.767268180847168] [0.027924101799726486:3.7707347869873047] [0:5.9700050354003906] [0:2.1934161186218262] [0.027743898332118988:3.4856688976287842] [0:3.0505256652832031] [0:1.8023651838302612] [0.00096249999478459358:1.8352205753326416] [0:3.2218930721282959] [0:3.0318589210510254] [0.011728749610483646:3.0635850429534912] [0:4.4790019989013672] [0:2.1068789958953857] [0.0016225000144913793:2.110034704208374] [0:3.2141697406768799] [0:1.6233524084091187] [0.011879499070346355:3.7935371398925781] [0:2.3575348854064941] [0:1.8250916004180908] [9.496729850769043:10.267624855041504] [0:2.8838093280792236] [0:2.0058610439300537] [0.027924101799726486:2.0066814422607422] [0:3.2343597412109375] [0:1.4435182809829712] [0.027743898332118988:2.6957283020019531] [0:2.2859609127044678] [0:0.93305468559265137] [0.00096249999478459358:0.93354004621505737] [1.0842021724855044e-19:1.6508845090866089] [0:1.470960259437561] [0.011728749610483646:1.4746993780136108] [0:2.4524555206298828] [0:0.98293298482894897] [0.0016225000144913793:0.98297756910324097] [0:1.3663967847824097] [0:1.5558362007141113] [0.011879499070346355:1.9486061334609985] [0:2.2859983444213867] [-13.815510749816895:2.2600724697113037] [-13.815510749816895:3.4814324378967285] [-13.815510749816895:3.8591892719268799] [-13.815510749816895:2.8669509887695312] [-13.815510749816895:2.4643468856811523] [-13.815510749816895:3.6801741123199463] [-13.815510749816895:3.8696937561035156] [-13.815510749816895:2.7761554718017578] [0:1.3774679899215698] [9.496729850769043:10.172256469726562] [0:2.2954158782958984] [0:1.5274608135223389] [0.027924101799726486:1.5297489166259766] [0:2.3552415370941162] [0:1.2827670574188232] [0.027743898332118988:2.3272025585174561] [0:1.6625027656555176] [0:0.66036826372146606] [0.00096249999478459358:0.66063737869262695] [0:1.1670398712158203] [0:1.0418837070465088] [0.011728749610483646:1.0432918071746826] [0:1.2277901172637939] [0:0.69636166095733643] [0.0016225000144913793:0.69636237621307373] [0:0.67003953456878662] [0:1.1993521451950073] [0.011879499070346355:1.3787544965744019] [0:1.394553542137146] [-13.815510749816895:2.6942574977874756] [-13.815510749816895:3.5992448329925537] [-13.815510749816895:3.912989616394043] [-13.815510749816895:3.0559775829315186] [-13.815510749816895:2.7200751304626465] [-13.815510749816895:3.8428881168365479] [-13.815510749816895:3.9175126552581787] [-13.815510749816895:2.9620585441589355]
tree_sizes=756 675 670 673 664 772 775 768 773 668 878 879 773 886 775 986 991 776 878 775 875 976 567 881 882 674 777 975 776 984 979 988 987 874 983 876 1085 773 987 979 985 881 883 875 882 981 880 871 882 984 985 880 881 979 883 980 879 1083 882 779 875 1197 1197 781 984 979 776 985 981 982 1088 1088 987 877 990 883 887 776 1093 985 885 777 886 882 987 882 779 1099 993 987 984 885 994 994 883 886 1312 890 780 998 1101 1199 998 994 990 887 997 1094 683 994 1099 678 1215 1007 1104 784 997 996 786 1107 1103 998 1104 892 990 889 898 1212 997 893 786 995 784 896 885 1214 999 893 1001 1212 1108 897 1008 1106 889 1108 892 1108 1105 1004

Tree=0
num_leaves=6
num_cat=0
split_feature=71 64 13 52 55
split_gain=177.456 39.6184 14.2727 3.29126 0.0378237
threshold=-1.5680277347564695 0.30113172531127935 0.23196691274642947 0.62734329700469982 0.75015288591384899
decision_type=2 2 2 2 2
left_child=-1 2 3 -2 -5
right_child=1 -3 -4 4 -6
leaf_value=-1.3579035844297438 -1.6028803573345161 -1.4829766833508653 -1.5517738989003695 -1.6307849915174892 -1.6555815950149397
leaf_weight=5.881122797727584 3.7807217985391608 3.3606415987014762 3.3606415987014762 5.0409623980522147 34.166522920131683
leaf_count=42 27 24 24 36 244
internal_value=-1.59615 -1.6285 -1.64124 -1.6491 -1.65331
internal_weight=55.5906 49.7095 46.3488 42.9882 39.2075
internal_count=397 355 331 307 280
is_linear=0
shrinkage=1


Tree=1
num_leaves=5
num_cat=0
split_feature=71 64 57 71
split_gain=163.812 30.1439 4.78058 0.959912
threshold=-1.3405580520629881 0.30113172531127935 0.79191488027572643 -0.65884241461753834
decision_type=2 2 2 2
left_child=-1 2 -2 -4
right_child=1 -3 3 -5
leaf_value=0.19104363342705355 -0.0033664094912646361 0.083240949577206944 -0.017271311253524428 -0.056660970005629932
leaf_weight=8.5106043815612775 5.3682637810707083 3.9197935760021201 2.7525907307863227 35.426722347736359
leaf_count=53 39 26 20 261
internal_value=0.00133815 -0.0359148 -0.048268 -0.0543344
internal_weight=55.978 47.4674 43.5476 38.1793
internal_count=399 346 320 281
is_linear=0
shrinkage=0.05


Tree=2
num_leaves=5
num_cat=0
split_feature=75 63 78 52
split_gain=117.785 27.419 6.2059 4.1712
threshold=-1.3912592530250547 0.19906294345855716 1.0000000180025095e-35 0.63223606348037731
decision_type=2 2 2 2
left_child=2 3 -1 -2
right_child=1 -3 -4 -5
leaf_value=0.18240501425667635 0.0025493115591521988 0.057287973380482707 0.068343188758147808 -0.056405316908209262
leaf_weight=5.7231976538896543 3.1635635942220679 5.8357512056827536 3.644279807806015 37.323100820183754
leaf_count=32 23 39 22 284
internal_value=-0.00380414 -0.0371791 0.148903 -0.0518483
internal_weight=55.6899 46.3224 9.36748 40.4867
internal_count=400 346 54 307
is_linear=0
shrinkage=0.05


Tree=3
num_leaves=5
num_cat=0
split_feature=71 35 28 6
split_gain=109.582 30.2747 6.57414 3.93915
threshold=-1.5680277347564695 0.29970040917396551 0.70557478070259105 0.840551257133484
decision_type=2 2 2 2
left_child=-1 2 -2 -4
right_child=1 -3 3 -5
leaf_value=0.15455758446090448 0.0078620618282062779 0.072776962316626878 -0.057096136602952645 -0.00077302395957421627
leaf_weight=8.7413935214281064 4.9893473684787741 5.4109668657183638 32.463505104184151 3.4522634223103514
leaf_count=45 35 36 255 27
internal_value=0.00187641 -0.0295971 -0.0445528 -0.0518499
internal_weight=55.0575 46.3161 40.9051 35.9158
internal_count=398 353 317 282
is_linear=0
shrinkage=0.05


Tree=4
num_leaves=5
num_cat=0
split_feature=57 78 56 22
split_gain=81.7973 23.0385 19.7218 4.72993
threshold=0.93792736530303966 0.66081240773201 0.47470481693744665 9.8415746688842791
decision_type=2 2 2 2
left_child=1 -1 3 -3
right_child=-2 2 -4 -5
leaf_value=0.12748374866317688 -0.054053716871219765 -0.043622273589949793 0.10467986952506321 0.025124362253033897
leaf_weight=8.7639070600271243 32.231792360544205 5.7368553727865201 3.8364641517400733 3.1612245514988899
leaf_count=46 257 43 24 22
internal_value=-0.00428668 0.0694133 0.023077 -0.0191278
internal_weight=53.7302 21.4985 12.7345 8.89808
internal_count=392 135 89 65
is_linear=0
shrinkage=0.05


Tree=5
num_leaves=6
num_cat=0
split_feature=57 74 3 11 13
split_gain=91.669 21.2032 6.97942 14.6209 0.68962
threshold=0.93792736530303966 1.4424401521682741 0.17812106758356097 0.089105907827615752 0.24095340073108676
decision_type=2 2 2 2 2
left_child=1 2 -1 -4 -2
right_child=4 -3 3 -5 -6
leaf_value=0.13835945243724776 -0.054644697494665023 -0.019679668133615255 0.0083391590775526332 0.11970849115219317 -0.018873207462484366
leaf_weight=7.1539323329925599 29.767308756709099 4.3125923648476592 6.1046118810772878 5.0056144371628761 2.8400216102600089
leaf_count=34 250 34 39 29 20
internal_value=0.000855212 0.0764225 0.098958 0.0642572 -0.0521834
internal_weight=55.1841 22.5768 18.2642 11.1102 32.6073
internal_count=406 136 102 68 270
is_linear=0
shrinkage=0.05


Tree=6
num_leaves=6
num_cat=0
split_feature=57 60 71 6 35
split_gain=67.9679 18.0264 34.3006 5.64717 0.406022
threshold=0.93792736530303966 0.26597419381141668 -1.3670120835304258 0.38582356274127966 0.27034851908683782
decision_type=2 2 2 2 2
left_child=1 2 -1 -4 -2
right_child=4 -3 3 -5 -6
leaf_value=0.10793709640430832 -0.053668384207487201 0.14689454294008966 -0.051478146858535329 0.022130367906227907 -0.022854776357977516
leaf_weight=7.8805739879608199 25.970670409500602 4.1572139710187903 6.2760297358036041 3.3475422933697701 3.3224851712584487
leaf_count=36 228 21 47 24 25
internal_value=-0.00208828 0.0634457 0.0367593 -0.0262006 -0.0510433
internal_weight=50.9545 21.6614 17.5041 9.62357 29.2932
internal_count=381 128 107 71 253
is_linear=0
shrinkage=0.05


Tree=7
num_leaves=6
num_cat=0
split_feature=75 64 33 78 8
split_gain=68.813 25.3615 4.65696 2.70644 0.372232
threshold=-1.3912592530250547 0.32876174151897436 0.16291214525699618 0.33900523185729986 1.0186347365379336
decision_type=2 2 2 2 2
left_child=3 2 4 -1 -2
right_child=1 -3 -4 -5 -6
leaf_value=0.11997174156581934 -0.053844316294756861 0.076202219745068467 0.0065461424712491877 0.047683147166900544 -0.024907225074211916
leaf_weight=8.1429015398025495 26.668413326144222 4.0136257261037818 3.703772969543933 3.819365754723548 3.858768217265605
leaf_count=35 235 22 29 20 35
internal_value=0.00251388 -0.0305256 -0.0448473 0.10235 -0.0510926
internal_weight=50.2068 38.2446 34.231 11.9623 30.5272
internal_count=376 321 299 55 270
is_linear=0
shrinkage=0.05


Tree=8
num_leaves=6
num_cat=0
split_feature=57 52 59 75 57
split_gain=83.7894 16.4146 3.47079 11.2733 0.480456
threshold=0.89744752645492565 0.88600608706474315 0.11687101796269418 -1.3912592530250547 0.98596149682998668
decision_type=2 2 2 2 2
left_child=1 2 3 -1 -2
right_child=4 -3 -4 -5 -6
leaf_value=0.099133626312692402 -0.023508841114300606 -0.029434152307550778 0.12018880332667624 -0.0058735921491518545 -0.055358602494206155
leaf_weight=6.0810932666063344 3.4443718791008022 2.7315407767891875 7.9920001626014701 3.832799509167673 26.168165981769562
leaf_count=26 29 23 37 29 239
internal_value=0.000702787 0.0760022 0.0927926 0.0617185 -0.052543
internal_weight=50.25 20.6374 17.9059 9.91389 29.6125
internal_count=383 115 92 55 268
is_linear=0
shrinkage=0.05


Tree=9
num_leaves=5
num_cat=0
split_feature=57 71 62 13
split_gain=67.0804 13.9378 43.3316 1.02282
threshold=0.93792736530303966 -1.3670120835304258 0.13526865094900134 0.25188685953617101
decision_type=2 2 2 2
left_child=1 -1 -3 -2
right_child=3 2 -4 -5
leaf_value=0.10057145150448071 -0.052558789805097143 -0.046873884200759004 0.13097937570189486 -0.011403605114729109
leaf_weight=11.520470529794695 24.791846156120304 7.9069362804293615 4.6069038882851601 2.2841200903058043
leaf_count=48 242 63 25 17
internal_value=0.00351272 0.0629571 0.023449 -0.0496168
internal_weight=51.1103 24.0343 12.5138 27.076
internal_count=395 136 88 259
is_linear=0
shrinkage=0.05


Tree=10
num_leaves=7
num_cat=0
split_feature=57 62 75 67 13 49
split_gain=65.4186 10.2545 31.0548 1.74574 1.12494 1.1055
threshold=0.93792736530303966 0.17532921582460406 -1.3912592530250547 0.25631932914257055 0.25188685953617101 -0.52899807691574086
decision_type=2 2 2 2 2 2
left_child=1 2 5 -4 -2 -1
right_child=4 -3 3 -5 -6 -7
leaf_value=0.099484080591741686 -0.054092134638696623 0.12731501085761093 -0.048941450355293292 0.00073168590488285423 -0.011591525587536103 0.047777943291156956
leaf_weight=8.6173946857452375 24.499954566359524 3.8443890362977973 5.3199519217014322 2.4157766848802567 2.3287215158343306 4.7583155781030699
leaf_count=35 250 18 45 18 18 22
internal_value=0.00234768 0.059403 0.0418376 -0.0351211 -0.0509522 0.085693
internal_weight=51.7845 24.9558 21.1114 7.73573 26.8287 13.3757
internal_count=406 138 120 63 268 57
is_linear=0
shrinkage=0.05


Tree=11
num_leaves=7
num_cat=0
split_feature=57 49 62 44 1 71
split_gain=51.0862 13.4717 22.4515 1.87202 0.896937 0.441646
threshold=0.93792736530303966 0.041571367532014854 0.13626639544963839 0.90820306539535534 10.077789306640627 -1.5680277347564695
decision_type=2 2 2 2 2 2
left_child=1 5 3 -3 -2 -1
right_child=4 2 -4 -5 -6 -7
leaf_value=0.094758619114616471 -0.053756713487696617 -0.051831432455828601 0.10825522057796844 -0.0036951134579612088 -0.015809718308478167 0.044960786821351247
leaf_weight=8.9436504393815976 21.184954531490806 4.7443190291523916 2.9600928500294676 3.367869071662426 2.7894901856780043 3.6050792783498791
leaf_count=36 220 36 14 26 27 22
internal_value=0.00023908 0.0513431 0.00951143 -0.0344457 -0.0501513 0.0848267
internal_weight=47.5955 23.621 11.0723 8.11219 23.9744 12.5487
internal_count=381 134 76 62 247 58
is_linear=0
shrinkage=0.05


Tree=12
num_leaves=6
num_cat=0
split_feature=57 55 27 75 35
split_gain=55.1113 8.07561 3.59087 13.2291 2.29872
threshold=0.89744752645492565 0.89014309644699108 0.40282155573368078 -1.3584417104721067 0.27034851908683782
decision_type=2 2 2 2 2
left_child=1 2 3 -1 -2
right_child=4 -3 -4 -5 -6
leaf_value=0.075518421954033493 -0.053286082461334462 -0.017240947665970608 0.095182905560138559 -0.0343904321878215 -0.0096111147629688014
leaf_weight=8.2692026048898715 21.379040740430359 2.702289566397666 8.1767974942922574 3.1992212459445026 4.058603659272193
leaf_count=34 235 23 38 25 32
internal_value=0.00254413 0.0584741 0.0692197 0.0445592 -0.0469448
internal_weight=47.7852 22.3475 19.6452 11.4684 25.4376
internal_count=387 120 97 59 267
is_linear=0
shrinkage=0.05


Tree=13
num_leaves=7
num_cat=0
split_feature=57 71 62 35 15 70
split_gain=46.3275 9.20133 23.7189 2.34428 0.409181 0.0356589
threshold=0.87583985924720775 -1.3670120835304258 0.19132424145936969 0.27034851908683782 0.047839550301432616 0.061220865696668632
decision_type=2 2 2 2 2 2
left_child=1 -1 4 5 -3 -2
right_child=3 2 -4 -5 -6 -7
leaf_value=0.080985256876524983 -0.022091433494787201 -0.047765790831240933 0.10279785934707647 -0.0064361072451382326 -0.014085407222252894 -0.052839599833062426
leaf_weight=11.609216973185541 2.1358776688575807 4.3830272257328016 3.7569406181573868 3.7677390724420539 2.4320257753133774 19.57304085791111
leaf_count=47 24 37 16 30 19 223
internal_value=0.000363045 0.0519687 0.0158605 -0.0448332 -0.0390869 -0.0509204
internal_weight=47.6579 22.1812 10.572 25.4767 6.81505 21.7089
internal_count=396 119 72 277 56 247
is_linear=0
shrinkage=0.05


Tree=14
num_leaves=6
num_cat=0
split_feature=74 71 63 52 8
split_gain=37.357 8.64149 21.1773 2.84457 1.25561
threshold=1.4367755055427553 -1.3405580520629881 0.13576104491949084 0.82390776276588451 0.69740459322929393
decision_type=2 2 2 2 2
left_child=1 -1 4 -2 -3
right_child=3 2 -4 -5 -6
leaf_value=0.073833182320301241 -0.00056518339252040965 -0.048368808507798032 0.088199160859646755 -0.050798472713987568 -0.00054462282233058051
leaf_weight=11.497837752103807 3.3035406768322018 5.5806274041533452 4.5049320608377457 19.12249069660902 1.7631343603134153
leaf_count=48 31 56 22 214 18
internal_value=0.00136532 0.044708 0.0128985 -0.0437387 -0.0383283
internal_weight=45.7726 23.3465 11.8487 22.426 7.34376
internal_count=389 144 96 245 74
is_linear=0
shrinkage=0.05


Tree=15
num_leaves=8
num_cat=0
split_feature=78 58 55 48 64 59 37
split_gain=36.0229 4.99139 4.09695 5.91807 1.16829 0.995076 0.192648
threshold=1.0647363066673281 0.61555680632591259 0.79957643151283275 0.63125866651535045 0.32876174151897436 0.051320772618055351 0.3216362744569779
decision_type=2 2 2 2 2 2 2
left_child=1 5 3 -2 6 -1 -4
right_child=2 -3 4 -5 -6 -7 -8
leaf_value=0.036500399851558368 -0.036605095340870968 0.0090563006557045824 -0.052101944189437671 0.048879856529032623 -0.0041259861847316266 0.082207922088331192 -0.017250423681837358
leaf_weight=4.384316191077235 3.7978862524032619 4.9244814291596404 17.107595965266235 2.5027826949954033 1.6978128030896176 8.0267575830221158 1.7053959369659413
leaf_count=21 39 39 208 18 11 36 17
internal_value=-0.000296771 0.0541164 -0.0361596 -0.000604269 -0.046546 0.069987 -0.0499728
internal_weight=44.147 17.3356 26.8115 6.30067 20.5108 12.4111 18.813
internal_count=389 96 293 57 236 57 225
is_linear=0
shrinkage=0.05


Tree=16
num_leaves=8
num_cat=0
split_feature=57 49 16 35 10 21 70
split_gain=34.0699 9.57581 11.6646 2.7972 0.996261 0.689209 0.109139
threshold=0.89744752645492565 0.060143677517771728 0.091683577746152892 0.27034851908683782 0.030228613875806335 0.48004803061485296 0.060838390141725547
decision_type=2 2 2 2 2 2 2
left_child=1 4 5 6 -1 -3 -2
right_child=3 2 -4 -5 -6 -7 -8
leaf_value=0.084442432094563813 -0.019695822400806876 -0.052581647136975898 0.059851782361329112 0.00062416403201117645 0.040074864481300813 -0.010691542926003139 -0.051743786403102281
leaf_weight=7.4383435845375079 1.9655499458313048 3.3604224622249586 4.2254098653793335 3.2093437388539305 5.2886112555861473 2.0693384483456612 16.649742498993874
leaf_count=31 24 24 23 27 28 19 212
internal_value=0.00102151 0.0434189 0.00475412 -0.0424561 0.0702683 -0.0407627 -0.0495365
internal_weight=44.2068 22.3821 9.65517 21.8246 12.727 5.42976 18.6153
internal_count=388 125 66 263 59 43 236
is_linear=0
shrinkage=0.05


Tree=17
num_leaves=6
num_cat=0
split_feature=75 62 74 78 42
split_gain=33.8637 12.0242 15.8476 1.09539 0.459651
threshold=-1.3912592530250547 0.13526865094900134 1.813476085662842 1.0000000180025095e-35 0.39613124728202825
decision_type=2 2 2 2 2
left_child=3 4 -3 -1 -2
right_child=1 2 -4 -5 -6
leaf_value=0.077180146051944926 -0.052575247302713436 0.069396401265318403 -0.041907784441009746 0.033639924085064235 -0.01234239539164584
leaf_weight=8.0976902246475202 19.10246720910073 5.237460292875765 5.6171020492911339 4.7089936882257453 1.4815097153186787
leaf_count=34 235 29 57 23 20
internal_value=-0.000834554 -0.0287304 0.0131215 0.0647665 -0.0503855
internal_weight=44.2452 31.4385 10.8546 12.8067 20.584
internal_count=398 341 86 57 255
is_linear=0
shrinkage=0.05


Tree=18
num_leaves=7
num_cat=0
split_feature=57 49 62 36 22 13
split_gain=35.8062 6.34277 11.7796 2.54415 1.77581 1.09928
threshold=0.93792736530303966 0.060143677517771728 0.198527567088604 0.076538451015949263 9.8067321777343768 0.25188685953617101
decision_type=2 2 2 2 2 2
left_child=1 4 3 -3 -1 -2
right_child=5 2 -4 -5 -6 -7
leaf_value=0.077325492978764343 -0.051600558922461286 -0.049837846525594837 0.081449143039151253 0.0046962213178342498 0.026469308435085555 -0.0093454715022787769
leaf_weight=8.6949906647205371 17.586064100265506 3.3821271657943708 2.9571163207292557 3.8716695159673691 3.8443696871399871 2.2230115681886664
leaf_count=38 239 31 12 27 22 19
internal_value=0.000356102 0.042302 0.0113092 -0.0236882 0.0648404 -0.0475356
internal_weight=42.5593 22.7503 10.2109 7.2538 12.5394 19.8091
internal_count=388 130 70 58 60 258
is_linear=0
shrinkage=0.05


Tree=19
num_leaves=6
num_cat=0
split_feature=57 71 62 13 6
split_gain=32.3385 7.17951 21.7928 1.16467 0.427283
threshold=0.93792736530303966 -1.3670120835304258 0.13526865094900134 0.25188685953617101 0.840551257133484
decision_type=2 2 2 2 2
left_child=1 -1 -3 4 -2
right_child=3 2 -4 -5 -6
leaf_value=0.066869849426487729 -0.051091666351847934 -0.04467256310043595 0.082313468943573206 -0.0054754571844773357 -0.011578506477375045
leaf_weight=11.804608479142191 15.720407836139207 6.7619314268231374 5.0070440173149109 2.0097965672612181 1.4269600063562382
leaf_count=50 223 64 22 18 19
internal_value=0.00240342 0.0408552 0.0115683 -0.0445923 -0.0486227
internal_weight=42.7307 23.5736 11.769 19.1572 17.1474
internal_count=396 136 86 260 242
is_linear=0
shrinkage=0.05


Tree=20
num_leaves=7
num_cat=0
split_feature=57 49 37 22 78 78
split_gain=30.7032 6.36809 11.0121 1.45352 0.0951592 1.49836
threshold=0.93792736530303966 0.041571367532014854 0.11687669157981874 9.8053779602050799 1.4903832674026491 1.363543748855591
decision_type=2 2 2 2 2 2
left_child=1 3 -3 -1 5 -2
right_child=4 2 -4 -5 -6 -7
leaf_value=0.072249728093139842 -0.041674606215499649 -0.050533742259993214 0.048648263662987211 0.026307557162830245 -0.050789324814135429 0.012222920582705054
leaf_weight=8.925456069409849 3.317793462425473 3.8962701186537725 5.5561536103487015 4.0677663609385482 13.227079205214975 1.3043388351798055
leaf_count=40 48 38 31 22 187 17
internal_value=0.00115245 0.0393229 0.0068423 0.0607746 -0.0463871 -0.0269963
internal_weight=40.2949 22.4456 9.45242 12.9932 17.8492 4.62213
internal_count=383 131 69 62 252 65
is_linear=0
shrinkage=0.05


Tree=21
num_leaves=8
num_cat=0
split_feature=57 62 45 22 78 13 6
split_gain=27.5824 5.69785 10.5785 2.16328 1.52999 1.369 0.317138
threshold=0.93792736530303966 0.17532921582460406 0.14766651391983035 9.8498716354370135 0.66081240773201 0.25188685953617101 0.85518950223922741
decision_type=2 2 2 2 2 2 2
left_child=1 2 4 -4 -1 6 -2
right_child=5 -3 3 -5 -6 -7 -8
leaf_value=0.060386933675056959 -0.050357254310828353 0.083876558451985453 -0.043928620091292767 0.011091391454216925 0.015888796960061926 -0.001035828949932075 -0.013737448283711373
leaf_weight=8.4512546807527595 14.251745693385603 4.4130111783742896 4.2173785492777816 2.2034569606184959 3.5631775110959998 1.778131142258643 1.5666441321372975
leaf_count=40 221 18 40 16 21 16 22
internal_value=0.00235074 0.0378895 0.0231319 -0.026097 0.0494248 -0.0433507 -0.0477629
internal_weight=40.4448 22.8483 18.4353 6.42084 12.0144 17.5965 15.8184
internal_count=394 135 117 56 61 259 243
is_linear=0
shrinkage=0.05


Tree=22
num_leaves=4
num_cat=0
split_feature=57 71 62
split_gain=31.3297 6.00756 21.2072
threshold=0.93792736530303966 -1.3670120835304258 0.13526865094900134
decision_type=2 2 2
left_child=1 -1 -3
right_child=-2 2 -4
leaf_value=0.063364952892516688 -0.051251111805890648 -0.04493778039685109 0.073518180249731585
leaf_weight=10.004957854747774 16.940316487103701 6.972640894353388 6.2178372740745544
leaf_count=44 256 70 27
internal_value=-0.00120973 0.0359447 0.0121468
internal_weight=40.1358 23.1954 13.1905
internal_count=397 141 97
is_linear=0
shrinkage=0.05


Tree=23
num_leaves=7
num_cat=0
split_feature=57 71 63 13 63 8
split_gain=23.9461 5.65789 14.0852 1.46989 1.46673 0.493058
threshold=0.93792736530303966 -1.3405580520629881 0.13576104491949084 0.25188685953617101 0.059759590774774558 1.2034454941749575
decision_type=2 2 2 2 2 2
left_child=1 4 -3 5 -1 -2
right_child=3 2 -4 -5 -6 -7
leaf_value=0.026034271201679473 -0.049942106662433663 -0.042040570016813446 0.061107020992119447 0.0011539913688613534 0.072468883276842311 -0.0092046109994234297
leaf_weight=4.2860535383224505 13.897663891315462 5.910215422511099 5.3727428913116455 1.6885779350996006 6.7847742885351181 1.3194463364779938
leaf_count=20 234 60 25 16 30 20
internal_value=0.000954177 0.0342849 0.00805262 -0.0425713 0.0581379 -0.0471952
internal_weight=39.2595 22.3538 11.283 16.9057 11.0708 15.2171
internal_count=405 135 85 270 50 254
is_linear=0
shrinkage=0.05


Tree=24
num_leaves=7
num_cat=0
split_feature=71 63 13 38 66 7
split_gain=17.6526 9.63627 3.5584 1.40302 0.89485 0.627717
threshold=-1.3405580520629881 0.19906294345855716 0.23196691274642947 0.32432734966278082 0.056378938257694251 1.8556548953056338
decision_type=2 2 2 2 2 2
left_child=4 2 3 5 -1 -2
right_child=1 -3 -4 -5 -6 -7
leaf_value=0.022368333650119598 -0.051233081270494488 0.031684967112914575 0.023109432279614053 0.00095259560360894916 0.062086100059894837 -0.0072634456762599667
leaf_weight=3.6713968217372877 15.051117613911641 5.6840185187757006 1.5589664541184891 1.5217682234942902 7.2599735632538795 1.2356665171682824
leaf_count=18 236 37 16 15 34 20
internal_value=0.00140755 -0.021698 -0.0381514 -0.0444577 0.0517393 -0.0485103
internal_weight=35.9829 25.0515 19.3675 17.8086 10.9314 16.2868
internal_count=376 324 287 271 52 256
is_linear=0
shrinkage=0.05


Tree=25
num_leaves=5
num_cat=0
split_feature=57 71 62 19
split_gain=24.2319 4.62016 14.2371 0.799268
threshold=0.93792736530303966 -1.3405580520629881 0.13526865094900134 0.40415519475936895
decision_type=2 2 2 2
left_child=1 -1 -3 -2
right_child=3 2 -4 -5
leaf_value=0.060772238401315175 -0.049411599848716674 -0.040562217294782939 0.065507469461727183 -0.012511800167779655
leaf_weight=9.4400807172060031 12.633375681936739 5.4676523730158788 5.2420250698924065 2.5670449696481219
leaf_count=44 228 59 23 31
internal_value=0.00172618 0.0369283 0.0125159 -0.0443369
internal_weight=35.3502 20.1498 10.7097 15.2004
internal_count=385 126 82 259
is_linear=0
shrinkage=0.05


Tree=26
num_leaves=6
num_cat=0
split_feature=57 71 62 13 11
split_gain=22.797 4.51927 11.8897 1.68263 0.732004
threshold=0.93792736530303966 -1.3670120835304258 0.1367759853601456 0.25188685953617101 0.14046847820281985
decision_type=2 2 2 2 2
left_child=1 -1 4 -2 -3
right_child=3 2 -4 -5 -6
leaf_value=0.057870784580114465 -0.049263900608122101 -0.045247827541826435 0.062350894046858188 0.0030902430236086796 -0.0047165629777515122
leaf_weight=10.270242005586626 12.853901479393242 3.9539937041699869 4.8552773222327232 1.5977954193949688 1.7645962312817571
leaf_count=48 244 45 21 15 16
internal_value=0.00291034 0.0357123 0.0110495 -0.0436502 -0.0353046
internal_weight=35.2958 20.8441 10.5739 14.4517 5.71859
internal_count=389 130 82 259 61
is_linear=0
shrinkage=0.05


Tree=27
num_leaves=8
num_cat=0
split_feature=57 3 19 78 26 55 56
split_gain=18.6812 3.45484 9.07782 2.86468 7.2745 1.93908 1.42732
threshold=0.89744752645492565 0.17812106758356097 0.13289272040128711 1.4903832674026491 0.98945528268814098 0.71432718634605419 0.41473452746868139
decision_type=2 2 2 2 2 2 2
left_child=1 -1 5 4 -2 -3 -4
right_child=3 2 6 -5 -6 -7 -8
leaf_value=0.060903283299544857 -0.040359803457808742 -0.053271304294148128 0.013393706134402026 -0.04945624595737147 0.073022093115715045 0.0034032462312318054 0.060688160503989466
leaf_weight=6.5283773839473751 3.1156049482524386 2.8883724659681311 3.0627647712826711 11.525850035250185 1.1560453623533247 2.2812413536012173 5.3491034880280495
leaf_count=33 58 22 20 207 12 24 27
internal_value=0.00200812 0.033267 0.016717 -0.0373953 -0.0016439 -0.031764 0.0467209
internal_weight=35.9074 20.1099 13.5815 15.7975 4.27165 5.16961 8.41187
internal_count=403 126 93 277 70 46 47
is_linear=0
shrinkage=0.05


Tree=28
num_leaves=6
num_cat=0
split_feature=57 77 62 75 1
split_gain=16.1559 3.24963 7.54236 3.57587 1.3086
threshold=0.93792736530303966 -0.47271722555160517 0.13526865094900134 -1.3912592530250547 10.077789306640627
decision_type=2 2 2 2 2
left_child=1 -1 3 -3 -2
right_child=4 2 -4 -5 -6
leaf_value=0.057888923860859177 -0.048745048341675867 0.017965237162622123 0.059496486764507389 -0.044592010005488542 -0.0034483905183428972
leaf_weight=5.4952013790607479 10.875314783304928 3.3620716184377679 4.1082977801561356 4.1223356798291215 2.0260270386934272
leaf_count=29 211 16 18 52 33
internal_value=-0.00191748 0.0292945 0.0122195 -0.0176853 -0.0423914
internal_weight=29.9892 17.0879 11.5927 7.48441 12.9013
internal_count=359 115 86 68 244
is_linear=0
shrinkage=0.05


Tree=29
num_leaves=8
num_cat=0
split_feature=57 69 75 78 2 56 45
split_gain=17.6575 2.81348 10.3979 1.62968 3.79797 0.694463 0.539787
threshold=0.93792736530303966 0.33487811684608465 -1.3912592530250547 1.4903832674026491 0.78950014710426342 0.4531268179416657 -0.84602516889572132
decision_type=2 2 2 2 2 2 2
left_child=1 2 6 4 -2 -4 -1
right_child=3 -3 5 -5 -6 -7 -8
leaf_value=0.061232643168361814 -0.037285712530801866 0.062255540934769572 -0.044856627732330193 -0.048477717768124685 0.050500276550839419 -0.0039844094077936014 0.026269124319364207
leaf_weight=4.9416606426239014 2.3788568228483196 5.1828001439571372 3.3856632970273504 9.9428043290972692 0.9497871808707713 1.6375123932957647 4.5412339270114899
leaf_count=26 48 25 41 197 16 15 22
internal_value=0.00380047 0.0332094 0.019486 -0.0390991 -0.00635725 -0.0344063 0.0485922
internal_weight=32.9603 19.6889 14.5061 13.2714 3.32864 5.02318 9.48289
internal_count=390 129 104 261 64 56 48
is_linear=0
shrinkage=0.05


Tree=30
num_leaves=8
num_cat=0
split_feature=57 55 76 69 42 78 1
split_gain=16.3836 4.03096 1.42748 1.28422 0.725224 0.472913 1.81561
threshold=0.93792736530303966 0.7846055030822755 1.6437719464302065 0.10228374600410463 -1.7817233800888059 1.4903832674026491 9.9106445312500018
decision_type=2 2 2 2 2 2 2
left_child=1 3 -3 -1 -5 6 -2
right_child=5 2 -4 4 -6 -7 -8
leaf_value=0.011807576062046103 -0.037174879237465673 -0.036417252962241901 0.015874251509740252 0.060306727800933706 0.024065281615685722 -0.048095424005544223 0.025228145828205706
leaf_weight=3.7836367785930696 2.3454061374068256 1.9631308466196054 1.5540370196104047 6.5360854230821133 4.2302477508783323 9.2940422706305963 0.94462362304329861
leaf_count=24 47 27 14 34 25 191 17
internal_value=-2.97182e-05 0.0298661 -0.0149133 0.0409536 0.0493224 -0.0419905 -0.0175537
internal_weight=30.6512 18.0671 3.51717 14.55 10.7663 12.5841 3.29003
internal_count=379 124 41 83 59 255 64
is_linear=0
shrinkage=0.05


Tree=31
num_leaves=8
num_cat=0
split_feature=57 49 37 78 47 71 15
split_gain=16.5997 3.72863 7.98753 1.55146 3.80517 0.732726 0.687089
threshold=0.93792736530303966 0.060143677517771728 0.13815008848905566 1.4903832674026491 0.99281811714172374 -1.4193221330642698 0.033134620636701591
decision_type=2 2 2 2 2 2 2
left_child=1 5 6 4 -2 -1 -3
right_child=3 2 -4 -5 -6 -7 -8
leaf_value=0.05866318381322403 -0.037460881526105064 -0.050939040094306831 0.043238863963936225 -0.048144330395053253 0.050165175295621089 0.022903681360947378 -0.0074196034327852038
leaf_weight=7.4051533490419388 2.4242664910852905 2.7107182741165143 5.6727030016481876 9.6801055409014207 0.95378750190138806 4.0633935257792491 1.7182660177350042
leaf_count=41 50 27 34 206 16 25 19
internal_value=0.00403959 0.0304992 0.00714587 -0.0387284 -0.00691265 0.0488464 -0.0385319
internal_weight=34.6284 21.5702 10.1017 13.0582 3.37805 11.4685 4.42898
internal_count=418 146 80 272 66 66 46
is_linear=0
shrinkage=0.05


Tree=32
num_leaves=8
num_cat=0
split_feature=78 35 75 57 8 45 56
split_gain=12.4655 5.0159 10.7232 1.58966 1.49974 0.804546 0.0312588
threshold=1.5292009711265566 0.27034851908683782 -1.4423514008522031 0.87583985924720775 0.87086686491966259 -0.84602516889572132 0.58951669931411754
decision_type=2 2 2 2 2 2 2
left_child=1 2 5 -2 6 -1 -4
right_child=3 -3 4 -5 -6 -7 -8
leaf_value=0.056699358751327734 0.0037480957930074617 0.06800478527020086 -0.047141812933272069 -0.047938778935660092 0.010058697765524758 0.020427002461368478 -0.012849979607682183
leaf_weight=4.6991058439016342 1.5741496123373497 3.8206255733966819 4.8135686032474085 9.4059202633798105 1.1828252375125883 4.4783884473145044 1.0166527926921842
leaf_count=27 18 19 70 207 16 24 19
internal_value=-0.000135986 0.0230758 0.00913427 -0.0408344 -0.0346959 0.0427456 -0.0439189
internal_weight=30.9912 20.0112 16.1905 10.9801 7.01305 9.17749 5.83022
internal_count=400 175 156 225 105 51 89
is_linear=0
shrinkage=0.05


Tree=33
num_leaves=7
num_cat=0
split_feature=55 59 75 27 67 36
split_gain=13.0156 3.21411 5.00438 4.13695 2.88428 0.339428
threshold=0.79957643151283275 0.1058674529194832 -1.3912592530250547 0.46543964743614202 0.32275196909904486 0.136369064450264
decision_type=2 2 2 2 2 2
left_child=1 2 -1 -4 -2 -3
right_child=4 5 3 -5 -6 -7
leaf_value=0.043606811364968863 -0.047865951818944485 0.026247977812974072 -0.047633218337220284 0.027043723727022281 0.0049595226383125244 0.065147141752636292
leaf_weight=4.8135278075933465 9.5002217590808851 3.1123207733035079 3.6804034486413046 2.2396896593272686 3.1947432085871688 3.8452337458729744
leaf_count=25 215 24 44 30 37 20
internal_value=0.00191085 0.0289855 0.0100719 -0.019556 -0.0351808 0.0532316
internal_weight=30.3861 17.6912 10.7336 5.92009 12.695 6.95755
internal_count=395 143 99 74 252 44
is_linear=0
shrinkage=0.05


Tree=34
num_leaves=8
num_cat=0
split_feature=57 45 62 71 76 47 62
split_gain=11.8175 3.40174 6.03931 4.32716 1.36457 4.12544 1.09922
threshold=0.93792736530303966 -0.84602516889572132 0.17532921582460406 -1.5680277347564695 1.3640637397766116 0.84547168016433727 0.1200464926660061
decision_type=2 2 2 2 2 2 2
left_child=1 -1 3 -3 5 -2 -5
right_child=4 2 -4 6 -6 -7 -8
leaf_value=0.059040313258941192 -0.03782982150437765 0.029001114639591721 0.059408281017011066 -0.046050620875244308 -0.047067213403487886 0.053908885685390866 -0.00090181772000624003
leaf_weight=4.5736486762762096 2.5630781576037402 3.4999346882104874 3.4475464373826972 4.1428483091294783 8.0613581202924234 0.8806929476559161 1.882064316421747
leaf_count=26 59 17 16 52 187 15 12
internal_value=0.000814154 0.0261168 0.0111143 -0.0103495 -0.0367767 -0.00751716 -0.0340831
internal_weight=29.0512 17.546 12.9724 9.52485 11.5051 3.44377 6.02491
internal_count=384 123 97 81 261 74 64
is_linear=0
shrinkage=0.05


Tree=35
num_leaves=7
num_cat=0
split_feature=57 65 78 26 75 63
split_gain=10.8042 3.11074 1.40787 3.84782 1.39695 7.07235
threshold=0.93792736530303966 0.054603572934865958 1.4903832674026491 0.92490938305854808 -1.2441477775573728 0.17407093942165378
decision_type=2 2 2 2 2 2
left_child=1 -1 3 -2 -3 -6
right_child=2 4 -4 -5 5 -7
leaf_value=-0.011574839552420821 -0.037237647712526627 0.050650931155202229 -0.046887574636789851 0.051363149672360088 -0.0303197883157315 0.059192630489476643
leaf_weight=4.200498975813395 2.415548991411923 6.4976506382226953 7.9427963681519032 0.9219020903110503 3.4967894628643963 3.443034440279007
leaf_count=38 55 37 193 14 35 16
internal_value=-5.20372e-05 0.0239415 -0.0364633 -0.00656424 0.0350765 0.0159516
internal_weight=28.9182 17.638 11.2802 3.33745 13.4375 6.93982
internal_count=388 126 262 69 88 51
is_linear=0
shrinkage=0.05


Tree=36
num_leaves=9
num_cat=0
split_feature=74 42 35 28 27 28 62 71
split_gain=10.4346 3.65467 3.22747 6.89952 1.73462 3.22906 0.478229 0.346141
threshold=1.4367755055427553 -2.5700759887695308 0.27034851908683782 0.66238123178482067 0.41290074586868292 0.91149163246154796 0.2519486695528031 -2.0228203535079952
decision_type=2 2 2 2 2 2 2 2
left_child=2 -2 3 7 -5 -6 -3 -1
right_child=1 6 -4 4 5 -7 -8 -9
leaf_value=0.052286431730009145 0.031599654987178448 -0.047397428997246138 0.062665898232011713 -0.051129113399337872 0.036536688561785206 -0.037329649887677119 -0.008009272168232771 0.018251327529797256
leaf_weight=4.2493248879909515 1.1385373380035186 9.4427909702062554 3.2980012446641913 2.3383932560682297 1.883408419787884 2.0405445098876953 1.325699284672736 2.6925546489656025
leaf_count=26 8 241 17 22 12 35 12 21
internal_value=-0.000464218 -0.0345557 0.0247031 0.0114769 -0.0246258 -0.00165563 -0.043641 0.0430455
internal_weight=28.4093 11.907 16.5022 13.2042 6.26235 3.92395 10.7685 6.94188
internal_count=394 261 133 116 69 47 253 47
is_linear=0
shrinkage=0.05


Tree=37
num_leaves=6
num_cat=0
split_feature=57 75 62 13 70
split_gain=11.6759 3.04713 8.5937 1.72205 0.721953
threshold=0.93792736530303966 -1.3912592530250547 0.1367759853601456 0.25188685953617101 0.069212485104799285
decision_type=2 2 2 2 2
left_child=1 4 -3 -2 -1
right_child=3 2 -4 -5 -6
leaf_value=0.018897993911404291 -0.046700906780155586 -0.043980142198854238 0.04553467996646976 0.0073973532952911611 0.055896077224162316
leaf_weight=3.4934695512056368 8.585723511874674 4.0514237917959708 4.7221485376358032 1.4423504173755635 5.4748025834560394
leaf_count=21 239 59 22 16 31
internal_value=0.0019337 0.0258901 0.00392833 -0.0389547 0.0448256
internal_weight=27.7699 17.7418 8.77357 10.0281 8.96827
internal_count=388 133 81 255 52
is_linear=0
shrinkage=0.05


Tree=38
num_leaves=8
num_cat=0
split_feature=55 69 45 57 0 70 38
split_gain=10.1361 3.65837 3.65071 2.79312 5.64362 0.967029 0.679692
threshold=0.93523454666137706 0.10228374600410463 -0.29144197702407831 0.81347566843032848 0.62026184797286998 0.82803702354431163 0.11810519173741342
decision_type=2 2 2 2 2 2 2
left_child=1 2 -1 -3 6 -2 -5
right_child=5 3 -4 4 -6 -7 -8
leaf_value=0.031808528380482363 -0.046186679524422826 0.050792808796870106 -0.046113740813525241 0.00066037941075686949 0.056776972458048185 0.0053538898690561314 -0.041848583824863193
leaf_weight=1.6877685934305189 7.1977217607200128 8.7645558118820173 2.5770509243011537 1.262417079880833 2.1457747686654329 0.80484644696116436 2.3655144087970257
leaf_count=13 191 55 40 22 24 6 37
internal_value=0.00312199 0.0230152 -0.0150921 0.0344459 0.00579588 -0.0409841 -0.0301102
internal_weight=26.8056 18.8031 4.26482 14.5383 5.77371 8.00257 3.62793
internal_count=388 191 53 138 83 197 59
is_linear=0
shrinkage=0.05


Tree=39
num_leaves=8
num_cat=0
split_feature=74 61 0 42 2 25 62
split_gain=8.32291 4.04498 5.60073 3.20957 2.77255 1.17087 0.456351
threshold=1.4367755055427553 0.17348346114158633 0.18571997433900836 -2.5700759887695308 0.65775027871131908 0.30356569588184362 0.2519486695528031
decision_type=2 2 2 2 2 2 2
left_child=1 2 -1 -2 5 -4 -5
right_child=3 -3 4 6 -6 -7 -8
leaf_value=0.048756423291668641 0.029590477521616362 0.059735415886898492 -0.0013972324470130568 -0.046433436419762088 0.014319157943328603 -0.051390298730966261 -0.0069180083336004092
leaf_weight=4.0545668825507226 1.0943705104291463 4.0779237113893023 1.6841437723487596 8.0310804843902535 3.7627559769898653 3.327655978500843 1.2174568586051453
leaf_count=27 8 27 15 227 37 39 11
internal_value=0.000676538 0.021881 0.00639891 -0.0328585 -0.0161594 -0.0376177 -0.0424143
internal_weight=27.25 16.907 12.8291 10.3429 8.77456 5.0118 9.24854
internal_count=391 145 118 246 91 54 238
is_linear=0
shrinkage=0.05


Tree=40
num_leaves=8
num_cat=0
split_feature=57 26 70 27 62 70 74
split_gain=9.05747 3.04234 5.85869 3.01296 1.51368 0.652637 0.327462
threshold=0.93792736530303966 0.3519075214862824 0.1068256087601185 0.39852948486804968 0.13526865094900134 0.061220865696668632 1.4293689727783205
decision_type=2 2 2 2 2 2 2
left_child=1 -1 -3 -4 -5 -2 -7
right_child=5 2 3 4 -6 6 -8
leaf_value=0.051116078572523031 0.0018662167215299135 -0.048275308267408008 -0.017512375117555722 0.0093293549098479294 0.056327310018172622 -0.0091948187016813506 -0.045507210834380273
leaf_weight=5.1420625448226991 0.88303268514573385 2.6258281506597987 2.4986277110874635 3.2210768237709999 4.3058173060417175 1.3183006793260572 6.6212646458297968
leaf_count=35 22 31 25 32 21 30 193
internal_value=0.00185648 0.0221297 0.00746703 0.0251211 0.0396677 -0.037121 -0.0411808
internal_weight=26.616 17.7934 12.6513 10.0255 7.52689 8.8226 7.93957
internal_count=389 144 109 78 53 245 223
is_linear=0
shrinkage=0.05


Tree=41
num_leaves=7
num_cat=0
split_feature=55 73 64 56 47 64
split_gain=8.64453 3.23946 6.79677 3.11349 1.5726 1.53569
threshold=0.79957643151283275 -0.19874533265829084 0.10812534391880037 0.44967740774154669 -0.084211993962526308 0.32876174151897436
decision_type=2 2 2 2 2 2
left_child=1 -1 -3 -4 -5 -2
right_child=5 2 3 4 -6 -7
leaf_value=0.052758487050142869 -0.046289172458696681 -0.04787591352746904 -0.0091433759632184256 0.01258367891957018 0.072090084626753731 0.0056462910394359678
leaf_weight=4.2795356363058099 7.6822868883609754 3.2310167644172907 3.0643613655120134 2.3598427120596162 2.5430014245212087 1.4605406299233434
leaf_count=31 226 46 27 27 16 13
internal_value=-0.00200987 0.020422 0.00475222 0.0290539 0.0504324 -0.0382539
internal_weight=24.6206 15.4778 11.1982 7.96721 4.90284 9.14283
internal_count=386 147 116 70 43 239
is_linear=0
shrinkage=0.05


Tree=42
num_leaves=7
num_cat=0
split_feature=57 73 64 32 63 70
split_gain=10.9212 2.21574 6.15041 2.05388 4.42282 0.853559
threshold=0.93792736530303966 -0.19874533265829084 0.10812534391880037 0.11478335410356523 0.15095225721597674 0.059766015037894256
decision_type=2 2 2 2 2 2
left_child=1 -1 -3 -4 -5 -2
right_child=5 2 3 4 -6 -7
leaf_value=0.052660226601394869 0.0034275066980962374 -0.046267039432157382 0.049488429014101977 -0.034950873602807089 0.045978949753078265 -0.045903127748447278
leaf_weight=4.5825331136584309 0.83154438994824698 2.4603675492107895 5.2377050220966321 2.5063239857554436 2.2668540328741074 7.3111672177910805
leaf_count=34 22 27 33 29 13 228
internal_value=0.00362633 0.026046 0.0130835 0.0305472 0.00479068 -0.0410415
internal_weight=25.1965 17.0538 12.4713 10.0109 4.77318 8.14271
internal_count=386 136 102 75 42 250
is_linear=0
shrinkage=0.05


Tree=43
num_leaves=7
num_cat=0
split_feature=55 30 8 24 64 40
split_gain=10.3236 2.61903 2.2336 4.15705 3.04581 2.02958
threshold=0.79957643151283275 0.77340480685234081 0.80799737572669994 0.31001010537147528 0.11569205299019815 0.19288017600774768
decision_type=2 2 2 2 2 2
left_child=2 -2 3 -1 -5 -6
right_child=1 -3 -4 4 5 -7
leaf_value=0.045699235540918086 -0.046173909044273043 0.019998638085149258 0.064854815508928562 -0.046408750219434219 0.042833521543845066 -0.011322762182847439
leaf_weight=5.9132048338651675 7.5735560134053213 1.2183001562952993 2.5605855993926516 2.1911921612918377 2.1219600178301334 3.1713447961956263
leaf_count=45 235 8 20 31 15 31
internal_value=0.00519344 -0.0358984 0.0286139 0.0176641 -0.00726099 0.0137437
internal_weight=24.7501 8.79186 15.9583 13.3977 7.4845 5.2933
internal_count=385 243 142 122 77 46
is_linear=0
shrinkage=0.05


Tree=44
num_leaves=7
num_cat=0
split_feature=78 13 71 71 17 57
split_gain=6.18311 3.70124 4.25233 2.33207 1.05209 0.772802
threshold=1.5292009711265566 0.21647176891565326 -1.6672942638397215 0.68046048283576976 0.092021636664867415 0.87583985924720775
decision_type=2 2 2 2 2 2
left_child=1 2 -1 4 -4 -2
right_child=5 -3 3 -5 -6 -7
leaf_value=0.03463920194000647 0.0016219822912886381 0.06141605099455999 -0.042594985615285352 0.023715178077598854 0.0018403897625391742 -0.044416730803347931
leaf_weight=5.2957042455673209 0.97455678880214591 2.5088263824582091 4.6081920191645649 1.6925662234425543 1.6417312677949665 5.7346741445362568
leaf_count=36 17 15 78 27 15 194
internal_value=-0.0013863 0.0157289 0.00336516 -0.0190287 -0.0322788 -0.0383864
internal_weight=22.4563 15.747 13.2382 7.94249 6.24992 6.70923
internal_count=382 171 156 120 93 211
is_linear=0
shrinkage=0.05


Tree=45
num_leaves=8
num_cat=0
split_feature=78 6 53 59 71 32 78
split_gain=6.6515 2.77045 4.59652 3.6174 1.39836 1.23379 0.959925
threshold=1.5292009711265566 0.5852852761745454 0.26988983154296881 0.32409435510635382 -1.5680277347564695 0.073626045137643828 0.67200902104377758
decision_type=2 2 2 2 2 2 2
left_child=1 2 -1 4 -4 -2 -6
right_child=5 -3 3 -5 6 -7 -8
leaf_value=0.044637864832783612 0.014128311385921159 0.054133671947923012 0.0060133070256193997 0.039993930392111667 0.0029291621321911503 -0.044418149768289131 -0.046471821886204343
leaf_weight=4.2814947962760987 0.56316123344004054 3.1826445236802092 2.08775944262743 1.6547875851392744 1.0519125312566737 5.8168063797056675 4.6720440741628408
leaf_count=34 8 31 11 10 10 200 90
internal_value=0.00200055 0.0183674 0.00697843 -0.0126916 -0.0271244 -0.0380361 -0.0383078
internal_weight=23.3106 16.9306 13.748 9.4665 7.81172 6.37997 5.72396
internal_count=394 186 155 121 111 208 100
is_linear=0
shrinkage=0.05


Tree=46
num_leaves=7
num_cat=0
split_feature=77 28 8 57 30 16
split_gain=6.85367 2.73789 4.93791 2.53392 1.65957 0.247028
threshold=1.7678622007369997 0.66238123178482067 0.85368755459785473 0.81072729825973522 0.77340480685234081 0.43978953361511236
decision_type=2 2 2 2 2 2
left_child=1 -1 3 -3 5 -2
right_child=4 2 -4 -5 -6 -7
leaf_value=0.044814704284981105 -0.045236145981816134 0.010730816244742394 0.055220512678096127 -0.042182435824343431 0.017173411750962077 -0.0040899133948636866
leaf_weight=6.6623398996889653 5.4545257911086074 3.8819560371339303 2.3669630531221628 3.5285880174487829 0.84188127517700184 0.61041802912950505
leaf_count=53 181 26 25 93 6 9
internal_value=0.00508236 0.0224011 0.00438746 -0.016484 -0.0337598 -0.04226
internal_weight=23.3467 16.4398 9.77751 7.41054 6.90683 6.06494
internal_count=393 197 144 119 196 190
is_linear=0
shrinkage=0.05


Tree=47
num_leaves=7
num_cat=0
split_feature=55 30 69 49 6 0
split_gain=7.99683 2.09799 2.00398 3.68392 1.22028 1.79383
threshold=0.79957643151283275 0.77340480685234081 0.10228374600410463 -0.79044297337532032 0.34585079550743109 0.19156621396541598
decision_type=2 2 2 2 2 2
left_child=2 -2 3 -1 5 -4
right_child=1 -3 4 -5 -6 -7
leaf_value=0.036759745099750517 -0.045212156650078689 0.01696308244541897 0.041535661672836337 -0.043351703936560487 0.05179769953169705 -0.0072680900648385968
leaf_weight=1.768792048096657 6.6176817119121543 1.102460019290447 2.4542447030544263 1.9985178895294691 4.7606888674199581 3.597805742174387
leaf_count=15 235 8 19 32 42 36
internal_value=0.00306818 -0.0354063 0.0244054 -0.00591754 0.0345769 0.0156064
internal_weight=22.3002 7.72014 14.58 3.76731 10.8127 6.05205
internal_count=387 243 144 47 97 55
is_linear=0
shrinkage=0.05


Tree=48
num_leaves=7
num_cat=0
split_feature=58 64 73 56 13 16
split_gain=4.77507 3.63531 2.21084 3.03627 1.11915 1.06772
threshold=0.51487603783607494 0.32876174151897436 1.232421398162842 0.45510630309581762 0.045459367334842689 0.43978953361511236
decision_type=2 2 2 2 2 2
left_child=4 2 3 -2 -1 -4
right_child=1 -3 5 -5 -6 -7
leaf_value=0.0057843851091556216 -0.03508252932835515 0.029371996622319513 -0.04668379767203213 0.030569767567384405 0.048411653861088907 0.0094259752333116092
leaf_weight=2.7588925696909454 2.3016387466341239 2.8405310139060012 7.0529308337718248 2.7742728255689144 3.6456114165484905 0.60995544120669354
leaf_count=29 23 22 242 37 26 10
internal_value=-7.69459e-05 -0.0149833 -0.0262918 -7.42597e-05 0.0333101 -0.041645
internal_weight=21.9838 15.5793 12.7388 5.07591 6.4045 7.66289
internal_count=389 334 312 60 55 252
is_linear=0
shrinkage=0.05


Tree=49
num_leaves=8
num_cat=0
split_feature=74 18 3 2 29 28 65
split_gain=6.18811 2.37135 4.11767 1.96799 1.7417 0.65408 0.553545
threshold=1.4367755055427553 0.09891222789883615 0.19009304046630862 0.65775027871131908 0.63813611865043651 0.52862972021102916 0.18924038857221606
decision_type=2 2 2 2 2 2 2
left_child=1 2 -1 5 6 -4 -2
right_child=4 -3 3 -5 -6 -7 -8
leaf_value=0.043007082250890338 -0.013785231527875745 0.052903677289895507 -0.00017216669748014381 0.017200358085535297 -0.044072449519068836 -0.043042334849917575 0.023752433760650116
leaf_weight=3.9384945239871758 1.0304178092628711 3.4350466709583989 1.1499104462563989 2.2306177690625191 5.4984357804059982 3.0580502804368734 0.98450626619160164
leaf_count=33 30 25 10 29 204 45 11
internal_value=0.00270074 0.0221137 0.0081673 -0.0160609 -0.0313924 -0.0336097 0.00635076
internal_weight=21.3255 13.8121 10.3771 6.43858 7.51336 4.20796 2.01492
internal_count=387 142 117 84 245 55 41
is_linear=0
shrinkage=0.05


Tree=50
num_leaves=8
num_cat=0
split_feature=78 13 3 45 24 57 8
split_gain=5.65445 2.64006 3.87238 3.85109 2.26604 0.684369 0.463404
threshold=1.5292009711265566 0.21647176891565326 0.19009304046630862 0.95939433574676525 0.25278568267822271 0.87583985924720775 0.72949466109275829
decision_type=2 2 2 2 2 2 2
left_child=1 2 -1 4 -4 -2 -6
right_child=5 -3 3 -5 6 -7 -8
leaf_value=0.045854374192319858 0.0014999635251805839 0.061780106756404544 0.025819064390020213 0.043458329902324143 -0.042482844116477458 -0.042656238175386212 -0.0049849844829616043
leaf_weight=3.6352730039507177 0.96034478396177192 1.9770971238613118 1.0604303125292043 1.6981183383613823 5.0099908858537674 4.6469920724630356 1.2912345249205825
leaf_count=32 18 12 10 17 74 196 20
internal_value=0.00292511 0.019154 0.00848908 -0.0095717 -0.0255386 -0.0360113 -0.036534
internal_weight=20.2795 14.6721 12.695 9.05977 7.36166 5.60734 6.30123
internal_count=379 165 153 121 104 214 94
is_linear=0
shrinkage=0.05


Tree=51
num_leaves=7
num_cat=0
split_feature=78 3 8 75 57 43
split_gain=5.79661 1.87994 3.72263 3.25403 0.569083 0.074271
threshold=1.5292009711265566 0.17812106758356097 0.80799737572669994 -1.3912592530250547 0.86749315261840831 0.85146373510360729
decision_type=2 2 2 2 2 2
left_child=1 -1 3 -3 -2 -5
right_child=4 2 -4 5 -6 -7
leaf_value=0.044552677942953728 0.00062504935004031219 0.01748124035978239 0.044748948409738684 -0.04343772516263663 -0.0425495868100218 -0.0093789614741617081
leaf_weight=4.1058294475078609 0.85073082335293193 4.2194621562957746 3.3836996145546427 3.1108291363343601 4.589251053519547 0.85411012731492508
leaf_count=37 16 25 35 64 199 18
internal_value=0.00372023 0.0191276 0.00727667 -0.0114011 -0.0367491 -0.0394677
internal_weight=21.1139 15.6739 11.5681 8.1844 5.43998 3.96494
internal_count=394 179 142 107 215 82
is_linear=0
shrinkage=0.05


Tree=52
num_leaves=7
num_cat=0
split_feature=78 35 71 6 45 30
split_gain=4.84515 2.26374 4.30901 3.52654 1.29921 0.359501
threshold=1.5292009711265566 0.27034851908683782 -1.6672942638397215 0.8043615221977235 -0.65807074308395375 0.054368553683161742
decision_type=2 2 2 2 2 2
left_child=1 2 -1 4 -4 -2
right_child=5 -3 3 -5 -6 -7
leaf_value=0.038039157341438395 0.00042891264969816852 0.051368100794884852 0.0077095710079044116 0.039521509948648705 -0.042725686407465678 -0.041804762762302335
leaf_weight=4.8404290825128546 0.53510232083499332 2.480159491300582 1.2707398738712061 1.2678203061223028 5.0664826352149284 4.245011068880558
leaf_count=39 14 16 12 9 107 188
internal_value=0.0014617 0.0156272 0.00521398 -0.0176711 -0.03294 -0.0378207
internal_weight=19.7057 14.9256 12.4455 7.60504 6.33722 4.78011
internal_count=385 183 167 128 119 202
is_linear=0
shrinkage=0.05


Tree=53
num_leaves=8
num_cat=0
split_feature=57 13 69 32 36 0 61
split_gain=4.76211 1.985 1.92748 1.04898 3.35025 0.304133 0.23954
threshold=0.93792736530303966 0.25188685953617101 0.088422168046236052 0.11478335410356523 0.21115895360708239 0.34246364235877996 0.1083623804152012
decision_type=2 2 2 2 2 2 2
left_child=2 -2 -1 5 6 -4 -5
right_child=1 -3 3 4 -6 -7 -8
leaf_value=-0.014100955215560923 -0.043097407721270478 0.01853258742127635 0.016482667480483489 -0.0032441842002542787 0.042826631903252421 0.049888935443360129 -0.034551699369283151
leaf_weight=3.0517655648291138 5.2118677450343958 1.0451155230402944 2.5051062200218421 1.0946382097899916 2.4021719396114349 3.3131597675383091 1.6019279658794401
leaf_count=33 246 14 21 10 19 21 31
internal_value=0.00164949 -0.031668 0.0176919 0.0270168 0.00803562 0.0400325 -0.0261584
internal_weight=20.2258 6.25698 13.9688 10.917 5.09874 5.81827 2.69657
internal_count=395 260 135 102 60 42 41
is_linear=0
shrinkage=0.05


Tree=54
num_leaves=7
num_cat=0
split_feature=57 56 58 16 75 16
split_gain=6.14839 2.23867 4.66445 0.966344 0.621225 0.36056
threshold=0.93792736530303966 0.45510630309581762 0.51487603783607494 0.43978953361511236 -1.8867431282997129 0.088691838085651412
decision_type=2 2 2 2 2 2
left_child=1 2 4 -2 -1 -4
right_child=3 -3 5 -5 -6 -7
leaf_value=0.044176618930782036 -0.043125686756313411 0.045228503887301839 -0.046336859331643915 0.010888850255409272 0.0066104481214711618 -0.0089544106051940332
leaf_weight=2.9847888424992552 5.1674490598961702 4.7108592800796023 1.8716587293893101 0.54947704449295987 2.0825133100152042 1.5904974862933157
leaf_count=28 243 34 26 8 24 18
internal_value=0.00247236 0.0209577 0.00421338 -0.0370859 0.0323721 -0.0350189
internal_weight=18.9572 13.2403 8.52946 5.71693 5.0673 3.46216
internal_count=381 130 96 251 52 44
is_linear=0
shrinkage=0.05


Tree=55
num_leaves=8
num_cat=0
split_feature=57 65 45 51 59 67 11
split_gain=4.37078 2.54211 3.16136 2.48068 4.0277 0.727937 0.151874
threshold=1.2338357567787173 0.17809559404850009 -0.84602516889572132 9.8150148391723651 0.064410489052534117 0.15701744705438617 0.090079139918088927
decision_type=2 2 2 2 2 2 2
left_child=1 2 -1 -4 -5 -6 -3
right_child=-2 6 3 4 5 -7 -8
leaf_value=0.039342421797522072 -0.039819345972418527 0.017367794124827068 -0.041981801166244129 0.057427034712466768 0.010849278844201461 -0.036277231619414943 0.053029379559812011
leaf_weight=2.8441676944494247 3.3756566811352959 1.846402003429829 3.3448378425091523 1.5105483233928678 0.60512552224099669 2.0076850540935993 2.6430910611525178
leaf_count=27 158 26 56 9 11 71 23
internal_value=0.0046775 0.016703 0.00188396 -0.0153429 0.0102428 -0.0253808 0.0441984
internal_weight=18.1775 14.8019 10.3124 7.4682 4.12336 2.61281 4.48949
internal_count=381 223 174 147 91 82 49
is_linear=0
shrinkage=0.05


Tree=56
num_leaves=7
num_cat=0
split_feature=55 49 21 71 30 37
split_gain=4.95886 1.71703 4.842 1.38784 1.17527 1.11442
threshold=0.79957643151283275 0.060143677517771728 0.58416777849197399 -1.3405580520629881 0.77340480685234081 0.13815008848905566
decision_type=2 2 2 2 2 2
left_child=1 3 5 -1 -2 -3
right_child=4 2 -4 -5 -6 -7
leaf_value=0.046431398553227955 -0.04314806132502063 -0.047772671927013254 0.052119057563376439 0.0014167470413702428 0.012381196158066507 0.0031129095607746547
leaf_weight=4.3986844196915627 4.9635408706963053 2.4834452308714394 1.580857904627919 2.6021816767752188 0.67916498333215702 1.3889467511326072
leaf_count=43 231 37 14 28 6 23
internal_value=-0.000273257 0.0171923 -0.00379112 0.031968 -0.0356067 -0.0326281
internal_weight=18.0968 12.4541 5.45325 7.00087 5.64271 3.87239
internal_count=382 145 74 71 237 60
is_linear=0
shrinkage=0.05


Tree=57
num_leaves=9
num_cat=0
split_feature=78 69 74 76 3 0 59 55
split_gain=5.1862 1.79995 2.79758 0.834796 2.08316 1.99574 1.99413 0.347675
threshold=1.5292009711265566 0.10228374600410463 -0.038698613643646233 1.3738130331039431 0.36339949071407324 0.19156621396541598 0.28975644707679754 0.78928840160369884
decision_type=2 2 2 2 2 2 2 2
left_child=1 2 -1 4 5 -3 -5 -2
right_child=7 3 -4 6 -6 -7 -8 -9
leaf_value=0.031201239928302316 0.0027793954501742391 0.040273418621799208 -0.04143162883950393 -0.029619586223138473 0.063034262179556655 -0.018178364194334617 0.035704439327277071 -0.040350652277927737
leaf_weight=1.5832512378692629 0.38197187334298988 1.7460724413394912 1.7632072009146238 1.2586344946175816 3.5768691208213568 2.2408324219286442 1.4441466629505155 3.6697514355182648
leaf_count=16 7 18 40 36 26 29 11 203
internal_value=0.00761207 0.0223543 -0.00779566 0.0320016 0.0397232 0.0103633 0.00550048 -0.0365393
internal_weight=17.6647 13.613 3.34646 10.2666 7.56377 3.9869 2.70278 4.05172
internal_count=386 176 56 120 73 47 47 210
is_linear=0
shrinkage=0.05


Tree=58
num_leaves=7
num_cat=0
split_feature=26 67 71 35 77 41
split_gain=3.76857 3.20059 2.02734 1.45086 1.36359 0.169445
threshold=0.3519075214862824 0.30654491484165197 -1.3670120835304258 0.30351519584655767 1.7678622007369997 0.6686810851097108
decision_type=2 2 2 2 2 2
left_child=-1 2 -2 -4 -3 -6
right_child=1 4 3 -5 5 -7
leaf_value=0.044295041453993766 0.0092245087121814919 0.043455873273043948 -0.045504362536069654 0.010863971596681211 -0.015908608840829921 0.0058483968810242306
leaf_weight=3.0711711794137981 2.7763373032212257 2.2252296265214673 6.1524369660764915 0.9559664875268935 0.96733354497700907 0.91713599488139153
leaf_count=33 18 22 255 12 30 10
internal_value=0.00171707 -0.00995788 -0.0247487 -0.0375188 0.0234984 -0.00696328
internal_weight=17.0656 13.9944 9.88474 7.1084 4.1097 1.88447
internal_count=380 347 285 267 62 40
is_linear=0
shrinkage=0.05


Tree=59
num_leaves=6
num_cat=0
split_feature=57 35 71 62 45
split_gain=4.35191 2.27703 2.83714 2.53282 2.19222
threshold=1.1771926879882815 0.27034851908683782 -1.6672942638397215 0.13526865094900134 -0.84602516889572132
decision_type=2 2 2 2 2
left_child=1 2 -1 4 -4
right_child=-2 -3 3 -5 -6
leaf_value=0.037338063270039773 -0.040103747984645749 0.050202772960005616 0.023658497500397474 0.026556902341489802 -0.041495843876017298
leaf_weight=3.2952473573386669 3.5114728044718495 2.6745969969779244 0.95809293538331974 2.1185648124665022 4.7188818827271479
leaf_count=30 182 19 6 22 131
internal_value=0.00305082 0.0160298 0.00431828 -0.0122977 -0.0286034
internal_weight=17.2769 13.7654 11.0908 7.79554 5.67697
internal_count=390 208 189 159 137
is_linear=0
shrinkage=0.05


Tree=60
num_leaves=7
num_cat=0
split_feature=78 35 28 6 57 49
split_gain=3.76286 1.7854 2.5635 3.1967 1.443 0.252813
threshold=1.6691572666168215 0.27034851908683782 0.60468682646751415 0.840551257133484 0.76977521181106578 -0.79044297337532032
decision_type=2 2 2 2 2 2
left_child=1 2 5 4 -4 -1
right_child=-2 -3 3 -5 -6 -7
leaf_value=0.041654835480309557 -0.03874792266042968 0.047162299574683486 0.0017107353742792973 0.046312199031931969 -0.042970539380848889 0.0097545994667722694
leaf_weight=2.4676020406186581 3.0481985928490749 2.4740617964416733 2.8522262834012508 0.98399466183036555 3.6053262837231159 1.7043516896665112
leaf_count=27 171 19 23 9 111 22
internal_value=0.00432227 0.0155921 0.00566078 -0.0117775 -0.0256523 0.0330286
internal_weight=17.1358 14.0876 11.6135 7.44155 6.45755 4.17195
internal_count=382 211 192 143 134 49
is_linear=0
shrinkage=0.05


Tree=61
num_leaves=10
num_cat=0
split_feature=28 27 78 48 71 67 30 71 55
split_gain=3.33576 2.2939 3.22226 1.32311 1.24576 0.975155 0.768893 0.658515 0.343533
threshold=0.66238123178482067 0.41290074586868292 1.5292009711265566 0.46995632350444799 -1.3670120835304258 0.28494435548782354 0.075895402580499663 -1.3670120835304258 0.81829914450645458
decision_type=2 2 2 2 2 2 2 2 2
left_child=7 -2 3 4 -3 6 -5 -1 -4
right_child=1 2 8 5 -6 -7 -8 -9 -10
leaf_value=0.042988294408823353 -0.046903107799563928 0.024466332066613309 0.0038425594243304754 0.025381947300320243 -0.031873451971037053 0.050635364314567215 -0.020491474201166412 0.0034159476591891129 -0.038329156704370294
leaf_weight=3.2612724527716637 2.5702440505847326 0.80133826658129725 0.35531075112521682 0.77248495072126366 1.2514253119006733 2.3454249948263168 0.89274129085242748 1.6407998707145477 2.9461738700047135
leaf_count=34 43 8 7 17 36 17 23 26 183
internal_value=0.00149221 -0.0128015 0.000180095 0.0209406 -0.00907 0.0350455 0.00232778 0.0325658 -0.0339524
internal_weight=16.8372 11.9351 9.3649 6.06341 2.05276 4.01065 1.66523 4.90207 3.30148
internal_count=394 334 291 101 44 57 40 60 190
is_linear=0
shrinkage=0.05


Tree=62
num_leaves=10
num_cat=0
split_feature=55 69 78 35 35 62 62 16 77
split_gain=4.20124 2.37221 2.50551 0.76231 2.90004 0.24937 0.941721 0.0570746 0.0549471
threshold=0.93523454666137706 0.10228374600410463 0.33900523185729986 0.27034851908683782 0.1595755144953728 0.073603101074695601 0.10513825714588167 0.69360578060150158 1.3984700441360476
decision_type=2 2 2 2 2 2 2 2 2
left_child=1 2 -1 4 5 -3 -7 -2 -6
right_child=7 3 -4 -5 8 6 -8 -9 -10
leaf_value=0.025692612665510331 -0.038431769926174739 0.047318162176596255 -0.042702131634120566 0.055342747577157569 -0.005101387067446163 -0.0071768792024457786 0.036401590483738748 -0.0035725358368304139 -0.030226772552430881
leaf_weight=1.5754250362515478 2.9766222564503546 2.6545748719945532 1.9211296411231158 1.9881984740495671 0.7795774359256028 1.7373254681006076 1.7854527449235318 0.34668758884072293 1.1189424470067022
leaf_count=19 183 34 43 14 17 30 17 6 27
internal_value=0.00730915 0.0198038 -0.0130253 0.031356 0.0200036 0.0354834 0.0180751 -0.0364627 -0.0252291
internal_weight=16.8839 13.5606 3.49655 10.0641 8.07587 6.17735 3.52278 3.32331 1.89852
internal_count=390 201 62 139 125 81 47 189 44
is_linear=0
shrinkage=0.05


Tree=63
num_leaves=6
num_cat=0
split_feature=78 75 62 74 61
split_gain=3.12327 1.27326 4.10209 0.960774 0.520605
threshold=1.6691572666168215 -1.3912592530250547 0.13526865094900134 1.6422872543334963 0.048150192946195609
decision_type=2 2 2 2 2
left_child=1 4 3 -3 -1
right_child=-2 2 -4 -5 -6
leaf_value=0.0064588635724482967 -0.037736441131313248 -0.040686263138508205 0.033637689481071494 0.012372034643951363 0.039693389402786008
leaf_weight=2.2359169274568549 2.7910694647580394 3.3794248895719643 3.5690905498340726 0.57222482562065113 3.3681810442358255
leaf_count=21 181 107 32 26 34
internal_value=0.00273054 0.0133985 -0.000591165 -0.0320561 0.0294193
internal_weight=15.9159 13.1248 7.52074 3.95165 5.6041
internal_count=401 220 165 133 55
is_linear=0
shrinkage=0.05


Tree=64
num_leaves=8
num_cat=0
split_feature=55 9 3 64 64 51 56
split_gain=2.92988 1.98882 3.66114 0.983464 0.66995 0.851247 0.203298
threshold=0.79957643151283275 0.057613940909504897 0.19009304046630862 0.32876174151897436 0.11376198381185533 9.8376007080078143 0.44967740774154669
decision_type=2 2 2 2 2 2 2
left_child=1 2 -1 -2 -4 -6 -3
right_child=3 6 4 -5 5 -7 -8
leaf_value=0.035379041163401438 -0.040107318721451644 0.014290412266604314 -0.043242649368141359 0.0075851701699298198 0.01731962450114034 -0.025825193657714563 0.050194394896738152
leaf_weight=2.985259057953952 3.5453551448881635 1.7371496595442297 2.0627282010391355 1.0490075983107088 1.2653939072042706 1.3717668512836096 1.8795568374916909
leaf_count=36 219 23 39 15 13 27 18
internal_value=0.000203079 0.0138346 -0.00154993 -0.0298086 -0.0270981 -0.00605295 0.03978
internal_weight=15.8962 11.3019 7.68515 4.59436 4.69989 2.63716 3.61671
internal_count=390 156 115 234 79 40 41
is_linear=0
shrinkage=0.05


Tree=65
num_leaves=8
num_cat=0
split_feature=57 8 78 59 2 71 9
split_gain=2.78558 1.79264 1.98277 2.84759 1.56349 0.73372 0.280619
threshold=1.2338357567787173 0.80799737572669994 0.33900523185729986 0.29872393608093267 0.19679185748100284 -1.6672942638397215 0.13272461295127871
decision_type=2 2 2 2 2 2 2
left_child=1 2 -1 4 -4 -6 -3
right_child=-2 6 3 -5 5 -7 -8
leaf_value=0.033077089633222229 -0.03600725204809177 0.052984558897248617 0.025952251007994982 0.036767396222130176 -0.0019608999359385882 -0.04324062454879822 0.012161025617926889
leaf_weight=2.7692287229001504 2.3663068199530253 1.7792406538501375 0.54232957959175099 1.5007159784436224 1.4960638880729646 4.0135281756520298 1.3928503058850763
leaf_count=32 154 26 3 12 8 130 21
internal_value=0.00534447 0.0145799 0.0030882 -0.0104893 -0.0257597 -0.0340548 0.0422705
internal_weight=15.8603 13.494 10.3219 7.55264 6.05192 5.50959 3.17209
internal_count=386 232 185 153 141 138 47
is_linear=0
shrinkage=0.05


Tree=66
num_leaves=6
num_cat=0
split_feature=57 64 54 69 41
split_gain=3.1221 1.53849 2.26968 1.53093 1.07872
threshold=1.2338357567787173 0.24819198250770572 0.52240046858787548 0.088422168046236052 0.17630413174629214
decision_type=2 2 2 2 2
left_child=1 2 3 -1 -5
right_child=-2 -3 -4 4 -6
leaf_value=-0.013052719137891525 -0.036909612941000723 0.047119787196620272 -0.033666684578851469 0.04204017101732313 0.0014249565253156239
leaf_weight=2.4468856481835228 2.5508747147396216 2.0710581392049781 1.8574926545843471 3.9931283937767148 2.5381024740636349
leaf_count=36 161 17 105 44 37
internal_value=0.00531102 0.0157096 0.00623205 0.0170335 0.0285416
internal_weight=15.4575 12.9067 10.8356 8.97812 6.53123
internal_count=400 239 222 117 81
is_linear=0
shrinkage=0.05


Tree=67
num_leaves=8
num_cat=0
split_feature=55 61 3 45 78 0 31
split_gain=2.6192 1.9934 2.09168 1.5553 1.41103 0.846289 0.525504
threshold=0.93523454666137706 0.17348346114158633 0.19009304046630862 1.0147722959518435 0.33900523185729986 0.45693592727184301 0.88964453339576732
decision_type=2 2 2 2 2 2 2
left_child=1 2 -1 4 -4 -6 -2
right_child=6 -3 3 -5 5 -7 -8
leaf_value=0.038072455960294349 -0.037725839060073811 0.046049438069543133 0.017040620704350872 0.025413140054808787 -0.043956551484522398 -0.0016106126073480076 0.0089303332292381098
leaf_weight=1.9538953825831393 2.7967114150524153 2.5154551258310667 1.2379773966968057 1.4433538345620034 3.2859345655888319 1.7362952632829545 0.32114905864000309
leaf_count=24 194 29 12 27 65 36 3
internal_value=0.00309002 0.0137991 0.00186629 -0.0106361 -0.0213032 -0.0320151 -0.0319185
internal_weight=15.2908 12.1729 9.65746 7.70356 6.26021 5.02223 3.11786
internal_count=390 193 164 140 113 101 197
is_linear=0
shrinkage=0.05


Tree=68
num_leaves=8
num_cat=0
split_feature=77 63 42 6 28 57 35
split_gain=3.1047 1.75303 1.31658 0.873983 1.95109 1.11487 0.676102
threshold=1.7678622007369997 0.063123349100351347 -2.7486507892608638 0.5852852761745454 0.70293578505516063 0.80533263087272655 0.47644716501235967
decision_type=2 2 2 2 2 2 2
left_child=1 2 -1 4 -3 -6 -2
right_child=6 3 -4 -5 5 -7 -8
leaf_value=0.022558327228311293 -0.038962809460443948 0.041788513241248333 -0.036152328932374876 0.051567134658701268 0.014708102147216469 -0.032956359125934684 0.004856328623684957
leaf_weight=0.72016667574644122 2.856270135380329 2.1956824269145727 1.4387853806838373 2.1500384295359254 1.5520603507757189 1.5343260336667297 0.87711974419653405
leaf_count=11 182 21 43 26 14 62 12
internal_value=0.00415347 0.0189435 -0.0156266 0.029648 0.0139375 -0.0112535 -0.0298169
internal_weight=13.3244 9.59106 2.15895 7.43211 5.28207 3.08639 3.73339
internal_count=371 177 54 123 97 76 194
is_linear=0
shrinkage=0.05


Tree=69
num_leaves=8
num_cat=0
split_feature=52 69 44 3 22 59 2
split_gain=2.22191 2.23978 1.43876 0.807584 1.27944 0.495268 0.143341
threshold=0.94155514240264904 0.10228374600410463 -0.98507112264633168 0.38958430290222174 9.8178262710571307 0.6296701729297639 0.40978220105171209
decision_type=2 2 2 2 2 2 2
left_child=1 2 -1 4 6 -2 -3
right_child=5 3 -4 -5 -6 -7 -8
leaf_value=0.020866474130610421 -0.036650900746076305 0.031534585808818988 -0.040615910843488451 0.038386794318720878 -0.024594087018487417 0.008774560769638777 0.0053220755669829136
leaf_weight=0.69520014058798585 2.5213588662445559 1.3421975197270501 1.7884951992891718 4.2514981781132519 1.2449435628950594 0.31944062560796727 1.2984186829999087
leaf_count=11 189 19 44 60 29 3 25
internal_value=0.00256546 0.0133024 -0.0223568 0.0254424 0.00632072 -0.0305883 0.0236478
internal_weight=13.4616 10.6208 2.4837 8.13706 3.88556 2.8408 2.64062
internal_count=380 188 55 133 73 192 44
is_linear=0
shrinkage=0.05


Tree=70
num_leaves=9
num_cat=0
split_feature=77 6 28 14 30 65 69 76
split_gain=2.36699 1.5485 2.961 0.993213 0.720012 0.617051 0.20168 0.168749
threshold=1.7678622007369997 0.5852852761745454 0.66238123178482067 0.050803737714886672 0.77340480685234081 0.17998044192790988 0.088422168046236052 -0.40270219743251795
decision_type=2 2 2 2 2 2 2 2
left_child=1 2 6 -4 -2 7 -1 -5
right_child=4 -3 3 5 -6 -7 -8 -9
leaf_value=0.0086256853383130799 -0.038685380742592965 0.042264804863625209 0.014930679112360729 -0.0060178958988483487 0.0085786415033282243 0.004102170761761662 0.038363706243099177 -0.043055493699026143
leaf_weight=1.5664982236921772 2.7735019610263421 2.2611885936930767 0.89307248312979925 0.73320402204990243 0.62289936840534199 0.84645400755107392 2.3392898607999086 2.6502958252094704
leaf_count=26 176 34 15 4 7 19 28 84
internal_value=0.00154692 0.0127195 0.0018436 -0.0215182 -0.0300375 -0.030597 0.0306261 -0.0382333
internal_weight=14.6864 11.29 9.02881 5.12303 3.3964 4.22995 3.90579 3.3835
internal_count=393 210 176 122 183 107 54 88
is_linear=0
shrinkage=0.05


Tree=71
num_leaves=9
num_cat=0
split_feature=55 61 45 64 22 60 20 48
split_gain=2.337 1.74651 1.83709 1.67428 2.02495 0.955046 0.0983834 0.062503
threshold=0.93523454666137706 0.17348346114158633 -0.84602516889572132 0.10812534391880037 9.8828158378601092 0.061557384207844741 1.0125648975372317 -0.45481488108634943
decision_type=2 2 2 2 2 2 2 2
left_child=1 2 -1 7 5 -5 -2 -4
right_child=6 -3 3 4 -6 -7 -8 -9
leaf_value=0.03460080940057058 -0.035237014677202638 0.043131153631866703 -0.0073815137407260995 0.047026546136974511 -0.030630316723421681 0.00035066225160801942 -0.00074143246515405057 -0.040697687052942216
leaf_weight=2.1266467384994012 2.217453928664328 2.5774907544255248 0.69526853971183333 1.48752379976213 1.4234494715929029 1.9860644405707715 0.26751421578228463 1.907573167234659
leaf_count=28 173 33 9 11 38 32 5 49
internal_value=0.00389593 0.0132866 0.0019889 -0.0102413 0.00742673 0.026383 -0.0328018 -0.0363172
internal_weight=14.689 12.204 9.62653 7.49988 4.89704 3.47359 2.48497 2.60284
internal_count=378 200 167 139 81 43 178 58
is_linear=0
shrinkage=0.05


Tree=72
num_leaves=8
num_cat=0
split_feature=57 62 49 5 71 22 71
split_gain=2.44833 1.32152 1.82361 1.93855 1.30918 0.274809 0.638872
threshold=1.2338357567787173 0.13953040540218356 0.060143677517771728 1.2244617938995364 -1.2850393652915952 9.8498716354370135 -0.74098339676856984
decision_type=2 2 2 2 2 2 2
left_child=1 2 4 5 -1 -4 -7
right_child=-2 -3 3 -5 -6 6 -8
leaf_value=0.040189042446909656 -0.034551378309558615 0.042753819324477714 -0.041069671497650555 0.027036291058276554 -0.010170665447680083 0.019962099843285508 -0.024455665597468704
leaf_weight=3.0030841678380966 2.0814640554599473 2.2712221150286487 2.0990480114705865 1.1136179710738359 1.4048037226311842 0.47028638422489166 0.89507274655625202
leaf_count=39 161 26 63 21 25 3 49
internal_value=0.00576642 0.0154319 0.00493634 -0.0156198 0.0252264 -0.0323161 -0.00718507
internal_weight=13.3386 11.2571 8.98591 4.57803 4.40789 3.46441 1.36536
internal_count=387 226 200 136 64 115 52
is_linear=0
shrinkage=0.05


Tree=73
num_leaves=7
num_cat=0
split_feature=57 8 28 35 57 49
split_gain=2.46993 1.09306 2.1268 1.15485 0.671998 0.31032
threshold=1.2338357567787173 0.80799737572669994 0.66238123178482067 0.30351519584655767 0.7236040234565736 -0.41427479684352869
decision_type=2 2 2 2 2 2
left_child=1 2 5 4 -4 -1
right_child=-2 -3 3 -5 -6 -7
leaf_value=0.037834345347174607 -0.034382905123346429 0.038901118221345662 0.0010568103902160488 0.019362640161189059 -0.039281028006166993 0.0064304442927163273
leaf_weight=2.4286153241991997 2.0529121477156886 2.6987620349973431 1.4150105211883786 1.041076175868511 2.3682527290657163 1.648800790309904
leaf_count=35 161 40 14 9 106 26
internal_value=0.00651279 0.0159043 0.00570775 -0.0154928 -0.0271271 0.028903
internal_weight=13.6534 11.6005 8.90176 4.82434 3.78326 4.07742
internal_count=391 230 190 129 120 61
is_linear=0
shrinkage=0.05


Tree=74
num_leaves=8
num_cat=0
split_feature=55 65 23 15 8 29 30
split_gain=2.17664 1.29964 2.21868 1.70994 0.678309 0.340196 0.12287
threshold=0.93523454666137706 0.17809559404850009 0.37817122042179113 0.019239457324147228 0.60291543602943432 0.64267852902412426 0.79690569639205944
decision_type=2 2 2 2 2 2 2
left_child=1 2 -1 -4 -5 -6 -2
right_child=6 -3 3 4 5 -7 -8
leaf_value=0.035975280009618069 -0.034001058568811401 0.037916486957113388 0.026471105010939151 -0.040148172066198445 0.016533487508999845 -0.014745549116667075 0.0006605959375388386
leaf_weight=2.211523983627556 2.010787314269693 3.0758808543905616 1.0499131469987331 2.7068085153587162 0.63558565173298098 0.85544684436172247 0.2383071370422839
leaf_count=33 181 37 23 62 10 30 3
internal_value=0.00534312 0.0151886 0.00244225 -0.0151856 -0.0286925 -0.000127516 -0.0312555
internal_weight=12.7843 10.5352 7.45928 5.24775 4.19784 1.49103 2.24909
internal_count=379 195 158 125 102 40 184
is_linear=0
shrinkage=0.05


Tree=75
num_leaves=7
num_cat=0
split_feature=55 69 46 0 57 64
split_gain=1.99859 1.50549 1.71056 0.951823 1.23052 0.929596
threshold=0.79957643151283275 0.10228374600410463 -3.5045647621154781 0.39366199076175695 0.77431869506835949 0.32876174151897436
decision_type=2 2 2 2 2 2
left_child=1 2 -1 4 -3 -2
right_child=5 3 -4 -5 -6 -7
leaf_value=0.025188467408478299 -0.037525354836405865 0.029226695955526738 -0.038563034203762975 0.039363356870979159 -0.017812358193416488 0.0097699959613865416
leaf_weight=0.87439757212996516 2.7195082237012698 1.5280506219714882 1.6575550083070973 3.6092009181156754 2.1180556388571858 0.95875952579081047
leaf_count=14 232 24 40 39 31 16
internal_value=0.00166404 0.0133964 -0.0156486 0.0242002 0.00394882 -0.0257443
internal_weight=13.4655 9.78726 2.53195 7.25531 3.64611 3.67827
internal_count=396 148 54 94 55 248
is_linear=0
shrinkage=0.05


Tree=76
num_leaves=7
num_cat=0
split_feature=50 35 6 47 32 28
split_gain=2.2731 1.75014 1.3159 1.38768 0.780005 0.233733
threshold=0.26748141646385198 0.32312202453613287 0.85518950223922741 -0.74368658661842335 0.06918762251734735 0.67249062657356273
decision_type=2 2 2 2 2 2
left_child=-1 2 3 4 -2 -5
right_child=1 -3 -4 5 -6 -7
leaf_value=0.035003658993766049 -0.019440931171978398 0.027173318341981379 0.022108868814519834 -0.0027251608863468504 0.021964441889793709 -0.044578061925951352
leaf_weight=2.6360636241734037 1.2258457625284767 1.5427348446100939 0.82976860785856832 0.50206280685961324 1.3357822815887628 4.1115489262156188
leaf_count=41 22 23 27 12 21 232
internal_value=0.000978437 -0.0108436 -0.0203743 -0.0273906 0.00225505 -0.0413203
internal_weight=12.1838 9.54774 8.00501 7.17524 2.56163 4.61361
internal_count=378 337 314 287 43 244
is_linear=0
shrinkage=0.05


Tree=77
num_leaves=6
num_cat=0
split_feature=28 35 8 58 71
split_gain=2.27358 1.89977 2.14756 0.645221 0.426488
threshold=0.66238123178482067 0.30351519584655767 1.2712646722793581 0.5088428556919099 -1.5680277347564695
decision_type=2 2 2 2 2
left_child=4 2 3 -2 -1
right_child=1 -3 -4 -5 -6
leaf_value=0.037983684861304018 0.003722208236274371 0.020250085477334801 0.025441325143117456 -0.04339779381725406 0.0055549617937995076
leaf_weight=2.2338363938033581 0.65700775012373736 2.1444421084597707 0.92059420468285669 4.9287882554344833 2.0591739648953089
leaf_count=36 7 31 23 262 34
internal_value=8.86196e-05 -0.0143605 -0.0269459 -0.0381319 0.0264172
internal_weight=12.9438 8.65083 6.50639 5.5858 4.29301
internal_count=393 323 292 269 70
is_linear=0
shrinkage=0.05


Tree=78
num_leaves=9
num_cat=0
split_feature=74 13 28 12 42 6 75 23
split_gain=1.90647 1.15994 1.71057 1.24975 0.903236 0.591067 0.352276 0.150705
threshold=1.4367755055427553 0.21647176891565326 0.66238123178482067 0.036181969568133361 -2.5700759887695308 0.44805325567722326 -1.5170890688896177 0.54709908366203319
decision_type=2 2 2 2 2 2 2 2
left_child=1 2 6 -4 -2 -5 -1 -6
right_child=4 -3 3 5 7 -7 -8 -9
leaf_value=0.036207539862085379 0.015229201459378573 0.040575115647299334 0.020641650635101299 -0.040114497412298472 0.0013438417691571526 -0.0004490272597752798 0.0021683642722809897 -0.037510594863183096
leaf_weight=1.9196981936693194 0.52698965556919519 1.8114824891090391 1.0032609878107903 2.1866000960581009 0.19491777941584798 1.3640873795375226 1.2094907648861388 2.7572626564651728
leaf_count=31 7 16 16 43 4 23 19 238
internal_value=0.00150038 0.0130584 0.00264493 -0.0157617 -0.0259147 -0.0283233 0.0267622 -0.0352543
internal_weight=12.9738 9.49462 7.68314 4.55395 3.47917 3.55069 3.12919 2.95218
internal_count=397 148 132 82 249 66 50 242
is_linear=0
shrinkage=0.05


Tree=79
num_leaves=8
num_cat=0
split_feature=77 69 73 51 64 34 34
split_gain=1.60939 1.45731 1.27449 1.03388 0.808163 0.722936 0.366647
threshold=1.7421681284904482 0.10228374600410463 -0.47982548177242274 9.8537797927856463 0.37701766192913061 0.16099353879690173 0.10548070073127748
decision_type=2 2 2 2 2 2 2
left_child=1 2 -1 6 -2 -5 -3
right_child=4 3 -4 5 -6 -7 -8
leaf_value=0.021739430420370246 -0.036043710009346801 0.042547101084838806 -0.036548096126599525 -0.025304236786760994 0.010542056295192184 0.0162889450638702 0.0072649936700033965
leaf_weight=0.6819143965840343 2.1893712589517249 3.3438824163749814 1.4891796531155685 0.94042953988537226 0.78844405896961678 1.2909225849434731 1.4625145783647893
leaf_count=12 181 48 42 44 13 19 25
internal_value=0.00306458 0.0133722 -0.0171584 0.0237536 -0.0241597 -0.00364689 0.0349115
internal_weight=12.1867 9.20884 2.17109 7.03775 2.97782 2.23135 4.8064
internal_count=384 190 54 136 194 63 73
is_linear=0
shrinkage=0.05


Tree=80
num_leaves=7
num_cat=0
split_feature=57 0 65 58 53 64
split_gain=2.05457 0.848554 1.38689 1.55714 0.338829 0.313942
threshold=0.93792736530303966 0.25942063331604009 0.19395291805267337 0.4712692797183991 0.31150913238525396 0.25525565445423132
decision_type=2 2 2 2 2 2
left_child=1 -1 3 -3 -5 -2
right_child=5 2 -4 4 -6 -7
leaf_value=0.032382322202873799 -0.035787510412476353 0.020494441235398942 0.033384463236415717 -0.0007110944641578916 -0.037156308559734508 -0.00057623481688059682
leaf_weight=2.5768964197486621 2.341194398235531 1.5896630529314277 1.3697228766977785 0.84250253438949618 2.2533508520573378 0.82189580984413613
leaf_count=39 225 23 13 7 51 28
internal_value=0.000406266 0.0130626 0.00141638 -0.012157 -0.0298333 -0.0289744
internal_weight=11.7952 8.63214 6.05524 4.68552 3.09585 3.16309
internal_count=386 133 94 81 58 253
is_linear=0
shrinkage=0.05


Tree=81
num_leaves=6
num_cat=0
split_feature=55 0 3 64 15
split_gain=1.74444 1.23088 2.08435 0.925743 0.608352
threshold=0.79957643151283275 0.45693592727184301 0.19009304046630862 0.37701766192913061 0.064908213913440718
decision_type=2 2 2 2 2
left_child=1 2 -1 -2 -4
right_child=3 -3 4 -5 -6
leaf_value=0.029842579005577852 -0.03636889552449029 0.036060633871105599 -0.034572797056637738 0.011079342771417297 0.0044906074118991664
leaf_weight=2.2402589581906778 2.4526602672413005 2.8641130072064698 2.1832040632143621 0.91963682696223248 1.1484990343451498
leaf_count=37 244 40 53 13 18
internal_value=0.00244642 0.0143742 -0.00056399 -0.023855 -0.0231789
internal_weight=11.8084 8.43608 5.57196 3.3723 3.3317
internal_count=405 148 108 257 71
is_linear=0
shrinkage=0.05


Tree=82
num_leaves=7
num_cat=0
split_feature=55 61 23 64 64 56
split_gain=1.69487 1.44777 1.34211 0.750545 0.696726 0.677687
threshold=0.79957643151283275 0.097554706037044539 0.33093814551830297 0.10812534391880037 0.32876174151897436 0.43314498662948614
decision_type=2 2 2 2 2 2
left_child=1 2 -1 -4 -2 -3
right_child=4 5 3 -5 -6 -7
leaf_value=0.025119171376388097 -0.035054002979180869 1.1762090073000718e-05 -0.037390022986330845 0.0040270212690653121 0.0066563349083061836 0.042720216703916084
leaf_weight=1.5247674267739038 2.1817530589178218 1.207503438927233 1.6539637241512539 1.5615890733897684 1.0563347833231089 3.0328511008992791
leaf_count=25 230 23 36 23 17 41
internal_value=0.00370448 0.0147098 -0.00444159 -0.0210924 -0.0230872 0.0328814
internal_weight=12.2188 8.98067 4.74032 3.21555 3.23809 4.24035
internal_count=395 148 84 59 247 64
is_linear=0
shrinkage=0.05


Tree=83
num_leaves=7
num_cat=0
split_feature=57 62 75 28 5 50
split_gain=1.72363 1.57442 2.41258 0.380226 0.196244 0.183467
threshold=1.1771926879882815 0.12661852687597278 -1.6205068230628965 0.69233936071395885 0.72856241464614879 0.28240583837032324
decision_type=2 2 2 2 2 2
left_child=1 2 3 -1 -3 -4
right_child=-2 4 5 -5 -6 -7
leaf_value=0.03358831994576908 -0.032957775090344116 0.0097826046092330792 0.00046267491695115736 0.00078557608183327926 0.043660624570057552 -0.037168466644696446
leaf_weight=1.6473003216087807 1.8191471346654005 1.3687440566718581 0.3317066766321658 1.3993686493486164 1.7912218417041001 2.3375857905484736
leaf_count=32 179 26 5 15 21 118
internal_value=0.00166674 0.0113818 -0.0048591 0.022439 0.0348654 -0.0336405
internal_weight=10.6951 8.87593 5.71596 3.04667 3.15997 2.66929
internal_count=396 217 170 47 47 123
is_linear=0
shrinkage=0.05


Tree=84
num_leaves=8
num_cat=0
split_feature=77 64 23 64 15 71 56
split_gain=1.42748 1.42023 2.12155 0.809998 0.706778 0.121433 1.0875
threshold=1.7678622007369997 0.10812534391880037 0.33093814551830297 0.37701766192913061 0.11913382634520532 -0.67868465185165394 0.57535552978515636
decision_type=2 2 2 2 2 2 2
left_child=1 2 -1 -2 5 -3 -7
right_child=3 4 -4 -5 -6 6 -8
leaf_value=0.025632183614145088 -0.034306698605784162 0.044590098470761549 -0.037576930566776703 0.011390387866671126 -0.0036474599580202435 -0.017520610554765698 0.036018277006574534
leaf_weight=1.6006276998668894 1.8674192666076135 2.5580083318054667 1.7752821617759762 0.86699255369603623 1.1535575794987378 0.86876333411783102 1.1898287795484064
leaf_count=28 173 23 59 14 20 43 32
internal_value=0.00638145 0.0157009 -0.00859863 -0.0206474 0.0290878 0.0364605 0.0150828
internal_weight=11.8805 9.14607 3.37591 2.73441 5.77016 4.6166 2.05859
internal_count=392 205 87 187 118 98 75
is_linear=0
shrinkage=0.05


Tree=85
num_leaves=7
num_cat=0
split_feature=57 35 35 63 46 56
split_gain=1.51664 1.02385 1.54866 0.868751 1.01151 0.741412
threshold=1.2338357567787173 0.27034851908683782 0.1595755144953728 0.061699112877249725 -2.8912745714187618 0.58060893416404735
decision_type=2 2 2 2 2 2
left_child=1 2 3 4 -1 -5
right_child=-2 -3 -4 5 -6 -7
leaf_value=0.021801342315685604 -0.029658778146935568 0.039406760884401079 -0.029219167666299756 0.036331769303005884 -0.03069251714779006 -0.0030810093093027011
leaf_weight=0.70173257589340199 1.3827397846616811 2.0459103118628255 1.5902708265930412 3.2294737068004906 1.1200895649380962 1.4578427760861812
leaf_count=16 148 19 71 62 31 37
internal_value=0.0073272 0.0145769 0.00466352 0.0157303 -0.00991233 0.0256873
internal_weight=11.5281 10.1453 8.09941 6.50914 1.82182 4.68732
internal_count=384 236 217 146 47 99
is_linear=0
shrinkage=0.05


Tree=86
num_leaves=6
num_cat=0
split_feature=57 71 56 67 63
split_gain=1.58577 0.804139 1.88588 1.37275 1.65876
threshold=1.2338357567787173 -1.6672942638397215 0.42361187934875494 0.28494435548782354 0.074685759842395796
decision_type=2 2 2 2 2
left_child=1 -1 -3 4 -4
right_child=-2 2 3 -5 -6
leaf_value=0.033287713633906271 -0.030992207586145765 -0.028906814256093316 0.028477174387835744 0.039554923389595521 -0.031483908352638569
leaf_weight=2.3886898029595605 1.5388071900233633 2.1066166004165998 1.0988274291157725 2.5211808024905622 1.5993215930648146
leaf_count=42 159 46 26 35 87
internal_value=0.00502128 0.013086 0.00329206 0.0188464 -0.00596734
internal_weight=11.2534 9.71464 7.32595 5.21933 2.69815
internal_count=395 236 194 148 113
is_linear=0
shrinkage=0.05


Tree=87
num_leaves=9
num_cat=0
split_feature=51 6 56 63 23 77 35 13
split_gain=1.61648 1.08706 0.660221 0.825973 0.867835 0.857359 0.418532 0.216092
threshold=9.8555674552917498 0.14778928458690646 0.66715672612190258 0.061699112877249725 0.37817122042179113 1.6538242101669314 0.26635992527008062 0.35690395534038549
decision_type=2 2 2 2 2 2 2 2
left_child=2 -2 3 4 -1 -5 -7 -3
right_child=1 7 -4 5 -6 6 -8 -9
leaf_value=0.021081998054176224 0.020522290010880288 -0.038793017511205903 -0.015280934581803211 0.039246317257291274 -0.028478329028529866 -0.019160001313384217 0.017063303541439166 -0.0020201888751495973
leaf_weight=0.66404988616704919 0.45624969527125392 2.4713760013692085 0.93238751450553525 3.3182631307281554 0.9701272607780993 0.8161362870596347 0.45446112286299467 0.58059164136648167
leaf_count=15 4 170 33 56 43 52 5 12
internal_value=8.32394e-05 -0.0239502 0.0133584 0.0191709 -0.00798141 0.0285383 -0.00439499 -0.0340225
internal_weight=10.6636 3.50822 7.15543 6.22304 1.63418 4.58886 1.2706 3.05197
internal_count=390 186 204 171 58 113 57 182
is_linear=0
shrinkage=0.05


Tree=88
num_leaves=8
num_cat=0
split_feature=58 69 78 77 30 13 31
split_gain=1.58682 0.985562 1.07585 0.813732 0.706791 0.499174 0.372484
threshold=0.83636096119880687 0.10228374600410463 -1.0000000180025095e-35 1.7421681284904482 0.40792815387248998 0.12924699485301974 0.074835840612649931
decision_type=2 2 2 2 2 2 2
left_child=1 2 -1 5 -5 6 -3
right_child=-2 3 -4 4 -6 -7 -8
leaf_value=0.020709779249949174 -0.030163347252096268 0.046975150443728769 -0.03299780597667859 -0.025517928926449874 0.020343414179254879 0.0039386904468657396 0.0077081451755320303
leaf_weight=0.74922277778387081 1.4464812849182642 2.7154889339581136 1.1823521228507139 0.89675436681136467 0.55907093733549118 1.6295458404347298 1.2640144992619751
leaf_count=15 167 35 38 52 6 32 39
internal_value=0.00664853 0.0149926 -0.0122074 0.0230208 -0.00679381 0.0306162 0.0385555
internal_weight=10.4429 8.99645 1.93157 7.06487 1.45583 5.60905 3.9795
internal_count=384 217 53 164 58 106 74
is_linear=0
shrinkage=0.05


Tree=89
num_leaves=8
num_cat=0
split_feature=57 27 28 62 76 1 63
split_gain=1.65478 1.05287 1.59266 0.878564 0.278676 0.219649 0.181415
threshold=1.2338357567787173 0.59927573800086986 0.66238123178482067 0.13526865094900134 -0.40270219743251795 9.9446287155151385 0.055597193539142616
decision_type=2 2 2 2 2 2 2
left_child=1 2 6 4 -4 -3 -1
right_child=-2 5 3 -5 -6 -7 -8
leaf_value=0.0045314084730911633 -0.030531948731300131 0.0076692673465500287 0.002259183126428799 0.013117159369446416 -0.033819129045602941 0.048905162967235023 0.032864215336611616
leaf_weight=1.138059527613221 1.4861513122450567 0.88849127246066961 0.49766321852803175 1.2106005079112945 2.250988238025458 1.2155216843821106 2.0649568298831582
leaf_count=29 164 30 4 19 108 15 36
internal_value=0.00678815 0.0151646 0.00402468 -0.0156405 -0.0284268 0.0395726 0.0262706
internal_weight=10.7524 9.26628 7.16227 3.95925 2.74865 2.10401 3.20302
internal_count=405 241 196 131 112 45 65
is_linear=0
shrinkage=0.05


Tree=90
num_leaves=8
num_cat=0
split_feature=57 28 71 63 35 29 45
split_gain=1.13046 1.23821 1.326 2.40666 0.568898 0.485538 0.335211
threshold=1.2338357567787173 1.437261760234833 -1.3405580520629881 0.17407093942165378 0.30351519584655767 0.33520135283470159 -0.25286857783794398
decision_type=2 2 2 2 2 2 2
left_child=1 2 6 4 5 -4 -1
right_child=-2 -3 3 -5 -6 -7 -8
leaf_value=0.033237102085385661 -0.028518540670707183 0.049246743651222433 0.008490969647160675 0.031820254449748002 0.0072448865263442077 -0.040953965992425005 0.0014117858947989108
leaf_weight=1.9380215387791397 1.2742236922495074 0.72232993133366186 0.21644498407840718 1.3240022175014017 0.53384764492511738 3.2274777817074209 1.2801104821264715
leaf_count=40 158 4 2 17 3 167 12
internal_value=0.00374175 0.0105396 0.00242965 -0.0123363 -0.0304736 -0.036635 0.0239135
internal_weight=10.5165 9.24223 8.5199 5.30177 3.97777 3.44392 3.21813
internal_count=403 245 241 189 172 169 52
is_linear=0
shrinkage=0.05


Tree=91
num_leaves=7
num_cat=0
split_feature=55 73 26 27 62 16
split_gain=1.06673 1.41306 1.84382 0.453576 0.348853 0.0321756
threshold=0.79957643151283275 0.92938241362571727 0.3519075214862824 0.45202460885047918 0.25332330167293554 0.13421958684921267
decision_type=2 2 2 2 2 2
left_child=1 2 -1 -3 -2 -4
right_child=4 3 5 -5 -6 -7
leaf_value=0.024705149436722119 -0.032593345342942052 0.0013743466938098167 -0.036092706397363422 0.039166797834676449 0.0035678687304511237 -0.0089758863056812917
leaf_weight=1.5327514614909885 1.7748485300689938 1.1712764669209721 1.6987099335528912 2.0754660521633923 0.63859876198694099 1.0029489072039721
leaf_count=32 231 24 41 33 15 19
internal_value=-0.00128183 0.00832791 -0.010089 0.029067 -0.0247829 -0.0311703
internal_weight=9.8946 7.48115 4.23441 3.24674 2.41345 2.70166
internal_count=395 149 92 57 246 60
is_linear=0
shrinkage=0.05


Tree=92
num_leaves=8
num_cat=0
split_feature=55 10 3 15 27 28 74
split_gain=1.25509 0.847326 1.2613 0.618974 0.365929 0.474096 0.0522146
threshold=0.93523454666137706 0.066975269466638579 0.19009304046630862 0.033134620636701591 0.59927573800086986 0.82647377252578746 1.4293689727783205
decision_type=2 2 2 2 2 2 2
left_child=1 2 -1 -4 5 -3 -2
right_child=6 4 3 -5 -6 -7 -8
leaf_value=0.025538833785376726 -0.00028611237851224297 0.023208517857900356 -0.034224235543392552 0.0029373143283234083 0.043103748358321196 -0.012051257863339904 -0.028607557474909263
leaf_weight=1.8374445540830473 0.19712659018114287 1.0797462295740845 1.412892709951848 1.8222467997111378 1.4696676880121229 0.91206846712157119 1.2875624669250099
leaf_count=36 8 19 58 37 20 33 176
internal_value=0.00581448 0.0136198 -0.000300458 -0.0175412 0.0295142 0.00843134 -0.0264758
internal_weight=10.0188 8.53407 5.07258 3.23514 3.46148 1.99181 1.48469
internal_count=387 203 131 95 72 52 184
is_linear=0
shrinkage=0.05


Tree=93
num_leaves=8
num_cat=0
split_feature=74 61 53 42 29 60 30
split_gain=1.20666 1.00602 0.943576 0.572644 0.563587 0.321402 0.0730461
threshold=1.4293689727783205 0.17348346114158633 0.29241730272769934 -2.8068052530288692 0.56697613000869762 0.061557384207844741 0.036348003894090659
decision_type=2 2 2 2 2 2 2
left_child=1 2 -1 -2 -4 -6 -5
right_child=3 -3 4 6 5 -7 -8
leaf_value=0.022168515709403511 0.013335099799538383 0.037631206361565785 -0.030078887596993478 0.00040153671529518249 0.018563918409660884 -0.011706770281292044 -0.032871084602532651
leaf_weight=1.8602734990417955 0.3392075560986999 1.789182170294225 1.533660436049104 0.14976509194821108 0.83524533733725526 0.75896345311775804 1.8258630728814749
leaf_count=36 4 31 28 5 19 26 222
internal_value=0.00307834 0.0135826 0.000112872 -0.0224955 -0.0151972 0.00519525 -0.0310615
internal_weight=9.09216 6.77732 4.98814 2.31484 3.12787 1.59421 1.97563
internal_count=371 140 109 231 73 45 227
is_linear=0
shrinkage=0.05


Tree=94
num_leaves=7
num_cat=0
split_feature=56 40 45 32 41 75
split_gain=1.43824 0.922942 1.18844 0.600838 1.55016 0.416552
threshold=0.71552368998527538 0.10220275446772577 -0.84602516889572132 0.11478335410356523 0.27973300218582159 -1.2906556129455564
decision_type=2 2 2 2 2 2
left_child=1 2 -1 -3 5 -5
right_child=-2 3 -4 4 -6 -7
leaf_value=0.021588182050628665 -0.030631323866931771 0.036080720042342605 -0.032694863961196398 0.010450572102180773 0.03025973522811461 -0.031633784622697024
leaf_weight=0.88098410703241858 1.341696392279119 2.8105846636462957 1.3254653331823627 0.24773372709751029 1.7839605845510957 1.3498992298264068
leaf_count=20 108 54 68 6 39 92
internal_value=0.00496082 0.0133009 -0.0110477 0.0223067 0.00523673 -0.0235971
internal_weight=9.74032 8.39863 2.20645 6.19218 3.38159 1.59763
internal_count=387 279 88 191 137 98
is_linear=0
shrinkage=0.05


Tree=95
num_leaves=7
num_cat=0
split_feature=28 13 32 71 44 47
split_gain=1.45266 1.73913 0.396287 0.350463 0.513446 0.123516
threshold=0.77336516976356517 0.21647176891565326 0.70765727758407604 -1.5680277347564695 -0.11396303400397299 -0.74368658661842335
decision_type=2 2 2 2 2 2
left_child=3 2 5 -1 -5 -2
right_child=1 -3 -4 4 -6 -7
leaf_value=0.03484046425177055 -0.00089967476395770921 0.020217968359054268 0.0072739237983903849 -0.015022740221546134 0.019270834267627004 -0.039538807741368524
leaf_weight=1.8313009850680826 0.26972891716286573 1.6665792108979074 0.24337370507419098 0.92730742134153854 1.657277962891385 2.5764289977960293
leaf_count=40 16 34 5 18 38 228
internal_value=0.00406069 -0.0138276 -0.0326458 0.0223229 0.0062084 -0.037063
internal_weight=9.172 4.75611 3.08953 4.41589 2.58459 2.84616
internal_count=379 283 249 96 56 244
is_linear=0
shrinkage=0.05


Tree=96
num_leaves=11
num_cat=0
split_feature=56 56 75 69 45 35 43 28 6 52
split_gain=0.930026 1.0217 1.93418 0.502484 0.378873 0.342934 0.2509 0.266192 0.207566 0.0133786
threshold=0.71552368998527538 0.56773975491523754 -1.3912592530250547 0.33487811684608465 -0.25286857783794398 0.06698299199342729 0.99857279658317577 0.62296858429908764 0.18888682872056964 0.63223606348037731
decision_type=2 2 2 2 2 2 2 2 2 2
left_child=1 2 4 8 -1 -2 7 -3 -4 -9
right_child=5 6 3 -5 -6 -7 -8 9 -10 -11
leaf_value=0.033806008350527647 0.0095967448410112111 0.018492136273731606 0.0014007742776330511 0.0078788344158551519 -0.00075423575688624153 -0.030748419004089578 0.041811540715578716 0.00038973762647578826 -0.037510763260042795 -0.01322030163239471
leaf_weight=1.6803795378655197 0.17462290823459703 0.52408327441662572 0.30582582205534015 0.50710420496761788 1.0654224269092067 1.3622599102091042 1.2963240991812197 0.14411574602127075 2.1502546705305576 0.34777271118946373
leaf_count=40 1 7 10 14 9 115 41 2 109 45
internal_value=0.00284625 0.0101332 -0.00229691 -0.0263589 0.0237746 -0.0241884 0.0322508 0.00536292 -0.0336622 -0.0116443
internal_weight=9.55817 8.02128 5.70899 2.96318 2.7458 1.53688 2.3123 1.01597 2.45608 0.491888
internal_count=393 277 182 133 49 116 95 54 119 47
is_linear=0
shrinkage=0.05


Tree=97
num_leaves=7
num_cat=0
split_feature=78 10 3 28 6 45
split_gain=1.41512 1.13175 1.0764 0.702469 0.537808 0.0458176
threshold=1.5292009711265566 0.057678760960698135 0.17812106758356097 0.66238123178482067 0.34585079550743109 0.31958638131618505
decision_type=2 2 2 2 2 2
left_child=1 2 -1 -4 -3 -2
right_child=5 4 3 -5 -6 -7
leaf_value=0.026513662792970395 -7.1005517156665109e-05 -0.0023876672394925903 0.0085623444260267672 -0.033939950104369787 0.040802320103523325 -0.028988887455305135
leaf_weight=0.98648137226700816 0.15075309900566924 0.76211409410461817 1.0308421198278668 1.5761974921915678 2.7266702428460121 1.3308953363448379
leaf_count=27 10 24 22 54 49 201
internal_value=0.00656834 0.0161428 -0.00378323 -0.0194196 0.0329375 -0.0272608
internal_weight=8.56395 7.08231 3.59352 2.60704 3.48878 1.48165
internal_count=387 176 103 76 73 211
is_linear=0
shrinkage=0.05


Tree=98
num_leaves=6
num_cat=0
split_feature=55 27 28 36 20
split_gain=1.37574 0.822319 1.63378 0.434732 0.0882437
threshold=0.79957643151283275 0.41472522914409643 0.66238123178482067 0.8989107906818391 0.056534487754106529
decision_type=2 2 2 2 2
left_child=1 2 -1 -2 -3
right_child=3 4 -4 -5 -6
leaf_value=0.023516029200654119 -0.031117083333559527 0.006106174588568606 -0.033266206859968471 0.010927993506627962 0.034651142163512963
leaf_weight=1.8124437807127836 1.7837546051014217 0.83564489893615279 1.3106749379076061 0.24744924157857884 2.3977454174309969
leaf_count=43 233 38 27 3 35
internal_value=0.00481741 0.0160694 -0.00260237 -0.0240796 0.0304589
internal_weight=8.38771 6.35651 3.12312 2.0312 3.23339
internal_count=379 143 70 236 73
is_linear=0
shrinkage=0.05


Tree=99
num_leaves=8
num_cat=0
split_feature=35 49 6 10 45 45 71
split_gain=0.944025 1.52896 1.03081 0.379712 0.262134 0.127664 0.0268927
threshold=0.27034851908683782 -0.036532155238091939 0.85518950223922741 0.031570538878440864 1.1418285369873049 1.2708168029785158 -0.53089225292205799
decision_type=2 2 2 2 2 2 2
left_child=1 3 4 -1 -3 -6 -2
right_child=6 2 -4 -5 5 -7 -8
leaf_value=0.028867927127438159 0.029650250418807346 -0.039752634411132359 0.018230235310664044 -0.0039414738486117607 0.009272900931571083 -0.012625717293867647 0.0065322397229770762
leaf_weight=1.3441904357168826 0.82260048761963844 2.9657064217608426 0.48134955740533758 1.0720847300253806 0.36082035233266641 0.33422715542837977 0.91815893817692973
leaf_count=32 6 172 23 30 17 68 35
internal_value=-0.000945621 -0.00997091 -0.0262283 0.017418 -0.0347313 -0.00249363 0.024289
internal_weight=8.29914 6.55838 4.1421 2.41628 3.66075 0.695048 1.74076
internal_count=383 342 280 62 257 85 41
is_linear=0
shrinkage=0.05


Tree=100
num_leaves=9
num_cat=0
split_feature=6 28 53 7 35 49 71 57
split_gain=0.995072 1.07988 0.975184 0.607439 0.505403 0.327799 0.312851 0.127085
threshold=0.5852852761745454 0.60468682646751415 0.56018763780593883 0.28587275743484503 0.47644716501235967 -0.41427479684352869 -1.5680277347564695 0.89744752645492565
decision_type=2 2 2 2 2 2 2 2
left_child=1 5 -2 -3 6 -1 -5 -4
right_child=2 3 7 4 -6 -7 -8 -9
leaf_value=0.028361161891009651 0.039356605789426111 0.016059212800470016 0.0057990227177213251 -0.0048232136949224345 0.0098263313374886731 -0.0045571012507177955 -0.03835092860498826 -0.018534036134599832
leaf_weight=1.1425098050385711 1.7581926127895715 0.35850155353546131 0.24551143497228611 1.2639483641833065 0.43388518877327431 0.79536220524460066 2.5658858804963534 0.57245304109528661
leaf_count=31 24 5 5 12 8 23 230 68
internal_value=0.00270772 -0.00782872 0.0242249 -0.0198797 -0.0253784 0.0178981 -0.0305755 -0.0120581
internal_weight=9.13625 6.56009 2.57616 4.62222 4.26372 1.93787 3.82983 0.817964
internal_count=406 309 97 255 250 54 242 73
is_linear=0
shrinkage=0.05


Tree=101
num_leaves=10
num_cat=0
split_feature=77 69 21 48 71 19 22 60 5
split_gain=0.990212 0.725106 0.536469 0.523228 1.25579 0.366524 0.243911 0.160232 0.0556445
threshold=1.7678622007369997 0.10228374600410463 0.25273877382278448 0.46995632350444799 -1.2850393652915952 1.041950047016144 9.7918653488159197 0.11951398104429246 0.33337362110614782
decision_type=2 2 2 2 2 2 2 2 2
left_child=1 2 -1 4 -3 8 -6 -5 -2
right_child=5 3 -4 7 6 -7 -8 -9 -10
leaf_value=0.015255853517182017 0.0007216644897807676 0.030539400989186113 -0.02709357189071563 0.039370529500245839 0.002851599942306546 0.0078008571374886598 -0.028747504008338001 0.0057525936272284977 -0.030481134384429787
leaf_weight=0.41222987510263898 0.10357063682749856 1.2369390372186897 0.9266366264782846 1.8565741882193836 0.63282766891643438 0.44815988745540369 1.0555482630152253 0.85045088198967267 1.400401222752407
leaf_count=12 8 27 47 34 12 8 35 37 188
internal_value=0.00456101 0.0133398 -0.0131066 0.0206547 0.00353578 -0.020688 -0.0202485 0.0332098 -0.0289023
internal_weight=8.92334 6.97121 1.33887 5.63234 2.92531 1.95213 1.68838 2.70703 1.50397
internal_count=408 204 59 145 74 204 47 71 196
is_linear=0
shrinkage=0.05


Tree=102
num_leaves=8
num_cat=0
split_feature=67 78 7 22 22 22 67
split_gain=0.835307 0.963701 0.894488 0.324528 0.215008 0.205077 0.0495385
threshold=0.29002033174037939 0.33900523185729986 1.8556548953056338 9.8498716354370135 9.9531812667846697 9.9234151840209979 0.21946512162685397
decision_type=2 2 2 2 2 2 2
left_child=1 -1 3 -3 -2 6 -5
right_child=4 2 -4 5 -6 -7 -8
leaf_value=0.019609557041836027 0.02810072390386243 -0.036864276003864264 0.016770855012026173 -0.0024692361377859572 -0.00076467894333813121 -0.017404158198262458 0.012406466459162154
leaf_weight=1.5020264647901056 2.0501460805535321 2.1666318119969223 0.75428500724956382 0.45062770438380517 0.75237064971588541 0.46353787719272077 0.49530025385320187
leaf_count=37 58 142 23 22 28 42 21
internal_value=0.00369676 -0.00713559 -0.0183508 -0.0278049 0.0221883 -0.00435872 0.00769271
internal_weight=8.63493 5.83241 4.33038 3.5761 2.80252 1.40947 0.945928
internal_count=373 287 250 227 86 85 43
is_linear=0
shrinkage=0.05


Tree=103
num_leaves=8
num_cat=0
split_feature=77 64 45 56 35 60 68
split_gain=0.68822 0.997783 1.29361 0.573372 0.439099 0.305988 0.319077
threshold=1.7678622007369997 0.10812534391880037 -0.84602516889572132 0.44967740774154669 0.47644716501235967 0.12206015363335611 0.28547060489654547
decision_type=2 2 2 2 2 2 2
left_child=1 2 -1 -3 -2 -5 -7
right_child=4 3 -4 5 -6 6 -8
leaf_value=0.023322734710506155 -0.029308553247144171 -0.0040450219523969948 -0.032926623382384911 0.040074850392156851 0.0092084120114824131 -0.014098061847730648 0.018670863361288571
leaf_weight=0.80724045448005233 1.2733380072750149 1.2302988329902289 1.5670812090393154 2.0524252254981552 0.52988739497959603 0.47732850769534685 0.53246873477473855
leaf_count=23 181 29 62 37 10 33 10
internal_value=0.00276376 0.0102667 -0.0125582 0.0228793 -0.0187428 0.0320294 0.00387355
internal_weight=8.47007 6.66684 2.37432 4.29252 1.80323 3.06222 1.0098
internal_count=385 194 85 109 191 80 43
is_linear=0
shrinkage=0.05


Tree=104
num_leaves=8
num_cat=0
split_feature=56 77 63 26 32 30 30
split_gain=1.31888 0.58841 0.62733 0.684152 0.21918 0.667307 0.214503
threshold=0.71552368998527538 1.7678622007369997 0.062598012387752547 0.3519075214862824 0.11478335410356523 0.13557074218988421 0.40792815387248998
decision_type=2 2 2 2 2 2 2
left_child=1 2 3 -1 -4 -6 -3
right_child=-2 6 4 -5 5 -7 -8
leaf_value=0.020344043655463218 -0.027620977978298395 -0.020228100225831096 0.037887371225244604 -0.024503979310105384 -0.016762163837086667 0.025753959493590713 0.009678941874399544
leaf_weight=0.64456863515078999 1.0917831393890081 0.65653702593408514 2.8058734741061926 0.78852746495977044 0.71035875822417427 1.1911980784498153 0.2091853991150856
leaf_count=22 109 95 51 43 31 31 3
internal_value=0.00901363 0.0174593 0.0226298 -0.00426159 0.0301287 0.00956821 -0.0116871
internal_weight=8.09803 7.00625 6.14053 1.4331 4.70743 1.90156 0.865722
internal_count=385 276 178 65 113 62 98
is_linear=0
shrinkage=0.05


Tree=105
num_leaves=7
num_cat=0
split_feature=57 56 58 56 9 7
split_gain=0.862404 0.764049 1.19053 0.636366 0.200058 0.125061
threshold=1.2338357567787173 0.45510630309581762 0.4712692797183991 0.74102231860160839 0.13272461295127871 0.84244686365127575
decision_type=2 2 2 2 2 2
left_child=1 2 -1 4 -3 -4
right_child=-2 3 5 -5 -6 -7
leaf_value=0.022091215261414346 -0.025767244650966439 0.035163541461425266 -0.031854253929101961 -0.010625526935264095 0.0024675546753088248 -0.0036539684192675673
leaf_weight=1.3366554947569969 1.0251030758954582 2.7265703461598609 1.2545769587159159 0.65725197549909342 0.71714219986461092 0.82687148824334133
leaf_count=44 161 93 30 18 22 25
internal_value=0.00404565 0.0106577 -0.00608262 0.0230677 0.0304422 -0.0254728
internal_weight=8.54417 7.51907 3.4181 4.10096 3.44371 2.08145
internal_count=393 232 99 133 115 55
is_linear=0
shrinkage=0.05


Tree=106
num_leaves=8
num_cat=0
split_feature=71 67 18 66 38 9 70
split_gain=1.13543 1.75366 0.559407 0.169698 0.116073 0.097391 0.0518106
threshold=-1.3405580520629881 0.31601034104824072 0.4757364839315415 0.056378938257694251 0.28107796609401708 0.012491615023463966 0.3059555739164353
decision_type=2 2 2 2 2 2 2
left_child=3 2 5 -1 -3 -2 -7
right_child=1 4 -4 -5 -6 6 -8
leaf_value=0.0018991629954461971 -0.0014959887880969084 0.028405371661409131 0.011198125079498975 0.030078097668736415 0.0025775845567978344 -0.038940520466875822 -0.0018581760198369884
leaf_weight=0.86068553524091873 0.28642310202121812 0.88273827545344807 0.27932191127911199 1.5033141858875749 0.85097802896052599 2.7842910331673925 0.20276929042302061
leaf_count=21 2 21 5 29 36 253 23
internal_value=-1.34189e-05 -0.0125578 -0.0301343 0.023433 0.0213083 -0.0354562 -0.0375207
internal_weight=7.65052 5.28652 3.55281 2.364 1.73372 3.27348 2.98706
internal_count=390 340 283 50 57 278 276
is_linear=0
shrinkage=0.05


Tree=107
num_leaves=9
num_cat=0
split_feature=77 69 48 71 22 10 35 0
split_gain=0.698087 0.894034 0.445284 1.03177 0.406424 0.281879 0.246295 0.171763
threshold=1.7678622007369997 0.088422168046236052 0.48847605288028723 -1.3405580520629881 9.7832994461059588 0.10069934278726579 0.47644716501235967 0.31148113310337072
decision_type=2 2 2 2 2 2 2 2
left_child=1 7 3 -3 -5 -4 -2 -1
right_child=6 2 5 4 -6 -7 -8 -9
leaf_value=0.0031855054987092214 -0.027788015931082134 0.027735588531769963 0.036791052971558033 0.0087560012460610008 -0.029852516789254421 0.0016375427966732214 0.004676664677408981 -0.026149231636511422
leaf_weight=0.41883412003517129 1.1351603693328796 1.0839496841654179 1.9191519729793074 0.46357875131070647 1.125466725323349 0.82886243751272548 0.45569319091737259 0.8026688015088439
leaf_count=13 175 26 44 11 39 30 9 28
internal_value=0.00242759 0.00980554 0.0183083 0.00195049 -0.0195576 0.0294539 -0.0202729 -0.0191846
internal_weight=8.23337 6.64251 5.42101 2.673 1.58905 2.74801 1.59085 1.2215
internal_count=375 191 150 76 50 74 184 41
is_linear=0
shrinkage=0.05


Tree=108
num_leaves=5
num_cat=0
split_feature=28 35 57 36
split_gain=0.904825 1.21914 0.507871 0.223862
threshold=0.66238123178482067 0.30854061245918279 0.76977521181106578 0.043027682229876525
decision_type=2 2 2 2
left_child=3 2 -2 -1
right_child=1 -3 -4 -5
leaf_value=-0.0021956249648338927 -0.0024473936923259439 0.019255561711664683 -0.037418081086335639 0.026250112263429479
leaf_weight=0.81385685503482808 1.6472668773494659 1.1243444492574779 2.7122083052527159 1.1199623630382118
leaf_count=33 29 25 271 24
internal_value=-0.00627379 -0.0161135 -0.0271263 0.0176107
internal_weight=7.41764 5.48382 4.35948 1.93382
internal_count=382 325 300 57
is_linear=0
shrinkage=0.05


Tree=109
num_leaves=8
num_cat=0
split_feature=28 27 56 76 75 30 23
split_gain=0.752831 0.79428 0.984005 0.386942 0.365472 0.333815 0.264706
threshold=0.60468682646751415 0.46016201376914984 0.70647361874580394 1.3640637397766116 -1.6205068230628965 0.40792815387248998 0.17983955889940265
decision_type=2 2 2 2 2 2 2
left_child=-1 4 3 -3 -2 -5 -4
right_child=1 2 6 5 -6 -7 -8
leaf_value=0.024025036456897204 0.0023498080128054426 0.033217260192841595 0.0087589935444160102 -0.017689369351532237 -0.033740873013567083 0.015723090611307944 -0.027035815496319327
leaf_weight=1.6665988638997076 0.7876444794237617 1.4913535402156419 0.1621369570493697 0.52336599119007576 1.6399023407138882 0.47587621957063675 1.0398753518238661
leaf_count=53 8 46 1 85 93 10 99
internal_value=0.00150641 -0.0071387 0.00725468 0.0226362 -0.0247617 -0.00187173 -0.0204225
internal_weight=7.78675 6.12015 3.69261 2.4906 2.42755 0.999242 1.20201
internal_count=395 342 241 141 101 95 100
is_linear=0
shrinkage=0.05


Tree=110
num_leaves=9
num_cat=0
split_feature=58 56 58 5 64 76 67 78
split_gain=0.73522 0.706924 0.789063 0.273442 0.26857 0.109587 0.485842 0.0990937
threshold=0.88451775908470165 0.47470481693744665 0.51487603783607494 0.68295103311538707 0.1114991530776024 1.3851577043533327 0.32841341197490698 0.80187729001045238
decision_type=2 2 2 2 2 2 2 2
left_child=1 2 7 -4 -3 -6 -7 -1
right_child=-2 4 3 -5 5 6 -8 -9
leaf_value=0.023466275034804182 -0.024090156862435173 -0.0040367680521641745 -0.030334367656542318 0.00078426111459659509 0.035438754263297643 -0.016375815704241247 0.023315430013602971 0.0003645192035043039
leaf_weight=0.82068928238004468 0.89741371374111611 0.47368337120860848 1.166892047505826 0.9740793837700038 1.6902579686138781 0.45821588416583814 0.75789410993456841 0.66603157622739673
leaf_count=30 150 30 45 25 27 47 13 18
internal_value=0.00448471 0.0106954 -0.0045057 -0.0204342 0.0243141 0.0287853 0.00771919 0.0174254
internal_weight=7.90516 7.00774 3.62769 2.14097 3.38005 2.90637 1.21611 1.48672
internal_count=385 235 118 70 117 87 60 48
is_linear=0
shrinkage=0.05


Tree=111
num_leaves=5
num_cat=0
split_feature=58 67 71 6
split_gain=0.697232 0.531848 1.11129 0.836607
threshold=0.83636096119880687 0.29002033174037939 -1.3405580520629881 0.66350191831588756
decision_type=2 2 2 2
left_child=1 2 -1 -4
right_child=-2 -3 3 -5
leaf_value=0.02441207061650958 -0.023645968965127051 0.026721808237745427 -0.033418433786673717 0.014124493453823304
leaf_weight=1.5217991750687363 0.87311185407452274 2.0051746270619333 1.7112354293931278 0.72178813628852356
leaf_count=39 161 35 135 15
internal_value=0.00399441 0.0108592 -0.000953317 -0.0193083
internal_weight=6.83311 5.96 3.95482 2.43302
internal_count=385 224 189 150
is_linear=0
shrinkage=0.05


Tree=112
num_leaves=10
num_cat=0
split_feature=71 71 51 33 23 54 63 75 22
split_gain=0.758831 0.884362 0.386598 0.341551 0.232491 0.15328 0.0922833 0.0260669 0.00344596
threshold=-1.6672942638397215 0.68046048283576976 9.8955216407775897 0.16427336633205417 0.33965268731117254 0.25904989242553716 0.057099090889096267 -1.7226453423500059 9.9234151840209979
decision_type=2 2 2 2 2 2 2 2 2
left_child=6 3 -3 4 -2 -6 -1 -7 -4
right_child=1 2 8 -5 5 7 -8 -9 -10
leaf_value=0.002932919036931797 0.0053621430395673804 0.026112401553796072 -0.00043357067426648909 0.0043935530098400078 0.0041679625514928044 -0.0029235072783825428 0.028428279025800463 -0.034016546811837904 -0.011183378679912004
leaf_weight=0.73262122087180603 0.21089203283190805 1.2056924551725385 0.16811530082486559 0.79536527232266951 0.082063995301723813 0.27348782774061042 1.1055821748450396 2.230498568853363 0.28038772428408265
leaf_count=17 4 52 15 23 1 6 28 211 29
internal_value=0.00160645 -0.00831698 0.0161143 -0.0206263 -0.0270245 -0.0304244 0.0228806 -0.0324241 -0.0102351
internal_weight=7.08471 5.2465 1.6542 3.59231 2.79694 2.58605 1.8382 2.50399 0.448503
internal_count=386 341 96 245 222 218 45 217 44
is_linear=0
shrinkage=0.05


Tree=113
num_leaves=8
num_cat=0
split_feature=10 3 77 67 16 44 75
split_gain=0.529641 0.961508 0.644444 0.442286 0.244536 0.141295 0.0256182
threshold=0.066975269466638579 0.19009304046630862 1.3855967521667483 0.31601034104824072 0.091683577746152892 1.2127097249031069 -2.2454642057418819
decision_type=2 2 2 2 2 2 2
left_child=1 -1 -2 -4 5 -3 -7
right_child=2 4 3 -5 -6 6 -8
leaf_value=0.017288955345797611 0.028926032148805531 -0.035348692436494793 -0.023428051333788193 0.011927461126346108 0.00033575787803080697 0.0053923510127443074 -0.0051000079039337422
leaf_weight=1.1630282346159222 1.4734265326987954 1.7491103579523049 0.82959044713061281 0.8493260049726814 0.71744746179319907 0.10496648401021957 0.22989900631364424
leaf_count=38 30 110 112 30 30 1 41
internal_value=-0.00108146 -0.0119889 0.0122197 -0.00776656 -0.0254944 -0.0316123 -0.000235325
internal_weight=7.11679 3.96445 3.15234 1.67892 2.80142 2.08398 0.334865
internal_count=392 220 172 142 182 152 42
is_linear=0
shrinkage=0.05


Tree=114
num_leaves=9
num_cat=0
split_feature=6 28 76 38 58 71 45 26
split_gain=0.635017 1.33417 0.936778 0.53438 0.200253 0.132941 0.0611909 0.0220638
threshold=0.5852852761745454 0.66238123178482067 1.3640637397766116 0.33778558671474462 0.4712692797183991 -1.3670120835304258 0.48949930071830755 0.47295004129409796
decision_type=2 2 2 2 2 2 2 2
left_child=1 5 -2 4 -3 -1 -4 -6
right_child=2 3 6 -5 7 -7 -8 -9
leaf_value=0.025610294655647039 0.035170567720261246 0.0024502588393316036 0.0026245795470104822 0.0084354796554583587 -0.002210472133510129 -0.00026429947683635308 -0.017851014579854659 -0.037573913914237811
leaf_weight=1.1662465892732141 1.5548392077907922 0.23528219386935312 0.17566359369084228 0.54709752788767207 0.17698264680802855 0.61773676611483086 0.64484576322138309 2.1376713047502562
leaf_count=34 31 6 7 20 7 26 65 195
internal_value=0.00172113 -0.00839453 0.0188362 -0.0254865 -0.0330906 0.0197741 -0.0144336 -0.0363526
internal_weight=7.25637 4.88102 2.37535 3.09703 2.54994 1.78398 0.820509 2.31465
internal_count=391 288 103 228 208 60 72 202
is_linear=0
shrinkage=0.05


Tree=115
num_leaves=6
num_cat=0
split_feature=28 6 35 0 37
split_gain=0.552095 0.939183 0.921505 0.458999 0.195576
threshold=0.66238123178482067 0.840551257133484 0.30351519584655767 0.11624885350465776 0.033689625561237342
decision_type=2 2 2 2 2
left_child=4 2 3 -2 -1
right_child=1 -3 -4 -5 -6
leaf_value=-0.0022112396144178632 0.010232581046785124 0.02088858514795322 0.013524326481901336 -0.035437425198942649 0.024471838144483785
leaf_weight=0.76570487860590253 0.19502860307693515 1.0833867383189497 0.98240993986837555 2.9106648411834612 1.2617413322441278
leaf_count=23 2 39 24 262 43
internal_value=-0.000558772 -0.00907818 -0.0195642 -0.0307757 0.0169927
internal_weight=7.19894 5.17149 4.0881 3.10569 2.02745
internal_count=393 327 288 264 66
is_linear=0
shrinkage=0.05


Tree=116
num_leaves=8
num_cat=0
split_feature=62 71 78 35 8 27 75
split_gain=0.630845 1.11845 0.403299 0.383118 0.294883 0.232148 0.0515365
threshold=0.14487534761428836 -1.5680277347564695 1.4903832674026491 0.062425388023257262 0.13661569356918338 0.36981458961963659 -0.60317519307136525
decision_type=2 2 2 2 2 2 2
left_child=1 5 -2 -3 -5 -1 -4
right_child=2 3 6 4 -6 -7 -8
leaf_value=0.023438805887206895 0.027060858756500397 0.0065314558935634179 0.0033360738451499554 0.0064693596409426462 -0.037749003538874455 -0.0045478333325099114 -0.013959321796785896
leaf_weight=0.80233347788453035 0.88666999805718638 0.32565019035246301 0.16541635058820248 0.12430934607982669 2.8392544193193316 0.7959061274304986 0.37638322485145181
leaf_count=26 15 8 3 1 270 16 45
internal_value=-0.00809051 -0.0161222 0.0147127 -0.0300745 -0.03473 0.0131154 -0.00993998
internal_weight=6.31592 4.88745 1.42847 3.28921 2.96356 1.59824 0.5418
internal_count=384 321 63 279 271 42 48
is_linear=0
shrinkage=0.05


Tree=117
num_leaves=8
num_cat=0
split_feature=57 56 58 64 76 59 45
split_gain=0.65626 0.728725 0.96003 0.495124 0.392061 0.425796 0.0785714
threshold=1.2338357567787173 0.4081543385982514 0.4712692797183991 0.1114991530776024 1.3640637397766116 0.32409435510635382 -0.29144197702407831
decision_type=2 2 2 2 2 2 2
left_child=1 2 6 -3 -5 -6 -1
right_child=-2 3 -4 4 5 -7 -8
leaf_value=0.022036462568189159 -0.022877781095455602 -0.0092816522960485065 -0.029282488676855262 0.036024935651855536 -0.018054697658173212 0.019074729805484639 0.00010282531322545084
leaf_weight=0.73811334930360317 0.81734197528567154 0.59771649469621468 1.3294025692157445 2.5051798045169567 0.53858075919561066 0.55158181488513947 0.54597808420658134
leaf_count=30 148 25 29 46 73 11 15
internal_value=0.00486268 0.0106977 -0.00823299 0.0218102 0.0278742 0.000869499 0.0168386
internal_weight=7.62389 6.80655 2.61349 4.19306 3.59534 1.09016 1.28409
internal_count=377 229 74 155 130 84 45
is_linear=0
shrinkage=0.05


Tree=118
num_leaves=6
num_cat=0
split_feature=21 6 54 62 71
split_gain=0.544904 0.706195 0.68311 0.465891 0.555306
threshold=0.25990554690361029 0.5852852761745454 0.52640929818153392 0.22068023681640628 -1.5680277347564695
decision_type=2 2 2 2 2
left_child=-1 3 -3 4 -2
right_child=1 2 -4 -5 -6
leaf_value=0.021453436164075499 0.0015325423540569819 0.028010510263021923 -0.016537983999005329 0.010305139853842344 -0.036647370743886597
leaf_weight=0.80913213989697386 1.2404056214727459 1.1664483468048272 0.59254000184591848 0.54514952655881632 2.2312178243882959
leaf_count=34 16 19 77 16 231
internal_value=-0.00341483 -0.00955069 0.0124487 -0.0197456 -0.0257137
internal_weight=6.58489 5.77576 1.75899 4.01677 3.47162
internal_count=393 359 96 263 247
is_linear=0
shrinkage=0.05


Tree=119
num_leaves=9
num_cat=0
split_feature=9 58 49 49 71 6 25 4
split_gain=0.617609 0.710904 0.657125 0.208957 0.199868 0.165234 0.0187435 0.00755535
threshold=0.055753014981746681 0.88451775908470165 -0.036532155238091939 0.97709941864013683 -1.3405580520629881 0.32225555181503301 0.46194371581077581 0.81767696142196666
decision_type=2 2 2 2 2 2 2 2
left_child=2 5 4 -4 -1 -2 -5 -7
right_child=1 -3 3 6 -6 7 -8 -9
leaf_value=0.021028092645663438 0.0010528217076797442 -0.016759420428244284 -0.029240367601262158 0.0065953511090250773 -0.0055750698099707825 0.03441738417680977 -0.0026755355558666532 0.0072832526529904911
leaf_weight=0.86944577191025019 0.61436937504913736 0.48939243052154768 1.4456235289108006 0.14947238983586419 0.59163679101038746 1.6883496082155036 0.27301420574076474 0.68627627426758397
leaf_count=31 25 87 86 3 24 55 43 27
internal_value=0.00571848 0.0182087 -0.00852315 -0.0234774 0.0123675 0.0267003 0.00293513 0.0310575
internal_weight=6.80758 3.47839 3.32919 1.86811 1.46108 2.989 0.422487 2.37463
internal_count=381 194 187 132 55 107 46 82
is_linear=0
shrinkage=0.05


Tree=120
num_leaves=9
num_cat=0
split_feature=56 40 3 77 30 31 30 45
split_gain=0.804093 0.666933 0.500767 0.33822 0.319665 0.188058 0.369818 0.0101384
threshold=0.71552368998527538 0.10220275446772577 0.19009304046630862 1.7678622007369997 0.40792815387248998 0.072053588926792159 0.13557074218988421 -0.045144772157073014
decision_type=2 2 2 2 2 2 2 2
left_child=1 2 -1 5 -5 -3 -7 -4
right_child=-2 3 7 4 -6 6 -8 -9
leaf_value=0.015750189043906952 -0.023857077854933083 0.036725097870338862 -0.0020416998824138244 -0.01777322624902726 0.015230584673667454 -0.011023466574400525 0.021458277451422144 -0.025324840389160903
leaf_weight=0.45961006730794896 0.83452592184767116 1.8367273586336526 0.24116888735443343 0.50903161172755051 0.44223113171756268 0.74843627680093028 0.96739783091470599 0.83520873787347216
leaf_count=19 106 28 9 82 8 39 31 65
internal_value=0.0066647 0.0136718 -0.0102608 0.0222151 -0.00248779 0.0279232 0.00844792 -0.0236038
internal_weight=6.87434 6.03981 1.53599 4.50382 0.951263 3.55256 1.71583 1.07638
internal_count=387 281 93 188 90 98 70 74
is_linear=0
shrinkage=0.05


Tree=121
num_leaves=8
num_cat=0
split_feature=56 56 26 44 78 61 61
split_gain=0.696693 0.558177 0.641519 0.400575 0.373644 0.0973806 0.004198
threshold=0.70647361874580394 0.47470481693744665 0.3519075214862824 1.1950796842575075 1.4903832674026491 0.45126831531524664 0.10300525650382043
decision_type=2 2 2 2 2 2 2
left_child=1 2 -1 -4 6 -6 -3
right_child=-2 4 3 -5 5 -7 -8
leaf_value=0.021087721927159166 -0.025532811747093789 0.0077314954417699562 -0.025988177358093723 0.0082537204265849054 -0.01358853107610873 0.0072288874256424196 0.033281706169652613
leaf_weight=0.68194606807082925 0.94606514030601818 0.79051339230500239 1.7639617947861554 0.67337261885404576 0.36978533607907582 0.15120284259319305 1.2745027355849741
leaf_count=28 108 32 64 29 104 2 28
internal_value=0.000916484 0.00845614 -0.00547435 -0.016879 0.0221001 -0.0067663 0.0292144
internal_weight=6.65135 5.70528 3.11928 2.43733 2.586 0.520988 2.06502
internal_count=395 287 121 93 166 106 60
is_linear=0
shrinkage=0.05


Tree=122
num_leaves=9
num_cat=0
split_feature=57 27 28 61 0 76 62 37
split_gain=0.64734 0.491865 0.802999 0.298472 0.243297 0.123168 0.197895 0.0970381
threshold=1.2338357567787173 0.46353249251842504 0.66238123178482067 0.097554706037044539 0.49977764487266546 1.3738130331039431 0.14991701394319537 0.034546023234725005
decision_type=2 2 2 2 2 2 2 2
left_child=1 2 7 -3 -4 -5 -7 -1
right_child=-2 3 4 5 -6 6 -8 -9
leaf_value=-0.00041667773487232343 -0.022160811998521365 -0.0031153366077996954 -0.029067960825875528 0.036308194093397389 0.00335547071455568 -0.011453984118239054 0.015898841744359068 0.022927669412265522
leaf_weight=0.52062146738171611 0.77353191084694106 0.61575669352896545 1.0751592522719873 1.4420594901312145 0.54113432625308622 0.29292034381069232 0.43089818209409714 1.0953575996682046
leaf_count=24 158 18 41 24 28 49 10 34
internal_value=0.00571811 0.0119523 -0.00182913 0.0242154 -0.0210792 0.0305152 0.00460636 0.0181225
internal_weight=6.78744 6.01391 3.23227 2.78163 1.61629 2.16588 0.723819 1.61598
internal_count=386 228 127 101 69 83 59 58
is_linear=0
shrinkage=0.05


Tree=123
num_leaves=7
num_cat=0
split_feature=57 16 49 71 62 4
split_gain=0.649631 0.547611 0.511446 0.231147 0.42752 0.181239
threshold=1.1771926879882815 0.038335032761096961 -0.07619199156761168 -0.15063510835170743 0.198527567088604 0.36126680672168737
decision_type=2 2 2 2 2 2
left_child=1 2 -1 5 -5 -3
right_child=-2 3 -4 4 -6 -7
leaf_value=0.013843446914181649 -0.023011504417434922 0.0018904705730955745 -0.024861059513543868 -0.018673991461910421 0.01847545451392385 0.030535611601803077
leaf_weight=0.66171961277723312 0.83047239680308838 0.83960614795796562 0.96502422099001683 0.57036666036583505 0.52851416543126106 2.1220259122783318
leaf_count=25 176 22 56 67 11 38
internal_value=0.00395799 0.0107484 -0.00984057 0.0193114 -0.000516952 0.0249419
internal_weight=6.51773 5.68726 1.62674 4.06051 1.09888 2.96163
internal_count=395 219 81 138 78 60
is_linear=0
shrinkage=0.05


Tree=124
num_leaves=8
num_cat=0
split_feature=57 28 57 69 75 51 70
split_gain=0.546774 0.463659 0.549784 0.268697 0.742649 0.208139 0.201452
threshold=1.2338357567787173 1.437261760234833 0.93792736530303966 0.33487811684608465 -1.3912592530250547 9.8701643943786639 0.069212485104799285
decision_type=2 2 2 2 2 2 2
left_child=1 2 3 4 6 -6 -1
right_child=-2 -3 -4 -5 5 -7 -8
leaf_value=-0.0004108177003624563 -0.020518357821018362 0.034539160239219872 -0.021609992550127036 0.025302669185599144 -0.026439976920456888 0.003434682572630578 0.02602484960002692
leaf_weight=1.0214591827243569 0.68152891611680377 0.6984680569730698 0.72642678511328984 1.0482189604081211 0.97288896166719518 0.53455608896911144 1.2211375515908001
leaf_count=21 158 4 96 26 50 8 24
internal_value=0.00616858 0.0115272 0.00377018 0.0106769 0.00212249 -0.0187013 0.0175706
internal_weight=6.90468 6.22316 5.52469 4.79826 3.75004 1.50745 2.2426
internal_count=387 229 225 129 103 58 45
is_linear=0
shrinkage=0.05


Tree=125
num_leaves=7
num_cat=0
split_feature=78 56 58 51 71 23
split_gain=0.695954 0.522893 0.991103 0.394101 0.109038 0.0387547
threshold=1.4903832674026491 0.44967740774154669 0.53852769732475292 9.8100066184997576 -1.0383449196815489 0.51060241460800182
decision_type=2 2 2 2 2 2
left_child=1 2 -1 -3 -2 -6
right_child=4 3 -4 -5 5 -7
leaf_value=0.021326364370702403 0.0042703373964594537 -0.0021753267321695433 -0.028235472767709432 0.032685514988269548 0.0010062578272311427 -0.024296325590876078
leaf_weight=1.0361270690336826 0.11736508354078967 0.92150780989322845 1.0233685388229785 2.256764781428501 0.080589929595589416 0.92779791401699185
leaf_count=44 6 38 30 57 2 220
internal_value=0.00646186 0.0141976 -0.00448034 0.0244764 -0.0192777 -0.02278
internal_weight=6.36352 5.23777 2.0595 3.17827 1.12575 1.00839
internal_count=397 169 74 95 228 222
is_linear=0
shrinkage=0.05


Tree=126
num_leaves=7
num_cat=0
split_feature=56 35 47 52 45 62
split_gain=0.508813 0.491227 0.80456 0.270014 0.124497 0.0454769
threshold=0.71552368998527538 0.27034851908683782 -0.7160179316997527 0.42845526337623602 0.054834801703691489 0.13399893045425418
decision_type=2 2 2 2 2 2
left_child=1 2 4 -4 -1 -5
right_child=-2 -3 3 5 -6 -7
leaf_value=0.022863786340866991 -0.023319652770501301 0.025841935612340196 0.0086354490372716006 -0.028238984784883334 -0.00034353498594272953 -0.00067572983987211491
leaf_weight=1.0454243058338759 0.80653281637933094 1.197550749639049 0.18236964195966754 1.5123178990324957 0.76476404163986433 0.212210337165743
leaf_count=43 110 16 2 158 29 23
internal_value=-0.00010906 0.00699869 -0.00326351 -0.0211752 0.0164259 -0.0263401
internal_weight=5.72117 4.91464 3.71709 1.9069 1.81019 1.72453
internal_count=381 271 255 183 72 181
is_linear=0
shrinkage=0.05


Tree=127
num_leaves=10
num_cat=0
split_feature=10 3 76 8 45 57 78 47 71
split_gain=0.460077 0.687147 0.526803 0.300734 0.21343 0.173764 0.147932 0.147468 0.0669511
threshold=0.066975269466638579 0.19009304046630862 1.3640637397766116 0.83024775981903087 0.95939433574676525 0.97322136163711559 0.33900523185729986 -0.7160179316997527 -1.0383449196815489
decision_type=2 2 2 2 2 2 2 2 2
left_child=1 -1 3 7 6 -4 -3 -2 -6
right_child=2 4 5 -5 8 -7 -8 -9 -10
leaf_value=0.016304481822394436 0.012429319100176139 0.0026998735185385491 0.0069891309973093979 0.036497852605553702 0.010701810697604435 -0.018361472066645273 -0.03002340218024184 -0.010427145926816404 -0.0063274431660479127
leaf_weight=0.99056610348634455 0.32683736225590099 0.21834700368344817 0.47919372748583533 1.0567936726147307 0.22672056406736374 0.56612859782762825 1.6846413074526934 0.50845307332929268 0.20301896356977511
leaf_count=37 10 5 14 20 2 104 98 34 59
internal_value=0.00248899 -0.00909988 0.0145815 0.0262203 -0.0215429 -0.00900501 -0.0266321 0.000415642 0.00385811
internal_weight=6.2607 3.32329 2.93741 1.89208 2.33273 1.04532 1.90299 0.83529 0.42974
internal_count=383 201 182 64 164 118 103 44 61
is_linear=0
shrinkage=0.05


Tree=128
num_leaves=8
num_cat=0
split_feature=57 56 75 64 4 60 68
split_gain=0.466366 0.545721 0.615404 0.396171 0.193707 0.133637 0.282037
threshold=1.2338357567787173 0.4081543385982514 -2.140142440795898 0.1114991530776024 0.81767696142196666 0.11987258121371271 0.27054388821125036
decision_type=2 2 2 2 2 2 2
left_child=1 2 -1 -3 5 -5 -7
right_child=-2 3 -4 4 -6 6 -8
leaf_value=0.014961978401110347 -0.020591501188270727 -0.0090721083730430641 -0.025081231513430936 0.033301799131109693 -0.0014486602897719946 -0.013021719885476955 0.018314202328253884
leaf_weight=0.81896649301052127 0.68395035248249758 0.59384402236901213 1.2257069824263451 1.9530579709680758 0.55538186628837127 0.41514366131741542 0.52592083439230919
leaf_count=27 162 30 46 50 25 55 12
internal_value=0.00358527 0.00882329 -0.00939613 0.0180729 0.0237346 0.0276983 0.00490371
internal_weight=6.77197 6.08802 2.04467 4.04335 3.4495 2.89412 0.941064
internal_count=407 245 73 172 142 117 67
is_linear=0
shrinkage=0.05


Tree=129
num_leaves=7
num_cat=0
split_feature=55 5 28 71 30 45
split_gain=0.577043 0.478929 0.547762 0.213011 0.203078 0.0949838
threshold=0.79957643151283275 1.1984885931015017 0.77336516976356517 -1.6672942638397215 0.77340480685234081 0.69708737730979931
decision_type=2 2 2 2 2 2
left_child=1 2 3 -1 -2 -4
right_child=4 -3 5 -5 -6 -7
leaf_value=0.024487614400714012 -0.024815423643015436 0.031056535405419153 -0.023950037546048551 -0.00035201398939988801 0.0059906101883850267 0.00039824654069044174
leaf_weight=0.88382901903241906 0.95678586070425786 1.0722883548587558 0.7641946224030105 1.5414077932946386 0.28727945685386658 0.47651430079713464
leaf_count=36 238 10 35 37 7 27
internal_value=0.00387875 0.011838 0.000765409 0.0132066 -0.0182022 -0.0185943
internal_weight=5.9823 4.73823 3.66595 2.42524 1.24407 1.24071
internal_count=390 145 135 73 245 62
is_linear=0
shrinkage=0.05


Tree=130
num_leaves=6
num_cat=0
split_feature=4 65 75 51 61
split_gain=0.516409 0.548988 0.566081 0.348151 0.201496
threshold=0.19652887433767322 0.17809559404850009 -1.3912592530250547 9.9230513572692889 0.15316007286310199
decision_type=2 2 2 2 2
left_child=-1 2 -2 4 -3
right_child=1 3 -4 -5 -6
leaf_value=0.024264798208118374 0.004757653278263602 -0.0037066978429091142 -0.031867585560822385 -0.012865146462466224 0.025915772024016778
leaf_weight=0.82134573161602009 1.4072217424400151 0.47377425013110075 1.5628667002310976 0.42011381639167655 1.1968062598025424
leaf_count=29 27 15 228 44 47
internal_value=0.00104242 -0.00610821 -0.0176872 0.0107416 0.0192726
internal_weight=5.88213 5.06078 2.97009 2.09069 1.67058
internal_count=390 361 255 106 62
is_linear=0
shrinkage=0.05


Tree=131
num_leaves=8
num_cat=0
split_feature=57 27 75 3 49 62 30
split_gain=0.462279 0.378217 0.537911 0.229198 0.221097 0.159095 0.0443983
threshold=1.2338357567787173 0.46353249251842504 -1.3912592530250547 0.62448790669441234 0.81527337431907665 0.2091053128242493 0.036348003894090659
decision_type=2 2 2 2 2 2 2
left_child=1 2 6 -4 -3 -6 -1
right_child=-2 4 3 -5 5 -7 -8
leaf_value=0.001999812282908815 -0.018955196684139065 0.030256487822766055 -0.025346211854190503 0.0057763351279576146 -0.011912838958666513 0.012330567381502644 0.019718220036116466
leaf_weight=0.75439839530736208 0.5983591373078524 1.5468835141509774 1.0037952836137263 0.39558904431760322 0.4170213653706013 0.2963908277451992 0.78029343159869313
leaf_count=24 150 49 71 16 54 5 16
internal_value=0.00614664 0.0116315 -0.00104587 -0.0178076 0.0233611 -0.000522649 0.0152337
internal_weight=5.79273 5.19437 2.93408 1.39938 2.2603 0.713412 1.53469
internal_count=385 235 127 87 108 59 40
is_linear=0
shrinkage=0.05


Tree=132
num_leaves=6
num_cat=0
split_feature=56 8 75 59 0
split_gain=0.552802 0.461177 0.698194 0.4415 0.20197
threshold=0.71552368998527538 0.83024775981903087 -1.3912592530250547 0.29872393608093267 0.14056276530027392
decision_type=2 2 2 2 2
left_child=1 2 -1 4 -4
right_child=-2 -3 3 -5 -6
leaf_value=0.017793958746876653 -0.022447535189795198 0.027252797558309429 0.0058197701252738904 0.012612099187394555 -0.030814253285976291
leaf_weight=1.5559738306328652 0.75297790078911919 1.2639799709431825 0.11274322867393527 0.30853224173188198 1.4312340965261681
leaf_count=39 110 46 1 7 174
internal_value=0.00247348 0.00973885 -0.00146457 -0.0182076 -0.0269031
internal_weight=5.42544 4.67246 3.40848 1.85251 1.54398
internal_count=377 267 221 182 175
is_linear=0
shrinkage=0.05


Tree=133
num_leaves=7
num_cat=0
split_feature=28 35 47 27 28 49
split_gain=0.434484 0.455833 0.357797 0.228929 0.458516 0.125117
threshold=0.77336516976356517 0.32312202453613287 -0.49632175266742701 0.41472522914409643 0.66238123178482067 -0.29298479855060572
decision_type=2 2 2 2 2 2
left_child=3 2 -2 4 5 -1
right_child=1 -3 -4 -5 -6 -7
leaf_value=0.020493557826923168 0.0032147794775439576 0.011130462421283542 -0.031541384943357703 0.023438397556250063 -0.021201400544475626 -0.0024572499541072987
leaf_weight=0.73349134530872107 0.80953592923469897 0.77782843261957157 1.504869420779869 0.79738916864152987 0.60963491746224452 0.61118055135011695
leaf_count=28 38 27 244 21 19 26
internal_value=-0.00202135 -0.0130495 -0.0220823 0.0105466 -0.000866593 0.013463
internal_weight=5.84393 3.09223 2.31441 2.7517 1.95431 1.34467
internal_count=403 309 282 94 73 54
is_linear=0
shrinkage=0.05


Tree=134
num_leaves=7
num_cat=0
split_feature=57 27 50 59 2 64
split_gain=0.55734 0.43505 0.3993 0.196821 0.175019 0.0372521
threshold=1.2338357567787173 0.41290074586868292 0.26748141646385198 0.1058674529194832 1.5385502576828005 0.10812534391880037
decision_type=2 2 2 2 2 2
left_child=1 2 -1 -4 5 -3
right_child=-2 4 3 -5 -6 -7
leaf_value=0.01743922758838198 -0.018504383032959825 0.0033023361954958872 -0.022480589992425738 0.0053699688047417439 -0.0009476280424907009 0.030723628687647338
leaf_weight=0.6280793929472569 0.5748511116253211 0.4000875779893257 0.91535598202608504 0.47018228063825518 0.50291782710701216 2.3474023148883134
leaf_count=28 149 29 39 23 23 100
internal_value=0.0102548 0.0158481 -0.00224682 -0.0147403 0.0249491 0.0286773
internal_weight=5.83888 5.26403 2.01362 1.38554 3.25041 2.74749
internal_count=391 242 90 62 152 129
is_linear=0
shrinkage=0.05


Tree=135
num_leaves=10
num_cat=0
split_feature=28 5 4 7 63 2 49 37 58
split_gain=0.483462 0.714351 0.417836 0.282571 0.133478 0.0968942 0.0803036 0.0476719 0.0270391
threshold=0.66238123178482067 1.166937589645386 0.81767696142196666 0.28587275743484503 0.16769994795322421 1.9084220528602602 1.072915852069855 0.032878290861845023 0.64806708693504345
decision_type=2 2 2 2 2 2 2 2 2
left_child=7 3 -3 -2 6 -4 -5 -1 -8
right_child=1 2 5 4 -6 -7 8 -9 -10
leaf_value=0.00082792244948799395 0.0085855039669004724 0.028450295528033076 -0.015399029270294497 -0.032129383295071798 0.0022326069451266096 0.0050134293801560904 0.0048882868748070067 0.0206496206143582 -0.0060219177822391197
leaf_weight=0.46037051873281576 0.18618209660053286 0.65486024983692892 0.41799378406722099 1.9059421141864739 0.21818803308997292 0.35255543724633753 0.15217394998762745 0.9816583706997335 0.136197050800547
leaf_count=20 4 11 38 159 22 22 11 42 57
internal_value=-0.00116241 -0.00988156 0.0132046 -0.0226951 -0.0269176 -0.00850289 -0.0296076 0.0172519 -0.000939115
internal_weight=5.46612 4.02409 1.42541 2.59868 2.4125 0.770549 2.19431 1.44203 0.288371
internal_count=386 324 71 253 249 60 227 62 68
is_linear=0
shrinkage=0.05


Tree=136
num_leaves=8
num_cat=0
split_feature=77 73 78 16 64 11 48
split_gain=0.428465 0.583511 0.544725 0.350499 0.163847 0.0329773 0.00492745
threshold=1.7678622007369997 0.92938241362571727 0.33900523185729986 0.11825013905763627 0.37701766192913061 0.10374838858842851 0.55067244172096264
decision_type=2 2 2 2 2 2 2
left_child=1 2 -1 -4 -2 6 -3
right_child=4 5 3 -5 -6 -7 -8
leaf_value=0.016727075481889106 -0.022322045944152935 0.0042817885136853103 -0.02878594120555221 0.0055395502364842461 0.0044662782158511318 0.0041808328885035136 0.030324472571241969
leaf_weight=0.96496986411511931 0.76252648874651618 0.39315991871990297 1.0660067360149694 0.7324757461901753 0.42539901472628117 0.57031552703119803 1.3411627614405004
leaf_count=43 172 21 39 19 13 34 44
internal_value=0.00462256 0.010962 -0.00451889 -0.0178221 -0.0150723 0.0252751 0.0281458
internal_weight=6.25602 5.06809 2.76345 1.79848 1.18793 2.30464 1.73432
internal_count=385 200 101 58 185 99 65
is_linear=0
shrinkage=0.05


Tree=137
num_leaves=7
num_cat=0
split_feature=13 45 3 78 24 54
split_gain=0.382381 0.457125 0.720588 0.311968 0.134363 0.044035
threshold=0.23196691274642947 1.0147722959518435 0.19009304046630862 1.6691572666168215 0.26083536446094518 0.29441575706005102
decision_type=2 2 2 2 2 2
left_child=1 2 -1 -3 -4 -6
right_child=-2 3 4 -5 5 -7
leaf_value=0.014781389635006265 0.018366909846011373 0.023993624566922035 0.0019034389502217764 -0.010876540840422605 -0.0018623130978309606 -0.030026972567421074
leaf_weight=0.87155957869254086 1.3721929828170685 0.86634456319734432 0.28398775262758169 0.27641451370436698 0.29073544777929816 1.998574318771716
leaf_count=37 39 33 13 109 4 166
internal_value=0.00174339 -0.00562605 -0.0140238 0.0144194 -0.0251862 -0.0281037
internal_weight=5.95981 4.58762 3.44486 1.14276 2.5733 2.28931
internal_count=401 362 220 142 183 170
is_linear=0
shrinkage=0.05


Tree=138
num_leaves=8
num_cat=0
split_feature=65 71 10 77 0 66 35
split_gain=0.508219 0.650585 0.294881 0.214814 0.200566 0.135195 0.13039
threshold=0.17809559404850009 -1.3670120835304258 0.63552531599998485 1.7678622007369997 0.11624885350465776 0.056378938257694251 0.47644716501235967
decision_type=2 2 2 2 2 2 2
left_child=1 5 4 -2 -3 -1 -5
right_child=3 2 -4 6 -6 -7 -8
leaf_value=-0.0037814920092791014 0.023655487857757486 0.0053119188461569176 0.0083925857940718458 -0.013488128574412152 -0.033069753178907008 0.018842498171221835 0.0087912411009070136
leaf_weight=0.61224264372140147 1.2594876582734285 0.10348936170339618 0.16404933482408512 0.3483996377326547 1.7147027672035617 0.73980600573122501 0.34895600192248821
leaf_count=18 37 1 2 60 238 23 10
internal_value=-5.35705e-05 -0.0109494 -0.0248617 0.0159362 -0.0297754 0.0113457 -0.00372838
internal_weight=5.29113 3.33429 1.98224 1.95684 1.81819 1.35205 0.697356
internal_count=389 282 241 107 239 41 70
is_linear=0
shrinkage=0.05


Tree=139
num_leaves=10
num_cat=0
split_feature=77 63 23 62 44 35 11 35 28
split_gain=0.352061 0.410171 0.343664 0.225507 0.44592 0.136201 0.129117 0.0924174 0.00301834
threshold=1.7678622007369997 0.061699112877249725 0.37817122042179113 0.073603101074695601 0.48115611076354986 0.27034851908683782 1.4404973387718203 0.16142605245113376 0.8576088845729829
decision_type=2 2 2 2 2 2 2 2 2
left_child=1 2 -1 -3 8 7 -2 -6 -5
right_child=6 3 -4 4 5 -7 -8 -9 -10
leaf_value=0.012458164739972938 -0.020976628128619904 0.029100144217398812 -0.023172567812082743 -0.002251670980608926 0.0084727465579780229 0.024846160530992086 0.0049698164168620745 -0.010504536695183303 -0.017383942047794431
leaf_weight=0.32070949487388112 0.78981840942287795 1.0135498142335566 0.71261220378801227 0.38194860285148058 0.32321245898492612 0.699794577434659 0.21581916511058807 0.25539718626532704 0.47611745330505073
leaf_count=18 181 29 42 17 15 9 5 33 28
internal_value=0.00247948 0.00903807 -0.0114256 0.0168865 0.0036617 0.0176691 -0.0157067 -0.00125181 -0.0154852
internal_weight=5.18898 4.18334 1.03332 3.15002 2.13647 1.2784 1.00564 0.57861 0.858066
internal_count=377 191 60 131 102 57 186 48 45
is_linear=0
shrinkage=0.05


Tree=140
num_leaves=9
num_cat=0
split_feature=77 69 23 0 28 35 11 57
split_gain=0.341523 0.549316 0.340384 0.265973 0.326495 0.190972 0.0833759 0.0356944
threshold=1.7678622007369997 0.10228374600410463 0.37817122042179113 0.39366199076175695 0.70293578505516063 0.47644716501235967 0.15641097724437716 0.81072729825973522
decision_type=2 2 2 2 2 2 2 2
left_child=1 2 -1 4 -3 -2 -5 -6
right_child=5 3 -4 6 7 -7 -8 -9
leaf_value=0.011774379649586981 -0.021814074781023554 0.016999243306300454 -0.024205696973066387 0.031056803935125984 4.0625561637037413e-05 0.0057789340301209711 0.0030954195230764852 -0.017376401973775674
leaf_weight=0.29738511610776164 0.73761364317033418 0.58170739351771794 0.78398943517822772 1.5038478085771205 0.36092372331768274 0.45172026846557856 0.56846950983162958 0.48673719249200076
leaf_count=15 190 24 49 49 8 13 22 36
internal_value=0.00388396 0.00999788 -0.0134079 0.0185987 0.000456487 -0.0134813 0.0268906 -0.0139522
internal_weight=5.77239 4.58306 1.08137 3.50169 1.42937 1.18933 2.07232 0.847661
internal_count=406 203 64 139 68 203 71 44
is_linear=0
shrinkage=0.05


Tree=141
num_leaves=7
num_cat=0
split_feature=56 35 45 75 68 75
split_gain=0.481221 0.40036 0.577464 0.244754 0.264496 0.0589695
threshold=0.71552368998527538 0.27034851908683782 1.0000000180025095e-35 -1.5170890688896177 0.27054388821125036 -1.3912592530250547
decision_type=2 2 2 2 2 2
left_child=1 2 5 -4 -5 -1
right_child=-2 -3 3 4 -6 -7
leaf_value=0.021566733404734348 -0.02120475281859658 0.02600162884313887 0.0050328302209729815 -0.028783568785400171 0.0077173037021319134 0.0013324448379888653
leaf_weight=0.91242827009409666 0.68747166852699582 1.2074990943074224 0.71062692627310764 1.245956774393562 0.18186773161869507 0.61570000881329201
leaf_count=39 109 23 8 187 6 26
internal_value=0.00275808 0.00917245 -0.000754056 -0.0149489 -0.0228706 0.0171659
internal_weight=5.56155 4.87408 3.66658 2.13845 1.42782 1.52813
internal_count=398 289 266 201 193 65
is_linear=0
shrinkage=0.05


Tree=142
num_leaves=8
num_cat=0
split_feature=22 77 51 53 22 30 58
split_gain=0.510261 0.451782 0.502526 0.429933 0.0752464 0.0274889 0.0231154
threshold=9.8809375762939471 1.6538242101669314 9.8092851638793963 0.29241730272769934 9.8752002716064471 0.77340480685234081 0.53852769732475292
decision_type=2 2 2 2 2 2 2
left_child=1 2 3 -1 6 -2 -3
right_child=5 4 -4 -5 -6 -7 -8
leaf_value=0.014287646930989271 -0.023497883688648608 0.00092587173986231972 0.029969368866310461 -0.020613573285702024 0.0037551825650805944 -0.00050928404843049912 -0.019532925876423236
leaf_weight=0.82364930678159065 0.81259197968756758 0.055759644950739928 1.5719401165843008 0.74267194257117808 0.12423809978645295 0.18869595415890217 0.6012125052511692
leaf_count=32 109 4 54 49 8 6 113
internal_value=-0.000348304 0.00836172 0.0162417 -0.00384482 -0.0146401 -0.0215848 -0.0182857
internal_weight=4.92076 3.91947 3.13826 1.56632 0.78121 1.00129 0.656972
internal_count=375 260 135 81 125 115 117
is_linear=0
shrinkage=0.05


Tree=143
num_leaves=9
num_cat=0
split_feature=57 61 5 2 0 67 78 67
split_gain=0.422048 0.350397 0.258964 0.288548 0.259005 0.18712 0.181127 0.0460386
threshold=1.1771926879882815 0.15762788057327273 0.20787411928176883 0.62272933125495922 0.5611608922481538 0.29002033174037939 1.0000000180025095e-35 0.15701744705438617
decision_type=2 2 2 2 2 2 2 2
left_child=1 2 -1 6 -5 7 -4 -3
right_child=-2 5 3 4 -6 -7 -8 -9
leaf_value=0.017087657214281494 -0.01997262985351729 0.005824019619449488 0.0042446844839308931 0.018099757268294599 -0.0099845384165950877 0.029363715187682649 -0.024256163571888735 -0.0082316060333394135
leaf_weight=0.45507229026407037 0.65183625451754768 0.16071815241593856 0.39908586163073811 0.80150252988096304 0.64638619602192193 1.0611664177849887 1.1608762834221122 0.24565518531017005
leaf_count=17 180 13 15 31 35 20 51 42
internal_value=0.00282493 0.00869849 -0.00121977 -0.00756204 0.00660502 0.023112 -0.0181549 -0.00248419
internal_weight=5.5823 4.93046 3.46292 3.00785 1.44789 1.46754 1.55996 0.406373
internal_count=404 224 149 132 66 75 66 55
is_linear=0
shrinkage=0.05


Tree=144
num_leaves=7
num_cat=0
split_feature=71 13 0 62 53 71
split_gain=0.419713 0.556028 0.35957 0.266558 0.193531 0.101587
threshold=-1.6672942638397215 0.21647176891565326 0.11440240964293481 0.2091053128242493 0.26988983154296881 -1.5680277347564695
decision_type=2 2 2 2 2 2
left_child=-1 2 -2 4 -4 -6
right_child=1 -3 3 -5 5 -7
leaf_value=0.020427678203052531 0.012182265600429426 0.015739366261234008 0.0040106245973591916 0.0066364322574748924 0.00048098069433695961 -0.033384057197524006
leaf_weight=1.1185633023269472 0.27025797963142473 1.0869502106215803 0.21530657447874624 0.29566032753791649 0.21003810339607376 1.7842186093912449
leaf_count=43 3 35 4 20 5 276
internal_value=0.0021243 -0.00628737 -0.0167976 -0.0225075 -0.0272599 -0.0308479
internal_weight=4.981 3.86243 2.77548 2.50522 2.20956 1.99426
internal_count=386 343 308 305 285 281
is_linear=0
shrinkage=0.05


Tree=145
num_leaves=9
num_cat=0
split_feature=58 56 23 61 3 55 73 77
split_gain=0.350281 0.341452 0.397898 0.20142 0.15746 0.0269854 0.0220524 0.0204174
threshold=0.83636096119880687 0.45510630309581762 0.37817122042179113 0.097554706037044539 0.409120723605156 0.81383925676345836 2.1207057237625127 1.4334163069725039
decision_type=2 2 2 2 2 2 2 2
left_child=1 2 -1 -3 -4 -5 7 -7
right_child=-2 3 4 5 -6 6 -8 -9
leaf_value=0.016532930245929389 -0.018421591684199434 -0.0025020576181835129 -0.023506015770301866 0.027600707229682116 0.0029365156150650031 0.0034924377125626379 0.0070200293263069299 -0.0065384006710721872
leaf_weight=0.47159433644264925 0.57137500110547979 0.67583087761886451 0.93403757165651746 1.2187972625251857 0.51186665263958275 0.083133121719583758 0.20506571617443115 0.14922376826871186
leaf_count=26 166 27 42 29 33 3 17 39
internal_value=0.00277212 0.00858807 -0.00572138 0.0185398 -0.0167717 0.0248355 0.00328942 -0.00302778
internal_weight=4.82092 4.24955 1.9175 2.33205 1.4459 1.65622 0.437423 0.232357
internal_count=382 216 101 115 75 88 59 42
is_linear=0
shrinkage=0.05


Tree=146
num_leaves=7
num_cat=0
split_feature=57 35 77 56 50 58
split_gain=0.438509 0.271944 0.577542 0.199439 0.342628 0.145287
threshold=1.2338357567787173 0.27034851908683782 1.3855967521667483 0.46462959051132208 0.26139959692955023 0.52917063236236583
decision_type=2 2 2 2 2 2
left_child=1 2 3 4 -1 -4
right_child=-2 -3 5 -5 -6 -7
leaf_value=0.016469931151170611 -0.016826933757720881 0.029233163559263628 0.0058480927426286028 0.024199323833385064 -0.017263808978088272 -0.023226412094586812
leaf_weight=0.47089399816468425 0.49983364436775435 1.0634094299748538 0.12182672321796406 1.3361850372748447 0.54529719147831202 0.81075817195232958
leaf_count=29 158 19 2 27 38 109
internal_value=0.00917674 0.0147531 0.00433727 0.0161324 -0.00121625 -0.0183676
internal_weight=4.8482 4.34837 3.28496 2.35238 1.01619 0.932585
internal_count=382 224 205 94 67 111
is_linear=0
shrinkage=0.05


Tree=147
num_leaves=9
num_cat=0
split_feature=77 73 45 15 32 5 55 55
split_gain=0.493185 0.531858 0.537633 0.153702 0.142954 0.0482846 0.044704 0.0371993
threshold=1.7678622007369997 0.92938241362571727 -0.84602516889572132 0.063862707465887084 1.5176257491111758 0.38164596259593969 0.81383925676345836 0.90713822841644298
decision_type=2 2 2 2 2 2 2 2
left_child=1 2 -1 -4 5 -2 -3 -8
right_child=4 6 3 -5 -6 -7 7 -9
leaf_value=0.018498015106535592 0.0016528932265333657 0.029423019766821535 -0.023903500341149558 0.0026069082602259925 0.0062008903248262715 -0.023250469156608299 -0.0041595964582694222 0.008510246973507777
leaf_weight=0.73590033291839096 0.077098746667615847 1.5718754258705305 1.0604569108691064 0.4992616157978772 0.13385670259594917 0.82919039472471923 0.25246350932866324 0.26719446084462106
leaf_count=32 10 47 53 13 3 191 20 24
internal_value=0.00533591 0.0126252 -0.00401533 -0.0177143 -0.0165274 -0.0213762 0.0262804 0.00366819
internal_weight=5.4273 4.38715 2.29562 1.55972 1.04015 0.906289 2.09153 0.519658
internal_count=393 189 98 66 204 201 91 44
is_linear=0
shrinkage=0.05


Tree=148
num_leaves=9
num_cat=0
split_feature=77 63 25 32 32 1 5 48
split_gain=0.445412 0.562859 0.258398 0.141767 0.257522 0.119461 0.0480387 0.0063756
threshold=1.7678622007369997 0.060797894373536117 0.24296575039625171 0.11478335410356523 0.20776484161615374 9.6885848045349139 0.38164596259593969 0.053498247638344772
decision_type=2 2 2 2 2 2 2 2
left_child=1 2 -1 7 -5 -2 -7 -3
right_child=5 3 -4 4 -6 6 -8 -9
leaf_value=0.010481075998242674 0.0051747104913563817 0.0061221334123477168 -0.021693608559378581 -0.012426336671163371 0.016196097756005005 0.0021277950892440636 -0.020668183820245295 0.031762135643224998
leaf_weight=0.25749307824298728 0.23819267092039786 0.60116819106042463 0.64439307595603168 0.49263424694072433 0.72914995951578021 0.067185547959525138 0.7672829829971306 1.4987959774443878
leaf_count=16 17 32 42 38 29 8 179 34
internal_value=0.00766891 0.014575 -0.0118266 0.0228211 0.00425672 -0.0134361 -0.0186734 0.0287647
internal_weight=5.2963 4.22363 0.901886 3.32175 1.22178 1.07266 0.834469 2.09996
internal_count=395 191 58 133 67 204 187 66
is_linear=0
shrinkage=0.05


Tree=149
num_leaves=8
num_cat=0
split_feature=78 32 23 31 61 72 58
split_gain=0.303098 0.406204 0.384454 0.197567 0.442873 0.0897357 0.0656159
threshold=1.5292009711265566 0.079329729080200209 0.37817122042179113 0.072053588926792159 0.17551970481872561 0.12924278527498248 0.55757129192352306
decision_type=2 2 2 2 2 2 2
left_child=1 2 -1 -3 5 -5 -2
right_child=6 3 -4 4 -6 -7 -8
leaf_value=0.013989058048844958 0.0035011426776706991 0.028597077515420805 -0.021951390447677237 0.0024045018649808039 0.02105975909435305 -0.018816197717410731 -0.017921796447759035
leaf_weight=0.39392606972251065 0.099054039921611436 1.2651457627653147 0.82179842493496835 0.42856440786272265 0.79612319963052858 0.60818488767836243 0.55024378397502005
leaf_count=26 5 36 41 12 31 38 188
internal_value=0.00525756 0.0104044 -0.00924812 0.0184913 0.00388333 -0.0131705 -0.0145124
internal_weight=4.96304 4.31374 1.21572 3.09802 1.83287 1.03675 0.649298
internal_count=377 184 67 117 81 50 193
is_linear=0
shrinkage=0.05


end of trees

feature_importances:
Column_57=69
Column_71=54
Column_78=39
Column_35=37
Column_28=34
Column_62=34
Column_56=33
Column_75=30
Column_55=28
Column_45=27
Column_64=27
Column_77=25
Column_6=22
Column_13=21
Column_49=19
Column_58=19
Column_3=18
Column_30=18
Column_63=18
Column_69=18
Column_0=17
Column_8=15
Column_22=15
Column_27=15
Column_61=14
Column_67=14
Column_23=12
Column_74=12
Column_32=11
Column_59=11
Column_76=11
Column_16=10
Column_5=9
Column_51=9
Column_70=9
Column_2=8
Column_10=8
Column_26=8
Column_47=8
Column_65=8
Column_73=8
Column_15=7
Column_37=7
Column_42=7
Column_48=7
Column_52=7
Column_11=6
Column_44=6
Column_53=6
Column_60=6
Column_1=5
Column_4=5
Column_7=5
Column_9=5
Column_36=5
Column_21=4
Column_29=4
Column_31=4
Column_38=4
Column_50=4
Column_54=4
Column_19=3
Column_24=3
Column_25=3
Column_40=3
Column_41=3
Column_66=3
Column_68=3
Column_18=2
Column_20=2
Column_33=2
Column_34=2
Column_43=2
Column_46=2
Column_12=1
Column_14=1
Column_17=1
Column_72=1

parameters:
[boosting: gbdt]
[objective: binary]
[metric: binary_logloss]
[tree_learner: serial]
[device_type: cpu]
[data_sample_strategy: bagging]
[data: ]
[valid: ]
[num_iterations: 150]
[learning_rate: 0.05]
[num_leaves: 31]
[num_threads: 2]
[seed: 0]
[deterministic: 1]
[force_col_wise: 0]
[force_row_wise: 1]
[histogram_pool_size: -1]
[max_depth: -1]
[min_data_in_leaf: 20]
[min_sum_hessian_in_leaf: 0.001]
[bagging_fraction: 0.8]
[pos_bagging_fraction: 1]
[neg_bagging_fraction: 1]
[bagging_freq: 1]
[bagging_seed: 7719]
[bagging_by_query: 0]
[feature_fraction: 0.8]
[feature_fraction_bynode: 1]
[feature_fraction_seed: 2437]
[extra_trees: 0]
[extra_seed: 11797]
[early_stopping_round: 0]
[early_stopping_min_delta: 0]
[first_metric_only: 0]
[max_delta_step: 0]
[lambda_l1: 0]
[lambda_l2: 1]
[linear_lambda: 0]
[min_gain_to_split: 0]
[drop_rate: 0.1]
[max_drop: 50]
[skip_drop: 0.5]
[xgboost_dart_mode: 0]
[uniform_drop: 0]
[drop_seed: 21238]
[top_rate: 0.2]
[other_rate: 0.1]
[min_data_per_group: 100]
[max_cat_threshold: 32]
[cat_l2: 10]
[cat_smooth: 10]
[max_cat_to_onehot: 4]
[top_k: 20]
[monotone_constraints: ]
[monotone_constraints_method: basic]
[monotone_penalty: 0]
[feature_contri: ]
[forcedsplits_filename: ]
[refit_decay_rate: 0.9]
[cegb_tradeoff: 1]
[cegb_penalty_split: 0]
[cegb_penalty_feature_lazy: ]
[cegb_penalty_feature_coupled: ]
[path_smooth: 0]
[interaction_constraints: ]
[verbosity: -1]
[saved_feature_importance_type: 0]
[use_quantized_grad: 0]
[num_grad_quant_bins: 4]
[quant_train_renew_leaf: 0]
[stochastic_rounding: 1]
[linear_tree: 0]
[max_bin: 255]
[max_bin_by_feature: ]
[min_data_in_bin: 3]
[bin_construct_sample_cnt: 200000]
[data_random_seed: 38]
[is_enable_sparse: 1]
[enable_bundle: 1]
[use_missing: 1]
[zero_as_missing: 0]
[feature_pre_filter: 1]
[pre_partition: 0]
[two_round: 0]
[header: 0]
[label_column: ]
[weight_column: ]
[group_column: ]
[ignore_column: ]
[categorical_feature: ]
[forcedbins_filename: ]
[precise_float_parser: 0]
[parser_config_file: ]
[objective_seed: 8855]
[num_class: 1]
[is_unbalance: 0]
[scale_pos_weight: 1]
[sigmoid: 1]
[boost_from_average: 1]
[reg_sqrt: 0]
[alpha: 0.9]
[fair_c: 1]
[poisson_max_delta_step: 0.7]
[tweedie_variance_power: 1.5]
[lambdarank_truncation_level: 30]
[lambdarank_norm: 1]
[label_gain: ]
[lambdarank_position_bias_regularization: 0]
[eval_at: ]
[multi_error_top_k: 1]
[auc_mu_weights: ]
[num_machines: 1]
[local_listen_port: 12400]
[time_out: 120]
[machine_list_filename: ]
[machines: ]
[gpu_platform_id: -1]
[gpu_device_id: -1]
[gpu_device_id_list: ]
[gpu_use_dp: 0]
[num_gpu: 1]

end of parameters

pandas_categorical:null
