t_s,t_ns,acc_x_mps2,acc_y_mps2,acc_z_mps2,gyr_x_rads,gyr_y_rads,gyr_z_rads,grav_x_mps2,grav_y_mps2,grav_z_mps2,linacc_x_mps2,linacc_y_mps2,linacc_z_mps2,mag_x_uT,mag_y_uT,mag_z_uT,rot_x,rot_y,rot_z,rot_w,yaw_deg,pitch_deg,roll_deg,gnss_lat,gnss_lon,gnss_alt_m,gnss_speed_mps,gnss_bearing_deg,gnss_acc_m,gnss_age_s,n_acc,n_gyr
0.000,416833462175319,-1.3905889,8.812826,3.681896,0.23140319,0.05406153,-0.15527418,-1.4984953,8.996521,3.6038187,0.10790646,-0.18369523,0.07807736,,,,,,,,,,,,,,,,,,5,4
0.020,416833482175319,-1.4866905,8.864511,3.497559,0.17256927,0.11476621,-0.13232857,-1.5347242,9.014554,3.542999,0.048033655,-0.15004349,-0.045440078,,,,,,,,,,,,,,,,,,2,2
0.040,416833502175319,-1.5293128,8.892925,3.3937702,0.1085812,0.10323614,-0.10018182,-1.5593834,9.026343,3.5019772,0.030070603,-0.13341808,-0.10820687,,,,,,,,,,,,,,,,,,2,2
0.060,416833522175319,-1.5535401,8.932706,3.3427732,0.03726275,0.08384118,-0.06963858,-1.5598968,9.029228,3.4943016,0.006356716,-0.09652233,-0.15152836,,,,,,,,,,,,,,,,,,2,2
0.080,416833542175319,-1.4828023,8.918648,3.3897324,-0.029779656,0.063224494,-0.04161516,-1.5539178,9.026792,3.50325,0.071115494,-0.10814333,-0.1135174,32.925003,10.05,-34.5,0.4926788,0.23184687,0.25977716,0.7974972,-26.09308,-64.99583,15.62304,,,,,,,,2,2
0.100,416833562175319,-1.4516957,8.927322,3.4217365,-0.08727729,0.04932733,-0.028099777,-1.54296,9.013836,3.5412452,0.09126443,-0.086513996,-0.11950874,31.725,9.900001,-31.575,0.4927537,0.23362522,0.25914934,0.7971411,-25.70025,-65.04998,16.114151,,,,,,,,2,2
0.120,416833582175319,-1.40025,8.896515,3.579214,-0.14508037,0.056123197,-0.023441933,-1.5249524,8.989532,3.610155,0.12470251,-0.093018055,-0.030941129,31.125002,10.35,-29.925001,0.49237937,0.23490733,0.2588556,0.79709524,-25.44568,-65.0343,16.458433,,,,,,,,2,2
0.140,416833602175319,-1.3392329,8.847162,3.8380876,-0.19158244,0.04642572,-0.011453714,-1.5047537,8.958957,3.6936712,0.16552079,-0.111793995,0.14441633,31.125002,10.275001,-29.625002,0.49153134,0.23585187,0.2587942,0.79736215,-25.285103,-64.94899,16.705116,,,,,,,,2,2
0.160,416833622175319,-1.3103695,8.804391,4.0835013,-0.20036364,0.038331762,0.001832594,-1.4903051,8.928977,3.7713058,0.17993557,-0.124586105,0.31219554,31.725,10.575001,-29.775002,0.4901179,0.23642768,0.2589488,0.7980116,-25.218222,-64.780876,16.851408,,,,,,,,2,2
0.180,416833642175319,-1.3634603,8.756684,4.1982074,-0.17661627,0.028634284,0.017944152,-1.4708438,8.909542,3.824536,0.10738355,-0.15285778,0.3736713,31.800001,10.275001,-32.100002,0.48842913,0.23667683,0.2592862,0.7988627,-25.235502,-64.56988,16.90451,,,,,,,,2,2
0.200,416833662175319,-1.3057334,8.773434,4.0707893,-0.1539379,0.0207694,0.03245219,-1.4487743,8.897061,3.86183,0.14304096,-0.12362766,0.20895958,32.550003,10.5,-32.925003,0.48681277,0.2367585,0.25970656,0.7996881,-25.296082,-64.3655,16.906492,,,,,,,,2,2
0.220,416833682175319,-1.1979069,8.912517,3.95728,-0.17455459,0.08063414,0.03405571,-1.4325924,8.872791,3.923219,0.23468554,0.039725304,0.034060955,31.500002,10.35,-29.400002,0.48548555,0.23682553,0.26035067,0.8002662,-25.41411,-64.20421,16.866154,,,,,,,,2,2
0.240,416833702175319,-1.1494522,8.796913,4.2441196,-0.22250748,0.14805834,0.02680169,-1.4309794,8.838269,4.00096,0.28152716,-0.04135561,0.24315977,32.25,10.8,-31.875002,0.48395908,0.23688202,0.26143256,0.8008204,-25.629148,-64.025085,16.768446,,,,,,,,2,2
0.260,416833722175319,-1.2583256,8.653344,4.59078,-0.21387902,0.12095121,-0.011377355,-1.4369044,8.818541,4.0421576,0.17857885,-0.16519642,0.54862213,32.025,11.475,-30.000002,0.4819805,0.23702815,0.26258492,0.80159104,-25.838823,-63.79017,16.69554,,,,,,,,2,2
0.280,416833742175319,-1.2906287,8.900403,4.2595234,-0.1853211,0.10842849,-0.048029236,-1.4473385,8.7940855,4.0914125,0.15670979,0.10631752,0.16811085,32.175003,11.325001,-31.35,0.47994396,0.23734036,0.26349232,0.80242145,-25.968847,-63.548195,16.696398,,,,,,,,2,2
0.300,416833762175319,-1.2308081,8.856285,4.408327,-0.21708605,0.20433426,-0.05085449,-1.4565634,8.759379,4.1619806,0.22575521,0.09690571,0.24634647,32.550003,11.400001,-31.2,0.4779067,0.2379421,0.26449195,0.80312914,-26.0817,-63.317574,16.747921,,,,,,,,2,2
0.320,416833782175319,-1.2503994,8.756086,4.8656554,-0.21532983,0.13187042,-0.07391463,-1.4632866,8.7281065,4.224846,0.21288723,0.027979374,0.64080954,31.125002,11.025001,-27.675001,0.47555164,0.23859578,0.26544127,0.80401766,-26.17137,-63.045933,16.826954,,,,,,,,2,2
0.340,416833802175319,-1.2502499,8.680712,4.9918766,-0.1373682,-0.027336195,-0.13217585,-1.4711204,8.709376,4.2606297,0.22087055,-0.028664112,0.7312472,32.475002,11.625,-29.625002,0.47335517,0.23892759,0.26578668,0.8051007,-26.171028,-62.773476,16.913902,,,,,,,,2,2
0.360,416833822175319,-1.262513,8.669945,4.7433224,-0.058108505,-0.09224057,-0.15966478,-1.4782412,8.699033,4.2792554,0.21572816,-0.029088497,0.46406674,31.35,11.700001,-28.35,0.47162282,0.2389142,0.26538762,0.8062536,-26.058687,-62.536507,17.012226,,,,,,,,2,2
0.380,416833842175319,-1.2873386,8.49781,4.575675,-0.0027488908,-0.040317073,-0.11239911,-1.4887285,8.699677,4.2743077,0.20138991,-0.2018671,0.30136728,30.750002,11.775001,-27.825,0.47034928,0.23882355,0.26468477,0.8072569,-25.898283,-62.35153,17.119616,,,,,,,,2,2
0.400,416833862175319,-1.4741282,8.555687,4.228716,0.023060143,0.06162098,-0.02718348,-1.4880686,8.701177,4.271483,0.013940275,-0.1454897,-0.042767048,31.875002,11.775001,-30.225,0.46957302,0.23921004,0.2640597,0.80780137,-25.70531,-62.248432,17.301516,,,,,,,,2,2
0.420,416833882175319,-1.5581763,8.760273,4.264159,-0.020922117,0.16523892,0.10071632,-1.461793,8.70021,4.2825117,-0.09638327,0.060063362,-0.01835227,32.025,11.925,-29.1,0.46908042,0.24002978,0.2641258,0.80782443,-25.613853,-62.210365,17.47638,,,,,,,,2,2
0.440,416833902175319,-1.2587743,8.733503,4.5816574,-0.03558287,0.20105085,0.19173516,-1.4241548,8.704208,4.2870646,0.16538054,0.029295444,0.29459262,32.7,11.55,-30.375002,0.4685465,0.2406787,0.26529387,0.8075584,-25.780739,-62.184967,17.47509,,,,,,,,2,2
0.460,416833922175319,-1.0537393,8.73156,4.659274,0.02924515,0.124845475,0.18096867,-1.38166,8.715392,4.278242,0.32792068,0.01616764,0.38103223,31.425001,11.475,-28.35,0.46825647,0.2409467,0.2670463,0.807068,-26.123123,-62.1922,17.31335,,,,,,,,2,2
0.480,416833942175319,-0.96266246,8.573334,4.451697,0.10522145,-0.024205515,0.1359174,-1.3433038,8.734982,4.250415,0.38064134,-0.16164732,0.20128202,31.500002,11.025001,-27.45,0.4685534,0.24066763,0.26863155,0.8064523,-26.504608,-62.255672,17.042938,,,,,,,,2,2
0.500,416833962175319,-1.017847,8.49452,3.9598222,0.14637846,-0.10170898,0.107283115,-1.3140863,8.75377,4.2207904,0.29623938,-0.2592497,-0.2609681,32.025,11.25,-29.550001,0.46964014,0.2399818,0.2696862,0.80567175,-26.834879,-62.398464,16.731709,,,,,,,,2,2
0.520,416833982175319,-1.2610176,8.590832,3.6732817,0.101938054,-0.10163262,0.116064295,-1.2776085,8.765467,4.2076936,0.016591012,-0.17463493,-0.5344118,31.2,11.1,-27.900002,0.47110358,0.23922019,0.27030656,0.804835,-27.089602,-62.579033,16.446568,,,,,,,,2,2
0.540,416834002175319,-1.268196,8.800353,3.6987057,-9.926548E-4,-0.08796452,0.16707149,-1.2196709,8.769136,4.2172327,-0.048525095,0.031216621,-0.51852715,32.775,11.625,-30.6,0.4724652,0.23829454,0.27093276,0.8041004,-27.36739,-62.740658,16.12618,,,,,,,,2,2
0.560,416834022175319,-0.993171,9.065358,3.946961,-0.10338885,-0.10125083,0.23060143,-1.1438541,8.763843,4.2493587,0.15068316,0.30151558,-0.30239773,32.7,10.725,-29.250002,0.47350103,0.23691025,0.27193388,0.8035612,-27.781229,-62.850883,15.66721,,,,,,,,2,2
0.580,416834042175319,-0.4528417,8.965158,4.295864,-0.16966768,-0.09269872,0.24709478,-1.0800267,8.751814,4.2906513,0.62718505,0.21334457,0.005213022,31.2,10.950001,-27.6,0.4740835,0.23489055,0.27346495,0.8032886,-28.38325,-62.88838,15.017427,,,,,,,,2,2
0.600,416834062175319,-0.24317059,8.778667,4.7318068,-0.15141809,-0.055588692,0.16936225,-1.0416414,8.742052,4.3199425,0.79847074,0.03661585,0.41186428,32.625,10.8,-31.125002,0.47414875,0.23266543,0.27519763,0.8033037,-29.042337,-62.85175,14.317405,,,,,,,,2,2
0.620,416834082175319,-0.3859922,8.566605,4.8789654,-0.05245801,-0.05513054,0.062919065,-1.0340364,8.740191,4.32553,0.6480442,-0.17358732,0.5534353,33.375,10.650001,-32.4,0.47401378,0.2307123,0.27659234,0.8034683,-29.585604,-62.789997,13.730068,,,,,,,,2,2
0.640,416834102175319,-0.86979103,8.653344,4.6058846,0.027870703,-0.065973386,-0.021685697,-1.0353924,8.741662,4.322232,0.16560134,-0.08831787,0.28365278,31.275002,10.725,-29.775002,0.47392818,0.22922707,0.27730313,0.8037016,-29.919971,-62.738403,13.331547,,,,,,,,2,2
0.660,416834122175319,-1.1309078,8.791979,4.4171505,0.03153589,-0.022678353,-0.0023671002,-1.0272832,8.740106,4.327312,-0.10362464,0.05187273,0.089838505,32.4,11.025001,-30.750002,0.47392002,0.22878549,0.27740175,0.80380005,-29.994686,-62.72344,13.227751,,,,,,,,2,2
0.680,416834142175319,-1.0561321,8.763115,4.489982,-0.0072540184,0.016111556,0.057497643,-1.0148878,8.739141,4.3321805,-0.04124427,0.023973465,0.15780163,31.35,10.5,-28.275002,0.4737988,0.2285058,0.27754536,0.803903,-30.056128,-62.700092,13.156541,,,,,,,,2,2
0.700,416834162175319,-0.97073823,8.794071,4.537839,-0.0035888301,0.036575526,0.077121675,-1.0030221,8.741971,4.3292346,0.032283843,0.05210066,0.2086041,32.850002,10.5,-31.500002,0.4735392,0.22798169,0.27808338,0.80402064,-30.229614,-62.656208,12.988763,,,,,,,,2,2
0.720,416834182175319,-0.93185484,8.825626,4.4412284,0.024587303,0.03252855,0.06727147,-0.9922387,8.74757,4.320401,0.060383856,0.07805681,0.1208272,32.4,9.975,-30.375002,0.47356158,0.22745623,0.27883324,0.8038973,-30.459782,-62.652225,12.779197,,,,,,,,2,2
0.740,416834202175319,-0.89072824,8.830563,4.338187,0.046120286,0.011148281,0.045662135,-0.98792386,8.7554865,4.305328,0.097195625,0.0750761,0.032859564,32.25,10.425,-29.625002,0.47398484,0.22706307,0.27950394,0.80352646,-30.671234,-62.703938,12.587718,,,,,,,,2,2
0.760,416834222175319,-0.9471091,8.865707,4.161866,0.05513054,-0.0022907427,0.014889827,-0.99114543,8.762676,4.2899323,0.04403633,0.10303068,-0.12806606,33.0,11.1,-31.650002,0.4743153,0.22694775,0.27974215,0.80328125,-30.750298,-62.746708,12.51558,,,,,,,,2,2
0.780,416834242175319,-1.0612168,8.895468,4.033551,0.03596466,0.0039706207,-0.0029016074,-0.99520725,8.764852,4.284546,-0.06600958,0.13061619,-0.25099468,32.325,10.725,-28.650002,0.47435355,0.22695126,0.27975026,0.80325484,-30.753107,-62.751972,12.513299,,,,,,,,2,2
0.800,416834262175319,-1.108176,8.867052,4.0881376,-0.00878118,-5.3450663E-4,-0.0017562361,-0.9945148,8.76184,4.2908607,-0.11366111,0.10521269,-0.20272303,31.725,10.5,-29.1,0.4743764,0.22695808,0.27975133,0.803239,-30.753382,-62.755226,12.51342,11.0554692,76.92715876,360.2998,0.0,,6.078578,0.01,2,2
0.820,416834282175319,-1.0220344,8.81471,4.2198925,-0.049250968,-0.015347976,0.0012980875,-0.9925666,8.754373,4.306527,-0.029467821,0.060337067,-0.086634874,32.850002,10.5,-30.825,0.47442204,0.22697331,0.27975106,0.8032078,-30.7532,-62.761753,12.514315,11.0554692,76.92715876,360.2998,0.0,,6.078578,0.03,2,2
0.840,416834302175319,-0.93589276,8.749057,4.4021955,-0.0717766,-0.008170316,-0.0045814854,-0.98893577,8.744142,4.328093,0.053043008,0.0049152374,0.0741024,32.475002,10.575001,-30.000002,0.47524226,0.22704668,0.27986968,0.8026609,-30.801609,-62.873707,12.472407,11.0554692,76.92715876,360.2998,0.0,,6.078578,0.05,2,2
0.860,416834322175319,-0.86620176,8.660223,4.576722,-0.07422006,-0.015118903,-0.011071923,-0.98326296,8.734787,4.348227,0.11706117,-0.0745635,0.22849488,31.725,10.200001,-29.325,0.47528523,0.2268151,0.28003868,0.8026427,-30.868887,-62.87355,12.399639,11.0554692,76.92715876,360.2998,0.0,,6.078578,0.07,2,2
0.880,416834342175319,-0.79606223,8.62792,4.616951,-0.060093816,-0.021685697,-0.014966186,-0.97699213,8.727835,4.3635745,0.18092993,-0.09991455,0.25337672,31.500002,10.725,-29.1,0.47495255,0.22637983,0.28020006,0.8029064,-30.944384,-62.816525,12.305064,11.0554692,76.92715876,360.2998,0.0,,6.078578,0.09,2,2
0.900,416834362175319,-0.66625154,8.634351,4.660471,-0.030848667,-0.002519817,-0.026267182,-0.977609,8.725809,4.3674865,0.31135744,-0.09145832,0.29298425,31.95,10.725,-28.650002,0.4749331,0.2263579,0.28020754,0.8029215,-30.947935,-62.813282,12.300534,11.0554692,76.92715876,360.2998,0.0,,6.078578,0.11,2,2
0.920,416834382175319,-0.6279664,8.729166,4.5097227,0.0010690135,0.012751801,-0.06543888,-0.9942964,8.725587,4.364158,0.36633,0.0035796165,0.1455648,33.825,10.725,-33.9,0.47464234,0.22599354,0.280292,0.8031663,-30.999043,-62.763092,12.229104,11.0554692,76.92715876,360.2998,0.0,,6.078578,0.13,2,2
0.940,416834402175319,-0.83255273,8.795717,4.3899326,0.013897172,0.04428769,-0.104992375,-1.0187404,8.723942,4.3618126,0.18618768,0.07177544,0.028119802,32.550003,10.725,-30.975,0.4743495,0.22570604,0.28025988,0.80343163,-31.014751,-62.71378,12.189509,11.0554692,76.92715876,360.2998,0.0,,6.078578,0.15,2,2
0.960,416834422175319,-1.1276176,8.777472,4.3634615,0.00519235,0.028557926,-0.104686946,-1.0345509,8.722327,4.3613167,-0.09306675,0.05514431,0.002145052,31.575,10.8,-28.050001,0.47411916,0.22610848,0.27980664,0.8036124,-30.857132,-62.69153,12.344721,11.0554692,76.92715876,360.2998,0.0,,6.078578,0.17,2,2
0.980,416834442175319,-1.2480066,8.7243805,4.29078,-0.006185005,-0.034666575,-0.06574431,-1.0394188,8.722787,4.3592415,-0.20858777,0.0015940666,-0.06846166,31.725,10.8,-28.650002,0.47390416,0.2266987,0.2790755,0.80382675,-30.616112,-62.673595,12.574778,11.0554692,76.92715876,360.2998,0.0,,6.078578,0.19,2,2
1.000,416834462175319,-1.3344473,8.621788,4.0899324,-0.013515381,-0.097662,-0.015653409,-1.0343943,8.724797,4.3564134,-0.300053,-0.10300875,-0.26648116,31.050001,10.35,-28.125002,0.47385833,0.22703458,0.2782469,0.8040461,-30.389997,-62.666786,12.757348,11.0554692,76.92715876,360.2998,0.0,,6.078578,0.21,2,2
1.020,416834482175319,-1.5988542,8.501848,3.8907297,-0.024740022,-0.16730058,0.06154462,-1.000131,8.7297735,4.354443,-0.5987232,-0.22792482,-0.4637134,33.0,11.025001,-31.575,0.4740162,0.22684838,0.27748057,0.8042704,-30.247145,-62.66868,12.814608,11.0554692,76.92715876,360.2998,0.0,,6.078578,0.23,2,2
1.040,416834502175319,-1.8541384,8.458479,3.650849,-0.047647446,-0.32551455,0.20700678,-0.9227619,8.735373,4.3602953,-0.9313765,-0.2768941,-0.7094462,31.875002,11.025001,-30.750002,0.47450703,0.225599,0.27693683,0.8045184,-30.292128,-62.679436,12.607734,11.0554692,76.92715876,360.2998,0.0,,6.078578,0.25,2,2
1.060,416834522175319,-1.778615,8.484799,3.2555847,-0.14439315,-0.44700027,0.3940841,-0.82780576,8.7272415,4.395497,-0.9508092,-0.24244213,-1.1399121,31.575,10.650001,-29.1,0.4753195,0.22273405,0.27695027,0.80482584,-30.665052,-62.681786,11.978412,11.0554692,76.92715876,360.2998,0.0,,6.078578,0.27,2,2
1.080,416834542175319,-1.6395321,8.300702,3.3819556,-0.30161446,-0.29000804,0.5650499,-0.7257573,8.702777,4.46154,-0.91377485,-0.4020748,-1.0795845,31.575,10.650001,-30.825,0.47583222,0.21875025,0.27823365,0.8051618,-31.44087,-62.6194,10.965495,11.0554692,76.92715876,360.2998,0.0,,6.078578,0.29,2,2
1.100,416834562175319,-1.801646,8.094471,3.7162032,-0.4424951,-0.09071341,0.7571668,-0.58924645,8.663641,4.556807,-1.2123995,-0.5691705,-0.84060395,31.125002,9.975,-28.95,0.47548786,0.21433808,0.28141543,0.80542994,-32.645664,-62.446636,9.66507,11.0554692,76.92715876,360.2998,0.0,,6.078578,0.31,2,2
1.120,416834582175319,-1.7356937,7.936693,4.1548376,-0.55214536,-0.02191477,1.0026581,-0.37302524,8.613476,4.673251,-1.3626685,-0.67678237,-0.5184138,30.975,9.975,-29.475,0.47422943,0.20940621,0.28679302,0.8055423,-34.332375,-62.145412,8.043493,11.0554692,76.92715876,360.2998,0.0,,6.078578,0.33,2,2
1.140,416834602175319,-0.6527919,7.8501034,4.476672,-0.629038,-0.1379027,1.227838,-0.12038068,8.553077,4.795912,-0.5324113,-0.70297337,-0.31923962,31.2,9.75,-28.725,0.47234076,0.20314284,0.29422778,0.8055217,-36.543106,-61.70298,5.9746933,11.0554692,76.92715876,360.2998,0.0,,6.078578,0.35,2,2
1.160,416834622175319,0.40558344,8.254191,4.612016,-0.70203626,-0.20639592,1.2750274,0.09501444,8.477464,4.928893,0.310569,-0.22327232,-0.3168769,32.7,9.450001,-31.650002,0.470239,0.195115,0.30320597,0.80533546,-39.193764,-61.130352,3.458625,11.0554692,76.92715876,360.2998,0.0,,6.078578,0.37,2,2
1.180,416834642175319,0.98255277,8.595318,5.106433,-0.7688496,-0.026648974,1.1561378,0.25748676,8.39488,5.0626154,0.72506607,0.20043802,0.04381752,33.0,8.700001,-33.525,0.4675613,0.18657887,0.3130576,0.8051741,-41.950176,-60.430344,0.8956675,11.0554692,76.92715876,360.2998,0.0,,6.078578,0.39,2,2
1.200,416834662175319,1.5928721,8.264809,5.7480087,-0.7311287,0.17768528,0.93279046,0.36580598,8.320779,5.17699,1.227066,-0.055969715,0.5710187,32.025,8.55,-31.35,0.46392086,0.17891221,0.32306457,0.8049989,-44.464485,-59.5998,-1.326317,11.0554692,76.92715876,360.2998,0.0,,6.078578,0.41,2,2
1.220,416834682175319,1.6790137,8.275877,6.019893,-0.61552256,0.17188206,0.62315834,0.43226168,8.2612915,5.2663646,1.246752,0.014585018,0.7535286,31.875002,8.25,-29.7,0.45979893,0.17263258,0.33211768,0.8050408,-46.51844,-58.757793,-3.037281,11.0554692,76.92715876,360.2998,0.0,,6.078578,0.43,2,2
1.240,416834702175319,1.2556337,8.763115,6.0397835,-0.503658,0.07002037,0.36667156,0.48019573,8.20885,5.34365,0.77543795,0.554265,0.6961336,32.4,8.475,-29.550001,0.45575026,0.16752528,0.33938554,0.8054199,-48.04321,-57.978806,-4.274023,11.0554692,76.92715876,360.2998,0.0,,6.078578,0.45,2,2
1.260,416834722175319,1.1726327,8.826225,6.09437,-0.444175,0.017486002,0.2388481,0.51454914,8.160063,5.4147034,0.6580835,0.6661625,0.6796665,32.025,8.325001,-30.525002,0.45199135,0.16324073,0.3449159,0.8061103,-49.131424,-57.279606,-5.162599,11.0554692,76.92715876,360.2998,0.0,,6.078578,0.47,2,2
1.280,416834742175319,1.3202399,8.667551,6.0810595,-0.410272,0.035735585,0.16004656,0.52748877,8.113311,5.4832764,0.79275113,0.5542407,0.5977833,30.675001,8.775001,-26.775002,0.44847718,0.1596459,0.34914732,0.8070103,-49.90215,-56.65035,-5.795778,11.0554692,76.92715876,360.2998,0.0,,6.078578,0.49,2,2
1.300,416834762175319,1.4243276,8.473733,6.112316,-0.3884336,0.13530654,0.0891099,0.5132175,8.070541,5.5473733,0.91111016,0.40319157,0.5649426,31.275002,8.925,-27.150002,0.44501677,0.15690432,0.3525322,0.8080231,-50.43268,-56.077717,-6.194191,11.0554692,76.92715876,360.2998,0.0,,6.078578,0.51,2,2
1.320,416834782175319,1.3833506,8.282007,6.211618,-0.34735295,0.2581667,0.010155626,0.4702632,8.036837,5.599866,0.91308737,0.24517107,0.61175203,31.575,9.0,-27.45,0.4414259,0.15528075,0.35537282,0.8090849,-50.75978,-55.55476,-6.342162,11.0554692,76.92715876,360.2998,0.0,,6.078578,0.53,2,2
1.340,416834802175319,1.0876875,8.215906,6.3077793,-0.26786417,0.3638463,-0.06803506,0.41705894,8.014047,5.6366215,0.6706285,0.20185947,0.6711581,32.325,9.375,-28.650002,0.43772224,0.15497923,0.35777035,0.81011415,-50.901928,-55.095203,-6.231766,11.0554692,76.92715876,360.2998,0.0,,6.078578,0.55,2,2
1.360,416834822175319,0.7465607,8.066803,6.344719,-0.1689041,0.34605485,-0.11621702,0.36960527,8.00222,5.6567006,0.37695542,0.0645833,0.6880181,32.325,9.6,-27.000002,0.43414605,0.15581387,0.3596376,0.81106263,-50.884064,-54.717327,-5.9152226,11.0554692,76.92715876,360.2998,0.0,,6.078578,0.57,2,2
1.380,416834842175319,0.45747778,7.903194,6.1894846,-0.07773253,0.22808161,-0.1415679,0.334319,7.998846,5.6636624,0.12315878,-0.0956521,0.5258219,32.850002,9.75,-29.625002,0.43106392,0.15722655,0.36078972,0.8119317,-50.742424,-54.43344,-5.498829,11.0554692,76.92715876,360.2998,0.0,,6.078578,0.59,2,2
1.400,416834862175319,0.21595225,7.777272,6.051897,-0.006872228,0.09361502,-0.14294234,0.3117461,8.001828,5.660739,-0.09579384,-0.22455621,0.3911581,33.525,9.375,-30.750002,0.42871246,0.15873563,0.3611518,0.81273144,-50.513027,-54.243874,-5.070505,11.0554692,76.92715876,360.2998,0.0,,6.078578,0.61,2,2
1.420,416834882175319,0.095264256,7.6849985,5.879165,0.044440407,0.0029779659,-0.119958565,0.29364038,8.008876,5.6517315,-0.19837612,-0.32387733,0.22743368,34.050003,9.75,-31.575,0.42715323,0.16006365,0.36086097,0.8134294,-50.242,-54.138885,-4.688745,11.0554692,76.92715876,360.2998,0.0,,6.078578,0.63,2,2
1.440,416834902175319,0.047108695,7.679615,5.6505013,0.069791295,0.0027488912,-0.09025526,0.27379465,8.015484,5.643353,-0.22668596,-0.33586907,0.007148266,31.95,9.975,-27.300001,0.42625856,0.16131192,0.36018983,0.8139554,-49.961372,-54.10734,-4.349991,11.0554692,76.92715876,360.2998,0.0,,6.078578,0.65,2,2
1.460,416834922175319,-0.023629125,7.72463,5.6021957,0.06436987,0.07345648,-0.047036584,0.25914338,8.020176,5.637377,-0.2827725,-0.29554605,-0.035180807,31.650002,9.6,-26.250002,0.42572713,0.16270919,0.3595278,0.81425184,-49.703823,-54.12478,-4.026553,11.0554692,76.92715876,360.2998,0.0,,6.078578,0.67,2,2
1.480,416834942175319,0.031555347,7.819296,5.6961145,0.05199986,0.10063996,-0.0016035198,0.25342417,8.025859,5.6295424,-0.22186881,-0.20656323,0.06657195,32.775,9.825001,-28.95,0.42530406,0.16421904,0.35912976,0.8143477,-49.49815,-54.158764,-3.7225661,11.0554692,76.92715876,360.2998,0.0,,6.078578,0.69,2,2
1.500,416834962175319,0.1480559,7.9444704,5.721389,0.05925388,0.070631236,0.02275471,0.25450525,8.033959,5.6179276,-0.10644935,-0.08948922,0.10346103,32.775,9.6,-28.575,0.42501503,0.16567196,0.35894328,0.814288,-49.347008,-54.20384,-3.4603615,11.0554692,76.92715876,360.2998,0.0,,6.078578,0.71,2,2
1.520,416834982175319,0.18858433,8.053194,5.71077,0.077121675,0.019242238,0.025656318,0.26342845,8.04292,5.604679,-0.074844114,0.010273933,0.10609102,33.15,9.75,-29.1,0.42507485,0.16696662,0.35878083,0.81406516,-49.238438,-54.280617,-3.2574875,11.0554692,76.92715876,360.2998,0.0,,6.078578,0.73,2,2
1.540,416835002175319,0.2914757,8.112267,5.6113186,0.07887791,-0.02848157,0.033292126,0.27430153,8.051408,5.591957,0.017174177,0.060859203,0.019361496,32.325,9.75,-27.225,0.42559534,0.16785735,0.35861042,0.81368613,-49.19105,-54.389378,-3.158244,11.0554692,76.92715876,360.2998,0.0,,6.078578,0.75,2,2
1.560,416835022175319,0.4881358,8.136195,5.560471,0.07330377,-0.013515382,0.04123337,0.28152382,8.057469,5.582859,0.206612,0.078725815,-0.022387981,32.475002,9.825001,-27.375002,0.4264625,0.16826582,0.35859936,0.81315315,-49.23319,-54.512154,-3.1803043,11.0554692,76.92715876,360.2998,0.0,,6.078578,0.77,2,2
1.580,416835042175319,0.58953166,8.192726,5.6261244,0.053374305,0.0035888301,0.02351829,0.28109,8.061109,5.5776243,0.3084417,0.13161707,0.04850006,33.825,9.375,-30.150002,0.42695624,0.16834591,0.35865915,0.81285125,-49.279858,-54.57366,-3.222381,11.0554692,76.92715876,360.2998,0.0,,6.078578,0.79,2,2
1.600,416835062175319,0.62273204,8.177919,5.7215376,0.03604102,0.024510946,-0.01160643,0.2721093,8.064959,5.572502,0.35062277,0.11296129,0.14903569,33.300003,8.700001,-28.875002,0.42756337,0.16830549,0.35880858,0.81247425,-49.361053,-54.641518,-3.3027284,11.0554692,76.92715876,360.2998,0.0,,6.078578,0.81,2,2
1.620,416835082175319,0.53599226,8.139485,5.8271213,0.043371394,0.0448222,-0.044134974,0.26301837,8.071582,5.563342,0.2729739,0.06790352,0.26377916,32.4,9.225,-26.925001,0.42836672,0.1682628,0.35904083,0.8119578,-49.475025,-54.731766,-3.4113412,11.0554692,76.92715876,360.2998,0.0,,6.078578,0.83,2,2
1.640,416835102175319,0.5316553,8.060223,5.8323555,0.07116574,0.023671009,-0.059712026,0.2541462,8.08292,5.547269,0.2775091,-0.022696972,0.28508663,33.300003,9.225,-28.800001,0.42888606,0.16828538,0.3591216,0.81164396,-49.53242,-54.79309,-3.4674041,11.0554692,76.92715876,360.2998,0.0,,6.078578,0.85,2,2
1.660,416835122175319,0.48678985,8.046016,5.632555,0.10445787,-0.0013744456,-0.072845615,0.24049643,8.097391,5.5267353,0.24629343,-0.05137539,0.1058197,32.25,9.6,-26.325,0.42954466,0.168333,0.35898063,0.8113484,-49.557274,-54.872864,-3.5115972,11.0554692,76.92715876,360.2998,0.0,,6.078578,0.87,2,2
1.680,416835142175319,0.30119655,8.079964,5.4574304,0.118355036,0.031077743,-0.07528908,0.22310905,8.111658,5.5065055,0.078087494,-0.031694412,-0.049075127,33.15,9.450001,-29.025002,0.43044248,0.16883571,0.35854504,0.81096005,-49.51567,-55.006165,-3.4817321,11.0554692,76.92715876,360.2998,0.0,,6.078578,0.89,2,2
1.700,416835162175319,0.1849951,8.095817,5.385496,0.10972658,0.059788384,-0.058032148,0.2094857,8.124131,5.488625,-0.024490595,-0.02831459,-0.10312891,32.475002,9.225,-26.7,0.432202,0.17103714,0.35743177,0.810052,-49.302265,-55.333866,-3.2117894,11.0554692,76.92715876,360.2998,0.0,,6.078578,0.91,2,2
1.720,416835182175319,0.1311566,8.083404,5.3205905,0.09056069,0.050243624,-0.033368487,0.20159677,8.133955,5.474351,-0.07044017,-0.050551414,-0.15376043,32.475002,9.225,-26.7,0.432202,0.17103714,0.35743177,0.810052,-49.302265,-55.333866,-3.2117894,11.0554692,76.92715876,360.2998,0.0,,6.078578,0.93,2,2
1.740,416835202175319,0.08823533,8.069645,5.2286167,0.05871937,0.018631374,-0.012675443,0.1991461,8.13868,5.467413,-0.11091077,-0.06903601,-0.23879623,33.075,9.225,-28.500002,0.43262306,0.17164886,0.35716757,0.8098141,-49.245426,-55.416847,-3.1339245,11.0554692,76.92715876,360.2998,0.0,,6.078578,0.95,2,2
1.760,416835222175319,0.08150552,8.080263,5.2751274,0.020463968,-0.0054214243,0.005268708,0.20145087,8.138893,5.467011,-0.11994535,-0.058630466,-0.1918838,32.7,9.225,-28.275002,0.43265957,0.17170112,0.3571437,0.80979395,-49.24034,-55.424,-3.1271825,11.0554692,76.92715876,360.2998,0.0,,6.078578,0.97,2,2
1.780,416835242175319,0.12323037,8.105537,5.3629136,-0.009850194,-0.03077231,0.009392045,0.2016699,8.136375,5.4707503,-0.07843953,-0.03083849,-0.10783672,32.775,9.825001,-27.45,0.43270084,0.17175905,0.35711357,0.80977285,-49.234062,-55.43204,-3.1194084,11.0554692,76.92715876,360.2998,0.0,,6.078578,0.99,2,2
1.800,416835262175319,0.084346995,8.124979,5.4611692,-0.02351829,-0.029092433,0.0063377214,0.20182419,8.132879,5.4759407,-0.11747719,-0.007900238,-0.0147717,33.75,9.450001,-29.175001,0.4327396,0.171822,0.35707602,0.80975527,-49.225784,-55.44007,-3.1098557,11.05526852,76.92718553,416.37463,0.29,14.0,6.8757463,0.01,2,2
1.820,416835282175319,0.022432713,8.129765,5.5248775,-0.024510946,-0.02596175,0.021074833,0.21059963,8.128013,5.4828334,-0.18816692,0.0017518997,0.0420444,34.725002,9.3,-31.875002,0.43311828,0.17270616,0.3565174,0.8096097,-49.08901,-55.53369,-2.9555483,11.05526852,76.92718553,416.37463,0.29,14.0,6.8757463,0.03,2,2
1.840,416835302175319,0.05697909,8.096563,5.589484,-0.024587305,-0.052610725,0.050167266,0.23150678,8.122705,5.489849,-0.17452769,-0.026141644,0.099635124,33.675003,9.900001,-30.45,0.4334554,0.17374767,0.35579953,0.8095233,-48.906273,-55.63142,-2.7557712,11.05526852,76.92718553,416.37463,0.29,14.0,6.8757463,0.05,2,2
1.860,416835322175319,0.21849462,8.070542,5.636144,-0.018860448,-0.08139773,0.07544179,0.2577677,8.117966,5.4956875,-0.03927309,-0.047423363,0.14045668,31.875002,9.225,-26.175001,0.43351296,0.17392515,0.3555058,0.80958515,-48.841522,-55.64877,-2.7038584,11.05526852,76.92718553,416.37463,0.29,14.0,6.8757463,0.07,2,2
1.880,416835342175319,0.3952644,8.080113,5.7160044,-0.0032070398,-0.0810923,0.07719803,0.28045768,8.117266,5.4956098,0.11480671,-0.03715229,0.22039485,33.0,9.450001,-29.1,0.4335567,0.17337662,0.35557258,0.8096509,-48.89567,-55.62451,-2.7991364,11.05526852,76.92718553,416.37463,0.29,14.0,6.8757463,0.09,2,2
1.900,416835362175319,0.47587258,8.110173,5.663512,0.022831067,-0.05390881,0.061773695,0.29633778,8.119933,5.4908338,0.17953481,-0.009759903,0.17267847,32.475002,8.775001,-27.825,0.43374133,0.1724774,0.35585982,0.8096179,-49.02855,-55.597107,-2.9848206,11.05526852,76.92718553,416.37463,0.29,14.0,6.8757463,0.11,2,2
1.920,416835382175319,0.45209393,8.160722,5.573333,0.035735585,-0.021380264,0.0504727,0.31124255,8.122928,5.485578,0.14085138,0.037794113,0.08775449,33.45,9.0,-30.675001,0.4341509,0.17154872,0.35627252,0.8094139,-49.20696,-55.59374,-3.21036,11.05526852,76.92718553,416.37463,0.29,14.0,6.8757463,0.13,2,2
1.940,416835402175319,0.45912284,8.206036,5.550152,0.03245219,-0.009239329,0.054519676,0.32668555,8.126808,5.478927,0.1324373,0.07922745,0.07122493,32.100002,9.0,-26.625002,0.43475544,0.17072268,0.35675737,0.8090502,-49.409466,-55.618023,-3.4475067,11.05526852,76.92718553,416.37463,0.29,14.0,6.8757463,0.15,2,2
1.960,416835422175319,0.5241777,8.239236,5.4795637,0.028939717,-0.0016035198,0.052610725,0.3392659,8.129848,5.473653,0.18491179,0.10938835,0.0059108734,32.025,9.225,-26.775002,0.4351231,0.17034538,0.35702285,0.8088147,-49.518658,-55.63945,-3.5698266,11.05526852,76.92718553,416.37463,0.29,14.0,6.8757463,0.17,2,2
1.980,416835442175319,0.5403293,8.247461,5.456234,0.017715078,0.0034361142,0.037797254,0.3513512,8.130172,5.4724092,0.18897808,0.11728954,-0.016175508,31.725,9.0,-26.925001,0.4351636,0.17031454,0.35704952,0.8087876,-49.52947,-55.642387,-3.5814157,11.05526852,76.92718553,416.37463,0.29,14.0,6.8757463,0.19,2,2
2.000,416835462175319,0.5466105,8.217252,5.478368,-0.0013744456,-0.014126247,0.024052799,0.36185127,8.127512,5.4756737,0.18475917,0.0897398,0.0026938915,32.925003,8.775001,-30.000002,0.43521577,0.17027304,0.35708278,0.8087533,-49.543297,-55.646072,-3.596505,11.05526852,76.92718553,416.37463,0.29,14.0,6.8757463,0.21,2,2
2.020,416835482175319,0.57083774,8.15803,5.558228,-0.012064578,-0.005879573,0.017104212,0.37228003,8.124389,5.479608,0.19855773,0.03364134,0.07861996,33.075,8.775001,-28.500002,0.43527195,0.17021674,0.35712397,0.8087166,-49.56002,-55.649395,-3.6150804,11.05526852,76.92718553,416.37463,0.29,14.0,6.8757463,0.23,2,2
2.040,416835502175319,0.605085,8.109426,5.6276197,-0.002519817,-0.004199695,0.012828159,0.3834801,8.122896,5.481047,0.22160491,-0.01347065,0.14657259,32.475002,8.85,-27.900002,0.4353246,0.17014667,0.35717338,0.8086809,-49.578987,-55.65151,-3.636251,11.05526852,76.92718553,416.37463,0.29,14.0,6.8757463,0.25,2,2
2.060,416835522175319,0.602094,8.090282,5.6377892,0.014508037,-0.02802342,0.004276053,0.39691168,8.122773,5.4802737,0.20518231,-0.032490253,0.15751553,32.175003,9.0,-26.250002,0.43537608,0.17006285,0.35722718,0.80864674,-49.599632,-55.652725,-3.6598506,11.05526852,76.92718553,416.37463,0.29,14.0,6.8757463,0.27,2,2
2.080,416835542175319,0.6806085,8.051399,5.566902,0.021074831,-0.035353795,-0.0010690133,0.4050111,8.12282,5.479613,0.2755974,-0.07142067,0.087289095,31.575,8.475,-26.775002,0.43543163,0.16996305,0.357283,0.8086127,-49.622105,-55.653526,-3.6865177,11.05526852,76.92718553,416.37463,0.29,14.0,6.8757463,0.29,2,2
2.100,416835562175319,0.7043872,8.03779,5.541628,0.020005818,0.0067195124,-0.008628464,0.40743962,8.122997,5.479169,0.29694754,-0.085206985,0.062458754,33.15,8.775001,-28.875002,0.43549114,0.1698527,0.35734263,0.80857694,-49.646374,-55.654186,-3.7155943,11.05526852,76.92718553,416.37463,0.29,14.0,6.8757463,0.31,2,2
2.120,416835582175319,0.6726823,8.0614195,5.5654063,0.021456623,0.03405571,-0.017409645,0.40826097,8.124461,5.4769382,0.26442128,-0.06304169,0.088468075,32.175003,8.775001,-26.775002,0.4355504,0.16973878,0.35740784,0.8085395,-49.671955,-55.654583,-3.7457705,11.05526852,76.92718553,416.37463,0.29,14.0,6.8757463,0.33,2,2
2.140,416835602175319,0.6354439,8.092825,5.5283175,0.023518292,0.01359174,-0.033063054,0.40493834,8.127539,5.472617,0.23050562,-0.03471327,0.055700302,33.15,8.85,-28.500002,0.4356119,0.16962108,0.35747522,0.80850077,-49.69842,-55.655033,-3.7769785,11.05526852,76.92718553,416.37463,0.29,14.0,6.8757463,0.35,2,2
2.160,416835622175319,0.581755,8.136345,5.4536915,0.021914773,-0.0011453714,-0.057803072,0.39134783,8.130883,5.468636,0.19040716,0.005461693,-0.014944792,32.025,8.925,-27.075,0.4365719,0.16812868,0.3582292,0.807955,-50.030556,-55.68168,-4.1811314,11.05526852,76.92718553,416.37463,0.29,14.0,6.8757463,0.37,2,2
2.180,416835642175319,0.39137608,8.175377,5.432904,0.014889827,7.635809E-5,-0.08261946,0.37266755,8.133368,5.4662457,0.018708512,0.04200983,-0.033341885,33.0,9.225,-28.95,0.4378544,0.16658695,0.3588357,0.8073121,-50.367382,-55.74341,-4.611982,11.05526852,76.92718553,416.37463,0.29,14.0,6.8757463,0.39,2,2
2.200,416835662175319,0.1855933,8.151749,5.4136114,0.005803215,-0.0074830926,-0.080099635,0.3583711,8.132154,5.469006,-0.1727778,0.019594193,-0.05539441,33.825,8.475,-30.45,0.4385308,0.16617008,0.3587113,0.80709004,-50.432137,-55.800133,-4.733549,11.05526852,76.92718553,416.37463,0.29,14.0,6.8757463,0.41,2,2
2.220,416835682175319,0.08315059,8.07458,5.468647,-0.010995565,-0.022067487,-0.04520399,0.3566245,8.126327,5.4777746,-0.27347392,-0.05174637,-0.009127855,33.675003,9.075001,-31.2,0.43854195,0.16617343,0.3586918,0.807092,-50.429096,-55.80173,-4.7321935,11.05526852,76.92718553,416.37463,0.29,14.0,6.8757463,0.43,2,2
2.240,416835702175319,0.1378864,8.021191,5.600252,-0.02680169,-0.045051273,0.004276053,0.36092305,8.121804,5.484197,-0.22303665,-0.10061407,0.11605477,31.575,9.0,-26.400002,0.43851838,0.16623382,0.3583164,0.80726045,-50.34909,-55.804596,-4.6814175,11.05526852,76.92718553,416.37463,0.29,14.0,6.8757463,0.45,2,2
2.260,416835722175319,0.18140587,8.027022,5.6300125,-0.009773836,-0.03039052,0.04314232,0.36607078,8.121405,5.484448,-0.1846649,-0.094382286,0.14556456,32.925003,8.325001,-28.725,0.4384358,0.16624825,0.35803342,0.80742896,-50.285,-55.79753,-4.641012,11.05526852,76.92718553,416.37463,0.29,14.0,6.8757463,0.47,2,2
2.280,416835742175319,0.16360924,8.059326,5.6337514,0.026725331,2.2907427E-4,0.07391463,0.38036773,8.126084,5.476539,-0.21675849,-0.06675863,0.15721226,31.425001,8.55,-27.225,0.43819383,0.16634524,0.35781685,0.80763793,-50.21413,-55.776115,-4.578222,11.05526852,76.92718553,416.37463,0.29,14.0,6.8757463,0.49,2,2
2.300,416835762175319,0.19516459,8.108378,5.523382,0.056123197,-0.026725333,0.10774127,0.4025548,8.135215,5.461375,-0.20739022,-0.026836395,0.06200719,32.7,9.375,-28.95,0.43817928,0.16646701,0.35784712,0.80760837,-50.210697,-55.780983,-4.561334,11.05526852,76.92718553,416.37463,0.29,14.0,6.8757463,0.51,2,2
2.320,416835782175319,0.23539393,8.205887,5.4927244,0.088193595,-0.05627591,0.13278672,0.4323747,8.1473055,5.441035,-0.19698076,0.058580875,0.051689625,32.775,8.925,-29.85,0.4385691,0.16654164,0.3580066,0.80731094,-50.272343,-55.82944,-4.6076946,11.05526852,76.92718553,416.37463,0.29,14.0,6.8757463,0.53,2,2
2.340,416835802175319,0.34830523,8.288588,5.452944,0.10735948,-0.096669346,0.13545924,0.46524155,8.161022,5.417717,-0.11693631,0.12756586,0.035226583,33.375,8.700001,-29.925001,0.43944445,0.1664404,0.3581859,0.8067756,-50.39405,-55.924435,-4.734542,11.05526852,76.92718553,416.37463,0.29,14.0,6.8757463,0.55,2,2
2.360,416835822175319,0.53988063,8.302197,5.3309097,0.11003201,-0.09644027,0.12087486,0.49112532,8.172121,5.3986683,0.048755303,0.13007641,-0.06775856,31.650002,8.25,-26.925001,0.4407867,0.1660453,0.3584073,0.80602455,-50.587658,-56.057003,-4.9613233,11.05526852,76.92718553,416.37463,0.29,14.0,6.8757463,0.57,2,2
2.380,416835842175319,0.6566802,8.303843,5.1852465,0.06719512,-0.07261655,0.07490729,0.50146556,8.173915,5.3950005,0.1552147,0.12992764,-0.20975375,32.625,8.400001,-27.975,0.44225395,0.16548309,0.3586308,0.8052354,-50.806538,-56.19457,-5.2290506,11.05526852,76.92718553,416.37463,0.29,14.0,6.8757463,0.59,2,2
2.400,416835862175319,0.61151576,8.290533,5.2667522,-0.010155627,-0.038713552,0.014889827,0.49796793,8.167215,5.405462,0.11354783,0.12331724,-0.13870955,33.9,8.475,-30.225,0.44292027,0.16519491,0.35870847,0.80489355,-50.90418,-56.255295,-5.353776,11.05526852,76.92718553,416.37463,0.29,14.0,6.8757463,0.61,2,2
2.420,416835882175319,0.4482056,8.212168,5.5238314,-0.05123628,-0.015882483,-0.020234894,0.49368206,8.159596,5.417348,-0.04547645,0.05257082,0.10648322,32.775,8.775001,-28.125002,0.44353762,0.16479194,0.35868716,0.804647,-50.9857,-56.30474,-5.48042,11.05526852,76.92718553,416.37463,0.29,14.0,6.8757463,0.63,2,2
2.440,416835902175319,0.32213375,8.1659565,5.658876,-0.038713552,-0.027412554,-0.0073303767,0.49876344,8.15619,5.4220095,-0.17662969,0.009766102,0.23686647,31.800001,9.0,-27.225,0.44357327,0.16465853,0.35862616,0.8046827,-50.985966,-56.301964,-5.498106,11.05526852,76.92718553,416.37463,0.29,14.0,6.8757463,0.65,2,2
2.460,416835922175319,0.39152563,8.103294,5.6383877,0.0059559313,-0.040240712,0.027030766,0.51136565,8.159049,5.4165325,-0.11984004,-0.05575514,0.22185493,32.7,8.55,-29.775002,0.44343236,0.16446234,0.3585565,0.8048319,-50.971897,-56.275333,-5.50502,11.05526852,76.92718553,416.37463,0.29,14.0,6.8757463,0.67,2,2
2.480,416835942175319,0.49920264,8.044222,5.4801617,0.050549056,-0.045433063,0.048258312,0.5248842,8.166737,5.403636,-0.025681585,-0.1225152,0.07652593,33.600002,8.325001,-30.075,0.44328567,0.16404401,0.35852674,0.805012,-50.98013,-56.235497,-5.5492625,11.05526852,76.92718553,416.37463,0.29,14.0,6.8757463,0.69,2,2
2.500,416835962175319,0.522084,8.033005,5.2591248,0.06742419,-0.04276053,0.052228935,0.53705806,8.175829,5.3886724,-0.014974058,-0.14282417,-0.12954736,33.15,8.25,-29.475,0.44366816,0.16369599,0.35853413,0.80486906,-51.04137,-56.260433,-5.6449256,11.05526852,76.92718553,416.37463,0.29,14.0,6.8757463,0.71,2,2
2.520,416835982175319,0.5116154,8.078768,5.092824,0.05581776,-0.023747366,0.060704682,0.5519191,8.181102,5.3791575,-0.040303707,-0.1023345,-0.2863338,31.95,8.400001,-27.525002,0.44438624,0.16350196,0.3585736,0.8044945,-51.131023,-56.33238,-5.7578874,11.05526852,76.92718553,416.37463,0.29,14.0,6.8757463,0.73,2,2
2.540,416836002175319,0.54780686,8.119744,5.077869,0.018173225,-0.027259838,0.07040216,0.57092494,8.181249,5.37695,-0.023118109,-0.061504364,-0.29908085,32.775,7.9500003,-29.325,0.4451867,0.16331595,0.35870883,0.804029,-51.2477,-56.41352,-5.889498,11.05526852,76.92718553,416.37463,0.29,14.0,6.8757463,0.75,2,2
2.560,416836022175319,0.60149574,8.102396,5.1360445,-0.018096868,-0.05711585,0.06895135,0.5906924,8.178426,5.3791094,0.010803372,-0.0760293,-0.24306512,31.725,8.475,-26.7,0.44595873,0.16293003,0.35890517,0.8035915,-51.38792,-56.479687,-6.055461,11.05526852,76.92718553,416.37463,0.29,14.0,6.8757463,0.77,2,2
2.580,416836042175319,0.5694918,8.142178,5.230262,-0.037339106,-0.08834632,0.06475166,0.6148814,8.17437,5.3825645,-0.045389593,-0.03219223,-0.15230298,32.025,7.9500003,-27.525002,0.44665316,0.16234773,0.35904533,0.8032609,-51.52315,-56.52623,-6.237086,11.05526852,76.92718553,416.37463,0.29,14.0,6.8757463,0.79,2,2
2.600,416836062175319,0.587438,8.182406,5.2716875,-0.045738496,-0.11163553,0.07811432,0.6447761,8.167311,5.389775,-0.05733815,0.015095711,-0.11808753,33.0,8.175,-30.075,0.447283,0.1615927,0.35910878,0.8030342,-51.648746,-56.5561,-6.4298186,11.05526852,76.92718553,416.37463,0.29,14.0,6.8757463,0.81,2,2
2.620,416836082175319,0.69705915,8.098957,5.3223853,-0.056504987,-0.11888954,0.09086613,0.6726967,8.158817,5.3992186,0.024362415,-0.05986023,-0.07683325,30.975,7.9500003,-26.85,0.4478022,0.16028048,0.35937572,0.80288744,-51.841553,-56.54004,-6.716491,11.05526852,76.92718553,416.37463,0.29,14.0,6.8757463,0.83,2,2
2.640,416836102175319,0.68359953,8.125577,5.3814583,-0.066736974,-0.123012885,0.08559742,0.6994754,8.149579,5.409757,-0.015875876,-0.024002075,-0.028298855,32.850002,7.5750003,-29.775002,0.44799486,0.15866391,0.35973695,0.8029381,-52.04044,-56.468143,-7.02152,11.05526852,76.92718553,416.37463,0.29,14.0,6.8757463,0.85,2,2
2.660,416836122175319,0.663111,8.166105,5.461767,-0.06856957,-0.12728894,0.086590074,0.7306384,8.140169,5.4197955,-0.06752741,0.025936604,0.041971922,32.550003,8.175,-31.275002,0.4478819,0.15711966,0.36000705,0.80318344,-52.184788,-56.36582,-7.2698135,11.05526852,76.92718553,416.37463,0.29,14.0,6.8757463,0.87,2,2
2.680,416836142175319,0.7978568,8.08131,5.4577293,-0.06299542,-0.14133883,0.081321366,0.7583268,8.130777,5.430083,0.03952998,-0.049467564,0.02764678,33.075,8.25,-31.575,0.44771346,0.1553287,0.3603261,0.8034816,-52.34837,-56.242516,-7.552877,11.05526852,76.92718553,416.37463,0.29,14.0,6.8757463,0.89,2,2
2.700,416836162175319,0.8083254,8.049306,5.481807,-0.061697334,-0.1510363,0.057115853,0.77839667,8.122767,5.4392214,0.029928744,-0.07346153,0.04258585,32.4,7.9500003,-29.400002,0.4475378,0.1533709,0.3605886,0.8038366,-52.509537,-56.109234,-7.852723,11.05526852,76.92718553,416.37463,0.29,14.0,6.8757463,0.91,2,2
2.720,416836182175319,0.70199436,8.123632,5.5253267,-0.056046836,-0.14095703,0.044974916,0.7985743,8.116299,5.445949,-0.09657997,0.0073337555,0.07937765,30.750002,7.9500003,-28.425001,0.44727057,0.15165822,0.36062545,0.8042939,-52.59985,-55.981567,-8.080474,11.05526852,76.92718553,416.37463,0.29,14.0,6.8757463,0.93,2,2
2.740,416836202175319,0.7142576,8.151599,5.477021,-0.050396338,-0.114995286,0.06429351,0.821342,8.108544,5.4541078,-0.10708442,0.04305458,0.022913694,31.35,7.9500003,-27.675001,0.44704983,0.15034622,0.36050868,0.80471617,-52.638317,-55.883484,-8.237375,11.05526852,76.92718553,416.37463,0.29,14.0,6.8757463,0.95,2,2
2.760,416836222175319,0.8545368,8.049306,5.4689455,-0.05123628,-0.088957176,0.0717766,0.83940625,8.101979,5.4611077,0.01513055,-0.05267334,0.007838011,31.35,8.175,-28.575,0.4468403,0.14892296,0.36062747,0.8050443,-52.730846,-55.777916,-8.43605,11.05526852,76.92718553,416.37463,0.29,14.0,6.8757463,0.97,2,2
2.780,416836242175319,0.79800636,8.12797,5.4786663,-0.052228935,-0.09598212,0.05505418,0.8593287,8.096998,5.465397,-0.06132233,0.030971527,0.013269663,31.275002,7.9500003,-28.500002,0.44667432,0.14777195,0.3606605,0.80533445,-52.7932,-55.693607,-8.590102,,,,,,,,2,2
2.800,416836262175319,0.78843504,8.196315,5.456383,-0.04917461,-0.12087485,0.056504987,0.8857191,8.09108,5.469948,-0.09728408,0.1052351,-0.013564587,30.375002,7.5750003,-27.000002,0.4467034,0.1467952,0.3605395,0.80555195,-52.834003,-55.64293,-8.724941,11.05529728,76.92716191,406.136,0.0,,4.0379243,0.01,2,2
2.820,416836282175319,0.9173484,8.092077,5.354389,-0.05963567,-0.13660462,0.06162098,0.9061489,8.084543,5.476262,0.011199474,0.007534504,-0.12187266,32.4,7.8750005,-31.575,0.44699353,0.14559425,0.36042798,0.8056589,-52.91721,-55.60889,-8.923966,11.05529728,76.92716191,406.136,0.0,,4.0379243,0.03,2,2
2.840,416836302175319,0.9071789,8.123184,5.3243294,-0.07658717,-0.10987929,0.049861833,0.92183304,8.076612,5.485339,-0.01465416,0.04657173,-0.16100979,31.2,8.1,-29.550001,0.44734973,0.14429455,0.36034894,0.80573016,-53.01959,-55.576237,-9.1483965,11.05529728,76.92716191,406.136,0.0,,4.0379243,0.05,2,2
2.860,416836322175319,0.84750783,8.225178,5.3479586,-0.098120145,-0.0807105,0.057879433,0.9395045,8.065592,5.498542,-0.09199664,0.15958643,-0.15058327,30.45,7.425,-28.425001,0.4475771,0.14316809,0.36029017,0.8058314,-53.101757,-55.538586,-9.334212,11.05529728,76.92716191,406.136,0.0,,4.0379243,0.07,2,2
2.880,416836342175319,0.8708379,8.2224865,5.3910294,-0.12011127,-0.07880155,0.070631236,0.96001047,8.0519705,5.5149393,-0.08917257,0.17051601,-0.12390995,31.95,8.175,-31.800001,0.44763693,0.1421198,0.3603153,0.80597275,-53.177933,-55.485435,-9.49728,11.05529728,76.92716191,406.136,0.0,,4.0379243,0.09,2,2
2.900,416836362175319,0.9800104,8.144569,5.366952,-0.14141518,-0.08506291,0.06375901,0.9749114,8.034698,5.537468,0.0050990283,0.10987234,-0.17051625,31.875002,8.25,-31.500002,0.44759113,0.14094903,0.36043677,0.8061494,-53.269188,-55.412186,-9.675325,11.05529728,76.92716191,406.136,0.0,,4.0379243,0.11,2,2
2.920,416836382175319,0.9877871,8.1659565,5.4266224,-0.17592904,-0.06895135,0.04276053,0.98681223,8.010588,5.5701942,9.7486377E-4,0.15536833,-0.14357162,30.150002,8.400001,-28.875002,0.4473483,0.13972822,0.36058483,0.80643034,-53.34781,-55.313503,-9.839709,11.05529728,76.92716191,406.136,0.0,,4.0379243,0.13,2,2
2.940,416836402175319,0.9683454,8.041978,5.6463137,-0.20158535,-0.061315548,0.03642281,0.996352,7.9860272,5.603663,-0.028006613,0.05595064,0.0426507,30.300001,8.025001,-29.1,0.44649118,0.13844225,0.3608058,0.80702686,-53.380363,-55.14112,-9.94819,11.05529728,76.92716191,406.136,0.0,,4.0379243,0.15,2,2
2.960,416836422175319,0.9182457,7.989934,5.8188963,-0.184023,-0.06360629,0.033826634,1.0108768,7.966698,5.62852,-0.09263107,0.02323556,0.19037604,31.125002,7.8,-29.550001,0.44521686,0.13711205,0.3610648,0.80784017,-53.37963,-54.91904,-10.0176935,11.05529728,76.92716191,406.136,0.0,,4.0379243,0.17,2,2
2.980,416836442175319,0.9548858,8.001748,5.768796,-0.14645481,-0.07261655,0.05322159,1.0286962,7.9476023,5.6522384,-0.0738104,0.05414605,0.11655784,31.575,8.475,-30.975,0.44385058,0.13579562,0.36134115,0.8086891,-53.37205,-54.68749,-10.076161,11.05529728,76.92716191,406.136,0.0,,4.0379243,0.19,2,2
3.000,416836462175319,1.054487,7.9109707,5.7785172,-0.13515382,-0.06803505,0.05833758,1.0449,7.9289827,5.675367,0.0095870495,-0.018012047,0.10315037,31.35,8.625,-31.95,0.4425285,0.13437927,0.36171633,0.8094814,-53.39379,-54.454243,-10.163687,11.05529728,76.92716191,406.136,0.0,,4.0379243,0.21,2,2
3.020,416836482175319,1.1268699,7.810771,5.8117175,-0.12209658,-0.05963567,0.040927935,1.0558597,7.913179,5.695362,0.07101023,-0.102407694,0.11635542,32.175003,8.400001,-32.775,0.44128582,0.1328967,0.36214474,0.81021225,-53.437237,-54.225693,-10.274553,11.05529728,76.92716191,406.136,0.0,,4.0379243,0.23,2,2
3.040,416836502175319,1.105484,7.7668033,5.7809095,-0.105297804,-0.046960227,0.02283107,1.0625364,7.897533,5.7158,0.04294771,-0.13072968,0.06510997,31.875002,8.55,-32.325,0.44011363,0.13149221,0.36254632,0.8108993,-53.477627,-54.01001,-10.379172,11.05529728,76.92716191,406.136,0.0,,4.0379243,0.25,2,2
3.060,416836522175319,1.0150055,7.7684484,5.802894,-0.106824964,-0.03466657,0.025732677,1.0732205,7.8791,5.739195,-0.058215022,-0.11065149,0.063699245,30.075,8.475,-28.575,0.4389212,0.1303033,0.36288613,0.8115859,-53.49158,-53.80531,-10.444544,11.05529728,76.92716191,406.136,0.0,,4.0379243,0.27,2,2
3.080,416836542175319,1.05015,7.7551384,5.8760247,-0.1184314,-0.026572615,0.052228935,1.0913324,7.8564157,5.766812,-0.0411824,-0.10127759,0.109212875,30.375002,8.55,-28.725,0.4376723,0.12922058,0.36329013,0.8122529,-53.505836,-53.59966,-10.494398,11.05529728,76.92716191,406.136,0.0,,4.0379243,0.29,2,2
3.100,416836562175319,1.1973085,7.7150583,6.0110693,-0.13003781,-0.024892738,0.07391463,1.1141856,7.831259,5.7965813,0.08312303,-0.11620045,0.21448827,29.925001,8.700001,-28.275002,0.43639988,0.12803182,0.36388162,0.8128606,-53.55872,-53.383083,-10.573922,11.05529728,76.92716191,406.136,0.0,,4.0379243,0.31,2,2
3.120,416836582175319,1.3444672,7.700851,6.1604714,-0.13041961,-0.024816379,0.079717845,1.137645,7.808166,5.823117,0.20682222,-0.10731506,0.33735466,29.85,8.325001,-28.575,0.43513665,0.12671308,0.36463347,0.8134068,-53.649155,-53.158173,-10.687019,11.05529728,76.92716191,406.136,0.0,,4.0379243,0.33,2,2
3.140,416836602175319,1.432553,7.6929245,6.2494545,-0.103847004,-0.02000582,0.07483093,1.1599993,7.7913017,5.841268,0.2725538,-0.09837699,0.40818644,31.2,8.700001,-30.525002,0.4339572,0.12535328,0.36546817,0.8138727,-53.76457,-52.939262,-10.821867,11.05529728,76.92716191,406.136,0.0,,4.0379243,0.35,2,2
3.160,416836622175319,1.5085251,7.7071323,6.216703,-0.060551964,-0.006719512,0.06643154,1.180013,7.7800493,5.852247,0.3285122,-0.07291722,0.3644557,30.975,8.325001,-30.525002,0.43297577,0.12406767,0.36633062,0.81420517,-53.899246,-52.746193,-10.969848,11.05529728,76.92716191,406.136,0.0,,4.0379243,0.37,2,2
3.180,416836642175319,1.5240785,7.757531,6.1488066,-0.03077231,0.004886918,0.06162098,1.1978922,7.7726483,5.8584447,0.3261863,-0.015117407,0.29036164,31.050001,8.700001,-30.075,0.4322447,0.12290253,0.36720473,0.8143774,-54.052734,-52.587437,-11.12893,11.05529728,76.92716191,406.136,0.0,,4.0379243,0.39,2,2
3.200,416836662175319,1.5089738,7.827072,6.11426,-0.012446368,0.012064578,0.06162098,1.2164872,7.7687225,5.8598213,0.29248667,0.058349848,0.25443888,30.825,8.475,-29.85,0.43174908,0.12185092,0.3680929,0.8143983,-54.22453,-52.460766,-11.298786,11.05529728,76.92716191,406.136,0.0,,4.0379243,0.41,2,2
3.220,416836682175319,1.5390337,7.8821073,6.0530934,0.002672533,0.008857539,0.061773695,1.2349982,7.766202,5.8592896,0.30403543,0.115905285,0.19380379,29.775002,8.775001,-27.6,0.4317383,0.121806964,0.3681327,0.8143926,-54.23315,-52.45653,-11.307219,11.05529728,76.92716191,406.136,0.0,,4.0379243,0.43,2,2
3.240,416836702175319,1.5873387,7.8698444,5.996413,0.0068722283,0.004657843,0.05077813,1.2484745,7.763349,5.8602147,0.33886427,0.10649514,0.13619876,30.975,8.55,-31.35,0.43173367,0.12174697,0.36818734,0.81437933,-54.245937,-52.45184,-11.319872,11.05529728,76.92716191,406.136,0.0,,4.0379243,0.45,2,2
3.260,416836722175319,1.5903298,7.8405323,5.992226,7.635809E-5,0.0066431537,0.02199113,1.253193,7.760358,5.8631673,0.33713675,0.08017421,0.12905884,30.225,8.55,-28.650002,0.43173358,0.12167285,0.3682526,0.81436074,-54.26186,-52.446674,-11.3359375,11.05529728,76.92716191,406.136,0.0,,4.0379243,0.47,2,2
3.280,416836742175319,1.532902,7.7647095,6.049654,0.004886918,0.017104212,-0.013439024,1.2495081,7.761111,5.8629584,0.28339386,0.00359869,0.18669558,29.85,8.400001,-28.650002,0.43173254,0.12158952,0.3683238,0.8143413,-54.279266,-52.440796,-11.353693,11.05529728,76.92716191,406.136,0.0,,4.0379243,0.49,2,2
3.300,416836762175319,1.4333007,7.735846,6.031558,0.028176134,0.023823723,-0.0424551,1.2401876,7.768274,5.855446,0.19311315,-0.032427788,0.17611217,31.125002,8.1,-30.6,0.43167716,0.12047462,0.3692526,0.8141133,-54.503437,-52.357742,-11.584038,11.05529728,76.92716191,406.136,0.0,,4.0379243,0.51,2,2
3.320,416836782175319,1.3416257,7.7775707,5.941079,0.06345357,0.039095342,-0.05009091,1.2292602,7.780937,5.8409176,0.112365544,-0.003366232,0.10016179,31.575,8.775001,-32.25,0.43170872,0.119123936,0.3704161,0.81376755,-54.790848,-52.267075,-11.876437,11.05529728,76.92716191,406.136,0.0,,4.0379243,0.53,2,2
3.340,416836802175319,1.299901,7.8167534,5.739933,0.082008585,0.052916154,-0.045814857,1.2137003,7.7960296,5.824023,0.086200655,0.02072382,-0.084089994,30.000002,8.55,-28.800001,0.4321329,0.118724614,0.3709552,0.81335753,-54.952225,-52.28282,-12.026891,11.05529728,76.92716191,406.136,0.0,,4.0379243,0.55,2,2
3.360,416836822175319,1.2254243,7.8767233,5.580212,0.07696895,0.07658716,-0.04634936,1.1952884,7.8092213,5.8101406,0.03013587,0.06750226,-0.2299285,30.150002,8.625,-28.425001,0.43273634,0.119070664,0.37112167,0.8129115,-55.02429,-52.36644,-12.062914,11.05529728,76.92716191,406.136,0.0,,4.0379243,0.57,2,2
3.380,416836842175319,1.1585748,7.8957167,5.5168023,0.050625414,0.07605266,-0.055283256,1.1757793,7.818103,5.8021727,-0.017204583,0.07761383,-0.28537035,30.375002,8.400001,-29.175001,0.4333353,0.119867794,0.37106374,0.812502,-55.031216,-52.47887,-12.016885,11.05529728,76.92716191,406.136,0.0,,4.0379243,0.59,2,2
3.400,416836862175319,1.077518,7.906933,5.5311594,0.012293653,0.047571093,-0.069867656,1.1537459,7.823299,5.7995915,-0.0762279,0.08363414,-0.26843238,32.025,8.1,-30.750002,0.4338086,0.12083959,0.37078586,0.81223243,-54.975864,-52.590893,-11.912685,11.05529728,76.92716191,406.136,0.0,,4.0379243,0.61,2,2
3.420,416836882175319,0.95967144,7.9187474,5.6114683,-0.012522727,0.028939717,-0.07780889,1.1323375,7.826502,5.799488,-0.17266601,0.09224558,-0.18801999,30.675001,8.625,-30.750002,0.43407714,0.121873684,0.37029052,0.8121605,-54.856354,-52.68719,-11.756481,11.05529728,76.92716191,406.136,0.0,,4.0379243,0.63,2,2
3.440,416836902175319,0.914806,7.8797145,5.630461,-0.020922117,0.029397866,-0.069027714,1.1101758,7.828394,5.80122,-0.19536984,0.051320553,-0.17075872,30.6,8.400001,-27.900002,0.4341516,0.122938454,0.3696778,0.8122392,-54.69369,-52.76545,-11.56269,11.05529728,76.92716191,406.136,0.0,,4.0379243,0.65,2,2
3.460,416836922175319,0.86754775,7.899605,5.675177,-0.027412554,0.034972005,-0.06314814,1.0886924,7.8300076,5.8031116,-0.22114468,0.069597244,-0.12793446,31.35,8.700001,-30.300001,0.43405828,0.12402979,0.36903554,0.81241506,-54.50699,-52.826904,-11.342897,11.05529728,76.92716191,406.136,0.0,,4.0379243,0.67,2,2
3.480,416836942175319,0.7992028,7.988139,5.683552,-0.03688096,0.027412554,-0.052687082,1.0714754,7.8290114,5.807659,-0.27227262,0.15912771,-0.12410736,31.35,8.325001,-29.925001,0.43385032,0.12509103,0.36840048,0.8126516,-54.311523,-52.873558,-11.114459,11.05529728,76.92716191,406.136,0.0,,4.0379243,0.69,2,2
3.500,416836962175319,0.8362915,7.9887376,5.714061,-0.05070177,0.030619593,-0.0344375,1.0557963,7.8259683,5.814628,-0.21950477,0.16276932,-0.10056758,30.750002,9.0,-28.425001,0.4335543,0.12607393,0.367841,0.8129112,-54.1254,-52.90462,-10.893532,11.05529728,76.92716191,406.136,0.0,,4.0379243,0.71,2,2
3.520,416836982175319,0.8591729,8.002945,5.7689457,-0.060857397,0.036651883,-0.027412554,1.0388769,7.821094,5.824226,-0.17970401,0.18185067,-0.05527997,31.275002,8.625,-31.125002,0.4331563,0.12700298,0.36737803,0.8131882,-53.950043,-52.919716,-10.677319,11.05529728,76.92716191,406.136,0.0,,4.0379243,0.73,2,2
3.540,416837002175319,0.85902333,8.002945,5.8266726,-0.071242094,0.040011637,-0.03558287,1.0158402,7.8151875,5.836207,-0.15681684,0.18775749,-0.009534359,30.825,8.475,-27.975,0.43263525,0.12791294,0.36696053,0.81351155,-53.772274,-52.91915,-10.454189,11.05529728,76.92716191,406.136,0.0,,4.0379243,0.75,2,2
3.560,416837022175319,0.7736295,8.002795,5.916852,-0.07254019,0.061773695,-0.043753184,0.99048436,7.810355,5.847023,-0.21685487,0.19244003,0.069829226,30.6,8.85,-28.2,0.43191242,0.12889199,0.36657345,0.81391513,-53.577168,-52.899334,-10.202022,11.05529728,76.92716191,406.136,0.0,,4.0379243,0.77,2,2
3.580,416837042175319,0.71814585,8.010871,5.9611197,-0.059788384,0.077427104,-0.039782565,0.96862024,7.804459,5.8585486,-0.25047436,0.20641208,0.10257077,31.500002,9.3,-29.625002,0.43104294,0.12998652,0.36624438,0.81434953,-53.372913,-52.86857,-9.923278,11.05529728,76.92716191,406.136,0.0,,4.0379243,0.79,2,2
3.600,416837062175319,0.7377372,7.963314,5.9854965,-0.060322892,0.06780599,-0.03436114,0.95094407,7.7936287,5.875836,-0.21320692,0.16968536,0.10966039,31.2,9.3,-28.800001,0.43008694,0.13110973,0.36596757,0.8147987,-53.169254,-52.82867,-9.6364155,11.05529728,76.92716191,406.136,0.0,,4.0379243,0.81,2,2
3.620,416837082175319,0.7800602,7.7941713,6.1052866,-0.06994401,0.048029236,-0.03672824,0.93398553,7.7815347,5.8945556,-0.15392533,0.012636423,0.21073127,32.025,9.150001,-30.900002,0.42897418,0.13202243,0.3657663,0.81532794,-52.977524,-52.75814,-9.369716,11.05529728,76.92716191,406.136,0.0,,4.0379243,0.83,2,2
3.640,416837102175319,0.76331043,7.672586,6.2353964,-0.05322159,0.0448222,-0.034972005,0.9181642,7.7747707,5.905955,-0.15485379,-0.10218477,0.3294418,30.975,9.525001,-28.2,0.42779717,0.13269451,0.36564216,0.8158928,-52.80865,-52.665714,-9.137873,11.05529728,76.92716191,406.136,0.0,,4.0379243,0.85,2,2
3.660,416837122175319,0.73923266,7.661818,6.2397337,-0.005955931,0.057650357,-0.01641699,0.9066058,7.7746263,5.90793,-0.16737312,-0.11280823,0.3318038,32.100002,9.3,-30.45,0.42721677,0.13301077,0.36561203,0.81615907,-52.732395,-52.618843,-9.028887,11.05529728,76.92716191,406.136,0.0,,4.0379243,0.87,2,2
3.680,416837142175319,0.7426723,7.66451,6.1387863,0.040087998,0.06398808,0.010995565,0.903421,7.7801766,5.901107,-0.16074866,-0.11566663,0.23767972,31.425001,9.225,-29.85,0.4261583,0.13379453,0.3657053,0.8165426,-52.609818,-52.543148,-8.815157,11.05529728,76.92716191,406.136,0.0,,4.0379243,0.89,2,2
3.700,416837162175319,0.7758727,7.693822,5.9781685,0.06841685,0.033750273,0.032223113,0.90905315,7.7888536,5.8887835,-0.13318041,-0.0950315,0.089384794,30.6,9.450001,-27.225,0.42549637,0.13453197,0.3658644,0.8166961,-52.538418,-52.508476,-8.656283,11.05529728,76.92716191,406.136,0.0,,4.0379243,0.91,2,2
3.720,416837182175319,0.81012,7.74452,5.796912,0.071394816,-9.162971E-4,0.05444332,0.9225212,7.7954893,5.877898,-0.11240116,-0.050969362,-0.08098626,31.2,9.3,-29.1,0.4254236,0.13522904,0.36597893,0.81656843,-52.5142,-52.538,-8.561156,11.05529728,76.92716191,406.136,0.0,,4.0379243,0.93,2,2
3.740,416837202175319,0.88953185,7.8092756,5.7338014,0.046273,-0.017867792,0.07765618,0.94297653,7.7966857,5.8730636,-0.053444713,0.01259017,-0.1392622,30.45,8.775001,-27.375002,0.42585996,0.1356088,0.3661834,0.8161867,-52.57001,-52.60597,-8.572324,11.05529728,76.92716191,406.136,0.0,,4.0379243,0.95,2,2
3.760,416837222175319,1.0660024,7.778468,5.794818,0.018478658,-0.014966186,0.09101884,0.96607757,7.7948046,5.871805,0.09992486,-0.016336203,-0.07698703,30.975,8.85,-27.750002,0.42647165,0.13546595,0.36664823,0.8156823,-52.719143,-52.661625,-8.699349,11.05529728,76.92716191,406.136,0.0,,4.0379243,0.97,2,2
3.780,416837242175319,1.1865408,7.840532,5.9158053,0.0031306818,-0.028099779,0.079794206,0.99010766,7.7918234,5.87176,0.19643325,0.04870844,0.04404545,30.6,9.075001,-27.150002,0.4270295,0.13486059,0.367297,0.8151983,-52.923546,-52.68315,-8.902723,11.05529728,76.92716191,406.136,0.0,,4.0379243,0.99,2,2
3.800,416837262175319,1.2501003,7.8964643,6.023931,9.926552E-4,-0.04970912,0.06345357,1.0141333,7.7895613,5.8706613,0.23596692,0.106903076,0.15326977,31.425001,9.075001,-29.325,0.42751008,0.13392988,0.36796302,0.81479895,-53.142395,-52.677174,-9.145202,11.05531685,76.92714454,402.42938,0.0,,3.7900925,0.01,2,2
3.820,416837282175319,1.2785151,7.9737825,6.126374,0.012522727,-0.0584903,0.05887209,1.0413927,7.7898755,5.8654695,0.23712236,0.1839068,0.2609043,31.275002,8.55,-29.400002,0.42794698,0.1327998,0.36858526,0.81447273,-53.36015,-52.655106,-9.40683,11.05531685,76.92714454,402.42938,0.0,,3.7900925,0.03,2,2
3.840,416837302175319,1.394866,8.100452,6.223283,0.039095342,-0.051847145,0.06925678,1.0780064,7.7930713,5.854598,0.31685966,0.30738115,0.368685,32.475002,8.925,-31.425001,0.42844737,0.13159753,0.36920577,0.8141233,-53.587414,-52.63553,-9.685106,11.05531685,76.92714454,402.42938,0.0,,3.7900925,0.05,2,2
3.860,416837322175319,1.6190436,8.260323,6.30434,0.06513345,-0.08101593,0.07147117,1.121442,7.798855,5.8387165,0.4976017,0.46146822,0.46562338,31.125002,8.775001,-29.550001,0.42916045,0.13032009,0.36978897,0.8136876,-53.83192,-52.635136,-9.993632,11.05531685,76.92714454,402.42938,0.0,,3.7900925,0.07,2,2
3.880,416837342175319,1.8160028,8.43111,6.4121666,0.088193595,-0.12644899,0.0542906,1.1715161,7.8093157,5.814854,0.6444868,0.6217952,0.59731245,31.650002,8.400001,-30.45,0.4301586,0.12890647,0.3702032,0.8131963,-54.080082,-52.65997,-10.337369,11.05531685,76.92714454,402.42938,0.0,,3.7900925,0.09,2,2
3.900,416837362175319,2.101347,8.539835,6.4398336,0.12774709,-0.15447241,0.030237803,1.2221721,7.827629,5.7796974,0.8791748,0.7122054,0.660136,30.075,8.475,-27.525002,0.4314932,0.12740374,0.370358,0.81265396,-54.318382,-52.719467,-10.7080145,11.05531685,76.92714454,402.42938,0.0,,3.7900925,0.11,2,2
3.920,416837382175319,2.5308585,8.452047,6.283403,0.18822269,-0.14248419,-0.038484477,1.2477633,7.8583193,5.7323904,1.2830952,0.59372854,0.5510125,31.575,8.400001,-29.925001,0.4331987,0.12606151,0.3701402,0.8120536,-54.516876,-52.833374,-11.06554,11.05531685,76.92714454,402.42938,0.0,,3.7900925,0.13,2,2
3.940,416837402175319,2.648107,8.206335,6.0550375,0.2676351,-0.12545633,-0.2095266,1.2222208,7.9086967,5.6682525,1.4258862,0.29763842,0.38678527,30.675001,8.325001,-29.775002,0.43526936,0.12528406,0.36918265,0.8115008,-54.586037,-53.029785,-11.320562,11.05531685,76.92714454,402.42938,0.0,,3.7900925,0.15,2,2
3.960,416837422175319,2.0005493,8.130812,5.762067,0.35827214,-0.15447241,-0.4270708,1.1600336,7.970268,5.5945997,0.84051573,0.16054392,0.16746688,30.225,8.25,-29.7,0.43779412,0.12533683,0.36695173,0.81114066,-54.42014,-53.341694,-11.396155,11.05531685,76.92714454,402.42938,0.0,,3.7900925,0.17,2,2
3.980,416837442175319,1.2136097,8.1557865,5.2523956,0.42172572,-0.21105376,-0.5426769,1.1044877,8.03117,5.5182247,0.1091221,0.12461662,-0.26582932,30.6,8.400001,-28.2,0.44092128,0.12628154,0.36322626,0.8109632,-53.984856,-53.79216,-11.274973,11.05531685,76.92714454,402.42938,0.0,,3.7900925,0.19,2,2
4.000,416837462175319,0.59117675,8.250452,4.868646,0.4228711,-0.27068943,-0.51984584,1.0759847,8.084146,5.4460297,-0.48480797,0.16630697,-0.5773835,31.125002,8.925,-30.150002,0.44446224,0.12778828,0.35839707,0.8109243,-53.345856,-54.33584,-11.009759,11.05531685,76.92714454,402.42938,0.0,,3.7900925,0.21,2,2
4.020,416837482175319,0.47422755,8.317601,4.610072,0.37736166,-0.3733147,-0.41347903,1.0660278,8.12801,5.382325,-0.5918002,0.18959141,-0.7722533,30.225,8.400001,-29.325,0.44827506,0.12905835,0.35309556,0.810935,-52.650066,-54.90339,-10.752338,11.05531685,76.92714454,402.42938,0.0,,3.7900925,0.23,2,2
4.040,416837502175319,0.7099205,8.345418,4.4054856,0.31329724,-0.4253909,-0.3359756,1.0496715,8.162952,5.332428,-0.33975098,0.18246555,-0.92694235,31.125002,9.0,-31.95,0.4522088,0.12961969,0.3477625,0.8109577,-51.99603,-55.44662,-10.597374,11.05531685,76.92714454,402.42938,0.0,,3.7900925,0.25,2,2
4.060,416837522175319,0.7788638,8.401948,4.312315,0.23289217,-0.3736965,-0.33910626,1.0179243,8.188345,5.2995486,-0.23906055,0.21360302,-0.98723364,31.125002,8.55,-32.025,0.45590928,0.12971325,0.34257153,0.8110784,-51.369026,-55.937645,-10.489166,11.05531685,76.92714454,402.42938,0.0,,3.7900925,0.27,2,2
4.080,416837542175319,0.5850451,8.487043,4.321737,0.1430187,-0.26626065,-0.3550651,0.98177415,8.201523,5.285975,-0.39672902,0.28552008,-0.96423817,30.375002,8.85,-32.850002,0.45898712,0.12983292,0.33763045,0.8113997,-50.718643,-56.357975,-10.321303,11.05531685,76.92714454,402.42938,0.0,,3.7900925,0.29,2,2
4.100,416837562175319,0.3668496,8.534151,4.328168,0.03466657,-0.19837832,-0.3308596,0.95451695,8.199441,5.29419,-0.58766735,0.33471012,-0.96602225,30.675001,9.3,-33.0,0.4612114,0.13011049,0.3330801,0.8119832,-50.039066,-56.68528,-10.0620365,11.05531685,76.92714454,402.42938,0.0,,3.7900925,0.31,2,2
4.120,416837582175319,0.3234797,8.596964,4.5351467,-0.09300415,-0.19074251,-0.27046037,0.93944114,8.183692,5.3211856,-0.61596143,0.41327143,-0.7860391,29.1,9.525001,-30.900002,0.4624925,0.13028118,0.32904,0.8128848,-49.363922,-56.891922,-9.75628,11.05531685,76.92714454,402.42938,0.0,,3.7900925,0.33,2,2
4.140,416837602175319,0.4808078,8.653343,4.935047,-0.2009745,-0.1947895,-0.20387611,0.92483306,8.162854,5.3556423,-0.44402525,0.49048948,-0.42059517,29.325,9.450001,-30.750002,0.46286705,0.13008195,0.32556862,0.8141105,-48.73089,-56.966404,-9.459924,11.05531685,76.92714454,402.42938,0.0,,3.7900925,0.35,2,2
4.160,416837622175319,0.85902333,8.5016985,5.26406,-0.23006693,-0.11430806,-0.16119193,0.890053,8.147768,5.384429,-0.031029642,0.35393047,-0.12036872,28.800001,9.975,-29.85,0.46253797,0.12960355,0.32280096,0.8154836,-48.185307,-56.935463,-9.2015085,11.05531685,76.92714454,402.42938,0.0,,3.7900925,0.37,2,2
4.180,416837642175319,1.0998011,8.403444,5.1949673,-0.17776164,0.057803076,-0.18081596,0.82713866,8.139299,5.40722,0.27266246,0.26414442,-0.21225238,29.7,9.975,-31.050001,0.4617669,0.129323,0.32084092,0.8167456,-47.74219,-56.85362,-8.950009,11.05531685,76.92714454,402.42938,0.0,,3.7900925,0.39,2,2
4.200,416837662175319,0.97567344,8.493473,5.063512,-0.12950332,0.21456623,-0.247782,0.75251216,8.13229,5.428626,0.22316131,0.36118364,-0.36511445,29.025002,10.5,-30.375002,0.4606901,0.13005273,0.31937778,0.8178157,-47.29565,-56.781883,-8.5612545,11.05531685,76.92714454,402.42938,0.0,,3.7900925,0.41,2,2
4.220,416837682175319,0.66684973,8.7367935,5.080261,-0.124921836,0.2268599,-0.30367613,0.68389827,8.12487,5.448776,-0.017048508,0.6119237,-0.3685143,30.525002,10.8,-34.425003,0.45936385,0.13179258,0.31798524,0.81882596,-46.76745,-56.729954,-7.996414,11.05531685,76.92714454,402.42938,0.0,,3.7900925,0.43,2,2
4.240,416837702175319,0.52657056,8.805887,4.9088755,-0.13034326,0.15798488,-0.310472,0.6184419,8.11282,5.4744925,-0.09187132,0.6930671,-0.56561685,31.125002,11.400001,-33.375,0.45794016,0.13396311,0.3164313,0.819871,-46.169186,-56.687122,-7.338493,11.05531685,76.92714454,402.42938,0.0,,3.7900925,0.45,2,2
4.260,416837722175319,0.50488555,8.724082,4.66077,-0.17340922,0.12683079,-0.3137554,0.5425647,8.091925,5.513326,-0.03767912,0.6321573,-0.8525562,29.625002,11.475,-29.925001,0.45640886,0.13614996,0.31472698,0.82101816,-45.53312,-56.630424,-6.65331,11.05531685,76.92714454,402.42938,0.0,,3.7900925,0.47,2,2
4.280,416837742175319,0.44461638,8.567203,4.5361934,-0.25327978,0.1812741,-0.34208423,0.44596186,8.058852,5.5701356,-0.0013455003,0.5083504,-1.0339422,30.45,11.775001,-30.675001,0.45449314,0.13841127,0.3129777,0.8223674,-44.8523,-56.52847,-5.9159956,11.05531685,76.92714454,402.42938,0.0,,3.7900925,0.49,2,2
4.300,416837762175319,0.26874387,8.382805,4.5670013,-0.35850123,0.29443678,-0.39026618,0.32716563,8.012632,5.644562,-0.058421746,0.37017298,-1.0775607,29.925001,11.925,-30.075,0.45181987,0.14105299,0.3112953,0.8240219,-44.09758,-56.349915,-5.056665,11.05531685,76.92714454,402.42938,0.0,,3.7900925,0.51,2,2
4.320,416837782175319,-0.16510475,8.219496,4.863262,-0.4604393,0.4341721,-0.42042762,0.20499042,7.956771,5.7287135,-0.37009516,0.2627244,-0.8654511,30.075,12.6,-28.2,0.44806314,0.14442268,0.3098034,0.8260356,-43.248363,-56.06973,-4.0096,11.05531685,76.92714454,402.42938,0.0,,3.7900925,0.53,2,2
4.340,416837802175319,-0.56889355,8.096115,5.3642597,-0.5189296,0.49533492,-0.38751733,0.104923375,7.8988304,5.8110113,-0.673817,0.1972847,-0.4467516,30.900002,13.200001,-30.000002,0.44317675,0.1484675,0.3086411,0.82836676,-42.345165,-55.677006,-2.8054483,11.05531685,76.92714454,402.42938,0.0,,3.7900925,0.55,2,2
4.360,416837822175319,-0.6523433,7.973633,5.841628,-0.51007205,0.44448045,-0.2832885,0.040266916,7.848762,5.8792605,-0.6926102,0.12487078,-0.037632704,30.375002,13.875001,-27.6,0.4375715,0.15257332,0.30795062,0.830837,-41.504723,-55.19218,-1.6038201,11.05531685,76.92714454,402.42938,0.0,,3.7900925,0.57,2,2
4.380,416837842175319,-0.29596224,7.914261,6.0859947,-0.4264599,0.34895647,-0.14049889,4.593919E-4,7.8120027,5.928154,-0.29642165,0.102258205,0.15784097,30.300001,14.700001,-26.85,0.43193573,0.15606658,0.3078791,0.8331557,-40.856083,-54.670376,-0.58591557,11.05531685,76.92714454,402.42938,0.0,,3.7900925,0.59,2,2
4.400,416837862175319,0.40453658,7.9021473,5.925825,-0.31261003,0.27626356,-0.058261223,-0.03997913,7.7815742,5.967905,0.4445157,0.120573044,-0.042079687,31.275002,14.775001,-29.7,0.42704052,0.15854384,0.30847406,0.8349989,-40.478382,-54.190815,0.12791102,11.05531685,76.92714454,402.42938,0.0,,3.7900925,0.61,2,2
4.420,416837882175319,0.7328019,7.9341516,5.4083776,-0.26862776,0.23113593,-0.1071304,-0.09424022,7.7419577,6.0186043,0.82704216,0.19219375,-0.61022687,31.425001,15.375001,-29.025002,0.42308354,0.16037461,0.30922824,0.8363985,-40.248436,-53.79585,0.6417948,11.05531685,76.92714454,402.42938,0.0,,3.7900925,0.63,2,2
4.440,416837902175319,0.507727,7.9778204,5.018198,-0.35155264,0.22380556,-0.19524764,-0.15372686,7.6819987,6.093738,0.6614539,0.29582143,-1.0755403,32.4,15.375001,-30.000002,0.41947353,0.16198952,0.3097015,0.83774054,-40.01149,-53.432613,1.114525,11.05531685,76.92714454,402.42938,0.0,,3.7900925,0.65,2,2
4.460,416837922175319,0.10782657,7.9212894,4.8619165,-0.51808965,0.22724168,-0.2147953,-0.20624238,7.599701,6.194546,0.31406894,0.32158875,-1.3326297,31.35,15.450001,-26.250002,0.41546822,0.16346046,0.30993652,0.839366,-39.72747,-53.014194,1.606855,11.05531685,76.92714454,402.42938,0.0,,3.7900925,0.67,2,2
4.480,416837942175319,-0.123379916,7.827671,4.9061837,-0.69294965,0.2266308,-0.1632536,-0.2450664,7.4964504,6.3177176,0.12168649,0.3312204,-1.4115338,31.35,15.900001,-26.85,0.41060346,0.16460253,0.3102796,0.84140277,-39.45012,-52.477234,2.0880725,11.05531685,76.92714454,402.42938,0.0,,3.7900925,0.69,2,2
4.500,416837962175319,-0.1468595,7.7823563,5.083402,-0.8487965,0.18394664,-0.107283115,-0.27828664,7.373353,6.459615,0.13142714,0.4090035,-1.3762131,32.475002,15.900001,-28.800001,0.40474036,0.16512157,0.3109501,0.8438785,-39.23521,-51.794037,2.5001378,11.05531685,76.92714454,402.42938,0.0,,3.7900925,0.71,2,2
4.520,416837982175319,0.0526421,7.546514,5.3280683,-0.9824232,0.14912735,-0.105450526,-0.32771668,7.23612,6.6107154,0.3803588,0.3103938,-1.2826471,33.225002,16.5,-29.775002,0.39787242,0.16483377,0.31191447,0.84682083,-39.08994,-50.957718,2.8180914,11.05531685,76.92714454,402.42938,0.0,,3.7900925,0.73,2,2
4.540,416838002175319,0.035593238,7.27777,5.662465,-1.0596212,0.20593777,-0.1652389,-0.39735243,7.092799,6.7605247,0.43294567,0.18497086,-1.0980597,33.300003,17.550001,-30.300001,0.3899989,0.16410936,0.31301033,0.85018843,-38.962555,-49.985435,3.1119485,11.05531685,76.92714454,402.42938,0.0,,3.7900925,0.75,2,2
4.560,416838022175319,-0.25633112,7.062715,6.0329037,-1.0705404,0.27084213,-0.23678643,-0.47271085,6.950786,6.901703,0.21637973,0.11192894,-0.868799,33.975002,17.25,-29.550001,0.3813013,0.16349314,0.31402445,0.85384506,-38.79462,-48.92291,3.4662108,11.05531685,76.92714454,402.42938,0.0,,3.7900925,0.77,2,2
4.580,416838042175319,-0.6687939,6.9489064,6.382555,-1.029307,0.25465423,-0.28084505,-0.54147226,6.815199,7.0306664,-0.12732166,0.13370752,-0.6481111,32.850002,18.6,-26.775002,0.37199402,0.16337152,0.31462416,0.85772115,-38.523983,-47.811172,3.9435306,11.05531685,76.92714454,402.42938,0.0,,3.7900925,0.79,2,2
4.600,416838062175319,-1.0016954,6.8201427,6.7755766,-0.95424706,0.18264855,-0.29741478,-0.598149,6.6906185,7.1448054,-0.40354636,0.12952423,-0.36922908,34.2,19.2,-28.2,0.36243054,0.16344482,0.31473026,0.86173624,-38.17787,-46.67899,4.478017,11.05531685,76.92714454,402.42938,0.0,,3.7900925,0.81,2,2
4.620,416838082175319,-1.2215359,6.669096,7.1267233,-0.8541416,0.1094975,-0.28145593,-0.64197105,6.5842867,7.2391596,-0.57956487,0.084809065,-0.112436295,33.975002,20.400002,-26.775002,0.353113,0.16339378,0.31441453,0.86571497,-37.807335,-45.572536,4.988394,11.05531685,76.92714454,402.42938,0.0,,3.7900925,0.83,2,2
4.640,416838102175319,-1.3144073,6.5134125,7.473832,-0.71219194,0.06933314,-0.22999057,-0.66928446,6.501364,7.3112736,-0.64512295,0.012048483,0.16255832,31.35,21.150002,-21.375,0.34449354,0.16315657,0.31388202,0.86942583,-37.460316,-44.543213,5.4308662,11.05531685,76.92714454,402.42938,0.0,,3.7900925,0.85,2,2
4.660,416838122175319,-1.2581761,6.3664036,7.6130643,-0.54542583,0.014889827,-0.17020218,-0.6840057,6.443351,7.3610973,-0.5741704,-0.076946974,0.25196695,31.2,22.2,-20.85,0.33697546,0.16270424,0.3132808,0.8726879,-37.16662,-43.63747,5.777497,11.05531685,76.92714454,402.42938,0.0,,3.7900925,0.87,2,2
4.680,416838142175319,-1.0797613,6.2920766,7.519146,-0.37682718,-0.027794344,-0.13019055,-0.68970543,6.405768,7.3932967,-0.39005578,-0.11369133,0.12584949,32.4,21.900002,-23.325,0.33081302,0.162076,0.3126372,0.87541634,-36.926876,-42.885868,6.026546,11.05531685,76.92714454,402.42938,0.0,,3.7900925,0.89,2,2
4.700,416838162175319,-0.86844504,6.29447,7.263712,-0.24281873,-0.07368556,-0.12171479,-0.6851576,6.3745008,7.4206934,-0.18328747,-0.08003116,-0.15698123,33.0,22.125,-25.650002,0.3260334,0.1613053,0.3118904,0.8776436,-36.72337,-42.291393,6.190564,11.05531685,76.92714454,402.42938,0.0,,3.7900925,0.91,2,2
4.720,416838182175319,-0.7799107,6.3646092,6.9726853,-0.20448697,-0.15844303,-0.14362957,-0.6731219,6.334543,7.4559274,-0.106788725,0.030066013,-0.48324203,32.550003,22.650002,-24.375002,0.32277867,0.1603247,0.31086558,0.8794136,-36.531055,-41.866,6.267945,11.05531685,76.92714454,402.42938,0.0,,3.7900925,0.93,2,2
4.740,416838202175319,-0.6252745,6.310322,6.860073,-0.26167917,-0.22815797,-0.17318015,-0.6582434,6.279386,7.50376,0.03296894,0.030935764,-0.643687,31.875002,22.95,-22.800001,0.3204508,0.15880707,0.30954072,0.88102305,-36.34342,-41.52629,6.245353,11.05531685,76.92714454,402.42938,0.0,,3.7900925,0.95,2,2
4.760,416838222175319,-0.3662514,6.1396837,6.880412,-0.35811943,-0.26083922,-0.20135629,-0.63636047,6.2049537,7.567296,0.27010906,-0.06526995,-0.68688416,31.875002,23.1,-23.925001,0.31825936,0.15655525,0.30801174,0.88276166,-36.162983,-41.173088,6.1276655,11.05531685,76.92714454,402.42938,0.0,,3.7900925,0.97,2,2
4.780,416838242175319,0.2286641,5.722884,6.5325556,-0.4841103,-0.28733552,-0.20303616,-0.6338181,6.103235,7.6497836,0.8624822,-0.3803506,-1.1172283,30.825,23.175001,-21.300001,0.315665,0.15357305,0.30639017,0.88477755,-35.992443,-40.744965,5.933978,11.05531685,76.92714454,402.42938,0.0,,3.7900925,0.99,2,2
4.800,416838262175319,0.52028936,5.2535915,6.2998533,-0.6508,-0.20402882,-0.2735147,-0.6781313,5.9770584,7.745017,1.1984206,-0.7234669,-1.4451635,30.375002,23.625,-20.925001,0.3120748,0.1502207,0.3046997,0.8871983,-35.80458,-40.187336,5.7377806,11.05532015,76.92714247,402.6842,0.0,,3.7900925,0.01,2,2
4.820,416838282175319,-0.37806597,5.5613685,6.980462,-0.78664106,-0.036193732,-0.42226022,-0.7325367,5.843206,7.841602,0.3544707,-0.28183746,-0.86114,31.725,23.775002,-23.775002,0.30689293,0.14737315,0.30268344,0.8901525,-35.510914,-39.462856,5.6933684,11.05532015,76.92714247,402.6842,0.0,,3.7900925,0.03,2,2
4.840,416838302175319,-1.4394324,5.992226,7.6188965,-0.822453,-0.014889827,-0.44952008,-0.76883864,5.715264,7.9318995,-0.67059374,0.27696228,-0.31300282,30.375002,24.900002,-21.825,0.30033958,0.14551115,0.300172,0.8935175,-35.07867,-38.61426,5.85667,11.05532015,76.92714247,402.6842,0.0,,3.7900925,0.05,2,2
4.860,416838322175319,-1.5930216,5.7143593,7.7258263,-0.77847075,-0.054137886,-0.35185808,-0.78252023,5.591656,8.018194,-0.81050146,0.122703314,-0.29236794,31.2,25.425001,-22.275002,0.29321882,0.14402762,0.29761142,0.8969562,-34.623825,-37.715237,6.084418,11.05532015,76.92714247,402.6842,0.0,,3.7900925,0.07,2,2
4.880,416838342175319,-1.420888,5.5440207,7.6063347,-0.7564796,-0.09185878,-0.22113302,-0.7873585,5.4626184,8.106187,-0.6335295,0.0814023,-0.49985242,30.225,25.725,-19.800001,0.28603193,0.1424912,0.2954363,0.9002276,-34.238045,-36.81132,6.2777653,11.05532015,76.92714247,402.6842,0.0,,3.7900925,0.09,2,2
4.900,416838362175319,-0.96176517,5.3835516,7.4950686,-0.8001564,-0.018249582,-0.060093816,-0.81058806,5.323533,8.195933,-0.15117708,0.060018778,-0.70086503,30.6,26.625002,-19.800001,0.27890262,0.14075041,0.2942086,0.9031355,-34.006176,-35.915653,6.3893757,11.05532015,76.92714247,402.6842,0.0,,3.7900925,0.11,2,2
4.920,416838382175319,-0.49292147,5.3428736,7.7651577,-0.8609375,0.16516255,0.021762054,-0.8506517,5.177653,8.284847,0.3577302,0.16522098,-0.5196893,31.95,26.85,-21.75,0.27151445,0.13889767,0.29431129,0.90563595,-33.967766,-34.997787,6.431978,11.05532015,76.92714247,402.6842,0.0,,3.7900925,0.13,2,2
4.940,416838402175319,-0.0532403,5.4874897,8.209176,-0.8900299,0.2496146,-0.027412554,-0.89159834,5.0312,8.370333,0.83835804,0.45629,-0.16115665,31.275002,27.300001,-21.825,0.26363856,0.13736516,0.29523033,0.90788996,-34.027557,-34.043232,6.4971895,11.05532015,76.92714247,402.6842,0.0,,3.7900925,0.15,2,2
4.960,416838422175319,0.22432712,5.521737,8.736195,-0.8638391,0.15309797,-0.20799944,-0.91787606,4.891998,8.44963,1.1422032,0.6297395,0.2865653,31.35,27.45,-20.85,0.25550008,0.1359674,0.29590833,0.9101984,-34.04927,-33.06426,6.599043,11.05532015,76.92714247,402.6842,0.0,,3.7900925,0.17,2,2
4.980,416838442175319,0.35877383,5.4056854,8.925676,-0.78793913,-0.053832456,-0.42294747,-0.92539084,4.764454,8.521386,1.2841647,0.64123154,0.40429068,30.075,28.125002,-16.575,0.24758351,0.1341813,0.2953326,0.91283196,-33.92049,-32.09066,6.692593,11.05532015,76.92714247,402.6842,0.0,,3.7900925,0.19,2,2
5.000,416838462175319,0.51176494,5.27752,8.776424,-0.69753116,-0.24274237,-0.58055055,-0.9278933,4.6395364,8.5897665,1.4396582,0.63798356,0.18665838,30.825,28.875002,-18.75,0.2403206,0.1316876,0.29309127,0.9158521,-33.60301,-31.157288,6.734008,11.05532015,76.92714247,402.6842,0.0,,3.7900925,0.21,2,2
5.020,416838482175319,0.485743,5.178517,8.455487,-0.6674461,-0.3354411,-0.7118101,-0.93440604,4.500007,8.662978,1.4201491,0.6785097,-0.20749092,29.025002,29.775002,-16.050001,0.23372824,0.12852721,0.28921172,0.9192285,-33.100437,-30.267813,6.7224565,11.05532015,76.92714247,402.6842,0.0,,3.7900925,0.23,2,2
5.040,416838502175319,0.19606191,5.104788,8.854042,-0.7304415,-0.3702604,-0.8334485,-0.934355,4.3484483,8.740044,1.1304169,0.75633955,0.11399841,28.575,30.825,-16.050001,0.2273023,0.12490438,0.2838682,0.92298156,-32.425674,-29.373745,6.690355,11.05532015,76.92714247,402.6842,0.0,,3.7900925,0.25,2,2
5.060,416838522175319,0.051445685,4.765007,9.387043,-0.7779362,-0.4202749,-0.8850666,-0.93987554,4.210861,8.806569,0.9913212,0.55414605,0.5804744,28.650002,31.425001,-17.175001,0.22065336,0.12076633,0.277382,0.92708343,-31.621532,-28.432621,6.6290092,11.05532015,76.92714247,402.6842,0.0,,3.7900925,0.27,2,2
5.080,416838542175319,0.3275176,4.200301,9.280413,-0.6860775,-0.35697407,-0.87147486,-0.95841247,4.1001387,8.856675,1.28593,0.100162506,0.423738,28.650002,31.95,-19.575,0.21400079,0.116537966,0.27024055,0.931263,-30.74459,-27.488373,6.563304,11.05532015,76.92714247,402.6842,0.0,,3.7900925,0.29,2,2
5.100,416838562175319,0.29012972,4.1917768,8.819345,-0.53847724,-0.26083922,-0.85131633,-0.9735373,4.009658,8.896361,1.2636671,0.1821189,-0.0770154,27.900002,33.0,-17.625,0.20786794,0.11281296,0.26281565,0.93522185,-29.83249,-26.622059,6.5355954,11.05532015,76.92714247,402.6842,0.0,,3.7900925,0.31,2,2
5.120,416838582175319,-0.28773692,4.714309,8.033604,-0.44638938,-0.2690859,-0.81435907,-0.984534,3.9270961,8.931909,0.69679713,0.7872131,-0.8983054,26.400002,33.0,-15.675,0.2026637,0.10965067,0.25529075,0.93882555,-28.909742,-25.881884,6.5362434,11.05532015,76.92714247,402.6842,0.0,,3.7900925,0.33,2,2
5.140,416838602175319,-1.109522,5.341827,7.5249786,-0.42554364,-0.2845866,-0.76587164,-0.98041785,3.8394198,8.970397,-0.12910414,1.5024071,-1.4454186,25.800001,33.75,-15.075001,0.19822025,0.10698321,0.24780291,0.942096,-27.99273,-25.246056,6.5606513,11.05532015,76.92714247,402.6842,0.0,,3.7900925,0.35,2,2
5.160,416838622175319,-1.7464614,5.627321,7.529764,-0.46784604,-0.34811652,-0.6974548,-0.94320935,3.7467842,9.0134535,-0.8032521,1.8805366,-1.4836893,27.300001,34.275,-18.6,0.19410741,0.10442092,0.24054173,0.94513005,-27.1113,-24.654701,6.571129,11.05532015,76.92714247,402.6842,0.0,,3.7900925,0.37,2,2
5.180,416838642175319,-1.8272192,5.3168516,7.6063347,-0.49953464,-0.48632467,-0.60193086,-0.85911715,3.659269,9.057707,-0.96810204,1.6575828,-1.4513721,26.400002,35.100002,-19.35,0.19015884,0.101310745,0.2336746,0.94800025,-26.30017,-24.072277,6.4911323,11.05532015,76.92714247,402.6842,0.0,,3.7900925,0.39,2,2
5.200,416838662175319,-1.3971093,4.867151,7.5828547,-0.47960517,-0.6695841,-0.4591412,-0.7264124,3.585467,9.098743,-0.6706969,1.2816837,-1.5158887,24.45,35.775,-15.750001,0.18657346,0.097049,0.22743477,0.95068055,-25.601397,-23.50869,6.2393374,11.05532015,76.92714247,402.6842,0.0,,3.7900925,0.41,2,2
5.220,416838682175319,-0.7363911,4.850102,7.7757764,-0.42394012,-0.84123707,-0.27466005,-0.5087034,3.5259955,9.136682,-0.22768773,1.3241065,-1.3609052,24.075,35.850002,-15.525001,0.18367985,0.09121343,0.22213337,0.95307726,-25.061365,-22.994656,5.75244,11.05532015,76.92714247,402.6842,0.0,,3.7900925,0.43,2,2
5.240,416838702175319,0.31839496,4.673482,8.032407,-0.35025457,-1.2463168,-0.1949422,-0.28679597,3.4821453,9.163121,0.60519093,1.1913364,-1.1307147,25.275002,36.45,-18.0,0.18181643,0.08282361,0.21757984,0.95523435,-24.675852,-22.544205,4.9140105,11.05532015,76.92714247,402.6842,0.0,,3.7900925,0.45,2,2
5.260,416838722175319,0.81625164,4.442425,7.118498,-0.266337,-1.3164134,-0.35002548,-0.12844452,3.434107,9.1848135,0.9446962,1.0083177,-2.0663157,24.300001,36.225002,-18.6,0.18102628,0.072340086,0.21279979,0.957277,-24.31095,-22.171024,3.8051095,11.05532015,76.92714247,402.6842,0.0,,3.7900925,0.47,2,2
5.280,416838742175319,0.7559824,4.0185957,6.889535,-0.28313577,-1.0626755,-0.5939132,-0.030501628,3.3800416,9.205692,0.786484,0.63855433,-2.3161576,23.475,36.525,-19.125,0.1805925,0.061767336,0.20705004,0.959332,-23.827211,-21.843596,2.700276,11.05532015,76.92714247,402.6842,0.0,,3.7900925,0.49,2,2
5.300,416838762175319,0.38135612,3.566801,6.573383,-0.31505346,-0.8075632,-0.77327836,0.023040231,3.3188927,9.227937,0.35831589,0.24790847,-2.654554,21.75,36.975002,-18.0,0.179948,0.052392464,0.20010148,0.9614742,-23.166513,-21.530615,1.7700661,11.05532015,76.92714247,402.6842,0.0,,3.7900925,0.51,2,2
5.320,416838782175319,-0.06520441,3.2313573,6.700053,-0.35094178,-0.6097957,-0.87315476,0.07858163,3.231478,9.258605,-0.14378604,-1.206398E-4,-2.558552,21.900002,37.725002,-19.125,0.1788506,0.044831388,0.19213325,0.96368873,-22.337835,-21.219374,1.0868058,11.05532015,76.92714247,402.6842,0.0,,3.7900925,0.53,2,2
5.340,416838802175319,-0.6363413,3.1054351,6.918398,-0.49380776,-0.6353757,-0.89224434,0.14962006,3.1033304,9.30147,-0.78596133,0.0021047592,-2.383072,20.325,38.025,-17.25,0.1768418,0.0385407,0.18340561,0.96603256,-21.382933,-20.84291,0.5883112,11.05532015,76.92714247,402.6842,0.0,,3.7900925,0.55,2,2
5.360,416838822175319,-1.1364412,2.8793135,7.3407316,-0.7096721,-0.6811142,-0.77450013,0.23607047,2.9417915,9.352034,-1.3725116,-0.062478065,-2.0113022,18.6,39.375,-16.2,0.17332159,0.032327794,0.17462341,0.96851826,-20.409943,-20.305191,0.1275705,11.05532015,76.92714247,402.6842,0.0,,3.7900925,0.57,2,2
5.380,416838842175319,-1.0619646,2.2766213,8.023732,-0.8700241,-0.6685151,-0.5281689,0.31464368,2.7845712,9.397742,-1.3766084,-0.50794995,-1.3740098,19.35,39.075,-17.475,0.16816635,0.025791313,0.16678098,0.9709984,-19.547253,-19.583578,-0.36533472,11.05532015,76.92714247,402.6842,0.0,,3.7900925,0.59,2,2
5.400,416838862175319,-0.7060323,1.6434205,8.502596,-0.8242092,-0.52717626,-0.26847506,0.3928821,2.654653,9.432329,-1.0989144,-1.0112326,-0.9297328,20.25,39.525,-18.975,0.16201785,0.019360645,0.16066088,0.9732313,-18.883955,-18.758667,-0.8698895,11.05532015,76.92714247,402.6842,0.0,,3.7900925,0.61,2,2
5.420,416838882175319,-0.22088745,1.3790135,8.665158,-0.667446,-0.46288276,-0.113009974,0.49559158,2.536045,9.460087,-0.716479,-1.1570315,-0.79492855,19.125,39.525,-18.225,0.15586786,0.013387537,0.1563472,0.9750596,-18.428198,-17.947603,-1.3631823,11.05532015,76.92714247,402.6842,0.0,,3.7900925,0.63,2,2
5.440,416838902175319,0.17961125,1.2644572,8.485397,-0.6074286,-0.5799397,-0.11049016,0.6055867,2.4138677,9.485616,-0.42597544,-1.1494105,-1.0002179,17.25,39.9,-14.325001,0.15014616,0.0073283324,0.15313266,0.97655207,-18.105642,-17.18725,-1.8998457,11.05532015,76.92714247,402.6842,0.0,,3.7900925,0.65,2,2
5.460,416838922175319,0.2819044,1.010818,8.582457,-0.6262127,-0.63621557,-0.190208,0.6966586,2.2921333,9.509531,-0.4147542,-1.2813153,-0.92707443,18.075,40.2,-16.875,0.14467655,9.17812E-4,0.15018962,0.97787315,-17.818626,-16.452856,-2.4898365,11.05532015,76.92714247,402.6842,0.0,,3.7900925,0.67,2,2
5.480,416838942175319,0.20324036,0.55513483,9.028269,-0.6155989,-0.54687667,-0.22823432,0.78416806,2.1823866,9.528519,-0.58092767,-1.6272517,-0.5002494,16.35,40.425003,-15.000001,0.13904555,-0.0053926837,0.14720866,0.9791346,-17.518852,-15.70598,-3.066539,11.05532015,76.92714247,402.6842,0.0,,3.7900925,0.69,2,2
5.500,416838962175319,0.14536399,0.1434198,9.693474,-0.53565204,-0.5105302,-0.14973822,0.90025055,2.0953069,9.5378,-0.75488657,-1.951887,0.15567446,17.925001,40.875,-16.875,0.13348202,-0.011354462,0.14447089,0.9802734,-17.238194,-14.976152,-3.6102407,11.05532015,76.92714247,402.6842,0.0,,3.7900925,0.71,2,2
5.520,416838982175319,0.19770697,-0.14730814,10.047013,-0.39744386,-0.62705266,-0.0025961753,1.07649,2.0204957,9.535678,-0.8787831,-2.1678038,0.5113354,15.825001,41.100002,-13.950001,0.12854366,-0.017469592,0.14242503,0.9811527,-17.042347,-14.315769,-4.1960235,11.05532015,76.92714247,402.6842,0.0,,3.7900925,0.73,2,2
5.540,416839002175319,0.59446687,-0.2653042,9.972986,-0.3171915,-0.9045379,0.14217876,1.2789528,1.9259021,9.530246,-0.684486,-2.1912065,0.44273996,16.275002,40.875,-14.775001,0.1245247,-0.024780663,0.14128666,0.98168015,-16.97321,-13.738121,-4.951393,11.05532015,76.92714247,402.6842,0.0,,3.7900925,0.75,2,2
5.560,416839022175319,1.0446167,-0.74955165,9.567253,-0.3988183,-1.016937,0.2326631,1.4261056,1.796803,9.5345745,-0.38148898,-2.5463548,0.032678127,17.85,41.175003,-17.475,0.12090408,-0.033633903,0.14100836,0.98189706,-17.023062,-13.176139,-5.9036345,11.05532015,76.92714247,402.6842,0.0,,3.7900925,0.77,2,2
5.580,416839042175319,1.5566807,-1.7401803,9.2714405,-0.5447386,-0.7056251,0.2997055,1.5387534,1.6293305,9.547142,0.017927289,-3.3695107,-0.275702,18.75,41.25,-18.300001,0.11675755,-0.042529862,0.14160103,0.98195875,-17.162193,-12.548012,-6.860082,11.05532015,76.92714247,402.6842,0.0,,3.7900925,0.79,2,2
5.600,416839062175319,1.9275682,-2.0431714,9.2336035,-0.7241801,-0.5069414,0.38232496,1.6928929,1.4124552,9.555599,0.23467535,-3.4556265,-0.32199574,16.800001,41.025,-14.400001,0.111405246,-0.05049324,0.14310683,0.9819808,-17.374329,-11.791086,-7.693777,11.05532015,76.92714247,402.6842,0.0,,3.7900925,0.81,2,2
5.620,416839082175319,2.2238295,-1.5976577,8.589186,-0.98036146,-0.71089387,0.46937317,1.913252,1.1369497,9.55077,0.3105775,-2.7346075,-0.9615836,17.925001,41.550003,-15.975,0.1044093,-0.05869669,0.14538467,0.9819373,-17.649023,-10.834898,-8.52707,11.05532015,76.92714247,402.6842,0.0,,3.7900925,0.83,2,2
5.640,416839102175319,2.5435705,-1.3459628,7.841878,-1.2848775,-1.0575595,0.50823945,2.2205722,0.81309164,9.517265,0.3229983,-2.1590543,-1.6753874,18.525002,42.15,-16.800001,0.0955244,-0.06861391,0.14917599,0.9816874,-18.081146,-9.618035,-9.528757,11.05532015,76.92714247,402.6842,0.0,,3.7900925,0.85,2,2
5.660,416839122175319,2.9620154,-1.3076775,7.368398,-1.5406008,-1.527391,0.4836521,2.6445713,0.46052745,9.432102,0.3174441,-1.768205,-2.063704,17.025002,42.225002,-12.750001,0.084719814,-0.08162691,0.1532486,0.9811269,-18.525646,-8.118643,-10.8374815,11.05532015,76.92714247,402.6842,0.0,,3.7900925,0.87,2,2
5.680,416839142175319,3.017499,-1.3576277,6.611369,-1.7087413,-2.1771219,0.40889758,3.2699997,0.047831293,9.245279,-0.2525009,-1.405459,-2.6339104,16.35,42.75,-12.075001,0.07244765,-0.09916513,0.15610623,0.9800654,-18.80518,-6.375633,-12.6119175,11.05532015,76.92714247,402.6842,0.0,,3.7900925,0.89,2,2
5.700,416839162175319,2.889184,-1.6836498,6.800701,-2.0179915,-3.3192863,0.44623667,4.213054,-0.48845837,8.842056,-1.3238703,-1.1951915,-2.0413551,15.750001,42.45,-12.3,0.05887472,-0.12363829,0.15788339,0.97791296,-18.922655,-4.3648787,-15.139092,11.05532015,76.92714247,402.6842,0.0,,3.7900925,0.91,2,2
5.720,416839182175319,2.5066314,-1.7213368,6.228368,-2.5842633,-5.2346525,0.8025999,4.458606,-1.1401793,8.659746,-1.9519745,-0.58115757,-2.4313784,17.625,42.525,-13.425,0.043446794,-0.15977922,0.15949842,0.9732118,-18.936407,-1.9253172,-18.968058,11.05532015,76.92714247,402.6842,0.0,,3.7900925,0.93,2,2
5.740,416839202175319,18.817905,-13.153048,18.404394,-2.724762,-1.3306924,1.4075086,2.1059916,-1.3120964,9.48755,16.711914,-11.840951,8.916845,17.325,42.975002,-13.725,0.023865465,-0.19531171,0.16286024,0.96682966,-18.922451,1.000971,-22.674698,11.05532015,76.92714247,402.6842,0.0,,3.7900925,0.95,2,2
5.760,416839222175319,3.599553,-10.217352,39.07524,-0.61399543,12.630545,0.42897975,1.2809194,-1.6463943,9.582224,2.3186336,-8.570958,29.49302,20.025002,42.9,-5.4,1.793151E-4,-0.17102633,0.16565843,0.97123986,-18.80577,3.2283537,-19.43898,11.05532015,76.92714247,402.6842,0.0,,3.7900925,0.97,2,2
5.780,416839242175319,-2.2674985,-2.967698,16.974533,-1.7911317,4.250244,-0.33315033,1.2033423,-1.820398,9.56078,-3.470841,-1.1473002,7.4137545,20.400002,43.575,-1.6500001,-0.02439685,-0.13149288,0.16432236,0.9772987,-18.425817,5.215412,-14.479458,11.05532015,76.92714247,402.6842,0.0,,3.7900925,0.99,2,2
5.800,416839262175319,-1.835295,-1.1989536,8.429465,-0.9321796,0.3529271,-0.11950041,1.2087178,-1.7267486,9.577459,-3.0440128,0.5277949,-1.147994,20.475,43.65,-1.0500001,-0.043982908,-0.106280595,0.1619993,0.98006445,-18.086847,6.929441,-11.27401,11.05531222,76.92714728,402.8211,0.0,,3.7900925,0.01,2,2
5.820,416839282175319,-0.75029945,-1.8587744,8.254191,0.5281689,-0.11728603,0.2344957,1.4111539,-1.4154927,9.600802,-2.1614532,-0.44328183,-1.346611,20.925001,43.275,-0.975,-0.0541325,-0.09162952,0.16144718,0.98104465,-18.042696,7.804851,-9.428949,11.05531222,76.92714728,402.8211,0.0,,3.7900925,0.03,2,2
5.840,416839302175319,0.28025934,-2.8202405,11.36187,1.6955314,-1.1454477,0.33971715,1.7889867,-0.87758714,9.60207,-1.5087273,-1.9426534,1.7598,22.425001,43.65,-3.825,-0.053331845,-0.08587994,0.16327678,0.98130924,-18.304726,7.626479,-8.770856,11.05531222,76.92714728,402.8211,0.0,,3.7900925,0.05,2,2
5.860,416839322175319,2.1152554,-3.316153,11.159377,2.8902302,-1.9921062,0.22724168,1.6125578,-0.48927137,9.660779,0.5026975,-2.8268816,1.4985981,20.550001,42.75,-4.425,-0.040552825,-0.08868034,0.16680709,0.9810994,-18.786505,6.266764,-9.290751,11.05531222,76.92714728,402.8211,0.0,,3.7900925,0.07,2,2
5.880,416839342175319,3.970291,0.5331508,-0.935145,1.9857684,1.0235802,-0.11293361,0.7717243,-0.5463086,9.760962,3.1985667,1.0794594,-10.696107,21.6,42.75,-9.225,-0.023096373,-0.088479,0.16967317,0.9812309,-19.258358,4.3213773,-9.571123,11.05531222,76.92714728,402.8211,0.0,,3.7900925,0.09,2,2
5.900,416839362175319,0.7135098,0.47602215,9.960125,-0.3414734,4.33042,-0.18432844,0.17976768,-0.4445269,9.794921,0.53374213,0.92054904,0.16520357,21.900002,42.9,-10.200001,-0.01584499,-0.07157462,0.17038673,0.982641,-19.457283,3.1833067,-7.786019,11.05531222,76.92714728,402.8211,0.0,,3.7900925,0.11,2,2
5.920,416839382175319,-2.1853948,-1.1584253,18.360725,0.5195404,2.9644501,-0.1255327,0.20766813,-0.20232284,9.802363,-2.393063,-0.95610243,8.558363,21.300001,42.825,-5.625,-0.013481367,-0.04667024,0.16993336,0.9842557,-19.484838,2.430063,-5.0121846,11.05531222,76.92714728,402.8211,0.0,,3.7900925,0.13,2,2
5.940,416839402175319,-0.9906286,0.36071804,8.795866,1.2208896,-0.17119482,0.020616684,0.36702114,-0.28203952,9.79572,-1.3576497,0.64275753,-0.9998536,21.675001,42.300003,-6.15,-0.0072782133,-0.029536352,0.1696283,0.98494565,-19.500916,1.3957309,-3.1947932,11.05531222,76.92714728,402.8211,0.0,,3.7900925,0.15,2,2
5.960,416839422175319,1.3334005,0.69690955,7.792975,-0.42844522,-0.7870228,0.032223113,0.41368225,-0.3878528,9.790241,0.91971815,1.0847623,-1.9972663,21.6,42.45,-6.7500005,-0.0032062698,-0.023658238,0.16954646,0.98514587,-19.50821,0.82162833,-2.609642,11.05531222,76.92714728,402.8211,0.0,,3.7900925,0.17,2,2
5.980,416839442175319,0.3094219,-1.3353446,11.505888,-0.51640975,-0.2434296,0.02924515,0.40692753,-0.32952893,9.792661,-0.097505644,-1.0058156,1.7132268,22.275002,43.2,-8.400001,-0.0036685811,-0.022302605,0.16959633,0.9852039,-19.514704,0.847635,-2.447592,11.05531222,76.92714728,402.8211,0.0,,3.7900925,0.19,2,2
6.000,416839462175319,0.8413763,-0.3080759,7.9438725,0.29779655,0.04772381,-0.01641699,0.30815154,-0.2911529,9.797483,0.5332247,-0.016923018,-1.8536112,20.775002,42.75,-4.65,-0.0033851934,-0.02186561,0.16961299,0.9852335,-19.518003,0.80719787,-2.4037635,11.05531222,76.92714728,402.8211,0.0,,3.7900925,0.21,2,2
6.020,416839482175319,-0.030209377,0.14760725,10.969297,0.18303034,0.4948768,-0.022296563,0.3335539,-0.30636176,9.796186,-0.36376327,0.453969,1.173111,21.075,42.525,-5.55,-0.0022705677,-0.019471267,0.16953237,0.9853086,-19.512728,0.63464624,-2.1549928,11.05531222,76.92714728,402.8211,0.0,,3.7900925,0.23,2,2
6.040,416839502175319,0.08015956,-0.29192436,10.537542,-0.078267045,-0.13637555,0.0054977825,0.36395082,-0.316528,9.794781,-0.28379124,0.024603628,0.7427616,21.525002,42.600002,-6.0750003,-0.0020052253,-0.017867932,0.169485,0.985355,-19.508785,0.57344925,-1.9790764,11.05531222,76.92714728,402.8211,0.0,,3.7900925,0.25,2,2
6.060,416839522175319,0.6716354,-0.38823548,8.717352,-0.048945535,-0.14660753,0.006872228,0.3310333,-0.30474055,9.796323,0.3406021,-0.08349493,-1.0789709,21.150002,42.9,-6.0750003,-0.002032075,-0.018007101,0.16948842,0.9853554,-19.509119,0.5791912,-1.9942809,11.05531222,76.92714728,402.8211,0.0,,3.7900925,0.27,2,2
6.080,416839542175319,0.16674984,-0.25872394,10.430762,0.058261223,0.16332996,-0.0046578436,0.33598632,-0.30326843,9.796199,-0.16923648,0.04454448,0.63456345,22.725,42.675003,-9.225,-0.0023586217,-0.017580533,0.16948915,0.9853665,-19.508942,0.60778403,-1.9397709,11.05531222,76.92714728,402.8211,0.0,,3.7900925,0.29,2,2
6.100,416839562175319,0.30717862,-0.15882361,9.827322,0.003970621,-0.02596175,5.3450663E-4,0.3427294,-0.30848253,9.795803,-0.035550788,0.14965892,0.031519413,23.1,41.925003,-9.225,-0.0025060514,-0.017330194,0.16949087,0.9853717,-19.509056,0.6195745,-1.9086354,11.05531222,76.92714728,402.8211,0.0,,3.7900925,0.31,2,2
6.120,416839582175319,0.401396,-0.34067813,10.04836,-0.025885392,-0.03313941,0.0017562361,0.33195165,-0.30329126,9.796336,0.06944436,-0.037386864,0.2520237,21.825,42.225002,-6.675,-0.0027551947,-0.017281275,0.169496,0.98537207,-19.509274,0.6467684,-1.8982754,11.05531222,76.92714728,402.8211,0.0,,3.7900925,0.33,2,2
6.140,416839602175319,0.2798107,-0.21714866,9.631859,0.024434589,0.053756095,-1.5271618E-4,0.33659914,-0.30572197,9.796103,-0.056788452,0.088573314,-0.1642437,21.675001,42.300003,-5.925,-0.0030986753,-0.01727894,0.16950345,0.9853706,-19.509573,0.68552405,-1.8913451,11.05531222,76.92714728,402.8211,0.0,,3.7900925,0.35,2,2
6.160,416839622175319,0.27816564,-0.29671,9.764063,-0.012522727,-0.025121812,9.162971E-4,0.33799466,-0.3048871,9.796081,-0.05982904,0.008177087,-0.032018185,21.225,42.600002,-5.775,-0.0031197607,-0.017276224,0.16950396,0.9853705,-19.509598,0.68785334,-1.8906293,11.05531222,76.92714728,402.8211,0.0,,3.7900925,0.37,2,2
6.180,416839642175319,0.389731,-0.24376881,10.1005535,0.002443459,-0.006108647,-1.5271618E-4,0.33500627,-0.3041064,9.796207,0.054724723,0.06033761,0.3043456,22.125,42.75,-7.5750003,-0.003168081,-0.017281886,0.1695049,0.9853701,-19.509624,0.6934215,-1.890331,11.05531222,76.92714728,402.8211,0.0,,3.7900925,0.39,2,2
6.200,416839662175319,0.3047858,-0.25663024,9.879815,0.0027488912,0.014355321,9.162971E-4,0.3362611,-0.3052825,9.796127,-0.031475306,0.048652276,0.08368778,22.425001,42.525,-8.325001,-0.0031973664,-0.017283084,0.16950549,0.98536986,-19.509642,0.6967529,-1.8898976,11.05531222,76.92714728,402.8211,0.0,,3.7900925,0.41,2,2
6.220,416839682175319,0.31450662,-0.28175485,9.656236,-0.0064904373,-0.0068722283,9.162971E-4,0.3358715,-0.30416447,9.796176,-0.021364868,0.022409603,-0.13994026,23.175001,42.675003,-11.1,-0.0032343408,-0.017286848,0.1695063,0.9853695,-19.50967,0.7010028,-1.8896049,11.05531222,76.92714728,402.8211,0.0,,3.7900925,0.43,2,2
6.240,416839702175319,0.31615168,-0.2600699,9.88146,0.004505127,0.0014508038,-1.5271618E-4,0.3370809,-0.3043944,9.796127,-0.020929202,0.04432448,0.08533287,22.275002,42.600002,-8.55,-0.0032344332,-0.017286858,0.1695063,0.9853695,-19.50967,0.7010134,-1.8896043,11.05531222,76.92714728,402.8211,0.0,,3.7900925,0.45,2,2
6.260,416839722175319,0.3539882,-0.24197419,9.989885,-0.0028252492,-0.0058795726,8.39939E-4,0.33574858,-0.30418321,9.796179,0.018239617,0.062209025,0.19370604,21.75,42.75,-7.2000003,-0.003235001,-0.017286992,0.1695063,0.9853695,-19.509668,0.7010801,-1.8896084,11.05531222,76.92714728,402.8211,0.0,,3.7900925,0.47,2,2
6.280,416839742175319,0.3133102,-0.26769704,9.90494,7.635809E-5,0.006108647,9.926552E-4,0.334873,-0.30399075,9.796215,-0.02156277,0.036293715,0.108724594,20.925001,42.375,-5.25,-0.0032356533,-0.017287098,0.1695063,0.9853695,-19.509666,0.70115584,-1.8896079,11.05531222,76.92714728,402.8211,0.0,,3.7900925,0.49,2,2
6.300,416839762175319,0.30523443,-0.26739794,9.693325,1.5271618E-4,0.0038179043,-1.5271618E-4,0.33618417,-0.30396384,9.796171,-0.030949742,0.0365659,-0.10284662,20.550001,42.825,-4.875,-0.003235784,-0.017287113,0.1695063,0.9853695,-19.509666,0.70117086,-1.8896071,11.05531222,76.92714728,402.8211,0.0,,3.7900925,0.51,2,2
6.320,416839782175319,0.33200413,-0.26665017,9.897312,-8.39939E-4,-0.0068722283,7.635809E-4,0.33545268,-0.3035344,9.79621,-0.003448531,0.03688422,0.10110235,20.550001,42.75,-4.425,-0.003235923,-0.017287135,0.1695063,0.9853695,-19.509666,0.701187,-1.8896068,11.05531222,76.92714728,402.8211,0.0,,3.7900925,0.53,2,2
6.340,416839802175319,0.32497522,-0.25004995,9.982706,6.872228E-4,0.003283398,0.0010690133,0.33503082,-0.30376935,9.796217,-0.010055602,0.053719386,0.1864891,20.775002,42.300003,-4.7250004,-0.0032360551,-0.017287156,0.1695063,0.9853695,-19.509666,0.7012023,-1.8896066,11.05531222,76.92714728,402.8211,0.0,,3.7900925,0.55,2,2
6.360,416839822175319,0.3234797,-0.27008986,9.837492,-0.0020616683,0.0018325942,0.0010690133,0.33440176,-0.30347064,9.7962475,-0.0109220445,0.03338079,0.041244507,20.775002,42.45,-5.175,-0.0032362,-0.017287178,0.1695063,0.9853695,-19.509666,0.7012191,-1.8896064,11.05531222,76.92714728,402.8211,0.0,,3.7900925,0.57,2,2
6.380,416839842175319,0.3074777,-0.2727818,9.767801,7.635809E-4,0.002519817,1.5271618E-4,0.33506587,-0.3032571,9.796232,-0.027588159,0.030475318,-0.028430939,20.775002,42.15,-4.275,-0.0032363564,-0.017287193,0.1695063,0.9853695,-19.509665,0.7012371,-1.8896049,11.05531222,76.92714728,402.8211,0.0,,3.7900925,0.59,2,2
6.400,416839862175319,0.31974095,-0.25558338,9.901799,-2.2907427E-4,-0.0038179047,-1.5271618E-4,0.33539748,-0.30317,9.796223,-0.015656546,0.04758662,0.105576515,21.675001,43.050003,-6.675,-0.0032365029,-0.017287206,0.1695063,0.9853695,-19.509665,0.70125383,-1.8896036,11.05531222,76.92714728,402.8211,0.0,,3.7900925,0.61,2,2
6.420,416839882175319,0.3475575,-0.25767708,9.956684,-8.39939E-4,-0.0015271618,0.0010690133,0.3341287,-0.30287093,9.796276,0.013428777,0.04519385,0.1604085,21.45,42.45,-7.2000003,-0.00323664,-0.017287232,0.1695063,0.9853695,-19.509666,0.7012698,-1.8896039,11.05531222,76.92714728,402.8211,0.0,,3.7900925,0.63,2,2
6.440,416839902175319,0.31181473,-0.2656033,9.824481,5.3450663E-4,0.005879573,0.0010690133,0.33417264,-0.30276993,9.796277,-0.022357926,0.037166625,0.028203964,20.775002,42.75,-3.6750002,-0.003236783,-0.01728725,0.1695063,0.9853695,-19.509666,0.7012864,-1.8896033,11.05531222,76.92714728,402.8211,0.0,,3.7900925,0.65,2,2
6.460,416839922175319,0.31660032,-0.26919258,9.784252,-3.0543236E-4,-6.872228E-4,4.5814854E-4,0.3346923,-0.30237752,9.796271,-0.018091962,0.03318496,-0.012019634,22.050001,42.45,-8.55,-0.0032369327,-0.01728727,0.1695063,0.9853695,-19.509666,0.7013036,-1.8896023,11.05531222,76.92714728,402.8211,0.0,,3.7900925,0.67,2,2
6.480,416839942175319,0.33604202,-0.25722843,9.935598,6.872228E-4,-0.0027488912,-1.5271618E-4,0.33390924,-0.3008136,9.796347,0.0021327734,0.04358515,0.13925123,22.050001,42.600002,-7.5750003,-0.0032370703,-0.017287297,0.1695063,0.9853695,-19.509666,0.70131963,-1.889603,11.05531222,76.92714728,402.8211,0.0,,3.7900925,0.69,2,2
6.500,416839962175319,0.32557344,-0.25932217,9.920045,1.5271618E-4,0.0017562361,6.108647E-4,0.3329325,-0.29980916,9.796411,-0.0073590726,0.04048699,0.12363434,20.85,42.45,-5.7000003,-0.003237206,-0.01728732,0.1695063,0.9853695,-19.509665,0.70133543,-1.8896028,11.05531222,76.92714728,402.8211,0.0,,3.7900925,0.71,2,2
6.520,416839982175319,0.3173481,-0.27128628,9.802647,1.5271618E-4,0.0022143847,6.108647E-4,0.3324149,-0.2987194,9.796462,-0.0150668025,0.027433127,0.006184578,21.150002,42.675003,-6.15,-0.0032373583,-0.017287338,0.1695063,0.9853695,-19.509665,0.70135295,-1.889602,11.05531222,76.92714728,402.8211,0.0,,3.7900925,0.73,2,2
6.540,416840002175319,0.3155535,-0.26829523,9.820443,1.5271618E-4,-3.8179045E-4,9.926552E-4,0.33254212,-0.29709545,9.796506,-0.016988635,0.02880022,0.023937225,21.0,42.375,-5.55,-0.00323751,-0.017287357,0.1695063,0.9853695,-19.509665,0.70137054,-1.8896011,11.05531222,76.92714728,402.8211,0.0,,3.7900925,0.75,2,2
6.560,416840022175319,0.3290131,-0.25378877,9.916754,1.5271618E-4,-0.0019089523,8.39939E-4,0.33211717,-0.2959464,9.7965555,-0.003104046,0.042157635,0.12019873,20.7,42.45,-4.875,-0.0032376463,-0.017287377,0.1695063,0.9853695,-19.509665,0.7013863,-1.8896006,11.05531222,76.92714728,402.8211,0.0,,3.7900925,0.77,2,2
6.580,416840042175319,0.32811582,-0.26081765,9.9038925,-7.635809E-4,8.39939E-4,2.2907427E-4,0.33124116,-0.2950085,9.796614,-0.0031253546,0.03419085,0.1072793,21.0,42.15,-5.8500004,-0.0032377837,-0.0172874,0.1695063,0.9853695,-19.509665,0.70140225,-1.8896006,11.05531222,76.92714728,402.8211,0.0,,3.7900925,0.79,2,2
6.600,416840062175319,0.31375885,-0.2675475,9.8013,7.635809E-5,0.0013744456,0.0010690133,0.33086762,-0.293894,9.796659,-0.017108753,0.02634652,0.004641056,21.300001,42.675003,-6.0750003,-0.0032379313,-0.017287415,0.1695063,0.9853695,-19.509665,0.7014192,-1.8895996,11.05531222,76.92714728,402.8211,0.0,,3.7900925,0.81,2,2
6.620,416840082175319,0.31420752,-0.26051855,9.852896,-3.0543236E-4,-0.0012980875,0.0010690133,0.33117843,-0.2924813,9.796692,-0.016970903,0.031962737,0.056203842,22.050001,42.675003,-7.5750003,-0.003238074,-0.017287428,0.1695063,0.9853695,-19.509663,0.70143557,-1.8895983,11.05531222,76.92714728,402.8211,0.0,,3.7900925,0.83,2,2
6.640,416840102175319,0.33379877,-0.25543383,9.921391,1.5271618E-4,-0.0019089523,0.0010690133,0.33050632,-0.29135314,9.796748,0.0032924265,0.03591931,0.124641895,20.550001,42.525,-5.25,-0.0032382074,-0.017287454,0.1695063,0.9853695,-19.509663,0.7014511,-1.8895983,11.05531222,76.92714728,402.8211,0.0,,3.7900925,0.85,2,2
6.660,416840122175319,0.32422745,-0.26156542,9.882059,1.5271618E-4,0.0018325942,0.0010690133,0.32977515,-0.29076695,9.79679,-0.0055476874,0.029201537,0.0852685,21.225,42.825,-7.1250005,-0.0032383464,-0.017287478,0.1695063,0.9853695,-19.509663,0.7014673,-1.8895985,11.05531222,76.92714728,402.8211,0.0,,3.7900925,0.87,2,2
6.680,416840142175319,0.31585258,-0.27098715,9.805189,-4.5814854E-4,0.0012980875,0.0010690133,0.3297668,-0.28972676,9.796821,-0.013914213,0.018739596,0.008368492,21.225,42.45,-5.55,-0.0032384982,-0.017287495,0.1695063,0.9853695,-19.509663,0.70148474,-1.8895974,11.05531222,76.92714728,402.8211,0.0,,3.7900925,0.89,2,2
6.700,416840162175319,0.32467613,-0.2597708,9.869646,-2.2907427E-4,-0.0012980875,7.635809E-4,0.32952985,-0.28854504,9.796864,-0.0048537254,0.028774232,0.07278204,20.775002,42.45,-5.25,-0.0032386424,-0.017287517,0.1695063,0.9853695,-19.509663,0.7015015,-1.8895972,11.05531222,76.92714728,402.8211,0.0,,3.7900925,0.91,2,2
6.720,416840182175319,0.3254239,-0.25842485,9.920792,1.5271618E-4,-2.2907427E-4,3.8179045E-4,0.32889926,-0.28789255,9.796904,-0.003475383,0.029467702,0.12388849,21.0,42.45,-5.025,-0.0032387786,-0.017287537,0.1695063,0.9853695,-19.509663,0.7015172,-1.8895968,11.05531222,76.92714728,402.8211,0.0,,3.7900925,0.93,2,2
6.740,416840202175319,0.3201896,-0.26485556,9.854242,-9.162971E-4,0.0013744456,4.5814854E-4,0.32833713,-0.28707972,9.7969475,-0.008147553,0.022224158,0.05729437,21.525002,42.300003,-6.9750004,-0.0032389222,-0.017287556,0.1695063,0.9853695,-19.509663,0.70153385,-1.8895962,11.05531222,76.92714728,402.8211,0.0,,3.7900925,0.95,2,2
6.760,416840222175319,0.3182454,-0.26485556,9.815956,1.5271618E-4,9.926552E-4,3.0543236E-4,0.32840368,-0.2860937,9.796974,-0.010158271,0.021238148,0.01898241,20.625,42.525,-4.425,-0.0032390656,-0.017287573,0.1695063,0.9853695,-19.509663,0.70155036,-1.8895953,11.05531222,76.92714728,402.8211,0.0,,3.7900925,0.97,2,2
6.780,416840242175319,0.3251248,-0.26051855,9.88161,1.5271618E-4,-0.0013744456,7.635809E-4,0.32845414,-0.28527695,9.796995,-0.0033293515,0.024758384,0.08461475,22.650002,42.675003,-8.175,-0.003239204,-0.017287593,0.1695063,0.9853695,-19.509663,0.70156646,-1.8895949,,,,,,,,2,2
6.800,416840262175319,0.32766715,-0.2588735,9.907482,-9.162971E-4,-0.0010690133,0.0010690133,0.32774472,-0.28469235,9.797036,-7.7575445E-5,0.025818855,0.110445976,21.225,42.825,-6.675,-0.0032393406,-0.017287616,0.1695063,0.9853695,-19.509663,0.70158225,-1.8895947,11.05531475,76.9271437,401.70837,0.0,,3.7900925,0.01,2,2
6.820,416840282175319,0.31704903,-0.2669493,9.84826,-3.8179045E-4,0.0014508037,3.8179045E-4,0.32738364,-0.28405425,9.797067,-0.010334626,0.017104968,0.051193237,22.125,42.600002,-8.625,-0.0032394887,-0.017287632,0.1695063,0.9853695,-19.509663,0.7015993,-1.8895938,11.05531475,76.9271437,401.70837,0.0,,3.7900925,0.03,2,2
6.840,416840302175319,0.31704903,-0.2672484,9.832258,1.5271618E-4,-1.5271618E-4,6.872228E-4,0.32763928,-0.28304425,9.797088,-0.01059027,0.015795872,0.03517008,21.900002,42.15,-7.2000003,-0.0032396398,-0.017287651,0.1695063,0.9853695,-19.509663,0.7016167,-1.889593,11.05531475,76.9271437,401.70837,0.0,,3.7900925,0.05,2,2
6.860,416840322175319,0.32856447,-0.25722843,9.895219,1.5271618E-4,-0.001679878,0.0,0.3273743,-0.28241327,9.797114,0.0011901557,0.02518484,0.09810448,22.800001,42.0,-9.225,-0.00323978,-0.017287672,0.1695063,0.9853695,-19.50966,0.7016329,-1.8895925,11.05531475,76.9271437,401.70837,0.0,,3.7900925,0.07,2,2
6.880,416840342175319,0.324377,-0.26126632,9.8914795,-9.162971E-4,3.0543236E-4,-1.5271618E-4,0.3266432,-0.28181118,9.797156,-0.0022661835,0.020544857,0.094323635,21.45,42.825,-5.925,-0.0032399204,-0.017287694,0.1695063,0.9853695,-19.50966,0.70164925,-1.8895925,11.05531475,76.9271437,401.70837,0.0,,3.7900925,0.09,2,2
6.900,416840362175319,0.31630123,-0.26470602,9.840334,-1.5271618E-4,0.001679878,3.8179045E-4,0.32667977,-0.28107065,9.797176,-0.010378525,0.016364634,0.0431571,22.35,42.675003,-8.400001,-0.0032400659,-0.01728771,0.1695063,0.9853695,-19.50966,0.701666,-1.8895912,11.05531475,76.9271437,401.70837,0.0,,3.7900925,0.11,2,2
6.920,416840382175319,0.3219842,-0.2606681,9.84497,0.0,-0.0012217294,-1.5271618E-4,0.32689446,-0.28038782,9.797189,-0.0049102604,0.019719705,0.04778099,21.075,42.375,-5.25,-0.0032402065,-0.01728773,0.1695063,0.9853695,-19.50966,0.70168227,-1.8895906,11.05531475,76.9271437,401.70837,0.0,,3.7900925,0.13,2,2
6.940,416840402175319,0.33035907,-0.2606681,9.897163,-4.5814854E-4,-0.0010690133,-1.5271618E-4,0.32676554,-0.2798693,9.797208,0.0035935342,0.019201174,0.09995556,20.925001,42.75,-4.425,-0.0032403455,-0.017287755,0.1695063,0.9853695,-19.50966,0.7016985,-1.8895911,11.05531475,76.9271437,401.70837,0.0,,3.7900925,0.15,2,2
6.960,416840422175319,0.324377,-0.26395828,9.878469,-5.3450663E-4,-2.2907427E-4,-1.5271618E-4,0.32621405,-0.27923962,9.797245,-0.00183703,0.015281364,0.081223965,21.300001,42.375,-5.775,-0.0032404873,-0.01728778,0.1695063,0.9853695,-19.50966,0.70171493,-1.8895911,11.05531475,76.9271437,401.70837,0.0,,3.7900925,0.17,2,2
6.980,416840442175319,0.31869406,-0.26769704,9.840184,9.926552E-4,0.0012980875,-1.5271618E-4,0.3259775,-0.278663,9.797268,-0.0072834343,0.010965973,0.042916298,20.1,42.225002,-4.3500004,-0.0032406335,-0.017287798,0.1695063,0.9853695,-19.509659,0.7017318,-1.8895904,11.05531475,76.9271437,401.70837,0.0,,3.7900925,0.19,2,2
7.000,416840462175319,0.3188436,-0.26470602,9.860823,1.5271618E-4,-3.8179045E-4,-1.5271618E-4,0.3257739,-0.27791965,9.797297,-0.0069302768,0.013213649,0.06352568,20.475,42.225002,-5.7000003,-0.003240778,-0.017287813,0.1695063,0.9853695,-19.509659,0.70174843,-1.8895891,11.05531475,76.9271437,401.70837,0.0,,3.7900925,0.21,2,2
7.020,416840482175319,0.32452658,-0.25992036,9.89522,1.5271618E-4,2.2907427E-4,0.0,0.32535383,-0.27739233,9.797325,-8.2725286E-4,0.01747197,0.09789419,22.275002,42.975002,-7.3500004,-0.0032409176,-0.017287835,0.1695063,0.9853695,-19.509659,0.70176464,-1.889589,11.05531475,76.9271437,401.70837,0.0,,3.7900925,0.23,2,2
7.040,416840502175319,0.31974095,-0.26470602,9.8632145,1.5271618E-4,7.635809E-4,0.0010690133,0.324888,-0.2769515,9.797354,-0.005147055,0.012245476,0.065861225,22.050001,42.675003,-7.425,-0.0032410612,-0.017287854,0.1695063,0.9853695,-19.509659,0.70178115,-1.8895882,11.05531475,76.9271437,401.70837,0.0,,3.7900925,0.25,2,2
7.060,416840522175319,0.31719854,-0.26605198,9.838839,1.5271618E-4,7.635809E-4,0.0010690133,0.32472154,-0.27644116,9.797374,-0.0075230002,0.010389179,0.04146433,21.75,42.975002,-7.1250005,-0.0032412088,-0.017287873,0.1695063,0.9853695,-19.50966,0.70179826,-1.8895876,11.05531475,76.9271437,401.70837,0.0,,3.7900925,0.27,2,2
7.080,416840542175319,0.31959137,-0.26470602,9.870842,1.5271618E-4,-4.5814854E-4,3.8179045E-4,0.3246334,-0.27587876,9.797393,-0.0050420165,0.011172742,0.073449135,22.650002,42.825,-9.0,-0.0032413562,-0.017287891,0.1695063,0.9853695,-19.509659,0.70181525,-1.889587,11.05531475,76.9271437,401.70837,0.0,,3.7900925,0.29,2,2
7.100,416840562175319,0.32422745,-0.26306093,9.886097,1.5271618E-4,-1.5271618E-4,3.0543236E-4,0.32416227,-0.27530593,9.797423,6.519258E-5,0.0122449845,0.088673115,21.300001,42.525,-6.8250003,-0.0032414973,-0.017287914,0.1695063,0.9853695,-19.509659,0.7018316,-1.8895868,11.05531475,76.9271437,401.70837,0.0,,3.7900925,0.31,2,2
7.120,416840582175319,0.31645077,-0.26111677,9.851999,1.5271618E-4,7.635809E-4,-1.5271618E-4,0.32417345,-0.274823,9.797437,-0.007722661,0.013706237,0.05456209,22.5,42.225002,-8.925,-0.0032416407,-0.01728793,0.1695063,0.9853695,-19.509659,0.7018481,-1.889586,11.05531475,76.9271437,401.70837,0.0,,3.7900925,0.33,2,2
7.140,416840602175319,0.32362926,-0.2635096,9.853793,1.5271618E-4,-4.5814854E-4,-7.635809E-5,0.3242004,-0.27441475,9.797447,-5.711317E-4,0.010905147,0.05634594,21.0,42.45,-5.4750004,-0.0032417828,-0.017287955,0.1695063,0.9853695,-19.509659,0.70186466,-1.889586,11.05531475,76.9271437,401.70837,0.0,,3.7900925,0.35,2,2
7.160,416840622175319,0.32512477,-0.2656033,9.876675,1.5271618E-4,-4.5814854E-4,0.0010690133,0.3240425,-0.2738884,9.797467,0.0010822713,0.00828509,0.07920694,20.925001,42.75,-4.9500003,-0.003241925,-0.017287979,0.1695063,0.9853695,-19.509659,0.7018812,-1.8895857,11.05531475,76.9271437,401.70837,0.0,,3.7900925,0.37,2,2
7.180,416840642175319,0.32497522,-0.26186454,9.876077,1.5271618E-4,5.3450663E-4,7.635809E-5,0.32371202,-0.2736608,9.797485,0.0012632012,0.011796281,0.07859135,22.275002,42.825,-8.025001,-0.0032420673,-0.017288001,0.1695063,0.9853695,-19.509659,0.7018977,-1.8895855,11.05531475,76.9271437,401.70837,0.0,,3.7900925,0.39,2,2
7.200,416840662175319,0.3201896,-0.26979077,9.854391,1.5271618E-4,7.635809E-4,-1.5271618E-4,0.32346293,-0.273286,9.797503,-0.003273353,0.003495261,0.056887627,20.7,42.675003,-4.875,-0.0032422147,-0.01728802,0.1695063,0.9853695,-19.509657,0.7019146,-1.8895849,11.05531475,76.9271437,401.70837,0.0,,3.7900925,0.41,2,2
7.220,416840682175319,0.32243285,-0.26515466,9.8581295,1.5271618E-4,7.635809E-4,-1.5271618E-4,0.32348335,-0.27294278,9.797513,-0.0010505021,0.0077881217,0.06061697,20.625,42.375,-5.4,-0.003242358,-0.017288042,0.1695063,0.9853695,-19.509657,0.7019313,-1.8895847,11.05531475,76.9271437,401.70837,0.0,,3.7900925,0.43,2,2
7.240,416840702175319,0.32826537,-0.2638087,9.876675,-2.2907427E-4,2.2907427E-4,3.0543236E-4,0.32330438,-0.27260205,9.797528,0.004960969,0.008793354,0.079146385,20.625,42.300003,-4.9500003,-0.0032425025,-0.017288065,0.1695063,0.9853695,-19.509657,0.701948,-1.8895844,11.05531475,76.9271437,401.70837,0.0,,3.7900925,0.45,2,2
7.260,416840722175319,0.32482567,-0.2650051,9.866804,7.635809E-5,7.635809E-4,4.5814854E-4,0.3230437,-0.27215478,9.797549,0.0017819703,0.0071496665,0.069254875,20.775002,42.15,-6.525,-0.0032426433,-0.01728809,0.1695063,0.9853695,-19.509657,0.70196444,-1.8895844,11.05531475,76.9271437,401.70837,0.0,,3.7900925,0.47,2,2
7.280,416840742175319,0.32108688,-0.26186454,9.863365,1.5271618E-4,6.108647E-4,0.0010690133,0.3229529,-0.27179793,9.797562,-0.0018659979,0.009933397,0.06580305,20.775002,42.375,-4.9500003,-0.0032427856,-0.01728811,0.1695063,0.9853695,-19.509657,0.7019808,-1.8895838,11.05531475,76.9271437,401.70837,0.0,,3.7900925,0.49,2,2
7.300,416840762175319,0.32004002,-0.26216364,9.869646,-1.5271618E-4,-4.5814854E-4,0.0010690133,0.32295284,-0.27147803,9.79757,-0.0029128194,0.009314403,0.07207537,20.625,42.525,-5.25,-0.0032429276,-0.017288128,0.1695063,0.9853695,-19.509657,0.7019973,-1.8895831,11.05531475,76.9271437,401.70837,0.0,,3.7900925,0.51,2,2
7.320,416840782175319,0.32318062,-0.26156545,9.88146,-5.3450663E-4,-4.5814854E-4,5.3450663E-4,0.3226278,-0.27121553,9.797589,5.528033E-4,0.009650096,0.08387089,21.150002,42.975002,-5.625,-0.0032430675,-0.017288148,0.1695063,0.9853695,-19.509655,0.70201343,-1.8895828,11.05531475,76.9271437,401.70837,0.0,,3.7900925,0.53,2,2
7.340,416840802175319,0.32004005,-0.26321048,9.871889,-3.8179045E-4,7.635809E-4,5.3450663E-4,0.3223886,-0.2708281,9.797606,-0.002348557,0.0076176077,0.07428217,21.900002,42.525,-5.925,-0.0032432086,-0.017288167,0.1695063,0.9853695,-19.509655,0.7020297,-1.889582,11.05531475,76.9271437,401.70837,0.0,,3.7900925,0.55,2,2
7.360,416840822175319,0.32168508,-0.2623132,9.856186,1.5271618E-4,7.635809E-4,2.2907427E-4,0.32238728,-0.27044138,9.797617,-7.021874E-4,0.008128196,0.058568954,20.1,42.525,-4.275,-0.0032433497,-0.017288184,0.1695063,0.9853695,-19.509655,0.70204604,-1.8895812,11.05531475,76.9271437,401.70837,0.0,,3.7900925,0.57,2,2
7.380,416840842175319,0.3234797,-0.2623132,9.874432,1.5271618E-4,-2.2907427E-4,3.0543236E-4,0.3222321,-0.26991796,9.797637,0.0012476146,0.007604778,0.076794624,21.300001,42.600002,-6.0750003,-0.0032434915,-0.017288204,0.1695063,0.9853695,-19.509655,0.70206237,-1.889581,11.05531475,76.9271437,401.70837,0.0,,3.7900925,0.59,2,2
7.400,416840862175319,0.32138598,-0.25782663,9.879665,1.5271618E-4,1.5271618E-4,9.926552E-4,0.32199055,-0.26961857,9.797653,-6.04555E-4,0.01179193,0.08201218,21.0,42.600002,-6.0,-0.0032436291,-0.017288225,0.1695063,0.9853695,-19.509655,0.70207834,-1.8895804,11.05531475,76.9271437,401.70837,0.0,,3.7900925,0.61,2,2
7.420,416840882175319,0.32153553,-0.26365915,9.86157,1.5271618E-4,7.635809E-4,0.0010690133,0.32187393,-0.26942164,9.797664,-3.3839047E-4,0.0057624876,0.06390619,21.975,42.9,-7.5000005,-0.0032437749,-0.017288245,0.1695063,0.9853695,-19.509655,0.70209515,-1.8895799,11.05531475,76.9271437,401.70837,0.0,,3.7900925,0.63,2,2
7.440,416840902175319,0.32243288,-0.2638087,9.856336,-2.2907427E-4,3.0543236E-4,0.0010690133,0.3218609,-0.26919648,9.79767,5.7195127E-4,0.005387783,0.058665276,21.225,42.375,-5.55,-0.0032439197,-0.017288268,0.1695063,0.9853695,-19.509653,0.702112,-1.8895798,11.05531475,76.9271437,401.70837,0.0,,3.7900925,0.65,2,2
7.460,416840922175319,0.32153553,-0.2623132,9.8756275,-4.5814854E-4,-4.5814854E-4,0.0010690133,0.32180876,-0.26873958,9.797684,-2.732128E-4,0.006426394,0.0779438,21.300001,42.600002,-6.3750005,-0.0032440645,-0.017288288,0.1695063,0.9853695,-19.509653,0.70212877,-1.889579,11.05531475,76.9271437,401.70837,0.0,,3.7900925,0.67,2,2
7.480,416840942175319,0.3240779,-0.2585744,9.870394,1.5271618E-4,2.2907427E-4,-1.5271618E-4,0.32162654,-0.2685784,9.797694,0.0024513751,0.010004014,0.07269955,21.75,42.675003,-7.5000005,-0.0032442012,-0.017288312,0.1695063,0.9853695,-19.509653,0.7021446,-1.8895793,11.05531475,76.9271437,401.70837,0.0,,3.7900925,0.69,2,2
7.500,416840962175319,0.31959137,-0.26470602,9.859476,-1.5271618E-4,2.2907427E-4,-1.5271618E-4,0.32159624,-0.2683448,9.797702,-0.0020048618,0.0036387742,0.061774254,21.825,42.15,-7.2000003,-0.0032443444,-0.01728833,0.1695063,0.9853695,-19.509653,0.70216113,-1.8895785,11.05531475,76.9271437,401.70837,0.0,,3.7900925,0.71,2,2
7.520,416840982175319,0.32093734,-0.26365912,9.860074,0.0,-3.0543236E-4,-1.5271618E-4,0.32170457,-0.2679802,9.797708,-7.672161E-4,0.0043210536,0.062366486,21.150002,42.75,-6.8250003,-0.0032444885,-0.01728835,0.1695063,0.9853695,-19.509653,0.70217776,-1.8895779,11.05531475,76.9271437,401.70837,0.0,,3.7900925,0.73,2,2
7.540,416841002175319,0.32587254,-0.26051855,9.879665,1.5271618E-4,-3.0543236E-4,0.0010690133,0.3217208,-0.26800925,9.797707,0.0041517317,0.0074906796,0.08195925,20.775002,42.225002,-3.6000001,-0.003244627,-0.017288374,0.1695063,0.9853695,-19.509653,0.7021939,-1.8895779,11.05531475,76.9271437,401.70837,0.0,,3.7900925,0.75,2,2
7.560,416841022175319,0.32422745,-0.2670988,9.869795,-6.872228E-4,-7.635809E-5,0.0010690133,0.32157102,-0.26789007,9.797715,0.002656445,7.9125166E-4,0.072080135,21.825,42.9,-7.7250004,-0.0032447749,-0.017288394,0.1695063,0.9853695,-19.509651,0.702211,-1.8895774,11.05531475,76.9271437,401.70837,0.0,,3.7900925,0.77,2,2
7.580,416841042175319,0.3164508,-0.2659024,9.857383,0.0,-4.5814854E-4,4.5814854E-4,0.3215168,-0.26780167,9.797719,-0.0050660074,0.0018992573,0.059663773,19.95,42.375,-5.025,-0.0032449185,-0.01728841,0.1695063,0.9853695,-19.509651,0.7022275,-1.8895763,11.05531475,76.9271437,401.70837,0.0,,3.7900925,0.79,2,2
7.600,416841062175319,0.31974092,-0.26485556,9.868748,-3.8179045E-4,-4.5814854E-4,0.0010690133,0.32159907,-0.2674844,9.797726,-0.001858145,0.002628848,0.07102251,21.525002,42.825,-6.2250004,-0.0032450622,-0.017288428,0.1695063,0.9853695,-19.509651,0.7022441,-1.8895757,11.05531475,76.9271437,401.70837,0.0,,3.7900925,0.81,2,2
7.620,416841082175319,0.325723,-0.26156542,9.879217,1.5271618E-4,-2.2907427E-4,3.0543236E-4,0.3214248,-0.2672976,9.797736,0.0042981654,0.0057321787,0.08148098,20.625,42.600002,-4.425,-0.0032452035,-0.017288452,0.1695063,0.9853695,-19.509651,0.7022606,-1.8895757,11.05531475,76.9271437,401.70837,0.0,,3.7900925,0.83,2,2
7.640,416841102175319,0.3198905,-0.26171497,9.86157,-3.0543236E-4,2.2907427E-4,3.0543236E-4,0.32136238,-0.26699534,9.797746,-0.001471892,0.0052803755,0.06382418,20.85,42.45,-6.0,-0.0032453458,-0.017288467,0.1695063,0.9853695,-19.509651,0.70227695,-1.8895744,11.05531475,76.9271437,401.70837,0.0,,3.7900925,0.85,2,2
7.660,416841122175319,0.3225824,-0.26111674,9.862916,1.5271618E-4,1.5271618E-4,3.8179045E-4,0.32135677,-0.2668507,9.79775,0.0012256205,0.005733952,0.06516552,20.475,42.300003,-4.9500003,-0.0032454852,-0.017288487,0.1695063,0.9853695,-19.509651,0.7022931,-1.8895739,11.05531475,76.9271437,401.70837,0.0,,3.7900925,0.87,2,2
7.680,416841142175319,0.32093734,-0.2656033,9.868748,1.5271618E-4,-4.5814854E-4,0.0010690133,0.321368,-0.26664194,9.797756,-4.3067336E-4,0.0010386258,0.07099199,20.625,42.525,-4.9500003,-0.0032456303,-0.017288506,0.1695063,0.9853695,-19.50965,0.70230985,-1.8895733,11.05531475,76.9271437,401.70837,0.0,,3.7900925,0.89,2,2
7.700,416841162175319,0.32362926,-0.26051855,9.866505,-3.0543236E-4,-7.635809E-5,5.3450663E-4,0.32126835,-0.26669624,9.797757,0.0023609102,0.0061776787,0.068748,20.550001,42.375,-5.7000003,-0.003245771,-0.017288527,0.1695063,0.9853695,-19.50965,0.7023261,-1.8895729,11.05531475,76.9271437,401.70837,0.0,,3.7900925,0.91,2,2
7.720,416841182175319,0.32497522,-0.26814568,9.861271,-3.0543236E-4,7.635809E-4,0.0010690133,0.32107493,-0.26639423,9.797771,0.0039002895,-0.0017514676,0.06349945,22.125,42.225002,-7.7250004,-0.0032459188,-0.01728855,0.1695063,0.9853695,-19.509651,0.7023433,-1.8895731,11.05531475,76.9271437,401.70837,0.0,,3.7900925,0.93,2,2
7.740,416841202175319,0.32198417,-0.26051855,9.863364,1.5271618E-4,7.635809E-4,3.8179045E-4,0.32109165,-0.26606804,9.79778,8.9253485E-4,0.0055494756,0.06558418,20.400002,42.75,-4.875,-0.0032460617,-0.017288571,0.1695063,0.9853695,-19.509651,0.7023598,-1.8895727,11.05531475,76.9271437,401.70837,0.0,,3.7900925,0.95,2,2
7.760,416841222175319,0.32333016,-0.2594717,9.865009,1.5271618E-4,-7.635809E-5,3.0543236E-4,0.32103896,-0.26584628,9.797788,0.0022911876,0.0063745677,0.06722164,21.675001,42.300003,-6.2250004,-0.0032461993,-0.017288595,0.1695063,0.9853695,-19.509651,0.70237577,-1.8895725,11.05531475,76.9271437,401.70837,0.0,,3.7900925,0.97,2,2
7.780,416841242175319,0.3191427,-0.26261228,9.869197,1.5271618E-4,-4.5814854E-4,-1.5271618E-4,0.3209842,-0.26589483,9.797789,-0.0018415004,0.003282547,0.07140827,21.075,42.675003,-4.5,-0.0032463404,-0.017288612,0.1695063,0.9853695,-19.509651,0.7023921,-1.8895717,11.05531475,76.9271437,401.70837,0.0,,3.7900925,0.99,2,2
7.800,416841262175319,0.31944183,-0.26739794,9.865009,-3.0543236E-4,-3.8179045E-4,-1.5271618E-4,0.32080922,-0.2658272,9.797796,-0.0013673902,-0.0015707165,0.06721306,22.575,42.75,-8.625,-0.003246488,-0.01728863,0.1695063,0.9853695,-19.50965,0.7024091,-1.889571,11.05530714,76.92714862,402.19946,0.0,,3.7900925,0.01,2,2
7.820,416841282175319,0.31779677,-0.26216364,9.868,-6.108647E-4,-7.635809E-5,6.108647E-4,0.32086262,-0.2659247,9.7977915,-0.0030658543,0.003761053,0.07020903,21.375,42.225002,-6.15,-0.0032466287,-0.017288648,0.1695063,0.9853695,-19.50965,0.7024253,-1.8895701,11.05530714,76.92714862,402.19946,0.0,,3.7900925,0.03,2,2
7.840,416841302175319,0.3219842,-0.26455647,9.863962,-0.0010690133,-4.5814854E-4,0.0010690133,0.32079682,-0.26583758,9.797796,0.0011873841,0.0012811124,0.0661664,21.375,42.15,-5.8500004,-0.0032467737,-0.017288664,0.1695063,0.9853695,-19.50965,0.70244205,-1.8895693,11.05530714,76.92714862,402.19946,0.0,,3.7900925,0.05,2,2
7.860,416841322175319,0.32153553,-0.2623132,9.86157,-4.5814854E-4,7.635809E-5,4.5814854E-4,0.3208779,-0.2657689,9.797795,6.5763295E-4,0.0034556985,0.063774586,21.900002,42.675003,-7.2000003,-0.003246916,-0.017288683,0.1695063,0.9853695,-19.50965,0.70245844,-1.8895687,11.05530714,76.92714862,402.19946,0.0,,3.7900925,0.07,2,2
7.880,416841342175319,0.32303107,-0.26126632,9.870842,-8.39939E-4,-4.5814854E-4,7.635809E-5,0.3207147,-0.26563153,9.797805,0.0023163557,0.0043652058,0.07303715,21.75,42.675003,-7.425,-0.0032470552,-0.017288703,0.1695063,0.9853695,-19.50965,0.70247453,-1.8895682,11.05530714,76.92714862,402.19946,0.0,,3.7900925,0.09,2,2
7.900,416841362175319,0.32093734,-0.26470602,9.866655,1.5271618E-4,4.5814854E-4,1.5271618E-4,0.3207577,-0.2656849,9.797802,1.796484E-4,9.78902E-4,0.0688529,20.775002,42.225002,-4.8,-0.0032471973,-0.017288722,0.1695063,0.9853695,-19.50965,0.7024909,-1.8895674,11.05530714,76.92714862,402.19946,0.0,,3.7900925,0.11,2,2
7.920,416841382175319,0.32243285,-0.2638087,9.872038,-9.162971E-4,-3.8179045E-4,9.162971E-4,0.32055756,-0.26574293,9.797806,0.0018752813,0.0019342303,0.07423258,21.300001,42.15,-6.15,-0.0032473395,-0.017288743,0.1695063,0.9853695,-19.509647,0.70250744,-1.8895669,11.05530714,76.92714862,402.19946,0.0,,3.7900925,0.13,2,2
7.940,416841402175319,0.3173481,-0.26425737,9.866056,-8.39939E-4,7.635809E-5,0.0010690133,0.32050815,-0.26553273,9.797813,-0.0031600595,0.0012753755,0.06824303,20.7,42.225002,-4.425,-0.003247484,-0.017288757,0.1695063,0.9853695,-19.509647,0.702524,-1.8895658,11.05530714,76.92714862,402.19946,0.0,,3.7900925,0.15,2,2
7.960,416841422175319,0.3188436,-0.26246274,9.870243,1.5271618E-4,-4.5814854E-4,1.5271618E-4,0.32046682,-0.26541248,9.797818,-0.0016231984,0.0029497445,0.072425365,20.625,42.075,-6.0,-0.0032476299,-0.017288774,0.1695063,0.9853695,-19.509647,0.7025408,-1.889565,11.05530714,76.92714862,402.19946,0.0,,3.7900925,0.17,2,2
7.980,416841442175319,0.32213372,-0.26515466,9.868749,1.5271618E-4,7.635809E-5,-1.5271618E-4,0.32049495,-0.26553002,9.797814,0.001638785,3.7536025E-4,0.070934296,20.775002,41.7,-4.875,-0.0032477735,-0.017288795,0.1695063,0.9853695,-19.509647,0.70255744,-1.8895646,11.05530714,76.92714862,402.19946,0.0,,3.7900925,0.19,2,2
8.000,416841462175319,0.3207878,-0.26829523,9.865757,-4.5814854E-4,-4.5814854E-4,-1.5271618E-4,0.32062086,-0.26553714,9.79781,1.6692281E-4,-0.0027581006,0.06794739,21.675001,42.525,-5.8500004,-0.0032479202,-0.017288812,0.1695063,0.9853695,-19.509647,0.7025743,-1.8895637,11.05530714,76.92714862,402.19946,0.0,,3.7900925,0.21,2,2
8.020,416841482175319,0.3240779,-0.26679975,9.872038,-2.2907427E-4,-4.5814854E-4,-1.5271618E-4,0.3206927,-0.26551527,9.797809,0.003385231,-0.0012844652,0.07422972,20.7,42.300003,-4.3500004,-0.0032480664,-0.017288836,0.1695063,0.9853695,-19.509647,0.7025913,-1.8895636,11.05530714,76.92714862,402.19946,0.0,,3.7900925,0.23,2,2
8.040,416841502175319,0.32557344,-0.26515466,9.870992,-3.0543236E-4,0.0,8.39939E-4,0.32078066,-0.26556662,9.797803,0.004792765,4.119575E-4,0.07318878,20.175001,42.300003,-4.275,-0.0032482091,-0.01728886,0.1695063,0.9853695,-19.509647,0.70260787,-1.8895633,11.05530714,76.92714862,402.19946,0.0,,3.7900925,0.25,2,2
8.060,416841522175319,0.3234797,-0.26321048,9.864861,-9.926552E-4,-3.8179045E-4,0.0010690133,0.32064345,-0.26539776,9.797813,0.0028362572,0.002187267,0.06704664,20.400002,42.075,-4.3500004,-0.0032483486,-0.01728888,0.1695063,0.9853695,-19.509647,0.702624,-1.8895631,11.05530714,76.92714862,402.19946,0.0,,3.7900925,0.27,2,2
8.080,416841542175319,0.3219842,-0.26336002,9.868151,1.5271618E-4,5.3450663E-4,0.0010690133,0.32069826,-0.265137,9.797819,0.0012859404,0.0017769486,0.0703311,21.300001,42.675003,-5.3250003,-0.0032484878,-0.0172889,0.1695063,0.9853695,-19.509647,0.7026401,-1.8895626,11.05530714,76.92714862,402.19946,0.0,,3.7900925,0.29,2,2
8.100,416841562175319,0.3219842,-0.26051855,9.867851,1.5271618E-4,-4.5814854E-4,5.3450663E-4,0.32039696,-0.26512098,9.797829,0.0015872419,0.0046024173,0.070022106,20.475,42.0,-3.9,-0.0032486282,-0.017288923,0.1695063,0.9853695,-19.509647,0.70265645,-1.8895625,11.05530714,76.92714862,402.19946,0.0,,3.7900925,0.31,2,2
8.120,416841582175319,0.31779677,-0.26395825,9.865309,-3.8179045E-4,6.872228E-4,0.0010690133,0.3203475,-0.26502275,9.7978325,-0.002550736,0.0010645092,0.06747627,21.900002,42.525,-7.05,-0.0032487724,-0.017288942,0.1695063,0.9853695,-19.509647,0.7026731,-1.8895618,11.05530714,76.92714862,402.19946,0.0,,3.7900925,0.33,2,2
8.140,416841602175319,0.31974095,-0.26515466,9.867552,1.5271618E-4,-2.2907427E-4,3.0543236E-4,0.32013723,-0.26481527,9.797845,-3.9629638E-4,-3.3938885E-4,0.06970692,21.225,42.975002,-4.875,-0.0032489176,-0.01728896,0.1695063,0.9853695,-19.509645,0.7026899,-1.8895612,11.05530714,76.92714862,402.19946,0.0,,3.7900925,0.35,2,2
8.160,416841622175319,0.31839496,-0.2620141,9.871141,1.5271618E-4,3.8179045E-4,-1.5271618E-4,0.32022616,-0.26475248,9.797844,-0.0018311888,0.0027384013,0.0732975,21.0,42.075,-6.2250004,-0.0032490613,-0.017288974,0.1695063,0.9853695,-19.509645,0.7027063,-1.8895599,11.05530714,76.92714862,402.19946,0.0,,3.7900925,0.37,2,2
8.180,416841642175319,0.31929228,-0.26575285,9.859028,1.5271618E-4,-9.926552E-4,3.8179045E-4,0.3199972,-0.2646746,9.797853,-7.0491433E-4,-0.0010782629,0.061173916,22.125,42.300003,-8.1,-0.0032492066,-0.017288992,0.1695063,0.9853695,-19.509645,0.702723,-1.8895588,11.05530714,76.92714862,402.19946,0.0,,3.7900925,0.39,2,2
8.200,416841662175319,0.31974095,-0.2656033,9.873983,1.5271618E-4,6.872228E-4,0.0010690133,0.3201223,-0.2647685,9.797847,-3.8136542E-4,-8.3480775E-4,0.07613611,21.6,42.75,-6.7500005,-0.0032493507,-0.01728901,0.1695063,0.9853695,-19.509645,0.7027397,-1.8895582,11.05530714,76.92714862,402.19946,0.0,,3.7900925,0.41,2,2
8.220,416841682175319,0.3201896,-0.2656033,9.862019,-6.872228E-4,-9.926552E-4,2.2907427E-4,0.31989276,-0.26461247,9.797858,2.9681623E-4,-9.908378E-4,0.06416035,22.050001,43.050003,-7.5000005,-0.003249496,-0.01728903,0.1695063,0.9853695,-19.509645,0.70275646,-1.8895575,11.05530714,76.92714862,402.19946,0.0,,3.7900925,0.43,2,2
8.240,416841702175319,0.3185445,-0.2650051,9.863365,5.3450663E-4,6.108647E-4,-1.5271618E-4,0.31973606,-0.26438862,9.79787,-0.0011915565,-6.1649084E-4,0.065495014,21.075,42.075,-5.55,-0.003249641,-0.017289048,0.1695063,0.9853695,-19.509645,0.7027732,-1.8895569,11.05530714,76.92714862,402.19946,0.0,,3.7900925,0.45,2,2
8.260,416841722175319,0.32108688,-0.26096722,9.86157,1.5271618E-4,6.872228E-4,-1.5271618E-4,0.3197598,-0.26441756,9.797869,0.0013270974,0.003450334,0.06370115,21.45,42.525,-7.7250004,-0.0032497817,-0.017289067,0.1695063,0.9853695,-19.509644,0.7027894,-1.8895563,11.05530714,76.92714862,402.19946,0.0,,3.7900925,0.47,2,2
8.280,416841742175319,0.31989047,-0.26365915,9.865907,-6.108647E-4,-4.5814854E-4,7.635809E-5,0.3195204,-0.26441437,9.797877,3.7005544E-4,7.5522065E-4,0.0680294,21.0,42.525,-6.3,-0.0032499246,-0.017289087,0.1695063,0.9853695,-19.509644,0.702806,-1.8895558,11.05530714,76.92714862,402.19946,0.0,,3.7900925,0.49,2,2
8.300,416841762175319,0.31764722,-0.2659024,9.86471,-7.635809E-5,5.3450663E-4,7.635809E-5,0.31961524,-0.26436237,9.797874,-0.001968041,-0.0015400499,0.06683588,22.425001,42.525,-8.1,-0.0032500692,-0.017289102,0.1695063,0.9853695,-19.509644,0.7028226,-1.8895545,11.05530714,76.92714862,402.19946,0.0,,3.7900925,0.51,2,2
8.320,416841782175319,0.32243288,-0.2659024,9.864411,1.5271618E-4,-3.8179045E-4,-1.5271618E-4,0.31961566,-0.26419535,9.797879,0.0028171986,-0.0017070621,0.066532135,21.75,42.825,-5.925,-0.003250216,-0.017289124,0.1695063,0.9853695,-19.509644,0.7028397,-1.8895544,11.05530714,76.92714862,402.19946,0.0,,3.7900925,0.53,2,2
8.340,416841802175319,0.32527432,-0.26246274,9.872337,1.5271618E-4,5.3450663E-4,-1.5271618E-4,0.31984323,-0.26400775,9.797877,0.005431086,0.001545012,0.07446003,20.925001,42.675003,-6.6000004,-0.0032503558,-0.017289149,0.1695063,0.9853695,-19.509644,0.70285594,-1.8895544,11.05530714,76.92714862,402.19946,0.0,,3.7900925,0.55,2,2
8.360,416841822175319,0.32632118,-0.261715,9.872637,1.5271618E-4,-4.5814854E-4,-1.5271618E-4,0.31972584,-0.26388094,9.797883,0.0065953434,0.0021659583,0.07475376,20.7,42.45,-5.025,-0.0032504965,-0.01728917,0.1695063,0.9853695,-19.509645,0.70287216,-1.8895541,11.05530714,76.92714862,402.19946,0.0,,3.7900925,0.57,2,2
8.380,416841842175319,0.31974095,-0.26321048,9.872487,1.5271618E-4,1.5271618E-4,9.162971E-4,0.31947035,-0.26375678,9.797895,2.705902E-4,5.4629147E-4,0.07459164,21.225,42.675003,-6.0,-0.0032506383,-0.01728919,0.1695063,0.9853695,-19.509644,0.70288855,-1.8895537,11.05530714,76.92714862,402.19946,0.0,,3.7900925,0.59,2,2
8.400,416841862175319,0.31764722,-0.26336002,9.866804,1.5271618E-4,6.108647E-4,-1.5271618E-4,0.31961244,-0.26357082,9.797895,-0.0019652247,2.1077693E-4,0.06890869,20.925001,42.975002,-4.65,-0.0032507812,-0.017289205,0.1695063,0.9853695,-19.509644,0.702905,-1.8895526,11.05530714,76.92714862,402.19946,0.0,,3.7900925,0.61,2,2
8.420,416841882175319,0.32557344,-0.26111677,9.869347,1.5271618E-4,-7.635809E-5,3.0543236E-4,0.31974372,-0.26359937,9.797891,0.0058297217,0.002482593,0.07145548,22.125,42.675003,-7.8,-0.0032509186,-0.01728923,0.1695063,0.9853695,-19.509644,0.70292103,-1.8895528,11.05530714,76.92714862,402.19946,0.0,,3.7900925,0.63,2,2
8.440,416841902175319,0.32422745,-0.26126632,9.865608,-8.39939E-4,-3.0543236E-4,9.162971E-4,0.3194487,-0.26350677,9.797903,0.0047787577,0.0022404492,0.06770468,20.7,42.45,-4.9500003,-0.0032510583,-0.01728925,0.1695063,0.9853695,-19.509644,0.7029371,-1.8895522,11.05530714,76.92714862,402.19946,0.0,,3.7900925,0.65,2,2
8.460,416841922175319,0.31689945,-0.26350957,9.863365,1.5271618E-4,6.872228E-4,0.0010690133,0.31938326,-0.26349217,9.797905,-0.002483815,-1.7419457E-5,0.06545973,21.75,42.45,-6.9750004,-0.0032511996,-0.017289264,0.1695063,0.9853695,-19.509644,0.7029534,-1.8895512,11.05530714,76.92714862,402.19946,0.0,,3.7900925,0.67,2,2
8.480,416841942175319,0.31734812,-0.26605198,9.870244,1.5271618E-4,-4.5814854E-4,0.0010690133,0.31948552,-0.26348317,9.797903,-0.0021374077,-0.0025688112,0.072340965,21.225,42.600002,-5.3250003,-0.0032513472,-0.017289283,0.1695063,0.9853695,-19.509644,0.7029705,-1.8895504,11.05530714,76.92714862,402.19946,0.0,,3.7900925,0.69,2,2
8.500,416841962175319,0.31914273,-0.2662015,9.867252,1.5271618E-4,-9.926552E-4,0.0010690133,0.31919074,-0.26343495,9.797914,-4.801154E-5,-0.0027665645,0.069339275,22.125,42.600002,-7.8,-0.0032514946,-0.017289301,0.1695063,0.9853695,-19.509642,0.70298743,-1.8895496,11.05530714,76.92714862,402.19946,0.0,,3.7900925,0.71,2,2
8.520,416841982175319,0.3167499,-0.2650051,9.866206,1.5271618E-4,6.872228E-4,9.926552E-4,0.31933966,-0.2635418,9.797905,-0.0025897622,-0.0014633089,0.0683012,22.125,42.975002,-7.05,-0.0032516392,-0.017289316,0.1695063,0.9853695,-19.509642,0.7030041,-1.8895485,11.05530714,76.92714862,402.19946,0.0,,3.7900925,0.73,2,2
8.540,416842002175319,0.31989047,-0.26949164,9.855886,1.5271618E-4,-9.926552E-4,6.108647E-4,0.31926125,-0.26354292,9.797909,6.2921643E-4,-0.0059487224,0.057978153,21.45,42.9,-5.8500004,-0.0032517852,-0.017289337,0.1695063,0.9853695,-19.509642,0.703021,-1.8895482,11.05530714,76.92714862,402.19946,0.0,,3.7900925,0.75,2,2
8.560,416842022175319,0.31989047,-0.26665017,9.87488,1.5271618E-4,0.0,0.0010690133,0.3191731,-0.26359,9.79791,7.173717E-4,-0.003060162,0.0769701,21.0,42.9,-4.5750003,-0.0032519314,-0.017289357,0.1695063,0.9853695,-19.509642,0.7030379,-1.8895472,11.05530714,76.92714862,402.19946,0.0,,3.7900925,0.77,2,2
8.580,416842042175319,0.31615168,-0.26799613,9.868599,1.5271618E-4,-4.5814854E-4,5.3450663E-4,0.31905612,-0.26332694,9.79792,-0.00290443,-0.0046691895,0.07067871,21.0,42.600002,-5.4750004,-0.00325208,-0.017289372,0.1695063,0.9853695,-19.509642,0.70305496,-1.8895463,11.05530714,76.92714862,402.19946,0.0,,3.7900925,0.79,2,2
8.600,416842062175319,0.32258242,-0.26156545,9.8682995,7.635809E-4,7.635809E-4,8.39939E-4,0.31906387,-0.26321375,9.797923,0.0035185367,0.0016483217,0.070376396,22.125,42.45,-7.8,-0.003252223,-0.01728939,0.1695063,0.9853695,-19.509642,0.7030715,-1.8895456,11.05530714,76.92714862,402.19946,0.0,,3.7900925,0.81,2,2
8.620,416842082175319,0.3207878,-0.26306093,9.867552,1.5271618E-4,-1.5271618E-4,-1.5271618E-4,0.31917664,-0.2632103,9.797919,0.0016111434,1.4935434E-4,0.06963253,22.650002,42.75,-9.150001,-0.0032523656,-0.01728941,0.1695063,0.9853695,-19.50964,0.7030879,-1.889545,11.05530714,76.92714862,402.19946,0.0,,3.7900925,0.83,2,2
8.640,416842102175319,0.3254239,-0.26635107,9.867851,1.5271618E-4,7.635809E-5,-1.5271618E-4,0.31886265,-0.26324734,9.79793,0.0065612346,-0.003103733,0.06992102,22.5,42.600002,-8.325001,-0.0032525097,-0.017289435,0.1695063,0.9853695,-19.50964,0.70310473,-1.8895452,11.05530714,76.92714862,402.19946,0.0,,3.7900925,0.85,2,2
8.660,416842122175319,0.31974095,-0.26365912,9.870842,-4.5814854E-4,0.0012980875,3.8179045E-4,0.3186789,-0.26331645,9.797933,0.0010620505,-3.42682E-4,0.072909355,21.975,43.050003,-7.5000005,-0.0032526494,-0.017289454,0.1695063,0.9853695,-19.50964,0.7031208,-1.8895445,11.05530714,76.92714862,402.19946,0.0,,3.7900925,0.87,2,2
8.680,416842142175319,0.31989047,-0.2662015,9.865608,-2.2907427E-4,7.635809E-4,-1.5271618E-4,0.31859884,-0.26322892,9.797938,0.0012916327,-0.002972588,0.06766939,20.925001,42.675003,-5.025,-0.003252795,-0.017289475,0.1695063,0.9853695,-19.50964,0.7031377,-1.8895441,11.05530714,76.92714862,402.19946,0.0,,3.7900925,0.89,2,2
8.700,416842162175319,0.32004005,-0.2638087,9.866655,1.5271618E-4,2.2907427E-4,-1.5271618E-4,0.31853318,-0.26321775,9.79794,0.0015068501,-5.9095025E-4,0.06871462,22.35,42.825,-8.55,-0.0032529405,-0.017289495,0.1695063,0.9853695,-19.50964,0.7031545,-1.8895434,11.05530714,76.92714862,402.19946,0.0,,3.7900925,0.91,2,2
8.720,416842182175319,0.31630126,-0.2623132,9.859326,-4.5814854E-4,-3.8179045E-4,-7.635809E-5,0.31822655,-0.26323923,9.79795,-0.0019252896,9.2604756E-4,0.06137657,21.525002,42.75,-6.6000004,-0.0032530846,-0.017289512,0.1695063,0.9853695,-19.50964,0.70317113,-1.8895426,11.05530714,76.92714862,402.19946,0.0,,3.7900925,0.93,2,2
8.740,416842202175319,0.31450662,-0.2641078,9.867252,-2.2907427E-4,5.3450663E-4,0.0010690133,0.3183653,-0.26327175,9.797944,-0.0038586855,-8.3604455E-4,0.06930876,22.650002,42.975002,-9.75,-0.0032532287,-0.017289525,0.1695063,0.9853695,-19.509638,0.70318764,-1.8895411,11.05530714,76.92714862,402.19946,0.0,,3.7900925,0.95,2,2
8.760,416842222175319,0.32228333,-0.26141587,9.865908,-7.635809E-4,-4.5814854E-4,0.0010690133,0.31837437,-0.2632083,9.797947,0.003908947,0.0017924309,0.06796026,23.1,42.375,-10.200001,-0.0032533691,-0.017289547,0.1695063,0.9853695,-19.509638,0.7032039,-1.8895411,11.05530714,76.92714862,402.19946,0.0,,3.7900925,0.97,2,2
8.780,416842242175319,0.32153553,-0.2609672,9.871441,-4.5814854E-4,7.635809E-5,4.5814854E-4,0.31843698,-0.26321653,9.797944,0.0030985624,0.0022493154,0.07349634,22.425001,42.45,-10.275001,-0.0032535067,-0.017289568,0.1695063,0.9853695,-19.509638,0.7032199,-1.8895407,11.05530714,76.92714862,402.19946,0.0,,3.7900925,0.99,2,2
8.800,416842262175319,0.3198905,-0.26650062,9.863962,1.5271618E-4,-4.5814854E-4,7.635809E-5,0.31861943,-0.26308778,9.79794,0.0012710541,-0.0034128428,0.066022396,21.6,42.375,-7.5000005,-0.0032536522,-0.017289588,0.1695063,0.9853695,-19.509638,0.7032367,-1.8895402,11.05530521,76.92714955,402.5863,0.0,,3.7900925,0.01,2,2
8.820,416842282175319,0.3237788,-0.2623132,9.872189,1.5271618E-4,-4.5814854E-4,0.0010690133,0.31838942,-0.26329786,9.797944,0.0053893924,9.846687E-4,0.07424402,21.525002,42.600002,-6.9750004,-0.0032537912,-0.01728961,0.1695063,0.9853695,-19.509638,0.7032528,-1.8895401,11.05530521,76.92714955,402.5863,0.0,,3.7900925,0.03,2,2
8.840,416842302175319,0.31749767,-0.26605198,9.863813,-9.162971E-4,6.108647E-4,-7.635809E-5,0.31852505,-0.2634073,9.797936,-0.0010273904,-0.002644688,0.065876484,21.300001,42.525,-5.8500004,-0.0032539375,-0.017289627,0.1695063,0.9853695,-19.509636,0.70326966,-1.889539,11.05530521,76.92714955,402.5863,0.0,,3.7900925,0.05,2,2
8.860,416842322175319,0.32198417,-0.26964122,9.866056,1.5271618E-4,-4.5814854E-4,3.8179045E-4,0.3184591,-0.26357758,9.797933,0.0035250932,-0.006063625,0.06812382,22.425001,42.600002,-8.700001,-0.0032540886,-0.017289648,0.1695063,0.9853695,-19.509636,0.7032871,-1.8895383,11.05530521,76.92714955,402.5863,0.0,,3.7900925,0.07,2,2
8.880,416842342175319,0.31914273,-0.26979077,9.867851,-1.5271618E-4,7.635809E-5,-1.5271618E-4,0.31852266,-0.26358113,9.797932,6.200671E-4,-0.006209627,0.06991911,21.900002,42.45,-6.4500003,-0.0032542397,-0.017289666,0.1695063,0.9853695,-19.509636,0.7033045,-1.8895375,11.05530521,76.92714955,402.5863,0.0,,3.7900925,0.09,2,2
8.900,416842362175319,0.3201896,-0.2656033,9.867104,0.0,-4.5814854E-4,8.39939E-4,0.31840408,-0.26342672,9.797939,0.0017855018,-0.0021765977,0.0691638,20.775002,42.225002,-4.9500003,-0.0032543833,-0.017289685,0.1695063,0.9853695,-19.509636,0.70332116,-1.8895371,11.05530521,76.92714955,402.5863,0.0,,3.7900925,0.11,2,2
8.920,416842382175319,0.31869406,-0.2620141,9.87144,1.5271618E-4,2.2907427E-4,4.5814854E-4,0.3183469,-0.2633047,9.797944,3.4718215E-4,0.0012906343,0.073495865,22.275002,42.9,-7.8750005,-0.0032545258,-0.017289702,0.1695063,0.9853695,-19.509636,0.70333755,-1.8895361,11.05530521,76.92714955,402.5863,0.0,,3.7900925,0.13,2,2
8.940,416842402175319,0.32138598,-0.26246274,9.858429,1.5271618E-4,4.5814854E-4,3.0543236E-4,0.31828985,-0.26334906,9.797945,0.0030961484,8.8633597E-4,0.060483932,21.900002,42.825,-6.0,-0.0032546688,-0.01728972,0.1695063,0.9853695,-19.509636,0.70335406,-1.8895355,11.05530521,76.92714955,402.5863,0.0,,3.7900925,0.15,2,2
8.960,416842422175319,0.32183465,-0.26784658,9.868599,1.5271618E-4,5.3450663E-4,-1.5271618E-4,0.31842545,-0.26337856,9.797939,0.0034092069,-0.004468024,0.07065964,20.925001,42.075,-6.0750003,-0.0032548152,-0.017289743,0.1695063,0.9853695,-19.509634,0.703371,-1.8895351,11.05530521,76.92714955,402.5863,0.0,,3.7900925,0.17,2,2
8.980,416842442175319,0.32258242,-0.26365915,9.866655,-4.5814854E-4,-3.0543236E-4,3.8179045E-4,0.31829515,-0.2633493,9.797945,0.004287258,-3.0985475E-4,0.06870985,21.225,42.525,-7.3500004,-0.0032549608,-0.017289763,0.1695063,0.9853695,-19.509636,0.70338786,-1.8895347,11.05530521,76.92714955,402.5863,0.0,,3.7900925,0.19,2,2
9.000,416842462175319,0.32108688,-0.26276183,9.864112,-3.0543236E-4,7.635809E-4,7.635809E-5,0.31806865,-0.2632621,9.797955,0.0030182302,5.002469E-4,0.06615734,20.625,42.525,-5.025,-0.0032551002,-0.017289784,0.1695063,0.9853695,-19.509636,0.703404,-1.8895342,11.05530521,76.92714955,402.5863,0.0,,3.7900925,0.21,2,2
9.020,416842482175319,0.31809586,-0.2638087,9.867403,1.5271618E-4,7.635809E-4,1.5271618E-4,0.318092,-0.26335773,9.797952,3.874302E-6,-4.5096874E-4,0.069450855,22.050001,42.75,-7.425,-0.0032552462,-0.017289799,0.1695063,0.9853695,-19.509636,0.70342076,-1.8895332,11.05530521,76.92714955,402.5863,0.0,,3.7900925,0.23,2,2
9.040,416842502175319,0.3191427,-0.26575285,9.870243,-3.8179045E-4,-3.8179045E-4,4.5814854E-4,0.31813383,-0.26329964,9.797952,0.0010088831,-0.0024532229,0.07229185,20.85,42.75,-5.775,-0.0032553943,-0.017289815,0.1695063,0.9853695,-19.509636,0.7034378,-1.8895321,11.05530521,76.92714955,402.5863,0.0,,3.7900925,0.25,2,2
9.060,416842522175319,0.31869406,-0.26470602,9.862467,1.5271618E-4,-4.5814854E-4,-1.5271618E-4,0.31814063,-0.26323646,9.797953,5.53444E-4,-0.0014695525,0.06451416,21.300001,42.600002,-6.8250003,-0.0032555363,-0.017289834,0.1695063,0.9853695,-19.509636,0.7034542,-1.8895315,11.05530521,76.92714955,402.5863,0.0,,3.7900925,0.27,2,2
9.080,416842542175319,0.31779677,-0.26425734,9.86157,1.5271618E-4,-4.5814854E-4,6.872228E-4,0.3180271,-0.2634338,9.797952,-2.3035705E-4,-8.235276E-4,0.06361818,22.725,42.525,-9.0,-0.0032556793,-0.017289853,0.1695063,0.9853695,-19.509634,0.7034707,-1.8895309,11.05530521,76.92714955,402.5863,0.0,,3.7900925,0.29,2,2
9.100,416842562175319,0.32063824,-0.2659024,9.868898,-9.162971E-4,6.108647E-4,0.0010690133,0.31779435,-0.2633595,9.79796,0.0028438866,-0.0025429279,0.07093763,21.300001,42.675003,-6.15,-0.0032558246,-0.017289873,0.1695063,0.9853695,-19.509634,0.7034876,-1.8895302,11.05530521,76.92714955,402.5863,0.0,,3.7900925,0.31,2,2
9.120,416842582175319,0.31764722,-0.26141587,9.868449,-3.0543236E-4,7.635809E-4,-1.5271618E-4,0.3177277,-0.26327628,9.797966,-8.0510974E-5,0.00186041,0.07048321,20.475,42.300003,-4.2000003,-0.003255965,-0.017289892,0.1695063,0.9853695,-19.509634,0.7035037,-1.8895296,11.05530521,76.92714955,402.5863,0.0,,3.7900925,0.33,2,2
9.140,416842602175319,0.31929225,-0.2638087,9.864411,1.5271618E-4,2.2907427E-4,1.5271618E-4,0.31767368,-0.26325113,9.797968,0.001618579,-5.5757165E-4,0.06644344,21.225,42.675003,-5.3250003,-0.0032561095,-0.017289907,0.1695063,0.9853695,-19.509634,0.7035203,-1.8895285,11.05530521,76.92714955,402.5863,0.0,,3.7900925,0.35,2,2
9.160,416842622175319,0.31719854,-0.26545376,9.871441,1.5271618E-4,-2.2907427E-4,0.0010690133,0.317772,-0.2632914,9.797963,-5.734563E-4,-0.002162367,0.07347727,21.675001,42.75,-7.5000005,-0.0032562544,-0.017289924,0.1695063,0.9853695,-19.509634,0.70353705,-1.8895277,11.05530521,76.92714955,402.5863,0.0,,3.7900925,0.37,2,2
9.180,416842642175319,0.32093734,-0.26739794,9.868748,1.5271618E-4,-3.8179045E-4,0.0010690133,0.31757766,-0.26334468,9.797968,0.0033596754,-0.00405325,0.07078028,21.900002,42.75,-6.675,-0.003256399,-0.017289938,0.1695063,0.9853695,-19.509634,0.7035536,-1.8895266,11.05530521,76.92714955,402.5863,0.0,,3.7900925,0.39,2,2
9.200,416842662175319,0.3173481,-0.26814568,9.873534,1.5271618E-4,5.3450663E-4,5.3450663E-4,0.31742287,-0.26326957,9.797976,-7.477403E-5,-0.004876107,0.07555866,20.775002,42.225002,-4.5,-0.0032565477,-0.017289955,0.1695063,0.9853695,-19.509632,0.7035708,-1.8895255,11.05530521,76.92714955,402.5863,0.0,,3.7900925,0.41,2,2
9.220,416842682175319,0.31809586,-0.26395825,9.865608,1.5271618E-4,4.5814854E-4,0.0010690133,0.31730086,-0.2632044,9.79798,7.9499185E-4,-7.5384974E-4,0.06762743,20.925001,42.45,-4.7250004,-0.003256691,-0.017289972,0.1695063,0.9853695,-19.509632,0.7035873,-1.8895247,11.05530521,76.92714955,402.5863,0.0,,3.7900925,0.43,2,2
9.240,416842702175319,0.31689945,-0.26410782,9.866356,1.5271618E-4,1.5271618E-4,0.0010690133,0.3174383,-0.26322022,9.797976,-5.388558E-4,-8.8758767E-4,0.06837988,21.6,42.300003,-7.275,-0.0032568343,-0.017289989,0.1695063,0.9853695,-19.509632,0.70360374,-1.8895239,11.05530521,76.92714955,402.5863,0.0,,3.7900925,0.45,2,2
9.260,416842722175319,0.32243288,-0.2666502,9.866206,1.5271618E-4,-2.2907427E-4,0.0010690133,0.31721294,-0.26307368,9.797987,0.0052199215,-0.0035765022,0.068219185,20.7,42.0,-5.025,-0.0032569792,-0.017290011,0.1695063,0.9853695,-19.509632,0.70362055,-1.8895234,11.05530521,76.92714955,402.5863,0.0,,3.7900925,0.47,2,2
9.280,416842742175319,0.31510484,-0.261715,9.86471,1.5271618E-4,3.8179045E-4,0.0010690133,0.31703058,-0.26319456,9.797991,-0.0019257516,0.001479581,0.06671953,22.725,42.600002,-9.0,-0.003257121,-0.017290022,0.1695063,0.9853695,-19.509632,0.7036368,-1.8895218,11.05530521,76.92714955,402.5863,0.0,,3.7900925,0.49,2,2
9.300,416842762175319,0.31450662,-0.26350957,9.870543,-9.162971E-4,7.635809E-5,0.0010690133,0.3171612,-0.26299924,9.797991,-0.0026545823,-5.1034987E-4,0.072552204,21.225,42.9,-6.675,-0.003257265,-0.017290035,0.1695063,0.9853695,-19.509632,0.70365334,-1.8895206,11.05530521,76.92714955,402.5863,0.0,,3.7900925,0.51,2,2
9.320,416842782175319,0.32093734,-0.260369,9.872038,1.5271618E-4,-4.5814854E-4,9.162971E-4,0.3170953,-0.26286578,9.797997,0.003842041,0.002496779,0.07404089,21.675001,42.600002,-8.175,-0.0032574048,-0.017290054,0.1695063,0.9853695,-19.50963,0.7036695,-1.8895199,11.05530521,76.92714955,402.5863,0.0,,3.7900925,0.53,2,2
9.340,416842802175319,0.31764722,-0.2620141,9.865608,1.5271618E-4,7.635809E-5,3.8179045E-4,0.31703642,-0.26268268,9.798004,6.107986E-4,6.686002E-4,0.067604065,21.075,42.225002,-4.8,-0.0032575475,-0.017290067,0.1695063,0.9853695,-19.50963,0.7036859,-1.8895187,11.05530521,76.92714955,402.5863,0.0,,3.7900925,0.55,2,2
9.360,416842822175319,0.31764722,-0.25722843,9.86157,-3.0543236E-4,0.0,3.8179045E-4,0.31716293,-0.26298302,9.797992,4.8427284E-4,0.00575459,0.06357813,22.2,42.75,-7.2000003,-0.0032576842,-0.017290082,0.1695063,0.9853695,-19.50963,0.70370156,-1.8895178,11.05530521,76.92714955,402.5863,0.0,,3.7900925,0.57,2,2
9.380,416842842175319,0.32123643,-0.26769704,9.872637,-0.0010690133,-3.8179045E-4,9.926552E-4,0.31712115,-0.26314297,9.797989,0.0041152835,-0.004554063,0.07464743,21.675001,42.300003,-6.2250004,-0.0032578306,-0.017290099,0.1695063,0.9853695,-19.50963,0.7037184,-1.889517,11.05530521,76.92714955,402.5863,0.0,,3.7900925,0.59,2,2
9.400,416842862175319,0.32093734,-0.26694927,9.865908,-4.5814854E-4,4.5814854E-4,-1.5271618E-4,0.3171926,-0.2632266,9.797983,0.0037447214,-0.0037226677,0.06792402,21.375,42.75,-7.2000003,-0.0032579754,-0.017290121,0.1695063,0.9853695,-19.50963,0.70373523,-1.8895164,11.05530521,76.92714955,402.5863,0.0,,3.7900925,0.61,2,2
9.420,416842882175319,0.3188436,-0.26739794,9.868749,-7.635809E-5,-4.5814854E-4,3.0543236E-4,0.31694418,-0.26347524,9.797986,0.0018994361,-0.003922686,0.070762634,21.300001,42.45,-5.625,-0.0032581217,-0.017290136,0.1695063,0.9853695,-19.50963,0.70375204,-1.8895153,11.05530521,76.92714955,402.5863,0.0,,3.7900925,0.63,2,2
9.440,416842902175319,0.31570303,-0.27038896,9.866356,-3.8179045E-4,6.872228E-4,4.5814854E-4,0.3171125,-0.2634528,9.79798,-0.001409471,-0.006936148,0.06837511,20.625,41.7,-5.175,-0.0032582714,-0.017290154,0.1695063,0.9853695,-19.50963,0.7037693,-1.8895147,11.05530521,76.92714955,402.5863,0.0,,3.7900925,0.65,2,2
9.460,416842922175319,0.32153553,-0.26276183,9.864861,-3.0543236E-4,-4.5814854E-4,7.635809E-5,0.31723177,-0.2633256,9.797979,0.0043037683,5.6377053E-4,0.0668807,21.225,42.45,-5.8500004,-0.0032584153,-0.017290173,0.1695063,0.9853695,-19.50963,0.7037859,-1.8895137,11.05530521,76.92714955,402.5863,0.0,,3.7900925,0.67,2,2
9.480,416842942175319,0.3204887,-0.26261228,9.870094,1.5271618E-4,-4.5814854E-4,6.872228E-4,0.31728208,-0.26325217,9.797979,0.0032065958,6.3988566E-4,0.072114944,20.7,42.375,-5.25,-0.0032585575,-0.017290194,0.1695063,0.9853695,-19.50963,0.7038024,-1.8895134,11.05530521,76.92714955,402.5863,0.0,,3.7900925,0.69,2,2
9.500,416842962175319,0.31839496,-0.26425737,9.867104,1.5271618E-4,-4.5814854E-4,-1.5271618E-4,0.3171351,-0.2631976,9.797986,0.0012598634,-0.0010597557,0.069117546,21.225,42.300003,-6.3750005,-0.0032586998,-0.01729021,0.1695063,0.9853695,-19.50963,0.70381874,-1.8895127,11.05530521,76.92714955,402.5863,0.0,,3.7900925,0.71,2,2
9.520,416842982175319,0.31929228,-0.26470602,9.864861,1.5271618E-4,7.635809E-4,0.0,0.31720686,-0.26310825,9.797986,0.0020854175,-0.0015977472,0.06687403,21.375,42.825,-6.3750005,-0.0032588423,-0.017290225,0.1695063,0.9853695,-19.50963,0.7038351,-1.8895116,11.05530521,76.92714955,402.5863,0.0,,3.7900925,0.73,2,2
9.540,416843002175319,0.3207878,-0.26321048,9.860074,1.5271618E-4,-7.635809E-5,6.872228E-4,0.3173163,-0.2630613,9.797984,0.0034714937,-1.4917552E-4,0.06208992,21.675001,42.300003,-6.3750005,-0.0032589827,-0.017290248,0.1695063,0.9853695,-19.50963,0.7038514,-1.8895112,11.05530521,76.92714955,402.5863,0.0,,3.7900925,0.75,2,2
9.560,416843022175319,0.32318062,-0.26485556,9.868,1.5271618E-4,7.635809E-5,-1.5271618E-4,0.31716916,-0.26306564,9.797989,0.0060114563,-0.0017899275,0.070011616,22.125,42.375,-8.775001,-0.0032591273,-0.017290268,0.1695063,0.9853695,-19.509628,0.70386815,-1.8895108,11.05530521,76.92714955,402.5863,0.0,,3.7900925,0.77,2,2
9.580,416843042175319,0.31869406,-0.26605195,9.86187,1.5271618E-4,6.872228E-4,-1.5271618E-4,0.3172638,-0.2632202,9.797982,0.0014302433,-0.002831772,0.06388712,21.075,42.0,-7.05,-0.0032592749,-0.017290287,0.1695063,0.9853695,-19.509628,0.7038852,-1.8895099,11.05530521,76.92714955,402.5863,0.0,,3.7900925,0.79,2,2
9.600,416843062175319,0.31944183,-0.26769704,9.860075,-3.0543236E-4,-4.5814854E-4,1.5271618E-4,0.31743512,-0.26321724,9.7979765,0.0020067096,-0.0044797957,0.062098026,21.375,42.300003,-5.025,-0.0032594232,-0.017290305,0.1695063,0.9853695,-19.509628,0.7039023,-1.8895093,11.05530521,76.92714955,402.5863,0.0,,3.7900925,0.81,2,2
9.620,416843082175319,0.3222833,-0.26605195,9.865458,1.5271618E-4,-4.5814854E-4,0.0010690133,0.31735966,-0.26322678,9.797978,0.0049236417,-0.0028251857,0.06747961,21.225,42.9,-5.25,-0.0032595654,-0.017290326,0.1695063,0.9853695,-19.50963,0.70391876,-1.8895091,11.05530521,76.92714955,402.5863,0.0,,3.7900925,0.83,2,2
9.640,416843102175319,0.32138598,-0.26336002,9.868599,-3.8179045E-4,6.108647E-4,4.5814854E-4,0.31737798,-0.26311335,9.797981,0.004007995,-2.4668872E-4,0.070617676,21.150002,42.675003,-5.8500004,-0.0032597093,-0.017290346,0.1695063,0.9853695,-19.50963,0.7039354,-1.8895086,11.05530521,76.92714955,402.5863,0.0,,3.7900925,0.85,2,2
9.660,416843122175319,0.31899315,-0.26141587,9.872487,-7.635809E-5,-2.2907427E-4,3.8179045E-4,0.3172605,-0.26320827,9.797982,0.0017326623,0.0017924011,0.07450485,21.900002,42.45,-8.325001,-0.0032598504,-0.017290363,0.1695063,0.9853695,-19.509628,0.70395166,-1.8895078,11.05530521,76.92714955,402.5863,0.0,,3.7900925,0.87,2,2
9.680,416843142175319,0.32033914,-0.2672484,9.8603735,-7.635809E-5,7.635809E-4,2.2907427E-4,0.31713533,-0.26331437,9.797984,0.0032038093,-0.0039340258,0.062389374,21.825,42.75,-7.5000005,-0.0032599973,-0.017290384,0.1695063,0.9853695,-19.509628,0.70396864,-1.8895069,11.05530521,76.92714955,402.5863,0.0,,3.7900925,0.89,2,2
9.700,416843162175319,0.31989047,-0.26650062,9.862019,-3.0543236E-4,7.635809E-4,-7.635809E-5,0.31706178,-0.26342982,9.797983,0.0028286874,-0.0030708015,0.064035416,21.0,42.525,-4.8,-0.0032601454,-0.017290404,0.1695063,0.9853695,-19.509628,0.7039858,-1.8895066,11.05530521,76.92714955,402.5863,0.0,,3.7900925,0.91,2,2
9.720,416843182175319,0.32153553,-0.2696412,9.863365,1.5271618E-4,7.635809E-4,8.39939E-4,0.31721792,-0.26329798,9.797981,0.0043176264,-0.0063432157,0.065383434,21.075,42.375,-5.25,-0.0032602923,-0.017290426,0.1695063,0.9853695,-19.509628,0.70400274,-1.8895063,11.05530521,76.92714955,402.5863,0.0,,3.7900925,0.93,2,2
9.740,416843202175319,0.32333016,-0.26021945,9.862916,-1.5271618E-4,-1.5271618E-4,6.872228E-4,0.31734538,-0.2631216,9.797981,0.005984783,0.0029021502,0.06493473,21.45,42.75,-6.3750005,-0.0032604327,-0.017290447,0.1695063,0.9853695,-19.509628,0.70401907,-1.8895059,11.05530521,76.92714955,402.5863,0.0,,3.7900925,0.95,2,2
9.760,416843222175319,0.32063824,-0.25992036,9.864561,0.0,-4.5814854E-4,0.0010690133,0.31740412,-0.26297402,9.797985,0.0032341182,0.0030536652,0.066576004,22.125,42.975002,-7.5750003,-0.003260572,-0.017290467,0.1695063,0.9853695,-19.509628,0.7040352,-1.8895055,11.05530521,76.92714955,402.5863,0.0,,3.7900925,0.97,2,2
9.780,416843242175319,0.3194418,-0.2606681,9.859625,7.635809E-5,-3.0543236E-4,9.162971E-4,0.31727514,-0.26308122,9.797985,0.0021666735,0.002413109,0.061640263,21.525002,42.75,-7.5000005,-0.0032607098,-0.017290486,0.1695063,0.9853695,-19.509626,0.7040511,-1.889505,11.05530521,76.92714955,402.5863,0.0,,3.7900925,0.99,2,2
9.800,416843262175319,0.31839496,-0.26410782,9.869047,-6.872228E-4,4.5814854E-4,1.5271618E-4,0.31726044,-0.26310802,9.797986,0.0011345297,-9.997934E-4,0.07106161,20.7,42.525,-5.025,-0.0032608542,-0.017290503,0.1695063,0.9853695,-19.509626,0.70406777,-1.8895037,11.05530953,76.92714353,400.5819,0.0,,3.7900925,0.01,2,2
9.820,416843282175319,0.31959137,-0.26679975,9.868599,1.5271618E-4,7.635809E-5,0.0010690133,0.3171685,-0.26302165,9.79799,0.0024228692,-0.003778085,0.07060909,21.225,42.525,-6.0750003,-0.0032610004,-0.017290521,0.1695063,0.9853695,-19.509626,0.70408463,-1.8895031,11.05530953,76.92714353,400.5819,0.0,,3.7900925,0.03,2,2
9.840,416843302175319,0.3179463,-0.2635096,9.869646,1.5271618E-4,1.5271618E-4,0.0010690133,0.3171761,-0.26296315,9.797991,7.702112E-4,-5.464554E-4,0.0716548,21.6,42.600002,-5.925,-0.0032611408,-0.017290536,0.1695063,0.9853695,-19.509626,0.7041007,-1.889502,11.05530953,76.92714353,400.5819,0.0,,3.7900925,0.05,2,2
9.860,416843322175319,0.31959137,-0.26395825,9.865608,1.5271618E-4,0.0,0.0010690133,0.31715733,-0.26300454,9.797991,0.002434045,-9.537041E-4,0.06761694,22.875,42.225002,-9.0,-0.0032612823,-0.017290551,0.1695063,0.9853695,-19.509626,0.704117,-1.8895012,11.05530953,76.92714353,400.5819,0.0,,3.7900925,0.07,2,2
9.880,416843342175319,0.31869406,-0.2672484,9.865009,1.5271618E-4,0.0,7.635809E-5,0.31690118,-0.26298997,9.797999,0.0017928928,-0.004258409,0.0670104,22.050001,42.45,-7.7250004,-0.0032614297,-0.01729057,0.1695063,0.9853695,-19.509626,0.70413405,-1.8895004,11.05530953,76.92714353,400.5819,0.0,,3.7900925,0.09,2,2
9.900,416843362175319,0.31226337,-0.26545376,9.861271,1.5271618E-4,1.5271618E-4,3.8179045E-4,0.31684458,-0.2629566,9.798002,-0.004581228,-0.0024971813,0.06326866,21.075,42.675003,-5.1000004,-0.003261575,-0.017290581,0.1695063,0.9853695,-19.509624,0.7041507,-1.8894988,11.05530953,76.92714353,400.5819,0.0,,3.7900925,0.11,2,2
9.920,416843382175319,0.3179463,-0.26515466,9.870543,1.5271618E-4,0.0,7.635809E-5,0.31683657,-0.26287574,9.798005,0.0011097342,-0.002278924,0.0725379,21.225,42.300003,-5.8500004,-0.0032617194,-0.0172906,0.1695063,0.9853695,-19.509624,0.7041673,-1.8894982,11.05530953,76.92714353,400.5819,0.0,,3.7900925,0.13,2,2
9.940,416843402175319,0.3185445,-0.26336002,9.866804,1.5271618E-4,-7.635809E-5,6.872228E-4,0.31662282,-0.26305625,9.798007,0.0019216985,-3.0378997E-4,0.06879711,21.300001,42.45,-5.1000004,-0.0032618644,-0.017290618,0.1695063,0.9853695,-19.509624,0.70418406,-1.8894975,11.05530953,76.92714353,400.5819,0.0,,3.7900925,0.15,2,2
9.960,416843422175319,0.31345975,-0.26515466,9.866954,-9.162971E-4,1.5271618E-4,-1.5271618E-4,0.31664166,-0.26302934,9.798007,-0.0031818897,-0.0021253228,0.06894684,21.75,41.925003,-6.6000004,-0.0032620109,-0.01729063,0.1695063,0.9853695,-19.509624,0.70420074,-1.8894958,11.05530953,76.92714353,400.5819,0.0,,3.7900925,0.17,2,2
9.980,416843442175319,0.32392836,-0.2656033,9.870693,1.5271618E-4,7.635809E-4,-1.5271618E-4,0.3165037,-0.26314265,9.798008,0.0074246675,-0.0024606586,0.072684765,23.25,42.975002,-9.825001,-0.0032621548,-0.01729065,0.1695063,0.9853695,-19.509624,0.70421743,-1.8894953,11.05530953,76.92714353,400.5819,0.0,,3.7900925,0.19,2,2
10.000,416843462175319,0.31420752,-0.26455647,9.871141,-6.872228E-4,-7.635809E-5,6.872228E-4,0.31653637,-0.26310125,9.798008,-0.0023288429,-0.0014552176,0.07313347,21.900002,42.9,-8.55,-0.0032622975,-0.017290663,0.1695063,0.9853695,-19.509624,0.7042338,-1.889494,11.05530953,76.92714353,400.5819,0.0,,3.7900925,0.21,2,2
10.020,416843482175319,0.3201896,-0.26395825,9.866205,0.0,7.635809E-5,0.0,0.31640923,-0.26295832,9.7980175,0.00378035,-9.999275E-4,0.06818819,21.825,42.600002,-8.55,-0.0032624402,-0.017290682,0.1695063,0.9853695,-19.509623,0.7042502,-1.8894933,11.05530953,76.92714353,400.5819,0.0,,3.7900925,0.23,2,2
10.040,416843502175319,0.3155535,-0.25797617,9.861121,-4.5814854E-4,1.5271618E-4,3.8179045E-4,0.31642315,-0.26300701,9.798015,-8.6966157E-4,0.0050308257,0.06310654,21.375,42.9,-6.4500003,-0.003262577,-0.017290693,0.1695063,0.9853695,-19.509623,0.70426595,-1.889492,11.05530953,76.92714353,400.5819,0.0,,3.7900925,0.25,2,2
10.060,416843522175319,0.32093734,-0.2635096,9.866954,-4.5814854E-4,3.0543236E-4,-1.5271618E-4,0.3162624,-0.26297787,9.79802,0.004674956,-5.3173304E-4,0.06893349,22.125,42.75,-7.05,-0.003262722,-0.017290713,0.1695063,0.9853695,-19.509623,0.7042827,-1.8894916,11.05530953,76.92714353,400.5819,0.0,,3.7900925,0.27,2,2
10.080,416843542175319,0.31809586,-0.26365915,9.865907,-7.635809E-5,7.635809E-4,3.0543236E-4,0.31621072,-0.26290333,9.798024,0.0018851459,-7.558167E-4,0.06788254,21.6,42.75,-5.8500004,-0.0032628654,-0.01729073,0.1695063,0.9853695,-19.509623,0.7042992,-1.8894905,11.05530953,76.92714353,400.5819,0.0,,3.7900925,0.29,2,2
10.100,416843562175319,0.32108688,-0.26350957,9.861271,1.5271618E-4,6.872228E-4,9.926552E-4,0.31625345,-0.26285872,9.798024,0.00483343,-6.508678E-4,0.06324673,20.400002,42.300003,-4.5750003,-0.003263007,-0.01729075,0.1695063,0.9853695,-19.509623,0.7043156,-1.8894902,11.05530953,76.92714353,400.5819,0.0,,3.7900925,0.31,2,2
10.120,416843582175319,0.31719854,-0.26470602,9.870394,1.5271618E-4,-4.5814854E-4,6.108647E-4,0.31634918,-0.26267877,9.798025,8.493662E-4,-0.0020272285,0.072368145,20.175001,42.15,-3.825,-0.00326315,-0.017290767,0.1695063,0.9853695,-19.509623,0.7043321,-1.8894892,11.05530953,76.92714353,400.5819,0.0,,3.7900925,0.33,2,2
10.140,416843602175319,0.31899318,-0.260369,9.870244,1.5271618E-4,-4.5814854E-4,6.108647E-4,0.31648836,-0.2626219,9.798022,0.0025048256,0.0022528917,0.072221756,21.6,42.45,-6.9750004,-0.00326329,-0.017290786,0.1695063,0.9853695,-19.50962,0.70434827,-1.8894886,11.05530953,76.92714353,400.5819,0.0,,3.7900925,0.35,2,2
10.160,416843622175319,0.3201896,-0.260369,9.865309,-3.8179045E-4,-4.5814854E-4,4.5814854E-4,0.3166596,-0.2627874,9.798013,0.0035299808,0.002418384,0.06729603,21.525002,42.225002,-6.3750005,-0.0032634297,-0.017290805,0.1695063,0.9853695,-19.50962,0.7043644,-1.889488,11.05530953,76.92714353,400.5819,0.0,,3.7900925,0.37,2,2
10.180,416843642175319,0.32108688,-0.26769704,9.864112,-3.8179045E-4,-4.5814854E-4,-1.5271618E-4,0.31675765,-0.26261318,9.798015,0.0043292493,-0.005083844,0.06609726,20.775002,42.45,-4.8,-0.0032635767,-0.017290827,0.1695063,0.9853695,-19.50962,0.70438147,-1.8894877,11.05530953,76.92714353,400.5819,0.0,,3.7900925,0.39,2,2
10.200,416843662175319,0.31914273,-0.26051855,9.863514,1.5271618E-4,-4.5814854E-4,2.2907427E-4,0.3169132,-0.26278394,9.798004,0.0022295415,0.0022653788,0.065509796,20.625,42.225002,-5.4750004,-0.0032637178,-0.017290844,0.1695063,0.9853695,-19.50962,0.70439774,-1.8894869,11.05530953,76.92714353,400.5819,0.0,,3.7900925,0.41,2,2
10.220,416843682175319,0.32108688,-0.26470602,9.869047,-9.162971E-4,-4.5814854E-4,5.3450663E-4,0.31712168,-0.26273182,9.797999,0.003965199,-0.0019741803,0.07104826,21.6,42.225002,-7.2000003,-0.003263861,-0.017290864,0.1695063,0.9853695,-19.50962,0.7044143,-1.8894864,11.05530953,76.92714353,400.5819,0.0,,3.7900925,0.43,2,2
10.240,416843702175319,0.3234797,-0.26336002,9.861271,7.635809E-5,-3.0543236E-4,4.5814854E-4,0.3171036,-0.26286015,9.7979965,0.0063761175,-4.9988925E-4,0.06327391,21.75,42.675003,-7.275,-0.0032640055,-0.017290886,0.1695063,0.9853695,-19.50962,0.70443106,-1.8894861,11.05530953,76.92714353,400.5819,0.0,,3.7900925,0.45,2,2
10.260,416843722175319,0.3185445,-0.26425737,9.865908,-7.635809E-4,-7.635809E-5,7.635809E-4,0.317179,-0.26274276,9.797997,0.0013655275,-0.0015145987,0.06790972,20.625,42.600002,-6.0,-0.0032641478,-0.017290903,0.1695063,0.9853695,-19.50962,0.70444745,-1.8894854,11.05530953,76.92714353,400.5819,0.0,,3.7900925,0.47,2,2
10.280,416843742175319,0.32168508,-0.2620141,9.859626,1.5271618E-4,0.0,3.0543236E-4,0.3171025,-0.2626412,9.798002,0.004582599,6.2711537E-4,0.061623573,21.0,42.375,-5.3250003,-0.0032642907,-0.017290922,0.1695063,0.9853695,-19.50962,0.70446396,-1.8894848,11.05530953,76.92714353,400.5819,0.0,,3.7900925,0.49,2,2
10.300,416843762175319,0.31764722,-0.26246274,9.860523,1.5271618E-4,1.5271618E-4,-1.5271618E-4,0.31709856,-0.26278183,9.797998,5.4866076E-4,3.1910837E-4,0.062524796,20.175001,42.300003,-4.125,-0.0032644318,-0.017290939,0.1695063,0.9853695,-19.50962,0.7044802,-1.8894839,11.05530953,76.92714353,400.5819,0.0,,3.7900925,0.51,2,2
10.320,416843782175319,0.31809586,-0.26994032,9.865159,1.5271618E-4,-2.2907427E-4,3.8179045E-4,0.31696308,-0.2625773,9.798009,0.0011327863,-0.0073630065,0.067150116,21.0,42.300003,-5.8500004,-0.0032645792,-0.017290957,0.1695063,0.9853695,-19.50962,0.7044972,-1.8894831,11.05530953,76.92714353,400.5819,0.0,,3.7900925,0.53,2,2
10.340,416843802175319,0.31974095,-0.25962126,9.869495,1.5271618E-4,7.635809E-4,3.0543236E-4,0.31675774,-0.26264438,9.798014,0.0029831976,0.0030231327,0.07148218,20.925001,42.45,-4.8,-0.003264717,-0.017290974,0.1695063,0.9853695,-19.50962,0.7045131,-1.8894824,11.05530953,76.92714353,400.5819,0.0,,3.7900925,0.55,2,2
10.360,416843822175319,0.31734812,-0.2638087,9.861271,-3.8179045E-4,7.635809E-4,0.0010690133,0.31646112,-0.26259944,9.798024,8.869916E-4,-0.001209259,0.06324625,21.75,42.825,-7.2000003,-0.0032648596,-0.01729099,0.1695063,0.9853695,-19.50962,0.70452946,-1.8894815,11.05530953,76.92714353,400.5819,0.0,,3.7900925,0.57,2,2
10.380,416843842175319,0.31450665,-0.2641078,9.866206,1.5271618E-4,7.635809E-4,0.0010690133,0.3164945,-0.26269358,9.79802,-0.0019878596,-0.0014142096,0.068185806,21.45,42.15,-5.3250003,-0.0032650067,-0.017291004,0.1695063,0.9853695,-19.509619,0.7045464,-1.8894802,11.05530953,76.92714353,400.5819,0.0,,3.7900925,0.59,2,2
10.400,416843862175319,0.31899318,-0.2632105,9.867403,-6.872228E-4,-1.5271618E-4,5.3450663E-4,0.31645134,-0.26271924,9.798022,0.00254184,-4.912615E-4,0.06938028,21.525002,42.300003,-7.3500004,-0.0032651485,-0.01729102,0.1695063,0.9853695,-19.509619,0.7045627,-1.8894792,11.05530953,76.92714353,400.5819,0.0,,3.7900925,0.61,2,2
10.420,416843882175319,0.31809586,-0.26545376,9.862168,7.635809E-5,7.635809E-5,0.0010690133,0.316488,-0.26264486,9.798022,0.0016078651,-0.0028088987,0.06414604,21.6,42.75,-6.2250004,-0.0032652926,-0.017291037,0.1695063,0.9853695,-19.509619,0.7045793,-1.8894783,11.05530953,76.92714353,400.5819,0.0,,3.7900925,0.63,2,2
10.440,416843902175319,0.32333016,-0.26336002,9.862766,1.5271618E-4,6.108647E-4,3.8179045E-4,0.31650802,-0.26261103,9.798023,0.006822139,-7.4900687E-4,0.06474304,21.6,42.375,-8.025001,-0.003265433,-0.01729106,0.1695063,0.9853695,-19.509619,0.70459557,-1.8894781,11.05530953,76.92714353,400.5819,0.0,,3.7900925,0.65,2,2
10.460,416843922175319,0.32138598,-0.26470602,9.863813,1.5271618E-4,3.8179045E-4,1.5271618E-4,0.31632832,-0.2627505,9.798024,0.0050576776,-0.0019555092,0.065788746,20.625,42.75,-5.55,-0.0032655778,-0.01729108,0.1695063,0.9853695,-19.509619,0.7046124,-1.8894777,11.05530953,76.92714353,400.5819,0.0,,3.7900925,0.67,2,2
10.480,416843942175319,0.31764722,-0.26964122,9.862916,1.5271618E-4,7.635809E-4,0.0010690133,0.31654024,-0.26292792,9.798013,0.0011069775,-0.006713286,0.06490326,21.525002,42.600002,-6.8250003,-0.003265726,-0.017291095,0.1695063,0.9853695,-19.509617,0.70462936,-1.8894764,11.05530953,76.92714353,400.5819,0.0,,3.7900925,0.69,2,2
10.500,416843962175319,0.32243285,-0.26814568,9.867851,-3.0543236E-4,-4.5814854E-4,5.3450663E-4,0.3166818,-0.26279604,9.798013,0.0057510436,-0.005349651,0.06983805,21.0,42.675003,-5.55,-0.003265874,-0.017291116,0.1695063,0.9853695,-19.509617,0.70464647,-1.889476,11.05530953,76.92714353,400.5819,0.0,,3.7900925,0.71,2,2
10.520,416843982175319,0.3204887,-0.26171497,9.863962,1.5271618E-4,-4.5814854E-4,7.635809E-4,0.31673253,-0.26277125,9.798011,0.0037561655,0.0010562837,0.065951824,20.7,42.375,-5.55,-0.0032660165,-0.017291136,0.1695063,0.9853695,-19.509617,0.704663,-1.8894756,11.05530953,76.92714353,400.5819,0.0,,3.7900925,0.73,2,2
10.540,416844002175319,0.3179463,-0.2653042,9.870991,1.5271618E-4,-4.5814854E-4,3.0543236E-4,0.31662387,-0.26279545,9.798014,0.0013224483,-0.0025087595,0.07297754,20.85,42.675003,-4.9500003,-0.0032661583,-0.017291155,0.1695063,0.9853695,-19.509617,0.70467937,-1.8894747,11.05530953,76.92714353,400.5819,0.0,,3.7900925,0.75,2,2
10.560,416844022175319,0.3164508,-0.26665017,9.867252,1.5271618E-4,1.5271618E-4,-7.635809E-5,0.31667307,-0.26277956,9.798013,-2.2226572E-4,-0.0038706064,0.06924009,20.925001,42.75,-4.9500003,-0.003266301,-0.017291168,0.1695063,0.9853695,-19.509617,0.70469576,-1.8894734,11.05530953,76.92714353,400.5819,0.0,,3.7900925,0.77,2,2
10.580,416844042175319,0.31630123,-0.26395825,9.865608,0.0,-6.872228E-4,7.635809E-5,0.31669122,-0.26283172,9.79801,-3.899783E-4,-0.0011265278,0.067597866,22.050001,42.75,-6.675,-0.0032664428,-0.01729118,0.1695063,0.9853695,-19.509617,0.704712,-1.8894721,11.05530953,76.92714353,400.5819,0.0,,3.7900925,0.79,2,2
10.600,416844062175319,0.31749764,-0.26545376,9.867552,-1.5271618E-4,-3.8179045E-4,0.0010690133,0.316667,-0.26281813,9.798013,8.3065033E-4,-0.002635643,0.06953907,21.975,42.75,-7.5000005,-0.0032665846,-0.017291194,0.1695063,0.9853695,-19.509615,0.70472825,-1.8894708,11.05530953,76.92714353,400.5819,0.0,,3.7900925,0.81,2,2
10.620,416844082175319,0.31630126,-0.26545376,9.867702,1.5271618E-4,-3.0543236E-4,4.5814854E-4,0.31672096,-0.26273644,9.798012,-4.197061E-4,-0.0027173162,0.06968975,21.975,42.15,-8.25,-0.0032667276,-0.017291207,0.1695063,0.9853695,-19.509615,0.70474464,-1.8894696,11.05530953,76.92714353,400.5819,0.0,,3.7900925,0.83,2,2
10.640,416844102175319,0.31764722,-0.26336002,9.862318,1.5271618E-4,-4.5814854E-4,3.8179045E-4,0.3166767,-0.26253083,9.798018,9.704977E-4,-8.292049E-4,0.06429911,20.625,42.45,-5.4750004,-0.0032668698,-0.017291224,0.1695063,0.9853695,-19.509615,0.7047611,-1.8894688,11.05530953,76.92714353,400.5819,0.0,,3.7900925,0.85,2,2
10.660,416844122175319,0.3201896,-0.2594717,9.867851,1.5271618E-4,3.8179045E-4,6.872228E-4,0.3165483,-0.2624078,9.798027,0.0036412925,0.002936095,0.06982422,21.900002,42.375,-7.5750003,-0.0032670116,-0.017291239,0.1695063,0.9853695,-19.509615,0.70477736,-1.8894677,11.05530953,76.92714353,400.5819,0.0,,3.7900925,0.87,2,2
10.680,416844142175319,0.31944183,-0.26186454,9.867702,1.5271618E-4,7.635809E-4,0.0,0.3163999,-0.26254174,9.798029,0.003041923,6.772131E-4,0.069672585,20.625,42.45,-5.025,-0.003267148,-0.017291257,0.1695063,0.9853695,-19.509615,0.7047931,-1.8894672,11.05530953,76.92714353,400.5819,0.0,,3.7900925,0.89,2,2
10.700,416844162175319,0.31809586,-0.26949164,9.862916,1.5271618E-4,6.872228E-4,4.5814854E-4,0.3165738,-0.26262057,9.79802,0.0015220642,-0.0068710744,0.06489563,21.375,42.375,-6.0750003,-0.0032672947,-0.017291274,0.1695063,0.9853695,-19.509615,0.70480996,-1.8894659,11.05530953,76.92714353,400.5819,0.0,,3.7900925,0.91,2,2
10.720,416844182175319,0.32153553,-0.26620153,9.869646,-7.635809E-5,-4.5814854E-4,0.0010690133,0.31669337,-0.262883,9.798009,0.004842177,-0.0033185184,0.07163668,20.325,42.525,-5.25,-0.0032674393,-0.017291296,0.1695063,0.9853695,-19.509615,0.7048268,-1.8894658,11.05530953,76.92714353,400.5819,0.0,,3.7900925,0.93,2,2
10.740,416844202175319,0.3201896,-0.26665017,9.8727865,-0.0010690133,-4.5814854E-4,0.0010690133,0.31673807,-0.26279423,9.79801,0.0034515113,-0.0038559437,0.07477665,20.400002,42.75,-4.65,-0.003267586,-0.017291313,0.1695063,0.9853695,-19.509615,0.70484364,-1.8894649,11.05530953,76.92714353,400.5819,0.0,,3.7900925,0.95,2,2
10.760,416844222175319,0.3179463,-0.26261228,9.860523,1.5271618E-4,-3.8179045E-4,9.926552E-4,0.3166303,-0.2627514,9.798015,0.001316011,1.3911724E-4,0.06250858,21.225,42.675003,-5.25,-0.0032677297,-0.017291328,0.1695063,0.9853695,-19.509615,0.70486015,-1.8894638,11.05530953,76.92714353,400.5819,0.0,,3.7900925,0.97,2,2
10.780,416844242175319,0.32004005,-0.2644069,9.863066,1.5271618E-4,7.635809E-4,6.108647E-4,0.31653896,-0.2627372,9.798018,0.0035010725,-0.0016696751,0.06504679,20.7,42.0,-4.65,-0.0032678726,-0.017291347,0.1695063,0.9853695,-19.509615,0.70487666,-1.8894632,11.05530953,76.92714353,400.5819,0.0,,3.7900925,0.99,2,2
10.800,416844262175319,0.32063824,-0.26276183,9.864861,-2.2907427E-4,7.635809E-4,6.108647E-4,0.31653744,-0.2629585,9.798013,0.0041007996,1.9665062E-4,0.066847324,20.625,42.525,-4.875,-0.0032680125,-0.017291367,0.1695063,0.9853695,-19.509615,0.7048929,-1.8894627,11.05531493,76.9271384,398.78656,0.0,,3.7900925,0.01,2,2
10.820,416844282175319,0.31944183,-0.26545376,9.864411,-0.0010690133,1.5271618E-4,-1.5271618E-4,0.3163212,-0.2630558,9.7980175,0.003120631,-0.0023979694,0.06639385,21.525002,42.825,-6.4500003,-0.00326816,-0.017291386,0.1695063,0.9853695,-19.509615,0.70490986,-1.8894621,11.05531493,76.9271384,398.78656,0.0,,3.7900925,0.03,2,2
10.840,416844302175319,0.3167499,-0.26605195,9.868151,-3.0543236E-4,7.635809E-4,3.8179045E-4,0.31609973,-0.26307508,9.798024,6.5016747E-4,-0.0029768795,0.07012606,22.725,42.375,-7.65,-0.0032683075,-0.017291399,0.1695063,0.9853695,-19.509613,0.7049268,-1.8894604,11.05531493,76.9271384,398.78656,0.0,,3.7900925,0.05,2,2
10.860,416844322175319,0.31630126,-0.2666502,9.867252,1.5271618E-4,7.635809E-4,2.2907427E-4,0.3159809,-0.2629741,9.79803,3.2034516E-4,-0.0036760718,0.06922293,21.225,42.525,-6.3,-0.0032684517,-0.017291417,0.1695063,0.9853695,-19.509613,0.7049435,-1.8894597,11.05531493,76.9271384,398.78656,0.0,,3.7900925,0.07,2,2
10.880,416844342175319,0.31600213,-0.26306093,9.869945,1.5271618E-4,2.2907427E-4,5.3450663E-4,0.31599036,-0.26299247,9.798029,1.17868185E-5,-6.8470836E-5,0.07191563,22.125,42.525,-7.2000003,-0.0032685949,-0.017291432,0.1695063,0.9853695,-19.509613,0.70495987,-1.8894587,11.05531493,76.9271384,398.78656,0.0,,3.7900925,0.09,2,2
10.900,416844362175319,0.3188436,-0.2659024,9.866954,7.635809E-5,0.0,-7.635809E-5,0.31599808,-0.26306915,9.798027,0.0028455406,-0.002833262,0.06892681,21.525002,42.45,-6.6000004,-0.0032687387,-0.017291453,0.1695063,0.9853695,-19.509615,0.70497656,-1.8894585,11.05531493,76.9271384,398.78656,0.0,,3.7900925,0.11,2,2
10.920,416844382175319,0.31600213,-0.26605198,9.866804,-2.2907427E-4,-4.5814854E-4,0.0010690133,0.3162967,-0.26310012,9.798016,-2.9455125E-4,-0.0029518604,0.06878853,22.35,42.825,-8.55,-0.003268885,-0.017291464,0.1695063,0.9853695,-19.509615,0.70499325,-1.889457,11.05531493,76.9271384,398.78656,0.0,,3.7900925,0.13,2,2
10.940,416844402175319,0.32452658,-0.26709884,9.863514,1.5271618E-4,-4.5814854E-4,0.0,0.31627506,-0.2630703,9.7980175,0.008251518,-0.004028544,0.06549692,22.050001,42.075,-7.5000005,-0.0032690312,-0.017291484,0.1695063,0.9853695,-19.509615,0.7050102,-1.8894564,11.05531493,76.9271384,398.78656,0.0,,3.7900925,0.15,2,2
10.960,416844422175319,0.3185445,-0.2656033,9.87458,1.5271618E-4,7.635809E-5,-7.635809E-5,0.31621087,-0.26294687,9.798023,0.002333656,-0.002656445,0.076557636,22.5,42.300003,-8.925,-0.0032691772,-0.017291505,0.1695063,0.9853695,-19.509613,0.705027,-1.8894559,11.05531493,76.9271384,398.78656,0.0,,3.7900925,0.17,2,2
10.980,416844442175319,0.3185445,-0.26216364,9.866654,1.5271618E-4,3.0543236E-4,0.0010690133,0.31629452,-0.26291582,9.798021,0.0022500008,7.521957E-4,0.06863308,22.650002,42.75,-9.150001,-0.0032693183,-0.017291522,0.1695063,0.9853695,-19.509613,0.7050433,-1.8894548,11.05531493,76.9271384,398.78656,0.0,,3.7900925,0.19,2,2
11.000,416844462175319,0.32288152,-0.2623132,9.864411,-2.2907427E-4,3.0543236E-4,0.0010690133,0.31640255,-0.2628742,9.798018,0.0064789504,5.610138E-4,0.0663929,22.125,42.75,-7.8,-0.0032694577,-0.017291542,0.1695063,0.9853695,-19.509613,0.70505947,-1.8894546,11.05531493,76.9271384,398.78656,0.0,,3.7900925,0.21,2,2
11.020,416844482175319,0.31944183,-0.26425737,9.870244,7.635809E-5,-4.5814854E-4,0.0010690133,0.31651074,-0.26281375,9.798017,0.0029310882,-0.0014436096,0.07222748,21.900002,42.225002,-6.7500005,-0.0032696011,-0.01729156,0.1695063,0.9853695,-19.509613,0.705076,-1.8894538,11.05531493,76.9271384,398.78656,0.0,,3.7900925,0.23,2,2
11.040,416844502175319,0.31929228,-0.26425737,9.868151,1.5271618E-4,-4.5814854E-4,-1.5271618E-4,0.31657097,-0.26262927,9.798019,0.0027213097,-0.001628086,0.070130825,21.45,42.525,-7.425,-0.003269741,-0.01729158,0.1695063,0.9853695,-19.509613,0.7050922,-1.8894534,11.05531493,76.9271384,398.78656,0.0,,3.7900925,0.25,2,2
11.060,416844522175319,0.31779677,-0.26021945,9.865458,1.5271618E-4,-4.5814854E-4,3.8179045E-4,0.31660226,-0.2626007,9.798019,0.0011945069,0.0023812354,0.0674386,21.0,42.225002,-4.9500003,-0.0032698808,-0.017291598,0.1695063,0.9853695,-19.509613,0.70510834,-1.8894527,11.05531493,76.9271384,398.78656,0.0,,3.7900925,0.27,2,2
11.080,416844542175319,0.317049,-0.26470602,9.866056,1.5271618E-4,-4.5814854E-4,3.8179045E-4,0.31666028,-0.26262975,9.798017,3.887117E-4,-0.0020762533,0.068039894,20.925001,42.375,-6.3750005,-0.003270021,-0.017291611,0.1695063,0.9853695,-19.509611,0.7051244,-1.8894515,11.05531493,76.9271384,398.78656,0.0,,3.7900925,0.29,2,2
11.100,416844562175319,0.3179463,-0.26635107,9.863664,1.5271618E-4,-4.5814854E-4,0.0010690133,0.31665874,-0.2626062,9.7980175,0.0012875646,-0.0037448704,0.06564617,20.475,42.300003,-4.65,-0.0032701674,-0.017291628,0.1695063,0.9853695,-19.509611,0.70514125,-1.8894506,11.05531493,76.9271384,398.78656,0.0,,3.7900925,0.31,2,2
11.120,416844582175319,0.3194418,-0.26485556,9.870394,1.5271618E-4,7.635809E-5,0.0010690133,0.3168444,-0.2627433,9.798008,0.0025974065,-0.0021122545,0.07238531,20.85,42.0,-4.9500003,-0.0032703094,-0.017291646,0.1695063,0.9853695,-19.509611,0.7051577,-1.88945,11.05531493,76.9271384,398.78656,0.0,,3.7900925,0.33,2,2
11.140,416844602175319,0.32183462,-0.2666502,9.862467,-3.0543236E-4,-4.5814854E-4,5.3450663E-4,0.3169231,-0.26273742,9.798006,0.004911527,-0.003912762,0.06446123,20.7,42.375,-5.55,-0.003270455,-0.017291667,0.1695063,0.9853695,-19.509611,0.70517457,-1.8894494,11.05531493,76.9271384,398.78656,0.0,,3.7900925,0.35,2,2
11.160,416844622175319,0.3188436,-0.26216364,9.869047,-4.5814854E-4,-4.5814854E-4,3.8179045E-4,0.3169674,-0.2628752,9.798001,0.0018762201,7.1156025E-4,0.07104635,21.6,42.300003,-7.425,-0.003270598,-0.017291686,0.1695063,0.9853695,-19.509611,0.705191,-1.8894486,11.05531493,76.9271384,398.78656,0.0,,3.7900925,0.37,2,2
11.180,416844642175319,0.31764722,-0.26994032,9.86486,1.5271618E-4,-4.5814854E-4,-1.5271618E-4,0.31704077,-0.262892,9.797997,6.0644746E-4,-0.007048294,0.06686211,20.1,42.45,-4.875,-0.0032707476,-0.017291704,0.1695063,0.9853695,-19.509611,0.7052083,-1.8894478,11.05531493,76.9271384,398.78656,0.0,,3.7900925,0.39,2,2
11.200,416844662175319,0.31869406,-0.26665017,9.867402,1.5271618E-4,-4.5814854E-4,-1.5271618E-4,0.31708017,-0.26280433,9.797999,0.0016139001,-0.0038458407,0.069402695,21.0,42.675003,-5.025,-0.0032708934,-0.017291721,0.1695063,0.9853695,-19.50961,0.70522505,-1.889447,11.05531493,76.9271384,398.78656,0.0,,3.7900925,0.41,2,2
11.220,416844682175319,0.32093734,-0.26306093,9.864711,1.5271618E-4,7.635809E-5,3.8179045E-4,0.31698328,-0.26261738,9.798007,0.003954068,-4.4356287E-4,0.0667038,20.775002,42.225002,-4.8,-0.003271035,-0.017291741,0.1695063,0.9853695,-19.50961,0.70524144,-1.8894465,11.05531493,76.9271384,398.78656,0.0,,3.7900925,0.43,2,2
11.240,416844702175319,0.31779677,-0.2600699,9.859924,1.5271618E-4,3.0543236E-4,7.635809E-5,0.31678545,-0.26261878,9.798014,0.001011312,0.0025488734,0.061911106,21.900002,41.925003,-7.425,-0.0032711728,-0.017291758,0.1695063,0.9853695,-19.50961,0.70525736,-1.8894457,11.05531493,76.9271384,398.78656,0.0,,3.7900925,0.45,2,2
11.260,416844722175319,0.31226337,-0.26246274,9.864113,-3.0543236E-4,-1.5271618E-4,0.0010690133,0.3168928,-0.26277685,9.798005,-0.004629448,3.1411648E-4,0.06610727,20.775002,42.525,-4.8,-0.003271315,-0.01729177,0.1695063,0.9853695,-19.50961,0.70527357,-1.8894444,11.05531493,76.9271384,398.78656,0.0,,3.7900925,0.47,2,2
11.280,416844742175319,0.31929225,-0.26679972,9.857831,-3.8179045E-4,-4.5814854E-4,-7.635809E-5,0.3167305,-0.26262695,9.798016,0.002561763,-0.004172772,0.059815407,21.825,42.675003,-7.05,-0.0032714615,-0.017291786,0.1695063,0.9853695,-19.50961,0.70529044,-1.8894432,11.05531493,76.9271384,398.78656,0.0,,3.7900925,0.49,2,2
11.300,416844762175319,0.31749767,-0.26021945,9.860823,0.0,6.108647E-4,-1.5271618E-4,0.31665164,-0.2626098,9.798018,8.460134E-4,0.0023903549,0.062803745,20.85,42.75,-5.025,-0.0032716,-0.017291803,0.1695063,0.9853695,-19.50961,0.7053065,-1.8894424,11.05531493,76.9271384,398.78656,0.0,,3.7900925,0.51,2,2
11.320,416844782175319,0.3191427,-0.2632105,9.868897,-1.5271618E-4,3.8179045E-4,1.5271618E-4,0.31643555,-0.26250267,9.798029,0.0027071685,-7.0783496E-4,0.07086849,21.675001,42.525,-5.55,-0.0032717385,-0.017291823,0.1695063,0.9853695,-19.509607,0.70532244,-1.8894421,11.05531493,76.9271384,398.78656,0.0,,3.7900925,0.53,2,2
11.340,416844802175319,0.31689945,-0.2623132,9.865757,1.5271618E-4,7.635809E-4,0.0010690133,0.31649354,-0.26243716,9.798027,4.0590763E-4,1.2397766E-4,0.06773043,22.2,42.75,-7.5750003,-0.0032718794,-0.017291838,0.1695063,0.9853695,-19.509607,0.7053387,-1.889441,11.05531493,76.9271384,398.78656,0.0,,3.7900925,0.55,2,2
11.360,416844822175319,0.31779677,-0.26336002,9.865009,1.5271618E-4,-4.5814854E-4,0.0010690133,0.31653106,-0.26242924,9.798026,0.0012656897,-9.3080103E-4,0.06698322,21.525002,42.75,-6.2250004,-0.0032720217,-0.017291855,0.1695063,0.9853695,-19.509607,0.70535505,-1.8894402,11.05531493,76.9271384,398.78656,0.0,,3.7900925,0.57,2,2
11.380,416844842175319,0.3188436,-0.2650051,9.86187,1.5271618E-4,-1.5271618E-4,7.635809E-4,0.31643727,-0.26238716,9.798031,0.0024063438,-0.0026179552,0.06383848,21.225,42.45,-5.3250003,-0.003272167,-0.017291874,0.1695063,0.9853695,-19.509607,0.70537186,-1.8894395,11.05531493,76.9271384,398.78656,0.0,,3.7900925,0.59,2,2
11.400,416844862175319,0.3143571,-0.26425737,9.863813,1.5271618E-4,-2.2907427E-4,-1.5271618E-4,0.31651238,-0.2624293,9.798027,-0.002155289,-0.0018280596,0.065785885,21.300001,42.525,-6.15,-0.0032723092,-0.017291883,0.1695063,0.9853695,-19.509607,0.7053881,-1.8894378,11.05531493,76.9271384,398.78656,0.0,,3.7900925,0.61,2,2
11.420,416844882175319,0.32198417,-0.26665017,9.866804,1.5271618E-4,1.5271618E-4,3.8179045E-4,0.3164891,-0.26241112,9.798029,0.0054950863,-0.0042390525,0.068775654,20.775002,42.375,-5.25,-0.0032724543,-0.017291902,0.1695063,0.9853695,-19.509607,0.7054048,-1.8894372,11.05531493,76.9271384,398.78656,0.0,,3.7900925,0.63,2,2
11.440,416844902175319,0.31779677,-0.26321048,9.860823,-7.635809E-5,0.0,6.108647E-4,0.31635582,-0.26242936,9.798033,0.0014409423,-7.811338E-4,0.06278944,21.900002,42.45,-7.8,-0.0032725986,-0.01729192,0.1695063,0.9853695,-19.509605,0.7054215,-1.8894362,11.05531493,76.9271384,398.78656,0.0,,3.7900925,0.65,2,2
11.460,416844922175319,0.31734812,-0.26410782,9.858429,-7.635809E-5,4.5814854E-4,0.0010690133,0.3164049,-0.26251537,9.798028,9.431988E-4,-0.0015924424,0.06040144,21.375,42.300003,-6.3,-0.0032727437,-0.017291939,0.1695063,0.9853695,-19.509605,0.70543826,-1.8894354,11.05531493,76.9271384,398.78656,0.0,,3.7900925,0.67,2,2
11.480,416844942175319,0.32138598,-0.26455647,9.864711,-4.5814854E-4,2.2907427E-4,5.3450663E-4,0.31629744,-0.26260135,9.79803,0.005088553,-0.0019551069,0.06668091,21.45,42.600002,-6.8250003,-0.0032728852,-0.01729196,0.1695063,0.9853695,-19.509605,0.7054546,-1.8894352,11.05531493,76.9271384,398.78656,0.0,,3.7900925,0.69,2,2
11.500,416844962175319,0.31974092,-0.26515466,9.866206,-3.0543236E-4,7.635809E-4,-1.5271618E-4,0.31640717,-0.2624907,9.798029,0.0033337474,-0.00266397,0.06817722,22.125,42.225002,-7.7250004,-0.003273028,-0.01729198,0.1695063,0.9853695,-19.509605,0.70547116,-1.8894348,11.05531493,76.9271384,398.78656,0.0,,3.7900925,0.71,2,2
11.520,416844982175319,0.32093734,-0.2623132,9.863962,1.5271618E-4,-1.5271618E-4,2.2907427E-4,0.3165589,-0.26245582,9.798025,0.004378438,1.4263391E-4,0.06593752,20.625,42.675003,-4.875,-0.0032731686,-0.017292,0.1695063,0.9853695,-19.509605,0.7054874,-1.8894343,11.05531493,76.9271384,398.78656,0.0,,3.7900925,0.73,2,2
11.540,416845002175319,0.32063824,-0.26440692,9.863514,1.5271618E-4,-4.5814854E-4,5.3450663E-4,0.3164383,-0.26254997,9.798026,0.004199952,-0.001856938,0.06548786,22.2,42.075,-7.275,-0.0032733125,-0.017292019,0.1695063,0.9853695,-19.509605,0.705504,-1.8894337,11.05531493,76.9271384,398.78656,0.0,,3.7900925,0.75,2,2
11.560,416845022175319,0.31585258,-0.2675475,9.868449,7.635809E-5,7.635809E-5,5.3450663E-4,0.31648752,-0.2627166,9.79802,-6.349385E-4,-0.004830897,0.07042885,21.300001,42.600002,-5.3250003,-0.0032734598,-0.017292034,0.1695063,0.9853695,-19.509605,0.705521,-1.8894322,11.05531493,76.9271384,398.78656,0.0,,3.7900925,0.77,2,2
11.580,416845042175319,0.3194418,-0.2653042,9.864411,-6.872228E-4,-1.5271618E-4,0.0010690133,0.31624037,-0.26270607,9.798029,0.00320144,-0.0025981367,0.06638241,20.400002,42.45,-5.25,-0.0032736033,-0.01729205,0.1695063,0.9853695,-19.509605,0.70553744,-1.8894314,11.05531493,76.9271384,398.78656,0.0,,3.7900925,0.79,2,2
11.600,416845062175319,0.31570303,-0.2653042,9.864861,1.5271618E-4,7.635809E-4,0.0010690133,0.3160985,-0.26252997,9.7980385,-3.9547682E-4,-0.0027742386,0.066821575,20.625,42.45,-4.7250004,-0.0032737465,-0.01729207,0.1695063,0.9853695,-19.509605,0.70555395,-1.8894308,11.05531493,76.9271384,398.78656,0.0,,3.7900925,0.81,2,2
11.620,416845082175319,0.31869406,-0.2638087,9.867403,7.635809E-4,7.635809E-4,0.0010690133,0.31596518,-0.26248348,9.798043,0.0027288944,-0.0013252199,0.0693593,20.550001,42.525,-5.25,-0.00327389,-0.017292086,0.1695063,0.9853695,-19.509605,0.7055705,-1.8894299,11.05531493,76.9271384,398.78656,0.0,,3.7900925,0.83,2,2
11.640,416845102175319,0.31719854,-0.26395825,9.866356,1.5271618E-4,4.5814854E-4,0.0010690133,0.31595,-0.26268873,9.7980385,0.0012485385,-0.0012695193,0.06831694,21.300001,42.600002,-5.775,-0.0032740342,-0.017292103,0.1695063,0.9853695,-19.509605,0.70558715,-1.8894291,11.05531493,76.9271384,398.78656,0.0,,3.7900925,0.85,2,2
11.660,416845122175319,0.31809586,-0.26889345,9.8632145,-3.0543236E-4,7.635809E-5,0.0010690133,0.31605476,-0.26273954,9.798034,0.0020410866,-0.0061539114,0.065181255,21.0,42.600002,-6.0,-0.0032741774,-0.01729212,0.1695063,0.9853695,-19.509604,0.70560366,-1.8894281,11.05531493,76.9271384,398.78656,0.0,,3.7900925,0.87,2,2
11.680,416845142175319,0.3188436,-0.26709884,9.867702,1.5271618E-4,-4.5814854E-4,-7.635809E-5,0.31583148,-0.26286668,9.798038,0.0030121356,-0.0042321533,0.069664,20.1,42.525,-4.3500004,-0.0032743264,-0.017292138,0.1695063,0.9853695,-19.509604,0.7056208,-1.8894273,11.05531493,76.9271384,398.78656,0.0,,3.7900925,0.89,2,2
11.700,416845162175319,0.3146562,-0.26545376,9.8682995,-5.3450663E-4,5.3450663E-4,-1.5271618E-4,0.3158068,-0.26300174,9.798035,-0.001150623,-0.0024520159,0.07026529,20.475,42.15,-4.9500003,-0.0032744715,-0.017292151,0.1695063,0.9853695,-19.509604,0.7056374,-1.889426,11.05531493,76.9271384,398.78656,0.0,,3.7900925,0.91,2,2
11.720,416845182175319,0.31989047,-0.26605198,9.865309,-5.3450663E-4,4.5814854E-4,-1.5271618E-4,0.31588703,-0.26296535,9.798033,0.0040034354,-0.0030866265,0.067276,23.1,42.525,-9.525001,-0.0032746173,-0.01729217,0.1695063,0.9853695,-19.509604,0.70565426,-1.8894252,11.05531493,76.9271384,398.78656,0.0,,3.7900925,0.93,2,2
11.740,416845202175319,0.3185445,-0.26410782,9.866056,7.635809E-5,-3.0543236E-4,9.162971E-4,0.31591612,-0.2629348,9.798033,0.002628401,-0.0011730045,0.06802368,22.050001,42.45,-7.8,-0.0032747628,-0.017292187,0.1695063,0.9853695,-19.509604,0.705671,-1.8894243,11.05531493,76.9271384,398.78656,0.0,,3.7900925,0.95,2,2
11.760,416845222175319,0.32033914,-0.26485556,9.865309,1.5271618E-4,2.2907427E-4,0.0010690133,0.3159667,-0.26296133,9.798031,0.004372433,-0.0018942207,0.06727743,22.575,42.75,-8.925,-0.0032749062,-0.017292203,0.1695063,0.9853695,-19.509604,0.7056876,-1.8894235,11.05531493,76.9271384,398.78656,0.0,,3.7900925,0.97,2,2
11.780,416845242175319,0.31914273,-0.2666502,9.865309,1.5271618E-4,-7.635809E-5,6.872228E-4,0.31607708,-0.26297024,9.798027,0.0030656457,-0.003679946,0.067281246,22.425001,42.825,-8.400001,-0.003275051,-0.017292224,0.1695063,0.9853695,-19.509602,0.70570433,-1.889423,,,,,,,,2,2
11.800,416845262175319,0.32183465,-0.26650062,9.868449,1.5271618E-4,7.635809E-5,-1.5271618E-4,0.31623453,-0.2629376,9.798022,0.0056001246,-0.0035630167,0.07042694,21.75,42.75,-7.1250005,-0.003275194,-0.017292242,0.1695063,0.9853695,-19.509602,0.7057208,-1.8894227,11.0553197,76.92713707,398.44592,0.0,,3.7900925,0.01,2,2
11.820,416845282175319,0.32033914,-0.2650051,9.864711,1.5271618E-4,-4.5814854E-4,-7.635809E-5,0.31644914,-0.26290444,9.798017,0.0038899928,-0.0021006763,0.06669426,21.525002,42.375,-5.925,-0.0032753388,-0.017292265,0.1695063,0.9853695,-19.509602,0.7057376,-1.8894222,11.0553197,76.92713707,398.44592,0.0,,3.7900925,0.03,2,2
11.840,416845302175319,0.32243288,-0.26470602,9.863664,1.5271618E-4,-4.5814854E-4,0.0010690133,0.31637892,-0.26312634,9.798014,0.0060539395,-0.0015796721,0.065649986,21.975,42.675003,-8.475,-0.0032754834,-0.017292285,0.1695063,0.9853695,-19.509602,0.70575434,-1.8894216,11.0553197,76.92713707,398.44592,0.0,,3.7900925,0.05,2,2
11.860,416845322175319,0.31660032,-0.26694927,9.866356,-8.39939E-4,0.0,7.635809E-5,0.31650326,-0.2633541,9.798003,9.7081065E-5,-0.0035951734,0.06835222,20.7,42.375,-5.4,-0.0032756284,-0.017292298,0.1695063,0.9853695,-19.509602,0.7057709,-1.8894203,11.0553197,76.92713707,398.44592,0.0,,3.7900925,0.07,2,2
11.880,416845342175319,0.32004002,-0.2659024,9.866954,-0.0010690133,-3.8179045E-4,4.5814854E-4,0.31663376,-0.26345116,9.7979965,0.0034062564,-0.002451256,0.06895733,21.975,42.375,-6.9750004,-0.0032757742,-0.01729232,0.1695063,0.9853695,-19.509602,0.70578796,-1.88942,11.0553197,76.92713707,398.44592,0.0,,3.7900925,0.09,2,2
11.900,416845362175319,0.3201896,-0.26350957,9.866056,-7.635809E-4,-4.5814854E-4,0.0010690133,0.31662634,-0.26342818,9.7979965,0.0035632402,-8.140504E-5,0.06805992,20.625,42.675003,-5.025,-0.0032759167,-0.017292341,0.1695063,0.9853695,-19.5096,0.70580435,-1.8894197,11.0553197,76.92713707,398.44592,0.0,,3.7900925,0.11,2,2
11.920,416845382175319,0.32153553,-0.2656033,9.865309,1.5271618E-4,4.5814854E-4,0.0010690133,0.3165772,-0.26336,9.798001,0.0049583465,-0.002243325,0.06730747,20.625,42.45,-5.4750004,-0.0032760613,-0.017292362,0.1695063,0.9853695,-19.5096,0.7058211,-1.8894192,11.0553197,76.92713707,398.44592,0.0,,3.7900925,0.13,2,2
11.940,416845402175319,0.31510484,-0.26440692,9.86471,1.5271618E-4,-3.8179045E-4,-7.635809E-5,0.31638193,-0.26342767,9.798005,-0.001277104,-9.792298E-4,0.06670523,21.6,42.825,-6.6000004,-0.0032762047,-0.017292375,0.1695063,0.9853695,-19.5096,0.70583755,-1.8894179,11.0553197,76.92713707,398.44592,0.0,,3.7900925,0.15,2,2
11.960,416845422175319,0.31645077,-0.26739794,9.869047,0.0,6.108647E-4,8.39939E-4,0.31647024,-0.26372424,9.797995,-1.9446015E-5,-0.0036736876,0.07105303,21.375,42.375,-5.1000004,-0.0032763507,-0.01729239,0.1695063,0.9853695,-19.5096,0.7058543,-1.8894167,11.0553197,76.92713707,398.44592,0.0,,3.7900925,0.17,2,2
11.980,416845442175319,0.3185445,-0.26829523,9.862766,-0.0010690133,-4.5814854E-4,-1.5271618E-4,0.31636885,-0.26377344,9.7979965,0.002175659,-0.004521787,0.064769745,21.150002,42.300003,-7.1250005,-0.0032764967,-0.017292403,0.1695063,0.9853695,-19.5096,0.7058711,-1.8894154,11.0553197,76.92713707,398.44592,0.0,,3.7900925,0.19,2,2
12.000,416845462175319,0.31929228,-0.2675475,9.869347,0.0,6.108647E-4,3.8179045E-4,0.31642416,-0.26372692,9.797996,0.002868116,-0.0038205534,0.07135105,22.875,42.9,-10.200001,-0.0032766417,-0.017292421,0.1695063,0.9853695,-19.5096,0.70588785,-1.8894145,11.0553197,76.92713707,398.44592,0.0,,3.7900925,0.21,2,2
12.020,416845482175319,0.32108688,-0.2656033,9.871889,1.5271618E-4,1.5271618E-4,-1.5271618E-4,0.31638864,-0.26363716,9.797999,0.0046982467,-0.0019661635,0.07388973,22.35,42.525,-8.625,-0.003276785,-0.017292442,0.1695063,0.9853695,-19.509598,0.70590436,-1.8894141,11.0553197,76.92713707,398.44592,0.0,,3.7900925,0.23,2,2
12.040,416845502175319,0.31689945,-0.26410782,9.867552,1.5271618E-4,-1.5271618E-4,6.872228E-4,0.31639344,-0.2637912,9.797995,5.0601363E-4,-3.1660497E-4,0.06955719,21.300001,42.600002,-5.55,-0.0032769265,-0.017292457,0.1695063,0.9853695,-19.509598,0.7059206,-1.889413,11.0553197,76.92713707,398.44592,0.0,,3.7900925,0.25,2,2
12.060,416845522175319,0.3201896,-0.26515466,9.862019,-8.39939E-4,2.2907427E-4,0.0010690133,0.31615955,-0.26368645,9.798005,0.004030034,-0.0014682114,0.06401348,21.975,42.975002,-8.025001,-0.0032770704,-0.017292477,0.1695063,0.9853695,-19.509598,0.70593727,-1.8894126,11.0553197,76.92713707,398.44592,0.0,,3.7900925,0.27,2,2
12.080,416845542175319,0.31585258,-0.26365915,9.867104,1.5271618E-4,7.635809E-4,-7.635809E-5,0.3162213,-0.26371858,9.798001,-3.6871433E-4,5.942583E-5,0.06910181,22.050001,42.600002,-7.8,-0.003277215,-0.017292494,0.1695063,0.9853695,-19.509598,0.70595396,-1.8894118,11.0553197,76.92713707,398.44592,0.0,,3.7900925,0.29,2,2
12.100,416845562175319,0.32004005,-0.2675475,9.864411,1.5271618E-4,0.0,3.0543236E-4,0.31611893,-0.2636825,9.798007,0.0039211065,-0.0038649738,0.06640434,22.650002,43.125,-8.475,-0.0032773605,-0.017292509,0.1695063,0.9853695,-19.509598,0.70597064,-1.8894105,11.0553197,76.92713707,398.44592,0.0,,3.7900925,0.31,2,2
12.120,416845582175319,0.3182454,-0.2656033,9.864861,1.5271618E-4,5.3450663E-4,3.0543236E-4,0.316043,-0.26351115,9.798014,0.0022024214,-0.0020921677,0.06684637,22.125,42.525,-8.55,-0.003277505,-0.017292526,0.1695063,0.9853695,-19.509598,0.7059873,-1.8894097,11.0553197,76.92713707,398.44592,0.0,,3.7900925,0.33,2,2
12.140,416845602175319,0.3167499,-0.26156545,9.862766,1.5271618E-4,1.5271618E-4,-7.635809E-5,0.31606388,-0.26348716,9.798013,6.8601966E-4,0.0019217283,0.06475353,21.6,42.525,-6.15,-0.003277645,-0.01729254,0.1695063,0.9853695,-19.509598,0.7060034,-1.8894083,11.0553197,76.92713707,398.44592,0.0,,3.7900925,0.35,2,2
12.160,416845622175319,0.32033914,-0.2659024,9.863664,1.5271618E-4,2.2907427E-4,-1.5271618E-4,0.31592378,-0.26340696,9.79802,0.004415348,-0.0024954528,0.06564331,21.45,42.225002,-8.55,-0.0032777893,-0.017292557,0.1695063,0.9853695,-19.509598,0.70602006,-1.8894078,11.0553197,76.92713707,398.44592,0.0,,3.7900925,0.37,2,2
12.180,416845642175319,0.31600213,-0.26410782,9.866056,1.5271618E-4,3.8179045E-4,-1.5271618E-4,0.3160323,-0.2633229,9.798018,-3.014505E-5,-7.8491867E-4,0.06803799,21.525002,42.600002,-5.7000003,-0.0032779325,-0.017292574,0.1695063,0.9853695,-19.509598,0.7060365,-1.8894068,11.0553197,76.92713707,398.44592,0.0,,3.7900925,0.39,2,2
12.200,416845662175319,0.3188436,-0.26395825,9.866654,1.5271618E-4,-4.5814854E-4,-1.5271618E-4,0.31600294,-0.2632117,9.798022,0.0028406829,-7.465482E-4,0.068632126,21.825,42.675003,-7.5000005,-0.003278076,-0.01729259,0.1695063,0.9853695,-19.509598,0.706053,-1.889406,11.0553197,76.92713707,398.44592,0.0,,3.7900925,0.41,2,2
12.220,416845682175319,0.31764722,-0.26321048,9.86815,1.5271618E-4,7.635809E-5,-1.5271618E-4,0.3160407,-0.26330304,9.798018,0.001606524,9.255111E-5,0.0701313,20.775002,42.9,-5.7000003,-0.0032782191,-0.017292608,0.1695063,0.9853695,-19.509598,0.7060695,-1.8894051,11.0553197,76.92713707,398.44592,0.0,,3.7900925,0.43,2,2
12.240,416845702175319,0.32183462,-0.26889342,9.866953,1.5271618E-4,3.8179045E-4,3.0543236E-4,0.31604812,-0.26328105,9.798018,0.005786523,-0.0056123883,0.06893492,21.0,42.600002,-6.15,-0.0032783656,-0.01729263,0.1695063,0.9853695,-19.509598,0.7060866,-1.8894049,11.0553197,76.92713707,398.44592,0.0,,3.7900925,0.45,2,2
12.260,416845722175319,0.31974092,-0.26575285,9.86471,1.5271618E-4,2.2907427E-4,-1.5271618E-4,0.31594175,-0.26330072,9.798022,0.0037991703,-0.00245215,0.06668806,20.400002,42.600002,-4.3500004,-0.0032785106,-0.017292649,0.1695063,0.9853695,-19.509598,0.70610327,-1.8894043,11.0553197,76.92713707,398.44592,0.0,,3.7900925,0.47,2,2
12.280,416845742175319,0.3155535,-0.26365915,9.870693,-4.5814854E-4,7.635809E-5,-7.635809E-5,0.31589314,-0.26325893,9.798025,-3.3965707E-4,-4.002154E-4,0.0726676,20.7,42.600002,-5.775,-0.0032786531,-0.017292663,0.1695063,0.9853695,-19.509598,0.70611966,-1.8894032,11.0553197,76.92713707,398.44592,0.0,,3.7900925,0.49,2,2
12.300,416845762175319,0.31600213,-0.2635096,9.87473,-7.635809E-5,-1.5271618E-4,4.5814854E-4,0.31604612,-0.2632568,9.79802,-4.3988228E-5,-2.528131E-4,0.07670975,20.475,42.45,-4.65,-0.0032787954,-0.01729268,0.1695063,0.9853695,-19.509598,0.706136,-1.8894022,11.0553197,76.92713707,398.44592,0.0,,3.7900925,0.51,2,2
12.320,416845782175319,0.32467613,-0.26485556,9.868897,-7.635809E-5,3.0543236E-4,6.108647E-4,0.31606206,-0.26324204,9.79802,0.008614063,-0.0016135275,0.070877075,21.6,42.75,-6.7500005,-0.0032789365,-0.0172927,0.1695063,0.9853695,-19.509598,0.7061523,-1.8894017,11.0553197,76.92713707,398.44592,0.0,,3.7900925,0.53,2,2
12.340,416845802175319,0.3191427,-0.2623132,9.857083,-3.8179045E-4,7.635809E-5,-1.5271618E-4,0.31623158,-0.26333505,9.798012,0.0029111356,0.0010218769,0.05907154,20.400002,42.75,-4.425,-0.0032790767,-0.017292717,0.1695063,0.9853695,-19.509598,0.70616853,-1.8894008,11.0553197,76.92713707,398.44592,0.0,,3.7900925,0.55,2,2
12.360,416845822175319,0.3204887,-0.26904297,9.86142,1.5271618E-4,-4.5814854E-4,-1.5271618E-4,0.3163867,-0.26324102,9.79801,0.0041019768,-0.005801961,0.06341028,21.825,42.300003,-6.4500003,-0.0032792268,-0.017292738,0.1695063,0.9853695,-19.509596,0.7061859,-1.8894005,11.0553197,76.92713707,398.44592,0.0,,3.7900925,0.57,2,2
12.380,416845842175319,0.3234797,-0.2635096,9.868151,1.5271618E-4,7.635809E-5,-1.5271618E-4,0.3164928,-0.26336163,9.798003,0.006986916,-1.4796853E-4,0.07014704,20.85,42.525,-5.25,-0.0032793684,-0.017292758,0.1695063,0.9853695,-19.509596,0.7062022,-1.8894,11.0553197,76.92713707,398.44592,0.0,,3.7900925,0.59,2,2
12.400,416845862175319,0.31914273,-0.26605195,9.86187,-3.8179045E-4,-4.5814854E-4,9.162971E-4,0.31668365,-0.26346627,9.797994,0.002459079,-0.0025856942,0.063875675,22.050001,42.600002,-8.025001,-0.0032795137,-0.017292777,0.1695063,0.9853695,-19.509596,0.706219,-1.8893992,11.0553197,76.92713707,398.44592,0.0,,3.7900925,0.61,2,2
12.420,416845882175319,0.32213375,-0.26979077,9.873833,1.5271618E-4,-4.5814854E-4,5.3450663E-4,0.31678045,-0.26335204,9.797994,0.0053533018,-0.0064387172,0.07583952,21.6,42.225002,-8.025001,-0.0032796608,-0.0172928,0.1695063,0.9853695,-19.509596,0.70623606,-1.8893987,11.0553197,76.92713707,398.44592,0.0,,3.7900925,0.63,2,2
12.440,416845902175319,0.32153553,-0.26291138,9.866655,1.5271618E-4,-7.635809E-5,0.0010690133,0.31672361,-0.26331544,9.7979965,0.0048119277,4.04045E-4,0.06865835,21.45,42.300003,-5.775,-0.0032798022,-0.01729282,0.1695063,0.9853695,-19.509596,0.7062524,-1.8893983,11.0553197,76.92713707,398.44592,0.0,,3.7900925,0.65,2,2
12.460,416845922175319,0.31869406,-0.26545376,9.867851,1.5271618E-4,2.2907427E-4,0.0,0.31652445,-0.26332998,9.798003,0.002169624,-0.002123773,0.06984806,21.300001,42.225002,-7.7250004,-0.0032799465,-0.017292837,0.1695063,0.9853695,-19.509596,0.706269,-1.8893975,11.0553197,76.92713707,398.44592,0.0,,3.7900925,0.67,2,2
12.480,416845942175319,0.31345975,-0.26679972,9.862318,1.5271618E-4,1.5271618E-4,-1.5271618E-4,0.3163909,-0.2632907,9.798008,-0.0029311478,-0.0035090148,0.064310074,21.45,42.300003,-7.425,-0.0032800892,-0.01729285,0.1695063,0.9853695,-19.509594,0.70628536,-1.8893962,11.0553197,76.92713707,398.44592,0.0,,3.7900925,0.69,2,2
12.500,416845962175319,0.3149553,-0.2653042,9.864711,1.5271618E-4,7.635809E-5,-1.5271618E-4,0.3163896,-0.26329812,9.798007,-0.0014343113,-0.0020060837,0.0667038,21.075,42.45,-4.9500003,-0.0032802357,-0.017292863,0.1695063,0.9853695,-19.509594,0.70630217,-1.8893949,11.0553197,76.92713707,398.44592,0.0,,3.7900925,0.71,2,2
12.520,416845982175319,0.31869406,-0.26665017,9.865608,1.5271618E-4,0.0,-1.5271618E-4,0.316597,-0.26337463,9.797999,0.0020970553,-0.0032755435,0.06760836,21.6,42.600002,-5.025,-0.0032803789,-0.01729288,0.1695063,0.9853695,-19.509594,0.7063187,-1.889394,11.0553197,76.92713707,398.44592,0.0,,3.7900925,0.73,2,2
12.540,416846002175319,0.3222833,-0.2650051,9.859177,-3.8179045E-4,-4.5814854E-4,4.5814854E-4,0.3166097,-0.26338792,9.797998,0.0056735873,-0.0016171932,0.061178684,21.225,42.600002,-5.625,-0.003280522,-0.0172929,0.1695063,0.9853695,-19.509594,0.7063352,-1.8893936,11.0553197,76.92713707,398.44592,0.0,,3.7900925,0.75,2,2
12.560,416846022175319,0.3167499,-0.26694927,9.870094,1.5271618E-4,-4.5814854E-4,5.3450663E-4,0.31657648,-0.2633148,9.798001,1.7341971E-4,-0.0036344528,0.07209301,20.925001,42.45,-4.5,-0.0032806655,-0.017292917,0.1695063,0.9853695,-19.509594,0.70635176,-1.8893927,11.0553197,76.92713707,398.44592,0.0,,3.7900925,0.77,2,2
12.580,416846042175319,0.31764722,-0.26395825,9.8632145,1.5271618E-4,0.0,0.0010690133,0.31672508,-0.26311794,9.798002,9.2214346E-4,-8.403063E-4,0.06521273,20.925001,42.45,-4.65,-0.0032808087,-0.017292934,0.1695063,0.9853695,-19.509594,0.70636827,-1.8893917,11.0553197,76.92713707,398.44592,0.0,,3.7900925,0.79,2,2
12.600,416846062175319,0.32123643,-0.26021945,9.866505,1.5271618E-4,-3.8179045E-4,0.0010690133,0.31666896,-0.26318476,9.798002,0.004567489,0.0029653013,0.0685029,21.300001,42.600002,-6.675,-0.0032809493,-0.017292952,0.1695063,0.9853695,-19.509592,0.70638454,-1.8893911,11.0553197,76.92713707,398.44592,0.0,,3.7900925,0.81,2,2
12.620,416846082175319,0.32168508,-0.26829523,9.869646,1.5271618E-4,7.635809E-4,-1.5271618E-4,0.31673133,-0.2631044,9.798002,0.004953757,-0.0051908344,0.07164335,22.050001,42.375,-8.25,-0.003281095,-0.017292975,0.1695063,0.9853695,-19.509592,0.70640135,-1.8893906,11.0553197,76.92713707,398.44592,0.0,,3.7900925,0.83,2,2
12.640,416846102175319,0.3201896,-0.26410782,9.8756275,1.5271618E-4,-1.5271618E-4,-1.5271618E-4,0.3167555,-0.26329017,9.7979965,0.003434077,-8.176416E-4,0.07763147,20.550001,42.675003,-5.025,-0.0032812378,-0.017292997,0.1695063,0.9853695,-19.509592,0.7064179,-1.8893906,11.0553197,76.92713707,398.44592,0.0,,3.7900925,0.85,2,2
12.660,416846122175319,0.32033914,-0.26874387,9.866804,-3.0543236E-4,7.635809E-5,3.8179045E-4,0.3166412,-0.26332137,9.797999,0.0036979169,-0.0054225177,0.06880474,21.6,42.075,-6.4500003,-0.00328138,-0.017293015,0.1695063,0.9853695,-19.509592,0.70643437,-1.88939,11.0553197,76.92713707,398.44592,0.0,,3.7900925,0.87,2,2
12.680,416846142175319,0.31899315,-0.2672484,9.864861,1.5271618E-4,6.108647E-4,-1.5271618E-4,0.3167868,-0.26364115,9.797987,0.0022063702,-0.0036072284,0.06687307,20.7,42.375,-5.55,-0.0032815232,-0.017293034,0.1695063,0.9853695,-19.509592,0.7064509,-1.8893894,11.0553197,76.92713707,398.44592,0.0,,3.7900925,0.89,2,2
12.700,416846162175319,0.3207878,-0.2711367,9.867702,-6.872228E-4,-4.5814854E-4,6.872228E-4,0.31682244,-0.26367325,9.797984,0.003965348,-0.00746347,0.06971741,21.75,42.075,-6.4500003,-0.0032816706,-0.01729305,0.1695063,0.9853695,-19.509592,0.70646787,-1.8893881,11.0553197,76.92713707,398.44592,0.0,,3.7900925,0.91,2,2
12.720,416846182175319,0.3204887,-0.26336002,9.864262,-5.3450663E-4,7.635809E-5,0.0010690133,0.31655496,-0.2638021,9.797989,0.003933713,4.4207275E-4,0.066272736,21.0,42.45,-4.5,-0.0032818092,-0.017293071,0.1695063,0.9853695,-19.50959,0.7064839,-1.8893878,11.0553197,76.92713707,398.44592,0.0,,3.7900925,0.93,2,2
12.740,416846202175319,0.31540394,-0.27038896,9.862766,1.5271618E-4,7.635809E-4,0.0010690133,0.31630844,-0.2639182,9.797994,-9.045005E-4,-0.0064707696,0.064772606,22.050001,42.45,-7.5750003,-0.003281959,-0.017293088,0.1695063,0.9853695,-19.50959,0.7065012,-1.8893868,11.0553197,76.92713707,398.44592,0.0,,3.7900925,0.95,2,2
12.760,416846222175319,0.31585258,-0.2659024,9.869495,-6.108647E-4,7.635809E-4,4.5814854E-4,0.3164457,-0.2640019,9.797987,-5.931109E-4,-0.001900509,0.071508884,21.6,42.600002,-6.9,-0.003282106,-0.017293101,0.1695063,0.9853695,-19.50959,0.70651805,-1.8893855,11.0553197,76.92713707,398.44592,0.0,,3.7900925,0.97,2,2
12.780,416846242175319,0.32138598,-0.26515466,9.865608,-6.108647E-4,-2.2907427E-4,7.635809E-5,0.31615335,-0.26398972,9.797997,0.005232647,-0.001164943,0.067610264,22.425001,42.300003,-7.65,-0.0032822504,-0.01729312,0.1695063,0.9853695,-19.50959,0.70653474,-1.8893846,,,,,,,,2,2
12.800,416846262175319,0.3136093,-0.26679975,9.865757,1.5271618E-4,6.872228E-4,-1.5271618E-4,0.31613514,-0.26399377,9.797997,-0.0025258213,-0.0028059632,0.06775999,20.85,42.15,-5.3250003,-0.003282395,-0.017293133,0.1695063,0.9853695,-19.509592,0.70655125,-1.8893836,11.05531997,76.92713633,398.52954,0.0,,3.7900925,0.01,2,2
12.820,416846282175319,0.31510484,-0.26709884,9.866356,1.5271618E-4,-4.5814854E-4,-1.5271618E-4,0.31621212,-0.26388875,9.797997,-0.0011072904,-0.0032100827,0.068357944,22.425001,42.600002,-8.625,-0.0032825407,-0.017293148,0.1695063,0.9853695,-19.509592,0.706568,-1.8893825,11.05531997,76.92713633,398.52954,0.0,,3.7900925,0.03,2,2
12.840,416846302175319,0.31809586,-0.26410782,9.870094,1.5271618E-4,-4.5814854E-4,-1.5271618E-4,0.31639183,-0.26395264,9.79799,0.0017040372,-1.5516579E-4,0.072104454,21.150002,42.075,-6.0750003,-0.0032826853,-0.017293163,0.1695063,0.9853695,-19.50959,0.7065847,-1.8893814,11.05531997,76.92713633,398.52954,0.0,,3.7900925,0.05,2,2
12.860,416846322175319,0.32422745,-0.269043,9.865309,1.5271618E-4,0.0,-1.5271618E-4,0.3163632,-0.26398095,9.79799,0.007864282,-0.0050620437,0.06731892,21.825,42.15,-7.5000005,-0.0032828315,-0.017293189,0.1695063,0.9853695,-19.50959,0.7066016,-1.8893812,11.05531997,76.92713633,398.52954,0.0,,3.7900925,0.07,2,2
12.880,416846342175319,0.31570303,-0.26784658,9.859924,1.5271618E-4,-3.0543236E-4,-1.5271618E-4,0.31618997,-0.26396674,9.7979965,-4.8694015E-4,-0.0038798451,0.061928272,21.6,42.525,-7.65,-0.0032829784,-0.017293204,0.1695063,0.9853695,-19.50959,0.70661855,-1.8893802,11.05531997,76.92713633,398.52954,0.0,,3.7900925,0.09,2,2
12.900,416846362175319,0.31570303,-0.26470602,9.865159,-1.5271618E-4,3.8179045E-4,-1.5271618E-4,0.31622502,-0.26395166,9.797996,-5.219877E-4,-7.543564E-4,0.06716347,22.125,42.600002,-7.7250004,-0.0032831216,-0.017293215,0.1695063,0.9853695,-19.50959,0.70663494,-1.8893787,11.05531997,76.92713633,398.52954,0.0,,3.7900925,0.11,2,2
12.920,416846382175319,0.3167499,-0.2656033,9.865608,0.0,-4.5814854E-4,-1.5271618E-4,0.31614488,-0.26388806,9.798,6.0501695E-4,-0.0017152578,0.0676074,21.45,42.75,-7.1250005,-0.0032832657,-0.017293228,0.1695063,0.9853695,-19.50959,0.70665145,-1.8893774,11.05531997,76.92713633,398.52954,0.0,,3.7900925,0.13,2,2
12.940,416846402175319,0.32004005,-0.26126632,9.867104,-4.5814854E-4,6.872228E-4,0.0010690133,0.31621996,-0.26388475,9.797997,0.0038200766,0.002618432,0.069105625,20.775002,42.300003,-4.65,-0.0032834054,-0.017293246,0.1695063,0.9853695,-19.50959,0.7066676,-1.8893768,11.05531997,76.92713633,398.52954,0.0,,3.7900925,0.15,2,2
12.960,416846422175319,0.3179463,-0.2641078,9.861121,-2.2907427E-4,-4.5814854E-4,0.0010690133,0.31632036,-0.26376003,9.797997,0.0016259551,-3.477633E-4,0.0631237,21.300001,42.45,-5.625,-0.0032835489,-0.017293265,0.1695063,0.9853695,-19.509588,0.7066841,-1.8893762,11.05531997,76.92713633,398.52954,0.0,,3.7900925,0.17,2,2
12.980,416846442175319,0.31899315,-0.26321048,9.870693,1.5271618E-4,-4.5814854E-4,0.0010690133,0.31649423,-0.26382014,9.797991,0.0024989396,6.096512E-4,0.07270193,22.425001,42.75,-8.85,-0.003283691,-0.017293284,0.1695063,0.9853695,-19.509588,0.70670056,-1.8893754,11.05531997,76.92713633,398.52954,0.0,,3.7900925,0.19,2,2
13.000,416846462175319,0.31779677,-0.26545376,9.867104,-3.8179045E-4,-9.926552E-4,-1.5271618E-4,0.31644747,-0.26378784,9.797994,0.0013492852,-0.00166592,0.06910992,20.325,42.375,-5.625,-0.0032838346,-0.017293297,0.1695063,0.9853695,-19.509588,0.706717,-1.8893741,11.05531997,76.92713633,398.52954,0.0,,3.7900925,0.21,2,2
13.020,416846482175319,0.31779677,-0.26575285,9.869047,1.5271618E-4,7.635809E-5,8.39939E-4,0.31646302,-0.26384556,9.797991,0.0013337433,-0.0019073039,0.07105684,20.1,42.600002,-4.425,-0.0032839803,-0.017293314,0.1695063,0.9853695,-19.509588,0.7067338,-1.8893731,11.05531997,76.92713633,398.52954,0.0,,3.7900925,0.23,2,2
13.040,416846502175319,0.31630123,-0.26605198,9.862019,-2.2907427E-4,-4.5814854E-4,3.0543236E-4,0.3165264,-0.26379198,9.79799,-2.2517145E-4,-0.0022599995,0.06402826,20.925001,42.525,-4.8,-0.0032841258,-0.01729333,0.1695063,0.9853695,-19.509588,0.7067506,-1.8893722,11.05531997,76.92713633,398.52954,0.0,,3.7900925,0.25,2,2
13.060,416846522175319,0.32153553,-0.26186454,9.867851,-4.5814854E-4,1.5271618E-4,-1.5271618E-4,0.3165024,-0.2636732,9.797995,0.0050331503,0.0018086582,0.06985664,20.475,42.300003,-4.7250004,-0.0032842678,-0.017293349,0.1695063,0.9853695,-19.509586,0.70676696,-1.8893716,11.05531997,76.92713633,398.52954,0.0,,3.7900925,0.27,2,2
13.080,416846542175319,0.31944183,-0.26321048,9.865309,1.5271618E-4,2.2907427E-4,0.0,0.31645408,-0.2636777,9.797996,0.0029877424,4.671961E-4,0.067313194,20.400002,42.45,-5.925,-0.0032844099,-0.017293368,0.1695063,0.9853695,-19.509586,0.7067834,-1.889371,11.05531997,76.92713633,398.52954,0.0,,3.7900925,0.29,2,2
13.100,416846562175319,0.3167499,-0.26395828,9.870094,-3.0543236E-4,-1.5271618E-4,1.5271618E-4,0.3165005,-0.26385075,9.79799,2.4938583E-4,-1.0751188E-4,0.072104454,20.475,42.075,-4.3500004,-0.0032845517,-0.017293386,0.1695063,0.9853695,-19.509586,0.7067997,-1.8893703,11.05531997,76.92713633,398.52954,0.0,,3.7900925,0.31,2,2
13.120,416846582175319,0.31704903,-0.26874387,9.859326,-3.8179045E-4,-4.5814854E-4,-1.5271618E-4,0.31631127,-0.26392964,9.797994,7.377416E-4,-0.0048142523,0.061332703,20.925001,42.675003,-4.5,-0.0032846974,-0.017293401,0.1695063,0.9853695,-19.509586,0.7068165,-1.8893692,11.05531997,76.92713633,398.52954,0.0,,3.7900925,0.33,2,2
13.140,416846602175319,0.3167499,-0.26620153,9.869795,-3.8179045E-4,6.108647E-4,-1.5271618E-4,0.31644982,-0.2639088,9.797989,3.0007958E-4,-0.0022927225,0.07180643,20.1,42.825,-3.7500002,-0.0032848397,-0.017293418,0.1695063,0.9853695,-19.509586,0.7068329,-1.8893684,11.05531997,76.92713633,398.52954,0.0,,3.7900925,0.35,2,2
13.160,416846622175319,0.3201896,-0.26635107,9.867702,1.5271618E-4,-4.5814854E-4,3.8179045E-4,0.31643692,-0.2637673,9.797994,0.0037526637,-0.002583772,0.06970787,21.825,42.675003,-7.05,-0.0032849857,-0.017293435,0.1695063,0.9853695,-19.509586,0.70684963,-1.8893671,11.05531997,76.92713633,398.52954,0.0,,3.7900925,0.37,2,2
13.180,416846642175319,0.31540394,-0.26246274,9.858878,1.5271618E-4,-4.5814854E-4,3.0543236E-4,0.3164206,-0.26365322,9.7979965,-0.0010166764,0.0011904836,0.060881615,21.300001,42.300003,-6.3750005,-0.0032851265,-0.017293448,0.1695063,0.9853695,-19.509584,0.7068659,-1.889366,11.05531997,76.92713633,398.52954,0.0,,3.7900925,0.39,2,2
13.200,416846662175319,0.31540394,-0.26306093,9.863066,1.5271618E-4,-4.5814854E-4,0.0010690133,0.31644344,-0.2635938,9.797998,-0.001039505,5.328506E-4,0.065066814,21.825,42.600002,-8.1,-0.0032852667,-0.01729346,0.1695063,0.9853695,-19.509584,0.7068819,-1.8893648,11.05531997,76.92713633,398.52954,0.0,,3.7900925,0.41,2,2
13.220,416846682175319,0.3185445,-0.26485556,9.871141,1.5271618E-4,-2.2907427E-4,7.635809E-4,0.31656802,-0.26352718,9.797996,0.001976505,-0.0013283789,0.07314587,21.6,42.45,-7.5000005,-0.0032854078,-0.017293477,0.1695063,0.9853695,-19.509584,0.7068982,-1.8893639,11.05531997,76.92713633,398.52954,0.0,,3.7900925,0.43,2,2
13.240,416846702175319,0.32153553,-0.26470602,9.869945,1.5271618E-4,-2.2907427E-4,7.635809E-4,0.316527,-0.26344162,9.798,0.0050085336,-0.0012643933,0.07194424,21.075,42.375,-5.625,-0.0032855489,-0.017293494,0.1695063,0.9853695,-19.509584,0.7069144,-1.889363,11.05531997,76.92713633,398.52954,0.0,,3.7900925,0.45,2,2
13.260,416846722175319,0.31809586,-0.26350957,9.855738,1.5271618E-4,1.5271618E-4,0.0010690133,0.31655887,-0.2633217,9.798001,0.0015369803,-1.8788874E-4,0.05773592,22.650002,42.600002,-8.325001,-0.003285689,-0.017293511,0.1695063,0.9853695,-19.509584,0.70693064,-1.8893622,11.05531997,76.92713633,398.52954,0.0,,3.7900925,0.47,2,2
13.280,416846742175319,0.31719854,-0.26261228,9.864262,1.5271618E-4,-4.5814854E-4,0.0010690133,0.31654286,-0.26327443,9.798004,6.556809E-4,6.62148E-4,0.06625795,21.825,42.15,-8.475,-0.0032858301,-0.017293528,0.1695063,0.9853695,-19.509584,0.7069469,-1.8893616,11.05531997,76.92713633,398.52954,0.0,,3.7900925,0.49,2,2
13.300,416846762175319,0.31809586,-0.26216364,9.871141,-2.2907427E-4,-7.635809E-5,1.5271618E-4,0.31662664,-0.26319498,9.798003,0.0014692247,0.0010313392,0.07313824,21.150002,42.9,-5.4750004,-0.003285971,-0.017293546,0.1695063,0.9853695,-19.509583,0.7069631,-1.8893609,11.05531997,76.92713633,398.52954,0.0,,3.7900925,0.51,2,2
13.320,416846782175319,0.3191427,-0.26410782,9.864411,2.2907427E-4,-3.0543236E-4,-3.8179045E-4,0.3166363,-0.26313737,9.798005,0.00250642,-9.704381E-4,0.06640625,20.925001,42.375,-5.7000003,-0.003286112,-0.017293563,0.1695063,0.9853695,-19.509583,0.7069794,-1.8893598,11.05531997,76.92713633,398.52954,0.0,,3.7900925,0.53,2,2
13.340,416846802175319,0.31585258,-0.26470602,9.860224,3.0543236E-4,-4.5814854E-4,-6.108647E-4,0.31661475,-0.26327154,9.798001,-7.621497E-4,-0.0014344603,0.06222248,21.150002,42.9,-5.025,-0.0032862532,-0.01729358,0.1695063,0.9853695,-19.509583,0.70699567,-1.889359,11.05531997,76.92713633,398.52954,0.0,,3.7900925,0.55,2,2
13.360,416846822175319,0.3155535,-0.2708376,9.872786,3.0543236E-4,-4.5814854E-4,-2.2907427E-4,0.31663245,-0.26329115,9.798,-0.0010789633,-0.0075464547,0.07478571,20.925001,42.525,-6.3750005,-0.0032864031,-0.017293595,0.1695063,0.9853695,-19.509583,0.70701283,-1.8893578,11.05531997,76.92713633,398.52954,0.0,,3.7900925,0.57,2,2
13.380,416846842175319,0.31660035,-0.26739794,9.872487,3.0543236E-4,-4.5814854E-4,7.635809E-5,0.31651917,-0.2630604,9.79801,8.1181526E-5,-0.0043375343,0.074477196,21.45,42.825,-5.25,-0.0032865487,-0.01729361,0.1695063,0.9853695,-19.509583,0.7070296,-1.8893567,11.05531997,76.92713633,398.52954,0.0,,3.7900925,0.59,2,2
13.400,416846862175319,0.3188436,-0.25917262,9.865608,1.5271618E-4,6.108647E-4,-6.108647E-4,0.31647032,-0.26317778,9.798009,0.002373293,0.004005179,0.06759882,20.925001,42.9,-5.25,-0.0032866863,-0.017293626,0.1695063,0.9853695,-19.509583,0.70704544,-1.889356,11.05531997,76.92713633,398.52954,0.0,,3.7900925,0.61,2,2
13.420,416846882175319,0.3188436,-0.26470602,9.864411,-6.872228E-4,3.0543236E-4,-6.108647E-4,0.3165099,-0.2631913,9.798007,0.0023337156,-0.001514703,0.06640434,21.975,42.075,-7.5000005,-0.0032868285,-0.017293641,0.1695063,0.9853695,-19.509583,0.7070618,-1.889355,11.05531997,76.92713633,398.52954,0.0,,3.7900925,0.63,2,2
13.440,416846902175319,0.31869406,-0.26470602,9.876076,-1.5271618E-4,-2.2907427E-4,-6.108647E-4,0.31645802,-0.26334774,9.798004,0.0022360533,-0.0013582706,0.07807207,20.775002,42.525,-4.65,-0.003286971,-0.017293658,0.1695063,0.9853695,-19.509583,0.7070782,-1.8893541,11.05531997,76.92713633,398.52954,0.0,,3.7900925,0.65,2,2
13.460,416846922175319,0.3179463,-0.26455647,9.868599,-9.162971E-4,1.5271618E-4,0.0,0.3164199,-0.2632606,9.798008,0.0015264004,-0.0012958497,0.07059097,21.225,42.45,-5.775,-0.0032871133,-0.017293673,0.1695063,0.9853695,-19.509583,0.7070946,-1.889353,11.05531997,76.92713633,398.52954,0.0,,3.7900925,0.67,2,2
13.480,416846942175319,0.3201896,-0.2641078,9.864262,3.0543236E-4,5.3450663E-4,-6.108647E-4,0.3162909,-0.26320967,9.798013,0.003898695,-8.981228E-4,0.06624937,21.825,42.675003,-7.5750003,-0.0032872558,-0.01729369,0.1695063,0.9853695,-19.509583,0.70711094,-1.889352,11.05531997,76.92713633,398.52954,0.0,,3.7900925,0.69,2,2
13.500,416846962175319,0.31704903,-0.26515466,9.8654585,3.0543236E-4,4.5814854E-4,-6.108647E-4,0.3162763,-0.2631109,9.798017,7.726997E-4,-0.0020437539,0.06744194,21.900002,42.45,-7.9500003,-0.003287398,-0.017293705,0.1695063,0.9853695,-19.509583,0.70712733,-1.8893509,11.05531997,76.92713633,398.52954,0.0,,3.7900925,0.71,2,2
13.520,416846982175319,0.31929225,-0.26350957,9.867252,3.0543236E-4,2.2907427E-4,0.0,0.3161313,-0.26296976,9.798025,0.0031609684,-5.3982437E-4,0.069227695,21.0,42.675003,-5.25,-0.0032875396,-0.017293721,0.1695063,0.9853695,-19.509583,0.7071436,-1.88935,11.05531997,76.92713633,398.52954,0.0,,3.7900925,0.73,2,2
13.540,416847002175319,0.31704903,-0.2623132,9.8632145,3.0543236E-4,5.3450663E-4,-6.108647E-4,0.31612605,-0.26298842,9.798025,9.22963E-4,6.752312E-4,0.06518984,21.0,42.675003,-5.025,-0.0032876818,-0.017293736,0.1695063,0.9853695,-19.509583,0.70716,-1.889349,11.05531997,76.92713633,398.52954,0.0,,3.7900925,0.75,2,2
13.560,416847022175319,0.32004002,-0.26455647,9.858877,-7.635809E-5,3.8179045E-4,0.0,0.31610963,-0.26302737,9.798024,0.00393039,-0.0015290976,0.06085348,21.300001,42.600002,-5.1000004,-0.0032878243,-0.017293753,0.1695063,0.9853695,-19.509583,0.7071764,-1.8893481,11.05531997,76.92713633,398.52954,0.0,,3.7900925,0.77,2,2
13.580,416847042175319,0.31899315,-0.26679975,9.871739,1.5271618E-4,2.2907427E-4,-6.108647E-4,0.31601414,-0.26304632,9.798027,0.0029790252,-0.0037534088,0.07371235,21.75,42.75,-7.1250005,-0.00328797,-0.01729377,0.1695063,0.9853695,-19.509583,0.70719326,-1.8893473,11.05531997,76.92713633,398.52954,0.0,,3.7900925,0.79,2,2
13.600,416847062175319,0.31600213,-0.2669493,9.867252,3.0543236E-4,7.635809E-5,7.635809E-5,0.31601718,-0.26302356,9.798028,-1.5035272E-5,-0.003925726,0.069224834,22.125,42.525,-8.775001,-0.0032881177,-0.017293785,0.1695063,0.9853695,-19.509583,0.70721024,-1.889346,11.05531997,76.92713633,398.52954,0.0,,3.7900925,0.81,2,2
13.620,416847082175319,0.32004002,-0.2656033,9.8626175,3.0543236E-4,3.0543236E-4,3.0543236E-4,0.31595182,-0.2630779,9.798028,0.004088193,-0.002525404,0.06458902,21.0,42.675003,-4.7250004,-0.003288264,-0.017293803,0.1695063,0.9853695,-19.509583,0.7072271,-1.8893454,11.05531997,76.92713633,398.52954,0.0,,3.7900925,0.83,2,2
13.640,416847102175319,0.31719854,-0.26799613,9.8632145,3.0543236E-4,2.2907427E-4,-6.108647E-4,0.3161265,-0.26302114,9.798024,0.0010720491,-0.004974991,0.06519079,21.0,42.675003,-5.1000004,-0.0032884115,-0.01729382,0.1695063,0.9853695,-19.509583,0.70724404,-1.8893443,11.05531997,76.92713633,398.52954,0.0,,3.7900925,0.85,2,2
13.660,416847122175319,0.31779677,-0.2650051,9.8756275,3.0543236E-4,-9.926552E-4,-5.3450663E-4,0.3161183,-0.2630059,9.798025,0.0016784668,-0.0019991845,0.07760286,21.300001,42.600002,-5.55,-0.003288556,-0.017293839,0.1695063,0.9853695,-19.50958,0.7072607,-1.8893436,11.05531997,76.92713633,398.52954,0.0,,3.7900925,0.87,2,2
13.680,416847142175319,0.31809586,-0.2659024,9.863813,3.0543236E-4,0.0,-1.5271618E-4,0.31616023,-0.26302162,9.798023,0.0019356161,-0.0028807968,0.06579018,21.0,42.375,-5.55,-0.003288699,-0.017293856,0.1695063,0.9853695,-19.50958,0.70727724,-1.8893428,11.05531997,76.92713633,398.52954,0.0,,3.7900925,0.89,2,2
13.700,416847162175319,0.31630123,-0.26679975,9.860075,3.0543236E-4,-4.5814854E-4,-6.108647E-4,0.3159092,-0.26304927,9.79803,3.9203465E-4,-0.0037504584,0.06204462,21.975,42.75,-8.025001,-0.0032888425,-0.017293872,0.1695063,0.9853695,-19.50958,0.70729375,-1.8893417,11.05531997,76.92713633,398.52954,0.0,,3.7900925,0.91,2,2
13.720,416847182175319,0.31420752,-0.26739794,9.865757,3.0543236E-4,6.872228E-4,-6.108647E-4,0.3158031,-0.2631398,9.798031,-0.0015955865,-0.004258111,0.067726135,20.85,43.050003,-5.175,-0.0032889897,-0.017293885,0.1695063,0.9853695,-19.50958,0.7073106,-1.8893405,11.05531997,76.92713633,398.52954,0.0,,3.7900925,0.93,2,2
13.740,416847202175319,0.31510484,-0.2650051,9.868599,-4.5814854E-4,0.0,6.108647E-4,0.31582588,-0.2632815,9.798026,-7.210374E-4,-0.0017236173,0.07057285,21.0,42.75,-5.55,-0.0032891359,-0.0172939,0.1695063,0.9853695,-19.50958,0.7073274,-1.8893394,11.05531997,76.92713633,398.52954,0.0,,3.7900925,0.95,2,2
13.760,416847222175319,0.31585258,-0.26889345,9.865309,-7.635809E-5,-4.5814854E-4,6.108647E-4,0.31562117,-0.26345044,9.798029,2.3142993E-4,-0.0054430068,0.067279816,21.0,42.225002,-4.8,-0.0032892819,-0.017293915,0.1695063,0.9853695,-19.50958,0.7073442,-1.8893381,11.05531997,76.92713633,398.52954,0.0,,3.7900925,0.97,2,2
13.780,416847242175319,0.3149553,-0.26814568,9.859626,-3.0543236E-4,6.108647E-4,6.108647E-4,0.31559488,-0.26376235,9.79802,-6.3960254E-4,-0.0043833405,0.061605453,21.300001,42.15,-5.55,-0.003289432,-0.017293932,0.1695063,0.9853695,-19.509579,0.70736146,-1.8893373,,,,,,,,2,2
13.800,416847262175319,0.31749767,-0.26994032,9.866954,-7.635809E-4,7.635809E-5,-7.635809E-5,0.31571874,-0.26372555,9.7980175,0.0017789155,-0.0062147677,0.06893635,21.825,42.45,-7.7250004,-0.003289582,-0.017293947,0.1695063,0.9853695,-19.509579,0.7073787,-1.8893358,11.05531943,76.92713722,398.37555,0.0,,3.7900925,0.01,2,2
13.820,416847282175319,0.31839496,-0.26605198,9.860823,3.0543236E-4,-4.5814854E-4,-6.108647E-4,0.31560642,-0.263689,9.798023,0.0027885437,-0.0023629665,0.06279898,23.325,42.675003,-9.225,-0.003289724,-0.017293965,0.1695063,0.9853695,-19.509579,0.7073951,-1.8893354,11.05531943,76.92713722,398.37555,0.0,,3.7900925,0.03,2,2
13.840,416847302175319,0.31734812,-0.26605195,9.862318,3.0543236E-4,5.3450663E-4,-6.108647E-4,0.31577027,-0.263686,9.7980175,0.0015778393,-0.0023659617,0.06430054,21.45,42.525,-6.3750005,-0.003289867,-0.017293984,0.1695063,0.9853695,-19.509579,0.7074116,-1.8893347,11.05531943,76.92713722,398.37555,0.0,,3.7900925,0.05,2,2
13.860,416847322175319,0.3201896,-0.26709884,9.863664,3.0543236E-4,-3.8179045E-4,-6.108647E-4,0.3157552,-0.26368943,9.7980175,0.004434392,-0.0034094006,0.06564617,20.550001,42.525,-5.025,-0.0032900127,-0.017294003,0.1695063,0.9853695,-19.509579,0.7074284,-1.8893341,11.05531943,76.92713722,398.37555,0.0,,3.7900925,0.07,2,2
13.880,416847342175319,0.32004002,-0.26739794,9.867552,3.0543236E-4,4.5814854E-4,-3.0543236E-4,0.31581822,-0.2637337,9.798015,0.004221797,-0.0036642104,0.06953764,21.900002,42.675003,-6.9750004,-0.0032901587,-0.01729402,0.1695063,0.9853695,-19.509579,0.7074452,-1.8893332,11.05531943,76.92713722,398.37555,0.0,,3.7900925,0.09,2,2
13.900,416847362175319,0.31719854,-0.26859432,9.872936,3.0543236E-4,-4.5814854E-4,7.635809E-5,0.3158757,-0.26368454,9.798015,0.0013228357,-0.0049097985,0.07492113,22.125,42.375,-7.7250004,-0.0032903077,-0.017294034,0.1695063,0.9853695,-19.509577,0.7074623,-1.8893319,11.05531943,76.92713722,398.37555,0.0,,3.7900925,0.11,2,2
13.920,416847382175319,0.31660035,-0.2656033,9.86187,3.0543236E-4,-4.5814854E-4,-4.5814854E-4,0.3159765,-0.26356447,9.798014,6.23852E-4,-0.0020388514,0.06385565,21.300001,42.600002,-6.8250003,-0.003290453,-0.01729405,0.1695063,0.9853695,-19.509577,0.70747906,-1.8893309,11.05531943,76.92713722,398.37555,0.0,,3.7900925,0.13,2,2
13.940,416847402175319,0.31959137,-0.26321048,9.865309,3.0543236E-4,-2.2907427E-4,3.8179045E-4,0.31595588,-0.26354983,9.798016,0.003635496,3.3934414E-4,0.06729269,20.775002,42.0,-5.25,-0.0032905936,-0.017294064,0.1695063,0.9853695,-19.509577,0.70749515,-1.8893298,11.05531943,76.92713722,398.37555,0.0,,3.7900925,0.15,2,2
13.960,416847422175319,0.31959137,-0.26679975,9.874731,3.0543236E-4,3.0543236E-4,-6.108647E-4,0.3158369,-0.26355577,9.798019,0.0037544668,-0.003243968,0.07671118,21.0,42.300003,-4.275,-0.0032907387,-0.017294083,0.1695063,0.9853695,-19.509577,0.7075119,-1.889329,11.05531943,76.92713722,398.37555,0.0,,3.7900925,0.17,2,2
13.980,416847442175319,0.31809586,-0.2672484,9.869047,3.0543236E-4,6.108647E-4,-6.108647E-4,0.31573862,-0.26354375,9.798022,0.0023572445,-0.0037046373,0.071024895,21.45,42.825,-6.3750005,-0.0032908814,-0.0172941,0.1695063,0.9853695,-19.509577,0.70752835,-1.8893281,11.05531943,76.92713722,398.37555,0.0,,3.7900925,0.19,2,2
14.000,416847462175319,0.31899315,-0.26635104,9.859177,3.0543236E-4,7.635809E-4,7.635809E-5,0.31581783,-0.2634387,9.798023,0.0031753331,-0.0029123574,0.06115389,21.375,42.300003,-6.3750005,-0.0032910288,-0.017294118,0.1695063,0.9853695,-19.509575,0.7075454,-1.8893274,11.05531943,76.92713722,398.37555,0.0,,3.7900925,0.21,2,2
14.020,416847482175319,0.3194418,-0.26365915,9.862916,3.0543236E-4,-1.5271618E-4,3.0543236E-4,0.31583273,-0.26347926,9.79802,0.0036090761,-1.7988682E-4,0.06489563,21.675001,42.225002,-7.1250005,-0.0032911685,-0.017294137,0.1695063,0.9853695,-19.509575,0.70756155,-1.8893268,11.05531943,76.92713722,398.37555,0.0,,3.7900925,0.23,2,2
14.040,416847502175319,0.3155535,-0.26799613,9.866356,3.0543236E-4,-4.5814854E-4,4.5814854E-4,0.31590557,-0.2635339,9.7980175,-3.5208464E-4,-0.004462242,0.068338394,21.900002,42.525,-7.5000005,-0.0032913145,-0.017294152,0.1695063,0.9853695,-19.509575,0.7075783,-1.8893257,11.05531943,76.92713722,398.37555,0.0,,3.7900925,0.25,2,2
14.060,416847522175319,0.31779677,-0.26485556,9.863813,-3.0543236E-4,-3.8179045E-4,-4.5814854E-4,0.3159601,-0.26393712,9.798004,0.0018366426,-9.18448E-4,0.06580925,20.925001,42.375,-5.25,-0.0032914598,-0.017294167,0.1695063,0.9853695,-19.509577,0.70759493,-1.8893244,11.05531943,76.92713722,398.37555,0.0,,3.7900925,0.27,2,2
14.080,416847542175319,0.3219842,-0.27173492,9.855587,-9.162971E-4,4.5814854E-4,6.108647E-4,0.31609282,-0.26385105,9.798002,0.0058913827,-0.007883877,0.05758524,21.150002,42.675003,-5.625,-0.0032916076,-0.017294187,0.1695063,0.9853695,-19.509577,0.7076121,-1.8893241,11.05531943,76.92713722,398.37555,0.0,,3.7900925,0.29,2,2
14.100,416847562175319,0.31929225,-0.26336002,9.866205,7.635809E-5,-4.5814854E-4,1.5271618E-4,0.31609938,-0.26375732,9.798005,0.0031928867,3.9727986E-4,0.06820059,21.225,42.300003,-6.6000004,-0.0032917496,-0.017294204,0.1695063,0.9853695,-19.509577,0.7076285,-1.889323,11.05531943,76.92713722,398.37555,0.0,,3.7900925,0.31,2,2
14.120,416847582175319,0.3188436,-0.26455647,9.8682995,3.0543236E-4,7.635809E-5,-6.108647E-4,0.3161522,-0.26375604,9.798003,0.0026914328,-8.004159E-4,0.070296764,22.275002,42.975002,-8.025001,-0.0032918912,-0.01729422,0.1695063,0.9853695,-19.509575,0.7076448,-1.8893222,11.05531943,76.92713722,398.37555,0.0,,3.7900925,0.33,2,2
14.140,416847602175319,0.32108688,-0.26709884,9.86142,3.0543236E-4,3.0543236E-4,-6.108647E-4,0.31613317,-0.26388308,9.798001,0.004953712,-0.003215745,0.063418865,21.975,42.675003,-8.1,-0.003292037,-0.017294243,0.1695063,0.9853695,-19.509575,0.7076616,-1.8893219,11.05531943,76.92713722,398.37555,0.0,,3.7900925,0.35,2,2
14.160,416847622175319,0.31959137,-0.26799613,9.866056,-3.0543236E-4,3.0543236E-4,3.8179045E-4,0.3162025,-0.26394048,9.797997,0.0033888817,-0.004055664,0.06805897,20.400002,42.75,-4.425,-0.0032921818,-0.017294263,0.1695063,0.9853695,-19.509575,0.70767844,-1.8893214,11.05531943,76.92713722,398.37555,0.0,,3.7900925,0.37,2,2
14.180,416847642175319,0.31749767,-0.26904297,9.866205,3.0543236E-4,-4.5814854E-4,0.0,0.31618032,-0.2638954,9.797999,0.0013173372,-0.0051475912,0.06820631,21.225,42.9,-4.5750003,-0.0032923282,-0.017294282,0.1695063,0.9853695,-19.509575,0.70769525,-1.8893206,11.05531943,76.92713722,398.37555,0.0,,3.7900925,0.39,2,2
14.200,416847662175319,0.31764722,-0.2659024,9.864561,3.0543236E-4,0.0,-3.8179045E-4,0.31606236,-0.26402625,9.797998,0.0015848577,-0.0018761605,0.066562176,21.675001,42.300003,-6.6000004,-0.0032924747,-0.017294299,0.1695063,0.9853695,-19.509575,0.7077121,-1.8893198,11.05531943,76.92713722,398.37555,0.0,,3.7900925,0.41,2,2
14.220,416847682175319,0.31704903,-0.26799613,9.861869,-2.2907427E-4,3.8179045E-4,6.108647E-4,0.3160126,-0.2639147,9.798003,0.0010364205,-0.004081428,0.06386566,23.25,42.675003,-10.650001,-0.0032926204,-0.017294316,0.1695063,0.9853695,-19.509575,0.7077289,-1.889319,11.05531943,76.92713722,398.37555,0.0,,3.7900925,0.43,2,2
14.240,416847702175319,0.31749767,-0.26380867,9.860074,3.0543236E-4,1.5271618E-4,6.108647E-4,0.3161543,-0.26378843,9.798002,0.0013433546,-2.0250678E-5,0.0620718,22.650002,42.525,-9.75,-0.0032927631,-0.017294334,0.1695063,0.9853695,-19.509573,0.70774543,-1.8893181,11.05531943,76.92713722,398.37555,0.0,,3.7900925,0.45,2,2
14.260,416847722175319,0.31959137,-0.26365912,9.869347,3.0543236E-4,-4.5814854E-4,-6.108647E-4,0.31602708,-0.26372823,9.798008,0.0035642982,6.9096684E-5,0.07133865,21.0,42.300003,-6.0750003,-0.0032929052,-0.017294353,0.1695063,0.9853695,-19.509573,0.7077618,-1.8893174,11.05531943,76.92713722,398.37555,0.0,,3.7900925,0.47,2,2
14.280,416847742175319,0.31630123,-0.26545376,9.865458,3.0543236E-4,3.8179045E-4,-3.0543236E-4,0.31598622,-0.26371312,9.79801,3.1502545E-4,-0.0017406493,0.06744814,21.900002,42.225002,-6.4500003,-0.0032930516,-0.01729437,0.1695063,0.9853695,-19.509573,0.7077787,-1.8893163,11.05531943,76.92713722,398.37555,0.0,,3.7900925,0.49,2,2
14.300,416847762175319,0.3152544,-0.26679972,9.867252,3.0543236E-4,-3.0543236E-4,1.5271618E-4,0.31599125,-0.2635857,9.798014,-7.368624E-4,-0.0032140315,0.06923914,21.45,42.600002,-6.3,-0.003293198,-0.017294383,0.1695063,0.9853695,-19.509573,0.7077955,-1.889315,11.05531943,76.92713722,398.37555,0.0,,3.7900925,0.51,2,2
14.320,416847782175319,0.31869406,-0.26336002,9.867702,3.0543236E-4,7.635809E-5,-6.108647E-4,0.3159971,-0.2634252,9.7980175,0.002696976,6.516278E-5,0.06968403,21.975,42.75,-7.9500003,-0.0032933417,-0.017294398,0.1695063,0.9853695,-19.509573,0.707812,-1.8893139,11.05531943,76.92713722,398.37555,0.0,,3.7900925,0.53,2,2
14.340,416847802175319,0.31570303,-0.2623132,9.8727865,3.0543236E-4,-4.5814854E-4,1.5271618E-4,0.3159559,-0.26331046,9.798021,-2.528578E-4,9.972751E-4,0.074765205,20.85,42.75,-4.8,-0.0032934854,-0.01729441,0.1695063,0.9853695,-19.509573,0.70782846,-1.8893127,11.05531943,76.92713722,398.37555,0.0,,3.7900925,0.55,2,2
14.360,416847822175319,0.31959137,-0.26306093,9.862467,3.0543236E-4,4.5814854E-4,6.108647E-4,0.3158156,-0.26321232,9.798029,0.0037757754,1.513809E-4,0.06443834,20.475,42.525,-4.425,-0.0032936293,-0.017294426,0.1695063,0.9853695,-19.509571,0.707845,-1.8893117,11.05531943,76.92713722,398.37555,0.0,,3.7900925,0.57,2,2
14.380,416847842175319,0.31435707,-0.2635096,9.861121,3.0543236E-4,1.5271618E-4,6.108647E-4,0.31583136,-0.26329273,9.798026,-0.0014742911,-2.168715E-4,0.06309509,22.35,42.825,-8.025001,-0.003293773,-0.01729444,0.1695063,0.9853695,-19.509571,0.70786154,-1.8893106,11.05531943,76.92713722,398.37555,0.0,,3.7900925,0.59,2,2
14.400,416847862175319,0.3155535,-0.26605195,9.866505,-3.0543236E-4,-4.5814854E-4,-7.635809E-5,0.31605592,-0.26330593,9.798018,-5.0243735E-4,-0.0027460307,0.06848669,20.400002,42.300003,-4.425,-0.0032939157,-0.017294453,0.1695063,0.9853695,-19.509571,0.7078779,-1.889309,11.05531943,76.92713722,398.37555,0.0,,3.7900925,0.61,2,2
14.420,416847882175319,0.3219842,-0.2670988,9.865608,3.0543236E-4,-4.5814854E-4,3.0543236E-4,0.3160026,-0.26324016,9.798021,0.0059815943,-0.0038586557,0.06758642,20.85,42.225002,-4.9500003,-0.003294061,-0.017294478,0.1695063,0.9853695,-19.509571,0.7078948,-1.889309,11.05531943,76.92713722,398.37555,0.0,,3.7900925,0.63,2,2
14.440,416847902175319,0.31689945,-0.26485556,9.865009,3.0543236E-4,7.635809E-5,-4.5814854E-4,0.31617376,-0.26304376,9.798021,7.2568655E-4,-0.0018117875,0.06698799,20.625,42.300003,-4.425,-0.0032942037,-0.017294496,0.1695063,0.9853695,-19.509571,0.7079112,-1.8893085,11.05531943,76.92713722,398.37555,0.0,,3.7900925,0.65,2,2
14.460,416847922175319,0.32033914,-0.26051855,9.860823,3.0543236E-4,-4.5814854E-4,-7.635809E-5,0.31614783,-0.26301563,9.798023,0.0041912943,0.002497062,0.06279898,21.675001,42.300003,-7.275,-0.003294343,-0.017294517,0.1695063,0.9853695,-19.509571,0.7079274,-1.889308,11.05531943,76.92713722,398.37555,0.0,,3.7900925,0.67,2,2
14.480,416847942175319,0.31450665,-0.26336002,9.863514,-7.635809E-5,-4.5814854E-4,2.2907427E-4,0.3161793,-0.26292762,9.798025,-0.0016726702,-4.324168E-4,0.065488815,21.45,42.9,-6.6000004,-0.003294484,-0.01729453,0.1695063,0.9853695,-19.50957,0.70794356,-1.8893068,11.05531943,76.92713722,398.37555,0.0,,3.7900925,0.69,2,2
14.500,416847962175319,0.31645077,-0.26261228,9.864262,7.635809E-5,-4.5814854E-4,1.5271618E-4,0.3162921,-0.26290497,9.798021,1.5868247E-4,2.926886E-4,0.06624031,22.35,42.975002,-7.65,-0.0032946249,-0.017294541,0.1695063,0.9853695,-19.50957,0.70795965,-1.8893052,11.05531943,76.92713722,398.37555,0.0,,3.7900925,0.71,2,2
14.520,416847982175319,0.31869406,-0.2656033,9.862766,3.0543236E-4,-4.5814854E-4,-6.108647E-4,0.316429,-0.2628428,9.798018,0.0022650808,-0.0027605146,0.06474829,21.825,42.225002,-7.5000005,-0.003294769,-0.01729456,0.1695063,0.9853695,-19.50957,0.70797634,-1.8893046,11.05531943,76.92713722,398.37555,0.0,,3.7900925,0.73,2,2
14.540,416848002175319,0.31974092,-0.26455647,9.867104,3.0543236E-4,-4.5814854E-4,-6.108647E-4,0.31642047,-0.26272184,9.798022,0.0033204556,-0.0018346161,0.06908131,20.775002,42.225002,-4.9500003,-0.0032949133,-0.017294576,0.1695063,0.9853695,-19.50957,0.707993,-1.8893036,11.05531943,76.92713722,398.37555,0.0,,3.7900925,0.75,2,2
14.560,416848022175319,0.32108688,-0.26276183,9.867252,3.0543236E-4,5.3450663E-4,-6.108647E-4,0.31659585,-0.2627188,9.798017,0.004491046,-4.3034554E-5,0.06923628,22.2,42.675003,-7.8750005,-0.0032950558,-0.017294597,0.1695063,0.9853695,-19.50957,0.7080095,-1.8893031,11.05531943,76.92713722,398.37555,0.0,,3.7900925,0.77,2,2
14.580,416848042175319,0.32138598,-0.2656033,9.867252,2.2907427E-4,-4.5814854E-4,6.108647E-4,0.31671956,-0.26281205,9.79801,0.004666418,-0.0027912706,0.069242954,20.925001,42.15,-6.0750003,-0.0032951983,-0.01729462,0.1695063,0.9853695,-19.50957,0.70802593,-1.8893028,11.05531943,76.92713722,398.37555,0.0,,3.7900925,0.79,2,2
14.600,416848062175319,0.31959137,-0.26321048,9.865608,-6.872228E-4,-4.5814854E-4,-6.108647E-4,0.31670746,-0.26280957,9.798011,0.0028839111,-4.0091574E-4,0.06759691,20.925001,42.375,-5.175,-0.0032953408,-0.017294634,0.1695063,0.9853695,-19.509567,0.7080424,-1.8893018,11.05531943,76.92713722,398.37555,0.0,,3.7900925,0.81,2,2
14.620,416848082175319,0.3155535,-0.2638087,9.867252,-1.5271618E-4,-4.5814854E-4,-6.108647E-4,0.3169144,-0.26270345,9.798008,-0.001360923,-0.0011052489,0.06924486,20.7,42.225002,-5.25,-0.003295485,-0.017294647,0.1695063,0.9853695,-19.509567,0.7080589,-1.8893006,11.05531943,76.92713722,398.37555,0.0,,3.7900925,0.83,2,2
14.640,416848102175319,0.32243288,-0.26246274,9.870692,1.5271618E-4,-4.5814854E-4,-7.635809E-5,0.31685585,-0.26267028,9.79801,0.005577013,2.0754337E-4,0.07268238,21.225,42.300003,-7.1250005,-0.0032956256,-0.017294662,0.1695063,0.9853695,-19.509567,0.70807505,-1.8892995,11.05531943,76.92713722,398.37555,0.0,,3.7900925,0.85,2,2
14.660,416848122175319,0.3143571,-0.2650051,9.862467,3.0543236E-4,-4.5814854E-4,7.635809E-5,0.31692433,-0.26272866,9.798006,-0.0025672466,-0.0022764504,0.06446123,22.125,42.75,-7.8,-0.0032957706,-0.017294675,0.1695063,0.9853695,-19.509567,0.7080917,-1.8892982,11.05531943,76.92713722,398.37555,0.0,,3.7900925,0.87,2,2
14.680,416848142175319,0.31809586,-0.26455647,9.859776,-3.0543236E-4,-4.5814854E-4,3.0543236E-4,0.31690782,-0.26277643,9.798005,0.0011880249,-0.0017800331,0.061769962,21.525002,42.525,-6.9,-0.0032959157,-0.017294688,0.1695063,0.9853695,-19.50957,0.70810837,-1.8892971,11.05531943,76.92713722,398.37555,0.0,,3.7900925,0.89,2,2
14.700,416848162175319,0.3155535,-0.2644069,9.863365,-2.2907427E-4,-4.5814854E-4,-6.108647E-4,0.31679422,-0.26275206,9.79801,-0.0012407303,-0.0016548336,0.065354824,20.25,42.300003,-3.075,-0.0032960565,-0.017294705,0.1695063,0.9853695,-19.50957,0.7081246,-1.889296,11.05531943,76.92713722,398.37555,0.0,,3.7900925,0.91,2,2
14.720,416848182175319,0.31630123,-0.26545376,9.866356,3.0543236E-4,1.5271618E-4,-6.108647E-4,0.31684315,-0.2628442,9.798005,-5.4191053E-4,-0.002609551,0.068350315,22.2,42.75,-6.9750004,-0.0032962007,-0.017294724,0.1695063,0.9853695,-19.509567,0.7081412,-1.8892955,11.05531943,76.92713722,398.37555,0.0,,3.7900925,0.93,2,2
14.740,416848202175319,0.31974092,-0.2659024,9.863813,-2.2907427E-4,-7.635809E-5,-7.635809E-5,0.31678826,-0.26275587,9.79801,0.002952665,-0.003146544,0.06580353,20.475,42.375,-3.825,-0.003296345,-0.01729474,0.1695063,0.9853695,-19.509567,0.7081578,-1.8892946,11.05531943,76.92713722,398.37555,0.0,,3.7900925,0.95,2,2
14.760,416848222175319,0.32004002,-0.26350957,9.862766,3.0543236E-4,5.3450663E-4,-6.108647E-4,0.31702328,-0.26293215,9.797997,0.00301674,-5.774349E-4,0.06476879,20.775002,42.375,-4.8,-0.003296488,-0.017294759,0.1695063,0.9853695,-19.509567,0.7081743,-1.8892939,11.05531943,76.92713722,398.37555,0.0,,3.7900925,0.97,2,2
14.780,416848242175319,0.3234797,-0.2714358,9.865908,3.0543236E-4,-4.5814854E-4,0.0,0.3169365,-0.26298863,9.797998,0.006543219,-0.008447185,0.067908764,21.825,42.600002,-6.4500003,-0.0032966367,-0.017294781,0.1695063,0.9853695,-19.509567,0.7081916,-1.8892936,11.05531943,76.92713722,398.37555,0.0,,3.7900925,0.99,2,2
14.800,416848262175319,0.31510484,-0.26799613,9.863813,3.0543236E-4,-2.2907427E-4,1.5271618E-4,0.31675714,-0.2628444,9.798009,-0.0016523004,-0.005151719,0.065804005,21.225,42.45,-5.8500004,-0.0032967827,-0.017294796,0.1695063,0.9853695,-19.509567,0.7082083,-1.8892925,11.05532109,76.92713527,397.7124,0.0,,3.7900925,0.01,2,2
14.820,416848282175319,0.31809586,-0.2620141,9.870992,3.0543236E-4,7.635809E-4,2.2907427E-4,0.31681818,-0.26287293,9.798005,0.0012776852,8.588433E-4,0.0729866,21.0,42.075,-5.4750004,-0.003296921,-0.017294811,0.1695063,0.9853695,-19.509565,0.70822424,-1.8892914,11.05532109,76.92713527,397.7124,0.0,,3.7900925,0.03,2,2
14.840,416848302175319,0.32108688,-0.26694927,9.856036,3.0543236E-4,1.5271618E-4,-7.635809E-5,0.31673494,-0.2627688,9.798011,0.0043519437,-0.004180461,0.05802536,20.925001,42.600002,-5.4750004,-0.0032970659,-0.017294832,0.1695063,0.9853695,-19.509565,0.708241,-1.8892907,11.05532109,76.92713527,397.7124,0.0,,3.7900925,0.05,2,2
14.860,416848322175319,0.3146562,-0.26321048,9.866356,3.0543236E-4,-3.0543236E-4,-6.108647E-4,0.31650367,-0.26269865,9.798019,-0.0018474907,-5.1184E-4,0.06833601,20.7,42.45,-5.175,-0.003297207,-0.017294845,0.1695063,0.9853695,-19.509565,0.70825714,-1.8892895,11.05532109,76.92713527,397.7124,0.0,,3.7900925,0.07,2,2
14.880,416848342175319,0.31585258,-0.26395828,9.860971,3.0543236E-4,7.635809E-4,-6.108647E-4,0.31641644,-0.26251414,9.798028,-5.6384504E-4,-0.0014441162,0.06294346,21.150002,42.600002,-6.3,-0.0032973501,-0.017294858,0.1695063,0.9853695,-19.509565,0.70827353,-1.8892882,11.05532109,76.92713527,397.7124,0.0,,3.7900925,0.09,2,2
14.900,416848362175319,0.31660035,-0.260369,9.859177,3.0543236E-4,1.5271618E-4,-6.108647E-4,0.31636846,-0.2624759,9.79803,2.3189187E-4,0.00210689,0.061147213,20.475,42.225002,-4.9500003,-0.003297489,-0.017294874,0.1695063,0.9853695,-19.509565,0.70828956,-1.8892875,11.05532109,76.92713527,397.7124,0.0,,3.7900925,0.11,2,2
14.920,416848382175319,0.31719857,-0.26470602,9.8626175,3.0543236E-4,0.0,1.5271618E-4,0.31614396,-0.2624426,9.7980385,0.0010545999,-0.0022634268,0.06457853,21.6,42.600002,-6.7500005,-0.0032976305,-0.01729489,0.1695063,0.9853695,-19.509565,0.70830584,-1.8892865,11.05532109,76.92713527,397.7124,0.0,,3.7900925,0.13,2,2
14.940,416848402175319,0.3136093,-0.26470602,9.860224,3.0543236E-4,3.8179045E-4,3.0543236E-4,0.31614652,-0.26240423,9.798039,-0.0025372058,-0.0023017824,0.062184334,20.625,42.45,-4.2000003,-0.0032977774,-0.017294904,0.1695063,0.9853695,-19.509565,0.70832276,-1.8892852,11.05532109,76.92713527,397.7124,0.0,,3.7900925,0.15,2,2
14.960,416848422175319,0.31944183,-0.26455647,9.860523,3.0543236E-4,2.2907427E-4,-6.108647E-4,0.31618834,-0.2624945,9.798036,0.0032534897,-0.0020619482,0.062487602,21.900002,42.675003,-7.5000005,-0.0032979215,-0.017294923,0.1695063,0.9853695,-19.509565,0.7083394,-1.8892845,11.05532109,76.92713527,397.7124,0.0,,3.7900925,0.17,2,2
14.980,416848442175319,0.3167499,-0.26814568,9.866505,2.2907427E-4,-4.5814854E-4,0.0,0.31644008,-0.26255986,9.798027,3.0982494E-4,-0.0055858195,0.06847811,21.825,42.300003,-6.525,-0.0032980684,-0.017294938,0.1695063,0.9853695,-19.509565,0.70835626,-1.8892837,11.05532109,76.92713527,397.7124,0.0,,3.7900925,0.19,2,2
15.000,416848462175319,0.32033914,-0.26545376,9.871141,-1.5271618E-4,-0.0010690133,3.8179045E-4,0.31645322,-0.26255643,9.798025,0.00388591,-0.0028973222,0.0731163,22.35,42.300003,-9.075001,-0.0032982125,-0.017294955,0.1695063,0.9853695,-19.509565,0.70837283,-1.8892828,11.05532109,76.92713527,397.7124,0.0,,3.7900925,0.21,2,2
15.020,416848482175319,0.31615168,-0.2600699,9.865159,-6.872228E-4,-4.5814854E-4,3.8179045E-4,0.31649384,-0.2624809,9.798027,-3.4214556E-4,0.0024110079,0.067131996,23.025002,42.525,-9.150001,-0.0032983506,-0.017294968,0.1695063,0.9853695,-19.509565,0.7083887,-1.8892814,11.05532109,76.92713527,397.7124,0.0,,3.7900925,0.23,2,2
15.040,416848502175319,0.31689945,-0.26321048,9.864411,2.2907427E-4,-4.5814854E-4,-4.5814854E-4,0.31655568,-0.2625434,9.798022,3.437698E-4,-6.670803E-4,0.066389084,21.375,41.925003,-6.9750004,-0.0032984915,-0.01729498,0.1695063,0.9853695,-19.509565,0.7084048,-1.8892801,11.05532109,76.92713527,397.7124,0.0,,3.7900925,0.25,2,2
15.060,416848522175319,0.31764722,-0.2675475,9.859626,3.0543236E-4,-4.5814854E-4,6.108647E-4,0.31655964,-0.26246002,9.798025,0.0010875612,-0.005087465,0.061600685,21.75,42.600002,-9.225,-0.0032986386,-0.017294997,0.1695063,0.9853695,-19.509563,0.70842177,-1.8892792,11.05532109,76.92713527,397.7124,0.0,,3.7900925,0.27,2,2
15.080,416848542175319,0.31839496,-0.26336002,9.866954,3.0543236E-4,-7.635809E-5,7.635809E-5,0.3165243,-0.2624396,9.798026,0.001870662,-9.204298E-4,0.068927765,23.025002,42.675003,-9.225,-0.003298783,-0.017295014,0.1695063,0.9853695,-19.509563,0.70843846,-1.8892783,11.05532109,76.92713527,397.7124,0.0,,3.7900925,0.29,2,2
15.100,416848562175319,0.3152544,-0.26485556,9.856785,3.0543236E-4,-3.8179045E-4,6.108647E-4,0.31672847,-0.26243794,9.79802,-0.0014740825,-0.002417624,0.05876398,21.300001,42.525,-5.775,-0.003298928,-0.017295027,0.1695063,0.9853695,-19.509563,0.7084551,-1.8892771,11.05532109,76.92713527,397.7124,0.0,,3.7900925,0.31,2,2
15.120,416848582175319,0.32183462,-0.26470602,9.858878,1.5271618E-4,-4.5814854E-4,7.635809E-5,0.31682986,-0.26253664,9.798014,0.0050047785,-0.0021693707,0.06086445,21.300001,42.675003,-6.3,-0.0032990696,-0.017295048,0.1695063,0.9853695,-19.509563,0.7084714,-1.8892766,11.05532109,76.92713527,397.7124,0.0,,3.7900925,0.33,2,2
15.140,416848602175319,0.31899318,-0.26665017,9.864113,-7.635809E-5,-4.5814854E-4,3.0543236E-4,0.31677222,-0.26259282,9.798015,0.0022209585,-0.004057348,0.06609774,20.7,41.925003,-4.7250004,-0.0032992146,-0.017295066,0.1695063,0.9853695,-19.509563,0.70848817,-1.889276,11.05532109,76.92713527,397.7124,0.0,,3.7900925,0.35,2,2
15.160,416848622175319,0.31435707,-0.26455647,9.864561,-2.2907427E-4,-4.5814854E-4,-6.108647E-4,0.316884,-0.2628278,9.798004,-0.002526939,-0.001728639,0.06655693,21.075,42.15,-5.25,-0.003299359,-0.017295081,0.1695063,0.9853695,-19.509563,0.70850474,-1.8892747,11.05532109,76.92713527,397.7124,0.0,,3.7900925,0.37,2,2
15.180,416848642175319,0.31914273,-0.2696412,9.859476,-3.0543236E-4,-4.5814854E-4,-6.108647E-4,0.31692576,-0.26280758,9.798003,0.002216965,-0.006833613,0.061472893,20.85,42.675003,-5.025,-0.003299506,-0.017295096,0.1695063,0.9853695,-19.509562,0.7085216,-1.8892734,11.05532109,76.92713527,397.7124,0.0,,3.7900925,0.39,2,2
15.200,416848662175319,0.31929228,-0.26395825,9.870842,0.0,-1.5271618E-4,2.2907427E-4,0.31667078,-0.26298973,9.798007,0.0026215017,-9.685159E-4,0.07283497,22.125,42.975002,-7.8750005,-0.00329965,-0.017295113,0.1695063,0.9853695,-19.509562,0.70853823,-1.8892726,11.05532109,76.92713527,397.7124,0.0,,3.7900925,0.41,2,2
15.220,416848682175319,0.31286156,-0.26470602,9.867252,-9.162971E-4,3.0543236E-4,1.5271618E-4,0.3167181,-0.26302093,9.798004,-0.0038565397,-0.0016850829,0.06924868,20.7,42.75,-4.9500003,-0.0032997944,-0.017295122,0.1695063,0.9853695,-19.509562,0.7085547,-1.8892709,11.05532109,76.92713527,397.7124,0.0,,3.7900925,0.43,2,2
15.240,416848702175319,0.31764722,-0.2638087,9.862467,-3.0543236E-4,-4.5814854E-4,0.0,0.3167017,-0.26312384,9.798002,9.454936E-4,-6.8485737E-4,0.064465046,20.475,42.600002,-4.125,-0.0032999394,-0.01729514,0.1695063,0.9853695,-19.509562,0.70857143,-1.8892702,11.05532109,76.92713527,397.7124,0.0,,3.7900925,0.45,2,2
15.260,416848722175319,0.31809586,-0.26650062,9.866056,-2.2907427E-4,0.0,-7.635809E-5,0.316599,-0.26299313,9.798009,0.0014968514,-0.003507495,0.06804752,21.900002,42.675003,-6.525,-0.0033000843,-0.017295158,0.1695063,0.9853695,-19.509562,0.7085882,-1.8892691,11.05532109,76.92713527,397.7124,0.0,,3.7900925,0.47,2,2
15.280,416848742175319,0.31809586,-0.26246274,9.86142,3.0543236E-4,4.5814854E-4,-6.108647E-4,0.31658736,-0.26282817,9.798014,0.0015085042,3.6543608E-4,0.06340647,21.975,42.45,-7.05,-0.0033002254,-0.017295174,0.1695063,0.9853695,-19.509562,0.70860445,-1.8892685,11.05532109,76.92713527,397.7124,0.0,,3.7900925,0.49,2,2
15.300,416848762175319,0.3188436,-0.26141587,9.864113,3.0543236E-4,1.5271618E-4,-6.108647E-4,0.31660646,-0.26289997,9.798012,0.002237156,0.001484096,0.0661006,21.300001,42.600002,-5.625,-0.0033003665,-0.017295191,0.1695063,0.9853695,-19.50956,0.70862067,-1.8892677,11.05532109,76.92713527,397.7124,0.0,,3.7900925,0.51,2,2
15.320,416848782175319,0.31630123,-0.26844478,9.8632145,3.0543236E-4,-4.5814854E-4,-7.635809E-5,0.31680512,-0.26285163,9.798006,-5.0388277E-4,-0.0055931658,0.06520891,21.525002,42.75,-6.2250004,-0.003300515,-0.017295208,0.1695063,0.9853695,-19.509562,0.7086378,-1.8892666,11.05532109,76.92713527,397.7124,0.0,,3.7900925,0.53,2,2
15.340,416848802175319,0.32183465,-0.261715,9.864411,-2.2907427E-4,-4.5814854E-4,-2.2907427E-4,0.3167634,-0.2628724,9.798007,0.0050712526,0.0011574179,0.06640434,20.400002,42.525,-3.9,-0.003300657,-0.017295226,0.1695063,0.9853695,-19.509562,0.70865417,-1.8892658,11.05532109,76.92713527,397.7124,0.0,,3.7900925,0.55,2,2
15.360,416848822175319,0.3179463,-0.2638087,9.862019,-2.2907427E-4,7.635809E-5,7.635809E-5,0.31658617,-0.26287347,9.798013,0.0013601333,-9.352267E-4,0.06400585,20.325,42.600002,-4.9500003,-0.0033008,-0.017295245,0.1695063,0.9853695,-19.509562,0.70867074,-1.8892651,11.05532109,76.92713527,397.7124,0.0,,3.7900925,0.57,2,2
15.380,416848842175319,0.31719857,-0.2662015,9.868749,3.0543236E-4,6.108647E-4,6.108647E-4,0.31654677,-0.2629069,9.798014,6.517917E-4,-0.003294602,0.07073498,21.225,43.050003,-4.5,-0.003300942,-0.017295264,0.1695063,0.9853695,-19.509562,0.70868707,-1.8892645,11.05532109,76.92713527,397.7124,0.0,,3.7900925,0.59,2,2
15.400,416848862175319,0.31660035,-0.2672484,9.866205,3.0543236E-4,-1.5271618E-4,6.108647E-4,0.31642696,-0.26282656,9.798019,1.7338991E-4,-0.00442183,0.06818628,20.7,42.45,-4.9500003,-0.0033010866,-0.017295279,0.1695063,0.9853695,-19.509562,0.7087037,-1.8892634,11.05532109,76.92713527,397.7124,0.0,,3.7900925,0.61,2,2
15.420,416848882175319,0.31645077,-0.26365915,9.862916,3.0543236E-4,2.2907427E-4,6.108647E-4,0.3164391,-0.2627052,9.798022,1.16974115E-5,-9.5394254E-4,0.06489372,20.400002,42.45,-4.65,-0.0033012289,-0.017295294,0.1695063,0.9853695,-19.50956,0.7087201,-1.8892623,11.05532109,76.92713527,397.7124,0.0,,3.7900925,0.63,2,2
15.440,416848902175319,0.31615168,-0.26246274,9.867851,3.0543236E-4,-4.5814854E-4,5.3450663E-4,0.31628674,-0.26263776,9.798029,-1.3504922E-4,1.7504394E-4,0.069821835,20.550001,42.225002,-4.2000003,-0.003301371,-0.017295305,0.1695063,0.9853695,-19.50956,0.70873636,-1.8892609,11.05532109,76.92713527,397.7124,0.0,,3.7900925,0.65,2,2
15.460,416848922175319,0.3155535,-0.26410782,9.865159,3.0543236E-4,3.0543236E-4,-6.108647E-4,0.31635466,-0.2625823,9.798028,-8.0117583E-4,-0.0015255064,0.06713104,20.550001,42.825,-4.425,-0.0033015131,-0.017295314,0.1695063,0.9853695,-19.50956,0.7087526,-1.8892591,11.05532109,76.92713527,397.7124,0.0,,3.7900925,0.67,2,2
15.480,416848942175319,0.32198417,-0.26425737,9.862019,3.0543236E-4,3.0543236E-4,-1.5271618E-4,0.31618202,-0.262582,9.798034,0.0058021694,-0.0016753525,0.063984394,21.75,42.675003,-6.9,-0.003301656,-0.017295334,0.1695063,0.9853695,-19.50956,0.7087691,-1.8892587,11.05532109,76.92713527,397.7124,0.0,,3.7900925,0.69,2,2
15.500,416848962175319,0.31689945,-0.26575285,9.8603735,3.0543236E-4,6.872228E-4,7.635809E-5,0.31609657,-0.26263413,9.798036,8.0287457E-4,-0.0031187385,0.062337875,21.225,42.600002,-5.25,-0.0033018026,-0.017295351,0.1695063,0.9853695,-19.50956,0.70878595,-1.8892577,11.05532109,76.92713527,397.7124,0.0,,3.7900925,0.71,2,2
15.520,416848982175319,0.3191427,-0.26769704,9.873833,3.0543236E-4,5.3450663E-4,4.5814854E-4,0.31621438,-0.26269594,9.798029,0.0029283315,-0.005001098,0.07580423,20.925001,42.675003,-6.0750003,-0.0033019446,-0.01729537,0.1695063,0.9853695,-19.50956,0.70880234,-1.889257,11.05532109,76.92713527,397.7124,0.0,,3.7900925,0.73,2,2
15.540,416849002175319,0.32138598,-0.26575285,9.868749,-7.635809E-5,-7.635809E-5,3.0543236E-4,0.31606394,-0.26279235,9.798032,0.005322054,-0.002960518,0.07071686,20.925001,42.675003,-5.025,-0.0033020875,-0.017295389,0.1695063,0.9853695,-19.509558,0.70881885,-1.8892564,11.05532109,76.92713527,397.7124,0.0,,3.7900925,0.75,2,2
15.560,416849022175319,0.31450662,-0.26784658,9.856784,1.5271618E-4,1.5271618E-4,6.108647E-4,0.31616512,-0.2628491,9.798027,-0.0016584992,-0.004997492,0.05875683,21.0,42.9,-5.025,-0.0033022321,-0.017295403,0.1695063,0.9853695,-19.509558,0.7088355,-1.8892553,11.05532109,76.92713527,397.7124,0.0,,3.7900925,0.77,2,2
15.580,416849042175319,0.32153553,-0.26141587,9.862766,-7.635809E-4,7.635809E-5,7.635809E-5,0.31630656,-0.26273054,9.798026,0.0052289814,0.0013146698,0.06474018,21.0,42.45,-4.8,-0.0033023725,-0.017295422,0.1695063,0.9853695,-19.509558,0.7088517,-1.8892547,11.05532109,76.92713527,397.7124,0.0,,3.7900925,0.79,2,2
15.600,416849062175319,0.32183462,-0.26276183,9.868898,3.0543236E-4,-1.5271618E-4,3.0543236E-4,0.3160171,-0.26284173,9.798033,0.0058175474,7.9885125E-5,0.070865154,21.45,42.825,-5.4,-0.0033025118,-0.01729544,0.1695063,0.9853695,-19.509558,0.7088678,-1.8892542,11.05532109,76.92713527,397.7124,0.0,,3.7900925,0.81,2,2
15.620,416849082175319,0.31405798,-0.2666502,9.870842,-2.2907427E-4,7.635809E-4,-7.635809E-5,0.3157722,-0.262862,9.7980385,-0.0017142296,-0.003788188,0.0728035,21.525002,42.600002,-6.8250003,-0.0033026545,-0.017295456,0.1695063,0.9853695,-19.509558,0.7088841,-1.8892531,11.05532109,76.92713527,397.7124,0.0,,3.7900925,0.83,2,2
15.640,416849102175319,0.31510484,-0.26679972,9.870094,3.0543236E-4,7.635809E-4,6.108647E-4,0.31569934,-0.2630689,9.798037,-5.945116E-4,-0.0037308037,0.072057724,22.125,42.600002,-7.8,-0.0033027981,-0.01729547,0.1695063,0.9853695,-19.509558,0.7089007,-1.8892517,11.05532109,76.92713527,397.7124,0.0,,3.7900925,0.85,2,2
15.660,416849122175319,0.31839496,-0.26784658,9.8654585,-5.3450663E-4,4.5814854E-4,6.108647E-4,0.31565702,-0.26315686,9.798035,0.0027379543,-0.0046897233,0.06742382,20.925001,42.600002,-3.9,-0.0033029446,-0.017295487,0.1695063,0.9853695,-19.509556,0.70891756,-1.8892509,11.05532109,76.92713527,397.7124,0.0,,3.7900925,0.87,2,2
15.680,416849142175319,0.31645077,-0.2675475,9.863813,7.635809E-5,0.0,6.108647E-4,0.31555095,-0.26301292,9.798043,8.998364E-4,-0.0045345575,0.06576967,20.775002,42.0,-3.7500002,-0.0033030917,-0.017295504,0.1695063,0.9853695,-19.509556,0.70893455,-1.8892499,11.05532109,76.92713527,397.7124,0.0,,3.7900925,0.89,2,2
15.700,416849162175319,0.31869406,-0.2623132,9.871141,3.0543236E-4,6.872228E-4,7.635809E-5,0.31571785,-0.2629414,9.798039,0.0029762238,6.2820315E-4,0.07310152,21.225,42.375,-5.3250003,-0.0033032312,-0.01729552,0.1695063,0.9853695,-19.509556,0.7089505,-1.8892491,11.05532109,76.92713527,397.7124,0.0,,3.7900925,0.91,2,2
15.720,416849182175319,0.32108688,-0.2641078,9.863813,3.0543236E-4,-2.2907427E-4,1.5271618E-4,0.31575584,-0.26296735,9.798037,0.0053310394,-0.0011404455,0.06577635,22.125,42.45,-7.5000005,-0.0033033707,-0.017295541,0.1695063,0.9853695,-19.509556,0.7089667,-1.8892487,11.05532109,76.92713527,397.7124,0.0,,3.7900925,0.93,2,2
15.740,416849202175319,0.3179463,-0.2670988,9.866655,3.0543236E-4,-1.5271618E-4,6.108647E-4,0.3157019,-0.26304147,9.798038,0.002244413,-0.004057348,0.068617344,22.650002,43.275,-8.625,-0.0033035167,-0.017295556,0.1695063,0.9853695,-19.509556,0.7089835,-1.8892477,11.05532109,76.92713527,397.7124,0.0,,3.7900925,0.95,2,2
15.760,416849222175319,0.31689945,-0.2656033,9.86471,-2.2907427E-4,1.5271618E-4,-4.5814854E-4,0.31553245,-0.26288262,9.798047,0.0013670027,-0.0027206987,0.066663265,20.925001,42.675003,-5.7000003,-0.0033036636,-0.017295571,0.1695063,0.9853695,-19.509554,0.70900035,-1.8892466,11.05532109,76.92713527,397.7124,0.0,,3.7900925,0.97,2,2
15.780,416849242175319,0.31674987,-0.261715,9.862318,3.0543236E-4,7.635809E-4,-6.108647E-4,0.31560752,-0.2627094,9.798049,0.0011423677,9.94429E-4,0.064269066,21.150002,42.600002,-5.55,-0.0033038056,-0.017295586,0.1695063,0.9853695,-19.509554,0.7090167,-1.8892455,,,,,,,,2,2
15.800,416849262175319,0.3188436,-0.26096722,9.857681,3.0543236E-4,-1.5271618E-4,-6.108647E-4,0.3154678,-0.26265082,9.798055,0.0033757985,0.0016835928,0.059627056,20.85,42.600002,-5.4750004,-0.003303944,-0.017295599,0.1695063,0.9853695,-19.509554,0.70903254,-1.889244,11.05532095,76.92713484,397.54004,0.0,,3.7900925,0.01,2,2
15.820,416849282175319,0.31689945,-0.26440692,9.865757,3.0543236E-4,6.108647E-4,-7.635809E-5,0.31554437,-0.26263285,9.798054,0.0013550818,-0.0017740577,0.067703724,21.225,42.675003,-5.4750004,-0.0033040876,-0.017295614,0.1695063,0.9853695,-19.509554,0.70904905,-1.8892429,11.05532095,76.92713484,397.54004,0.0,,3.7900925,0.03,2,2
15.840,416849302175319,0.3204887,-0.26635107,9.868449,3.8179045E-4,7.635809E-5,-6.108647E-4,0.31554863,-0.26257455,9.798054,0.0049400628,-0.0037765205,0.07039547,22.650002,42.75,-9.675,-0.0033042338,-0.017295634,0.1695063,0.9853695,-19.509554,0.709066,-1.8892425,11.05532095,76.92713484,397.54004,0.0,,3.7900925,0.05,2,2
15.860,416849322175319,0.3149553,-0.2666502,9.865757,6.872228E-4,-4.5814854E-4,-3.0543236E-4,0.31574035,-0.2626467,9.798046,-7.850528E-4,-0.00400348,0.06771135,21.675001,42.15,-7.7250004,-0.0033043774,-0.01729565,0.1695063,0.9853695,-19.509554,0.7090825,-1.8892415,11.05532095,76.92713484,397.54004,0.0,,3.7900925,0.07,2,2
15.880,416849342175319,0.32093734,-0.26515466,9.870693,-2.2907427E-4,-4.5814854E-4,6.108647E-4,0.31576678,-0.2625637,9.798048,0.005170569,-0.0025909543,0.07264471,21.225,42.375,-5.4750004,-0.0033045185,-0.017295666,0.1695063,0.9853695,-19.509552,0.70909876,-1.8892406,11.05532095,76.92713484,397.54004,0.0,,3.7900925,0.09,2,2
15.900,416849362175319,0.31570303,-0.26336005,9.861421,3.0543236E-4,-4.5814854E-4,7.635809E-5,0.315888,-0.26251677,9.798045,-1.8495321E-4,-8.432865E-4,0.06337547,21.375,42.225002,-6.3,-0.0033046606,-0.017295681,0.1695063,0.9853695,-19.509552,0.7091151,-1.8892395,11.05532095,76.92713484,397.54004,0.0,,3.7900925,0.11,2,2
15.920,416849382175319,0.3201896,-0.26291138,9.863664,7.635809E-5,-2.2907427E-4,6.108647E-4,0.31590673,-0.26261494,9.798042,0.004282847,-2.964437E-4,0.065621376,21.45,42.9,-5.625,-0.0033047993,-0.017295698,0.1695063,0.9853695,-19.509552,0.7091311,-1.8892388,11.05532095,76.92713484,397.54004,0.0,,3.7900925,0.13,2,2
15.940,416849402175319,0.32033914,-0.26440692,9.867851,-5.3450663E-4,3.0543236E-4,-3.0543236E-4,0.31584406,-0.26294702,9.798036,0.0044950694,-0.0014598817,0.06981516,22.125,42.525,-7.2000003,-0.003304939,-0.017295716,0.1695063,0.9853695,-19.509554,0.7091472,-1.8892385,11.05532095,76.92713484,397.54004,0.0,,3.7900925,0.15,2,2
15.960,416849422175319,0.3130111,-0.27233315,9.860822,-3.0543236E-4,-4.5814854E-4,0.0,0.3159244,-0.26280057,9.798037,-0.0029132962,-0.009532556,0.06278515,22.725,43.050003,-8.85,-0.0033050897,-0.01729573,0.1695063,0.9853695,-19.509554,0.70916444,-1.8892367,11.05532095,76.92713484,397.54004,0.0,,3.7900925,0.17,2,2
15.980,416849442175319,0.31749767,-0.2620141,9.866655,3.0543236E-4,-4.5814854E-4,-6.108647E-4,0.3160942,-0.2628741,9.798029,0.0014034659,8.600205E-4,0.06862593,20.85,42.675003,-5.55,-0.003305232,-0.017295746,0.1695063,0.9853695,-19.509554,0.70918083,-1.8892359,11.05532095,76.92713484,397.54004,0.0,,3.7900925,0.19,2,2
16.000,416849462175319,0.32318062,-0.26859432,9.864711,3.0543236E-4,0.0,-6.108647E-4,0.31605738,-0.2628803,9.79803,0.007123217,-0.005714044,0.06668091,20.775002,42.525,-4.8,-0.003305376,-0.017295767,0.1695063,0.9853695,-19.509552,0.70919746,-1.8892355,11.05532095,76.92713484,397.54004,0.0,,3.7900925,0.21,2,2
16.020,416849482175319,0.31764722,-0.26336002,9.868748,-3.0543236E-4,7.635809E-5,-6.108647E-4,0.316098,-0.262906,9.798028,0.0015492141,-4.5405328E-4,0.070720196,21.825,42.300003,-6.2250004,-0.0033055195,-0.017295785,0.1695063,0.9853695,-19.509552,0.7092141,-1.8892348,11.05532095,76.92713484,397.54004,0.0,,3.7900925,0.23,2,2
16.040,416849502175319,0.31989047,-0.2670988,9.865608,3.0543236E-4,7.635809E-5,1.5271618E-4,0.3162029,-0.26291576,9.798024,0.0036875606,-0.004183054,0.06758356,21.225,42.9,-5.8500004,-0.0033056627,-0.017295802,0.1695063,0.9853695,-19.509552,0.70923054,-1.889234,11.05532095,76.92713484,397.54004,0.0,,3.7900925,0.25,2,2
16.060,416849522175319,0.31839496,-0.26635104,9.859028,3.0543236E-4,-4.5814854E-4,7.635809E-5,0.31632385,-0.26285863,9.798021,0.0020711273,-0.0034924299,0.06100607,21.150002,42.600002,-5.8500004,-0.003305807,-0.017295819,0.1695063,0.9853695,-19.509552,0.70924723,-1.8892331,11.05532095,76.92713484,397.54004,0.0,,3.7900925,0.27,2,2
16.080,416849542175319,0.3191427,-0.26470602,9.866206,3.0543236E-4,-4.5814854E-4,-3.8179045E-4,0.31641826,-0.26274204,9.798022,0.0027244538,-0.0019639581,0.0681839,21.075,42.45,-5.3250003,-0.0033059502,-0.017295836,0.1695063,0.9853695,-19.509552,0.7092636,-1.8892323,11.05532095,76.92713484,397.54004,0.0,,3.7900925,0.29,2,2
16.100,416849562175319,0.31869406,-0.26276183,9.863664,3.0543236E-4,-3.8179045E-4,-6.108647E-4,0.31631777,-0.26278678,9.798024,0.002376303,2.4944544E-5,0.065639496,20.625,42.600002,-4.2000003,-0.0033060887,-0.017295852,0.1695063,0.9853695,-19.509552,0.70927966,-1.8892312,11.05532095,76.92713484,397.54004,0.0,,3.7900925,0.31,2,2
16.120,416849582175319,0.31510484,-0.26769704,9.868,3.0543236E-4,-7.635809E-5,-6.108647E-4,0.31630263,-0.2626675,9.798028,-0.0011978,-0.0050295293,0.069972515,21.75,42.600002,-6.675,-0.0033062364,-0.017295867,0.1695063,0.9853695,-19.50955,0.7092967,-1.8892301,11.05532095,76.92713484,397.54004,0.0,,3.7900925,0.33,2,2
16.140,416849602175319,0.31809586,-0.25992036,9.870094,-1.5271618E-4,0.0,-6.108647E-4,0.31627107,-0.26263842,9.79803,0.0018247813,0.0027180612,0.0720644,22.2,42.300003,-8.400001,-0.0033063742,-0.017295884,0.1695063,0.9853695,-19.50955,0.70931256,-1.8892293,11.05532095,76.92713484,397.54004,0.0,,3.7900925,0.35,2,2
16.160,416849622175319,0.31779677,-0.26470602,9.865757,2.2907427E-4,7.635809E-5,5.3450663E-4,0.31636074,-0.26266268,9.798026,0.0014360249,-0.0020433366,0.0677309,21.675001,42.675003,-7.65,-0.0033065148,-0.017295903,0.1695063,0.9853695,-19.50955,0.70932883,-1.8892286,11.05532095,76.92713484,397.54004,0.0,,3.7900925,0.37,2,2
16.180,416849642175319,0.31839496,-0.26665017,9.864262,3.0543236E-4,-4.5814854E-4,6.108647E-4,0.3163352,-0.26260665,9.798028,0.0020597577,-0.0040435195,0.066233635,21.300001,42.45,-4.275,-0.0033066566,-0.017295923,0.1695063,0.9853695,-19.50955,0.7093452,-1.8892282,11.05532095,76.92713484,397.54004,0.0,,3.7900925,0.39,2,2
16.200,416849662175319,0.31734812,-0.26440692,9.869946,3.0543236E-4,-7.635809E-5,2.2907427E-4,0.3161304,-0.26260656,9.798035,0.001217708,-0.0018003434,0.07191038,20.7,42.600002,-4.3500004,-0.0033067972,-0.017295942,0.1695063,0.9853695,-19.50955,0.70936143,-1.8892277,11.05532095,76.92713484,397.54004,0.0,,3.7900925,0.41,2,2
16.220,416849682175319,0.3164508,-0.2659024,9.866356,3.0543236E-4,7.635809E-4,0.0,0.3160299,-0.26267526,9.798037,4.208982E-4,-0.0032271594,0.068318844,21.900002,42.675003,-6.9750004,-0.0033069423,-0.017295957,0.1695063,0.9853695,-19.50955,0.7093781,-1.8892264,11.05532095,76.92713484,397.54004,0.0,,3.7900925,0.43,2,2
16.240,416849702175319,0.3152544,-0.26814568,9.86157,3.0543236E-4,7.635809E-5,-6.108647E-4,0.31611645,-0.26275098,9.798032,-8.620769E-4,-0.005394697,0.063538074,22.35,42.600002,-8.85,-0.003307087,-0.017295973,0.1695063,0.9853695,-19.50955,0.7093948,-1.8892256,11.05532095,76.92713484,397.54004,0.0,,3.7900925,0.45,2,2
16.260,416849722175319,0.31779677,-0.26635104,9.86157,-7.635809E-5,-4.5814854E-4,-6.108647E-4,0.31620145,-0.26275787,9.798028,0.0015953183,-0.0035931915,0.06354189,21.825,42.675003,-7.5750003,-0.0033072317,-0.017295988,0.1695063,0.9853695,-19.50955,0.7094114,-1.8892243,11.05532095,76.92713484,397.54004,0.0,,3.7900925,0.47,2,2
16.280,416849742175319,0.31809586,-0.2656033,9.871441,7.635809E-5,-4.5814854E-4,-6.108647E-4,0.3163216,-0.26282427,9.798023,0.0017742515,-0.0027790517,0.07341719,21.825,42.600002,-7.9500003,-0.0033073756,-0.017296009,0.1695063,0.9853695,-19.50955,0.7094281,-1.8892239,11.05532095,76.92713484,397.54004,0.0,,3.7900925,0.49,2,2
16.300,416849762175319,0.3191427,-0.26799613,9.862167,3.0543236E-4,-4.5814854E-4,1.5271618E-4,0.31640443,-0.26279277,9.798021,0.002738282,-0.0052033663,0.06414652,20.625,42.525,-4.5,-0.003307521,-0.017296026,0.1695063,0.9853695,-19.50955,0.7094448,-1.8892231,11.05532095,76.92713484,397.54004,0.0,,3.7900925,0.51,2,2
16.320,416849782175319,0.3179463,-0.26485556,9.860673,3.0543236E-4,-4.5814854E-4,6.108647E-4,0.3164239,-0.26287946,9.798018,0.0015224218,-0.0019760877,0.062654495,22.050001,43.2,-6.525,-0.003307664,-0.017296044,0.1695063,0.9853695,-19.50955,0.70946133,-1.8892224,11.05532095,76.92713484,397.54004,0.0,,3.7900925,0.53,2,2
16.340,416849802175319,0.31615168,-0.26321048,9.867104,-6.872228E-4,-4.5814854E-4,-3.8179045E-4,0.31646353,-0.2627599,9.79802,-3.118366E-4,-4.505962E-4,0.06908274,21.225,42.675003,-5.025,-0.0033078056,-0.017296059,0.1695063,0.9853695,-19.50955,0.7094776,-1.8892213,11.05532095,76.92713484,397.54004,0.0,,3.7900925,0.55,2,2
16.360,416849822175319,0.31689945,-0.2623132,9.864561,2.2907427E-4,-4.5814854E-4,-5.3450663E-4,0.31645226,-0.26271,9.798021,4.4718385E-4,3.9681792E-4,0.06653929,22.5,42.375,-8.025001,-0.003307947,-0.017296074,0.1695063,0.9853695,-19.509548,0.7094939,-1.8892202,11.05532095,76.92713484,397.54004,0.0,,3.7900925,0.57,2,2
16.380,416849842175319,0.3167499,-0.26455647,9.864711,3.0543236E-4,-2.2907427E-4,3.8179045E-4,0.3161819,-0.26253653,9.798036,5.6800246E-4,-0.0020199418,0.066675186,21.45,42.45,-7.3500004,-0.0033080901,-0.017296087,0.1695063,0.9853695,-19.509548,0.7095102,-1.889219,11.05532095,76.92713484,397.54004,0.0,,3.7900925,0.59,2,2
16.400,416849862175319,0.31435707,-0.26081768,9.860224,3.0543236E-4,7.635809E-4,-6.108647E-4,0.31592578,-0.2624879,9.798044,-0.0015687048,0.0016702116,0.062180042,20.625,42.375,-5.25,-0.0033082298,-0.017296098,0.1695063,0.9853695,-19.509548,0.70952624,-1.8892175,11.05532095,76.92713484,397.54004,0.0,,3.7900925,0.61,2,2
16.420,416849882175319,0.31450662,-0.2675475,9.862766,7.635809E-4,7.635809E-4,-6.108647E-4,0.31590134,-0.26242313,9.798046,-0.0013947189,-0.0051243603,0.064720154,20.7,42.45,-4.875,-0.0033083756,-0.017296113,0.1695063,0.9853695,-19.509548,0.709543,-1.8892162,11.05532095,76.92713484,397.54004,0.0,,3.7900925,0.63,2,2
16.440,416849902175319,0.32138598,-0.26395825,9.865608,3.0543236E-4,7.635809E-4,-3.8179045E-4,0.31593663,-0.2624882,9.798043,0.0054493695,-0.0014700592,0.06756449,21.45,42.825,-6.0750003,-0.0033085155,-0.017296132,0.1695063,0.9853695,-19.509548,0.70955914,-1.8892156,11.05532095,76.92713484,397.54004,0.0,,3.7900925,0.65,2,2
16.460,416849922175319,0.32033914,-0.26485556,9.866954,-2.2907427E-4,2.2907427E-4,-2.2907427E-4,0.3159843,-0.26263228,9.7980385,0.0043548197,-0.0022232682,0.06891537,22.425001,42.525,-8.1,-0.0033086592,-0.017296152,0.1695063,0.9853695,-19.509548,0.7095758,-1.8892151,11.05532095,76.92713484,397.54004,0.0,,3.7900925,0.67,2,2
16.480,416849942175319,0.31749767,-0.2702394,9.865159,3.0543236E-4,-3.0543236E-4,-7.635809E-5,0.31593207,-0.26252407,9.798043,0.0015655905,-0.0077153295,0.06711578,22.050001,42.675003,-6.9,-0.0033088084,-0.017296167,0.1695063,0.9853695,-19.509546,0.70959294,-1.8892142,11.05532095,76.92713484,397.54004,0.0,,3.7900925,0.69,2,2
16.500,416849962175319,0.31779677,-0.26261228,9.866206,3.0543236E-4,1.5271618E-4,5.3450663E-4,0.31586084,-0.26255485,9.798045,0.0019359142,-5.7429075E-5,0.06816101,21.150002,42.675003,-5.55,-0.0033089495,-0.017296184,0.1695063,0.9853695,-19.509546,0.70960915,-1.8892132,11.05532095,76.92713484,397.54004,0.0,,3.7900925,0.71,2,2
16.520,416849982175319,0.31704903,-0.2670988,9.8682995,3.0543236E-4,2.2907427E-4,-6.108647E-4,0.3159611,-0.2626243,9.79804,0.0010879189,-0.0044745207,0.07025957,20.400002,42.300003,-4.425,-0.0033090906,-0.0172962,0.1695063,0.9853695,-19.509546,0.7096254,-1.8892124,11.05532095,76.92713484,397.54004,0.0,,3.7900925,0.73,2,2
16.540,416850002175319,0.31929228,-0.26799613,9.8632145,3.0543236E-4,-3.0543236E-4,-7.635809E-5,0.31584305,-0.2625484,9.798046,0.0034492314,-0.0054477453,0.06516886,21.825,42.975002,-7.05,-0.003309234,-0.01729622,0.1695063,0.9853695,-19.509546,0.70964205,-1.8892118,11.05532095,76.92713484,397.54004,0.0,,3.7900925,0.75,2,2
16.560,416850022175319,0.31196427,-0.26365912,9.863364,3.0543236E-4,-3.8179045E-4,-7.635809E-5,0.31572342,-0.26269677,9.798046,-0.0037591606,-9.623617E-4,0.06531811,21.675001,42.45,-6.6000004,-0.003309378,-0.017296234,0.1695063,0.9853695,-19.509546,0.70965856,-1.8892105,11.05532095,76.92713484,397.54004,0.0,,3.7900925,0.77,2,2
16.580,416850042175319,0.31390843,-0.2675475,9.865757,-2.2907427E-4,0.0,-6.108647E-4,0.31578732,-0.26294833,9.798037,-0.0018788874,-0.004599154,0.06772089,20.775002,42.45,-5.4750004,-0.0033095216,-0.017296249,0.1695063,0.9853695,-19.509548,0.709675,-1.8892096,11.05532095,76.92713484,397.54004,0.0,,3.7900925,0.79,2,2
16.600,416850062175319,0.31689945,-0.26814568,9.866056,-6.872228E-4,-4.5814854E-4,-6.108647E-4,0.3158242,-0.26295614,9.798036,0.001075238,-0.005189553,0.06802082,20.325,42.825,-4.9500003,-0.00330967,-0.017296264,0.1695063,0.9853695,-19.509546,0.70969206,-1.8892083,11.05532095,76.92713484,397.54004,0.0,,3.7900925,0.81,2,2
16.620,416850082175319,0.31630123,-0.26620153,9.867851,2.2907427E-4,-4.5814854E-4,0.0,0.31558275,-0.26296088,9.798043,7.184893E-4,-0.003240645,0.06980753,21.225,42.525,-4.7250004,-0.0033098133,-0.01729628,0.1695063,0.9853695,-19.509546,0.70970863,-1.8892075,11.05532095,76.92713484,397.54004,0.0,,3.7900925,0.83,2,2
16.640,416850102175319,0.31375885,-0.2666502,9.868599,3.0543236E-4,5.3450663E-4,-7.635809E-5,0.3156945,-0.2629611,9.798039,-0.0019356459,-0.0036890954,0.0705595,21.825,42.825,-6.4500003,-0.0033099595,-0.017296294,0.1695063,0.9853695,-19.509546,0.7097254,-1.8892062,11.05532095,76.92713484,397.54004,0.0,,3.7900925,0.85,2,2
16.660,416850122175319,0.3182454,-0.26650062,9.866505,3.0543236E-4,-4.5814854E-4,-2.2907427E-4,0.31565878,-0.2630892,9.798037,0.002586633,-0.0034114122,0.06846857,21.45,42.45,-6.675,-0.0033101037,-0.01729631,0.1695063,0.9853695,-19.509546,0.70974195,-1.8892053,11.05532095,76.92713484,397.54004,0.0,,3.7900925,0.87,2,2
16.680,416850142175319,0.32033914,-0.27008986,9.866954,3.0543236E-4,6.108647E-4,6.108647E-4,0.315685,-0.26297882,9.798039,0.0046541244,-0.007111028,0.06891441,20.475,42.225002,-4.3500004,-0.0033102497,-0.01729633,0.1695063,0.9853695,-19.509546,0.70975876,-1.8892045,11.05532095,76.92713484,397.54004,0.0,,3.7900925,0.89,2,2
16.700,416850162175319,0.31570303,-0.26276183,9.86157,3.0543236E-4,-4.5814854E-4,6.108647E-4,0.3157041,-0.26305705,9.798037,-1.0728836E-6,2.952218E-4,0.063533306,20.475,42.600002,-4.125,-0.0033103912,-0.017296344,0.1695063,0.9853695,-19.509546,0.7097751,-1.8892034,11.05532095,76.92713484,397.54004,0.0,,3.7900925,0.91,2,2
16.720,416850182175319,0.31839496,-0.26679972,9.86157,-7.635809E-5,0.0,-2.2907427E-4,0.31574243,-0.2630892,9.798034,0.0026525408,-0.0037105083,0.06353617,20.400002,42.600002,-4.3500004,-0.0033105386,-0.017296363,0.1695063,0.9853695,-19.509544,0.7097921,-1.8892026,11.05532095,76.92713484,397.54004,0.0,,3.7900925,0.93,2,2
16.740,416850202175319,0.31600213,-0.26635104,9.863365,7.635809E-5,-4.5814854E-4,-7.635809E-5,0.31575277,-0.26307988,9.798034,2.4937093E-4,-0.0032711774,0.06533098,21.45,42.45,-6.9,-0.003310686,-0.017296381,0.1695063,0.9853695,-19.509544,0.7098091,-1.8892019,11.05532095,76.92713484,397.54004,0.0,,3.7900925,0.95,2,2
16.760,416850222175319,0.3152544,-0.26545376,9.863664,2.2907427E-4,-4.5814854E-4,6.108647E-4,0.31575298,-0.26322582,9.798031,-4.9859285E-4,-0.002227947,0.06563282,21.0,42.675003,-5.775,-0.0033108306,-0.017296396,0.1695063,0.9853695,-19.509544,0.7098257,-1.8892007,11.05532095,76.92713484,397.54004,0.0,,3.7900925,0.97,2,2
16.780,416850242175319,0.31660035,-0.26515466,9.861719,-6.872228E-4,-2.2907427E-4,6.108647E-4,0.31555113,-0.26311296,9.798039,0.0010492206,-0.0020416975,0.06368017,21.825,42.675003,-7.275,-0.0033109754,-0.017296413,0.1695063,0.9853695,-19.509544,0.7098424,-1.8891999,11.05532095,76.92713484,397.54004,0.0,,3.7900925,0.99,2,2
16.800,416850262175319,0.31570303,-0.26306093,9.858429,3.0543236E-4,7.635809E-4,-3.8179045E-4,0.3154666,-0.2631403,9.798042,2.3642182E-4,7.9363585E-5,0.060386658,21.300001,42.300003,-6.15,-0.0033111149,-0.017296424,0.1695063,0.9853695,-19.509544,0.70985836,-1.8891985,11.05532192,76.9271342,397.27625,0.0,,3.7900925,0.01,2,2
16.820,416850282175319,0.3191427,-0.2670988,9.866655,2.2907427E-4,6.872228E-4,0.0,0.3156975,-0.2633175,9.79803,0.003445223,-0.0037813187,0.06862497,22.050001,42.45,-7.9500003,-0.0033112578,-0.017296445,0.1695063,0.9853695,-19.509542,0.7098749,-1.8891981,11.05532192,76.9271342,397.27625,0.0,,3.7900925,0.03,2,2
16.840,416850302175319,0.3219842,-0.2662015,9.869047,-6.872228E-4,-4.5814854E-4,3.8179045E-4,0.31575754,-0.2631697,9.798032,0.006226659,-0.0030318052,0.071015835,22.425001,42.9,-8.1,-0.003311403,-0.017296469,0.1695063,0.9853695,-19.509542,0.70989174,-1.8891978,11.05532192,76.9271342,397.27625,0.0,,3.7900925,0.05,2,2
16.860,416850322175319,0.31674987,-0.2623132,9.863066,3.0543236E-4,-4.5814854E-4,-6.108647E-4,0.3156,-0.26328662,9.798034,0.0011498779,9.7343326E-4,0.065032005,21.6,42.225002,-7.5000005,-0.0033115423,-0.017296484,0.1695063,0.9853695,-19.509542,0.70990777,-1.889197,11.05532192,76.9271342,397.27625,0.0,,3.7900925,0.07,2,2
16.880,416850342175319,0.31674987,-0.26665017,9.86471,-3.0543236E-4,6.108647E-4,0.0,0.3155714,-0.2631124,9.7980385,0.0011784881,-0.003537774,0.06667185,21.300001,42.9,-5.55,-0.0033116876,-0.017296499,0.1695063,0.9853695,-19.509542,0.70992446,-1.8891956,11.05532192,76.9271342,397.27625,0.0,,3.7900925,0.09,2,2
16.900,416850362175319,0.32108688,-0.26111677,9.863365,3.0543236E-4,7.635809E-4,6.108647E-4,0.31554782,-0.26312327,9.798039,0.0055390596,0.002006501,0.06532526,21.525002,42.525,-6.15,-0.0033118278,-0.01729652,0.1695063,0.9853695,-19.509542,0.7099407,-1.8891953,11.05532192,76.9271342,397.27625,0.0,,3.7900925,0.11,2,2
16.920,416850382175319,0.31615168,-0.26665017,9.862318,3.0543236E-4,-1.5271618E-4,3.0543236E-4,0.31539026,-0.2630347,9.798048,7.6141953E-4,-0.0036154687,0.06427002,20.775002,42.15,-4.425,-0.0033119714,-0.017296534,0.1695063,0.9853695,-19.509542,0.7099572,-1.8891943,11.05532192,76.9271342,397.27625,0.0,,3.7900925,0.13,2,2
16.940,416850402175319,0.31600213,-0.26380867,9.862318,3.0543236E-4,6.108647E-4,-6.108647E-4,0.31512615,-0.26293844,9.7980585,8.7599456E-4,-8.702427E-4,0.06425905,20.925001,42.600002,-3.7500002,-0.003312115,-0.017296547,0.1695063,0.9853695,-19.50954,0.7099737,-1.8891929,11.05532192,76.9271342,397.27625,0.0,,3.7900925,0.15,2,2
16.960,416850422175319,0.31316066,-0.26276183,9.865907,1.5271618E-4,6.108647E-4,1.5271618E-4,0.3151968,-0.26302332,9.798054,-0.0020361543,2.6148558E-4,0.067852974,22.35,43.2,-7.5000005,-0.0033122536,-0.01729656,0.1695063,0.9853695,-19.50954,0.7099896,-1.8891917,11.05532192,76.9271342,397.27625,0.0,,3.7900925,0.17,2,2
16.980,416850442175319,0.3182454,-0.2666502,9.865908,-1.5271618E-4,-1.5271618E-4,-2.2907427E-4,0.31510484,-0.2629472,9.7980585,0.0031405687,-0.0037029833,0.06784868,21.975,42.225002,-7.275,-0.0033124003,-0.017296577,0.1695063,0.9853695,-19.50954,0.71000654,-1.8891908,11.05532192,76.9271342,397.27625,0.0,,3.7900925,0.19,2,2
17.000,416850462175319,0.31869406,-0.26425737,9.865907,3.0543236E-4,7.635809E-4,-6.108647E-4,0.3152073,-0.26292494,9.798057,0.0034867674,-0.0013324171,0.06785011,21.375,42.75,-7.1250005,-0.0033125458,-0.017296595,0.1695063,0.9853695,-19.50954,0.7100233,-1.88919,11.05532192,76.9271342,397.27625,0.0,,3.7900925,0.21,2,2
17.020,416850482175319,0.3179463,-0.26575285,9.865757,3.0543236E-4,-3.8179045E-4,-5.3450663E-4,0.31506875,-0.26292098,9.79806,0.0028775483,-0.0028318912,0.06769705,21.150002,41.925003,-4.7250004,-0.0033126923,-0.017296612,0.1695063,0.9853695,-19.50954,0.71004015,-1.8891891,11.05532192,76.9271342,397.27625,0.0,,3.7900925,0.23,2,2
17.040,416850502175319,0.31615168,-0.2662015,9.86815,3.0543236E-4,5.3450663E-4,6.108647E-4,0.3150923,-0.26289183,9.79806,0.001059398,-0.003309682,0.07008934,21.075,42.600002,-5.025,-0.0033128387,-0.017296629,0.1695063,0.9853695,-19.50954,0.710057,-1.889188,11.05532192,76.9271342,397.27625,0.0,,3.7900925,0.25,2,2
17.060,416850522175319,0.3152544,-0.2653042,9.866654,3.0543236E-4,-4.5814854E-4,6.108647E-4,0.31508502,-0.2628756,9.798061,1.693666E-4,-0.002428621,0.068593025,22.35,42.675003,-7.1250005,-0.0033129842,-0.017296646,0.1695063,0.9853695,-19.509539,0.71007377,-1.889187,11.05532192,76.9271342,397.27625,0.0,,3.7900925,0.27,2,2
17.080,416850542175319,0.31749767,-0.26575285,9.863963,3.0543236E-4,1.5271618E-4,-5.3450663E-4,0.3152521,-0.26279184,9.7980585,0.0022455603,-0.0029610246,0.06590462,21.825,42.45,-6.7500005,-0.0033131253,-0.017296663,0.1695063,0.9853695,-19.509539,0.71009,-1.8891864,11.05532192,76.9271342,397.27625,0.0,,3.7900925,0.29,2,2
17.100,416850562175319,0.3191427,-0.26365915,9.858878,3.0543236E-4,-4.5814854E-4,-6.108647E-4,0.31523216,-0.26287925,9.798057,0.0039105564,-7.79897E-4,0.060821533,21.075,42.375,-6.15,-0.0033132709,-0.01729668,0.1695063,0.9853695,-19.509539,0.7101068,-1.8891853,11.05532192,76.9271342,397.27625,0.0,,3.7900925,0.31,2,2
17.120,416850582175319,0.31914273,-0.26889342,9.865907,3.0543236E-4,3.8179045E-4,-2.2907427E-4,0.31522158,-0.26299164,9.798055,0.003921151,-0.0059017986,0.06785202,21.45,42.675003,-5.925,-0.0033134157,-0.017296694,0.1695063,0.9853695,-19.509539,0.7101235,-1.8891842,11.05532192,76.9271342,397.27625,0.0,,3.7900925,0.33,2,2
17.140,416850602175319,0.31809586,-0.26635107,9.869047,-3.0543236E-4,1.5271618E-4,7.635809E-5,0.31534332,-0.26305544,9.798048,0.0027525425,-0.0032956302,0.070999146,20.925001,42.675003,-5.55,-0.0033135603,-0.017296711,0.1695063,0.9853695,-19.509539,0.7101401,-1.8891834,11.05532192,76.9271342,397.27625,0.0,,3.7900925,0.35,2,2
17.160,416850622175319,0.31899315,-0.2650051,9.864112,-3.0543236E-4,-3.0543236E-4,0.0,0.31515345,-0.26310807,9.798053,0.0038397163,-0.0018970221,0.06605911,22.2,42.15,-7.8750005,-0.0033137004,-0.017296728,0.1695063,0.9853695,-19.509539,0.71015626,-1.8891826,11.05532192,76.9271342,397.27625,0.0,,3.7900925,0.37,2,2
17.180,416850642175319,0.31585258,-0.26799613,9.863066,3.0543236E-4,7.635809E-4,-3.0543236E-4,0.31504768,-0.26305205,9.7980585,8.049011E-4,-0.004944086,0.06500721,22.35,42.45,-8.025001,-0.0033138467,-0.017296743,0.1695063,0.9853695,-19.509537,0.710173,-1.8891813,11.05532192,76.9271342,397.27625,0.0,,3.7900925,0.39,2,2
17.200,416850662175319,0.31839496,-0.26470602,9.866654,3.0543236E-4,7.635809E-4,1.5271618E-4,0.31500125,-0.26302052,9.798059,0.0033937097,-0.0016855001,0.06859493,21.075,42.375,-5.625,-0.0033139917,-0.017296761,0.1695063,0.9853695,-19.509539,0.71018976,-1.8891808,11.05532192,76.9271342,397.27625,0.0,,3.7900925,0.41,2,2
17.220,416850682175319,0.31645077,-0.26545376,9.866505,3.0543236E-4,1.5271618E-4,0.0,0.31512818,-0.26291925,9.7980585,0.0013226122,-0.0025345236,0.068446636,21.150002,42.075,-5.25,-0.0033141342,-0.017296774,0.1695063,0.9853695,-19.509539,0.7102061,-1.8891795,11.05532192,76.9271342,397.27625,0.0,,3.7900925,0.43,2,2
17.240,416850702175319,0.3182454,-0.2635096,9.872637,3.0543236E-4,-4.5814854E-4,-6.108647E-4,0.31515566,-0.26290205,9.7980585,0.0030897558,-6.0755014E-4,0.074578285,21.375,42.600002,-4.7250004,-0.0033142797,-0.01729679,0.1695063,0.9853695,-19.509539,0.71022284,-1.8891785,11.05532192,76.9271342,397.27625,0.0,,3.7900925,0.45,2,2
17.260,416850722175319,0.3182454,-0.2656033,9.863365,3.0543236E-4,0.0,3.8179045E-4,0.31514996,-0.2630975,9.798053,0.003095448,-0.002505824,0.06531191,20.775002,42.0,-4.8,-0.0033144245,-0.017296806,0.1695063,0.9853695,-19.509539,0.7102395,-1.8891774,11.05532192,76.9271342,397.27625,0.0,,3.7900925,0.47,2,2
17.280,416850742175319,0.31420752,-0.269043,9.866356,-2.2907427E-4,-4.5814854E-4,0.0,0.31513074,-0.26304844,9.798056,-9.2321634E-4,-0.0059945583,0.06829977,21.375,42.375,-5.925,-0.0033145708,-0.017296819,0.1695063,0.9853695,-19.509539,0.7102563,-1.8891761,11.05532192,76.9271342,397.27625,0.0,,3.7900925,0.49,2,2
17.300,416850762175319,0.31674987,-0.2650051,9.863066,3.0543236E-4,0.0,-3.8179045E-4,0.31508613,-0.26304108,9.798058,0.0016637594,-0.0019640326,0.06500769,21.900002,42.75,-7.05,-0.0033147163,-0.017296834,0.1695063,0.9853695,-19.509537,0.710273,-1.889175,11.05532192,76.9271342,397.27625,0.0,,3.7900925,0.51,2,2
17.320,416850782175319,0.31540394,-0.26605198,9.862766,3.0543236E-4,-7.635809E-5,6.108647E-4,0.31487307,-0.26299995,9.798064,5.3086877E-4,-0.003052026,0.064702034,21.375,42.075,-6.8250003,-0.0033148609,-0.01729685,0.1695063,0.9853695,-19.509537,0.71028966,-1.8891742,11.05532192,76.9271342,397.27625,0.0,,3.7900925,0.53,2,2
17.340,416850802175319,0.31510484,-0.2650051,9.863962,3.0543236E-4,7.635809E-4,6.108647E-4,0.3147435,-0.2629567,9.79807,3.6135316E-4,-0.002048403,0.0658927,20.925001,41.925003,-4.425,-0.0033150034,-0.017296862,0.1695063,0.9853695,-19.509537,0.710306,-1.8891727,11.05532192,76.9271342,397.27625,0.0,,3.7900925,0.55,2,2
17.360,416850822175319,0.3173481,-0.26410782,9.865309,1.5271618E-4,7.635809E-4,6.108647E-4,0.3147506,-0.26302186,9.798069,0.002597481,-0.0010859519,0.06723976,20.625,42.300003,-4.875,-0.003315149,-0.017296879,0.1695063,0.9853695,-19.509537,0.71032274,-1.8891714,11.05532192,76.9271342,397.27625,0.0,,3.7900925,0.57,2,2
17.380,416850842175319,0.31944183,-0.2662015,9.867702,-7.635809E-5,3.8179045E-4,1.5271618E-4,0.31483757,-0.2631035,9.798064,0.00460425,-0.003098026,0.0696373,21.150002,42.675003,-6.3,-0.0033152958,-0.017296897,0.1695063,0.9853695,-19.509537,0.71033967,-1.8891708,11.05532192,76.9271342,397.27625,0.0,,3.7900925,0.59,2,2
17.400,416850862175319,0.31944183,-0.26874387,9.860823,3.0543236E-4,0.0,7.635809E-5,0.3148303,-0.2632216,9.798059,0.004611522,-0.005522296,0.06276274,21.75,42.525,-6.9,-0.0033154425,-0.017296916,0.1695063,0.9853695,-19.509537,0.7103566,-1.8891702,11.05532192,76.9271342,397.27625,0.0,,3.7900925,0.61,2,2
17.420,416850882175319,0.31734812,-0.26650062,9.859625,-3.0543236E-4,1.5271618E-4,-7.635809E-5,0.3148035,-0.26326406,9.79806,0.0025445968,-0.003236562,0.061564922,20.775002,42.300003,-6.0,-0.003315585,-0.017296933,0.1695063,0.9853695,-19.509535,0.71037304,-1.8891693,11.05532192,76.9271342,397.27625,0.0,,3.7900925,0.63,2,2
17.440,416850902175319,0.3155535,-0.26485556,9.864861,-2.2907427E-4,-7.635809E-5,-6.108647E-4,0.3148786,-0.26326364,9.798057,6.748736E-4,-0.001591906,0.066803455,21.075,42.675003,-5.1000004,-0.0033157272,-0.017296948,0.1695063,0.9853695,-19.509535,0.7103894,-1.8891683,11.05532192,76.9271342,397.27625,0.0,,3.7900925,0.65,2,2
17.460,416850922175319,0.31630123,-0.26665017,9.863813,3.0543236E-4,-4.5814854E-4,-1.5271618E-4,0.31496122,-0.26332587,9.798054,0.0013400167,-0.0033243,0.06575918,20.7,42.675003,-4.65,-0.0033158741,-0.017296962,0.1695063,0.9853695,-19.509535,0.71040624,-1.8891672,11.05532192,76.9271342,397.27625,0.0,,3.7900925,0.67,2,2
17.480,416850942175319,0.31660032,-0.26799613,9.862167,2.2907427E-4,-4.5814854E-4,6.108647E-4,0.31491876,-0.26351956,9.798049,0.0016815811,-0.004476577,0.06411886,21.0,42.675003,-5.25,-0.0033160192,-0.017296981,0.1695063,0.9853695,-19.509535,0.710423,-1.8891662,11.05532192,76.9271342,397.27625,0.0,,3.7900925,0.69,2,2
17.500,416850962175319,0.31719857,-0.26709884,9.866505,-6.872228E-4,3.0543236E-4,-6.108647E-4,0.31495917,-0.26354808,9.798047,0.0022393912,-0.003550753,0.06845808,20.775002,42.75,-4.425,-0.0033161656,-0.017296998,0.1695063,0.9853695,-19.509535,0.71043986,-1.8891653,11.05532192,76.9271342,397.27625,0.0,,3.7900925,0.71,2,2
17.520,416850982175319,0.31689945,-0.26485556,9.866954,-3.0543236E-4,-2.2907427E-4,-6.108647E-4,0.3147574,-0.26376748,9.798048,0.002142042,-0.0010880828,0.06890583,22.35,42.9,-9.150001,-0.0033163093,-0.017297013,0.1695063,0.9853695,-19.509533,0.7104564,-1.8891642,11.05532192,76.9271342,397.27625,0.0,,3.7900925,0.73,2,2
17.540,416851002175319,0.31450662,-0.2670988,9.8632145,-8.39939E-4,6.108647E-4,-7.635809E-5,0.31475544,-0.26398048,9.798042,-2.488196E-4,-0.0031183362,0.06517267,22.5,42.600002,-8.400001,-0.003316453,-0.017297028,0.1695063,0.9853695,-19.509533,0.7104729,-1.8891631,11.05532192,76.9271342,397.27625,0.0,,3.7900925,0.75,2,2
17.560,416851022175319,0.31510484,-0.27038896,9.863066,-2.2907427E-4,-3.0543236E-4,6.108647E-4,0.31491727,-0.26391333,9.798039,1.8756092E-4,-0.0064756125,0.06502628,21.225,42.45,-5.55,-0.0033166022,-0.017297043,0.1695063,0.9853695,-19.509533,0.71049,-1.8891618,11.05532192,76.9271342,397.27625,0.0,,3.7900925,0.77,2,2
17.580,416851042175319,0.3207878,-0.2653042,9.86516,3.0543236E-4,-1.5271618E-4,-2.2907427E-4,0.3150175,-0.26387447,9.798037,0.005770296,-0.0014297366,0.067122936,21.075,42.300003,-5.55,-0.0033167428,-0.017297061,0.1695063,0.9853695,-19.509533,0.71050626,-1.8891611,11.05532192,76.9271342,397.27625,0.0,,3.7900925,0.79,2,2
17.600,416851062175319,0.31719854,-0.26635107,9.868748,3.0543236E-4,-4.5814854E-4,-6.108647E-4,0.31494796,-0.26392755,9.798038,0.002250582,-0.0024235249,0.07071066,20.475,42.600002,-4.2000003,-0.0033168877,-0.017297078,0.1695063,0.9853695,-19.509533,0.71052295,-1.8891603,11.05532192,76.9271342,397.27625,0.0,,3.7900925,0.81,2,2
17.620,416851082175319,0.31510484,-0.26575285,9.8632145,-3.0543236E-4,0.0,1.5271618E-4,0.3149631,-0.26389456,9.798038,1.4173985E-4,-0.0018583089,0.06517744,22.2,42.15,-8.325001,-0.0033170318,-0.017297095,0.1695063,0.9853695,-19.509533,0.7105395,-1.8891594,11.05532192,76.9271342,397.27625,0.0,,3.7900925,0.83,2,2
17.640,416851102175319,0.31630123,-0.26635104,9.862318,3.0543236E-4,-1.5271618E-4,-2.2907427E-4,0.31480527,-0.2639805,9.798041,0.0014959723,-0.0023705512,0.06427622,22.125,42.225002,-7.7250004,-0.0033171757,-0.017297111,0.1695063,0.9853695,-19.509533,0.7105561,-1.8891586,11.05532192,76.9271342,397.27625,0.0,,3.7900925,0.85,2,2
17.660,416851122175319,0.31645077,-0.2669493,9.863962,-3.0543236E-4,7.635809E-4,-6.108647E-4,0.3149484,-0.26398858,9.798036,0.0015023798,-0.0029606968,0.06592703,22.650002,42.600002,-7.9500003,-0.0033173203,-0.017297126,0.1695063,0.9853695,-19.509533,0.7105727,-1.8891573,11.05532192,76.9271342,397.27625,0.0,,3.7900925,0.87,2,2
17.680,416851142175319,0.31839496,-0.26694927,9.861121,2.2907427E-4,-4.5814854E-4,6.108647E-4,0.31509122,-0.26415578,9.798027,0.0033037364,-0.002793491,0.06309414,22.2,42.675003,-7.8750005,-0.0033174655,-0.017297145,0.1695063,0.9853695,-19.509533,0.7105895,-1.8891567,11.05532192,76.9271342,397.27625,0.0,,3.7900925,0.89,2,2
17.700,416851162175319,0.3185445,-0.26515466,9.86157,-9.162971E-4,-4.5814854E-4,6.108647E-4,0.31521267,-0.2641326,9.798024,0.003331855,-0.0010220706,0.063545704,21.525002,42.600002,-5.55,-0.0033176097,-0.017297164,0.1695063,0.9853695,-19.509533,0.7106061,-1.8891561,11.05532192,76.9271342,397.27625,0.0,,3.7900925,0.91,2,2
17.720,416851182175319,0.3182454,-0.2653042,9.868449,0.0,-4.5814854E-4,6.108647E-4,0.31502426,-0.26388377,9.798037,0.0032211542,-0.0014204383,0.070412636,22.125,42.675003,-7.275,-0.0033177517,-0.01729718,0.1695063,0.9853695,-19.509533,0.7106225,-1.8891551,11.05532192,76.9271342,397.27625,0.0,,3.7900925,0.93,2,2
17.740,416851202175319,0.31540394,-0.25992036,9.865009,3.0543236E-4,6.872228E-4,0.0,0.3149168,-0.26381767,9.798041,4.8714876E-4,0.0038973093,0.066967964,21.45,42.675003,-5.775,-0.0033178886,-0.017297192,0.1695063,0.9853695,-19.509533,0.71063817,-1.8891537,11.05532192,76.9271342,397.27625,0.0,,3.7900925,0.95,2,2
17.760,416851222175319,0.31674987,-0.26515466,9.861421,3.0543236E-4,5.3450663E-4,-6.108647E-4,0.31500462,-0.26376885,9.798039,0.0017452687,-0.001385808,0.063381195,21.525002,42.675003,-5.8500004,-0.00331803,-0.017297206,0.1695063,0.9853695,-19.509531,0.7106544,-1.8891526,11.05532192,76.9271342,397.27625,0.0,,3.7900925,0.97,2,2
17.780,416851242175319,0.31660035,-0.26575285,9.864262,3.0543236E-4,-4.5814854E-4,-6.108647E-4,0.31518444,-0.26373655,9.798036,0.0014159083,-0.002016306,0.066226006,20.325,42.45,-4.65,-0.0033181745,-0.017297223,0.1695063,0.9853695,-19.509531,0.7106711,-1.8891518,,,,,,,,2,2
17.800,416851262175319,0.31959137,-0.2662015,9.864861,3.0543236E-4,-4.5814854E-4,-6.108647E-4,0.31527132,-0.26362988,9.798035,0.0043200552,-0.0025716275,0.06682539,21.45,42.825,-5.775,-0.0033183198,-0.01729724,0.1695063,0.9853695,-19.509531,0.7106879,-1.889151,11.05532177,76.92713361,397.16327,0.0,,3.7900925,0.01,2,2
17.820,416851282175319,0.31674987,-0.26365915,9.858579,3.0543236E-4,-4.5814854E-4,7.635809E-5,0.31529352,-0.26376995,9.798031,0.001456365,1.10805035E-4,0.06054783,21.375,42.375,-6.0750003,-0.003318464,-0.017297259,0.1695063,0.9853695,-19.509533,0.71070445,-1.88915,11.05532177,76.92713361,397.16327,0.0,,3.7900925,0.03,2,2
17.840,416851302175319,0.31510484,-0.26635104,9.863664,-5.3450663E-4,-4.5814854E-4,-2.2907427E-4,0.3153449,-0.2637359,9.79803,-2.4007261E-4,-0.0026151687,0.065633774,21.45,42.825,-5.925,-0.0033186064,-0.017297274,0.1695063,0.9853695,-19.509533,0.7107209,-1.889149,11.05532177,76.92713361,397.16327,0.0,,3.7900925,0.05,2,2
17.860,416851322175319,0.31600213,-0.2650051,9.862168,7.635809E-5,-4.5814854E-4,-7.635809E-5,0.31549138,-0.26370907,9.798026,5.107522E-4,-0.0012960434,0.06414223,21.525002,42.375,-6.3,-0.0033187477,-0.01729729,0.1695063,0.9853695,-19.509533,0.7107371,-1.8891481,11.05532177,76.92713361,397.16327,0.0,,3.7900925,0.07,2,2
17.880,416851342175319,0.3188436,-0.2656033,9.860673,2.2907427E-4,-4.5814854E-4,0.0,0.31539217,-0.2637685,9.798028,0.0034514517,-0.0018348098,0.06264496,21.75,42.675003,-7.2000003,-0.003318894,-0.017297309,0.1695063,0.9853695,-19.509531,0.71075404,-1.8891475,11.05532177,76.92713361,397.16327,0.0,,3.7900925,0.09,2,2
17.900,416851362175319,0.31600213,-0.26635104,9.859177,-1.5271618E-4,3.0543236E-4,-6.108647E-4,0.31515157,-0.26370162,9.798038,8.505732E-4,-0.0026494414,0.061139584,20.775002,42.45,-4.2000003,-0.0033190418,-0.017297326,0.1695063,0.9853695,-19.509531,0.710771,-1.8891464,11.05532177,76.92713361,397.16327,0.0,,3.7900925,0.11,2,2
17.920,416851382175319,0.31420752,-0.2653042,9.864561,3.0543236E-4,7.635809E-4,-6.108647E-4,0.3149665,-0.26376647,9.798041,-7.5897574E-4,-0.0015377402,0.06651926,20.775002,42.45,-5.4750004,-0.0033191852,-0.017297339,0.1695063,0.9853695,-19.509531,0.7107875,-1.8891451,11.05532177,76.92713361,397.16327,0.0,,3.7900925,0.13,2,2
17.940,416851402175319,0.3155535,-0.26919255,9.863664,3.0543236E-4,6.872228E-4,-5.3450663E-4,0.3150362,-0.26371655,9.798039,5.172789E-4,-0.005475998,0.06562424,22.2,42.525,-6.8250003,-0.0033193342,-0.017297354,0.1695063,0.9853695,-19.509531,0.7108046,-1.8891443,11.05532177,76.92713361,397.16327,0.0,,3.7900925,0.15,2,2
17.960,416851422175319,0.31630123,-0.2656033,9.862766,3.0543236E-4,-4.5814854E-4,7.635809E-5,0.315094,-0.26358184,9.798041,0.0012072474,-0.0020214617,0.06472492,21.150002,42.525,-6.3,-0.0033194795,-0.017297368,0.1695063,0.9853695,-19.509531,0.71082133,-1.889143,11.05532177,76.92713361,397.16327,0.0,,3.7900925,0.17,2,2
17.980,416851442175319,0.31839496,-0.26291138,9.862318,3.0543236E-4,-7.635809E-5,2.2907427E-4,0.31507567,-0.26356035,9.798043,0.0033193082,6.489754E-4,0.06427479,21.825,43.050003,-6.7500005,-0.0033196178,-0.017297385,0.1695063,0.9853695,-19.509531,0.71083724,-1.8891422,11.05532177,76.92713361,397.16327,0.0,,3.7900925,0.19,2,2
18.000,416851462175319,0.31734812,-0.26635107,9.866206,3.0543236E-4,1.5271618E-4,-6.108647E-4,0.31507537,-0.2636239,9.798042,0.00227274,-0.0027271807,0.06816387,21.375,42.9,-6.3,-0.0033197599,-0.017297404,0.1695063,0.9853695,-19.50953,0.71085364,-1.8891416,11.05532177,76.92713361,397.16327,0.0,,3.7900925,0.21,2,2
18.020,416851482175319,0.3152544,-0.269043,9.869197,3.0543236E-4,-3.0543236E-4,-6.108647E-4,0.3150877,-0.26368454,9.798039,1.6668439E-4,-0.0053584576,0.071157455,21.300001,42.45,-5.025,-0.0033199098,-0.01729742,0.1695063,0.9853695,-19.50953,0.71087086,-1.8891405,11.05532177,76.92713361,397.16327,0.0,,3.7900925,0.23,2,2
18.040,416851502175319,0.31974092,-0.26590243,9.867552,-3.0543236E-4,3.8179045E-4,-6.108647E-4,0.31521696,-0.26361948,9.798038,0.0045239627,-0.0022829473,0.069514275,21.525002,42.45,-7.3500004,-0.0033200537,-0.01729744,0.1695063,0.9853695,-19.50953,0.7108875,-1.8891398,11.05532177,76.92713361,397.16327,0.0,,3.7900925,0.25,2,2
18.060,416851522175319,0.31809586,-0.2650051,9.860224,3.0543236E-4,-4.5814854E-4,-7.635809E-5,0.31523964,-0.26357478,9.798038,0.0028562248,-0.0014303327,0.062186718,21.975,42.375,-7.5750003,-0.0033201976,-0.01729746,0.1695063,0.9853695,-19.50953,0.7109041,-1.8891394,11.05532177,76.92713361,397.16327,0.0,,3.7900925,0.27,2,2
18.080,416851542175319,0.31839496,-0.26276183,9.868749,-3.0543236E-4,0.0,0.0,0.3153382,-0.2636553,9.798033,0.0030567646,8.934587E-4,0.070715904,21.375,42.525,-5.625,-0.0033203359,-0.017297475,0.1695063,0.9853695,-19.50953,0.71092004,-1.8891383,11.05532177,76.92713361,397.16327,0.0,,3.7900925,0.29,2,2
18.100,416851562175319,0.3173481,-0.26769704,9.861869,0.0,-4.5814854E-4,-3.0543236E-4,0.31524312,-0.26367927,9.798035,0.0021049678,-0.0040177554,0.06383419,22.2,42.75,-6.8250003,-0.0033204823,-0.017297493,0.1695063,0.9853695,-19.50953,0.71093696,-1.8891377,11.05532177,76.92713361,397.16327,0.0,,3.7900925,0.31,2,2
18.120,416851582175319,0.31764722,-0.2635096,9.866356,-4.5814854E-4,5.3450663E-4,6.108647E-4,0.31548655,-0.26352727,9.798031,0.0021606535,1.7672777E-5,0.068324566,21.375,42.600002,-5.025,-0.003320626,-0.01729751,0.1695063,0.9853695,-19.509527,0.7109535,-1.8891367,11.05532177,76.92713361,397.16327,0.0,,3.7900925,0.33,2,2
18.140,416851602175319,0.32213375,-0.2620141,9.860971,2.2907427E-4,-4.5814854E-4,0.0,0.31544656,-0.2634759,9.798034,0.006687194,0.0014618188,0.06293821,21.075,42.300003,-5.55,-0.0033207666,-0.01729753,0.1695063,0.9853695,-19.509527,0.71096975,-1.8891362,11.05532177,76.92713361,397.16327,0.0,,3.7900925,0.35,2,2
18.160,416851622175319,0.31630123,-0.2653042,9.862318,3.0543236E-4,7.635809E-5,-6.108647E-4,0.3153853,-0.2633597,9.7980385,9.159297E-4,-0.0019445121,0.06427908,22.125,42.9,-6.8250003,-0.0033209084,-0.017297547,0.1695063,0.9853695,-19.509527,0.7109861,-1.8891354,11.05532177,76.92713361,397.16327,0.0,,3.7900925,0.37,2,2
18.180,416851642175319,0.312712,-0.26336002,9.867104,3.0543236E-4,-4.5814854E-4,-6.108647E-4,0.31520754,-0.26328644,9.798046,-0.0024955273,-7.3596835E-5,0.069057465,21.45,42.600002,-6.9750004,-0.0033210518,-0.01729756,0.1695063,0.9853695,-19.509527,0.7110025,-1.889134,11.05532177,76.92713361,397.16327,0.0,,3.7900925,0.39,2,2
18.200,416851662175319,0.31600213,-0.26470602,9.871141,3.0543236E-4,6.872228E-4,0.0,0.31510207,-0.2632003,9.798052,9.0007484E-4,-0.0015056878,0.0730896,21.825,42.75,-7.05,-0.0033211948,-0.017297572,0.1695063,0.9853695,-19.509527,0.7110189,-1.8891326,11.05532177,76.92713361,397.16327,0.0,,3.7900925,0.41,2,2
18.220,416851682175319,0.31540394,-0.26425737,9.869347,3.0543236E-4,1.5271618E-4,-6.108647E-4,0.3150485,-0.26330516,9.798051,3.554523E-4,-9.521991E-4,0.07129574,21.075,42.15,-4.7250004,-0.0033213408,-0.017297586,0.1695063,0.9853695,-19.509527,0.7110357,-1.8891315,11.05532177,76.92713361,397.16327,0.0,,3.7900925,0.43,2,2
18.240,416851702175319,0.31450665,-0.26679972,9.865159,-2.2907427E-4,-1.5271618E-4,-7.635809E-5,0.31499818,-0.26327798,9.798053,-4.915446E-4,-0.0035217404,0.06710625,20.7,42.825,-4.65,-0.0033214877,-0.017297601,0.1695063,0.9853695,-19.509525,0.7110526,-1.8891305,11.05532177,76.92713361,397.16327,0.0,,3.7900925,0.45,2,2
18.260,416851722175319,0.31615168,-0.26276183,9.866505,-2.2907427E-4,7.635809E-5,4.5814854E-4,0.314858,-0.26345176,9.798053,0.0012937039,6.8990886E-4,0.06845236,20.550001,42.45,-5.175,-0.0033216297,-0.017297614,0.1695063,0.9853695,-19.509525,0.71106887,-1.8891292,11.05532177,76.92713361,397.16327,0.0,,3.7900925,0.47,2,2
18.280,416851742175319,0.3133102,-0.2656033,9.866804,-7.635809E-4,7.635809E-5,6.108647E-4,0.3149258,-0.263522,9.798049,-0.0016155839,-0.0020813197,0.06875515,21.225,42.600002,-5.55,-0.0033217717,-0.017297627,0.1695063,0.9853695,-19.509525,0.71108514,-1.8891279,11.05532177,76.92713361,397.16327,0.0,,3.7900925,0.49,2,2
18.300,416851762175319,0.3191427,-0.2669493,9.86187,0.0,7.635809E-5,3.0543236E-4,0.3148072,-0.26358345,9.798051,0.0043355078,-0.0033658296,0.063818455,22.5,42.225002,-9.075001,-0.0033219168,-0.017297646,0.1695063,0.9853695,-19.509525,0.7111019,-1.889127,11.05532177,76.92713361,397.16327,0.0,,3.7900925,0.51,2,2
18.320,416851782175319,0.3133102,-0.26470602,9.861271,-4.5814854E-4,0.0,-6.108647E-4,0.3148509,-0.26364997,9.798048,-0.0015406758,-0.0010560453,0.063222885,20.85,42.225002,-4.7250004,-0.00332206,-0.01729766,0.1695063,0.9853695,-19.509525,0.71111834,-1.8891257,11.05532177,76.92713361,397.16327,0.0,,3.7900925,0.53,2,2
18.340,416851802175319,0.3152544,-0.269043,9.865159,3.0543236E-4,-4.5814854E-4,-6.108647E-4,0.31488818,-0.26352876,9.79805,3.6621094E-4,-0.0055142343,0.06710911,20.775002,42.45,-5.025,-0.0033222067,-0.017297672,0.1695063,0.9853695,-19.509523,0.71113515,-1.8891243,11.05532177,76.92713361,397.16327,0.0,,3.7900925,0.55,2,2
18.360,416851822175319,0.3152544,-0.2635096,9.869047,3.0543236E-4,-4.5814854E-4,-7.635809E-5,0.31497347,-0.26349175,9.798048,2.809167E-4,-1.7851591E-5,0.070999146,20.7,42.525,-4.65,-0.0033223494,-0.017297685,0.1695063,0.9853695,-19.509523,0.7111515,-1.889123,11.05532177,76.92713361,397.16327,0.0,,3.7900925,0.57,2,2
18.380,416851842175319,0.3191427,-0.26575285,9.860523,3.0543236E-4,0.0,-6.108647E-4,0.31490716,-0.26341036,9.798053,0.0042355508,-0.0023425072,0.062470436,21.075,42.375,-4.8,-0.003322493,-0.017297704,0.1695063,0.9853695,-19.509523,0.71116805,-1.8891224,11.05532177,76.92713361,397.16327,0.0,,3.7900925,0.59,2,2
18.400,416851862175319,0.31570303,-0.26440692,9.864411,3.0543236E-4,1.5271618E-4,0.0,0.31481606,-0.2634058,9.798056,8.869916E-4,-0.0010011047,0.066355705,22.125,42.600002,-8.25,-0.0033226344,-0.017297719,0.1695063,0.9853695,-19.509523,0.7111843,-1.8891213,11.05532177,76.92713361,397.16327,0.0,,3.7900925,0.61,2,2
18.420,416851882175319,0.31405798,-0.26665017,9.859626,3.0543236E-4,0.0,-6.108647E-4,0.3148007,-0.26344928,9.798055,-7.427335E-4,-0.0032008886,0.06157112,21.900002,42.45,-7.425,-0.0033229273,-0.017297748,0.1695063,0.9853695,-19.509525,0.711218,-1.8891194,11.05532177,76.92713361,397.16327,0.0,,3.7900925,0.63,2,2
18.440,416851902175319,0.3164508,-0.26829523,9.865608,3.0543236E-4,7.635809E-5,-6.108647E-4,0.31479862,-0.26332074,9.7980585,0.0016521811,-0.0049744844,0.06754923,21.300001,42.45,-4.5,-0.0033229273,-0.017297748,0.1695063,0.9853695,-19.509525,0.711218,-1.8891194,11.05532177,76.92713361,397.16327,0.0,,3.7900925,0.65,2,2
18.460,416851922175319,0.31734812,-0.25962126,9.866804,-3.0543236E-4,7.635809E-5,-6.108647E-4,0.31489643,-0.2632955,9.798057,0.0024516732,0.0036742538,0.06874752,21.0,42.675003,-5.625,-0.003323063,-0.017297762,0.1695063,0.9853695,-19.509523,0.71123356,-1.8891178,11.05532177,76.92713361,397.16327,0.0,,3.7900925,0.67,2,2
18.480,416851942175319,0.3167499,-0.26575285,9.857532,3.0543236E-4,-4.5814854E-4,7.635809E-5,0.31497848,-0.26319626,9.798057,0.0017714202,-0.0025566071,0.059474945,21.675001,42.225002,-7.65,-0.0033232057,-0.017297775,0.1695063,0.9853695,-19.509523,0.7112499,-1.8891165,11.05532177,76.92713361,397.16327,0.0,,3.7900925,0.69,2,2
18.500,416851962175319,0.31674987,-0.2635096,9.866205,3.0543236E-4,-4.5814854E-4,3.0543236E-4,0.3149363,-0.2632366,9.798057,0.0018135756,-2.7298927E-4,0.06814909,21.900002,42.45,-7.5000005,-0.0033233468,-0.017297793,0.1695063,0.9853695,-19.509523,0.7112662,-1.8891159,11.05532177,76.92713361,397.16327,0.0,,3.7900925,0.71,2,2
18.520,416851982175319,0.312712,-0.26769704,9.859776,3.0543236E-4,-4.5814854E-4,-6.108647E-4,0.31497806,-0.26324058,9.798056,-0.0022660494,-0.0044564605,0.061719418,21.525002,42.45,-7.3500004,-0.0033234935,-0.017297806,0.1695063,0.9853695,-19.509523,0.711283,-1.8891146,11.05532177,76.92713361,397.16327,0.0,,3.7900925,0.73,2,2
18.540,416852002175319,0.3182454,-0.26665017,9.862916,3.0543236E-4,0.0,-4.5814854E-4,0.31510407,-0.26308635,9.798055,0.0031413436,-0.0035638213,0.0648613,21.0,42.15,-5.4750004,-0.0033236383,-0.017297823,0.1695063,0.9853695,-19.509523,0.7112997,-1.8891138,11.05532177,76.92713361,397.16327,0.0,,3.7900925,0.75,2,2
18.560,416852022175319,0.31764722,-0.261715,9.85499,3.0543236E-4,-4.5814854E-4,-1.5271618E-4,0.3151323,-0.26311842,9.798053,0.0025149137,0.0014034361,0.05693674,20.400002,42.45,-4.9500003,-0.0033237794,-0.01729784,0.1695063,0.9853695,-19.509523,0.711316,-1.889113,11.05532177,76.92713361,397.16327,0.0,,3.7900925,0.77,2,2
18.580,416852042175319,0.3152544,-0.26769704,9.868449,3.0543236E-4,-4.5814854E-4,-6.108647E-4,0.3150449,-0.2631782,9.798055,2.0948052E-4,-0.0045188367,0.070394516,21.375,42.525,-6.0750003,-0.003323923,-0.017297855,0.1695063,0.9853695,-19.509521,0.7113325,-1.8891119,11.05532177,76.92713361,397.16327,0.0,,3.7900925,0.79,2,2
18.600,416852062175319,0.3118147,-0.26829523,9.869347,3.0543236E-4,-4.5814854E-4,6.108647E-4,0.31494257,-0.26319385,9.798058,-0.003127873,-0.0051013827,0.071288586,20.925001,42.600002,-6.0750003,-0.0033240702,-0.017297868,0.1695063,0.9853695,-19.509521,0.71134937,-1.8891106,11.05532177,76.92713361,397.16327,0.0,,3.7900925,0.81,2,2
18.620,416852082175319,0.3139084,-0.26709884,9.860823,3.0543236E-4,7.635809E-5,-6.108647E-4,0.31508476,-0.26305154,9.798057,-0.0011763424,-0.0040472895,0.0627656,21.6,42.300003,-5.8500004,-0.0033242186,-0.01729788,0.1695063,0.9853695,-19.509521,0.71136636,-1.8891091,11.05532177,76.92713361,397.16327,0.0,,3.7900925,0.83,2,2
18.640,416852102175319,0.31839496,-0.2623132,9.864262,3.0543236E-4,-4.5814854E-4,-1.5271618E-4,0.31513393,-0.26294944,9.798058,0.0032610297,6.362498E-4,0.06620455,20.925001,42.525,-4.65,-0.0033243578,-0.017297897,0.1695063,0.9853695,-19.509521,0.7113825,-1.8891081,11.05532177,76.92713361,397.16327,0.0,,3.7900925,0.85,2,2
18.660,416852122175319,0.3222833,-0.2635096,9.866056,3.0543236E-4,6.108647E-4,-4.5814854E-4,0.3152365,-0.26291302,9.798055,0.007046789,-5.965829E-4,0.06800175,21.45,42.9,-5.775,-0.0033244977,-0.017297922,0.1695063,0.9853695,-19.509521,0.7113987,-1.8891082,11.05532177,76.92713361,397.16327,0.0,,3.7900925,0.87,2,2
18.680,416852142175319,0.3204887,-0.2650051,9.859924,3.0543236E-4,7.635809E-5,4.5814854E-4,0.31531826,-0.26294562,9.798052,0.00517042,-0.0020594746,0.06187296,22.425001,42.675003,-7.1250005,-0.0033246393,-0.017297942,0.1695063,0.9853695,-19.509521,0.7114151,-1.8891078,11.05532177,76.92713361,397.16327,0.0,,3.7900925,0.89,2,2
18.700,416852162175319,0.31689945,-0.2672484,9.865309,3.0543236E-4,-4.5814854E-4,-2.2907427E-4,0.31512517,-0.26300013,9.798057,0.0017742813,-0.0042482466,0.06725216,21.6,42.225002,-6.9750004,-0.0033247843,-0.01729796,0.1695063,0.9853695,-19.50952,0.71143186,-1.8891071,11.05532177,76.92713361,397.16327,0.0,,3.7900925,0.91,2,2
18.720,416852182175319,0.3146562,-0.26784658,9.859626,3.0543236E-4,6.108647E-4,7.635809E-5,0.31524113,-0.26302916,9.798053,-5.849451E-4,-0.004817426,0.06157303,21.225,42.675003,-6.0,-0.0033249296,-0.01729798,0.1695063,0.9853695,-19.50952,0.7114486,-1.8891063,11.05532177,76.92713361,397.16327,0.0,,3.7900925,0.93,2,2
18.740,416852202175319,0.3179463,-0.26410782,9.867552,-3.0543236E-4,-4.5814854E-4,0.0,0.31512752,-0.26298574,9.798057,0.002818793,-0.0011220723,0.0694952,21.225,42.600002,-5.3250003,-0.00332507,-0.017297996,0.1695063,0.9853695,-19.50952,0.71146476,-1.8891057,11.05532177,76.92713361,397.16327,0.0,,3.7900925,0.95,2,2
18.760,416852222175319,0.31390843,-0.2600699,9.85828,-5.3450663E-4,7.635809E-5,2.2907427E-4,0.31514344,-0.2630044,9.798056,-0.0012350082,0.0029344857,0.060224056,20.85,42.9,-5.175,-0.0033252097,-0.01729801,0.1695063,0.9853695,-19.50952,0.7114808,-1.8891044,11.05532177,76.92713361,397.16327,0.0,,3.7900925,0.97,2,2
18.780,416852242175319,0.31450665,-0.2623132,9.853495,-4.5814854E-4,-4.5814854E-4,1.5271618E-4,0.31505463,-0.26287082,9.798062,-5.479902E-4,5.5764616E-4,0.055431843,22.050001,42.600002,-7.5750003,-0.0033253485,-0.017298024,0.1695063,0.9853695,-19.50952,0.71149683,-1.889103,,,,,,,,2,2
18.800,416852262175319,0.31510484,-0.26246274,9.866804,3.0543236E-4,7.635809E-5,-6.108647E-4,0.31503278,-0.26285806,9.798063,7.2047114E-5,3.953427E-4,0.068740845,21.825,42.675003,-7.7250004,-0.003325489,-0.017298035,0.1695063,0.9853695,-19.50952,0.71151286,-1.8891019,11.05532207,76.92713306,396.9073,0.0,,3.7900925,0.01,2,2
18.820,416852282175319,0.3136093,-0.26605195,9.866954,3.0543236E-4,-4.5814854E-4,-6.108647E-4,0.31503904,-0.26291135,9.798061,-0.0014297217,-0.0031406134,0.06889248,23.025002,42.675003,-9.450001,-0.0033256325,-0.01729805,0.1695063,0.9853695,-19.509518,0.7115294,-1.8891006,11.05532207,76.92713306,396.9073,0.0,,3.7900925,0.03,2,2
18.840,416852302175319,0.31450665,-0.26784658,9.865907,3.0543236E-4,-4.5814854E-4,-1.5271618E-4,0.31503627,-0.2630486,9.7980585,-5.29632E-4,-0.004797995,0.067848206,21.525002,42.225002,-6.4500003,-0.0033257753,-0.017298065,0.1695063,0.9853695,-19.509518,0.71154577,-1.8890995,11.05532207,76.92713306,396.9073,0.0,,3.7900925,0.05,2,2
18.860,416852322175319,0.31405798,-0.26709884,9.860673,-2.2907427E-4,-4.5814854E-4,6.108647E-4,0.31502596,-0.2629255,9.798061,-9.6797943E-4,-0.0041733235,0.06261158,21.225,42.9,-4.7250004,-0.003325919,-0.01729808,0.1695063,0.9853695,-19.509518,0.7115623,-1.8890984,11.05532207,76.92713306,396.9073,0.0,,3.7900925,0.07,2,2
18.880,416852342175319,0.31390843,-0.26276183,9.866804,3.0543236E-4,-4.5814854E-4,-6.108647E-4,0.3150237,-0.26277664,9.798066,-0.0011152625,1.4811754E-5,0.06873798,20.775002,42.675003,-4.5,-0.0033260626,-0.017298095,0.1695063,0.9853695,-19.509518,0.7115788,-1.8890973,11.05532207,76.92713306,396.9073,0.0,,3.7900925,0.09,2,2
18.900,416852362175319,0.31390843,-0.26156545,9.858878,3.0543236E-4,-4.5814854E-4,-2.2907427E-4,0.31494537,-0.26279667,9.798068,-0.001036942,0.0012312382,0.06081009,21.0,42.225002,-4.65,-0.0033262065,-0.017298108,0.1695063,0.9853695,-19.509518,0.7115953,-1.889096,11.05532207,76.92713306,396.9073,0.0,,3.7900925,0.11,2,2
18.920,416852382175319,0.31196427,-0.26321048,9.863962,-3.0543236E-4,-4.5814854E-4,6.108647E-4,0.31505382,-0.26281273,9.798064,-0.003089562,-3.977567E-4,0.06589842,22.050001,42.75,-6.4500003,-0.0033263504,-0.017298115,0.1695063,0.9853695,-19.509518,0.7116116,-1.8890941,11.05532207,76.92713306,396.9073,0.0,,3.7900925,0.13,2,2
18.940,416852402175319,0.3207878,-0.26679972,9.867851,3.0543236E-4,7.635809E-5,0.0,0.3151589,-0.26282245,9.79806,0.005628884,-0.003977269,0.06979036,20.625,42.600002,-3.6750002,-0.0033264938,-0.017298134,0.1695063,0.9853695,-19.509516,0.71162826,-1.8890935,11.05532207,76.92713306,396.9073,0.0,,3.7900925,0.15,2,2
18.960,416852422175319,0.32243285,-0.2666502,9.865309,3.0543236E-4,3.8179045E-4,-6.108647E-4,0.31508434,-0.26293546,9.798059,0.0073485076,-0.0037147254,0.0672493,21.900002,42.75,-7.425,-0.0033266374,-0.017298156,0.1695063,0.9853695,-19.509516,0.7116449,-1.889093,11.05532207,76.92713306,396.9073,0.0,,3.7900925,0.17,2,2
18.980,416852442175319,0.31914273,-0.26979077,9.865907,3.0543236E-4,7.635809E-4,-6.108647E-4,0.31490022,-0.26291704,9.798066,0.0042425096,-0.006873712,0.067840576,21.900002,42.300003,-5.8500004,-0.0033267855,-0.017298173,0.1695063,0.9853695,-19.509516,0.7116619,-1.8890922,11.05532207,76.92713306,396.9073,0.0,,3.7900925,0.19,2,2
19.000,416852462175319,0.31510484,-0.26575285,9.864113,3.0543236E-4,6.872228E-4,-5.3450663E-4,0.31485865,-0.2628147,9.798071,2.4618208E-4,-0.0029381663,0.06604147,22.425001,42.525,-8.325001,-0.0033269285,-0.017298186,0.1695063,0.9853695,-19.509516,0.7116783,-1.8890909,11.05532207,76.92713306,396.9073,0.0,,3.7900925,0.21,2,2
19.020,416852482175319,0.31600213,-0.26141587,9.863963,0.0,0.0,6.108647E-4,0.31514123,-0.2628065,9.798061,8.608997E-4,0.001390636,0.06590176,21.225,42.600002,-6.15,-0.003327069,-0.0172982,0.1695063,0.9853695,-19.509516,0.7116945,-1.8890897,11.05532207,76.92713306,396.9073,0.0,,3.7900925,0.23,2,2
19.040,416852502175319,0.3225824,-0.26425737,9.859028,7.635809E-5,-4.5814854E-4,6.108647E-4,0.31507805,-0.26284304,9.798063,0.007504344,-0.0014143139,0.060964108,21.225,42.600002,-5.55,-0.003327211,-0.017298222,0.1695063,0.9853695,-19.509516,0.7117109,-1.8890895,11.05532207,76.92713306,396.9073,0.0,,3.7900925,0.25,2,2
19.060,416852522175319,0.31241292,-0.26739794,9.867851,3.0543236E-4,-4.5814854E-4,-5.3450663E-4,0.31508178,-0.26291177,9.79806,-0.0026688725,-0.0044861734,0.06979084,20.550001,42.225002,-3.9750001,-0.0033273583,-0.017298235,0.1695063,0.9853695,-19.509516,0.7117278,-1.8890879,11.05532207,76.92713306,396.9073,0.0,,3.7900925,0.27,2,2
19.080,416852542175319,0.31899315,-0.26425737,9.873533,-4.5814854E-4,2.2907427E-4,-6.108647E-4,0.3148552,-0.26340955,9.798055,0.004137978,-8.4780157E-4,0.07547903,20.775002,42.15,-4.65,-0.0033275003,-0.017298253,0.1695063,0.9853695,-19.509516,0.7117442,-1.8890873,11.05532207,76.92713306,396.9073,0.0,,3.7900925,0.29,2,2
19.100,416852562175319,0.31420752,-0.27921247,9.853045,0.0,7.635809E-4,3.0543236E-4,0.31510594,-0.2633692,9.798046,-8.984208E-4,-0.015843287,0.05499935,21.300001,42.825,-5.775,-0.0033276528,-0.01729827,0.1695063,0.9853695,-19.509516,0.7117618,-1.8890862,11.05532207,76.92713306,396.9073,0.0,,3.7900925,0.31,2,2
19.120,416852582175319,0.3195914,-0.2620141,9.871889,-3.0543236E-4,-8.39939E-4,0.0,0.31480572,-0.2636324,9.79805,0.004785672,0.0016183108,0.07383919,21.300001,42.300003,-6.4500003,-0.0033278018,-0.017298289,0.1695063,0.9853695,-19.509516,0.71177894,-1.8890857,11.05532207,76.92713306,396.9073,0.0,,3.7900925,0.33,2,2
19.140,416852602175319,0.31136605,-0.26964122,9.871441,-6.108647E-4,5.3450663E-4,-7.635809E-5,0.31487638,-0.26323995,9.798058,-0.0035103261,-0.0064012557,0.073382854,21.0,42.675003,-5.8500004,-0.0033279532,-0.017298305,0.1695063,0.9853695,-19.509516,0.71179634,-1.8890846,11.05532207,76.92713306,396.9073,0.0,,3.7900925,0.35,2,2
19.160,416852622175319,0.31899315,-0.25797617,9.860822,7.635809E-4,0.0,-2.2907427E-4,0.31489602,-0.2636781,9.798046,0.004097149,0.0057019144,0.06277561,20.625,42.525,-4.7250004,-0.0033280973,-0.017298324,0.1695063,0.9853695,-19.509516,0.71181303,-1.8890839,11.05532207,76.92713306,396.9073,0.0,,3.7900925,0.37,2,2
19.180,416852642175319,0.3152544,-0.27352953,9.882956,-9.162971E-4,-4.5814854E-4,-4.5814854E-4,0.3146003,-0.26311067,9.79807,6.5408647E-4,-0.010418877,0.084886074,20.7,42.225002,-4.425,-0.003328246,-0.01729834,0.1695063,0.9853695,-19.509516,0.7118301,-1.889083,11.05532207,76.92713306,396.9073,0.0,,3.7900925,0.39,2,2
19.200,416852662175319,0.31435707,-0.25752753,9.837642,0.001679878,0.0012217294,-4.5814854E-4,0.31479585,-0.26364934,9.798049,-4.387796E-4,0.0061218143,0.039592743,22.125,42.300003,-7.8750005,-0.0033283874,-0.017298354,0.1695063,0.9853695,-19.509516,0.7118463,-1.8890817,11.05532207,76.92713306,396.9073,0.0,,3.7900925,0.41,2,2
19.220,416852682175319,0.31809586,-0.2727818,9.89163,-0.0015271618,-9.162971E-4,-1.5271618E-4,0.31458855,-0.26346153,9.798061,0.003507316,-0.009320244,0.093568325,22.050001,42.45,-7.5000005,-0.0033285313,-0.01729837,0.1695063,0.9853695,-19.509516,0.71186286,-1.8890809,11.05532207,76.92713306,396.9073,0.0,,3.7900925,0.43,2,2
19.240,416852702175319,0.31764722,-0.26395825,9.853045,7.635809E-4,0.0012217294,-7.635809E-5,0.31498688,-0.2636868,9.798043,0.0026603192,-2.7143955E-4,0.055002213,20.925001,42.600002,-5.25,-0.0033286745,-0.017298387,0.1695063,0.9853695,-19.509516,0.7118794,-1.88908,11.05532207,76.92713306,396.9073,0.0,,3.7900925,0.45,2,2
19.260,416852722175319,0.3167499,-0.26425737,9.879217,-0.0014508037,-0.0021380265,-5.3450663E-4,0.31486845,-0.26362762,9.798048,0.0018814504,-6.29738E-4,0.08116865,21.375,42.300003,-5.25,-0.003328819,-0.017298399,0.1695063,0.9853695,-19.509516,0.71189594,-1.8890781,11.05532207,76.92713306,396.9073,0.0,,3.7900925,0.47,2,2
19.280,416852742175319,0.31764722,-0.26919255,9.845717,0.0010690133,8.39939E-4,-7.635809E-5,0.31507555,-0.26387772,9.798034,0.0025716573,-0.005314827,0.047683716,21.0,42.600002,-5.8500004,-0.0033289646,-0.017298415,0.1695063,0.9853695,-19.509514,0.7119127,-1.8890773,11.05532207,76.92713306,396.9073,0.0,,3.7900925,0.49,2,2
19.300,416852762175319,0.31510484,-0.26844478,9.880264,-8.39939E-4,-0.0015271618,3.8179045E-4,0.31520963,-0.26400334,9.798027,-1.0479987E-4,-0.004441455,0.08223677,22.575,42.75,-9.6,-0.003329112,-0.017298423,0.1695063,0.9853695,-19.509514,0.71192944,-1.8890754,11.05532207,76.92713306,396.9073,0.0,,3.7900925,0.51,2,2
19.320,416852782175319,0.32108688,-0.27008986,9.849755,2.2907427E-4,7.635809E-5,0.0,0.314863,-0.2635951,9.798049,0.006223887,-0.0064947605,0.051706314,23.1,42.9,-10.5,-0.00332926,-0.017298445,0.1695063,0.9853695,-19.509514,0.7119466,-1.8890749,11.05532207,76.92713306,396.9073,0.0,,3.7900925,0.53,2,2
19.340,416852802175319,0.30762726,-0.25692934,9.868,5.3450663E-4,1.5271618E-4,-3.8179045E-4,0.31498963,-0.26380515,9.798039,-0.0073623657,0.0068758205,0.06996107,21.825,42.45,-7.2000003,-0.0033294065,-0.017298462,0.1695063,0.9853695,-19.509514,0.7119635,-1.8890741,11.05532207,76.92713306,396.9073,0.0,,3.7900925,0.55,2,2
19.360,416852822175319,0.31615168,-0.27038896,9.858429,-1.5271618E-4,-7.635809E-4,1.5271618E-4,0.3149572,-0.26341474,9.798051,0.001194492,-0.0069742054,0.06037855,22.125,43.2,-6.8250003,-0.003329552,-0.01729848,0.1695063,0.9853695,-19.509514,0.7119802,-1.8890735,11.05532207,76.92713306,396.9073,0.0,,3.7900925,0.57,2,2
19.380,416852842175319,0.31420752,-0.25932217,9.873085,9.162971E-4,-3.8179045E-4,6.108647E-4,0.31541544,-0.26365203,9.79803,-0.0012079179,0.004329875,0.07505512,22.35,42.75,-8.85,-0.0033296891,-0.01729849,0.1695063,0.9853695,-19.509514,0.71199596,-1.8890717,11.05532207,76.92713306,396.9073,0.0,,3.7900925,0.59,2,2
19.400,416852862175319,0.32318062,-0.2714358,9.864861,-2.2907427E-4,-0.0013744456,1.5271618E-4,0.3150244,-0.2633934,9.798049,0.00815621,-0.00804241,0.066811085,21.675001,42.75,-7.8,-0.0033298302,-0.017298508,0.1695063,0.9853695,-19.509512,0.7120123,-1.8890711,11.05532207,76.92713306,396.9073,0.0,,3.7900925,0.61,2,2
19.420,416852882175319,0.31316066,-0.26246274,9.864112,8.39939E-4,0.0012980875,-2.2907427E-4,0.31531546,-0.26357442,9.798035,-0.0021547973,0.0011116862,0.06607723,22.95,42.525,-8.700001,-0.0033299713,-0.017298518,0.1695063,0.9853695,-19.509512,0.7120284,-1.8890696,11.05532207,76.92713306,396.9073,0.0,,3.7900925,0.63,2,2
19.440,416852902175319,0.32004005,-0.26515466,9.864262,-9.162971E-4,-0.0010690133,-6.108647E-4,0.31474802,-0.26347584,9.798056,0.0052920133,-0.0016788244,0.06620598,22.725,42.75,-9.525001,-0.0033301152,-0.017298533,0.1695063,0.9853695,-19.509512,0.71204495,-1.8890684,11.05532207,76.92713306,396.9073,0.0,,3.7900925,0.65,2,2
19.460,416852922175319,0.3103192,-0.2635096,9.865309,2.2907427E-4,0.0017562361,-6.108647E-4,0.31500933,-0.26377365,9.79804,-0.0046901405,2.6404858E-4,0.06726837,21.825,42.300003,-6.4500003,-0.003330261,-0.017298542,0.1695063,0.9853695,-19.509512,0.71206164,-1.8890665,11.05532207,76.92713306,396.9073,0.0,,3.7900925,0.67,2,2
19.480,416852942175319,0.31899318,-0.269043,9.872189,-9.162971E-4,-0.0010690133,-6.108647E-4,0.31483737,-0.2637544,9.798046,0.0041558146,-0.005288601,0.07414198,23.400002,42.525,-9.0,-0.0033304088,-0.017298557,0.1695063,0.9853695,-19.509512,0.7120786,-1.8890654,11.05532207,76.92713306,396.9073,0.0,,3.7900925,0.69,2,2
19.500,416852962175319,0.31719854,-0.2650051,9.860823,0.0,9.162971E-4,-6.108647E-4,0.3150208,-0.26373416,9.798039,0.002177745,-0.0012709498,0.062782764,22.425001,42.525,-9.375,-0.003330551,-0.017298574,0.1695063,0.9853695,-19.509512,0.7120949,-1.8890644,11.05532207,76.92713306,396.9073,0.0,,3.7900925,0.71,2,2
19.520,416852982175319,0.31689945,-0.26306093,9.867104,-3.0543236E-4,-9.926552E-4,-6.108647E-4,0.31504622,-0.26368347,9.79804,0.0018532276,6.225258E-4,0.06906271,23.025002,42.825,-9.0,-0.0033306926,-0.017298589,0.1695063,0.9853695,-19.50951,0.71211123,-1.8890634,11.05532207,76.92713306,396.9073,0.0,,3.7900925,0.73,2,2
19.540,416853002175319,0.31929228,-0.26276183,9.865458,-2.2907427E-4,2.2907427E-4,-6.108647E-4,0.31500712,-0.2637394,9.798041,0.0042851567,9.775758E-4,0.06741667,21.900002,42.600002,-7.8,-0.0033308347,-0.017298607,0.1695063,0.9853695,-19.50951,0.7121276,-1.8890628,11.05532207,76.92713306,396.9073,0.0,,3.7900925,0.75,2,2
19.560,416853022175319,0.31256247,-0.26650062,9.865757,-7.635809E-5,-5.3450663E-4,-2.2907427E-4,0.3150199,-0.2638735,9.798036,-0.00245744,-0.0026271343,0.06772137,21.150002,42.300003,-7.65,-0.00333098,-0.017298616,0.1695063,0.9853695,-19.50951,0.71214426,-1.8890611,11.05532207,76.92713306,396.9073,0.0,,3.7900925,0.77,2,2
19.580,416853042175319,0.31689945,-0.2669493,9.865458,-4.5814854E-4,-1.5271618E-4,-3.0543236E-4,0.31501293,-0.2637578,9.79804,0.0018865168,-0.003191486,0.06741762,23.625,42.675003,-10.05,-0.0033311243,-0.017298631,0.1695063,0.9853695,-19.50951,0.71216077,-1.88906,11.05532207,76.92713306,396.9073,0.0,,3.7900925,0.79,2,2
19.600,416853062175319,0.31719854,-0.2623132,9.869795,0.0,7.635809E-5,2.2907427E-4,0.31507137,-0.26389018,9.798035,0.0021271706,0.0015769899,0.07176018,22.800001,42.600002,-8.625,-0.0033312659,-0.017298646,0.1695063,0.9853695,-19.50951,0.7121771,-1.889059,11.05532207,76.92713306,396.9073,0.0,,3.7900925,0.81,2,2
19.620,416853082175319,0.3182454,-0.26515466,9.865608,-7.635809E-4,-1.5271618E-4,7.635809E-4,0.31495324,-0.26392305,9.798038,0.0032921731,-0.0012316108,0.06757021,22.650002,42.15,-7.275,-0.0033314063,-0.017298661,0.1695063,0.9853695,-19.50951,0.7121932,-1.8890576,11.05532207,76.92713306,396.9073,0.0,,3.7900925,0.83,2,2
19.640,416853102175319,0.31465617,-0.26739794,9.860523,1.5271618E-4,2.2907427E-4,7.635809E-4,0.31513292,-0.2639649,9.79803,-4.7674775E-4,-0.0034330487,0.062493324,22.050001,42.675003,-8.625,-0.0033315513,-0.017298674,0.1695063,0.9853695,-19.509508,0.7122099,-1.8890563,11.05532207,76.92713306,396.9073,0.0,,3.7900925,0.85,2,2
19.660,416853122175319,0.3204887,-0.26126632,9.867851,-9.926552E-4,-3.8179045E-4,7.635809E-4,0.3150907,-0.26402557,9.798031,0.0053979903,0.002759248,0.06981993,21.825,42.525,-7.2000003,-0.0033316924,-0.017298691,0.1695063,0.9853695,-19.509508,0.7122261,-1.8890555,11.05532207,76.92713306,396.9073,0.0,,3.7900925,0.87,2,2
19.680,416853142175319,0.31734812,-0.26859432,9.868749,1.5271618E-4,1.5271618E-4,4.5814854E-4,0.31529528,-0.26415884,9.79802,0.0020528287,-0.0044354945,0.0707283,22.2,42.375,-7.275,-0.003331837,-0.017298706,0.1695063,0.9853695,-19.509508,0.7122427,-1.8890544,11.05532207,76.92713306,396.9073,0.0,,3.7900925,0.89,2,2
19.700,416853162175319,0.32168508,-0.2650051,9.862617,-8.39939E-4,-2.2907427E-4,0.0,0.314974,-0.2639769,9.798036,0.0067110807,-0.0010282099,0.06458092,21.75,42.75,-6.675,-0.00333198,-0.017298726,0.1695063,0.9853695,-19.50951,0.7122593,-1.8890541,11.05532207,76.92713306,396.9073,0.0,,3.7900925,0.91,2,2
19.720,416853182175319,0.3112165,-0.26111677,9.865608,7.635809E-5,6.108647E-4,-3.8179045E-4,0.3150875,-0.2639603,9.798032,-0.0038709939,0.002843529,0.06757593,22.425001,42.75,-6.9750004,-0.003332122,-0.017298741,0.1695063,0.9853695,-19.50951,0.7122756,-1.889053,11.05532207,76.92713306,396.9073,0.0,,3.7900925,0.93,2,2
19.740,416853202175319,0.31749767,-0.26635107,9.866206,1.5271618E-4,-4.5814854E-4,-4.5814854E-4,0.3150776,-0.26394945,9.798033,0.002420053,-0.0024016201,0.06817341,21.825,43.050003,-7.05,-0.0033322638,-0.017298756,0.1695063,0.9853695,-19.50951,0.71229196,-1.8890519,11.05532207,76.92713306,396.9073,0.0,,3.7900925,0.95,2,2
19.760,416853222175319,0.31645077,-0.26635104,9.865908,1.5271618E-4,-7.635809E-5,-7.635809E-5,0.3150818,-0.26387873,9.798035,0.0013689846,-0.0024723262,0.067872524,22.425001,42.675003,-8.400001,-0.0033324088,-0.017298775,0.1695063,0.9853695,-19.509508,0.71230865,-1.8890512,11.05532207,76.92713306,396.9073,0.0,,3.7900925,0.97,2,2
19.780,416853242175319,0.31510484,-0.26440692,9.863664,1.5271618E-4,-3.8179045E-4,2.2907427E-4,0.31519112,-0.26379743,9.798033,-8.6292624E-5,-6.094724E-4,0.06563091,21.825,42.525,-7.7250004,-0.0033325518,-0.01729879,0.1695063,0.9853695,-19.509508,0.7123251,-1.88905,11.05532207,76.92713306,396.9073,0.0,,3.7900925,0.99,2,2
19.800,416853262175319,0.31839496,-0.26485556,9.858429,3.0543236E-4,-3.0543236E-4,7.635809E-5,0.31529647,-0.26382253,9.798029,0.0030985028,-0.0010330379,0.06040001,22.725,42.675003,-9.525001,-0.0033326969,-0.017298808,0.1695063,0.9853695,-19.509508,0.71234185,-1.8890493,11.05532208,76.92713308,396.88232,0.0,,3.7900925,0.01,2,2
19.820,416853282175319,0.31959137,-0.269043,9.860673,4.5814854E-4,-1.5271618E-4,3.8179045E-4,0.31552294,-0.26387346,9.79802,0.0040684342,-0.0051695406,0.06265259,22.125,42.675003,-7.8,-0.0033328421,-0.017298827,0.1695063,0.9853695,-19.509508,0.7123586,-1.8890485,11.05532208,76.92713308,396.88232,0.0,,3.7900925,0.03,2,2
19.840,416853302175319,0.32138598,-0.26485556,9.865608,-3.8179045E-4,-4.5814854E-4,2.2907427E-4,0.31561255,-0.26385185,9.7980175,0.00577344,-0.0010036975,0.06759024,21.75,42.825,-6.4500003,-0.0033329863,-0.017298846,0.1695063,0.9853695,-19.509508,0.71237516,-1.8890479,11.05532208,76.92713308,396.88232,0.0,,3.7900925,0.05,2,2
19.860,416853322175319,0.3207878,-0.26575285,9.863364,1.5271618E-4,7.635809E-5,1.5271618E-4,0.31561542,-0.26405698,9.798013,0.005172372,-0.0016958863,0.065351486,22.050001,42.975002,-6.0,-0.0033331315,-0.017298864,0.1695063,0.9853695,-19.509508,0.7123919,-1.8890471,11.05532208,76.92713308,396.88232,0.0,,3.7900925,0.07,2,2
19.880,416853342175319,0.3167499,-0.26964122,9.86471,-3.8179045E-4,-1.5271618E-4,4.5814854E-4,0.3155215,-0.2640622,9.798017,0.0012283921,-0.0055790097,0.06669378,23.1,42.375,-9.450001,-0.0033332806,-0.017298883,0.1695063,0.9853695,-19.509506,0.71240914,-1.8890463,11.05532208,76.92713308,396.88232,0.0,,3.7900925,0.09,2,2
19.900,416853362175319,0.31600213,-0.26665017,9.857233,1.5271618E-4,2.2907427E-4,5.3450663E-4,0.3154727,-0.26403478,9.798018,5.2943826E-4,-0.0026153922,0.059214115,21.375,42.75,-6.9,-0.0033334258,-0.017298896,0.1695063,0.9853695,-19.509506,0.7124258,-1.889045,11.05532208,76.92713308,396.88232,0.0,,3.7900925,0.11,2,2
19.920,416853382175319,0.31689945,-0.2653042,9.864262,7.635809E-5,1.5271618E-4,6.872228E-4,0.3152004,-0.26413488,9.798023,0.0016990602,-0.0011693239,0.0662384,21.825,42.675003,-7.8,-0.003333566,-0.017298909,0.1695063,0.9853695,-19.509506,0.71244186,-1.8890436,11.05532208,76.92713308,396.88232,0.0,,3.7900925,0.13,2,2
19.940,416853402175319,0.3118147,-0.26709884,9.862467,-3.0543236E-4,4.5814854E-4,-2.2907427E-4,0.31508332,-0.26400277,9.798031,-0.0032686293,-0.003096059,0.064436436,20.550001,42.675003,-5.175,-0.003333712,-0.01729892,0.1695063,0.9853695,-19.509506,0.7124586,-1.889042,11.05532208,76.92713308,396.88232,0.0,,3.7900925,0.15,2,2
19.960,416853422175319,0.31645077,-0.26291138,9.868449,1.5271618E-4,4.5814854E-4,-2.2907427E-4,0.31503755,-0.26405343,9.798031,0.001413241,0.0011420399,0.07041836,22.275002,42.9,-8.85,-0.0033338533,-0.017298933,0.1695063,0.9853695,-19.509506,0.7124748,-1.8890408,11.05532208,76.92713308,396.88232,0.0,,3.7900925,0.17,2,2
19.980,416853442175319,0.3164508,-0.26814568,9.859924,1.5271618E-4,1.5271618E-4,6.872228E-4,0.31489986,-0.26387542,9.79804,0.0015509427,-0.0042702556,0.061884403,22.050001,42.975002,-6.675,-0.0033339998,-0.01729895,0.1695063,0.9853695,-19.509506,0.7124917,-1.8890399,11.05532208,76.92713308,396.88232,0.0,,3.7900925,0.19,2,2
20.000,416853462175319,0.31630123,-0.26306093,9.87129,4.5814854E-4,5.3450663E-4,7.635809E-4,0.31496093,-0.2640823,9.798033,0.0013403147,0.0010213852,0.07325792,21.75,42.825,-6.9750004,-0.0033341434,-0.017298965,0.1695063,0.9853695,-19.509504,0.7125082,-1.8890389,11.05532208,76.92713308,396.88232,0.0,,3.7900925,0.21,2,2
20.020,416853482175319,0.31600213,-0.27098715,9.868,-1.5271618E-4,-4.5814854E-4,3.8179045E-4,0.31473702,-0.2638823,9.798045,0.0012651235,-0.0071048588,0.06995535,21.375,42.600002,-5.25,-0.0033342917,-0.01729898,0.1695063,0.9853695,-19.509504,0.71252525,-1.8890376,11.05532208,76.92713308,396.88232,0.0,,3.7900925,0.23,2,2
20.040,416853502175319,0.31360933,-0.2638087,9.86471,6.872228E-4,6.108647E-4,-4.5814854E-4,0.31463212,-0.2640215,9.798045,-0.0010227859,2.1278858E-4,0.06666517,22.95,42.300003,-7.8750005,-0.0033344335,-0.017298993,0.1695063,0.9853695,-19.509504,0.7125415,-1.8890365,11.05532208,76.92713308,396.88232,0.0,,3.7900925,0.25,2,2
20.060,416853522175319,0.31480575,-0.26455647,9.865908,-9.162971E-4,2.2907427E-4,7.635809E-5,0.314558,-0.2640576,9.798046,2.477318E-4,-4.988462E-4,0.06786108,21.45,42.0,-5.55,-0.0033345763,-0.017299006,0.1695063,0.9853695,-19.509504,0.7125579,-1.8890352,11.05532208,76.92713308,396.88232,0.0,,3.7900925,0.27,2,2
20.080,416853542175319,0.31839496,-0.26769704,9.860672,1.5271618E-4,7.635809E-4,-4.5814854E-4,0.31461906,-0.264345,9.798038,0.0037759095,-0.003352031,0.062634945,22.35,42.600002,-8.025001,-0.0033347206,-0.017299023,0.1695063,0.9853695,-19.509504,0.7125745,-1.8890342,11.05532208,76.92713308,396.88232,0.0,,3.7900925,0.29,2,2
20.100,416853562175319,0.3167499,-0.26665017,9.869347,-0.0014508037,-3.0543236E-4,-4.5814854E-4,0.31476888,-0.26432708,9.798032,0.00198102,-0.002323091,0.07131481,22.125,42.825,-8.025001,-0.003334865,-0.017299037,0.1695063,0.9853695,-19.509502,0.71259105,-1.8890328,11.05532208,76.92713308,396.88232,0.0,,3.7900925,0.31,2,2
20.120,416853582175319,0.32153553,-0.2635096,9.858728,-3.8179045E-4,1.5271618E-4,-4.5814854E-4,0.31467924,-0.2641543,9.79804,0.0068563074,6.4468384E-4,0.06068802,23.175001,42.675003,-9.825001,-0.0033350086,-0.017299058,0.1695063,0.9853695,-19.509502,0.7126077,-1.8890325,11.05532208,76.92713308,396.88232,0.0,,3.7900925,0.33,2,2
20.140,416853602175319,0.3136093,-0.26261228,9.866655,3.0543236E-4,-7.635809E-5,-1.5271618E-4,0.3145037,-0.26406994,9.798047,-8.943826E-4,0.0014576614,0.06860781,20.775002,42.45,-5.175,-0.0033351493,-0.017299071,0.1695063,0.9853695,-19.509502,0.71262383,-1.8890312,11.05532208,76.92713308,396.88232,0.0,,3.7900925,0.35,2,2
20.160,416853622175319,0.31106696,-0.26291138,9.862467,-7.635809E-5,0.0,-2.2907427E-4,0.31454855,-0.26420918,9.798042,-0.0034815967,0.0012978017,0.06442499,20.775002,42.300003,-4.275,-0.003335294,-0.01729908,0.1695063,0.9853695,-19.509502,0.7126404,-1.8890295,11.05532208,76.92713308,396.88232,0.0,,3.7900925,0.37,2,2
20.180,416853642175319,0.3185445,-0.26769704,9.865757,-4.5814854E-4,1.5271618E-4,1.5271618E-4,0.31473586,-0.2641584,9.798038,0.0038086623,-0.0035386384,0.06771994,21.45,42.45,-5.025,-0.0033354387,-0.017299095,0.1695063,0.9853695,-19.509502,0.7126569,-1.8890284,11.05532208,76.92713308,396.88232,0.0,,3.7900925,0.39,2,2
20.200,416853662175319,0.32108688,-0.2653042,9.871441,1.5271618E-4,-2.2907427E-4,7.635809E-4,0.31463733,-0.26409265,9.798043,0.0064495504,-0.0012115687,0.07339716,21.45,42.9,-6.0750003,-0.0033355833,-0.017299118,0.1695063,0.9853695,-19.509502,0.7126737,-1.8890282,11.05532208,76.92713308,396.88232,0.0,,3.7900925,0.41,2,2
20.220,416853682175319,0.31570303,-0.26485556,9.867552,1.5271618E-4,3.0543236E-4,-1.5271618E-4,0.3146131,-0.26394638,9.798048,0.0010899454,-9.0916455E-4,0.06950426,21.45,42.975002,-6.9,-0.0033357288,-0.017299134,0.1695063,0.9853695,-19.5095,0.7126905,-1.8890276,11.05532208,76.92713308,396.88232,0.0,,3.7900925,0.43,2,2
20.240,416853702175319,0.31286156,-0.2623132,9.863365,1.5271618E-4,-4.5814854E-4,-4.5814854E-4,0.31471357,-0.26398432,9.798043,-0.0018520057,0.0016711503,0.065321445,20.775002,42.225002,-5.55,-0.003335871,-0.017299145,0.1695063,0.9853695,-19.5095,0.71270674,-1.889026,11.05532208,76.92713308,396.88232,0.0,,3.7900925,0.45,2,2
20.260,416853722175319,0.3167499,-0.2666502,9.8603735,0.0,-4.5814854E-4,2.2907427E-4,0.3146583,-0.26420978,9.798039,0.0020915866,-0.0024404079,0.06233406,20.7,41.925003,-5.025,-0.003336015,-0.01729916,0.1695063,0.9853695,-19.5095,0.7127233,-1.8890247,11.05532208,76.92713308,396.88232,0.0,,3.7900925,0.47,2,2
20.280,416853742175319,0.31226337,-0.26844478,9.864861,-6.872228E-4,-4.5814854E-4,7.635809E-4,0.3144922,-0.26424122,9.798044,-0.0022288412,-0.004203558,0.06681585,23.175001,42.975002,-9.075001,-0.0033361611,-0.017299173,0.1695063,0.9853695,-19.5095,0.71274006,-1.8890233,11.05532208,76.92713308,396.88232,0.0,,3.7900925,0.49,2,2
20.300,416853762175319,0.3149553,-0.26799613,9.866056,1.5271618E-4,5.3450663E-4,-3.0543236E-4,0.31447554,-0.2643746,9.79804,4.7974288E-4,-0.0036215186,0.06801605,21.150002,42.825,-6.0,-0.003336307,-0.01729919,0.1695063,0.9853695,-19.5095,0.71275693,-1.8890225,11.05532208,76.92713308,396.88232,0.0,,3.7900925,0.51,2,2
20.320,416853782175319,0.31689945,-0.2670988,9.85484,-4.5814854E-4,1.5271618E-4,1.5271618E-4,0.31439754,-0.26451167,9.798039,0.002501905,-0.0025871396,0.056800842,21.825,43.050003,-6.9,-0.0033364515,-0.017299205,0.1695063,0.9853695,-19.509502,0.7127735,-1.8890214,11.05532208,76.92713308,396.88232,0.0,,3.7900925,0.53,2,2
20.340,416853802175319,0.3185445,-0.26889342,9.866655,-2.2907427E-4,7.635809E-4,4.5814854E-4,0.31442234,-0.2645689,9.798037,0.0041221827,-0.0043245405,0.0686183,22.35,42.600002,-7.5000005,-0.003336596,-0.017299222,0.1695063,0.9853695,-19.5095,0.7127902,-1.8890206,11.05532208,76.92713308,396.88232,0.0,,3.7900925,0.55,2,2
20.360,416853822175319,0.31869406,-0.26919255,9.869646,1.5271618E-4,2.2907427E-4,-4.5814854E-4,0.31454584,-0.26464534,9.798031,0.00414823,-0.0045472085,0.07161474,20.7,42.675003,-4.875,-0.0033367407,-0.017299237,0.1695063,0.9853695,-19.5095,0.7128068,-1.8890195,11.05532208,76.92713308,396.88232,0.0,,3.7900925,0.57,2,2
20.380,416853842175319,0.31764722,-0.2693421,9.860224,1.5271618E-4,-4.5814854E-4,6.108647E-4,0.31453046,-0.26467955,9.798031,0.0031167418,-0.0046625435,0.062192917,21.150002,42.15,-5.025,-0.0033368904,-0.017299253,0.1695063,0.9853695,-19.5095,0.712824,-1.8890184,11.05532208,76.92713308,396.88232,0.0,,3.7900925,0.59,2,2
20.400,416853862175319,0.31585258,-0.26844478,9.865009,1.5271618E-4,0.0,-2.2907427E-4,0.31450403,-0.26458448,9.798034,0.0013485551,-0.0038603097,0.06697559,22.725,42.600002,-8.325001,-0.0033370347,-0.017299272,0.1695063,0.9853695,-19.5095,0.7128406,-1.8890177,11.05532208,76.92713308,396.88232,0.0,,3.7900925,0.61,2,2
20.420,416853882175319,0.31570303,-0.26440692,9.868749,1.5271618E-4,-7.635809E-5,7.635809E-4,0.31455266,-0.26459572,9.798032,0.0011503696,1.8881261E-4,0.07071686,21.375,43.125,-5.3250003,-0.0033371756,-0.017299283,0.1695063,0.9853695,-19.5095,0.71285677,-1.8890163,11.05532208,76.92713308,396.88232,0.0,,3.7900925,0.63,2,2
20.440,416853902175319,0.31585258,-0.26395825,9.867252,-4.5814854E-4,-3.8179045E-4,7.635809E-4,0.31453875,-0.26473108,9.798028,0.0013138354,7.728338E-4,0.069224834,23.400002,43.125,-10.425,-0.0033373185,-0.0172993,0.1695063,0.9853695,-19.5095,0.7128733,-1.8890152,11.05532208,76.92713308,396.88232,0.0,,3.7900925,0.65,2,2
20.460,416853922175319,0.31600213,-0.2670988,9.856186,-5.3450663E-4,0.0,5.3450663E-4,0.31458628,-0.26471,9.798028,0.0014158636,-0.0023888052,0.05815792,21.45,42.75,-6.15,-0.0033374638,-0.017299317,0.1695063,0.9853695,-19.5095,0.71289,-1.8890144,11.05532208,76.92713308,396.88232,0.0,,3.7900925,0.67,2,2
20.480,416853942175319,0.31809586,-0.26485556,9.86471,-1.5271618E-4,0.0,-4.5814854E-4,0.31482956,-0.26470447,9.798019,0.0032663047,-1.5109777E-4,0.06669092,21.150002,42.600002,-6.675,-0.003337608,-0.017299337,0.1695063,0.9853695,-19.5095,0.7129067,-1.8890139,11.05532208,76.92713308,396.88232,0.0,,3.7900925,0.69,2,2
20.500,416853962175319,0.32123643,-0.26709884,9.863514,1.5271618E-4,-4.5814854E-4,6.108647E-4,0.314647,-0.26465428,9.798027,0.0065894425,-0.0024445504,0.06548691,22.050001,42.75,-6.4500003,-0.0033377532,-0.017299354,0.1695063,0.9853695,-19.5095,0.7129234,-1.8890128,11.05532208,76.92713308,396.88232,0.0,,3.7900925,0.71,2,2
20.520,416853982175319,0.3118147,-0.2656033,9.864861,1.5271618E-4,7.635809E-5,7.635809E-4,0.31478208,-0.26466838,9.798022,-0.0029673874,-9.3492866E-4,0.06683779,21.225,42.825,-5.625,-0.0033378978,-0.017299367,0.1695063,0.9853695,-19.5095,0.71294,-1.8890115,11.05532208,76.92713308,396.88232,0.0,,3.7900925,0.73,2,2
20.540,416854002175319,0.31779677,-0.26784658,9.863813,1.5271618E-4,-4.5814854E-4,-7.635809E-5,0.31458908,-0.26455975,9.798032,0.0032076687,-0.0032868385,0.06578159,22.95,42.825,-8.925,-0.0033380447,-0.017299382,0.1695063,0.9853695,-19.5095,0.71295685,-1.8890104,11.05532208,76.92713308,396.88232,0.0,,3.7900925,0.75,2,2
20.560,416854022175319,0.31405798,-0.26425737,9.869197,1.5271618E-4,5.3450663E-4,-4.5814854E-4,0.3145782,-0.2648889,9.798024,-5.2022934E-4,6.315559E-4,0.071172714,22.425001,42.600002,-7.65,-0.0033381896,-0.017299393,0.1695063,0.9853695,-19.5095,0.7129734,-1.889009,11.05532208,76.92713308,396.88232,0.0,,3.7900925,0.77,2,2
20.580,416854042175319,0.3201896,-0.2708376,9.866655,-9.926552E-4,6.872228E-4,1.5271618E-4,0.31450126,-0.26490146,9.798026,0.0056883246,-0.0059361607,0.06862879,21.525002,42.825,-6.15,-0.003338335,-0.01729941,0.1695063,0.9853695,-19.509499,0.71299016,-1.8890079,11.05532208,76.92713308,396.88232,0.0,,3.7900925,0.79,2,2
20.600,416854062175319,0.31615168,-0.26814568,9.866205,1.5271618E-4,3.0543236E-4,0.0,0.3145972,-0.26477313,9.798026,0.001554504,-0.003372565,0.06817961,21.975,42.9,-7.5750003,-0.0033384815,-0.017299427,0.1695063,0.9853695,-19.509499,0.71300703,-1.8890069,11.05532208,76.92713308,396.88232,0.0,,3.7900925,0.81,2,2
20.620,416854082175319,0.31809586,-0.26365915,9.86471,1.5271618E-4,-2.2907427E-4,5.3450663E-4,0.31455246,-0.26471746,9.798028,0.0035434067,0.0010583103,0.06668234,20.625,42.45,-5.175,-0.003338628,-0.017299443,0.1695063,0.9853695,-19.509499,0.7130239,-1.889006,11.05532208,76.92713308,396.88232,0.0,,3.7900925,0.83,2,2
20.640,416854102175319,0.31241292,-0.26575285,9.863514,1.5271618E-4,-4.5814854E-4,1.5271618E-4,0.31465504,-0.26466802,9.798026,-0.002242133,-0.0010848492,0.06548834,21.075,42.375,-5.775,-0.0033387716,-0.017299453,0.1695063,0.9853695,-19.509499,0.7130403,-1.8890045,11.05532208,76.92713308,396.88232,0.0,,3.7900925,0.85,2,2
20.660,416854122175319,0.31689945,-0.26605198,9.868749,1.5271618E-4,-4.5814854E-4,-4.5814854E-4,0.31460848,-0.26462302,9.79803,0.0022909641,-0.0014289618,0.070718765,22.2,42.45,-6.8250003,-0.0033389162,-0.01729947,0.1695063,0.9853695,-19.509499,0.713057,-1.8890036,11.05532208,76.92713308,396.88232,0.0,,3.7900925,0.87,2,2
20.680,416854142175319,0.3146562,-0.26605198,9.864861,1.5271618E-4,-7.635809E-5,7.635809E-5,0.31457618,-0.26448175,9.798035,8.0004334E-5,-0.0015702248,0.06682539,21.675001,42.45,-6.9,-0.0033390655,-0.017299484,0.1695063,0.9853695,-19.509499,0.7130741,-1.8890023,11.05532208,76.92713308,396.88232,0.0,,3.7900925,0.89,2,2
20.700,416854162175319,0.31345975,-0.26276183,9.858877,1.5271618E-4,-3.8179045E-4,1.5271618E-4,0.31457743,-0.26456124,9.798033,-0.0011176616,0.0017994046,0.0608449,20.925001,42.15,-6.2250004,-0.0033392075,-0.017299494,0.1695063,0.9853695,-19.509497,0.71309036,-1.8890007,11.05532208,76.92713308,396.88232,0.0,,3.7900925,0.91,2,2
20.720,416854182175319,0.31390843,-0.26650062,9.870693,-3.8179045E-4,-4.5814854E-4,2.2907427E-4,0.3146771,-0.26454163,9.79803,-7.686615E-4,-0.001958996,0.07266283,20.7,42.225002,-4.7250004,-0.003339354,-0.017299507,0.1695063,0.9853695,-19.509497,0.7131071,-1.8889993,11.05532208,76.92713308,396.88232,0.0,,3.7900925,0.93,2,2
20.740,416854202175319,0.31689945,-0.26679975,9.869646,1.5271618E-4,-4.5814854E-4,3.8179045E-4,0.31454602,-0.26448888,9.798036,0.0023534298,-0.0023108572,0.071609974,21.900002,42.525,-7.05,-0.0033395,-0.01729952,0.1695063,0.9853695,-19.509497,0.71312386,-1.8889979,11.05532208,76.92713308,396.88232,0.0,,3.7900925,0.95,2,2
20.760,416854222175319,0.3130111,-0.2656033,9.863514,1.5271618E-4,7.635809E-5,7.635809E-5,0.3145744,-0.26447386,9.798035,-0.0015632808,-0.0011294633,0.06547928,22.95,42.600002,-8.25,-0.0033396424,-0.017299533,0.1695063,0.9853695,-19.509497,0.7131402,-1.8889968,11.05532208,76.92713308,396.88232,0.0,,3.7900925,0.97,2,2
20.780,416854242175319,0.31809586,-0.26679975,9.866056,1.5271618E-4,1.5271618E-4,-4.5814854E-4,0.31464157,-0.26450568,9.798032,0.0034542978,-0.0022940487,0.068024635,21.075,42.075,-7.2000003,-0.0033397875,-0.017299546,0.1695063,0.9853695,-19.509497,0.7131569,-1.888995,,,,,,,,2,2
20.800,416854262175319,0.31570303,-0.26650062,9.8626175,-1.5271618E-4,-4.5814854E-4,-1.5271618E-4,0.31467342,-0.2644469,9.798032,0.0010296106,-0.0020537078,0.06458521,21.150002,42.525,-6.0750003,-0.0033399307,-0.017299563,0.1695063,0.9853695,-19.509495,0.7131733,-1.8889942,11.05532216,76.92713331,396.90955,0.0,,3.8085587,0.01,2,2
20.820,416854282175319,0.31465617,-0.26395825,9.861121,-7.635809E-5,-4.5814854E-4,7.635809E-4,0.31479725,-0.26446328,9.798027,-1.410842E-4,5.0503016E-4,0.06309414,21.675001,42.075,-5.625,-0.0033400722,-0.017299578,0.1695063,0.9853695,-19.509495,0.7131896,-1.8889931,11.05532216,76.92713331,396.90955,0.0,,3.8085587,0.03,2,2
20.840,416854302175319,0.31779677,-0.2675475,9.866954,1.5271618E-4,-4.5814854E-4,2.2907427E-4,0.3148664,-0.26443598,9.798025,0.002930358,-0.0031115115,0.06892872,20.7,42.9,-5.175,-0.0033402184,-0.017299594,0.1695063,0.9853695,-19.509495,0.7132064,-1.8889923,11.05532216,76.92713331,396.90955,0.0,,3.8085587,0.05,2,2
20.860,416854322175319,0.3204887,-0.26515466,9.868449,-7.635809E-5,2.2907427E-4,0.0,0.3150069,-0.26460913,9.7980175,0.0054817647,-5.455315E-4,0.07043171,22.2,42.600002,-8.025001,-0.0033403605,-0.017299613,0.1695063,0.9853695,-19.509495,0.7132228,-1.8889917,11.05532216,76.92713331,396.90955,0.0,,3.8085587,0.07,2,2
20.880,416854342175319,0.31989047,-0.27068806,9.861271,-1.5271618E-4,-2.2907427E-4,-7.635809E-5,0.3150655,-0.26476383,9.798011,0.004824966,-0.005924225,0.06326008,20.7,42.675003,-5.55,-0.0033405062,-0.017299632,0.1695063,0.9853695,-19.509495,0.71323967,-1.888991,11.05532216,76.92713331,396.90955,0.0,,3.8085587,0.09,2,2
20.900,416854362175319,0.3188436,-0.26889345,9.862916,-3.8179045E-4,0.0,1.5271618E-4,0.31508887,-0.26493347,9.798005,0.00375475,-0.0039599836,0.06491089,20.85,42.45,-6.0,-0.0033406538,-0.01729965,0.1695063,0.9853695,-19.509495,0.7132567,-1.8889902,11.05532216,76.92713331,396.90955,0.0,,3.8085587,0.11,2,2
20.920,416854382175319,0.31914273,-0.2724827,9.862168,1.5271618E-4,2.2907427E-4,7.635809E-4,0.31487152,-0.2648377,9.798016,0.0042712092,-0.0076449662,0.06415272,21.300001,42.600002,-5.1000004,-0.0033408043,-0.01729967,0.1695063,0.9853695,-19.509495,0.71327406,-1.8889896,11.05532216,76.92713331,396.90955,0.0,,3.8085587,0.13,2,2
20.940,416854402175319,0.3149553,-0.26455647,9.868,1.5271618E-4,7.635809E-4,7.635809E-4,0.31466144,-0.26468495,9.798027,2.938509E-4,1.2847781E-4,0.06997347,20.625,42.675003,-4.65,-0.003340947,-0.017299686,0.1695063,0.9853695,-19.509495,0.71329045,-1.8889885,11.05532216,76.92713331,396.90955,0.0,,3.8085587,0.15,2,2
20.960,416854422175319,0.3149553,-0.26291138,9.867701,1.5271618E-4,7.635809E-4,7.635809E-4,0.31461704,-0.26467708,9.798027,3.3824146E-4,0.0017656833,0.069674015,20.7,42.45,-4.5,-0.0033410906,-0.0172997,0.1695063,0.9853695,-19.509495,0.71330696,-1.8889874,11.05532216,76.92713331,396.90955,0.0,,3.8085587,0.17,2,2
20.980,416854442175319,0.31241292,-0.26620153,9.862167,0.0,-4.5814854E-4,1.5271618E-4,0.31452605,-0.26473743,9.79803,-0.0021131486,-0.0014640987,0.064137936,20.7,42.45,-4.5,-0.0033412343,-0.017299714,0.1695063,0.9853695,-19.509495,0.7133235,-1.8889861,11.05532216,76.92713331,396.90955,0.0,,3.8085587,0.19,2,2
21.000,416854462175319,0.31570303,-0.26694927,9.862467,-2.2907427E-4,3.0543236E-4,-4.5814854E-4,0.31436056,-0.26452038,9.798041,0.0013424754,-0.0024288893,0.064425945,21.75,43.2,-6.9750004,-0.003341378,-0.017299728,0.1695063,0.9853695,-19.509495,0.71334,-1.888985,11.05532216,76.92713331,396.90955,0.0,,3.8085587,0.21,2,2
21.020,416854482175319,0.31286156,-0.26081765,9.864411,1.5271618E-4,1.5271618E-4,0.0,0.31453314,-0.2644587,9.798037,-0.0016715825,0.0036410242,0.06637478,21.975,42.375,-7.5750003,-0.0033415149,-0.01729974,0.1695063,0.9853695,-19.509495,0.71335566,-1.8889836,11.05532216,76.92713331,396.90955,0.0,,3.8085587,0.23,2,2
21.040,416854502175319,0.31869406,-0.2653042,9.862318,1.5271618E-4,-4.5814854E-4,-4.5814854E-4,0.31453148,-0.26431504,9.798041,0.0041625947,-9.891689E-4,0.064276695,20.625,42.225002,-5.175,-0.0033416583,-0.017299758,0.1695063,0.9853695,-19.509493,0.71337223,-1.8889829,11.05532216,76.92713331,396.90955,0.0,,3.8085587,0.25,2,2
21.060,416854522175319,0.31809586,-0.26291138,9.864711,1.5271618E-4,3.0543236E-4,-4.5814854E-4,0.31447154,-0.26433268,9.798042,0.0036243051,0.0014212877,0.06666851,21.75,42.45,-7.65,-0.0033417973,-0.017299775,0.1695063,0.9853695,-19.509493,0.7133882,-1.888982,11.05532216,76.92713331,396.90955,0.0,,3.8085587,0.27,2,2
21.080,416854542175319,0.31630123,-0.2672484,9.860971,1.5271618E-4,3.0543236E-4,4.5814854E-4,0.3144439,-0.2643102,9.798043,0.0018573552,-0.0029381812,0.0629282,22.425001,42.75,-8.925,-0.0033419428,-0.017299792,0.1695063,0.9853695,-19.509493,0.713405,-1.8889812,11.05532216,76.92713331,396.90955,0.0,,3.8085587,0.29,2,2
21.100,416854562175319,0.3164508,-0.26620153,9.866056,1.5271618E-4,1.5271618E-4,7.635809E-4,0.3142772,-0.2642546,9.79805,0.0021736026,-0.0019469261,0.068006516,21.45,42.225002,-7.3500004,-0.0033420858,-0.017299807,0.1695063,0.9853695,-19.509493,0.7134214,-1.8889799,11.05532216,76.92713331,396.90955,0.0,,3.8085587,0.31,2,2
21.120,416854582175319,0.3155535,-0.26216364,9.861121,-3.0543236E-4,7.635809E-4,7.635809E-5,0.31435233,-0.26422402,9.798049,0.0012011528,0.0020603985,0.063072205,21.45,42.525,-6.8250003,-0.003342229,-0.017299822,0.1695063,0.9853695,-19.509493,0.71343786,-1.8889788,11.05532216,76.92713331,396.90955,0.0,,3.8085587,0.33,2,2
21.140,416854602175319,0.31734812,-0.26605195,9.861421,1.5271618E-4,-1.5271618E-4,-4.5814854E-4,0.31444037,-0.26415518,9.798048,0.002907738,-0.0018967837,0.06337261,20.550001,42.675003,-6.2250004,-0.0033423705,-0.017299838,0.1695063,0.9853695,-19.509493,0.71345425,-1.888978,11.05532216,76.92713331,396.90955,0.0,,3.8085587,0.35,2,2
21.160,416854622175319,0.31929228,-0.26470602,9.857832,1.5271618E-4,7.635809E-5,-4.5814854E-4,0.31436142,-0.26418462,9.798049,0.004930854,-5.213767E-4,0.059782505,21.075,42.300003,-6.3,-0.0033425135,-0.017299859,0.1695063,0.9853695,-19.509491,0.71347076,-1.8889776,11.05532216,76.92713331,396.90955,0.0,,3.8085587,0.37,2,2
21.180,416854642175319,0.3143571,-0.2638087,9.865907,-5.3450663E-4,7.635809E-5,7.635809E-5,0.31446666,-0.2644162,9.79804,-1.0956824E-4,6.0749054E-4,0.067866325,20.775002,42.525,-4.7250004,-0.003342656,-0.017299874,0.1695063,0.9853695,-19.509491,0.7134871,-1.8889766,11.05532216,76.92713331,396.90955,0.0,,3.8085587,0.39,2,2
21.200,416854662175319,0.3164508,-0.26679972,9.8575325,-0.0010690133,-4.5814854E-4,-4.5814854E-4,0.3143432,-0.26449525,9.798041,0.0021075904,-0.0023044646,0.05949068,20.925001,42.675003,-4.65,-0.0033428047,-0.01729989,0.1695063,0.9853695,-19.509491,0.71350425,-1.8889757,11.05532216,76.92713331,396.90955,0.0,,3.8085587,0.41,2,2
21.220,416854682175319,0.3100201,-0.26829523,9.863364,0.0,-4.5814854E-4,5.3450663E-4,0.31452316,-0.2645521,9.798034,-0.004503086,-0.0037431568,0.065330505,20.400002,42.45,-4.425,-0.0033429535,-0.0172999,0.1695063,0.9853695,-19.509491,0.71352124,-1.8889737,11.05532216,76.92713331,396.90955,0.0,,3.8085587,0.43,2,2
21.240,416854702175319,0.31929225,-0.2653042,9.858429,-4.5814854E-4,-3.8179045E-4,-3.8179045E-4,0.31446582,-0.26447755,9.7980385,0.0048264414,-8.266568E-4,0.06039095,20.925001,42.225002,-5.25,-0.0033430965,-0.017299915,0.1695063,0.9853695,-19.509491,0.7135377,-1.8889726,11.05532216,76.92713331,396.90955,0.0,,3.8085587,0.45,2,2
21.260,416854722175319,0.31734812,-0.26485556,9.860224,1.5271618E-4,4.5814854E-4,0.0,0.31448025,-0.26455212,9.798036,0.0028678626,-3.0343235E-4,0.06218815,20.475,42.45,-4.425,-0.0033432383,-0.017299933,0.1695063,0.9853695,-19.509491,0.713554,-1.8889718,11.05532216,76.92713331,396.90955,0.0,,3.8085587,0.47,2,2
21.280,416854742175319,0.31405798,-0.26665017,9.861719,-3.0543236E-4,-4.5814854E-4,5.3450663E-4,0.31430203,-0.2646182,9.79804,-2.4405122E-4,-0.002031982,0.06367874,22.125,42.225002,-7.5750003,-0.0033433822,-0.017299946,0.1695063,0.9853695,-19.50949,0.7135706,-1.8889706,11.05532216,76.92713331,396.90955,0.0,,3.8085587,0.49,2,2
21.300,416854762175319,0.3118147,-0.26889345,9.863365,7.635809E-5,1.5271618E-4,-3.8179045E-4,0.314243,-0.26460972,9.798041,-0.0024282932,-0.004283726,0.06532335,20.775002,42.375,-5.025,-0.0033435284,-0.01729996,0.1695063,0.9853695,-19.50949,0.71358734,-1.8889693,11.05532216,76.92713331,396.90955,0.0,,3.8085587,0.51,2,2
21.320,416854782175319,0.31435707,-0.26575285,9.862916,-7.635809E-5,0.0,0.0,0.31424814,-0.26479462,9.798037,1.0892749E-4,-9.58249E-4,0.06487942,21.6,42.075,-6.6000004,-0.0033436727,-0.017299972,0.1695063,0.9853695,-19.50949,0.71360385,-1.888968,11.05532216,76.92713331,396.90955,0.0,,3.8085587,0.53,2,2
21.340,416854802175319,0.31345975,-0.26799613,9.861121,-6.872228E-4,-4.5814854E-4,4.5814854E-4,0.31433764,-0.2648661,9.798033,-8.778721E-4,-0.0031300336,0.06308842,21.075,42.45,-4.425,-0.0033438192,-0.017299986,0.1695063,0.9853695,-19.50949,0.71362066,-1.8889666,11.05532216,76.92713331,396.90955,0.0,,3.8085587,0.55,2,2
21.360,416854822175319,0.31615168,-0.26979077,9.865908,1.5271618E-4,-4.5814854E-4,-3.8179045E-4,0.31448138,-0.26484573,9.798027,0.0016703159,-0.004945025,0.06788015,20.775002,42.375,-4.8,-0.0033439668,-0.0173,0.1695063,0.9853695,-19.50949,0.7136376,-1.8889656,11.05532216,76.92713331,396.90955,0.0,,3.8085587,0.57,2,2
21.380,416854842175319,0.31869406,-0.2669493,9.863813,1.5271618E-4,-3.0543236E-4,-3.0543236E-4,0.31430918,-0.26486427,9.798033,0.00438489,-0.0020850152,0.06578064,21.375,42.0,-7.2000003,-0.0033441102,-0.017300017,0.1695063,0.9853695,-19.50949,0.7136541,-1.8889648,11.05532216,76.92713331,396.90955,0.0,,3.8085587,0.59,2,2
21.400,416854862175319,0.31540394,-0.26799613,9.860523,1.5271618E-4,7.635809E-4,-7.635809E-5,0.3144035,-0.26481184,9.798031,0.0010004342,-0.0031842887,0.06249237,23.625,42.825,-10.950001,-0.0033442562,-0.017300032,0.1695063,0.9853695,-19.509487,0.7136709,-1.8889637,11.05532216,76.92713331,396.90955,0.0,,3.8085587,0.61,2,2
21.420,416854882175319,0.32004002,-0.26291138,9.861271,-3.8179045E-4,2.2907427E-4,-4.5814854E-4,0.3145914,-0.26461878,9.798031,0.0054486096,0.0017074049,0.06324005,21.45,42.225002,-6.0750003,-0.0033443975,-0.01730005,0.1695063,0.9853695,-19.509487,0.71368724,-1.8889629,11.05532216,76.92713331,396.90955,0.0,,3.8085587,0.63,2,2
21.440,416854902175319,0.32273197,-0.2614159,9.86187,1.5271618E-4,7.635809E-5,7.635809E-4,0.31467038,-0.26458198,9.798028,0.008061573,0.0031660944,0.06384134,21.0,42.675003,-5.4750004,-0.003344534,-0.01730007,0.1695063,0.9853695,-19.509487,0.71370304,-1.8889623,11.05532216,76.92713331,396.90955,0.0,,3.8085587,0.65,2,2
21.460,416854922175319,0.3179463,-0.2662015,9.864861,1.5271618E-4,-1.5271618E-4,-7.635809E-5,0.3146318,-0.26460722,9.798029,0.003314525,-0.0015942901,0.06683111,21.375,42.300003,-6.15,-0.003344679,-0.017300086,0.1695063,0.9853695,-19.509487,0.7137197,-1.8889614,11.05532216,76.92713331,396.90955,0.0,,3.8085587,0.67,2,2
21.480,416854942175319,0.31704903,-0.26814568,9.865757,1.5271618E-4,2.2907427E-4,7.635809E-5,0.31464583,-0.26478022,9.798024,0.0024031848,-0.003365472,0.06773281,24.0,43.275,-10.950001,-0.0033448248,-0.017300105,0.1695063,0.9853695,-19.509487,0.71373653,-1.8889607,11.05532216,76.92713331,396.90955,0.0,,3.8085587,0.69,2,2
21.500,416854962175319,0.31435707,-0.27233312,9.861121,1.5271618E-4,-4.5814854E-4,6.108647E-4,0.31464803,-0.264606,9.798028,-2.9096007E-4,-0.0077271163,0.063093185,22.125,42.45,-7.05,-0.0033449745,-0.017300118,0.1695063,0.9853695,-19.509487,0.7137537,-1.8889593,11.05532216,76.92713331,396.90955,0.0,,3.8085587,0.71,2,2
21.520,416854982175319,0.31390843,-0.26216364,9.864112,1.5271618E-4,-4.5814854E-4,3.0543236E-4,0.31468153,-0.2645114,9.79803,-7.7310205E-4,0.0023477674,0.066082,21.900002,42.375,-7.425,-0.0033451174,-0.01730013,0.1695063,0.9853695,-19.509485,0.71377003,-1.888958,11.05532216,76.92713331,396.90955,0.0,,3.8085587,0.73,2,2
21.540,416855002175319,0.31480572,-0.26440692,9.863066,1.5271618E-4,-4.5814854E-4,-1.5271618E-4,0.3145608,-0.2644835,9.798036,2.4491549E-4,7.660687E-5,0.0650301,21.150002,42.600002,-5.55,-0.0033452592,-0.017300146,0.1695063,0.9853695,-19.509485,0.71378636,-1.8889569,11.05532216,76.92713331,396.90955,0.0,,3.8085587,0.75,2,2
21.560,416855022175319,0.3130111,-0.26650062,9.865458,1.5271618E-4,0.0,-4.5814854E-4,0.31444317,-0.26438332,9.798041,-0.0014320612,-0.002117306,0.06741667,22.650002,43.050003,-8.85,-0.003345402,-0.017300159,0.1695063,0.9853695,-19.509487,0.71380275,-1.8889556,11.05532216,76.92713331,396.90955,0.0,,3.8085587,0.77,2,2
21.580,416855042175319,0.31405798,-0.26395825,9.856186,1.5271618E-4,2.2907427E-4,-4.5814854E-4,0.3144014,-0.2644667,9.79804,-3.4341216E-4,5.084574E-4,0.058146,22.050001,42.675003,-7.7250004,-0.0033455438,-0.017300172,0.1695063,0.9853695,-19.509487,0.713819,-1.8889544,11.05532216,76.92713331,396.90955,0.0,,3.8085587,0.79,2,2
21.600,416855062175319,0.3164508,-0.26949164,9.862916,1.5271618E-4,2.2907427E-4,4.5814854E-4,0.31437892,-0.2645126,9.798039,0.0020718873,-0.004979044,0.06487656,20.925001,42.825,-6.525,-0.003345689,-0.017300187,0.1695063,0.9853695,-19.509487,0.71383566,-1.8889531,11.05532216,76.92713331,396.90955,0.0,,3.8085587,0.81,2,2
21.620,416855082175319,0.3167499,-0.26859432,9.866804,1.5271618E-4,1.5271618E-4,2.2907427E-4,0.3145034,-0.26453257,9.798036,0.002246499,-0.0040617734,0.0687685,20.475,42.15,-5.1000004,-0.0033458378,-0.017300203,0.1695063,0.9853695,-19.509485,0.7138528,-1.8889523,11.05532216,76.92713331,396.90955,0.0,,3.8085587,0.83,2,2
21.640,416855102175319,0.31689945,-0.26769704,9.856784,1.5271618E-4,-4.5814854E-4,-3.0543236E-4,0.31456542,-0.2645187,9.798034,0.0023340285,-0.0031783283,0.058750153,20.625,42.45,-5.025,-0.003345983,-0.017300222,0.1695063,0.9853695,-19.509485,0.7138696,-1.8889515,11.05532216,76.92713331,396.90955,0.0,,3.8085587,0.85,2,2
21.660,416855122175319,0.3155535,-0.26470602,9.862467,-1.5271618E-4,-4.5814854E-4,7.635809E-4,0.31460577,-0.26457098,9.798031,9.4771385E-4,-1.3501942E-4,0.064436436,20.925001,42.525,-4.275,-0.0033461268,-0.017300237,0.1695063,0.9853695,-19.509485,0.71388614,-1.8889502,11.05532216,76.92713331,396.90955,0.0,,3.8085587,0.87,2,2
21.680,416855142175319,0.3152544,-0.26470602,9.872786,-6.108647E-4,-4.5814854E-4,7.635809E-4,0.31432045,-0.26456168,9.79804,9.339452E-4,-1.4431775E-4,0.074745655,20.475,42.300003,-5.175,-0.0033462697,-0.017300252,0.1695063,0.9853695,-19.509485,0.7139026,-1.8889493,11.05532216,76.92713331,396.90955,0.0,,3.8085587,0.89,2,2
21.700,416855162175319,0.31226337,-0.26694927,9.868,1.5271618E-4,6.872228E-4,2.2907427E-4,0.3142448,-0.26458162,9.798042,-0.001981452,-0.0023676455,0.06995821,20.775002,42.15,-4.275,-0.003346414,-0.017300267,0.1695063,0.9853695,-19.509485,0.7139191,-1.8889482,11.05532216,76.92713331,396.90955,0.0,,3.8085587,0.91,2,2
21.720,416855182175319,0.31345975,-0.2675475,9.854542,1.5271618E-4,-7.635809E-5,4.5814854E-4,0.3143023,-0.2646698,9.798038,-8.4252656E-4,-0.0028776824,0.056503773,22.050001,42.75,-6.4500003,-0.0033465596,-0.017300276,0.1695063,0.9853695,-19.509485,0.7139358,-1.8889464,11.05532216,76.92713331,396.90955,0.0,,3.8085587,0.93,2,2
21.740,416855202175319,0.3152544,-0.2675475,9.868748,-3.0543236E-4,-4.5814854E-4,-4.5814854E-4,0.31442553,-0.26469487,9.798034,8.288622E-4,-0.0028526187,0.07071447,20.550001,42.600002,-4.5,-0.003346704,-0.017300287,0.1695063,0.9853695,-19.509483,0.7139522,-1.888945,11.05532216,76.92713331,396.90955,0.0,,3.8085587,0.95,2,2
21.760,416855222175319,0.31764722,-0.26784658,9.867702,7.635809E-5,-4.5814854E-4,7.635809E-5,0.31420654,-0.26460558,9.798042,0.0034406632,-0.0032410026,0.06965923,23.025002,42.75,-9.525001,-0.0033468502,-0.017300302,0.1695063,0.9853695,-19.509483,0.71396905,-1.8889439,11.05532216,76.92713331,396.90955,0.0,,3.8085587,0.97,2,2
21.780,416855242175319,0.312712,-0.26470602,9.863813,1.5271618E-4,5.3450663E-4,-4.5814854E-4,0.3144084,-0.26449293,9.798039,-0.001696378,-2.130717E-4,0.065773964,22.425001,42.675003,-7.5750003,-0.0033469934,-0.017300315,0.1695063,0.9853695,-19.509483,0.7139855,-1.8889424,,,,,,,,2,2
21.800,416855262175319,0.31929228,-0.2638087,9.859776,1.5271618E-4,-4.5814854E-4,-4.5814854E-4,0.31455252,-0.2644256,9.798036,0.0047397614,6.169081E-4,0.061739445,21.525002,42.975002,-7.2000003,-0.0033471358,-0.01730033,0.1695063,0.9853695,-19.509483,0.71400183,-1.8889413,11.05532288,76.92713299,396.64856,0.0,,3.7900925,0.01,2,2
21.820,416855282175319,0.31809586,-0.2653042,9.870243,1.5271618E-4,-4.5814854E-4,-4.5814854E-4,0.31445503,-0.26428613,9.798043,0.0036408305,-0.001018092,0.0722003,22.425001,42.375,-8.700001,-0.003347278,-0.017300345,0.1695063,0.9853695,-19.509483,0.71401817,-1.8889402,11.05532288,76.92713299,396.64856,0.0,,3.7900925,0.03,2,2
21.840,416855302175319,0.31450665,-0.26276183,9.862318,1.5271618E-4,1.5271618E-4,7.635809E-5,0.3144343,-0.26423636,9.798045,7.234514E-5,0.0014745295,0.06427288,20.925001,42.9,-5.4750004,-0.0033474213,-0.017300358,0.1695063,0.9853695,-19.509483,0.7140346,-1.888939,11.05532288,76.92713299,396.64856,0.0,,3.7900925,0.05,2,2
21.860,416855322175319,0.31809586,-0.2653042,9.861719,1.5271618E-4,3.8179045E-4,3.8179045E-4,0.31435207,-0.26430035,9.798046,0.0037437826,-0.0010038763,0.063673496,21.375,42.375,-6.15,-0.0033475652,-0.017300377,0.1695063,0.9853695,-19.509483,0.71405125,-1.8889383,11.05532288,76.92713299,396.64856,0.0,,3.7900925,0.07,2,2
21.880,416855342175319,0.31420752,-0.26859432,9.864561,1.5271618E-4,7.635809E-5,7.635809E-4,0.31431246,-0.2642933,9.798047,-1.0493398E-4,-0.0043010265,0.066514015,20.925001,42.9,-5.4750004,-0.0033477102,-0.01730039,0.1695063,0.9853695,-19.509483,0.7140679,-1.8889369,11.05532288,76.92713299,396.64856,0.0,,3.7900925,0.09,2,2
21.900,416855362175319,0.3152544,-0.26679975,9.8682995,1.5271618E-4,0.0,1.5271618E-4,0.31441897,-0.2641812,9.798047,8.354187E-4,-0.0026185364,0.07025242,21.150002,42.15,-5.4750004,-0.003347855,-0.017300405,0.1695063,0.9853695,-19.509483,0.71408457,-1.8889358,11.05532288,76.92713299,396.64856,0.0,,3.7900925,0.11,2,2
21.920,416855382175319,0.31615168,-0.26395825,9.871441,1.5271618E-4,-6.872228E-4,-4.5814854E-4,0.3142723,-0.2640617,9.798056,0.0018793792,1.0344386E-4,0.07338476,20.775002,42.75,-4.125,-0.0033479992,-0.017300418,0.1695063,0.9853695,-19.509483,0.714101,-1.8889345,11.05532288,76.92713299,396.64856,0.0,,3.7900925,0.13,2,2
21.940,416855402175319,0.31345975,-0.26321048,9.864711,1.5271618E-4,2.2907427E-4,0.0,0.31452355,-0.26399806,9.79805,-0.001063779,7.875711E-4,0.06666088,21.075,42.300003,-5.8500004,-0.0033481442,-0.01730043,0.1695063,0.9853695,-19.509483,0.71411765,-1.8889332,11.05532288,76.92713299,396.64856,0.0,,3.7900925,0.15,2,2
21.960,416855422175319,0.32093734,-0.26470602,9.859028,1.5271618E-4,-4.5814854E-4,-3.0543236E-4,0.31454244,-0.2641065,9.798045,0.006394893,-5.994886E-4,0.060982227,21.225,42.525,-6.15,-0.003348288,-0.01730045,0.1695063,0.9853695,-19.509483,0.71413434,-1.8889323,11.05532288,76.92713299,396.64856,0.0,,3.7900925,0.17,2,2
21.980,416855442175319,0.31435707,-0.26994032,9.866953,1.5271618E-4,-4.5814854E-4,5.3450663E-4,0.31447634,-0.26437873,9.79804,-1.19268894E-4,-0.0055615753,0.06891298,21.825,42.675003,-7.9500003,-0.0033484364,-0.01730046,0.1695063,0.9853695,-19.509481,0.71415126,-1.8889307,11.05532288,76.92713299,396.64856,0.0,,3.7900925,0.19,2,2
22.000,416855462175319,0.31734812,-0.2696412,9.868898,-7.635809E-4,4.5814854E-4,4.5814854E-4,0.31456214,-0.2644635,9.798036,0.0027859658,-0.0051776767,0.07086229,21.075,42.675003,-6.6000004,-0.0033485817,-0.01730048,0.1695063,0.9853695,-19.509481,0.7141681,-1.88893,11.05532288,76.92713299,396.64856,0.0,,3.7900925,0.21,2,2
22.020,416855482175319,0.31674987,-0.2653042,9.860074,-5.3450663E-4,-3.8179045E-4,1.5271618E-4,0.3145056,-0.26445284,9.798037,0.0022442788,-8.5136294E-4,0.062037468,21.150002,42.825,-6.525,-0.0033487254,-0.017300494,0.1695063,0.9853695,-19.509481,0.7141846,-1.8889289,11.05532288,76.92713299,396.64856,0.0,,3.7900925,0.23,2,2
22.040,416855502175319,0.31809586,-0.2666502,9.860822,1.5271618E-4,5.3450663E-4,6.108647E-4,0.3146035,-0.2644432,9.798035,0.0034923553,-0.002206996,0.062787056,21.0,42.600002,-5.775,-0.0033488704,-0.017300513,0.1695063,0.9853695,-19.509481,0.7142013,-1.8889283,11.05532288,76.92713299,396.64856,0.0,,3.7900925,0.25,2,2
22.060,416855522175319,0.31674987,-0.26186454,9.868749,-7.635809E-4,-4.5814854E-4,-4.5814854E-4,0.31458536,-0.26448137,9.798034,0.0021645278,0.0026168376,0.07071495,20.7,42.675003,-5.7000003,-0.0033490087,-0.017300526,0.1695063,0.9853695,-19.509481,0.7142172,-1.888927,11.05532288,76.92713299,396.64856,0.0,,3.7900925,0.27,2,2
22.080,416855542175319,0.31630123,-0.2675475,9.864262,0.0,7.635809E-5,-4.5814854E-4,0.31453434,-0.26454943,9.798034,0.0017669052,-0.002998054,0.06622839,21.375,42.600002,-5.4,-0.0033491543,-0.017300542,0.1695063,0.9853695,-19.509481,0.71423393,-1.8889261,11.05532288,76.92713299,396.64856,0.0,,3.7900925,0.29,2,2
22.100,416855562175319,0.3155535,-0.26635107,9.867851,-3.0543236E-4,7.635809E-5,-4.5814854E-4,0.31459078,-0.26445028,9.798035,9.627044E-4,-0.0019007921,0.06981611,21.300001,42.600002,-6.0750003,-0.0033492974,-0.01730056,0.1695063,0.9853695,-19.50948,0.71425045,-1.8889253,11.05532288,76.92713299,396.64856,0.0,,3.7900925,0.31,2,2
22.120,416855582175319,0.31704903,-0.26425734,9.863664,1.5271618E-4,-1.5271618E-4,-4.5814854E-4,0.31456602,-0.26439318,9.798038,0.0024829954,1.3583899E-4,0.065626144,20.85,42.525,-5.25,-0.0033494404,-0.017300574,0.1695063,0.9853695,-19.50948,0.7142669,-1.888924,11.05532288,76.92713299,396.64856,0.0,,3.7900925,0.33,2,2
22.140,416855602175319,0.31719857,-0.26545376,9.864262,1.5271618E-4,2.2907427E-4,0.0,0.31445712,-0.264182,9.798047,0.0027414411,-0.0012717694,0.06621456,20.325,42.525,-4.2000003,-0.0033495838,-0.017300587,0.1695063,0.9853695,-19.50948,0.7142833,-1.8889228,11.05532288,76.92713299,396.64856,0.0,,3.7900925,0.35,2,2
22.160,416855622175319,0.31405798,-0.26365915,9.863066,6.872228E-4,1.5271618E-4,7.635809E-4,0.31437257,-0.26424122,9.798047,-3.1459332E-4,5.8206916E-4,0.06501818,21.675001,42.300003,-5.8500004,-0.0033497266,-0.0173006,0.1695063,0.9853695,-19.50948,0.7142997,-1.8889217,11.05532288,76.92713299,396.64856,0.0,,3.7900925,0.37,2,2
22.180,416855642175319,0.3136093,-0.26709884,9.860523,-7.635809E-5,0.0,5.3450663E-4,0.31463805,-0.2642343,9.798039,-0.0010287315,-0.0028645247,0.06248331,21.225,42.825,-6.525,-0.0033498723,-0.01730061,0.1695063,0.9853695,-19.50948,0.7143163,-1.88892,11.05532288,76.92713299,396.64856,0.0,,3.7900925,0.39,2,2
22.200,416855662175319,0.31839496,-0.26216364,9.863813,-6.108647E-4,-0.0010690133,-4.5814854E-4,0.31471586,-0.26430562,9.798035,0.0036791116,0.0021419823,0.065778255,22.650002,42.600002,-8.925,-0.0033500157,-0.017300623,0.1695063,0.9853695,-19.50948,0.7143327,-1.8889186,11.05532288,76.92713299,396.64856,0.0,,3.7900925,0.41,2,2
22.220,416855682175319,0.31630123,-0.2656033,9.866056,-4.5814854E-4,-4.5814854E-4,-4.5814854E-4,0.31479692,-0.26449305,9.798027,0.0015043169,-0.0011102557,0.0680294,21.0,42.825,-5.625,-0.00335016,-0.017300636,0.1695063,0.9853695,-19.50948,0.7143493,-1.8889172,11.05532288,76.92713299,396.64856,0.0,,3.7900925,0.43,2,2
22.240,416855702175319,0.31630123,-0.2669493,9.865907,-8.39939E-4,-4.5814854E-4,-4.5814854E-4,0.31484103,-0.26437572,9.798029,0.0014602095,-0.0025735646,0.06787777,21.150002,42.975002,-5.4750004,-0.003350302,-0.017300654,0.1695063,0.9853695,-19.50948,0.7143657,-1.8889166,11.05532288,76.92713299,396.64856,0.0,,3.7900925,0.45,2,2
22.260,416855722175319,0.3152544,-0.26365915,9.865458,1.5271618E-4,-4.5814854E-4,7.635809E-5,0.3146689,-0.26432687,9.798036,5.854964E-4,6.6772103E-4,0.06742239,21.75,42.975002,-8.025001,-0.003350445,-0.017300673,0.1695063,0.9853695,-19.50948,0.71438223,-1.8889159,11.05532288,76.92713299,396.64856,0.0,,3.7900925,0.47,2,2
22.280,416855742175319,0.3121138,-0.2656033,9.866205,1.5271618E-4,7.635809E-5,-4.5814854E-4,0.31453148,-0.26446864,9.798037,-0.0024176836,-0.0011346638,0.06816912,21.900002,42.45,-7.425,-0.0033505873,-0.017300684,0.1695063,0.9853695,-19.50948,0.71439844,-1.8889146,11.05532288,76.92713299,396.64856,0.0,,3.7900925,0.49,2,2
22.300,416855762175319,0.30927235,-0.26784658,9.854092,-3.8179045E-4,-4.5814854E-4,-4.5814854E-4,0.31460604,-0.2644551,9.798034,-0.0053337067,-0.0033914745,0.056058407,20.925001,42.675003,-4.7250004,-0.003350735,-0.017300695,0.1695063,0.9853695,-19.50948,0.7144154,-1.8889127,11.05532288,76.92713299,396.64856,0.0,,3.7900925,0.51,2,2
22.320,416855782175319,0.31809586,-0.2669493,9.872936,1.5271618E-4,-1.5271618E-4,-4.5814854E-4,0.31445974,-0.2644892,9.798038,0.0036361217,-0.0024600774,0.07489824,20.475,42.525,-4.2000003,-0.003350879,-0.017300712,0.1695063,0.9853695,-19.50948,0.71443194,-1.8889118,11.05532288,76.92713299,396.64856,0.0,,3.7900925,0.53,2,2
22.340,416855802175319,0.3133102,-0.26814568,9.86142,1.5271618E-4,2.2907427E-4,0.0,0.31451684,-0.26452377,9.798035,-0.0012066215,-0.003621921,0.06338549,20.7,42.525,-5.175,-0.0033510248,-0.017300725,0.1695063,0.9853695,-19.509478,0.71444875,-1.8889105,11.05532288,76.92713299,396.64856,0.0,,3.7900925,0.55,2,2
22.360,416855822175319,0.31510484,-0.2650051,9.856785,-3.8179045E-4,-4.5814854E-4,7.635809E-5,0.31458333,-0.26439315,9.798037,5.2151084E-4,-6.119609E-4,0.05874777,21.825,42.225002,-6.675,-0.003351168,-0.01730074,0.1695063,0.9853695,-19.509478,0.71446514,-1.8889096,11.05532288,76.92713299,396.64856,0.0,,3.7900925,0.57,2,2
22.380,416855842175319,0.31570303,-0.26321048,9.864561,1.5271618E-4,-4.5814854E-4,0.0,0.31447363,-0.2643749,9.79804,0.0012294054,0.0011644214,0.06652069,20.400002,42.225002,-4.875,-0.0033513084,-0.017300755,0.1695063,0.9853695,-19.509478,0.7144813,-1.8889085,11.05532288,76.92713299,396.64856,0.0,,3.7900925,0.59,2,2
22.400,416855862175319,0.31600213,-0.2638087,9.868,-3.8179045E-4,4.5814854E-4,-4.5814854E-4,0.31449366,-0.2641445,9.798047,0.0015084893,3.3581257E-4,0.06995344,21.825,42.225002,-8.025001,-0.00335145,-0.01730077,0.1695063,0.9853695,-19.509478,0.7144976,-1.8889074,11.05532288,76.92713299,396.64856,0.0,,3.7900925,0.61,2,2
22.420,416855882175319,0.31779677,-0.2600699,9.8626175,1.5271618E-4,1.5271618E-4,-4.5814854E-4,0.3144008,-0.2641244,9.79805,0.0033959597,0.0040544868,0.06456709,21.225,42.300003,-5.8500004,-0.0033515878,-0.017300786,0.1695063,0.9853695,-19.509478,0.7145135,-1.8889065,11.05532288,76.92713299,396.64856,0.0,,3.7900925,0.63,2,2
22.440,416855902175319,0.31660035,-0.2662015,9.8632145,1.5271618E-4,5.3450663E-4,3.0543236E-4,0.31458277,-0.26405546,9.798046,0.0020175874,-0.0021460503,0.06516886,21.675001,42.15,-7.425,-0.0033517338,-0.017300801,0.1695063,0.9853695,-19.509478,0.7145303,-1.8889054,11.05532288,76.92713299,396.64856,0.0,,3.7900925,0.65,2,2
22.460,416855922175319,0.31929225,-0.26246274,9.869795,-2.2907427E-4,-4.5814854E-4,2.2907427E-4,0.3145544,-0.26411653,9.798045,0.004737869,0.0016537905,0.071750164,20.550001,42.975002,-5.4750004,-0.003351874,-0.017300816,0.1695063,0.9853695,-19.509476,0.7145464,-1.8889042,11.05532288,76.92713299,396.64856,0.0,,3.7900925,0.67,2,2
22.480,416855942175319,0.3194418,-0.2650051,9.867552,-4.5814854E-4,6.108647E-4,1.5271618E-4,0.31437042,-0.26415744,9.79805,0.0050713867,-8.4766746E-4,0.06950188,21.900002,42.375,-7.2000003,-0.0033520143,-0.017300835,0.1695063,0.9853695,-19.509476,0.7145626,-1.8889037,11.05532288,76.92713299,396.64856,0.0,,3.7900925,0.69,2,2
22.500,416855962175319,0.3139084,-0.26799613,9.857831,1.5271618E-4,5.3450663E-4,-4.5814854E-4,0.31451994,-0.26417994,9.798044,-6.1152875E-4,-0.0038161874,0.059786797,21.6,42.9,-5.025,-0.0033521617,-0.01730085,0.1695063,0.9853695,-19.509476,0.7145795,-1.8889024,11.05532288,76.92713299,396.64856,0.0,,3.7900925,0.71,2,2
22.520,416855982175319,0.3179463,-0.2675475,9.866356,1.5271618E-4,-4.5814854E-4,-4.5814854E-4,0.3144967,-0.26406774,9.798048,0.003449604,-0.003479734,0.06830788,21.525002,42.75,-6.3750005,-0.0033523086,-0.017300865,0.1695063,0.9853695,-19.509476,0.7145964,-1.8889014,11.05532288,76.92713299,396.64856,0.0,,3.7900925,0.73,2,2
22.540,416856002175319,0.31899315,-0.26650062,9.863365,6.872228E-4,5.3450663E-4,-4.5814854E-4,0.31450352,-0.2639881,9.798051,0.0044896454,-0.0025125146,0.065313816,21.075,42.45,-5.025,-0.0033524483,-0.017300883,0.1695063,0.9853695,-19.509476,0.71461254,-1.8889008,11.05532288,76.92713299,396.64856,0.0,,3.7900925,0.75,2,2
22.560,416856022175319,0.31450665,-0.26395825,9.858728,1.5271618E-4,-3.8179045E-4,7.635809E-4,0.31441253,-0.26402506,9.798053,9.410083E-5,6.681681E-5,0.06067562,20.775002,42.375,-4.8,-0.0033525913,-0.017300896,0.1695063,0.9853695,-19.509474,0.71462893,-1.8888994,11.05532288,76.92713299,396.64856,0.0,,3.7900925,0.77,2,2
22.580,416856042175319,0.31630123,-0.26769704,9.863664,1.5271618E-4,4.5814854E-4,7.635809E-4,0.31453338,-0.26412466,9.798046,0.0017678589,-0.0035723746,0.06561756,21.300001,42.525,-6.9,-0.0033527391,-0.017300913,0.1695063,0.9853695,-19.509474,0.7146459,-1.8888986,11.05532288,76.92713299,396.64856,0.0,,3.7900925,0.79,2,2
22.600,416856062175319,0.31719857,-0.26709884,9.867104,-3.0543236E-4,-4.5814854E-4,-2.2907427E-4,0.31455532,-0.26410875,9.798044,0.0026432425,-0.002990082,0.069058895,20.1,42.375,-4.425,-0.0033528823,-0.01730093,0.1695063,0.9853695,-19.509474,0.7146624,-1.8888978,11.05532288,76.92713299,396.64856,0.0,,3.7900925,0.81,2,2
22.620,416856082175319,0.31764722,-0.2659024,9.861121,1.5271618E-4,7.635809E-5,6.872228E-4,0.31464842,-0.2641113,9.798042,0.002998799,-0.0017911047,0.06307888,21.0,42.375,-5.25,-0.0033530267,-0.017300947,0.1695063,0.9853695,-19.509474,0.714679,-1.8888967,11.05532288,76.92713299,396.64856,0.0,,3.7900925,0.83,2,2
22.640,416856102175319,0.31630123,-0.26665017,9.855289,1.5271618E-4,-4.5814854E-4,2.2907427E-4,0.31470484,-0.26404747,9.798042,0.0015964061,-0.0026026964,0.057246685,21.825,42.675003,-6.9750004,-0.0033531704,-0.017300962,0.1695063,0.9853695,-19.509474,0.7146956,-1.8888954,11.05532288,76.92713299,396.64856,0.0,,3.7900925,0.85,2,2
22.660,416856122175319,0.31540394,-0.26455647,9.859327,1.5271618E-4,-4.5814854E-4,3.0543236E-4,0.31470534,-0.26395127,9.798045,6.9858134E-4,-6.0518086E-4,0.06128168,20.85,42.225002,-5.025,-0.003353315,-0.017300976,0.1695063,0.9853695,-19.509474,0.71471214,-1.8888943,11.05532288,76.92713299,396.64856,0.0,,3.7900925,0.87,2,2
22.680,416856142175319,0.31749767,-0.26380867,9.866356,1.5271618E-4,1.5271618E-4,2.2907427E-4,0.31486848,-0.26410124,9.798035,0.0026291758,2.925545E-4,0.06832075,22.5,42.525,-8.625,-0.003353458,-0.017300993,0.1695063,0.9853695,-19.509472,0.71472865,-1.8888935,11.05532288,76.92713299,396.64856,0.0,,3.7900925,0.89,2,2
22.700,416856162175319,0.31869406,-0.26799613,9.861122,-3.8179045E-4,-4.5814854E-4,2.2907427E-4,0.31494707,-0.2640077,9.798036,0.0037470013,-0.0039884597,0.06308603,21.900002,42.45,-7.425,-0.003353604,-0.017301012,0.1695063,0.9853695,-19.509472,0.7147455,-1.8888929,11.05532288,76.92713299,396.64856,0.0,,3.7900925,0.91,2,2
22.720,416856182175319,0.31630126,-0.2638087,9.857382,1.5271618E-4,-4.5814854E-4,3.8179045E-4,0.31490672,-0.26394683,9.7980385,0.0013945401,1.3813376E-4,0.059343815,22.650002,42.600002,-9.150001,-0.0033537473,-0.01730103,0.1695063,0.9853695,-19.509472,0.71476203,-1.8888922,11.05532288,76.92713299,396.64856,0.0,,3.7900925,0.93,2,2
22.740,416856202175319,0.31286156,-0.26485556,9.866206,1.5271618E-4,-4.5814854E-4,7.635809E-5,0.31494856,-0.26384318,9.798039,-0.002086997,-0.0010123849,0.06816673,21.675001,42.075,-6.15,-0.0033538905,-0.017301042,0.1695063,0.9853695,-19.509472,0.7147784,-1.8888907,11.05532288,76.92713299,396.64856,0.0,,3.7900925,0.95,2,2
22.760,416856222175319,0.3155535,-0.26365915,9.872337,1.5271618E-4,-4.5814854E-4,0.0,0.31515703,-0.26382232,9.798034,3.964603E-4,1.6316772E-4,0.07430363,22.425001,42.825,-7.5750003,-0.0033540337,-0.017301057,0.1695063,0.9853695,-19.509472,0.7147949,-1.8888897,11.05532288,76.92713299,396.64856,0.0,,3.7900925,0.97,2,2
22.780,416856242175319,0.32033914,-0.26306093,9.864561,-3.8179045E-4,-4.5814854E-4,-4.5814854E-4,0.3151839,-0.26364574,9.798037,0.0051552206,5.847961E-4,0.066524506,21.150002,42.15,-5.3250003,-0.0033541752,-0.017301077,0.1695063,0.9853695,-19.509472,0.71481127,-1.8888892,11.05532288,76.92713299,396.64856,0.0,,3.7900925,0.99,2,2
22.800,416856262175319,0.31510484,-0.26126632,9.8654585,1.5271618E-4,-4.5814854E-4,-4.5814854E-4,0.31516165,-0.26382276,9.798034,-5.6803226E-5,0.0025564432,0.067424774,21.225,42.675003,-5.1000004,-0.0033543136,-0.017301092,0.1695063,0.9853695,-19.509472,0.71482724,-1.8888881,11.05532281,76.9271329,396.62494,0.0,,3.7900925,0.01,2,2
22.820,416856282175319,0.3136093,-0.2714358,9.865309,7.635809E-5,-4.5814854E-4,-4.5814854E-4,0.31522602,-0.26389658,9.79803,-0.0016167015,-0.0075392276,0.06727886,21.300001,42.15,-5.025,-0.0033544563,-0.017301105,0.1695063,0.9853695,-19.509472,0.7148436,-1.8888869,11.05532281,76.9271329,396.62494,0.0,,3.7900925,0.03,2,2
22.840,416856302175319,0.3179463,-0.26620153,9.865009,-3.0543236E-4,-2.2907427E-4,3.0543236E-4,0.31501883,-0.2640167,9.798033,0.0029274821,-0.002184838,0.066977024,21.975,42.15,-7.275,-0.003354598,-0.017301118,0.1695063,0.9853695,-19.509472,0.71485984,-1.8888859,11.05532281,76.9271329,396.62494,0.0,,3.7900925,0.05,2,2
22.860,416856322175319,0.3094219,-0.27008986,9.85813,1.5271618E-4,-2.2907427E-4,3.0543236E-4,0.31519172,-0.2638817,9.798031,-0.005769834,-0.0062081367,0.0600996,20.7,42.45,-4.3500004,-0.003354747,-0.017301127,0.1695063,0.9853695,-19.509472,0.71487683,-1.888884,11.05532281,76.9271329,396.62494,0.0,,3.7900925,0.07,2,2
22.880,416856342175319,0.31989047,-0.26276183,9.872936,1.5271618E-4,-4.5814854E-4,-4.5814854E-4,0.31506824,-0.264296,9.798024,0.0048222244,0.001534164,0.074911594,21.900002,42.45,-7.425,-0.0033548875,-0.017301144,0.1695063,0.9853695,-19.509472,0.71489304,-1.888883,11.05532281,76.9271329,396.62494,0.0,,3.7900925,0.09,2,2
22.900,416856362175319,0.3164508,-0.27337998,9.864411,-8.39939E-4,5.3450663E-4,0.0,0.31499958,-0.26425213,9.798027,0.0014512241,-0.009127855,0.066384315,21.0,42.600002,-6.0,-0.0033550353,-0.01730116,0.1695063,0.9853695,-19.509472,0.71491003,-1.8888822,11.05532281,76.9271329,396.62494,0.0,,3.7900925,0.11,2,2
22.920,416856382175319,0.3118147,-0.26769704,9.854242,5.3450663E-4,-4.5814854E-4,4.5814854E-4,0.31497213,-0.26444736,9.798023,-0.0031574368,-0.0032496601,0.056218624,22.125,42.75,-9.150001,-0.0033551827,-0.017301176,0.1695063,0.9853695,-19.50947,0.714927,-1.888881,11.05532281,76.9271329,396.62494,0.0,,3.7900925,0.13,2,2
22.940,416856402175319,0.3167499,-0.2702394,9.865757,-3.0543236E-4,7.635809E-5,-3.0543236E-4,0.31511462,-0.26441625,9.798018,0.0016352832,-0.005823165,0.06773901,21.675001,42.75,-7.5000005,-0.003355329,-0.01730119,0.1695063,0.9853695,-19.50947,0.7149438,-1.8888799,11.05532281,76.9271329,396.62494,0.0,,3.7900925,0.15,2,2
22.960,416856422175319,0.31839496,-0.26545376,9.865608,0.0,-4.5814854E-4,-3.0543236E-4,0.3149401,-0.26452905,9.798021,0.003454864,-9.2470646E-4,0.06758642,21.225,42.375,-6.3,-0.0033554714,-0.017301207,0.1695063,0.9853695,-19.50947,0.7149602,-1.8888788,11.05532281,76.9271329,396.62494,0.0,,3.7900925,0.17,2,2
22.980,416856442175319,0.31420752,-0.26365915,9.871141,-0.0010690133,3.8179045E-4,2.2907427E-4,0.3147959,-0.26460087,9.798024,-5.8838725E-4,9.417236E-4,0.073117256,21.675001,42.675003,-7.9500003,-0.0033556123,-0.017301219,0.1695063,0.9853695,-19.50947,0.7149763,-1.8888773,11.05532281,76.9271329,396.62494,0.0,,3.7900925,0.19,2,2
23.000,416856462175319,0.31630123,-0.26799613,9.851998,0.0,7.635809E-4,-3.0543236E-4,0.31482837,-0.26455864,9.798024,0.0014728755,-0.0034375042,0.05397415,21.825,42.75,-7.9500003,-0.0033557573,-0.017301232,0.1695063,0.9853695,-19.50947,0.71499294,-1.888876,11.05532281,76.9271329,396.62494,0.0,,3.7900925,0.21,2,2
23.020,416856482175319,0.3185445,-0.26620153,9.870693,1.5271618E-4,1.5271618E-4,-4.5814854E-4,0.3147614,-0.26455194,9.798026,0.0037831217,-0.0016495883,0.072666645,20.1,42.300003,-5.1000004,-0.0033558984,-0.017301248,0.1695063,0.9853695,-19.50947,0.7150092,-1.8888751,11.05532281,76.9271329,396.62494,0.0,,3.7900925,0.23,2,2
23.040,416856502175319,0.3167499,-0.26709884,9.869197,1.5271618E-4,3.0543236E-4,0.0,0.31481022,-0.2646176,9.798023,0.0019396842,-0.002481237,0.07117367,20.325,42.225002,-4.425,-0.0033560432,-0.017301267,0.1695063,0.9853695,-19.509468,0.7150259,-1.8888745,11.05532281,76.9271329,396.62494,0.0,,3.7900925,0.25,2,2
23.060,416856522175319,0.3167499,-0.26919255,9.864112,1.5271618E-4,-2.2907427E-4,0.0,0.31472105,-0.26487106,9.798019,0.0020288527,-0.0043214858,0.06609249,22.35,41.925003,-7.65,-0.003356187,-0.017301282,0.1695063,0.9853695,-19.509468,0.7150425,-1.8888735,11.05532281,76.9271329,396.62494,0.0,,3.7900925,0.27,2,2
23.080,416856542175319,0.31136605,-0.26844478,9.858728,-9.162971E-4,-4.5814854E-4,-3.0543236E-4,0.3146392,-0.264823,9.798023,-0.0032731593,-0.0036217868,0.060705185,21.675001,42.300003,-7.2000003,-0.003356336,-0.017301291,0.1695063,0.9853695,-19.509468,0.71505946,-1.8888716,11.05532281,76.9271329,396.62494,0.0,,3.7900925,0.29,2,2
23.100,416856562175319,0.31869406,-0.26605195,9.865309,1.5271618E-4,7.635809E-4,7.635809E-4,0.314472,-0.26462594,9.798034,0.00422208,-0.0014260262,0.06727505,20.025002,42.300003,-3.825,-0.0033564805,-0.017301306,0.1695063,0.9853695,-19.509468,0.7150761,-1.8888705,11.05532281,76.9271329,396.62494,0.0,,3.7900925,0.31,2,2
23.120,416856582175319,0.31600213,-0.26156545,9.869347,1.5271618E-4,7.635809E-4,7.635809E-4,0.31429124,-0.26459405,9.79804,0.0017109066,0.0030286163,0.07130623,20.400002,42.300003,-5.1000004,-0.0033566228,-0.017301321,0.1695063,0.9853695,-19.509468,0.7150924,-1.8888694,11.05532281,76.9271329,396.62494,0.0,,3.7900925,0.33,2,2
23.140,416856602175319,0.31510484,-0.26620153,9.857681,1.5271618E-4,7.635809E-4,-3.8179045E-4,0.3144129,-0.26457116,9.798038,6.919354E-4,-0.0016303658,0.059643745,21.45,42.825,-5.775,-0.0033567674,-0.017301336,0.1695063,0.9853695,-19.509468,0.71510905,-1.8888681,11.05532281,76.9271329,396.62494,0.0,,3.7900925,0.35,2,2
23.160,416856622175319,0.317049,-0.26665017,9.863514,1.5271618E-4,-4.5814854E-4,-4.5814854E-4,0.31458703,-0.26465005,9.798029,0.0024619699,-0.0020001233,0.06548548,20.475,42.525,-4.5,-0.003356912,-0.017301353,0.1695063,0.9853695,-19.509468,0.71512574,-1.8888673,11.05532281,76.9271329,396.62494,0.0,,3.7900925,0.37,2,2
23.180,416856642175319,0.31869406,-0.26949164,9.85828,1.5271618E-4,-4.5814854E-4,0.0,0.3147786,-0.26486757,9.7980175,0.003915459,-0.0046240687,0.060262203,21.75,42.825,-6.4500003,-0.0033570617,-0.01730137,0.1695063,0.9853695,-19.509468,0.7151429,-1.8888662,11.05532281,76.9271329,396.62494,0.0,,3.7900925,0.39,2,2
23.200,416856662175319,0.31959137,-0.26799613,9.866804,-9.162971E-4,-4.5814854E-4,-4.5814854E-4,0.3147153,-0.26483366,9.79802,0.004876077,-0.0031624734,0.06878376,21.900002,42.9,-8.325001,-0.0033572062,-0.017301384,0.1695063,0.9853695,-19.509468,0.71515954,-1.8888651,11.05532281,76.9271329,396.62494,0.0,,3.7900925,0.41,2,2
23.220,416856682175319,0.31585258,-0.26635107,9.863365,1.5271618E-4,1.5271618E-4,7.635809E-4,0.31465584,-0.26492333,9.79802,0.001196757,-0.0014277399,0.06534433,22.125,42.600002,-7.5000005,-0.0033573494,-0.017301397,0.1695063,0.9853695,-19.509468,0.715176,-1.8888638,11.05532281,76.9271329,396.62494,0.0,,3.7900925,0.43,2,2
23.240,416856702175319,0.31764722,-0.26859432,9.870842,-1.5271618E-4,4.5814854E-4,4.5814854E-4,0.31470177,-0.26510352,9.798014,0.002945438,-0.0034908205,0.07282829,21.675001,42.9,-5.1000004,-0.003357494,-0.017301412,0.1695063,0.9853695,-19.509468,0.7151925,-1.8888627,11.05532281,76.9271329,396.62494,0.0,,3.7900925,0.45,2,2
23.260,416856722175319,0.31540394,-0.2659024,9.866804,-0.0010690133,-4.5814854E-4,5.3450663E-4,0.31447324,-0.26523095,9.7980175,9.306967E-4,-6.714612E-4,0.06878662,21.675001,42.9,-6.3750005,-0.0033576395,-0.017301429,0.1695063,0.9853695,-19.509468,0.7152093,-1.8888619,11.05532281,76.9271329,396.62494,0.0,,3.7900925,0.47,2,2
23.280,416856742175319,0.31390843,-0.26814568,9.862167,-4.5814854E-4,6.872228E-4,1.5271618E-4,0.3142099,-0.26535392,9.798022,-3.014803E-4,-0.0027917624,0.064145565,21.675001,42.825,-7.275,-0.0033577844,-0.017301444,0.1695063,0.9853695,-19.509466,0.71522593,-1.8888608,11.05532281,76.9271329,396.62494,0.0,,3.7900925,0.49,2,2
23.300,416856762175319,0.312712,-0.26859435,9.864262,-3.8179045E-4,7.635809E-4,0.0,0.31401262,-0.26528543,9.798031,-0.0013006032,-0.003308922,0.06623125,21.900002,42.825,-9.075001,-0.0033579313,-0.017301455,0.1695063,0.9853695,-19.509466,0.7152428,-1.8888589,11.05532281,76.9271329,396.62494,0.0,,3.7900925,0.51,2,2
23.320,416856782175319,0.31450665,-0.2659024,9.862168,1.5271618E-4,7.635809E-4,4.5814854E-4,0.31403235,-0.26527134,9.798031,4.7428906E-4,-6.310791E-4,0.06413746,21.75,42.45,-7.5000005,-0.0033580763,-0.017301468,0.1695063,0.9853695,-19.509466,0.71525943,-1.8888576,11.05532281,76.9271329,396.62494,0.0,,3.7900925,0.53,2,2
23.340,416856802175319,0.31734812,-0.2672484,9.860075,1.5271618E-4,1.5271618E-4,7.635809E-4,0.31404015,-0.26518765,9.798032,0.0033079535,-0.0020607263,0.062042713,20.625,42.525,-4.875,-0.003358214,-0.017301485,0.1695063,0.9853695,-19.509466,0.7152752,-1.8888568,11.05532281,76.9271329,396.62494,0.0,,3.7900925,0.55,2,2
23.360,416856822175319,0.31749767,-0.2653042,9.8626175,1.5271618E-4,1.5271618E-4,0.0,0.3139719,-0.2651529,9.798036,0.0035257488,-1.5130639E-4,0.064581394,20.775002,42.15,-4.9500003,-0.003358359,-0.017301498,0.1695063,0.9853695,-19.509466,0.71529186,-1.8888556,11.05532281,76.9271329,396.62494,0.0,,3.7900925,0.57,2,2
23.380,416856842175319,0.31585258,-0.26694927,9.862916,1.5271618E-4,3.8179045E-4,-4.5814854E-4,0.3119855,-0.2653495,9.798094,0.0038671046,-0.0015997589,0.0648222,20.475,42.300003,-4.5,-0.003358503,-0.017301515,0.1695063,0.9853695,-19.509464,0.71530855,-1.8888546,11.05532281,76.9271329,396.62494,0.0,,3.7900925,0.59,2,2
23.400,416856862175319,0.46002015,-0.35443687,9.594322,0.014889827,0.036804598,-0.0083230315,0.26818502,-0.2467551,9.799876,0.19183514,-0.107681766,-0.20555449,20.175001,42.525,-4.275,-0.0052370513,-0.017504135,0.16968891,0.9853213,-19.527382,0.9317204,-1.8751315,11.05532281,76.9271329,396.62494,0.0,,3.7900925,0.61,2,2
23.420,416856882175319,0.33185458,-0.27367908,9.725328,0.09827286,0.23289219,-0.018096868,0.21109255,-0.2239317,9.80182,0.12076205,-0.049747393,-0.076491356,21.225,42.15,-6.3750005,-0.0075438777,-0.017073656,0.1698673,0.9852824,-19.545095,1.1841711,-1.7815251,11.05532281,76.9271329,396.62494,0.0,,3.7900925,0.63,2,2
23.440,416856902175319,0.023928225,-0.07866405,10.146914,0.08918625,0.2557996,-0.007024944,0.21358128,-0.22845243,9.801662,-0.18965305,0.14978838,0.34525156,20.475,42.75,-3.9750001,-0.008409492,-0.015321587,0.16991326,0.98529714,-19.55138,1.2479078,-1.5667391,11.05532281,76.9271329,396.62494,0.0,,3.7900925,0.65,2,2
23.460,416856922175319,0.1788635,-0.20967108,9.889236,-0.02603811,-0.018402299,0.0087048225,0.21878624,-0.23576652,9.8013735,-0.03992274,0.026095428,0.087863445,21.075,42.45,-5.625,-0.008710855,-0.014634908,0.16994877,0.98529977,-19.556017,1.2686307,-1.4832722,11.05532281,76.9271329,396.62494,0.0,,3.7900925,0.67,2,2
23.480,416856942175319,0.373729,-0.293719,9.640383,-0.026267182,1.5271641E-4,0.009162971,0.19461514,-0.2327363,9.801956,0.17911385,-0.060982674,-0.16157293,22.95,42.75,-9.75,-0.008985271,-0.014313348,0.16998968,0.98529625,-19.5609,1.2934216,-1.4415636,11.05532281,76.9271329,396.62494,0.0,,3.7900925,0.69,2,2
23.500,416856962175319,0.09137592,-0.24571297,10.0938225,0.01641699,0.10354157,0.0036651883,0.20340212,-0.23205267,9.801794,-0.1120262,-0.013660297,0.2920289,22.725,42.825,-8.400001,-0.00953396,-0.013311625,0.17006563,0.9852932,-19.570494,1.335983,-1.3176417,11.05532281,76.9271329,396.62494,0.0,,3.7900925,0.71,2,2
23.520,416856982175319,0.027218357,-0.18783659,9.79801,-0.003970621,-0.07414371,3.0543236E-4,0.26699778,-0.23301093,9.800245,-0.23977943,0.045174353,-0.0022349358,21.300001,42.375,-6.8250003,-0.009669829,-0.012870783,0.17009741,0.9852929,-19.574654,1.342781,-1.2651606,11.05532281,76.9271329,396.62494,0.0,,3.7900925,0.73,2,2
23.540,416857002175319,0.21296123,-0.09287143,9.811022,-0.029016074,-0.3305542,6.108647E-4,0.3677579,-0.24653582,9.796651,-0.15479666,0.1536644,0.014370441,21.825,42.525,-6.9,-0.0095656095,-0.013416999,0.17014535,0.98527926,-19.57963,1.3417189,-1.3288226,11.05532281,76.9271329,396.62494,0.0,,3.7900925,0.75,2,2
23.560,416857022175319,0.23853451,-0.3502494,9.719048,-0.05031998,-0.5312996,-0.006032289,0.43596792,-0.25217718,9.793708,-0.19743341,-0.098072246,-0.0746603,20.625,42.375,-5.4,-0.009459552,-0.015779888,0.17017558,0.9852369,-19.580128,1.3758327,-1.5977466,11.05532281,76.9271329,396.62494,0.0,,3.7900925,0.77,2,2
23.580,416857042175319,0.5445167,-0.20324036,10.494471,-0.041080654,-0.33215767,-0.018631374,0.4839609,-0.2479053,9.791564,0.060555786,0.04466493,0.7029071,21.225,42.9,-6.9,-0.009270123,-0.019050758,0.17013553,0.9851829,-19.57126,1.4180983,-1.9709706,11.05532281,76.9271329,396.62494,0.0,,3.7900925,0.79,2,2
23.600,416857062175319,-0.041425735,0.22821547,10.651649,-0.06742419,-0.3378082,-0.07849612,0.57917,-0.26202458,9.786025,-0.6205957,0.49024004,0.8656249,21.225,42.525,-7.3500004,-0.008883794,-0.022044545,0.16985494,0.9851707,-19.535172,1.4321343,-2.3170996,11.05532281,76.9271329,396.62494,0.0,,3.7900925,0.81,2,2
23.620,416857082175319,0.042323038,0.91091764,9.467352,-0.28451025,-0.56329364,-0.25877756,0.5732459,-0.33790407,9.784049,-0.53092283,1.2488217,-0.31669664,20.550001,42.75,-4.9500003,-0.008985431,-0.026067546,0.16875549,0.9852537,-19.40132,1.5187416,-2.771366,11.05532281,76.9271329,396.62494,0.0,,3.7900925,0.83,2,2
23.640,416857102175319,0.6622137,-0.49725845,9.936196,-0.37873614,0.053297948,-0.35834852,0.47139403,-0.46235585,9.784396,0.19081962,-0.03490261,0.15180016,20.400002,43.050003,-5.775,-0.010378476,-0.029009562,0.16656995,0.9855273,-19.13929,1.726055,-3.0809226,11.05532281,76.9271329,396.62494,0.0,,3.7900925,0.85,2,2
23.660,416857122175319,-0.11201401,-2.0279174,10.517652,-0.3791179,0.41668612,-0.21135919,0.36170924,-0.58988285,9.782208,-0.47372323,-1.4380344,0.7354431,19.875,42.825,-4.275,-0.0133264875,-0.029346578,0.16419013,0.9858801,-18.85478,2.0581331,-3.068096,11.05532281,76.9271329,396.62494,0.0,,3.7900925,0.87,2,2
23.680,416857142175319,-1.0733305,-1.9387846,10.600952,-0.6174315,0.52175486,0.012370011,0.27123338,-0.81468993,9.768987,-1.344564,-1.1240947,0.83196545,19.275002,43.050003,-2.8500001,-0.018002536,-0.02752891,0.16260417,0.9861113,-18.66401,2.548075,-2.7791622,11.05532281,76.9271329,396.62494,0.0,,3.7900925,0.89,2,2
23.700,416857162175319,-1.1629118,-3.3779178,10.073185,-1.0806197,0.4179842,0.106519535,0.19771317,-1.1506827,9.7369,-1.360625,-2.227235,0.33628464,20.85,43.050003,-4.8,-0.025466572,-0.025099747,0.16199231,0.9860833,-18.586905,3.345468,-2.3681667,11.05532281,76.9271329,396.62494,0.0,,3.7900925,0.91,2,2
23.720,416857182175319,-1.801945,-4.60065,9.567402,-1.6340631,0.33200496,-0.05810851,0.10791178,-1.559106,9.681319,-1.9098568,-3.041544,-0.113916874,20.7,43.125,-1.35,-0.03677371,-0.023233507,0.16140833,0.9858038,-18.51466,4.5887666,-1.9510323,11.05532281,76.9271329,396.62494,0.0,,3.7900925,0.93,2,2
23.740,416857202175319,-1.4542379,-4.971837,9.820443,-2.020435,0.46761698,-0.32398736,-0.012430831,-1.9824173,9.604178,-1.4418072,-2.9894195,0.21626472,21.525002,43.125,-3.525,-0.052167743,-0.021644244,0.1596802,0.9855123,-18.323107,6.3001103,-1.4989724,11.05532281,76.9271329,396.62494,0.0,,3.7900925,0.95,2,2
23.760,416857222175319,-1.253839,-5.333751,10.614113,-2.1174862,0.73395395,-0.76617706,-0.17999293,-2.369217,9.514452,-1.0738461,-2.9645343,1.0996604,20.1,42.45,-1.575,-0.0700735,-0.022427538,0.1861154,0.97975665,-21.435322,8.375395,-1.0345956,11.05532281,76.9271329,396.62494,0.0,,3.7900925,0.97,2,2
23.780,416857242175319,-3.0810583,-4.7844486,11.3371935,-1.9581268,1.1249074,-1.4120138,-0.38530385,-2.7222128,9.413367,-2.6957545,-2.062236,1.9238262,17.925001,43.275,2.9250002,-0.08975044,-0.020728745,0.19488257,0.97648764,-22.543217,10.565517,-0.32062936,,,,,,,,2,2
23.800,416857262175319,-5.191079,-5.048706,11.987293,-1.7671553,1.4835613,-1.9391137,-0.5996812,-3.0404902,9.304095,-4.5913982,-2.008216,2.6831985,16.725,43.875,5.775,-0.10980054,-0.016010813,0.19112413,0.97527254,-22.245783,12.726126,0.6309405,11.05532605,76.92713019,395.84583,0.0,,3.7900925,0.01,2,2
23.820,416857282175319,-7.4786177,-5.1462135,11.878121,-1.5571706,1.638721,-2.1759002,-0.8569381,-3.2576034,9.209998,-6.6216793,-1.8886104,2.6681232,15.000001,44.175003,7.05,-0.12929328,-0.008776944,0.17891389,0.9752924,-21.014502,14.793623,1.7273723,11.05532605,76.92713019,395.84583,0.0,,3.7900925,0.03,2,2
23.840,416857302175319,-10.235747,-4.0651064,10.038938,-1.0020472,1.8706968,-2.1348195,-1.2301526,-3.3340943,9.140073,-9.005594,-0.73101234,0.89886475,12.375001,44.325,9.0,-0.14642717,7.567208E-4,0.16158473,0.97593474,-19.227936,16.592453,2.9186504,11.05532605,76.92713019,395.84583,0.0,,3.7900925,0.05,2,2
23.860,416857322175319,-11.821291,-4.034598,9.380014,-0.24190243,2.312581,-1.5558724,-1.6869738,-3.3359826,9.066186,-10.134317,-0.69861543,0.31382847,9.150001,45.225002,10.650001,-0.1591753,0.01410232,0.14291981,0.9767488,-17.341658,17.873568,4.401883,11.05532605,76.92713019,395.84583,0.0,,3.7900925,0.07,2,2
23.880,416857342175319,-12.2301655,-3.0737302,8.648708,0.053450663,2.4263546,-0.5487093,-2.1882217,-3.3370805,8.958011,-10.041944,0.26335025,-0.3093028,8.700001,45.075,11.325001,-0.16754673,0.03137386,0.12719615,0.9771207,-15.867318,18.629395,6.296955,11.05532605,76.92713019,395.84583,0.0,,3.7900925,0.09,2,2
23.900,416857362175319,-11.501102,-3.4465618,8.339136,-0.18104504,2.2549307,0.7431933,-2.6987612,-3.3537838,8.811311,-8.802341,-0.09277809,-0.47217417,9.075001,45.375,9.0,-0.17365539,0.05124705,0.118574224,0.9762979,-15.297042,19.08228,8.595616,11.05532605,76.92713019,395.84583,0.0,,3.7900925,0.11,2,2
23.920,416857382175319,-10.9455185,-4.555037,8.462965,-0.6116283,1.9350667,1.9155954,-3.2155352,-3.3558364,8.63534,-7.7299833,-1.1992006,-0.17237473,10.200001,44.7,10.725,-0.17962226,0.0720291,0.11950515,0.9737896,-15.916482,19.427443,11.202393,11.05532605,76.92713019,395.84583,0.0,,3.7900925,0.13,2,2
23.940,416857402175319,-9.966705,-5.4716377,9.530912,-0.97478735,1.680718,2.907258,-3.7119215,-3.295122,8.457789,-6.2547836,-2.1765156,1.0731225,12.375001,43.65,10.125,-0.18653502,0.09280292,0.13049673,0.9693106,-17.789513,19.718534,14.053838,11.05532605,76.92713019,395.84583,0.0,,3.7900925,0.15,2,2
23.960,416857422175319,-8.365906,-6.3405313,11.107035,-1.118875,1.3684897,3.7233732,-4.158101,-3.1378386,8.308703,-4.207805,-3.2026927,2.7983308,16.275002,41.550003,10.200001,-0.19406538,0.1129019,0.15101296,0.9626977,-20.83724,19.849659,17.063238,11.05532605,76.92713019,395.84583,0.0,,3.7900925,0.17,2,2
23.980,416857442175319,-7.2493553,-6.9212394,12.243027,-1.0597739,0.96226466,4.3608866,-4.5326414,-2.8816712,8.204969,-2.716714,-4.039568,4.038057,18.525002,39.600002,12.150001,-0.20100455,0.13151257,0.1799075,0.953905,-24.870811,19.642988,20.071814,11.05532605,76.92713019,395.84583,0.0,,3.7900925,0.19,2,2
24.000,416857462175319,-6.374928,-7.363164,12.550953,-0.8826995,0.5505419,4.7631416,-4.8348956,-2.5346901,8.146749,-1.5400324,-4.8284736,4.4042044,22.875,36.525,13.275001,-0.20606408,0.1480254,0.21545807,0.942976,-29.613531,18.955908,22.896303,11.05532605,76.92713019,395.84583,0.0,,3.7900925,0.21,2,2
24.020,416857482175319,-5.8363934,-6.485297,10.770543,-0.5863538,0.25495964,4.869737,-5.0969796,-2.1148448,8.106702,-0.739414,-4.370452,2.6638412,24.975,34.125,15.900001,-0.2082391,0.16228342,0.25526178,0.93013,-34.71466,17.72985,25.37592,11.05532605,76.92713019,395.84583,0.0,,3.7900925,0.23,2,2
24.040,416857502175319,-5.65753,-5.555237,9.088688,-0.2597702,0.2503782,4.7922335,-5.3457932,-1.6581497,8.052541,-0.31173682,-3.8970873,1.0361471,27.750002,30.900002,16.5,-0.20718846,0.17520894,0.29673806,0.91559887,-39.84935,15.987085,27.494202,11.05532605,76.92713019,395.84583,0.0,,3.7900925,0.25,2,2
24.060,416857522175319,-5.1523457,-5.368597,8.231609,-0.021456625,0.48853907,4.5680466,-5.5970044,-1.1960049,7.9632597,0.444659,-4.172592,0.26834917,30.675001,27.525002,18.45,-0.20353915,0.18814526,0.3376522,0.8995355,-44.788223,13.834964,29.350948,11.05532605,76.92713019,395.84583,0.0,,3.7900925,0.27,2,2
24.080,416857542175319,-5.018796,-5.0935717,7.460821,0.11407898,0.8281035,4.2261915,-5.8504896,-0.748762,7.8346357,0.83169365,-4.3448095,-0.37381482,33.300003,24.45,16.35,-0.1987261,0.20202026,0.37618104,0.88214713,-49.38592,11.45621,31.079166,11.05532605,76.92713019,395.84583,0.0,,3.7900925,0.29,2,2
24.100,416857562175319,-5.043621,-4.474429,6.506085,0.11262818,1.1255183,3.9101453,-6.1083016,-0.3289553,7.664909,1.0646803,-4.1454735,-1.158824,35.625,21.45,16.95,-0.19396429,0.21716267,0.41152087,0.86363685,-53.604977,8.991938,32.77856,11.05532605,76.92713019,395.84583,0.0,,3.7900925,0.31,2,2
24.120,416857582175319,-5.117051,-4.2004504,5.9214883,-0.008093959,1.4039962,3.677711,-6.360202,0.059390184,7.4642267,1.2431507,-4.2598405,-1.5427384,36.15,19.125,16.95,-0.1902851,0.23350379,0.44368044,0.84404695,-57.49434,6.5469303,34.522068,11.05532605,76.92713019,395.84583,0.0,,3.7900925,0.33,2,2
24.140,416857602175319,-5.366204,-4.2408295,6.022286,-0.21258092,1.5991675,3.536067,-6.5878386,0.42186216,7.25209,1.2216349,-4.662692,-1.229804,35.550003,16.125,21.375,-0.18840219,0.25059092,0.47318348,0.8232898,-61.1516,4.1902356,36.334568,11.05532605,76.92713019,395.84583,0.0,,3.7900925,0.35,2,2
24.160,416857622175319,-5.283951,-4.3317566,6.384948,-0.43799,1.6678898,3.4682608,-6.7676716,0.7717941,7.0550227,1.483721,-5.103551,-0.6700747,36.600002,13.875001,21.525002,-0.18849517,0.2676709,0.5007684,0.80128187,-64.68159,1.9480463,38.17765,11.05532605,76.92713019,395.84583,0.0,,3.7900925,0.37,2,2
24.180,416857642175319,-5.615656,-4.1502013,6.6598234,-0.6393463,1.5548798,3.4744458,-6.896143,1.117123,6.88227,1.2804873,-5.2673244,-0.2224462,36.525,11.55,21.975,-0.1900949,0.28380045,0.5272063,0.77805835,-68.171036,-0.19669105,39.946266,11.05532605,76.92713019,395.84583,0.0,,3.7900925,0.39,2,2
24.200,416857662175319,-5.93091,-4.2572803,6.7123165,-0.8279507,1.4065924,3.5521784,-6.9765935,1.4511482,6.737337,1.0456836,-5.7084284,-0.025020838,36.975002,8.1,22.725,-0.19258468,0.29831356,0.5532252,0.7535662,-71.70226,-2.2820385,41.545105,11.05532605,76.92713019,395.84583,0.0,,3.7900925,0.41,2,2
24.220,416857682175319,-5.810222,-4.44392,6.763014,-1.057865,1.2817469,3.6394558,-7.00509,1.7582852,6.633817,1.1948681,-6.2022057,0.12919688,36.600002,5.25,24.075,-0.19565704,0.31080878,0.57929975,0.72768664,-75.346115,-4.3212667,42.919235,11.05532605,76.92713019,395.84583,0.0,,3.7900925,0.43,2,2
24.240,416857702175319,-5.084449,-4.1105704,6.6892853,-1.3552034,1.1104758,3.6767945,-6.9893255,2.0164263,6.5767574,1.9048765,-6.1269965,0.11252785,37.125,2.325,24.975,-0.19926225,0.32075554,0.60569775,0.7003861,-79.16515,-6.283081,44.016434,11.05532605,76.92713019,395.84583,0.0,,3.7900925,0.45,2,2
24.260,416857722175319,-4.4442196,-3.2101212,6.240182,-1.6229148,0.90850854,3.5326307,-6.9606123,2.2171206,6.5425262,2.516393,-5.427242,-0.30234408,36.9,-0.675,23.550001,-0.20337516,0.32753935,0.63212204,0.67214453,-83.14787,-8.088046,44.783546,11.05532605,76.92713019,395.84583,0.0,,3.7900925,0.47,2,2
24.280,416857742175319,-4.6357946,-2.3161027,5.8378887,-1.7729585,0.83436483,3.2383466,-6.937997,2.3751113,6.511023,2.302202,-4.691214,-0.6731341,36.675003,-4.8,23.7,-0.208227,0.33125135,0.6577051,0.6436908,-87.201584,-9.652018,45.268063,11.05532605,76.92713019,395.84583,0.0,,3.7900925,0.49,2,2
24.300,416857762175319,-5.1336517,-1.8384356,5.6487064,-1.8394663,0.87284935,2.9878156,-6.930231,2.5080655,6.4693036,1.7965796,-4.346501,-0.8205972,35.4,-6.0750003,26.925001,-0.21406105,0.33258307,0.6817631,0.61543936,-91.240005,-10.952931,45.58246,11.05532605,76.92713019,395.84583,0.0,,3.7900925,0.51,2,2
24.320,416857782175319,-5.215456,-1.8083757,5.4309597,-1.841757,0.9840267,2.8083742,-6.9393377,2.61544,6.4168096,1.7238817,-4.4238157,-0.9858501,35.775,-9.150001,24.225,-0.22096787,0.33240944,0.70400655,0.5874113,-95.21542,-12.030879,45.840668,11.05532605,76.92713019,395.84583,0.0,,3.7900925,0.53,2,2
24.340,416857802175319,-5.089833,-1.8954146,5.0653067,-1.8503857,1.0946696,2.6213732,-6.9550567,2.6865072,6.370263,1.8652239,-4.5819216,-1.3049567,33.9,-12.450001,26.325,-0.22900769,0.33132112,0.72428024,0.5596428,-99.09402,-12.9213705,46.12283,11.05532605,76.92713019,395.84583,0.0,,3.7900925,0.55,2,2
24.360,416857822175319,-5.102993,-1.8444176,4.9589753,-1.9788964,1.1221585,2.4588833,-6.9661794,2.7239156,6.342162,1.8631861,-4.568333,-1.3831868,32.25,-14.55,28.650002,-0.23802698,0.3293763,0.74276775,0.532119,-102.88649,-13.649565,46.435326,11.05532605,76.92713019,395.84583,0.0,,3.7900925,0.57,2,2
24.380,416857842175319,-5.784798,-1.601247,4.97408,-2.1747549,1.0677152,2.3787837,-6.9734616,2.748585,6.3234873,1.1886635,-4.349832,-1.3494072,31.425001,-17.7,29.1,-0.24781099,0.32603347,0.7599593,0.50473136,-106.658195,-14.204785,46.72156,11.05532605,76.92713019,395.84583,0.0,,3.7900925,0.59,2,2
24.400,416857862175319,-6.2730837,-1.326521,5.311618,-2.371377,1.0830631,2.4529274,-6.9667335,2.7769408,6.318513,0.69364977,-4.1034617,-1.0068953,31.500002,-19.575,24.6,-0.2582558,0.32112077,0.7764078,0.47683996,-110.508644,-14.616495,46.96402,11.05532605,76.92713019,395.84583,0.0,,3.7900925,0.61,2,2
24.420,416857882175319,-6.102296,-1.3864912,6.124728,-2.515999,1.0712277,2.612134,-6.930658,2.815772,6.340963,0.828362,-4.2022634,-0.21623445,30.525002,-22.875,24.300001,-0.2690942,0.31467783,0.7925522,0.44769108,-114.52812,-14.942826,47.146046,11.05532605,76.92713019,395.84583,0.0,,3.7900925,0.63,2,2
24.440,416857902175319,-5.7889857,-1.1762218,6.7281685,-2.5424953,0.9157626,2.7175846,-6.8723316,2.8669138,6.381399,1.0833459,-4.0431356,0.34676933,27.225,-25.35,27.150002,-0.2795585,0.3067076,0.80849206,0.41727465,-118.71757,-15.226527,47.202797,11.05532605,76.92713019,395.84583,0.0,,3.7900925,0.65,2,2
24.460,416857922175319,-5.658577,-0.65712893,6.774679,-2.439641,0.7646499,2.7269764,-6.823716,2.9238245,6.4076934,1.1651394,-3.5809536,0.3669858,27.075,-27.825,24.525002,-0.2888293,0.2977178,0.8239426,0.3860835,-122.98783,-15.520332,47.101242,11.05532605,76.92713019,395.84583,0.0,,3.7900925,0.67,2,2
24.480,416857942175319,-5.446812,-0.23808587,6.775128,-2.2099557,0.79618585,2.5759401,-6.8041363,2.970935,6.406845,1.3573241,-3.2090209,0.3682828,24.675001,-30.975,24.075,-0.2970152,0.2885439,0.8381865,0.35491964,-127.19212,-15.835368,46.924023,11.05532605,76.92713019,395.84583,0.0,,3.7900925,0.69,2,2
24.500,416857962175319,-4.9998026,0.20697916,6.5941706,-1.9089522,0.88689923,2.2201114,-6.8197846,2.985948,6.3831844,1.8199818,-2.7789688,0.21098614,22.875,-32.625,25.050001,-0.3046944,0.27992073,0.85038704,0.3250349,-131.14221,-16.14143,46.79589,11.05532605,76.92713019,395.84583,0.0,,3.7900925,0.71,2,2
24.520,416857982175319,-5.6799626,0.7147062,6.1012487,-1.6801834,0.93912816,1.7531817,-6.8788543,2.9604936,6.331447,1.1988916,-2.2457874,-0.23019814,20.325,-34.800003,24.375002,-0.31244195,0.27187148,0.86012995,0.29772893,-134.69716,-16.358324,46.792152,11.05532605,76.92713019,395.84583,0.0,,3.7900925,0.73,2,2
24.540,416858002175319,-6.786494,1.0096216,5.889185,-1.5711441,1.0670279,1.3349686,-6.975382,2.9058685,6.250629,0.18888807,-1.8962469,-0.36144376,19.800001,-35.4,23.7,-0.32104743,0.26410767,0.8673829,0.27353737,-137.82005,-16.411144,46.98871,11.05532605,76.92713019,395.84583,0.0,,3.7900925,0.75,2,2
24.560,416858022175319,-7.077072,1.1466107,5.8003516,-1.5099813,1.2240202,1.034194,-7.086077,2.8383274,6.156444,0.00900507,-1.6917167,-0.35609245,18.300001,-36.975002,23.550001,-0.3310212,0.25642478,0.87238294,0.25222874,-140.55519,-16.28498,47.43051,11.05532605,76.92713019,395.84583,0.0,,3.7900925,0.77,2,2
24.580,416858042175319,-6.3025455,0.86799645,5.449354,-1.4294999,1.2640319,0.83543384,-7.186865,2.7515333,6.0785203,0.88431954,-1.8835368,-0.6291659,17.775002,-37.65,21.975,-0.342099,0.24875717,0.8755753,0.2333585,-142.97038,-16.018509,48.078064,11.05532605,76.92713019,395.84583,0.0,,3.7900925,0.79,2,2
24.600,416858062175319,-6.4660053,0.7462616,5.0736814,-1.3896409,1.0927606,0.63667375,-7.2571864,2.6416783,6.0436063,0.7911813,-1.8954167,-0.9699249,17.550001,-38.775,18.825,-0.353409,0.24084273,0.8775527,0.21679081,-145.11874,-15.632893,48.810238,11.05532605,76.92713019,395.84583,0.0,,3.7900925,0.81,2,2
24.620,416858082175319,-7.7283688,1.1789138,4.879863,-1.4924953,0.7754928,0.53534657,-7.280119,2.5109816,6.0716734,-0.44824982,-1.3320677,-1.1918108,15.975,-39.9,20.25,-0.36395547,0.23218003,0.8790606,0.20219131,-147.09016,-15.1307955,49.474674,11.05532605,76.92713019,395.84583,0.0,,3.7900925,0.83,2,2
24.640,416858102175319,-8.763863,1.7401803,5.3513985,-1.7572287,0.3959167,0.5959749,-7.248218,2.3716261,6.165153,-1.5156441,-0.6314459,-0.8137548,15.225,-39.975002,20.625,-0.37276125,0.22203282,0.8810222,0.18854862,-149.05756,-14.516834,49.904526,11.05532605,76.92713019,395.84583,0.0,,3.7900925,0.85,2,2
24.660,416858122175319,-9.813864,2.1351457,6.792326,-2.033187,0.014049888,0.78007424,-7.160006,2.2479985,6.3127813,-2.6538572,-0.11285293,0.47954488,13.950001,-42.075,19.875,-0.37914062,0.20990704,0.88412863,0.17466576,-151.1867,-13.811235,49.986153,11.05532605,76.92713019,395.84583,0.0,,3.7900925,0.87,2,2
24.680,416858142175319,-11.047663,2.2864916,8.012366,-2.184605,-0.3520108,1.0645845,-7.033354,2.167778,6.480977,-4.0143085,0.11871362,1.5313895,14.400001,-42.45,15.000001,-0.3824947,0.19609629,0.88868463,0.15963697,-153.55685,-13.086094,49.661827,11.05532605,76.92713019,395.84583,0.0,,3.7900925,0.89,2,2
24.700,416858162175319,-11.246117,2.1764216,8.589785,-2.1226785,-0.55183995,1.3829215,-6.901759,2.1537495,6.6255164,-4.344358,0.022672296,1.9642682,13.05,-43.800003,13.875001,-0.38287795,0.18171042,0.89440864,0.14289558,-156.15463,-12.452116,48.9887,11.05532605,76.92713019,395.84583,0.0,,3.7900925,0.91,2,2
24.720,416858182175319,-10.172787,1.7487047,8.5681,-1.835954,-0.4830413,1.669646,-6.796503,2.2186785,6.7123313,-3.3762832,-0.46997374,1.8557682,11.475,-44.7,14.475,-0.38136095,0.16778085,0.9004838,0.124668896,-158.88109,-11.951297,48.14167,11.05532605,76.92713019,395.84583,0.0,,3.7900925,0.93,2,2
24.740,416858202175319,-7.90125,1.2402298,8.343324,-1.3687187,-0.1792888,1.8558834,-6.7085276,2.3405092,6.7592945,-1.1927226,-1.1002793,1.5840292,11.400001,-45.375,10.05,-0.37872893,0.15502886,0.90627766,0.105789065,-161.60243,-11.5877,47.242416,11.05532605,76.92713019,395.84583,0.0,,3.7900925,0.95,2,2
24.760,416858222175319,-5.912964,1.2675978,7.575826,-0.8642972,-0.02046397,1.7999892,-6.6328416,2.4640467,6.7900114,0.7198777,-1.1964489,0.78581476,9.900001,-46.2,7.7250004,-0.37491292,0.14582482,0.91140974,0.08664751,-164.16634,-11.586186,46.33671,11.05532605,76.92713019,395.84583,0.0,,3.7900925,0.97,2,2
24.780,416858242175319,-5.2100725,1.5593727,6.3505516,-0.5775726,7.635821E-5,1.5311325,-6.589115,2.5449796,6.8027225,1.3790429,-0.98560697,-0.4521711,7.5000005,-46.65,10.275001,-0.37039638,0.14009084,0.91569024,0.06850177,-166.45282,-11.877156,45.462345,11.05532605,76.92713019,395.84583,0.0,,3.7900925,0.99,2,2
24.800,416858262175319,-5.661867,1.933999,5.6116176,-0.52900887,0.10201441,1.1633155,-6.5889215,2.5848818,6.787849,0.92705464,-0.65088284,-1.1762314,6.7500005,-47.325,8.85,-0.36708522,0.13768111,0.9184732,0.0519561,-168.39185,-12.401928,44.835644,11.05532605,76.92712951,395.72266,0.0,,3.7900925,0.01,2,2
24.820,416858282175319,-6.477072,1.845315,5.82413,-0.5445859,0.31329727,0.88353944,-6.6225696,2.6076539,6.746265,0.1454978,-0.76233894,-0.92213464,5.4750004,-47.7,8.1,-0.3671696,0.13563456,0.9192845,0.03804409,-169.98201,-12.793404,44.6596,11.05532605,76.92712951,395.72266,0.0,,3.7900925,0.03,2,2
24.840,416858302175319,-6.8857956,1.6713866,5.9748783,-0.5218312,0.50625414,0.7364738,-6.6699595,2.622716,6.6935334,-0.21583629,-0.95132935,-0.71865535,4.5,-47.775,8.625,-0.37000313,0.13294093,0.9189028,0.026486883,-171.3139,-12.986362,44.84147,11.05532605,76.92712951,395.72266,0.0,,3.7900925,0.05,2,2
24.860,416858322175319,-6.975975,2.0648563,5.8141108,-0.5509236,0.5942186,0.68577206,-6.7097006,2.6261456,6.6523433,-0.2662747,-0.56128925,-0.83823276,5.25,-48.075,5.4750004,-0.37480173,0.13029678,0.9175574,0.016215876,-172.47585,-13.117812,45.28862,11.05532605,76.92712951,395.72266,0.0,,3.7900925,0.07,2,2
24.880,416858342175319,-7.2007513,2.3659034,5.9753265,-0.67072946,0.5505418,0.70218897,-6.7311797,2.6229675,6.6318665,-0.46957135,-0.2570641,-0.6565397,3.6750002,-48.600002,5.4,-0.38042274,0.12768736,0.9157191,0.0062953914,-173.58438,-13.2418375,45.848354,11.05532605,76.92712951,395.72266,0.0,,3.7900925,0.09,2,2
24.900,416858362175319,-7.416255,2.6164021,6.423682,-0.79129887,0.44532037,0.7615956,-6.738745,2.6228392,6.6242304,-0.67750955,-0.0064371824,-0.20054841,1.575,-48.825,7.8750005,0.38583604,-0.12495598,-0.91383195,0.003947684,-174.7341,-13.380915,46.38123,11.05532605,76.92712951,395.72266,0.0,,3.7900925,0.11,2,2
24.920,416858382175319,-7.2842007,2.6750262,6.8744297,-0.84016806,0.37904155,0.8293252,-6.734174,2.6319673,6.6252594,-0.55002713,0.043058872,0.24917054,2.325,-49.050003,4.05,0.38990816,-0.12228793,-0.91241974,0.014956483,-175.98207,-13.580962,46.74379,11.05532605,76.92712951,395.72266,0.0,,3.7900925,0.13,2,2
24.940,416858402175319,-6.8662043,2.5808086,7.1617184,-0.7993928,0.3128391,0.8596394,-6.719491,2.6425564,6.635941,-0.1467135,-0.06174767,0.52577734,0.3,-48.9,3.7500002,0.3921902,-0.1191661,-0.9115609,0.02632694,-177.31454,-13.762904,46.86772,11.05532605,76.92712951,395.72266,0.0,,3.7900925,0.15,2,2
24.960,416858422175319,-6.7591257,2.7290144,7.3902326,-0.75861764,0.23189951,0.82856166,-6.692377,2.6531217,6.6590858,-0.06674862,0.07589257,0.7311468,-1.2750001,-48.825,6.7500005,0.39323083,-0.11587695,-0.91112226,0.0376502,-178.66913,-13.931789,46.83526,11.05532605,76.92712951,395.72266,0.0,,3.7900925,0.17,2,2
24.980,416858442175319,-6.5754766,3.0210881,7.6504526,-0.715628,0.12950332,0.7809142,-6.655351,2.665994,6.690977,0.079874516,0.3550942,0.9594753,-1.8000001,-48.825,5.3250003,0.39334464,-0.1126439,-0.9109539,0.048660148,179.99773,-14.093632,46.69191,11.05532605,76.92712951,395.72266,0.0,,3.7900925,0.19,2,2
25.000,416858462175319,-6.262615,3.1209884,7.695467,-0.62346375,0.033368483,0.7080686,-6.6125774,2.6762395,6.729188,0.34996247,0.444749,0.96627927,-0.6,-48.600002,1.35,0.39267388,-0.10965604,-0.9110049,0.059018444,178.73303,-14.249474,46.461132,11.05532605,76.92712951,395.72266,0.0,,3.7900925,0.21,2,2
25.020,416858482175319,-5.898308,3.024827,7.1810102,-0.49670938,-0.06879864,0.5653553,-6.5749574,2.6657877,6.770073,0.6766496,0.3590392,0.4109373,-2.25,-48.15,2.1000001,0.3913599,-0.1070814,-0.91125643,0.068218105,177.60118,-14.391896,46.16746,11.05532605,76.92712951,395.72266,0.0,,3.7900925,0.23,2,2
25.040,416858502175319,-5.5057354,2.7092733,6.4992056,-0.45226896,-0.1133154,0.3729329,-6.5456295,2.610915,6.819695,1.0398941,0.09835839,-0.3204894,-3.075,-48.45,4.5750003,0.38837454,-0.10545528,-0.9120987,0.076369114,176.59776,-14.577593,45.681427,11.05532605,76.92712951,395.72266,0.0,,3.7900925,0.25,2,2
25.060,416858522175319,-5.5380383,2.4351459,6.379265,-0.5258018,-0.15569414,0.12308924,-6.4993863,2.4994,6.905169,0.96134806,-0.064254165,-0.52590394,-2.325,-48.675003,1.35,0.38406867,-0.10358534,-0.9135748,0.083011396,175.72342,-14.656888,45.043163,11.05532605,76.92712951,395.72266,0.0,,3.7900925,0.27,2,2
25.080,416858542175319,-6.504589,2.5866413,6.424579,-0.7270818,-0.379347,-0.0952949,-6.410704,2.3383832,7.043098,-0.09388518,0.24825811,-0.6185188,-3.6000001,-48.375004,2.1000001,0.3798546,-0.10129721,-0.91513795,0.08810891,174.99947,-14.615966,44.43428,11.05532605,76.92712951,395.72266,0.0,,3.7900925,0.29,2,2
25.100,416858562175319,-7.353892,2.9560332,7.8649087,-1.0306815,-0.6865356,-0.14309506,-6.287487,2.170948,7.2058916,-1.0664048,0.7850852,0.6590171,-3.2250001,-48.600002,3.0,0.37518442,-0.09697762,-0.9171577,0.091945715,174.31883,-14.293007,43.77523,11.05532605,76.92712951,395.72266,0.0,,3.7900925,0.31,2,2
25.120,416858582175319,-8.136943,3.1407292,9.493973,-1.1285725,-0.87827075,-0.061391905,-6.1291165,2.0424876,7.377843,-2.0078263,1.0982416,2.1161294,-2.8500001,-49.2,1.95,0.36722457,-0.09082679,-0.9205751,0.095682256,173.52623,-13.739006,42.702824,11.05532605,76.92712951,395.72266,0.0,,3.7900925,0.33,2,2
25.140,416858602175319,-7.864909,2.1154046,10.413414,-0.8529199,-1.0730603,-0.0071776607,-5.948709,1.9863092,7.539086,-1.9161999,0.12909555,2.8743286,-3.3750002,-49.050003,1.725,0.3570087,-0.08326495,-0.9249865,0.0987,172.7363,-12.97415,41.371758,11.05532605,76.92712951,395.72266,0.0,,3.7900925,0.35,2,2
25.160,416858622175319,-6.1124654,1.3393824,10.837243,-0.27206388,-1.1849248,-0.08323032,-5.741519,2.0034468,7.6936035,-0.3709464,-0.66406435,3.1436396,-3.45,-49.500004,2.325,0.34519333,-0.077084124,-0.9298277,0.10027089,172.15794,-12.273331,39.87987,11.05532605,76.92712951,395.72266,0.0,,3.7900925,0.37,2,2
25.180,416858642175319,-4.64058,1.7395821,10.751251,0.4023308,-1.3829978,-0.35453063,-5.528897,2.0868,7.826043,0.8883164,-0.34721804,2.925208,-2.1750002,-48.525,0.75,0.33211464,-0.074595,-0.9349833,0.09928577,172.00403,-11.85518,38.276432,11.05532605,76.92712951,395.72266,0.0,,3.7900925,0.39,2,2
25.200,416858662175319,-5.2721357,2.162962,9.8015995,1.0731366,-1.526551,-0.73212135,-5.334043,2.2290666,7.9214673,0.061907053,-0.06610453,1.8801322,-0.52500004,-48.975002,-0.6,0.31822908,-0.07687091,-0.9401766,0.09414021,172.48051,-11.7979355,36.620693,11.05532605,76.92712951,395.72266,0.0,,3.7900925,0.41,2,2
25.220,416858682175319,-5.75758,1.5189936,9.665359,1.604207,-1.48967,-0.9717331,-5.064826,2.3904274,8.050079,-0.6927538,-0.8714337,1.6152792,1.35,-49.050003,-0.3,0.30512005,-0.08371247,-0.9448141,0.08492292,173.576,-12.1228695,35.11174,11.05532605,76.92712951,395.72266,0.0,,3.7900925,0.43,2,2
25.240,416858702175319,-4.4521456,-0.46091747,10.606934,1.8634429,-1.9840122,-1.159803,-4.5895743,2.5254493,8.290253,0.13742852,-2.9863667,2.3166814,2.4750001,-48.825,1.8000001,0.29117393,-0.09430838,-0.94927675,0.07207507,175.18172,-12.769081,33.565407,11.05532605,76.92712951,395.72266,0.0,,3.7900925,0.45,2,2
25.260,416858722175319,-3.8597727,-1.423879,10.367203,1.8358777,-3.3299,-1.4943278,-3.8264594,2.5843756,8.6515665,-0.033313155,-4.0082545,1.7156367,3.0,-48.675003,5.4,0.27184314,-0.10704819,-0.95476913,0.05529084,177.2064,-13.560589,31.453335,11.05532605,76.92712951,395.72266,0.0,,3.7900925,0.47,2,2
25.280,416858742175319,-1.559223,-1.4959629,9.454342,1.4083486,-5.0242095,-1.9023091,-2.952116,2.5360277,9.00133,1.392893,-4.0319905,0.45301104,2.9250002,-48.675003,9.975,0.2422638,-0.11885973,-0.96230227,0.033982627,179.53828,-14.195042,28.204124,11.05532605,76.92712951,395.72266,0.0,,3.7900925,0.49,2,2
25.300,416858762175319,4.4657545,0.79441714,6.922735,0.4602102,-5.3218536,-1.8496983,-2.0881736,2.355771,9.287641,6.5539284,-1.5613539,-2.3649054,6.3750005,-48.600002,11.025001,0.20328237,-0.12667346,-0.97083926,0.010052778,-178.10712,-14.480247,23.892902,11.05532605,76.92712951,395.72266,0.0,,3.7900925,0.51,2,2
25.320,416858782175319,2.5123143,1.6383357,8.17119,-0.64125526,-4.9311295,-1.2040907,-1.3116951,2.1178482,9.484965,3.8240094,-0.4795124,-1.3137751,8.625,-48.750004,7.5750003,-0.16044103,0.12779124,0.97866774,0.01172664,-176.21614,-14.26266,19.093878,11.05532605,76.92712951,395.72266,0.0,,3.7900925,0.53,2,2
25.340,416858802175319,-3.2889347,4.69397,3.9972103,-1.217377,-4.381809,-0.76480263,-1.0638973,1.9396422,9.553863,-2.2250376,2.7543283,-5.556652,9.075001,-48.225002,8.700001,-0.1173323,0.12296853,0.98499763,0.029858798,-174.82434,-13.605807,14.203897,11.05532605,76.92712951,395.72266,0.0,,3.7900925,0.55,2,2
25.360,416858822175319,-1.8035899,5.237889,7.655537,-1.0390046,-1.2996911,0.12064579,-1.0116228,1.8826668,9.570923,-0.79196715,3.3552217,-1.9153857,10.5,-48.750004,6.7500005,-0.0849931,0.11671477,0.98867,0.041058548,-174.05026,-12.93264,10.50189,11.05532605,76.92712951,395.72266,0.0,,3.7900925,0.57,2,2
25.380,416858842175319,4.2006,0.6372386,10.983504,-0.29428408,-0.078190684,0.29092434,-1.0579824,1.955378,9.5513115,5.2585826,-1.3181394,1.4321928,11.1,-48.675003,4.3500004,-0.0636794,0.11077922,0.99074847,0.0457199,-173.84734,-12.33844,8.020825,11.05532605,76.92712951,395.72266,0.0,,3.7900925,0.59,2,2
25.400,416858862175319,3.727569,0.3684947,9.000603,0.44829834,0.29886556,-0.3162752,-1.1996654,2.0846968,9.507114,4.9272346,-1.7162021,-0.50651217,11.175,-48.675003,5.175,-0.0505138,0.10796922,0.99161226,0.04887912,-173.66678,-12.074834,6.5021715,11.05532605,76.92712951,395.72266,0.0,,3.7900925,0.61,2,2
25.420,416858882175319,2.6216364,0.79307115,7.9963646,0.80519605,0.64667666,-0.8878919,-1.3854935,2.2223132,9.450509,4.0071297,-1.429242,-1.4541442,11.55,-48.375004,5.7000003,-0.0438875,0.108999565,0.9915454,0.053659108,-173.18301,-12.207111,5.797619,11.05532605,76.92712951,395.72266,0.0,,3.7900925,0.63,2,2
25.440,416858902175319,1.3700405,1.2399309,7.470841,0.92637634,0.7262418,-1.3885719,-1.5643767,2.3456538,9.392604,2.9344172,-1.1057229,-1.921763,13.725,-47.625,7.05,-0.041832656,0.112973176,0.9907086,0.061520852,-172.26079,-12.632679,5.692536,11.05532605,76.92712951,395.72266,0.0,,3.7900925,0.65,2,2
25.460,416858922175319,0.5344968,1.7596219,7.530512,0.94271696,0.5511527,-1.8253402,-1.7117113,2.4423,9.342142,2.246208,-0.68267816,-1.81163,16.050001,-47.25,3.6750002,-0.042182885,0.11891667,0.98923695,0.073107116,-170.8542,-13.244431,5.94658,11.05532605,76.92712951,395.72266,0.0,,3.7900925,0.67,2,2
25.480,416858942175319,-0.15314065,2.1701405,6.5647087,0.882165,0.25915936,-2.1651337,-1.8969874,2.4904592,9.293516,1.7438468,-0.3203187,-2.7288074,15.825001,-46.95,8.025001,-0.043110542,0.1264442,0.9870566,0.088468194,-168.97424,-14.003865,6.3597054,11.05532605,76.92712951,395.72266,0.0,,3.7900925,0.69,2,2
25.500,416858962175319,-1.2954143,2.4786654,6.1896343,0.69791293,0.3627773,-2.3796234,-2.0816233,2.4784627,9.257131,0.786209,2.0253658E-4,-3.0674965,17.925001,-45.225002,10.05,-0.046207838,0.13483287,0.98397565,0.107061855,-166.65475,-14.800272,7.118222,11.05532605,76.92712951,395.72266,0.0,,3.7900925,0.71,2,2
25.520,416858982175319,-2.6361427,2.7619157,6.1360946,0.40049818,0.3484983,-2.292957,-2.2080574,2.4083605,9.246332,-0.42808533,0.35355508,-3.1102376,20.625,-44.475002,8.475,-0.050913792,0.14147624,0.98038787,0.12738681,-164.10135,-15.333185,8.099352,11.05532605,76.92712951,395.72266,0.0,,3.7900925,0.73,2,2
25.540,416859002175319,-2.8278675,2.9994032,6.7858953,0.020158537,0.16500983,-1.8459568,-2.2801716,2.2896588,9.258978,-0.547696,0.70974445,-2.4730823,21.975,-43.575,10.35,-0.05567324,0.14529033,0.9768141,0.14705135,-161.64302,-15.51375,9.045765,11.05532605,76.92712951,395.72266,0.0,,3.7900925,0.75,2,2
25.560,416859022175319,-2.8908288,3.3299117,7.136893,-0.39125884,0.059941098,-1.1879028,-2.328923,2.1324804,9.284343,-0.56190586,1.1974314,-2.14745,22.5,-42.975002,10.875,-0.0597553,0.14582367,0.97384816,0.16365807,-159.59857,-15.3349495,9.797963,11.05532605,76.92712951,395.72266,0.0,,3.7900925,0.77,2,2
25.580,416859042175319,-2.8179975,3.5286655,7.5236325,-0.7844267,0.13706277,-0.43302673,-2.3896534,1.9503909,9.308916,-0.4283439,1.5782747,-1.7852836,22.800001,-42.600002,10.575001,-0.06348248,0.14303093,0.97190684,0.17522003,-158.20692,-14.81973,10.340322,11.05532605,76.92712951,395.72266,0.0,,3.7900925,0.79,2,2
25.600,416859062175319,-2.579014,3.2181969,8.125577,-1.0697005,0.36041018,0.20784673,-2.4845133,1.7530484,9.323326,-0.09450078,1.4651486,-1.1977491,22.650002,-43.050003,12.075001,-0.06790832,0.13788769,0.97131056,0.18086044,-157.56065,-14.081373,10.802903,11.05532605,76.92712951,395.72266,0.0,,3.7900925,0.81,2,2
25.620,416859082175319,-2.6493034,2.8446174,8.892776,-1.2360847,0.6149117,0.56634796,-2.6148863,1.5334948,9.326369,-0.034417033,1.3111227,-0.43359375,22.2,-43.5,10.875,-0.07378162,0.13096315,0.9717767,0.18115748,-157.56563,-13.167684,11.303382,11.05532605,76.92712951,395.72266,0.0,,3.7900925,0.83,2,2
25.640,416859102175319,-3.0927234,2.4782166,9.022287,-1.3936116,0.809243,0.7050906,-2.7922897,1.2699633,9.314543,-0.30043364,1.2082533,-0.2922554,21.825,-43.65,8.175,-0.081326716,0.12243453,0.9728749,0.17772327,-158.02222,-12.082485,11.907613,11.05532605,76.92712951,395.72266,0.0,,3.7900925,0.85,2,2
25.660,416859122175319,-3.8690448,2.2529922,9.367751,-1.6579633,1.0400736,0.7652608,-2.9894662,0.964335,9.289969,-0.8795785,1.288657,0.07778168,20.7,-44.25,8.1,-0.092286006,0.11299967,0.9740403,0.17279187,-158.65085,-10.850087,12.874466,11.05532605,76.92712951,395.72266,0.0,,3.7900925,0.87,2,2
25.680,416859142175319,-4.9625645,2.2794628,10.687094,-1.9569051,1.1320088,0.9221003,-3.165559,0.65352553,9.258646,-1.7970057,1.6259372,1.4284477,19.2,-44.550003,8.25,-0.1062514,0.10199578,0.9750295,0.16610983,-159.49184,-9.415856,14.144861,11.05532605,76.92712951,395.72266,0.0,,3.7900925,0.89,2,2
25.700,416859162175319,-5.740232,2.1674485,12.384054,-2.1169517,1.0181588,1.2346339,-3.3353748,0.39723423,9.213461,-2.4048572,1.7702144,3.1705928,19.650002,-44.550003,4.875,-0.121456385,0.08934983,0.9760145,0.15700471,-160.65358,-7.8323536,15.523881,11.05532605,76.92712951,395.72266,0.0,,3.7900925,0.91,2,2
25.720,416859182175319,-5.7530937,1.4158032,12.821043,-1.9741621,0.9804379,1.6106975,-3.5774255,0.24085289,9.127673,-2.175668,1.1749504,3.6933699,18.300001,-45.600002,1.725,-0.13678046,0.076011084,0.97696406,0.14509144,-162.17493,-6.247808,16.920528,11.05532605,76.92712951,395.72266,0.0,,3.7900925,0.93,2,2
25.740,416859202175319,-5.1348476,0.23434706,12.653694,-1.5331178,1.3742166,1.8231258,-3.906785,0.19776148,8.992681,-1.2280629,0.036585584,3.661014,15.900001,-46.425003,1.8750001,-0.15282348,0.062935986,0.9775639,0.13058224,-164.00845,-4.7688365,18.440586,11.05532605,76.92712951,395.72266,0.0,,3.7900925,0.95,2,2
25.760,416859222175319,-4.4543886,-0.03349951,13.653596,-0.89774203,1.8862739,1.6271908,-4.1809597,0.25531527,8.867062,-0.27342916,-0.28881478,4.7865343,14.475,-46.425003,2.7,-0.16904387,0.052052822,0.97747195,0.11516587,-165.92323,-3.6019328,20.068207,11.05532605,76.92712951,395.72266,0.0,,3.7900925,0.97,2,2
25.780,416859242175319,-5.319394,1.9357935,15.537346,-0.19761473,1.604207,1.0541234,-4.2524724,0.35862452,8.829398,-1.066922,1.577169,6.7079473,12.525001,-46.350002,2.025,-0.18519458,0.046063866,0.9764042,0.101073116,-167.60005,-3.010417,21.80654,11.05532605,76.92712951,395.72266,0.0,,3.7900925,0.99,2,2
25.800,416859262175319,-5.4530935,1.8616159,14.439488,0.29367322,0.45623958,0.5292379,-4.276267,0.4875704,8.811708,-1.1768262,1.3740456,5.62778,13.125001,-45.975002,-0.45000002,-0.19703463,0.044371963,0.97512406,0.09050258,-168.7963,-2.9160123,23.129547,11.05532528,76.92712889,395.59082,0.0,,3.7900925,0.01,2,2
25.820,416859282175319,-4.9846983,0.17991036,12.5686,0.6233111,0.17111848,0.24824014,-4.4200163,0.66276515,8.728951,-0.564682,-0.48285478,3.8396482,12.900001,-46.575,-0.6,-0.20414053,0.046122417,0.97414935,0.083772704,-169.4901,-3.190585,23.95954,11.05532528,76.92712889,395.59082,0.0,,3.7900925,0.03,2,2
25.840,416859302175319,-4.849354,-0.28339994,11.155489,0.944015,0.84604764,0.16905682,-4.705146,0.9200651,8.554851,-0.1442082,-1.203465,2.600638,11.700001,-46.350002,3.45,-0.2106629,0.051201757,0.9728202,0.079901256,-169.77573,-3.7817311,24.770084,11.05532528,76.92712889,395.59082,0.0,,3.7900925,0.05,2,2
25.860,416859322175319,-4.363611,0.37298125,9.895967,1.3679552,1.6938515,0.25801396,-5.0064282,1.2466899,8.339774,0.642817,-0.87370867,1.5561924,11.1,-45.9,5.4750004,-0.2201294,0.060059927,0.9704273,0.077745035,-169.74696,-4.723061,25.980988,11.05532528,76.92712889,395.59082,0.0,,3.7900925,0.07,2,2
25.880,416859342175319,-3.9323049,0.8588738,8.970392,1.7127119,1.8628321,0.39897102,-5.1346984,1.5568945,8.208614,1.2023935,-0.69802076,0.76177835,12.525001,-45.225002,2.4750001,-0.2320147,0.072747685,0.9669372,0.076537,-169.46696,-6.036931,27.54145,11.05532528,76.92712889,395.59082,0.0,,3.7900925,0.09,2,2
25.900,416859362175319,-3.6690946,1.0006485,8.393723,1.6552907,0.87086403,0.37850708,-5.0068736,1.7992469,8.23798,1.3377792,-0.7985984,0.15574265,9.675,-45.600002,8.625,-0.24215086,0.087556824,0.9632901,0.07584597,-169.03575,-7.5824585,28.949476,11.05532528,76.92712889,395.59082,0.0,,3.7900925,0.11,2,2
25.920,416859382175319,-2.728715,1.5031412,7.7110205,1.3995674,-0.7104356,0.11942405,-4.7270694,2.0023334,8.355589,1.9983543,-0.49919218,-0.64456844,8.85,-45.15,10.200001,-0.2451138,0.10190768,0.96100545,0.0764429,-168.49443,-9.1136465,29.533049,11.05532528,76.92712889,395.59082,0.0,,3.7900925,0.13,2,2
25.940,416859402175319,-2.4248266,1.8082261,7.788787,1.4101813,-1.7156899,-0.32673627,-4.2842155,2.1698656,8.550296,1.8593887,-0.36163944,-0.7615087,10.275001,-44.550003,8.85,-0.23953265,0.115145996,0.9606004,0.08036496,-167.68921,-10.528146,29.137386,11.05532528,76.92712889,395.59082,0.0,,3.7900925,0.15,2,2
25.960,416859422175319,-2.523381,1.5360427,8.092676,1.4408009,-2.7868414,-0.82466733,-3.601703,2.2936025,8.828222,1.0783219,-0.75755984,-0.7355466,12.3,-43.725002,8.475,-0.22485717,0.1266281,0.9620338,0.08858221,-166.56853,-11.759516,27.699451,11.05532528,76.92712889,395.59082,0.0,,3.7900925,0.17,2,2
25.980,416859442175319,-2.6748767,1.5714862,7.6613693,1.3061051,-4.2429137,-1.285183,-2.7190795,2.3939009,9.11297,0.044202805,-0.8224146,-1.4516008,13.425,-42.825,7.275,-0.19834289,0.13463847,0.96546257,0.10197651,-165.13249,-12.6810875,24.87931,11.05532528,76.92712889,395.59082,0.0,,3.7900925,0.19,2,2
26.000,416859462175319,-2.80379,1.809273,7.492526,1.1276562,-5.342928,-1.5990148,-1.7456449,2.492649,9.322543,-1.058145,-0.6833761,-1.8300173,15.6,-42.15,8.175,-0.16262998,0.13873264,0.9694258,0.120472446,-163.35931,-13.285128,20.997791,11.05532528,76.92712889,395.59082,0.0,,3.7900925,0.21,2,2
26.020,416859482175319,-2.5546372,1.8803099,6.6044893,0.9596685,-5.771068,-1.7638719,-0.9473463,2.5642698,9.4179325,-1.6072909,-0.68395984,-2.813443,16.95,-41.850002,9.3,-0.119006485,0.14068522,0.9724983,0.1424459,-161.34494,-13.870504,16.242506,11.05532528,76.92712889,395.59082,0.0,,3.7900925,0.23,2,2
26.040,416859502175319,-1.9846969,1.9553847,4.4525943,0.604527,-4.753825,-1.7001892,-0.56148255,2.549322,9.452834,-1.4232143,-0.59393716,-5.00024,20.925001,-40.275,4.65,-0.073215514,0.14044435,0.9734023,0.16553679,-159.26787,-14.428875,11.255851,11.05532528,76.92712889,395.59082,0.0,,3.7900925,0.25,2,2
26.060,416859522175319,-1.8608683,1.4431711,5.9099727,0.02718348,-2.4380374,-1.3054943,-0.43903482,2.4881737,9.47558,-1.4218335,-1.0450026,-3.5656075,22.95,-39.375,2.1000001,-0.03572848,0.13825957,0.97208226,0.18618272,-157.38019,-14.802936,7.1863613,11.05532528,76.92712889,395.59082,0.0,,3.7900925,0.27,2,2
26.080,416859542175319,-0.59282184,1.2116656,8.178219,-0.2557996,-0.87750715,-0.84291697,-0.3431222,2.4100482,9.4997015,-0.24969961,-1.1983826,-1.3214822,21.975,-39.525,5.4750004,-0.010507239,0.13456823,0.96995926,0.20238562,-155.84787,-14.880172,4.4419956,11.05532528,76.92712889,395.59082,0.0,,3.7900925,0.29,2,2
26.100,416859562175319,0.76989067,0.86889374,9.680015,-0.35208714,-0.59994555,-0.47983423,-0.21873036,2.3763614,9.511859,0.988621,-1.5074676,0.16815567,22.2,-38.550003,4.65,0.005829791,0.12892786,0.96824366,0.21412101,-154.72673,-14.605586,2.6015377,11.05532528,76.92712889,395.59082,0.0,,3.7900925,0.31,2,2
26.120,416859582175319,1.4273187,0.929163,9.602547,-0.13553561,-0.6549233,-0.17699805,-0.10256186,2.4153028,9.504008,1.5298805,-1.4861398,0.0985384,22.800001,-38.7,2.4,0.018092709,0.1229764,0.96701455,0.22196601,-153.99586,-14.233365,1.1587265,11.05532528,76.92712889,395.59082,0.0,,3.7900925,0.33,2,2
26.140,416859602175319,1.967648,0.71560353,8.934202,0.24358231,-0.5705477,-0.057268567,-0.028486868,2.506192,9.480959,1.9961349,-1.7905884,-0.5467572,22.875,-38.475002,0.975,0.028421309,0.118668966,0.96611476,0.22681819,-153.57587,-14.015752,-0.06401101,11.05532528,76.92712889,395.59082,0.0,,3.7900925,0.35,2,2
26.160,416859622175319,2.2592733,0.33843488,7.939685,0.5225948,-0.3789652,-0.18898627,-0.006410597,2.5967317,9.456602,2.265684,-2.2582967,-1.5169175,21.975,-38.25,3.525,0.037147,0.11691892,0.96523714,0.23019128,-153.29597,-14.052497,-1.0563519,11.05532528,76.92712889,395.59082,0.0,,3.7900925,0.37,2,2
26.180,416859642175319,2.7218356,0.04292126,7.5673018,0.52862704,-0.18524474,-0.51999855,0.0036978936,2.6410148,9.444332,2.7181377,-2.5980935,-1.8770306,21.825,-37.875,3.6000001,0.043941043,0.11731697,0.9640475,0.23384014,-152.94621,-14.285194,-1.7654777,11.05532528,76.92712889,395.59082,0.0,,3.7900925,0.39,2,2
26.200,416859662175319,2.1020947,0.7272686,7.857132,0.27061307,-0.2509127,-0.9104175,0.05159597,2.6361737,9.445545,2.0504987,-1.9089051,-1.588413,23.7,-37.5,2.1750002,0.049165133,0.11822801,0.9623417,0.2393493,-152.34764,-14.541831,-2.2517717,11.05532528,76.92712889,395.59082,0.0,,3.7900925,0.41,2,2
26.220,416859682175319,1.5149558,1.6123137,9.124432,-0.004657846,-0.4990765,-1.0173953,0.1549881,2.5972698,9.455187,1.3599677,-0.98495597,-0.3307557,23.325,-36.975002,1.2,0.0539035,0.11818221,0.9601923,0.24683258,-151.50542,-14.688605,-2.6766646,11.05532528,76.92712889,395.59082,0.0,,3.7900925,0.43,2,2
26.240,416859702175319,1.1506486,1.8928722,10.058828,-0.19471313,-0.8022181,-1.0179297,0.27078375,2.5413685,9.467761,0.8798648,-0.64849627,0.5910673,24.150002,-36.225002,1.95,0.05922087,0.11639989,0.9577521,0.25567707,-150.5096,-14.669756,-3.1949582,11.05532528,76.92712889,395.59082,0.0,,3.7900925,0.45,2,2
26.260,416859722175319,1.6073786,2.0431714,10.839787,-0.29466587,-0.8347466,-0.9492837,0.3255044,2.4827964,9.481568,1.2818742,-0.43962497,1.3582177,24.075,-35.4,2.25,0.06513973,0.11316934,0.95514363,0.26514798,-149.4469,-14.520672,-3.8157928,11.05532528,76.92712889,395.59082,0.0,,3.7900925,0.47,2,2
26.280,416859742175319,1.4256737,2.0536401,11.459078,-0.3139081,-0.5001455,-0.9011018,0.31218883,2.4313643,9.495335,1.1134849,-0.37772423,1.9637432,25.275002,-34.350002,0.52500004,0.07052703,0.107636474,0.9527308,0.27449656,-148.39459,-14.111876,-4.452865,11.05532528,76.92712889,395.59082,0.0,,3.7900925,0.49,2,2
26.300,416859762175319,0.60493547,2.9485557,11.96516,-0.2953531,-0.13492474,-0.81245005,0.31155384,2.3784134,9.508759,0.29338163,0.57014227,2.4564018,26.625002,-34.275,-1.575,0.07195253,0.10329929,0.9504483,0.28360984,-147.3146,-13.719816,-4.6160507,11.05532528,76.92712889,395.59082,0.0,,3.7900925,0.51,2,2
26.320,416859782175319,0.7016952,3.6210885,12.694373,-0.31253368,-0.17356195,-0.72868526,0.44478196,2.2867298,9.525934,0.25691327,1.3343586,3.168439,25.95,-34.350002,0.75,0.07181458,0.10169227,0.9480768,0.2921309,-146.27838,-13.578813,-4.529052,11.05532528,76.92712889,395.59082,0.0,,3.7900925,0.53,2,2
26.340,416859802175319,1.5035899,3.8566318,13.859977,-0.5246564,-0.87483466,-0.81046474,0.71024454,2.1567266,9.540151,0.7933454,1.6999053,4.319826,26.475,-33.9,-0.375,0.07488421,0.09963892,0.9454425,0.3005053,-145.29578,-13.498031,-4.82056,11.05532528,76.92712889,395.59082,0.0,,3.7900925,0.55,2,2
26.360,416859822175319,2.428715,2.942424,15.905392,-0.7235693,-1.589241,-0.9991456,0.9860831,2.0888162,9.530734,1.442632,0.8536079,6.374657,27.825,-33.45,-5.025,0.08170107,0.09406068,0.9424293,0.31002355,-144.22702,-13.176385,-5.6390057,11.05532528,76.92712889,395.59082,0.0,,3.7900925,0.57,2,2
26.380,416859842175319,3.6118162,1.4777175,16.555342,-0.39416045,-1.6245947,-1.0435097,1.1598266,2.1678684,9.493447,2.4519897,-0.69015086,7.0618944,28.650002,-32.25,-6.15,0.09126758,0.086952105,0.938796,0.32048643,-143.06572,-12.812464,-6.810281,11.05532528,76.92712889,395.59082,0.0,,3.7900925,0.59,2,2
26.400,416859862175319,4.182953,1.0929217,14.991483,0.3543779,-1.083216,-1.0493128,1.2193055,2.3860734,9.433469,2.9636476,-1.2931516,5.558014,27.45,-31.800001,-2.8500001,0.10154107,0.08239184,0.934535,0.33094752,-141.89232,-12.779857,-7.9719577,11.05532528,76.92712889,395.59082,0.0,,3.7900925,0.61,2,2
26.420,416859882175319,3.6674495,1.5973587,12.362219,1.0518327,-0.5217548,-1.0937533,1.192957,2.6787715,9.357961,2.4744923,-1.0814128,3.0042582,28.95,-32.025,-6.3750005,0.11089896,0.08314305,0.9297561,0.3409429,-140.75366,-13.310373,-8.838627,11.05532528,76.92712889,395.59082,0.0,,3.7900925,0.63,2,2
26.440,416859902175319,3.1250262,1.7807088,9.475877,1.4319432,-0.11881319,-1.1478912,1.1134514,2.9822025,9.275618,2.011575,-1.2014937,0.20025921,28.275002,-31.35,-2.5500002,0.119373105,0.08857905,0.9246945,0.35030368,-139.68625,-14.3267145,-9.427727,11.05532528,76.92712889,395.59082,0.0,,3.7900925,0.65,2,2
26.460,416859922175319,2.7952657,1.6914265,7.5183983,1.4943278,0.10377064,-1.2247074,1.0298574,3.2575731,9.19228,1.7654082,-1.5661466,-1.6738815,31.125002,-30.900002,-4.2000003,0.12659991,0.097588606,0.91939765,0.35932648,-138.64793,-15.689671,-9.727038,11.05532528,76.92712889,395.59082,0.0,,3.7900925,0.67,2,2
26.480,416859942175319,2.4662523,1.5457635,6.1929245,1.3503928,0.041767873,-1.352149,0.93803316,3.4877493,9.117352,1.5282192,-1.9419858,-2.9244273,30.525002,-30.150002,-1.35,0.13280177,0.10833049,0.9136445,0.36860406,-137.54532,-17.208733,-9.813114,11.05532528,76.92712889,395.59082,0.0,,3.7900925,0.69,2,2
26.500,416859962175319,1.816302,1.5536897,5.2703414,1.1047488,-0.027107121,-1.5240312,0.8239307,3.6581159,9.061441,0.99237126,-2.1044261,-3.7911,32.625,-29.400002,-4.7250004,0.13815117,0.11920988,0.90730214,0.37881675,-136.2878,-18.722607,-9.74903,11.05532528,76.92712889,395.59082,0.0,,3.7900925,0.71,2,2
26.520,416859982175319,1.1249257,1.7485552,5.5580783,0.78740466,-0.010842849,-1.6638428,0.69383794,3.7788885,9.022693,0.43108782,-2.0303333,-3.4646144,33.825,-27.975,-3.6000001,0.14190495,0.12900107,0.9004708,0.3903495,-134.80954,-20.066368,-9.489054,11.05532528,76.92712889,395.59082,0.0,,3.7900925,0.73,2,2
26.540,416860002175319,0.54900324,1.972583,6.076274,0.53626287,0.012828159,-1.7212641,0.5642588,3.8663888,8.994612,-0.0152555555,-1.8938057,-2.9183378,33.0,-27.225,-0.22500001,0.14352708,0.13752265,0.8932755,0.4031701,-133.09972,-21.187607,-8.979382,11.05532528,76.92712889,395.59082,0.0,,3.7900925,0.75,2,2
26.560,416860022175319,0.24616162,2.1711874,6.796214,0.38392848,-0.008246674,-1.7011819,0.44827327,3.9415584,8.968475,-0.20211165,-1.770371,-2.172261,34.275,-26.325,-0.075,0.14397062,0.14494091,0.8857803,0.4167228,-131.2426,-22.133337,-8.333367,11.05532528,76.92712889,395.59082,0.0,,3.7900925,0.77,2,2
26.580,416860042175319,0.3524927,2.3484058,7.2028446,0.34475678,-0.06834049,-1.6413934,0.34816226,4.011146,8.942029,0.0043304116,-1.6627402,-1.7391844,35.25,-25.425001,-1.35,0.14395876,0.15138166,0.8780926,0.4304799,-129.32092,-22.941862,-7.6432943,11.05532528,76.92712889,395.59082,0.0,,3.7900925,0.79,2,2
26.600,416860062175319,0.4156034,2.633451,7.1226854,0.32879794,-0.16371176,-1.6349031,0.2541656,4.062091,8.922175,0.1614378,-1.42864,-1.7994902,36.45,-23.475,-0.375,0.1439992,0.15702173,0.8701779,0.4442959,-127.36443,-23.655106,-6.96547,11.05532528,76.92712889,395.59082,0.0,,3.7900925,0.81,2,2
26.620,416860082175319,0.43564326,2.8203902,7.3718376,0.2406807,-0.22853976,-1.6819396,0.12904607,4.0961046,8.909302,0.3065972,-1.2757145,-1.5374639,37.425003,-22.5,-1.8750001,0.14416927,0.16178392,0.8619593,0.45833114,-125.35674,-24.27124,-6.3126464,11.05532528,76.92712889,395.59082,0.0,,3.7900925,0.83,2,2
26.640,416860102175319,0.015254244,2.8930721,7.506135,0.16569705,-0.0896444,-1.7217221,-0.03327388,4.1115665,8.903049,0.048528124,-1.2184944,-1.3969145,36.9,-21.75,0.0,0.14386414,0.16593495,0.85347867,0.47259182,-123.28463,-24.785475,-5.608688,11.05532528,76.92712889,395.59082,0.0,,3.7900925,0.85,2,2
26.660,416860122175319,-0.698106,3.0840492,7.553543,0.08651371,0.13217586,-1.6472731,-0.2065924,4.1092896,8.901767,-0.4915136,-1.0252403,-1.3482239,37.800003,-20.1,-0.0,0.1423297,0.16989054,0.8450348,0.48661652,-121.19452,-25.191608,-4.7672644,11.05532528,76.92712889,395.59082,0.0,,3.7900925,0.87,2,2
26.680,416860142175319,-1.213161,3.4377384,7.7303123,0.009697477,0.26496258,-1.4687479,-0.3641272,4.096587,8.902571,-0.84903383,-0.65884876,-1.1722581,39.75,-18.675001,-3.3000002,0.13946652,0.17366011,0.8370141,0.49979863,-119.17539,-25.475319,-3.8032174,11.05532528,76.92712889,395.59082,0.0,,3.7900925,0.89,2,2
26.700,416860162175319,-1.3329518,3.6714873,8.078917,-0.03000873,0.28053963,-1.2476149,-0.49587932,4.0828223,8.902531,-0.8370725,-0.411335,-0.8236139,40.050003,-17.85,-2.4,0.13452743,0.17765996,0.8295592,0.51192397,-117.233665,-25.625975,-2.6254299,11.05532528,76.92712889,395.59082,0.0,,3.7900925,0.91,2,2
26.720,416860182175319,-1.2991531,4.0124645,8.405986,-0.029779654,0.23251039,-1.0522909,-0.59194154,4.0743876,8.900525,-0.7072116,-0.061923027,-0.49453926,39.300003,-17.175001,0.90000004,0.12855355,0.1817416,0.8227738,0.52276886,-115.4391,-25.688108,-1.3686056,11.05532528,76.92712889,395.59082,0.0,,3.7900925,0.93,2,2
26.740,416860202175319,-1.3007982,4.2272205,9.074182,0.00519235,0.11797325,-0.87643814,-0.6319074,4.078797,8.895757,-0.66889083,0.14842343,0.17842484,39.675003,-15.900001,0.90000004,0.1226154,0.18554296,0.8166509,0.5322385,-113.83289,-25.694267,-0.17560755,11.05532528,76.92712889,395.59082,0.0,,3.7900925,0.95,2,2
26.760,416860222175319,-1.0413265,4.379463,9.606585,0.07292198,-0.099647306,-0.68561924,-0.638765,4.106848,8.882351,-0.40256155,0.27261567,0.7242336,41.7,-15.675,-2.5500002,0.11777342,0.18854703,0.8112751,0.5404193,-112.45683,-25.672153,0.80713487,11.05532528,76.92712889,395.59082,0.0,,3.7900925,0.97,2,2
26.780,416860242175319,-1.0043873,4.876124,9.317652,0.18066324,-0.20219623,-0.50396335,-0.60769635,4.1339884,8.871935,-0.39669093,0.7421355,0.44571638,39.9,-15.075001,0.90000004,0.114945136,0.19139776,0.80651915,0.5471473,-111.3253,-25.754484,1.5292029,11.05532528,76.92712889,395.59082,0.0,,3.7900925,0.99,2,2
26.800,416860262175319,-0.70812595,5.0989556,8.835498,0.15485421,-0.33986986,-0.35101813,-0.50721294,4.1184483,8.885466,-0.20091301,0.9805074,-0.049967766,41.550003,-14.925,-1.575,0.114519015,0.19397217,0.802408,0.55241245,-110.44628,-25.964432,1.945628,11.05532372,76.9271273,395.40088,0.0,,3.7900925,0.01,2,2
26.820,416860282175319,0.26141587,4.992774,8.96501,-0.09033162,-0.66591895,-0.26442808,-0.3342218,4.035466,8.931612,0.5956377,0.9573078,0.033397198,40.125,-14.775001,0.82500005,0.116669185,0.19431181,0.79908496,0.55669737,-109.81861,-26.132095,1.9078643,11.05532372,76.9271273,395.40088,0.0,,3.7900925,0.03,2,2
26.840,416860302175319,1.3908281,4.195665,10.087243,-0.442037,-1.0680206,-0.3225366,-0.14223026,3.9173048,8.989154,1.5330584,0.27836025,1.0980892,42.15,-14.175,-2.7,0.12061753,0.19050114,0.7963566,0.56106675,-109.33717,-26.02496,1.3811362,11.05532372,76.9271273,395.40088,0.0,,3.7900925,0.05,2,2
26.860,416860322175319,1.8408284,3.2386856,11.584103,-0.60445064,-1.2197442,-0.46402812,-0.017579561,3.827254,9.028965,1.858408,-0.58856857,2.5551376,42.300003,-13.725,-5.775,0.12533699,0.18302467,0.7936375,0.56628555,-108.846016,-25.624006,0.53025836,11.05532372,76.9271273,395.40088,0.0,,3.7900925,0.07,2,2
26.880,416860342175319,1.4687445,2.4774687,11.832657,-0.43539384,-0.87300205,-0.5195404,0.003368305,3.7981215,9.041275,1.4653761,-1.3206527,2.7913823,41.625,-12.675,-5.775,0.1296868,0.17462058,0.7906829,0.5720107,-108.289246,-25.119242,-0.3361982,11.05532372,76.9271273,395.40088,0.0,,3.7900925,0.09,2,2
26.900,416860362175319,0.43265226,2.7085257,10.693823,-0.11927134,-0.27687442,-0.40950844,-0.025125902,3.8032217,9.039097,0.45777816,-1.094696,1.6547265,41.025,-12.6,-2.775,0.13176247,0.16685294,0.7881469,0.5773369,-107.7403,-24.528885,-0.94701374,11.05532372,76.9271273,395.40088,0.0,,3.7900925,0.11,2,2
26.920,416860382175319,0.01689931,3.2829528,9.279964,0.042913247,0.063224494,-0.22693625,-0.024716645,3.7930598,9.0433655,0.041615956,-0.51010716,0.23659897,42.075,-12.150001,-3.7500002,0.13096245,0.16142052,0.78634244,0.5815662,-107.25613,-23.965738,-1.1418465,11.05532372,76.9271273,395.40088,0.0,,3.7900925,0.13,2,2
26.940,416860402175319,0.3611667,3.6692438,8.866903,-0.05436696,-0.06360629,-0.17142391,0.031496473,3.7553232,9.059081,0.3296702,-0.08607924,-0.19217777,41.850002,-12.0,-4.2000003,0.12989311,0.15666538,0.7852316,0.58465,-106.91946,-23.448288,-1.2993809,11.05532372,76.9271273,395.40088,0.0,,3.7900925,0.15,2,2
26.960,416860422175319,1.0292128,3.4289148,9.611221,-0.19509491,-0.39553493,-0.27084213,0.11754278,3.7176032,9.073918,0.91167,-0.28868842,0.5373025,43.050003,-11.625,-6.0,0.13061474,0.15081134,0.784273,0.58732694,-106.68332,-22.953356,-1.725347,11.05532372,76.9271273,395.40088,0.0,,3.7900925,0.17,2,2
26.980,416860442175319,1.2559328,2.9720354,10.1446705,-0.18341213,-0.62323475,-0.43799,0.19660777,3.6971295,9.080913,1.059325,-0.7250942,1.0637579,41.7,-11.625,-4.5,0.13238753,0.1436727,0.7828319,0.59061617,-106.38481,-22.415691,-2.3288207,11.05532372,76.9271273,395.40088,0.0,,3.7900925,0.19,2,2
27.000,416860462175319,1.2533903,2.696412,9.939486,-0.09033162,-0.6310996,-0.5505419,0.25284144,3.6838944,9.084899,1.000549,-0.9874824,0.8545871,42.0,-10.725,-4.7250004,0.13477443,0.13617694,0.7806511,0.5946978,-105.966866,-21.89541,-2.9935372,11.05532372,76.9271273,395.40088,0.0,,3.7900925,0.21,2,2
27.020,416860482175319,1.3556836,2.6907291,9.306734,-0.062231842,-0.5281689,-0.6132318,0.30563545,3.6488397,9.097414,1.0500481,-0.9581106,0.20932007,42.45,-10.05,-6.6000004,0.13744897,0.12904994,0.7778388,0.59932286,-105.44807,-21.43914,-3.6429558,11.05532372,76.9271273,395.40088,0.0,,3.7900925,0.23,2,2
27.040,416860502175319,1.8512969,2.5631618,9.102746,-0.18768819,-0.52893245,-0.69737846,0.3696723,3.5817435,9.12167,1.4816246,-1.0185817,-0.01892376,42.675003,-9.825001,-7.1250005,0.14027315,0.12208994,0.7744676,0.6044521,-104.83759,-21.019533,-4.280974,11.05532372,76.9271273,395.40088,0.0,,3.7900925,0.25,2,2
27.060,416860522175319,2.2335505,2.2986052,9.7515,-0.3622428,-0.63850635,-0.85162175,0.4386444,3.5105155,9.146271,1.794906,-1.2119102,0.6052294,42.75,-9.450001,-6.4500003,0.14288697,0.114600144,0.77037174,0.6104754,-104.08491,-20.550165,-4.91544,11.05532372,76.9271273,395.40088,0.0,,3.7900925,0.27,2,2
27.080,416860542175319,2.2277179,2.0706887,10.429267,-0.38690645,-0.7172315,-0.99929833,0.4909843,3.4717214,9.15841,1.7367337,-1.4010326,1.2708569,42.75,-7.9500003,-8.1,0.14518827,0.10657601,0.76535153,0.61760753,-103.15298,-20.027735,-5.5336094,11.05532372,76.9271273,395.40088,0.0,,3.7900925,0.29,2,2
27.100,416860562175319,2.094019,1.9984555,10.357482,-0.218995,-0.64667666,-1.058934,0.50740457,3.4765685,9.155676,1.5866144,-1.4781129,1.2018061,43.050003,-7.3500004,-8.55,0.14740615,0.09898687,0.7595506,0.62556905,-102.08931,-19.560163,-6.0968533,11.05532372,76.9271273,395.40088,0.0,,3.7900925,0.31,2,2
27.120,416860582175319,1.9380368,2.1752253,9.429964,0.002443459,-0.45318526,-1.061912,0.4908569,3.504623,9.145878,1.4471799,-1.3293977,0.2840867,42.675003,-5.625,-8.025001,0.14967194,0.09296709,0.75308543,0.6336405,-100.93904,-19.250614,-6.545505,11.05532372,76.9271273,395.40088,0.0,,3.7900925,0.33,2,2
27.140,416860602175319,1.6328024,2.4553351,8.426924,0.11354448,-0.28626648,-1.0720676,0.4706707,3.53408,9.135597,1.1621317,-1.0787449,-0.70867395,43.800003,-4.875,-9.825001,0.15195845,0.08895348,0.7462906,0.6416352,-99.75991,-19.133726,-6.848792,11.05532372,76.9271273,395.40088,0.0,,3.7900925,0.35,2,2
27.160,416860622175319,1.4307585,2.6848965,7.97453,0.11362083,-0.28321216,-1.0942878,0.4728828,3.560535,9.125205,0.9578756,-0.8756385,-1.1506748,44.025,-3.6000001,-10.650001,0.15437028,0.08647505,0.7391874,0.64956295,-98.55576,-19.171022,-7.0468974,11.05532372,76.9271273,395.40088,0.0,,3.7900925,0.37,2,2
27.180,416860642175319,1.4434702,2.8519454,8.006384,0.09353866,-0.42485642,-1.1346049,0.5066863,3.5864234,9.113245,0.93678397,-0.734478,-1.1068606,44.475002,-2.7,-11.475,0.15718251,0.0847053,0.73165613,0.6575868,-97.311905,-19.309607,-7.2199154,11.05532372,76.9271273,395.40088,0.0,,3.7900925,0.39,2,2
27.200,416860662175319,1.6338491,2.949154,8.318499,0.08521563,-0.63018334,-1.2177588,0.561783,3.609776,9.100785,1.0720662,-0.6606221,-0.78228664,43.275,-2.1750002,-8.775001,0.16109328,0.082375795,0.72360975,0.6659065,-96.0377,-19.49727,-7.5238314,11.05532372,76.9271273,395.40088,0.0,,3.7900925,0.41,2,2
27.220,416860682175319,1.6734804,2.9759235,8.520243,0.059406593,-0.80351615,-1.3483312,0.6167388,3.6213677,9.092619,1.0567416,-0.64544404,-0.5723758,42.300003,-1.0500001,-9.150001,0.16675214,0.07786494,0.7148362,0.6745119,-94.72708,-19.650026,-8.140887,11.05532372,76.9271273,395.40088,0.0,,3.7900925,0.43,2,2
27.240,416860702175319,1.475923,2.8153052,8.996714,-0.01237001,-0.8597921,-1.4639373,0.66710496,3.6169903,9.090805,0.808818,-0.801685,-0.09409094,43.425003,0.375,-11.400001,0.1712683,0.07200903,0.70532435,0.6840646,-93.26433,-19.62707,-8.737538,11.05532372,76.9271273,395.40088,0.0,,3.7900925,0.45,2,2
27.260,416860722175319,1.4516957,2.431706,9.652946,-0.097661994,-0.8627701,-1.5244129,0.707751,3.6053596,9.092352,0.74394464,-1.1736535,0.5605941,42.75,2.325,-13.125001,0.17406073,0.0658057,0.6950135,0.69448626,-91.62168,-19.465384,-9.187944,11.05532372,76.9271273,395.40088,0.0,,3.7900925,0.47,2,2
27.280,416860742175319,1.4397315,2.05693,10.487442,-0.13187042,-0.82657635,-1.5645009,0.723753,3.615278,9.0871525,0.7159785,-1.5583478,1.40029,42.525,2.775,-11.025001,0.17570777,0.05948328,0.68404704,0.70545197,-89.853584,-19.225414,-9.537942,11.05532372,76.9271273,395.40088,0.0,,3.7900925,0.49,2,2
27.300,416860762175319,0.96026963,2.3753252,10.777124,-0.023900082,-0.70562506,-1.5661044,0.7041722,3.6539807,9.073199,0.25609744,-1.2786556,1.7039247,41.850002,5.3250003,-12.750001,0.17655626,0.054235775,0.67254484,0.7166366,-87.99819,-19.026495,-9.728586,11.05532372,76.9271273,395.40088,0.0,,3.7900925,0.51,2,2
27.320,416860782175319,0.40992042,2.9596224,9.780663,0.114842564,-0.51465356,-1.532507,0.6754866,3.6707065,9.068628,-0.2655662,-0.711084,0.7120342,42.75,6.2250004,-15.525001,0.17708215,0.05162147,0.66067815,0.72765446,-86.10054,-19.021297,-9.673809,11.05532372,76.9271273,395.40088,0.0,,3.7900925,0.53,2,2
27.340,416860802175319,-0.12846467,3.5923746,9.105139,-0.022220206,-0.48052144,-1.5248711,0.7108465,3.6160197,9.087875,-0.8393111,-0.023645163,0.017263412,41.025,6.8250003,-12.0,0.17764376,0.05119508,0.64847314,0.7384471,-84.174904,-19.19343,-9.433047,11.05532372,76.9271273,395.40088,0.0,,3.7900925,0.55,2,2
27.360,416860822175319,0.9035896,3.2075787,10.121341,-0.39652756,-0.80534875,-1.5283835,0.8168658,3.4994454,9.124527,0.08672382,-0.29186666,0.9968138,40.65,9.075001,-12.750001,0.17758504,0.049667276,0.6360149,0.74932086,-82.2152,-19.227179,-9.230549,11.05532372,76.9271273,395.40088,0.0,,3.7900925,0.57,2,2
27.380,416860842175319,2.095963,2.2947168,11.679517,-0.72288203,-1.1919498,-1.6383392,0.90265113,3.3772295,9.162419,1.1933119,-1.0825125,2.5170975,41.25,10.8,-15.450001,0.17722405,0.043173175,0.62074196,0.7625006,-79.86142,-18.896868,-9.379037,11.05532372,76.9271273,395.40088,0.0,,3.7900925,0.59,2,2
27.400,416860862175319,2.458326,1.3319049,12.809078,-0.7460185,-1.0739765,-1.7025564,0.88022244,3.324061,9.184019,1.5781037,-1.992156,3.6250596,40.875,12.450001,-17.400002,0.17635174,0.034168836,0.60573786,0.7751221,-77.59107,-18.347713,-9.746045,11.05532372,76.9271273,395.40088,0.0,,3.7900925,0.61,2,2
27.420,416860882175319,1.589283,1.2652049,12.384203,-0.368046,-0.4440223,-1.5874846,0.7609517,3.3578281,9.182392,0.82833123,-2.0926232,3.2018113,39.15,13.425,-16.125,0.17476453,0.026635103,0.59134275,0.7868049,-75.42452,-17.84916,-9.968724,11.05532372,76.9271273,395.40088,0.0,,3.7900925,0.63,2,2
27.440,416860902175319,0.2887838,2.1433709,10.073335,0.102701634,0.16394082,-1.2961023,0.60592926,3.4171562,9.172038,-0.31714547,-1.2737854,0.9012966,39.45,15.3,-15.975,0.1729111,0.023768945,0.578464,0.79681635,-73.48097,-17.641232,-9.797662,11.05532372,76.9271273,395.40088,0.0,,3.7900925,0.65,2,2
27.460,416860922175319,0.36729828,2.7602706,8.034052,0.25190532,0.46265367,-1.0207549,0.46372902,3.4503212,9.1679125,-0.09643075,-0.6900507,-1.1338611,39.675003,16.275002,-16.800001,0.17119865,0.025603417,0.56752527,0.80479974,-71.81402,-17.73545,-9.25045,11.05532372,76.9271273,395.40088,0.0,,3.7900925,0.67,2,2
27.480,416860942175319,0.30957144,3.3007493,7.613812,0.12011128,0.44974917,-0.8610902,0.3503966,3.4572463,9.170336,-0.040825173,-0.156497,-1.5565238,39.375,16.35,-16.725,0.16960154,0.029867515,0.5584197,0.81128365,-70.41279,-17.971697,-8.52199,11.05532372,76.9271273,395.40088,0.0,,3.7900925,0.69,2,2
27.500,416860962175319,0.292373,3.4280176,8.528917,-0.0029779654,0.31154102,-0.80916667,0.29968014,3.4756665,9.165169,-0.007307127,-0.047648907,-0.63625145,38.625,16.95,-15.450001,0.16784449,0.03455674,0.5505503,0.81681687,-69.18857,-18.194689,-7.7655168,11.05532372,76.9271273,395.40088,0.0,,3.7900925,0.71,2,2
27.520,416860982175319,0.3659523,3.3412776,9.863963,0.08200859,-0.024358232,-0.7992401,0.3334995,3.538043,9.1401,0.03245282,-0.1967653,0.7238636,38.175003,17.7,-14.025001,0.16574669,0.039909955,0.54301524,0.82202554,-68.00124,-18.411497,-6.9247656,11.05532372,76.9271273,395.40088,0.0,,3.7900925,0.73,2,2
27.540,416861002175319,0.33305103,3.3357444,9.96476,0.32543817,-0.49082983,-0.79901105,0.4512595,3.6330476,9.097676,-0.11820848,-0.2973032,0.867084,38.175003,18.525002,-14.475,0.1647944,0.044589568,0.5352979,0.8270287,-66.83291,-18.682083,-6.222376,11.05532372,76.9271273,395.40088,0.0,,3.7900925,0.75,2,2
27.560,416861022175319,0.6052346,3.312265,9.731311,0.49930555,-0.96150106,-0.81474084,0.6500413,3.7363224,9.043656,-0.04480669,-0.4240576,0.6876545,38.7,19.125,-18.0,0.16617966,0.04730102,0.5270705,0.83187896,-65.6825,-19.047062,-5.858362,11.05532372,76.9271273,395.40088,0.0,,3.7900925,0.77,2,2
27.580,416861042175319,1.0175478,3.3089747,9.640832,0.5342012,-1.4252238,-0.83749557,0.8930191,3.8353295,8.981266,0.124528736,-0.5263549,0.6595659,37.5,19.125,-19.425001,0.17024547,0.045424417,0.5183927,0.8365881,-64.59664,-19.386934,-6.1164103,11.05532372,76.9271273,395.40088,0.0,,3.7900925,0.79,2,2
27.600,416861062175319,1.673929,3.1701908,9.588339,0.4946477,-1.7001128,-0.89086986,1.1227937,3.9311986,8.913776,0.55113536,-0.76100767,0.67456293,34.95,19.275002,-17.400002,0.17772487,0.03811842,0.50932795,0.8410932,-63.632057,-19.742647,-7.1357675,11.05532372,76.9271273,395.40088,0.0,,3.7900925,0.81,2,2
27.620,416861082175319,1.9185951,3.1597223,9.369844,0.44906193,-1.6816342,-0.96906054,1.2734042,4.0302095,8.849081,0.64519083,-0.8704872,0.5207639,36.0,19.800001,-20.775002,0.1868258,0.027695673,0.4995609,0.8454193,-62.676083,-20.09414,-8.562989,11.05532372,76.9271273,395.40088,0.0,,3.7900925,0.83,2,2
27.640,416861102175319,1.8990039,3.323182,8.647811,0.43531746,-1.2793798,-1.0070868,1.315479,4.1216598,8.800672,0.5835248,-0.79847777,-0.15286064,35.100002,21.075,-22.875,0.19673453,0.017011967,0.4893219,0.84944654,-61.715546,-20.541122,-10.063623,11.05532372,76.9271273,395.40088,0.0,,3.7900925,0.85,2,2
27.660,416861122175319,1.7083259,3.584897,7.880612,0.370184,-0.6950877,-1.0210603,1.2578133,4.188071,8.7777195,0.45051247,-0.60317385,-0.8971076,33.15,21.45,-20.925001,0.2066662,0.00997707,0.4787747,0.8532063,-60.7016,-21.236063,-11.188915,11.05532372,76.9271273,395.40088,0.0,,3.7900925,0.87,2,2
27.680,416861142175319,1.2215359,3.9743288,7.250103,0.21510074,-0.15225802,-1.0235802,1.1265643,4.2185483,8.780951,0.09497172,-0.24421954,-1.5308475,32.025,22.2,-20.7,0.21450663,0.0075608613,0.46835,0.8569294,-59.587177,-22.006783,-11.697667,11.05532372,76.9271273,395.40088,0.0,,3.7900925,0.89,2,2
27.700,416861162175319,0.7063314,4.2723846,7.1491556,0.018249582,0.26366448,-0.99357146,0.95451075,4.2154284,8.80281,-0.2481794,0.05695653,-1.6536539,32.625,22.425001,-22.35,0.21929507,0.009072204,0.45860407,0.86092407,-58.40857,-22.700489,-11.601497,11.05532372,76.9271273,395.40088,0.0,,3.7900925,0.91,2,2
27.720,416861182175319,-0.08943175,4.5396333,7.2489066,-0.15179989,0.5145008,-0.91079926,0.7893571,4.183521,8.834333,-0.8787889,0.35611248,-1.5854268,32.25,23.25,-22.050001,0.22084652,0.013415693,0.44980097,0.8650971,-57.195427,-23.214602,-11.006911,11.05532372,76.9271273,395.40088,0.0,,3.7900925,0.93,2,2
27.740,416861202175319,-0.260369,4.576273,7.9523964,-0.27427825,0.5516108,-0.7467821,0.6819298,4.135364,8.865896,-0.9422988,0.44090915,-0.9134996,31.650002,24.075,-21.45,0.21972357,0.019195545,0.4422149,0.8691771,-56.025257,-23.511583,-10.110147,11.05532372,76.9271273,395.40088,0.0,,3.7900925,0.95,2,2
27.760,416861222175319,-0.11395818,4.5227337,8.981609,-0.32757622,0.31436628,-0.5724566,0.6200624,4.104768,8.884638,-0.7340206,0.41796613,0.09697151,31.725,24.375002,-20.475,0.2170094,0.024615439,0.4358461,0.8729457,-54.971573,-23.59893,-9.179999,11.05532372,76.9271273,395.40088,0.0,,3.7900925,0.97,2,2
27.780,416861242175319,0.15583257,4.767101,9.44492,-0.21326816,0.13492474,-0.4283689,0.5819067,4.0959044,8.891307,-0.4260741,0.67119646,0.5536127,30.750002,24.900002,-19.050001,0.21415466,0.028895965,0.43056142,0.8761645,-54.084194,-23.587706,-8.393962,11.05532372,76.9271273,395.40088,0.0,,3.7900925,0.99,2,2
27.800,416861262175319,0.40767714,4.62742,9.54796,-0.07567087,0.06895135,-0.30191988,0.55489814,4.099653,8.891306,-0.147221,0.5277672,0.65665483,31.425001,25.125002,-20.7,0.21198204,0.032206126,0.42630556,0.87868905,-53.379692,-23.577671,-7.7846494,11.05532276,76.92712547,395.37213,0.0,,3.7900925,0.01,2,2
27.820,416861282175319,0.6913762,4.5354457,9.822686,0.008399391,0.06307179,-0.19700387,0.5363608,4.110391,8.8874855,0.15501538,0.42505455,0.9352007,31.125002,25.275002,-19.650002,0.21048068,0.035477247,0.42293394,0.88057864,-52.819374,-23.62186,-7.245898,11.05532276,76.92712547,395.37213,0.0,,3.7900925,0.03,2,2
27.840,416861302175319,0.8093723,4.615755,9.208329,0.04367683,0.046960227,-0.13874266,0.51796365,4.1082053,8.889586,0.29140863,0.5075495,0.31874275,31.650002,25.500002,-19.725,0.21070234,0.039694186,0.4200224,0.88175434,-52.358925,-23.886133,-6.720294,11.05532276,76.92712547,395.37213,0.0,,3.7900925,0.05,2,2
27.860,416861322175319,1.1590235,4.3764725,9.252596,-0.021685699,0.062460918,-0.12568542,0.47572178,4.0968313,8.897194,0.6833017,0.2796414,0.35540247,31.725,25.425001,-19.95,0.21239787,0.04197235,0.4179724,0.88223636,-52.09387,-24.19584,-6.5149517,11.05532276,76.92712547,395.37213,0.0,,3.7900925,0.07,2,2
27.880,416861342175319,1.1389836,4.0100718,9.402147,-0.06925678,0.1461494,-0.23617558,0.42252198,4.0735664,8.91055,0.71646166,-0.06349468,0.49159765,31.95,26.1,-21.525002,0.21209048,0.042141173,0.41655305,0.88299155,-51.889404,-24.183243,-6.4371295,11.05532276,76.92712547,395.37213,0.0,,3.7900925,0.09,2,2
27.900,416861362175319,0.58040905,3.9124146,9.53151,-0.13897173,0.12950332,-0.37629265,0.39337066,4.0350933,8.929372,0.18703839,-0.12267876,0.6021385,30.975,26.175001,-19.35,0.20941427,0.043262582,0.41457012,0.8845091,-51.51918,-23.9744,-6.100357,11.05532276,76.92712547,395.37213,0.0,,3.7900925,0.11,2,2
27.920,416861382175319,0.041425742,4.0111184,9.416505,-0.22945607,-0.04314232,-0.43134683,0.39423162,3.9732883,8.957005,-0.35280588,0.037830114,0.4595003,31.125002,26.7,-19.275002,0.20594138,0.045405887,0.41157272,0.886604,-50.973103,-23.73785,-5.579824,11.05532276,76.92712547,395.37213,0.0,,3.7900925,0.13,2,2
27.940,416861402175319,0.043070804,3.801896,9.410074,-0.3539961,-0.19326234,-0.39805472,0.40936834,3.8956077,8.990386,-0.36629754,-0.093711615,0.41968822,31.35,26.775002,-21.675001,0.20189475,0.0470801,0.40798208,0.88909155,-50.344833,-23.417084,-5.065521,11.05532276,76.92712547,395.37213,0.0,,3.7900925,0.15,2,2
27.960,416861422175319,0.7325028,3.6427734,9.996765,-0.43295038,-0.2417497,-0.37736169,0.39637515,3.837386,9.015972,0.3361277,-0.1946125,0.9807925,30.150002,27.000002,-19.95,0.19694452,0.046457913,0.4044595,0.8918282,-49.749153,-22.88371,-4.7598076,11.05532276,76.92712547,395.37213,0.0,,3.7900925,0.17,2,2
27.980,416861442175319,0.631107,3.692275,9.886395,-0.33001965,-0.10483965,-0.42500913,0.3235068,3.7868307,9.040223,0.3076002,-0.094555736,0.84617233,30.225,27.825,-19.725,0.19170126,0.044962574,0.4009145,0.89463353,-49.166134,-22.275286,-4.5408974,11.05532276,76.92712547,395.37213,0.0,,3.7900925,0.19,2,2
28.000,416861462175319,-0.120538436,3.3762727,9.117252,-0.2895499,0.18104503,-0.49648032,0.19705823,3.7244418,9.069735,-0.31759667,-0.3481691,0.047517776,30.900002,28.050001,-20.550001,0.18648206,0.045373555,0.39701048,0.8974462,-48.512066,-21.761435,-4.114138,11.05532276,76.92712547,395.37213,0.0,,3.7900925,0.21,2,2
28.020,416861482175319,-0.38105702,2.7991538,9.029167,-0.33574653,0.49976373,-0.43829542,0.08013901,3.6386685,9.106265,-0.461196,-0.83951473,-0.07709837,29.85,28.425001,-18.45,0.18055668,0.04785933,0.3933075,0.90014297,-47.84314,-21.266138,-3.4370098,11.05532276,76.92712547,395.37213,0.0,,3.7900925,0.23,2,2
28.040,416861502175319,-0.19202402,2.300699,9.10454,-0.44547307,0.4847975,-0.37117666,0.0013335762,3.540528,9.14522,-0.1933576,-1.2398291,-0.040679455,30.750002,28.875002,-19.575,0.17367399,0.050982792,0.39017883,0.9026692,-47.231094,-20.69083,-2.6643844,11.05532276,76.92712547,395.37213,0.0,,3.7900925,0.25,2,2
28.060,416861522175319,-0.1271187,1.7654545,9.228668,-0.49579307,0.27763802,-0.38194317,-0.013653682,3.4452481,9.181529,-0.11346502,-1.6797936,0.047139168,30.825,29.475,-20.775002,0.166394,0.05340193,0.3873002,0.9051292,-46.670063,-20.034218,-1.9652386,11.05532276,76.92712547,395.37213,0.0,,3.7900925,0.27,2,2
28.080,416861542175319,0.10468599,1.5690935,9.115907,-0.47471824,-0.075136356,-0.42042765,0.019537563,3.3572466,9.21406,0.085148424,-1.7881532,-0.098153114,29.1,29.775002,-16.425001,0.1596326,0.05403628,0.3842112,0.9076261,-46.133324,-19.347462,-1.4925551,11.05532276,76.92712547,395.37213,0.0,,3.7900925,0.29,2,2
28.100,416861562175319,0.22597219,1.7539389,9.046814,-0.44112068,-0.3534616,-0.4837285,0.05823042,3.2724667,9.244348,0.16774178,-1.5185277,-0.19753361,28.875002,30.525002,-16.575,0.15395474,0.052507658,0.38054237,0.9102455,-45.58319,-18.677198,-1.3054783,11.05532276,76.92712547,395.37213,0.0,,3.7900925,0.31,2,2
28.120,416861582175319,0.1683949,1.9492531,9.055937,-0.430736,-0.38255405,-0.4902953,0.06109743,3.189808,9.273175,0.107297465,-1.2405548,-0.2172389,30.150002,31.050001,-19.875,0.14919959,0.049534038,0.3763688,0.91293836,-45.010654,-18.041525,-1.3176876,11.05532276,76.92712547,395.37213,0.0,,3.7900925,0.33,2,2
28.140,416861602175319,0.2979064,1.8523438,8.9674015,-0.41897684,-0.15065451,-0.4050033,0.025614735,3.1010325,9.303404,0.2722917,-1.2486887,-0.33600187,30.300001,31.575,-19.5,0.14327878,0.045735948,0.37240505,0.9156956,-44.462986,-17.245352,-1.377285,11.05532276,76.92712547,395.37213,0.0,,3.7900925,0.35,2,2
28.160,416861622175319,0.8098209,1.4787644,9.062517,-0.44173157,0.09735656,-0.33750275,-0.011157593,2.9867773,9.340739,0.82097846,-1.5080129,-0.27822256,28.125002,31.800001,-16.725,0.1364161,0.04163504,0.36913902,0.9182467,-43.999626,-16.335749,-1.4480734,11.05532276,76.92712547,395.37213,0.0,,3.7900925,0.37,2,2
28.180,416861642175319,1.0202398,1.3661522,9.095568,-0.57482374,0.09216422,-0.4056142,-0.048452478,2.8472755,9.384086,1.0686922,-1.4811233,-0.28851843,29.550001,32.325,-19.275002,0.1289451,0.037201777,0.36615345,0.92069525,-43.572483,-15.348022,-1.5404907,11.05532276,76.92712547,395.37213,0.0,,3.7900925,0.39,2,2
28.200,416861662175319,0.7428219,1.5960127,8.779117,-0.716468,0.05513054,-0.52877975,-0.10742316,2.7028618,9.426208,0.850245,-1.1068491,-0.6470909,28.500002,32.775,-17.550001,0.12086562,0.032179028,0.36279845,0.9232845,-43.102234,-14.272608,-1.6721203,11.05532276,76.92712547,395.37213,0.0,,3.7900925,0.41,2,2
28.220,416861682175319,0.24616162,1.9138095,8.689835,-0.747393,0.13202314,-0.64476776,-0.17355077,2.5622332,9.464418,0.4197124,-0.64842373,-0.7745838,27.075,33.75,-15.000001,0.11262033,0.028144494,0.35861707,0.92607635,-42.520794,-13.225034,-1.6863408,11.05532276,76.92712547,395.37213,0.0,,3.7900925,0.43,2,2
28.240,416861702175319,-0.09556336,2.1720848,8.974281,-0.72669995,0.15584686,-0.7018072,-0.24516234,2.4357731,9.496173,0.14959899,-0.26368833,-0.5218916,26.925001,33.75,-14.250001,0.10525392,0.02742629,0.35340318,0.92897135,-41.794426,-12.412055,-1.3751593,11.05532276,76.92712547,395.37213,0.0,,3.7900925,0.45,2,2
28.260,416861722175319,-0.25229323,2.4675984,9.467801,-0.6511054,0.18448114,-0.730976,-0.31828088,2.3369496,9.51881,0.06598764,0.13064885,-0.05100918,27.300001,34.5,-16.725,0.099009775,0.028358845,0.3475188,0.9318545,-40.99033,-11.784771,-0.9343461,11.05532276,76.92712547,395.37213,0.0,,3.7900925,0.47,2,2
28.280,416861742175319,-0.11291132,2.5876882,10.199705,-0.4973966,0.19058979,-0.7960331,-0.35995954,2.2691286,9.533723,0.24704823,0.31855965,0.6659827,27.375002,35.175003,-16.875,0.09410584,0.030133143,0.34107667,0.93469244,-40.130943,-11.330929,-0.45954803,11.05532276,76.92712547,395.37213,0.0,,3.7900925,0.49,2,2
28.300,416861762175319,-0.067896344,2.3976083,10.197313,-0.32039857,-0.0037415475,-0.9555451,-0.35548386,2.2160301,9.546372,0.28758752,0.18157816,0.6509404,25.050001,35.475002,-12.900001,0.090942755,0.0316978,0.33371222,0.93761355,-39.181164,-11.051672,-0.07337305,11.05532276,76.92712547,395.37213,0.0,,3.7900925,0.51,2,2
28.320,416861782175319,-0.3149553,2.3020449,10.122088,-0.23128866,-0.304287,-1.2027164,-0.3276826,2.165633,9.558926,0.012727335,0.1364119,0.5631628,24.375002,36.600002,-13.35,0.08926547,0.032359544,0.32471895,0.940893,-38.05523,-10.894083,0.17045422,11.05532276,76.92712547,395.37213,0.0,,3.7900925,0.53,2,2
28.340,416861802175319,-0.64172506,2.197957,9.812965,-0.21219912,-0.47784892,-1.4154499,-0.2883576,2.122694,9.5698185,-0.3533675,0.07526314,0.2431469,24.750002,37.050003,-15.6,0.08816523,0.03213234,0.31372708,0.9446907,-36.701027,-10.762555,0.31439254,11.05532276,76.92712547,395.37213,0.0,,3.7900925,0.55,2,2
28.360,416861822175319,-0.5267201,1.6773686,10.861172,-0.15584686,-0.55665046,-1.5447242,-0.18912579,2.1426835,9.567839,-0.33759433,-0.4653148,1.293333,22.2,38.25,-13.500001,0.0869426,0.030880371,0.30098647,0.9490038,-35.150444,-10.579921,0.36570007,11.05532276,76.92712547,395.37213,0.0,,3.7900925,0.57,2,2
28.380,416861842175319,-0.48888358,1.0374382,11.326725,0.18173227,-0.87796533,-1.589241,-0.082035705,2.2300975,9.549362,-0.4068479,-1.1926594,1.7773628,20.1,38.7,-13.200001,0.08667614,0.027650047,0.28688064,0.9535887,-33.468212,-10.437993,0.1749045,11.05532276,76.92712547,395.37213,0.0,,3.7900925,0.59,2,2
28.400,416861862175319,-0.7167999,1.2921243,10.43839,0.5054142,-0.907974,-1.4542398,-0.023961632,2.3464715,9.521758,-0.6928383,-1.0543473,0.9166317,20.625,39.45,-16.050001,0.088792525,0.02330645,0.27223584,0.9578265,-31.751667,-10.532042,-0.21550782,11.05532276,76.92712547,395.37213,0.0,,3.7900925,0.61,2,2
28.420,416861882175319,-1.2163017,2.3848963,9.805637,0.6160571,-0.61475897,-1.1672862,-0.0072442945,2.4768226,9.488713,-1.2090573,-0.09192622,0.31692457,19.050001,39.0,-17.475,0.09307284,0.019556882,0.25839958,0.96125084,-30.145802,-10.896747,-0.6127726,11.05532276,76.92712547,395.37213,0.0,,3.7900925,0.63,2,2
28.440,416861902175319,-0.8373383,2.713461,8.960223,0.67683816,-0.33696824,-0.8971312,-0.025481919,2.5756826,9.462325,-0.81185645,0.13777828,-0.5021019,18.0,39.675003,-16.800001,0.09911273,0.017821975,0.24630404,0.96386296,-28.749912,-11.527685,-0.84604573,11.05532276,76.92712547,395.37213,0.0,,3.7900925,0.65,2,2
28.460,416861922175319,-0.58265233,2.8817062,8.20454,0.5063305,-0.1382845,-0.822682,-0.12716946,2.632387,9.445885,-0.45548284,0.24931931,-1.2413449,17.025002,39.75,-16.650002,0.106503926,0.018995102,0.2356074,0.9656432,-27.50084,-12.394429,-0.7920554,11.05532276,76.92712547,395.37213,0.0,,3.7900925,0.67,2,2
28.480,416861942175319,-0.63006014,2.4233313,9.277721,0.31001383,0.2835176,-0.87132215,-0.17160484,2.6437087,9.44202,-0.4584553,-0.22037756,-0.16429901,16.95,39.825,-19.125,0.11236761,0.023247587,0.22577854,0.96720135,-26.30843,-13.171221,-0.3395453,11.05532276,76.92712547,395.37213,0.0,,3.7900925,0.69,2,2
28.500,416861962175319,-1.1569297,2.488087,10.414461,0.08575014,-0.040622503,-0.89377147,-0.09057899,2.590743,9.457813,-1.0663508,-0.102656126,0.9566479,15.975,39.9,-16.800001,0.115286544,0.028698824,0.21618973,0.9688966,-25.106346,-13.63939,0.339893,11.05532276,76.92712547,395.37213,0.0,,3.7900925,0.71,2,2
28.520,416861982175319,-0.38898322,1.742274,10.239635,-0.24350595,-0.6280453,-0.6921861,-0.039632924,2.5286534,9.474953,-0.3493503,-0.7863794,0.76468325,14.700001,40.575,-17.1,0.11483359,0.030316891,0.20730963,0.97086835,-24.019438,-13.623843,0.663567,11.05532276,76.92712547,395.37213,0.0,,3.7900925,0.73,2,2
28.540,416862002175319,0.5162515,1.270888,10.108629,-0.288939,-0.41080654,-0.57856524,-0.046348136,2.5080576,9.480394,0.5625996,-1.2371696,0.62823486,14.1,40.725002,-16.725,0.112174444,0.028021662,0.19969815,0.97286594,-23.126562,-13.264878,0.5722293,11.05532276,76.92712547,395.37213,0.0,,3.7900925,0.75,2,2
28.560,416862022175319,0.05159524,1.7021942,10.175777,-0.08177952,-0.11155917,-0.56337,-0.021774203,2.5425055,9.471303,0.07336944,-0.8403113,0.70447445,13.35,41.100002,-16.125,0.10866442,0.025587477,0.19300017,0.97470087,-22.342598,-12.809336,0.46629852,11.05532276,76.92712547,395.37213,0.0,,3.7900925,0.77,2,2
28.580,416862042175319,-0.08180462,2.2938197,9.805039,0.1916588,-0.2534325,-0.46043926,-0.021774203,2.5425055,9.471303,-0.06003042,-0.24868584,0.33373642,13.35,41.100002,-16.125,0.10866442,0.025587477,0.19300017,0.97470087,-22.342598,-12.809336,0.46629852,11.05532276,76.92712547,395.37213,0.0,,3.7900925,0.79,2,2
