t_s,mode,lat,lon,speed_mps,heading_deg,test_window,dr_lat,dr_lon,dr_speed_mps,dr_heading_deg,gnss_lat,gnss_lon,gnss_speed_mps,gnss_age_s,dr_error_m
0.19,gnss,11.0552715,76.9269396,0.00,359.6,,,,,,11.0552715,76.9269396,0.00,0.10,
0.26,gnss,11.0552715,76.9269396,0.00,2.0,,,,,,11.0552715,76.9269396,0.00,0.17,
0.36,gnss,11.0552715,76.9269396,0.00,0.7,,,,,,11.0552715,76.9269396,0.00,0.27,
0.47,gnss,11.0552715,76.9269396,0.00,357.8,,,,,,11.0552715,76.9269396,0.00,0.37,
0.56,gnss,11.0552715,76.9269396,0.00,358.1,,,,,,11.0552715,76.9269396,0.00,0.47,
0.66,gnss,11.0552715,76.9269396,0.00,358.6,,,,,,11.0552715,76.9269396,0.00,0.57,
0.77,gnss,11.0552715,76.9269396,0.00,359.1,,,,,,11.0552715,76.9269396,0.00,0.67,
0.87,gnss,11.0552715,76.9269396,0.00,358.8,,,,,,11.0552715,76.9269396,0.00,0.77,
0.97,gnss,11.0552715,76.9269396,0.00,357.3,,,,,,11.0552715,76.9269396,0.00,0.87,
1.07,gnss,11.0552715,76.9269396,0.00,355.1,,,,,,11.0552715,76.9269396,0.00,0.97,
1.20,gnss,11.0552719,76.9269396,0.00,354.4,,,,,,11.0552722,76.9269395,0.00,0.10,
1.26,gnss,11.0552719,76.9269396,0.00,355.3,,,,,,11.0552722,76.9269395,0.00,0.17,
1.37,gnss,11.0552719,76.9269396,0.00,357.8,,,,,,11.0552722,76.9269395,0.00,0.27,
1.47,gnss,11.0552719,76.9269396,0.00,350.7,,,,,,11.0552722,76.9269395,0.00,0.37,
1.57,gnss,11.0552719,76.9269396,0.00,347.0,,,,,,11.0552722,76.9269395,0.00,0.47,
1.67,gnss,11.0552719,76.9269396,0.00,346.9,,,,,,11.0552722,76.9269395,0.00,0.57,
1.77,gnss,11.0552719,76.9269396,0.00,346.1,,,,,,11.0552722,76.9269395,0.00,0.67,
1.87,gnss,11.0552719,76.9269396,0.00,346.7,,,,,,11.0552722,76.9269395,0.00,0.77,
1.97,gnss,11.0552719,76.9269396,0.00,347.3,,,,,,11.0552722,76.9269395,0.00,0.87,
2.07,gnss,11.0552719,76.9269396,0.00,348.9,,,,,,11.0552722,76.9269395,0.00,0.97,
2.18,gnss,11.0552720,76.9269396,0.00,346.9,,,,,,11.0552723,76.9269398,0.00,0.09,
2.27,gnss,11.0552720,76.9269396,0.00,344.7,,,,,,11.0552723,76.9269398,0.00,0.17,
2.37,gnss,11.0552720,76.9269396,0.00,348.8,,,,,,11.0552723,76.9269398,0.00,0.27,
2.47,gnss,11.0552720,76.9269396,0.00,345.1,,,,,,11.0552723,76.9269398,0.00,0.37,
2.57,gnss,11.0552720,76.9269396,0.00,342.5,,,,,,11.0552723,76.9269398,0.00,0.47,
2.66,gnss,11.0552720,76.9269396,0.00,349.2,,,,,,11.0552723,76.9269398,0.00,0.57,
2.76,gnss,11.0552720,76.9269396,0.00,350.6,,,,,,11.0552723,76.9269398,0.00,0.67,
2.87,gnss,11.0552720,76.9269396,0.00,353.1,,,,,,11.0552723,76.9269398,0.00,0.77,
2.96,gnss,11.0552720,76.9269396,0.00,354.0,,,,,,11.0552723,76.9269398,0.00,0.87,
3.07,gnss,11.0552720,76.9269396,0.00,356.6,,,,,,11.0552723,76.9269398,0.00,0.97,
3.18,gnss,11.0552721,76.9269397,0.00,353.2,,,,,,11.0552723,76.9269399,0.00,0.09,
3.26,gnss,11.0552721,76.9269397,0.00,353.1,,,,,,11.0552723,76.9269399,0.00,0.17,
3.37,gnss,11.0552721,76.9269397,0.00,357.3,,,,,,11.0552723,76.9269399,0.00,0.27,
3.47,gnss,11.0552721,76.9269397,0.00,359.4,,,,,,11.0552723,76.9269399,0.00,0.37,
3.56,gnss,11.0552721,76.9269397,0.00,1.8,,,,,,11.0552723,76.9269399,0.00,0.47,
3.66,gnss,11.0552721,76.9269397,0.00,2.1,,,,,,11.0552723,76.9269399,0.00,0.57,
3.77,gnss,11.0552721,76.9269397,0.00,1.7,,,,,,11.0552723,76.9269399,0.00,0.67,
3.86,gnss,11.0552721,76.9269397,0.00,1.4,,,,,,11.0552723,76.9269399,0.00,0.77,
3.96,gnss,11.0552721,76.9269397,0.00,1.6,,,,,,11.0552723,76.9269399,0.00,0.87,
4.07,gnss,11.0552721,76.9269397,0.00,1.4,,,,,,11.0552723,76.9269399,0.00,0.97,
4.18,gnss,11.0552722,76.9269398,0.00,1.1,,,,,,11.0552723,76.9269400,0.00,0.09,
4.27,gnss,11.0552722,76.9269398,0.00,0.5,,,,,,11.0552723,76.9269400,0.00,0.17,
4.37,gnss,11.0552722,76.9269398,0.00,0.4,,,,,,11.0552723,76.9269400,0.00,0.27,
4.47,gnss,11.0552722,76.9269398,0.00,0.2,,,,,,11.0552723,76.9269400,0.00,0.37,
4.57,gnss,11.0552722,76.9269398,0.00,1.0,,,,,,11.0552723,76.9269400,0.00,0.47,
4.67,gnss,11.0552722,76.9269398,0.00,1.5,,,,,,11.0552723,76.9269400,0.00,0.57,
4.77,gnss,11.0552722,76.9269398,0.00,3.3,,,,,,11.0552723,76.9269400,0.00,0.67,
4.87,gnss,11.0552722,76.9269398,0.00,3.5,,,,,,11.0552723,76.9269400,0.00,0.77,
4.97,gnss,11.0552722,76.9269398,0.00,3.5,,,,,,11.0552723,76.9269400,0.00,0.87,
5.07,gnss,11.0552722,76.9269398,0.00,3.5,,,,,,11.0552723,76.9269400,0.00,0.97,
5.17,gnss,11.0552722,76.9269399,0.00,3.6,,,,,,11.0552723,76.9269401,0.00,0.08,
5.27,gnss,11.0552722,76.9269399,0.00,3.6,,,,,,11.0552723,76.9269401,0.00,0.17,
5.37,gnss,11.0552722,76.9269399,0.00,4.1,,,,,,11.0552723,76.9269401,0.00,0.27,
5.47,gnss,11.0552722,76.9269399,0.00,5.7,,,,,,11.0552723,76.9269401,0.00,0.37,
5.57,gnss,11.0552722,76.9269399,0.00,7.2,,,,,,11.0552723,76.9269401,0.00,0.47,
5.67,gnss,11.0552722,76.9269399,0.00,7.3,,,,,,11.0552723,76.9269401,0.00,0.57,
5.77,gnss,11.0552722,76.9269399,0.00,7.3,,,,,,11.0552723,76.9269401,0.00,0.67,
5.87,gnss,11.0552722,76.9269399,0.00,7.4,,,,,,11.0552723,76.9269401,0.00,0.77,
5.97,gnss,11.0552722,76.9269399,0.00,7.4,,,,,,11.0552723,76.9269401,0.00,0.87,
6.07,gnss,11.0552722,76.9269399,0.00,7.4,,,,,,11.0552723,76.9269401,0.00,0.97,
6.19,gnss,11.0552722,76.9269399,0.00,7.4,,,,,,11.0552723,76.9269401,0.00,0.09,
6.27,gnss,11.0552722,76.9269399,0.00,7.4,,,,,,11.0552723,76.9269401,0.00,0.17,
6.36,gnss,11.0552722,76.9269399,0.00,7.4,,,,,,11.0552723,76.9269401,0.00,0.27,
6.47,gnss,11.0552722,76.9269399,0.00,7.4,,,,,,11.0552723,76.9269401,0.00,0.37,
6.57,gnss,11.0552722,76.9269399,0.00,7.4,,,,,,11.0552723,76.9269401,0.00,0.47,
6.67,gnss,11.0552722,76.9269399,0.00,7.4,,,,,,11.0552723,76.9269401,0.00,0.57,
6.77,gnss,11.0552722,76.9269399,0.00,7.4,,,,,,11.0552723,76.9269401,0.00,0.67,
6.86,gnss,11.0552722,76.9269399,0.00,7.4,,,,,,11.0552723,76.9269401,0.00,0.77,
6.97,gnss,11.0552722,76.9269399,0.00,7.4,,,,,,11.0552723,76.9269401,0.00,0.87,
7.07,gnss,11.0552722,76.9269399,0.00,7.4,,,,,,11.0552723,76.9269401,0.00,0.97,
7.19,gnss,11.0552722,76.9269400,0.00,7.4,,,,,,11.0552723,76.9269401,0.00,0.10,
7.27,gnss,11.0552722,76.9269400,0.00,7.4,,,,,,11.0552723,76.9269401,0.00,0.17,
7.37,gnss,11.0552722,76.9269400,0.00,7.4,,,,,,11.0552723,76.9269401,0.00,0.27,
7.47,gnss,11.0552722,76.9269400,0.00,7.4,,,,,,11.0552723,76.9269401,0.00,0.37,
7.57,gnss,11.0552722,76.9269400,0.00,7.4,,,,,,11.0552723,76.9269401,0.00,0.47,
7.67,gnss,11.0552722,76.9269400,0.00,7.4,,,,,,11.0552723,76.9269401,0.00,0.57,
7.77,gnss,11.0552722,76.9269400,0.00,7.4,,,,,,11.0552723,76.9269401,0.00,0.67,
7.87,gnss,11.0552722,76.9269400,0.00,7.4,,,,,,11.0552723,76.9269401,0.00,0.77,
7.97,gnss,11.0552722,76.9269400,0.00,7.4,,,,,,11.0552723,76.9269401,0.00,0.87,
8.07,gnss,11.0552722,76.9269400,0.00,7.4,,,,,,11.0552723,76.9269401,0.00,0.97,
8.18,gnss,11.0552722,76.9269400,-0.00,7.4,,,,,,11.0552721,76.9269401,0.00,0.08,
8.27,gnss,11.0552722,76.9269400,-0.00,7.4,,,,,,11.0552721,76.9269401,0.00,0.17,
8.37,gnss,11.0552722,76.9269400,-0.00,7.4,,,,,,11.0552721,76.9269401,0.00,0.27,
8.47,gnss,11.0552722,76.9269400,-0.00,7.4,,,,,,11.0552721,76.9269401,0.00,0.37,
8.57,gnss,11.0552722,76.9269400,-0.00,7.4,,,,,,11.0552721,76.9269401,0.00,0.47,
8.67,gnss,11.0552722,76.9269400,-0.00,7.4,,,,,,11.0552721,76.9269401,0.00,0.57,
8.77,gnss,11.0552722,76.9269400,-0.00,7.4,,,,,,11.0552721,76.9269401,0.00,0.67,
8.87,gnss,11.0552722,76.9269400,-0.00,7.4,,,,,,11.0552721,76.9269401,0.00,0.77,
8.97,gnss,11.0552722,76.9269400,-0.00,7.4,,,,,,11.0552721,76.9269401,0.00,0.87,
9.07,gnss,11.0552722,76.9269400,-0.00,7.4,,,,,,11.0552721,76.9269401,0.00,0.97,
9.18,gnss,11.0552722,76.9269400,-0.00,7.4,,,,,,11.0552722,76.9269401,0.00,0.08,
9.26,gnss,11.0552722,76.9269400,-0.00,7.4,,,,,,11.0552722,76.9269401,0.00,0.17,
9.37,gnss,11.0552722,76.9269400,-0.00,7.4,,,,,,11.0552722,76.9269401,0.00,0.27,
9.47,gnss,11.0552722,76.9269400,-0.00,7.4,,,,,,11.0552722,76.9269401,0.00,0.37,
9.57,gnss,11.0552722,76.9269400,-0.00,7.4,,,,,,11.0552722,76.9269401,0.00,0.47,
9.67,gnss,11.0552722,76.9269400,-0.00,7.4,,,,,,11.0552722,76.9269401,0.00,0.57,
9.76,gnss,11.0552722,76.9269400,-0.00,7.4,,,,,,11.0552722,76.9269401,0.00,0.67,
9.86,gnss,11.0552722,76.9269400,-0.00,7.4,,,,,,11.0552722,76.9269401,0.00,0.77,
9.97,gnss,11.0552722,76.9269400,-0.00,7.4,,,,,,11.0552722,76.9269401,0.00,0.87,
10.07,gnss,11.0552722,76.9269400,-0.00,7.3,,,,,,11.0552722,76.9269401,0.00,0.97,
10.19,gnss,11.0552722,76.9269400,-0.00,7.3,,,,,,11.0552721,76.9269401,0.00,0.10,
10.26,gnss,11.0552722,76.9269400,-0.00,7.2,,,,,,11.0552721,76.9269401,0.00,0.17,
10.37,gnss,11.0552722,76.9269400,-0.00,7.2,,,,,,11.0552721,76.9269401,0.00,0.27,
10.47,gnss,11.0552722,76.9269400,-0.00,7.3,,,,,,11.0552721,76.9269401,0.00,0.37,
10.57,gnss,11.0552722,76.9269400,-0.00,7.4,,,,,,11.0552721,76.9269401,0.00,0.47,
10.67,gnss,11.0552722,76.9269400,-0.00,7.6,,,,,,11.0552721,76.9269401,0.00,0.57,
10.77,gnss,11.0552722,76.9269400,-0.00,8.3,,,,,,11.0552721,76.9269401,0.00,0.67,
10.87,gnss,11.0552722,76.9269400,-0.00,9.4,,,,,,11.0552721,76.9269401,0.00,0.77,
10.97,gnss,11.0552722,76.9269400,-0.00,10.3,,,,,,11.0552721,76.9269401,0.00,0.87,
11.07,gnss,11.0552722,76.9269400,-0.00,10.7,,,,,,11.0552721,76.9269401,0.00,0.97,
11.18,gnss,11.0552721,76.9269400,-0.00,10.6,,,,,,11.0552720,76.9269400,0.00,0.09,
11.27,gnss,11.0552721,76.9269400,-0.00,10.5,,,,,,11.0552720,76.9269400,0.00,0.17,
11.36,gnss,11.0552721,76.9269400,-0.00,10.2,,,,,,11.0552720,76.9269400,0.00,0.27,
11.47,gnss,11.0552721,76.9269400,-0.00,9.8,,,,,,11.0552720,76.9269400,0.00,0.37,
11.56,gnss,11.0552721,76.9269400,-0.00,9.6,,,,,,11.0552720,76.9269400,0.00,0.47,
11.67,gnss,11.0552721,76.9269400,-0.00,9.3,,,,,,11.0552720,76.9269400,0.00,0.57,
11.77,gnss,11.0552721,76.9269400,-0.00,9.1,,,,,,11.0552720,76.9269400,0.00,0.67,
11.87,gnss,11.0552721,76.9269400,-0.00,8.8,,,,,,11.0552720,76.9269400,0.00,0.77,
11.97,gnss,11.0552721,76.9269400,-0.00,8.5,,,,,,11.0552720,76.9269400,0.00,0.87,
12.07,gnss,11.0552721,76.9269400,-0.00,8.4,,,,,,11.0552720,76.9269400,0.00,0.97,
12.17,gnss,11.0552721,76.9269400,-0.00,8.4,,,,,,11.0552721,76.9269402,0.00,0.08,
12.27,gnss,11.0552721,76.9269400,-0.00,8.4,,,,,,11.0552721,76.9269402,0.00,0.17,
12.37,gnss,11.0552721,76.9269400,-0.00,8.4,,,,,,11.0552721,76.9269402,0.00,0.27,
12.46,gnss,11.0552721,76.9269400,-0.00,8.4,,,,,,11.0552721,76.9269402,0.00,0.37,
12.57,gnss,11.0552721,76.9269400,-0.00,8.3,,,,,,11.0552721,76.9269402,0.00,0.47,
12.67,gnss,11.0552721,76.9269400,-0.00,8.3,,,,,,11.0552721,76.9269402,0.00,0.57,
12.77,gnss,11.0552721,76.9269400,-0.00,8.2,,,,,,11.0552721,76.9269402,0.00,0.67,
12.87,gnss,11.0552721,76.9269400,-0.00,8.1,,,,,,11.0552721,76.9269402,0.00,0.77,
12.97,gnss,11.0552721,76.9269400,-0.00,8.1,,,,,,11.0552721,76.9269402,0.00,0.87,
13.07,gnss,11.0552721,76.9269400,-0.00,8.0,,,,,,11.0552721,76.9269402,0.00,0.97,
13.18,gnss,11.0552721,76.9269401,-0.00,7.7,,,,,,11.0552720,76.9269405,0.00,0.09,
13.26,gnss,11.0552721,76.9269401,-0.00,7.4,,,,,,11.0552720,76.9269405,0.00,0.17,
13.37,gnss,11.0552721,76.9269401,-0.00,7.1,,,,,,11.0552720,76.9269405,0.00,0.27,
13.47,gnss,11.0552721,76.9269401,-0.00,6.7,,,,,,11.0552720,76.9269405,0.00,0.37,
13.57,gnss,11.0552721,76.9269401,-0.00,6.1,,,,,,11.0552720,76.9269405,0.00,0.47,
13.67,gnss,11.0552721,76.9269401,-0.00,4.1,,,,,,11.0552720,76.9269405,0.00,0.57,
13.77,gnss,11.0552721,76.9269401,-0.00,0.1,,,,,,11.0552720,76.9269405,0.00,0.67,
13.87,gnss,11.0552721,76.9269401,-0.00,356.6,,,,,,11.0552720,76.9269405,0.00,0.77,
13.97,gnss,11.0552721,76.9269401,-0.00,354.0,,,,,,11.0552720,76.9269405,0.00,0.87,
14.07,gnss,11.0552721,76.9269401,-0.00,352.0,,,,,,11.0552720,76.9269405,0.00,0.97,
14.17,gnss,11.0552742,76.9269398,0.34,350.8,,,,,,11.0552745,76.9269383,0.37,0.08,
14.27,gnss,11.0552745,76.9269398,0.34,350.2,,,,,,11.0552745,76.9269383,0.37,0.17,
14.37,gnss,11.0552748,76.9269397,0.34,350.2,,,,,,11.0552745,76.9269383,0.37,0.27,
14.46,gnss,11.0552751,76.9269397,0.34,350.3,,,,,,11.0552745,76.9269383,0.37,0.37,
14.57,gnss,11.0552754,76.9269396,0.34,350.1,,,,,,11.0552745,76.9269383,0.37,0.47,
14.67,gnss,11.0552757,76.9269396,0.34,349.2,,,,,,11.0552745,76.9269383,0.37,0.58,
14.77,gnss,11.0552760,76.9269395,0.34,347.9,,,,,,11.0552745,76.9269383,0.37,0.67,
14.87,gnss,11.0552763,76.9269394,0.34,346.4,,,,,,11.0552745,76.9269383,0.37,0.77,
14.96,gnss,11.0552766,76.9269394,0.34,345.4,,,,,,11.0552745,76.9269383,0.37,0.87,
15.07,gnss,11.0552769,76.9269393,0.34,344.4,,,,,,11.0552745,76.9269383,0.37,0.97,
15.17,gnss,11.0552866,76.9269360,1.88,337.8,,,,,,11.0552899,76.9269320,2.01,0.08,
15.27,gnss,11.0552882,76.9269354,1.88,336.9,,,,,,11.0552899,76.9269320,2.01,0.17,
15.37,gnss,11.0552898,76.9269347,1.88,336.4,,,,,,11.0552899,76.9269320,2.01,0.27,
15.47,gnss,11.0552913,76.9269340,1.88,336.5,,,,,,11.0552899,76.9269320,2.01,0.37,
15.57,gnss,11.0552929,76.9269333,1.88,336.9,,,,,,11.0552899,76.9269320,2.01,0.47,
15.66,gnss,11.0552944,76.9269326,1.88,337.5,,,,,,11.0552899,76.9269320,2.01,0.57,
15.77,gnss,11.0552960,76.9269320,1.88,337.0,,,,,,11.0552899,76.9269320,2.01,0.67,
15.87,gnss,11.0552976,76.9269313,1.88,336.8,,,,,,11.0552899,76.9269320,2.01,0.77,
15.96,gnss,11.0552991,76.9269306,1.88,337.4,,,,,,11.0552899,76.9269320,2.01,0.87,
16.07,gnss,11.0553007,76.9269300,1.88,337.7,,,,,,11.0552899,76.9269320,2.01,0.97,
16.17,gnss,11.0553121,76.9269241,3.41,336.6,,,,,,11.0553186,76.9269191,3.53,0.08,
16.27,gnss,11.0553149,76.9269229,3.41,337.3,,,,,,11.0553186,76.9269191,3.53,0.17,
16.37,gnss,11.0553178,76.9269217,3.41,338.1,,,,,,11.0553186,76.9269191,3.53,0.27,
16.47,gnss,11.0553206,76.9269205,3.41,338.6,,,,,,11.0553186,76.9269191,3.53,0.37,
16.57,gnss,11.0553235,76.9269194,3.41,338.8,,,,,,11.0553186,76.9269191,3.53,0.47,
16.67,gnss,11.0553263,76.9269183,3.41,339.4,,,,,,11.0553186,76.9269191,3.53,0.57,
16.77,gnss,11.0553292,76.9269172,3.41,340.1,,,,,,11.0553186,76.9269191,3.53,0.67,
16.87,gnss,11.0553321,76.9269161,3.41,340.4,,,,,,11.0553186,76.9269191,3.53,0.77,
16.97,gnss,11.0553349,76.9269151,3.41,340.1,,,,,,11.0553186,76.9269191,3.53,0.87,
17.07,gnss,11.0553378,76.9269140,3.41,339.5,,,,,,11.0553186,76.9269191,3.53,0.97,
17.17,gnss,11.0553517,76.9269079,4.92,338.6,,,,,,11.0553608,76.9269021,5.04,0.08,
17.27,gnss,11.0553558,76.9269063,4.92,338.6,,,,,,11.0553608,76.9269021,5.04,0.17,
17.37,gnss,11.0553599,76.9269046,4.92,339.4,,,,,,11.0553608,76.9269021,5.04,0.28,
17.47,gnss,11.0553640,76.9269031,4.92,341.1,,,,,,11.0553608,76.9269021,5.04,0.37,
17.57,gnss,11.0553682,76.9269016,4.92,343.2,,,,,,11.0553608,76.9269021,5.04,0.47,
17.66,gnss,11.0553725,76.9269003,4.92,346.1,,,,,,11.0553608,76.9269021,5.04,0.57,
17.77,gnss,11.0553767,76.9268992,4.92,349.0,,,,,,11.0553608,76.9269021,5.04,0.67,
17.87,gnss,11.0553811,76.9268984,4.92,351.9,,,,,,11.0553608,76.9269021,5.04,0.77,
17.97,gnss,11.0553855,76.9268977,4.92,354.3,,,,,,11.0553608,76.9269021,5.04,0.87,
18.07,gnss,11.0553899,76.9268973,4.92,356.5,,,,,,11.0553608,76.9269021,5.04,0.97,
18.17,gnss,11.0554040,76.9268895,6.21,354.2,,,,,,11.0554165,76.9268877,6.31,0.08,
18.27,gnss,11.0554095,76.9268890,6.21,355.3,,,,,,11.0554165,76.9268877,6.31,0.17,
18.37,gnss,11.0554151,76.9268885,6.21,355.1,,,,,,11.0554165,76.9268877,6.31,0.27,
18.47,gnss,11.0554206,76.9268880,6.21,354.1,,,,,,11.0554165,76.9268877,6.31,0.37,
18.57,gnss,11.0554262,76.9268874,6.21,352.3,,,,,,11.0554165,76.9268877,6.31,0.47,
18.66,gnss,11.0554317,76.9268866,6.21,350.3,,,,,,11.0554165,76.9268877,6.31,0.57,
18.77,gnss,11.0554372,76.9268857,6.21,348.3,,,,,,11.0554165,76.9268877,6.31,0.67,
18.86,gnss,11.0554427,76.9268845,6.21,346.5,,,,,,11.0554165,76.9268877,6.31,0.77,
18.97,gnss,11.0554481,76.9268832,6.21,345.6,,,,,,11.0554165,76.9268877,6.31,0.87,
19.07,gnss,11.0554535,76.9268818,6.21,344.8,,,,,,11.0554165,76.9268877,6.31,0.97,
19.17,gnss,11.0554679,76.9268825,6.90,346.3,,,,,,11.0554801,76.9268794,6.95,0.08,
19.27,gnss,11.0554739,76.9268810,6.90,345.6,,,,,,11.0554801,76.9268794,6.95,0.17,
19.37,gnss,11.0554799,76.9268794,6.90,344.9,,,,,,11.0554801,76.9268794,6.95,0.27,
19.46,gnss,11.0554859,76.9268777,6.90,344.3,,,,,,11.0554801,76.9268794,6.95,0.37,
19.56,gnss,11.0554919,76.9268760,6.90,343.9,,,,,,11.0554801,76.9268794,6.95,0.47,
19.66,gnss,11.0554978,76.9268743,6.90,343.9,,,,,,11.0554801,76.9268794,6.95,0.57,
19.77,gnss,11.0555038,76.9268725,6.90,343.8,,,,,,11.0554801,76.9268794,6.95,0.67,
19.86,gnss,11.0555097,76.9268708,6.90,343.9,,,,,,11.0554801,76.9268794,6.95,0.77,
19.97,gnss,11.0555157,76.9268690,6.90,343.8,,,,,,11.0554801,76.9268794,6.95,0.87,
20.07,gnss,11.0555216,76.9268672,6.90,344.1,,,,,,11.0554801,76.9268794,6.95,0.97,
20.17,gnss,11.0555304,76.9268697,6.60,344.9,,,,,,11.0555429,76.9268810,6.57,0.08,
20.27,gnss,11.0555361,76.9268681,6.60,344.4,,,,,,11.0555429,76.9268810,6.57,0.17,
20.37,gnss,11.0555419,76.9268665,6.60,343.7,,,,,,11.0555429,76.9268810,6.57,0.27,
20.47,gnss,11.0555475,76.9268648,6.60,342.1,,,,,,11.0555429,76.9268810,6.57,0.37,
20.57,gnss,11.0555532,76.9268629,6.60,340.4,,,,,,11.0555429,76.9268810,6.57,0.47,
20.66,gnss,11.0555588,76.9268609,6.60,338.5,,,,,,11.0555429,76.9268810,6.57,0.57,
20.77,gnss,11.0555643,76.9268587,6.60,336.7,,,,,,11.0555429,76.9268810,6.57,0.67,
20.86,gnss,11.0555697,76.9268563,6.60,334.6,,,,,,11.0555429,76.9268810,6.57,0.77,
20.97,gnss,11.0555751,76.9268537,6.60,332.2,,,,,,11.0555429,76.9268810,6.57,0.87,
21.07,gnss,11.0555803,76.9268509,6.60,329.1,,,,,,11.0555429,76.9268810,6.57,0.97,
21.17,gnss,11.0555834,76.9268567,5.40,329.1,,,,,,11.0555906,76.9268639,5.30,0.08,
21.26,gnss,11.0555876,76.9268542,5.40,327.0,,,,,,11.0555906,76.9268639,5.30,0.17,
21.37,gnss,11.0555917,76.9268515,5.40,324.0,,,,,,11.0555906,76.9268639,5.30,0.27,
21.46,gnss,11.0555956,76.9268486,5.40,321.0,,,,,,11.0555906,76.9268639,5.30,0.37,
21.57,gnss,11.0555994,76.9268455,5.40,317.2,,,,,,11.0555906,76.9268639,5.30,0.47,
21.67,gnss,11.0556029,76.9268421,5.40,314.5,,,,,,11.0555906,76.9268639,5.30,0.57,
21.77,gnss,11.0556063,76.9268386,5.40,311.4,,,,,,11.0555906,76.9268639,5.30,0.67,
21.87,gnss,11.0556095,76.9268349,5.40,309.6,,,,,,11.0555906,76.9268639,5.30,0.77,
21.97,gnss,11.0556126,76.9268311,5.40,308.1,,,,,,11.0555906,76.9268639,5.30,0.87,
22.07,gnss,11.0556156,76.9268272,5.40,305.8,,,,,,11.0555906,76.9268639,5.30,0.97,
22.17,gnss,11.0556183,76.9268290,4.76,305.6,,,,,,11.0556182,76.9268319,4.71,0.08,
22.27,gnss,11.0556208,76.9268255,4.76,304.1,,,,,,11.0556182,76.9268319,4.71,0.17,
22.37,gnss,11.0556232,76.9268218,4.76,302.7,,,,,,11.0556182,76.9268319,4.71,0.27,
22.47,gnss,11.0556255,76.9268182,4.76,301.3,,,,,,11.0556182,76.9268319,4.71,0.37,
22.56,gnss,11.0556277,76.9268145,4.76,299.8,,,,,,11.0556182,76.9268319,4.71,0.47,
22.66,gnss,11.0556298,76.9268107,4.76,298.5,,,,,,11.0556182,76.9268319,4.71,0.57,
22.77,gnss,11.0556319,76.9268068,4.76,297.0,,,,,,11.0556182,76.9268319,4.71,0.67,
22.87,gnss,11.0556338,76.9268030,4.76,295.7,,,,,,11.0556182,76.9268319,4.71,0.77,
22.97,gnss,11.0556357,76.9267990,4.76,294.0,,,,,,11.0556182,76.9268319,4.71,0.87,
23.06,gnss,11.0556374,76.9267950,4.76,292.0,,,,,,11.0556182,76.9268319,4.71,0.97,
23.17,gnss,11.0556410,76.9267865,5.49,290.8,,,,,,11.0556374,76.9267846,5.55,0.07,
23.27,gnss,11.0556428,76.9267818,5.49,289.7,,,,,,11.0556374,76.9267846,5.55,0.17,
23.37,gnss,11.0556444,76.9267770,5.49,288.6,,,,,,11.0556374,76.9267846,5.55,0.27,
23.47,gnss,11.0556460,76.9267723,5.49,286.9,,,,,,11.0556374,76.9267846,5.55,0.37,
23.57,gnss,11.0556474,76.9267675,5.49,285.5,,,,,,11.0556374,76.9267846,5.55,0.47,
23.67,gnss,11.0556488,76.9267626,5.49,284.0,,,,,,11.0556374,76.9267846,5.55,0.57,
23.77,gnss,11.0556500,76.9267577,5.49,282.7,,,,,,11.0556374,76.9267846,5.55,0.67,
23.87,gnss,11.0556510,76.9267528,5.49,281.9,,,,,,11.0556374,76.9267846,5.55,0.77,
23.97,gnss,11.0556521,76.9267479,5.49,281.6,,,,,,11.0556374,76.9267846,5.55,0.87,
24.07,gnss,11.0556530,76.9267430,5.49,282.0,,,,,,11.0556374,76.9267846,5.55,0.97,
24.17,gnss,11.0556538,76.9267237,7.40,281.3,,,,,,11.0556482,76.9267200,7.56,0.08,
24.27,gnss,11.0556551,76.9267170,7.40,282.0,,,,,,11.0556482,76.9267200,7.56,0.17,
24.37,gnss,11.0556565,76.9267104,7.40,282.9,,,,,,11.0556482,76.9267200,7.56,0.27,
24.47,gnss,11.0556580,76.9267038,7.40,283.6,,,,,,11.0556482,76.9267200,7.56,0.37,
24.57,gnss,11.0556595,76.9266972,7.40,284.0,,,,,,11.0556482,76.9267200,7.56,0.47,
24.66,gnss,11.0556611,76.9266906,7.40,284.1,,,,,,11.0556482,76.9267200,7.56,0.57,
24.77,gnss,11.0556628,76.9266841,7.40,284.0,,,,,,11.0556482,76.9267200,7.56,0.67,
24.87,gnss,11.0556644,76.9266775,7.40,283.6,,,,,,11.0556482,76.9267200,7.56,0.77,
24.97,gnss,11.0556659,76.9266709,7.40,283.0,,,,,,11.0556482,76.9267200,7.56,0.87,
25.07,gnss,11.0556674,76.9266643,7.40,282.4,,,,,,11.0556482,76.9267200,7.56,0.97,
25.17,gnss,11.0556678,76.9266511,8.19,281.5,,,,,,11.0556620,76.9266512,8.25,0.08,
25.27,gnss,11.0556693,76.9266438,8.19,281.1,,,,,,11.0556620,76.9266512,8.25,0.17,
25.36,gnss,11.0556707,76.9266364,8.19,280.8,,,,,,11.0556620,76.9266512,8.25,0.27,
25.46,gnss,11.0556721,76.9266291,8.19,280.5,,,,,,11.0556620,76.9266512,8.25,0.37,
25.57,gnss,11.0556734,76.9266217,8.19,280.6,,,,,,11.0556620,76.9266512,8.25,0.47,
25.67,gnss,11.0556748,76.9266143,8.19,281.0,,,,,,11.0556620,76.9266512,8.25,0.57,
25.76,gnss,11.0556762,76.9266070,8.19,281.2,,,,,,11.0556620,76.9266512,8.25,0.67,
25.87,gnss,11.0556776,76.9265996,8.19,280.9,,,,,,11.0556620,76.9266512,8.25,0.77,
25.97,gnss,11.0556790,76.9265923,8.19,280.4,,,,,,11.0556620,76.9266512,8.25,0.87,
26.07,gnss,11.0556803,76.9265849,8.19,280.9,,,,,,11.0556620,76.9266512,8.25,0.97,
26.17,gnss,11.0556806,76.9265711,9.06,280.0,,,,,,11.0556744,76.9265739,9.13,0.07,
26.27,gnss,11.0556820,76.9265629,9.06,279.5,,,,,,11.0556744,76.9265739,9.13,0.17,
26.36,gnss,11.0556834,76.9265547,9.06,279.4,,,,,,11.0556744,76.9265739,9.13,0.27,
26.47,gnss,11.0556847,76.9265466,9.06,280.2,,,,,,11.0556744,76.9265739,9.13,0.37,
26.57,gnss,11.0556861,76.9265384,9.06,281.1,,,,,,11.0556744,76.9265739,9.13,0.47,
26.67,gnss,11.0556877,76.9265303,9.06,282.2,,,,,,11.0556744,76.9265739,9.13,0.57,
26.76,gnss,11.0556894,76.9265222,9.06,283.2,,,,,,11.0556744,76.9265739,9.13,0.67,
26.87,gnss,11.0556913,76.9265141,9.06,284.4,,,,,,11.0556744,76.9265739,9.13,0.77,
26.96,gnss,11.0556933,76.9265061,9.06,285.0,,,,,,11.0556744,76.9265739,9.13,0.87,
27.07,gnss,11.0556954,76.9264981,9.06,285.1,,,,,,11.0556744,76.9265739,9.13,0.97,
27.17,gnss,11.0556961,76.9264843,9.85,284.1,,,,,,11.0556912,76.9264895,9.92,0.08,
27.27,gnss,11.0556982,76.9264756,9.85,283.2,,,,,,11.0556912,76.9264895,9.92,0.17,
27.37,gnss,11.0557003,76.9264668,9.85,281.7,,,,,,11.0556912,76.9264895,9.92,0.27,
27.47,gnss,11.0557021,76.9264579,9.85,280.6,,,,,,11.0556912,76.9264895,9.92,0.37,
27.57,gnss,11.0557037,76.9264491,9.85,279.6,,,,,,11.0556912,76.9264895,9.92,0.47,
27.67,gnss,11.0557052,76.9264402,9.85,278.8,,,,,,11.0556912,76.9264895,9.92,0.57,
27.77,gnss,11.0557065,76.9264313,9.85,278.1,,,,,,11.0556912,76.9264895,9.92,0.67,
27.87,gnss,11.0557078,76.9264223,9.85,277.8,,,,,,11.0556912,76.9264895,9.92,0.77,
27.97,gnss,11.0557090,76.9264134,9.85,278.1,,,,,,11.0556912,76.9264895,9.92,0.87,
28.07,gnss,11.0557102,76.9264045,9.85,278.8,,,,,,11.0556912,76.9264895,9.92,0.98,
28.17,gnss,11.0557123,76.9263924,10.35,280.2,,,,,,11.0557083,76.9263995,10.39,0.08,
28.27,gnss,11.0557139,76.9263831,10.35,281.5,,,,,,11.0557083,76.9263995,10.39,0.17,
28.37,gnss,11.0557158,76.9263738,10.35,282.7,,,,,,11.0557083,76.9263995,10.39,0.27,
28.46,gnss,11.0557178,76.9263646,10.35,283.9,,,,,,11.0557083,76.9263995,10.39,0.37,
28.56,gnss,11.0557201,76.9263554,10.35,284.8,,,,,,11.0557083,76.9263995,10.39,0.47,
28.67,gnss,11.0557225,76.9263462,10.35,285.3,,,,,,11.0557083,76.9263995,10.39,0.57,
28.77,gnss,11.0557249,76.9263371,10.35,285.6,,,,,,11.0557083,76.9263995,10.39,0.67,
28.87,gnss,11.0557274,76.9263280,10.35,285.5,,,,,,11.0557083,76.9263995,10.39,0.77,
28.97,gnss,11.0557299,76.9263188,10.35,285.2,,,,,,11.0557083,76.9263995,10.39,0.87,
29.06,gnss,11.0557323,76.9263097,10.35,284.9,,,,,,11.0557083,76.9263995,10.39,0.97,
29.17,gnss,11.0557359,76.9263000,10.48,285.0,,,,,,11.0557331,76.9263088,10.49,0.07,
29.27,gnss,11.0557383,76.9262907,10.48,285.0,,,,,,11.0557331,76.9263088,10.49,0.17,
29.37,gnss,11.0557408,76.9262814,10.48,285.2,,,,,,11.0557331,76.9263088,10.49,0.27,
29.47,gnss,11.0557433,76.9262722,10.48,285.3,,,,,,11.0557331,76.9263088,10.49,0.37,
29.57,gnss,11.0557457,76.9262629,10.48,285.8,,,,,,11.0557331,76.9263088,10.49,0.47,
29.67,gnss,11.0557483,76.9262537,10.48,286.3,,,,,,11.0557331,76.9263088,10.49,0.57,
29.77,gnss,11.0557510,76.9262445,10.48,286.7,,,,,,11.0557331,76.9263088,10.49,0.67,
29.87,gnss,11.0557537,76.9262353,10.48,287.1,,,,,,11.0557331,76.9263088,10.49,0.77,
29.97,gnss,11.0557564,76.9262262,10.48,287.4,,,,,,11.0557331,76.9263088,10.49,0.87,
30.07,gnss,11.0557593,76.9262170,10.48,287.9,,,,,,11.0557331,76.9263088,10.49,0.97,
30.17,gnss,11.0557608,76.9262072,10.54,287.8,,,,,,11.0557582,76.9262168,10.55,0.08,
30.26,gnss,11.0557637,76.9261980,10.54,288.2,,,,,,11.0557582,76.9262168,10.55,0.17,
30.37,gnss,11.0557666,76.9261888,10.54,288.2,,,,,,11.0557582,76.9262168,10.55,0.27,
30.47,gnss,11.0557696,76.9261797,10.54,288.1,,,,,,11.0557582,76.9262168,10.55,0.37,
30.57,gnss,11.0557725,76.9261705,10.54,288.0,,,,,,11.0557582,76.9262168,10.55,0.47,
30.66,gnss,11.0557754,76.9261613,10.54,287.8,,,,,,11.0557582,76.9262168,10.55,0.57,
30.77,gnss,11.0557783,76.9261521,10.54,288.0,,,,,,11.0557582,76.9262168,10.55,0.67,
30.87,gnss,11.0557813,76.9261430,10.54,288.3,,,,,,11.0557582,76.9262168,10.55,0.77,
30.96,gnss,11.0557842,76.9261338,10.54,288.5,,,,,,11.0557582,76.9262168,10.55,0.87,
31.07,gnss,11.0557872,76.9261246,10.54,289.1,,,,,,11.0557582,76.9262168,10.55,0.97,
31.17,gnss,11.0557908,76.9261149,10.67,289.9,,,,,,11.0557895,76.9261248,10.68,0.08,
31.26,gnss,11.0557940,76.9261057,10.67,290.8,,,,,,11.0557895,76.9261248,10.68,0.17,
31.37,gnss,11.0557974,76.9260966,10.67,291.5,,,,,,11.0557895,76.9261248,10.68,0.27,
31.46,gnss,11.0558009,76.9260875,10.67,292.2,,,,,,11.0557895,76.9261248,10.68,0.37,
31.57,gnss,11.0558046,76.9260785,10.67,292.7,,,,,,11.0557895,76.9261248,10.68,0.47,
31.67,gnss,11.0558083,76.9260695,10.67,293.1,,,,,,11.0557895,76.9261248,10.68,0.57,
31.77,gnss,11.0558120,76.9260605,10.67,293.6,,,,,,11.0557895,76.9261248,10.68,0.67,
31.86,gnss,11.0558159,76.9260515,10.67,294.3,,,,,,11.0557895,76.9261248,10.68,0.77,
31.97,gnss,11.0558198,76.9260426,10.67,295.1,,,,,,11.0557895,76.9261248,10.68,0.87,
32.07,gnss,11.0558239,76.9260338,10.67,296.1,,,,,,11.0557895,76.9261248,10.68,0.97,
32.17,gnss,11.0558277,76.9260251,10.66,296.4,,,,,,11.0558289,76.9260364,10.66,0.08,
32.27,gnss,11.0558320,76.9260164,10.66,297.7,,,,,,11.0558289,76.9260364,10.66,0.17,
32.37,gnss,11.0558364,76.9260077,10.66,298.6,,,,,,11.0558289,76.9260364,10.66,0.27,
32.46,gnss,11.0558410,76.9259991,10.66,299.8,,,,,,11.0558289,76.9260364,10.66,0.37,
32.57,gnss,11.0558458,76.9259907,10.66,301.0,,,,,,11.0558289,76.9260364,10.66,0.47,
32.66,gnss,11.0558507,76.9259823,10.66,302.3,,,,,,11.0558289,76.9260364,10.66,0.57,
32.77,gnss,11.0558558,76.9259741,10.66,303.5,,,,,,11.0558289,76.9260364,10.66,0.67,
32.87,gnss,11.0558611,76.9259659,10.66,304.9,,,,,,11.0558289,76.9260364,10.66,0.77,
32.96,gnss,11.0558666,76.9259579,10.66,306.3,,,,,,11.0558289,76.9260364,10.66,0.87,
33.07,gnss,11.0558723,76.9259501,10.66,307.6,,,,,,11.0558289,76.9260364,10.66,0.97,
33.17,gnss,11.0558770,76.9259439,10.40,308.2,,,,,,11.0558813,76.9259581,10.38,0.08,
33.26,gnss,11.0558827,76.9259364,10.40,310.2,,,,,,11.0558813,76.9259581,10.38,0.17,
33.37,gnss,11.0558888,76.9259291,10.40,311.6,,,,,,11.0558813,76.9259581,10.38,0.27,
33.47,gnss,11.0558950,76.9259220,10.40,311.9,,,,,,11.0558813,76.9259581,10.38,0.37,
33.56,gnss,11.0559012,76.9259149,10.40,315.1,,,,,,11.0558813,76.9259581,10.38,0.47,
33.67,gnss,11.0559078,76.9259082,10.40,316.5,,,,,,11.0558813,76.9259581,10.38,0.57,
33.77,gnss,11.0559146,76.9259016,10.40,318.0,,,,,,11.0558813,76.9259581,10.38,0.67,
33.87,gnss,11.0559215,76.9258952,10.40,318.7,,,,,,11.0558813,76.9259581,10.38,0.77,
33.97,gnss,11.0559286,76.9258890,10.40,320.6,,,,,,11.0558813,76.9259581,10.38,0.87,
34.07,gnss,11.0559358,76.9258829,10.40,321.7,,,,,,11.0558813,76.9259581,10.38,0.97,
34.17,gnss,11.0559440,76.9258789,10.24,322.7,,,,,,11.0559522,76.9258964,10.23,0.08,
34.26,gnss,11.0559513,76.9258733,10.24,324.0,,,,,,11.0559522,76.9258964,10.23,0.17,
34.37,gnss,11.0559588,76.9258678,10.24,325.0,,,,,,11.0559522,76.9258964,10.23,0.27,
34.47,gnss,11.0559663,76.9258624,10.24,326.1,,,,,,11.0559522,76.9258964,10.23,0.37,
34.56,gnss,11.0559739,76.9258571,10.24,327.3,,,,,,11.0559522,76.9258964,10.23,0.47,
34.67,gnss,11.0559817,76.9258521,10.24,328.1,,,,,,11.0559522,76.9258964,10.23,0.57,
34.77,gnss,11.0559895,76.9258471,10.24,329.0,,,,,,11.0559522,76.9258964,10.23,0.67,
34.86,gnss,11.0559974,76.9258423,10.24,329.9,,,,,,11.0559522,76.9258964,10.23,0.77,
34.96,gnss,11.0560054,76.9258376,10.24,330.7,,,,,,11.0559522,76.9258964,10.23,0.87,
35.07,gnss,11.0560134,76.9258330,10.24,331.6,,,,,,11.0559522,76.9258964,10.23,0.97,
35.17,gnss,11.0560275,76.9258337,10.27,333.3,,,,,,11.0560355,76.9258523,10.27,0.08,
35.27,gnss,11.0560357,76.9258295,10.27,334.0,,,,,,11.0560355,76.9258523,10.27,0.17,
35.37,gnss,11.0560440,76.9258254,10.27,334.9,,,,,,11.0560355,76.9258523,10.27,0.27,
35.46,gnss,11.0560524,76.9258214,10.27,335.7,,,,,,11.0560355,76.9258523,10.27,0.37,
35.57,gnss,11.0560608,76.9258176,10.27,336.6,,,,,,11.0560355,76.9258523,10.27,0.47,
35.66,gnss,11.0560693,76.9258138,10.27,337.4,,,,,,11.0560355,76.9258523,10.27,0.57,
35.77,gnss,11.0560778,76.9258102,10.27,338.4,,,,,,11.0560355,76.9258523,10.27,0.67,
35.86,gnss,11.0560863,76.9258068,10.27,339.0,,,,,,11.0560355,76.9258523,10.27,0.77,
35.97,gnss,11.0560950,76.9258034,10.27,339.7,,,,,,11.0560355,76.9258523,10.27,0.87,
36.07,gnss,11.0561036,76.9258001,10.27,340.1,,,,,,11.0560355,76.9258523,10.27,0.97,
36.17,gnss,11.0561169,76.9257997,10.44,340.5,,,,,,11.0561251,76.9258180,10.45,0.08,
36.27,gnss,11.0561258,76.9257965,10.44,340.9,,,,,,11.0561251,76.9258180,10.45,0.17,
36.37,gnss,11.0561347,76.9257934,10.44,341.1,,,,,,11.0561251,76.9258180,10.45,0.27,
36.47,gnss,11.0561435,76.9257903,10.44,341.3,,,,,,11.0561251,76.9258180,10.45,0.37,
36.57,gnss,11.0561524,76.9257872,10.44,341.3,,,,,,11.0561251,76.9258180,10.45,0.47,
36.67,gnss,11.0561613,76.9257842,10.44,341.2,,,,,,11.0561251,76.9258180,10.45,0.57,
36.77,gnss,11.0561702,76.9257811,10.44,341.5,,,,,,11.0561251,76.9258180,10.45,0.67,
36.86,gnss,11.0561791,76.9257780,10.44,341.4,,,,,,11.0561251,76.9258180,10.45,0.77,
36.97,gnss,11.0561880,76.9257750,10.44,341.5,,,,,,11.0561251,76.9258180,10.45,0.87,
37.07,gnss,11.0561968,76.9257720,10.44,341.8,,,,,,11.0561251,76.9258180,10.45,0.97,
37.17,gnss,11.0562118,76.9257743,10.65,342.8,,,,,,11.0562177,76.9257906,10.66,0.08,
37.26,gnss,11.0562210,76.9257714,10.65,343.2,,,,,,11.0562177,76.9257906,10.66,0.17,
37.36,gnss,11.0562301,76.9257686,10.65,343.4,,,,,,11.0562177,76.9257906,10.66,0.27,
37.46,gnss,11.0562393,76.9257658,10.65,343.7,,,,,,11.0562177,76.9257906,10.66,0.37,
37.57,gnss,11.0562485,76.9257631,10.65,343.8,,,,,,11.0562177,76.9257906,10.66,0.47,
37.66,gnss,11.0562576,76.9257603,10.65,344.2,,,,,,11.0562177,76.9257906,10.66,0.57,
37.77,gnss,11.0562668,76.9257577,10.65,344.4,,,,,,11.0562177,76.9257906,10.66,0.67,
37.86,gnss,11.0562760,76.9257551,10.65,344.7,,,,,,11.0562177,76.9257906,10.66,0.77,
37.96,gnss,11.0562853,76.9257525,10.65,345.1,,,,,,11.0562177,76.9257906,10.66,0.87,
38.06,gnss,11.0562945,76.9257500,10.65,345.3,,,,,,11.0562177,76.9257906,10.66,0.97,
38.17,gnss,11.0563093,76.9257519,10.88,346.3,,,,,,11.0563139,76.9257658,10.90,0.08,
38.27,gnss,11.0563188,76.9257496,10.88,346.5,,,,,,11.0563139,76.9257658,10.90,0.17,
38.36,gnss,11.0563283,76.9257472,10.88,346.7,,,,,,11.0563139,76.9257658,10.90,0.27,
38.46,gnss,11.0563378,76.9257450,10.88,346.8,,,,,,11.0563139,76.9257658,10.90,0.37,
38.57,gnss,11.0563473,76.9257427,10.88,346.7,,,,,,11.0563139,76.9257658,10.90,0.47,
38.67,gnss,11.0563569,76.9257404,10.88,346.7,,,,,,11.0563139,76.9257658,10.90,0.57,
38.77,gnss,11.0563664,76.9257381,10.88,346.9,,,,,,11.0563139,76.9257658,10.90,0.67,
38.87,gnss,11.0563759,76.9257358,10.88,346.7,,,,,,11.0563139,76.9257658,10.90,0.77,
38.96,gnss,11.0563854,76.9257336,10.88,346.5,,,,,,11.0563139,76.9257658,10.90,0.87,
39.07,gnss,11.0563949,76.9257312,10.88,346.7,,,,,,11.0563139,76.9257658,10.90,0.97,
39.17,gnss,11.0564088,76.9257322,11.07,347.2,,,,,,11.0564114,76.9257439,11.08,0.08,
39.27,gnss,11.0564185,76.9257300,11.07,347.2,,,,,,11.0564114,76.9257439,11.08,0.17,
39.37,gnss,11.0564282,76.9257278,11.07,347.3,,,,,,11.0564114,76.9257439,11.08,0.27,
39.47,gnss,11.0564379,76.9257255,11.07,347.2,,,,,,11.0564114,76.9257439,11.08,0.37,
39.57,gnss,11.0564476,76.9257233,11.07,347.0,,,,,,11.0564114,76.9257439,11.08,0.47,
39.67,gnss,11.0564573,76.9257210,11.07,346.9,,,,,,11.0564114,76.9257439,11.08,0.57,
39.76,gnss,11.0564670,76.9257187,11.07,346.7,,,,,,11.0564114,76.9257439,11.08,0.67,
39.87,gnss,11.0564767,76.9257164,11.07,346.3,,,,,,11.0564114,76.9257439,11.08,0.77,
39.96,gnss,11.0564863,76.9257140,11.07,345.9,,,,,,11.0564114,76.9257439,11.08,0.87,
40.06,gnss,11.0564960,76.9257115,11.07,345.5,,,,,,11.0564114,76.9257439,11.08,0.97,
40.17,gnss,11.0565098,76.9257110,11.29,345.5,,,,,,11.0565113,76.9257195,11.31,0.08,
40.26,gnss,11.0565196,76.9257084,11.29,345.3,,,,,,11.0565113,76.9257195,11.31,0.17,
40.37,gnss,11.0565294,76.9257058,11.29,345.4,,,,,,11.0565113,76.9257195,11.31,0.27,
40.47,gnss,11.0565392,76.9257032,11.29,346.0,,,,,,11.0565113,76.9257195,11.31,0.37,
40.57,gnss,11.0565491,76.9257007,11.29,346.5,,,,,,11.0565113,76.9257195,11.31,0.47,
40.67,gnss,11.0565590,76.9256982,11.29,347.3,,,,,,11.0565113,76.9257195,11.31,0.57,
40.77,gnss,11.0565688,76.9256960,11.29,347.9,,,,,,11.0565113,76.9257195,11.31,0.67,
40.87,gnss,11.0565788,76.9256938,11.29,348.7,,,,,,11.0565113,76.9257195,11.31,0.77,
40.97,gnss,11.0565887,76.9256918,11.29,349.4,,,,,,11.0565113,76.9257195,11.31,0.87,
41.06,gnss,11.0565987,76.9256899,11.29,349.9,,,,,,11.0565113,76.9257195,11.31,0.97,
41.17,gnss,11.0566120,76.9256897,11.41,350.4,,,,,,11.0566122,76.9256964,11.42,0.08,
41.27,gnss,11.0566221,76.9256880,11.41,350.7,,,,,,11.0566122,76.9256964,11.42,0.17,
41.37,gnss,11.0566322,76.9256863,11.41,350.6,,,,,,11.0566122,76.9256964,11.42,0.27,
41.46,gnss,11.0566423,76.9256846,11.41,350.5,,,,,,11.0566122,76.9256964,11.42,0.37,
41.57,gnss,11.0566524,76.9256828,11.41,350.4,,,,,,11.0566122,76.9256964,11.42,0.47,
41.67,gnss,11.0566625,76.9256811,11.41,349.8,,,,,,11.0566122,76.9256964,11.42,0.57,
41.76,gnss,11.0566726,76.9256792,11.41,350.0,,,,,,11.0566122,76.9256964,11.42,0.67,
41.87,gnss,11.0566827,76.9256774,11.41,349.5,,,,,,11.0566122,76.9256964,11.42,0.77,
41.97,gnss,11.0566928,76.9256755,11.41,348.7,,,,,,11.0566122,76.9256964,11.42,0.87,
42.07,gnss,11.0567028,76.9256735,11.41,347.9,,,,,,11.0566122,76.9256964,11.42,0.97,
42.17,gnss,11.0567158,76.9256720,11.54,347.4,,,,,,11.0567149,76.9256766,11.55,0.07,
42.26,gnss,11.0567259,76.9256697,11.54,347.2,,,,,,11.0567149,76.9256766,11.55,0.17,
42.36,gnss,11.0567360,76.9256673,11.54,347.1,,,,,,11.0567149,76.9256766,11.55,0.27,
42.47,gnss,11.0567462,76.9256649,11.54,347.0,,,,,,11.0567149,76.9256766,11.55,0.37,
42.56,gnss,11.0567563,76.9256626,11.54,347.3,,,,,,11.0567149,76.9256766,11.55,0.47,
42.66,gnss,11.0567664,76.9256603,11.54,347.7,,,,,,11.0567149,76.9256766,11.55,0.57,
42.77,gnss,11.0567765,76.9256580,11.54,348.4,,,,,,11.0567149,76.9256766,11.55,0.67,
42.87,gnss,11.0567867,76.9256559,11.54,348.9,,,,,,11.0567149,76.9256766,11.55,0.77,
42.96,gnss,11.0567968,76.9256539,11.54,349.4,,,,,,11.0567149,76.9256766,11.55,0.87,
43.07,gnss,11.0568070,76.9256519,11.54,349.6,,,,,,11.0567149,76.9256766,11.55,0.97,
43.17,gnss,11.0568199,76.9256501,11.64,349.7,,,,,,11.0568184,76.9256521,11.64,0.08,
43.27,gnss,11.0568301,76.9256482,11.64,349.8,,,,,,11.0568184,76.9256521,11.64,0.17,
43.36,gnss,11.0568404,76.9256463,11.64,349.8,,,,,,11.0568184,76.9256521,11.64,0.27,
43.46,gnss,11.0568507,76.9256444,11.64,349.8,,,,,,11.0568184,76.9256521,11.64,0.37,
43.56,gnss,11.0568610,76.9256425,11.64,349.7,,,,,,11.0568184,76.9256521,11.64,0.47,
43.67,gnss,11.0568713,76.9256406,11.64,349.8,,,,,,11.0568184,76.9256521,11.64,0.57,
43.76,gnss,11.0568816,76.9256387,11.64,349.9,,,,,,11.0568184,76.9256521,11.64,0.67,
43.87,gnss,11.0568919,76.9256369,11.64,349.9,,,,,,11.0568184,76.9256521,11.64,0.77,
43.96,gnss,11.0569022,76.9256350,11.64,350.1,,,,,,11.0568184,76.9256521,11.64,0.87,
44.07,gnss,11.0569125,76.9256332,11.64,350.2,,,,,,11.0568184,76.9256521,11.64,0.97,
44.17,gnss,11.0569241,76.9256312,11.54,350.1,,,,,,11.0569220,76.9256327,11.53,0.07,
44.27,gnss,11.0569343,76.9256294,11.54,349.1,,,,,,11.0569220,76.9256327,11.53,0.17,
44.37,gnss,11.0569445,76.9256274,11.54,347.9,,,,,,11.0569220,76.9256327,11.53,0.27,
44.47,gnss,11.0569547,76.9256252,11.54,350.6,,,,,,11.0569220,76.9256327,11.53,0.37,
44.56,gnss,11.0569649,76.9256235,11.54,349.0,,,,,,11.0569220,76.9256327,11.53,0.47,
44.67,gnss,11.0569751,76.9256214,11.54,348.9,,,,,,11.0569220,76.9256327,11.53,0.57,
44.77,gnss,11.0569852,76.9256194,11.54,349.1,,,,,,11.0569220,76.9256327,11.53,0.67,
44.87,gnss,11.0569954,76.9256174,11.54,349.7,,,,,,11.0569220,76.9256327,11.53,0.78,
44.97,gnss,11.0570056,76.9256155,11.54,350.2,,,,,,11.0569220,76.9256327,11.53,0.87,
45.07,gnss,11.0570158,76.9256137,11.54,350.3,,,,,,11.0569220,76.9256327,11.53,0.97,
45.17,gnss,11.0570145,76.9256106,9.65,348.3,,,,,,11.0570046,76.9256159,9.49,0.08,
45.27,gnss,11.0570230,76.9256088,9.65,349.4,,,,,,11.0570046,76.9256159,9.49,0.17,
45.37,gnss,11.0570315,76.9256071,9.65,354.3,,,,,,11.0570046,76.9256159,9.49,0.27,
45.47,gnss,11.0570401,76.9256063,9.65,356.6,,,,,,11.0570046,76.9256159,9.49,0.37,
45.57,gnss,11.0570488,76.9256057,9.65,358.7,,,,,,11.0570046,76.9256159,9.49,0.47,
45.66,gnss,11.0570574,76.9256055,9.65,1.3,,,,,,11.0570046,76.9256159,9.49,0.57,
45.77,gnss,11.0570661,76.9256057,9.65,2.2,,,,,,11.0570046,76.9256159,9.49,0.67,
45.87,gnss,11.0570747,76.9256061,9.65,359.3,,,,,,11.0570046,76.9256159,9.49,0.77,
45.97,gnss,11.0570834,76.9256060,9.65,355.0,,,,,,11.0570046,76.9256159,9.49,0.87,
46.07,gnss,11.0570920,76.9256052,9.65,350.6,,,,,,11.0570046,76.9256159,9.49,0.97,
46.17,gnss,11.0570835,76.9256132,6.69,350.3,,,,,,11.0570699,76.9256130,6.45,0.08,
46.26,gnss,11.0570894,76.9256122,6.69,346.2,,,,,,11.0570699,76.9256130,6.45,0.17,
46.36,gnss,11.0570953,76.9256107,6.69,345.7,,,,,,11.0570699,76.9256130,6.45,0.27,
46.46,gnss,11.0571011,76.9256092,6.69,342.8,,,,,,11.0570699,76.9256130,6.45,0.37,
46.56,gnss,11.0571068,76.9256074,6.69,341.8,,,,,,11.0570699,76.9256130,6.45,0.47,
46.67,gnss,11.0571126,76.9256055,6.69,340.7,,,,,,11.0570699,76.9256130,6.45,0.57,
46.76,gnss,11.0571182,76.9256035,6.69,339.6,,,,,,11.0570699,76.9256130,6.45,0.67,
46.87,gnss,11.0571239,76.9256013,6.69,339.0,,,,,,11.0570699,76.9256130,6.45,0.77,
46.97,gnss,11.0571295,76.9255991,6.69,338.8,,,,,,11.0570699,76.9256130,6.45,0.87,
47.07,gnss,11.0571351,76.9255969,6.69,338.3,,,,,,11.0570699,76.9256130,6.45,0.97,
47.17,gnss,11.0571469,76.9256024,7.68,341.6,,,,,,11.0571373,76.9256064,7.76,0.08,
47.27,gnss,11.0571535,76.9256002,7.68,341.8,,,,,,11.0571373,76.9256064,7.76,0.17,
47.36,gnss,11.0571600,76.9255980,7.68,342.3,,,,,,11.0571373,76.9256064,7.76,0.27,
47.47,gnss,11.0571666,76.9255958,7.68,342.7,,,,,,11.0571373,76.9256064,7.76,0.37,
47.57,gnss,11.0571732,76.9255937,7.68,343.3,,,,,,11.0571373,76.9256064,7.76,0.47,
47.67,gnss,11.0571798,76.9255917,7.68,344.2,,,,,,11.0571373,76.9256064,7.76,0.57,
47.77,gnss,11.0571864,76.9255898,7.68,344.3,,,,,,11.0571373,76.9256064,7.76,0.67,
47.87,gnss,11.0571931,76.9255879,7.68,344.5,,,,,,11.0571373,76.9256064,7.76,0.77,
47.97,gnss,11.0571997,76.9255860,7.68,345.3,,,,,,11.0571373,76.9256064,7.76,0.87,
48.06,gnss,11.0572064,76.9255843,7.68,346.1,,,,,,11.0571373,76.9256064,7.76,0.97,
48.17,gnss,11.0572195,76.9255849,8.74,346.9,,,,,,11.0572123,76.9255928,8.83,0.07,
48.26,gnss,11.0572272,76.9255831,8.74,346.7,,,,,,11.0572123,76.9255928,8.83,0.17,
48.36,gnss,11.0572348,76.9255812,8.74,346.8,,,,,,11.0572123,76.9255928,8.83,0.27,
48.47,gnss,11.0572424,76.9255794,8.74,346.4,,,,,,11.0572123,76.9255928,8.83,0.37,
48.57,gnss,11.0572501,76.9255775,8.74,346.1,,,,,,11.0572123,76.9255928,8.83,0.47,
48.66,gnss,11.0572577,76.9255756,8.74,345.6,,,,,,11.0572123,76.9255928,8.83,0.57,
48.77,gnss,11.0572653,76.9255736,8.74,345.4,,,,,,11.0572123,76.9255928,8.83,0.67,
48.87,gnss,11.0572729,76.9255716,8.74,345.2,,,,,,11.0572123,76.9255928,8.83,0.77,
48.96,gnss,11.0572805,76.9255696,8.74,345.2,,,,,,11.0572123,76.9255928,8.83,0.87,
49.07,gnss,11.0572881,76.9255675,8.74,345.1,,,,,,11.0572123,76.9255928,8.83,0.97,
49.17,gnss,11.0573000,76.9255721,9.33,347.0,,,,,,11.0572913,76.9255833,9.38,0.08,
49.26,gnss,11.0573082,76.9255701,9.33,347.1,,,,,,11.0572913,76.9255833,9.38,0.17,
49.36,gnss,11.0573163,76.9255682,9.33,347.0,,,,,,11.0572913,76.9255833,9.38,0.27,
49.47,gnss,11.0573245,76.9255663,9.33,347.1,,,,,,11.0572913,76.9255833,9.38,0.37,
49.57,gnss,11.0573327,76.9255644,9.33,347.1,,,,,,11.0572913,76.9255833,9.38,0.47,
49.67,gnss,11.0573408,76.9255625,9.33,348.1,,,,,,11.0572913,76.9255833,9.38,0.57,
49.77,gnss,11.0573490,76.9255607,9.33,347.8,,,,,,11.0572913,76.9255833,9.38,0.67,
49.86,gnss,11.0573572,76.9255589,9.33,348.3,,,,,,11.0572913,76.9255833,9.38,0.77,
49.96,gnss,11.0573654,76.9255572,9.33,348.9,,,,,,11.0572913,76.9255833,9.38,0.87,
50.07,gnss,11.0573737,76.9255556,9.33,348.9,,,,,,11.0572913,76.9255833,9.38,0.97,
50.17,gnss,11.0573870,76.9255579,10.09,349.7,,,,,,11.0573797,76.9255698,10.15,0.08,
50.26,gnss,11.0573959,76.9255563,10.09,349.8,,,,,,11.0573797,76.9255698,10.15,0.17,
50.37,gnss,11.0574048,76.9255547,10.09,349.9,,,,,,11.0573797,76.9255698,10.15,0.27,
50.47,gnss,11.0574137,76.9255530,10.09,350.0,,,,,,11.0573797,76.9255698,10.15,0.37,
50.57,gnss,11.0574227,76.9255514,10.09,350.1,,,,,,11.0573797,76.9255698,10.15,0.47,
50.67,gnss,11.0574316,76.9255498,10.09,350.2,,,,,,11.0573797,76.9255698,10.15,0.57,
50.77,gnss,11.0574405,76.9255483,10.09,350.4,,,,,,11.0573797,76.9255698,10.15,0.67,
50.87,gnss,11.0574494,76.9255467,10.09,350.1,,,,,,11.0573797,76.9255698,10.15,0.77,
50.97,gnss,11.0574584,76.9255452,10.09,350.0,,,,,,11.0573797,76.9255698,10.15,0.87,
51.07,gnss,11.0574673,76.9255435,10.09,349.6,,,,,,11.0573797,76.9255698,10.15,0.97,
51.17,gnss,11.0574804,76.9255475,10.63,350.5,,,,,,11.0574726,76.9255588,10.67,0.08,
51.27,gnss,11.0574898,76.9255459,10.63,350.4,,,,,,11.0574726,76.9255588,10.67,0.17,
51.37,gnss,11.0574992,76.9255442,10.63,350.3,,,,,,11.0574726,76.9255588,10.67,0.27,
51.46,gnss,11.0575086,76.9255426,10.63,349.8,,,,,,11.0574726,76.9255588,10.67,0.37,
51.57,gnss,11.0575180,76.9255409,10.63,349.5,,,,,,11.0574726,76.9255588,10.67,0.47,
51.66,gnss,11.0575274,76.9255391,10.63,348.9,,,,,,11.0574726,76.9255588,10.67,0.57,
51.77,gnss,11.0575367,76.9255372,10.63,348.5,,,,,,11.0574726,76.9255588,10.67,0.67,
51.87,gnss,11.0575461,76.9255353,10.63,348.5,,,,,,11.0574726,76.9255588,10.67,0.77,
51.97,gnss,11.0575554,76.9255334,10.63,348.4,,,,,,11.0574726,76.9255588,10.67,0.87,
52.06,gnss,11.0575648,76.9255314,10.63,347.7,,,,,,11.0574726,76.9255588,10.67,0.97,
52.17,gnss,11.0575759,76.9255324,10.86,347.4,,,,,,11.0575673,76.9255419,10.88,0.08,
52.27,gnss,11.0575854,76.9255302,10.86,346.5,,,,,,11.0575673,76.9255419,10.88,0.17,
52.37,gnss,11.0575949,76.9255279,10.86,345.4,,,,,,11.0575673,76.9255419,10.88,0.28,
52.47,gnss,11.0576044,76.9255254,10.86,344.5,,,,,,11.0575673,76.9255419,10.88,0.37,
52.57,gnss,11.0576138,76.9255227,10.86,343.2,,,,,,11.0575673,76.9255419,10.88,0.47,
52.66,gnss,11.0576231,76.9255198,10.86,341.9,,,,,,11.0575673,76.9255419,10.88,0.57,
52.77,gnss,11.0576324,76.9255168,10.86,340.7,,,,,,11.0575673,76.9255419,10.88,0.67,
52.86,gnss,11.0576416,76.9255135,10.86,339.7,,,,,,11.0575673,76.9255419,10.88,0.77,
52.97,gnss,11.0576507,76.9255100,10.86,338.3,,,,,,11.0575673,76.9255419,10.88,0.87,
53.07,gnss,11.0576598,76.9255064,10.86,336.7,,,,,,11.0575673,76.9255419,10.88,0.97,
53.17,gnss,11.0576688,76.9255047,10.83,335.9,,,,,,11.0576587,76.9255110,10.83,0.08,
53.27,gnss,11.0576777,76.9255007,10.83,334.6,,,,,,11.0576587,76.9255110,10.83,0.17,
53.37,gnss,11.0576865,76.9254964,10.83,333.1,,,,,,11.0576587,76.9255110,10.83,0.27,
53.47,gnss,11.0576951,76.9254920,10.83,331.4,,,,,,11.0576587,76.9255110,10.83,0.37,
53.57,gnss,11.0577037,76.9254872,10.83,329.4,,,,,,11.0576587,76.9255110,10.83,0.47,
53.67,gnss,11.0577121,76.9254822,10.83,327.2,,,,,,11.0576587,76.9255110,10.83,0.57,
53.77,gnss,11.0577202,76.9254768,10.83,325.6,,,,,,11.0576587,76.9255110,10.83,0.67,
53.87,gnss,11.0577283,76.9254712,10.83,324.1,,,,,,11.0576587,76.9255110,10.83,0.77,
53.97,gnss,11.0577361,76.9254654,10.83,322.5,,,,,,11.0576587,76.9255110,10.83,0.87,
54.07,gnss,11.0577439,76.9254593,10.83,321.1,,,,,,11.0576587,76.9255110,10.83,0.97,
54.17,gnss,11.0577499,76.9254524,10.76,319.8,,,,,,11.0577383,76.9254574,10.75,0.08,
54.26,gnss,11.0577572,76.9254461,10.76,318.5,,,,,,11.0577383,76.9254574,10.75,0.17,
54.37,gnss,11.0577645,76.9254395,10.76,317.3,,,,,,11.0577383,76.9254574,10.75,0.27,
54.47,gnss,11.0577716,76.9254328,10.76,316.2,,,,,,11.0577383,76.9254574,10.75,0.37,
54.57,gnss,11.0577785,76.9254260,10.76,315.1,,,,,,11.0577383,76.9254574,10.75,0.47,
54.67,gnss,11.0577854,76.9254191,10.76,313.8,,,,,,11.0577383,76.9254574,10.75,0.57,
54.76,gnss,11.0577921,76.9254120,10.76,312.5,,,,,,11.0577383,76.9254574,10.75,0.67,
54.86,gnss,11.0577986,76.9254047,10.76,311.5,,,,,,11.0577383,76.9254574,10.75,0.77,
54.96,gnss,11.0578050,76.9253973,10.76,310.7,,,,,,11.0577383,76.9254574,10.75,0.87,
55.06,gnss,11.0578113,76.9253899,10.76,309.0,,,,,,11.0577383,76.9254574,10.75,0.97,
55.17,gnss,11.0578186,76.9253784,11.39,307.9,,,,,,11.0578086,76.9253837,11.44,0.08,
55.26,gnss,11.0578249,76.9253701,11.39,307.2,,,,,,11.0578086,76.9253837,11.44,0.17,
55.37,gnss,11.0578311,76.9253618,11.39,306.4,,,,,,11.0578086,76.9253837,11.44,0.27,
55.47,gnss,11.0578371,76.9253534,11.39,305.7,,,,,,11.0578086,76.9253837,11.44,0.37,
55.57,gnss,11.0578431,76.9253450,11.39,304.7,,,,,,11.0578086,76.9253837,11.44,0.47,
55.67,gnss,11.0578489,76.9253364,11.39,304.9,,,,,,11.0578086,76.9253837,11.44,0.57,
55.76,gnss,11.0578548,76.9253279,11.39,304.7,,,,,,11.0578086,76.9253837,11.44,0.67,
55.86,gnss,11.0578606,76.9253193,11.39,305.2,,,,,,11.0578086,76.9253837,11.44,0.77,
55.97,gnss,11.0578665,76.9253108,11.39,305.6,,,,,,11.0578086,76.9253837,11.44,0.87,
56.07,gnss,11.0578725,76.9253023,11.39,306.1,,,,,,11.0578086,76.9253837,11.44,0.97,
56.17,gnss,11.0578783,76.9252920,11.64,306.3,,,,,,11.0578711,76.9253011,11.66,0.08,
56.27,gnss,11.0578845,76.9252834,11.64,306.9,,,,,,11.0578711,76.9253011,11.66,0.18,
56.37,gnss,11.0578908,76.9252749,11.64,307.4,,,,,,11.0578711,76.9253011,11.66,0.27,
56.46,gnss,11.0578971,76.9252664,11.64,307.8,,,,,,11.0578711,76.9253011,11.66,0.37,
56.57,gnss,11.0579035,76.9252580,11.64,307.9,,,,,,11.0578711,76.9253011,11.66,0.47,
56.67,gnss,11.0579100,76.9252496,11.64,307.7,,,,,,11.0578711,76.9253011,11.66,0.57,
56.77,gnss,11.0579163,76.9252411,11.64,307.4,,,,,,11.0578711,76.9253011,11.66,0.67,
56.87,gnss,11.0579227,76.9252327,11.64,307.1,,,,,,11.0578711,76.9253011,11.66,0.77,
56.97,gnss,11.0579290,76.9252242,11.64,306.8,,,,,,11.0578711,76.9253011,11.66,0.87,
57.06,gnss,11.0579353,76.9252157,11.64,306.6,,,,,,11.0578711,76.9253011,11.66,0.97,
57.17,gnss,11.0579458,76.9252099,11.84,307.6,,,,,,11.0579410,76.9252210,11.86,0.08,
57.26,gnss,11.0579523,76.9252013,11.84,307.5,,,,,,11.0579410,76.9252210,11.86,0.17,
57.37,gnss,11.0579588,76.9251927,11.84,307.4,,,,,,11.0579410,76.9252210,11.86,0.27,
57.47,gnss,11.0579653,76.9251841,11.84,307.4,,,,,,11.0579410,76.9252210,11.86,0.37,
57.56,gnss,11.0579717,76.9251755,11.84,307.6,,,,,,11.0579410,76.9252210,11.86,0.47,
57.67,gnss,11.0579782,76.9251669,11.84,307.6,,,,,,11.0579410,76.9252210,11.86,0.57,
57.76,gnss,11.0579847,76.9251583,11.84,307.7,,,,,,11.0579410,76.9252210,11.86,0.67,
57.86,gnss,11.0579912,76.9251497,11.84,307.8,,,,,,11.0579410,76.9252210,11.86,0.77,
57.96,gnss,11.0579977,76.9251412,11.84,308.3,,,,,,11.0579410,76.9252210,11.86,0.87,
58.06,gnss,11.0580043,76.9251327,11.84,308.4,,,,,,11.0579410,76.9252210,11.86,0.97,
58.17,gnss,11.0580132,76.9251247,12.07,308.8,,,,,,11.0580087,76.9251364,12.09,0.08,
58.26,gnss,11.0580200,76.9251161,12.07,309.1,,,,,,11.0580087,76.9251364,12.09,0.17,
58.37,gnss,11.0580268,76.9251075,12.07,309.2,,,,,,11.0580087,76.9251364,12.09,0.28,
58.47,gnss,11.0580337,76.9250989,12.07,309.3,,,,,,11.0580087,76.9251364,12.09,0.37,
58.57,gnss,11.0580405,76.9250904,12.07,309.2,,,,,,11.0580087,76.9251364,12.09,0.47,
58.67,gnss,11.0580474,76.9250818,12.07,309.2,,,,,,11.0580087,76.9251364,12.09,0.57,
58.77,gnss,11.0580542,76.9250733,12.07,309.0,,,,,,11.0580087,76.9251364,12.09,0.67,
58.86,gnss,11.0580611,76.9250647,12.07,308.9,,,,,,11.0580087,76.9251364,12.09,0.77,
58.97,gnss,11.0580679,76.9250561,12.07,308.7,,,,,,11.0580087,76.9251364,12.09,0.87,
59.07,gnss,11.0580747,76.9250475,12.07,308.6,,,,,,11.0580087,76.9251364,12.09,0.97,
59.17,gnss,11.0580866,76.9250406,12.45,309.6,,,,,,11.0580834,76.9250533,12.48,0.08,
59.27,gnss,11.0580937,76.9250318,12.45,309.4,,,,,,11.0580834,76.9250533,12.48,0.17,
59.37,gnss,11.0581008,76.9250230,12.45,309.3,,,,,,11.0580834,76.9250533,12.48,0.27,
59.47,gnss,11.0581079,76.9250142,12.45,309.3,,,,,,11.0580834,76.9250533,12.48,0.37,
59.56,gnss,11.0581150,76.9250054,12.45,309.2,,,,,,11.0580834,76.9250533,12.48,0.47,
59.67,gnss,11.0581220,76.9249965,12.45,309.3,,,,,,11.0580834,76.9250533,12.48,0.57,
59.77,gnss,11.0581291,76.9249877,12.45,309.5,,,,,,11.0580834,76.9250533,12.48,0.67,
59.86,gnss,11.0581362,76.9249789,12.45,309.5,,,,,,11.0580834,76.9250533,12.48,0.77,
59.97,gnss,11.0581434,76.9249701,12.45,309.6,,,,,,11.0580834,76.9250533,12.48,0.87,
60.07,gnss,11.0581505,76.9249614,12.45,309.6,,,,,,11.0580834,76.9250533,12.48,0.97,
60.17,gnss,11.0581587,76.9249537,12.44,309.8,,,,,,11.0581547,76.9249656,12.44,0.08,
60.26,gnss,11.0581659,76.9249450,12.44,309.9,,,,,,11.0581547,76.9249656,12.44,0.17,
60.36,gnss,11.0581731,76.9249362,12.44,310.0,,,,,,11.0581547,76.9249656,12.44,0.27,
60.47,gnss,11.0581803,76.9249275,12.44,310.0,,,,,,11.0581547,76.9249656,12.44,0.37,
60.56,gnss,11.0581874,76.9249188,12.44,309.9,,,,,,11.0581547,76.9249656,12.44,0.47,
60.67,gnss,11.0581946,76.9249101,12.44,309.9,,,,,,11.0581547,76.9249656,12.44,0.57,
60.76,gnss,11.0582018,76.9249013,12.44,309.9,,,,,,11.0581547,76.9249656,12.44,0.67,
60.86,gnss,11.0582090,76.9248926,12.44,309.8,,,,,,11.0581547,76.9249656,12.44,0.77,
60.96,gnss,11.0582161,76.9248838,12.44,309.7,,,,,,11.0581547,76.9249656,12.44,0.87,
61.07,gnss,11.0582232,76.9248751,12.44,309.8,,,,,,11.0581547,76.9249656,12.44,0.97,
61.17,gnss,11.0582330,76.9248649,12.86,309.8,,,,,,11.0582304,76.9248754,12.89,0.07,
61.26,gnss,11.0582404,76.9248558,12.86,309.8,,,,,,11.0582304,76.9248754,12.89,0.17,
61.36,gnss,11.0582478,76.9248468,12.86,309.9,,,,,,11.0582304,76.9248754,12.89,0.27,
61.46,gnss,11.0582552,76.9248378,12.86,310.2,,,,,,11.0582304,76.9248754,12.89,0.37,
61.56,gnss,11.0582627,76.9248288,12.86,310.9,,,,,,11.0582304,76.9248754,12.89,0.47,
61.67,gnss,11.0582702,76.9248199,12.86,311.0,,,,,,11.0582304,76.9248754,12.89,0.57,
61.76,gnss,11.0582778,76.9248110,12.86,310.8,,,,,,11.0582304,76.9248754,12.89,0.67,
61.87,gnss,11.0582854,76.9248021,12.86,310.6,,,,,,11.0582304,76.9248754,12.89,0.77,
61.96,gnss,11.0582929,76.9247932,12.86,310.8,,,,,,11.0582304,76.9248754,12.89,0.87,
62.06,gnss,11.0583004,76.9247843,12.86,310.7,,,,,,11.0582304,76.9248754,12.89,0.97,
62.17,gnss,11.0583110,76.9247728,13.30,310.5,,,,,,11.0583100,76.9247802,13.34,0.07,
62.27,gnss,11.0583187,76.9247635,13.30,310.4,,,,,,11.0583100,76.9247802,13.34,0.17,
62.37,gnss,11.0583265,76.9247542,13.30,310.3,,,,,,11.0583100,76.9247802,13.34,0.27,
62.47,gnss,11.0583342,76.9247449,13.30,310.2,,,,,,11.0583100,76.9247802,13.34,0.37,
62.56,gnss,11.0583419,76.9247356,13.30,310.3,,,,,,11.0583100,76.9247802,13.34,0.47,
62.66,gnss,11.0583497,76.9247264,13.30,310.3,,,,,,11.0583100,76.9247802,13.34,0.57,
62.76,gnss,11.0583574,76.9247171,13.30,310.4,,,,,,11.0583100,76.9247802,13.34,0.67,
62.86,gnss,11.0583652,76.9247078,13.30,310.5,,,,,,11.0583100,76.9247802,13.34,0.77,
62.96,gnss,11.0583729,76.9246985,13.30,310.7,,,,,,11.0583100,76.9247802,13.34,0.87,
63.06,gnss,11.0583807,76.9246893,13.30,311.1,,,,,,11.0583100,76.9247802,13.34,0.97,
63.17,gnss,11.0583896,76.9246796,13.32,311.3,,,,,,11.0583878,76.9246888,13.32,0.07,
63.27,gnss,11.0583975,76.9246705,13.32,311.8,,,,,,11.0583878,76.9246888,13.32,0.17,
63.36,gnss,11.0584055,76.9246614,13.32,312.1,,,,,,11.0583878,76.9246888,13.32,0.27,
63.46,gnss,11.0584135,76.9246524,13.32,312.5,,,,,,11.0583878,76.9246888,13.32,0.37,
63.57,gnss,11.0584216,76.9246434,13.32,312.3,,,,,,11.0583878,76.9246888,13.32,0.47,
63.67,gnss,11.0584296,76.9246343,13.32,312.3,,,,,,11.0583878,76.9246888,13.32,0.57,
63.77,gnss,11.0584377,76.9246253,13.32,312.1,,,,,,11.0583878,76.9246888,13.32,0.67,
63.87,gnss,11.0584457,76.9246163,13.32,311.5,,,,,,11.0583878,76.9246888,13.32,0.77,
63.97,gnss,11.0584536,76.9246072,13.32,311.0,,,,,,11.0583878,76.9246888,13.32,0.87,
64.07,gnss,11.0584615,76.9245980,13.32,310.6,,,,,,11.0583878,76.9246888,13.32,0.97,
64.17,gnss,11.0584700,76.9245889,13.27,310.3,,,,,,11.0584675,76.9245996,13.27,0.07,
64.26,gnss,11.0584777,76.9245796,13.27,309.8,,,,,,11.0584675,76.9245996,13.27,0.17,
64.36,gnss,11.0584853,76.9245703,13.27,309.8,,,,,,11.0584675,76.9245996,13.27,0.27,
64.47,gnss,11.0584930,76.9245610,13.27,310.2,,,,,,11.0584675,76.9245996,13.27,0.37,
64.57,gnss,11.0585006,76.9245517,13.27,310.5,,,,,,11.0584675,76.9245996,13.27,0.47,
64.66,gnss,11.0585084,76.9245424,13.27,310.6,,,,,,11.0584675,76.9245996,13.27,0.57,
64.76,gnss,11.0585162,76.9245332,13.27,310.9,,,,,,11.0584675,76.9245996,13.27,0.67,
64.87,gnss,11.0585240,76.9245240,13.27,311.0,,,,,,11.0584675,76.9245996,13.27,0.77,
64.97,gnss,11.0585318,76.9245149,13.27,310.8,,,,,,11.0584675,76.9245996,13.27,0.87,
65.06,gnss,11.0585396,76.9245057,13.27,310.7,,,,,,11.0584675,76.9245996,13.27,0.97,
65.17,gnss,11.0585453,76.9244999,12.66,310.4,,,,,,11.0585416,76.9245143,12.61,0.07,
65.26,gnss,11.0585527,76.9244910,12.66,310.0,,,,,,11.0585416,76.9245143,12.61,0.17,
65.37,gnss,11.0585600,76.9244821,12.66,309.8,,,,,,11.0585416,76.9245143,12.61,0.27,
65.47,gnss,11.0585673,76.9244732,12.66,309.3,,,,,,11.0585416,76.9245143,12.61,0.37,
65.57,gnss,11.0585745,76.9244643,12.66,308.9,,,,,,11.0585416,76.9245143,12.61,0.47,
65.67,gnss,11.0585816,76.9244553,12.66,308.8,,,,,,11.0585416,76.9245143,12.61,0.57,
65.76,gnss,11.0585887,76.9244462,12.66,308.0,,,,,,11.0585416,76.9245143,12.61,0.67,
65.86,gnss,11.0585957,76.9244371,12.66,307.7,,,,,,11.0585416,76.9245143,12.61,0.77,
65.97,gnss,11.0586027,76.9244279,12.66,307.5,,,,,,11.0585416,76.9245143,12.61,0.87,
66.06,gnss,11.0586096,76.9244187,12.66,307.5,,,,,,11.0585416,76.9245143,12.61,0.97,
66.17,gnss,11.0586155,76.9244120,12.34,307.2,,,,,,11.0586122,76.9244278,12.31,0.07,
66.26,gnss,11.0586222,76.9244030,12.34,307.4,,,,,,11.0586122,76.9244278,12.31,0.17,
66.36,gnss,11.0586289,76.9243941,12.34,307.7,,,,,,11.0586122,76.9244278,12.31,0.27,
66.46,gnss,11.0586357,76.9243851,12.34,307.9,,,,,,11.0586122,76.9244278,12.31,0.37,
66.57,gnss,11.0586425,76.9243762,12.34,308.0,,,,,,11.0586122,76.9244278,12.31,0.47,
66.67,gnss,11.0586493,76.9243673,12.34,308.6,,,,,,11.0586122,76.9244278,12.31,0.57,
66.76,gnss,11.0586563,76.9243585,12.34,308.3,,,,,,11.0586122,76.9244278,12.31,0.67,
66.87,gnss,11.0586631,76.9243496,12.34,308.7,,,,,,11.0586122,76.9244278,12.31,0.77,
66.96,gnss,11.0586701,76.9243408,12.34,308.8,,,,,,11.0586122,76.9244278,12.31,0.87,
67.06,gnss,11.0586770,76.9243320,12.34,309.0,,,,,,11.0586122,76.9244278,12.31,0.97,
67.17,gnss,11.0586835,76.9243252,12.13,308.8,,,,,,11.0586806,76.9243406,12.11,0.07,
67.26,gnss,11.0586903,76.9243165,12.13,308.9,,,,,,11.0586806,76.9243406,12.11,0.17,
67.36,gnss,11.0586971,76.9243079,12.13,308.8,,,,,,11.0586806,76.9243406,12.11,0.27,
67.47,gnss,11.0587040,76.9242993,12.13,308.7,,,,,,11.0586806,76.9243406,12.11,0.37,
67.56,gnss,11.0587108,76.9242906,12.13,308.5,,,,,,11.0586806,76.9243406,12.11,0.47,
67.66,gnss,11.0587175,76.9242819,12.13,308.3,,,,,,11.0586806,76.9243406,12.11,0.57,
67.77,gnss,11.0587243,76.9242732,12.13,308.4,,,,,,11.0586806,76.9243406,12.11,0.67,
67.87,gnss,11.0587311,76.9242645,12.13,308.3,,,,,,11.0586806,76.9243406,12.11,0.77,
67.97,gnss,11.0587378,76.9242558,12.13,308.2,,,,,,11.0586806,76.9243406,12.11,0.87,
68.07,gnss,11.0587446,76.9242471,12.13,308.1,,,,,,11.0586806,76.9243406,12.11,0.97,
68.17,gnss,11.0587503,76.9242394,11.97,307.9,,,,,,11.0587459,76.9242527,11.96,0.08,
68.27,gnss,11.0587569,76.9242307,11.97,307.9,,,,,,11.0587459,76.9242527,11.96,0.17,
68.37,gnss,11.0587635,76.9242221,11.97,307.8,,,,,,11.0587459,76.9242527,11.96,0.27,
68.47,gnss,11.0587701,76.9242134,11.97,307.6,,,,,,11.0587459,76.9242527,11.96,0.37,
68.56,gnss,11.0587767,76.9242048,11.97,307.9,,,,,,11.0587459,76.9242527,11.96,0.47,
68.67,gnss,11.0587833,76.9241961,11.97,308.0,,,,,,11.0587459,76.9242527,11.96,0.57,
68.76,gnss,11.0587899,76.9241875,11.97,308.2,,,,,,11.0587459,76.9242527,11.96,0.67,
68.86,gnss,11.0587966,76.9241788,11.97,308.7,,,,,,11.0587459,76.9242527,11.96,0.77,
68.96,gnss,11.0588033,76.9241703,11.97,308.5,,,,,,11.0587459,76.9242527,11.96,0.87,
69.06,gnss,11.0588100,76.9241617,11.97,308.8,,,,,,11.0587459,76.9242527,11.96,0.97,
69.17,gnss,11.0588152,76.9241521,11.99,308.2,,,,,,11.0588078,76.9241614,11.99,0.08,
69.26,gnss,11.0588219,76.9241435,11.99,308.1,,,,,,11.0588078,76.9241614,11.99,0.17,
69.36,gnss,11.0588285,76.9241349,11.99,308.0,,,,,,11.0588078,76.9241614,11.99,0.27,
69.47,gnss,11.0588352,76.9241262,11.99,307.8,,,,,,11.0588078,76.9241614,11.99,0.37,
69.57,gnss,11.0588417,76.9241176,11.99,308.1,,,,,,11.0588078,76.9241614,11.99,0.47,
69.66,gnss,11.0588484,76.9241089,11.99,307.2,,,,,,11.0588078,76.9241614,11.99,0.57,
69.77,gnss,11.0588549,76.9241002,11.99,307.0,,,,,,11.0588078,76.9241614,11.99,0.67,
69.87,gnss,11.0588614,76.9240914,11.99,306.8,,,,,,11.0588078,76.9241614,11.99,0.77,
69.97,gnss,11.0588678,76.9240826,11.99,306.8,,,,,,11.0588078,76.9241614,11.99,0.87,
70.07,gnss,11.0588743,76.9240738,11.99,306.7,,,,,,11.0588078,76.9241614,11.99,0.97,
70.17,gnss,11.0588823,76.9240657,12.04,306.4,,,,,,11.0588839,76.9240796,12.04,0.08,
70.26,gnss,11.0588887,76.9240568,12.04,306.5,,,,,,11.0588839,76.9240796,12.04,0.17,
70.37,gnss,11.0588952,76.9240479,12.04,307.4,,,,,,11.0588839,76.9240796,12.04,0.27,
70.46,gnss,11.0589017,76.9240392,12.04,306.9,,,,,,11.0588839,76.9240796,12.04,0.37,
70.56,gnss,11.0589082,76.9240304,12.04,307.1,,,,,,11.0588839,76.9240796,12.04,0.47,
70.66,gnss,11.0589147,76.9240216,12.04,307.1,,,,,,11.0588839,76.9240796,12.04,0.57,
70.76,gnss,11.0589213,76.9240128,12.04,307.3,,,,,,11.0588839,76.9240796,12.04,0.67,
70.87,gnss,11.0589278,76.9240040,12.04,307.3,,,,,,11.0588839,76.9240796,12.04,0.78,
70.97,gnss,11.0589344,76.9239953,12.04,307.3,,,,,,11.0588839,76.9240796,12.04,0.87,
71.06,gnss,11.0589409,76.9239865,12.04,307.3,,,,,,11.0588839,76.9240796,12.04,0.97,
71.17,gnss,11.0589482,76.9239815,11.62,307.3,,,,,,11.0589514,76.9239981,11.59,0.07,
71.26,gnss,11.0589545,76.9239730,11.62,307.5,,,,,,11.0589514,76.9239981,11.59,0.17,
71.36,gnss,11.0589609,76.9239645,11.62,307.3,,,,,,11.0589514,76.9239981,11.59,0.27,
71.47,gnss,11.0589672,76.9239561,11.62,307.4,,,,,,11.0589514,76.9239981,11.59,0.37,
71.57,gnss,11.0589736,76.9239476,11.62,307.4,,,,,,11.0589514,76.9239981,11.59,0.47,
71.66,gnss,11.0589799,76.9239392,11.62,307.7,,,,,,11.0589514,76.9239981,11.59,0.57,
71.77,gnss,11.0589863,76.9239308,11.62,308.0,,,,,,11.0589514,76.9239981,11.59,0.67,
71.86,gnss,11.0589927,76.9239224,11.62,308.0,,,,,,11.0589514,76.9239981,11.59,0.77,
71.97,gnss,11.0589991,76.9239140,11.62,307.9,,,,,,11.0589514,76.9239981,11.59,0.87,
72.06,gnss,11.0590055,76.9239056,11.62,307.5,,,,,,11.0589514,76.9239981,11.59,0.97,
72.17,gnss,11.0590125,76.9239020,11.05,307.2,,,,,,11.0590174,76.9239192,11.00,0.08,
72.27,gnss,11.0590185,76.9238939,11.05,306.8,,,,,,11.0590174,76.9239192,11.00,0.17,
72.37,gnss,11.0590245,76.9238858,11.05,306.5,,,,,,11.0590174,76.9239192,11.00,0.27,
72.47,gnss,11.0590304,76.9238777,11.05,306.8,,,,,,11.0590174,76.9239192,11.00,0.37,
72.56,gnss,11.0590363,76.9238696,11.05,306.7,,,,,,11.0590174,76.9239192,11.00,0.47,
72.67,gnss,11.0590422,76.9238615,11.05,306.7,,,,,,11.0590174,76.9239192,11.00,0.57,
72.77,gnss,11.0590482,76.9238534,11.05,307.1,,,,,,11.0590174,76.9239192,11.00,0.67,
72.87,gnss,11.0590542,76.9238453,11.05,307.1,,,,,,11.0590174,76.9239192,11.00,0.77,
72.97,gnss,11.0590602,76.9238372,11.05,307.1,,,,,,11.0590174,76.9239192,11.00,0.87,
73.07,gnss,11.0590661,76.9238292,11.05,307.3,,,,,,11.0590174,76.9239192,11.00,0.97,
73.17,gnss,11.0590723,76.9238266,10.37,306.8,,,,,,11.0590776,76.9238447,10.31,0.08,
73.27,gnss,11.0590779,76.9238190,10.37,306.7,,,,,,11.0590776,76.9238447,10.31,0.17,
73.36,gnss,11.0590835,76.9238114,10.37,306.5,,,,,,11.0590776,76.9238447,10.31,0.27,
73.46,gnss,11.0590890,76.9238038,10.37,306.4,,,,,,11.0590776,76.9238447,10.31,0.37,
73.56,gnss,11.0590945,76.9237962,10.37,306.4,,,,,,11.0590776,76.9238447,10.31,0.47,
73.66,gnss,11.0591001,76.9237885,10.37,306.8,,,,,,11.0590776,76.9238447,10.31,0.57,
73.76,gnss,11.0591056,76.9237809,10.37,305.4,,,,,,11.0590776,76.9238447,10.31,0.67,
73.87,gnss,11.0591110,76.9237732,10.37,306.5,,,,,,11.0590776,76.9238447,10.31,0.77,
73.97,gnss,11.0591166,76.9237656,10.37,306.9,,,,,,11.0590776,76.9238447,10.31,0.87,
74.07,gnss,11.0591222,76.9237580,10.37,306.8,,,,,,11.0590776,76.9238447,10.31,0.97,
74.17,gnss,11.0591277,76.9237559,9.76,306.7,,,,,,11.0591312,76.9237747,9.71,0.08,
74.26,gnss,11.0591330,76.9237487,9.76,307.1,,,,,,11.0591312,76.9237747,9.71,0.17,
74.37,gnss,11.0591383,76.9237416,9.76,306.0,,,,,,11.0591312,76.9237747,9.71,0.27,
74.47,gnss,11.0591434,76.9237344,9.76,307.2,,,,,,11.0591312,76.9237747,9.71,0.37,
74.56,gnss,11.0591487,76.9237273,9.76,307.2,,,,,,11.0591312,76.9237747,9.71,0.47,
74.67,gnss,11.0591540,76.9237202,9.76,306.9,,,,,,11.0591312,76.9237747,9.71,0.57,
74.77,gnss,11.0591593,76.9237130,9.76,306.4,,,,,,11.0591312,76.9237747,9.71,0.67,
74.86,gnss,11.0591645,76.9237058,9.76,306.0,,,,,,11.0591312,76.9237747,9.71,0.77,
74.97,gnss,11.0591696,76.9236986,9.76,305.9,,,,,,11.0591312,76.9237747,9.71,0.87,
75.07,gnss,11.0591748,76.9236914,9.76,306.0,,,,,,11.0591312,76.9237747,9.71,0.97,
75.17,gnss,11.0591796,76.9236899,9.21,305.8,,,,,,11.0591820,76.9237114,9.17,0.07,
75.26,gnss,11.0591844,76.9236831,9.21,306.1,,,,,,11.0591820,76.9237114,9.17,0.17,
75.36,gnss,11.0591893,76.9236763,9.21,305.6,,,,,,11.0591820,76.9237114,9.17,0.27,
75.47,gnss,11.0591941,76.9236694,9.21,305.5,,,,,,11.0591820,76.9237114,9.17,0.37,
75.56,gnss,11.0591989,76.9236626,9.21,305.2,,,,,,11.0591820,76.9237114,9.17,0.47,
75.66,gnss,11.0592037,76.9236557,9.21,305.4,,,,,,11.0591820,76.9237114,9.17,0.57,
75.76,gnss,11.0592085,76.9236488,9.21,305.3,,,,,,11.0591820,76.9237114,9.17,0.67,
75.87,gnss,11.0592133,76.9236419,9.21,305.7,,,,,,11.0591820,76.9237114,9.17,0.77,
75.97,gnss,11.0592181,76.9236351,9.21,306.2,,,,,,11.0591820,76.9237114,9.17,0.87,
76.07,gnss,11.0592230,76.9236283,9.21,306.5,,,,,,11.0591820,76.9237114,9.17,0.97,
76.17,gnss,11.0592257,76.9236300,8.15,307.2,,,,,,11.0592285,76.9236524,8.07,0.08,
76.27,gnss,11.0592302,76.9236240,8.15,308.0,,,,,,11.0592285,76.9236524,8.07,0.17,
76.37,gnss,11.0592347,76.9236182,8.15,308.2,,,,,,11.0592285,76.9236524,8.07,0.27,
76.47,gnss,11.0592392,76.9236123,8.15,308.4,,,,,,11.0592285,76.9236524,8.07,0.37,
76.56,gnss,11.0592437,76.9236064,8.15,308.4,,,,,,11.0592285,76.9236524,8.07,0.47,
76.67,gnss,11.0592483,76.9236006,8.15,308.5,,,,,,11.0592285,76.9236524,8.07,0.57,
76.77,gnss,11.0592529,76.9235948,8.15,308.5,,,,,,11.0592285,76.9236524,8.07,0.67,
76.86,gnss,11.0592574,76.9235889,8.15,308.1,,,,,,11.0592285,76.9236524,8.07,0.77,
76.96,gnss,11.0592619,76.9235830,8.15,307.8,,,,,,11.0592285,76.9236524,8.07,0.87,
77.07,gnss,11.0592664,76.9235771,8.15,307.2,,,,,,11.0592285,76.9236524,8.07,0.97,
77.17,gnss,11.0592668,76.9235826,6.70,307.1,,,,,,11.0592656,76.9236064,6.58,0.08,
77.26,gnss,11.0592704,76.9235777,6.70,306.2,,,,,,11.0592656,76.9236064,6.58,0.17,
77.36,gnss,11.0592740,76.9235727,6.70,304.9,,,,,,11.0592656,76.9236064,6.58,0.27,
77.47,gnss,11.0592774,76.9235677,6.70,305.7,,,,,,11.0592656,76.9236064,6.58,0.37,
77.56,gnss,11.0592809,76.9235627,6.70,305.8,,,,,,11.0592656,76.9236064,6.58,0.47,
77.66,gnss,11.0592844,76.9235578,6.70,305.4,,,,,,11.0592656,76.9236064,6.58,0.57,
77.77,gnss,11.0592879,76.9235528,6.70,304.9,,,,,,11.0592656,76.9236064,6.58,0.67,
77.86,gnss,11.0592914,76.9235477,6.70,304.9,,,,,,11.0592656,76.9236064,6.58,0.77,
77.96,gnss,11.0592948,76.9235427,6.70,305.8,,,,,,11.0592656,76.9236064,6.58,0.87,
78.07,gnss,11.0592983,76.9235377,6.70,306.6,,,,,,11.0592656,76.9236064,6.58,0.97,
78.17,gnss,11.0592945,76.9235468,4.78,306.3,,,,,,11.0592904,76.9235746,4.63,0.08,
78.26,gnss,11.0592970,76.9235433,4.78,305.6,,,,,,11.0592904,76.9235746,4.63,0.17,
78.37,gnss,11.0592995,76.9235397,4.78,305.7,,,,,,11.0592904,76.9235746,4.63,0.27,
78.46,gnss,11.0593020,76.9235362,4.78,305.6,,,,,,11.0592904,76.9235746,4.63,0.37,
78.56,gnss,11.0593045,76.9235326,4.78,305.1,,,,,,11.0592904,76.9235746,4.63,0.47,
78.66,gnss,11.0593070,76.9235291,4.78,304.8,,,,,,11.0592904,76.9235746,4.63,0.57,
78.77,gnss,11.0593094,76.9235255,4.78,304.5,,,,,,11.0592904,76.9235746,4.63,0.67,
78.86,gnss,11.0593119,76.9235219,4.78,304.6,,,,,,11.0592904,76.9235746,4.63,0.77,
78.96,gnss,11.0593143,76.9235183,4.78,305.2,,,,,,11.0592904,76.9235746,4.63,0.87,
79.07,gnss,11.0593168,76.9235147,4.78,305.6,,,,,,11.0592904,76.9235746,4.63,0.97,
79.17,gnss,11.0593111,76.9235275,2.64,306.3,,,,,,11.0593046,76.9235563,2.47,0.08,
79.27,gnss,11.0593125,76.9235256,2.64,306.6,,,,,,11.0593046,76.9235563,2.47,0.17,
79.36,gnss,11.0593139,76.9235236,2.64,306.5,,,,,,11.0593046,76.9235563,2.47,0.27,
79.47,gnss,11.0593154,76.9235217,2.64,306.5,,,,,,11.0593046,76.9235563,2.47,0.37,
79.56,gnss,11.0593168,76.9235197,2.64,309.5,,,,,,11.0593046,76.9235563,2.47,0.47,
79.67,gnss,11.0593183,76.9235179,2.64,309.3,,,,,,11.0593046,76.9235563,2.47,0.57,
79.77,gnss,11.0593198,76.9235160,2.64,309.6,,,,,,11.0593046,76.9235563,2.47,0.67,
79.87,gnss,11.0593213,76.9235141,2.64,309.7,,,,,,11.0593046,76.9235563,2.47,0.77,
79.97,gnss,11.0593228,76.9235123,2.64,309.7,,,,,,11.0593046,76.9235563,2.47,0.87,
80.07,gnss,11.0593243,76.9235104,2.64,309.6,,,,,,11.0593046,76.9235563,2.47,0.97,
80.17,gnss,11.0593158,76.9235260,0.40,309.7,,,,,,11.0593068,76.9235577,0.22,0.08,
80.27,gnss,11.0593160,76.9235257,0.40,309.7,,,,,,11.0593068,76.9235577,0.22,0.17,
80.37,gnss,11.0593163,76.9235254,0.40,309.8,,,,,,11.0593068,76.9235577,0.22,0.27,
80.47,gnss,11.0593165,76.9235252,0.40,309.8,,,,,,11.0593068,76.9235577,0.22,0.37,
80.57,gnss,11.0593167,76.9235249,0.40,309.8,,,,,,11.0593068,76.9235577,0.22,0.47,
80.66,gnss,11.0593169,76.9235246,0.40,309.7,,,,,,11.0593068,76.9235577,0.22,0.57,
80.77,gnss,11.0593172,76.9235243,0.40,309.8,,,,,,11.0593068,76.9235577,0.22,0.67,
80.86,gnss,11.0593174,76.9235240,0.40,309.8,,,,,,11.0593068,76.9235577,0.22,0.77,
80.96,gnss,11.0593176,76.9235238,0.40,309.8,,,,,,11.0593068,76.9235577,0.22,0.87,
81.07,gnss,11.0593178,76.9235235,0.40,309.8,,,,,,11.0593068,76.9235577,0.22,0.97,
81.17,gnss,11.0593149,76.9235315,0.02,309.8,,,,,,11.0593079,76.9235599,0.00,0.07,
81.27,gnss,11.0593149,76.9235315,0.02,309.8,,,,,,11.0593079,76.9235599,0.00,0.17,
81.37,gnss,11.0593149,76.9235315,0.02,309.8,,,,,,11.0593079,76.9235599,0.00,0.27,
81.47,gnss,11.0593150,76.9235314,0.02,309.8,,,,,,11.0593079,76.9235599,0.00,0.37,
81.56,gnss,11.0593150,76.9235314,0.02,309.8,,,,,,11.0593079,76.9235599,0.00,0.47,
81.66,gnss,11.0593150,76.9235314,0.02,309.8,,,,,,11.0593079,76.9235599,0.00,0.57,
81.77,gnss,11.0593150,76.9235314,0.02,309.7,,,,,,11.0593079,76.9235599,0.00,0.67,
81.86,gnss,11.0593150,76.9235314,0.02,309.7,,,,,,11.0593079,76.9235599,0.00,0.77,
81.97,gnss,11.0593150,76.9235314,0.02,309.7,,,,,,11.0593079,76.9235599,0.00,0.87,
82.06,gnss,11.0593150,76.9235313,0.02,309.8,,,,,,11.0593079,76.9235599,0.00,0.97,
82.17,gnss,11.0593135,76.9235371,-0.01,310.0,,,,,,11.0593082,76.9235615,0.00,0.07,
82.27,gnss,11.0593135,76.9235371,-0.01,310.0,,,,,,11.0593082,76.9235615,0.00,0.17,
82.36,gnss,11.0593135,76.9235371,-0.01,310.0,,,,,,11.0593082,76.9235615,0.00,0.27,
82.47,gnss,11.0593135,76.9235371,-0.01,310.0,,,,,,11.0593082,76.9235615,0.00,0.37,
82.56,gnss,11.0593135,76.9235371,-0.01,309.8,,,,,,11.0593082,76.9235615,0.00,0.47,
82.66,gnss,11.0593135,76.9235371,-0.01,309.9,,,,,,11.0593082,76.9235615,0.00,0.57,
82.76,gnss,11.0593135,76.9235371,-0.01,309.9,,,,,,11.0593082,76.9235615,0.00,0.67,
82.87,gnss,11.0593135,76.9235371,-0.01,309.9,,,,,,11.0593082,76.9235615,0.00,0.77,
82.96,gnss,11.0593135,76.9235371,-0.01,309.9,,,,,,11.0593082,76.9235615,0.00,0.87,
83.07,gnss,11.0593135,76.9235371,-0.01,309.8,,,,,,11.0593082,76.9235615,0.00,0.97,
83.17,gnss,11.0593125,76.9235417,-0.01,309.8,,,,,,11.0593093,76.9235617,0.00,0.08,
83.26,gnss,11.0593125,76.9235418,-0.01,309.7,,,,,,11.0593093,76.9235617,0.00,0.17,
83.37,gnss,11.0593125,76.9235418,-0.01,309.7,,,,,,11.0593093,76.9235617,0.00,0.27,
83.46,gnss,11.0593125,76.9235418,-0.01,309.1,,,,,,11.0593093,76.9235617,0.00,0.37,
83.57,gnss,11.0593125,76.9235418,-0.01,306.3,,,,,,11.0593093,76.9235617,0.00,0.47,
83.67,gnss,11.0593125,76.9235418,-0.01,301.3,,,,,,11.0593093,76.9235617,0.00,0.57,
83.76,gnss,11.0593125,76.9235418,-0.01,297.8,,,,,,11.0593093,76.9235617,0.00,0.67,
83.86,gnss,11.0593125,76.9235418,-0.01,297.8,,,,,,11.0593093,76.9235617,0.00,0.77,
83.96,gnss,11.0593125,76.9235418,-0.01,297.8,,,,,,11.0593093,76.9235617,0.00,0.87,
84.07,gnss,11.0593125,76.9235418,-0.01,297.8,,,,,,11.0593093,76.9235617,0.00,0.97,
84.17,gnss,11.0593119,76.9235455,-0.01,298.0,,,,,,11.0593101,76.9235617,0.00,0.07,
84.27,gnss,11.0593119,76.9235455,-0.01,297.2,,,,,,11.0593101,76.9235617,0.00,0.17,
84.37,gnss,11.0593119,76.9235455,-0.01,298.1,,,,,,11.0593101,76.9235617,0.00,0.27,
84.46,gnss,11.0593119,76.9235455,-0.01,298.3,,,,,,11.0593101,76.9235617,0.00,0.37,
84.56,gnss,11.0593119,76.9235455,-0.01,298.0,,,,,,11.0593101,76.9235617,0.00,0.47,
84.67,gnss,11.0593119,76.9235455,-0.01,298.3,,,,,,11.0593101,76.9235617,0.00,0.57,
84.77,gnss,11.0593119,76.9235455,-0.01,304.4,,,,,,11.0593101,76.9235617,0.00,0.67,
84.87,gnss,11.0593119,76.9235455,-0.01,301.3,,,,,,11.0593101,76.9235617,0.00,0.77,
84.96,gnss,11.0593119,76.9235455,-0.01,301.4,,,,,,11.0593101,76.9235617,0.00,0.87,
85.07,gnss,11.0593119,76.9235455,-0.01,305.0,,,,,,11.0593101,76.9235617,0.00,0.97,
85.17,gnss,11.0593116,76.9235483,-0.00,308.3,,,,,,11.0593109,76.9235605,0.00,0.08,
85.26,gnss,11.0593116,76.9235483,-0.00,308.2,,,,,,11.0593109,76.9235605,0.00,0.17,
85.37,gnss,11.0593116,76.9235483,-0.00,306.5,,,,,,11.0593109,76.9235605,0.00,0.27,
85.46,gnss,11.0593115,76.9235483,-0.00,299.5,,,,,,11.0593109,76.9235605,0.00,0.37,
85.57,gnss,11.0593115,76.9235483,-0.00,293.2,,,,,,11.0593109,76.9235605,0.00,0.47,
85.67,gnss,11.0593115,76.9235483,-0.00,288.5,,,,,,11.0593109,76.9235605,0.00,0.57,
85.77,gnss,11.0593115,76.9235483,-0.00,282.4,,,,,,11.0593109,76.9235605,0.00,0.67,
85.86,gnss,11.0593115,76.9235483,-0.00,277.7,,,,,,11.0593109,76.9235605,0.00,0.77,
85.96,gnss,11.0593115,76.9235483,-0.00,276.2,,,,,,11.0593109,76.9235605,0.00,0.87,
86.06,gnss,11.0593115,76.9235483,-0.00,275.3,,,,,,11.0593109,76.9235605,0.00,0.97,
86.17,gnss,11.0593115,76.9235501,0.15,275.4,,,,,,11.0593106,76.9235614,0.17,0.08,
86.27,gnss,11.0593115,76.9235499,0.15,273.2,,,,,,11.0593106,76.9235614,0.17,0.17,
86.36,gnss,11.0593115,76.9235498,0.15,271.4,,,,,,11.0593106,76.9235614,0.17,0.27,
86.46,gnss,11.0593115,76.9235497,0.15,267.2,,,,,,11.0593106,76.9235614,0.17,0.37,
86.56,gnss,11.0593115,76.9235495,0.15,266.2,,,,,,11.0593106,76.9235614,0.17,0.47,
86.67,gnss,11.0593115,76.9235494,0.15,266.2,,,,,,11.0593106,76.9235614,0.17,0.57,
86.77,gnss,11.0593115,76.9235492,0.15,266.2,,,,,,11.0593106,76.9235614,0.17,0.67,
86.86,gnss,11.0593114,76.9235491,0.15,266.8,,,,,,11.0593106,76.9235614,0.17,0.77,
86.97,gnss,11.0593114,76.9235490,0.15,266.6,,,,,,11.0593106,76.9235614,0.17,0.87,
87.06,gnss,11.0593114,76.9235488,0.15,267.0,,,,,,11.0593106,76.9235614,0.17,0.97,
87.17,gnss,11.0593114,76.9235517,0.01,268.1,,,,,,11.0593114,76.9235610,0.00,0.07,
87.27,gnss,11.0593114,76.9235516,0.01,269.1,,,,,,11.0593114,76.9235610,0.00,0.17,
87.37,gnss,11.0593114,76.9235516,0.01,270.3,,,,,,11.0593114,76.9235610,0.00,0.27,
87.46,gnss,11.0593114,76.9235516,0.01,271.0,,,,,,11.0593114,76.9235610,0.00,0.37,
87.56,gnss,11.0593114,76.9235516,0.01,271.1,,,,,,11.0593114,76.9235610,0.00,0.47,
87.67,gnss,11.0593114,76.9235516,0.01,270.8,,,,,,11.0593114,76.9235610,0.00,0.57,
87.77,gnss,11.0593114,76.9235516,0.01,268.4,,,,,,11.0593114,76.9235610,0.00,0.67,
87.87,gnss,11.0593114,76.9235516,0.01,268.1,,,,,,11.0593114,76.9235610,0.00,0.77,
87.96,gnss,11.0593114,76.9235516,0.01,268.2,,,,,,11.0593114,76.9235610,0.00,0.87,
88.06,gnss,11.0593114,76.9235516,0.01,268.7,,,,,,11.0593114,76.9235610,0.00,0.97,
88.17,gnss,11.0593116,76.9235532,-0.00,268.2,,,,,,11.0593130,76.9235598,0.00,0.08,
88.27,gnss,11.0593116,76.9235532,-0.00,269.9,,,,,,11.0593130,76.9235598,0.00,0.17,
88.36,gnss,11.0593116,76.9235532,-0.00,270.4,,,,,,11.0593130,76.9235598,0.00,0.27,
88.47,gnss,11.0593116,76.9235532,-0.00,269.2,,,,,,11.0593130,76.9235598,0.00,0.37,
88.57,gnss,11.0593116,76.9235532,-0.00,269.2,,,,,,11.0593130,76.9235598,0.00,0.47,
88.66,gnss,11.0593116,76.9235532,-0.00,271.0,,,,,,11.0593130,76.9235598,0.00,0.57,
88.76,gnss,11.0593116,76.9235532,-0.00,274.5,,,,,,11.0593130,76.9235598,0.00,0.67,
88.87,gnss,11.0593116,76.9235532,-0.00,282.9,,,,,,11.0593130,76.9235598,0.00,0.77,
88.97,gnss,11.0593116,76.9235532,-0.00,295.3,,,,,,11.0593130,76.9235598,0.00,0.87,
89.06,gnss,11.0593116,76.9235532,-0.00,307.2,,,,,,11.0593130,76.9235598,0.00,0.97,
89.17,gnss,11.0593119,76.9235544,-0.00,317.1,,,,,,11.0593133,76.9235597,0.00,0.08,
89.26,gnss,11.0593119,76.9235544,-0.00,319.8,,,,,,11.0593133,76.9235597,0.00,0.17,
89.36,gnss,11.0593119,76.9235544,-0.00,320.2,,,,,,11.0593133,76.9235597,0.00,0.27,
89.47,gnss,11.0593119,76.9235544,-0.00,319.8,,,,,,11.0593133,76.9235597,0.00,0.37,
89.57,gnss,11.0593119,76.9235544,-0.00,320.3,,,,,,11.0593133,76.9235597,0.00,0.47,
89.67,gnss,11.0593119,76.9235544,-0.00,317.5,,,,,,11.0593133,76.9235597,0.00,0.57,
89.77,gnss,11.0593119,76.9235544,-0.00,317.6,,,,,,11.0593133,76.9235597,0.00,0.67,
89.87,gnss,11.0593119,76.9235544,-0.00,317.0,,,,,,11.0593133,76.9235597,0.00,0.77,
89.97,gnss,11.0593119,76.9235544,-0.00,314.6,,,,,,11.0593133,76.9235597,0.00,0.87,
90.07,gnss,11.0593119,76.9235544,-0.00,312.1,,,,,,11.0593133,76.9235597,0.00,0.97,
90.17,gnss,11.0593121,76.9235553,-0.00,312.3,,,,,,11.0593133,76.9235592,0.00,0.08,
90.26,gnss,11.0593121,76.9235553,-0.00,311.0,,,,,,11.0593133,76.9235592,0.00,0.17,
90.36,gnss,11.0593121,76.9235553,-0.00,311.8,,,,,,11.0593133,76.9235592,0.00,0.27,
90.47,gnss,11.0593121,76.9235553,-0.00,312.0,,,,,,11.0593133,76.9235592,0.00,0.37,
90.56,gnss,11.0593121,76.9235553,-0.00,312.8,,,,,,11.0593133,76.9235592,0.00,0.47,
90.67,gnss,11.0593121,76.9235553,-0.00,313.1,,,,,,11.0593133,76.9235592,0.00,0.57,
90.77,gnss,11.0593121,76.9235553,-0.00,312.6,,,,,,11.0593133,76.9235592,0.00,0.67,
90.87,gnss,11.0593121,76.9235553,-0.00,311.2,,,,,,11.0593133,76.9235592,0.00,0.77,
90.96,gnss,11.0593121,76.9235553,-0.00,310.5,,,,,,11.0593133,76.9235592,0.00,0.87,
91.06,gnss,11.0593121,76.9235553,-0.00,309.9,,,,,,11.0593133,76.9235592,0.00,0.97,
91.17,gnss,11.0593123,76.9235559,-0.00,309.7,,,,,,11.0593133,76.9235584,0.00,0.08,
91.27,gnss,11.0593123,76.9235559,-0.00,309.8,,,,,,11.0593133,76.9235584,0.00,0.17,
91.37,gnss,11.0593123,76.9235559,-0.00,309.8,,,,,,11.0593133,76.9235584,0.00,0.27,
91.46,gnss,11.0593123,76.9235559,-0.00,310.2,,,,,,11.0593133,76.9235584,0.00,0.37,
91.56,gnss,11.0593123,76.9235559,-0.00,310.7,,,,,,11.0593133,76.9235584,0.00,0.47,
91.67,gnss,11.0593123,76.9235559,-0.00,311.0,,,,,,11.0593133,76.9235584,0.00,0.57,
91.77,gnss,11.0593123,76.9235559,-0.00,311.3,,,,,,11.0593133,76.9235584,0.00,0.67,
91.87,gnss,11.0593123,76.9235559,-0.00,311.9,,,,,,11.0593133,76.9235584,0.00,0.77,
91.97,gnss,11.0593123,76.9235559,-0.00,311.9,,,,,,11.0593133,76.9235584,0.00,0.87,
92.06,gnss,11.0593123,76.9235559,-0.00,311.6,,,,,,11.0593133,76.9235584,0.00,0.97,
92.17,gnss,11.0593124,76.9235563,-0.00,311.4,,,,,,11.0593131,76.9235581,0.00,0.07,
92.27,gnss,11.0593124,76.9235563,-0.00,311.2,,,,,,11.0593131,76.9235581,0.00,0.17,
92.37,gnss,11.0593124,76.9235563,-0.00,311.1,,,,,,11.0593131,76.9235581,0.00,0.27,
92.46,gnss,11.0593124,76.9235563,-0.00,311.0,,,,,,11.0593131,76.9235581,0.00,0.37,
92.56,gnss,11.0593124,76.9235563,-0.00,310.8,,,,,,11.0593131,76.9235581,0.00,0.47,
92.67,gnss,11.0593124,76.9235563,-0.00,310.5,,,,,,11.0593131,76.9235581,0.00,0.57,
92.77,gnss,11.0593124,76.9235563,-0.00,309.9,,,,,,11.0593131,76.9235581,0.00,0.67,
92.86,gnss,11.0593124,76.9235563,-0.00,309.8,,,,,,11.0593131,76.9235581,0.00,0.77,
92.97,gnss,11.0593124,76.9235563,-0.00,309.5,,,,,,11.0593131,76.9235581,0.00,0.87,
93.06,gnss,11.0593124,76.9235563,-0.00,309.2,,,,,,11.0593131,76.9235581,0.00,0.97,
93.17,gnss,11.0593125,76.9235566,-0.00,309.0,,,,,,11.0593130,76.9235583,0.00,0.07,
93.26,gnss,11.0593125,76.9235566,-0.00,308.7,,,,,,11.0593130,76.9235583,0.00,0.17,
93.36,gnss,11.0593125,76.9235566,-0.00,308.6,,,,,,11.0593130,76.9235583,0.00,0.27,
93.46,gnss,11.0593125,76.9235566,-0.00,308.7,,,,,,11.0593130,76.9235583,0.00,0.37,
93.57,gnss,11.0593125,76.9235566,-0.00,308.8,,,,,,11.0593130,76.9235583,0.00,0.47,
93.67,gnss,11.0593125,76.9235566,-0.00,308.6,,,,,,11.0593130,76.9235583,0.00,0.57,
93.76,gnss,11.0593125,76.9235566,-0.00,308.6,,,,,,11.0593130,76.9235583,0.00,0.67,
93.86,gnss,11.0593125,76.9235566,-0.00,308.5,,,,,,11.0593130,76.9235583,0.00,0.77,
93.97,gnss,11.0593125,76.9235566,-0.00,308.4,,,,,,11.0593130,76.9235583,0.00,0.87,
94.06,gnss,11.0593125,76.9235566,-0.00,308.5,,,,,,11.0593130,76.9235583,0.00,0.97,
94.17,gnss,11.0593126,76.9235569,-0.00,308.3,,,,,,11.0593130,76.9235583,0.00,0.07,
94.27,gnss,11.0593126,76.9235569,-0.00,307.8,,,,,,11.0593130,76.9235583,0.00,0.17,
94.36,gnss,11.0593126,76.9235569,-0.00,307.3,,,,,,11.0593130,76.9235583,0.00,0.27,
94.46,gnss,11.0593126,76.9235569,-0.00,305.9,,,,,,11.0593130,76.9235583,0.00,0.37,
94.56,gnss,11.0593126,76.9235569,-0.00,303.0,,,,,,11.0593130,76.9235583,0.00,0.47,
94.67,gnss,11.0593126,76.9235569,-0.00,300.2,,,,,,11.0593130,76.9235583,0.00,0.57,
94.77,gnss,11.0593126,76.9235569,-0.00,298.2,,,,,,11.0593130,76.9235583,0.00,0.67,
94.87,gnss,11.0593126,76.9235569,-0.00,295.5,,,,,,11.0593130,76.9235583,0.00,0.77,
94.97,gnss,11.0593126,76.9235569,-0.00,292.7,,,,,,11.0593130,76.9235583,0.00,0.87,
95.07,gnss,11.0593126,76.9235569,-0.00,290.6,,,,,,11.0593130,76.9235583,0.00,0.97,
95.17,gnss,11.0593126,76.9235572,-0.00,289.5,,,,,,11.0593127,76.9235582,0.00,0.07,
95.26,gnss,11.0593126,76.9235572,-0.00,290.3,,,,,,11.0593127,76.9235582,0.00,0.17,
95.37,gnss,11.0593126,76.9235572,-0.00,292.0,,,,,,11.0593127,76.9235582,0.00,0.27,
95.46,gnss,11.0593126,76.9235572,-0.00,293.7,,,,,,11.0593127,76.9235582,0.00,0.37,
95.56,gnss,11.0593126,76.9235572,-0.00,297.1,,,,,,11.0593127,76.9235582,0.00,0.47,
95.66,gnss,11.0593126,76.9235572,-0.00,300.1,,,,,,11.0593127,76.9235582,0.00,0.57,
95.76,gnss,11.0593126,76.9235572,-0.00,304.0,,,,,,11.0593127,76.9235582,0.00,0.67,
95.86,gnss,11.0593126,76.9235572,-0.00,305.2,,,,,,11.0593127,76.9235582,0.00,0.77,
95.96,gnss,11.0593126,76.9235572,-0.00,304.7,,,,,,11.0593127,76.9235582,0.00,0.87,
96.06,gnss,11.0593126,76.9235572,-0.00,304.3,,,,,,11.0593127,76.9235582,0.00,0.97,
96.17,gnss,11.0593125,76.9235572,-0.00,304.1,,,,,,11.0593120,76.9235575,0.00,0.07,
96.27,gnss,11.0593125,76.9235572,-0.00,303.4,,,,,,11.0593120,76.9235575,0.00,0.17,
96.36,gnss,11.0593125,76.9235572,-0.00,302.9,,,,,,11.0593120,76.9235575,0.00,0.27,
96.47,gnss,11.0593125,76.9235572,-0.00,302.5,,,,,,11.0593120,76.9235575,0.00,0.37,
96.56,gnss,11.0593125,76.9235572,-0.00,302.3,,,,,,11.0593120,76.9235575,0.00,0.47,
96.67,gnss,11.0593125,76.9235572,-0.00,301.9,,,,,,11.0593120,76.9235575,0.00,0.57,
96.77,gnss,11.0593125,76.9235572,-0.00,302.0,,,,,,11.0593120,76.9235575,0.00,0.67,
96.86,gnss,11.0593125,76.9235572,-0.00,301.9,,,,,,11.0593120,76.9235575,0.00,0.77,
96.97,gnss,11.0593125,76.9235572,-0.00,302.3,,,,,,11.0593120,76.9235575,0.00,0.87,
97.07,gnss,11.0593125,76.9235572,-0.00,302.2,,,,,,11.0593120,76.9235575,0.00,0.97,
97.17,gnss,11.0593123,76.9235572,-0.00,301.8,,,,,,11.0593115,76.9235570,0.00,0.08,
97.27,gnss,11.0593123,76.9235572,-0.00,301.3,,,,,,11.0593115,76.9235570,0.00,0.17,
97.37,gnss,11.0593123,76.9235572,-0.00,301.9,,,,,,11.0593115,76.9235570,0.00,0.27,
97.46,gnss,11.0593123,76.9235572,-0.00,302.4,,,,,,11.0593115,76.9235570,0.00,0.37,
97.56,gnss,11.0593123,76.9235572,-0.00,303.0,,,,,,11.0593115,76.9235570,0.00,0.47,
97.66,gnss,11.0593123,76.9235572,-0.00,303.6,,,,,,11.0593115,76.9235570,0.00,0.57,
97.76,gnss,11.0593123,76.9235572,-0.00,303.9,,,,,,11.0593115,76.9235570,0.00,0.67,
97.86,gnss,11.0593123,76.9235572,-0.00,304.2,,,,,,11.0593115,76.9235570,0.00,0.77,
97.97,gnss,11.0593123,76.9235572,-0.00,304.2,,,,,,11.0593115,76.9235570,0.00,0.87,
98.06,gnss,11.0593123,76.9235572,-0.00,304.5,,,,,,11.0593115,76.9235570,0.00,0.97,
98.17,gnss,11.0593121,76.9235571,0.00,305.3,,,,,,11.0593114,76.9235565,0.00,0.07,
98.26,gnss,11.0593121,76.9235571,0.00,305.8,,,,,,11.0593114,76.9235565,0.00,0.17,
98.37,gnss,11.0593121,76.9235571,0.00,305.5,,,,,,11.0593114,76.9235565,0.00,0.27,
98.46,gnss,11.0593121,76.9235571,0.00,305.1,,,,,,11.0593114,76.9235565,0.00,0.37,
98.57,gnss,11.0593121,76.9235571,0.00,304.6,,,,,,11.0593114,76.9235565,0.00,0.47,
98.67,gnss,11.0593121,76.9235571,0.00,304.3,,,,,,11.0593114,76.9235565,0.00,0.57,
98.76,gnss,11.0593121,76.9235571,0.00,303.9,,,,,,11.0593114,76.9235565,0.00,0.67,
98.87,gnss,11.0593121,76.9235571,0.00,303.5,,,,,,11.0593114,76.9235565,0.00,0.77,
98.96,gnss,11.0593121,76.9235571,0.00,302.6,,,,,,11.0593114,76.9235565,0.00,0.87,
99.06,gnss,11.0593121,76.9235571,0.00,301.8,,,,,,11.0593114,76.9235565,0.00,0.97,
99.17,gnss,11.0593120,76.9235569,0.00,301.0,,,,,,11.0593112,76.9235563,0.00,0.07,
99.26,gnss,11.0593120,76.9235569,0.00,300.6,,,,,,11.0593112,76.9235563,0.00,0.17,
99.37,gnss,11.0593120,76.9235569,0.00,299.9,,,,,,11.0593112,76.9235563,0.00,0.27,
99.46,gnss,11.0593120,76.9235569,0.00,299.5,,,,,,11.0593112,76.9235563,0.00,0.37,
99.56,gnss,11.0593120,76.9235569,0.00,299.3,,,,,,11.0593112,76.9235563,0.00,0.47,
99.66,gnss,11.0593120,76.9235569,0.00,299.0,,,,,,11.0593112,76.9235563,0.00,0.57,
99.76,gnss,11.0593120,76.9235569,0.00,298.5,,,,,,11.0593112,76.9235563,0.00,0.67,
99.86,gnss,11.0593120,76.9235569,0.00,298.2,,,,,,11.0593112,76.9235563,0.00,0.77,
99.97,gnss,11.0593120,76.9235569,0.00,298.6,,,,,,11.0593112,76.9235563,0.00,0.87,
100.07,gnss,11.0593120,76.9235569,0.00,298.4,,,,,,11.0593112,76.9235563,0.00,0.97,
100.17,gnss,11.0593117,76.9235568,-0.00,298.2,,,,,,11.0593106,76.9235564,0.00,0.08,
100.26,gnss,11.0593117,76.9235568,-0.00,298.0,,,,,,11.0593106,76.9235564,0.00,0.17,
100.36,gnss,11.0593117,76.9235568,-0.00,297.8,,,,,,11.0593106,76.9235564,0.00,0.27,
100.46,gnss,11.0593117,76.9235568,-0.00,297.6,,,,,,11.0593106,76.9235564,0.00,0.37,
100.56,gnss,11.0593117,76.9235568,-0.00,297.5,,,,,,11.0593106,76.9235564,0.00,0.47,
100.66,gnss,11.0593117,76.9235568,-0.00,297.5,,,,,,11.0593106,76.9235564,0.00,0.57,
100.76,gnss,11.0593117,76.9235568,-0.00,297.3,,,,,,11.0593106,76.9235564,0.00,0.67,
100.87,gnss,11.0593117,76.9235568,-0.00,297.1,,,,,,11.0593106,76.9235564,0.00,0.77,
100.96,gnss,11.0593117,76.9235568,-0.00,297.3,,,,,,11.0593106,76.9235564,0.00,0.87,
101.06,gnss,11.0593117,76.9235568,-0.00,297.3,,,,,,11.0593106,76.9235564,0.00,0.97,
101.17,gnss,11.0593114,76.9235568,-0.00,297.1,,,,,,11.0593100,76.9235567,0.00,0.07,
101.27,gnss,11.0593114,76.9235568,-0.00,296.9,,,,,,11.0593100,76.9235567,0.00,0.17,
101.36,gnss,11.0593114,76.9235568,-0.00,297.0,,,,,,11.0593100,76.9235567,0.00,0.27,
101.47,gnss,11.0593114,76.9235568,-0.00,296.2,,,,,,11.0593100,76.9235567,0.00,0.37,
101.56,gnss,11.0593114,76.9235568,-0.00,295.9,,,,,,11.0593100,76.9235567,0.00,0.47,
101.66,gnss,11.0593114,76.9235568,-0.00,295.1,,,,,,11.0593100,76.9235567,0.00,0.57,
101.77,gnss,11.0593114,76.9235568,-0.00,295.3,,,,,,11.0593100,76.9235567,0.00,0.67,
101.87,gnss,11.0593114,76.9235568,-0.00,296.5,,,,,,11.0593100,76.9235567,0.00,0.77,
101.96,gnss,11.0593114,76.9235568,-0.00,297.9,,,,,,11.0593100,76.9235567,0.00,0.87,
102.06,gnss,11.0593114,76.9235568,-0.00,298.6,,,,,,11.0593100,76.9235567,0.00,0.97,
102.17,gnss,11.0593111,76.9235568,-0.00,300.6,,,,,,11.0593092,76.9235564,0.00,0.07,
102.26,gnss,11.0593111,76.9235568,-0.00,302.9,,,,,,11.0593092,76.9235564,0.00,0.17,
102.37,gnss,11.0593111,76.9235568,-0.00,305.8,,,,,,11.0593092,76.9235564,0.00,0.27,
102.46,gnss,11.0593111,76.9235568,-0.00,306.5,,,,,,11.0593092,76.9235564,0.00,0.37,
102.57,gnss,11.0593111,76.9235568,-0.00,307.3,,,,,,11.0593092,76.9235564,0.00,0.47,
102.67,gnss,11.0593111,76.9235568,-0.00,307.6,,,,,,11.0593092,76.9235564,0.00,0.57,
102.76,gnss,11.0593111,76.9235568,-0.00,307.6,,,,,,11.0593092,76.9235564,0.00,0.67,
102.86,gnss,11.0593111,76.9235568,-0.00,307.6,,,,,,11.0593092,76.9235564,0.00,0.77,
102.97,gnss,11.0593111,76.9235568,-0.00,307.3,,,,,,11.0593092,76.9235564,0.00,0.87,
103.06,gnss,11.0593111,76.9235568,-0.00,308.0,,,,,,11.0593092,76.9235564,0.00,0.97,
103.17,gnss,11.0593111,76.9235568,-0.00,310.1,,,,,,11.0593092,76.9235564,0.00,1.08,
103.26,gnss,11.0593111,76.9235568,-0.00,312.2,,,,,,11.0593092,76.9235564,0.00,1.17,
103.37,gnss,11.0593111,76.9235568,-0.00,312.9,,,,,,11.0593092,76.9235564,0.00,1.27,
103.47,gnss,11.0593111,76.9235568,-0.00,313.1,,,,,,11.0593092,76.9235564,0.00,1.37,
103.57,gnss,11.0593111,76.9235568,-0.00,312.6,,,,,,11.0593092,76.9235564,0.00,1.47,
103.68,dr,11.0593111,76.9235568,0.00,312.4,,,,,,11.0593092,76.9235564,0.00,1.59,
103.77,dr,11.0593111,76.9235568,0.00,311.8,,,,,,11.0593092,76.9235564,0.00,1.68,
103.87,dr,11.0593111,76.9235568,0.00,311.7,,,,,,11.0593092,76.9235564,0.00,1.78,
103.97,dr,11.0593111,76.9235568,0.00,311.7,,,,,,11.0593092,76.9235564,0.00,1.88,
104.07,dr,11.0593111,76.9235568,0.00,311.3,,,,,,11.0593092,76.9235564,0.00,1.98,
104.17,dr,11.0593111,76.9235568,0.00,311.1,,,,,,11.0593092,76.9235564,0.00,2.08,
104.27,dr,11.0593111,76.9235568,0.00,311.4,,,,,,11.0593092,76.9235564,0.00,2.18,
104.37,dr,11.0593111,76.9235568,0.00,311.5,,,,,,11.0593092,76.9235564,0.00,2.28,
104.47,dr,11.0593111,76.9235568,0.00,313.8,,,,,,11.0593092,76.9235564,0.00,2.38,
104.57,dr,11.0593111,76.9235568,0.00,319.0,,,,,,11.0593092,76.9235564,0.00,2.48,
104.67,dr,11.0593111,76.9235568,0.00,322.6,,,,,,11.0593092,76.9235564,0.00,2.58,
104.77,dr,11.0593111,76.9235568,0.00,322.1,,,,,,11.0593092,76.9235564,0.00,2.68,
104.87,dr,11.0593111,76.9235568,0.00,327.3,,,,,,11.0593092,76.9235564,0.00,2.78,
104.97,dr,11.0593111,76.9235568,0.00,331.2,,,,,,11.0593092,76.9235564,0.00,2.88,
105.07,dr,11.0593111,76.9235568,0.00,332.9,,,,,,11.0593092,76.9235564,0.00,2.98,
105.17,dr,11.0593111,76.9235568,0.00,331.5,,,,,,11.0593092,76.9235564,0.00,3.08,
105.27,dr,11.0593111,76.9235568,0.00,330.6,,,,,,11.0593092,76.9235564,0.00,3.18,
105.37,dr,11.0593111,76.9235568,0.00,331.1,,,,,,11.0593092,76.9235564,0.00,3.27,
105.47,dr,11.0593111,76.9235568,0.00,333.2,,,,,,11.0593092,76.9235564,0.00,3.37,
105.57,dr,11.0593111,76.9235568,0.00,333.2,,,,,,11.0593092,76.9235564,0.00,3.48,
105.67,dr,11.0593162,76.9235541,6.43,331.8,,,,,,11.0593092,76.9235564,0.00,3.58,
105.77,dr,11.0593213,76.9235513,6.43,329.4,,,,,,11.0593092,76.9235564,0.00,3.67,
105.87,dr,11.0593263,76.9235483,6.43,325.9,,,,,,11.0593092,76.9235564,0.00,3.77,
105.97,dr,11.0593311,76.9235450,6.43,322.0,,,,,,11.0593092,76.9235564,0.00,3.87,
106.07,dr,11.0593357,76.9235414,6.43,317.7,,,,,,11.0593092,76.9235564,0.00,3.97,
106.17,dr,11.0593400,76.9235374,6.43,313.4,,,,,,11.0593092,76.9235564,0.00,4.07,
106.27,dr,11.0593440,76.9235331,6.43,309.7,,,,,,11.0593092,76.9235564,0.00,4.17,
106.37,dr,11.0593477,76.9235286,6.43,306.8,,,,,,11.0593092,76.9235564,0.00,4.27,
106.47,dr,11.0593511,76.9235238,6.43,306.0,,,,,,11.0593092,76.9235564,0.00,4.37,
106.61,dr,11.0593546,76.9235191,6.43,306.5,,,,,,11.0593092,76.9235564,0.00,4.52,
106.67,dr,11.0593591,76.9235128,8.50,307.4,,,,,,11.0593092,76.9235564,0.00,4.57,
106.77,dr,11.0593638,76.9235066,8.50,307.5,,,,,,11.0593092,76.9235564,0.00,4.68,
106.87,dr,11.0593684,76.9235004,8.50,307.9,,,,,,11.0593092,76.9235564,0.00,4.77,
106.97,dr,11.0593732,76.9234943,8.50,308.6,,,,,,11.0593092,76.9235564,0.00,4.87,
107.07,dr,11.0593779,76.9234882,8.50,308.3,,,,,,11.0593092,76.9235564,0.00,4.97,
107.17,dr,11.0593827,76.9234821,8.50,305.8,,,,,,11.0593092,76.9235564,0.00,5.08,
107.27,dr,11.0593872,76.9234757,8.50,303.1,,,,,,11.0593092,76.9235564,0.00,5.17,
107.37,dr,11.0593913,76.9234692,8.50,301.3,,,,,,11.0593092,76.9235564,0.00,5.28,
107.47,dr,11.0593953,76.9234625,8.50,300.8,,,,,,11.0593092,76.9235564,0.00,5.37,
107.59,dr,11.0593995,76.9234559,8.50,302.2,,,,,,11.0593092,76.9235564,0.00,5.50,
107.67,dr,11.0594040,76.9234485,9.48,302.6,,,,,,11.0593092,76.9235564,0.00,5.58,
107.77,dr,11.0594086,76.9234412,9.48,303.5,,,,,,11.0593092,76.9235564,0.00,5.67,
107.87,dr,11.0594133,76.9234339,9.48,303.0,,,,,,11.0593092,76.9235564,0.00,5.77,
107.97,dr,11.0594180,76.9234266,9.48,303.7,,,,,,11.0593092,76.9235564,0.00,5.88,
108.07,dr,11.0594227,76.9234194,9.48,304.1,,,,,,11.0593092,76.9235564,0.00,5.98,
108.17,dr,11.0594275,76.9234122,9.48,306.3,,,,,,11.0593092,76.9235564,0.00,6.07,
108.27,dr,11.0594326,76.9234051,9.48,307.1,,,,,,11.0593092,76.9235564,0.00,6.18,
108.37,dr,11.0594377,76.9233982,9.48,313.3,,,,,,11.0593092,76.9235564,0.00,6.28,
108.47,dr,11.0594436,76.9233919,9.48,319.9,,,,,,11.0593092,76.9235564,0.00,6.37,
108.60,dr,11.0594492,76.9233859,9.48,325.7,,,,,,11.0593092,76.9235564,0.00,6.51,
108.67,dr,11.0594565,76.9233808,9.80,330.2,,,,,,11.0593092,76.9235564,0.00,6.58,
108.77,dr,11.0594641,76.9233764,9.80,332.4,,,,,,11.0593092,76.9235564,0.00,6.67,
108.87,dr,11.0594719,76.9233722,9.80,332.0,,,,,,11.0593092,76.9235564,0.00,6.77,
108.97,dr,11.0594797,76.9233680,9.80,333.4,,,,,,11.0593092,76.9235564,0.00,6.88,
109.07,dr,11.0594875,76.9233640,9.80,337.7,,,,,,11.0593092,76.9235564,0.00,6.98,
109.17,dr,11.0594957,76.9233606,9.80,342.0,,,,,,11.0593092,76.9235564,0.00,7.08,
109.27,dr,11.0595041,76.9233578,9.80,342.2,,,,,,11.0593092,76.9235564,0.00,7.17,
109.37,dr,11.0595124,76.9233551,9.80,339.1,,,,,,11.0593092,76.9235564,0.00,7.27,
109.47,dr,11.0595207,76.9233519,9.80,334.5,,,,,,11.0593092,76.9235564,0.00,7.37,
109.58,dr,11.0595259,76.9233476,9.80,328.1,,,,,,11.0593092,76.9235564,0.00,7.49,
109.67,dr,11.0595322,76.9233437,8.31,321.0,,,,,,11.0593092,76.9235564,0.00,7.57,
109.77,dr,11.0595379,76.9233389,8.31,319.3,,,,,,11.0593092,76.9235564,0.00,7.67,
109.87,dr,11.0595435,76.9233340,8.31,320.7,,,,,,11.0593092,76.9235564,0.00,7.77,
109.97,dr,11.0595493,76.9233292,8.31,323.5,,,,,,11.0593092,76.9235564,0.00,7.87,
110.07,dr,11.0595552,76.9233247,8.31,319.4,,,,,,11.0593092,76.9235564,0.00,7.97,
110.17,dr,11.0595609,76.9233198,8.31,319.1,,,,,,11.0593092,76.9235564,0.00,8.08,
110.27,dr,11.0595665,76.9233149,8.31,315.8,,,,,,11.0593092,76.9235564,0.00,8.17,
110.37,dr,11.0595718,76.9233096,8.31,311.4,,,,,,11.0593092,76.9235564,0.00,8.28,
110.47,dr,11.0595767,76.9233039,8.31,311.4,,,,,,11.0593092,76.9235564,0.00,8.37,
110.58,dr,11.0595780,76.9233012,8.31,306.3,,,,,,11.0593092,76.9235564,0.00,8.49,
110.67,dr,11.0595822,76.9232954,8.10,298.9,,,,,,11.0593092,76.9235564,0.00,8.57,
110.77,dr,11.0595857,76.9232890,8.10,295.3,,,,,,11.0593092,76.9235564,0.00,8.67,
110.87,dr,11.0595887,76.9232825,8.10,292.4,,,,,,11.0593092,76.9235564,0.00,8.77,
110.97,dr,11.0595914,76.9232757,8.10,292.8,,,,,,11.0593092,76.9235564,0.00,8.87,
111.07,dr,11.0595942,76.9232691,8.10,288.5,,,,,,11.0593092,76.9235564,0.00,8.97,
111.17,dr,11.0595965,76.9232622,8.10,288.7,,,,,,11.0593092,76.9235564,0.00,9.08,
111.27,dr,11.0595987,76.9232553,8.10,287.4,,,,,,11.0593092,76.9235564,0.00,9.17,
111.37,dr,11.0596009,76.9232484,8.10,289.9,,,,,,11.0593092,76.9235564,0.00,9.27,
111.47,dr,11.0596033,76.9232415,8.10,296.7,,,,,,11.0593092,76.9235564,0.00,9.37,
111.58,dr,11.0595975,76.9232461,8.10,300.2,,,,,,11.0593092,76.9235564,0.00,9.49,
111.67,dr,11.0596009,76.9232401,8.00,298.4,,,,,,11.0593092,76.9235564,0.00,9.57,
111.76,dr,11.0596041,76.9232340,8.00,297.1,,,,,,11.0593092,76.9235564,0.00,9.67,
111.87,dr,11.0596072,76.9232279,8.00,301.4,,,,,,11.0593092,76.9235564,0.00,9.77,
111.97,dr,11.0596107,76.9232220,8.00,305.9,,,,,,11.0593092,76.9235564,0.00,9.87,
112.07,dr,11.0596147,76.9232164,8.00,315.1,,,,,,11.0593092,76.9235564,0.00,9.97,
112.17,dr,11.0596195,76.9232115,8.00,321.5,,,,,,11.0593092,76.9235564,0.00,10.08,
112.27,dr,11.0596248,76.9232072,8.00,322.0,,,,,,11.0593092,76.9235564,0.00,10.17,
112.37,dr,11.0596301,76.9232029,8.00,319.5,,,,,,11.0593092,76.9235564,0.00,10.27,
112.47,dr,11.0596353,76.9231985,8.00,317.7,,,,,,11.0593092,76.9235564,0.00,10.37,
112.58,dr,11.0596188,76.9232133,8.00,316.9,,,,,,11.0593092,76.9235564,0.00,10.49,
112.67,dr,11.0596239,76.9232084,8.83,317.1,,,,,,11.0593092,76.9235564,0.00,10.57,
112.77,dr,11.0596291,76.9232036,8.83,318.3,,,,,,11.0593092,76.9235564,0.00,10.67,
112.87,dr,11.0596343,76.9231988,8.83,319.9,,,,,,11.0593092,76.9235564,0.00,10.77,
112.97,dr,11.0596397,76.9231942,8.83,318.9,,,,,,11.0593092,76.9235564,0.00,10.87,
113.07,dr,11.0596449,76.9231895,8.83,317.2,,,,,,11.0593092,76.9235564,0.00,10.97,
113.17,dr,11.0596501,76.9231847,8.83,316.4,,,,,,11.0593092,76.9235564,0.00,11.08,
113.27,dr,11.0596551,76.9231798,8.83,315.7,,,,,,11.0593092,76.9235564,0.00,11.17,
113.37,dr,11.0596602,76.9231748,8.83,315.0,,,,,,11.0593092,76.9235564,0.00,11.27,
113.47,dr,11.0596651,76.9231697,8.83,313.8,,,,,,11.0593092,76.9235564,0.00,11.37,
113.58,dr,11.0596366,76.9231981,8.83,312.3,,,,,,11.0593092,76.9235564,0.00,11.49,
113.67,dr,11.0596409,76.9231932,8.96,312.4,,,,,,11.0593092,76.9235564,0.00,11.57,
113.77,dr,11.0596453,76.9231884,8.96,313.0,,,,,,11.0593092,76.9235564,0.00,11.67,
113.87,dr,11.0596496,76.9231836,8.96,314.2,,,,,,11.0593092,76.9235564,0.00,11.77,
113.97,dr,11.0596541,76.9231789,8.96,315.5,,,,,,11.0593092,76.9235564,0.00,11.88,
114.07,dr,11.0596587,76.9231743,8.96,313.6,,,,,,11.0593092,76.9235564,0.00,11.98,
114.17,dr,11.0596632,76.9231695,8.96,313.0,,,,,,11.0593092,76.9235564,0.00,12.08,
114.27,dr,11.0596676,76.9231647,8.96,314.3,,,,,,11.0593092,76.9235564,0.00,12.17,
114.37,dr,11.0596720,76.9231600,8.96,315.4,,,,,,11.0593092,76.9235564,0.00,12.27,
114.47,dr,11.0596766,76.9231554,8.96,315.3,,,,,,11.0593092,76.9235564,0.00,12.37,
114.58,dr,11.0596448,76.9231882,8.96,315.1,,,,,,11.0593092,76.9235564,0.00,12.48,
114.67,dr,11.0596493,76.9231837,9.83,315.3,,,,,,11.0593092,76.9235564,0.00,12.58,
114.77,dr,11.0596538,76.9231791,9.83,315.4,,,,,,11.0593092,76.9235564,0.00,12.67,
114.87,dr,11.0596583,76.9231746,9.83,315.4,,,,,,11.0593092,76.9235564,0.00,12.77,
114.96,dr,11.0596629,76.9231700,9.83,315.5,,,,,,11.0593092,76.9235564,0.00,12.87,
115.07,dr,11.0596674,76.9231655,9.83,315.6,,,,,,11.0593092,76.9235564,0.00,12.97,
115.17,dr,11.0596719,76.9231610,9.83,315.7,,,,,,11.0593092,76.9235564,0.00,13.08,
115.27,dr,11.0596765,76.9231565,9.83,315.8,,,,,,11.0593092,76.9235564,0.00,13.17,
115.37,dr,11.0596810,76.9231520,9.83,315.9,,,,,,11.0593092,76.9235564,0.00,13.27,
115.47,dr,11.0596856,76.9231475,9.83,316.0,,,,,,11.0593092,76.9235564,0.00,13.37,
115.58,dr,11.0596568,76.9231777,9.83,315.9,,,,,,11.0593092,76.9235564,0.00,13.49,
115.67,dr,11.0596589,76.9231756,4.99,316.0,,,,,,11.0593092,76.9235564,0.00,13.57,
115.77,dr,11.0596610,76.9231735,4.99,316.1,,,,,,11.0593092,76.9235564,0.00,13.67,
115.87,dr,11.0596631,76.9231714,4.99,316.2,,,,,,11.0593092,76.9235564,0.00,13.77,
115.97,dr,11.0596653,76.9231693,4.99,316.3,,,,,,11.0593092,76.9235564,0.00,13.87,
116.07,dr,11.0596674,76.9231673,4.99,316.4,,,,,,11.0593092,76.9235564,0.00,13.97,
116.17,dr,11.0596695,76.9231652,4.99,316.5,,,,,,11.0593092,76.9235564,0.00,14.08,
116.27,dr,11.0596716,76.9231631,4.99,316.5,,,,,,11.0593092,76.9235564,0.00,14.17,
116.37,dr,11.0596738,76.9231611,4.99,316.6,,,,,,11.0593092,76.9235564,0.00,14.27,
116.47,dr,11.0596759,76.9231590,4.99,316.7,,,,,,11.0593092,76.9235564,0.00,14.37,
116.58,dr,11.0596607,76.9231746,4.99,316.7,,,,,,11.0593092,76.9235564,0.00,14.49,
116.67,dr,11.0596607,76.9231746,0.00,316.8,,,,,,11.0593092,76.9235564,0.00,14.57,
116.77,dr,11.0596607,76.9231746,0.00,316.8,,,,,,11.0593092,76.9235564,0.00,14.67,
116.87,dr,11.0596607,76.9231746,0.00,316.9,,,,,,11.0593092,76.9235564,0.00,14.78,
116.97,dr,11.0596607,76.9231746,0.00,317.0,,,,,,11.0593092,76.9235564,0.00,14.87,
117.07,dr,11.0596607,76.9231746,0.00,317.1,,,,,,11.0593092,76.9235564,0.00,14.97,
117.17,dr,11.0596607,76.9231746,0.00,317.2,,,,,,11.0593092,76.9235564,0.00,15.08,
117.27,dr,11.0596607,76.9231746,0.00,317.3,,,,,,11.0593092,76.9235564,0.00,15.17,
117.37,dr,11.0596607,76.9231746,0.00,317.4,,,,,,11.0593092,76.9235564,0.00,15.27,
117.47,dr,11.0596607,76.9231746,0.00,317.5,,,,,,11.0593092,76.9235564,0.00,15.38,
117.57,dr,11.0596607,76.9231746,0.00,317.6,,,,,,11.0593092,76.9235564,0.00,15.47,
117.67,dr,11.0596607,76.9231746,0.00,317.7,,,,,,11.0593092,76.9235564,0.00,15.57,
117.77,dr,11.0596607,76.9231746,0.00,317.8,,,,,,11.0593092,76.9235564,0.00,15.67,
117.87,dr,11.0596607,76.9231746,0.00,317.9,,,,,,11.0593092,76.9235564,0.00,15.78,
117.97,dr,11.0596607,76.9231746,0.00,318.1,,,,,,11.0593092,76.9235564,0.00,15.87,
118.07,dr,11.0596607,76.9231746,0.00,318.1,,,,,,11.0593092,76.9235564,0.00,15.97,
118.17,dr,11.0596607,76.9231746,0.00,318.2,,,,,,11.0593092,76.9235564,0.00,16.08,
118.27,dr,11.0596607,76.9231746,0.00,318.4,,,,,,11.0593092,76.9235564,0.00,16.17,
118.37,dr,11.0596607,76.9231746,0.00,318.5,,,,,,11.0593092,76.9235564,0.00,16.27,
118.47,dr,11.0596607,76.9231746,0.00,318.5,,,,,,11.0593092,76.9235564,0.00,16.37,
118.57,dr,11.0596607,76.9231746,0.00,318.6,,,,,,11.0593092,76.9235564,0.00,16.48,
118.67,dr,11.0596607,76.9231746,0.00,318.6,,,,,,11.0593092,76.9235564,0.00,16.57,
118.77,dr,11.0596607,76.9231746,0.00,318.7,,,,,,11.0593092,76.9235564,0.00,16.67,
118.87,dr,11.0596607,76.9231746,0.00,318.9,,,,,,11.0593092,76.9235564,0.00,16.78,
118.97,dr,11.0596607,76.9231746,0.00,319.0,,,,,,11.0593092,76.9235564,0.00,16.87,
119.07,dr,11.0596607,76.9231746,0.00,319.1,,,,,,11.0593092,76.9235564,0.00,16.97,
119.17,dr,11.0596607,76.9231746,0.00,319.2,,,,,,11.0593092,76.9235564,0.00,17.08,
119.27,dr,11.0596607,76.9231746,0.00,319.3,,,,,,11.0593092,76.9235564,0.00,17.17,
119.37,dr,11.0596607,76.9231746,0.00,319.4,,,,,,11.0593092,76.9235564,0.00,17.27,
119.47,dr,11.0596607,76.9231746,0.00,319.6,,,,,,11.0593092,76.9235564,0.00,17.37,
119.57,dr,11.0596607,76.9231746,0.00,320.0,,,,,,11.0593092,76.9235564,0.00,17.48,
119.67,dr,11.0596607,76.9231746,0.00,320.5,,,,,,11.0593092,76.9235564,0.00,17.57,
119.77,dr,11.0596607,76.9231746,0.00,320.8,,,,,,11.0593092,76.9235564,0.00,17.68,
119.87,dr,11.0596607,76.9231746,0.00,321.2,,,,,,11.0593092,76.9235564,0.00,17.77,
119.97,dr,11.0596607,76.9231746,0.00,321.9,,,,,,11.0593092,76.9235564,0.00,17.87,
120.07,dr,11.0596607,76.9231746,0.00,322.8,,,,,,11.0593092,76.9235564,0.00,17.97,
120.17,dr,11.0596607,76.9231746,0.00,324.2,1,11.0596289,76.9232049,0.00,322.7,11.0593092,76.9235564,0.00,18.08,
120.27,dr,11.0596607,76.9231746,0.00,326.1,1,11.0596289,76.9232049,0.00,324.6,11.0593092,76.9235564,0.00,18.17,
120.37,dr,11.0596607,76.9231746,0.00,328.5,1,11.0596289,76.9232049,0.00,326.9,11.0593092,76.9235564,0.00,18.27,
120.47,dr,11.0596607,76.9231746,0.00,331.4,1,11.0596289,76.9232049,0.00,329.8,11.0593092,76.9235564,0.00,18.37,
120.57,dr,11.0596607,76.9231746,0.00,334.7,1,11.0596289,76.9232049,0.00,333.2,11.0593092,76.9235564,0.00,18.47,
120.67,dr,11.0596607,76.9231746,0.00,338.5,1,11.0596289,76.9232049,0.00,336.9,11.0593092,76.9235564,0.00,18.57,
120.77,dr,11.0596607,76.9231746,0.00,342.7,1,11.0596289,76.9232049,0.00,341.1,11.0593092,76.9235564,0.00,18.67,
120.87,dr,11.0596607,76.9231746,0.00,347.4,1,11.0596289,76.9232049,0.00,345.8,11.0593092,76.9235564,0.00,18.77,
120.97,dr,11.0596607,76.9231746,0.00,352.7,1,11.0596289,76.9232049,0.00,351.2,11.0593092,76.9235564,0.00,18.87,
121.07,dr,11.0596607,76.9231746,0.00,358.7,1,11.0596289,76.9232049,0.00,357.1,11.0593092,76.9235564,0.00,18.98,
121.17,dr,11.0596607,76.9231746,0.00,5.1,1,11.0596289,76.9232049,0.00,3.5,11.0593092,76.9235564,0.00,19.07,
121.27,dr,11.0596607,76.9231746,0.00,11.8,1,11.0596289,76.9232049,0.00,10.2,11.0593092,76.9235564,0.00,19.17,
121.37,dr,11.0596607,76.9231746,0.00,18.6,1,11.0596289,76.9232049,0.00,16.9,11.0593092,76.9235564,0.00,19.27,
121.47,dr,11.0596607,76.9231746,0.00,25.2,1,11.0596289,76.9232049,0.00,23.5,11.0593092,76.9235564,0.00,19.38,
121.57,dr,11.0596607,76.9231746,0.00,32.0,1,11.0596289,76.9232049,0.00,30.3,11.0593092,76.9235564,0.00,19.48,
121.67,dr,11.0596617,76.9231752,2.06,38.7,1,11.0596298,76.9232054,2.06,37.1,11.0593092,76.9235564,0.00,19.57,
121.77,dr,11.0596626,76.9231759,2.06,45.4,1,11.0596306,76.9232061,2.06,43.8,11.0593092,76.9235564,0.00,19.67,
121.87,dr,11.0596634,76.9231767,2.06,51.9,1,11.0596314,76.9232068,2.06,50.2,11.0593092,76.9235564,0.00,19.78,
121.97,dr,11.0596641,76.9231777,2.06,58.1,1,11.0596320,76.9232077,2.06,56.4,11.0593092,76.9235564,0.00,19.88,
122.07,dr,11.0596647,76.9231787,2.06,64.4,1,11.0596326,76.9232086,2.06,62.7,11.0593092,76.9235564,0.00,19.97,
122.17,dr,11.0596652,76.9231797,2.06,71.1,1,11.0596331,76.9232095,2.06,69.5,11.0593092,76.9235564,0.00,20.08,
122.27,dr,11.0596656,76.9231808,2.06,78.2,1,11.0596334,76.9232105,2.06,76.5,11.0593092,76.9235564,0.00,20.17,
122.37,dr,11.0596659,76.9231820,2.06,85.7,1,11.0596337,76.9232116,2.06,84.0,11.0593092,76.9235564,0.00,20.27,
122.47,dr,11.0596659,76.9231832,2.06,93.4,1,11.0596338,76.9232126,2.06,91.7,11.0593092,76.9235564,0.00,20.37,
122.58,dr,11.0596549,76.9232078,2.06,104.6,1,11.0596348,76.9232224,2.06,101.6,11.0593092,76.9235564,0.00,20.49,
122.67,dr,11.0596546,76.9232088,1.84,112.9,1,11.0596346,76.9232233,1.84,109.9,11.0593092,76.9235564,0.00,20.57,
122.77,dr,11.0596542,76.9232097,1.84,121.0,1,11.0596343,76.9232242,1.84,118.0,11.0593092,76.9235564,0.00,20.67,
122.87,dr,11.0596537,76.9232106,1.84,128.6,1,11.0596338,76.9232250,1.84,125.6,11.0593092,76.9235564,0.00,20.78,
122.97,dr,11.0596531,76.9232113,1.84,135.8,1,11.0596333,76.9232258,1.84,132.8,11.0593092,76.9235564,0.00,20.87,
123.07,dr,11.0596524,76.9232120,1.84,142.7,1,11.0596326,76.9232265,1.84,139.6,11.0593092,76.9235564,0.00,20.97,
123.17,dr,11.0596517,76.9232126,1.84,148.4,1,11.0596319,76.9232271,1.84,145.4,11.0593092,76.9235564,0.00,21.08,
123.27,dr,11.0596509,76.9232132,1.84,153.1,1,11.0596311,76.9232276,1.84,150.1,11.0593092,76.9235564,0.00,21.17,
123.37,dr,11.0596500,76.9232136,1.84,156.9,1,11.0596303,76.9232281,1.84,153.8,11.0593092,76.9235564,0.00,21.27,
123.47,dr,11.0596491,76.9232140,1.84,159.1,1,11.0596295,76.9232285,1.84,156.1,11.0593092,76.9235564,0.00,21.37,
123.57,dr,11.0596467,76.9232085,1.84,156.2,1,11.0595982,76.9232425,1.84,151.9,11.0593092,76.9235564,0.00,21.48,
123.67,dr,11.0596456,76.9232090,2.34,155.2,1,11.0595972,76.9232430,2.34,150.9,11.0593092,76.9235564,0.00,21.57,
123.77,dr,11.0596445,76.9232096,2.34,154.7,1,11.0595962,76.9232436,2.34,150.5,11.0593092,76.9235564,0.00,21.67,
123.87,dr,11.0596433,76.9232101,2.34,153.2,1,11.0595952,76.9232441,2.34,148.9,11.0593092,76.9235564,0.00,21.77,
123.97,dr,11.0596422,76.9232107,2.34,150.8,1,11.0595943,76.9232447,2.34,146.5,11.0593092,76.9235564,0.00,21.87,
124.07,dr,11.0596411,76.9232113,2.34,147.8,1,11.0595934,76.9232453,2.34,143.5,11.0593092,76.9235564,0.00,21.97,
124.17,dr,11.0596401,76.9232120,2.34,144.5,1,11.0595925,76.9232460,2.34,140.2,11.0593092,76.9235564,0.00,22.08,
124.27,dr,11.0596391,76.9232127,2.34,141.2,1,11.0595916,76.9232467,2.34,136.9,11.0593092,76.9235564,0.00,22.17,
124.37,dr,11.0596381,76.9232135,2.34,138.3,1,11.0595908,76.9232475,2.34,133.9,11.0593092,76.9235564,0.00,22.28,
124.47,dr,11.0596372,76.9232144,2.34,136.0,1,11.0595900,76.9232483,2.34,131.6,11.0593092,76.9235564,0.00,22.37,
124.58,dr,11.0596337,76.9232180,2.34,134.7,1,11.0595797,76.9232551,2.34,129.6,11.0593092,76.9235564,0.00,22.49,
124.67,dr,11.0596318,76.9232199,5.12,134.4,1,11.0595782,76.9232569,5.12,129.3,11.0593092,76.9235564,0.00,22.57,
124.77,dr,11.0596299,76.9232219,5.12,135.1,1,11.0595767,76.9232588,5.12,130.0,11.0593092,76.9235564,0.00,22.67,
124.87,dr,11.0596280,76.9232238,5.12,136.8,1,11.0595752,76.9232606,5.12,131.7,11.0593092,76.9235564,0.00,22.77,
124.97,dr,11.0596261,76.9232257,5.12,139.3,1,11.0595736,76.9232624,5.12,134.1,11.0593092,76.9235564,0.00,22.87,
125.07,dr,11.0596240,76.9232275,5.12,142.4,1,11.0595720,76.9232641,5.12,137.3,11.0593092,76.9235564,0.00,22.97,
125.17,dr,11.0596219,76.9232292,5.12,145.3,1,11.0595703,76.9232657,5.12,140.2,11.0593092,76.9235564,0.00,23.08,
125.27,dr,11.0596197,76.9232308,5.12,148.0,1,11.0595685,76.9232672,5.12,142.8,11.0593092,76.9235564,0.00,23.17,
125.37,dr,11.0596174,76.9232323,5.12,149.7,1,11.0595666,76.9232687,5.12,144.6,11.0593092,76.9235564,0.00,23.27,
125.47,dr,11.0596151,76.9232336,5.12,150.7,1,11.0595647,76.9232700,5.12,145.6,11.0593092,76.9235564,0.00,23.37,
125.58,dr,11.0596149,76.9232289,5.12,147.9,1,11.0595554,76.9232751,5.12,144.1,11.0593092,76.9235564,0.00,23.49,
125.67,dr,11.0596126,76.9232304,5.11,146.7,1,11.0595536,76.9232765,5.11,142.8,11.0593092,76.9235564,0.00,23.57,
125.77,dr,11.0596103,76.9232319,5.11,144.9,1,11.0595517,76.9232779,5.11,141.0,11.0593092,76.9235564,0.00,23.68,
125.87,dr,11.0596081,76.9232335,5.11,143.0,1,11.0595499,76.9232794,5.11,139.1,11.0593092,76.9235564,0.00,23.77,
125.97,dr,11.0596060,76.9232352,5.11,141.6,1,11.0595482,76.9232809,5.11,137.7,11.0593092,76.9235564,0.00,23.88,
126.07,dr,11.0596038,76.9232369,5.11,140.5,1,11.0595465,76.9232825,5.11,136.6,11.0593092,76.9235564,0.00,23.97,
126.17,dr,11.0596017,76.9232387,5.11,140.0,1,11.0595448,76.9232841,5.11,136.1,11.0593092,76.9235564,0.00,24.08,
126.27,dr,11.0595997,76.9232405,5.11,139.8,1,11.0595431,76.9232857,5.11,135.9,11.0593092,76.9235564,0.00,24.17,
126.37,dr,11.0595976,76.9232423,5.11,139.8,1,11.0595415,76.9232874,5.11,135.9,11.0593092,76.9235564,0.00,24.27,
126.47,dr,11.0595955,76.9232441,5.11,140.0,1,11.0595398,76.9232890,5.11,136.1,11.0593092,76.9235564,0.00,24.37,
126.58,dr,11.0595946,76.9232437,5.11,138.6,1,11.0595361,76.9232919,5.11,135.8,11.0593092,76.9235564,0.00,24.49,
126.67,dr,11.0595914,76.9232465,7.82,138.7,1,11.0595336,76.9232944,7.82,135.9,11.0593092,76.9235564,0.00,24.58,
126.76,dr,11.0595883,76.9232494,7.82,138.3,1,11.0595311,76.9232969,7.82,135.5,11.0593092,76.9235564,0.00,24.67,
126.87,dr,11.0595851,76.9232522,7.82,138.3,1,11.0595286,76.9232994,7.82,135.4,11.0593092,76.9235564,0.00,24.77,
126.97,dr,11.0595820,76.9232551,7.82,138.4,1,11.0595261,76.9233019,7.82,135.6,11.0593092,76.9235564,0.00,24.87,
127.07,dr,11.0595789,76.9232580,7.82,138.5,1,11.0595236,76.9233044,7.82,135.7,11.0593092,76.9235564,0.00,24.97,
127.17,dr,11.0595757,76.9232608,7.82,138.6,1,11.0595211,76.9233069,7.82,135.8,11.0593092,76.9235564,0.00,25.08,
127.27,dr,11.0595726,76.9232637,7.82,138.8,1,11.0595186,76.9233094,7.82,136.0,11.0593092,76.9235564,0.00,25.17,
127.37,dr,11.0595694,76.9232665,7.82,139.0,1,11.0595161,76.9233118,7.82,136.2,11.0593092,76.9235564,0.00,25.27,
127.47,dr,11.0595663,76.9232694,7.82,139.0,1,11.0595135,76.9233143,7.82,136.2,11.0593092,76.9235564,0.00,25.37,
127.58,dr,11.0595652,76.9232707,7.82,137.4,1,11.0595101,76.9233175,7.82,136.0,11.0593092,76.9235564,0.00,25.49,
127.67,dr,11.0595618,76.9232739,8.36,137.2,1,11.0595074,76.9233202,8.36,135.8,11.0593092,76.9235564,0.00,25.57,
127.77,dr,11.0595585,76.9232770,8.36,137.1,1,11.0595048,76.9233228,8.36,135.7,11.0593092,76.9235564,0.00,25.67,
127.87,dr,11.0595552,76.9232802,8.36,137.1,1,11.0595021,76.9233255,8.36,135.6,11.0593092,76.9235564,0.00,25.78,
127.97,dr,11.0595519,76.9232834,8.36,137.0,1,11.0594994,76.9233282,8.36,135.6,11.0593092,76.9235564,0.00,25.87,
128.07,dr,11.0595485,76.9232866,8.36,137.0,1,11.0594968,76.9233308,8.36,135.6,11.0593092,76.9235564,0.00,25.97,
128.17,dr,11.0595452,76.9232898,8.36,137.3,1,11.0594941,76.9233335,8.36,135.9,11.0593092,76.9235564,0.00,26.08,
128.27,dr,11.0595419,76.9232929,8.36,137.5,1,11.0594914,76.9233361,8.36,136.2,11.0593092,76.9235564,0.00,26.17,
128.37,dr,11.0595385,76.9232961,8.36,138.0,1,11.0594888,76.9233388,8.36,136.6,11.0593092,76.9235564,0.00,26.27,
128.47,dr,11.0595352,76.9232992,8.36,137.7,1,11.0594861,76.9233414,8.36,136.3,11.0593092,76.9235564,0.00,26.37,
128.58,dr,11.0595342,76.9233023,8.36,135.9,1,11.0594829,76.9233447,8.36,136.0,11.0593092,76.9235564,0.00,26.49,
128.67,dr,11.0595306,76.9233058,9.07,136.5,1,11.0594800,76.9233476,9.07,136.6,11.0593092,76.9235564,0.00,26.57,
128.77,dr,11.0595270,76.9233094,9.07,136.5,1,11.0594770,76.9233504,9.07,136.6,11.0593092,76.9235564,0.00,26.67,
128.87,dr,11.0595234,76.9233129,9.07,136.4,1,11.0594741,76.9233533,9.07,136.5,11.0593092,76.9235564,0.00,26.77,
128.97,dr,11.0595198,76.9233164,9.07,136.5,1,11.0594712,76.9233561,9.07,136.7,11.0593092,76.9235564,0.00,26.88,
129.07,dr,11.0595162,76.9233199,9.07,136.6,1,11.0594682,76.9233589,9.07,136.8,11.0593092,76.9235564,0.00,26.97,
129.17,dr,11.0595126,76.9233234,9.07,136.9,1,11.0594653,76.9233618,9.07,137.0,11.0593092,76.9235564,0.00,27.08,
129.27,dr,11.0595089,76.9233269,9.07,137.0,1,11.0594624,76.9233646,9.07,137.2,11.0593092,76.9235564,0.00,27.17,
129.37,dr,11.0595053,76.9233304,9.07,137.3,1,11.0594594,76.9233674,9.07,137.5,11.0593092,76.9235564,0.00,27.27,
129.47,dr,11.0595016,76.9233338,9.07,137.5,1,11.0594564,76.9233702,9.07,137.8,11.0593092,76.9235564,0.00,27.38,
129.58,dr,11.0595013,76.9233389,9.07,135.8,1,11.0594531,76.9233740,9.07,137.7,11.0593092,76.9235564,0.00,27.49,
129.67,dr,11.0594980,76.9233422,8.22,135.9,1,11.0594503,76.9233765,8.22,137.7,11.0593092,76.9235564,0.00,27.57,
129.77,dr,11.0594947,76.9233454,8.22,135.7,1,11.0594476,76.9233791,8.22,137.6,11.0593092,76.9235564,0.00,27.67,
129.87,dr,11.0594914,76.9233487,8.22,136.0,1,11.0594449,76.9233816,8.22,137.9,11.0593092,76.9235564,0.00,27.77,
129.97,dr,11.0594881,76.9233520,8.22,136.1,1,11.0594422,76.9233841,8.22,138.1,11.0593092,76.9235564,0.00,27.87,
130.07,dr,11.0594848,76.9233552,8.22,136.2,1,11.0594394,76.9233867,8.22,138.1,11.0593092,76.9235564,0.00,27.97,
130.17,dr,11.0594815,76.9233584,8.22,136.2,1,11.0594367,76.9233892,8.22,138.2,11.0593092,76.9235564,0.00,28.08,
130.27,dr,11.0594782,76.9233617,8.22,136.4,1,11.0594340,76.9233917,8.22,138.4,11.0593092,76.9235564,0.00,28.17,
130.37,dr,11.0594749,76.9233649,8.22,136.2,1,11.0594312,76.9233942,8.22,138.2,11.0593092,76.9235564,0.00,28.27,
130.47,dr,11.0594716,76.9233681,8.22,136.1,1,11.0594285,76.9233967,8.22,138.1,11.0593092,76.9235564,0.00,28.37,
130.58,dr,11.0594704,76.9233745,8.22,134.0,1,11.0594255,76.9234004,8.22,137.2,11.0593092,76.9235564,0.00,28.49,
130.67,dr,11.0594678,76.9233772,6.38,134.4,1,11.0594234,76.9234024,6.38,137.7,11.0593092,76.9235564,0.00,28.57,
130.77,dr,11.0594653,76.9233798,6.38,134.4,1,11.0594213,76.9234043,6.38,137.7,11.0593092,76.9235564,0.00,28.67,
130.87,dr,11.0594628,76.9233825,6.38,134.3,1,11.0594191,76.9234063,6.38,137.6,11.0593092,76.9235564,0.00,28.77,
130.97,dr,11.0594602,76.9233851,6.38,134.0,1,11.0594170,76.9234083,6.38,137.4,11.0593092,76.9235564,0.00,28.87,
131.07,dr,11.0594577,76.9233877,6.38,134.3,1,11.0594149,76.9234103,6.38,137.6,11.0593092,76.9235564,0.00,28.98,
131.17,dr,11.0594552,76.9233904,6.38,134.4,1,11.0594128,76.9234122,6.38,137.8,11.0593092,76.9235564,0.00,29.08,
131.27,dr,11.0594527,76.9233930,6.38,134.7,1,11.0594107,76.9234142,6.38,138.1,11.0593092,76.9235564,0.00,29.17,
131.37,dr,11.0594501,76.9233956,6.38,135.0,1,11.0594086,76.9234162,6.38,138.4,11.0593092,76.9235564,0.00,29.27,
131.47,dr,11.0594476,76.9233982,6.38,135.1,1,11.0594064,76.9234181,6.38,138.6,11.0593092,76.9235564,0.00,29.37,
131.58,dr,11.0594483,76.9234036,6.38,133.9,1,11.0594040,76.9234217,6.38,138.5,11.0593092,76.9235564,0.00,29.48,
131.67,dr,11.0594448,76.9234073,8.82,134.1,1,11.0594010,76.9234244,8.82,138.7,11.0593092,76.9235564,0.00,29.57,
131.77,dr,11.0594412,76.9234109,8.82,134.5,1,11.0593980,76.9234271,8.82,139.1,11.0593092,76.9235564,0.00,29.68,
131.87,dr,11.0594377,76.9234146,8.82,134.7,1,11.0593950,76.9234297,8.82,139.4,11.0593092,76.9235564,0.00,29.77,
131.97,dr,11.0594342,76.9234182,8.82,135.0,1,11.0593920,76.9234324,8.82,139.7,11.0593092,76.9235564,0.00,29.87,
132.07,dr,11.0594306,76.9234219,8.82,135.2,1,11.0593890,76.9234350,8.82,140.0,11.0593092,76.9235564,0.00,29.97,
132.17,dr,11.0594270,76.9234255,8.82,135.4,1,11.0593859,76.9234376,8.82,140.2,11.0593092,76.9235564,0.00,30.08,
132.27,dr,11.0594234,76.9234291,8.82,135.3,1,11.0593829,76.9234402,8.82,140.1,11.0593092,76.9235564,0.00,30.17,
132.37,dr,11.0594198,76.9234327,8.82,135.3,1,11.0593798,76.9234428,8.82,140.2,11.0593092,76.9235564,0.00,30.27,
132.47,dr,11.0594162,76.9234363,8.82,135.0,1,11.0593768,76.9234454,8.82,139.9,11.0593092,76.9235564,0.00,30.37,
132.58,dr,11.0594159,76.9234427,8.82,133.7,1,11.0593724,76.9234511,8.82,139.5,11.0593092,76.9235564,0.00,30.48,
132.67,dr,11.0594128,76.9234459,7.74,133.6,1,11.0593697,76.9234534,7.74,139.3,11.0593092,76.9235564,0.00,30.57,
132.77,dr,11.0594097,76.9234492,7.74,133.5,1,11.0593670,76.9234558,7.74,139.3,11.0593092,76.9235564,0.00,30.67,
132.87,dr,11.0594067,76.9234525,7.74,133.5,1,11.0593644,76.9234582,7.74,139.3,11.0593092,76.9235564,0.00,30.77,
132.97,dr,11.0594036,76.9234558,7.74,133.5,1,11.0593617,76.9234605,7.74,139.3,11.0593092,76.9235564,0.00,30.87,
133.07,dr,11.0594005,76.9234590,7.74,133.7,1,11.0593590,76.9234629,7.74,139.6,11.0593092,76.9235564,0.00,30.97,
133.17,dr,11.0593974,76.9234623,7.74,133.7,1,11.0593563,76.9234652,7.74,139.7,11.0593092,76.9235564,0.00,31.08,
133.27,dr,11.0593943,76.9234656,7.74,133.9,1,11.0593536,76.9234676,7.74,139.9,11.0593092,76.9235564,0.00,31.17,
133.37,dr,11.0593913,76.9234688,7.74,134.2,1,11.0593509,76.9234699,7.74,140.2,11.0593092,76.9235564,0.00,31.27,
133.47,dr,11.0593881,76.9234721,7.74,134.3,1,11.0593482,76.9234722,7.74,140.3,11.0593092,76.9235564,0.00,31.37,
133.58,dr,11.0593878,76.9234775,7.74,133.5,1,11.0593459,76.9234766,7.74,139.9,11.0593092,76.9235564,0.00,31.48,
133.67,dr,11.0593846,76.9234809,8.04,133.5,1,11.0593431,76.9234790,8.04,140.0,11.0593092,76.9235564,0.00,31.57,
133.77,dr,11.0593814,76.9234843,8.04,133.6,1,11.0593403,76.9234814,8.04,140.1,11.0593092,76.9235564,0.00,31.67,
133.87,dr,11.0593782,76.9234876,8.04,133.4,1,11.0593375,76.9234838,8.04,140.0,11.0593092,76.9235564,0.00,31.77,
133.97,dr,11.0593750,76.9234911,8.04,133.4,1,11.0593347,76.9234862,8.04,140.0,11.0593092,76.9235564,0.00,31.87,
134.07,dr,11.0593718,76.9234945,8.04,133.4,1,11.0593319,76.9234887,8.04,140.0,11.0593092,76.9235564,0.00,31.97,
134.17,dr,11.0593687,76.9234979,8.04,133.3,1,11.0593291,76.9234911,8.04,140.0,11.0593092,76.9235564,0.00,32.08,
134.27,dr,11.0593655,76.9235013,8.04,133.4,1,11.0593263,76.9234935,8.04,140.1,11.0593092,76.9235564,0.00,32.17,
134.37,dr,11.0593623,76.9235047,8.04,133.6,1,11.0593235,76.9234959,8.04,140.4,11.0593092,76.9235564,0.00,32.27,
134.47,dr,11.0593591,76.9235081,8.04,133.6,1,11.0593207,76.9234983,8.04,140.4,11.0593092,76.9235564,0.00,32.37,
134.58,dr,11.0593582,76.9235130,8.04,133.3,1,11.0593185,76.9235030,8.04,140.2,11.0593092,76.9235564,0.00,32.48,
134.67,dr,11.0593546,76.9235169,9.12,133.4,1,11.0593153,76.9235057,9.12,140.4,11.0593092,76.9235564,0.00,32.58,
134.77,dr,11.0593510,76.9235207,9.12,133.6,1,11.0593121,76.9235085,9.12,140.6,11.0593092,76.9235564,0.00,32.67,
134.87,dr,11.0593474,76.9235246,9.12,133.9,1,11.0593089,76.9235112,9.12,140.9,11.0593092,76.9235564,0.00,32.77,
134.97,dr,11.0593437,76.9235284,9.12,134.1,1,11.0593057,76.9235139,9.12,141.2,11.0593092,76.9235564,0.00,32.87,
135.07,dr,11.0593401,76.9235322,9.12,134.3,1,11.0593024,76.9235165,9.12,141.4,11.0593092,76.9235564,0.00,32.97,
135.17,dr,11.0593364,76.9235360,9.12,134.4,1,11.0592992,76.9235192,9.12,141.6,11.0593092,76.9235564,0.00,33.08,
135.27,dr,11.0593328,76.9235397,9.12,134.5,1,11.0592959,76.9235218,9.12,141.7,11.0593092,76.9235564,0.00,33.17,
135.37,dr,11.0593291,76.9235435,9.12,134.8,1,11.0592926,76.9235245,9.12,142.0,11.0593092,76.9235564,0.00,33.27,
135.47,dr,11.0593254,76.9235473,9.12,135.0,1,11.0592893,76.9235271,9.12,142.3,11.0593092,76.9235564,0.00,33.37,
135.58,dr,11.0593243,76.9235520,9.12,134.5,1,11.0592872,76.9235324,9.12,141.7,11.0593092,76.9235564,0.00,33.48,
135.67,dr,11.0593207,76.9235556,8.86,134.5,1,11.0592841,76.9235350,8.86,141.8,11.0593092,76.9235564,0.00,33.57,
135.77,dr,11.0593171,76.9235593,8.86,134.5,1,11.0592809,76.9235375,8.86,141.8,11.0593092,76.9235564,0.00,33.67,
135.87,dr,11.0593136,76.9235630,8.86,134.5,1,11.0592777,76.9235401,8.86,141.9,11.0593092,76.9235564,0.00,33.77,
135.97,dr,11.0593100,76.9235666,8.86,134.5,1,11.0592745,76.9235427,8.86,141.9,11.0593092,76.9235564,0.00,33.87,
136.07,dr,11.0593064,76.9235703,8.86,134.4,1,11.0592713,76.9235452,8.86,141.8,11.0593092,76.9235564,0.00,33.97,
136.17,dr,11.0593029,76.9235740,8.86,134.3,1,11.0592681,76.9235478,8.86,141.8,11.0593092,76.9235564,0.00,34.08,
136.27,dr,11.0592993,76.9235777,8.86,134.5,1,11.0592649,76.9235504,8.86,142.0,11.0593092,76.9235564,0.00,34.17,
136.37,dr,11.0592958,76.9235813,8.86,134.3,1,11.0592618,76.9235529,8.86,141.8,11.0593092,76.9235564,0.00,34.27,
136.47,dr,11.0592922,76.9235850,8.86,134.3,1,11.0592586,76.9235555,8.86,142.0,11.0593092,76.9235564,0.00,34.37,
136.58,dr,11.0592908,76.9235891,8.86,134.3,1,11.0592574,76.9235603,8.86,141.7,11.0593092,76.9235564,0.00,34.48,
136.67,dr,11.0592877,76.9235924,7.78,134.4,1,11.0592547,76.9235625,7.78,141.8,11.0593092,76.9235564,0.00,34.57,
136.77,dr,11.0592846,76.9235956,7.78,134.5,1,11.0592518,76.9235648,7.78,142.0,11.0593092,76.9235564,0.00,34.67,
136.87,dr,11.0592814,76.9235988,7.78,134.7,1,11.0592490,76.9235670,7.78,142.2,11.0593092,76.9235564,0.00,34.77,
136.97,dr,11.0592783,76.9236020,7.78,134.7,1,11.0592462,76.9235692,7.78,142.2,11.0593092,76.9235564,0.00,34.87,
137.07,dr,11.0592752,76.9236052,7.78,134.4,1,11.0592434,76.9235715,7.78,142.0,11.0593092,76.9235564,0.00,34.97,
137.17,dr,11.0592721,76.9236085,7.78,134.2,1,11.0592406,76.9235737,7.78,141.9,11.0593092,76.9235564,0.00,35.08,
137.27,dr,11.0592689,76.9236117,7.78,134.0,1,11.0592378,76.9235760,7.78,141.7,11.0593092,76.9235564,0.00,35.17,
137.37,dr,11.0592658,76.9236149,7.78,133.9,1,11.0592350,76.9235782,7.78,141.7,11.0593092,76.9235564,0.00,35.27,
137.47,dr,11.0592628,76.9236182,7.78,134.1,1,11.0592322,76.9235805,7.78,141.9,11.0593092,76.9235564,0.00,35.37,
137.58,dr,11.0592616,76.9236213,7.78,134.0,1,11.0592322,76.9235845,7.78,141.5,11.0593092,76.9235564,0.00,35.48,
137.67,dr,11.0592586,76.9236245,7.61,134.1,1,11.0592294,76.9235867,7.61,141.7,11.0593092,76.9235564,0.00,35.57,
137.77,dr,11.0592556,76.9236276,7.61,134.2,1,11.0592267,76.9235889,7.61,141.8,11.0593092,76.9235564,0.00,35.67,
137.87,dr,11.0592525,76.9236308,7.61,134.1,1,11.0592240,76.9235911,7.61,141.8,11.0593092,76.9235564,0.00,35.77,
137.97,dr,11.0592495,76.9236339,7.61,134.1,1,11.0592212,76.9235934,7.61,141.8,11.0593092,76.9235564,0.00,35.87,
138.07,dr,11.0592465,76.9236371,7.61,134.1,1,11.0592185,76.9235956,7.61,141.8,11.0593092,76.9235564,0.00,35.97,
138.17,dr,11.0592435,76.9236402,7.61,134.1,1,11.0592158,76.9235978,7.61,141.9,11.0593092,76.9235564,0.00,36.08,
138.27,dr,11.0592405,76.9236434,7.61,134.0,1,11.0592130,76.9236000,7.61,141.8,11.0593092,76.9235564,0.00,36.17,
138.37,dr,11.0592375,76.9236466,7.61,134.0,1,11.0592103,76.9236022,7.61,141.8,11.0593092,76.9235564,0.00,36.27,
138.47,dr,11.0592345,76.9236497,7.61,133.9,1,11.0592075,76.9236044,7.61,141.7,11.0593092,76.9235564,0.00,36.37,
138.58,dr,11.0592332,76.9236525,7.61,133.6,1,11.0592094,76.9236065,7.61,141.2,11.0593092,76.9235564,0.00,36.48,
138.67,dr,11.0592306,76.9236552,6.65,133.5,1,11.0592071,76.9236085,6.65,141.1,11.0593092,76.9235564,0.00,36.57,
138.77,dr,11.0592280,76.9236580,6.65,133.3,1,11.0592047,76.9236104,6.65,141.0,11.0593092,76.9235564,0.00,36.67,
138.87,dr,11.0592254,76.9236608,6.65,133.1,1,11.0592024,76.9236124,6.65,140.8,11.0593092,76.9235564,0.00,36.77,
138.97,dr,11.0592229,76.9236636,6.65,132.9,1,11.0592000,76.9236143,6.65,140.6,11.0593092,76.9235564,0.00,36.87,
139.07,dr,11.0592203,76.9236664,6.65,132.6,1,11.0591977,76.9236163,6.65,140.3,11.0593092,76.9235564,0.00,36.97,
139.17,dr,11.0592178,76.9236692,6.65,132.5,1,11.0591953,76.9236183,6.65,140.4,11.0593092,76.9235564,0.00,37.08,
139.27,dr,11.0592152,76.9236720,6.65,132.4,1,11.0591930,76.9236203,6.65,140.3,11.0593092,76.9235564,0.00,37.17,
139.37,dr,11.0592127,76.9236748,6.65,132.4,1,11.0591907,76.9236222,6.65,140.4,11.0593092,76.9235564,0.00,37.27,
139.47,dr,11.0592102,76.9236776,6.65,132.6,1,11.0591883,76.9236242,6.65,140.6,11.0593092,76.9235564,0.00,37.37,
139.58,dr,11.0592091,76.9236798,6.65,132.5,1,11.0591901,76.9236264,6.65,140.3,11.0593092,76.9235564,0.00,37.48,
139.67,dr,11.0592065,76.9236827,6.81,132.9,1,11.0591877,76.9236284,6.81,140.6,11.0593092,76.9235564,0.00,37.57,
139.77,dr,11.0592039,76.9236855,6.81,133.1,1,11.0591853,76.9236304,6.81,140.9,11.0593092,76.9235564,0.00,37.67,
139.87,dr,11.0592012,76.9236883,6.81,133.4,1,11.0591829,76.9236324,6.81,141.2,11.0593092,76.9235564,0.00,37.77,
139.97,dr,11.0591986,76.9236912,6.81,133.6,1,11.0591805,76.9236344,6.81,141.5,11.0593092,76.9235564,0.00,37.87,
140.07,dr,11.0591960,76.9236940,6.81,133.9,1,11.0591781,76.9236364,6.81,141.9,11.0593092,76.9235564,0.00,37.97,
140.17,dr,11.0591933,76.9236968,6.81,134.1,1,11.0591756,76.9236383,6.81,142.1,11.0593092,76.9235564,0.00,38.08,
140.27,dr,11.0591906,76.9236996,6.81,134.2,1,11.0591732,76.9236403,6.81,142.2,11.0593092,76.9235564,0.00,38.17,
140.37,dr,11.0591880,76.9237024,6.81,134.2,1,11.0591707,76.9236422,6.81,142.3,11.0593092,76.9235564,0.00,38.27,
140.47,dr,11.0591853,76.9237051,6.81,134.3,1,11.0591683,76.9236441,6.81,142.4,11.0593092,76.9235564,0.00,38.37,
140.57,dr,11.0591851,76.9237067,6.81,134.3,1,11.0591700,76.9236465,6.81,142.1,11.0593092,76.9235564,0.00,38.48,
140.67,dr,11.0591821,76.9237098,7.58,134.0,1,11.0591673,76.9236486,7.58,141.9,11.0593092,76.9235564,0.00,38.57,
140.77,dr,11.0591792,76.9237129,7.58,134.0,1,11.0591647,76.9236508,7.58,142.0,11.0593092,76.9235564,0.00,38.67,
140.87,dr,11.0591762,76.9237160,7.58,134.0,1,11.0591620,76.9236530,7.58,142.0,11.0593092,76.9235564,0.00,38.77,
140.97,dr,11.0591733,76.9237191,7.58,134.2,1,11.0591593,76.9236551,7.58,142.2,11.0593092,76.9235564,0.00,38.87,
141.07,dr,11.0591703,76.9237221,7.58,134.3,1,11.0591566,76.9236573,7.58,142.4,11.0593092,76.9235564,0.00,38.97,
141.17,dr,11.0591673,76.9237252,7.58,134.5,1,11.0591539,76.9236594,7.58,142.6,11.0593092,76.9235564,0.00,39.08,
141.27,dr,11.0591643,76.9237283,7.58,134.5,1,11.0591511,76.9236615,7.58,142.6,11.0593092,76.9235564,0.00,39.17,
141.37,dr,11.0591614,76.9237314,7.58,134.3,1,11.0591484,76.9236637,7.58,142.5,11.0593092,76.9235564,0.00,39.27,
141.47,dr,11.0591584,76.9237345,7.58,134.2,1,11.0591457,76.9236658,7.58,142.4,11.0593092,76.9235564,0.00,39.37,
141.57,dr,11.0591581,76.9237361,7.58,133.8,1,11.0591474,76.9236681,7.58,141.8,11.0593092,76.9235564,0.00,39.48,
141.67,dr,11.0591552,76.9237391,7.41,133.7,1,11.0591448,76.9236702,7.41,141.7,11.0593092,76.9235564,0.00,39.58,
141.77,dr,11.0591524,76.9237422,7.41,133.7,1,11.0591422,76.9236723,7.41,141.7,11.0593092,76.9235564,0.00,39.67,
141.87,dr,11.0591495,76.9237452,7.41,133.5,1,11.0591396,76.9236744,7.41,141.6,11.0593092,76.9235564,0.00,39.78,
141.97,dr,11.0591466,76.9237483,7.41,133.2,1,11.0591370,76.9236766,7.41,141.4,11.0593092,76.9235564,0.00,39.87,
142.07,dr,11.0591438,76.9237514,7.41,133.3,1,11.0591344,76.9236787,7.41,141.4,11.0593092,76.9235564,0.00,39.97,
142.17,dr,11.0591409,76.9237545,7.41,133.0,1,11.0591318,76.9236808,7.41,141.2,11.0593092,76.9235564,0.00,40.08,
142.27,dr,11.0591381,76.9237575,7.41,132.8,1,11.0591292,76.9236829,7.41,141.0,11.0593092,76.9235564,0.00,40.17,
142.37,dr,11.0591353,76.9237606,7.41,132.8,1,11.0591266,76.9236851,7.41,141.1,11.0593092,76.9235564,0.00,40.27,
142.47,dr,11.0591324,76.9237637,7.41,132.7,1,11.0591240,76.9236872,7.41,141.1,11.0593092,76.9235564,0.00,40.37,
142.58,dr,11.0591321,76.9237653,7.41,132.6,1,11.0591267,76.9236885,7.41,140.7,11.0593092,76.9235564,0.00,40.49,
142.67,dr,11.0591295,76.9237682,6.95,132.6,1,11.0591244,76.9236905,6.95,140.7,11.0593092,76.9235564,0.00,40.57,
142.77,dr,11.0591269,76.9237711,6.95,133.1,1,11.0591220,76.9236925,6.95,141.3,11.0593092,76.9235564,0.00,40.67,
142.87,dr,11.0591242,76.9237740,6.95,133.5,1,11.0591196,76.9236945,6.95,141.8,11.0593092,76.9235564,0.00,40.77,
142.97,dr,11.0591216,76.9237768,6.95,133.8,1,11.0591171,76.9236964,6.95,142.1,11.0593092,76.9235564,0.00,40.87,
143.07,dr,11.0591189,76.9237796,6.95,134.1,1,11.0591147,76.9236984,6.95,142.5,11.0593092,76.9235564,0.00,40.97,
143.17,dr,11.0591162,76.9237825,6.95,134.3,1,11.0591123,76.9237003,6.95,142.7,11.0593092,76.9235564,0.00,41.08,
143.27,dr,11.0591135,76.9237853,6.95,134.3,1,11.0591098,76.9237022,6.95,142.7,11.0593092,76.9235564,0.00,41.17,
143.37,dr,11.0591108,76.9237881,6.95,134.2,1,11.0591074,76.9237041,6.95,142.7,11.0593092,76.9235564,0.00,41.27,
143.47,dr,11.0591081,76.9237909,6.95,134.3,1,11.0591049,76.9237060,6.95,142.7,11.0593092,76.9235564,0.00,41.37,
143.57,dr,11.0591089,76.9237918,6.95,134.3,1,11.0591082,76.9237070,6.95,142.5,11.0593092,76.9235564,0.00,41.48,
143.67,dr,11.0591055,76.9237953,8.90,134.6,1,11.0591050,76.9237094,8.90,142.8,11.0593092,76.9235564,0.00,41.57,
143.77,dr,11.0591020,76.9237989,8.90,134.9,1,11.0591019,76.9237119,8.90,143.2,11.0593092,76.9235564,0.00,41.67,
143.87,dr,11.0590986,76.9238024,8.90,135.3,1,11.0590987,76.9237143,8.90,143.7,11.0593092,76.9235564,0.00,41.77,
143.97,dr,11.0590951,76.9238059,8.90,135.6,1,11.0590956,76.9237167,8.90,144.1,11.0593092,76.9235564,0.00,41.87,
144.07,dr,11.0590915,76.9238094,8.90,136.0,1,11.0590924,76.9237190,8.90,144.5,11.0593092,76.9235564,0.00,41.97,
144.17,dr,11.0590880,76.9238129,8.90,137.0,1,11.0590892,76.9237214,8.90,145.5,11.0593092,76.9235564,0.00,42.08,
144.27,dr,11.0590844,76.9238163,8.90,137.8,1,11.0590859,76.9237237,8.90,146.4,11.0593092,76.9235564,0.00,42.17,
144.37,dr,11.0590807,76.9238196,8.90,138.7,1,11.0590826,76.9237259,8.90,147.3,11.0593092,76.9235564,0.00,42.27,
144.47,dr,11.0590770,76.9238229,8.90,139.5,1,11.0590793,76.9237281,8.90,148.1,11.0593092,76.9235564,0.00,42.37,
144.57,dr,11.0590798,76.9238232,8.90,140.0,1,11.0590824,76.9237294,8.90,148.5,11.0593092,76.9235564,0.00,42.48,
144.67,dr,11.0590758,76.9238267,9.68,141.0,1,11.0590787,76.9237317,9.68,149.5,11.0593092,76.9235564,0.00,42.57,
144.77,dr,11.0590716,76.9238301,9.68,142.3,1,11.0590751,76.9237339,9.68,150.8,11.0593092,76.9235564,0.00,42.67,
144.87,dr,11.0590674,76.9238334,9.68,143.2,1,11.0590714,76.9237360,9.68,151.7,11.0593092,76.9235564,0.00,42.77,
144.97,dr,11.0590632,76.9238366,9.68,144.5,1,11.0590676,76.9237381,9.68,153.0,11.0593092,76.9235564,0.00,42.87,
145.07,dr,11.0590589,76.9238397,9.68,145.3,1,11.0590639,76.9237401,9.68,153.9,11.0593092,76.9235564,0.00,42.97,
145.17,dr,11.0590545,76.9238428,9.68,146.7,1,11.0590600,76.9237420,9.68,155.3,11.0593092,76.9235564,0.00,43.08,
145.27,dr,11.0590501,76.9238457,9.68,146.8,1,11.0590562,76.9237438,9.68,155.5,11.0593092,76.9235564,0.00,43.17,
145.37,dr,11.0590456,76.9238487,9.68,147.3,1,11.0590523,76.9237456,9.68,156.1,11.0593092,76.9235564,0.00,43.27,
145.47,dr,11.0590411,76.9238516,9.68,144.0,1,11.0590484,76.9237474,9.68,152.8,11.0593092,76.9235564,0.00,43.37,
145.57,dr,11.0590476,76.9238501,9.68,146.9,1,11.0590536,76.9237474,9.68,155.6,11.0593092,76.9235564,0.00,43.48,
145.67,dr,11.0590440,76.9238525,8.01,144.3,1,11.0590504,76.9237488,8.01,153.0,11.0593092,76.9235564,0.00,43.58,
145.77,dr,11.0590404,76.9238551,8.01,147.7,1,11.0590473,76.9237504,8.01,156.5,11.0593092,76.9235564,0.00,43.67,
145.87,dr,11.0590368,76.9238574,8.01,150.3,1,11.0590441,76.9237519,8.01,159.2,11.0593092,76.9235564,0.00,43.77,
145.97,dr,11.0590330,76.9238596,8.01,151.6,1,11.0590409,76.9237531,8.01,160.4,11.0593092,76.9235564,0.00,43.87,
146.07,dr,11.0590291,76.9238617,8.01,153.8,1,11.0590376,76.9237543,8.01,162.7,11.0593092,76.9235564,0.00,43.97,
146.17,dr,11.0590252,76.9238636,8.01,155.3,1,11.0590343,76.9237554,8.01,164.3,11.0593092,76.9235564,0.00,44.08,
146.27,dr,11.0590213,76.9238655,8.01,156.3,1,11.0590310,76.9237563,8.01,165.3,11.0593092,76.9235564,0.00,44.17,
146.37,dr,11.0590173,76.9238672,8.01,156.8,1,11.0590276,76.9237572,8.01,165.9,11.0593092,76.9235564,0.00,44.28,
146.47,dr,11.0590133,76.9238690,8.01,159.3,1,11.0590243,76.9237581,8.01,168.4,11.0593092,76.9235564,0.00,44.37,
146.57,dr,11.0590235,76.9238659,8.01,161.0,1,11.0590262,76.9237580,8.01,170.5,11.0593092,76.9235564,0.00,44.48,
146.67,dr,11.0590192,76.9238674,8.57,162.6,1,11.0590226,76.9237586,8.57,172.1,11.0593092,76.9235564,0.00,44.57,
146.77,dr,11.0590148,76.9238688,8.57,164.3,1,11.0590189,76.9237591,8.57,173.8,11.0593092,76.9235564,0.00,44.68,
146.87,dr,11.0590104,76.9238700,8.57,165.8,1,11.0590153,76.9237596,8.57,175.4,11.0593092,76.9235564,0.00,44.77,
146.97,dr,11.0590060,76.9238712,8.57,167.1,1,11.0590116,76.9237599,8.57,176.7,11.0593092,76.9235564,0.00,44.87,
147.07,dr,11.0590015,76.9238722,8.57,168.0,1,11.0590079,76.9237601,8.57,177.7,11.0593092,76.9235564,0.00,44.97,
147.17,dr,11.0589970,76.9238731,8.57,169.2,1,11.0590042,76.9237603,8.57,178.9,11.0593092,76.9235564,0.00,45.08,
147.27,dr,11.0589925,76.9238740,8.57,170.3,1,11.0590005,76.9237603,8.57,180.0,11.0593092,76.9235564,0.00,45.17,
147.37,dr,11.0589880,76.9238748,8.57,171.5,1,11.0589969,76.9237603,8.57,181.3,11.0593092,76.9235564,0.00,45.27,
147.47,dr,11.0589834,76.9238755,8.57,173.0,1,11.0589932,76.9237603,8.57,182.8,11.0593092,76.9235564,0.00,45.38,
147.57,dr,11.0589868,76.9238742,8.57,173.5,1,11.0589925,76.9237579,8.57,183.9,11.0593092,76.9235564,0.00,45.48,
147.67,dr,11.0589823,76.9238747,8.64,175.2,1,11.0589888,76.9237577,8.64,185.6,11.0593092,76.9235564,0.00,45.57,
147.77,dr,11.0589777,76.9238751,8.64,176.5,1,11.0589851,76.9237573,8.64,186.9,11.0593092,76.9235564,0.00,45.67,
147.87,dr,11.0589731,76.9238754,8.64,177.7,1,11.0589814,76.9237569,8.64,188.2,11.0593092,76.9235564,0.00,45.77,
147.97,dr,11.0589686,76.9238755,8.64,178.9,1,11.0589778,76.9237563,8.64,189.5,11.0593092,76.9235564,0.00,45.87,
148.07,dr,11.0589640,76.9238756,8.64,179.8,1,11.0589741,76.9237557,8.64,190.3,11.0593092,76.9235564,0.00,45.97,
148.17,dr,11.0589594,76.9238756,8.64,180.3,1,11.0589705,76.9237551,8.64,190.9,11.0593092,76.9235564,0.00,46.08,
148.27,dr,11.0589548,76.9238756,8.64,180.2,1,11.0589669,76.9237544,8.64,190.8,11.0593092,76.9235564,0.00,46.17,
148.37,dr,11.0589502,76.9238756,8.64,178.8,1,11.0589632,76.9237537,8.64,189.5,11.0593092,76.9235564,0.00,46.28,
148.47,dr,11.0589457,76.9238756,8.64,178.0,1,11.0589596,76.9237531,8.64,188.7,11.0593092,76.9235564,0.00,46.37,
148.57,dr,11.0589474,76.9238740,8.64,177.1,1,11.0589611,76.9237483,8.64,188.2,11.0593092,76.9235564,0.00,46.48,
148.67,dr,11.0589427,76.9238742,9.00,176.7,1,11.0589574,76.9237478,9.00,187.8,11.0593092,76.9235564,0.00,46.57,
148.77,dr,11.0589380,76.9238745,9.00,176.0,1,11.0589536,76.9237473,9.00,187.2,11.0593092,76.9235564,0.00,46.67,
148.87,dr,11.0589333,76.9238748,9.00,175.3,1,11.0589498,76.9237468,9.00,186.5,11.0593092,76.9235564,0.00,46.77,
148.97,dr,11.0589286,76.9238752,9.00,174.8,1,11.0589460,76.9237464,9.00,186.0,11.0593092,76.9235564,0.00,46.87,
149.07,dr,11.0589239,76.9238756,9.00,174.4,1,11.0589422,76.9237460,9.00,185.6,11.0593092,76.9235564,0.00,46.98,
149.17,dr,11.0589192,76.9238760,9.00,173.8,1,11.0589384,76.9237456,9.00,185.1,11.0593092,76.9235564,0.00,47.08,
149.27,dr,11.0589145,76.9238765,9.00,173.4,1,11.0589346,76.9237453,9.00,184.7,11.0593092,76.9235564,0.00,47.17,
149.37,dr,11.0589098,76.9238771,9.00,173.2,1,11.0589308,76.9237450,9.00,184.6,11.0593092,76.9235564,0.00,47.27,
149.47,dr,11.0589051,76.9238776,9.00,172.4,1,11.0589270,76.9237447,9.00,183.8,11.0593092,76.9235564,0.00,47.37,
149.57,dr,11.0589180,76.9238711,9.00,171.1,1,11.0589303,76.9237394,9.00,183.1,11.0593092,76.9235564,0.00,47.48,
149.67,dr,11.0589131,76.9238718,9.77,171.1,1,11.0589262,76.9237392,9.77,183.1,11.0593092,76.9235564,0.00,47.57,
149.77,dr,11.0589082,76.9238726,9.77,171.0,1,11.0589221,76.9237390,9.77,183.1,11.0593092,76.9235564,0.00,47.67,
149.87,dr,11.0589033,76.9238733,9.77,170.6,1,11.0589180,76.9237388,9.77,182.7,11.0593092,76.9235564,0.00,47.77,
149.97,dr,11.0588984,76.9238741,9.77,169.6,1,11.0589139,76.9237386,9.77,181.7,11.0593092,76.9235564,0.00,47.87,
150.07,dr,11.0588935,76.9238750,9.77,169.9,1,11.0589098,76.9237384,9.77,182.2,11.0593092,76.9235564,0.00,47.97,
150.17,dr,11.0588886,76.9238759,9.77,170.0,1,11.0589058,76.9237383,9.77,182.3,11.0593092,76.9235564,0.00,48.08,
150.27,dr,11.0588837,76.9238767,9.77,170.5,1,11.0589017,76.9237381,9.77,182.9,11.0593092,76.9235564,0.00,48.17,
150.37,dr,11.0588788,76.9238775,9.77,172.2,1,11.0588976,76.9237379,9.77,184.5,11.0593092,76.9235564,0.00,48.27,
150.47,dr,11.0588738,76.9238782,9.77,173.3,1,11.0588935,76.9237376,9.77,185.7,11.0593092,76.9235564,0.00,48.37,
150.57,dr,11.0588839,76.9238715,9.77,173.5,1,11.0588996,76.9237299,9.77,186.3,11.0593092,76.9235564,0.00,48.48,
150.67,dr,11.0588787,76.9238721,10.53,174.0,1,11.0588953,76.9237294,10.53,186.9,11.0593092,76.9235564,0.00,48.57,
150.77,dr,11.0588735,76.9238726,10.53,174.0,1,11.0588910,76.9237289,10.53,186.9,11.0593092,76.9235564,0.00,48.67,
150.87,dr,11.0588683,76.9238731,10.53,173.9,1,11.0588866,76.9237284,10.53,186.9,11.0593092,76.9235564,0.00,48.77,
150.97,dr,11.0588630,76.9238736,10.53,173.5,1,11.0588823,76.9237279,10.53,186.5,11.0593092,76.9235564,0.00,48.88,
151.07,dr,11.0588578,76.9238742,10.53,173.1,1,11.0588780,76.9237274,10.53,186.2,11.0593092,76.9235564,0.00,48.97,
151.17,dr,11.0588526,76.9238748,10.53,172.9,1,11.0588736,76.9237269,10.53,186.1,11.0593092,76.9235564,0.00,49.08,
151.27,dr,11.0588474,76.9238754,10.53,172.6,1,11.0588693,76.9237264,10.53,185.8,11.0593092,76.9235564,0.00,49.17,
151.37,dr,11.0588422,76.9238761,10.53,172.1,1,11.0588649,76.9237260,10.53,185.3,11.0593092,76.9235564,0.00,49.27,
151.47,dr,11.0588369,76.9238767,10.53,170.4,1,11.0588606,76.9237256,10.53,183.7,11.0593092,76.9235564,0.00,49.37,
151.57,dr,11.0588609,76.9238623,10.53,170.5,1,11.0588685,76.9237169,10.53,184.2,11.0593092,76.9235564,0.00,49.48,
151.67,dr,11.0588561,76.9238630,10.30,169.4,1,11.0588643,76.9237166,10.30,183.2,11.0593092,76.9235564,0.00,49.57,
151.77,dr,11.0588513,76.9238639,10.30,169.0,1,11.0588601,76.9237164,10.30,182.8,11.0593092,76.9235564,0.00,49.67,
151.87,dr,11.0588465,76.9238648,10.30,168.6,1,11.0588560,76.9237162,10.30,182.4,11.0593092,76.9235564,0.00,49.77,
151.97,dr,11.0588416,76.9238657,10.30,167.2,1,11.0588518,76.9237160,10.30,181.1,11.0593092,76.9235564,0.00,49.87,
152.07,dr,11.0588368,76.9238667,10.30,168.0,1,11.0588476,76.9237159,10.30,182.0,11.0593092,76.9235564,0.00,49.98,
152.17,dr,11.0588320,76.9238677,10.30,167.5,1,11.0588434,76.9237158,10.30,181.5,11.0593092,76.9235564,0.00,50.08,
152.27,dr,11.0588272,76.9238687,10.30,166.1,1,11.0588392,76.9237157,10.30,180.1,11.0593092,76.9235564,0.00,50.17,
152.37,dr,11.0588224,76.9238698,10.30,166.7,1,11.0588351,76.9237157,10.30,180.7,11.0593092,76.9235564,0.00,50.27,
152.47,dr,11.0588176,76.9238709,10.30,168.0,1,11.0588309,76.9237156,10.30,182.2,11.0593092,76.9235564,0.00,50.37,
152.57,dr,11.0588692,76.9238395,10.30,166.3,1,11.0588367,76.9237094,10.30,180.9,11.0593092,76.9235564,0.00,50.48,
152.67,dr,11.0588643,76.9238405,11.48,165.7,1,11.0588321,76.9237093,11.48,180.4,11.0593092,76.9235564,0.00,50.57,
152.77,dr,11.0588595,76.9238416,11.48,164.7,1,11.0588275,76.9237092,11.48,179.4,11.0593092,76.9235564,0.00,50.68,
152.87,dr,11.0588546,76.9238428,11.48,162.3,1,11.0588229,76.9237093,11.48,177.0,11.0593092,76.9235564,0.00,50.77,
152.97,dr,11.0588498,76.9238442,11.48,161.8,1,11.0588182,76.9237095,11.48,176.5,11.0593092,76.9235564,0.00,50.87,
153.07,dr,11.0588451,76.9238456,11.48,161.1,1,11.0588136,76.9237098,11.48,175.9,11.0593092,76.9235564,0.00,50.98,
153.17,dr,11.0588403,76.9238471,11.48,160.9,1,11.0588090,76.9237101,11.48,175.7,11.0593092,76.9235564,0.00,51.08,
153.27,dr,11.0588355,76.9238486,11.48,160.8,1,11.0588044,76.9237104,11.48,175.7,11.0593092,76.9235564,0.00,51.17,
153.37,dr,11.0588308,76.9238501,11.48,161.0,1,11.0587997,76.9237108,11.48,176.0,11.0593092,76.9235564,0.00,51.27,
153.47,dr,11.0588260,76.9238516,11.48,161.4,1,11.0587951,76.9237111,11.48,176.4,11.0593092,76.9235564,0.00,51.38,
153.57,dr,11.0589196,76.9237906,11.48,161.6,1,11.0588002,76.9237063,11.48,177.1,11.0593092,76.9235564,0.00,51.48,
153.67,dr,11.0589156,76.9237917,11.08,161.9,1,11.0587958,76.9237065,11.08,177.4,11.0593092,76.9235564,0.00,51.57,
153.77,dr,11.0589117,76.9237926,11.08,161.8,1,11.0587913,76.9237067,11.08,177.3,11.0593092,76.9235564,0.00,51.67,
153.87,dr,11.0589077,76.9237936,11.08,161.2,1,11.0587869,76.9237069,11.08,176.8,11.0593092,76.9235564,0.00,51.77,
153.97,dr,11.0589037,76.9237947,11.08,160.4,1,11.0587825,76.9237071,11.08,176.1,11.0593092,76.9235564,0.00,51.87,
154.07,dr,11.0588997,76.9237957,11.08,159.7,1,11.0587781,76.9237074,11.08,175.4,11.0593092,76.9235564,0.00,51.97,
154.17,dr,11.0588957,76.9237968,11.08,159.3,1,11.0587736,76.9237077,11.08,175.0,11.0593092,76.9235564,0.00,52.08,
154.27,dr,11.0588918,76.9237979,11.08,159.2,1,11.0587692,76.9237081,11.08,174.9,11.0593092,76.9235564,0.00,52.17,
154.37,dr,11.0588878,76.9237990,11.08,159.3,1,11.0587648,76.9237085,11.08,175.1,11.0593092,76.9235564,0.00,52.27,
154.47,dr,11.0588837,76.9238001,11.08,159.4,1,11.0587604,76.9237088,11.08,175.2,11.0593092,76.9235564,0.00,52.37,
154.57,dr,11.0589851,76.9237245,11.08,159.3,1,11.0587690,76.9237027,11.08,175.3,11.0593092,76.9235564,0.00,52.48,
154.67,dr,11.0589816,76.9237251,10.77,159.3,1,11.0587648,76.9237030,10.77,175.2,11.0593092,76.9235564,0.00,52.57,
154.77,dr,11.0589781,76.9237256,10.77,159.1,1,11.0587606,76.9237033,10.77,175.1,11.0593092,76.9235564,0.00,52.67,
154.87,dr,11.0589745,76.9237262,10.77,158.8,1,11.0587564,76.9237036,10.77,174.8,11.0593092,76.9235564,0.00,52.77,
154.97,dr,11.0589710,76.9237267,10.77,158.6,1,11.0587522,76.9237039,10.77,174.6,11.0593092,76.9235564,0.00,52.87,
155.07,dr,11.0589674,76.9237273,10.77,158.5,1,11.0587480,76.9237043,10.77,174.5,11.0593092,76.9235564,0.00,52.97,
155.17,dr,11.0589638,76.9237278,10.77,158.4,1,11.0587437,76.9237046,10.77,174.4,11.0593092,76.9235564,0.00,53.08,
155.27,dr,11.0589601,76.9237283,10.77,158.4,1,11.0587395,76.9237050,10.77,174.4,11.0593092,76.9235564,0.00,53.17,
155.37,dr,11.0589564,76.9237288,10.77,158.3,1,11.0587353,76.9237053,10.77,174.4,11.0593092,76.9235564,0.00,53.27,
155.47,dr,11.0589527,76.9237293,10.77,158.3,1,11.0587310,76.9237057,10.77,174.4,11.0593092,76.9235564,0.00,53.37,
155.57,dr,11.0590215,76.9236614,10.77,158.6,1,11.0587434,76.9236980,10.77,174.5,11.0593092,76.9235564,0.00,53.48,
155.67,dr,11.0590180,76.9236614,9.77,158.6,1,11.0587396,76.9236983,9.77,174.6,11.0593092,76.9235564,0.00,53.57,
155.77,dr,11.0590143,76.9236613,9.77,158.7,1,11.0587358,76.9236986,9.77,174.7,11.0593092,76.9235564,0.00,53.68,
155.87,dr,11.0590107,76.9236613,9.77,158.8,1,11.0587320,76.9236989,9.77,174.7,11.0593092,76.9235564,0.00,53.77,
155.97,dr,11.0590069,76.9236612,9.77,158.9,1,11.0587282,76.9236992,9.77,174.8,11.0593092,76.9235564,0.00,53.88,
156.07,dr,11.0590032,76.9236610,9.77,159.0,1,11.0587245,76.9236994,9.77,174.9,11.0593092,76.9235564,0.00,53.97,
156.17,dr,11.0589993,76.9236609,9.77,159.2,1,11.0587207,76.9236997,9.77,175.1,11.0593092,76.9235564,0.00,54.08,
156.27,dr,11.0589955,76.9236607,9.77,159.4,1,11.0587169,76.9236999,9.77,175.3,11.0593092,76.9235564,0.00,54.17,
156.37,dr,11.0589916,76.9236605,9.77,159.6,1,11.0587131,76.9237002,9.77,175.5,11.0593092,76.9235564,0.00,54.27,
156.47,dr,11.0589876,76.9236603,9.77,160.0,1,11.0587092,76.9237004,9.77,175.9,11.0593092,76.9235564,0.00,54.37,
156.57,dr,11.0590134,76.9236178,9.77,160.3,1,11.0587193,76.9236941,9.77,176.1,11.0593092,76.9235564,0.00,54.48,
156.67,dr,11.0590099,76.9236174,7.61,160.0,1,11.0587164,76.9236942,7.61,175.7,11.0593092,76.9235564,0.00,54.57,
156.77,dr,11.0590064,76.9236169,7.61,159.7,1,11.0587134,76.9236943,7.61,175.4,11.0593092,76.9235564,0.00,54.67,
156.87,dr,11.0590028,76.9236165,7.61,159.4,1,11.0587105,76.9236945,7.61,175.0,11.0593092,76.9235564,0.00,54.77,
156.97,dr,11.0589992,76.9236160,7.61,159.0,1,11.0587076,76.9236946,7.61,174.6,11.0593092,76.9235564,0.00,54.87,
157.07,dr,11.0589955,76.9236155,7.61,158.5,1,11.0587046,76.9236948,7.61,174.1,11.0593092,76.9235564,0.00,54.97,
157.17,dr,11.0589918,76.9236150,7.61,157.9,1,11.0587017,76.9236950,7.61,173.5,11.0593092,76.9235564,0.00,55.08,
157.27,dr,11.0589880,76.9236145,7.61,157.6,1,11.0586988,76.9236953,7.61,173.1,11.0593092,76.9235564,0.00,55.17,
157.37,dr,11.0589842,76.9236140,7.61,157.0,1,11.0586958,76.9236955,7.61,172.5,11.0593092,76.9235564,0.00,55.27,
157.47,dr,11.0589803,76.9236134,7.61,156.6,1,11.0586929,76.9236958,7.61,172.1,11.0593092,76.9235564,0.00,55.38,
157.57,dr,11.0589878,76.9235855,7.61,156.6,1,11.0587236,76.9236803,7.61,172.0,11.0593092,76.9235564,0.00,55.48,
157.67,dr,11.0589816,76.9235845,10.88,156.7,1,11.0587196,76.9236807,10.88,172.1,11.0593092,76.9235564,0.00,55.57,
157.77,dr,11.0589753,76.9235835,10.88,157.1,1,11.0587155,76.9236811,10.88,172.3,11.0593092,76.9235564,0.00,55.67,
157.87,dr,11.0589689,76.9235824,10.88,157.5,1,11.0587114,76.9236814,10.88,172.7,11.0593092,76.9235564,0.00,55.78,
157.97,dr,11.0589624,76.9235812,10.88,158.1,1,11.0587073,76.9236817,10.88,173.2,11.0593092,76.9235564,0.00,55.88,
158.07,dr,11.0589558,76.9235799,10.88,158.6,1,11.0587032,76.9236820,10.88,173.6,11.0593092,76.9235564,0.00,55.98,
158.17,dr,11.0589490,76.9235786,10.88,159.1,1,11.0586990,76.9236823,10.88,174.0,11.0593092,76.9235564,0.00,56.08,
158.27,dr,11.0589422,76.9235773,10.88,159.5,1,11.0586949,76.9236825,10.88,174.3,11.0593092,76.9235564,0.00,56.17,
158.37,dr,11.0589352,76.9235758,10.88,159.7,1,11.0586907,76.9236827,10.88,174.4,11.0593092,76.9235564,0.00,56.27,
158.47,dr,11.0589282,76.9235743,10.88,159.9,1,11.0586866,76.9236828,10.88,174.5,11.0593092,76.9235564,0.00,56.37,
158.57,dr,11.0589231,76.9235552,10.88,160.0,1,11.0587103,76.9236699,10.88,174.5,11.0593092,76.9235564,0.00,56.48,
158.67,dr,11.0589160,76.9235536,10.00,159.9,1,11.0587065,76.9236700,10.00,174.3,11.0593092,76.9235564,0.00,56.57,
158.77,dr,11.0589089,76.9235520,10.00,160.4,1,11.0587027,76.9236701,10.00,174.8,11.0593092,76.9235564,0.00,56.67,
158.87,dr,11.0589016,76.9235503,10.00,159.9,1,11.0586990,76.9236702,10.00,174.2,11.0593092,76.9235564,0.00,56.77,
158.97,dr,11.0588942,76.9235486,10.00,160.0,1,11.0586952,76.9236703,10.00,174.1,11.0593092,76.9235564,0.00,56.87,
159.07,dr,11.0588867,76.9235468,10.00,159.9,1,11.0586914,76.9236704,10.00,173.9,11.0593092,76.9235564,0.00,56.98,
159.17,dr,11.0588790,76.9235450,10.00,159.8,1,11.0586876,76.9236705,10.00,173.7,11.0593092,76.9235564,0.00,57.08,
159.27,dr,11.0588713,76.9235431,10.00,159.7,1,11.0586837,76.9236706,10.00,173.5,11.0593092,76.9235564,0.00,57.17,
159.37,dr,11.0588634,76.9235412,10.00,159.6,1,11.0586799,76.9236707,10.00,173.3,11.0593092,76.9235564,0.00,57.27,
159.47,dr,11.0588554,76.9235392,10.00,159.7,1,11.0586761,76.9236708,10.00,173.3,11.0593092,76.9235564,0.00,57.37,
159.57,dr,11.0588456,76.9235244,10.00,159.9,1,11.0587141,76.9236513,10.00,173.5,11.0593092,76.9235564,0.00,57.48,
159.67,dr,11.0588361,76.9235220,11.09,160.1,1,11.0587099,76.9236513,11.09,173.6,11.0593092,76.9235564,0.00,57.57,
159.77,dr,11.0588265,76.9235195,11.09,160.4,1,11.0587056,76.9236513,11.09,173.7,11.0593092,76.9235564,0.00,57.67,
159.87,dr,11.0588167,76.9235170,11.09,160.7,1,11.0587014,76.9236512,11.09,173.8,11.0593092,76.9235564,0.00,57.78,
159.97,dr,11.0588068,76.9235144,11.09,160.9,1,11.0586971,76.9236512,11.09,173.8,11.0593092,76.9235564,0.00,57.87,
160.07,dr,11.0587968,76.9235118,11.09,160.9,1,11.0586928,76.9236511,11.09,173.8,11.0593092,76.9235564,0.00,57.97,
160.17,dr,11.0587866,76.9235090,11.09,161.0,1,11.0586885,76.9236510,11.09,173.7,11.0593092,76.9235564,0.00,58.08,
160.27,dr,11.0587762,76.9235062,11.09,161.1,1,11.0586841,76.9236509,11.09,173.5,11.0593092,76.9235564,0.00,58.17,
160.37,dr,11.0587657,76.9235034,11.09,161.0,1,11.0586798,76.9236508,11.09,173.3,11.0593092,76.9235564,0.00,58.27,
160.47,dr,11.0587549,76.9235004,11.09,160.7,1,11.0586754,76.9236507,11.09,172.8,11.0593092,76.9235564,0.00,58.37,
160.58,dr,11.0587413,76.9234896,11.09,160.8,1,11.0587221,76.9236201,11.09,173.2,11.0593092,76.9235564,0.00,58.49,
160.67,dr,11.0587307,76.9234867,10.38,160.8,1,11.0587179,76.9236197,10.38,173.0,11.0593092,76.9235564,0.00,58.57,
160.77,dr,11.0587201,76.9234837,10.38,160.8,1,11.0587136,76.9236194,10.38,172.8,11.0593092,76.9235564,0.00,58.67,
160.87,dr,11.0587093,76.9234807,10.38,160.7,1,11.0587092,76.9236190,10.38,172.6,11.0593092,76.9235564,0.00,58.77,
160.97,dr,11.0586983,76.9234776,10.38,160.8,1,11.0587049,76.9236187,10.38,172.5,11.0593092,76.9235564,0.00,58.87,
161.07,dr,11.0586872,76.9234745,10.38,161.1,1,11.0587005,76.9236183,10.38,172.6,11.0593092,76.9235564,0.00,58.97,
161.17,dr,11.0586760,76.9234713,10.38,161.7,1,11.0586960,76.9236179,10.38,173.1,11.0593092,76.9235564,0.00,59.07,
161.27,dr,11.0586646,76.9234680,10.38,162.2,1,11.0586916,76.9236175,10.38,173.3,11.0593092,76.9235564,0.00,59.17,
161.37,dr,11.0586532,76.9234647,10.38,162.5,1,11.0586871,76.9236170,10.38,173.4,11.0593092,76.9235564,0.00,59.28,
161.47,dr,11.0586416,76.9234612,10.38,162.2,1,11.0586825,76.9236166,10.38,173.0,11.0593092,76.9235564,0.00,59.37,
161.58,dr,11.0586260,76.9234514,10.38,162.0,1,11.0587271,76.9235688,10.38,173.4,11.0593092,76.9235564,0.00,59.49,
161.67,dr,11.0586132,76.9234476,11.02,161.5,1,11.0587215,76.9235678,11.02,172.6,11.0593092,76.9235564,0.00,59.57,
161.77,dr,11.0586002,76.9234438,11.02,160.9,1,11.0587158,76.9235668,11.02,171.9,11.0593092,76.9235564,0.00,59.67,
161.87,dr,11.0585870,76.9234399,11.02,160.2,1,11.0587100,76.9235657,11.02,171.0,11.0593092,76.9235564,0.00,59.77,
161.97,dr,11.0585736,76.9234360,11.02,159.8,1,11.0587041,76.9235647,11.02,170.3,11.0593092,76.9235564,0.00,59.88,
162.07,dr,11.0585599,76.9234321,11.02,159.0,1,11.0586982,76.9235637,11.02,169.3,11.0593092,76.9235564,0.00,59.97,
162.17,dr,11.0585461,76.9234281,11.02,157.9,1,11.0586922,76.9235627,11.02,168.0,11.0593092,76.9235564,0.00,60.08,
162.27,dr,11.0585321,76.9234241,11.02,156.8,1,11.0586861,76.9235618,11.02,166.7,11.0593092,76.9235564,0.00,60.17,
162.37,dr,11.0585179,76.9234202,11.02,155.4,1,11.0586800,76.9235608,11.02,165.1,11.0593092,76.9235564,0.00,60.27,
162.47,dr,11.0585034,76.9234163,11.02,153.8,1,11.0586738,76.9235600,11.02,163.2,11.0593092,76.9235564,0.00,60.37,
162.57,dr,11.0584839,76.9234069,11.02,152.5,1,11.0585533,76.9233613,11.02,167.6,11.0593092,76.9235564,0.00,60.48,
162.67,dr,11.0584696,76.9234032,10.57,151.2,1,11.0585400,76.9233580,10.57,166.2,11.0593092,76.9235564,0.00,60.57,
162.77,dr,11.0584552,76.9233996,10.57,149.5,1,11.0585267,76.9233548,10.57,164.3,11.0593092,76.9235564,0.00,60.67,
162.87,dr,11.0584408,76.9233961,10.57,148.5,1,11.0585133,76.9233516,10.57,163.2,11.0593092,76.9235564,0.00,60.77,
162.97,dr,11.0584262,76.9233926,10.57,147.1,1,11.0584997,76.9233486,10.57,161.7,11.0593092,76.9235564,0.00,60.87,
163.07,dr,11.0584116,76.9233893,10.57,146.1,1,11.0584862,76.9233456,10.57,160.7,11.0593092,76.9235564,0.00,60.97,
163.17,dr,11.0583970,76.9233861,10.57,143.5,1,11.0584725,76.9233427,10.57,157.9,11.0593092,76.9235564,0.00,61.08,
163.27,dr,11.0583824,76.9233830,10.57,143.2,1,11.0584590,76.9233400,10.57,157.5,11.0593092,76.9235564,0.00,61.17,
163.37,dr,11.0583678,76.9233801,10.57,141.0,1,11.0584454,76.9233374,10.57,155.2,11.0593092,76.9235564,0.00,61.27,
163.47,dr,11.0583533,76.9233773,10.57,139.7,1,11.0584319,76.9233350,10.57,153.7,11.0593092,76.9235564,0.00,61.37,
163.58,dr,11.0583330,76.9233694,10.57,139.7,1,11.0581947,76.9232250,10.57,157.9,11.0593092,76.9235564,0.00,61.48,
163.67,dr,11.0583199,76.9233671,9.54,138.3,1,11.0581795,76.9232227,9.54,156.5,11.0593092,76.9235564,0.00,61.57,
163.77,dr,11.0583069,76.9233649,9.54,137.1,1,11.0581645,76.9232205,9.54,155.1,11.0593092,76.9235564,0.00,61.67,
163.87,dr,11.0582940,76.9233629,9.54,135.8,1,11.0581497,76.9232185,9.54,153.8,11.0593092,76.9235564,0.00,61.78,
163.97,dr,11.0582812,76.9233610,9.54,134.4,1,11.0581351,76.9232167,9.54,152.3,11.0593092,76.9235564,0.00,61.87,
164.07,dr,11.0582686,76.9233593,9.54,133.2,1,11.0581207,76.9232151,9.54,151.1,11.0593092,76.9235564,0.00,61.97,
164.17,dr,11.0582561,76.9233578,9.54,131.8,1,11.0581066,76.9232137,9.54,149.5,11.0593092,76.9235564,0.00,62.08,
164.27,dr,11.0582439,76.9233564,9.54,130.5,1,11.0580927,76.9232125,9.54,148.2,11.0593092,76.9235564,0.00,62.17,
164.37,dr,11.0582319,76.9233553,9.54,129.6,1,11.0580791,76.9232115,9.54,147.2,11.0593092,76.9235564,0.00,62.27,
164.47,dr,11.0582200,76.9233543,9.54,128.4,1,11.0580658,76.9232108,9.54,145.9,11.0593092,76.9235564,0.00,62.38,
164.57,dr,11.0582028,76.9233487,9.54,127.8,1,11.0580143,76.9231956,9.54,145.5,11.0593092,76.9235564,0.00,62.48,
164.67,dr,11.0581911,76.9233480,9.70,126.8,1,11.0580010,76.9231952,9.70,144.5,11.0593092,76.9235564,0.00,62.58,
164.77,dr,11.0581796,76.9233475,9.70,126.0,1,11.0579880,76.9231951,9.70,143.6,11.0593092,76.9235564,0.00,62.67,
164.87,dr,11.0581683,76.9233471,9.70,125.0,1,11.0579753,76.9231951,9.70,142.5,11.0593092,76.9235564,0.00,62.77,
164.97,dr,11.0581572,76.9233469,9.70,124.0,1,11.0579628,76.9231952,9.70,141.5,11.0593092,76.9235564,0.00,62.87,
165.07,dr,11.0581463,76.9233468,9.70,122.8,1,11.0579506,76.9231956,9.70,140.2,11.0593092,76.9235564,0.00,62.97,
165.17,dr,11.0581357,76.9233470,9.70,122.0,1,11.0579387,76.9231962,9.70,139.3,11.0593092,76.9235564,0.00,63.08,
165.27,dr,11.0581254,76.9233472,9.70,121.1,1,11.0579271,76.9231970,9.70,138.4,11.0593092,76.9235564,0.00,63.17,
165.37,dr,11.0581153,76.9233477,9.70,120.2,1,11.0579158,76.9231979,9.70,137.4,11.0593092,76.9235564,0.00,63.27,
165.47,dr,11.0581054,76.9233483,9.70,119.4,1,11.0579048,76.9231990,9.70,136.5,11.0593092,76.9235564,0.00,63.37,
165.57,dr,11.0580917,76.9233457,9.70,119.0,1,11.0578731,76.9231927,9.70,136.2,11.0593092,76.9235564,0.00,63.48,
165.67,dr,11.0580826,76.9233466,9.30,118.5,1,11.0578630,76.9231941,9.30,135.6,11.0593092,76.9235564,0.00,63.57,
165.77,dr,11.0580737,76.9233475,9.30,118.2,1,11.0578530,76.9231956,9.30,135.3,11.0593092,76.9235564,0.00,63.67,
165.87,dr,11.0580648,76.9233485,9.30,117.8,1,11.0578431,76.9231971,9.30,134.9,11.0593092,76.9235564,0.00,63.77,
165.97,dr,11.0580560,76.9233496,9.30,117.7,1,11.0578333,76.9231988,9.30,134.7,11.0593092,76.9235564,0.00,63.87,
166.07,dr,11.0580473,76.9233507,9.30,117.6,1,11.0578236,76.9232005,9.30,134.5,11.0593092,76.9235564,0.00,63.97,
166.17,dr,11.0580385,76.9233519,9.30,117.7,1,11.0578139,76.9232022,9.30,134.6,11.0593092,76.9235564,0.00,64.07,
166.27,dr,11.0580297,76.9233530,9.30,117.6,1,11.0578041,76.9232040,9.30,134.4,11.0593092,76.9235564,0.00,64.17,
166.37,dr,11.0580209,76.9233542,9.30,117.9,1,11.0577944,76.9232058,9.30,134.7,11.0593092,76.9235564,0.00,64.27,
166.47,dr,11.0580120,76.9233554,9.30,117.9,1,11.0577846,76.9232075,9.30,134.7,11.0593092,76.9235564,0.00,64.37,
166.58,dr,11.0579995,76.9233537,9.30,118.4,1,11.0577584,76.9232041,9.30,135.1,11.0593092,76.9235564,0.00,64.48,
166.67,dr,11.0579895,76.9233551,10.30,118.7,1,11.0577475,76.9232062,10.30,135.4,11.0593092,76.9235564,0.00,64.57,
166.77,dr,11.0579794,76.9233564,10.30,118.8,1,11.0577363,76.9232083,10.30,135.4,11.0593092,76.9235564,0.00,64.67,
166.87,dr,11.0579693,76.9233578,10.30,118.9,1,11.0577252,76.9232104,10.30,135.5,11.0593092,76.9235564,0.00,64.77,
166.97,dr,11.0579590,76.9233592,10.30,119.1,1,11.0577141,76.9232125,10.30,135.7,11.0593092,76.9235564,0.00,64.88,
167.07,dr,11.0579487,76.9233605,10.30,119.3,1,11.0577028,76.9232147,10.30,135.7,11.0593092,76.9235564,0.00,64.97,
167.17,dr,11.0579383,76.9233619,10.30,119.2,1,11.0576916,76.9232168,10.30,135.6,11.0593092,76.9235564,0.00,65.08,
167.27,dr,11.0579280,76.9233634,10.30,119.3,1,11.0576803,76.9232190,10.30,135.7,11.0593092,76.9235564,0.00,65.17,
167.37,dr,11.0579175,76.9233648,10.30,119.5,1,11.0576690,76.9232213,10.30,135.8,11.0593092,76.9235564,0.00,65.27,
167.47,dr,11.0579070,76.9233663,10.30,119.3,1,11.0576577,76.9232235,10.30,135.5,11.0593092,76.9235564,0.00,65.37,
167.58,dr,11.0578934,76.9233653,10.30,119.3,1,11.0576326,76.9232219,10.30,135.5,11.0593092,76.9235564,0.00,65.49,
167.67,dr,11.0578834,76.9233669,9.92,119.3,1,11.0576219,76.9232243,9.92,135.4,11.0593092,76.9235564,0.00,65.57,
167.77,dr,11.0578734,76.9233685,9.92,119.5,1,11.0576112,76.9232267,9.92,135.5,11.0593092,76.9235564,0.00,65.68,
167.87,dr,11.0578633,76.9233701,9.92,119.4,1,11.0576004,76.9232291,9.92,135.4,11.0593092,76.9235564,0.00,65.77,
167.97,dr,11.0578532,76.9233717,9.92,119.5,1,11.0575896,76.9232316,9.92,135.5,11.0593092,76.9235564,0.00,65.88,
168.07,dr,11.0578431,76.9233734,9.92,119.7,1,11.0575788,76.9232341,9.92,135.6,11.0593092,76.9235564,0.00,65.97,
168.17,dr,11.0578329,76.9233751,9.92,119.8,1,11.0575680,76.9232366,9.92,135.6,11.0593092,76.9235564,0.00,66.08,
168.27,dr,11.0578226,76.9233768,9.92,119.7,1,11.0575572,76.9232391,9.92,135.5,11.0593092,76.9235564,0.00,66.17,
168.37,dr,11.0578124,76.9233785,9.92,119.9,1,11.0575464,76.9232417,9.92,135.6,11.0593092,76.9235564,0.00,66.28,
168.47,dr,11.0578021,76.9233803,9.92,119.7,1,11.0575355,76.9232443,9.92,135.3,11.0593092,76.9235564,0.00,66.37,
168.58,dr,11.0577870,76.9233779,9.92,120.0,1,11.0575137,76.9232442,9.92,135.4,11.0593092,76.9235564,0.00,66.49,
168.67,dr,11.0577794,76.9233793,7.38,119.9,1,11.0575057,76.9232463,7.38,135.3,11.0593092,76.9235564,0.00,66.57,
168.77,dr,11.0577718,76.9233807,7.38,120.1,1,11.0574978,76.9232483,7.38,135.5,11.0593092,76.9235564,0.00,66.68,
168.87,dr,11.0577642,76.9233821,7.38,119.4,1,11.0574898,76.9232504,7.38,134.7,11.0593092,76.9235564,0.00,66.77,
168.97,dr,11.0577567,76.9233837,7.38,119.6,1,11.0574820,76.9232526,7.38,134.9,11.0593092,76.9235564,0.00,66.87,
169.07,dr,11.0577491,76.9233852,7.38,120.3,1,11.0574741,76.9232547,7.38,135.5,11.0593092,76.9235564,0.00,66.97,
169.17,dr,11.0577414,76.9233866,7.38,119.8,1,11.0574661,76.9232569,7.38,135.1,11.0593092,76.9235564,0.00,67.07,
169.27,dr,11.0577338,76.9233881,7.38,120.1,1,11.0574582,76.9232590,7.38,135.3,11.0593092,76.9235564,0.00,67.17,
169.37,dr,11.0577261,76.9233896,7.38,120.5,1,11.0574502,76.9232612,7.38,135.7,11.0593092,76.9235564,0.00,67.28,
169.47,dr,11.0577183,76.9233911,7.38,119.9,1,11.0574422,76.9232634,7.38,135.1,11.0593092,76.9235564,0.00,67.37,
169.57,dr,11.0577066,76.9233901,7.38,120.7,1,11.0574255,76.9232637,7.38,135.7,11.0593092,76.9235564,0.00,67.48,
169.67,dr,11.0576946,76.9233925,11.33,121.1,1,11.0574132,76.9232671,11.33,136.0,11.0593092,76.9235564,0.00,67.57,
169.77,dr,11.0576825,76.9233949,11.33,121.6,1,11.0574008,76.9232705,11.33,136.5,11.0593092,76.9235564,0.00,67.67,
169.87,dr,11.0576702,76.9233972,11.33,122.3,1,11.0573882,76.9232739,11.33,137.1,11.0593092,76.9235564,0.00,67.77,
169.97,dr,11.0576576,76.9233995,11.33,122.7,1,11.0573755,76.9232772,11.33,137.4,11.0593092,76.9235564,0.00,67.87,
170.07,dr,11.0576449,76.9234018,11.33,122.9,1,11.0573626,76.9232806,11.33,137.5,11.0593092,76.9235564,0.00,67.97,
170.17,dr,11.0576322,76.9234041,11.33,123.2,1,11.0573497,76.9232839,11.33,137.7,11.0593092,76.9235564,0.00,68.08,
170.27,dr,11.0576193,76.9234064,11.33,123.7,1,11.0573367,76.9232873,11.33,138.1,11.0593092,76.9235564,0.00,68.17,
170.37,dr,11.0576063,76.9234087,11.33,124.1,1,11.0573236,76.9232907,11.33,138.5,11.0593092,76.9235564,0.00,68.28,
170.47,dr,11.0575931,76.9234109,11.33,124.5,1,11.0573104,76.9232940,11.33,138.7,11.0593092,76.9235564,0.00,68.37,
170.58,dr,11.0575743,76.9234101,11.33,125.1,1,11.0572904,76.9232961,11.33,139.1,11.0593092,76.9235564,0.00,68.48,
170.67,dr,11.0575619,76.9234122,10.59,125.5,1,11.0572779,76.9232993,10.59,139.4,11.0593092,76.9235564,0.00,68.57,
170.77,dr,11.0575493,76.9234144,10.59,125.9,1,11.0572654,76.9233025,10.59,139.7,11.0593092,76.9235564,0.00,68.67,
170.87,dr,11.0575366,76.9234165,10.59,125.8,1,11.0572529,76.9233056,10.59,139.5,11.0593092,76.9235564,0.00,68.77,
170.97,dr,11.0575239,76.9234188,10.59,125.8,1,11.0572404,76.9233089,10.59,139.4,11.0593092,76.9235564,0.00,68.87,
171.07,dr,11.0575113,76.9234210,10.59,125.7,1,11.0572279,76.9233121,10.59,139.2,11.0593092,76.9235564,0.00,68.97,
171.17,dr,11.0574987,76.9234233,10.59,125.8,1,11.0572156,76.9233155,10.59,139.3,11.0593092,76.9235564,0.00,69.07,
171.27,dr,11.0574861,76.9234257,10.59,124.8,1,11.0572032,76.9233188,10.59,138.2,11.0593092,76.9235564,0.00,69.17,
171.37,dr,11.0574738,76.9234282,10.59,125.2,1,11.0571912,76.9233223,10.59,138.5,11.0593092,76.9235564,0.00,69.28,
171.47,dr,11.0574615,76.9234307,10.59,125.3,1,11.0571791,76.9233259,10.59,138.5,11.0593092,76.9235564,0.00,69.37,
171.57,dr,11.0574433,76.9234301,10.59,125.5,1,11.0571618,76.9233286,10.59,138.4,11.0593092,76.9235564,0.00,69.48,
171.67,dr,11.0574307,76.9234328,10.85,125.5,1,11.0571495,76.9233323,10.85,138.4,11.0593092,76.9235564,0.00,69.57,
171.77,dr,11.0574181,76.9234355,10.85,125.8,1,11.0571373,76.9233361,10.85,138.6,11.0593092,76.9235564,0.00,69.67,
171.87,dr,11.0574055,76.9234383,10.85,125.8,1,11.0571250,76.9233399,10.85,138.5,11.0593092,76.9235564,0.00,69.77,
171.97,dr,11.0573928,76.9234411,10.85,126.0,1,11.0571127,76.9233437,10.85,138.5,11.0593092,76.9235564,0.00,69.87,
172.07,dr,11.0573802,76.9234439,10.85,126.2,1,11.0571005,76.9233475,10.85,138.7,11.0593092,76.9235564,0.00,69.97,
172.17,dr,11.0573674,76.9234467,10.85,126.4,1,11.0570882,76.9233513,10.85,138.8,11.0593092,76.9235564,0.00,70.08,
172.27,dr,11.0573547,76.9234496,10.85,125.4,1,11.0570759,76.9233552,10.85,137.7,11.0593092,76.9235564,0.00,70.17,
172.37,dr,11.0573423,76.9234526,10.85,127.1,1,11.0570639,76.9233592,10.85,139.3,11.0593092,76.9235564,0.00,70.27,
172.47,dr,11.0573293,76.9234555,10.85,126.7,1,11.0570515,76.9233631,10.85,138.9,11.0593092,76.9235564,0.00,70.37,
172.57,dr,11.0573096,76.9234548,10.85,127.0,1,11.0570356,76.9233666,10.85,138.8,11.0593092,76.9235564,0.00,70.48,
172.67,dr,11.0572969,76.9234579,10.83,126.7,1,11.0570235,76.9233706,10.83,138.5,11.0593092,76.9235564,0.00,70.57,
172.77,dr,11.0572843,76.9234610,10.83,127.1,1,11.0570114,76.9233747,10.83,138.8,11.0593092,76.9235564,0.00,70.67,
172.87,dr,11.0572716,76.9234640,10.83,127.5,1,11.0569993,76.9233788,10.83,139.1,11.0593092,76.9235564,0.00,70.78,
172.97,dr,11.0572588,76.9234671,10.83,127.9,1,11.0569872,76.9233828,10.83,139.4,11.0593092,76.9235564,0.00,70.87,
173.07,dr,11.0572459,76.9234702,10.83,128.0,1,11.0569749,76.9233869,10.83,139.4,11.0593092,76.9235564,0.00,70.97,
173.17,dr,11.0572330,76.9234733,10.83,128.8,1,11.0569627,76.9233910,10.83,140.1,11.0593092,76.9235564,0.00,71.08,
173.27,dr,11.0572199,76.9234764,10.83,129.1,1,11.0569503,76.9233950,10.83,140.4,11.0593092,76.9235564,0.00,71.18,
173.37,dr,11.0572067,76.9234795,10.83,129.7,1,11.0569379,76.9233990,10.83,140.8,11.0593092,76.9235564,0.00,71.27,
173.47,dr,11.0571934,76.9234825,10.83,130.1,1,11.0569254,76.9234030,10.83,141.1,11.0593092,76.9235564,0.00,71.37,
173.57,dr,11.0571723,76.9234817,10.83,130.9,1,11.0569106,76.9234067,10.83,141.6,11.0593092,76.9235564,0.00,71.48,
173.67,dr,11.0571577,76.9234849,11.68,130.8,1,11.0568970,76.9234110,11.68,141.4,11.0593092,76.9235564,0.00,71.57,
173.77,dr,11.0571433,76.9234883,11.68,131.7,1,11.0568835,76.9234154,11.68,142.2,11.0593092,76.9235564,0.00,71.67,
173.87,dr,11.0571285,76.9234916,11.68,132.0,1,11.0568697,76.9234197,11.68,142.4,11.0593092,76.9235564,0.00,71.77,
173.97,dr,11.0571138,76.9234949,11.68,131.8,1,11.0568560,76.9234239,11.68,142.1,11.0593092,76.9235564,0.00,71.88,
174.07,dr,11.0570991,76.9234983,11.68,131.7,1,11.0568424,76.9234283,11.68,142.0,11.0593092,76.9235564,0.00,71.97,
174.17,dr,11.0570845,76.9235017,11.68,131.6,1,11.0568288,76.9234327,11.68,141.8,11.0593092,76.9235564,0.00,72.08,
174.27,dr,11.0570700,76.9235052,11.68,132.1,1,11.0568153,76.9234371,11.68,142.1,11.0593092,76.9235564,0.00,72.17,
174.37,dr,11.0570554,76.9235087,11.68,131.8,1,11.0568018,76.9234416,11.68,141.7,11.0593092,76.9235564,0.00,72.27,
174.47,dr,11.0570410,76.9235123,11.68,132.1,1,11.0567885,76.9234461,11.68,141.9,11.0593092,76.9235564,0.00,72.38,
174.58,dr,11.0570164,76.9235114,11.68,133.3,1,11.0567735,76.9234506,11.68,142.8,11.0593092,76.9235564,0.00,72.48,
174.67,dr,11.0570028,76.9235147,10.83,134.1,1,11.0567609,76.9234547,10.83,143.5,11.0593092,76.9235564,0.00,72.57,
174.77,dr,11.0569890,76.9235180,10.83,135.4,1,11.0567482,76.9234588,10.83,144.7,11.0593092,76.9235564,0.00,72.67,
174.87,dr,11.0569749,76.9235211,10.83,136.7,1,11.0567353,76.9234628,10.83,145.9,11.0593092,76.9235564,0.00,72.77,
174.97,dr,11.0569605,76.9235241,10.83,138.1,1,11.0567222,76.9234666,10.83,147.1,11.0593092,76.9235564,0.00,72.88,
175.07,dr,11.0569459,76.9235270,10.83,139.0,1,11.0567088,76.9234702,10.83,147.9,11.0593092,76.9235564,0.00,72.97,
175.17,dr,11.0569311,76.9235298,10.83,139.6,1,11.0566953,76.9234738,10.83,148.5,11.0593092,76.9235564,0.00,73.08,
175.27,dr,11.0569161,76.9235326,10.83,140.4,1,11.0566817,76.9234774,10.83,149.2,11.0593092,76.9235564,0.00,73.17,
175.37,dr,11.0569011,76.9235353,10.83,141.3,1,11.0566681,76.9234809,10.83,150.0,11.0593092,76.9235564,0.00,73.27,
175.47,dr,11.0568860,76.9235380,10.83,141.8,1,11.0566543,76.9234843,10.83,150.4,11.0593092,76.9235564,0.00,73.37,
175.57,dr,11.0568561,76.9235346,10.83,143.8,1,11.0566399,76.9234877,10.83,151.8,11.0593092,76.9235564,0.00,73.48,
175.67,dr,11.0568410,76.9235371,10.64,144.3,1,11.0566262,76.9234909,10.64,152.2,11.0593092,76.9235564,0.00,73.57,
175.77,dr,11.0568258,76.9235396,10.64,145.2,1,11.0566125,76.9234940,10.64,153.0,11.0593092,76.9235564,0.00,73.67,
175.87,dr,11.0568106,76.9235420,10.64,146.1,1,11.0565988,76.9234971,10.64,153.9,11.0593092,76.9235564,0.00,73.77,
175.97,dr,11.0567952,76.9235443,10.64,147.0,1,11.0565849,76.9235000,10.64,154.7,11.0593092,76.9235564,0.00,73.87,
176.07,dr,11.0567797,76.9235465,10.64,148.1,1,11.0565710,76.9235029,10.64,155.6,11.0593092,76.9235564,0.00,73.97,
176.17,dr,11.0567642,76.9235486,10.64,149.0,1,11.0565570,76.9235056,10.64,156.5,11.0593092,76.9235564,0.00,74.08,
176.27,dr,11.0567485,76.9235506,10.64,149.9,1,11.0565429,76.9235083,10.64,157.3,11.0593092,76.9235564,0.00,74.17,
176.37,dr,11.0567329,76.9235526,10.64,150.9,1,11.0565289,76.9235109,10.64,158.2,11.0593092,76.9235564,0.00,74.28,
176.47,dr,11.0567171,76.9235545,10.64,151.9,1,11.0565147,76.9235133,10.64,159.1,11.0593092,76.9235564,0.00,74.37,
176.58,dr,11.0566873,76.9235513,10.64,153.1,1,11.0565008,76.9235158,10.64,159.8,11.0593092,76.9235564,0.00,74.48,
176.67,dr,11.0566735,76.9235528,9.28,154.3,1,11.0564884,76.9235178,9.28,160.9,11.0593092,76.9235564,0.00,74.57,
176.77,dr,11.0566596,76.9235542,9.28,155.0,1,11.0564760,76.9235197,9.28,161.6,11.0593092,76.9235564,0.00,74.67,
176.87,dr,11.0566458,76.9235555,9.28,155.8,1,11.0564636,76.9235214,9.28,162.2,11.0593092,76.9235564,0.00,74.77,
176.97,dr,11.0566319,76.9235568,9.28,156.2,1,11.0564512,76.9235231,9.28,162.6,11.0593092,76.9235564,0.00,74.87,
177.07,dr,11.0566181,76.9235581,9.28,156.8,1,11.0564388,76.9235248,9.28,163.1,11.0593092,76.9235564,0.00,74.98,
177.17,dr,11.0566042,76.9235593,9.28,156.9,1,11.0564264,76.9235265,9.28,163.1,11.0593092,76.9235564,0.00,75.08,
177.27,dr,11.0565904,76.9235605,9.28,156.9,1,11.0564141,76.9235281,9.28,163.0,11.0593092,76.9235564,0.00,75.17,
177.37,dr,11.0565766,76.9235618,9.28,157.2,1,11.0564018,76.9235297,9.28,163.3,11.0593092,76.9235564,0.00,75.27,
177.47,dr,11.0565629,76.9235630,9.28,157.0,1,11.0563895,76.9235314,9.28,163.0,11.0593092,76.9235564,0.00,75.38,
177.57,dr,11.0565375,76.9235608,9.28,157.3,1,11.0563780,76.9235332,9.28,162.9,11.0593092,76.9235564,0.00,75.48,
177.67,dr,11.0565209,76.9235625,11.43,157.1,1,11.0563630,76.9235354,11.43,162.6,11.0593092,76.9235564,0.00,75.57,
177.77,dr,11.0565043,76.9235642,11.43,157.5,1,11.0563482,76.9235375,11.43,162.9,11.0593092,76.9235564,0.00,75.67,
177.87,dr,11.0564878,76.9235659,11.43,158.0,1,11.0563334,76.9235396,11.43,163.3,11.0593092,76.9235564,0.00,75.77,
177.97,dr,11.0564714,76.9235676,11.43,157.8,1,11.0563186,76.9235417,11.43,163.1,11.0593092,76.9235564,0.00,75.88,
178.07,dr,11.0564550,76.9235693,11.43,158.0,1,11.0563039,76.9235439,11.43,163.2,11.0593092,76.9235564,0.00,75.97,
178.17,dr,11.0564387,76.9235710,11.43,158.3,1,11.0562893,76.9235460,11.43,163.5,11.0593092,76.9235564,0.00,76.08,
178.27,dr,11.0564224,76.9235727,11.43,158.4,1,11.0562747,76.9235481,11.43,163.4,11.0593092,76.9235564,0.00,76.17,
178.37,dr,11.0564062,76.9235744,11.43,158.4,1,11.0562601,76.9235502,11.43,163.3,11.0593092,76.9235564,0.00,76.27,
178.47,dr,11.0563901,76.9235762,11.43,158.4,1,11.0562457,76.9235524,11.43,163.3,11.0593092,76.9235564,0.00,76.37,
178.58,dr,11.0563644,76.9235750,11.43,158.8,1,11.0562322,76.9235547,11.43,163.4,11.0593092,76.9235564,0.00,76.49,
178.67,dr,11.0563508,76.9235766,9.73,159.3,1,11.0562200,76.9235566,9.73,163.8,11.0593092,76.9235564,0.00,76.57,
178.77,dr,11.0563373,76.9235781,9.73,159.8,1,11.0562078,76.9235583,9.73,164.2,11.0593092,76.9235564,0.00,76.67,
178.87,dr,11.0563237,76.9235796,9.73,158.6,1,11.0561956,76.9235601,9.73,162.9,11.0593092,76.9235564,0.00,76.78,
178.97,dr,11.0563104,76.9235812,9.73,160.3,1,11.0561835,76.9235620,9.73,164.6,11.0593092,76.9235564,0.00,76.87,
179.07,dr,11.0562969,76.9235827,9.73,161.1,1,11.0561714,76.9235637,9.73,165.3,11.0593092,76.9235564,0.00,76.97,
179.17,dr,11.0562835,76.9235840,9.73,161.6,1,11.0561593,76.9235654,9.73,165.8,11.0593092,76.9235564,0.00,77.08,
179.27,dr,11.0562701,76.9235853,9.73,160.8,1,11.0561472,76.9235669,9.73,165.0,11.0593092,76.9235564,0.00,77.17,
179.37,dr,11.0562568,76.9235868,9.73,161.5,1,11.0561352,76.9235686,9.73,165.6,11.0593092,76.9235564,0.00,77.27,
179.47,dr,11.0562434,76.9235881,9.73,160.8,1,11.0561232,76.9235702,9.73,164.8,11.0593092,76.9235564,0.00,77.37,
179.57,dr,11.0562221,76.9235873,9.73,161.8,1,11.0561124,76.9235721,9.73,165.5,11.0593092,76.9235564,0.00,77.48,
179.67,dr,11.0562058,76.9235890,12.04,161.4,1,11.0560976,76.9235742,12.04,165.1,11.0593092,76.9235564,0.00,77.57,
179.77,dr,11.0561897,76.9235909,12.04,162.1,1,11.0560829,76.9235763,12.04,165.7,11.0593092,76.9235564,0.00,77.67,
179.87,dr,11.0561735,76.9235926,12.04,161.8,1,11.0560683,76.9235783,12.04,165.4,11.0593092,76.9235564,0.00,77.77,
179.97,dr,11.0561575,76.9235945,12.04,162.0,1,11.0560537,76.9235804,12.04,165.5,11.0593092,76.9235564,0.00,77.87,
180.07,dr,11.0561415,76.9235963,12.04,162.3,1,11.0560392,76.9235824,12.04,165.8,11.0593092,76.9235564,0.00,77.98,
180.17,dr,11.0561256,76.9235981,12.04,162.6,,,,,,11.0593092,76.9235564,0.00,78.08,
180.27,dr,11.0561097,76.9235998,12.04,162.6,,,,,,11.0593092,76.9235564,0.00,78.17,
180.37,dr,11.0560939,76.9236016,12.04,163.8,,,,,,11.0593092,76.9235564,0.00,78.27,
180.47,dr,11.0560781,76.9236033,12.04,161.2,,,,,,11.0593092,76.9235564,0.00,78.37,
180.57,dr,11.0560544,76.9236032,12.04,156.6,,,,,,11.0593092,76.9235564,0.00,78.48,
180.67,dr,11.0560396,76.9236061,11.93,155.9,,,,,,11.0593092,76.9235564,0.00,78.57,
180.77,dr,11.0560250,76.9236091,11.93,154.5,,,,,,11.0593092,76.9235564,0.00,78.67,
180.87,dr,11.0560106,76.9236124,11.93,151.6,,,,,,11.0593092,76.9235564,0.00,78.77,
180.97,dr,11.0559967,76.9236162,11.93,140.6,,,,,,11.0593092,76.9235564,0.00,78.87,
181.07,dr,11.0559849,76.9236216,11.93,138.7,,,,,,11.0593092,76.9235564,0.00,78.97,
181.17,dr,11.0559736,76.9236274,11.93,139.2,,,,,,11.0593092,76.9235564,0.00,79.07,
181.27,dr,11.0559622,76.9236331,11.93,139.3,,,,,,11.0593092,76.9235564,0.00,79.17,
181.37,dr,11.0559507,76.9236387,11.93,142.2,,,,,,11.0593092,76.9235564,0.00,79.27,
181.47,dr,11.0559387,76.9236440,11.93,145.8,,,,,,11.0593092,76.9235564,0.00,79.37,
181.58,dr,11.0559225,76.9236480,11.93,142.1,,,,,,11.0593092,76.9235564,0.00,79.48,
181.67,dr,11.0559102,76.9236535,12.34,142.4,,,,,,11.0593092,76.9235564,0.00,79.57,
181.77,dr,11.0558979,76.9236591,12.34,142.4,,,,,,11.0593092,76.9235564,0.00,79.67,
181.87,dr,11.0558856,76.9236646,12.34,142.0,,,,,,11.0593092,76.9235564,0.00,79.77,
181.97,dr,11.0558733,76.9236703,12.34,141.8,,,,,,11.0593092,76.9235564,0.00,79.87,
182.07,dr,11.0558612,76.9236759,12.34,141.8,,,,,,11.0593092,76.9235564,0.00,79.97,
182.17,dr,11.0558491,76.9236816,12.34,141.9,,,,,,11.0593092,76.9235564,0.00,80.08,
182.27,dr,11.0558370,76.9236874,12.34,142.2,,,,,,11.0593092,76.9235564,0.00,80.17,
182.37,dr,11.0558249,76.9236930,12.34,143.2,,,,,,11.0593092,76.9235564,0.00,80.27,
182.47,dr,11.0558126,76.9236986,12.34,144.3,,,,,,11.0593092,76.9235564,0.00,80.37,
182.57,dr,11.0557961,76.9237030,12.34,145.4,,,,,,11.0593092,76.9235564,0.00,80.48,
182.67,dr,11.0557838,76.9237082,12.00,146.3,,,,,,11.0593092,76.9235564,0.00,80.57,
182.77,dr,11.0557714,76.9237132,12.00,147.0,,,,,,11.0593092,76.9235564,0.00,80.67,
182.87,dr,11.0557590,76.9237181,12.00,147.7,,,,,,11.0593092,76.9235564,0.00,80.77,
182.96,dr,11.0557464,76.9237229,12.00,148.5,,,,,,11.0593092,76.9235564,0.00,80.87,
183.07,dr,11.0557338,76.9237277,12.00,149.3,,,,,,11.0593092,76.9235564,0.00,80.97,
183.17,dr,11.0557211,76.9237323,12.00,150.0,,,,,,11.0593092,76.9235564,0.00,81.08,
183.27,dr,11.0557083,76.9237368,12.00,150.6,,,,,,11.0593092,76.9235564,0.00,81.17,
183.37,dr,11.0556955,76.9237413,12.00,151.1,,,,,,11.0593092,76.9235564,0.00,81.27,
183.47,dr,11.0556826,76.9237456,12.00,151.6,,,,,,11.0593092,76.9235564,0.00,81.37,
183.57,dr,11.0556645,76.9237488,12.00,152.0,,,,,,11.0593092,76.9235564,0.00,81.48,
183.67,dr,11.0556536,76.9237525,10.21,152.6,,,,,,11.0593092,76.9235564,0.00,81.57,
183.77,dr,11.0556426,76.9237561,10.21,152.9,,,,,,11.0593092,76.9235564,0.00,81.67,
183.87,dr,11.0556316,76.9237596,10.21,153.2,,,,,,11.0593092,76.9235564,0.00,81.78,
183.97,dr,11.0556206,76.9237631,10.21,153.4,,,,,,11.0593092,76.9235564,0.00,81.87,
184.07,dr,11.0556096,76.9237666,10.21,153.8,,,,,,11.0593092,76.9235564,0.00,81.97,
184.17,dr,11.0555987,76.9237701,10.21,153.9,,,,,,11.0593092,76.9235564,0.00,82.08,
184.27,dr,11.0555877,76.9237735,10.21,154.2,,,,,,11.0593092,76.9235564,0.00,82.17,
184.37,dr,11.0555767,76.9237770,10.21,154.6,,,,,,11.0593092,76.9235564,0.00,82.27,
184.47,dr,11.0555657,76.9237803,10.21,155.0,,,,,,11.0593092,76.9235564,0.00,82.37,
184.58,dr,11.0555510,76.9237830,10.21,155.4,,,,,,11.0593092,76.9235564,0.00,82.49,
184.67,dr,11.0555402,76.9237862,10.01,156.0,,,,,,11.0593092,76.9235564,0.00,82.57,
184.77,dr,11.0555294,76.9237894,10.01,156.6,,,,,,11.0593092,76.9235564,0.00,82.67,
184.87,dr,11.0555187,76.9237925,10.01,157.4,,,,,,11.0593092,76.9235564,0.00,82.77,
184.97,dr,11.0555078,76.9237954,10.01,158.3,,,,,,11.0593092,76.9235564,0.00,82.87,
185.07,dr,11.0554969,76.9237983,10.01,159.2,,,,,,11.0593092,76.9235564,0.00,82.97,
185.17,dr,11.0554860,76.9238010,10.01,160.1,,,,,,11.0593092,76.9235564,0.00,83.08,
185.27,dr,11.0554751,76.9238037,10.01,160.9,,,,,,11.0593092,76.9235564,0.00,83.17,
185.37,dr,11.0554641,76.9238062,10.01,161.5,,,,,,11.0593092,76.9235564,0.00,83.28,
185.47,dr,11.0554531,76.9238086,10.01,161.5,,,,,,11.0593092,76.9235564,0.00,83.37,
185.57,dr,11.0554397,76.9238106,10.01,161.5,,,,,,11.0593092,76.9235564,0.00,83.48,
185.67,dr,11.0554273,76.9238135,11.42,161.6,,,,,,11.0593092,76.9235564,0.00,83.57,
185.77,dr,11.0554149,76.9238163,11.42,161.1,,,,,,11.0593092,76.9235564,0.00,83.67,
185.87,dr,11.0554025,76.9238191,11.42,160.3,,,,,,11.0593092,76.9235564,0.00,83.77,
185.97,dr,11.0553903,76.9238222,11.42,159.7,,,,,,11.0593092,76.9235564,0.00,83.88,
186.07,dr,11.0553781,76.9238253,11.42,159.5,,,,,,11.0593092,76.9235564,0.00,83.97,
186.17,dr,11.0553660,76.9238285,11.42,159.3,,,,,,11.0593092,76.9235564,0.00,84.08,
186.27,dr,11.0553539,76.9238317,11.42,159.3,,,,,,11.0593092,76.9235564,0.00,84.17,
186.37,dr,11.0553419,76.9238349,11.42,159.3,,,,,,11.0593092,76.9235564,0.00,84.27,
186.47,dr,11.0553298,76.9238381,11.42,159.5,,,,,,11.0593092,76.9235564,0.00,84.37,
186.58,dr,11.0553165,76.9238411,11.42,159.8,,,,,,11.0593092,76.9235564,0.00,84.49,
186.67,dr,11.0553036,76.9238446,12.33,159.9,,,,,,11.0593092,76.9235564,0.00,84.57,
186.77,dr,11.0552907,76.9238480,12.33,160.3,,,,,,11.0593092,76.9235564,0.00,84.67,
186.87,dr,11.0552778,76.9238513,12.33,160.9,,,,,,11.0593092,76.9235564,0.00,84.77,
186.97,dr,11.0552649,76.9238546,12.33,161.1,,,,,,11.0593092,76.9235564,0.00,84.87,
187.07,dr,11.0552520,76.9238578,12.33,161.5,,,,,,11.0593092,76.9235564,0.00,84.98,
187.17,dr,11.0552391,76.9238610,12.33,161.9,,,,,,11.0593092,76.9235564,0.00,85.08,
187.27,dr,11.0552262,76.9238641,12.33,162.0,,,,,,11.0593092,76.9235564,0.00,85.17,
187.37,dr,11.0552133,76.9238672,12.33,162.1,,,,,,11.0593092,76.9235564,0.00,85.28,
187.47,dr,11.0552005,76.9238702,12.33,162.1,,,,,,11.0593092,76.9235564,0.00,85.37,
187.58,dr,11.0551870,76.9238732,12.33,162.1,,,,,,11.0593092,76.9235564,0.00,85.49,
187.67,dr,11.0551734,76.9238765,13.06,160.9,,,,,,11.0593092,76.9235564,0.00,85.57,
187.77,dr,11.0551600,76.9238800,13.06,161.7,,,,,,11.0593092,76.9235564,0.00,85.67,
187.87,dr,11.0551466,76.9238834,13.06,161.4,,,,,,11.0593092,76.9235564,0.00,85.78,
187.97,dr,11.0551333,76.9238868,13.06,161.5,,,,,,11.0593092,76.9235564,0.00,85.87,
188.07,dr,11.0551199,76.9238902,13.06,161.6,,,,,,11.0593092,76.9235564,0.00,85.97,
188.17,dr,11.0551066,76.9238936,13.06,161.7,,,,,,11.0593092,76.9235564,0.00,86.08,
188.27,dr,11.0550933,76.9238970,13.06,161.7,,,,,,11.0593092,76.9235564,0.00,86.17,
188.37,dr,11.0550800,76.9239004,13.06,161.7,,,,,,11.0593092,76.9235564,0.00,86.27,
188.47,dr,11.0550668,76.9239038,13.06,161.7,,,,,,11.0593092,76.9235564,0.00,86.37,
188.57,dr,11.0550533,76.9239072,13.06,161.7,,,,,,11.0593092,76.9235564,0.00,86.48,
188.67,dr,11.0550415,76.9239102,11.65,161.7,,,,,,11.0593092,76.9235564,0.00,86.57,
188.77,dr,11.0550298,76.9239133,11.65,161.8,,,,,,11.0593092,76.9235564,0.00,86.67,
188.87,dr,11.0550181,76.9239163,11.65,162.2,,,,,,11.0593092,76.9235564,0.00,86.77,
188.97,dr,11.0550064,76.9239193,11.65,162.7,,,,,,11.0593092,76.9235564,0.00,86.87,
189.07,dr,11.0549947,76.9239222,11.65,163.0,,,,,,11.0593092,76.9235564,0.00,86.98,
189.17,dr,11.0549830,76.9239250,11.65,163.5,,,,,,11.0593092,76.9235564,0.00,87.08,
189.27,dr,11.0549713,76.9239278,11.65,163.9,,,,,,11.0593092,76.9235564,0.00,87.17,
189.37,dr,11.0549595,76.9239305,11.65,164.2,,,,,,11.0593092,76.9235564,0.00,87.27,
189.47,dr,11.0549478,76.9239331,11.65,164.6,,,,,,11.0593092,76.9235564,0.00,87.37,
189.58,dr,11.0549359,76.9239357,11.65,164.9,,,,,,11.0593092,76.9235564,0.00,87.49,
189.67,dr,11.0549261,76.9239378,9.74,165.2,,,,,,11.0593092,76.9235564,0.00,87.57,
189.77,dr,11.0549163,76.9239399,9.74,165.6,,,,,,11.0593092,76.9235564,0.00,87.67,
189.87,dr,11.0549066,76.9239419,9.74,166.1,,,,,,11.0593092,76.9235564,0.00,87.78,
189.97,dr,11.0548968,76.9239439,9.74,166.3,,,,,,11.0593092,76.9235564,0.00,87.87,
190.07,dr,11.0548870,76.9239458,9.74,166.7,,,,,,11.0593092,76.9235564,0.00,87.98,
190.17,dr,11.0548772,76.9239477,9.74,167.4,,,,,,11.0593092,76.9235564,0.00,88.08,
190.27,dr,11.0548674,76.9239494,9.74,168.0,,,,,,11.0593092,76.9235564,0.00,88.17,
190.37,dr,11.0548576,76.9239511,9.74,168.8,,,,,,11.0593092,76.9235564,0.00,88.27,
190.47,dr,11.0548478,76.9239527,9.74,169.7,,,,,,11.0593092,76.9235564,0.00,88.37,
190.58,dr,11.0548379,76.9239541,9.74,170.6,,,,,,11.0593092,76.9235564,0.00,88.49,
190.67,dr,11.0548276,76.9239554,10.21,171.6,,,,,,11.0593092,76.9235564,0.00,88.57,
190.77,dr,11.0548172,76.9239566,10.21,172.6,,,,,,11.0593092,76.9235564,0.00,88.67,
190.87,dr,11.0548069,76.9239577,10.21,173.5,,,,,,11.0593092,76.9235564,0.00,88.77,
190.97,dr,11.0547966,76.9239586,10.21,174.4,,,,,,11.0593092,76.9235564,0.00,88.87,
191.07,dr,11.0547863,76.9239594,10.21,175.5,,,,,,11.0593092,76.9235564,0.00,88.98,
191.17,dr,11.0547760,76.9239600,10.21,177.0,,,,,,11.0593092,76.9235564,0.00,89.08,
191.27,dr,11.0547657,76.9239603,10.21,178.9,,,,,,11.0593092,76.9235564,0.00,89.17,
191.37,dr,11.0547554,76.9239604,10.21,181.0,,,,,,11.0593092,76.9235564,0.00,89.27,
191.47,dr,11.0547452,76.9239601,10.21,183.4,,,,,,11.0593092,76.9235564,0.00,89.37,
191.57,dr,11.0547351,76.9239595,10.21,186.1,,,,,,11.0593092,76.9235564,0.00,89.48,
191.67,dr,11.0547247,76.9239584,10.52,189.4,,,,,,11.0593092,76.9235564,0.00,89.57,
191.77,dr,11.0547145,76.9239567,10.52,193.1,,,,,,11.0593092,76.9235564,0.00,89.67,
191.87,dr,11.0547045,76.9239544,10.52,196.7,,,,,,11.0593092,76.9235564,0.00,89.77,
191.97,dr,11.0546947,76.9239516,10.52,200.5,,,,,,11.0593092,76.9235564,0.00,89.87,
192.07,dr,11.0546853,76.9239482,10.52,204.1,,,,,,11.0593092,76.9235564,0.00,89.97,
192.17,dr,11.0546762,76.9239442,10.52,207.7,,,,,,11.0593092,76.9235564,0.00,90.08,
192.27,dr,11.0546675,76.9239397,10.52,210.8,,,,,,11.0593092,76.9235564,0.00,90.17,
192.37,dr,11.0546591,76.9239348,10.52,214.5,,,,,,11.0593092,76.9235564,0.00,90.27,
192.47,dr,11.0546513,76.9239293,10.52,218.0,,,,,,11.0593092,76.9235564,0.00,90.37,
192.57,dr,11.0546442,76.9239234,10.52,221.8,,,,,,11.0593092,76.9235564,0.00,90.48,
192.67,dr,11.0546388,76.9239183,8.38,225.5,,,,,,11.0593092,76.9235564,0.00,90.57,
192.77,dr,11.0546339,76.9239129,8.38,229.2,,,,,,11.0593092,76.9235564,0.00,90.67,
192.87,dr,11.0546294,76.9239071,8.38,232.4,,,,,,11.0593092,76.9235564,0.00,90.77,
192.97,dr,11.0546255,76.9239010,8.38,235.7,,,,,,11.0593092,76.9235564,0.00,90.87,
193.07,dr,11.0546220,76.9238947,8.38,238.5,,,,,,11.0593092,76.9235564,0.00,90.97,
193.17,dr,11.0546189,76.9238882,8.38,241.5,,,,,,11.0593092,76.9235564,0.00,91.08,
193.27,dr,11.0546163,76.9238816,8.38,245.2,,,,,,11.0593092,76.9235564,0.00,91.17,
193.37,dr,11.0546143,76.9238746,8.38,248.6,,,,,,11.0593092,76.9235564,0.00,91.27,
193.47,dr,11.0546129,76.9238676,8.38,252.3,,,,,,11.0593092,76.9235564,0.00,91.38,
193.57,dr,11.0546122,76.9238603,8.38,255.9,,,,,,11.0593092,76.9235564,0.00,91.48,
193.67,dr,11.0546120,76.9238512,10.40,259.4,,,,,,11.0593092,76.9235564,0.00,91.58,
193.77,dr,11.0546127,76.9238419,10.40,262.6,,,,,,11.0593092,76.9235564,0.00,91.67,
193.87,dr,11.0546140,76.9238326,10.40,265.3,,,,,,11.0593092,76.9235564,0.00,91.77,
193.97,dr,11.0546161,76.9238233,10.40,267.2,,,,,,11.0593092,76.9235564,0.00,91.87,
194.07,dr,11.0546186,76.9238139,10.40,268.3,,,,,,11.0593092,76.9235564,0.00,91.98,
194.17,dr,11.0546214,76.9238045,10.40,268.6,,,,,,11.0593092,76.9235564,0.00,92.08,
194.27,dr,11.0546243,76.9237952,10.40,268.4,,,,,,11.0593092,76.9235564,0.00,92.17,
194.37,dr,11.0546273,76.9237858,10.40,268.1,,,,,,11.0593092,76.9235564,0.00,92.27,
194.47,dr,11.0546302,76.9237765,10.40,267.5,,,,,,11.0593092,76.9235564,0.00,92.38,
194.58,dr,11.0546330,76.9237672,10.40,267.1,,,,,,11.0593092,76.9235564,0.00,92.48,
194.67,dr,11.0546365,76.9237554,13.16,267.0,,,,,,11.0593092,76.9235564,0.00,92.57,
194.77,dr,11.0546401,76.9237436,13.16,267.3,,,,,,11.0593092,76.9235564,0.00,92.67,
194.87,dr,11.0546439,76.9237319,13.16,266.6,,,,,,11.0593092,76.9235564,0.00,92.77,
194.97,dr,11.0546475,76.9237201,13.16,266.2,,,,,,11.0593092,76.9235564,0.00,92.87,
195.07,dr,11.0546511,76.9237084,13.16,265.6,,,,,,11.0593092,76.9235564,0.00,92.97,
195.17,dr,11.0546546,76.9236967,13.16,265.2,,,,,,11.0593092,76.9235564,0.00,93.08,
195.27,dr,11.0546580,76.9236851,13.16,264.6,,,,,,11.0593092,76.9235564,0.00,93.17,
195.37,dr,11.0546613,76.9236734,13.16,264.7,,,,,,11.0593092,76.9235564,0.00,93.27,
195.47,dr,11.0546648,76.9236618,13.16,265.0,,,,,,11.0593092,76.9235564,0.00,93.37,
195.58,dr,11.0546684,76.9236502,13.16,264.7,,,,,,11.0593092,76.9235564,0.00,93.48,
195.67,dr,11.0546713,76.9236406,10.93,264.3,,,,,,11.0593092,76.9235564,0.00,93.57,
195.77,dr,11.0546742,76.9236310,10.93,263.1,,,,,,11.0593092,76.9235564,0.00,93.68,
195.87,dr,11.0546769,76.9236214,10.93,262.2,,,,,,11.0593092,76.9235564,0.00,93.77,
195.97,dr,11.0546793,76.9236119,10.93,261.4,,,,,,11.0593092,76.9235564,0.00,93.87,
196.07,dr,11.0546816,76.9236024,10.93,260.3,,,,,,11.0593092,76.9235564,0.00,93.97,
196.17,dr,11.0546836,76.9235929,10.93,258.8,,,,,,11.0593092,76.9235564,0.00,94.07,
196.27,dr,11.0546853,76.9235835,10.93,257.9,,,,,,11.0593092,76.9235564,0.00,94.17,
196.37,dr,11.0546867,76.9235741,10.93,255.2,,,,,,11.0593092,76.9235564,0.00,94.27,
196.47,dr,11.0546875,76.9235648,10.93,255.3,,,,,,11.0593092,76.9235564,0.00,94.38,
196.58,dr,11.0546883,76.9235555,10.93,254.6,,,,,,11.0593092,76.9235564,0.00,94.48,
196.67,dr,11.0546889,76.9235481,8.78,258.6,,,,,,11.0593092,76.9235564,0.00,94.57,
196.77,dr,11.0546903,76.9235405,8.78,261.6,,,,,,11.0593092,76.9235564,0.00,94.67,
196.87,dr,11.0546923,76.9235330,8.78,253.9,,,,,,11.0593092,76.9235564,0.00,94.77,
196.97,dr,11.0546928,76.9235256,8.78,258.7,,,,,,11.0593092,76.9235564,0.00,94.87,
197.07,dr,11.0546942,76.9235181,8.78,257.3,,,,,,11.0593092,76.9235564,0.00,94.97,
197.17,dr,11.0546955,76.9235106,8.78,254.0,,,,,,11.0593092,76.9235564,0.00,95.08,
197.27,dr,11.0546959,76.9235032,8.78,251.8,,,,,,11.0593092,76.9235564,0.00,95.17,
197.37,dr,11.0546959,76.9234959,8.78,249.8,,,,,,11.0593092,76.9235564,0.00,95.28,
197.47,dr,11.0546955,76.9234887,8.78,246.8,,,,,,11.0593092,76.9235564,0.00,95.37,
197.57,dr,11.0546948,76.9234817,8.78,246.1,,,,,,11.0593092,76.9235564,0.00,95.48,
197.67,dr,11.0546931,76.9234715,12.62,245.3,,,,,,11.0593092,76.9235564,0.00,95.57,
197.77,dr,11.0546911,76.9234614,12.62,245.6,,,,,,11.0593092,76.9235564,0.00,95.67,
197.87,dr,11.0546893,76.9234513,12.62,246.1,,,,,,11.0593092,76.9235564,0.00,95.77,
197.97,dr,11.0546876,76.9234412,12.62,246.8,,,,,,11.0593092,76.9235564,0.00,95.87,
198.07,dr,11.0546861,76.9234310,12.62,247.6,,,,,,11.0593092,76.9235564,0.00,95.97,
198.17,dr,11.0546848,76.9234208,12.62,248.8,,,,,,11.0593092,76.9235564,0.00,96.08,
198.27,dr,11.0546840,76.9234105,12.62,249.9,,,,,,11.0593092,76.9235564,0.00,96.17,
198.37,dr,11.0546836,76.9234002,12.62,251.1,,,,,,11.0593092,76.9235564,0.00,96.28,
198.47,dr,11.0546835,76.9233899,12.62,252.2,,,,,,11.0593092,76.9235564,0.00,96.37,
198.58,dr,11.0546840,76.9233795,12.62,252.6,,,,,,11.0593092,76.9235564,0.00,96.48,
198.67,dr,11.0546844,76.9233694,12.32,253.2,,,,,,11.0593092,76.9235564,0.00,96.57,
198.77,dr,11.0546851,76.9233592,12.32,253.5,,,,,,11.0593092,76.9235564,0.00,96.67,
198.87,dr,11.0546859,76.9233491,12.32,253.7,,,,,,11.0593092,76.9235564,0.00,96.77,
198.97,dr,11.0546868,76.9233389,12.32,254.0,,,,,,11.0593092,76.9235564,0.00,96.87,
199.07,dr,11.0546879,76.9233288,12.32,254.0,,,,,,11.0593092,76.9235564,0.00,96.97,
199.17,dr,11.0546889,76.9233187,12.32,255.4,,,,,,11.0593092,76.9235564,0.00,97.08,
199.27,dr,11.0546905,76.9233085,12.32,256.0,,,,,,11.0593092,76.9235564,0.00,97.17,
199.37,dr,11.0546922,76.9232984,12.32,256.7,,,,,,11.0593092,76.9235564,0.00,97.28,
199.47,dr,11.0546943,76.9232882,12.32,257.2,,,,,,11.0593092,76.9235564,0.00,97.37,
199.58,dr,11.0546966,76.9232781,12.32,257.6,,,,,,11.0593092,76.9235564,0.00,97.49,
199.67,dr,11.0546987,76.9232693,10.74,258.1,,,,,,11.0593092,76.9235564,0.00,97.57,
199.77,dr,11.0547010,76.9232605,10.74,258.7,,,,,,11.0593092,76.9235564,0.00,97.67,
199.87,dr,11.0547035,76.9232516,10.74,258.8,,,,,,11.0593092,76.9235564,0.00,97.78,
199.97,dr,11.0547061,76.9232428,10.74,258.6,,,,,,11.0593092,76.9235564,0.00,97.87,
200.07,dr,11.0547086,76.9232341,10.74,258.6,,,,,,11.0593092,76.9235564,0.00,97.97,
200.17,dr,11.0547112,76.9232253,10.74,258.6,,,,,,11.0593092,76.9235564,0.00,98.08,
200.27,dr,11.0547138,76.9232166,10.74,258.8,,,,,,11.0593092,76.9235564,0.00,98.17,
200.37,dr,11.0547165,76.9232078,10.74,259.0,,,,,,11.0593092,76.9235564,0.00,98.28,
200.47,dr,11.0547193,76.9231991,10.74,258.8,,,,,,11.0593092,76.9235564,0.00,98.37,
200.57,dr,11.0547220,76.9231904,10.74,259.1,,,,,,11.0593092,76.9235564,0.00,98.48,
200.67,dr,11.0547250,76.9231814,11.14,259.2,,,,,,11.0593092,76.9235564,0.00,98.57,
200.77,dr,11.0547281,76.9231724,11.14,259.9,,,,,,11.0593092,76.9235564,0.00,98.67,
200.87,dr,11.0547314,76.9231635,11.14,260.3,,,,,,11.0593092,76.9235564,0.00,98.77,
200.97,dr,11.0547349,76.9231545,11.14,260.6,,,,,,11.0593092,76.9235564,0.00,98.87,
201.07,dr,11.0547386,76.9231456,11.14,261.2,,,,,,11.0593092,76.9235564,0.00,98.97,
201.17,dr,11.0547425,76.9231367,11.14,262.2,,,,,,11.0593092,76.9235564,0.00,99.08,
201.27,dr,11.0547468,76.9231279,11.14,263.1,,,,,,11.0593092,76.9235564,0.00,99.17,
201.37,dr,11.0547514,76.9231190,11.14,264.4,,,,,,11.0593092,76.9235564,0.00,99.27,
201.47,dr,11.0547565,76.9231103,11.14,265.9,,,,,,11.0593092,76.9235564,0.00,99.37,
201.57,dr,11.0547622,76.9231015,11.14,267.5,,,,,,11.0593092,76.9235564,0.00,99.48,
201.67,dr,11.0547669,76.9230951,8.32,269.2,,,,,,11.0593092,76.9235564,0.00,99.57,
201.77,dr,11.0547721,76.9230886,8.32,270.6,,,,,,11.0593092,76.9235564,0.00,99.67,
201.87,dr,11.0547777,76.9230823,8.32,269.8,,,,,,11.0593092,76.9235564,0.00,99.77,
201.97,dr,11.0547832,76.9230759,8.32,274.0,,,,,,11.0593092,76.9235564,0.00,99.87,
202.07,dr,11.0547898,76.9230697,8.32,275.8,,,,,,11.0593092,76.9235564,0.00,99.97,
202.17,dr,11.0547970,76.9230636,8.32,277.1,,,,,,11.0593092,76.9235564,0.00,100.08,
202.27,dr,11.0548045,76.9230576,8.32,280.0,,,,,,11.0593092,76.9235564,0.00,100.18,
202.37,dr,11.0548129,76.9230518,8.32,280.2,,,,,,11.0593092,76.9235564,0.00,100.27,
202.47,dr,11.0548214,76.9230460,8.32,283.3,,,,,,11.0593092,76.9235564,0.00,100.37,
202.58,dr,11.0548309,76.9230404,8.32,286.0,,,,,,11.0593092,76.9235564,0.00,100.49,
202.67,dr,11.0548455,76.9230327,11.81,288.0,,,,,,11.0593092,76.9235564,0.00,100.57,
202.77,dr,11.0548610,76.9230253,11.81,290.2,,,,,,11.0593092,76.9235564,0.00,100.67,
202.86,dr,11.0548777,76.9230183,11.81,293.1,,,,,,11.0593092,76.9235564,0.00,100.77,
202.97,dr,11.0548956,76.9230116,11.81,295.5,,,,,,11.0593092,76.9235564,0.00,100.87,
203.07,dr,11.0549148,76.9230053,11.81,299.0,,,,,,11.0593092,76.9235564,0.00,100.97,
203.17,dr,11.0549355,76.9229996,11.81,301.8,,,,,,11.0593092,76.9235564,0.00,101.08,
203.27,dr,11.0549576,76.9229944,11.81,305.1,,,,,,11.0593092,76.9235564,0.00,101.17,
203.37,dr,11.0549812,76.9229898,11.81,307.6,,,,,,11.0593092,76.9235564,0.00,101.27,
203.47,dr,11.0550061,76.9229857,11.81,310.4,,,,,,11.0593092,76.9235564,0.00,101.37,
203.58,dr,11.0550323,76.9229822,11.81,312.5,,,,,,11.0593092,76.9235564,0.00,101.49,
203.67,dr,11.0550581,76.9229794,11.11,314.6,,,,,,11.0593092,76.9235564,0.00,101.57,
203.77,dr,11.0550850,76.9229770,11.11,315.0,,,,,,11.0593092,76.9235564,0.00,101.67,
203.87,dr,11.0551125,76.9229749,11.11,315.5,,,,,,11.0593092,76.9235564,0.00,101.77,
203.97,dr,11.0551407,76.9229730,11.11,316.6,,,,,,11.0593092,76.9235564,0.00,101.88,
204.07,dr,11.0551697,76.9229715,11.11,317.4,,,,,,11.0593092,76.9235564,0.00,101.97,
204.17,dr,11.0551994,76.9229703,11.11,318.7,,,,,,11.0593092,76.9235564,0.00,102.08,
204.27,dr,11.0552301,76.9229695,11.11,319.9,,,,,,11.0593092,76.9235564,0.00,102.17,
204.37,dr,11.0552616,76.9229690,11.11,321.1,,,,,,11.0593092,76.9235564,0.00,102.27,
204.47,dr,11.0552941,76.9229690,11.11,322.2,,,,,,11.0593092,76.9235564,0.00,102.37,
204.58,dr,11.0553244,76.9229687,11.11,322.8,,,,,,11.0593092,76.9235564,0.00,102.49,
204.67,dr,11.0553599,76.9229693,11.59,322.9,,,,,,11.0593092,76.9235564,0.00,102.57,
204.77,dr,11.0553961,76.9229702,11.59,326.0,,,,,,11.0593092,76.9235564,0.00,102.67,
204.87,dr,11.0554336,76.9229719,11.59,321.2,,,,,,11.0593092,76.9235564,0.00,102.77,
204.97,dr,11.0554707,76.9229730,11.59,323.7,,,,,,11.0593092,76.9235564,0.00,102.87,
205.07,dr,11.0555091,76.9229747,11.59,320.7,,,,,,11.0593092,76.9235564,0.00,102.97,
205.17,dr,11.0555474,76.9229762,11.59,322.2,,,,,,11.0593092,76.9235564,0.00,103.07,
205.27,dr,11.0555867,76.9229782,11.59,317.0,,,,,,11.0593092,76.9235564,0.00,103.17,
205.36,dr,11.0556253,76.9229796,11.59,317.6,,,,,,11.0593092,76.9235564,0.00,103.27,
205.47,dr,11.0556646,76.9229814,11.59,316.3,,,,,,11.0593092,76.9235564,0.00,103.37,
205.57,dr,11.0557019,76.9229827,11.59,316.0,,,,,,11.0593092,76.9235564,0.00,103.48,
205.67,dr,11.0557449,76.9229848,12.44,314.8,,,,,,11.0593092,76.9235564,0.00,103.57,
205.77,dr,11.0557883,76.9229871,12.44,315.0,,,,,,11.0593092,76.9235564,0.00,103.67,
205.87,dr,11.0558324,76.9229897,12.44,314.5,,,,,,11.0593092,76.9235564,0.00,103.77,
205.97,dr,11.0558771,76.9229925,12.44,314.2,,,,,,11.0593092,76.9235564,0.00,103.87,
206.07,dr,11.0559223,76.9229956,12.44,313.3,,,,,,11.0593092,76.9235564,0.00,103.97,
206.17,dr,11.0559679,76.9229988,12.44,312.6,,,,,,11.0593092,76.9235564,0.00,104.08,
206.27,dr,11.0560139,76.9230023,12.44,311.9,,,,,,11.0593092,76.9235564,0.00,104.17,
206.37,dr,11.0560604,76.9230059,12.44,310.8,,,,,,11.0593092,76.9235564,0.00,104.27,
206.47,dr,11.0561070,76.9230097,12.44,309.7,,,,,,11.0593092,76.9235564,0.00,104.37,
206.58,dr,11.0561513,76.9230130,12.44,308.8,,,,,,11.0593092,76.9235564,0.00,104.48,
206.67,dr,11.0562005,76.9230171,13.00,307.6,,,,,,11.0593092,76.9235564,0.00,104.57,
206.77,dr,11.0562497,76.9230214,13.00,306.3,,,,,,11.0593092,76.9235564,0.00,104.68,
206.87,dr,11.0562990,76.9230259,13.00,305.7,,,,,,11.0593092,76.9235564,0.00,104.77,
206.97,dr,11.0563487,76.9230305,13.00,305.0,,,,,,11.0593092,76.9235564,0.00,104.88,
207.07,dr,11.0563986,76.9230354,13.00,304.7,,,,,,11.0593092,76.9235564,0.00,104.97,
207.17,dr,11.0564488,76.9230405,13.00,303.8,,,,,,11.0593092,76.9235564,0.00,105.08,
207.27,dr,11.0564992,76.9230458,13.00,303.6,,,,,,11.0593092,76.9235564,0.00,105.17,
207.37,dr,11.0565499,76.9230514,13.00,303.0,,,,,,11.0593092,76.9235564,0.00,105.27,
207.47,dr,11.0566008,76.9230572,13.00,302.0,,,,,,11.0593092,76.9235564,0.00,105.37,
207.58,dr,11.0566486,76.9230624,13.00,300.7,,,,,,11.0593092,76.9235564,0.00,105.49,
207.67,dr,11.0566957,76.9230679,12.10,299.7,,,,,,11.0593092,76.9235564,0.00,105.57,
207.77,dr,11.0567427,76.9230736,12.10,299.1,,,,,,11.0593092,76.9235564,0.00,105.67,
207.87,dr,11.0567898,76.9230794,12.10,297.8,,,,,,11.0593092,76.9235564,0.00,105.77,
207.97,dr,11.0568365,76.9230853,12.10,296.8,,,,,,11.0593092,76.9235564,0.00,105.88,
208.07,dr,11.0568830,76.9230912,12.10,296.5,,,,,,11.0593092,76.9235564,0.00,105.97,
208.17,dr,11.0569296,76.9230973,12.10,295.2,,,,,,11.0593092,76.9235564,0.00,106.08,
208.27,dr,11.0569758,76.9231035,12.10,294.2,,,,,,11.0593092,76.9235564,0.00,106.17,
208.37,dr,11.0570217,76.9231097,12.10,293.4,,,,,,11.0593092,76.9235564,0.00,106.27,
208.47,dr,11.0570673,76.9231160,12.10,292.8,,,,,,11.0593092,76.9235564,0.00,106.37,
208.58,dr,11.0571096,76.9231216,12.10,292.0,,,,,,11.0593092,76.9235564,0.00,106.49,
208.67,dr,11.0571486,76.9231272,10.46,291.3,,,,,,11.0593092,76.9235564,0.00,106.57,
208.77,dr,11.0571874,76.9231328,10.46,290.6,,,,,,11.0593092,76.9235564,0.00,106.67,
208.87,dr,11.0572260,76.9231384,10.46,290.3,,,,,,11.0593092,76.9235564,0.00,106.77,
208.97,dr,11.0572644,76.9231442,10.46,289.5,,,,,,11.0593092,76.9235564,0.00,106.88,
209.07,dr,11.0573024,76.9231500,10.46,288.7,,,,,,11.0593092,76.9235564,0.00,106.97,
209.17,dr,11.0573401,76.9231557,10.46,287.9,,,,,,11.0593092,76.9235564,0.00,107.08,
209.27,dr,11.0573774,76.9231615,10.46,287.2,,,,,,11.0593092,76.9235564,0.00,107.17,
209.37,dr,11.0574144,76.9231673,10.46,286.3,,,,,,11.0593092,76.9235564,0.00,107.27,
209.47,dr,11.0574509,76.9231731,10.46,285.4,,,,,,11.0593092,76.9235564,0.00,107.37,
209.58,dr,11.0574839,76.9231781,10.46,284.8,,,,,,11.0593092,76.9235564,0.00,107.48,
209.67,dr,11.0575160,76.9231833,9.40,283.8,,,,,,11.0593092,76.9235564,0.00,107.58,
209.77,dr,11.0575477,76.9231884,9.40,283.1,,,,,,11.0593092,76.9235564,0.00,107.67,
209.87,dr,11.0575790,76.9231935,9.40,281.8,,,,,,11.0593092,76.9235564,0.00,107.77,
209.97,dr,11.0576098,76.9231986,9.40,281.2,,,,,,11.0593092,76.9235564,0.00,107.87,
210.07,dr,11.0576403,76.9232036,9.40,280.2,,,,,,11.0593092,76.9235564,0.00,107.98,
210.17,dr,11.0576703,76.9232086,9.40,279.7,,,,,,11.0593092,76.9235564,0.00,108.08,
210.27,dr,11.0577000,76.9232136,9.40,278.8,,,,,,11.0593092,76.9235564,0.00,108.18,
210.37,dr,11.0577293,76.9232185,9.40,278.1,,,,,,11.0593092,76.9235564,0.00,108.27,
210.47,dr,11.0577581,76.9232234,9.40,277.4,,,,,,11.0593092,76.9235564,0.00,108.37,
210.58,dr,11.0577848,76.9232278,9.40,276.8,,,,,,11.0593092,76.9235564,0.00,108.49,
210.67,dr,11.0578233,76.9232345,12.94,275.7,,,,,,11.0593092,76.9235564,0.00,108.57,
210.77,dr,11.0578609,76.9232410,12.94,274.7,,,,,,11.0593092,76.9235564,0.00,108.67,
210.87,dr,11.0578978,76.9232475,12.94,273.8,,,,,,11.0593092,76.9235564,0.00,108.77,
210.97,dr,11.0579338,76.9232539,12.94,272.8,,,,,,11.0593092,76.9235564,0.00,108.87,
211.07,dr,11.0579690,76.9232601,12.94,271.9,,,,,,11.0593092,76.9235564,0.00,108.98,
211.17,dr,11.0580034,76.9232663,12.94,271.2,,,,,,11.0593092,76.9235564,0.00,109.08,
211.27,dr,11.0580371,76.9232724,12.94,270.6,,,,,,11.0593092,76.9235564,0.00,109.17,
211.37,dr,11.0580700,76.9232784,12.94,270.0,,,,,,11.0593092,76.9235564,0.00,109.27,
211.47,dr,11.0581021,76.9232844,12.94,270.3,,,,,,11.0593092,76.9235564,0.00,109.37,
211.58,dr,11.0581327,76.9232901,12.94,269.2,,,,,,11.0593092,76.9235564,0.00,109.48,
211.67,dr,11.0581557,76.9232944,9.63,268.7,,,,,,11.0593092,76.9235564,0.00,109.57,
211.77,dr,11.0581783,76.9232987,9.63,268.1,,,,,,11.0593092,76.9235564,0.00,109.67,
211.87,dr,11.0582004,76.9233029,9.63,267.3,,,,,,11.0593092,76.9235564,0.00,109.77,
211.97,dr,11.0582221,76.9233071,9.63,266.4,,,,,,11.0593092,76.9235564,0.00,109.87,
212.07,dr,11.0582432,76.9233111,9.63,265.4,,,,,,11.0593092,76.9235564,0.00,109.97,
212.17,dr,11.0582639,76.9233151,9.63,264.5,,,,,,11.0593092,76.9235564,0.00,110.08,
212.27,dr,11.0582840,76.9233190,9.63,263.8,,,,,,11.0593092,76.9235564,0.00,110.17,
212.37,dr,11.0583037,76.9233228,9.63,263.2,,,,,,11.0593092,76.9235564,0.00,110.27,
212.47,dr,11.0583230,76.9233265,9.63,262.7,,,,,,11.0593092,76.9235564,0.00,110.37,
212.57,dr,11.0583415,76.9233301,9.63,262.2,,,,,,11.0593092,76.9235564,0.00,110.48,
212.67,dr,11.0583662,76.9233349,12.90,262.6,,,,,,11.0593092,76.9235564,0.00,110.57,
212.77,dr,11.0583905,76.9233397,12.90,263.7,,,,,,11.0593092,76.9235564,0.00,110.67,
212.86,dr,11.0584144,76.9233445,12.90,265.8,,,,,,11.0593092,76.9235564,0.00,110.77,
212.97,dr,11.0584382,76.9233495,12.90,266.2,,,,,,11.0593092,76.9235564,0.00,110.87,
213.07,dr,11.0584615,76.9233544,12.90,268.0,,,,,,11.0593092,76.9235564,0.00,110.98,
213.17,dr,11.0584845,76.9233594,12.90,267.1,,,,,,11.0593092,76.9235564,0.00,111.08,
213.27,dr,11.0585068,76.9233642,12.90,266.1,,,,,,11.0593092,76.9235564,0.00,111.17,
213.37,dr,11.0585283,76.9233689,12.90,265.3,,,,,,11.0593092,76.9235564,0.00,111.27,
213.47,dr,11.0585490,76.9233734,12.90,265.6,,,,,,11.0593092,76.9235564,0.00,111.37,
213.58,dr,11.0585677,76.9233778,12.90,266.2,,,,,,11.0593092,76.9235564,0.00,111.48,
213.67,dr,11.0585877,76.9233822,13.04,266.8,,,,,,11.0593092,76.9235564,0.00,111.58,
213.77,dr,11.0586073,76.9233866,13.04,267.3,,,,,,11.0593092,76.9235564,0.00,111.67,
213.87,dr,11.0586264,76.9233910,13.04,267.5,,,,,,11.0593092,76.9235564,0.00,111.77,
213.97,dr,11.0586449,76.9233952,13.04,268.1,,,,,,11.0593092,76.9235564,0.00,111.87,
214.07,dr,11.0586630,76.9233993,13.04,268.8,,,,,,11.0593092,76.9235564,0.00,111.97,
214.17,dr,11.0586805,76.9234034,13.04,268.4,,,,,,11.0593092,76.9235564,0.00,112.08,
214.27,dr,11.0586975,76.9234074,13.04,268.8,,,,,,11.0593092,76.9235564,0.00,112.17,
214.37,dr,11.0587139,76.9234112,13.04,267.3,,,,,,11.0593092,76.9235564,0.00,112.27,
214.47,dr,11.0587297,76.9234149,13.04,268.1,,,,,,11.0593092,76.9235564,0.00,112.37,
214.58,dr,11.0587433,76.9234203,13.04,269.7,,,,,,11.0593092,76.9235564,0.00,112.49,
214.67,dr,11.0587579,76.9234239,12.46,270.9,,,,,,11.0593092,76.9235564,0.00,112.57,
214.77,dr,11.0587722,76.9234273,12.46,272.6,,,,,,11.0593092,76.9235564,0.00,112.67,
214.87,dr,11.0587861,76.9234308,12.46,274.4,,,,,,11.0593092,76.9235564,0.00,112.77,
214.97,dr,11.0587997,76.9234342,12.46,276.9,,,,,,11.0593092,76.9235564,0.00,112.87,
215.07,dr,11.0588130,76.9234376,12.46,279.2,,,,,,11.0593092,76.9235564,0.00,112.97,
215.17,dr,11.0588260,76.9234410,12.46,282.1,,,,,,11.0593092,76.9235564,0.00,113.08,
215.27,dr,11.0588387,76.9234443,12.46,285.2,,,,,,11.0593092,76.9235564,0.00,113.17,
215.37,dr,11.0588511,76.9234476,12.46,288.2,,,,,,11.0593092,76.9235564,0.00,113.28,
215.47,dr,11.0588631,76.9234508,12.46,290.3,,,,,,11.0593092,76.9235564,0.00,113.37,
215.58,dr,11.0588774,76.9234680,12.46,295.3,,,,,,11.0593092,76.9235564,0.00,113.48,
215.67,dr,11.0588872,76.9234710,9.91,299.5,,,,,,11.0593092,76.9235564,0.00,113.57,
215.77,dr,11.0588967,76.9234740,9.91,304.3,,,,,,11.0593092,76.9235564,0.00,113.67,
215.87,dr,11.0589058,76.9234769,9.91,308.8,,,,,,11.0593092,76.9235564,0.00,113.77,
215.97,dr,11.0589146,76.9234798,9.91,313.3,,,,,,11.0593092,76.9235564,0.00,113.87,
216.07,dr,11.0589231,76.9234826,9.91,316.8,,,,,,11.0593092,76.9235564,0.00,113.97,
216.17,dr,11.0589311,76.9234854,9.91,320.3,,,,,,11.0593092,76.9235564,0.00,114.08,
216.27,dr,11.0589388,76.9234880,9.91,323.7,,,,,,11.0593092,76.9235564,0.00,114.17,
216.37,dr,11.0589461,76.9234906,9.91,326.8,,,,,,11.0593092,76.9235564,0.00,114.27,
216.47,dr,11.0589531,76.9234930,9.91,329.9,,,,,,11.0593092,76.9235564,0.00,114.37,
216.57,dr,11.0589599,76.9235031,9.91,332.4,,,,,,11.0593092,76.9235564,0.00,114.48,
216.67,dr,11.0589667,76.9235057,10.67,335.6,,,,,,11.0593092,76.9235564,0.00,114.57,
216.77,dr,11.0589731,76.9235081,10.67,338.9,,,,,,11.0593092,76.9235564,0.00,114.67,
216.87,dr,11.0589791,76.9235104,10.67,341.7,,,,,,11.0593092,76.9235564,0.00,114.77,
216.97,dr,11.0589847,76.9235126,10.67,344.3,,,,,,11.0593092,76.9235564,0.00,114.87,
217.07,dr,11.0589900,76.9235147,10.67,346.6,,,,,,11.0593092,76.9235564,0.00,114.97,
217.17,dr,11.0589950,76.9235167,10.67,348.4,,,,,,11.0593092,76.9235564,0.00,115.08,
217.27,dr,11.0589997,76.9235185,10.67,349.8,,,,,,11.0593092,76.9235564,0.00,115.17,
217.37,dr,11.0590042,76.9235204,10.67,350.7,,,,,,11.0593092,76.9235564,0.00,115.27,
217.47,dr,11.0590085,76.9235221,10.67,351.2,,,,,,11.0593092,76.9235564,0.00,115.37,
217.57,dr,11.0590121,76.9235274,10.67,349.9,,,,,,11.0593092,76.9235564,0.00,115.48,
217.67,dr,11.0590163,76.9235291,10.86,349.2,,,,,,11.0593092,76.9235564,0.00,115.57,
217.77,dr,11.0590204,76.9235307,10.86,348.0,,,,,,11.0593092,76.9235564,0.00,115.67,
217.87,dr,11.0590244,76.9235323,10.86,346.9,,,,,,11.0593092,76.9235564,0.00,115.77,
217.97,dr,11.0590285,76.9235339,10.86,345.3,,,,,,11.0593092,76.9235564,0.00,115.87,
218.07,dr,11.0590325,76.9235354,10.86,343.8,,,,,,11.0593092,76.9235564,0.00,115.98,
218.17,dr,11.0590365,76.9235369,10.86,341.9,,,,,,11.0593092,76.9235564,0.00,116.08,
218.27,dr,11.0590406,76.9235384,10.86,339.9,,,,,,11.0593092,76.9235564,0.00,116.17,
218.37,dr,11.0590446,76.9235399,10.86,337.8,,,,,,11.0593092,76.9235564,0.00,116.27,
218.47,dr,11.0590486,76.9235413,10.86,335.7,,,,,,11.0593092,76.9235564,0.00,116.37,
218.57,dr,11.0590520,76.9235467,10.86,332.7,,,,,,11.0593092,76.9235564,0.00,116.48,
218.67,dr,11.0590548,76.9235477,7.58,330.3,,,,,,11.0593092,76.9235564,0.00,116.57,
218.76,dr,11.0590577,76.9235486,7.58,327.8,,,,,,11.0593092,76.9235564,0.00,116.67,
218.86,dr,11.0590605,76.9235496,7.58,324.9,,,,,,11.0593092,76.9235564,0.00,116.77,
218.97,dr,11.0590634,76.9235505,7.58,322.0,,,,,,11.0593092,76.9235564,0.00,116.87,
219.07,dr,11.0590663,76.9235514,7.58,318.8,,,,,,11.0593092,76.9235564,0.00,116.97,
219.17,dr,11.0590692,76.9235523,7.58,315.4,,,,,,11.0593092,76.9235564,0.00,117.08,
219.27,dr,11.0590721,76.9235531,7.58,312.3,,,,,,11.0593092,76.9235564,0.00,117.17,
219.37,dr,11.0590750,76.9235540,7.58,308.6,,,,,,11.0593092,76.9235564,0.00,117.27,
219.47,dr,11.0590778,76.9235548,7.58,305.2,,,,,,11.0593092,76.9235564,0.00,117.37,
219.58,dr,11.0590809,76.9235574,7.58,301.9,,,,,,11.0593092,76.9235564,0.00,117.49,
219.67,dr,11.0590838,76.9235581,7.75,297.9,,,,,,11.0593092,76.9235564,0.00,117.57,
219.77,dr,11.0590867,76.9235589,7.75,293.4,,,,,,11.0593092,76.9235564,0.00,117.67,
219.87,dr,11.0590895,76.9235596,7.75,289.6,,,,,,11.0593092,76.9235564,0.00,117.78,
219.97,dr,11.0590923,76.9235603,7.75,285.8,,,,,,11.0593092,76.9235564,0.00,117.87,
220.07,dr,11.0590950,76.9235609,7.75,282.1,,,,,,11.0593092,76.9235564,0.00,117.97,
220.17,dr,11.0590976,76.9235615,7.75,278.5,,,,,,11.0593092,76.9235564,0.00,118.08,
220.27,dr,11.0591002,76.9235621,7.75,275.0,,,,,,11.0593092,76.9235564,0.00,118.17,
220.37,dr,11.0591027,76.9235627,7.75,271.9,,,,,,11.0593092,76.9235564,0.00,118.27,
220.47,dr,11.0591051,76.9235632,7.75,268.8,,,,,,11.0593092,76.9235564,0.00,118.37,
220.57,dr,11.0591076,76.9235637,7.75,266.5,,,,,,11.0593092,76.9235564,0.00,118.48,
220.67,dr,11.0591097,76.9235641,7.50,263.5,,,,,,11.0593092,76.9235564,0.00,118.58,
220.77,dr,11.0591118,76.9235645,7.50,260.3,,,,,,11.0593092,76.9235564,0.00,118.67,
220.87,dr,11.0591138,76.9235649,7.50,257.5,,,,,,11.0593092,76.9235564,0.00,118.78,
220.97,dr,11.0591157,76.9235652,7.50,254.8,,,,,,11.0593092,76.9235564,0.00,118.87,
221.07,dr,11.0591175,76.9235656,7.50,252.6,,,,,,11.0593092,76.9235564,0.00,118.97,
221.17,dr,11.0591192,76.9235659,7.50,251.1,,,,,,11.0593092,76.9235564,0.00,119.08,
221.27,dr,11.0591209,76.9235662,7.50,249.6,,,,,,11.0593092,76.9235564,0.00,119.17,
221.37,dr,11.0591225,76.9235664,7.50,248.5,,,,,,11.0593092,76.9235564,0.00,119.27,
221.47,dr,11.0591241,76.9235667,7.50,247.9,,,,,,11.0593092,76.9235564,0.00,119.37,
221.58,dr,11.0591257,76.9235669,7.50,247.5,,,,,,11.0593092,76.9235564,0.00,119.49,
221.67,dr,11.0591277,76.9235672,10.07,247.6,,,,,,11.0593092,76.9235564,0.00,119.57,
221.77,dr,11.0591296,76.9235675,10.07,248.1,,,,,,11.0593092,76.9235564,0.00,119.67,
221.87,dr,11.0591315,76.9235678,10.07,249.0,,,,,,11.0593092,76.9235564,0.00,119.78,
221.97,dr,11.0591334,76.9235681,10.07,250.2,,,,,,11.0593092,76.9235564,0.00,119.87,
222.07,dr,11.0591352,76.9235684,10.07,251.8,,,,,,11.0593092,76.9235564,0.00,119.98,
222.17,dr,11.0591370,76.9235687,10.07,253.8,,,,,,11.0593092,76.9235564,0.00,120.08,
222.27,dr,11.0591388,76.9235690,10.07,255.9,,,,,,11.0593092,76.9235564,0.00,120.17,
222.37,dr,11.0591406,76.9235693,10.07,257.9,,,,,,11.0593092,76.9235564,0.00,120.27,
222.47,dr,11.0591424,76.9235696,10.07,259.5,,,,,,11.0593092,76.9235564,0.00,120.37,
222.58,dr,11.0591443,76.9235700,10.07,261.2,,,,,,11.0593092,76.9235564,0.00,120.49,
222.67,dr,11.0591458,76.9235703,9.28,261.8,,,,,,11.0593092,76.9235564,0.00,120.57,
222.77,dr,11.0591474,76.9235706,9.28,261.7,,,,,,11.0593092,76.9235564,0.00,120.67,
222.87,dr,11.0591488,76.9235708,9.28,260.8,,,,,,11.0593092,76.9235564,0.00,120.77,
222.97,dr,11.0591503,76.9235711,9.28,259.0,,,,,,11.0593092,76.9235564,0.00,120.87,
223.07,dr,11.0591517,76.9235713,9.28,256.8,,,,,,11.0593092,76.9235564,0.00,120.97,
223.17,dr,11.0591530,76.9235715,9.28,254.4,,,,,,11.0593092,76.9235564,0.00,121.08,
223.27,dr,11.0591542,76.9235717,9.28,252.0,,,,,,11.0593092,76.9235564,0.00,121.17,
223.37,dr,11.0591554,76.9235719,9.28,249.8,,,,,,11.0593092,76.9235564,0.00,121.27,
223.47,dr,11.0591565,76.9235720,9.28,248.2,,,,,,11.0593092,76.9235564,0.00,121.37,
223.58,dr,11.0591577,76.9235721,9.28,247.2,,,,,,11.0593092,76.9235564,0.00,121.49,
223.67,dr,11.0591587,76.9235723,9.69,246.9,,,,,,11.0593092,76.9235564,0.00,121.57,
223.77,dr,11.0591598,76.9235724,9.69,247.5,,,,,,11.0593092,76.9235564,0.00,121.67,
223.87,dr,11.0591608,76.9235725,9.69,249.2,,,,,,11.0593092,76.9235564,0.00,121.77,
223.97,dr,11.0591618,76.9235726,9.69,251.7,,,,,,11.0593092,76.9235564,0.00,121.87,
224.07,dr,11.0591629,76.9235728,9.69,254.1,,,,,,11.0593092,76.9235564,0.00,121.97,
224.17,dr,11.0591639,76.9235729,9.69,256.3,,,,,,11.0593092,76.9235564,0.00,122.08,
224.27,dr,11.0591649,76.9235731,9.69,257.8,,,,,,11.0593092,76.9235564,0.00,122.17,
224.37,dr,11.0591659,76.9235732,9.69,258.4,,,,,,11.0593092,76.9235564,0.00,122.27,
224.47,dr,11.0591669,76.9235733,9.69,258.3,,,,,,11.0593092,76.9235564,0.00,122.37,
224.58,dr,11.0591680,76.9235734,9.69,257.9,,,,,,11.0593092,76.9235564,0.00,122.49,
224.67,dr,11.0591690,76.9235735,10.45,256.6,,,,,,11.0593092,76.9235564,0.00,122.57,
224.77,dr,11.0591700,76.9235736,10.45,255.4,,,,,,11.0593092,76.9235564,0.00,122.67,
224.87,dr,11.0591709,76.9235737,10.45,253.9,,,,,,11.0593092,76.9235564,0.00,122.77,
224.97,dr,11.0591717,76.9235738,10.45,252.5,,,,,,11.0593092,76.9235564,0.00,122.87,
225.07,dr,11.0591726,76.9235738,10.45,251.7,,,,,,11.0593092,76.9235564,0.00,122.98,
225.17,dr,11.0591733,76.9235739,10.45,251.4,,,,,,11.0593092,76.9235564,0.00,123.08,
225.27,dr,11.0591741,76.9235739,10.45,252.0,,,,,,11.0593092,76.9235564,0.00,123.17,
225.37,dr,11.0591749,76.9235740,10.45,253.3,,,,,,11.0593092,76.9235564,0.00,123.28,
225.47,dr,11.0591756,76.9235740,10.45,255.1,,,,,,11.0593092,76.9235564,0.00,123.37,
225.57,dr,11.0591766,76.9235739,10.45,258.0,,,,,,11.0593092,76.9235564,0.00,123.48,
225.67,dr,11.0591774,76.9235740,11.71,260.7,,,,,,11.0593092,76.9235564,0.00,123.58,
225.77,dr,11.0591782,76.9235740,11.71,263.3,,,,,,11.0593092,76.9235564,0.00,123.67,
225.87,dr,11.0591790,76.9235741,11.71,266.2,,,,,,11.0593092,76.9235564,0.00,123.77,
225.97,dr,11.0591798,76.9235741,11.71,269.4,,,,,,11.0593092,76.9235564,0.00,123.87,
226.07,dr,11.0591806,76.9235741,11.71,272.7,,,,,,11.0593092,76.9235564,0.00,123.97,
226.17,dr,11.0591814,76.9235742,11.71,276.0,,,,,,11.0593092,76.9235564,0.00,124.08,
226.27,dr,11.0591822,76.9235742,11.71,279.8,,,,,,11.0593092,76.9235564,0.00,124.17,
226.37,dr,11.0591829,76.9235743,11.71,283.8,,,,,,11.0593092,76.9235564,0.00,124.28,
226.47,dr,11.0591837,76.9235743,11.71,287.7,,,,,,11.0593092,76.9235564,0.00,124.37,
226.58,dr,11.0591851,76.9235773,11.71,292.2,,,,,,11.0593092,76.9235564,0.00,124.49,
226.67,dr,11.0591856,76.9235773,8.37,296.4,,,,,,11.0593092,76.9235564,0.00,124.57,
226.77,dr,11.0591861,76.9235774,8.37,299.6,,,,,,11.0593092,76.9235564,0.00,124.67,
226.87,dr,11.0591866,76.9235774,8.37,303.8,,,,,,11.0593092,76.9235564,0.00,124.77,
226.97,dr,11.0591871,76.9235775,8.37,307.9,,,,,,11.0593092,76.9235564,0.00,124.88,
227.07,dr,11.0591876,76.9235775,8.37,311.8,,,,,,11.0593092,76.9235564,0.00,124.97,
227.17,dr,11.0591881,76.9235776,8.37,315.7,,,,,,11.0593092,76.9235564,0.00,125.08,
227.27,dr,11.0591885,76.9235776,8.37,319.3,,,,,,11.0593092,76.9235564,0.00,125.17,
227.37,dr,11.0591890,76.9235777,8.37,323.0,,,,,,11.0593092,76.9235564,0.00,125.27,
227.47,dr,11.0591894,76.9235777,8.37,326.4,,,,,,11.0593092,76.9235564,0.00,125.38,
227.58,dr,11.0591885,76.9235835,8.37,328.6,,,,,,11.0593092,76.9235564,0.00,125.48,
227.67,dr,11.0591889,76.9235836,8.76,331.9,,,,,,11.0593092,76.9235564,0.00,125.57,
227.77,dr,11.0591893,76.9235836,8.76,334.8,,,,,,11.0593092,76.9235564,0.00,125.67,
227.87,dr,11.0591897,76.9235837,8.76,337.5,,,,,,11.0593092,76.9235564,0.00,125.77,
227.97,dr,11.0591900,76.9235838,8.76,339.9,,,,,,11.0593092,76.9235564,0.00,125.87,
228.07,dr,11.0591904,76.9235839,8.76,342.1,,,,,,11.0593092,76.9235564,0.00,125.98,
228.17,dr,11.0591907,76.9235839,8.76,344.3,,,,,,11.0593092,76.9235564,0.00,126.08,
228.27,dr,11.0591910,76.9235840,8.76,346.3,,,,,,11.0593092,76.9235564,0.00,126.17,
228.37,dr,11.0591913,76.9235841,8.76,348.1,,,,,,11.0593092,76.9235564,0.00,126.27,
228.47,dr,11.0591916,76.9235841,8.76,349.7,,,,,,11.0593092,76.9235564,0.00,126.37,
228.57,dr,11.0591906,76.9235873,8.76,349.4,,,,,,11.0593092,76.9235564,0.00,126.48,
228.67,dr,11.0591909,76.9235874,9.26,350.4,,,,,,11.0593092,76.9235564,0.00,126.57,
228.77,dr,11.0591912,76.9235875,9.26,351.1,,,,,,11.0593092,76.9235564,0.00,126.67,
228.87,dr,11.0591915,76.9235875,9.26,351.5,,,,,,11.0593092,76.9235564,0.00,126.77,
228.97,dr,11.0591918,76.9235876,9.26,351.6,,,,,,11.0593092,76.9235564,0.00,126.87,
229.07,dr,11.0591920,76.9235877,9.26,351.3,,,,,,11.0593092,76.9235564,0.00,126.97,
229.17,dr,11.0591923,76.9235877,9.26,350.7,,,,,,11.0593092,76.9235564,0.00,127.08,
229.27,dr,11.0591926,76.9235878,9.26,349.9,,,,,,11.0593092,76.9235564,0.00,127.17,
229.37,dr,11.0591929,76.9235878,9.26,348.9,,,,,,11.0593092,76.9235564,0.00,127.27,
229.47,dr,11.0591931,76.9235879,9.26,347.5,,,,,,11.0593092,76.9235564,0.00,127.37,
229.58,dr,11.0591922,76.9235905,9.26,344.2,,,,,,11.0593092,76.9235564,0.00,127.48,
229.67,dr,11.0591925,76.9235905,11.30,343.0,,,,,,11.0593092,76.9235564,0.00,127.57,
229.77,dr,11.0591929,76.9235906,11.30,341.7,,,,,,11.0593092,76.9235564,0.00,127.67,
229.87,dr,11.0591932,76.9235906,11.30,340.8,,,,,,11.0593092,76.9235564,0.00,127.78,
229.97,dr,11.0591936,76.9235906,11.30,340.6,,,,,,11.0593092,76.9235564,0.00,127.87,
230.07,dr,11.0591939,76.9235907,11.30,340.1,,,,,,11.0593092,76.9235564,0.00,127.97,
230.17,dr,11.0591943,76.9235907,11.30,340.3,,,,,,11.0593092,76.9235564,0.00,128.08,
230.27,dr,11.0591946,76.9235907,11.30,340.5,,,,,,11.0593092,76.9235564,0.00,128.17,
230.37,dr,11.0591949,76.9235908,11.30,340.7,,,,,,11.0593092,76.9235564,0.00,128.27,
230.47,dr,11.0591953,76.9235908,11.30,341.1,,,,,,11.0593092,76.9235564,0.00,128.37,
230.57,dr,11.0591947,76.9235908,11.30,339.6,,,,,,11.0593092,76.9235564,0.00,128.48,
230.67,dr,11.0591951,76.9235908,11.44,340.0,,,,,,11.0593092,76.9235564,0.00,128.57,
230.77,dr,11.0591954,76.9235908,11.44,340.4,,,,,,11.0593092,76.9235564,0.00,128.67,
230.87,dr,11.0591957,76.9235908,11.44,340.9,,,,,,11.0593092,76.9235564,0.00,128.77,
230.97,dr,11.0591960,76.9235908,11.44,341.2,,,,,,11.0593092,76.9235564,0.00,128.87,
231.07,dr,11.0591964,76.9235908,11.44,341.7,,,,,,11.0593092,76.9235564,0.00,128.97,
231.17,dr,11.0591967,76.9235908,11.44,342.2,,,,,,11.0593092,76.9235564,0.00,129.08,
231.27,dr,11.0591970,76.9235908,11.44,342.6,,,,,,11.0593092,76.9235564,0.00,129.17,
231.37,dr,11.0591973,76.9235908,11.44,342.9,,,,,,11.0593092,76.9235564,0.00,129.27,
231.47,dr,11.0591976,76.9235908,11.44,343.3,,,,,,11.0593092,76.9235564,0.00,129.37,
231.57,dr,11.0591981,76.9235873,11.44,342.0,,,,,,11.0593092,76.9235564,0.00,129.48,
231.67,dr,11.0591983,76.9235873,8.23,342.4,,,,,,11.0593092,76.9235564,0.00,129.57,
231.77,dr,11.0591985,76.9235873,8.23,342.6,,,,,,11.0593092,76.9235564,0.00,129.67,
231.87,dr,11.0591988,76.9235873,8.23,343.5,,,,,,11.0593092,76.9235564,0.00,129.78,
231.97,dr,11.0591990,76.9235873,8.23,343.4,,,,,,11.0593092,76.9235564,0.00,129.87,
232.07,dr,11.0591992,76.9235873,8.23,343.6,,,,,,11.0593092,76.9235564,0.00,129.97,
232.17,dr,11.0591994,76.9235873,8.23,343.8,,,,,,11.0593092,76.9235564,0.00,130.08,
232.27,dr,11.0591996,76.9235873,8.23,344.1,,,,,,11.0593092,76.9235564,0.00,130.17,
232.37,dr,11.0591999,76.9235873,8.23,344.3,,,,,,11.0593092,76.9235564,0.00,130.27,
232.47,dr,11.0592001,76.9235872,8.23,344.3,,,,,,11.0593092,76.9235564,0.00,130.38,
232.58,dr,11.0592012,76.9235810,8.23,342.9,,,,,,11.0593092,76.9235564,0.00,130.48,
232.67,dr,11.0592015,76.9235810,10.57,342.8,,,,,,11.0593092,76.9235564,0.00,130.57,
232.77,dr,11.0592018,76.9235810,10.57,342.9,,,,,,11.0593092,76.9235564,0.00,130.67,
232.87,dr,11.0592021,76.9235809,10.57,343.0,,,,,,11.0593092,76.9235564,0.00,130.77,
232.97,dr,11.0592024,76.9235809,10.57,342.8,,,,,,11.0593092,76.9235564,0.00,130.87,
233.07,dr,11.0592027,76.9235809,10.57,343.1,,,,,,11.0593092,76.9235564,0.00,130.97,
233.17,dr,11.0592030,76.9235808,10.57,343.4,,,,,,11.0593092,76.9235564,0.00,131.08,
233.27,dr,11.0592033,76.9235808,10.57,344.0,,,,,,11.0593092,76.9235564,0.00,131.17,
233.37,dr,11.0592036,76.9235808,10.57,343.9,,,,,,11.0593092,76.9235564,0.00,131.27,
233.47,dr,11.0592039,76.9235807,10.57,344.7,,,,,,11.0593092,76.9235564,0.00,131.37,
233.58,dr,11.0592060,76.9235743,10.57,343.6,,,,,,11.0593092,76.9235564,0.00,131.48,
233.67,dr,11.0592063,76.9235742,10.25,343.4,,,,,,11.0593092,76.9235564,0.00,131.57,
233.77,dr,11.0592066,76.9235742,10.25,343.1,,,,,,11.0593092,76.9235564,0.00,131.67,
233.87,dr,11.0592069,76.9235741,10.25,342.5,,,,,,11.0593092,76.9235564,0.00,131.77,
233.97,dr,11.0592072,76.9235741,10.25,341.7,,,,,,11.0593092,76.9235564,0.00,131.87,
234.07,dr,11.0592075,76.9235740,10.25,341.0,,,,,,11.0593092,76.9235564,0.00,131.98,
234.17,dr,11.0592078,76.9235739,10.25,340.6,,,,,,11.0593092,76.9235564,0.00,132.07,
234.26,dr,11.0592081,76.9235739,10.25,340.1,,,,,,11.0593092,76.9235564,0.00,132.17,
234.37,dr,11.0592084,76.9235738,10.25,340.3,,,,,,11.0593092,76.9235564,0.00,132.27,
234.47,dr,11.0592087,76.9235738,10.25,340.8,,,,,,11.0593092,76.9235564,0.00,132.37,
234.58,dr,11.0592111,76.9235676,10.25,341.3,,,,,,11.0593092,76.9235564,0.00,132.48,
234.67,dr,11.0592115,76.9235675,11.62,338.7,,,,,,11.0593092,76.9235564,0.00,132.57,
234.77,dr,11.0592119,76.9235674,11.62,339.2,,,,,,11.0593092,76.9235564,0.00,132.67,
234.87,dr,11.0592122,76.9235673,11.62,339.6,,,,,,11.0593092,76.9235564,0.00,132.78,
234.97,dr,11.0592126,76.9235672,11.62,340.0,,,,,,11.0593092,76.9235564,0.00,132.87,
235.07,dr,11.0592130,76.9235672,11.62,340.5,,,,,,11.0593092,76.9235564,0.00,132.97,
235.17,dr,11.0592133,76.9235671,11.62,341.0,,,,,,11.0593092,76.9235564,0.00,133.08,
235.27,dr,11.0592137,76.9235670,11.62,341.4,,,,,,11.0593092,76.9235564,0.00,133.17,
235.37,dr,11.0592141,76.9235669,11.62,341.7,,,,,,11.0593092,76.9235564,0.00,133.27,
235.47,dr,11.0592144,76.9235668,11.62,341.8,,,,,,11.0593092,76.9235564,0.00,133.38,
235.58,dr,11.0592168,76.9235619,11.62,341.0,,,,,,11.0593092,76.9235564,0.00,133.48,
235.67,dr,11.0592172,76.9235618,11.77,341.0,,,,,,11.0593092,76.9235564,0.00,133.58,
235.77,dr,11.0592176,76.9235617,11.77,340.9,,,,,,11.0593092,76.9235564,0.00,133.67,
235.87,dr,11.0592181,76.9235616,11.77,340.8,,,,,,11.0593092,76.9235564,0.00,133.77,
235.97,dr,11.0592185,76.9235615,11.77,340.8,,,,,,11.0593092,76.9235564,0.00,133.88,
236.07,dr,11.0592189,76.9235614,11.77,340.4,,,,,,11.0593092,76.9235564,0.00,133.97,
236.17,dr,11.0592193,76.9235613,11.77,340.3,,,,,,11.0593092,76.9235564,0.00,134.08,
236.27,dr,11.0592197,76.9235612,11.77,339.9,,,,,,11.0593092,76.9235564,0.00,134.18,
236.37,dr,11.0592201,76.9235610,11.77,340.2,,,,,,11.0593092,76.9235564,0.00,134.27,
236.47,dr,11.0592206,76.9235609,11.77,340.0,,,,,,11.0593092,76.9235564,0.00,134.37,
236.58,dr,11.0592226,76.9235577,11.77,339.1,,,,,,11.0593092,76.9235564,0.00,134.48,
236.67,dr,11.0592230,76.9235576,11.36,339.0,,,,,,11.0593092,76.9235564,0.00,134.58,
236.77,dr,11.0592235,76.9235575,11.36,339.0,,,,,,11.0593092,76.9235564,0.00,134.67,
236.87,dr,11.0592239,76.9235573,11.36,339.0,,,,,,11.0593092,76.9235564,0.00,134.77,
236.97,dr,11.0592244,76.9235572,11.36,339.2,,,,,,11.0593092,76.9235564,0.00,134.87,
237.07,dr,11.0592248,76.9235570,11.36,339.3,,,,,,11.0593092,76.9235564,0.00,134.97,
237.17,dr,11.0592253,76.9235569,11.36,339.4,,,,,,11.0593092,76.9235564,0.00,135.08,
237.27,dr,11.0592257,76.9235568,11.36,339.3,,,,,,11.0593092,76.9235564,0.00,135.17,
237.37,dr,11.0592261,76.9235566,11.36,339.1,,,,,,11.0593092,76.9235564,0.00,135.27,
237.47,dr,11.0592266,76.9235565,11.36,338.7,,,,,,11.0593092,76.9235564,0.00,135.37,
237.58,dr,11.0592290,76.9235540,11.36,337.9,,,,,,11.0593092,76.9235564,0.00,135.48,
237.67,dr,11.0592296,76.9235538,11.99,337.3,,,,,,11.0593092,76.9235564,0.00,135.57,
237.77,dr,11.0592301,76.9235536,11.99,336.8,,,,,,11.0593092,76.9235564,0.00,135.67,
237.87,dr,11.0592306,76.9235534,11.99,336.4,,,,,,11.0593092,76.9235564,0.00,135.78,
237.97,dr,11.0592311,76.9235532,11.99,336.0,,,,,,11.0593092,76.9235564,0.00,135.87,
238.07,dr,11.0592316,76.9235530,11.99,335.8,,,,,,11.0593092,76.9235564,0.00,135.98,
238.17,dr,11.0592321,76.9235528,11.99,335.5,,,,,,11.0593092,76.9235564,0.00,136.08,
238.27,dr,11.0592326,76.9235526,11.99,335.6,,,,,,11.0593092,76.9235564,0.00,136.17,
238.37,dr,11.0592331,76.9235524,11.99,335.9,,,,,,11.0593092,76.9235564,0.00,136.27,
238.47,dr,11.0592336,76.9235522,11.99,336.3,,,,,,11.0593092,76.9235564,0.00,136.37,
238.58,dr,11.0592366,76.9235500,11.99,336.5,,,,,,11.0593092,76.9235564,0.00,136.49,
238.67,dr,11.0592370,76.9235498,10.11,337.1,,,,,,11.0593092,76.9235564,0.00,136.57,
238.77,dr,11.0592375,76.9235496,10.11,337.8,,,,,,11.0593092,76.9235564,0.00,136.67,
238.87,dr,11.0592379,76.9235495,10.11,338.5,,,,,,11.0593092,76.9235564,0.00,136.77,
238.97,dr,11.0592384,76.9235493,10.11,339.5,,,,,,11.0593092,76.9235564,0.00,136.88,
239.07,dr,11.0592388,76.9235491,10.11,340.5,,,,,,11.0593092,76.9235564,0.00,136.97,
239.17,dr,11.0592393,76.9235490,10.11,341.4,,,,,,11.0593092,76.9235564,0.00,137.08,
239.27,dr,11.0592397,76.9235489,10.11,342.4,,,,,,11.0593092,76.9235564,0.00,137.17,
239.37,dr,11.0592402,76.9235487,10.11,343.0,,,,,,11.0593092,76.9235564,0.00,137.27,
239.47,dr,11.0592406,76.9235486,10.11,343.6,,,,,,11.0593092,76.9235564,0.00,137.37,
239.58,dr,11.0592432,76.9235468,10.11,343.9,,,,,,11.0593092,76.9235564,0.00,137.48,
239.67,dr,11.0592436,76.9235466,10.03,343.0,,,,,,11.0593092,76.9235564,0.00,137.57,
239.77,dr,11.0592441,76.9235465,10.03,343.1,,,,,,11.0593092,76.9235564,0.00,137.67,
239.87,dr,11.0592446,76.9235464,10.03,342.4,,,,,,11.0593092,76.9235564,0.00,137.78,
239.97,dr,11.0592451,76.9235462,10.03,342.8,,,,,,11.0593092,76.9235564,0.00,137.87,
240.07,dr,11.0592456,76.9235461,10.03,343.2,,,,,,11.0593092,76.9235564,0.00,137.97,
240.17,dr,11.0592461,76.9235459,10.03,344.3,,,,,,11.0593092,76.9235564,0.00,138.08,
240.27,dr,11.0592466,76.9235458,10.03,346.1,,,,,,11.0593092,76.9235564,0.00,138.17,
240.37,dr,11.0592471,76.9235457,10.03,348.6,,,,,,11.0593092,76.9235564,0.00,138.28,
240.47,dr,11.0592476,76.9235456,10.03,351.3,,,,,,11.0593092,76.9235564,0.00,138.37,
240.58,dr,11.0592490,76.9235448,10.03,353.4,,,,,,11.0593092,76.9235564,0.00,138.49,
240.67,dr,11.0592496,76.9235447,11.35,355.5,,,,,,11.0593092,76.9235564,0.00,138.57,
240.77,dr,11.0592501,76.9235447,11.35,357.6,,,,,,11.0593092,76.9235564,0.00,138.67,
240.87,dr,11.0592507,76.9235447,11.35,360.0,,,,,,11.0593092,76.9235564,0.00,138.77,
240.97,dr,11.0592512,76.9235447,11.35,2.5,,,,,,11.0593092,76.9235564,0.00,138.87,
241.07,dr,11.0592518,76.9235448,11.35,5.3,,,,,,11.0593092,76.9235564,0.00,138.98,
241.17,dr,11.0592523,76.9235449,11.35,8.1,,,,,,11.0593092,76.9235564,0.00,139.08,
241.27,dr,11.0592529,76.9235450,11.35,9.7,,,,,,11.0593092,76.9235564,0.00,139.17,
241.37,dr,11.0592534,76.9235451,11.35,10.3,,,,,,11.0593092,76.9235564,0.00,139.27,
241.47,dr,11.0592539,76.9235453,11.35,10.3,,,,,,11.0593092,76.9235564,0.00,139.38,
241.58,dr,11.0592653,76.9235418,11.35,10.3,,,,,,11.0593092,76.9235564,0.00,139.48,
241.67,dr,11.0592659,76.9235419,10.02,9.3,,,,,,11.0593092,76.9235564,0.00,139.57,
241.77,dr,11.0592664,76.9235421,10.02,7.5,,,,,,11.0593092,76.9235564,0.00,139.67,
241.87,dr,11.0592670,76.9235422,10.02,5.3,,,,,,11.0593092,76.9235564,0.00,139.78,
241.97,dr,11.0592676,76.9235423,10.02,2.6,,,,,,11.0593092,76.9235564,0.00,139.87,
242.07,dr,11.0592682,76.9235424,10.02,359.8,,,,,,11.0593092,76.9235564,0.00,139.98,
242.17,dr,11.0592688,76.9235424,10.02,357.0,,,,,,11.0593092,76.9235564,0.00,140.08,
242.27,dr,11.0592694,76.9235424,10.02,354.6,,,,,,11.0593092,76.9235564,0.00,140.17,
242.37,dr,11.0592700,76.9235423,10.02,352.2,,,,,,11.0593092,76.9235564,0.00,140.28,
242.47,dr,11.0592706,76.9235423,10.02,349.9,,,,,,11.0593092,76.9235564,0.00,140.37,
242.58,dr,11.0592713,76.9235417,10.02,347.4,,,,,,11.0593092,76.9235564,0.00,140.49,
242.67,dr,11.0592720,76.9235415,11.49,346.0,,,,,,11.0593092,76.9235564,0.00,140.57,
242.77,dr,11.0592727,76.9235413,11.49,344.6,,,,,,11.0593092,76.9235564,0.00,140.67,
242.87,dr,11.0592734,76.9235412,11.49,344.5,,,,,,11.0593092,76.9235564,0.00,140.77,
242.97,dr,11.0592742,76.9235410,11.49,344.9,,,,,,11.0593092,76.9235564,0.00,140.87,
243.07,dr,11.0592749,76.9235408,11.49,344.9,,,,,,11.0593092,76.9235564,0.00,140.98,
243.17,dr,11.0592756,76.9235406,11.49,345.0,,,,,,11.0593092,76.9235564,0.00,141.08,
243.27,dr,11.0592763,76.9235405,11.49,345.0,,,,,,11.0593092,76.9235564,0.00,141.17,
243.37,dr,11.0592770,76.9235403,11.49,344.9,,,,,,11.0593092,76.9235564,0.00,141.28,
243.47,dr,11.0592777,76.9235401,11.49,345.0,,,,,,11.0593092,76.9235564,0.00,141.37,
243.57,dr,11.0592777,76.9235396,11.49,344.6,,,,,,11.0593092,76.9235564,0.00,141.48,
243.67,dr,11.0592786,76.9235394,12.79,344.5,,,,,,11.0593092,76.9235564,0.00,141.58,
243.77,dr,11.0592794,76.9235392,12.79,344.5,,,,,,11.0593092,76.9235564,0.00,141.68,
243.87,dr,11.0592803,76.9235390,12.79,344.5,,,,,,11.0593092,76.9235564,0.00,141.77,
243.97,dr,11.0592811,76.9235388,12.79,344.5,,,,,,11.0593092,76.9235564,0.00,141.87,
244.07,dr,11.0592819,76.9235385,12.79,344.4,,,,,,11.0593092,76.9235564,0.00,141.97,
244.17,dr,11.0592828,76.9235383,12.79,344.3,,,,,,11.0593092,76.9235564,0.00,142.08,
244.27,dr,11.0592836,76.9235381,12.79,344.3,,,,,,11.0593092,76.9235564,0.00,142.17,
244.37,dr,11.0592844,76.9235379,12.79,344.2,,,,,,11.0593092,76.9235564,0.00,142.28,
244.47,dr,11.0592853,76.9235377,12.79,344.1,,,,,,11.0593092,76.9235564,0.00,142.37,
244.57,dr,11.0592812,76.9235389,12.79,343.6,,,,,,11.0593092,76.9235564,0.00,142.48,
244.67,dr,11.0592812,76.9235389,0.00,343.5,,,,,,11.0593092,76.9235564,0.00,142.57,
244.77,dr,11.0592812,76.9235389,0.00,343.4,,,,,,11.0593092,76.9235564,0.00,142.67,
244.87,dr,11.0592812,76.9235389,0.00,343.3,,,,,,11.0593092,76.9235564,0.00,142.77,
244.97,dr,11.0592812,76.9235389,0.00,343.3,,,,,,11.0593092,76.9235564,0.00,142.88,
245.07,dr,11.0592812,76.9235389,0.00,343.3,,,,,,11.0593092,76.9235564,0.00,142.98,
245.17,dr,11.0592812,76.9235389,0.00,343.7,,,,,,11.0593092,76.9235564,0.00,143.08,
245.27,dr,11.0592812,76.9235389,0.00,342.4,,,,,,11.0593092,76.9235564,0.00,143.17,
245.37,dr,11.0592812,76.9235389,0.00,344.2,,,,,,11.0593092,76.9235564,0.00,143.27,
245.47,dr,11.0592812,76.9235389,0.00,343.1,,,,,,11.0593092,76.9235564,0.00,143.37,
245.57,dr,11.0592812,76.9235389,0.00,343.3,,,,,,11.0593092,76.9235564,0.00,143.48,
245.67,dr,11.0592819,76.9235387,11.87,343.3,,,,,,11.0593092,76.9235564,0.00,143.57,
245.77,dr,11.0592826,76.9235385,11.87,343.3,,,,,,11.0593092,76.9235564,0.00,143.67,
245.87,dr,11.0592834,76.9235383,11.87,343.3,,,,,,11.0593092,76.9235564,0.00,143.77,
245.97,dr,11.0592841,76.9235381,11.87,343.2,,,,,,11.0593092,76.9235564,0.00,143.87,
246.07,dr,11.0592848,76.9235379,11.87,343.2,,,,,,11.0593092,76.9235564,0.00,143.97,
246.17,dr,11.0592855,76.9235377,11.87,343.4,,,,,,11.0593092,76.9235564,0.00,144.08,
246.27,dr,11.0592862,76.9235375,11.87,343.4,,,,,,11.0593092,76.9235564,0.00,144.17,
246.37,dr,11.0592869,76.9235373,11.87,343.5,,,,,,11.0593092,76.9235564,0.00,144.27,
246.47,dr,11.0592876,76.9235371,11.87,343.6,,,,,,11.0593092,76.9235564,0.00,144.37,
246.58,dr,11.0592812,76.9235390,11.87,343.1,,,,,,11.0593092,76.9235564,0.00,144.48,
246.67,dr,11.0592819,76.9235389,12.32,343.1,,,,,,11.0593092,76.9235564,0.00,144.58,
246.77,dr,11.0592825,76.9235387,12.32,343.1,,,,,,11.0593092,76.9235564,0.00,144.67,
246.87,dr,11.0592832,76.9235385,12.32,343.1,,,,,,11.0593092,76.9235564,0.00,144.78,
246.97,dr,11.0592839,76.9235383,12.32,343.1,,,,,,11.0593092,76.9235564,0.00,144.87,
247.07,dr,11.0592846,76.9235381,12.32,343.2,,,,,,11.0593092,76.9235564,0.00,144.97,
247.17,dr,11.0592853,76.9235379,12.32,343.2,,,,,,11.0593092,76.9235564,0.00,145.08,
247.27,dr,11.0592859,76.9235378,12.32,343.2,,,,,,11.0593092,76.9235564,0.00,145.17,
247.37,dr,11.0592866,76.9235376,12.32,343.2,,,,,,11.0593092,76.9235564,0.00,145.27,
247.47,dr,11.0592873,76.9235374,12.32,343.2,,,,,,11.0593092,76.9235564,0.00,145.37,
247.58,dr,11.0592789,76.9235398,12.32,342.7,,,,,,11.0593092,76.9235564,0.00,145.48,
247.67,dr,11.0592789,76.9235398,0.00,342.7,,,,,,11.0593092,76.9235564,0.00,145.58,
247.77,dr,11.0592789,76.9235398,0.00,342.7,,,,,,11.0593092,76.9235564,0.00,145.67,
247.86,dr,11.0592789,76.9235398,0.00,342.7,,,,,,11.0593092,76.9235564,0.00,145.77,
247.97,dr,11.0592789,76.9235398,0.00,342.8,,,,,,11.0593092,76.9235564,0.00,145.87,
248.07,dr,11.0592789,76.9235398,0.00,342.8,,,,,,11.0593092,76.9235564,0.00,145.97,
248.17,dr,11.0592789,76.9235398,0.00,342.8,,,,,,11.0593092,76.9235564,0.00,146.08,
248.27,dr,11.0592789,76.9235398,0.00,342.8,,,,,,11.0593092,76.9235564,0.00,146.17,
248.37,dr,11.0592789,76.9235398,0.00,342.8,,,,,,11.0593092,76.9235564,0.00,146.27,
248.47,dr,11.0592789,76.9235398,0.00,342.9,,,,,,11.0593092,76.9235564,0.00,146.37,
248.57,dr,11.0592789,76.9235398,0.00,342.9,,,,,,11.0593092,76.9235564,0.00,146.48,
248.67,dr,11.0592789,76.9235398,0.00,342.9,,,,,,11.0593092,76.9235564,0.00,146.57,
248.77,dr,11.0592789,76.9235398,0.00,342.9,,,,,,11.0593092,76.9235564,0.00,146.67,
248.87,dr,11.0592789,76.9235398,0.00,343.0,,,,,,11.0593092,76.9235564,0.00,146.77,
248.97,dr,11.0592789,76.9235398,0.00,343.0,,,,,,11.0593092,76.9235564,0.00,146.88,
249.07,dr,11.0592789,76.9235398,0.00,343.0,,,,,,11.0593092,76.9235564,0.00,146.98,
249.17,dr,11.0592789,76.9235398,0.00,343.0,,,,,,11.0593092,76.9235564,0.00,147.08,
249.27,dr,11.0592789,76.9235398,0.00,343.0,,,,,,11.0593092,76.9235564,0.00,147.17,
249.37,dr,11.0592789,76.9235398,0.00,343.0,,,,,,11.0593092,76.9235564,0.00,147.27,
249.47,dr,11.0592789,76.9235398,0.00,343.1,,,,,,11.0593092,76.9235564,0.00,147.37,
249.57,dr,11.0592789,76.9235398,0.00,343.1,,,,,,11.0593092,76.9235564,0.00,147.48,
249.67,dr,11.0592789,76.9235398,0.00,343.1,,,,,,11.0593092,76.9235564,0.00,147.58,
249.77,dr,11.0592789,76.9235398,0.00,343.1,,,,,,11.0593092,76.9235564,0.00,147.67,
249.87,dr,11.0592789,76.9235398,0.00,343.0,,,,,,11.0593092,76.9235564,0.00,147.77,
249.97,dr,11.0592789,76.9235398,0.00,342.5,,,,,,11.0593092,76.9235564,0.00,147.87,
250.07,dr,11.0592789,76.9235398,0.00,342.3,,,,,,11.0593092,76.9235564,0.00,147.97,
250.17,dr,11.0592789,76.9235398,0.00,340.7,,,,,,11.0593092,76.9235564,0.00,148.08,
250.27,dr,11.0592789,76.9235398,0.00,337.3,,,,,,11.0593092,76.9235564,0.00,148.17,
250.37,dr,11.0592789,76.9235398,0.00,336.6,,,,,,11.0593092,76.9235564,0.00,148.27,
250.47,dr,11.0592789,76.9235398,0.00,340.5,,,,,,11.0593092,76.9235564,0.00,148.37,
250.57,dr,11.0592789,76.9235398,0.00,343.6,,,,,,11.0593092,76.9235564,0.00,148.48,
250.67,dr,11.0592789,76.9235398,0.00,340.4,,,,,,11.0593092,76.9235564,0.00,148.57,
250.77,dr,11.0592789,76.9235398,0.00,337.6,,,,,,11.0593092,76.9235564,0.00,148.67,
250.87,dr,11.0592789,76.9235398,0.00,335.3,,,,,,11.0593092,76.9235564,0.00,148.78,
250.97,dr,11.0592789,76.9235398,0.00,332.7,,,,,,11.0593092,76.9235564,0.00,148.87,
251.07,dr,11.0592789,76.9235398,0.00,332.4,,,,,,11.0593092,76.9235564,0.00,148.97,
251.17,dr,11.0592789,76.9235398,0.00,331.1,,,,,,11.0593092,76.9235564,0.00,149.08,
251.27,dr,11.0592789,76.9235398,0.00,333.2,,,,,,11.0593092,76.9235564,0.00,149.18,
251.37,dr,11.0592789,76.9235398,0.00,338.3,,,,,,11.0593092,76.9235564,0.00,149.27,
251.47,dr,11.0592789,76.9235398,0.00,347.2,,,,,,11.0593092,76.9235564,0.00,149.37,
251.57,dr,11.0592789,76.9235398,0.00,358.6,,,,,,11.0593092,76.9235564,0.00,149.47,
251.67,dr,11.0592794,76.9235399,10.52,2.4,,,,,,11.0593092,76.9235564,0.00,149.57,
251.77,dr,11.0592799,76.9235400,10.52,2.0,,,,,,11.0593092,76.9235564,0.00,149.67,
251.87,dr,11.0592804,76.9235400,10.52,0.2,,,,,,11.0593092,76.9235564,0.00,149.78,
251.97,dr,11.0592809,76.9235401,10.52,357.2,,,,,,11.0593092,76.9235564,0.00,149.87,
252.07,dr,11.0592815,76.9235401,10.52,355.2,,,,,,11.0593092,76.9235564,0.00,149.98,
252.17,dr,11.0592820,76.9235402,10.52,353.3,,,,,,11.0593092,76.9235564,0.00,150.08,
252.27,dr,11.0592825,76.9235401,10.52,349.3,,,,,,11.0593092,76.9235564,0.00,150.17,
252.37,dr,11.0592830,76.9235401,10.52,346.3,,,,,,11.0593092,76.9235564,0.00,150.27,
252.47,dr,11.0592835,76.9235400,10.52,344.6,,,,,,11.0593092,76.9235564,0.00,150.37,
252.58,dr,11.0592745,76.9235422,10.52,341.3,,,,,,11.0593092,76.9235564,0.00,150.48,
252.67,dr,11.0592750,76.9235420,11.07,335.9,,,,,,11.0593092,76.9235564,0.00,150.57,
252.77,dr,11.0592756,76.9235418,11.07,336.1,,,,,,11.0593092,76.9235564,0.00,150.67,
252.87,dr,11.0592761,76.9235415,11.07,339.6,,,,,,11.0593092,76.9235564,0.00,150.77,
252.96,dr,11.0592766,76.9235414,11.07,341.2,,,,,,11.0593092,76.9235564,0.00,150.87,
253.07,dr,11.0592772,76.9235412,11.07,340.8,,,,,,11.0593092,76.9235564,0.00,150.97,
253.17,dr,11.0592777,76.9235410,11.07,341.0,,,,,,11.0593092,76.9235564,0.00,151.08,
253.27,dr,11.0592782,76.9235409,11.07,340.2,,,,,,11.0593092,76.9235564,0.00,151.17,
253.37,dr,11.0592788,76.9235407,11.07,340.3,,,,,,11.0593092,76.9235564,0.00,151.27,
253.47,dr,11.0592793,76.9235405,11.07,340.9,,,,,,11.0593092,76.9235564,0.00,151.38,
253.57,dr,11.0592731,76.9235419,11.07,340.2,,,,,,11.0593092,76.9235564,0.00,151.48,
253.67,dr,11.0592736,76.9235418,9.97,340.0,,,,,,11.0593092,76.9235564,0.00,151.57,
253.77,dr,11.0592741,76.9235416,9.97,340.0,,,,,,11.0593092,76.9235564,0.00,151.67,
253.87,dr,11.0592746,76.9235415,9.97,340.4,,,,,,11.0593092,76.9235564,0.00,151.77,
253.97,dr,11.0592750,76.9235413,9.97,340.6,,,,,,11.0593092,76.9235564,0.00,151.87,
254.07,dr,11.0592755,76.9235412,9.97,340.6,,,,,,11.0593092,76.9235564,0.00,151.97,
254.17,dr,11.0592760,76.9235410,9.97,340.3,,,,,,11.0593092,76.9235564,0.00,152.07,
254.27,dr,11.0592764,76.9235409,9.97,339.5,,,,,,11.0593092,76.9235564,0.00,152.17,
254.37,dr,11.0592769,76.9235407,9.97,338.8,,,,,,11.0593092,76.9235564,0.00,152.28,
254.47,dr,11.0592774,76.9235406,9.97,338.6,,,,,,11.0593092,76.9235564,0.00,152.38,
254.59,dr,11.0592753,76.9235406,9.97,337.5,,,,,,11.0593092,76.9235564,0.00,152.50,
254.67,dr,11.0592756,76.9235405,7.16,337.1,,,,,,11.0593092,76.9235564,0.00,152.58,
254.76,dr,11.0592759,76.9235404,7.16,334.7,,,,,,11.0593092,76.9235564,0.00,152.67,
254.87,dr,11.0592763,76.9235402,7.16,329.9,,,,,,11.0593092,76.9235564,0.00,152.77,
254.97,dr,11.0592766,76.9235400,7.16,324.7,,,,,,11.0593092,76.9235564,0.00,152.88,
255.07,dr,11.0592769,76.9235398,7.16,319.6,,,,,,11.0593092,76.9235564,0.00,152.98,
255.17,dr,11.0592772,76.9235395,7.16,313.0,,,,,,11.0593092,76.9235564,0.00,153.07,
255.27,dr,11.0592775,76.9235392,7.16,307.7,,,,,,11.0593092,76.9235564,0.00,153.17,
255.37,dr,11.0592778,76.9235388,7.16,304.3,,,,,,11.0593092,76.9235564,0.00,153.27,
255.47,dr,11.0592781,76.9235385,7.16,300.7,,,,,,11.0593092,76.9235564,0.00,153.37,
255.57,dr,11.0592781,76.9235383,7.16,298.4,,,,,,11.0593092,76.9235564,0.00,153.48,
255.67,dr,11.0592785,76.9235376,10.81,297.4,,,,,,11.0593092,76.9235564,0.00,153.58,
255.77,dr,11.0592788,76.9235370,10.81,299.3,,,,,,11.0593092,76.9235564,0.00,153.68,
255.87,dr,11.0592792,76.9235364,10.81,294.2,,,,,,11.0593092,76.9235564,0.00,153.78,
255.97,dr,11.0592796,76.9235358,10.81,292.8,,,,,,11.0593092,76.9235564,0.00,153.88,
256.07,dr,11.0592799,76.9235351,10.81,294.8,,,,,,11.0593092,76.9235564,0.00,153.98,
256.17,dr,11.0592802,76.9235345,10.81,296.3,,,,,,11.0593092,76.9235564,0.00,154.08,
256.27,dr,11.0592806,76.9235339,10.81,297.2,,,,,,11.0593092,76.9235564,0.00,154.17,
256.37,dr,11.0592810,76.9235333,10.81,304.6,,,,,,11.0593092,76.9235564,0.00,154.28,
256.47,dr,11.0592814,76.9235327,10.81,318.8,,,,,,11.0593092,76.9235564,0.00,154.37,
256.59,dr,11.0592842,76.9235304,10.81,342.4,,,,,,11.0593092,76.9235564,0.00,154.50,
256.67,dr,11.0592848,76.9235303,10.74,1.5,,,,,,11.0593092,76.9235564,0.00,154.58,
256.77,dr,11.0592853,76.9235304,10.74,14.7,,,,,,11.0593092,76.9235564,0.00,154.68,
256.87,dr,11.0592858,76.9235307,10.74,17.3,,,,,,11.0593092,76.9235564,0.00,154.78,
256.97,dr,11.0592863,76.9235311,10.74,9.3,,,,,,11.0593092,76.9235564,0.00,154.88,
257.07,dr,11.0592868,76.9235313,10.74,13.2,,,,,,11.0593092,76.9235564,0.00,154.97,
257.17,dr,11.0592873,76.9235316,10.74,13.7,,,,,,11.0593092,76.9235564,0.00,155.08,
257.27,dr,11.0592878,76.9235319,10.74,20.7,,,,,,11.0593092,76.9235564,0.00,155.18,
257.37,dr,11.0592883,76.9235323,10.74,338.6,,,,,,11.0593092,76.9235564,0.00,155.28,
257.47,dr,11.0592888,76.9235321,10.74,327.3,,,,,,11.0593092,76.9235564,0.00,155.38,
257.58,dr,11.0592927,76.9235297,10.74,336.7,,,,,,11.0593092,76.9235564,0.00,155.49,
257.67,dr,11.0592934,76.9235295,11.22,335.2,,,,,,11.0593092,76.9235564,0.00,155.58,
257.77,dr,11.0592939,76.9235292,11.22,328.6,,,,,,11.0593092,76.9235564,0.00,155.68,
257.87,dr,11.0592945,76.9235288,11.22,330.6,,,,,,11.0593092,76.9235564,0.00,155.78,
257.97,dr,11.0592951,76.9235285,11.22,336.2,,,,,,11.0593092,76.9235564,0.00,155.88,
258.07,dr,11.0592957,76.9235283,11.22,346.5,,,,,,11.0593092,76.9235564,0.00,155.98,
258.17,dr,11.0592963,76.9235282,11.22,346.5,,,,,,11.0593092,76.9235564,0.00,156.08,
258.27,dr,11.0592969,76.9235281,11.22,343.9,,,,,,11.0593092,76.9235564,0.00,156.18,
258.37,dr,11.0592975,76.9235280,11.22,322.2,,,,,,11.0593092,76.9235564,0.00,156.28,
258.47,dr,11.0592980,76.9235276,11.22,339.5,,,,,,11.0593092,76.9235564,0.00,156.38,
258.59,dr,11.0593153,76.9235213,11.22,4.3,,,,,,11.0593092,76.9235564,0.00,156.49,
258.67,dr,11.0593160,76.9235215,11.06,18.0,,,,,,11.0593092,76.9235564,0.00,156.58,
258.77,dr,11.0593166,76.9235220,11.06,17.6,,,,,,11.0593092,76.9235564,0.00,156.68,
258.87,dr,11.0593173,76.9235224,11.06,29.3,,,,,,11.0593092,76.9235564,0.00,156.78,
258.97,dr,11.0593178,76.9235231,11.06,28.0,,,,,,11.0593092,76.9235564,0.00,156.88,
259.07,dr,11.0593184,76.9235237,11.06,24.5,,,,,,11.0593092,76.9235564,0.00,156.98,
259.17,dr,11.0593190,76.9235243,11.06,30.5,,,,,,11.0593092,76.9235564,0.00,157.08,
259.27,dr,11.0593195,76.9235250,11.06,39.9,,,,,,11.0593092,76.9235564,0.00,157.17,
259.37,dr,11.0593200,76.9235258,11.06,33.0,,,,,,11.0593092,76.9235564,0.00,157.28,
259.47,dr,11.0593205,76.9235265,11.06,11.6,,,,,,11.0593092,76.9235564,0.00,157.38,
259.58,dr,11.0593852,76.9235088,11.06,22.3,,,,,,11.0593092,76.9235564,0.00,157.49,
259.67,dr,11.0593862,76.9235096,10.82,32.4,,,,,,11.0593092,76.9235564,0.00,157.58,
259.77,dr,11.0593871,76.9235106,10.82,30.0,,,,,,11.0593092,76.9235564,0.00,157.68,
259.87,dr,11.0593880,76.9235116,10.82,353.1,,,,,,11.0593092,76.9235564,0.00,157.78,
259.97,dr,11.0593891,76.9235116,10.82,352.7,,,,,,11.0593092,76.9235564,0.00,157.88,
260.07,dr,11.0593902,76.9235116,10.82,11.9,,,,,,11.0593092,76.9235564,0.00,157.98,
260.17,dr,11.0593912,76.9235122,10.82,14.4,,,,,,11.0593092,76.9235564,0.00,158.08,
260.27,dr,11.0593922,76.9235128,10.82,15.0,,,,,,11.0593092,76.9235564,0.00,158.18,
260.37,dr,11.0593932,76.9235134,10.82,21.1,,,,,,11.0593092,76.9235564,0.00,158.27,
260.47,dr,11.0593941,76.9235142,10.82,37.6,,,,,,11.0593092,76.9235564,0.00,158.38,
260.59,dr,11.0594719,76.9234979,10.82,37.9,,,,,,11.0593092,76.9235564,0.00,158.49,
260.67,dr,11.0594729,76.9234994,10.64,38.2,,,,,,11.0593092,76.9235564,0.00,158.58,
260.77,dr,11.0594739,76.9235009,10.64,53.0,,,,,,11.0593092,76.9235564,0.00,158.68,
260.87,dr,11.0594747,76.9235027,10.64,61.6,,,,,,11.0593092,76.9235564,0.00,158.78,
260.97,dr,11.0594753,76.9235046,10.64,55.1,,,,,,11.0593092,76.9235564,0.00,158.88,
261.07,dr,11.0594760,76.9235064,10.64,48.9,,,,,,11.0593092,76.9235564,0.00,158.98,
261.17,dr,11.0594768,76.9235081,10.64,57.9,,,,,,11.0593092,76.9235564,0.00,159.08,
261.27,dr,11.0594775,76.9235100,10.64,62.5,,,,,,11.0593092,76.9235564,0.00,159.18,
261.37,dr,11.0594780,76.9235119,10.64,69.1,,,,,,11.0593092,76.9235564,0.00,159.27,
261.47,dr,11.0594784,76.9235139,10.64,74.7,,,,,,11.0593092,76.9235564,0.00,159.38,
261.59,dr,11.0594732,76.9235167,10.64,82.6,,,,,,11.0593092,76.9235564,0.00,159.50,
261.67,dr,11.0594734,76.9235189,11.63,94.9,,,,,,11.0593092,76.9235564,0.00,159.58,
261.77,dr,11.0594733,76.9235209,11.63,107.5,,,,,,11.0593092,76.9235564,0.00,159.68,
261.87,dr,11.0594729,76.9235228,11.63,119.7,,,,,,11.0593092,76.9235564,0.00,159.78,
261.97,dr,11.0594724,76.9235244,11.63,126.0,,,,,,11.0593092,76.9235564,0.00,159.88,
262.07,dr,11.0594717,76.9235259,11.63,129.2,,,,,,11.0593092,76.9235564,0.00,159.98,
262.17,dr,11.0594710,76.9235272,11.63,137.3,,,,,,11.0593092,76.9235564,0.00,160.08,
262.27,dr,11.0594702,76.9235284,11.63,151.8,,,,,,11.0593092,76.9235564,0.00,160.18,
262.37,dr,11.0594691,76.9235290,11.63,164.3,,,,,,11.0593092,76.9235564,0.00,160.28,
262.47,dr,11.0594681,76.9235292,11.63,164.8,,,,,,11.0593092,76.9235564,0.00,160.38,
262.59,dr,11.0594184,76.9235344,11.63,161.7,,,,,,11.0593092,76.9235564,0.00,160.50,
262.67,dr,11.0594175,76.9235347,11.30,166.8,,,,,,11.0593092,76.9235564,0.00,160.58,
262.77,dr,11.0594165,76.9235348,11.30,178.6,,,,,,11.0593092,76.9235564,0.00,160.68,
262.87,dr,11.0594156,76.9235345,11.30,196.3,,,,,,11.0593092,76.9235564,0.00,160.78,
262.97,dr,11.0594147,76.9235336,11.30,210.5,,,,,,11.0593092,76.9235564,0.00,160.88,
263.07,dr,11.0594139,76.9235324,11.30,209.8,,,,,,11.0593092,76.9235564,0.00,160.98,
263.18,dr,11.0594130,76.9235312,11.30,197.4,,,,,,11.0593092,76.9235564,0.00,161.08,
263.27,dr,11.0594121,76.9235304,11.30,192.3,,,,,,11.0593092,76.9235564,0.00,161.17,
263.37,dr,11.0594110,76.9235297,11.30,204.7,,,,,,11.0593092,76.9235564,0.00,161.28,
263.47,dr,11.0594101,76.9235287,11.30,224.9,,,,,,11.0593092,76.9235564,0.00,161.38,
263.59,dr,11.0594439,76.9235206,11.30,224.7,,,,,,11.0593092,76.9235564,0.00,161.50,
263.67,dr,11.0594432,76.9235189,11.39,240.3,,,,,,11.0593092,76.9235564,0.00,161.58,
263.77,dr,11.0594427,76.9235170,11.39,261.8,,,,,,11.0593092,76.9235564,0.00,161.68,
263.87,dr,11.0594428,76.9235149,11.39,265.8,,,,,,11.0593092,76.9235564,0.00,161.78,
263.97,dr,11.0594429,76.9235129,11.39,255.1,,,,,,11.0593092,76.9235564,0.00,161.88,
264.07,dr,11.0594428,76.9235108,11.39,246.5,,,,,,11.0593092,76.9235564,0.00,161.98,
264.17,dr,11.0594424,76.9235088,11.39,256.4,,,,,,11.0593092,76.9235564,0.00,162.08,
264.27,dr,11.0594423,76.9235068,11.39,268.9,,,,,,11.0593092,76.9235564,0.00,162.18,
264.37,dr,11.0594425,76.9235047,11.39,268.5,,,,,,11.0593092,76.9235564,0.00,162.28,
264.47,dr,11.0594427,76.9235027,11.39,263.9,,,,,,11.0593092,76.9235564,0.00,162.38,
264.59,dr,11.0594408,76.9235011,11.39,261.3,,,,,,11.0593092,76.9235564,0.00,162.49,
264.67,dr,11.0594408,76.9234992,10.76,263.3,,,,,,11.0593092,76.9235564,0.00,162.58,
264.77,dr,11.0594409,76.9234972,10.76,265.1,,,,,,11.0593092,76.9235564,0.00,162.68,
264.87,dr,11.0594409,76.9234953,10.76,273.6,,,,,,11.0593092,76.9235564,0.00,162.78,
264.97,dr,11.0594412,76.9234934,10.76,284.9,,,,,,11.0593092,76.9235564,0.00,162.88,
265.07,dr,11.0594417,76.9234916,10.76,291.8,,,,,,11.0593092,76.9235564,0.00,162.98,
265.17,dr,11.0594424,76.9234900,10.76,292.2,,,,,,11.0593092,76.9235564,0.00,163.08,
265.27,dr,11.0594431,76.9234883,10.76,291.5,,,,,,11.0593092,76.9235564,0.00,163.18,
265.37,dr,11.0594438,76.9234866,10.76,292.8,,,,,,11.0593092,76.9235564,0.00,163.28,
265.47,dr,11.0594445,76.9234849,10.76,295.1,,,,,,11.0593092,76.9235564,0.00,163.38,
265.59,dr,11.0594224,76.9234889,10.76,298.6,,,,,,11.0593092,76.9235564,0.00,163.50,
265.67,dr,11.0594232,76.9234875,10.31,307.9,,,,,,11.0593092,76.9235564,0.00,163.58,
265.77,dr,11.0594241,76.9234862,10.31,322.8,,,,,,11.0593092,76.9235564,0.00,163.68,
265.87,dr,11.0594252,76.9234853,10.31,331.8,,,,,,11.0593092,76.9235564,0.00,163.78,
265.97,dr,11.0594264,76.9234847,10.31,335.2,,,,,,11.0593092,76.9235564,0.00,163.88,
266.07,dr,11.0594277,76.9234841,10.31,340.4,,,,,,11.0593092,76.9235564,0.00,163.98,
266.17,dr,11.0594290,76.9234837,10.31,346.6,,,,,,11.0593092,76.9235564,0.00,164.08,
266.27,dr,11.0594303,76.9234835,10.31,337.5,,,,,,11.0593092,76.9235564,0.00,164.18,
266.37,dr,11.0594315,76.9234830,10.31,332.2,,,,,,11.0593092,76.9235564,0.00,164.28,
266.47,dr,11.0594327,76.9234824,10.31,325.0,,,,,,11.0593092,76.9235564,0.00,164.37,
266.59,dr,11.0594048,76.9234885,10.31,325.4,,,,,,11.0593092,76.9235564,0.00,164.49,
266.67,dr,11.0594059,76.9234877,10.33,327.2,,,,,,11.0593092,76.9235564,0.00,164.57,
266.77,dr,11.0594070,76.9234870,10.33,337.4,,,,,,11.0593092,76.9235564,0.00,164.67,
266.87,dr,11.0594081,76.9234865,10.33,344.8,,,,,,11.0593092,76.9235564,0.00,164.77,
266.97,dr,11.0594094,76.9234863,10.33,3.5,,,,,,11.0593092,76.9235564,0.00,164.87,
267.07,dr,11.0594106,76.9234866,10.33,7.7,,,,,,11.0593092,76.9235564,0.00,164.97,
267.17,dr,11.0594118,76.9234870,10.33,3.4,,,,,,11.0593092,76.9235564,0.00,165.07,
267.27,dr,11.0594130,76.9234872,10.33,348.7,,,,,,11.0593092,76.9235564,0.00,165.17,
267.37,dr,11.0594143,76.9234871,10.33,345.2,,,,,,11.0593092,76.9235564,0.00,165.27,
267.47,dr,11.0594154,76.9234869,10.33,343.0,,,,,,11.0593092,76.9235564,0.00,165.37,
267.57,dr,11.0593983,76.9234906,10.33,341.0,,,,,,11.0593092,76.9235564,0.00,165.48,
267.67,dr,11.0593994,76.9234902,10.63,342.5,,,,,,11.0593092,76.9235564,0.00,165.58,
267.77,dr,11.0594006,76.9234899,10.63,342.4,,,,,,11.0593092,76.9235564,0.00,165.68,
267.87,dr,11.0594017,76.9234897,10.63,342.6,,,,,,11.0593092,76.9235564,0.00,165.78,
267.97,dr,11.0594028,76.9234894,10.63,344.5,,,,,,11.0593092,76.9235564,0.00,165.88,
268.07,dr,11.0594040,76.9234891,10.63,346.4,,,,,,11.0593092,76.9235564,0.00,165.98,
268.17,dr,11.0594051,76.9234890,10.63,350.9,,,,,,11.0593092,76.9235564,0.00,166.08,
268.27,dr,11.0594063,76.9234889,10.63,355.1,,,,,,11.0593092,76.9235564,0.00,166.18,
268.37,dr,11.0594074,76.9234890,10.63,357.8,,,,,,11.0593092,76.9235564,0.00,166.27,
268.47,dr,11.0594086,76.9234892,10.63,0.6,,,,,,11.0593092,76.9235564,0.00,166.37,
268.59,dr,11.0594733,76.9234683,10.63,4.0,,,,,,11.0593092,76.9235564,0.00,166.49,
268.67,dr,11.0594749,76.9234687,10.08,8.0,,,,,,11.0593092,76.9235564,0.00,166.58,
268.77,dr,11.0594764,76.9234693,10.08,7.4,,,,,,11.0593092,76.9235564,0.00,166.68,
268.87,dr,11.0594780,76.9234698,10.08,9.2,,,,,,11.0593092,76.9235564,0.00,166.78,
268.97,dr,11.0594795,76.9234704,10.08,9.7,,,,,,11.0593092,76.9235564,0.00,166.88,
269.07,dr,11.0594810,76.9234710,10.08,14.1,,,,,,11.0593092,76.9235564,0.00,166.98,
269.17,dr,11.0594825,76.9234718,10.08,21.2,,,,,,11.0593092,76.9235564,0.00,167.08,
269.27,dr,11.0594839,76.9234728,10.08,27.6,,,,,,11.0593092,76.9235564,0.00,167.17,
269.37,dr,11.0594852,76.9234740,10.08,32.0,,,,,,11.0593092,76.9235564,0.00,167.28,
269.47,dr,11.0594865,76.9234753,10.08,34.0,,,,,,11.0593092,76.9235564,0.00,167.38,
269.57,dr,11.0595494,76.9234595,10.08,35.1,,,,,,11.0593092,76.9235564,0.00,167.48,
269.67,dr,11.0595511,76.9234614,10.98,35.3,,,,,,11.0593092,76.9235564,0.00,167.57,
269.77,dr,11.0595528,76.9234633,10.98,36.7,,,,,,11.0593092,76.9235564,0.00,167.67,
269.88,dr,11.0595545,76.9234653,10.98,38.9,,,,,,11.0593092,76.9235564,0.00,167.79,
269.97,dr,11.0595561,76.9234673,10.98,38.5,,,,,,11.0593092,76.9235564,0.00,167.87,
270.07,dr,11.0595578,76.9234694,10.98,41.1,,,,,,11.0593092,76.9235564,0.00,167.98,
270.17,dr,11.0595594,76.9234715,10.98,44.2,,,,,,11.0593092,76.9235564,0.00,168.08,
270.27,dr,11.0595609,76.9234737,10.98,45.2,,,,,,11.0593092,76.9235564,0.00,168.17,
270.36,dr,11.0595623,76.9234760,10.98,47.2,,,,,,11.0593092,76.9235564,0.00,168.27,
270.47,dr,11.0595637,76.9234783,10.98,47.8,,,,,,11.0593092,76.9235564,0.00,168.37,
270.58,dr,11.0595831,76.9234763,10.98,46.9,,,,,,11.0593092,76.9235564,0.00,168.49,
270.67,dr,11.0595846,76.9234787,10.78,45.8,,,,,,11.0593092,76.9235564,0.00,168.57,
270.77,dr,11.0595862,76.9234811,10.78,44.8,,,,,,11.0593092,76.9235564,0.00,168.67,
270.87,dr,11.0595877,76.9234834,10.78,42.4,,,,,,11.0593092,76.9235564,0.00,168.77,
270.97,dr,11.0595893,76.9234857,10.78,43.8,,,,,,11.0593092,76.9235564,0.00,168.87,
271.07,dr,11.0595908,76.9234880,10.78,41.3,,,,,,11.0593092,76.9235564,0.00,168.97,
271.17,dr,11.0595924,76.9234902,10.78,40.5,,,,,,11.0593092,76.9235564,0.00,169.08,
271.26,dr,11.0595940,76.9234924,10.78,41.6,,,,,,11.0593092,76.9235564,0.00,169.17,
271.37,dr,11.0595955,76.9234947,10.78,42.0,,,,,,11.0593092,76.9235564,0.00,169.27,
271.47,dr,11.0595971,76.9234969,10.78,44.3,,,,,,11.0593092,76.9235564,0.00,169.37,
271.57,dr,11.0596100,76.9234969,10.78,46.9,,,,,,11.0593092,76.9235564,0.00,169.48,
271.67,dr,11.0596117,76.9234996,11.80,48.0,,,,,,11.0593092,76.9235564,0.00,169.57,
271.77,dr,11.0596133,76.9235024,11.80,48.3,,,,,,11.0593092,76.9235564,0.00,169.67,
271.87,dr,11.0596149,76.9235052,11.80,48.4,,,,,,11.0593092,76.9235564,0.00,169.77,
271.97,dr,11.0596164,76.9235080,11.80,45.6,,,,,,11.0593092,76.9235564,0.00,169.87,
272.07,dr,11.0596181,76.9235107,11.80,46.3,,,,,,11.0593092,76.9235564,0.00,169.97,
272.17,dr,11.0596197,76.9235134,11.80,44.9,,,,,,11.0593092,76.9235564,0.00,170.07,
272.27,dr,11.0596213,76.9235161,11.80,45.3,,,,,,11.0593092,76.9235564,0.00,170.17,
272.37,dr,11.0596229,76.9235188,11.80,46.7,,,,,,11.0593092,76.9235564,0.00,170.27,
272.47,dr,11.0596245,76.9235215,11.80,46.8,,,,,,11.0593092,76.9235564,0.00,170.37,
272.57,dr,11.0596300,76.9235230,11.80,49.8,,,,,,11.0593092,76.9235564,0.00,170.48,
272.67,dr,11.0596316,76.9235259,12.08,51.2,,,,,,11.0593092,76.9235564,0.00,170.57,
272.77,dr,11.0596331,76.9235289,12.08,52.7,,,,,,11.0593092,76.9235564,0.00,170.67,
272.87,dr,11.0596346,76.9235319,12.08,51.7,,,,,,11.0593092,76.9235564,0.00,170.77,
272.97,dr,11.0596360,76.9235349,12.08,48.9,,,,,,11.0593092,76.9235564,0.00,170.87,
273.07,dr,11.0596376,76.9235378,12.08,44.8,,,,,,11.0593092,76.9235564,0.00,170.97,
273.17,dr,11.0596392,76.9235406,12.08,44.4,,,,,,11.0593092,76.9235564,0.00,171.08,
273.27,dr,11.0596408,76.9235434,12.08,42.3,,,,,,11.0593092,76.9235564,0.00,171.17,
273.37,dr,11.0596424,76.9235461,12.08,43.1,,,,,,11.0593092,76.9235564,0.00,171.27,
273.47,dr,11.0596440,76.9235488,12.08,44.4,,,,,,11.0593092,76.9235564,0.00,171.38,
273.58,dr,11.0596505,76.9235503,12.08,46.9,,,,,,11.0593092,76.9235564,0.00,171.49,
273.67,dr,11.0596520,76.9235532,12.12,49.4,,,,,,11.0593092,76.9235564,0.00,171.57,
273.77,dr,11.0596535,76.9235562,12.12,53.5,,,,,,11.0593092,76.9235564,0.00,171.67,
273.87,dr,11.0596549,76.9235593,12.12,58.4,,,,,,11.0593092,76.9235564,0.00,171.78,
273.96,dr,11.0596561,76.9235625,12.12,62.2,,,,,,11.0593092,76.9235564,0.00,171.87,
274.07,dr,11.0596573,76.9235657,12.12,63.1,,,,,,11.0593092,76.9235564,0.00,171.97,
274.17,dr,11.0596585,76.9235690,12.12,61.5,,,,,,11.0593092,76.9235564,0.00,172.08,
274.27,dr,11.0596597,76.9235723,12.12,56.1,,,,,,11.0593092,76.9235564,0.00,172.17,
274.37,dr,11.0596610,76.9235754,12.12,56.1,,,,,,11.0593092,76.9235564,0.00,172.27,
274.47,dr,11.0596623,76.9235786,12.12,55.1,,,,,,11.0593092,76.9235564,0.00,172.37,
274.57,dr,11.0596634,76.9235803,12.12,55.1,,,,,,11.0593092,76.9235564,0.00,172.48,
274.67,dr,11.0596647,76.9235835,12.50,56.0,,,,,,11.0593092,76.9235564,0.00,172.57,
274.76,dr,11.0596660,76.9235867,12.50,59.5,,,,,,11.0593092,76.9235564,0.00,172.67,
274.87,dr,11.0596673,76.9235900,12.50,61.5,,,,,,11.0593092,76.9235564,0.00,172.77,
274.96,dr,11.0596684,76.9235933,12.50,63.9,,,,,,11.0593092,76.9235564,0.00,172.87,
275.07,dr,11.0596696,76.9235967,12.50,62.8,,,,,,11.0593092,76.9235564,0.00,172.97,
275.17,dr,11.0596707,76.9236001,12.50,63.6,,,,,,11.0593092,76.9235564,0.00,173.07,
275.27,dr,11.0596719,76.9236035,12.50,63.4,,,,,,11.0593092,76.9235564,0.00,173.17,
275.37,dr,11.0596730,76.9236068,12.50,63.0,,,,,,11.0593092,76.9235564,0.00,173.27,
275.47,dr,11.0596741,76.9236102,12.50,63.0,,,,,,11.0593092,76.9235564,0.00,173.37,
275.58,dr,11.0596726,76.9236108,12.50,60.4,,,,,,11.0593092,76.9235564,0.00,173.49,
275.67,dr,11.0596738,76.9236141,12.66,59.6,,,,,,11.0593092,76.9235564,0.00,173.57,
275.76,dr,11.0596750,76.9236174,12.66,59.1,,,,,,11.0593092,76.9235564,0.00,173.67,
275.87,dr,11.0596762,76.9236206,12.66,59.3,,,,,,11.0593092,76.9235564,0.00,173.77,
275.96,dr,11.0596773,76.9236239,12.66,61.3,,,,,,11.0593092,76.9235564,0.00,173.87,
276.07,dr,11.0596784,76.9236272,12.66,64.3,,,,,,11.0593092,76.9235564,0.00,173.97,
276.17,dr,11.0596795,76.9236306,12.66,66.1,,,,,,11.0593092,76.9235564,0.00,174.07,
276.26,dr,11.0596805,76.9236340,12.66,68.2,,,,,,11.0593092,76.9235564,0.00,174.17,
276.37,dr,11.0596815,76.9236374,12.66,69.6,,,,,,11.0593092,76.9235564,0.00,174.27,
276.47,dr,11.0596825,76.9236408,12.66,70.3,,,,,,11.0593092,76.9235564,0.00,174.37,
276.58,dr,11.0596822,76.9236429,12.66,70.6,,,,,,11.0593092,76.9235564,0.00,174.48,
276.67,dr,11.0596831,76.9236462,12.26,70.2,,,,,,11.0593092,76.9235564,0.00,174.57,
276.77,dr,11.0596840,76.9236495,12.26,68.7,,,,,,11.0593092,76.9235564,0.00,174.67,
276.87,dr,11.0596849,76.9236528,12.26,68.5,,,,,,11.0593092,76.9235564,0.00,174.77,
276.97,dr,11.0596858,76.9236561,12.26,68.9,,,,,,11.0593092,76.9235564,0.00,174.87,
277.07,dr,11.0596867,76.9236593,12.26,68.4,,,,,,11.0593092,76.9235564,0.00,174.97,
277.17,dr,11.0596876,76.9236626,12.26,70.3,,,,,,11.0593092,76.9235564,0.00,175.07,
277.27,dr,11.0596885,76.9236659,12.26,71.6,,,,,,11.0593092,76.9235564,0.00,175.17,
277.37,dr,11.0596894,76.9236692,12.26,72.2,,,,,,11.0593092,76.9235564,0.00,175.28,
277.47,dr,11.0596902,76.9236726,12.26,70.7,,,,,,11.0593092,76.9235564,0.00,175.37,
277.57,dr,11.0596890,76.9236733,12.26,68.8,,,,,,11.0593092,76.9235564,0.00,175.48,
277.67,dr,11.0596899,76.9236765,12.17,68.6,,,,,,11.0593092,76.9235564,0.00,175.57,
277.77,dr,11.0596908,76.9236797,12.17,67.4,,,,,,11.0593092,76.9235564,0.00,175.67,
277.87,dr,11.0596916,76.9236830,12.17,67.7,,,,,,11.0593092,76.9235564,0.00,175.77,
277.97,dr,11.0596925,76.9236862,12.17,67.2,,,,,,11.0593092,76.9235564,0.00,175.87,
278.07,dr,11.0596934,76.9236894,12.17,67.8,,,,,,11.0593092,76.9235564,0.00,175.97,
278.17,dr,11.0596942,76.9236926,12.17,67.9,,,,,,11.0593092,76.9235564,0.00,176.07,
278.27,dr,11.0596951,76.9236958,12.17,68.1,,,,,,11.0593092,76.9235564,0.00,176.17,
278.37,dr,11.0596959,76.9236991,12.17,67.9,,,,,,11.0593092,76.9235564,0.00,176.28,
278.46,dr,11.0596968,76.9237023,12.17,68.5,,,,,,11.0593092,76.9235564,0.00,176.37,
278.57,dr,11.0596955,76.9237026,12.17,69.2,,,,,,11.0593092,76.9235564,0.00,176.48,
278.67,dr,11.0596963,76.9237057,11.92,69.3,,,,,,11.0593092,76.9235564,0.00,176.57,
278.77,dr,11.0596971,76.9237089,11.92,70.3,,,,,,11.0593092,76.9235564,0.00,176.67,
278.87,dr,11.0596979,76.9237121,11.92,71.2,,,,,,11.0593092,76.9235564,0.00,176.77,
278.96,dr,11.0596987,76.9237152,11.92,71.3,,,,,,11.0593092,76.9235564,0.00,176.87,
279.07,dr,11.0596994,76.9237184,11.92,71.7,,,,,,11.0593092,76.9235564,0.00,176.98,
279.17,dr,11.0597002,76.9237216,11.92,72.1,,,,,,11.0593092,76.9235564,0.00,177.07,
279.27,dr,11.0597009,76.9237247,11.92,72.5,,,,,,11.0593092,76.9235564,0.00,177.17,
279.37,dr,11.0597016,76.9237279,11.92,73.0,,,,,,11.0593092,76.9235564,0.00,177.27,
279.47,dr,11.0597024,76.9237311,11.92,73.6,,,,,,11.0593092,76.9235564,0.00,177.37,
279.58,dr,11.0597023,76.9237331,11.92,74.9,,,,,,11.0593092,76.9235564,0.00,177.49,
279.67,dr,11.0597029,76.9237359,10.51,76.3,,,,,,11.0593092,76.9235564,0.00,177.57,
279.76,dr,11.0597035,76.9237388,10.51,79.0,,,,,,11.0593092,76.9235564,0.00,177.67,
279.87,dr,11.0597041,76.9237416,10.51,82.5,,,,,,11.0593092,76.9235564,0.00,177.77,
279.97,dr,11.0597046,76.9237445,10.51,85.5,,,,,,11.0593092,76.9235564,0.00,177.87,
280.06,dr,11.0597051,76.9237473,10.51,87.5,,,,,,11.0593092,76.9235564,0.00,177.97,
280.17,dr,11.0597056,76.9237501,10.51,87.3,,,,,,11.0593092,76.9235564,0.00,178.07,
280.27,dr,11.0597061,76.9237530,10.51,85.4,,,,,,11.0593092,76.9235564,0.00,178.17,
280.36,dr,11.0597065,76.9237558,10.51,82.6,,,,,,11.0593092,76.9235564,0.00,178.27,
280.47,dr,11.0597071,76.9237587,10.51,81.9,,,,,,11.0593092,76.9235564,0.00,178.37,
280.57,dr,11.0597071,76.9237607,10.51,78.4,,,,,,11.0593092,76.9235564,0.00,178.48,
280.67,dr,11.0597077,76.9237639,11.97,78.1,,,,,,11.0593092,76.9235564,0.00,178.57,
280.77,dr,11.0597083,76.9237672,11.97,78.1,,,,,,11.0593092,76.9235564,0.00,178.67,
280.86,dr,11.0597090,76.9237704,11.97,79.1,,,,,,11.0593092,76.9235564,0.00,178.77,
280.96,dr,11.0597096,76.9237736,11.97,76.7,,,,,,11.0593092,76.9235564,0.00,178.87,
281.07,dr,11.0597102,76.9237768,11.97,72.3,,,,,,11.0593092,76.9235564,0.00,178.97,
281.17,dr,11.0597109,76.9237800,11.97,67.4,,,,,,11.0593092,76.9235564,0.00,179.07,
281.27,dr,11.0597117,76.9237831,11.97,64.2,,,,,,11.0593092,76.9235564,0.00,179.17,
281.37,dr,11.0597124,76.9237862,11.97,62.4,,,,,,11.0593092,76.9235564,0.00,179.27,
281.46,dr,11.0597132,76.9237892,11.97,62.1,,,,,,11.0593092,76.9235564,0.00,179.37,
281.57,dr,11.0597079,76.9237811,11.97,62.7,,,,,,11.0593092,76.9235564,0.00,179.48,
281.67,dr,11.0597087,76.9237841,12.41,60.6,,,,,,11.0593092,76.9235564,0.00,179.57,
281.77,dr,11.0597094,76.9237870,12.41,56.0,,,,,,11.0593092,76.9235564,0.00,179.67,
281.87,dr,11.0597102,76.9237899,12.41,49.7,,,,,,11.0593092,76.9235564,0.00,179.77,
281.97,dr,11.0597111,76.9237925,12.41,46.8,,,,,,11.0593092,76.9235564,0.00,179.87,
282.07,dr,11.0597119,76.9237951,12.41,45.4,,,,,,11.0593092,76.9235564,0.00,179.97,
282.17,dr,11.0597128,76.9237976,12.41,43.6,,,,,,11.0593092,76.9235564,0.00,180.08,
282.27,dr,11.0597136,76.9238001,12.41,43.3,,,,,,11.0593092,76.9235564,0.00,180.17,
282.37,dr,11.0597144,76.9238025,12.41,42.9,,,,,,11.0593092,76.9235564,0.00,180.27,
282.47,dr,11.0597152,76.9238049,12.41,44.1,,,,,,11.0593092,76.9235564,0.00,180.37,
282.58,dr,11.0596684,76.9237153,12.41,46.8,,,,,,11.0593092,76.9235564,0.00,180.48,
282.67,dr,11.0596687,76.9237172,12.76,48.7,,,,,,11.0593092,76.9235564,0.00,180.57,
282.77,dr,11.0596691,76.9237191,12.76,54.3,,,,,,11.0593092,76.9235564,0.00,180.67,
282.87,dr,11.0596694,76.9237212,12.76,59.5,,,,,,11.0593092,76.9235564,0.00,180.77,
282.97,dr,11.0596697,76.9237233,12.76,67.1,,,,,,11.0593092,76.9235564,0.00,180.87,
283.07,dr,11.0596701,76.9237256,12.76,74.1,,,,,,11.0593092,76.9235564,0.00,180.97,
283.17,dr,11.0596705,76.9237278,12.76,80.4,,,,,,11.0593092,76.9235564,0.00,181.08,
283.27,dr,11.0596710,76.9237302,12.76,88.0,,,,,,11.0593092,76.9235564,0.00,181.17,
283.37,dr,11.0596715,76.9237325,12.76,94.2,,,,,,11.0593092,76.9235564,0.00,181.27,
283.47,dr,11.0596720,76.9237347,12.76,100.6,,,,,,11.0593092,76.9235564,0.00,181.37,
283.57,dr,11.0595943,76.9236044,12.76,107.1,,,,,,11.0593092,76.9235564,0.00,181.48,
283.67,dr,11.0595949,76.9236052,10.76,112.9,,,,,,11.0593092,76.9235564,0.00,181.57,
283.77,dr,11.0595956,76.9236060,10.76,117.9,,,,,,11.0593092,76.9235564,0.00,181.67,
283.87,dr,11.0595964,76.9236067,10.76,122.6,,,,,,11.0593092,76.9235564,0.00,181.77,
283.97,dr,11.0595972,76.9236073,10.76,125.8,,,,,,11.0593092,76.9235564,0.00,181.87,
284.07,dr,11.0595980,76.9236079,10.76,127.1,,,,,,11.0593092,76.9235564,0.00,181.97,
284.17,dr,11.0595988,76.9236085,10.76,128.0,,,,,,11.0593092,76.9235564,0.00,182.07,
284.27,dr,11.0595996,76.9236091,10.76,128.6,,,,,,11.0593092,76.9235564,0.00,182.17,
284.36,dr,11.0596004,76.9236097,10.76,129.1,,,,,,11.0593092,76.9235564,0.00,182.27,
284.47,dr,11.0596011,76.9236103,10.76,129.4,,,,,,11.0593092,76.9235564,0.00,182.37,
284.58,dr,11.0595212,76.9235066,10.76,130.8,,,,,,11.0593092,76.9235564,0.00,182.49,
284.67,dr,11.0595221,76.9235066,9.79,132.3,,,,,,11.0593092,76.9235564,0.00,182.57,
284.77,dr,11.0595230,76.9235065,9.79,132.8,,,,,,11.0593092,76.9235564,0.00,182.67,
284.87,dr,11.0595238,76.9235065,9.79,134.6,,,,,,11.0593092,76.9235564,0.00,182.77,
284.97,dr,11.0595247,76.9235065,9.79,135.8,,,,,,11.0593092,76.9235564,0.00,182.87,
285.07,dr,11.0595256,76.9235065,9.79,137.1,,,,,,11.0593092,76.9235564,0.00,182.97,
285.17,dr,11.0595265,76.9235064,9.79,138.2,,,,,,11.0593092,76.9235564,0.00,183.08,
285.27,dr,11.0595274,76.9235064,9.79,139.5,,,,,,11.0593092,76.9235564,0.00,183.17,
285.37,dr,11.0595282,76.9235064,9.79,140.5,,,,,,11.0593092,76.9235564,0.00,183.27,
285.47,dr,11.0595291,76.9235063,9.79,139.7,,,,,,11.0593092,76.9235564,0.00,183.37,
285.57,dr,11.0594825,76.9234909,9.79,139.0,,,,,,11.0593092,76.9235564,0.00,183.48,
285.67,dr,11.0594834,76.9234907,10.12,137.8,,,,,,11.0593092,76.9235564,0.00,183.57,
285.77,dr,11.0594843,76.9234906,10.12,137.0,,,,,,11.0593092,76.9235564,0.00,183.67,
285.87,dr,11.0594851,76.9234905,10.12,136.5,,,,,,11.0593092,76.9235564,0.00,183.77,
285.97,dr,11.0594859,76.9234904,10.12,136.8,,,,,,11.0593092,76.9235564,0.00,183.87,
286.06,dr,11.0594867,76.9234903,10.12,137.7,,,,,,11.0593092,76.9235564,0.00,183.97,
286.17,dr,11.0594875,76.9234902,10.12,137.9,,,,,,11.0593092,76.9235564,0.00,184.08,
286.27,dr,11.0594883,76.9234901,10.12,138.4,,,,,,11.0593092,76.9235564,0.00,184.17,
286.37,dr,11.0594890,76.9234900,10.12,138.7,,,,,,11.0593092,76.9235564,0.00,184.28,
286.47,dr,11.0594898,76.9234899,10.12,139.1,,,,,,11.0593092,76.9235564,0.00,184.37,
286.58,dr,11.0594552,76.9234885,10.12,139.8,,,,,,11.0593092,76.9235564,0.00,184.49,
286.67,dr,11.0594560,76.9234883,10.78,140.7,,,,,,11.0593092,76.9235564,0.00,184.57,
286.77,dr,11.0594568,76.9234882,10.78,141.1,,,,,,11.0593092,76.9235564,0.00,184.67,
286.87,dr,11.0594576,76.9234880,10.78,141.0,,,,,,11.0593092,76.9235564,0.00,184.77,
286.97,dr,11.0594584,76.9234879,10.78,140.5,,,,,,11.0593092,76.9235564,0.00,184.87,
287.07,dr,11.0594591,76.9234878,10.78,139.1,,,,,,11.0593092,76.9235564,0.00,184.97,
287.17,dr,11.0594599,76.9234877,10.78,139.9,,,,,,11.0593092,76.9235564,0.00,185.08,
287.27,dr,11.0594606,76.9234876,10.78,139.2,,,,,,11.0593092,76.9235564,0.00,185.17,
287.37,dr,11.0594613,76.9234874,10.78,137.8,,,,,,11.0593092,76.9235564,0.00,185.27,
287.47,dr,11.0594620,76.9234873,10.78,136.6,,,,,,11.0593092,76.9235564,0.00,185.37,
287.58,dr,11.0594434,76.9234863,10.78,135.3,,,,,,11.0593092,76.9235564,0.00,185.48,
287.67,dr,11.0594440,76.9234862,10.60,134.8,,,,,,11.0593092,76.9235564,0.00,185.57,
287.77,dr,11.0594446,76.9234861,10.60,134.3,,,,,,11.0593092,76.9235564,0.00,185.67,
287.87,dr,11.0594452,76.9234860,10.60,133.4,,,,,,11.0593092,76.9235564,0.00,185.77,
287.97,dr,11.0594458,76.9234859,10.60,132.9,,,,,,11.0593092,76.9235564,0.00,185.87,
288.07,dr,11.0594464,76.9234857,10.60,132.5,,,,,,11.0593092,76.9235564,0.00,185.97,
288.17,dr,11.0594470,76.9234856,10.60,132.2,,,,,,11.0593092,76.9235564,0.00,186.08,
288.27,dr,11.0594475,76.9234855,10.60,132.8,,,,,,11.0593092,76.9235564,0.00,186.17,
288.37,dr,11.0594481,76.9234854,10.60,133.3,,,,,,11.0593092,76.9235564,0.00,186.27,
288.47,dr,11.0594486,76.9234853,10.60,134.2,,,,,,11.0593092,76.9235564,0.00,186.37,
288.58,dr,11.0594420,76.9234861,10.60,135.4,,,,,,11.0593092,76.9235564,0.00,186.49,
288.67,dr,11.0594423,76.9234860,6.95,135.8,,,,,,11.0593092,76.9235564,0.00,186.57,
288.77,dr,11.0594427,76.9234860,6.95,135.8,,,,,,11.0593092,76.9235564,0.00,186.67,
288.87,dr,11.0594430,76.9234859,6.95,135.9,,,,,,11.0593092,76.9235564,0.00,186.78,
288.97,dr,11.0594434,76.9234858,6.95,136.1,,,,,,11.0593092,76.9235564,0.00,186.87,
289.07,dr,11.0594437,76.9234857,6.95,136.2,,,,,,11.0593092,76.9235564,0.00,186.97,
289.17,dr,11.0594441,76.9234857,6.95,136.1,,,,,,11.0593092,76.9235564,0.00,187.07,
289.27,dr,11.0594444,76.9234856,6.95,136.1,,,,,,11.0593092,76.9235564,0.00,187.17,
289.37,dr,11.0594448,76.9234855,6.95,136.1,,,,,,11.0593092,76.9235564,0.00,187.27,
289.47,dr,11.0594451,76.9234855,6.95,136.1,,,,,,11.0593092,76.9235564,0.00,187.38,
289.58,dr,11.0594429,76.9234859,6.95,136.4,,,,,,11.0593092,76.9235564,0.00,187.49,
289.67,dr,11.0594432,76.9234858,6.09,136.7,,,,,,11.0593092,76.9235564,0.00,187.57,
289.77,dr,11.0594434,76.9234858,6.09,137.0,,,,,,11.0593092,76.9235564,0.00,187.67,
289.87,dr,11.0594437,76.9234857,6.09,137.3,,,,,,11.0593092,76.9235564,0.00,187.78,
289.97,dr,11.0594440,76.9234857,6.09,137.4,,,,,,11.0593092,76.9235564,0.00,187.87,
290.07,dr,11.0594443,76.9234856,6.09,137.5,,,,,,11.0593092,76.9235564,0.00,187.97,
290.17,dr,11.0594446,76.9234856,6.09,137.5,,,,,,11.0593092,76.9235564,0.00,188.07,
290.27,dr,11.0594449,76.9234855,6.09,137.4,,,,,,11.0593092,76.9235564,0.00,188.17,
290.37,dr,11.0594452,76.9234855,6.09,137.4,,,,,,11.0593092,76.9235564,0.00,188.27,
290.47,dr,11.0594454,76.9234854,6.09,137.5,,,,,,11.0593092,76.9235564,0.00,188.37,
290.57,dr,11.0594448,76.9234856,6.09,137.5,,,,,,11.0593092,76.9235564,0.00,188.48,
290.67,dr,11.0594451,76.9234855,5.54,137.7,,,,,,11.0593092,76.9235564,0.00,188.57,
290.77,dr,11.0594453,76.9234855,5.54,137.8,,,,,,11.0593092,76.9235564,0.00,188.67,
290.87,dr,11.0594455,76.9234854,5.54,138.1,,,,,,11.0593092,76.9235564,0.00,188.77,
290.97,dr,11.0594458,76.9234854,5.54,138.3,,,,,,11.0593092,76.9235564,0.00,188.87,
291.07,dr,11.0594460,76.9234853,5.54,138.6,,,,,,11.0593092,76.9235564,0.00,188.97,
291.17,dr,11.0594463,76.9234853,5.54,138.8,,,,,,11.0593092,76.9235564,0.00,189.07,
291.27,dr,11.0594465,76.9234853,5.54,138.7,,,,,,11.0593092,76.9235564,0.00,189.17,
291.36,dr,11.0594468,76.9234852,5.54,138.7,,,,,,11.0593092,76.9235564,0.00,189.27,
291.47,dr,11.0594470,76.9234852,5.54,138.7,,,,,,11.0593092,76.9235564,0.00,189.37,
291.57,dr,11.0594469,76.9234852,5.54,138.6,,,,,,11.0593092,76.9235564,0.00,189.48,
291.67,dr,11.0594469,76.9234852,0.00,138.3,,,,,,11.0593092,76.9235564,0.00,189.57,
291.77,dr,11.0594469,76.9234852,0.00,138.1,,,,,,11.0593092,76.9235564,0.00,189.67,
291.87,dr,11.0594469,76.9234852,0.00,138.3,,,,,,11.0593092,76.9235564,0.00,189.77,
291.97,dr,11.0594469,76.9234852,0.00,138.4,,,,,,11.0593092,76.9235564,0.00,189.87,
292.07,dr,11.0594469,76.9234852,0.00,138.5,,,,,,11.0593092,76.9235564,0.00,189.97,
292.17,dr,11.0594469,76.9234852,0.00,138.7,,,,,,11.0593092,76.9235564,0.00,190.07,
292.27,dr,11.0594469,76.9234852,0.00,138.8,,,,,,11.0593092,76.9235564,0.00,190.17,
292.37,dr,11.0594469,76.9234852,0.00,139.1,,,,,,11.0593092,76.9235564,0.00,190.28,
292.47,dr,11.0594469,76.9234852,0.00,139.0,,,,,,11.0593092,76.9235564,0.00,190.37,
292.57,dr,11.0594469,76.9234852,0.00,138.9,,,,,,11.0593092,76.9235564,0.00,190.48,
292.67,dr,11.0594469,76.9234852,0.00,138.3,,,,,,11.0593092,76.9235564,0.00,190.57,
292.77,dr,11.0594469,76.9234852,0.00,137.7,,,,,,11.0593092,76.9235564,0.00,190.67,
292.86,dr,11.0594469,76.9234852,0.00,137.1,,,,,,11.0593092,76.9235564,0.00,190.77,
292.97,dr,11.0594469,76.9234852,0.00,136.9,,,,,,11.0593092,76.9235564,0.00,190.87,
293.07,dr,11.0594469,76.9234852,0.00,137.2,,,,,,11.0593092,76.9235564,0.00,190.97,
293.17,dr,11.0594469,76.9234852,0.00,137.8,,,,,,11.0593092,76.9235564,0.00,191.07,
293.27,dr,11.0594469,76.9234852,0.00,138.2,,,,,,11.0593092,76.9235564,0.00,191.17,
293.37,dr,11.0594469,76.9234852,0.00,138.6,,,,,,11.0593092,76.9235564,0.00,191.27,
293.47,dr,11.0594469,76.9234852,0.00,138.9,,,,,,11.0593092,76.9235564,0.00,191.37,
293.57,dr,11.0594469,76.9234852,0.00,138.9,,,,,,11.0593092,76.9235564,0.00,191.47,
293.67,dr,11.0594469,76.9234852,0.00,138.7,,,,,,11.0593092,76.9235564,0.00,191.57,
293.77,dr,11.0594469,76.9234852,0.00,138.6,,,,,,11.0593092,76.9235564,0.00,191.67,
293.87,dr,11.0594469,76.9234852,0.00,138.6,,,,,,11.0593092,76.9235564,0.00,191.77,
293.96,dr,11.0594469,76.9234852,0.00,138.5,,,,,,11.0593092,76.9235564,0.00,191.87,
294.07,dr,11.0594469,76.9234852,0.00,138.7,,,,,,11.0593092,76.9235564,0.00,191.97,
294.17,dr,11.0594469,76.9234852,0.00,138.8,,,,,,11.0593092,76.9235564,0.00,192.07,
294.27,dr,11.0594469,76.9234852,0.00,139.0,,,,,,11.0593092,76.9235564,0.00,192.17,
294.37,dr,11.0594469,76.9234852,0.00,138.9,,,,,,11.0593092,76.9235564,0.00,192.27,
294.47,dr,11.0594469,76.9234852,0.00,139.3,,,,,,11.0593092,76.9235564,0.00,192.37,
294.57,dr,11.0594469,76.9234852,0.00,139.4,,,,,,11.0593092,76.9235564,0.00,192.47,
294.67,dr,11.0594469,76.9234852,0.00,139.6,,,,,,11.0593092,76.9235564,0.00,192.57,
294.77,dr,11.0594469,76.9234852,0.00,139.6,,,,,,11.0593092,76.9235564,0.00,192.67,
294.86,dr,11.0594469,76.9234852,0.00,139.7,,,,,,11.0593092,76.9235564,0.00,192.77,
294.97,dr,11.0594469,76.9234852,0.00,139.8,,,,,,11.0593092,76.9235564,0.00,192.87,
295.07,dr,11.0594469,76.9234852,0.00,139.8,,,,,,11.0593092,76.9235564,0.00,192.97,
295.17,dr,11.0594469,76.9234852,0.00,139.7,,,,,,11.0593092,76.9235564,0.00,193.08,
295.27,dr,11.0594469,76.9234852,0.00,139.7,,,,,,11.0593092,76.9235564,0.00,193.17,
295.37,dr,11.0594469,76.9234852,0.00,139.4,,,,,,11.0593092,76.9235564,0.00,193.27,
295.47,dr,11.0594469,76.9234852,0.00,139.1,,,,,,11.0593092,76.9235564,0.00,193.37,
295.57,dr,11.0594469,76.9234852,0.00,138.7,,,,,,11.0593092,76.9235564,0.00,193.47,
295.67,dr,11.0594469,76.9234852,0.00,138.5,,,,,,11.0593092,76.9235564,0.00,193.57,
295.77,dr,11.0594469,76.9234852,0.00,137.9,,,,,,11.0593092,76.9235564,0.00,193.67,
295.87,dr,11.0594469,76.9234852,0.00,137.5,,,,,,11.0593092,76.9235564,0.00,193.77,
295.97,dr,11.0594469,76.9234852,0.00,137.5,,,,,,11.0593092,76.9235564,0.00,193.87,
296.07,dr,11.0594469,76.9234852,0.00,137.6,,,,,,11.0593092,76.9235564,0.00,193.98,
296.17,dr,11.0594469,76.9234852,0.00,137.6,,,,,,11.0593092,76.9235564,0.00,194.07,
296.27,dr,11.0594469,76.9234852,0.00,137.4,,,,,,11.0593092,76.9235564,0.00,194.17,
296.37,dr,11.0594469,76.9234852,0.00,137.2,,,,,,11.0593092,76.9235564,0.00,194.27,
296.47,dr,11.0594469,76.9234852,0.00,137.1,,,,,,11.0593092,76.9235564,0.00,194.37,
296.57,dr,11.0594469,76.9234852,0.00,136.8,,,,,,11.0593092,76.9235564,0.00,194.47,
296.67,dr,11.0594469,76.9234852,0.00,136.3,,,,,,11.0593092,76.9235564,0.00,194.57,
296.77,dr,11.0594469,76.9234852,0.00,135.3,,,,,,11.0593092,76.9235564,0.00,194.67,
296.86,dr,11.0594469,76.9234852,0.00,134.1,,,,,,11.0593092,76.9235564,0.00,194.77,
296.97,dr,11.0594469,76.9234852,0.00,133.0,,,,,,11.0593092,76.9235564,0.00,194.87,
297.07,dr,11.0594469,76.9234852,0.00,132.3,,,,,,11.0593092,76.9235564,0.00,194.98,
297.17,dr,11.0594469,76.9234852,0.00,131.8,,,,,,11.0593092,76.9235564,0.00,195.08,
297.27,dr,11.0594469,76.9234852,0.00,131.6,,,,,,11.0593092,76.9235564,0.00,195.17,
297.37,dr,11.0594469,76.9234852,0.00,131.4,,,,,,11.0593092,76.9235564,0.00,195.27,
297.47,dr,11.0594469,76.9234852,0.00,131.1,,,,,,11.0593092,76.9235564,0.00,195.37,
297.57,dr,11.0594469,76.9234852,0.00,130.3,,,,,,11.0593092,76.9235564,0.00,195.47,
297.67,dr,11.0594469,76.9234852,0.00,128.2,,,,,,11.0593092,76.9235564,0.00,195.57,
297.77,dr,11.0594469,76.9234852,0.00,124.0,,,,,,11.0593092,76.9235564,0.00,195.67,
297.87,dr,11.0594469,76.9234852,0.00,123.4,,,,,,11.0593092,76.9235564,0.00,195.77,
297.97,dr,11.0594469,76.9234852,0.00,123.3,,,,,,11.0593092,76.9235564,0.00,195.88,
298.07,dr,11.0594469,76.9234852,0.00,123.7,,,,,,11.0593092,76.9235564,0.00,195.97,
298.17,dr,11.0594469,76.9234852,0.00,124.9,,,,,,11.0593092,76.9235564,0.00,196.07,
298.27,dr,11.0594469,76.9234852,0.00,126.1,,,,,,11.0593092,76.9235564,0.00,196.17,
298.37,dr,11.0594469,76.9234852,0.00,127.1,,,,,,11.0593092,76.9235564,0.00,196.28,
298.47,dr,11.0594469,76.9234852,0.00,127.9,,,,,,11.0593092,76.9235564,0.00,196.37,
298.57,dr,11.0594469,76.9234852,0.00,127.6,,,,,,11.0593092,76.9235564,0.00,196.48,
298.67,dr,11.0594469,76.9234852,0.00,126.7,,,,,,11.0593092,76.9235564,0.00,196.57,
298.76,dr,11.0594469,76.9234852,0.00,126.3,,,,,,11.0593092,76.9235564,0.00,196.67,
298.87,dr,11.0594469,76.9234852,0.00,125.8,,,,,,11.0593092,76.9235564,0.00,196.77,
298.97,dr,11.0594469,76.9234852,0.00,125.4,,,,,,11.0593092,76.9235564,0.00,196.88,
299.07,dr,11.0594469,76.9234852,0.00,125.0,,,,,,11.0593092,76.9235564,0.00,196.97,
299.17,dr,11.0594469,76.9234852,0.00,125.2,,,,,,11.0593092,76.9235564,0.00,197.07,
299.27,dr,11.0594469,76.9234852,0.00,125.2,,,,,,11.0593092,76.9235564,0.00,197.17,
299.37,dr,11.0594469,76.9234852,0.00,125.6,,,,,,11.0593092,76.9235564,0.00,197.27,
299.47,dr,11.0594469,76.9234852,0.00,126.4,,,,,,11.0593092,76.9235564,0.00,197.37,
299.57,dr,11.0594469,76.9234852,0.00,127.0,,,,,,11.0593092,76.9235564,0.00,197.48,
299.67,dr,11.0594469,76.9234852,0.00,127.9,,,,,,11.0593092,76.9235564,0.00,197.57,
299.77,dr,11.0594469,76.9234852,0.00,128.5,,,,,,11.0593092,76.9235564,0.00,197.67,
299.86,dr,11.0594469,76.9234852,0.00,128.4,,,,,,11.0593092,76.9235564,0.00,197.77,
299.97,dr,11.0594469,76.9234852,0.00,128.1,,,,,,11.0593092,76.9235564,0.00,197.88,
300.07,dr,11.0594469,76.9234852,0.00,127.7,,,,,,11.0593092,76.9235564,0.00,197.97,
300.17,dr,11.0594469,76.9234852,0.00,127.2,2,11.0594438,76.9233108,0.00,213.6,11.0593092,76.9235564,0.00,198.08,
300.27,dr,11.0594469,76.9234852,0.00,127.0,2,11.0594438,76.9233108,0.00,213.4,11.0593092,76.9235564,0.00,198.17,
300.37,dr,11.0594469,76.9234852,0.00,126.9,2,11.0594438,76.9233108,0.00,213.3,11.0593092,76.9235564,0.00,198.27,
300.47,dr,11.0594469,76.9234852,0.00,127.0,2,11.0594438,76.9233108,0.00,213.5,11.0593092,76.9235564,0.00,198.37,
300.57,dr,11.0594469,76.9234852,0.00,127.3,2,11.0594438,76.9233108,0.00,213.8,11.0593092,76.9235564,0.00,198.47,
300.67,dr,11.0594469,76.9234852,0.00,127.7,2,11.0594438,76.9233108,0.00,214.2,11.0593092,76.9235564,0.00,198.57,
300.77,dr,11.0594469,76.9234852,0.00,128.0,2,11.0594438,76.9233108,0.00,214.6,11.0593092,76.9235564,0.00,198.67,
300.87,dr,11.0594469,76.9234852,0.00,128.3,2,11.0594438,76.9233108,0.00,214.9,11.0593092,76.9235564,0.00,198.78,
300.97,dr,11.0594469,76.9234852,0.00,128.6,2,11.0594438,76.9233108,0.00,215.3,11.0593092,76.9235564,0.00,198.87,
301.07,dr,11.0594469,76.9234852,0.00,128.6,2,11.0594438,76.9233108,0.00,215.4,11.0593092,76.9235564,0.00,198.97,
301.17,dr,11.0594469,76.9234852,0.00,129.5,2,11.0594438,76.9233108,0.00,216.3,11.0593092,76.9235564,0.00,199.08,
301.27,dr,11.0594469,76.9234852,0.00,130.4,2,11.0594438,76.9233108,0.00,217.3,11.0593092,76.9235564,0.00,199.17,
301.37,dr,11.0594469,76.9234852,0.00,131.1,2,11.0594438,76.9233108,0.00,217.9,11.0593092,76.9235564,0.00,199.27,
301.47,dr,11.0594469,76.9234852,0.00,131.1,2,11.0594438,76.9233108,0.00,218.1,11.0593092,76.9235564,0.00,199.38,
301.57,dr,11.0594469,76.9234852,0.00,130.8,2,11.0594438,76.9233108,0.00,217.8,11.0593092,76.9235564,0.00,199.48,
301.67,dr,11.0594469,76.9234852,0.00,130.6,2,11.0594438,76.9233108,0.00,217.6,11.0593092,76.9235564,0.00,199.57,
301.77,dr,11.0594469,76.9234852,0.00,130.4,2,11.0594438,76.9233108,0.00,217.5,11.0593092,76.9235564,0.00,199.67,
301.87,dr,11.0594469,76.9234852,0.00,130.7,2,11.0594438,76.9233108,0.00,217.9,11.0593092,76.9235564,0.00,199.77,
301.97,dr,11.0594469,76.9234852,0.00,131.5,2,11.0594438,76.9233108,0.00,218.6,11.0593092,76.9235564,0.00,199.88,
302.06,dr,11.0594469,76.9234852,0.00,132.3,2,11.0594438,76.9233108,0.00,219.6,11.0593092,76.9235564,0.00,199.97,
302.17,dr,11.0594469,76.9234852,0.00,133.1,2,11.0594438,76.9233108,0.00,220.3,11.0593092,76.9235564,0.00,200.07,
302.27,dr,11.0594469,76.9234852,0.00,133.7,2,11.0594438,76.9233108,0.00,221.0,11.0593092,76.9235564,0.00,200.17,
302.37,dr,11.0594469,76.9234852,0.00,134.5,2,11.0594438,76.9233108,0.00,221.9,11.0593092,76.9235564,0.00,200.27,
302.47,dr,11.0594469,76.9234852,0.00,135.7,2,11.0594438,76.9233108,0.00,223.1,11.0593092,76.9235564,0.00,200.37,
302.57,dr,11.0594469,76.9234852,0.00,136.6,2,11.0594438,76.9233108,0.00,224.1,11.0593092,76.9235564,0.00,200.48,
302.67,dr,11.0594469,76.9234852,0.00,137.5,2,11.0594438,76.9233108,0.00,225.0,11.0593092,76.9235564,0.00,200.57,
302.77,dr,11.0594469,76.9234852,0.00,138.0,2,11.0594438,76.9233108,0.00,225.5,11.0593092,76.9235564,0.00,200.67,
302.87,dr,11.0594469,76.9234852,0.00,138.6,2,11.0594438,76.9233108,0.00,226.2,11.0593092,76.9235564,0.00,200.77,
302.97,dr,11.0594469,76.9234852,0.00,139.6,2,11.0594438,76.9233108,0.00,227.2,11.0593092,76.9235564,0.00,200.88,
303.07,dr,11.0594469,76.9234852,0.00,140.4,2,11.0594438,76.9233108,0.00,228.0,11.0593092,76.9235564,0.00,200.97,
303.17,dr,11.0594469,76.9234852,0.00,140.8,2,11.0594438,76.9233108,0.00,228.5,11.0593092,76.9235564,0.00,201.07,
303.27,dr,11.0594469,76.9234852,0.00,141.2,2,11.0594438,76.9233108,0.00,228.9,11.0593092,76.9235564,0.00,201.17,
303.36,dr,11.0594469,76.9234852,0.00,141.6,2,11.0594438,76.9233108,0.00,229.5,11.0593092,76.9235564,0.00,201.27,
303.47,dr,11.0594469,76.9234852,0.00,141.6,2,11.0594438,76.9233108,0.00,229.5,11.0593092,76.9235564,0.00,201.37,
303.57,dr,11.0594469,76.9234852,0.00,141.6,2,11.0594438,76.9233108,0.00,229.5,11.0593092,76.9235564,0.00,201.47,
303.67,dr,11.0594469,76.9234852,0.00,141.8,2,11.0594438,76.9233108,0.00,229.7,11.0593092,76.9235564,0.00,201.57,
303.77,dr,11.0594469,76.9234852,0.00,141.4,2,11.0594438,76.9233108,0.00,229.4,11.0593092,76.9235564,0.00,201.67,
303.86,dr,11.0594469,76.9234852,0.00,141.1,2,11.0594438,76.9233108,0.00,229.1,11.0593092,76.9235564,0.00,201.77,
303.97,dr,11.0594469,76.9234852,0.00,140.9,2,11.0594438,76.9233108,0.00,229.0,11.0593092,76.9235564,0.00,201.87,
304.07,dr,11.0594469,76.9234852,0.00,141.2,2,11.0594438,76.9233108,0.00,229.3,11.0593092,76.9235564,0.00,201.97,
304.17,dr,11.0594469,76.9234852,0.00,141.0,2,11.0594438,76.9233108,0.00,229.2,11.0593092,76.9235564,0.00,202.07,
304.27,dr,11.0594469,76.9234852,0.00,140.8,2,11.0594438,76.9233108,0.00,229.0,11.0593092,76.9235564,0.00,202.17,
304.37,dr,11.0594469,76.9234852,0.00,140.8,2,11.0594438,76.9233108,0.00,229.1,11.0593092,76.9235564,0.00,202.27,
304.47,dr,11.0594469,76.9234852,0.00,140.9,2,11.0594438,76.9233108,0.00,229.3,11.0593092,76.9235564,0.00,202.37,
304.57,dr,11.0594469,76.9234852,0.00,141.3,2,11.0594438,76.9233108,0.00,229.7,11.0593092,76.9235564,0.00,202.48,
304.67,dr,11.0594469,76.9234852,0.00,141.1,2,11.0594438,76.9233108,0.00,229.5,11.0593092,76.9235564,0.00,202.57,
304.77,dr,11.0594469,76.9234852,0.00,141.7,2,11.0594438,76.9233108,0.00,230.1,11.0593092,76.9235564,0.00,202.67,
304.87,dr,11.0594469,76.9234852,0.00,141.7,2,11.0594438,76.9233108,0.00,230.2,11.0593092,76.9235564,0.00,202.77,
304.97,dr,11.0594469,76.9234852,0.00,141.1,2,11.0594438,76.9233108,0.00,229.6,11.0593092,76.9235564,0.00,202.87,
305.06,dr,11.0594469,76.9234852,0.00,141.1,2,11.0594438,76.9233108,0.00,229.7,11.0593092,76.9235564,0.00,202.97,
305.17,dr,11.0594469,76.9234852,0.00,141.1,2,11.0594438,76.9233108,0.00,229.7,11.0593092,76.9235564,0.00,203.07,
305.27,dr,11.0594469,76.9234852,0.00,142.1,2,11.0594438,76.9233108,0.00,230.8,11.0593092,76.9235564,0.00,203.17,
305.37,dr,11.0594469,76.9234852,0.00,142.5,2,11.0594438,76.9233108,0.00,231.3,11.0593092,76.9235564,0.00,203.27,
305.47,dr,11.0594469,76.9234852,0.00,143.1,2,11.0594438,76.9233108,0.00,231.9,11.0593092,76.9235564,0.00,203.37,
305.57,dr,11.0594469,76.9234852,0.00,143.4,2,11.0594438,76.9233108,0.00,232.2,11.0593092,76.9235564,0.00,203.47,
305.67,dr,11.0594469,76.9234852,0.00,143.2,2,11.0594438,76.9233108,0.00,232.1,11.0593092,76.9235564,0.00,203.57,
305.77,dr,11.0594469,76.9234852,0.00,142.9,2,11.0594438,76.9233108,0.00,231.9,11.0593092,76.9235564,0.00,203.67,
305.87,dr,11.0594469,76.9234852,0.00,143.0,2,11.0594438,76.9233108,0.00,232.0,11.0593092,76.9235564,0.00,203.77,
305.97,dr,11.0594469,76.9234852,0.00,142.9,2,11.0594438,76.9233108,0.00,232.0,11.0593092,76.9235564,0.00,203.87,
306.07,dr,11.0594469,76.9234852,0.00,143.3,2,11.0594438,76.9233108,0.00,232.4,11.0593092,76.9235564,0.00,203.97,
306.17,dr,11.0594469,76.9234852,0.00,144.2,2,11.0594438,76.9233108,0.00,233.3,11.0593092,76.9235564,0.00,204.08,
306.26,dr,11.0594469,76.9234852,0.00,145.8,2,11.0594438,76.9233108,0.00,235.0,11.0593092,76.9235564,0.00,204.17,
306.37,dr,11.0594469,76.9234852,0.00,147.7,2,11.0594438,76.9233108,0.00,236.9,11.0593092,76.9235564,0.00,204.28,
306.47,dr,11.0594469,76.9234852,0.00,149.6,2,11.0594438,76.9233108,0.00,238.9,11.0593092,76.9235564,0.00,204.37,
306.57,dr,11.0594469,76.9234852,0.00,151.4,2,11.0594438,76.9233108,0.00,240.7,11.0593092,76.9235564,0.00,204.47,
306.67,dr,11.0594469,76.9234852,0.00,153.1,2,11.0594438,76.9233108,0.00,242.4,11.0593092,76.9235564,0.00,204.57,
306.77,dr,11.0594469,76.9234852,0.00,154.6,2,11.0594438,76.9233108,0.00,243.9,11.0593092,76.9235564,0.00,204.67,
306.87,dr,11.0594469,76.9234852,0.00,156.5,2,11.0594438,76.9233108,0.00,245.9,11.0593092,76.9235564,0.00,204.77,
306.97,dr,11.0594469,76.9234852,0.00,158.2,2,11.0594438,76.9233108,0.00,247.6,11.0593092,76.9235564,0.00,204.87,
307.07,dr,11.0594469,76.9234852,0.00,159.2,2,11.0594438,76.9233108,0.00,248.7,11.0593092,76.9235564,0.00,204.97,
307.17,dr,11.0594469,76.9234852,0.00,159.7,2,11.0594438,76.9233108,0.00,249.3,11.0593092,76.9235564,0.00,205.08,
307.27,dr,11.0594469,76.9234852,0.00,160.9,2,11.0594438,76.9233108,0.00,250.5,11.0593092,76.9235564,0.00,205.17,
307.37,dr,11.0594469,76.9234852,0.00,162.1,2,11.0594438,76.9233108,0.00,251.7,11.0593092,76.9235564,0.00,205.27,
307.47,dr,11.0594469,76.9234852,0.00,162.3,2,11.0594438,76.9233108,0.00,252.0,11.0593092,76.9235564,0.00,205.37,
307.57,dr,11.0594469,76.9234852,0.00,162.5,2,11.0594438,76.9233108,0.00,252.2,11.0593092,76.9235564,0.00,205.47,
307.67,dr,11.0594473,76.9234852,6.46,162.4,2,11.0594442,76.9233107,6.46,252.1,11.0593092,76.9235564,0.00,205.57,
307.77,dr,11.0594476,76.9234851,6.46,161.9,2,11.0594445,76.9233105,6.46,251.7,11.0593092,76.9235564,0.00,205.67,
307.87,dr,11.0594479,76.9234851,6.46,161.3,2,11.0594448,76.9233103,6.46,251.1,11.0593092,76.9235564,0.00,205.77,
307.97,dr,11.0594483,76.9234851,6.46,160.1,2,11.0594451,76.9233102,6.46,249.9,11.0593092,76.9235564,0.00,205.87,
308.07,dr,11.0594486,76.9234851,6.46,159.2,2,11.0594454,76.9233100,6.46,249.1,11.0593092,76.9235564,0.00,205.98,
308.17,dr,11.0594489,76.9234850,6.46,158.4,2,11.0594457,76.9233099,6.46,248.4,11.0593092,76.9235564,0.00,206.08,
308.27,dr,11.0594492,76.9234850,6.46,157.9,2,11.0594460,76.9233097,6.46,247.9,11.0593092,76.9235564,0.00,206.17,
308.37,dr,11.0594495,76.9234850,6.46,158.3,2,11.0594463,76.9233096,6.46,248.3,11.0593092,76.9235564,0.00,206.27,
308.46,dr,11.0594498,76.9234850,6.46,159.3,2,11.0594465,76.9233094,6.46,249.5,11.0593092,76.9235564,0.00,206.37,
308.57,dr,11.0594500,76.9234850,6.46,158.6,2,11.0594474,76.9233093,6.46,247.9,11.0593092,76.9235564,0.00,206.48,
308.67,dr,11.0594503,76.9234849,6.07,158.8,2,11.0594476,76.9233092,6.07,248.1,11.0593092,76.9235564,0.00,206.57,
308.76,dr,11.0594506,76.9234849,6.07,158.8,2,11.0594479,76.9233090,6.07,248.1,11.0593092,76.9235564,0.00,206.67,
308.87,dr,11.0594509,76.9234849,6.07,158.8,2,11.0594481,76.9233089,6.07,248.2,11.0593092,76.9235564,0.00,206.77,
308.97,dr,11.0594511,76.9234849,6.07,158.9,2,11.0594484,76.9233087,6.07,248.3,11.0593092,76.9235564,0.00,206.87,
309.07,dr,11.0594514,76.9234849,6.07,159.1,2,11.0594486,76.9233086,6.07,248.6,11.0593092,76.9235564,0.00,206.97,
309.17,dr,11.0594517,76.9234848,6.07,158.9,2,11.0594488,76.9233084,6.07,248.4,11.0593092,76.9235564,0.00,207.08,
309.27,dr,11.0594519,76.9234848,6.07,158.3,2,11.0594491,76.9233083,6.07,247.8,11.0593092,76.9235564,0.00,207.17,
309.37,dr,11.0594522,76.9234848,6.07,157.7,2,11.0594493,76.9233081,6.07,247.3,11.0593092,76.9235564,0.00,207.27,
