method,drive,T,k0,end_m,drift_pct,rmse_m,max_m,head_err_deg,dist_m,speed_mae,speed_bias,changed
B1,S1,30,600,8.967738442670099,5.441348053856608,39.14407879854946,55.1806408127067,12.46473601543784,164.80729322790017,3.5062203703703707,-0.37228333333333335,True
B2,S1,30,600,3.2350741248215877,1.9629435454340216,2.5121188996665014,3.3106928549468244,12.46473601543784,164.80729322790017,0.0,0.0,True
B4,S1,30,600,112.60583824228469,68.32576158299631,44.343230760351666,112.60583824228469,12.46473601543784,164.80729322790017,4.012596576558103,3.7263742568842457,True
S0,S1,30,600,28.14475141721039,17.077370100539806,15.484927061028895,28.237453598120716,12.46473601543784,164.80729322790017,2.3879561158700993,0.8556285157725729,True
S1,S1,30,600,10.443968127722751,6.337078853228016,25.03646102100079,39.04992004726115,12.46473601543784,164.80729322790017,2.3314569721073592,-0.4032781389424207,True
S2,S1,30,600,17.752942791932636,10.771940030216603,14.548775305588807,20.40640591074266,12.46473601543784,164.80729322790017,2.4153762297294246,0.5098420889276035,True
B3,S1,30,600,13.873393094443196,8.417948515942603,39.369833447082044,55.343559461647686,0.0,164.80729322790017,3.5062203703703707,-0.37228333333333335,True
B1,S1,30,1200,49.1861945993179,8.909875480939613,49.033989272299685,95.51448529294304,3.645366393613971,552.0413243096282,2.269928703703703,-1.0141324074074063,True
B2,S1,30,1200,32.84901441381402,5.9504629395080775,44.50058950177442,100.81151684086741,3.645366393613971,552.0413243096282,0.0,0.0,True
B4,S1,30,1200,77.02529651979525,13.952813517379617,56.04969635391455,97.94273899960598,3.645366393613971,552.0413243096282,2.9935135972421123,-1.9841584160422776,True
S0,S1,30,1200,165.25691680523116,29.93560618163833,110.64571573216642,165.25691680523116,3.645366393613971,552.0413243096282,5.73659238498776,-5.2977721166788605,True
S1,S1,30,1200,66.22686986986747,11.996723243987118,58.32307886228291,100.02159681932592,3.645366393613971,552.0413243096282,3.0606208663853396,-1.7198943163091773,True
S2,S1,30,1200,152.9727856879373,27.7103866960036,96.61707487509389,152.9727856879373,3.645366393613971,552.0413243096282,5.241218287050174,-4.82073093085462,True
B3,S1,30,1200,80.66105338800783,14.611415819074946,47.47802081762451,80.66105338800783,0.0,552.0413243096282,2.269928703703703,-1.0141324074074063,True
B1,S1,30,1800,173.5760104768969,120.01785607673317,102.79045041926112,173.62414220616407,2.6748166558692006,144.62515508185834,5.933615740740741,5.77460462962963,True
B2,S1,30,1800,9.544363612956296,6.599380037002659,5.218407523881005,9.544363612956296,2.6748166558692006,144.62515508185834,0.0,0.0,True
B4,S1,30,1800,208.99849811525718,144.5104746798462,121.45718645861801,208.99849811525718,2.6748166558692006,144.62515508185834,6.97466985415141,6.974573316965131,True
S0,S1,30,1800,57.47568146462912,39.74113730913386,37.57460717726779,68.31677344742086,2.6748166558692006,144.62515508185834,3.312902395117416,1.8552662400730802,True
S1,S1,30,1800,49.704851289224216,34.3680539260899,36.388784206497284,60.91197077416836,2.6748166558692006,144.62515508185834,2.712630712665627,1.6104610170898068,True
S2,S1,30,1800,31.387339295315744,21.702544953227815,24.30920439762881,41.89971976424401,2.6748166558692006,144.62515508185834,2.0748407949451244,0.9786065893976482,True
B3,S1,30,1800,172.94623393412792,119.58240171721147,102.15051448063367,172.95836427896302,0.0,144.62515508185834,5.933615740740741,5.77460462962963,True
B1,S1,30,2400,55.5883512537869,15.337996726606741,24.102996245976488,55.5883512537869,23.185264523076246,362.42250043878335,1.313821296296296,0.7427194444444446,True
B2,S1,30,2400,49.97755922666216,13.789861050612075,19.290814783203963,49.97755922666216,23.185264523076246,362.42250043878335,0.0,0.0,True
B4,S1,30,2400,77.45378130893016,21.371129335280564,38.069368175203344,77.45378130893016,23.185264523076246,362.42250043878335,1.9453549751971309,1.8669530339258353,True
S0,S1,30,2400,85.48986551399396,23.58845419655009,42.649827333000204,85.48986551399396,23.185264523076246,362.42250043878335,2.5009334378669994,1.568101715365959,True
S1,S1,30,2400,57.47088585564264,15.857427666897859,23.110781215136203,57.47088585564264,23.185264523076246,362.42250043878335,1.623585659996764,-0.7249008368760557,True
S2,S1,30,2400,90.43773866252286,24.953676593762882,48.695038239828435,90.43773866252286,23.185264523076246,362.42250043878335,2.546401367284486,1.976292314186319,True
B3,S1,30,2400,19.54737173754803,5.393531503668264,14.070555735658159,22.627973028418616,0.0,362.42250043878335,1.313821296296296,0.7427194444444446,True
B1,S1,30,3000,115.62640811035824,29.482270304855646,52.928977303007066,115.62640811035824,1.1339851565991006,392.18963436243547,4.782199074074074,-3.8002287037037044,True
B2,S1,30,3000,4.396284280625754,1.120958815694502,4.3320113153241415,6.303389338642217,1.1339851565991006,392.18963436243547,0.0,0.0,True
B4,S1,30,3000,222.13381316826775,56.63938913872122,111.35504734027016,222.13381316826775,1.1339851565991006,392.18963436243547,7.41734686706265,-7.417177680616132,True
S0,S1,30,3000,159.15123926534002,40.58017482386163,84.99993908903416,159.15123926534002,1.1339851565991006,392.18963436243547,5.377290010784084,-5.300227431188155,True
S1,S1,30,3000,148.93141513322408,37.974337433811826,81.28061871463757,148.93141513322408,1.1339851565991006,392.18963436243547,5.023834847377644,-4.951069317259359,True
S2,S1,30,3000,162.81229397023085,41.513665763988705,84.86574774435907,162.81229397023085,1.1339851565991006,392.18963436243547,5.715428563175178,-5.417710729944947,True
B3,S1,30,3000,114.50378715637856,29.19602588235716,52.1415047884225,114.50378715637856,0.0,392.18963436243547,4.782199074074074,-3.8002287037037044,True
B1,S1,30,3600,53.462942516860316,14.712217521872914,26.323391519276218,53.462942516860316,5.005049133816911,363.3914631657397,2.2867888888888888,-1.5737333333333334,True
B2,S1,30,3600,33.866566002914944,9.319582168464066,17.620293468310784,33.866566002914944,5.005049133816911,363.3914631657397,0.0,0.0,True
B4,S1,30,3600,110.87121204800961,30.510131163274522,58.9689257192461,110.87121204800961,5.005049133816911,363.3914631657397,3.816780894456524,-3.764509528664877,True
S0,S1,30,3600,52.89815663932376,14.556796733333652,33.93314518216767,52.89815663932376,5.005049133816911,363.3914631657397,2.228220813275469,-0.739802555783373,True
S1,S1,30,3600,62.235199264581176,17.126213896829007,37.24459554037485,62.235199264581176,5.005049133816911,363.3914631657397,1.7446841866356644,-1.7184374043430573,True
S2,S1,30,3600,70.53689279907343,19.410718178291976,46.778997456958145,70.54176817412606,5.005049133816911,363.3914631657397,2.257859595967988,-1.9098032004719354,True
B3,S1,30,3600,47.635020263570766,13.108458808743354,23.416045081551744,47.635020263570766,0.0,363.3914631657397,2.2867888888888888,-1.5737333333333334,True
B1,S1,30,4200,163.60415313946595,64.66578116061781,71.2960337817904,163.60415313946595,6.103745716710417,252.99957752478633,5.433387962962963,5.432621296296296,True
B2,S1,30,4200,14.63497561750436,5.784585002348699,7.992533404124176,14.63497561750436,6.103745716710417,252.99957752478633,0.0,0.0,True
B4,S1,30,4200,144.9112681233582,57.27727672160293,61.68326593694459,144.9112681233582,6.103745716710417,252.99957752478633,4.807179088458146,4.800402213310316,True
S0,S1,30,4200,12.678111555837443,5.011119654773087,9.57150646407103,12.871394937975026,6.103745716710417,252.99957752478633,1.5949902361945942,0.02209574207643328,True
S1,S1,30,4200,21.88504732044832,8.650230776889043,14.000689367066773,25.554475270268682,6.103745716710417,252.99957752478633,1.6936226084651882,0.44959789860679467,True
S2,S1,30,4200,21.349842707192703,8.438687098242708,19.39468439492601,34.46533107901363,6.103745716710417,252.99957752478633,1.805152834510656,0.4650543968059426,True
B3,S1,30,4200,161.8457073193406,63.970742126430856,70.39766180381977,161.8457073193406,0.0,252.99957752478633,5.433387962962963,5.432621296296296,True
B1,S1,30,4800,217.19987477146137,59.048647188954014,112.44636147743576,217.19987477146137,7.571490292989009,367.83209287831414,7.267339814814815,-7.267339814814815,True
B2,S1,30,4800,29.845816187247635,8.11397829746226,14.662385730938471,29.845816187247635,7.571490292989009,367.83209287831414,0.0,0.0,True
B4,S1,30,4800,203.21990716939592,55.24800883446158,104.68112384637838,203.21990716939592,7.571490292989009,367.83209287831414,6.794525751154734,-6.794525751154734,True
S0,S1,30,4800,61.23558919610681,16.647701595837834,30.08793195446447,61.23558919610681,7.571490292989009,367.83209287831414,1.884407085612761,-1.826959429328601,True
S1,S1,30,4800,74.16914681627475,20.163859612111473,40.07724404707119,74.16914681627475,7.571490292989009,367.83209287831414,2.379903279660673,-2.3156944868708775,True
S2,S1,30,4800,83.03419872741263,22.573940755865998,45.04043271466447,83.03419872741263,7.571490292989009,367.83209287831414,2.6731891692605454,-2.6587838931106806,True
B3,S1,30,4800,216.46764584298103,58.84958110889814,112.11341759266739,216.46764584298103,0.0,367.83209287831414,7.267339814814815,-7.267339814814815,True
B1,S1,30,5400,69.78333331933065,16.893685896767103,35.611296454281195,69.78333331933065,15.07274719367698,413.07346274672295,0.5204074074074073,0.16335740740740762,False
B2,S1,30,5400,68.66109165641912,16.622005006048727,34.525833669299686,68.66109165641912,15.07274719367698,413.07346274672295,0.0,0.0,False
B4,S1,30,5400,72.26513681465933,17.49449996960199,36.962154371491984,72.26513681465933,15.07274719367698,413.07346274672295,0.5775194005374251,0.5208423507825917,False
S0,S1,30,5400,68.2962433277484,16.533679717310818,34.55122525129611,68.2962433277484,15.07274719367698,413.07346274672295,1.2359238835308781,-0.13879012314897674,False
S1,S1,30,5400,72.27938512584373,17.49794931032934,36.71381900196078,72.27938512584373,15.07274719367698,413.07346274672295,1.0405610722588454,-0.933609902777961,False
S2,S1,30,5400,68.91191218181682,16.682725567405992,35.685321105902695,68.91191218181682,15.07274719367698,413.07346274672295,0.9814666476860835,0.1133162836309801,False
B3,S1,30,5400,5.731984289714464,1.3876428303091075,4.955122427847974,8.490732098076696,0.0,413.07346274672295,0.5204074074074073,0.16335740740740762,False
B1,S1,30,6000,105.3689183288915,29.694150447029084,57.67119557280153,105.3689183288915,7.439524437372669,354.847391633101,3.3447092592592593,-3.3447092592592593,False
B2,S1,30,6000,35.348787643667414,9.961687327327672,16.35652206239974,35.348787643667414,7.439524437372669,354.847391633101,0.0,0.0,False
B4,S1,30,6000,69.42411181422592,19.564498274798616,34.31841109743641,69.42411181422592,7.439524437372669,354.847391633101,2.034472950546713,-2.034472950546713,False
S0,S1,30,6000,38.85226393924468,10.949006489926937,17.930439895799516,38.85226393924468,7.439524437372669,354.847391633101,1.055989768666398,0.4884130446934389,False
S1,S1,30,6000,56.42697918874661,15.901759606870666,31.477368948140175,56.42697918874661,7.439524437372669,354.847391633101,1.60517681758684,-1.47276326613024,False
S2,S1,30,6000,35.9916702315816,10.142858896591708,17.055619597515218,35.9916702315816,7.439524437372669,354.847391633101,0.6923437248569695,-0.035169339565057356,False
B3,S1,30,6000,100.10112112708123,28.20962573978339,55.587158736315104,100.10112112708123,0.0,354.847391633101,3.3447092592592593,-3.3447092592592593,False
B1,S1,30,7200,167.8126808884493,73.11892518882745,99.5244822639319,167.8126808884493,16.244202076189023,229.50649295661566,5.905057407407408,5.905057407407408,True
B2,S1,30,7200,28.121632462144873,12.253087962727395,10.559427051919645,28.121632462144873,16.244202076189023,229.50649295661566,0.0,0.0,True
B4,S1,30,7200,87.62576858336105,38.18008260007059,55.85926032897068,87.62576858336105,16.244202076189023,229.50649295661566,2.8682254829111185,2.8682254829111185,True
S0,S1,30,7200,78.1980327576814,34.072252924218326,37.61039711912021,78.1980327576814,16.244202076189023,229.50649295661566,2.9364965984988833,2.50042702910961,True
S1,S1,30,7200,108.57886040340384,47.30971181017037,57.90064587309891,108.57886040340384,16.244202076189023,229.50649295661566,3.6792751931318373,3.6786564397594126,True
S2,S1,30,7200,59.30176222207507,25.838816783839345,30.7920043799667,59.30176222207507,16.244202076189023,229.50649295661566,2.2047346411860427,1.6172195650858463,True
B3,S1,30,7200,157.65143197431715,68.69149100897921,95.20651710653199,157.65143197431715,0.0,229.50649295661566,5.905057407407408,5.905057407407408,True
B1,S1,30,7800,35.78199837948744,14.432881531650574,16.725033857712578,35.78199837948744,12.45109689108431,247.91998951158396,2.4169592592592593,1.4303722222222224,True
B2,S1,30,7800,11.739142783946892,4.735052952798865,6.861547993189159,11.739142783946892,12.45109689108431,247.91998951158396,0.0,0.0,True
B4,S1,30,7800,59.93868846435031,24.176625927757108,30.82661443429517,59.93868846435031,12.45109689108431,247.91998951158396,3.0993754471997974,3.041194805910638,True
S0,S1,30,7800,15.627042527385933,6.303260401943413,11.645789214724696,18.96217035148272,12.45109689108431,247.91998951158396,1.8040973150193005,0.5069647040198941,True
S1,S1,30,7800,8.75488016652261,3.5313329045270643,13.61311320414374,24.570430469310427,12.45109689108431,247.91998951158396,1.7337517845653974,-0.012267827015394915,True
S2,S1,30,7800,18.60955176117717,7.506273212514655,12.100710096744598,18.60955176117717,12.45109689108431,247.91998951158396,1.754791953090192,0.5265280333875594,True
B3,S1,30,7800,37.38480516079036,15.07938316488335,18.68778312630988,37.38480516079036,0.0,247.91998951158396,2.4169592592592593,1.4303722222222224,True
B1,S1,30,8400,24.948965195616463,14.537591023284733,13.01036241683482,24.948965195616463,18.369709934122582,171.6169147670747,1.5935064814814814,0.7225398148148149,True
B2,S1,30,8400,17.215177222593745,10.03116577754522,7.997746468325808,17.215177222593745,18.369709934122582,171.6169147670747,0.0,0.0,True
B4,S1,30,8400,10.444351698948898,6.085852151068202,7.891844744984044,11.107684124810378,18.369709934122582,171.6169147670747,1.3967861211356962,-0.299888918958963,True
S0,S1,30,8400,28.899125705807982,16.83932247880754,18.84876320533239,28.899125705807982,18.369709934122582,171.6169147670747,1.2105552844841176,-0.6865712175368434,True
S1,S1,30,8400,22.599815566248108,13.168757634946111,12.67806390915646,22.599815566248108,18.369709934122582,171.6169147670747,1.0454005030189122,0.057111434919838756,True
S2,S1,30,8400,37.199129727758994,21.675677935503696,22.283880442305403,37.199129727758994,18.369709934122582,171.6169147670747,1.395119880206633,-1.0028579928192887,True
B3,S1,30,8400,22.549322764062882,13.139335825182338,13.323451730342377,23.214726440528597,0.0,171.6169147670747,1.5935064814814814,0.7225398148148149,True
B1,S1,30,9000,65.03174052351135,52.836889352360394,36.23327214211718,65.03174052351135,157.39972006603585,123.0801837894459,2.3105879629629626,-1.1483490740740736,True
B2,S1,30,9000,18.416492782467017,14.963003966562347,7.500025912171992,18.416492782467017,157.39972006603585,123.0801837894459,0.0,0.0,True
B4,S1,30,9000,39.428282649730484,32.03463095016231,14.308062672114954,39.428282649730484,157.39972006603585,123.0801837894459,2.250958426392014,1.7458172016994633,True
S0,S1,30,9000,21.647368010706987,17.588020544183852,11.177130230111525,21.647368010706987,157.39972006603585,123.0801837894459,0.9529526628904038,0.5118980643883202,True
S1,S1,30,9000,28.792633691579532,23.393395106425324,12.90321811734074,28.792633691579532,157.39972006603585,123.0801837894459,1.227705167221273,-0.11130151769782927,True
S2,S1,30,9000,23.76809573369361,19.31106616996433,12.507247854226708,23.76809573369361,157.39972006603585,123.0801837894459,1.0459528855509483,0.49968311717926367,True
B3,S1,30,9000,40.75418960418213,33.11190181020577,32.35083466986057,44.79383547911853,0.0,123.0801837894459,2.3105879629629626,-1.1483490740740736,True
B1,S1,30,9600,65.70202217149134,26.15198247061279,32.35434507479901,65.70202217149134,24.03849063210681,251.23151656025033,2.0569759259259257,-1.8348388888888887,True
B2,S1,30,9600,51.19864049173892,20.37906755996534,22.965370322921547,51.19864049173892,24.03849063210681,251.23151656025033,0.0,0.0,True
B4,S1,30,9600,103.21565368629501,41.083879562356515,54.29255064775676,103.21565368629501,24.03849063210681,251.23151656025033,3.58190693424001,-3.577833275200625,True
S0,S1,30,9600,45.33383055624616,18.044643115217678,26.23597414141922,45.33383055624616,24.03849063210681,251.23151656025033,1.0659323549914212,-0.8886732155464565,True
S1,S1,30,9600,49.96471523359245,19.887916897404835,25.14056175274164,49.96471523359245,24.03849063210681,251.23151656025033,1.0226713116956427,-0.9510939883364108,True
S2,S1,30,9600,47.23122862652642,18.799881986621465,35.682071675238845,47.23122862652642,24.03849063210681,251.23151656025033,1.5843965508735043,-1.460131907902929,True
B3,S1,30,9600,51.51294227822316,20.504172001791552,26.046882666299854,51.51294227822316,0.0,251.23151656025033,2.0569759259259257,-1.8348388888888887,True
B1,S1,30,10200,226.42508073993898,194.49079165928904,130.06782212701296,226.42508073993898,7.155315696473194,116.4194349810621,7.753927777777777,7.753927777777777,True
B2,S1,30,10200,6.784055076388632,5.827253050568568,2.4664221026468898,6.784055076388632,7.155315696473194,116.4194349810621,0.0,0.0,True
B4,S1,30,10200,198.02638437521125,170.09735909423037,112.23593358941505,198.02638437521125,7.155315696473194,116.4194349810621,6.790662327370777,6.790373079879878,True
S0,S1,30,10200,85.53563701455437,73.47195683303946,73.41496875224784,87.90587457597744,7.155315696473194,116.4194349810621,3.24854385894034,2.5071651400127353,True
S1,S1,30,10200,47.42241651330111,40.73410639814159,39.85709965721697,49.462724809829304,7.155315696473194,116.4194349810621,1.9285344149221464,1.2654663275909634,True
S2,S1,30,10200,68.93389259147985,59.21167080281165,59.310231175739666,73.68109216510405,7.155315696473194,116.4194349810621,3.0582058882591827,1.7424938032822281,True
B3,S1,30,10200,221.26489127987224,190.05837926963426,129.16190622525747,221.26489127987224,0.0,116.4194349810621,7.753927777777777,7.753927777777777,True
B1,S1,30,10800,85.54634872213578,28.234249576890516,65.76847166009253,88.03981075986387,9.537780343661256,302.98786050313413,3.139236111111111,-2.7388361111111106,True
B2,S1,30,10800,23.684495800180045,7.816978462717997,12.434215277429885,23.684495800180045,9.537780343661256,302.98786050313413,0.0,0.0,True
B4,S1,30,10800,86.93230130764238,28.69167799768768,35.99914772744588,86.93230130764238,9.537780343661256,302.98786050313413,2.681146267016367,2.6760815717777833,True
S0,S1,30,10800,77.39352264452734,25.543440095589826,54.31299505050758,77.39352264452734,9.537780343661256,302.98786050313413,3.409922837646599,-2.492585236193918,True
S1,S1,30,10800,111.21787390243722,36.70703958823683,75.86959167339518,111.21787390243722,9.537780343661256,302.98786050313413,3.8669292592728017,-3.6811015156467657,True
S2,S1,30,10800,103.72757121743732,34.23489345255941,60.71642396280234,103.72757121743732,9.537780343661256,302.98786050313413,3.4765550790226256,-3.4765550790226256,True
B3,S1,30,10800,80.40903650193161,26.538699064842515,64.35905648930314,85.08996994960829,0.0,302.98786050313413,3.139236111111111,-2.7388361111111106,True
B1,S1,30,11400,141.2061800993031,67.86506002361789,107.46003590262698,141.2061800993031,11.006835531377007,208.06904178698377,7.163514814814813,7.163514814814813,True
B2,S1,30,11400,30.566803221675908,14.690702162683811,12.231476499921136,30.566803221675908,11.006835531377007,208.06904178698377,0.0,0.0,True
B4,S1,30,11400,52.50084359512801,25.232414752444118,52.67637061364606,62.61755715592978,11.006835531377007,208.06904178698377,3.2595972223998135,3.200715067927869,True
S0,S1,30,11400,31.99813434057342,15.378613784040185,28.339241851821154,35.038745201879564,11.006835531377007,208.06904178698377,2.5800789304419918,2.078049498696465,True
S1,S1,30,11400,28.185049485228124,13.546008211102984,27.063915780756318,32.19747970763086,11.006835531377007,208.06904178698377,2.3263261621961524,1.9126777792860468,True
S2,S1,30,11400,7.02892127941293,3.378167755782225,28.481673683122825,38.393145133982806,11.006835531377007,208.06904178698377,1.712534111671625,1.1543607888202718,True
B3,S1,30,11400,163.50969315068264,78.58434476671452,117.00217958718895,163.50969315068264,0.0,208.06904178698377,7.163514814814813,7.163514814814813,True
B1,S1,30,12000,136.81115513512344,56.66291141767581,65.76318414306157,136.81115513512344,22.025760759507786,241.44745074367228,4.892925925925926,-4.892925925925926,True
B2,S1,30,12000,46.17149074364592,19.12279073621818,17.603820019455384,46.17149074364592,22.025760759507786,241.44745074367228,0.0,0.0,True
B4,S1,30,12000,102.21577992740144,42.33458651668131,47.592396094982234,102.21577992740144,22.025760759507786,241.44745074367228,3.5878526550846126,-3.584132977271174,True
S0,S1,30,12000,43.175830809196334,17.88208186759158,17.507146358950013,43.175830809196334,22.025760759507786,241.44745074367228,1.1648040500485857,0.0581127148303878,True
S1,S1,30,12000,46.65604507040862,19.32347801838672,19.668694749970054,46.65604507040862,22.025760759507786,241.44745074367228,1.3292293023197688,-0.7360573575925169,True
S2,S1,30,12000,45.08318356260198,18.672047861239843,21.068158569909972,45.08318356260198,22.025760759507786,241.44745074367228,0.9070880602619457,-0.7861652867306891,True
B3,S1,30,12000,134.93102739263753,55.88422117402444,65.07690510538458,134.93102739263753,0.0,241.44745074367228,4.892925925925926,-4.892925925925926,True
B1,S1,30,12600,103.78377318429631,42.79558697201976,57.237510355713155,103.78377318429631,5.482097412955841,242.51045616491092,3.7514564814814815,-3.7514564814814815,False
B2,S1,30,12600,12.320601935709846,5.080441532521651,5.7478227258624734,12.320601935709846,5.482097412955841,242.51045616491092,0.0,0.0,False
B4,S1,30,12600,17.099341869763624,7.050970972623054,8.884722744377846,17.280888534049346,5.482097412955841,242.51045616491092,0.6344506857737773,-0.4857829092563078,False
S0,S1,30,12600,59.23219664042112,24.42459495443046,36.18210964366177,59.23219664042112,5.482097412955841,242.51045616491092,2.170762939122737,-2.0729650106337334,False
S1,S1,30,12600,78.8859977120483,32.52890574681224,45.913737018007645,78.8859977120483,5.482097412955841,242.51045616491092,2.8081723073722786,-2.808023448689975,False
S2,S1,30,12600,61.3767413945983,25.308905176798294,38.4333561305957,61.3767413945983,5.482097412955841,242.51045616491092,2.149529984668542,-2.149251028257867,False
B3,S1,30,12600,103.39853428462511,42.63673241961678,57.15847654058804,103.39853428462511,0.0,242.51045616491092,3.7514564814814815,-3.7514564814814815,False
B1,S1,30,13200,68.62759601928134,35.73825913566189,46.632685591486855,68.62759601928134,19.17300486154042,192.0283686980164,3.099877777777779,3.0391981481481487,True
B2,S1,30,13200,23.08556198671902,12.021953914019521,12.641510176697464,23.08556198671902,19.17300486154042,192.0283686980164,0.0,0.0,True
B4,S1,30,13200,60.854224674810375,31.69022633864565,40.01461727204027,60.854224674810375,19.17300486154042,192.0283686980164,2.371741725836173,2.2876361586889287,True
S0,S1,30,13200,11.97004701738355,6.233478469114963,9.99971900634683,15.200237057489378,19.17300486154042,192.0283686980164,1.337907999158093,-0.5709483376664418,True
S1,S1,30,13200,24.171725614243655,12.587580563294834,13.51029294574096,24.171725614243655,19.17300486154042,192.0283686980164,1.2685541446985895,-0.009896818256242158,True
S2,S1,30,13200,21.54786635231979,11.221189087017626,12.961192869552177,21.54786635231979,19.17300486154042,192.0283686980164,1.1702562518416106,-0.22931186892005598,True
B3,S1,30,13200,42.61398471570167,22.19150483057864,36.92346257078385,52.07536638677369,0.0,192.0283686980164,3.099877777777779,3.0391981481481487,True
B1,S1,30,14400,73.52683090175745,30.417371090990287,35.89208467339784,73.52683090175745,11.457366468494271,241.726448619803,3.7342370370370372,3.3143870370370374,True
B2,S1,30,14400,15.73971629905771,6.51137531243582,9.052709667228616,15.73971629905771,11.457366468494271,241.726448619803,0.0,0.0,True
B4,S1,30,14400,59.750908486628056,24.718399177165207,27.960547543488016,59.750908486628056,11.457366468494271,241.726448619803,3.2031968384207476,2.7195129555945456,True
S0,S1,30,14400,20.322944837123107,8.407414642941223,11.167802841022711,20.322944837123107,11.457366468494271,241.726448619803,1.1833096258743043,0.7149375355447527,True
S1,S1,30,14400,20.759508587325545,8.588017035726581,9.086529441795046,20.759508587325545,11.457366468494271,241.726448619803,1.5379735029759547,0.9300667770953349,True
S2,S1,30,14400,20.330098045984315,8.410373859403487,14.006953304358724,22.523555895212226,11.457366468494271,241.726448619803,1.000376746312253,0.8049408697108017,True
B3,S1,30,14400,78.5960103431943,32.514443823569025,38.54446514247944,78.5960103431943,0.0,241.726448619803,3.7342370370370372,3.3143870370370374,True
B1,S1,30,15000,9.164106082669424,3.695233214603138,15.0504180417364,22.86814956602096,12.902669979706742,247.99804370814616,1.8782212962962959,-1.4973657407407406,True
B2,S1,30,15000,18.826237188368747,7.59128455485891,8.281224236083618,18.826237188368747,12.902669979706742,247.99804370814616,0.0,0.0,True
B4,S1,30,15000,66.02767615371357,26.624272984756903,39.46137122101052,66.02767615371357,12.902669979706742,247.99804370814616,2.7015134846546736,2.6709440859458735,True
S0,S1,30,15000,22.055410043301066,8.893380654750947,13.348125628381691,22.055410043301066,12.902669979706742,247.99804370814616,0.9432119666125449,0.41762178742353384,True
S1,S1,30,15000,13.000236430936319,5.242072169825463,8.34031420043228,13.364993293670473,12.902669979706742,247.99804370814616,1.0984821457792673,-0.7029817986650274,True
S2,S1,30,15000,18.373883543657332,7.408882452831136,13.052254347643787,19.298564523928608,12.902669979706742,247.99804370814616,1.2404239506172798,0.09855401677789222,True
B3,S1,30,15000,16.94470525855255,6.8325963403540975,17.821051725862247,22.840153552311964,0.0,247.99804370814616,1.8782212962962959,-1.4973657407407406,True
B1,S1,30,15600,98.65815587280332,94.12693163633524,45.02771894486009,98.65815587280332,16.270586997299148,104.81395086156078,3.2892249999999996,3.2892249999999996,True
B2,S1,30,15600,8.634986922351414,8.238394652021642,5.126075447857511,8.634986922351414,16.270586997299148,104.81395086156078,0.0,0.0,True
B4,S1,30,15600,31.77674165819659,30.317282572591502,16.310478063554854,31.77674165819659,16.270586997299148,104.81395086156078,1.7603455502527436,0.71170185509496,True
S0,S1,30,15600,20.16548471623174,19.239313612809518,9.742135299467508,20.16548471623174,16.270586997299148,104.81395086156078,1.404778126777153,-0.7067448721981061,True
S1,S1,30,15600,16.20477083702513,15.460509506438258,8.271643484004471,16.20477083702513,16.270586997299148,104.81395086156078,1.1230559678454026,-0.5449676891545511,True
S2,S1,30,15600,18.966279345965983,18.09518598437036,9.863342321571963,18.966279345965983,16.270586997299148,104.81395086156078,1.4121590392584336,-0.6581928782908836,True
B3,S1,30,15600,97.32469405526912,92.85471376211785,44.15579172429539,97.32469405526912,0.0,104.81395086156078,3.2892249999999996,3.2892249999999996,True
B1,S1,30,16200,22.027944817429145,13.726933171162008,20.38131127233633,26.767542359057973,3.5751856961463235,160.47244160630265,2.2906888888888886,-1.5471296296296293,True
B2,S1,30,16200,13.790350881770802,8.593594478735206,7.1846249749822135,13.790350881770802,3.5751856961463235,160.47244160630265,0.0,0.0,True
B4,S1,30,16200,94.62546095850048,58.96679829341115,48.29725359233163,94.62546095850048,3.5751856961463235,160.47244160630265,3.7085309491336944,3.7079826913680214,True
S0,S1,30,16200,18.727308992803838,11.670109088729856,12.482225305226418,21.954798582728003,3.5751856961463235,160.47244160630265,1.6938055673708035,-0.007375194929989514,True
S1,S1,30,16200,15.355690622600559,9.569051526164014,10.393955947027054,17.85784821300347,3.5751856961463235,160.47244160630265,1.8511441925854968,-0.03642489774665525,True
S2,S1,30,16200,19.50812960811423,12.156685230710691,14.216684629108183,27.454774283773105,3.5751856961463235,160.47244160630265,2.085508383481587,-0.3413819506758005,True
B3,S1,30,16200,23.213556133104422,14.465758669052802,21.317062751715724,27.021146597945446,0.0,160.47244160630265,2.2906888888888886,-1.5471296296296293,True
B1,S1,30,16800,71.32239923978119,99.11298993593377,35.234911187431244,71.32239923978119,29.45746418384625,71.96069787207882,4.505087037037037,4.505087037037037,True
B2,S1,30,16800,10.365332584446572,14.404157951431404,4.776917599437277,10.429612704338645,29.45746418384625,71.96069787207882,0.0,0.0,True
B4,S1,30,16800,47.75700901057136,66.36540559329589,22.1249591013226,47.75700901057136,29.45746418384625,71.96069787207882,1.8165945837324247,1.7761124776399209,True
S0,S1,30,16800,32.83010821020997,45.622276021517365,44.164620779475484,56.09921301123953,29.45746418384625,71.96069787207882,2.73345378204603,2.6589688242189298,True
S1,S1,30,16800,7.9946317948470025,11.109719654273903,19.102126568855162,26.291978554144084,29.45746418384625,71.96069787207882,1.645395369933554,1.620125567091713,True
S2,S1,30,16800,32.88683485356647,45.70110605656974,38.46175386549795,50.095472624924966,29.45746418384625,71.96069787207882,2.4566135698395244,2.4462770639453972,True
B3,S1,30,16800,43.517833562819945,60.4744462597897,25.432348007157827,43.58755181484362,0.0,71.96069787207882,4.505087037037037,4.505087037037037,True
B1,S1,30,17400,78.6907221650693,97.93843188396536,35.08102544274052,78.6907221650693,10.430307587497321,80.34713304201134,4.264149074074074,4.264149074074074,True
B2,S1,30,17400,18.351085634355517,22.839751637137113,8.298830541546794,19.089890164174548,10.430307587497321,80.34713304201134,0.0,0.0,True
B4,S1,30,17400,49.941418614359726,62.157063635670376,22.948718623072768,49.941418614359726,10.430307587497321,80.34713304201134,2.6431857952500004,2.6276203147769466,True
S0,S1,30,17400,11.321650239552566,14.09092000038481,13.056009812141665,20.588887978069263,10.430307587497321,80.34713304201134,1.5014182623255317,1.1351230413164113,True
S1,S1,30,17400,12.857973384318298,16.003026987403786,10.113491742268723,15.621245817761006,10.430307587497321,80.34713304201134,1.1746378638863548,0.7713131880177375,True
S2,S1,30,17400,8.088248206914916,10.06662951207704,14.360023842672021,24.06372678071755,10.430307587497321,80.34713304201134,1.676762790500501,1.322369941540945,True
B3,S1,30,17400,46.73296828117786,58.16382801952929,25.908015797183268,55.76542451640506,0.0,80.34713304201134,4.264149074074074,4.264149074074074,True
B1,S1,30,18600,63.71181798561095,18.365900668924503,35.94736161709637,63.71181798561095,12.873540215497725,346.9027690725384,1.023591666666667,0.912721296296297,True
B2,S1,30,18600,53.69834320806163,15.47936424711362,28.6887031360825,53.69834320806163,12.873540215497725,346.9027690725384,0.0,0.0,True
B4,S1,30,18600,56.743300919392176,16.357119624930693,30.795825637490438,56.743300919392176,12.873540215497725,346.9027690725384,0.6112766094067983,0.4550183272044029,True
S0,S1,30,18600,51.73721665315444,14.91403968653131,27.674811759698876,51.73721665315444,12.873540215497725,346.9027690725384,0.8337454146013896,-0.3093743009464142,True
S1,S1,30,18600,55.40750051667409,15.97205483969147,29.793264560367035,55.40750051667409,12.873540215497725,346.9027690725384,0.8280188646476156,-0.2741669425128156,True
S2,S1,30,18600,54.73239577388195,15.777445628413892,30.067217242615474,54.73239577388195,12.873540215497725,346.9027690725384,0.601628384594182,-0.29202156286807207,True
B3,S1,30,18600,24.31889014521715,7.010290004382179,16.157779176204063,24.31889014521715,0.0,346.9027690725384,1.023591666666667,0.912721296296297,True
B1,S1,30,19200,42.80528782833643,14.549067511454984,21.678038852879645,42.80528782833643,12.488827223296775,294.21327376915633,3.370782407407407,0.16446388888888974,True
B2,S1,30,19200,49.69084819559953,16.88939712305014,26.588664034413345,49.69084819559953,12.488827223296775,294.21327376915633,0.0,0.0,True
B4,S1,30,19200,106.32357684503516,36.13826646327931,58.55510612281478,106.32357684503516,12.488827223296775,294.21327376915633,4.948393063456756,4.788338438908604,True
S0,S1,30,19200,26.552103763397888,9.024781045137692,20.159049437032856,43.98737496617721,12.488827223296775,294.21327376915633,3.332195850890965,1.6421429300158399,True
S1,S1,30,19200,56.77868675889565,19.298478967826913,28.164719623890345,56.77868675889565,12.488827223296775,294.21327376915633,3.6174819489575674,-0.385265167412167,True
S2,S1,30,19200,25.62127717720802,8.708402870127069,19.364502412575114,42.271864296277855,12.488827223296775,294.21327376915633,3.2303684298508193,1.584236368499259,True
B3,S1,30,19200,36.041036818092685,12.249969675525573,19.070276621226686,36.041036818092685,0.0,294.21327376915633,3.370782407407407,0.16446388888888974,True
B1,S1,30,19800,43.03908063315704,11.146073765121015,21.939701608736236,43.03908063315704,3.594369449109516,386.1366929746832,1.3645027777777776,-1.3645027777777776,False
B2,S1,30,19800,16.544284220054212,4.2845667146009685,7.3138675531427,16.544284220054212,3.594369449109516,386.1366929746832,0.0,0.0,False
B4,S1,30,19800,29.51752759647399,7.644320815273901,11.850054439822383,29.51752759647399,3.594369449109516,386.1366929746832,1.2315739039871172,0.7342899634955832,False
S0,S1,30,19800,83.83401584448514,21.71096851704317,50.069172759997564,83.83401584448514,3.594369449109516,386.1366929746832,2.7830204818539332,-2.7830204818539332,False
S1,S1,30,19800,100.8649899263974,26.121576053641327,58.82204411000877,100.8649899263974,3.594369449109516,386.1366929746832,3.3654029921920756,-3.3654029921920756,False
S2,S1,30,19800,83.23593877209811,21.556081120101013,44.299889288699255,83.23593877209811,3.594369449109516,386.1366929746832,2.7710399465123383,-2.7710399465123383,False
B3,S1,30,19800,39.902632154360035,10.33380999017781,20.746447534040293,39.902632154360035,0.0,386.1366929746832,1.3645027777777776,-1.3645027777777776,False
B1,S1,30,20400,67.48356062592083,29.83790097468389,54.38020502421527,67.51905212277539,20.565076227319548,226.16725178884928,3.3824518518518514,3.3824518518518514,True
B2,S1,30,20400,40.62689271055482,17.963207488803135,16.482449069648137,40.62689271055482,20.565076227319548,226.16725178884928,0.0,0.0,True
B4,S1,30,20400,21.942945448740886,9.702087846576,11.970143912755022,21.942945448740886,20.565076227319548,226.16725178884928,1.194488218270878,0.03093159484132106,True
S0,S1,30,20400,38.202452468735544,16.891239631987712,16.644897094485746,38.202452468735544,20.565076227319548,226.16725178884928,1.5172370038938054,-0.6308692645254972,True
S1,S1,30,20400,35.60514127615968,15.742836769932012,14.795722449303163,35.60514127615968,20.565076227319548,226.16725178884928,1.1871359318519137,-0.3490948319636951,True
S2,S1,30,20400,34.00358517870997,15.034707681930831,15.4257752040592,34.00358517870997,20.565076227319548,226.16725178884928,1.829968022723474,-0.6282654774837629,True
B3,S1,30,20400,83.28989822693825,36.82668360169935,60.078682161016154,83.28989822693825,0.0,226.16725178884928,3.3824518518518514,3.3824518518518514,True
B1,S1,30,21000,74.54255769636207,31.821406023110825,36.61211286337469,74.54255769636207,17.373056791781288,234.25287255448202,3.2725842592592587,-1.220719444444444,True
B2,S1,30,21000,37.44915331757643,15.986635685274933,14.767889176185879,37.44915331757643,17.373056791781288,234.25287255448202,0.0,0.0,True
B4,S1,30,21000,71.84816388483603,30.6711986501364,47.05927646017079,71.84816388483603,17.373056791781288,234.25287255448202,2.5856895882113817,1.1581981590976682,True
S0,S1,30,21000,77.76043503185961,33.19508281110801,44.62344342599458,77.76043503185961,17.373056791781288,234.25287255448202,3.2404917852605943,-0.31262969356462617,True
S1,S1,30,21000,72.57419523150602,30.981133524681486,35.69088824718555,72.57419523150602,17.373056791781288,234.25287255448202,3.074821337657127,-0.9867330757003064,True
S2,S1,30,21000,85.50980676344679,36.50320520341073,43.50810811282427,85.50980676344679,17.373056791781288,234.25287255448202,3.8283807538970365,-1.2226027908072843,True
B3,S1,30,21000,58.3086503614032,24.89132778845301,29.499148188038927,58.3086503614032,0.0,234.25287255448202,3.2725842592592587,-1.220719444444444,True
B1,S1,30,21600,51.36002144388694,17.75410875240033,27.491837416121143,51.36002144388694,12.796554981435378,289.28527001921816,1.2327824074074074,0.9159361111111108,True
B2,S1,30,21600,26.184842038814526,9.0515642352184,11.16573368007669,26.184842038814526,12.796554981435378,289.28527001921816,0.0,0.0,True
B4,S1,30,21600,98.04502433139668,33.89215922569553,50.89343757544614,98.04502433139668,12.796554981435378,289.28527001921816,3.442584179570173,3.438189787321703,True
S0,S1,30,21600,43.91648470534319,15.18103037269256,22.41523724737678,43.91648470534319,12.796554981435378,289.28527001921816,1.0690248285972521,0.43532758769301194,True
S1,S1,30,21600,38.29832454320773,13.238947334118825,16.46831224473515,38.29832454320773,12.796554981435378,289.28527001921816,1.0458445578851505,-0.6132504668032103,True
S2,S1,30,21600,48.243905242344496,16.676931127236273,24.621620416759765,48.243905242344496,12.796554981435378,289.28527001921816,1.2930342475975825,0.3040779697830836,True
B3,S1,30,21600,28.6969210373261,9.91993855595194,20.8711561217474,29.440815607040914,0.0,289.28527001921816,1.2327824074074074,0.9159361111111108,True
B1,S1,30,22200,30.92018346810694,13.329341439786315,32.4734886486195,44.8293854365642,10.444670966357425,231.9708262241246,3.043353703703704,-0.021755555555555285,True
B2,S1,30,22200,27.801088120280063,11.984734706863236,11.609445155326481,27.801088120280063,10.444670966357425,231.9708262241246,0.0,0.0,True
B4,S1,30,22200,108.67888802112344,46.850239657344034,53.40635736676054,108.67888802112344,10.444670966357425,231.9708262241246,3.9282649057197045,-3.620407867657033,True
S0,S1,30,22200,52.400229207522585,22.589146256217045,28.111931551024206,52.42823538846435,10.444670966357425,231.9708262241246,1.8920924960818382,-1.589153545753636,True
S1,S1,30,22200,59.26172265994211,25.547058492038502,31.189662963738773,59.26172265994211,10.444670966357425,231.9708262241246,1.9947596871459408,-1.851960106554722,True
S2,S1,30,22200,74.18902948805497,31.98205166384816,40.67270093427413,74.18902948805497,10.444670966357425,231.9708262241246,2.7561158033367543,-2.4090987422951895,True
B3,S1,30,22200,8.141416814028208,3.5096727233114082,29.925052585277193,44.76070660653532,0.0,231.9708262241246,3.043353703703704,-0.021755555555555285,True
B1,S1,30,22800,38.21874829236869,20.55312924128368,33.60778420406309,54.04577128598402,18.811456407676978,185.95099482759673,2.3424722222222223,1.6715500000000005,True
B2,S1,30,22800,21.86953182721233,11.760911442011121,9.370027119676404,21.86953182721233,18.811456407676978,185.95099482759673,0.0,0.0,True
B4,S1,30,22800,71.36506769296436,38.37842747715871,51.56187356647749,78.53784866870713,18.811456407676978,185.95099482759673,3.1482512829501714,3.121689487713691,True
S0,S1,30,22800,8.54893114516416,4.5974108141181205,14.851068109537147,27.24266184476142,18.811456407676978,185.95099482759673,1.6534600915499584,0.5811071198952544,True
S1,S1,30,22800,5.850348293574454,3.1461774641208917,8.084668023368256,14.827187637299769,18.811456407676978,185.95099482759673,1.451915036669167,-0.04883548021180066,True
S2,S1,30,22800,12.08217387060004,6.497504292355063,17.082428165072127,31.790152176675395,18.811456407676978,185.95099482759673,1.6868479339828635,0.6242680679463811,True
B3,S1,30,22800,47.69478546568398,25.64911551557113,32.6530797730684,51.38496274828151,0.0,185.95099482759673,2.3424722222222223,1.6715500000000005,True
B1,S1,30,23400,17.74891476496241,6.969972750302008,14.773687345501948,21.189205787588403,4.828955994251693,254.64826622447487,1.0147037037037039,-0.43145740740740784,True
B2,S1,30,23400,3.5016624551953126,1.3750977012773236,2.6856379769587235,3.7037368209069754,4.828955994251693,254.64826622447487,0.0,0.0,True
B4,S1,30,23400,31.291981918583136,12.288315323144182,14.643313375987487,31.43155182143512,4.828955994251693,254.64826622447487,1.7990912091680882,1.4453602806672137,True
S0,S1,30,23400,36.36660384641894,14.281111898229629,24.648990984502525,38.470631172998836,4.828955994251693,254.64826622447487,1.8172369511466877,1.081939058837743,True
S1,S1,30,23400,26.33139130599731,10.34029867801493,15.544634191261318,26.33139130599731,4.828955994251693,254.64826622447487,1.1450738603737076,-0.9489150862328097,True
S2,S1,30,23400,26.80677406467871,10.526980788884808,15.876546075829213,27.649850056226455,4.828955994251693,254.64826622447487,1.5646051121228794,0.8737245091168305,True
B3,S1,30,23400,15.33774918197717,6.023111568510267,14.327581487560701,20.851250661374745,0.0,254.64826622447487,1.0147037037037039,-0.43145740740740784,True
B1,S1,30,24000,129.50454193111045,168.06398090112197,59.7668821889392,129.50454193111045,21.548499192947485,77.05669069406525,4.352334259259259,4.314547222222222,True
B2,S1,30,24000,2.3764993112782826,3.084092101377143,1.8631739653494086,2.461468327074807,21.548499192947485,77.05669069406525,0.0,0.0,True
B4,S1,30,24000,67.25160191345465,87.27548679771455,26.850468378549532,67.25160191345465,21.548499192947485,77.05669069406525,3.713092320140686,2.222047032740486,True
S0,S1,30,24000,27.752434363947565,36.01560632045803,20.68580356359506,27.752434363947565,21.548499192947485,77.05669069406525,1.0047290080740383,0.8964836160386686,True
S1,S1,30,24000,28.48853775779816,36.970881439620776,20.877829800448705,28.48853775779816,21.548499192947485,77.05669069406525,1.1831976020400692,0.9217342201017734,True
S2,S1,30,24000,22.491434353626698,29.188165428649715,16.322043268035333,22.491434353626698,21.548499192947485,77.05669069406525,0.9677840432234407,0.7189005231394564,True
B3,S1,30,24000,128.59385842377094,166.8821451654619,59.33895020436776,128.59385842377094,0.0,77.05669069406525,4.352334259259259,4.314547222222222,True
B1,S1,30,24600,118.1704455820858,37.163447560690486,65.09993423292748,118.1704455820858,8.031641115735153,317.9749278887684,3.9329675925925924,-3.9329675925925924,False
B2,S1,30,24600,16.841249876025916,5.296408112377085,7.510377813769733,16.841249876025916,8.031641115735153,317.9749278887684,0.0,0.0,False
B4,S1,30,24600,40.42829876094245,12.714303932505262,19.63737782756707,40.42829876094245,8.031641115735153,317.9749278887684,1.238992931002634,-1.2375563552045088,False
S0,S1,30,24600,16.631205116765695,5.230351093147664,13.145212469313023,20.150718019718436,8.031641115735153,317.9749278887684,1.1763022854862062,0.2368937580474572,False
S1,S1,30,24600,51.471234188934595,16.18719895014486,25.739224178635997,51.471234188934595,8.031641115735153,317.9749278887684,1.6501217854194588,-1.649600010831022,False
S2,S1,30,24600,16.153990092680996,5.08027164277929,7.727790490013713,16.153990092680996,8.031641115735153,317.9749278887684,0.7678354278638162,-0.08675494652768496,False
B3,S1,30,24600,116.9354860852989,36.77506489637586,64.71167008222841,116.9354860852989,0.0,317.9749278887684,3.9329675925925924,-3.9329675925925924,False
B1,S1,30,25800,88.72222507515207,53.32929204786569,40.795016563634995,89.51756529541144,10.579961244253598,166.36677830922537,3.310375,3.1942861111111114,True
B2,S1,30,25800,6.1321388387034,3.685915482059534,4.843631140615901,6.894427780583551,10.579961244253598,166.36677830922537,0.0,0.0,True
B4,S1,30,25800,61.662610342053206,37.064257040213356,27.875316128015214,62.62577481636507,10.579961244253598,166.36677830922537,2.554423284293421,2.1442937179130834,True
S0,S1,30,25800,0.9183921500940445,0.5520285717062046,5.621784851399509,8.854378279638818,10.579961244253598,166.36677830922537,1.0882678347953185,-0.035246931541781566,True
S1,S1,30,25800,13.21422607313074,7.942827412675806,12.449011774484974,18.495359671060445,10.579961244253598,166.36677830922537,1.1714420364447427,-0.4597177089581965,True
S2,S1,30,25800,2.0910921860312452,1.2569169201224413,6.142153531544989,10.363369511067681,10.579961244253598,166.36677830922537,1.1894060601806544,-0.08445088628688002,True
B3,S1,30,25800,88.95489471224214,53.46914547260269,39.898417113866905,88.97372614781854,0.0,166.36677830922537,3.310375,3.1942861111111114,True
B1,S1,30,26400,42.88917950462169,15.518375041660484,19.351883714218594,42.88917950462169,15.012721311758199,276.3767429868256,1.9242666666666661,1.7476777777777772,True
B2,S1,30,26400,25.348491551956297,9.171716577166775,14.005163122331824,25.348491551956297,15.012721311758199,276.3767429868256,0.0,0.0,True
B4,S1,30,26400,47.7778926225468,17.287233399672957,22.500975508049034,47.7778926225468,15.012721311758199,276.3767429868256,1.8597648599685106,1.8369226956737574,True
S0,S1,30,26400,35.923742582777464,12.998106206241053,19.869012434768095,35.923742582777464,15.012721311758199,276.3767429868256,1.4335996485942615,0.9889661640292432,True
S1,S1,30,26400,20.055416923087087,7.256550137448827,14.08366862141471,24.207328887638127,15.012721311758199,276.3767429868256,1.047857273487239,0.20289649206205054,True
S2,S1,30,26400,41.86145401939931,15.146518323864454,21.210302912419195,41.86145401939931,15.012721311758199,276.3767429868256,1.4598923047353674,1.2193261239488864,True
B3,S1,30,26400,43.55982474007932,15.761031217505787,14.591118474994433,43.55982474007932,0.0,276.3767429868256,1.9242666666666661,1.7476777777777772,True
B1,S1,30,27000,80.81875796683,31.68929239865809,57.95527453993025,87.37260367250325,0.41335505528264216,255.0349087954149,3.233078703703704,-2.7297527777777777,True
B2,S1,30,27000,7.743361114363143,3.036196554791936,4.750675919382165,7.743361114363143,0.41335505528264216,255.0349087954149,0.0,0.0,True
B4,S1,30,27000,49.29825106943006,19.33000125444645,36.604469080846755,56.699036744660276,0.41335505528264216,255.0349087954149,2.2254335074609872,-1.6390458512731592,True
S0,S1,30,27000,13.238031983920113,5.190674502736196,15.2743189164683,23.857682947691853,0.41335505528264216,255.0349087954149,1.9978178632522403,-0.3062745289452716,True
S1,S1,30,27000,14.605188282010811,5.726740841477065,8.067607100424947,14.605188282010811,0.41335505528264216,255.0349087954149,1.631396668723192,0.27794971751419584,True
S2,S1,30,27000,22.093215627012096,8.662820212089057,27.263829761244963,36.18190460215872,0.41335505528264216,255.0349087954149,1.8167162179391796,-0.6758803357415263,True
B3,S1,30,27000,80.19741411263202,31.445661494507462,57.75194713757565,87.20695021831456,0.0,255.0349087954149,3.233078703703704,-2.7297527777777777,True
B1,S1,30,27600,289.4462333635114,78.89534610324019,162.10984859303647,289.4462333635114,9.556209365770822,366.8736467481242,9.894816666666665,-9.894816666666665,True
B2,S1,30,27600,32.38343341451251,8.826862790923013,13.180689154343526,32.38343341451251,9.556209365770822,366.8736467481242,0.0,0.0,True
B4,S1,30,27600,134.95127699736832,36.784129411731406,70.85263827753208,134.95127699736832,9.556209365770822,366.8736467481242,4.59604993950606,-4.59604993950606,True
S0,S1,30,27600,77.92639622667136,21.24066335028186,44.45232845796927,77.92639622667136,9.556209365770822,366.8736467481242,2.606705173175396,-2.606705173175396,True
S1,S1,30,27600,128.9711309412756,35.15410062413675,75.58596496037293,128.9711309412756,9.556209365770822,366.8736467481242,4.415465098173841,-4.415465098173841,True
S2,S1,30,27600,91.24984235951516,24.872280461769556,53.050222648182874,91.24984235951516,9.556209365770822,366.8736467481242,3.0837509811558537,-3.0837509811558537,True
B3,S1,30,27600,289.70340147115365,78.9654432906293,162.21649049867634,289.70340147115365,0.0,366.8736467481242,9.894816666666665,-9.894816666666665,True
B1,S1,30,28200,12.860552440574189,3.142712939324979,5.16521162736791,12.860552440574189,6.234528367917213,409.2181719701226,0.3743175925925932,0.33780462962963054,False
B2,S1,30,28200,7.361742091994243,1.7989773172956087,2.5368796215840534,7.361742091994243,6.234528367917213,409.2181719701226,0.0,0.0,False
B4,S1,30,28200,7.556710376392555,1.8466214098000215,2.6104439377653996,7.556710376392555,6.234528367917213,409.2181719701226,0.2716984846659827,0.04797205877895302,False
S0,S1,30,28200,49.03081853707625,11.981583882510485,31.641185283505393,49.03081853707625,6.234528367917213,409.2181719701226,1.6553046402758893,-1.630923818367359,False
S1,S1,30,28200,48.06812902976494,11.746332964234647,26.023891861555526,48.06812902976494,6.234528367917213,409.2181719701226,1.6904411309946872,-1.6158443579374726,False
S2,S1,30,28200,40.35110160008393,9.860535128686807,23.371935364312368,40.35110160008393,6.234528367917213,409.2181719701226,1.3421090708480006,-1.3421090708480006,False
B3,S1,30,28200,10.902759377400326,2.6642901327940893,4.696380282130807,10.902759377400326,0.0,409.2181719701226,0.3743175925925932,0.33780462962963054,False
B1,S1,30,28800,58.88802586888387,28.0890429609473,31.91439896403402,58.88802586888387,7.19536903511146,209.64767632260362,3.939900925925926,-1.9229361111111105,True
B2,S1,30,28800,8.967895428933927,4.277603065408759,2.9182797167585055,8.967895428933927,7.19536903511146,209.64767632260362,0.0,0.0,True
B4,S1,30,28800,50.163891582038474,23.927711702774523,24.800441798349315,50.163891582038474,7.19536903511146,209.64767632260362,3.388381926183231,-1.6290530807593309,True
S0,S1,30,28800,48.954835122849076,23.35100296915187,20.147935927623863,48.954835122849076,7.19536903511146,209.64767632260362,2.5936024924915095,-1.593844741908394,True
S1,S1,30,28800,50.348361306934436,24.015702053124077,18.643644257337858,50.348361306934436,7.19536903511146,209.64767632260362,2.562300456447032,-1.6439066963160016,True
S2,S1,30,28800,67.1438904929529,32.02701392675233,29.355016455364343,67.1438904929529,7.19536903511146,209.64767632260362,3.2044010565944028,-2.211883495880542,True
B3,S1,30,28800,58.1011839331954,27.71372664478757,31.681976317053074,58.1011839331954,0.0,209.64767632260362,3.939900925925926,-1.9229361111111105,True
B1,S1,30,29400,102.82664359096009,37.336387422320094,76.31422003699895,102.82664359096009,10.1645825334062,275.40597976945463,3.2298018518518514,2.8741574074074068,True
B2,S1,30,29400,36.393794159171016,13.214598386584292,17.566475761876006,36.393794159171016,10.1645825334062,275.40597976945463,0.0,0.0,True
B4,S1,30,29400,85.56194498636866,31.067569795686172,44.145160595340734,85.56194498636866,10.1645825334062,275.40597976945463,3.8118622956509642,-1.7585497312171143,True
S0,S1,30,29400,67.6326409531741,24.557433723766685,44.17978928314321,67.6326409531741,10.1645825334062,275.40597976945463,1.9417641426885264,1.0398722250941121,True
S1,S1,30,29400,59.27225084801948,21.52177338256669,37.75853526345447,59.27225084801948,10.1645825334062,275.40597976945463,1.4554699781576146,0.5661833566824979,True
S2,S1,30,29400,81.33014369499067,29.53100138314826,58.206636248334455,81.33014369499067,10.1645825334062,275.40597976945463,3.057981923857496,0.902489534006552,True
B3,S1,30,29400,75.15928871243105,27.290361950509467,65.8534955928679,76.05846665129489,0.0,275.40597976945463,3.2298018518518514,2.8741574074074068,True
B1,S1,30,30000,123.17346419399173,37.566624894496336,53.5504170233174,123.17346419399173,9.700218710137715,327.8800385712509,5.529677777777777,5.057179629629628,True
B2,S1,30,30000,11.717450078745582,3.573700347787195,4.992942716185925,11.717450078745582,9.700218710137715,327.8800385712509,0.0,0.0,True
B4,S1,30,30000,116.33601436562462,35.4812738441056,53.219862265461074,116.33601436562462,9.700218710137715,327.8800385712509,5.141680282145793,5.046617295474812,True
S0,S1,30,30000,64.18139074155346,19.574656335050523,47.34329167023551,64.18139074155346,9.700218710137715,327.8800385712509,2.3882432192198375,-1.6559505463668347,True
S1,S1,30,30000,41.532742075344636,12.667054162956996,15.393109235507426,41.532742075344636,9.700218710137715,327.8800385712509,2.268644647982982,1.1056107232915526,True
S2,S1,30,30000,37.607651491698476,11.46994237757662,27.55646467479691,37.607651491698476,9.700218710137715,327.8800385712509,1.9588165820551278,-0.7964724868715647,True
B3,S1,30,30000,122.9975031988108,37.512958621932846,53.55599267420461,122.9975031988108,0.0,327.8800385712509,5.529677777777777,5.057179629629628,True
B1,S1,30,30600,30.060027857097065,18.4288649288152,13.921246218986136,30.060027857097065,8.47575381535479,163.11383242109224,1.0828083333333332,0.9938398148148148,True
B2,S1,30,30600,10.388595564675773,6.368923720617838,4.784342465004173,10.388595564675773,8.47575381535479,163.11383242109224,0.0,0.0,True
B4,S1,30,30600,15.95852968568081,9.7836764968421,8.57664619979265,15.95852968568081,8.47575381535479,163.11383242109224,0.7526867935584014,-0.664317757510921,True
S0,S1,30,30600,32.96674853035368,20.210884657070167,23.36068303088624,32.96674853035368,8.47575381535479,163.11383242109224,2.4941325575565716,-0.6618603362572097,True
S1,S1,30,30600,34.34689236170488,21.05700776684313,28.124711226444248,36.33225757048064,8.47575381535479,163.11383242109224,2.407449536821932,-0.35192265304332654,True
S2,S1,30,30600,43.08168517697045,26.412036635710585,28.602866180700552,43.08168517697045,8.47575381535479,163.11383242109224,2.574640061592721,-0.8987280466079507,True
B3,S1,30,30600,25.74094618749616,15.78097075240297,11.777214866579978,25.74094618749616,0.0,163.11383242109224,1.0828083333333332,0.9938398148148148,True
B1,S1,30,31200,47.42484429133396,32.692318562636416,36.46945935058871,50.551579513185104,11.151201096994841,145.06418136257594,1.8934851851851853,1.4977648148148144,True
B2,S1,30,31200,14.927181227499238,10.290053056026272,7.8128178707614016,14.927181227499238,11.151201096994841,145.06418136257594,0.0,0.0,True
B4,S1,30,31200,31.603592395045016,21.78593785053972,29.342466634033013,40.63814484581051,11.151201096994841,145.06418136257594,1.6692376067049262,0.8977641146390528,True
S0,S1,30,31200,28.969484516216465,19.97011546482976,18.592612852149525,28.969484516216465,11.151201096994841,145.06418136257594,1.6393442675730023,-0.5110235446013554,True
S1,S1,30,31200,38.79700713144242,26.7447186252494,23.399541180729695,38.79700713144242,11.151201096994841,145.06418136257594,1.6376597259016776,-1.1085778990528299,True
S2,S1,30,31200,44.68596014506845,30.804268652217864,28.298529282260546,44.68596014506845,11.151201096994841,145.06418136257594,2.2367810918905944,-1.448458797292989,True
B3,S1,30,31200,42.29127929638803,29.153495300596962,32.162782410027894,43.67707967371847,0.0,145.06418136257594,1.8934851851851853,1.4977648148148144,True
B1,S1,30,31800,111.47139452450367,219.3122683551787,75.65277860961939,116.28071313566956,3.6109611756843627,50.82770579162242,4.841857407407407,4.841857407407407,True
B2,S1,30,31800,13.622159847340493,26.800658489657305,8.79402287682036,13.760118010433958,3.6109611756843627,50.82770579162242,0.0,0.0,True
B4,S1,30,31800,45.510926586057245,89.53960419271668,27.0720928830668,45.537133389508085,3.6109611756843627,50.82770579162242,1.3639707763274536,1.2588658404296393,True
S0,S1,30,31800,28.30829941491281,55.694623579840325,18.18442214566101,28.30829941491281,3.6109611756843627,50.82770579162242,1.3025646944135303,0.2534226534810299,True
S1,S1,30,31800,31.264303437602585,61.51035729563789,20.845832609842017,31.264303437602585,3.6109611756843627,50.82770579162242,1.4213346427591982,0.6565636632984376,True
S2,S1,30,31800,19.429343366675667,38.22589090747053,11.098585658812235,19.429343366675667,3.6109611756843627,50.82770579162242,1.0382744722966448,-0.23899979290490245,True
B3,S1,30,31800,26.708468501135545,52.54706677226757,32.27394918203929,49.772281793340845,0.0,50.82770579162242,4.841857407407407,4.841857407407407,True
B1,S1,30,32400,11.303045708377464,6.990672228145933,5.480357173661702,11.303045708377464,9.70814155698784,161.6875364699406,1.5179064814814818,-0.4349305555555559,True
B2,S1,30,32400,7.258959833672508,4.489498691212989,2.5689782040550995,7.258959833672508,9.70814155698784,161.6875364699406,0.0,0.0,True
B4,S1,30,32400,51.10690669602553,31.608439222850578,31.509825465678734,51.10690669602553,9.70814155698784,161.6875364699406,2.0120201294425146,2.010524585328598,True
S0,S1,30,32400,7.971449573603954,4.930157108977865,6.191732292715259,7.971449573603954,9.70814155698784,161.6875364699406,1.2901381489813977,-0.08377614337681971,True
S1,S1,30,32400,39.43103387180568,24.387182050445997,20.292435039599013,39.596601203787415,9.70814155698784,161.6875364699406,1.615907969149392,-1.2869733047278074,True
S2,S1,30,32400,15.033826915056041,9.29807407749761,6.971844252731102,15.033826915056041,9.70814155698784,161.6875364699406,1.3115688771956109,-0.3884211712210475,True
B3,S1,30,32400,9.89582427899735,6.120338335934191,5.01053788255586,9.89582427899735,0.0,161.6875364699406,1.5179064814814818,-0.4349305555555559,True
B1,S1,30,33000,52.0948515526889,24.674878839195905,37.51651138939726,52.0948515526889,7.24282812244485,211.1250551307126,1.9951472222222222,1.7140620370370379,True
B2,S1,30,33000,5.730901643023355,2.714458328726174,2.1401187352965807,5.730901643023355,7.24282812244485,211.1250551307126,0.0,0.0,True
B4,S1,30,33000,58.4999054694754,27.7086513645937,39.20188110770394,58.4999054694754,7.24282812244485,211.1250551307126,2.053126144952977,1.929903431944692,True
S0,S1,30,33000,25.613491368578618,12.131905117903077,8.915414832809905,25.613491368578618,7.24282812244485,211.1250551307126,1.7227562277173267,0.826263204503868,True
S1,S1,30,33000,7.855716431189038,3.7208830691958257,11.462506949561606,16.704822511216324,7.24282812244485,211.1250551307126,1.0885228582302724,-0.2218057022748424,True
S2,S1,30,33000,9.306675125632989,4.408133899536936,11.236420009322565,18.262883960930875,7.24282812244485,211.1250551307126,2.423420993555332,0.2701965203079978,True
B3,S1,30,33000,51.70215916980416,24.488878943237747,37.38419762992772,51.70215916980416,0.0,211.1250551307126,1.9951472222222222,1.7140620370370379,True
B1,S1,30,33600,74.34587547321327,81.24374309219318,29.446846107676752,74.34587547321327,2.1601462902839947,91.50966295194893,2.8135518518518516,2.3114870370370366,True
B2,S1,30,33600,2.18690516694453,2.3898079136111106,1.6129406757104165,2.18690516694453,2.1601462902839947,91.50966295194893,0.0,0.0,True
B4,S1,30,33600,95.84499751546528,104.73757024522405,40.47711394790577,95.84499751546528,2.1601462902839947,91.50966295194893,3.4086470473947763,3.2351087628273496,True
S0,S1,30,33600,18.85146309046253,20.600516363349847,13.115056068739053,18.916514078856856,2.1601462902839947,91.50966295194893,0.9512501436780032,0.6461640825372732,True
S1,S1,30,33600,23.571555717813524,25.75854282207419,16.945952194407866,23.62602577541781,2.1601462902839947,91.50966295194893,1.0982834058708002,0.8423122280889992,True
S2,S1,30,33600,23.394124756520945,25.564649679460665,15.779141646948581,23.467044539857604,2.1601462902839947,91.50966295194893,1.096367414052861,0.7718329662509372,True
B3,S1,30,33600,74.13788823924358,81.01645864237624,29.33565629523676,74.13788823924358,0.0,91.50966295194893,2.8135518518518516,2.3114870370370366,True
B1,S1,30,34200,40.213367383371946,20.486812903707456,20.690036414015232,40.213367383371946,6.01669101787299,196.28903515829256,1.4745777777777773,-1.2609388888888884,True
B2,S1,30,34200,4.424737434550885,2.2541949075161853,1.9951296863799697,4.424737434550885,6.01669101787299,196.28903515829256,0.0,0.0,True
B4,S1,30,34200,30.541523894853405,15.559465086892871,14.305295156303423,30.541523894853405,6.01669101787299,196.28903515829256,1.176053483261146,-0.9361929647790913,True
S0,S1,30,34200,62.88036640385246,32.03457918734182,33.19561975386145,62.88036640385246,6.01669101787299,196.28903515829256,2.516810474270291,2.232293681477945,True
S1,S1,30,34200,41.50658174858841,21.145644592483947,21.41310863963366,41.50658174858841,6.01669101787299,196.28903515829256,1.60218175010815,1.4991737917537493,True
S2,S1,30,34200,47.89898574156782,24.402272751985784,25.763553431555174,47.89898574156782,6.01669101787299,196.28903515829256,1.814219472644225,1.7328375975799801,True
B3,S1,30,34200,40.15176509778441,20.45542944637992,20.686085755354625,40.15176509778441,0.0,196.28903515829256,1.4745777777777773,-1.2609388888888884,True
B1,S1,30,35400,133.77625869538602,29.592872060588284,70.0824843482338,133.77625869538602,6.555981035552098,452.0556788860954,4.402121296296297,-4.402121296296297,True
B2,S1,30,35400,19.712813889667366,4.360704844642469,8.070232962211406,19.712813889667366,6.555981035552098,452.0556788860954,0.0,0.0,True
B4,S1,30,35400,90.4863844911202,20.01664589505579,45.237895387223624,90.4863844911202,6.555981035552098,452.0556788860954,2.932074367641957,-2.93193346388149,True
S0,S1,30,35400,133.05781974679167,29.433944967721175,67.79223292015985,133.05781974679167,6.555981035552098,452.0556788860954,4.384046022420957,-4.384046022420957,True
S1,S1,30,35400,138.67008246245604,30.6754430790807,70.61843536653652,138.67008246245604,6.555981035552098,452.0556788860954,4.574335226985236,-4.574335226985236,True
S2,S1,30,35400,133.99865736567432,29.64206924595189,70.28156684390638,133.99865736567432,6.555981035552098,452.0556788860954,4.4117220946710605,-4.4117220946710605,True
B3,S1,30,35400,132.48163598407285,29.30648638471242,69.6049288068915,132.48163598407285,0.0,452.0556788860954,4.402121296296297,-4.402121296296297,True
B1,S1,30,36000,121.36627881700598,30.64267762212804,51.7150606648392,121.36627881700598,11.235430120654186,396.069430725478,4.825691666666667,4.497349074074074,True
B2,S1,30,36000,20.589149661439638,5.1983687869388495,9.926801398372858,20.589149661439638,11.235430120654186,396.069430725478,0.0,0.0,True
B4,S1,30,36000,113.52965311420813,28.664078645568917,47.08460356569701,113.52965311420813,11.235430120654186,396.069430725478,4.441519187964658,4.201695097712995,True
S0,S1,30,36000,39.45508016388371,9.961657503234742,48.71640567281263,62.2075225705512,11.235430120654186,396.069430725478,2.7867640646749816,-1.629795849229275,True
S1,S1,30,36000,68.5030516765562,17.295717963155997,31.40507561126878,68.5030516765562,11.235430120654186,396.069430725478,3.2264597125148904,2.2716871227524074,True
S2,S1,30,36000,18.966756788824906,4.788745436395738,37.45313006127888,52.631414603462,11.235430120654186,396.069430725478,2.772427912308488,-0.8615595808751219,True
B3,S1,30,36000,116.80783779787158,29.491757943529084,49.87378698098546,116.80783779787158,0.0,396.069430725478,4.825691666666667,4.497349074074074,True
B1,S1,30,36600,82.57174133858736,97.7855430049563,37.33365631035681,82.57174133858736,7.175224582428066,84.44166571167088,2.692543518518519,2.1355564814814816,True
B2,S1,30,36600,17.77264263198561,21.047243066794707,9.110246241210397,18.07417504175084,7.175224582428066,84.44166571167088,0.0,0.0,True
B4,S1,30,36600,79.6928966606432,94.37627264809943,35.618216315562854,79.6928966606432,7.175224582428066,84.44166571167088,2.557463633403703,1.9925050584639936,True
S0,S1,30,36600,16.9561804325904,20.08034811924233,15.487820043071885,19.44062418676016,7.175224582428066,84.44166571167088,1.3314845293247835,-0.8276915907658182,True
S1,S1,30,36600,16.362917619921333,19.37777693276813,10.38863819558617,17.042170352257514,7.175224582428066,84.44166571167088,0.9998631803252923,0.04944194867122924,True
S2,S1,30,36600,15.720286399282964,18.616741234073295,15.039756560839448,18.886190055057728,7.175224582428066,84.44166571167088,1.2271760873258823,-0.7762717647315968,True
B3,S1,30,36600,7.322129813064931,8.671228535527247,8.234740472263853,18.791887814897173,0.0,84.44166571167088,2.692543518518519,2.1355564814814816,True
B1,S1,30,37200,32.55812579323055,18.732851753787163,32.236224802356695,48.9853990599264,22.740178988111335,173.8022924707573,3.429120370370371,0.010542592592592352,True
B2,S1,30,37200,28.841492837409564,16.59442601556146,16.625849718727483,28.841492837409564,22.740178988111335,173.8022924707573,0.0,0.0,True
B4,S1,30,37200,77.47759715585099,44.57800645459657,37.095389794876354,77.47759715585099,22.740178988111335,173.8022924707573,3.463194764408498,2.2329038109236365,True
S0,S1,30,37200,29.391216072327634,16.910718296349735,18.860633478086243,29.391216072327634,22.740178988111335,173.8022924707573,1.2787538989355098,-0.08270748396727252,True
S1,S1,30,37200,30.03411055368377,17.28061818214342,20.15451593793308,30.03411055368377,22.740178988111335,173.8022924707573,1.664660952130019,0.06510706719984048,True
S2,S1,30,37200,30.363367790028512,17.47006173416109,20.774884633409602,30.363367790028512,22.740178988111335,173.8022924707573,2.0824086650458358,-0.4173359364818174,True
B3,S1,30,37200,2.08759302894662,1.2011308937699212,27.438513124333248,47.15790167987264,0.0,173.8022924707573,3.429120370370371,0.010542592592592352,True
B1,S1,30,37800,88.73241617233464,26.25330559765448,41.516825467365734,88.73241617233464,8.96417673651259,337.9856903820224,3.9611907407407405,3.9611907407407405,True
B2,S1,30,37800,18.19687756857904,5.3839195227499905,11.67327969271066,18.19687756857904,8.96417673651259,337.9856903820224,0.0,0.0,True
B4,S1,30,37800,91.73118700447776,27.1405534656792,43.506432388002274,91.73118700447776,8.96417673651259,337.9856903820224,4.10602236170426,4.105783060699288,True
S0,S1,30,37800,23.50943351973003,6.9557481836457375,20.607936015345523,26.650674599792726,8.96417673651259,337.9856903820224,1.7116849185911365,-0.7458122455773153,True
S1,S1,30,37800,28.04172077742861,8.296718345008419,15.96844100609047,28.04172077742861,8.96417673651259,337.9856903820224,1.2234420428438868,0.9459401742507689,True
S2,S1,30,37800,24.137423645697208,7.141551945117818,15.287113591723925,24.137423645697208,8.96417673651259,337.9856903820224,1.4837041959014883,-0.3334797416886796,True
B3,S1,30,37800,91.7815838059465,27.155464393242962,42.94595233250241,91.7815838059465,0.0,337.9856903820224,3.9611907407407405,3.9611907407407405,True
B1,S1,30,38400,24.030822133409423,13.972270321866429,15.567347954477617,24.030822133409423,3.2109314128568065,171.98938740686606,1.7044546296296297,-0.08489722222222194,True
B2,S1,30,38400,9.057066899072158,5.266061491135114,3.867609051278485,9.057066899072158,3.2109314128568065,171.98938740686606,0.0,0.0,True
B4,S1,30,38400,34.84948487736375,20.262578640926368,17.51939429596567,34.84948487736375,3.2109314128568065,171.98938740686606,2.0549060117395728,-0.5518803446108763,True
S0,S1,30,38400,39.53697434180032,22.988031376767346,26.927530754242714,39.53697434180032,3.2109314128568065,171.98938740686606,1.3870905990001965,1.1934618392978016,True
S1,S1,30,38400,49.03547922160994,28.51075869327294,32.01001282089056,49.03547922160994,3.2109314128568065,171.98938740686606,1.9199342201195804,1.759857516494999,True
S2,S1,30,38400,37.73733371705744,21.941664125929037,26.034540811030027,37.73733371705744,3.2109314128568065,171.98938740686606,1.5144546493416333,0.6318712262015674,True
B3,S1,30,38400,15.484593815493858,9.003226332135707,12.552901730088296,19.293518581390735,0.0,171.98938740686606,1.7044546296296297,-0.08489722222222194,True
B1,S1,30,39000,51.93040473096064,37.291945023828966,38.85367936543571,51.93040473096064,9.688606432837236,139.2536771621269,3.133572222222222,-2.051583333333333,True
B2,S1,30,39000,7.416020342671335,5.325547227048942,2.55560996087211,7.416020342671335,9.688606432837236,139.2536771621269,0.0,0.0,True
B4,S1,30,39000,81.8729053361002,58.794070651921956,44.738645316091386,82.786422750533,9.688606432837236,139.2536771621269,2.91880544796259,2.7245770225520376,True
S0,S1,30,39000,15.401272349938415,11.059867619874336,10.905592252437446,15.401272349938415,9.688606432837236,139.2536771621269,1.4322143128098264,-0.09879370934642007,True
S1,S1,30,39000,32.2717162902347,23.174767767649083,9.288591332149048,32.2717162902347,9.688606432837236,139.2536771621269,1.4938956566969164,-1.187255169166723,True
S2,S1,30,39000,11.28759765708624,8.105780678196805,8.429726596285814,13.903817642792829,9.688606432837236,139.2536771621269,1.5758441877214575,-0.3908058618866844,True
B3,S1,30,39000,47.71388505845689,34.2640036736019,37.27977497030729,47.71388505845689,0.0,139.2536771621269,3.133572222222222,-2.051583333333333,True
B1,S1,30,39600,120.79783587968704,68.69294605467054,69.55339384158407,120.79783587968704,11.091706096246398,175.85187827516944,4.812823148148149,-4.812823148148149,True
B2,S1,30,39600,17.7179384265219,10.075490009152606,8.125908757515493,17.7179384265219,11.091706096246398,175.85187827516944,0.0,0.0,True
B4,S1,30,39600,30.558974924015633,17.377679001072465,11.193516460206919,30.558974924015633,11.091706096246398,175.85187827516944,1.41561079685119,-0.9811176150913851,True
S0,S1,30,39600,32.500005935440974,18.481466478615385,18.05921874040908,32.500005935440974,11.091706096246398,175.85187827516944,2.0352129301544544,-0.11146968634945646,True
S1,S1,30,39600,31.69349617825961,18.022836314927655,22.33159880047761,32.820236843958455,11.091706096246398,175.85187827516944,2.175193355860664,0.6166471324621814,True
S2,S1,30,39600,34.74811332559516,19.759876133493453,16.29490378538289,34.74811332559516,11.091706096246398,175.85187827516944,2.2499014550199354,-0.5064907607023732,True
B3,S1,30,39600,121.32403902120855,68.99217694528299,69.7923540474829,121.32403902120855,0.0,175.85187827516944,4.812823148148149,-4.812823148148149,True
B1,S1,30,40200,69.72620619016902,53.067049734979975,44.957763754921906,69.72620619016902,3.074810432984364,131.39265615553506,3.4262203703703715,3.4262203703703715,True
B2,S1,30,40200,1.156793611614665,0.8804096404332671,1.025189639832536,1.3436484301244196,3.074810432984364,131.39265615553506,0.0,0.0,True
B4,S1,30,40200,61.72556111123338,46.97793843071885,40.711048117651515,61.72556111123338,3.074810432984364,131.39265615553506,3.042375396652172,3.041733398337652,True
S0,S1,30,40200,9.223149052611394,7.019531625643949,6.735287941646966,14.065274602658704,3.074810432984364,131.39265615553506,1.1540675199211687,-0.22181211503542567,True
S1,S1,30,40200,2.4811313451419075,1.8883333496241121,4.631092619079264,8.704769619285003,3.074810432984364,131.39265615553506,1.2309771778615117,0.06404729131110644,True
S2,S1,30,40200,26.93997907513086,20.50341310037972,13.832984868311618,29.918659864455062,3.074810432984364,131.39265615553506,1.539781637789751,-0.6458239492125137,True
B3,S1,30,40200,71.39413246164075,54.33647096465459,45.54920538494817,71.39413246164075,0.0,131.39265615553506,3.4262203703703715,3.4262203703703715,True
B1,S1,30,40800,51.518492665560174,22.245145758325123,49.51237198526518,70.43919651514248,8.994104500558183,231.59431376744143,3.542398148148148,-1.6755388888888887,True
B2,S1,30,40800,12.627103811383904,5.452251225849863,9.787326614667862,13.94376346049549,8.994104500558183,231.59431376744143,0.0,0.0,True
B4,S1,30,40800,49.6530169241398,21.43965286384343,27.096581124661082,52.488222350046755,8.994104500558183,231.59431376744143,2.0887689345017253,1.701368908287515,True
S0,S1,30,40800,24.155114501098588,10.429925548756898,21.12985482741471,35.53929256868069,8.994104500558183,231.59431376744143,1.8409729568789097,0.3581595539279664,True
S1,S1,30,40800,10.37599104470575,4.480244301302208,13.574001721003178,20.361927042210915,8.994104500558183,231.59431376744143,1.7029189497114006,-0.8485054112424173,True
S2,S1,30,40800,20.677127751012257,8.928167282973742,18.365966078754123,33.590586984909535,8.994104500558183,231.59431376744143,2.2610380924406113,-0.0998282223789121,True
B3,S1,30,40800,41.4171825845312,17.883505821356575,46.65297917721742,69.03984040134249,0.0,231.59431376744143,3.542398148148148,-1.6755388888888887,True
B1,S1,30,41400,27.01253972986856,9.729708601113456,12.919749814237889,27.01253972986856,9.42906095213264,277.62948344390577,0.9786009259259262,0.3280268518518526,True
B2,S1,30,41400,21.90959788447463,7.8916682812981565,10.133762370994257,21.90959788447463,9.42906095213264,277.62948344390577,0.0,0.0,True
B4,S1,30,41400,28.06421795505088,10.108514991607933,13.152214328318662,28.06421795505088,9.42906095213264,277.62948344390577,0.6816144061748484,0.4975087669950465,True
S0,S1,30,41400,24.911210623991764,8.972826053982484,17.87023775500395,24.911210623991764,9.42906095213264,277.62948344390577,2.3038985097839797,-0.31951280052870584,True
S1,S1,30,41400,30.953145162811012,11.149084304320656,20.839033232478815,30.953145162811012,9.42906095213264,277.62948344390577,1.5906553046886416,-0.657486443420712,True
S2,S1,30,41400,28.80061420904293,10.373759246237263,21.197413648029762,28.80061420904293,9.42906095213264,277.62948344390577,1.922578905914971,-0.5013161767138594,True
B3,S1,30,41400,10.693270769158712,3.8516337085355907,5.988579751475848,10.693270769158712,0.0,277.62948344390577,0.9786009259259262,0.3280268518518526,True
B1,S1,30,42000,325.7257342749811,86.95513364767987,183.1418476533335,325.7257342749811,9.604820336236143,374.59057402492084,10.77120185185185,-10.77120185185185,True
B2,S1,30,42000,5.545060137035819,1.4802988973948168,8.406453940908953,14.319977865749383,9.604820336236143,374.59057402492084,0.0,0.0,True
B4,S1,30,42000,225.31275589863023,60.149072486709336,126.1620528874188,225.31275589863023,9.604820336236143,374.59057402492084,7.39778213725404,-7.39778213725404,True
S0,S1,30,42000,49.473952803616186,13.20747403545845,33.78327840880189,50.05273479698228,9.604820336236143,374.59057402492084,1.6098828797783737,-1.4943103859548932,True
S1,S1,30,42000,67.75465517923531,18.087656197864636,44.26171383656635,68.53475246243376,9.604820336236143,374.59057402492084,2.1975726210585553,-2.109177123418432,True
S2,S1,30,42000,85.50291566117102,22.825698666801653,60.50296650309938,86.1789759343586,9.604820336236143,374.59057402492084,2.7580651885772745,-2.702158248986387,True
B3,S1,30,42000,325.6134508663947,86.92515867864103,183.0846999497835,325.6134508663947,0.0,374.59057402492084,10.77120185185185,-10.77120185185185,True
B1,S1,30,43200,137.61251918298967,55.10368179582659,91.53140130438182,137.61251918298967,7.500563586746276,249.73380126010397,6.038258333333333,-6.038258333333333,True
B2,S1,30,43200,23.18179663476351,9.28260272249614,13.179405192497974,23.18179663476351,7.500563586746276,249.73380126010397,0.0,0.0,True
B4,S1,30,43200,90.20417935617172,36.12013227725702,60.63505005685442,90.20417935617172,7.500563586746276,249.73380126010397,4.024681373931114,-4.022707846650078,True
S0,S1,30,43200,21.447442513393124,8.588121593942775,12.951302497975703,21.447442513393124,7.500563586746276,249.73380126010397,2.136235879421775,-0.08803934230974945,True
S1,S1,30,43200,21.67137758540728,8.67779110238906,12.546168839279632,21.67137758540728,7.500563586746276,249.73380126010397,1.8884486350383713,0.1943302923290567,True
S2,S1,30,43200,30.756854001920882,12.315855461586818,29.712492452062644,43.70049086689857,7.500563586746276,249.73380126010397,1.7881913198502104,-1.324245618287019,True
B3,S1,30,43200,138.3722081912492,55.40788130923899,91.6409094475437,138.3722081912492,0.0,249.73380126010397,6.038258333333333,-6.038258333333333,True
B1,S1,30,43800,134.79691118882428,90.9453779179155,55.31356165593526,134.79691118882428,2.145646951304077,148.21744026451552,5.284546296296297,4.877311111111111,True
B2,S1,30,43800,1.9680733136528117,1.3278284324304206,1.371434526349443,1.9680733136528117,2.145646951304077,148.21744026451552,0.0,0.0,True
B4,S1,30,43800,135.28483022017625,91.27456929409983,56.04360922221459,135.28483022017625,2.145646951304077,148.21744026451552,5.174070197063628,5.050889994077583,True
S0,S1,30,43800,2.9441743206270363,1.9863885892056499,4.2032107335433135,11.323592351727065,2.145646951304077,148.21744026451552,1.2428089872241925,-0.12988967095451762,True
S1,S1,30,43800,19.706302884894797,13.295535835544078,16.444871370497907,20.10099466762083,2.145646951304077,148.21744026451552,1.0852840545653495,-0.8720452760465355,True
S2,S1,30,43800,12.872055768651595,8.6845756785973,10.344514357374914,13.307757321941944,2.145646951304077,148.21744026451552,0.6107791588136187,0.4185399868007632,True
B3,S1,30,43800,133.2993591753845,89.93500288325885,54.48886345824258,133.2993591753845,0.0,148.21744026451552,5.284546296296297,4.877311111111111,True
B1,S1,30,44400,56.40908831850491,35.379048245725045,33.912062446967376,56.40908831850491,1.8078046152034029,159.44207409627248,2.832600925925926,-1.665739814814815,True
B2,S1,30,44400,3.1431611379000213,1.9713498809618808,2.117955261700727,3.145670853357387,1.8078046152034029,159.44207409627248,0.0,0.0,True
B4,S1,30,44400,63.14651745399109,39.6046763766148,37.256033234332996,63.14651745399109,1.8078046152034029,159.44207409627248,3.131826417593934,-1.9301254574161086,True
S0,S1,30,44400,19.068000518938177,11.959202504744612,16.116306588684562,19.07214927343001,1.8078046152034029,159.44207409627248,2.159325805628334,0.6777573106018844,True
S1,S1,30,44400,35.176744365786384,22.062397623193466,21.150386764524292,35.176744365786384,1.8078046152034029,159.44207409627248,2.140424946945606,-1.2844686389848454,True
S2,S1,30,44400,8.012414472107764,5.025282390186295,13.8242109447766,23.401260739529764,1.8078046152034029,159.44207409627248,2.23023774263953,0.14972403806086987,True
B3,S1,30,44400,55.837464481584135,35.02053319243013,33.97798547141501,55.837464481584135,0.0,159.44207409627248,2.832600925925926,-1.665739814814815,True
B1,S1,30,45000,197.01091691270392,84.24102316325504,140.94399295739987,197.01091691270392,10.822932071866774,233.86576933058643,6.736025925925925,-6.5936870370370375,True
B2,S1,30,45000,10.7972712061655,4.616866862162612,6.384298269254331,10.7972712061655,10.822932071866774,233.86576933058643,0.0,0.0,True
B4,S1,30,45000,34.14201517953334,14.598979268005268,41.23929549738534,62.34210120587939,10.822932071866774,233.86576933058643,3.3349245111541155,-0.7360349874078611,True
S0,S1,30,45000,69.50949747307106,29.72196301837328,43.498259951587514,74.97736436169737,10.822932071866774,233.86576933058643,3.004354523143833,2.2915665897758775,True
S1,S1,30,45000,56.48830134870312,24.154155398797485,31.612118036735808,59.71351425380518,10.822932071866774,233.86576933058643,2.862111382513646,1.8845206126903873,True
S2,S1,30,45000,39.85382622508041,17.04132517518804,25.36330076297323,46.39693165539418,10.822932071866774,233.86576933058643,3.1811963889503367,1.2538851980801689,True
B3,S1,30,45000,196.59461432089853,84.06301396037041,140.89339537306915,196.59461432089853,0.0,233.86576933058643,6.736025925925925,-6.5936870370370375,True
B1,S1,30,45600,15.797241685803076,7.37123493322315,5.216288625540763,15.797241685803076,0.9227863998509922,214.3092959173337,1.0724907407407407,-0.1079129629629631,True
B2,S1,30,45600,4.129027612861607,1.926667527503945,2.984203849840721,5.121839567617468,0.9227863998509922,214.3092959173337,0.0,0.0,True
B4,S1,30,45600,57.67558724338905,26.912312411140796,18.864820381962012,57.67558724338905,0.9227863998509922,214.3092959173337,2.561938772971083,-2.5516172806609565,True
S0,S1,30,45600,8.229792003821373,3.8401470027673836,4.421297409798455,8.229792003821373,0.9227863998509922,214.3092959173337,1.0073959307004605,-0.5545732032037383,True
S1,S1,30,45600,9.621432104273335,4.489507589061673,3.380658331003656,9.621432104273335,0.9227863998509922,214.3092959173337,0.8400424282653195,-0.5710778249076621,True
S2,S1,30,45600,18.102447857894532,8.446879441420615,5.4436268400253125,18.102447857894532,0.9227863998509922,214.3092959173337,0.8771657771632604,-0.6562470188012601,True
B3,S1,30,45600,16.522740356055248,7.709763725054943,4.579219723667469,16.522740356055248,0.0,214.3092959173337,1.0724907407407407,-0.1079129629629631,True
B1,S1,30,46800,179.75389263173153,52.21905703095546,90.79003866527914,179.75389263173153,6.898154857435922,344.2304454582039,5.996266666666667,-5.996266666666667,True
B2,S1,30,46800,2.191324958646035,0.6365866202593352,2.116821525732243,4.819628562517286,6.898154857435922,344.2304454582039,0.0,0.0,True
B4,S1,30,46800,135.49221028024004,39.360902577889895,65.5354647972894,135.49221028024004,6.898154857435922,344.2304454582039,4.510689344133631,-4.510666561138219,True
S0,S1,30,46800,60.80216684122996,17.663215919293954,28.567123468693303,60.80216684122996,6.898154857435922,344.2304454582039,2.064590082394116,-1.9967142178849253,True
S1,S1,30,46800,42.42291361844617,12.323986497468919,20.390744170056564,42.44995454800791,6.898154857435922,344.2304454582039,1.5773498216865312,-1.371990443157772,True
S2,S1,30,46800,74.3694365304108,21.604549368495835,37.50716542116155,74.3694365304108,6.898154857435922,344.2304454582039,2.4557964595775466,-2.4557964595775466,True
B3,S1,30,46800,179.52552729694636,52.152716200910284,90.71013986257425,179.52552729694636,0.0,344.2304454582039,5.996266666666667,-5.996266666666667,True
B1,S1,30,48000,191.61840704585143,3066.8618745410918,109.50647650870407,191.61840704585143,1.1201739082410054,6.248028600066123,6.427240740740741,6.427240740740741,False
B2,S1,30,48000,1.4215054653264971,22.751263739597054,0.8464520850213646,1.4235074993148344,1.1201739082410054,6.248028600066123,0.0,0.0,False
B4,S1,30,48000,54.88187577360215,878.3870767336331,31.49931093619162,54.88187577360215,1.1201739082410054,6.248028600066123,1.8527150194666517,1.852070327931743,False
S0,S1,30,48000,5.510500476363963,88.19582670133175,4.781124046168964,5.510500476363963,1.1201739082410054,6.248028600066123,0.16275925925925924,-0.16275925925925924,False
S1,S1,30,48000,5.510500476363963,88.19582670133175,4.781124046168964,5.510500476363963,1.1201739082410054,6.248028600066123,0.16275925925925924,-0.16275925925925924,False
S2,S1,30,48000,5.499016008676821,88.01201724042404,4.769668277785321,5.499016008676821,1.1201739082410054,6.248028600066123,0.1623637286452668,-0.1623637286452668,False
B3,S1,30,48000,191.51477701014076,3065.2032708063143,109.42545184797189,191.51477701014076,0.0,6.248028600066123,6.427240740740741,6.427240740740741,False
B1,S1,30,49200,257.8745834671667,511.91941944363185,136.52299810805457,257.8745834671667,3.74627480216731,50.37405764904014,8.600650925925926,8.600650925925926,True
B2,S1,30,49200,1.5994516315108036,3.175149483994924,1.442963243641857,1.7162208733288389,3.74627480216731,50.37405764904014,0.0,0.0,True
B4,S1,30,49200,253.0330236338462,502.3082027593377,132.24582360824164,253.0330236338462,3.74627480216731,50.37405764904014,8.439802652929785,8.439802652929785,True
S0,S1,30,49200,24.491856343462075,48.61997918471982,22.897394126729175,26.435310918558763,3.74627480216731,50.37405764904014,0.922903479024689,0.7849571827283931,True
S1,S1,30,49200,10.147039859012317,20.143383980912375,9.505596920427083,12.07847995405753,3.74627480216731,50.37405764904014,0.4512915000196337,0.30507758707485333,True
S2,S1,30,49200,30.030901722179696,59.615808461187015,27.409150532553454,31.947190056907914,3.74627480216731,50.37405764904014,1.1059011467871664,0.9698504832105694,True
B3,S1,30,49200,257.8645854242708,511.8995718407931,136.50866037752996,257.8645854242708,0.0,50.37405764904014,8.600650925925926,8.600650925925926,True
B1,S1,30,49800,14.920698820707232,3.5855114467037588,6.199017448042844,14.920698820707232,4.3127457852796,416.1386469543743,0.5451129629629626,0.4832537037037032,False
B2,S1,30,49800,0.9655495704771393,0.2320259311514998,2.035838359795674,3.374083172302446,4.3127457852796,416.1386469543743,0.0,0.0,False
B4,S1,30,49800,9.226829539667406,2.2172488922133304,7.685566688913998,12.020737800343902,4.3127457852796,416.1386469543743,0.5399616197549225,-0.32926804953676414,False
S0,S1,30,49800,52.62310622504312,12.64557055927871,31.669851945663257,52.62310622504312,4.3127457852796,416.1386469543743,1.9779678091544413,-1.8194282668150088,False
S1,S1,30,49800,36.60172044803277,8.795559056077241,18.429431073375305,36.60172044803277,4.3127457852796,416.1386469543743,1.3011316270952284,-1.273335923510201,False
S2,S1,30,49800,41.68218903292204,10.016418647483157,28.64752531965798,41.68218903292204,4.3127457852796,416.1386469543743,1.448283529356885,-1.4361844816868423,False
B3,S1,30,49800,15.809022965840656,3.798979758679796,6.014272503364298,15.809022965840656,0.0,416.1386469543743,0.5451129629629626,0.4832537037037032,False
B1,S1,30,51000,93.73065722874573,212.02806226553446,67.78702459195966,98.44837437085009,4.058120043710895,44.206722557017784,3.583134259259259,2.9864490740740743,True
B2,S1,30,51000,1.2686478658593527,2.869807559750787,0.5478503563614632,1.2686478658593527,4.058120043710895,44.206722557017784,0.0,0.0,True
B4,S1,30,51000,47.48265515048091,107.41048511171084,35.67991480476969,54.44637760992799,4.058120043710895,44.206722557017784,2.456710921767539,1.1679867778213922,True
S0,S1,30,51000,9.700010164142203,21.942387046746433,3.9171248885590484,9.700010164142203,4.058120043710895,44.206722557017784,0.5032665708886577,-0.3235242638177521,True
S1,S1,30,51000,7.075318436203808,16.00507349776512,2.846257218225547,7.075318436203808,4.058120043710895,44.206722557017784,0.3780698071142607,-0.2224738543931649,True
S2,S1,30,51000,12.479567393934815,28.230021752548343,5.269385142942662,12.479567393934815,4.058120043710895,44.206722557017784,0.6480365663637955,-0.4217671244545262,True
B3,S1,30,51000,95.07979735210014,215.07995131162758,67.93019273624739,98.45448420581103,0.0,44.206722557017784,3.583134259259259,2.9864490740740743,True
B1,S1,60,600,81.74569191603186,23.4117080742794,42.05923971250762,81.74569191603186,5.603422578311863,349.16586033224723,4.267186111111111,-0.6790925925925925,True
B2,S1,60,600,16.571627993886942,4.746061936902503,6.13548320518442,16.571627993886942,5.603422578311863,349.16586033224723,0.0,0.0,True
B4,S1,60,600,239.81075788620984,68.68104391936227,154.70147770258268,244.19027065791005,5.603422578311863,349.16586033224723,4.617093160483999,3.6569264347468273,True
S0,S1,60,600,63.754050803346836,18.258958863470202,26.31424418326444,63.754050803346836,5.603422578311863,349.16586033224723,2.2419411512920933,-0.5979203832605658,True
S1,S1,60,600,66.96594780926016,19.17883602524571,26.748038577450558,66.96594780926016,5.603422578311863,349.16586033224723,2.193528249305221,-1.224812233344708,True
S2,S1,60,600,72.80166575862805,20.850167221203684,23.039997266177625,72.80166575862805,5.603422578311863,349.16586033224723,2.5392405395378432,-1.076631380209329,True
B3,S1,60,600,52.6387725154162,15.07557825536781,38.96103307460394,55.343559461647686,0.0,349.16586033224723,4.267186111111111,-0.6790925925925925,True
B1,S1,60,1200,80.61805204219567,9.069830843928406,46.73414678341798,95.51448529294304,4.668846169956558,888.8594884452957,3.285857407407408,1.643826851851853,True
B2,S1,60,1200,17.221155754903492,1.9374441043572612,37.49473930273049,100.81151684086741,4.668846169956558,888.8594884452957,0.0,0.0,True
B4,S1,60,1200,26.621996217661483,2.995073638042163,57.137679384397686,97.94273899960598,4.668846169956558,888.8594884452957,2.4689147246402214,-0.09191763577614324,True
S0,S1,60,1200,164.51782594018633,18.508867608303817,138.53086377388746,175.82341180327214,4.668846169956558,888.8594884452957,3.9952246349187175,-2.7676759894341294,True
S1,S1,60,1200,42.818052086249274,4.817190190672582,49.766484532541575,100.02159681932592,4.668846169956558,888.8594884452957,3.376306531693465,0.9334816417029678,True
S2,S1,60,1200,147.81462736835064,16.629695614420818,124.90599183527412,159.866095913855,4.668846169956558,888.8594884452957,3.5146928358793676,-2.470893608726434,True
B3,S1,60,1200,73.9514540734362,8.319813765253798,63.927626257481855,81.06924181965354,0.0,888.8594884452957,3.285857407407408,1.643826851851853,True
B1,S1,60,1800,88.2754593998245,16.528723385157647,120.51881937834634,173.62414220616407,17.18702232348509,534.0730638586009,4.165537037037037,1.688573148148148,True
B2,S1,60,1800,84.31009649843048,15.786247651080208,32.01606294341488,84.31009649843048,17.18702232348509,534.0730638586009,0.0,0.0,True
B4,S1,60,1800,152.41266522782647,28.537792961634675,157.5368805913124,210.81139640236665,17.18702232348509,534.0730638586009,4.236128156245353,2.8310796943710073,True
S0,S1,60,1800,60.921210689708495,11.40690568619236,36.02850522154948,68.31677344742086,17.18702232348509,534.0730638586009,3.184765883279442,-0.0005830889522078071,True
S1,S1,60,1800,60.53067612523628,11.333781877691205,35.55290065751888,60.91197077416836,17.18702232348509,534.0730638586009,2.147628586460129,0.12110125765671029,True
S2,S1,60,1800,88.14856546286289,16.504963726498808,38.28547983292873,88.14856546286289,17.18702232348509,534.0730638586009,2.6599831421331857,-1.1332594499617992,True
B3,S1,60,1800,114.09104104928448,21.36244060409884,127.20299946613825,172.95836427896302,0.0,534.0730638586009,4.165537037037037,1.688573148148148,True
B1,S1,60,2400,258.3581744911684,35.78944112088245,115.68579598590046,258.3581744911684,34.37834467204644,721.8837914192,1.5145759259259257,0.8043675925925928,True
B2,S1,60,2400,238.51067417186115,33.040037331071936,114.1868867919193,238.51067417186115,34.37834467204644,721.8837914192,0.0,0.0,True
B4,S1,60,2400,259.222597070163,35.9091865133223,123.29164094144191,259.222597070163,34.37834467204644,721.8837914192,1.7003365464464961,1.2222037367711345,True
S0,S1,60,2400,324.3617532895985,44.93268267623988,155.88208355615612,324.3617532895985,34.37834467204644,721.8837914192,3.0356763928193558,2.428585518971505,True
S1,S1,60,2400,262.179909073313,36.318852451012354,121.38836639365144,262.179909073313,34.37834467204644,721.8837914192,1.6525396621878683,-0.21877195036507951,True
S2,S1,60,2400,344.2767104267186,47.69143101964955,156.9925067165777,344.2767104267186,34.37834467204644,721.8837914192,3.224154603364694,2.894217096777995,True
B3,S1,60,2400,46.16404614580128,6.394941498138401,15.895329697279095,46.16404614580128,0.0,721.8837914192,1.5145759259259257,0.8043675925925928,True
B1,S1,60,3000,253.41932912395865,30.976837774832216,148.46163444640564,253.50774803078082,3.8256880194696907,818.0929601854148,4.863413425925927,-4.369241203703705,True
B2,S1,60,3000,17.38473019471207,2.125031144476778,9.483334211743774,17.679385399796267,3.8256880194696907,818.0929601854148,0.0,0.0,True
B4,S1,60,3000,472.65880708367996,57.77568443768973,272.21592285446155,472.65880708367996,3.8256880194696907,818.0929601854148,8.244579618523492,-8.244495025300234,True
S0,S1,60,3000,234.19153857027754,28.626519230430702,162.98329874344728,237.66029282197005,3.8256880194696907,818.0929601854148,4.2263415844726975,-4.062809272473161,True
S1,S1,60,3000,254.6656583504199,31.129183447893478,161.8425013083148,255.45512501233304,3.8256880194696907,818.0929601854148,4.51652260311069,-4.4513226773358205,True
S2,S1,60,3000,249.4765788875729,30.494893738118815,171.5974972000828,252.23428433452335,3.8256880194696907,818.0929601854148,4.5486986891307195,-4.308772230360274,True
B3,S1,60,3000,253.01730245156057,30.927695844518215,147.8021099418553,253.1477010581555,0.0,818.0929601854148,4.863413425925927,-4.369241203703705,True
B1,S1,60,3600,83.06963075801652,11.585758677476623,45.657956189960146,83.06963075801652,11.294996129130642,716.9977648464976,2.3145166666666666,-1.3920611111111112,True
B2,S1,60,3600,14.795338645809883,2.063512520011471,28.11980678681034,42.62811117189129,11.294996129130642,716.9977648464976,0.0,0.0,True
B4,S1,60,3600,204.9506058735316,28.584552968224326,112.61727949198661,204.9506058735316,11.294996129130642,716.9977648464976,3.642512699741979,-3.561671038974877,True
S0,S1,60,3600,106.94997268645665,14.91636068201044,65.35211425349873,106.94997268645665,11.294996129130642,716.9977648464976,3.109828905533527,1.5262441254398469,True
S1,S1,60,3600,31.539597630819983,4.398841834266013,46.58043797571069,63.40538250458554,11.294996129130642,716.9977648464976,1.9176781581068694,-0.0915340759380995,True
S2,S1,60,3600,68.35585829416432,9.533622229463806,59.44232015205413,74.18609614837257,11.294996129130642,716.9977648464976,2.8277171482226495,0.7438857500026882,True
B3,S1,60,3600,83.29507109232347,11.617200942063766,39.64494277627854,83.29507109232347,0.0,716.9977648464976,2.3145166666666666,-1.3920611111111112,True
B1,S1,60,4200,570.2168125249746,216.2479655343285,279.79719736350813,570.2168125249746,18.065601355549965,263.6865559017039,9.513112037037036,9.512728703703702,True
B2,S1,60,4200,18.32751956442011,6.950494499709031,12.296159309130005,18.32751956442011,18.065601355549965,263.6865559017039,0.0,0.0,True
B4,S1,60,4200,537.7743197973888,203.94453481271086,259.7825676577158,537.7743197973888,18.065601355549965,263.6865559017039,8.972312965616435,8.96892452804252,True
S0,S1,60,4200,230.37867398865782,87.36838069004077,95.02627368329873,230.37867398865782,18.065601355549965,263.6865559017039,4.593261351353127,3.8068141042940473,True
S1,S1,60,4200,190.92109930516045,72.40456330899605,82.77590751603049,190.92109930516045,18.065601355549965,263.6865559017039,3.7772045813427946,3.143566628870071,True
S2,S1,60,4200,232.59153991502623,88.20758385639154,96.05683290635179,232.59153991502623,18.065601355549965,263.6865559017039,4.511207323647881,3.841158104795524,True
B3,S1,60,4200,566.2552909206088,214.74560543454302,277.603717514909,566.2552909206088,0.0,263.6865559017039,9.513112037037036,9.512728703703702,True
B1,S1,60,4800,497.30629564385845,62.80174120843695,270.9940500060107,497.30629564385845,17.652305739857223,791.8670502993141,8.199479629629629,-8.199479629629629,True
B2,S1,60,4800,133.58360540336537,16.869448647076897,58.6218962889495,133.58360540336537,17.652305739857223,791.8670502993141,0.0,0.0,True
B4,S1,60,4800,478.2782481818397,60.39880659273012,257.6694596579451,478.2782481818397,17.652305739857223,791.8670502993141,7.874824490746305,-7.874824490746305,True
S0,S1,60,4800,163.24645641311622,20.615386932871047,80.88752513618667,163.24645641311622,17.652305739857223,791.8670502993141,1.8274555893960875,-1.6192255320059887,True
S1,S1,60,4800,177.8536398685684,22.46003793204204,91.10007666671,177.8536398685684,17.652305739857223,791.8670502993141,2.073198475871802,-2.034124037209459,True
S2,S1,60,4800,181.75316567052857,22.95248496598369,97.91197638379609,181.75316567052857,17.652305739857223,791.8670502993141,2.089364027082058,-2.0821140461764154,True
B3,S1,60,4800,488.5545809565724,61.696541202453865,268.2102604175685,488.5545809565724,0.0,791.8670502993141,8.199479629629629,-8.199479629629629,True
B1,S1,60,5400,221.26945593892358,31.920926449659177,111.30824981851521,221.26945593892358,33.72011216483381,693.1799310019278,2.6654166666666668,2.413043518518519,True
B2,S1,60,5400,150.77160138029498,21.750716464391648,91.9688628731827,150.77160138029498,33.72011216483381,693.1799310019278,0.0,0.0,True
B4,S1,60,5400,227.73888355711225,32.85422346661662,115.64058733474053,227.73888355711225,33.72011216483381,693.1799310019278,2.7030215386044416,2.6739228811480613,True
S0,S1,60,5400,144.80778697072387,20.890360567914527,90.78531193632166,144.80778697072387,33.72011216483381,693.1799310019278,1.3990871698916172,-0.00016170805182076956,True
S1,S1,60,5400,152.4794604364151,21.997096802271823,93.1135312703569,152.4794604364151,33.72011216483381,693.1799310019278,1.2927680804812967,-0.3046833657356195,True
S2,S1,60,5400,144.3965930113951,20.83104062212002,94.80061246154675,159.33016108453822,33.72011216483381,693.1799310019278,1.6734212971598859,0.6035407042230112,True
B3,S1,60,5400,117.06074078370929,16.887497105478626,46.21201541757087,117.06074078370929,0.0,693.1799310019278,2.6654166666666668,2.413043518518519,True
B1,S1,60,6000,77.56088880018395,14.831389532413594,88.57638202089925,126.82613260097175,23.150895330455615,522.950925337621,3.6517041666666668,-0.22284120370370375,True
B2,S1,60,6000,68.41404586202852,13.082307066931739,42.62716854733108,68.41569539268153,23.150895330455615,522.950925337621,0.0,0.0,True
B4,S1,60,6000,78.35530768922747,14.983300323761872,64.14637671631414,94.17741688321196,23.150895330455615,522.950925337621,2.8081447153708443,0.27621743334900734,True
S0,S1,60,6000,163.20075343342802,31.207661278745114,89.56095267018253,163.75059548140314,23.150895330455615,522.950925337621,2.8763118889906574,2.386174768371323,True
S1,S1,60,6000,72.35079925554798,13.83510301828757,50.342591741120714,72.3529146731522,23.150895330455615,522.950925337621,1.7208720350698146,-0.0406137998868085,True
S2,S1,60,6000,143.28548703084792,27.399413613876245,77.5341421425854,149.00282937886425,23.150895330455615,522.950925337621,2.6255907306493564,1.9454741747979143,True
B3,S1,60,6000,19.52936569164718,3.7344547538641173,77.46230112929987,114.87732707253932,0.0,522.950925337621,3.6517041666666668,-0.22284120370370375,True
B1,S1,60,7200,233.33941193824492,45.71724248976117,162.43524144708994,233.33941193824492,25.29245773861118,510.39695141390825,5.058108796296295,5.058108796296295,True
B2,S1,60,7200,107.16274984030457,20.995961974976716,48.1423090457562,107.16274984030457,25.29245773861118,510.39695141390825,0.0,0.0,True
B4,S1,60,7200,70.30240160248604,13.774063776778725,69.50332073831916,93.87974087703955,25.29245773861118,510.39695141390825,1.740233599811323,1.3129077072558395,True
S0,S1,60,7200,70.88948847117786,13.889089320537451,59.238858190680304,86.69190245426998,25.29245773861118,510.39695141390825,2.0118130475196847,1.1483990977202472,True
S1,S1,60,7200,116.56984598225327,22.83905608356985,90.44745664955082,121.24072511948978,25.29245773861118,510.39695141390825,2.5656826785568874,2.4415438288492823,True
S2,S1,60,7200,89.38290904778631,17.512430041005654,57.78104553051407,89.38290904778631,25.29245773861118,510.39695141390825,1.5911092319703275,0.7704344002766105,True
B3,S1,60,7200,253.1766589660043,49.603873664341265,162.89528936762846,253.1766589660043,0.0,510.39695141390825,5.058108796296295,5.058108796296295,True
B1,S1,60,7800,147.34036205374977,33.33158053232133,69.004653168355,147.34036205374977,37.033746477574944,442.0443306337519,2.8376615740740747,2.344368055555556,True
B2,S1,60,7800,64.91655801906926,14.685531183263775,30.47401800614271,64.91655801906926,37.033746477574944,442.0443306337519,0.0,0.0,True
B4,S1,60,7800,170.19125215831417,38.50094670693179,88.21372523046041,170.19125215831417,37.033746477574944,442.0443306337519,3.5160831187161183,3.486992798071539,True
S0,S1,60,7800,197.48273082089952,44.67487017371577,96.98930583438869,197.48273082089952,37.033746477574944,442.0443306337519,3.7096837300780376,2.2679930192392064,True
S1,S1,60,7800,133.75553002188664,30.258397348999697,59.66464739149874,133.75553002188664,37.033746477574944,442.0443306337519,2.340436912465189,0.6642359044445814,True
S2,S1,60,7800,174.8659069311734,39.55845484557419,76.02722947425868,174.8659069311734,37.033746477574944,442.0443306337519,3.314786267677802,1.858077331591212,True
B3,S1,60,7800,85.29839928203799,19.296345042984047,46.5705772808185,86.0488552720249,0.0,442.0443306337519,2.8376615740740747,2.344368055555556,True
B1,S1,60,8400,89.11088450997019,21.962447851377373,52.678423161631635,98.08944659727311,32.842774181888885,405.74204256736164,2.1526069444444444,-0.3140263888888888,True
B2,S1,60,8400,87.13691325512991,21.475938925077838,44.82431385899669,87.13691325512991,32.842774181888885,405.74204256736164,0.0,0.0,True
B4,S1,60,8400,102.45170952393778,25.25045442066277,60.47005998649584,116.91195412243428,32.842774181888885,405.74204256736164,2.553813796511433,-1.7317155670137743,True
S0,S1,60,8400,114.63319581852862,28.252728037050073,50.502942491141965,114.63319581852862,32.842774181888885,405.74204256736164,1.945773575945161,0.4848681021358435,True
S1,S1,60,8400,124.25687284145616,30.624598835065736,57.24743941733473,124.25687284145616,32.842774181888885,405.74204256736164,1.7436652885300532,1.2160274859522617,True
S2,S1,60,8400,91.81419251408758,22.628710580034234,49.719365449568265,91.81419251408758,32.842774181888885,405.74204256736164,1.9969858957153026,0.05297732688758667,True
B3,S1,60,8400,25.951946222535668,6.396168870823167,22.473728891830394,43.82831974123582,0.0,405.74204256736164,2.1526069444444444,-0.3140263888888888,True
B1,S1,60,9000,37.56151186203822,14.7404952868132,48.83021261823282,78.89453279428433,30.336996993848047,254.8185195353689,2.3470342592592592,-1.2878509259259256,True
B2,S1,60,9000,29.396653006986757,11.536309472556406,12.819898695427444,29.396653006986757,30.336996993848047,254.8185195353689,0.0,0.0,True
B4,S1,60,9000,25.652155485329722,10.066833263180149,29.867122732190666,54.8157678977109,30.336996993848047,254.8185195353689,2.198355419160534,0.7886864884927256,True
S0,S1,60,9000,15.244243634541427,5.98239235607266,19.76767579615241,34.833484070317745,30.336996993848047,254.8185195353689,1.352013892962352,0.026643371119708992,True
S1,S1,60,9000,24.887618354881944,9.766801251440256,18.150159721679337,33.682404505958644,30.336996993848047,254.8185195353689,1.3940298626920704,-0.3121034239217179,True
S2,S1,60,9000,17.138152793425498,6.725630784086992,26.389336662839362,50.60323658642799,30.336996993848047,254.8185195353689,1.5610582287151982,-0.16878019287301163,True
B3,S1,60,9000,15.363639388671665,6.02924756673315,30.12062455399567,44.79383547911853,0.0,254.8185195353689,2.3470342592592592,-1.2878509259259256,True
B1,S1,60,9600,136.69933378310074,25.031304470071184,66.25610126925062,136.69933378310074,41.83177387834728,546.1135033795224,3.06555787037037,-2.570272685185185,True
B2,S1,60,9600,134.31188413994744,24.594133510485126,63.566821024470066,134.31188413994744,41.83177387834728,546.1135033795224,0.0,0.0,True
B4,S1,60,9600,147.56305389819207,27.020583264289456,94.05332847240166,147.56305389819207,41.83177387834728,546.1135033795224,4.5574804515736425,-4.50207245195661,True
S0,S1,60,9600,121.81386738210045,22.305595197386232,58.06455682958033,121.81386738210045,41.83177387834728,546.1135033795224,1.3536642382068438,-0.8224358951022611,True
S1,S1,60,9600,125.56025655451192,22.99160445173128,60.50673731132344,125.56025655451192,41.83177387834728,546.1135033795224,1.4817616626060308,-1.2441720287878846,True
S2,S1,60,9600,122.70458519662726,22.468696422500567,57.57683054012341,122.70458519662726,41.83177387834728,546.1135033795224,1.9646641352157372,-1.4312765723443455,True
B3,S1,60,9600,76.81223576637963,14.065251141208066,45.601637741923845,76.81223576637963,0.0,546.1135033795224,3.06555787037037,-2.570272685185185,True
B1,S1,60,10200,336.65138237350425,76.75551149114553,213.78236942590715,336.65138237350425,27.50295149105437,438.60222651547326,4.487178703703703,4.332580555555555,True
B2,S1,60,10200,108.55376467562579,24.749934704628355,41.73959244517164,108.55376467562579,27.50295149105437,438.60222651547326,0.0,0.0,True
B4,S1,60,10200,305.6014381055474,69.6762167701322,189.6897866425867,305.6014381055474,27.50295149105437,438.60222651547326,3.9613845809867363,3.782277835827652,True
S0,S1,60,10200,221.46237194087115,50.49276053619356,120.41150641264173,221.46237194087115,27.50295149105437,438.60222651547326,3.287442555853636,2.460715807217573,True
S1,S1,60,10200,158.91181947609525,36.2314210619925,76.17148223945875,158.91181947609525,27.50295149105437,438.60222651547326,1.8337901772543421,0.9218179100668336,True
S2,S1,60,10200,189.9803452792684,43.3149523176363,98.11044711803122,189.9803452792684,27.50295149105437,438.60222651547326,3.0473969042241538,1.5302349414884309,True
B3,S1,60,10200,231.0754464676049,52.6845128679375,183.66490200401998,231.18023236234566,0.0,438.60222651547326,4.487178703703703,4.332580555555555,True
B1,S1,60,10800,247.73935616638164,37.16569690371671,122.77728624791442,247.73935616638164,23.237325395162827,666.5806827413662,3.9251009259259253,-3.7247305555555554,True
B2,S1,60,10800,128.11013602387132,19.21899919106689,52.891216226017214,128.11013602387132,23.237325395162827,666.5806827413662,0.0,0.0,True
B4,S1,60,10800,203.39760273168574,30.513575925302376,109.5156892807978,203.39760273168574,23.237325395162827,666.5806827413662,2.4217190276954548,2.4191866800761628,True
S0,S1,60,10800,178.5138863056166,26.780536989380494,105.04737106658379,178.5138863056166,23.237325395162827,666.5806827413662,3.219017612262219,-2.0468247726639173,True
S1,S1,60,10800,257.9269008696105,38.694025726768075,143.80063501879707,257.9269008696105,23.237325395162827,666.5806827413662,3.9695286151218405,-3.876614743308822,True
S2,S1,60,10800,241.07708672517725,36.16622758009255,137.9605295212322,241.07708672517725,23.237325395162827,666.5806827413662,3.716405180869157,-3.5465472599409136,True
B3,S1,60,10800,220.64644180858008,33.10123553253209,112.01418013311823,220.64644180858008,0.0,666.5806827413662,3.9251009259259253,-3.7247305555555554,True
B1,S1,60,11400,417.606127643854,121.80644124068239,200.4561654373292,417.606127643854,23.293229078168796,342.8440428849643,8.424160185185185,8.424160185185185,True
B2,S1,60,11400,65.58217890269826,19.128866393838226,39.755939751497365,65.58217890269826,23.293229078168796,342.8440428849643,0.0,0.0,True
B4,S1,60,11400,236.67329507856596,69.03234866996881,98.58127792597651,236.67329507856596,23.293229078168796,342.8440428849643,4.812125697670622,4.758538347672493,True
S0,S1,60,11400,58.66729642054194,17.111948606972522,40.23378365425327,59.11753230705142,23.293229078168796,342.8440428849643,1.82570378776074,1.2203309942454745,True
S1,S1,60,11400,50.20461633302192,14.64357260244631,35.924253950839415,50.20461633302192,23.293229078168796,342.8440428849643,1.6044951938512066,0.9930850747980616,True
S2,S1,60,11400,32.829934097220416,9.57576331820237,26.506337272726245,38.393145133982806,23.293229078168796,342.8440428849643,1.3908558218512224,0.8052098128206576,True
B3,S1,60,11400,441.0745008107158,128.6516449576203,218.55319141775462,441.0745008107158,0.0,342.8440428849643,8.424160185185185,8.424160185185185,True
B1,S1,60,12000,275.8286057250312,58.17648239695892,171.84159063512163,275.8286057250312,34.39617407206148,474.1238974246571,4.829284259259259,-4.766246296296296,True
B2,S1,60,12000,151.64703651811428,31.984685298891193,80.26070031568482,151.64703651811428,34.39617407206148,474.1238974246571,0.0,0.0,True
B4,S1,60,12000,204.2493619422826,43.07932231463608,130.9321087990416,208.0956204889816,34.39617407206148,474.1238974246571,3.528230987819002,-3.2191126616916197,True
S0,S1,60,12000,172.09848758454092,36.298209923470274,87.83370044788515,172.09848758454092,34.39617407206148,474.1238974246571,1.5119856428706848,0.7490845559818071,True
S1,S1,60,12000,150.18344278007956,31.67599093735729,79.6663351124328,150.18344278007956,34.39617407206148,474.1238974246571,1.3779571243983209,-0.25757889285091445,True
S2,S1,60,12000,163.68746421814075,34.52419612410536,84.18185238763459,163.68746421814075,34.39617407206148,474.1238974246571,1.501548920870626,0.34872020157603767,True
B3,S1,60,12000,267.2513869934212,56.36741544669556,166.9835659059389,267.2513869934212,0.0,474.1238974246571,4.829284259259259,-4.766246296296296,True
B1,S1,60,12600,141.90610178405973,34.129177436274695,87.6043784626904,141.90610178405973,23.787063718146296,415.79115713826945,3.116916666666666,-2.570494444444444,True
B2,S1,60,12600,53.08692032311978,12.767688636886032,19.862793468675413,53.08692032311978,23.787063718146296,415.79115713826945,0.0,0.0,True
B4,S1,60,12600,72.71222785751581,17.48768019934962,31.475628300233918,72.71222785751581,23.787063718146296,415.79115713826945,1.6309626352331636,1.0168699710370503,True
S0,S1,60,12600,95.5612120329741,22.982983257913695,54.90531599377852,95.5612120329741,23.787063718146296,415.79115713826945,2.063295130794823,-1.6196440953187892,True
S1,S1,60,12600,122.3585415799746,29.427884523115246,72.35396067341324,122.3585415799746,23.787063718146296,415.79115713826945,2.485383490446736,-2.1676712139401837,True
S2,S1,60,12600,96.10696723967786,23.114240307837502,53.944612166206696,96.10696723967786,23.787063718146296,415.79115713826945,2.2590864823288586,-1.694794616790879,True
B3,S1,60,12600,136.4244043385201,32.810799844199856,87.81315997794196,136.4244043385201,0.0,415.79115713826945,3.116916666666666,-2.570494444444444,True
B1,S1,60,13200,270.4938755418303,102.4046184223555,126.2765178645725,270.4938755418303,29.61668861765896,264.1422620474117,5.086668981481483,5.056329166666668,True
B2,S1,60,13200,58.663963638724276,22.209230429091463,35.48472915743245,59.174093579098304,29.61668861765896,264.1422620474117,0.0,0.0,True
B4,S1,60,13200,199.2139629115472,75.41919319059579,95.2625124529467,199.2139629115472,29.61668861765896,264.1422620474117,3.215607040440903,3.1557056550304114,True
S0,S1,60,13200,70.49519895310239,26.688345290406044,39.95127235849979,71.83698323953284,29.61668861765896,264.1422620474117,1.3904499971501225,0.29900746266599193,True
S1,S1,60,13200,85.5584252576312,32.391039811067444,48.69126761283834,86.9964161608869,29.61668861765896,264.1422620474117,1.4337431880069351,0.6745297435665564,True
S2,S1,60,13200,76.7667817400746,29.062665377755984,44.86175281756562,78.19291840353353,29.61668861765896,264.1422620474117,1.297597507664243,0.44823791432348015,True
B3,S1,60,13200,64.18112261376794,24.297937829520016,52.65633910903858,102.83530970920023,0.0,264.1422620474117,5.086668981481483,5.056329166666668,True
B1,S1,60,14400,30.597325544500528,7.339707222072414,63.6915875771193,118.52904115650837,25.634843726418154,416.873924514133,4.651081481481482,4.439674074074074,True
B2,S1,60,14400,39.90151620110576,9.571602792765466,14.241889921684963,39.90151620110576,25.634843726418154,416.873924514133,0.0,0.0,True
B4,S1,60,14400,32.398914887373515,7.771873696618105,57.228175767756404,109.57841975451,25.634843726418154,416.873924514133,4.102002371714788,3.7997242510689473,True
S0,S1,60,14400,50.572867255437735,12.131453727738059,25.99960717996586,50.572867255437735,25.634843726418154,416.873924514133,1.3898164371068575,0.4745832479807924,True
S1,S1,60,14400,48.78826237524666,11.70336149763011,26.610458224482006,48.78826237524666,25.634843726418154,416.873924514133,1.6265129270691963,0.8162360915147633,True
S2,S1,60,14400,63.465088679621026,15.224048554629471,28.902904339055716,63.465088679621026,25.634843726418154,416.873924514133,1.546660570005688,0.30544535298141956,True
B3,S1,60,14400,67.96112426642834,16.30256062324769,71.77121872140204,120.08360607038173,0.0,416.873924514133,4.651081481481482,4.439674074074074,True
B1,S1,60,15000,73.67372622971864,15.817843103357076,32.27394733829575,73.67372622971864,27.335840568214866,465.76341507700636,1.6931231481481481,-0.9727361111111109,True
B2,S1,60,15000,72.37104412353474,15.538155591625713,34.090833246621656,72.37104412353474,27.335840568214866,465.76341507700636,0.0,0.0,True
B4,S1,60,15000,161.55321753389657,34.68568210905667,81.6742116788504,161.55321753389657,27.335840568214866,465.76341507700636,2.5544676618211026,2.5391829624667026,True
S0,S1,60,15000,71.31470451265463,15.311358128217071,35.95649052013943,71.31470451265463,27.335840568214866,465.76341507700636,1.0934614417556925,0.47347341089207845,True
S1,S1,60,15000,62.13249808140502,13.339926681689334,27.97185067067849,62.13249808140502,27.335840568214866,465.76341507700636,1.1119778992439753,-0.4049643701335976,True
S2,S1,60,15000,68.82210736421985,14.776194337385052,32.41278379883961,68.82210736421985,27.335840568214866,465.76341507700636,1.1268951922217092,0.34559610131156626,True
B3,S1,60,15000,8.73270946936041,1.8749238747995267,16.467525757394373,22.840153552311964,0.0,465.76341507700636,1.6931231481481481,-0.9727361111111109,True
B1,S1,60,15600,79.99541564395247,45.12689625320291,85.34975271774748,125.59737531304017,26.8466124422661,177.26771013700008,3.829731944444444,3.8296921296296293,True
B2,S1,60,15600,5.912418966508176,3.3353050941645295,12.417194293901877,23.840419449558276,26.8466124422661,177.26771013700008,0.0,0.0,True
B4,S1,60,15600,55.326166781515084,31.21051585692434,44.248960569420326,74.3058929942614,26.8466124422661,177.26771013700008,2.307912792658014,1.7787200417467397,True
S0,S1,60,15600,19.06493017131116,10.754880376452636,22.389095541516383,38.97577536232005,26.8466124422661,177.26771013700008,1.1571581922210865,-0.5219484924623351,True
S1,S1,60,15600,16.310861728664477,9.201259335983268,19.505884739780832,35.4293923275197,26.8466124422661,177.26771013700008,1.1025279772467673,-0.26825256809356735,True
S2,S1,60,15600,21.018496402637922,11.856923286476666,25.199534408627095,43.87528286296945,26.8466124422661,177.26771013700008,1.34922242249235,-0.7524869710730874,True
B3,S1,60,15600,121.27150908621186,68.41150539626649,93.98170256737733,147.39062764512178,0.0,177.26771013700008,3.829731944444444,3.8296921296296293,True
B1,S1,60,16200,10.620051035335525,3.918312739880753,22.004659159767016,36.71825808677183,18.858231051762303,271.0363296743569,2.3495393518518517,-0.6919754629629629,True
B2,S1,60,16200,24.456361317701752,9.023277929968073,16.128454649660075,27.043716641169322,18.858231051762303,271.0363296743569,0.0,0.0,True
B4,S1,60,16200,252.04983970550123,92.99485423534642,144.5597861611818,252.04983970550123,18.858231051762303,271.0363296743569,5.676809088334057,5.676534959451221,True
S0,S1,60,16200,36.529613460363656,13.477755363737781,20.18884134914163,36.529613460363656,18.858231051762303,271.0363296743569,1.3984429432526586,0.09754232666282082,True
S1,S1,60,16200,38.44486220191491,14.184394486195044,19.674514405674948,38.44486220191491,18.858231051762303,271.0363296743569,1.6036044859516927,0.2238872582642899,True
S2,S1,60,16200,27.384847127852993,10.103755153692928,18.494468766985527,28.861637426349755,18.858231051762303,271.0363296743569,1.6319952467655376,-0.25398487686984733,True
B3,S1,60,16200,61.13574009083298,22.556289839183542,31.878986528300477,61.13574009083298,0.0,271.0363296743569,2.3495393518518517,-0.6919754629629629,True
B1,S1,60,16800,116.8771480652776,55.07905836702459,71.53046207898448,117.95718529404914,25.79368470231979,212.1988856208389,3.5040990740740736,3.3723796296296293,True
B2,S1,60,16800,33.113041393981916,15.604719740681835,12.7460845638899,33.113041393981916,25.79368470231979,212.1988856208389,0.0,0.0,True
B4,S1,60,16800,56.75741943966902,26.747274979136453,35.22930162683182,56.75741943966902,25.79368470231979,212.1988856208389,2.044771752869159,0.04977354674157416,True
S0,S1,60,16800,9.769061370849363,4.603728875515827,37.864172815322675,56.09921301123953,25.79368470231979,212.1988856208389,1.8771422402597069,1.455617909015806,True
S1,S1,60,16800,25.68869353382286,12.105951196993523,16.328990477656074,26.291978554144084,25.79368470231979,212.1988856208389,1.1898112744112546,0.8817724631134863,True
S2,S1,60,16800,23.0213791874701,10.848963282778566,35.83805866010635,50.095472624924966,25.79368470231979,212.1988856208389,1.768355255970486,1.133484183322286,True
B3,S1,60,16800,14.427347142577444,6.798974038137273,23.666000328494587,43.58755181484362,0.0,212.1988856208389,3.5040990740740736,3.3723796296296293,True
B1,S1,60,17400,128.9973038317817,54.4102574786878,82.04462679282581,133.17187116952167,25.962388038863825,237.08269324457663,3.071712962962963,3.0010101851851854,True
B2,S1,60,17400,50.46421181393577,21.285489515625013,24.138439768860096,50.46421181393577,25.962388038863825,237.08269324457663,0.0,0.0,True
B4,S1,60,17400,88.56504776072185,37.35618426999956,51.01984487350731,91.85894858291493,25.962388038863825,237.08269324457663,1.9429133129014402,1.2835247054925185,True
S0,S1,60,17400,53.774186111637235,22.681616011575887,24.645758814886282,53.774186111637235,25.962388038863825,237.08269324457663,1.7591543672361278,1.3729660082134787,True
S1,S1,60,17400,50.072338843647685,21.12019994306063,21.604400131431255,50.072338843647685,25.962388038863825,237.08269324457663,1.4000521595412299,0.9129100318874606,True
S2,S1,60,17400,42.91386599258455,18.10080078190871,18.448455797943495,42.91386599258455,25.962388038863825,237.08269324457663,1.7909929406342455,0.9991188921347176,True
B3,S1,60,17400,40.14171387272487,16.93152432316699,28.595799043106513,55.76542451640506,0.0,237.08269324457663,3.071712962962963,3.0010101851851854,True
B1,S1,60,18600,163.3794921525876,26.06814023258514,81.46485419177593,163.3794921525876,25.4124609389937,626.7401153088914,2.097293055555556,2.041857870370371,True
B2,S1,60,18600,120.11342158580757,19.164789144956707,63.46565870337413,120.11342158580757,25.4124609389937,626.7401153088914,0.0,0.0,True
B4,S1,60,18600,184.6249166502452,29.457970240065464,80.3985239072485,184.6249166502452,25.4124609389937,626.7401153088914,2.879723040510453,2.8015938994092555,True
S0,S1,60,18600,113.72549943381993,18.14555932450085,57.54176088428888,113.72549943381993,25.4124609389937,626.7401153088914,1.8062600342904924,0.9781217582723409,True
S1,S1,60,18600,117.01855189612422,18.67098483690503,60.45618686501837,117.01855189612422,25.4124609389937,626.7401153088914,1.7363237824640032,0.9968727560666412,True
S2,S1,60,18600,115.83232587449703,18.481715633825132,60.03559229926916,115.83232587449703,25.4124609389937,626.7401153088914,1.4308397627256135,0.9653819015177455,True
B3,S1,60,18600,105.63042423178236,16.853943389234306,48.219441271463026,105.63042423178236,0.0,626.7401153088914,2.097293055555556,2.041857870370371,True
B1,S1,60,19200,177.5487621578215,26.48476257081667,83.24553775771794,177.5487621578215,17.399376949564584,670.3807960636994,3.688085648148147,-1.920462499999999,True
B2,S1,60,19200,117.39560137428907,17.51177868811358,61.94255619417573,117.39560137428907,17.399376949564584,670.3807960636994,0.0,0.0,True
B4,S1,60,19200,282.3974400555577,42.12492984788967,138.0299760395144,282.3974400555577,17.399376949564584,670.3807960636994,5.038518094453445,4.958490782179368,True
S0,S1,60,19200,108.43335154554697,16.174889284155995,49.74467834116442,108.43335154554697,17.399376949564584,670.3807960636994,2.498150459900476,0.19089507182058346,True
S1,S1,60,19200,194.02934832162313,28.943154317801568,96.23462869903008,194.02934832162313,17.399376949564584,670.3807960636994,3.8642671525995227,-2.2481587618268226,True
S2,S1,60,19200,108.45097888814524,16.177518736357158,48.82400026906899,108.45097888814524,17.399376949564584,670.3807960636994,2.4547884639435145,-0.047486064768475555,True
B3,S1,60,19200,153.36521301721066,22.877327918360884,72.4301909444318,153.36521301721066,0.0,670.3807960636994,3.688085648148147,-1.920462499999999,True
B1,S1,60,19800,82.0663953088368,10.918509191785818,52.67715753777774,83.8008942825391,9.03773717107474,751.6263792732506,1.3656643518518516,-1.0031180555555552,True
B2,S1,60,19800,56.008760531859224,7.451675736289915,27.31217870748497,56.008760531859224,9.03773717107474,751.6263792732506,0.0,0.0,True
B4,S1,60,19800,237.31247420106257,31.573196570152394,88.84835313930076,237.31247420106257,9.03773717107474,751.6263792732506,3.991706492732359,3.743064522486592,True
S0,S1,60,19800,112.01582006584071,14.903125163615078,81.93512897645935,114.14371865424681,9.03773717107474,751.6263792732506,1.9836062804382346,-1.6050765183394973,True
S1,S1,60,19800,152.24705042270662,20.255682160851602,103.86053127570554,153.61984067777843,9.03773717107474,751.6263792732506,2.505982160502747,-2.3860260259825052,True
S2,S1,60,19800,111.57161038322812,14.844025364185194,82.06462615769667,115.11078136058342,9.03773717107474,751.6263792732506,2.0398061300189005,-1.6032784343495492,True
B3,S1,60,19800,57.99615675249626,7.716088518416941,45.24557236057724,69.22309490381772,0.0,751.6263792732506,1.3656643518518516,-1.0031180555555552,True
B1,S1,60,20400,184.31506271679515,48.4948791440489,89.86960846058952,184.31506271679515,30.512375928483227,380.0711868346074,4.593133333333332,4.593133333333332,True
B2,S1,60,20400,86.23781481587068,22.68991120692296,43.66463518805817,86.23781481587068,30.512375928483227,380.0711868346074,0.0,0.0,True
B4,S1,60,20400,142.83650652691034,37.58151406227681,61.53462691275741,142.83650652691034,30.512375928483227,380.0711868346074,2.2418532558999806,1.6569366124040792,True
S0,S1,60,20400,90.67005034773497,23.856070517439974,43.94079871099304,90.67005034773497,30.512375928483227,380.0711868346074,1.4817726688876007,-0.5459227258180136,True
S1,S1,60,20400,77.1118063085528,20.288779833791754,38.07136474155203,77.1118063085528,30.512375928483227,380.0711868346074,1.2822173776912436,-0.39053909452766516,True
S2,S1,60,20400,89.46638613705757,23.539376105347852,40.20218644510599,89.46638613705757,30.512375928483227,380.0711868346074,1.8257754122421004,-0.7383427321801059,True
B3,S1,60,20400,166.891662440819,43.91063259247904,94.29841177871472,166.891662440819,0.0,380.0711868346074,4.593133333333332,4.593133333333332,True
B1,S1,60,21000,165.67816954707536,32.417463327308276,79.84179720861502,165.67816954707536,29.458152182945195,511.0769089927806,3.033959259259259,-1.9218462962962959,True
B2,S1,60,21000,128.71713942805852,25.185473490033328,54.67256147778795,128.71713942805852,29.458152182945195,511.0769089927806,0.0,0.0,True
B4,S1,60,21000,161.66201133523512,31.631640657339645,81.23437544165334,161.66201133523512,29.458152182945195,511.0769089927806,2.3738597673411648,1.660114052784308,True
S0,S1,60,21000,135.32942066213676,26.479267265046484,72.89095670547556,135.32942066213676,29.458152182945195,511.0769089927806,2.06746849650714,-0.1992066557204163,True
S1,S1,60,21000,141.09792274435836,27.607962766784187,71.61096086180156,141.09792274435836,29.458152182945195,511.0769089927806,2.244965208754707,-1.1944320349134536,True
S2,S1,60,21000,144.92896358338638,28.357564396522875,81.78435316651786,144.92896358338638,29.458152182945195,511.0769089927806,2.5499792011685583,-1.1889337973504277,True
B3,S1,60,21000,124.06309071399484,24.27483780445016,61.75883518654891,124.06309071399484,0.0,511.0769089927806,3.033959259259259,-1.9218462962962959,True
B1,S1,60,21600,136.65435698497245,25.851410149113356,69.19179966305268,136.65435698497245,24.956230378692567,528.6147107517049,1.953875925925926,1.7592953703703704,True
B2,S1,60,21600,76.13549495796076,14.40283318065325,39.164634108422646,76.13549495796076,24.956230378692567,528.6147107517049,0.0,0.0,True
B4,S1,60,21600,269.40875078519247,50.965049837921775,135.1447861609431,269.40875078519247,24.956230378692567,528.6147107517049,5.427664682305807,5.425467486181573,True
S0,S1,60,21600,87.9851752357993,16.644481026773153,51.78760231355869,87.9851752357993,24.956230378692567,528.6147107517049,1.3685806772692586,0.06112702121902117,True
S1,S1,60,21600,86.35197616316438,16.33552271755159,48.95953057998588,86.52577554811957,24.956230378692567,528.6147107517049,1.4146894822834482,-0.4895604570258693,True
S2,S1,60,21600,91.9183955817236,17.388542867263958,54.990338833797914,91.9183955817236,24.956230378692567,528.6147107517049,1.4688138374330415,0.08818147009572283,True
B3,S1,60,21600,88.97907610079518,16.832500929507702,39.70322684216773,88.97907610079518,0.0,528.6147107517049,1.953875925925926,1.7592953703703704,True
B1,S1,60,22200,106.83908076171018,21.519888210892056,53.6066603929181,106.83908076171018,25.2142547328637,496.46670890992243,2.2334375,-0.5616939814814811,True
B2,S1,60,22200,103.71204248575438,20.890029608122546,46.2947465863673,103.71204248575438,25.2142547328637,496.46670890992243,0.0,0.0,True
B4,S1,60,22200,171.22654203470455,34.489027957314946,113.95172017802442,171.22654203470455,25.2142547328637,496.46670890992243,2.795336263239804,-2.5283401839006823,True
S0,S1,60,22200,102.02008296339298,20.549229411050646,52.1643988559704,102.02008296339298,25.2142547328637,496.46670890992243,2.050486333437973,-0.12045640545450045,True
S1,S1,60,22200,106.17338119682859,21.385800757909912,60.62639618712091,106.17338119682859,25.2142547328637,496.46670890992243,1.779581419659273,-0.8165618512316477,True
S2,S1,60,22200,108.93139151346585,21.941328503706394,66.36935574585705,108.93139151346585,25.2142547328637,496.46670890992243,2.183664471786705,-0.7157856232940579,True
B3,S1,60,22200,34.23629122939198,6.8959893211296315,27.173080894318705,44.76070660653532,0.0,496.46670890992243,2.2334375,-0.5616939814814811,True
B1,S1,60,22800,77.88758778772258,16.629607103895296,38.48575617587637,77.88758778772258,31.996222733350585,468.3669752454843,2.0700652777777773,0.0693828703703709,True
B2,S1,60,22800,108.1311303287595,23.08683917607234,55.17304877953107,110.77828404497662,31.996222733350585,468.3669752454843,0.0,0.0,True
B4,S1,60,22800,40.76805359319412,8.704297217331865,47.19373543056669,78.53784866870713,31.996222733350585,468.3669752454843,2.1324764280663113,1.6169234121888054,True
S0,S1,60,22800,101.7859151365599,21.73208627342076,52.91053869681613,109.82998006740081,31.996222733350585,468.3669752454843,1.8216538596394942,1.1761048900502724,True
S1,S1,60,22800,100.94255570732916,21.552022461537202,48.853408486058925,102.90226299569176,31.996222733350585,468.3669752454843,1.110277558321276,-0.20680768503105407,True
S2,S1,60,22800,104.49048432813883,22.309532877157366,46.96163845539735,108.07411827898332,31.996222733350585,468.3669752454843,1.6159417701125933,0.9503229067852665,True
B3,S1,60,22800,65.7080111819497,14.029172562286288,47.76999660508699,69.5168962236274,0.0,468.3669752454843,2.0700652777777773,0.0693828703703709,True
B1,S1,60,23400,77.42907616483545,16.497615684634432,29.84945907075584,77.42907616483545,19.164811278768436,469.3349490311587,1.3097157407407407,0.25164259259259214,True
B2,S1,60,23400,33.853064723399385,7.2129861186092725,14.258545665758588,33.853064723399385,19.164811278768436,469.3349490311587,0.0,0.0,True
B4,S1,60,23400,131.99559188643826,28.12396395344409,52.433549575278306,131.99559188643826,19.164811278768436,469.3349490311587,3.4163458890812923,3.239480424830855,True
S0,S1,60,23400,42.05859048816611,8.961316555476435,31.08660920237,43.019226595674155,19.164811278768436,469.3349490311587,1.4793570649765828,0.27581216385415597,True
S1,S1,60,23400,72.20482049455549,15.384496859568385,38.76879072582884,72.20482049455549,19.164811278768436,469.3349490311587,1.455988717771974,-1.2339851965559887,True
S2,S1,60,23400,35.76630556386411,7.620635462519033,23.130466232466556,35.76630556386411,19.164811278768436,469.3349490311587,1.2975882293249927,0.185624203537719,True
B3,S1,60,23400,46.344352019525886,9.874472829094415,17.411069203923553,46.344352019525886,0.0,469.3349490311587,1.3097157407407407,0.25164259259259214,True
B1,S1,60,24000,171.94244504487762,78.65516683388309,124.45853530913107,177.51882287121148,16.064965164758668,218.60286102757107,3.5033222222222222,3.2394092592592587,True
B2,S1,60,24000,33.971564822499644,15.540311166474174,11.10587155506507,33.971564822499644,16.064965164758668,218.60286102757107,0.0,0.0,True
B4,S1,60,24000,80.23627729908286,36.704129544289515,67.88069144281646,100.35495931268008,16.064965164758668,218.60286102757107,3.144460395447489,1.4886672832717587,True
S0,S1,60,24000,36.50451949244061,16.699012684850686,21.98832165618221,36.50451949244061,16.064965164758668,218.60286102757107,0.9960848181302545,0.47275634891161566,True
S1,S1,60,24000,48.018361596314975,21.96602614009645,25.22581626484363,48.018361596314975,16.064965164758668,218.60286102757107,1.080271288902815,0.773481305815383,True
S2,S1,60,24000,34.76829103012366,15.90477401196435,18.15563742950942,34.76829103012366,16.064965164758668,218.60286102757107,1.1579268439257073,0.21226661548640022,True
B3,S1,60,24000,180.30299460829923,82.47970486788766,128.77165145531046,186.40398077072444,0.0,218.60286102757107,3.5033222222222222,3.2394092592592587,True
B1,S1,60,24600,66.83850855457364,15.862901001372473,95.16641963591154,150.54148607826662,11.578082888301738,421.35110437107755,4.635524537037037,-0.33140046296296305,True
B2,S1,60,24600,31.66765157409487,7.515739544901169,21.555106948932522,31.86066163058088,11.578082888301738,421.35110437107755,0.0,0.0,True
B4,S1,60,24600,152.73114894608227,36.24795268403385,55.50294767459542,152.73114894608227,11.578082888301738,421.35110437107755,3.9129308912841294,2.2916503608611483,True
S0,S1,60,24600,44.552689848908386,10.573768381456881,28.897282890929162,44.84878995111507,11.578082888301738,421.35110437107755,1.141138325265194,0.4881341540357454,True
S1,S1,60,24600,56.18072742392476,13.333471027157255,45.32656235756269,67.45437412264316,11.578082888301738,421.35110437107755,1.3145688480532396,-0.7823392269723092,True
S2,S1,60,24600,47.505067678335976,11.274461413657285,29.12006387983947,47.800991212178715,11.578082888301738,421.35110437107755,1.125167564955028,0.500897181495012,True
B3,S1,60,24600,31.159261145741304,7.39508234878146,90.74995058536051,147.52697500014926,0.0,421.35110437107755,4.635524537037037,-0.33140046296296305,True
B1,S1,60,25800,104.44509796983759,23.786283241853305,69.69265532895835,104.44509796983759,16.92193358440947,439.09801673453785,2.3692416666666665,1.4224268518518517,True
B2,S1,60,25800,59.92794514852958,13.64796534363756,21.96945237559224,59.92794514852958,16.92193358440947,439.09801673453785,0.0,0.0,True
B4,S1,60,25800,72.49740747838825,16.510529475294227,45.15771840423564,72.49740747838825,16.92193358440947,439.09801673453785,2.101212650393413,0.5019692302979293,True
S0,S1,60,25800,54.64266656237875,12.44429819308741,19.36115251637452,54.64266656237875,16.92193358440947,439.09801673453785,1.0443633075321141,0.13797781192922942,True
S1,S1,60,25800,65.92290996605028,15.013256141829672,27.891726843725053,65.92290996605028,16.92193358440947,439.09801673453785,0.9859407242704655,-0.417639864858979,True
S2,S1,60,25800,43.42200892715953,9.888910282510077,16.8901398633282,43.42200892715953,16.92193358440947,439.09801673453785,1.1563960057199865,-0.442012657816344,True
B3,S1,60,25800,76.0879980755411,17.32824908693246,69.68483821758743,97.50483464553281,0.0,439.09801673453785,2.3692416666666665,1.4224268518518517,True
B1,S1,60,26400,269.41474903041023,77.7841878168122,135.63963966691577,269.41474903041023,20.62486421746839,346.3618462725392,5.325209259259259,5.236914814814814,True
B2,S1,60,26400,42.67667824251346,12.32141435374287,28.541159100515305,45.10501392359326,20.62486421746839,346.3618462725392,0.0,0.0,True
B4,S1,60,26400,250.1255323191547,72.21509384216074,127.68312524808715,250.1255323191547,20.62486421746839,346.3618462725392,4.7916836032035235,4.780262521056146,True
S0,S1,60,26400,62.00514437357544,17.90184024044782,43.11349514176511,67.715074290922,20.62486421746839,346.3618462725392,1.44729175923748,0.7262223912792732,True
S1,S1,60,26400,48.20839314469247,13.918505650521071,29.697699971536117,49.280268086071814,20.62486421746839,346.3618462725392,1.2883542127650427,0.3692027916869802,True
S2,S1,60,26400,58.29682497708844,16.83119131176384,44.91259114525111,68.51073781276169,20.62486421746839,346.3618462725392,1.461690716076646,0.6594517726028586,True
B3,S1,60,26400,51.12430800378485,14.760375183921683,35.45127037182193,83.05959320399678,0.0,346.3618462725392,5.325209259259259,5.236914814814814,True
B1,S1,60,27000,73.67268495604695,19.392102124614162,62.72058449250933,87.37260367250325,9.03340243412788,379.9107723475481,3.066333333333333,-0.5484935185185182,True
B2,S1,60,27000,16.328314664316256,4.297934107901227,7.925701821563664,16.328314664316256,9.03340243412788,379.9107723475481,0.0,0.0,True
B4,S1,60,27000,73.86151873707813,19.441806896043605,45.87448015158425,73.86151873707813,9.03340243412788,379.9107723475481,2.5095965197232744,0.30496197713355533,True
S0,S1,60,27000,52.881857143635465,13.91954663903511,22.314745000305418,52.881857143635465,9.03340243412788,379.9107723475481,1.9686115021964228,0.44877573322557035,True
S1,S1,60,27000,110.75671383138446,29.153349126426598,45.82458877342825,110.75671383138446,9.03340243412788,379.9107723475481,2.5076307697556293,1.826869457280917,True
S2,S1,60,27000,44.48374001737759,11.708996757976422,26.05641381603887,44.48374001737759,9.03340243412788,379.9107723475481,2.064741657892725,0.13109887207207768,True
B3,S1,60,27000,77.22510558726306,20.327169221886756,63.56155244810597,87.20695021831456,0.0,379.9107723475481,3.066333333333333,-0.5484935185185182,True
B1,S1,60,27600,628.2788547975888,80.96563792190697,349.5646104400388,628.2788547975888,19.98487370413927,775.9820967551403,10.58676712962963,-10.58676712962963,True
B2,S1,60,27600,150.30506900966756,19.36965680499405,65.44313405727254,150.30506900966756,19.98487370413927,775.9820967551403,0.0,0.0,True
B4,S1,60,27600,355.51671620272685,45.8150668281345,183.64462661745793,355.51671620272685,19.98487370413927,775.9820967551403,5.7202928056671425,-5.7202928056671425,True
S0,S1,60,27600,216.2016002337036,27.861673759971502,107.36087758118879,216.2016002337036,19.98487370413927,775.9820967551403,2.9160676550579114,-2.9160676550579114,True
S1,S1,60,27600,284.0864134917347,36.60991853802751,153.22440592705675,284.0864134917347,19.98487370413927,775.9820967551403,4.312571871392724,-4.312571871392724,True
S2,S1,60,27600,229.21225078799011,29.538342668789383,116.59362669676823,229.21225078799011,19.98487370413927,775.9820967551403,3.1652129884989995,-3.1652129884989995,True
B3,S1,60,27600,623.8072809898468,80.38939088909007,348.3350991150053,623.8072809898468,0.0,775.9820967551403,10.58676712962963,-10.58676712962963,True
B1,S1,60,28200,146.9993691853775,21.44964511553668,55.56231907095204,146.9993691853775,21.727442847011975,685.3230829394985,2.6042550925925934,2.5859986111111124,True
B2,S1,60,28200,64.33586913861382,9.387669953077227,30.916359245637302,64.33586913861382,21.727442847011975,685.3230829394985,0.0,0.0,True
B4,S1,60,28200,128.700643024059,18.77955758793855,48.72276623476691,128.700643024059,21.727442847011975,685.3230829394985,2.361027072918275,2.24916385997476,True
S0,S1,60,28200,86.3165990986868,12.595022880078151,50.09714978147362,86.3165990986868,21.727442847011975,685.3230829394985,2.3980925901042673,0.5458032492247198,True
S1,S1,60,28200,74.62361454777133,10.888822572223097,49.56255937970817,74.62361454777133,21.727442847011975,685.3230829394985,1.9045963175559764,-0.17706946847897664,True
S2,S1,60,28200,87.11255420238969,12.711165926112566,46.724108850611884,87.11255420238969,21.727442847011975,685.3230829394985,2.452887184195922,0.9860732184900871,True
B3,S1,60,28200,136.9970636228151,19.9901429024111,45.29721112673771,136.9970636228151,0.0,685.3230829394985,2.6042550925925934,2.5859986111111124,True
B1,S1,60,28800,205.69560580541497,40.491300578509914,95.57699853217026,205.69560580541497,3.130046775490234,507.9995032675846,4.501078703703703,-3.4020518518518514,True
B2,S1,60,28800,24.945387484933114,4.9105141490253255,17.176901931001282,32.68801831828381,3.130046775490234,507.9995032675846,0.0,0.0,True
B4,S1,60,28800,189.9092406942727,37.38374535264842,86.42653281650985,189.9092406942727,3.130046775490234,507.9995032675846,4.083226355991545,-3.1375662873542907,True
S0,S1,60,28800,54.282291251341874,10.685500852300859,48.892898674632015,80.85605901122783,3.130046775490234,507.9995032675846,2.3831428241032815,-0.812673879474908,True
S1,S1,60,28800,96.68480126948909,19.032459805095748,61.725974602888286,103.42205498182763,3.130046775490234,507.9995032675846,2.2759471276062135,-1.5548887021224,True
S2,S1,60,28800,141.5881329626687,27.87170697056535,89.41268122852189,154.87819410623632,3.130046775490234,507.9995032675846,3.4103936404026194,-2.3268204626797173,True
B3,S1,60,28800,204.17666444096503,40.19229608053704,94.27168328116207,204.17666444096503,0.0,507.9995032675846,4.501078703703703,-3.4020518518518514,True
B1,S1,60,29400,123.2762381427568,19.550136843531813,108.57880523774227,143.7242451318336,21.112010272779962,630.5645793141488,3.1282166666666664,1.585804629629629,True
B2,S1,60,29400,111.61197630434079,17.700324433976085,47.57738468113136,111.61197630434079,21.112010272779962,630.5645793141488,0.0,0.0,True
B4,S1,60,29400,206.4352852672124,32.73816703940896,95.62187282826571,206.4352852672124,21.112010272779962,630.5645793141488,4.495824193647864,-3.4691679114309393,True
S0,S1,60,29400,101.18350410877333,16.046493480307507,62.858118440438126,101.18350410877333,21.112010272779962,630.5645793141488,2.315223060063161,-0.4827007366339338,True
S1,S1,60,29400,114.98334626102357,18.234983383635093,57.396696670803586,114.98334626102357,21.112010272779962,630.5645793141488,2.5656844670889347,-1.4045761143380597,True
S2,S1,60,29400,108.49919308489983,17.206674247848177,74.49330677539285,108.49919308489983,21.112010272779962,630.5645793141488,3.204758104519736,-0.654504770321976,True
B3,S1,60,29400,74.36482941219082,11.793372455692928,84.62619483426316,113.6987244415701,0.0,630.5645793141488,3.1282166666666664,1.585804629629629,True
B1,S1,60,30000,318.3017298712811,59.67951403681734,181.46060098659822,322.50730173958135,21.129068608659637,533.351745583778,7.369709259259259,7.133460185185184,True
B2,S1,60,30000,52.03038152497501,9.75535975194482,26.28647365065729,52.03038152497501,21.129068608659637,533.351745583778,0.0,0.0,True
B4,S1,60,30000,304.7276666388653,57.13446504338837,173.81496428926076,310.3415090503636,21.129068608659637,533.351745583778,7.123267228467533,7.075735735132043,True
S0,S1,60,30000,94.26126761220786,17.673377539813725,68.75863471209057,102.9365172139642,21.129068608659637,533.351745583778,1.965958088152485,-0.7648511874047299,True
S1,S1,60,30000,118.04083398977019,22.131892314436712,68.23551694685926,132.84741941516805,21.129068608659637,533.351745583778,2.918761296493304,1.9135303568545285,True
S2,S1,60,30000,64.47710534292078,12.089039902240804,45.5664336994848,77.04778738820583,21.129068608659637,533.351745583778,1.7458508926429455,-0.364652901970321,True
B3,S1,60,30000,331.087330248478,62.07673134848143,183.4989145095357,331.087330248478,0.0,533.351745583778,7.369709259259259,7.133460185185184,True
B1,S1,60,30600,56.40417189057296,16.501880265908504,33.35462999736839,56.40417189057296,10.667482627568033,341.8045154957235,1.1827458333333334,0.7470365740740742,True
B2,S1,60,30600,29.275009186951195,8.56483980163143,16.523472203928833,29.275009186951195,10.667482627568033,341.8045154957235,0.0,0.0,True
B4,S1,60,30600,52.57830908609658,15.382567140706605,29.353353687544146,52.57830908609658,10.667482627568033,341.8045154957235,1.690790191274619,-1.5239952938978307,True
S0,S1,60,30600,34.52470236993352,10.100715702910449,40.29369582477245,61.44455970999436,10.667482627568033,341.8045154957235,2.25186731901302,-0.5582690327540578,True
S1,S1,60,30600,35.73498871003455,10.454802991179807,42.80641974295683,63.582646579708474,10.667482627568033,341.8045154957235,2.2261728309690323,-0.38470292689589985,True
S2,S1,60,30600,62.65601586098743,18.330950300675987,53.410500803793546,78.63546207698349,10.667482627568033,341.8045154957235,2.3611605613280884,-1.1863888776433487,True
B3,S1,60,30600,27.7458427558885,8.117459395072164,21.022181216039904,30.84674391869652,0.0,341.8045154957235,1.1827458333333334,0.7470365740740742,True
B1,S1,60,31200,85.58637478304206,32.80477335302175,68.57446616185094,108.7810949889813,20.586951875787456,260.8961014972488,2.3653157407407406,1.9984907407407406,True
B2,S1,60,31200,28.205317591764455,10.81093869547985,13.733327967905447,28.205317591764455,20.586951875787456,260.8961014972488,0.0,0.0,True
B4,S1,60,31200,53.81606514952868,20.62739337256681,48.69120860465571,78.96433416589961,20.586951875787456,260.8961014972488,2.026325204515668,1.2366197012689941,True
S0,S1,60,31200,45.46910835169944,17.428052044763465,28.826119180103273,46.6799973511168,20.586951875787456,260.8961014972488,1.4784957000563403,-0.005945479072014498,True
S1,S1,60,31200,48.30683851561365,18.515737965568277,33.80381829085759,48.30683851561365,20.586951875787456,260.8961014972488,1.370013419155911,-0.5552999225151027,True
S2,S1,60,31200,59.43669931194084,22.781750655085048,38.58565725055196,59.43669931194084,20.586951875787456,260.8961014972488,1.7151758361001066,-0.5771577412446851,True
B3,S1,60,31200,105.3084072311407,40.36411683685169,68.52379468452808,105.3084072311407,0.0,260.8961014972488,2.3653157407407406,1.9984907407407406,True
B1,S1,60,31800,85.00583487949646,40.9674698990995,86.54111445119452,116.28071313566956,10.593944474311717,207.4959354064601,3.142162037037037,3.075163888888889,True
B2,S1,60,31800,25.426256812312722,12.253857774373113,14.5932535705052,25.426256812312722,10.593944474311717,207.4959354064601,0.0,0.0,True
B4,S1,60,31800,111.89676210661925,53.927206760665776,57.285585902953464,111.89676210661925,10.593944474311717,207.4959354064601,2.066562186339528,-0.7445208344765198,True
S0,S1,60,31800,49.62291863129144,23.915128040501607,26.041752118868484,49.62291863129144,10.593944474311717,207.4959354064601,1.7402849404702052,0.768785203775906,True
S1,S1,60,31800,42.81012752497317,20.63179090284982,28.77145743552042,43.69154950188736,10.593944474311717,207.4959354064601,1.5654872491945035,0.6258977618584586,True
S2,S1,60,31800,47.577879598670776,22.929547754981957,24.39697603617571,47.577879598670776,10.593944474311717,207.4959354064601,1.3024062278695987,-0.05603443723041899,True
B3,S1,60,31800,46.86880534474738,22.58781852904102,35.100348603793186,49.772281793340845,0.0,207.4959354064601,3.142162037037037,3.075163888888889,True
B1,S1,60,32400,45.85320834421504,12.687205341215519,23.3627709844624,45.85320834421504,19.787661012324335,361.4129913642747,1.5984495370370373,-1.0569615740740743,True
B2,S1,60,32400,44.173446910007904,12.222429178115705,19.03439782419369,44.173446910007904,19.787661012324335,361.4129913642747,0.0,0.0,True
B4,S1,60,32400,90.00398405206201,24.90336158429495,50.82635828031431,90.00398405206201,19.787661012324335,361.4129913642747,1.5129159575029758,1.2993261285912077,True
S0,S1,60,32400,43.55764190613009,12.052041002097665,17.556945512617737,43.55764190613009,19.787661012324335,361.4129913642747,1.3105399820755281,0.12956733294690706,True
S1,S1,60,32400,47.236603853349045,13.069979492170056,32.948060801717546,48.480302439480965,19.787661012324335,361.4129913642747,1.5942537060419992,-0.8717165027544841,True
S2,S1,60,32400,26.82920166642523,7.423419275867587,13.783184591480865,26.82920166642523,19.787661012324335,361.4129913642747,0.9871802044250548,-0.17166322799037276,True
B3,S1,60,32400,41.270355959164334,11.419167806717605,22.626207568542736,41.270355959164334,0.0,361.4129913642747,1.5984495370370373,-1.0569615740740743,True
B1,S1,60,33000,140.17136073453503,36.644656669744094,73.25253405620981,140.17136073453503,13.799955025388888,382.51514265180293,2.5444907407407413,2.403948148148149,True
B2,S1,60,33000,31.82265102504328,8.319317976389474,14.016939056737446,31.82265102504328,13.799955025388888,382.51514265180293,0.0,0.0,True
B4,S1,60,33000,137.53351381842526,35.95505078961533,75.37750721768037,137.53351381842526,13.799955025388888,382.51514265180293,2.3364234322162813,2.2441922574288835,True
S0,S1,60,33000,53.39519948260645,13.958976659706044,32.00166292631107,53.39519948260645,13.799955025388888,382.51514265180293,1.6030772098195856,0.28196991700258317,True
S1,S1,60,33000,33.764565879730675,8.826988036514411,16.204564854989975,33.764565879730675,13.799955025388888,382.51514265180293,1.2371508947591636,-0.2730667127933921,True
S2,S1,60,33000,35.40863291216431,9.256792467532765,24.997722812925417,42.52022371150798,13.799955025388888,382.51514265180293,2.2320547953871865,0.06672070459732121,True
B3,S1,60,33000,119.77398229107337,31.31221981455035,65.5656054413279,119.77398229107337,0.0,382.51514265180293,2.5444907407407413,2.403948148148149,True
B1,S1,60,33600,106.08859984032541,54.64957588944979,81.21082013598742,122.35321829116145,11.090863455458637,194.12520246256116,2.4820393518518515,2.1510643518518515,True
B2,S1,60,33600,14.15330394706155,7.290812201363265,4.700971204635729,14.15330394706155,11.090863455458637,194.12520246256116,0.0,0.0,True
B4,S1,60,33600,134.564421585209,69.31836767107094,102.9447218567823,152.59507584842885,11.090863455458637,194.12520246256116,3.027390239117029,2.931962453991486,True
S0,S1,60,33600,27.58790164458759,14.211396199268961,19.378413369273904,36.41878745030029,11.090863455458637,194.12520246256116,1.479427359398218,-0.05714794883397384,True
S1,S1,60,33600,16.921301230802037,8.716694698137129,19.47137432184284,29.250792349679077,11.090863455458637,194.12520246256116,1.4622114538676543,0.13069084554431848,True
S2,S1,60,33600,53.88000411501154,27.755285471191094,27.710398072221853,55.61379009781168,11.090863455458637,194.12520246256116,1.6244364056454141,-0.4906261131801927,True
B3,S1,60,33600,125.8419737581211,64.82516034072952,85.59360519031456,126.03800528248324,0.0,194.12520246256116,2.4820393518518515,2.1510643518518515,True
B1,S1,60,34200,84.67236119118768,21.713242572004074,50.67155518830287,94.40710856701953,20.028183556149582,389.95723881590965,1.8535935185185182,-1.2287601851851848,True
B2,S1,60,34200,34.72023908029531,8.903601632251268,14.618968335867685,34.72023908029531,20.028183556149582,389.95723881590965,0.0,0.0,True
B4,S1,60,34200,73.76483760124387,18.916134965266448,42.37314253785602,81.73920488616803,20.028183556149582,389.95723881590965,1.6013514348655649,-1.025924197094151,True
S0,S1,60,34200,96.21500699177514,24.67321988532085,65.98788027911023,96.80928642356837,20.028183556149582,389.95723881590965,2.3813041081712845,1.788018312376751,True
S1,S1,60,34200,67.09288029317484,17.20518908609052,44.529919643173976,67.6249356768576,20.028183556149582,389.95723881590965,1.7247151315720843,1.2307969297753265,True
S2,S1,60,34200,93.49794793330915,23.97646168005808,57.07197556540554,94.00756458088756,20.028183556149582,389.95723881590965,2.082546963000054,1.7283800322890974,True
B3,S1,60,34200,76.08758612502436,19.511776818417687,49.6751643260954,91.02481553805684,0.0,389.95723881590965,1.8535935185185182,-1.2287601851851848,True
B1,S1,60,35400,317.34984239766294,33.35907397672639,168.26487032253723,317.34984239766294,8.908401244060416,951.314903462453,5.172965277777778,-5.172965277777778,True
B2,S1,60,35400,86.42434968180301,9.084725716715743,39.300311362481814,86.42434968180301,8.908401244060416,951.314903462453,0.0,0.0,True
B4,S1,60,35400,223.69081060533424,23.513855379662196,116.67123192845887,223.69081060533424,8.908401244060416,951.314903462453,3.5221178639879858,-3.5220474121077516,True
S0,S1,60,35400,266.35297885987364,27.99840283069698,158.80660704315778,266.35297885987364,8.908401244060416,951.314903462453,4.29055218916347,-4.29055218916347,True
S1,S1,60,35400,278.95020018866467,29.32259330463379,163.5694243069786,278.95020018866467,8.908401244060416,951.314903462453,4.513288732909016,-4.513288732909016,True
S2,S1,60,35400,294.29899210522836,30.936022449988233,169.42074295088625,294.29899210522836,8.908401244060416,951.314903462453,4.776164432741381,-4.776164432741381,True
B3,S1,60,35400,310.3549387192013,32.62378604493823,165.36123661710195,310.3549387192013,0.0,951.314903462453,5.172965277777778,-5.172965277777778,True
B1,S1,60,36000,411.1981879772959,77.75199393985086,202.0570317717948,411.1981879772959,20.014918708015323,528.8587046338642,9.101143055555557,8.93697175925926,True
B2,S1,60,36000,46.26614122624833,8.74829908647887,23.19578524345429,46.26614122624833,20.014918708015323,528.8587046338642,0.0,0.0,True
B4,S1,60,36000,382.71527198499416,72.36626127766071,188.47127619925112,382.71527198499416,20.014918708015323,528.8587046338642,8.46239962331959,8.34248757819376,True
S0,S1,60,36000,62.77345501301998,11.869607980921646,42.950468201092214,62.77345501301998,20.014918708015323,528.8587046338642,2.711011208433728,-1.0195179302439565,True
S1,S1,60,36000,66.59102025914079,12.591457732598467,68.42557444099049,108.32180545432975,20.014918708015323,528.8587046338642,3.500856121373444,1.4704334622737936,True
S2,S1,60,36000,58.49522089543011,11.060652000788588,32.41757031415441,58.49522089543011,20.014918708015323,528.8587046338642,2.8564077672945887,-0.9436495129464663,True
B3,S1,60,36000,425.17380953601736,80.39459421025711,205.55844648729646,425.17380953601736,0.0,528.8587046338642,9.101143055555557,8.93697175925926,True
B1,S1,60,36600,61.88401622102229,22.67860220408022,57.16074283924759,82.93471348500098,15.455292157383925,272.87403193609714,2.6353527777777774,0.4115212962962962,True
B2,S1,60,36600,19.135519931363177,7.012583716960073,11.328434746968005,19.135519931363177,15.455292157383925,272.87403193609714,0.0,0.0,True
B4,S1,60,36600,58.16281103981573,21.314894138932413,54.632201809038,80.0553216738061,15.455292157383925,272.87403193609714,2.517959602820874,0.344387580613513,True
S0,S1,60,36600,19.818316813903515,7.2628079239671495,15.534716890103475,23.192030978629898,15.455292157383925,272.87403193609714,1.3102408472932037,-0.7209359918423492,True
S1,S1,60,36600,27.503728224842614,10.079276518068808,15.117185833472803,29.720402065963782,15.455292157383925,272.87403193609714,1.232863232108235,0.41403698986788257,True
S2,S1,60,36600,19.358917091788243,7.0944519544174875,15.994492075123045,24.03186441170402,15.455292157383925,272.87403193609714,1.4922437101629253,-0.8017850205077346,True
B3,S1,60,36600,31.28669896151766,11.465619773172305,21.872392976567625,48.556639601275776,0.0,272.87403193609714,2.6353527777777774,0.4115212962962962,True
B1,S1,60,37200,243.58931881447498,42.320980117875074,98.35922110065792,243.58931881447498,18.469064814107966,575.5757974792043,5.5022,-3.7823685185185187,True
B2,S1,60,37200,133.42410364289898,23.180978808915196,59.9995924118539,133.42410364289898,18.469064814107966,575.5757974792043,0.0,0.0,True
B4,S1,60,37200,123.3056646636523,21.42301069705895,73.07018356051113,123.3056646636523,18.469064814107966,575.5757974792043,3.0835085447836996,-0.13780216259108574,True
S0,S1,60,37200,152.8919548357064,26.563305042587448,65.28436276547288,152.8919548357064,18.469064814107966,575.5757974792043,2.3179839873318415,-1.6914574056358895,True
S1,S1,60,37200,148.38584370044555,25.780417514134054,64.36758639139963,148.38584370044555,18.469064814107966,575.5757974792043,2.3963485642396978,-1.531076974664838,True
S2,S1,60,37200,173.07916714870808,30.070612403566443,74.63320921748078,173.07916714870808,18.469064814107966,575.5757974792043,3.0321149345128147,-2.1995785702308055,True
B3,S1,60,37200,227.0395872378576,39.44564525336224,86.70754567082973,227.0395872378576,0.0,575.5757974792043,5.5022,-3.7823685185185187,True
B1,S1,60,37800,260.40080598089395,50.17133852897094,128.91427529190597,260.40080598089395,17.114994222961126,519.0230390814231,6.5819115740740735,6.5819115740740735,True
B2,S1,60,37800,34.91363823645236,6.72679931477477,20.23206365095718,34.91363823645236,17.114994222961126,519.0230390814231,0.0,0.0,True
B4,S1,60,37800,267.84893213094597,51.60636656996771,134.60060735573038,267.84893213094597,17.114994222961126,519.0230390814231,6.7835192532301996,6.783399602727713,True
S0,S1,60,37800,28.253167731803295,5.443528630599191,22.896697568461693,30.956314990000262,17.114994222961126,519.0230390814231,1.3320554487755734,-0.5708676731095608,True
S1,S1,60,37800,41.09040777475232,7.9168754912065,27.36373191790845,41.461785404804466,17.114994222961126,519.0230390814231,1.128129195284007,0.6633235447870465,True
S2,S1,60,37800,36.357009631449486,7.004893211637544,23.995689628457537,36.357009631449486,17.114994222961126,519.0230390814231,1.0347752633223046,-0.2968731891843751,True
B3,S1,60,37800,251.97735106357808,48.54839421185087,126.10747301815175,251.97735106357808,0.0,519.0230390814231,6.5819115740740735,6.5819115740740735,True
B1,S1,60,38400,56.58344696819867,20.176598228676614,32.850155701006535,62.4735642293281,9.220447206759665,280.4409659492436,2.1445564814814815,0.9941712962962964,True
B2,S1,60,38400,10.421640836913067,3.7161620812557237,7.742214207348093,10.779953100939322,9.220447206759665,280.4409659492436,0.0,0.0,True
B4,S1,60,38400,13.83366463115008,4.93282591019666,27.396627432028367,44.28754010397095,9.220447206759665,280.4409659492436,2.0908811914364547,-0.18532890925620102,True
S0,S1,60,38400,50.11344494551356,17.869516593586216,42.06521793616452,59.87032116525232,9.220447206759665,280.4409659492436,1.4383002825534839,1.0096387630685124,True
S1,S1,60,38400,71.01899215588026,25.324043481127443,53.197983622379844,76.06927229885738,9.220447206759665,280.4409659492436,1.79131139447549,1.4860073207596192,True
S2,S1,60,38400,31.793783946278204,11.337068334029519,37.228598619957886,53.3590904051154,9.220447206759665,280.4409659492436,1.84673094548319,0.49633412698394436,True
B3,S1,60,38400,55.428272327513305,19.764684570921478,28.675937288227086,57.967483096988104,0.0,280.4409659492436,2.1445564814814815,0.9941712962962964,True
B1,S1,60,39000,174.0380851258239,48.74695509326641,101.88651651357478,174.68557712939258,16.624265547885926,357.0234998121234,4.035775925925926,-3.3664601851851854,True
B2,S1,60,39000,52.93133445591091,14.825728413890117,26.00741993578042,52.93133445591091,16.624265547885926,357.0234998121234,0.0,0.0,True
B4,S1,60,39000,93.87416698253536,26.29355407471351,60.602770557255745,93.87416698253536,16.624265547885926,357.0234998121234,2.570734586038823,1.3949078513402582,True
S0,S1,60,39000,66.12098480369531,18.520065160553905,36.57290631172487,66.12098480369531,16.624265547885926,357.0234998121234,1.5995901428500032,-0.7908415656185188,True
S1,S1,60,39000,112.77957479559792,31.588837949027432,63.74110068978392,112.77957479559792,16.624265547885926,357.0234998121234,2.055373407784614,-1.8538741181633092,True
S2,S1,60,39000,73.18752442680312,20.499357735643905,40.5300383209354,73.18752442680312,16.624265547885926,357.0234998121234,1.9032335965791924,-0.9900683973789693,True
B3,S1,60,39000,168.14601357212712,47.09662351655021,98.21059355399417,168.7735275121995,0.0,357.0234998121234,4.035775925925926,-3.3664601851851854,True
B1,S1,60,39600,277.0957693190679,66.30242580277334,160.5371010156995,277.0957693190679,19.657010293150805,417.9270456006111,5.908224537037037,-5.908224537037037,True
B2,S1,60,39600,69.86729704941212,16.71758211986603,32.45388071651137,69.86729704941212,19.657010293150805,417.9270456006111,0.0,0.0,True
B4,S1,60,39600,140.787192464977,33.68702598862655,64.72759036520816,140.787192464977,19.657010293150805,417.9270456006111,2.798652272242149,-2.5814056813622464,True
S0,S1,60,39600,74.6632373894734,17.865136553240628,41.41506391974504,74.6632373894734,19.657010293150805,417.9270456006111,1.5124765219541436,-0.18939706676532175,True
S1,S1,60,39600,87.48744106950346,20.933663420555504,44.92080324192156,87.48744106950346,19.657010293150805,417.9270456006111,1.6911098410152288,0.8058592744692493,True
S2,S1,60,39600,75.82985733931473,18.14428095466714,44.36531346096225,75.82985733931473,19.657010293150805,417.9270456006111,1.6347832714172732,-0.49801074139112056,True
B3,S1,60,39600,277.9563918188072,66.50835229372406,160.81085252125408,277.9563918188072,0.0,417.9270456006111,5.908224537037037,-5.908224537037037,True
B1,S1,60,40200,130.80302906603907,48.384748463035066,86.13801181674886,134.80426669561973,5.175058776559876,270.33938011679413,3.750681018518519,3.3209625000000007,True
B2,S1,60,40200,10.718646586621833,3.9648853903530736,3.3331979316988005,10.718646586621833,5.175058776559876,270.33938011679413,0.0,0.0,True
B4,S1,60,40200,108.8763219391849,40.27394081178529,70.47674439159329,108.8763219391849,5.175058776559876,270.33938011679413,3.183994104194826,2.4770277777546412,True
S0,S1,60,40200,20.27678235686584,7.500491548107311,8.778038860531941,20.27678235686584,5.175058776559876,270.33938011679413,1.4826866289775364,-0.46890741573461164,True
S1,S1,60,40200,17.37347486953996,6.426542393503357,5.9038292846176095,17.37347486953996,5.175058776559876,270.33938011679413,1.4534370306842421,-0.2564637971240847,True
S2,S1,60,40200,52.2655455826181,19.33330821430379,27.527614310431815,52.2655455826181,5.175058776559876,270.33938011679413,2.064451267773902,-1.113244652840254,True
B3,S1,60,40200,141.0140094355881,52.161845371793824,88.71869721553522,141.0140094355881,0.0,270.33938011679413,3.750681018518519,3.3209625000000007,True
B1,S1,60,40800,120.54759044357489,23.78906096252217,67.8132151643541,120.54759044357489,11.122734848323985,506.73538830930863,3.3122018518518517,-2.378772222222222,True
B2,S1,60,40800,45.61204682484483,9.001156792507942,22.454052271028257,45.61204682484483,11.122734848323985,506.73538830930863,0.0,0.0,True
B4,S1,60,40800,88.13431546039537,17.392571644630955,47.28045495996024,88.13431546039537,11.122734848323985,506.73538830930863,1.7363637716795044,1.5423653890019793,True
S0,S1,60,40800,11.81828759615976,2.3322404293867747,25.145921349292852,35.94492911697953,11.122734848323985,506.73538830930863,1.9075853644473557,-0.7398957811894076,True
S1,S1,60,40800,63.396234058077276,12.510717727766144,33.97568212211571,63.396234058077276,11.122734848323985,506.73538830930863,2.117004742744082,-1.68979797350959,True
S2,S1,60,40800,23.911147599046394,4.718665431838985,27.41528529614211,41.95932770728282,11.122734848323985,506.73538830930863,2.2245410859784482,-1.1439361509475987,True
B3,S1,60,40800,103.12965722319873,20.3517772001842,57.9574090215047,103.12965722319873,0.0,506.73538830930863,3.3122018518518517,-2.378772222222222,True
B1,S1,60,41400,145.96953391801202,32.62339534712939,57.25364852890058,145.96953391801202,21.295733091915,447.4382030589475,2.4921750000000005,2.1516092592592604,True
B2,S1,60,41400,59.83667495252986,13.373170762677749,33.59021362998149,59.83667495252986,21.295733091915,447.4382030589475,0.0,0.0,True
B4,S1,60,41400,139.11147372551216,31.090656268165144,55.47055151117669,139.11147372551216,21.295733091915,447.4382030589475,2.139463744448192,2.042538381301956,True
S0,S1,60,41400,65.3592449529985,14.607435061683317,39.52900357822003,68.80334576324353,21.295733091915,447.4382030589475,2.1371151509581674,-0.5963792919786725,True
S1,S1,60,41400,69.66363256293054,15.569442235077263,44.36021716254757,73.0151618365473,21.295733091915,447.4382030589475,1.6663614792280543,-0.696421503213349,True
S2,S1,60,41400,88.28620947149591,19.73148668752916,51.52487319424095,89.53420097366474,21.295733091915,447.4382030589475,2.5570925017602453,-1.2893285235021068,True
B3,S1,60,41400,128.9923891257247,28.829096005628887,43.01873595190375,128.9923891257247,0.0,447.4382030589475,2.4921750000000005,2.1516092592592604,True
B1,S1,60,42000,336.20688663994844,77.50861392476891,279.42678891020824,358.53361452165603,8.924760756924888,433.76712550462605,6.451083333333333,-5.523750925925925,True
B2,S1,60,42000,6.511389872724284,1.5011257169729524,7.221722981935172,14.319977865749383,8.924760756924888,433.76712550462605,0.0,0.0,True
B4,S1,60,42000,135.5818762376654,31.256835353747768,169.50330649964013,240.2427537617282,8.924760756924888,433.76712550462605,5.75165377556556,-2.1367416770577288,True
S0,S1,60,42000,32.351996915734496,7.458379165571289,33.558842525165865,50.05273479698228,8.924760756924888,433.76712550462605,1.3055768733684288,-0.44142968985876885,True
S1,S1,60,42000,53.54982078999165,12.345292587052116,48.64825290079691,68.53475246243376,8.924760756924888,433.76712550462605,1.6283862661278914,-0.7956977458644934,True
S2,S1,60,42000,60.05099435003231,13.84406305115252,61.05493273883188,86.1789759343586,8.924760756924888,433.76712550462605,2.1273732571545034,-0.9016657342971655,True
B3,S1,60,42000,335.69311539939054,77.39016990023381,279.24516542208545,358.36759254548593,0.0,433.76712550462605,6.451083333333333,-5.523750925925925,True
B1,S1,60,43200,329.0796753745563,60.40614201522605,177.25195724590068,329.0796753745563,14.506956380422253,544.7785016490675,6.786148148148148,-6.786148148148148,True
B2,S1,60,43200,58.506847580423944,10.739566154560293,29.49012380215309,58.506847580423944,14.506956380422253,544.7785016490675,0.0,0.0,True
B4,S1,60,43200,237.06480383237354,43.515814797164055,124.00834617067284,237.06480383237354,14.506956380422253,544.7785016490675,4.844300184213559,-4.843313420573041,True
S0,S1,60,43200,96.47257539384279,17.708587086644613,41.6552225660683,96.47257539384279,14.506956380422253,544.7785016490675,2.6469007752941676,1.3915552758745506,True
S1,S1,60,43200,98.33166484573151,18.049843110195685,43.11545856161696,98.33166484573151,14.506956380422253,544.7785016490675,2.301986139017481,1.4548119942267508,True
S2,S1,60,43200,63.73030739698398,11.698388832171176,31.631483273390824,63.73030739698398,14.506956380422253,544.7785016490675,2.4475503199243605,0.6636838999500759,True
B3,S1,60,43200,329.07476398155825,60.40524047579614,177.43571320676654,329.07476398155825,0.0,544.7785016490675,6.786148148148148,-6.786148148148148,True
B1,S1,60,43800,182.7264097848186,46.157902048492915,118.98919999499196,182.7264097848186,4.442878011960385,395.8724328346824,3.841562037037037,3.241713888888889,True
B2,S1,60,43800,16.424570155291878,4.148955267655839,7.092785874471478,16.424570155291878,4.442878011960385,395.8724328346824,0.0,0.0,True
B4,S1,60,43800,215.60677647502916,54.46370057423707,130.85113193982014,215.60677647502916,4.442878011960385,395.8724328346824,3.9643072996931688,3.881170187265317,True
S0,S1,60,43800,31.34579691227883,7.9181560301696825,14.25080950703552,31.34579691227883,4.442878011960385,395.8724328346824,2.048316140619938,0.4855665733187333,True
S1,S1,60,43800,11.282205003152034,2.849959751520137,25.600177945965857,42.86533476229387,4.442878011960385,395.8724328346824,1.656765944063603,-0.3655236881011109,True
S2,S1,60,43800,16.657972320929176,4.207914201463378,29.621906620294013,57.06124934404701,4.442878011960385,395.8724328346824,2.0486194171425067,0.1339935543515556,True
B3,S1,60,43800,178.23123118336076,45.02239014399638,117.03881000698394,178.23123118336076,0.0,395.8724328346824,3.841562037037037,3.241713888888889,True
B1,S1,60,44400,158.1570473529679,42.3444968253581,95.49589131220779,167.34958767186393,4.388993643705078,373.50083059259595,3.580361574074074,-2.5520643518518513,True
B2,S1,60,44400,15.399084293314724,4.122904966203839,7.601059026578896,15.399084293314724,4.388993643705078,373.50083059259595,0.0,0.0,True
B4,S1,60,44400,207.22260793359874,55.48116388518323,114.44056956929677,207.22260793359874,4.388993643705078,373.50083059259595,4.07154898209392,-3.4237155073903733,True
S0,S1,60,44400,56.183728178158226,15.042464052627993,34.885026602099764,58.538606730417804,4.388993643705078,373.50083059259595,2.17991418274341,-0.43160997483744157,True
S1,S1,60,44400,112.30259994127105,30.06756364185105,63.43178601764415,112.30259994127105,4.388993643705078,373.50083059259595,2.516095882153254,-1.9219978883284219,True
S2,S1,60,44400,62.5499749574381,16.746944004969517,36.687070269631114,66.39959496003753,4.388993643705078,373.50083059259595,2.571760553771377,-0.7935620653248248,True
B3,S1,60,44400,155.96005880334351,41.75628165428641,94.55854374249145,165.8292956003251,0.0,373.50083059259595,3.580361574074074,-2.5520643518518513,True
B1,S1,60,45000,387.35861899047296,67.96944444599929,223.45048408597933,387.35861899047296,9.266384057537898,569.9011109296673,8.399081018518519,-8.327911574074074,True
B2,S1,60,45000,70.83879962247464,12.430016061368407,31.634747762719467,70.83879962247464,9.266384057537898,569.9011109296673,0.0,0.0,True
B4,S1,60,45000,136.57286686677455,23.964309640313946,70.0549956650148,139.2095903313768,9.266384057537898,569.9011109296673,4.030807831727414,-2.6031873903858407,True
S0,S1,60,45000,31.374022900757325,5.505169633654085,44.51884911154361,74.97736436169737,9.266384057537898,569.9011109296673,2.362993361582872,0.3206182943235167,True
S1,S1,60,45000,21.55101655551052,3.7815361546417794,32.53866574272256,59.71351425380518,9.266384057537898,569.9011109296673,2.222378933948036,0.28670766986549107,True
S2,S1,60,45000,60.96785023193852,10.697970062294313,37.75507905281572,65.66241706914217,9.266384057537898,569.9011109296673,2.973658516505173,-0.614148115774011,True
B3,S1,60,45000,384.7473864551119,67.5112539836046,222.18836160975445,384.7473864551119,0.0,569.9011109296673,8.399081018518519,-8.327911574074074,True
B1,S1,60,45600,23.535530620796546,5.41846161598802,39.91155085771473,78.26548896945616,1.3099498625972001,434.35816821791764,2.5044458333333335,-0.1991958333333334,True
B2,S1,60,45600,2.7900314792025207,0.6423342953695211,3.2766944176365533,5.121839567617468,1.3099498625972001,434.35816821791764,0.0,0.0,True
B4,S1,60,45600,170.22591400697945,39.19021822598189,109.43652502170528,192.74842356785922,1.3099498625972001,434.35816821791764,3.9134511238966705,-3.1561312913550315,True
S0,S1,60,45600,38.43321095851169,8.848276323706598,25.550937172095427,50.07747563608401,1.3099498625972001,434.35816821791764,1.4106248788113263,-0.8040896749789297,True
S1,S1,60,45600,43.21605851166747,9.949406198339513,29.060003429656575,56.220522919668646,1.3099498625972001,434.35816821791764,1.4253821155196926,-0.8655318082890276,True
S2,S1,60,45600,41.27851389383081,9.5033354761551,31.36758391586463,57.96686174726379,1.3099498625972001,434.35816821791764,1.3837301739239432,-0.7310999560472823,True
B3,S1,60,45600,24.931322577012306,5.73980746794757,40.74529850570403,79.64713006056523,0.0,434.35816821791764,2.5044458333333335,-0.1991958333333334,True
B1,S1,60,46800,134.172658322487,28.21747442619971,145.6068088890727,205.3951572484322,167.56917283006734,475.49492309598304,4.54947037037037,-2.4443629629629626,True
B2,S1,60,46800,29.36849373384182,6.176405321558716,10.80702597853869,29.36849373384182,167.56917283006734,475.49492309598304,0.0,0.0,True
B4,S1,60,46800,86.44708289779467,18.180442881478367,105.19695873555757,154.54296485011,167.56917283006734,475.49492309598304,3.602047885789848,-1.6127813639995703,True
S0,S1,60,46800,17.051642253314593,3.5860829264569376,39.37618975214075,63.78619089884307,167.56917283006734,475.49492309598304,1.8588830839674786,-0.46053586914611305,True
S1,S1,60,46800,19.269447938937493,4.052503402869724,24.424054633916313,43.669562056292015,167.56917283006734,475.49492309598304,1.863796967216809,0.18258515225483735,True
S2,S1,60,46800,29.46027090881213,6.195706721113677,47.719544294112204,78.51878778540068,167.56917283006734,475.49492309598304,2.127803733373771,-0.7712054904260127,True
B3,S1,60,46800,222.28322192549612,46.7477592564382,155.6188843630865,222.28322192549612,0.0,475.49492309598304,4.54947037037037,-2.4443629629629626,True
B1,S1,60,48000,341.106648048325,1896.6100213145849,220.14614349354878,351.4283127974624,5.332589283328362,17.985070426438853,6.329631018518518,6.329631018518518,False
B2,S1,60,48000,2.9041321477140842,16.14746052617554,2.081549771934598,3.4510087771743807,5.332589283328362,17.985070426438853,0.0,0.0,False
B4,S1,60,48000,95.10762326284414,528.8142943440005,62.56770132910242,97.18700447526493,5.332589283328362,17.985070426438853,1.6479356006190873,1.6475598360926158,False
S0,S1,60,48000,8.92600171828858,49.63006263888164,5.437763164511452,9.1986889008903,5.332589283328362,17.985070426438853,0.2209910867123331,-0.2111522662500563,False
S1,S1,60,48000,6.283783643371778,34.938888168791024,5.050673321574809,6.606054482847955,5.332589283328362,17.985070426438853,0.2008207293803683,-0.12885679911687975,False
S2,S1,60,48000,9.441912532709654,52.498613065365724,5.496028863685331,9.72785841416641,5.332589283328362,17.985070426438853,0.2321273149794296,-0.22626702570596494,False
B3,S1,60,48000,193.22165204731283,1074.3447062807627,168.31784266930484,250.78005460558353,0.0,17.985070426438853,6.329631018518518,6.329631018518518,False
B1,S1,60,49200,360.22717156412887,96.77636842961967,245.7277649023201,360.22717156412887,11.47808530257536,372.2263786185602,6.295142592592593,4.078869444444445,True
B2,S1,60,49200,62.26896331997333,16.728788419313933,21.146144538761412,62.26896331997333,11.47808530257536,372.2263786185602,0.0,0.0,True
B4,S1,60,49200,361.7410737284467,97.1830838725005,245.1103959885953,361.7410737284467,11.47808530257536,372.2263786185602,5.968720922412843,4.576710823227193,True
S0,S1,60,49200,92.50860706470145,24.85278109736007,39.56676535989325,92.50860706470145,11.47808530257536,372.2263786185602,1.6927115383173872,-0.8387812074408463,True
S1,S1,60,49200,106.77669770029797,28.68595667415544,39.796572370651184,106.77669770029797,11.47808530257536,372.2263786185602,1.9173444403495072,-1.5391598968022637,True
S2,S1,60,49200,116.47126603110887,31.29043848621568,48.994160628299014,116.47126603110887,11.47808530257536,372.2263786185602,2.358739765861904,-1.3208639508630362,True
B3,S1,60,49200,309.68170110933886,83.19713993904926,233.96605328414364,309.68170110933886,0.0,372.2263786185602,6.295142592592593,4.078869444444445,True
B1,S1,60,49800,299.1826712889345,52.97298642791741,103.00024112427346,299.1826712889345,5.452273358193926,564.7834707149182,5.023079629629629,4.99215,True
B2,S1,60,49800,10.455376124455988,1.8512185052479122,6.172385296134289,10.733597799526857,5.452273358193926,564.7834707149182,0.0,0.0,True
B4,S1,60,49800,230.58253860986372,40.826715115792275,74.42227925162052,230.58253860986372,5.452273358193926,564.7834707149182,4.183547901998343,3.748933067352499,True
S0,S1,60,49800,51.74094809665257,9.1612008459025,48.08748227827317,75.60490750264098,5.452273358193926,564.7834707149182,1.964098472872497,-0.714005287440382,True
S1,S1,60,49800,33.468281396741894,5.925860640782713,32.18647116790989,56.43628870515533,5.452273358193926,564.7834707149182,1.6163939543513588,-0.3384673410132457,True
S2,S1,60,49800,41.48574022010498,7.345423931686812,39.807834379557306,61.521206490423566,5.452273358193926,564.7834707149182,1.6547038234129174,-0.46660473454844786,True
B3,S1,60,49800,298.4821843391836,52.84895890479174,102.93182885519889,298.4821843391836,0.0,564.7834707149182,5.023079629629629,4.99215,True
B1,S1,60,51000,105.52642126834749,68.39552123391543,82.94288719551464,105.52642126834749,179.96135541218854,154.28849632923024,2.8408962962962963,1.8833212962962962,True
B2,S1,60,51000,4.9396573636214764,3.201572042727627,2.4073493739579725,4.9396573636214764,179.96135541218854,154.28849632923024,0.0,0.0,True
B4,S1,60,51000,88.25988465481127,57.204449297682515,60.080153721174504,88.25988465481127,179.96135541218854,154.28849632923024,2.327285970382217,-0.15112721128092915,True
S0,S1,60,51000,62.86421832514907,40.744591995378286,32.343819239728234,63.18843079392305,179.96135541218854,154.28849632923024,1.5142056613006771,1.0456106015271545,True
S1,S1,60,51000,54.241762045940156,35.15606369654142,27.715888636116986,54.51252459112377,179.96135541218854,154.28849632923024,1.251760302067002,0.912576915016128,True
S2,S1,60,51000,62.16111465678912,40.2888848719777,30.60133558540576,62.82675210283307,179.96135541218854,154.28849632923024,1.4785825917408224,0.920236974488855,True
B3,S1,60,51000,97.99412852024153,63.51356766815309,82.96213393959118,101.01954169763377,0.0,154.28849632923024,2.8408962962962963,1.8833212962962962,True
B1,S1,120,600,525.9447058742951,42.428592824279356,254.93676299239618,525.9447058742951,10.709534167909965,1239.5996917751377,6.526258333333334,-4.702632870370371,True
B2,S1,120,600,82.40597450788684,6.6477892060362995,33.123010431215505,82.40597450788684,10.709534167909965,1239.5996917751377,0.0,0.0,True
B4,S1,120,600,211.63192320280672,17.072602115586566,159.48022359917502,244.19027065791005,10.709534167909965,1239.5996917751377,5.584050745742208,-1.38938879021045,True
S0,S1,120,600,235.64349353941935,19.009644412057895,130.3704292930073,235.64349353941935,10.709534167909965,1239.5996917751377,3.118582893105405,-1.6827981863473476,True
S1,S1,120,600,277.53419002119074,22.389017346701245,156.48763015696414,277.53419002119074,10.709534167909965,1239.5996917751377,3.083282288744663,-2.2783716172749395,True
S2,S1,120,600,272.8270961386235,22.00929041438598,157.20932197833068,272.8270961386235,10.709534167909965,1239.5996917751377,3.369941543580526,-2.1258938068679814,True
B3,S1,120,600,524.482912419209,42.3106681858025,251.96069155661428,524.482912419209,0.0,1239.5996917751377,6.526258333333334,-4.702632870370371,True
B1,S1,120,1200,441.94858043160576,31.032073040500695,249.22533470318197,441.94858043160576,22.068241485779698,1424.1671184996508,4.962215277777779,4.141200000000001,True
B2,S1,120,1200,117.58304976445072,8.256267697594616,42.12680012641227,117.58304976445072,22.068241485779698,1424.1671184996508,0.0,0.0,True
B4,S1,120,1200,159.59746607651485,11.206372061493006,116.40239813249586,207.47557042547152,22.068241485779698,1424.1671184996508,3.3872317937205345,1.568879874712738,True
S0,S1,120,1200,234.5709899751371,16.47074889794225,150.61090906760197,234.5709899751371,22.068241485779698,1424.1671184996508,3.5899952590990796,-1.3841295391931685,True
S1,S1,120,1200,131.45826066684296,9.230536147003116,67.14875354325684,131.45826066684296,22.068241485779698,1424.1671184996508,2.8345780393428592,0.8128156640832532,True
S2,S1,120,1200,258.0011762771262,18.11593407302708,149.04562204299495,258.0011762771262,22.068241485779698,1424.1671184996508,3.1083052392946686,-1.8373420265505236,True
B3,S1,120,1200,441.5261753678937,31.002413244383717,239.0712241896033,441.5261753678937,0.0,1424.1671184996508,4.962215277777779,4.141200000000001,True
B1,S1,120,1800,485.9622129017486,38.650481664293665,206.98828488575745,485.9622129017486,52.15569041337243,1257.3251146587738,3.26431712962963,0.13147037037037032,True
B2,S1,120,1800,476.9748729464246,37.93568325212935,190.8380827867768,476.9748729464246,52.15569041337243,1257.3251146587738,0.0,0.0,True
B4,S1,120,1800,534.3586193629889,42.499637773322355,252.67029507911266,534.3586193629889,52.15569041337243,1257.3251146587738,3.2123833044043946,0.8673408784094685,True
S0,S1,120,1800,533.5094563562727,42.432100507358605,200.67486109467285,533.5094563562727,52.15569041337243,1257.3251146587738,3.110221138049399,1.2140012150096486,True
S1,S1,120,1800,527.9135486632,41.98703601068772,199.92139627291107,527.9135486632,52.15569041337243,1257.3251146587738,2.0376742216680235,0.9554797723020371,True
S2,S1,120,1800,484.71502749026484,38.551288114674456,168.0523727424928,484.71502749026484,52.15569041337243,1257.3251146587738,2.978912901008392,0.8363189248953871,True
B3,S1,120,1800,78.95661580979336,6.279729474044702,107.9615304451981,172.95836427896302,0.0,1257.3251146587738,3.26431712962963,0.13147037037037032,True
B1,S1,120,2400,616.5128740758944,40.020355745359296,334.27240900018046,616.5128740758944,38.445412967124824,1540.498235444557,2.1529641203703704,-0.01243680555555533,True
B2,S1,120,2400,654.9270914353372,42.51397868341851,340.73045024707466,654.9270914353372,38.445412967124824,1540.498235444557,0.0,0.0,True
B4,S1,120,2400,581.9633915830616,37.777608451146236,325.53089340005016,581.9633915830616,38.445412967124824,1540.498235444557,2.3829474153074246,-0.11909530048753292,True
S0,S1,120,2400,565.7376411133655,36.724329057741826,323.217487325181,565.7376411133655,38.445412967124824,1540.498235444557,3.6310089886460264,-0.817111876750828,True
S1,S1,120,2400,620.0518691708164,40.25008629704025,326.48657727121844,620.0518691708164,38.445412967124824,1540.498235444557,3.2466965122253817,-2.495674026500663,True
S2,S1,120,2400,558.8186190893786,36.275187223964245,330.43881682590813,558.8186190893786,38.445412967124824,1540.498235444557,3.877263509271054,-0.5661453067611126,True
B3,S1,120,2400,25.658557751786148,1.6656012425993856,39.96826345692977,93.1508254225071,0.0,1540.498235444557,2.1529641203703704,-0.01243680555555533,True
B1,S1,120,3000,408.4647302848957,26.593269165735624,247.88994595431384,408.4647302848957,14.837921489234086,1535.970353021457,3.9599289351851854,-3.5306511574074086,True
B2,S1,120,3000,13.370104965784428,0.8704663432782841,18.541035233375993,33.55222740183006,14.837921489234086,1535.970353021457,0.0,0.0,True
B4,S1,120,3000,870.1282492707543,56.6500679885583,501.36401425146215,870.1282492707543,14.837921489234086,1535.970353021457,7.837671602422056,-7.8376293058104265,True
S0,S1,120,3000,164.38871521148874,10.702596888547646,189.81778330630317,247.89199637108112,14.837921489234086,1535.970353021457,3.6680852450031125,-1.2682825735166572,True
S1,S1,120,3000,323.31068124921154,21.049278758096904,236.13125339982423,323.31068124921154,14.837921489234086,1535.970353021457,3.481512649417588,-2.9316655532057725,True
S2,S1,120,3000,207.20550038725943,13.490201811490618,212.54180535320126,281.9604040194874,14.837921489234086,1535.970353021457,3.6840767883595134,-1.7546196661552453,True
B3,S1,120,3000,398.80408349371453,25.96430866710507,245.49994724298367,398.80408349371453,0.0,1535.970353021457,3.9599289351851854,-3.5306511574074086,True
B1,S1,120,3600,308.9884457696534,31.46351427269399,110.43551623967323,308.9884457696534,30.510231248575927,982.0531905357215,4.6030393518518515,2.3953337962962964,True
B2,S1,120,3600,60.60581114631072,6.171336922519395,38.261320971379284,60.60581114631072,30.510231248575927,982.0531905357215,0.0,0.0,True
B4,S1,120,3600,99.4271369825234,10.12441463871063,158.40060673322154,261.46630880281805,30.510231248575927,982.0531905357215,4.747287071788654,0.20389818382951147,True
S0,S1,120,3600,332.69733654535844,33.87773083491212,133.3775159809774,332.69733654535844,30.510231248575927,982.0531905357215,3.8515451284433273,2.6665291148669468,True
S1,S1,120,3600,197.8174833788805,20.143255506452636,69.89795193225285,197.8174833788805,30.510231248575927,982.0531905357215,2.9181644257759825,1.4825413399254144,True
S2,S1,120,3600,302.34349974682084,30.78687617540237,114.91312999562264,302.34349974682084,30.510231248575927,982.0531905357215,3.75242322954611,2.384907858758692,True
B3,S1,120,3600,289.2417443304462,29.452757459365458,97.9392214208514,289.2417443304462,0.0,982.0531905357215,4.6030393518518515,2.3953337962962964,True
B1,S1,120,4200,654.2965886950408,61.95528443793081,481.67158260726075,654.2965886950408,35.2851899758481,1056.0787423234904,5.311512962962962,5.101624537037037,True
B2,S1,120,4200,389.2167433376115,36.85489800517066,146.1176426538409,389.2167433376115,35.2851899758481,1056.0787423234904,0.0,0.0,True
B4,S1,120,4200,628.2484119269275,59.48878495032589,457.8228240379239,628.2484119269275,35.2851899758481,1056.0787423234904,5.064008474313431,4.829174501151306,True
S0,S1,120,4200,338.0639875386003,32.01124821382372,183.54395054158147,338.0639875386003,35.2851899758481,1056.0787423234904,3.2103584703746075,1.0937942861440293,True
S1,S1,120,4200,389.16598870088814,36.850092053238356,188.5819449774156,389.16598870088814,35.2851899758481,1056.0787423234904,2.319978698144778,1.5115492355982945,True
S2,S1,120,4200,329.698162540789,31.219089006130023,176.0332613735233,329.698162540789,35.2851899758481,1056.0787423234904,3.2886017343864893,0.9039523168937764,True
B3,S1,120,4200,606.105493288475,57.39207399961254,472.63091858658674,616.0127417151858,0.0,1056.0787423234904,5.311512962962962,5.101624537037037,True
B1,S1,120,4800,951.043017653689,63.97987224326269,584.9439847016996,951.043017653689,50.7297953723989,1486.472204942293,7.627209259259259,-7.378218055555555,True
B2,S1,120,4800,459.6729729904307,30.923751649179064,242.57581077521002,459.6729729904307,50.7297953723989,1486.472204942293,0.0,0.0,True
B4,S1,120,4800,923.6634265910844,62.137954784492074,565.5021052903367,923.6634265910844,50.7297953723989,1486.472204942293,7.342138836473271,-7.120914891124488,True
S0,S1,120,4800,492.57116054754806,33.13692371171315,263.6750059355596,492.57116054754806,50.7297953723989,1486.472204942293,1.6132713796438525,-0.8096936200289047,True
S1,S1,120,4800,517.0374638692872,34.782854475866856,274.3689541821314,517.0374638692872,50.7297953723989,1486.472204942293,1.69978698179896,-0.9956117508818263,True
S2,S1,120,4800,506.96704890239425,34.10538368741818,277.8456946527309,508.20734647345824,50.7297953723989,1486.472204942293,1.9012850562986565,-0.8146041666502352,True
B3,S1,120,4800,855.7863551571951,57.57163519854836,555.0659862136548,866.1639570913608,0.0,1486.472204942293,7.627209259259259,-7.378218055555555,True
B1,S1,120,5400,674.695852501677,55.43107084398782,301.2770045106032,674.695852501677,56.36460642394366,1217.179899700343,3.966287731481481,3.8401011574074073,True
B2,S1,120,5400,434.76878846865736,35.719353283412985,239.01403564812787,434.76878846865736,56.36460642394366,1217.179899700343,0.0,0.0,True
B4,S1,120,5400,577.4099468485997,47.438340625798375,273.5666980384879,577.4099468485997,56.36460642394366,1217.179899700343,3.164752695124372,3.1502033663961817,True
S0,S1,120,5400,532.7193619964476,43.766690702631344,266.72159571420696,532.7193619964476,56.36460642394366,1217.179899700343,2.137699529441137,1.1930065301597512,True
S1,S1,120,5400,499.29702875387915,41.020807924679076,261.9305158524047,499.29719749206026,56.36460642394366,1217.179899700343,1.5288203780654106,0.45381707957399614,True
S2,S1,120,5400,476.4213915365923,39.141411360299514,236.0485515928154,476.4213915365923,56.36460642394366,1217.179899700343,2.154763233049553,1.2206058797517794,True
B3,S1,120,5400,393.3975007094701,32.3204072632419,148.4027426458311,393.3975007094701,0.0,1217.179899700343,3.966287731481481,3.8401011574074073,True
B1,S1,120,6000,439.26721915288215,36.595145271767436,186.07563639612425,439.26721915288215,45.2275563364689,1200.342875785138,3.806923842592593,-1.505555324074074,True
B2,S1,120,6000,402.4481912083419,33.52776938381899,155.68112689667655,402.4481912083419,45.2275563364689,1200.342875785138,0.0,0.0,True
B4,S1,120,6000,452.98307768608817,37.73780699033968,189.58784642533905,452.98307768608817,45.2275563364689,1200.342875785138,3.365960745539648,-1.2409564841913352,True
S0,S1,120,6000,523.8108042908815,43.6384315563384,242.19319590943942,523.8108042908815,45.2275563364689,1200.342875785138,2.6097368642422576,0.06197558668889504,True
S1,S1,120,6000,427.4185384339746,35.60803725805449,174.50990413727948,427.4185384339746,45.2275563364689,1200.342875785138,2.478254232156185,-1.6343693971838744,True
S2,S1,120,6000,506.425672072695,42.190084374137236,228.09968688336394,506.425672072695,45.2275563364689,1200.342875785138,2.765462903599255,-0.47987437154136503,True
B3,S1,120,6000,166.21636502029287,13.847407134529925,80.09251937735355,166.21636502029287,0.0,1200.342875785138,3.806923842592593,-1.505555324074074,True
B1,S1,120,7200,286.43005881114044,30.039228716704805,249.45246040007706,351.1908656582061,63.42434056764227,953.5200171496307,5.626238425925926,5.626238425925926,True
B2,S1,120,7200,67.15164508779058,7.042499777668835,113.65619531271643,195.6626913114369,63.42434056764227,953.5200171496307,0.0,0.0,True
B4,S1,120,7200,122.09324138495086,12.804475961598133,94.48919864970401,134.58766399191285,63.42434056764227,953.5200171496307,2.129150259205046,1.6351511688051779,True
S0,S1,120,7200,155.97225228935142,16.357522598801985,89.16196141580133,155.97225228935142,63.42434056764227,953.5200171496307,2.860748388798861,1.7081960584797267,True
S1,S1,120,7200,198.88955931376043,20.858456638204984,140.2640083788535,207.49230952169373,63.42434056764227,953.5200171496307,3.085955006454719,2.643392207389379,True
S2,S1,120,7200,111.30425748414434,11.672985934460774,95.09795503385308,162.12660721340197,63.42434056764227,953.5200171496307,2.4639725011110154,1.3017912603438546,True
B3,S1,120,7200,185.33100145778522,19.436508738620663,235.1990901966024,342.9175569818065,0.0,953.5200171496307,5.626238425925926,5.626238425925926,True
B1,S1,120,7800,329.11086590760027,38.79100772471263,181.16660581572106,359.4778820588409,70.64861980845741,848.4205108647725,2.998968518518519,2.650170833333334,True
B2,S1,120,7800,227.58543551149597,26.82460320054311,108.20619269900057,240.95998682883078,70.64861980845741,848.4205108647725,0.0,0.0,True
B4,S1,120,7800,302.19773167115903,35.618862085634504,182.68913667947692,338.1988104627965,70.64861980845741,848.4205108647725,3.0519748449846076,2.5416469367329815,True
S0,S1,120,7800,297.96623418305745,35.120112063220674,202.4151082412345,315.0224203485398,70.64861980845741,848.4205108647725,2.8277286530115995,1.376430560687525,True
S1,S1,120,7800,252.20398683448323,29.726295345856077,151.53938684395357,264.18384026186084,70.64861980845741,848.4205108647725,1.9121105530254703,0.4332008652177971,True
S2,S1,120,7800,275.8988424815332,32.51911510252349,187.70579073345266,309.47145632780337,70.64861980845741,848.4205108647725,2.6670382519069147,0.9435598057430542,True
B3,S1,120,7800,52.58811572065686,6.198355066528883,63.18351450221659,86.0488552720249,0.0,848.4205108647725,2.998968518518519,2.650170833333334,True
B1,S1,120,8400,141.5103025683864,21.397871107161947,110.54178194238558,201.5742233309834,63.087077659816224,661.328885755473,2.3523252314814815,0.9490613425925926,True
B2,S1,120,8400,64.34464865383617,9.729598999797458,92.10639931501963,156.14374002512432,63.087077659816224,661.328885755473,0.0,0.0,True
B4,S1,120,8400,90.87526499156782,13.741311917406406,107.24349880641226,179.11552049978616,63.087077659816224,661.328885755473,2.5425857771013294,-1.8699430657851326,True
S0,S1,120,8400,101.40121846707349,15.3329486509934,119.68801318026537,189.16114785535623,63.087077659816224,661.328885755473,1.6488937344537566,0.2557557366277763,True
S1,S1,120,8400,107.67190995697563,16.28114426515273,132.50523526367414,212.97986718081478,63.087077659816224,661.328885755473,1.8916769141824379,1.3558363100149409,True
S2,S1,120,8400,92.79311681609477,14.031311623428032,107.42298870028957,170.54148302201153,63.087077659816224,661.328885755473,1.778603562225245,-0.05868993383238016,True
B3,S1,120,8400,34.78575100557263,5.2599775625761325,22.84399613615127,43.82831974123582,0.0,661.328885755473,2.3523252314814815,0.9490613425925926,True
B1,S1,120,9000,257.1383338045155,32.084391452765374,137.91410179365357,257.1383338045155,71.46759512377072,801.4436994482955,4.248653472222222,-3.7190618055555555,True
B2,S1,120,9000,248.92697222859815,31.059820221926575,124.52588777245663,248.92697222859815,71.46759512377072,801.4436994482955,0.0,0.0,True
B4,S1,120,9000,253.03041577918228,31.571826686436673,131.55330554357406,253.03041577918228,71.46759512377072,801.4436994482955,4.247736574014404,-2.7542156201877743,True
S0,S1,120,9000,235.31701416367528,29.361640041049014,108.35223486893811,235.31701416367528,71.46759512377072,801.4436994482955,1.352839065584598,-0.39789626199127603,True
S1,S1,120,9000,234.320732944333,29.237329222955605,119.81016977609896,234.320732944333,71.46759512377072,801.4436994482955,1.4567105113632712,-0.8061699013597163,True
S2,S1,120,9000,238.89981037521636,29.808682823219172,99.89523159096623,238.89981037521636,71.46759512377072,801.4436994482955,1.7587555683495373,-0.7959209533680548,True
B3,S1,120,9000,172.70938041706034,21.549783289325433,104.06794641964258,195.87749332615735,0.0,801.4436994482955,4.248653472222222,-3.7190618055555555,True
B1,S1,120,9600,384.7568598193432,39.02781933282779,167.61513207794337,384.7568598193432,69.6639096278858,985.8528260012455,3.6393099537037035,-1.688846064814815,True
B2,S1,120,9600,397.07931332786944,40.277747636883866,177.7638763199426,397.07931332786944,69.6639096278858,985.8528260012455,0.0,0.0,True
B4,S1,120,9600,289.4830183039866,29.36371542171964,151.88038651893143,289.4830183039866,69.6639096278858,985.8528260012455,4.734921247491616,-4.070834409281722,True
S0,S1,120,9600,474.06180606827286,48.08646824000421,198.79474325691714,474.06180606827286,69.6639096278858,985.8528260012455,2.3205533970302397,0.8191399560576561,True
S1,S1,120,9600,398.05141981455614,40.376353276696214,171.51879589370634,398.05141981455614,69.6639096278858,985.8528260012455,1.5747414126798116,-0.2836005725315837,True
S2,S1,120,9600,436.54659572518443,44.28111217126368,186.52791666506135,436.54659572518443,69.6639096278858,985.8528260012455,2.4845779267150387,0.028038950499176943,True
B3,S1,120,9600,71.15865380579875,7.217979390942969,51.69308663521923,93.15449232732216,0.0,985.8528260012455,3.6393099537037035,-1.688846064814815,True
B1,S1,120,10200,791.5537615191996,71.5383944148046,423.0218425868432,791.5537615191996,51.2255130000618,1106.4740381640304,3.3345087962962965,2.4289249999999996,True
B2,S1,120,10200,552.1963498367685,49.90594725141735,230.42573172020397,552.1963498367685,51.2255130000618,1106.4740381640304,0.0,0.0,True
B4,S1,120,10200,791.5448104000164,71.53758543792178,403.7968243135057,791.5448104000164,51.2255130000618,1106.4740381640304,2.928822205750386,2.6314771080706274,True
S0,S1,120,10200,631.3098667351286,57.056003571729484,298.9632184616563,631.3098667351286,51.2255130000618,1106.4740381640304,3.253230084057927,0.20694551727682817,True
S1,S1,120,10200,577.9682967975651,52.235143063689634,260.24577865243253,577.9682967975651,51.2255130000618,1106.4740381640304,3.0230602434724947,-1.494176429100265,True
S2,S1,120,10200,594.1403061922375,53.69672361929911,276.63728302060116,594.1403061922375,51.2255130000618,1106.4740381640304,3.266721125591315,-0.8929762420140859,True
B3,S1,120,10200,243.3442498812393,21.992766344976317,214.2158773585653,254.2256365312461,0.0,1106.4740381640304,3.3345087962962965,2.4289249999999996,True
B1,S1,120,10800,434.78219042131377,43.03043174326919,240.36660937713282,434.78219042131377,46.238472258099605,1010.4062934235427,3.9101532407407404,-0.9802851851851848,True
B2,S1,120,10800,225.6894873922576,22.336508477946797,130.40287341574845,225.6894873922576,46.238472258099605,1010.4062934235427,0.0,0.0,True
B4,S1,120,10800,623.6346681737901,61.72117812733917,278.8135452760935,623.6346681737901,46.238472258099605,1010.4062934235427,5.877703036395728,5.876436862586082,True
S0,S1,120,10800,345.96744625860214,34.24042867808814,205.45806866068634,345.96744625860214,46.238472258099605,1010.4062934235427,2.5223607000114794,-0.41324688920922126,True
S1,S1,120,10800,413.19522438366715,40.89396781008209,261.10879032410975,413.19522438366715,46.238472258099605,1010.4062934235427,2.69349821715539,-1.8184178225650738,True
S2,S1,120,10800,394.9126818465212,39.084542962261764,243.86450588587667,394.9126818465212,46.238472258099605,1010.4062934235427,2.5438500485647855,-1.3804411325947858,True
B3,S1,120,10800,157.12710346858256,15.550883292323073,151.34839359692432,222.61186439816393,0.0,1010.4062934235427,3.9101532407407404,-0.9802851851851848,True
B1,S1,120,11400,970.0430857507779,118.67696227577565,518.5453891624035,970.0430857507779,59.424559684029155,817.381121954099,7.3139569444444446,7.3139569444444446,True
B2,S1,120,11400,377.22158655579244,46.15002431839572,166.53326660580086,377.22158655579244,59.424559684029155,817.381121954099,0.0,0.0,True
B4,S1,120,11400,692.694817594574,84.7456344402181,341.96092931479586,692.694817594574,59.424559684029155,817.381121954099,4.441438306447478,4.414644631448414,True
S0,S1,120,11400,417.3811033108596,51.06321789192217,178.56436165432206,417.3811033108596,59.424559684029155,817.381121954099,1.6688447153157122,0.9847077751136407,True
S1,S1,120,11400,388.62612271221667,47.54527750569219,165.66321361390717,388.62612271221667,59.424559684029155,817.381121954099,1.4545868490186311,0.45358825437420935,True
S2,S1,120,11400,377.97107992938436,46.241718798909304,156.20522867967262,377.97107992938436,59.424559684029155,817.381121954099,1.465858316948496,0.5559703791802897,True
B3,S1,120,11400,688.2954333326519,84.20740519271547,440.9462285696093,688.2954333326519,0.0,817.381121954099,7.3139569444444446,7.3139569444444446,True
B1,S1,120,12000,508.66270931588394,57.11428464119223,308.9727303272675,508.66270931588394,58.405953855692346,890.6050605578694,4.461033796296297,-4.293370370370369,True
B2,S1,120,12000,416.11924963299487,46.723207408269204,211.66463834697922,416.11924963299487,58.405953855692346,890.6050605578694,0.0,0.0,True
B4,S1,120,12000,382.3814621286417,42.93502014115217,225.2543499647852,382.3814621286417,58.405953855692346,890.6050605578694,2.7168448308698983,-1.8615127017249806,True
S0,S1,120,12000,399.55644379096736,44.86348230950852,215.36227390899253,399.55644379096736,58.405953855692346,890.6050605578694,1.787640386832754,-0.435279769668491,True
S1,S1,120,12000,382.58312312849904,42.95766328667069,201.89261203788294,382.58312312849904,58.405953855692346,890.6050605578694,1.6030691332330438,-0.7782376623020006,True
S2,S1,120,12000,392.5562919266912,44.077482748727746,211.40903636046363,392.5562919266912,58.405953855692346,890.6050605578694,1.8788357452796565,-0.6715552506098111,True
B3,S1,120,12000,455.1622568829993,51.10708180771941,289.9605598724505,455.1622568829993,0.0,890.6050605578694,4.461033796296297,-4.293370370370369,True
B1,S1,120,12600,20.18084519540005,2.9640083851861814,104.91220942194158,175.75055948815262,53.05603512988895,680.8632963476724,3.010965046296296,-1.3020826388888886,True
B2,S1,120,12600,94.71871476067889,13.911561288260753,62.53508972626689,100.57186712559641,53.05603512988895,680.8632963476724,0.0,0.0,True
B4,S1,120,12600,270.33160499686664,39.70424113724379,116.2179325841001,270.33160499686664,53.05603512988895,680.8632963476724,2.3894442792582575,2.0422434898888606,True
S0,S1,120,12600,36.753523372652104,5.398076760754699,66.07792661837696,119.7192784510611,53.05603512988895,680.8632963476724,1.726872563972473,-0.6603183163263986,True
S1,S1,120,12600,48.559573806238056,7.132059264572526,87.22559487167159,148.1467901997969,53.05603512988895,680.8632963476724,1.8942779242835521,-1.1660501383927022,True
S2,S1,120,12600,38.965210894881224,5.722912529416806,64.60625510545258,118.24561459189205,53.05603512988895,680.8632963476724,1.8101313217141437,-0.6603392388283584,True
B3,S1,120,12600,118.47172227924477,17.4002215884977,118.61051052405777,165.32908198916064,0.0,680.8632963476724,3.010965046296296,-1.3020826388888886,True
B1,S1,120,13200,338.1754153674886,55.72339294312505,225.68868492259128,368.18710740267767,56.46778709100048,606.8823119092059,4.557095601851853,4.416870601851853,True
B2,S1,120,13200,169.97147911747933,28.007321317828804,57.854712590581244,169.97147911747933,56.46778709100048,606.8823119092059,0.0,0.0,True
B4,S1,120,13200,231.48921194903758,38.14400377245961,161.0561968069421,260.31417112678724,56.46778709100048,606.8823119092059,2.844355638339559,2.4453748007296343,True
S0,S1,120,13200,146.7557318711625,24.181909571475245,59.38264218378387,146.7557318711625,56.46778709100048,606.8823119092059,1.5668243086334177,0.368187723495074,True
S1,S1,120,13200,156.44139455617568,25.777880074313398,74.28075061295401,156.44139455617568,56.46778709100048,606.8823119092059,1.6370239075681177,0.7940985331620493,True
S2,S1,120,13200,120.59420309645238,19.871101979735105,60.70555286774684,120.59420309645238,56.46778709100048,606.8823119092059,1.6950881440601797,0.1795309187876448,True
B3,S1,120,13200,177.37671106995106,29.227530212890425,103.4994287621972,183.5447039951412,0.0,606.8823119092059,4.557095601851853,4.416870601851853,True
B1,S1,120,14400,265.94106628913664,30.090643018099595,98.87008736211534,265.94106628913664,54.470091068137585,883.7998780191319,4.140128703703704,4.023468981481481,True
B2,S1,120,14400,160.83809814969308,18.198474807462166,66.37847299256954,160.83809814969308,54.470091068137585,883.7998780191319,0.0,0.0,True
B4,S1,120,14400,209.38633184063468,23.691599993194615,81.91470103526683,209.38633184063468,54.470091068137585,883.7998780191319,2.87363892278256,2.513266855110046,True
S0,S1,120,14400,125.80009694453685,14.234002524020898,55.87798073067973,125.80009694453685,54.470091068137585,883.7998780191319,1.241638939431275,0.47402832943643547,True
S1,S1,120,14400,131.40034981150046,14.867658740348455,57.00453428842733,131.40034981150046,54.470091068137585,883.7998780191319,1.3925937178008192,0.6824626708965142,True
S2,S1,120,14400,110.96697328639081,12.555667413657265,56.80789564455361,110.96697328639081,54.470091068137585,883.7998780191319,1.329622188932445,0.33302198465726995,True
B3,S1,120,14400,205.91251702359446,23.29854553556942,97.56863119199087,205.91251702359446,0.0,883.7998780191319,4.140128703703704,4.023468981481481,True
B1,S1,120,15000,178.99050361799846,27.818723650062946,121.44684570070581,232.07386185946973,54.33422462058707,643.4173827295397,2.7814076388888886,1.4484780092592595,True
B2,S1,120,15000,111.33114186638024,17.30309824613151,89.84920356494247,147.47204636978248,54.33422462058707,643.4173827295397,0.0,0.0,True
B4,S1,120,15000,320.60031854029234,49.827736574387295,239.82727739391376,430.5061159923235,54.33422462058707,643.4173827295397,5.038441469369733,5.030799119692533,True
S0,S1,120,15000,113.48820462459189,17.638349175949546,88.5983671204048,144.02462441091672,54.33422462058707,643.4173827295397,1.1253098169883895,-0.024237540785128336,True
S1,S1,120,15000,105.94660745643141,16.466233319183736,80.69823029693629,137.33145433000888,54.33422462058707,643.4173827295397,1.1372417373077572,-0.44553404523799023,True
S2,S1,120,15000,111.64948906084187,17.352575801915147,86.42833607010246,139.97084666601725,54.33422462058707,643.4173827295397,1.2375936781303605,-0.1975785649637805,True
B3,S1,120,15000,114.55132748417053,17.80357984706828,63.51597947917281,141.00082089805196,0.0,643.4173827295397,2.7814076388888886,1.4484780092592595,True
B1,S1,120,15600,111.4094997063385,24.813671316543417,89.62729333151728,147.9737326284348,45.9820885586128,448.9843453034745,3.2231282407407407,3.038858333333333,True
B2,S1,120,15600,96.91842881841566,21.586148789420978,39.8037784875928,96.91842881841566,45.9820885586128,448.9843453034745,0.0,0.0,True
B4,S1,120,15600,294.24053583131786,65.53469823818395,132.26051931634103,294.24053583131786,45.9820885586128,448.9843453034745,3.8607914280844686,3.5861854709227283,True
S0,S1,120,15600,114.21234129616802,25.437933970497426,50.11611534981294,114.21234129616802,45.9820885586128,448.9843453034745,1.2778005677368727,-0.21220308289975714,True
S1,S1,120,15600,104.76277145672665,23.33327933425298,44.7810114605408,104.76277145672665,45.9820885586128,448.9843453034745,1.2335202525143978,0.031197373151888926,True
S2,S1,120,15600,104.9525088577347,23.375538580703942,49.09701207541519,104.9525088577347,45.9820885586128,448.9843453034745,1.501142504084993,-0.5171283008314672,True
B3,S1,120,15600,95.23074716544653,21.210260037257825,100.72016085045918,147.39062764512178,0.0,448.9843453034745,3.2231282407407407,3.038858333333333,True
B1,S1,120,16200,96.91729085629504,20.03916169350099,43.4366714822381,96.91729085629504,44.50374439467017,483.6394472914843,2.145928472222222,-0.19479791666666654,True
B2,S1,120,16200,37.66178943193912,7.787162449807524,25.657967290279508,39.614160775164635,44.50374439467017,483.6394472914843,0.0,0.0,True
B4,S1,120,16200,65.33622238874469,13.509283156005107,192.16743453014902,351.2723622824376,44.50374439467017,483.6394472914843,7.4591877411494485,7.45905067670803,True
S0,S1,120,16200,37.556996851217015,7.765494949087934,55.23741586960353,97.46606807556249,44.50374439467017,483.6394472914843,1.6377925917561826,0.7765801178393134,True
S1,S1,120,16200,57.55935450593508,11.901294410181697,56.894808498745306,100.86399082233483,44.50374439467017,483.6394472914843,1.9933207363153163,1.1786861573054839,True
S2,S1,120,16200,49.72122272672129,10.280638398123642,49.81710748351315,84.81704601457295,44.50374439467017,483.6394472914843,1.703470038355988,0.4430444475910923,True
B3,S1,120,16200,66.12445373391247,13.672262282207923,52.726208905512294,87.87630851081417,0.0,483.6394472914843,2.145928472222222,-0.19479791666666654,True
B1,S1,120,16800,246.91488175831202,54.87626438106834,127.67007106470327,246.91488175831202,51.83842485142707,449.94841493528247,3.2676162037037035,3.161694907407407,True
B2,S1,120,16800,107.1526730481518,23.814435053308035,39.92722330377232,107.1526730481518,51.83842485142707,449.94841493528247,0.0,0.0,True
B4,S1,120,16800,127.60816954554483,28.360622086845027,62.96754834470446,127.60816954554483,51.83842485142707,449.94841493528247,1.9488147759637438,-0.6437650597016483,True
S0,S1,120,16800,85.08711036626423,18.910414514628876,36.974449598660215,85.08711036626423,51.83842485142707,449.94841493528247,1.8181483037479174,1.4142919586146423,True
S1,S1,120,16800,105.1054031842696,23.359434036318863,35.959432260860126,105.1054031842696,51.83842485142707,449.94841493528247,1.278206292859256,0.8872590441943438,True
S2,S1,120,16800,68.93184064790415,15.319942988979935,37.13483893975946,68.93184064790415,51.83842485142707,449.94841493528247,1.7559566332114422,1.0425065963468099,True
B3,S1,120,16800,28.783129477884067,6.396984303639349,24.696641632839647,48.71200648513631,0.0,449.94841493528247,3.2676162037037035,3.161694907407407,True
B1,S1,120,17400,139.82764921633478,21.349230526968164,132.59464610437942,228.9341950019211,34.02142138307899,654.9540464219808,3.1867763888888887,1.5160481481481483,True
B2,S1,120,17400,120.54143303778552,18.40456344934493,67.10536663140083,120.54143303778552,34.02142138307899,654.9540464219808,0.0,0.0,True
B4,S1,120,17400,69.01508292971448,10.537393166244934,93.35757140916361,168.12316063920412,34.02142138307899,654.9540464219808,2.8638044634211677,-0.34967404049612716,True
S0,S1,120,17400,53.30825944702713,8.139236598086626,82.20949363366987,158.16095181968677,34.02142138307899,654.9540464219808,1.8871377936689555,0.49987939822395683,True
S1,S1,120,17400,35.90774421824232,5.482482994708806,73.83923244148163,142.15319514253204,34.02142138307899,654.9540464219808,1.7491480858470285,0.018714524608010947,True
S2,S1,120,17400,28.183729347011468,4.303161344063665,74.04360738435382,147.50474900571368,34.02142138307899,654.9540464219808,2.0945502997268224,0.03168703591323568,True
B3,S1,120,17400,124.41311094717774,18.99570078646701,56.77268180288453,124.41311094717774,0.0,654.9540464219808,3.1867763888888887,1.5160481481481483,True
B1,S1,120,18600,587.2921131705604,45.237530227058045,274.0571352899286,587.2921131705604,43.0319838041484,1298.2408858812582,2.2007236111111115,2.0256976851851856,True
B2,S1,120,18600,501.1597940554283,38.602989591969,222.20498102939612,501.1597940554283,43.0319838041484,1298.2408858812582,0.0,0.0,True
B4,S1,120,18600,954.6424955301923,73.53354111029802,407.7457376344149,954.6424955301923,43.0319838041484,1298.2408858812582,6.537010591466369,6.49794602091577,True
S0,S1,120,18600,502.76701847878206,38.72678976193998,220.8958680496561,502.76701847878206,43.0319838041484,1298.2408858812582,2.1522052470954844,0.5845084150464621,True
S1,S1,120,18600,509.92526909326847,39.27817053359295,225.47462324135157,509.92526909326847,43.0319838041484,1298.2408858812582,2.054178087783538,0.7833410518786534,True
S2,S1,120,18600,501.2244203702177,38.60796758299457,221.9155175155628,501.2244203702177,43.0319838041484,1298.2408858812582,1.9008158055389481,0.5889203763454207,True
B3,S1,120,18600,176.52384296346432,13.597156343111028,120.10453596781149,182.48001533730755,0.0,1298.2408858812582,2.2007236111111115,2.0256976851851856,True
B1,S1,120,19200,513.3941652739388,36.0739952602183,263.3780247913528,513.3941652739388,26.42855695617445,1423.1696865583945,3.8760523148148134,-2.9767902777777766,True
B2,S1,120,19200,399.23783482722797,28.05272193456369,194.20981432116676,399.23783482722797,26.42855695617445,1423.1696865583945,0.0,0.0,True
B4,S1,120,19200,1104.6419562406554,77.61842924802421,485.4236951778479,1104.6419562406554,26.42855695617445,1423.1696865583945,8.63459296773444,8.594579311597402,True
S0,S1,120,19200,389.59339937580353,27.375049022997725,186.90669652800025,389.59339937580353,26.42855695617445,1423.1696865583945,2.240878370169355,-0.7070907232594569,True
S1,S1,120,19200,513.2495918301513,36.063836707436224,271.08516705335074,513.2495918301513,26.42855695617445,1423.1696865583945,3.695675366894145,-2.882081266230614,True
S2,S1,120,19200,391.51612733786783,27.510150829916753,188.13544256834888,391.51612733786783,26.42855695617445,1423.1696865583945,2.2508506470302834,-0.8289362749710419,True
B3,S1,120,19200,391.35550665846046,27.498864707051403,212.7118651028976,392.3177513369439,0.0,1423.1696865583945,3.8760523148148134,-2.9767902777777766,True
B1,S1,120,19800,291.15224934061524,25.712145390752458,106.66034616231505,291.15224934061524,38.65597552131278,1132.352998615705,3.2943988425925923,2.110007638888889,True
B2,S1,120,19800,173.69444333941445,15.339248763570628,83.98535098947438,173.69444333941445,38.65597552131278,1132.352998615705,0.0,0.0,True
B4,S1,120,19800,814.2410238830139,71.90699586422421,399.77936022592934,814.2410238830139,38.65597552131278,1132.352998615705,10.370868627515526,10.246547642392644,True
S0,S1,120,19800,229.01532393423253,20.22472887996962,125.5171236861209,229.01532393423253,38.65597552131278,1132.352998615705,1.7326894746629173,-1.0754996220787554,True
S1,S1,120,19800,272.83981502941134,24.09494348166662,163.97747644194965,272.83981502941134,38.65597552131278,1132.352998615705,2.1874267541457795,-1.9086594278511135,True
S2,S1,120,19800,222.3957770271058,19.640145546396163,120.93832282444518,222.3957770271058,38.65597552131278,1132.352998615705,1.9495376376427975,-1.15246333919815,True
B3,S1,120,19800,140.37138057541327,12.3964329804413,61.323305439367275,140.37138057541327,0.0,1132.352998615705,3.2943988425925923,2.110007638888889,True
B1,S1,120,20400,434.14985283795835,48.67454571285012,228.13271340187586,434.14985283795835,60.186610940055,891.9443345176253,3.6476402777777777,3.500643518518518,True
B2,S1,120,20400,272.6141388349509,30.564030543720428,112.80937071901165,272.6141388349509,60.186610940055,891.9443345176253,0.0,0.0,True
B4,S1,120,20400,300.3946601963547,33.67863313564427,149.9245728684622,300.3946601963547,60.186610940055,891.9443345176253,2.4027859477456106,1.8096375719130302,True
S0,S1,120,20400,250.65588392081838,28.102189141251312,111.95371251685339,250.65588392081838,60.186610940055,891.9443345176253,1.7746205826973702,-0.37256469076921495,True
S1,S1,120,20400,288.55720946807634,32.35148184714147,115.46531443239707,288.55720946807634,60.186610940055,891.9443345176253,1.798270890332623,0.22415698369034023,True
S2,S1,120,20400,230.60834935068118,25.854567423806447,103.29872709007648,230.60834935068118,60.186610940055,891.9443345176253,2.14803057956777,-1.0385843194956046,True
B3,S1,120,20400,172.78011538836387,19.37117695599306,154.85659143409725,217.7141282293821,0.0,891.9443345176253,3.6476402777777777,3.500643518518518,True
B1,S1,120,21000,412.222356499358,39.60753952240205,221.1063175271457,412.4420882071283,54.36149522309867,1040.7673929510436,2.8477888888888887,-2.0712754629629626,True
B2,S1,120,21000,399.1780567667536,38.354204740687,201.0213753839944,399.1780567667536,54.36149522309867,1040.7673929510436,0.0,0.0,True
B4,S1,120,21000,628.3846249334786,60.377047665927115,285.27514109335914,628.3846249334786,54.36149522309867,1040.7673929510436,4.614117112963684,4.257244255685255,True
S0,S1,120,21000,404.5569055757806,38.87102039473776,209.36020417013384,404.5569055757806,54.36149522309867,1040.7673929510436,1.7180245868881996,-0.06903981725069756,True
S1,S1,120,21000,388.7996689499011,37.35701863674641,203.1138777161956,388.7996689499011,54.36149522309867,1040.7673929510436,2.017931132690926,-1.2462815019225173,True
S2,S1,120,21000,396.1251463570813,38.0608721064837,207.83915450699462,396.1251463570813,54.36149522309867,1040.7673929510436,2.0076516088896006,-0.5583955714073905,True
B3,S1,120,21000,212.24394914354107,20.393024472234284,138.51943769248643,219.14612580134056,0.0,1040.7673929510436,2.8477888888888887,-2.0712754629629626,True
B1,S1,120,21600,519.0427637004008,50.62433650775118,241.53115645900291,519.0427637004008,50.019357797197,1025.2830940726092,2.170416435185185,2.0288006944444446,True
B2,S1,120,21600,383.46818356313554,37.40120029092949,162.61874362790172,383.46818356313554,50.019357797197,1025.2830940726092,0.0,0.0,True
B4,S1,120,21600,1126.0688840809926,109.83004504717269,509.74258076420034,1126.0688840809926,50.019357797197,1025.2830940726092,8.595536748696892,8.594438150634774,True
S0,S1,120,21600,394.3729950910841,38.46479059013482,171.1476810383971,394.3729950910841,50.019357797197,1025.2830940726092,1.7095335053536158,-0.029664692117739644,True
S1,S1,120,21600,380.74050487624,37.13515877491651,167.01965321929436,380.74050487624,50.019357797197,1025.2830940726092,1.4327638122399495,-0.5953700826863404,True
S2,S1,120,21600,394.35838644763965,38.463365750153656,173.306651106808,394.35838644763965,50.019357797197,1025.2830940726092,1.8244758643902894,-0.31525934681561013,True
B3,S1,120,21600,215.5334195317681,21.021844676637603,125.40154416274152,215.5334195317681,0.0,1025.2830940726092,2.170416435185185,2.0288006944444446,True
B1,S1,120,22200,286.1430125904417,29.62948682197108,129.53854497176962,290.3544548638348,57.721573807307635,965.7373221133845,2.1561347222222222,-0.3261555555555552,True
B2,S1,120,22200,348.34741098917584,36.07061703143718,161.68274028882612,356.6838834024125,57.721573807307635,965.7373221133845,0.0,0.0,True
B4,S1,120,22200,302.26384720290065,31.298764196193375,147.12135096016206,302.65758596619423,57.721573807307635,965.7373221133845,2.5053277767562174,-0.33048585375355516,True
S0,S1,120,22200,351.93790672696133,36.44240505863366,157.51719871492,362.9074688171601,57.721573807307635,965.7373221133845,1.9360700965387336,0.527824242297886,True
S1,S1,120,22200,348.59308468639784,36.096056008641085,151.72237624291878,354.9899589495012,57.721573807307635,965.7373221133845,1.712048602558093,0.2284346248380111,True
S2,S1,120,22200,348.6638547889152,36.10338409888849,151.02127442866285,355.1050620567164,57.721573807307635,965.7373221133845,1.886529161468114,0.1775482533706518,True
B3,S1,120,22200,94.06827905777872,9.740565773301908,49.50320288071978,97.25654020904459,0.0,965.7373221133845,2.1561347222222222,-0.3261555555555552,True
B1,S1,120,22800,168.91518274642624,17.99757844553117,103.12071076113362,168.91518274642624,50.91153879418604,938.5439449959347,1.7028229166666664,0.055512731481481954,True
B2,S1,120,22800,64.235815737438,6.8441990468242,86.10926756072588,142.2834683511342,50.91153879418604,938.5439449959347,0.0,0.0,True
B4,S1,120,22800,259.0349852346418,27.599665057320657,114.4332270247784,259.0349852346418,50.91153879418604,938.5439449959347,2.9640458262039933,2.683073221419192,True
S0,S1,120,22800,16.017584023724023,1.7066418795971672,75.75751846298658,141.48666226986975,50.91153879418604,938.5439449959347,1.6505054623080384,0.7259585269522142,True
S1,S1,120,22800,52.85981075062149,5.632108228118232,84.49197246582648,149.61569664399318,50.91153879418604,938.5439449959347,1.2423162671299464,-0.5531825592334387,True
S2,S1,120,22800,32.242274902860125,3.435350584782664,79.82147401376172,151.8208445521368,50.91153879418604,938.5439449959347,1.4637166931247403,0.550008447070209,True
B3,S1,120,22800,107.19453030038213,11.42136507000175,65.21355139750004,107.19453030038213,0.0,938.5439449959347,1.7028229166666664,0.055512731481481954,True
B1,S1,120,23400,316.58048302480853,45.99551067783325,151.95408373856844,316.58048302480853,35.863096267358586,688.2856138770496,2.922140277777778,2.3555259259259262,True
B2,S1,120,23400,129.1031146296452,18.757200793783735,51.02272512219134,129.1031146296452,35.863096267358586,688.2856138770496,0.0,0.0,True
B4,S1,120,23400,664.1481241178648,96.4930997724592,317.74588547110636,664.1481241178648,35.863096267358586,688.2856138770496,6.6446906648451085,6.55625793271989,True
S0,S1,120,23400,104.28280826046627,15.151095149737445,39.8949292185433,104.28280826046627,35.863096267358586,688.2856138770496,1.2377209415534187,0.3742842563828858,True
S1,S1,120,23400,164.20867928707224,23.857636419581667,76.49817675167344,164.20867928707224,35.863096267358586,688.2856138770496,1.2050222896017517,-0.49440749923916544,True
S2,S1,120,23400,115.88032957359432,16.83608188769936,42.21024672758395,115.88032957359432,35.863096267358586,688.2856138770496,1.235942945160727,0.16564102593001315,True
B3,S1,120,23400,262.3389815564469,38.114843063291055,129.22346748859897,264.5589733314432,0.0,688.2856138770496,2.922140277777778,2.3555259259259262,True
B1,S1,120,24000,240.28254255924656,37.49047331503888,139.75706276400072,240.28254255924656,27.354115088356664,640.9162683546595,4.0435081018518515,1.544004398148148,True
B2,S1,120,24000,179.95921343649582,28.078428075867315,97.41857589953277,180.11438440605383,27.354115088356664,640.9162683546595,0.0,0.0,True
B4,S1,120,24000,174.28418732573948,27.192972925021312,109.03934921114349,194.59888101996287,27.354115088356664,640.9162683546595,4.214777659204178,-0.5220543527055893,True
S0,S1,120,24000,190.41557551221595,29.709898923465456,102.52278593216133,190.65982329399927,27.354115088356664,640.9162683546595,1.0686115716977242,0.48044525147368056,True
S1,S1,120,24000,191.76330108404693,29.920179991114253,104.54434934071904,192.01160660947806,27.354115088356664,640.9162683546595,0.9844148594451056,0.5280869438875645,True
S2,S1,120,24000,193.05885073151353,30.12232022556211,101.91988076451237,193.2898338104682,27.354115088356664,640.9162683546595,1.1314554646300188,0.3524580504747885,True
B3,S1,120,24000,167.61950188227678,26.15310457208153,122.54999346698058,186.40398077072444,0.0,640.9162683546595,4.0435081018518515,1.544004398148148,True
B1,S1,120,24600,126.76383069944954,16.496466276304663,94.72774556140969,150.54148607826662,35.705146142813774,768.4302115146422,3.481102777777778,0.30033564814814817,True
B2,S1,120,24600,111.16930185652126,14.467065478515865,45.887292861387394,111.16930185652126,35.705146142813774,768.4302115146422,0.0,0.0,True
B4,S1,120,24600,127.69701917083668,16.61790716415676,122.85738125223159,189.84645004697862,35.705146142813774,768.4302115146422,3.534977581505638,2.6846278164024513,True
S0,S1,120,24600,73.08124155068253,9.510459174507611,30.323036486465718,73.08124155068253,35.705146142813774,768.4302115146422,1.3776094994395929,-0.35129656010414956,True
S1,S1,120,24600,132.6835966996259,17.266837601048387,70.60569533994993,132.6835966996259,35.705146142813774,768.4302115146422,1.4738021773892906,-1.0693417210635026,True
S2,S1,120,24600,85.91381216010404,11.180431335561432,32.978920874140236,85.91381216010404,35.705146142813774,768.4302115146422,1.7061619344255863,-0.6190584219106735,True
B3,S1,120,24600,54.18040400786876,7.05079045513769,70.51920479274072,147.52697500014926,0.0,768.4302115146422,3.481102777777778,0.30033564814814817,True
B1,S1,120,25800,352.013895338992,44.75028215715373,165.3469512430674,352.013895338992,37.397080068924126,786.6182700318896,3.3755379629629623,2.189670833333333,True
B2,S1,120,25800,176.37088360878596,22.421406968037477,101.47687305883711,176.37088360878596,37.397080068924126,786.6182700318896,0.0,0.0,True
B4,S1,120,25800,265.2569653205811,33.721180326745724,128.29577318334668,265.2569653205811,37.397080068924126,786.6182700318896,2.737067700720679,0.9266522146120447,True
S0,S1,120,25800,183.77706363947792,23.362928454741787,102.40891392038588,183.77706363947792,37.397080068924126,786.6182700318896,1.2458275333847972,0.4321001016042514,True
S1,S1,120,25800,182.19838155099075,23.162236181420553,99.71516444696076,182.19838155099075,37.397080068924126,786.6182700318896,1.1460760904391263,0.06446054168982836,True
S2,S1,120,25800,153.90003006792818,19.564766791100475,87.18857478368737,153.90003006792818,37.397080068924126,786.6182700318896,1.306672836740572,0.11434636702248649,True
B3,S1,120,25800,86.37381995747766,10.980398402642754,64.55824894741284,97.50483464553281,0.0,786.6182700318896,3.3755379629629623,2.189670833333333,True
B1,S1,120,26400,445.1047352782558,61.22538518763775,282.16388666675505,461.1671568761669,29.888433976318357,726.9937688658733,4.99835787037037,4.954210648148147,True
B2,S1,120,26400,128.1095671303918,17.621824645106052,78.12012040486051,135.73649986541233,29.888433976318357,726.9937688658733,0.0,0.0,True
B4,S1,120,26400,403.8990421623555,55.55742833840888,257.7020971852088,416.8429230510653,29.888433976318357,726.9937688658733,4.350135645144318,4.34442510407063,True
S0,S1,120,26400,117.5552587577504,16.170050389997048,77.7657239479998,130.22382886835044,29.888433976318357,726.9937688658733,1.7079516307169518,0.5874990622524218,True
S1,S1,120,26400,81.9573001210159,11.273452900273291,66.2145334688736,107.25976115028298,29.888433976318357,726.9937688658733,1.51092217686415,0.2856715167807198,True
S2,S1,120,26400,98.90602737794205,13.60479712669858,69.19990170927407,121.00027181192438,29.888433976318357,726.9937688658733,1.7807728777409235,0.3774154824162927,True
B3,S1,120,26400,205.42062736754107,28.256174421962633,104.72243122285248,215.1897474136539,0.0,726.9937688658733,4.99835787037037,4.954210648148147,True
B1,S1,120,27000,430.2936746498304,37.1997736850539,168.15886619187938,430.2936746498304,28.786698091707578,1156.7104635980986,5.11655023148148,-3.8576303240740732,True
B2,S1,120,27000,280.657661173546,24.263432380521895,99.8263274928392,280.657661173546,28.786698091707578,1156.7104635980986,0.0,0.0,True
B4,S1,120,27000,479.93997119697707,41.49179818984789,189.3359059424235,479.93997119697707,28.786698091707578,1156.7104635980986,5.019333494022428,-3.6120542455940132,True
S0,S1,120,27000,328.2585150560953,28.378624157596395,129.01963262948772,328.2585150560953,28.786698091707578,1156.7104635980986,2.442339578627167,-1.2336459609161705,True
S1,S1,120,27000,369.3159329793617,31.928122430098576,162.5345868785264,369.3159329793617,28.786698091707578,1156.7104635980986,2.224887966055496,-0.029149719226092354,True
S2,S1,120,27000,320.4646096172673,27.70482499314654,123.56926699906685,320.4646096172673,28.786698091707578,1156.7104635980986,2.6169187041422264,-1.5189984391598255,True
B3,S1,120,27000,363.2951071198562,31.40760964414374,141.80026382365006,363.2951071198562,0.0,1156.7104635980986,5.11655023148148,-3.8576303240740732,True
B1,S1,120,27600,1176.6748512798538,80.44610725166848,730.9545082794649,1181.776942171705,42.03940727644292,1462.6871224467473,9.855849537037036,-9.825384259259259,True
B2,S1,120,27600,448.9625936695034,30.694369751371692,232.37030047221378,448.9625936695034,42.03940727644292,1462.6871224467473,0.0,0.0,True
B4,S1,120,27600,706.7281607410562,48.317111014066946,436.74636599305757,732.1688106230537,42.03940727644292,1462.6871224467473,5.664645468073489,-5.189807428087964,True
S0,S1,120,27600,499.24626917095827,34.13212993465282,277.7636766215108,499.24626917095827,42.03940727644292,1462.6871224467473,2.65708012258109,-1.1851322029165958,True
S1,S1,120,27600,553.0879858279416,37.813143859689525,337.3133534817905,561.6560637932421,42.03940727644292,1462.6871224467473,3.6154648725198695,-2.7325289749036483,True
S2,S1,120,27600,495.95081684884894,33.90682868795854,288.22771386531423,508.2571594777482,42.03940727644292,1462.6871224467473,2.9599024851210864,-1.242238797589487,True
B3,S1,120,27600,1156.7237632694892,79.08210481367675,721.4717040700953,1157.926937601506,0.0,1462.6871224467473,9.855849537037036,-9.825384259259259,True
B1,S1,120,28200,521.8582151136943,43.7082382767112,250.03351290396807,521.8582151136943,18.919483375518052,1193.9584748529041,4.091101620370371,4.0819733796296305,True
B2,S1,120,28200,235.98323741794766,19.764777619005624,101.69329766435162,235.98323741794766,18.919483375518052,1193.9584748529041,0.0,0.0,True
B4,S1,120,28200,450.857681216663,37.76158808807892,216.88811345589244,450.857681216663,18.919483375518052,1193.9584748529041,3.322331078501085,3.2663994720293275,True
S0,S1,120,28200,274.96746058603674,23.029901489657146,134.83207144716053,274.96746058603674,18.919483375518052,1193.9584748529041,2.3906177071037744,-0.1334353151250941,True
S1,S1,120,28200,233.98662020909146,19.597550931402253,107.3047941207981,233.98662020909146,18.919483375518052,1193.9584748529041,2.183117233625159,-0.43518986953093747,True
S2,S1,120,28200,312.2494722141699,26.152456621461567,149.03043482565366,312.2616376742538,18.919483375518052,1193.9584748529041,2.918406466492587,-0.6572679917419068,True
B3,S1,120,28200,394.2280939142757,33.01857662703426,204.82155859609873,394.2280939142757,0.0,1193.9584748529041,4.091101620370371,4.0819733796296305,True
B1,S1,120,28800,470.00462335097717,41.25418607187999,215.41380186466546,470.00462335097717,17.102683511106893,1139.2895318115256,5.209168981481482,-4.42812361111111,True
B2,S1,120,28800,96.8453012502163,8.500499525895544,33.94709929753491,96.8453012502163,17.102683511106893,1139.2895318115256,0.0,0.0,True
B4,S1,120,28800,478.41258968211935,41.99218691331431,210.5726755818543,478.41258968211935,17.102683511106893,1139.2895318115256,5.194648824509404,-4.515636784314949,True
S0,S1,120,28800,101.34272490846223,8.89525639258024,45.742217977315654,101.34272490846223,17.102683511106893,1139.2895318115256,2.3491829420832215,-0.6476873080544209,True
S1,S1,120,28800,176.54356927147956,15.495935347599195,76.43274918542272,176.54356927147956,17.102683511106893,1139.2895318115256,2.5675493942488417,-1.5090033588023102,True
S2,S1,120,28800,166.70197828762886,14.632099535099266,95.69452676078936,166.70197828762886,17.102683511106893,1139.2895318115256,3.320392855680015,-1.4641174943056396,True
B3,S1,120,28800,462.33593229308025,40.581074378691405,212.46561367105127,462.33593229308025,0.0,1139.2895318115256,5.209168981481482,-4.42812361111111,True
B1,S1,120,29400,277.4565898817135,23.80356187678216,166.09179344093016,300.56255832533367,42.13329972899123,1165.6095475036568,3.933381018518518,2.384632407407407,True
B2,S1,120,29400,159.2421226425934,13.661703696888585,129.60067186068213,193.18934398346136,42.13329972899123,1165.6095475036568,0.0,0.0,True
B4,S1,120,29400,374.3032184722199,32.11222997219363,247.7488947933525,393.0586257143293,42.13329972899123,1165.6095475036568,3.6801183891121703,-3.014858787758879,True
S0,S1,120,29400,217.70160376093153,18.677060789968227,143.4224364453383,244.93652081351695,42.13329972899123,1165.6095475036568,2.140590574107823,-0.6237759620193318,True
S1,S1,120,29400,243.94917804483111,20.928893261666236,160.5394603020004,276.08238919581584,42.13329972899123,1165.6095475036568,2.575358775740545,-1.4631559822797702,True
S2,S1,120,29400,220.8736638798449,18.949198241630906,150.50712086432122,249.52188536056977,42.13329972899123,1165.6095475036568,2.5913164402628612,-0.6460354040790713,True
B3,S1,120,29400,145.77753844041703,12.506549792134376,84.63493698198235,146.04563082597974,0.0,1165.6095475036568,3.933381018518518,2.384632407407407,True
B1,S1,120,30000,677.5139586549776,77.36891279382763,409.5081600412425,691.248899883161,29.633187194629535,875.6927481460339,8.858372916666665,8.740248379629628,True
B2,S1,120,30000,123.03143566022565,14.049612255063286,76.25312084533816,137.64471946530452,29.633187194629535,875.6927481460339,0.0,0.0,True
B4,S1,120,30000,614.4812128540514,70.17086919527374,374.3651341949512,617.7087534457136,29.633187194629535,875.6927481460339,7.742845263471002,7.719079516803259,True
S0,S1,120,30000,151.0553463595848,17.249811269922066,117.4708999776888,187.1578733578548,29.633187194629535,875.6927481460339,2.1089127035827526,-0.661560110079394,True
S1,S1,120,30000,177.96363112959952,20.322611042100537,130.6672227042167,207.66298408123052,29.633187194629535,875.6927481460339,2.9289699818307433,1.671261747654399,True
S2,S1,120,30000,149.53258791016546,17.075919405150632,98.73582805797658,172.73201648405993,29.633187194629535,875.6927481460339,2.0400587942329587,-0.7892388850874338,True
B3,S1,120,30000,611.9403258603166,69.8807118313908,404.6052500309086,675.3867811301998,0.0,875.6927481460339,8.858372916666665,8.740248379629628,True
B1,S1,120,30600,117.22757772767166,19.43065531982426,66.50923134332432,130.45277654512066,31.109680708371744,603.3125275402801,1.7969340277777777,1.4277636574074075,True
B2,S1,120,30600,78.2370947764092,12.967921467731449,36.27463488252393,78.2370947764092,31.109680708371744,603.3125275402801,0.0,0.0,True
B4,S1,120,30600,121.16028146309107,20.08250714717702,62.24044024809495,121.16028146309107,31.109680708371744,603.3125275402801,2.240155947439471,-1.9284315734038826,True
S0,S1,120,30600,51.62295963845638,8.556586724450169,33.11306721296299,61.44455970999436,31.109680708371744,603.3125275402801,1.86518150953468,-0.2821072559130362,True
S1,S1,120,30600,71.71404624180035,11.886715917234515,38.08846569684226,71.71404624180035,31.109680708371744,603.3125275402801,1.9762592739066864,-0.15252981871762264,True
S2,S1,120,30600,83.90397615776912,13.907215966465618,49.934627956558295,83.90397615776912,31.109680708371744,603.3125275402801,2.074056855787478,-0.8456258789893538,True
B3,S1,120,30600,101.5129543341822,16.82593178498265,46.966127182774386,101.5129543341822,0.0,603.3125275402801,1.7969340277777777,1.4277636574074075,True
B1,S1,120,31200,177.9841152052852,37.9700341976645,123.03232105433162,188.36329986475258,33.38039192235511,468.74889361103817,2.6797601851851844,2.4418273148148146,True
B2,S1,120,31200,46.009398293148784,9.815361469701259,28.37666979829063,47.702001165572916,33.38039192235511,468.74889361103817,0.0,0.0,True
B4,S1,120,31200,156.46036848498602,33.37829072612486,95.13848156627488,156.46036848498602,33.38039192235511,468.74889361103817,2.367019471540368,1.624507088153715,True
S0,S1,120,31200,72.50461832996945,15.467688418723576,47.23813867600387,72.50461832996945,33.38039192235511,468.74889361103817,1.6093903202632727,0.38141986235194575,True
S1,S1,120,31200,53.69736074872208,11.455463998018407,46.323798097216354,63.98786214090528,33.38039192235511,468.74889361103817,1.438640414131494,-0.06403129471056597,True
S2,S1,120,31200,67.82020126122828,14.46834375197579,57.19835656440519,80.7226641550828,33.38039192235511,468.74889361103817,1.5150712857320918,-0.32719354177048576,True
B3,S1,120,31200,91.71392969032424,19.565684514751577,92.82735691871974,152.17180524500787,0.0,468.74889361103817,2.6797601851851844,2.4418273148148146,True
B1,S1,120,31800,133.5780105434331,23.449869910550955,95.39295059760282,133.5780105434331,31.646929431514604,569.6322028777288,2.2127909722222223,1.7691011574074074,True
B2,S1,120,31800,121.49563052193714,21.328785470370626,52.2121482585377,121.49563052193714,31.646929431514604,569.6322028777288,0.0,0.0,True
B4,S1,120,31800,286.2422225203488,50.25035822663813,149.75951006751916,286.2422225203488,31.646929431514604,569.6322028777288,3.004187301756965,-2.335728440112854,True
S0,S1,120,31800,145.79683709706202,25.594907794978933,64.91737825877762,145.79683709706202,31.646929431514604,569.6322028777288,1.5254124612728666,0.4491762683614065,True
S1,S1,120,31800,138.78339903841166,24.36368560929155,63.59047739062506,138.78339903841166,31.646929431514604,569.6322028777288,1.3436380776624568,0.23429832858676203,True
S2,S1,120,31800,127.29526694244139,22.34692250532143,59.11180636807276,127.29526694244139,31.646929431514604,569.6322028777288,1.14506969697854,-0.10251622894466392,True
B3,S1,120,31800,72.42142852781599,12.71371740606477,54.487569210298076,78.4668062461759,0.0,569.6322028777288,2.2127909722222223,1.7691011574074074,True
B1,S1,120,32400,144.86437982271977,19.449239848671553,78.80143835498492,149.51912753012863,34.72874677336776,744.8331191854497,1.9246266203703708,-1.2215067129629635,True
B2,S1,120,32400,170.68964482815915,22.916495041845817,83.06371216423454,170.68964482815915,34.72874677336776,744.8331191854497,0.0,0.0,True
B4,S1,120,32400,251.75447351632593,33.80011804411233,131.24005618736174,251.75447351632593,34.72874677336776,744.8331191854497,1.625821575172015,1.0547667609906461,True
S0,S1,120,32400,190.19349127431414,25.535047566401175,88.61884689194268,190.19349127431414,34.72874677336776,744.8331191854497,1.4568085959475567,0.20576862497474513,True
S1,S1,120,32400,149.53629463839286,20.076483011647753,71.6227959623531,149.53629463839286,34.72874677336776,744.8331191854497,1.6041427747191797,-0.675412403097849,True
S2,S1,120,32400,158.48305316900013,21.2776592617575,72.32179378846511,158.48305316900013,34.72874677336776,744.8331191854497,1.5999011684925184,-0.062114790586893655,True
B3,S1,120,32400,82.0215289049322,11.012067910544987,53.35051577292501,88.41670189775807,0.0,744.8331191854497,1.9246266203703708,-1.2215067129629635,True
B1,S1,120,33000,171.32994815442308,29.679127105226282,110.94918906015195,172.91779816174684,25.18495141100836,577.2742154679243,4.057777546296297,3.9875062500000005,True
B2,S1,120,33000,74.98205792098544,12.988984422283062,33.12248447491354,74.98205792098544,25.18495141100836,577.2742154679243,0.0,0.0,True
B4,S1,120,33000,114.45116419955741,19.82613481303441,95.88105360612076,150.7351245834987,25.18495141100836,577.2742154679243,3.2626228492141527,3.2165072618204538,True
S0,S1,120,33000,97.54161542675506,16.89692919121465,46.90933048759923,97.54161542675506,25.18495141100836,577.2742154679243,1.5412522846089018,0.11241098408430467,True
S1,S1,120,33000,63.97607659056497,11.08244139030314,24.615209515332396,63.97607659056497,25.18495141100836,577.2742154679243,1.3336562206907498,-0.059026405123722654,True
S2,S1,120,33000,84.87494404679883,14.702708309603139,35.38099285483351,84.87494404679883,25.18495141100836,577.2742154679243,1.961037726100044,-0.27276386826363586,True
B3,S1,120,33000,199.4589838129223,34.55186087797907,107.17637830763948,199.48416788438212,0.0,577.2742154679243,4.057777546296297,3.9875062500000005,True
B1,S1,120,33600,204.88792776813105,35.04434151669896,121.68852367693965,209.90408383511576,31.599323135815588,584.6533816893093,2.1182701388888887,0.5411520833333333,True
B2,S1,120,33600,110.1738782024807,18.844307012155145,42.737236546650045,110.1738782024807,31.599323135815588,584.6533816893093,0.0,0.0,True
B4,S1,120,33600,189.04122890367285,32.333898139347674,129.34429372294815,194.29744856533398,31.599323135815588,584.6533816893093,2.1612913485302316,1.3049433330389377,True
S0,S1,120,33600,167.5975748088312,28.666143061478817,77.67245928971867,167.99387933333043,31.599323135815588,584.6533816893093,1.9303657337847513,0.8654351817713886,True
S1,S1,120,33600,164.01939715825986,28.054126136128538,72.95987510272586,164.4171011947173,31.599323135815588,584.6533816893093,1.7981678506253702,0.9957372402504323,True
S2,S1,120,33600,188.46317269240612,32.235026529369726,86.34746982388998,188.76310481056439,31.599323135815588,584.6533816893093,1.8599664232482545,0.6288166354867938,True
B3,S1,120,33600,192.71307970378334,32.961937062085276,130.92349291373057,208.50423673089117,0.0,584.6533816893093,2.1182701388888887,0.5411520833333333,True
B1,S1,120,34200,298.4821699432496,29.70102571330985,131.4678961857038,298.4821699432496,39.4310949490463,1004.9557642364232,3.6522699074074065,-3.130743981481481,True
B2,S1,120,34200,237.8441415162877,23.66712545770653,97.19156030220438,237.8441415162877,39.4310949490463,1004.9557642364232,0.0,0.0,True
B4,S1,120,34200,281.98426601586414,28.059370974414875,121.87324879474903,281.98426601586414,39.4310949490463,1004.9557642364232,3.5365833988944466,-3.041530736213794,True
S0,S1,120,34200,218.66496723699956,21.75866590537382,98.22693140556277,218.66496723699956,39.4310949490463,1004.9557642364232,2.05143925178196,0.633027052866835,True
S1,S1,120,34200,214.84579627896628,21.378632167178875,88.95745776917336,214.84579627896628,39.4310949490463,1004.9557642364232,1.747956832699828,-0.053788355318174864,True
S2,S1,120,34200,230.40925261478063,22.92730295346365,102.36534026093283,230.40925261478063,39.4310949490463,1004.9557642364232,2.2060466765321873,0.3835468071664646,True
B3,S1,120,34200,245.61363309209622,24.440243225901217,118.04995974166282,245.61363309209622,0.0,1004.9557642364232,3.6522699074074065,-3.130743981481481,True
B1,S1,120,35400,288.2686222936569,19.452072426349037,284.7569953199516,429.7497976344071,29.095195445617293,1481.942982605695,5.218387037037036,-1.6879967592592597,True
B2,S1,120,35400,206.8360520737089,13.957085697725686,114.91910677725036,206.8360520737089,29.095195445617293,1481.942982605695,0.0,0.0,True
B4,S1,120,35400,174.75731868879907,11.792445508363883,190.32679018597847,310.3572461644808,29.095195445617293,1481.942982605695,4.565711903493393,-0.20101746694427353,True
S0,S1,120,35400,342.42064008377105,23.106195319451096,250.5938948320848,342.6247201970847,29.095195445617293,1481.942982605695,3.5007816987985994,-2.655035059703713,True
S1,S1,120,35400,349.73842015118896,23.599991649897703,257.73652615273227,349.73842015118896,29.095195445617293,1481.942982605695,3.563637445672471,-2.7127398620420995,True
S2,S1,120,35400,369.07138005652075,24.90456005315291,267.48847785312154,369.07138005652075,29.095195445617293,1481.942982605695,3.881547235955574,-2.9290515909315338,True
B3,S1,120,35400,275.1472888986958,18.566658240447637,287.5517260262503,412.27385480610536,0.0,1481.942982605695,5.218387037037036,-1.6879967592592597,True
B1,S1,120,36000,205.1130763097045,25.568472139096013,335.5941114176852,561.8796612389275,34.97868914957012,802.2109228657116,11.181332175925927,11.099246527777778,True
B2,S1,120,36000,40.68713058139436,5.071874418768703,45.66040443730973,84.17326912045537,34.97868914957012,802.2109228657116,0.0,0.0,True
B4,S1,120,36000,189.08995347117215,23.571101823905906,312.8384317639774,525.2394405352725,34.97868914957012,802.2109228657116,10.54198238302459,10.482026360461676,True
S0,S1,120,36000,51.67597964573556,6.441694842689896,61.95884946165696,92.69795100007545,34.97868914957012,802.2109228657116,2.010626027863466,-0.8702269610431529,True
S1,S1,120,36000,114.17881557275321,14.233016818678559,69.68352403387688,118.2573905676086,34.97868914957012,802.2109228657116,2.6533715366366155,0.692100942252443,True
S2,S1,120,36000,54.13498877149925,6.748223843439406,57.152325952180234,89.66058001094673,34.97868914957012,802.2109228657116,2.215725499352491,-0.9165077233065477,True
B3,S1,120,36000,333.9911908874421,41.63383735717987,380.0959194839828,615.813619217732,0.0,802.2109228657116,11.181332175925927,11.099246527777778,True
B1,S1,120,36600,386.3985841414769,45.49759968783758,143.35889082752595,386.3985841414769,31.197215004234092,849.2724600695121,4.300512962962963,-2.085423611111111,True
B2,S1,120,36600,265.5352326408738,31.266200792515985,91.12624213845461,265.5352326408738,31.197215004234092,849.2724600695121,0.0,0.0,True
B4,S1,120,36600,314.7328002158414,37.05910823837156,123.45160981569369,314.7328002158414,31.197215004234092,849.2724600695121,3.2447418920067346,-1.0250066470939918,True
S0,S1,120,36600,248.61239361300076,29.273573005375926,86.54223925315408,248.61239361300076,31.197215004234092,849.2724600695121,1.8141124173125225,-1.2061966987391195,True
S1,S1,120,36600,236.71504344829063,27.872685690163053,86.15509590341455,236.71504344829063,31.197215004234092,849.2724600695121,1.4851742078278074,-0.0266127399164674,True
S2,S1,120,36600,263.3081876066274,31.003971044236607,90.29082290785789,263.3081876066274,31.197215004234092,849.2724600695121,2.309351209633118,-1.55246657403684,True
B3,S1,120,36600,278.72320632935134,32.819056243333044,85.21573772744725,278.72320632935134,0.0,849.2724600695121,4.300512962962963,-2.085423611111111,True
B1,S1,120,37200,329.3338038962897,30.045537356981562,261.88736562683647,391.7924178658129,34.03964945566351,1096.1155395004566,4.379659027777778,-3.3502284722222226,True
B2,S1,120,37200,221.98190839192952,20.25168884049354,156.68921491862775,241.40181578612078,34.03964945566351,1096.1155395004566,0.0,0.0,True
B4,S1,120,37200,54.10401390790168,4.935977272300968,118.98352494637915,204.7368745104471,34.03964945566351,1096.1155395004566,3.7483501949503952,1.616492668117343,True
S0,S1,120,37200,203.29412354914314,18.54677871292586,159.9874157163805,238.0604748808394,34.03964945566351,1096.1155395004566,1.8250197180537073,-1.1311625393727252,True
S1,S1,120,37200,178.63261767005963,16.29687849799754,152.4734575025758,233.2289455367707,34.03964945566351,1096.1155395004566,1.8229954804695914,-0.9700001488818354,True
S2,S1,120,37200,203.05960053993311,18.525382883676244,170.22771723774088,254.16234961348968,34.03964945566351,1096.1155395004566,2.201432225767546,-1.4385933529602222,True
B3,S1,120,37200,377.2346577798304,34.415592534319075,256.9102100420782,377.2346577798304,0.0,1096.1155395004566,4.379659027777778,-3.3502284722222226,True
B1,S1,120,37800,751.1061861898769,93.87896432554712,384.77267426251666,751.1061861898769,26.415359741525915,800.0793272337792,8.593041435185185,8.593041435185185,True
B2,S1,120,37800,98.31761646069998,12.288483543328955,52.17748537444362,98.31761646069998,26.415359741525915,800.0793272337792,0.0,0.0,True
B4,S1,120,37800,678.8193428557242,84.84400480671046,367.9011210359985,678.8193428557242,26.415359741525915,800.0793272337792,7.776281908620555,7.776222083369312,True
S0,S1,120,37800,75.8358773673389,9.478544787494558,47.58976360637439,80.88256467243419,26.415359741525915,800.0793272337792,1.3851778656645286,0.21938554497947582,True
S1,S1,120,37800,126.03077568592798,15.752284979249616,74.9368421760827,126.11698794998298,26.415359741525915,800.0793272337792,1.4230077703310173,1.0448096045649,True
S2,S1,120,37800,71.69908728153159,8.961497296702616,55.129559530847395,88.56578706446001,26.415359741525915,800.0793272337792,1.430875136523903,0.09265229084683062,True
B3,S1,120,37800,711.2187665800699,88.89353122509256,358.6683063982733,711.2187665800699,0.0,800.0793272337792,8.593041435185185,8.593041435185185,True
B1,S1,120,38400,79.64789165972789,12.479425754100774,44.22973747894794,92.05828730378614,25.889638963116077,638.2336273250023,2.5019,0.3438555555555557,True
B2,S1,120,38400,91.7109113201262,14.369489070093298,33.874893580116996,91.7109113201262,25.889638963116077,638.2336273250023,0.0,0.0,True
B4,S1,120,38400,159.98174816296893,25.066330151467053,65.49248633638348,159.98174816296893,25.889638963116077,638.2336273250023,2.847563224518951,-1.6351777665601277,True
S0,S1,120,38400,100.63730724352278,15.768098535534559,55.484228351084404,100.99946644287115,25.889638963116077,638.2336273250023,1.5189452127017435,0.10939859872499681,True
S1,S1,120,38400,70.15450067249044,10.991978120382907,60.96165375586388,76.06927229885738,25.889638963116077,638.2336273250023,1.7642212698161424,0.8081017469394234,True
S2,S1,120,38400,112.47486431470234,17.622835823632922,51.91545137051671,112.47486431470234,25.889638963116077,638.2336273250023,1.8698435688099857,-0.25941722401168044,True
B3,S1,120,38400,59.956094423022776,9.394066977372198,41.48038240812433,80.83935430233045,0.0,638.2336273250023,2.5019,0.3438555555555557,True
B1,S1,120,39000,226.72150504112096,29.23600738317011,164.85894309381877,239.76113865447957,36.85671411484477,775.4872341824439,4.202000231481481,-3.8673423611111106,True
B2,S1,120,39000,160.03486341803978,20.636685733035474,75.70588785083339,160.03486341803978,36.85671411484477,775.4872341824439,0.0,0.0,True
B4,S1,120,39000,271.0580162482767,34.95325316786668,130.7579650225821,271.0580162482767,36.85671411484477,775.4872341824439,2.3019698294515916,0.17065935592879952,True
S0,S1,120,39000,110.76593121867931,14.283398402483583,55.71218606003093,110.76593121867931,36.85671411484477,775.4872341824439,1.5560333324020734,-0.4901193161919203,True
S1,S1,120,39000,93.04495907754853,11.99825799526423,86.34309672757777,117.27973717757017,36.85671411484477,775.4872341824439,1.9809948684919505,-1.7627243307285925,True
S2,S1,120,39000,113.1642082216213,14.592659070774321,65.94459819023862,114.15776089490177,36.85671411484477,775.4872341824439,1.7668930937805392,-0.7577171631622186,True
B3,S1,120,39000,232.35286204426487,29.962177557857867,164.7640231351077,242.36908967582983,0.0,775.4872341824439,4.202000231481481,-3.8673423611111106,True
B1,S1,120,39600,319.40866657369077,46.358798080363215,261.85524378186085,370.22767777550393,25.69288428418926,688.9925533013047,4.711123611111111,-4.6786310185185185,True
B2,S1,120,39600,82.06967458758079,11.911547402703311,72.68581170512505,112.7289351371575,25.69288428418926,688.9925533013047,0.0,0.0,True
B4,S1,120,39600,131.60164037211786,19.10058965681838,124.59098360798694,186.95814178760534,25.69288428418926,688.9925533013047,2.54418322629116,-1.9339716638013758,True
S0,S1,120,39600,77.34912814057186,11.226409889331004,75.94183827619906,121.62795372476288,25.69288428418926,688.9925533013047,1.4975815754658401,-0.32915224124996667,True
S1,S1,120,39600,83.42149269482115,12.107749538816849,84.1288421859656,126.41776558612783,25.69288428418926,688.9925533013047,1.6644912305470734,0.48601713812608666,True
S2,S1,120,39600,50.34587798308559,7.307173022676884,67.0546936084085,98.75246957729078,25.69288428418926,688.9925533013047,1.8714676117860791,-0.7826552833973838,True
B3,S1,120,39600,314.5682482236782,45.6562624249603,261.4202125514906,365.8607201267578,0.0,688.9925533013047,4.711123611111111,-4.6786310185185185,True
B1,S1,120,40200,162.43855144696573,20.87520741547179,115.44510844230773,162.43855144696573,16.73616600382727,778.1410177825269,2.9748266203703704,1.3310951388888894,True
B2,S1,120,40200,87.14988981430479,11.199755291483843,33.9664654564824,87.14988981430479,16.73616600382727,778.1410177825269,0.0,0.0,True
B4,S1,120,40200,218.85561415385186,28.125443737373722,131.10837423830893,218.85561415385186,16.73616600382727,778.1410177825269,3.1689545388934244,-0.06974036392771628,True
S0,S1,120,40200,50.52104941407318,6.492531335521076,25.450776697973176,55.20425386025344,16.73616600382727,778.1410177825269,1.695135996712446,-0.6044015984620096,True
S1,S1,120,40200,75.78386159398406,9.739090969647863,29.903882048476085,75.78386159398406,16.73616600382727,778.1410177825269,1.5623155244436744,-0.6470754827394785,True
S2,S1,120,40200,81.7213942200554,10.502131664121414,50.73750625469514,91.0246875046997,16.73616600382727,778.1410177825269,2.1522192947283574,-1.1601063302597387,True
B3,S1,120,40200,160.04798785673552,20.56799271587369,121.6188598741494,169.00505979138663,0.0,778.1410177825269,2.9748266203703704,1.3310951388888894,True
B1,S1,120,40800,221.8328157147382,23.22293162569983,152.86231587465804,255.7879416073219,31.92710960079942,955.231748041859,3.117689814814814,-1.8785814814814812,True
B2,S1,120,40800,174.9189646646418,18.31167829411138,85.33744002941195,174.9189646646418,31.92710960079942,955.231748041859,0.0,0.0,True
B4,S1,120,40800,305.6810768164979,32.00072416386047,138.9452317213249,305.6810768164979,31.92710960079942,955.231748041859,2.1883541689820234,2.087478394766102,True
S0,S1,120,40800,127.83526673533225,13.382644263801252,58.07956235335807,127.83526673533225,31.92710960079942,955.231748041859,2.0223502577027617,-0.66813753658404,True
S1,S1,120,40800,149.69045056823074,15.670589977257665,77.54811366280765,150.5238272449393,31.92710960079942,955.231748041859,2.0247332072658213,-1.3241308461785688,True
S2,S1,120,40800,129.13007463146192,13.518193349013703,58.37839603787309,129.13007463146192,31.92710960079942,955.231748041859,2.3799311924156346,-1.2035819033619688,True
B3,S1,120,40800,176.03278241030955,18.42828012900129,130.76644724516012,215.69481239973982,0.0,955.231748041859,3.117689814814814,-1.8785814814814812,True
B1,S1,120,41400,247.41846816281043,28.062433376842016,92.52741293057294,247.41846816281043,30.44926430962039,881.6714674750472,4.009393518518518,2.3189291666666674,True
B2,S1,120,41400,181.1427964209465,20.545384885790597,103.99364290912293,181.44080307813843,30.44926430962039,881.6714674750472,0.0,0.0,True
B4,S1,120,41400,254.10019581333515,28.820281157678117,91.6084378009825,254.10019581333515,30.44926430962039,881.6714674750472,3.8273937726124845,2.327262414989846,True
S0,S1,120,41400,203.61198714699222,23.093861450467635,116.6964038086527,203.88300715590137,30.44926430962039,881.6714674750472,1.7213460121632982,-0.5189044909187207,True
S1,S1,120,41400,207.2668914037087,23.508404099464038,120.22701644051179,207.50228696184615,30.44926430962039,881.6714674750472,1.5073988574063373,-0.6657450302810145,True
S2,S1,120,41400,240.2761668552599,27.25234690234094,142.3962844800231,240.41043846870167,30.44926430962039,881.6714674750472,2.4085489036968974,-1.1625982511918183,True
B3,S1,120,41400,210.5621437214739,23.882154690169006,106.09278498965283,210.5621437214739,0.0,881.6714674750472,4.009393518518518,2.3189291666666674,True
B1,S1,120,42000,279.83859582793116,59.51827689286361,286.2857744123884,358.53361452165603,22.768683180883276,470.17254268240504,4.101599305555555,-2.2417335648148145,True
B2,S1,120,42000,18.018433587535608,3.8323023894032042,7.342937326031475,18.018433587535608,22.768683180883276,470.17254268240504,0.0,0.0,True
B4,S1,120,42000,190.55878028676665,40.52954245256436,144.08614562868996,240.2427537617282,22.768683180883276,470.17254268240504,5.404733208744588,1.460535482432944,True
S0,S1,120,42000,53.212964210649766,11.317752395123247,33.92975288165695,53.212964210649766,22.768683180883276,470.17254268240504,0.8096155552002824,-0.37754196344545254,True
S1,S1,120,42000,79.04279868804963,16.811445057403517,52.32265464216018,79.04279868804963,22.768683180883276,470.17254268240504,1.0163285255859618,-0.5999842654542629,True
S2,S1,120,42000,83.56120859226212,17.772456068049586,61.63959905735388,86.1789759343586,22.768683180883276,470.17254268240504,1.2460823597877135,-0.6332285983590444,True
B3,S1,120,42000,273.37729196590766,58.14403589079215,284.8977239484615,358.36759254548593,0.0,470.17254268240504,4.101599305555555,-2.2417335648148145,True
B1,S1,120,43200,371.3815865734809,39.437541472419205,300.5563377096577,407.2682538943424,20.027351019447565,941.6955842270443,5.860597685185184,-5.53721712962963,True
B2,S1,120,43200,122.2154856319965,12.978237094773311,70.38478454560395,122.2154856319965,20.027351019447565,941.6955842270443,0.0,0.0,True
B4,S1,120,43200,223.5431321907652,23.73836470458256,206.34100961295417,291.9644740511627,20.027351019447565,941.6955842270443,4.141041684141178,-3.4439095210079955,True
S0,S1,120,43200,171.51126593324082,18.21302646056469,103.76021162237944,178.2743341125289,20.027351019447565,941.6955842270443,2.347608457957053,0.938560924596642,True
S1,S1,120,43200,187.62323414798973,19.92397939319141,112.02958996855368,192.0438723510453,20.027351019447565,941.6955842270443,2.236327975697111,1.3074879287569499,True
S2,S1,120,43200,169.56014865848405,18.00583452853941,95.14930883129408,181.93064505563117,20.027351019447565,941.6955842270443,2.3141920611250764,0.46563470488257763,True
B3,S1,120,43200,393.43369938146697,41.779286849306224,306.88064356727966,407.938906955869,0.0,941.6955842270443,5.860597685185184,-5.53721712962963,True
B1,S1,120,43800,122.55752101607047,15.92211353198162,165.50377346227788,237.1138569610949,0.4081609331427756,769.7314855210514,3.8127793981481486,3.429824768518519,True
B2,S1,120,43800,11.98560793108248,1.5571154560436238,11.488162582740669,17.53106703941706,0.4081609331427756,769.7314855210514,0.0,0.0,True
B4,S1,120,43800,169.43112721181586,22.01171842374663,191.69467539281,274.15736706517544,0.4081609331427756,769.7314855210514,3.9636345268368762,3.781209811870193,True
S0,S1,120,43800,97.22161042432576,12.63058771183225,50.189958896438725,99.38197133756434,0.4081609331427756,769.7314855210514,2.1141151616816742,0.026978299240645875,True
S1,S1,120,43800,71.74064999142146,9.320217678617933,36.72589150781049,72.82293344657378,0.4081609331427756,769.7314855210514,1.87146501618861,-0.5270732935165091,True
S2,S1,120,43800,71.03496805210622,9.228538703210354,38.105243291550785,76.34523028509847,0.4081609331427756,769.7314855210514,2.394227823949224,-0.2456146894796067,True
B3,S1,120,43800,112.5531214804967,14.62238762447226,158.88182479669393,226.713659863011,0.0,769.7314855210514,3.8127793981481486,3.429824768518519,True
B1,S1,120,44400,413.1622673123943,43.762414650805475,221.99300494317728,413.1622673123943,5.056261959042007,944.1029947939351,4.959040277777778,-4.199987962962963,True
B2,S1,120,44400,51.18783346107009,5.421848436381946,22.082848723303556,51.18783346107009,5.056261959042007,944.1029947939351,0.0,0.0,True
B4,S1,120,44400,523.2869231949875,55.426889447501736,284.6823685422784,523.2869231949875,5.056261959042007,944.1029947939351,5.856529223556604,-5.463253415628489,True
S0,S1,120,44400,57.30993058996432,6.070304924991058,36.11895543973867,62.513545975996585,5.056261959042007,944.1029947939351,2.271453772163141,-0.055495840256962435,True
S1,S1,120,44400,215.37827616971293,22.813006351782892,113.4799404477113,215.37827616971293,5.056261959042007,944.1029947939351,2.668745544324885,-1.982233055829071,True
S2,S1,120,44400,118.43157718315067,12.544349275049187,64.97658857284287,121.80818615273459,5.056261959042007,944.1029947939351,2.827891897030144,-0.7963954470896597,True
B3,S1,120,44400,396.825439667006,42.03200729742619,216.96634657931915,396.825439667006,0.0,944.1029947939351,4.959040277777778,-4.199987962962963,True
B1,S1,120,45000,363.72897581597397,36.19515663609795,306.2059628405459,400.40910216481507,9.892552659537674,1004.9106278855604,7.327394907407406,-7.193553703703704,True
B2,S1,120,45000,82.3533607059263,8.195093018292242,57.25789381938157,82.48273021062522,9.892552659537674,1004.9106278855604,0.0,0.0,True
B4,S1,120,45000,170.4566950368803,16.962373598888036,116.84758146730262,179.52664144614442,9.892552659537674,1004.9106278855604,3.7403853211452915,-2.3909259755719443,True
S0,S1,120,45000,92.70027177755037,9.224727971342254,54.92264256608004,95.80104939310189,9.892552659537674,1004.9106278855604,1.8868091201970991,-0.24173569032770648,True
S1,S1,120,45000,74.8260386578072,7.44603913835096,42.16505992812398,74.99220206485444,9.892552659537674,1004.9106278855604,2.0303038442967365,0.6823826136088902,True
S2,S1,120,45000,109.79084992717509,10.925434250624535,65.05744642852925,111.22823106950511,9.892552659537674,1004.9106278855604,2.1745531709750945,-0.6703208685252541,True
B3,S1,120,45000,359.58852713753106,35.78313505292942,304.16794269558244,397.814508934601,0.0,1004.9106278855604,7.327394907407406,-7.193553703703704,True
B1,S1,120,45600,339.5189582871826,68.43517010543627,156.10715084998958,340.42290946099325,6.1068631719950845,496.1176508571465,4.2944300925925925,2.9251379629629626,True
B2,S1,120,45600,3.7661789893129742,0.759130214941177,3.1585157029803543,5.121839567617468,6.1068631719950845,496.1176508571465,0.0,0.0,True
B4,S1,120,45600,41.562419020105246,8.377532818737151,98.05720925239933,192.74842356785922,6.1068631719950845,496.1176508571465,3.8987344476803356,0.11820296820856356,True
S0,S1,120,45600,48.7678445606728,9.829895081623523,33.3859684853468,50.07747563608401,6.1068631719950845,496.1176508571465,0.7829408701313689,-0.47454531089847213,True
S1,S1,120,45600,58.50576040696136,11.792718986288934,37.71743169993545,58.50576040696136,6.1068631719950845,496.1176508571465,0.8308790267732159,-0.5508235916780073,True
S2,S1,120,45600,66.56272913614774,13.416722630437915,38.417167729654516,66.56272913614774,6.1068631719950845,496.1176508571465,0.8973659242159524,-0.5710508152776219,True
B3,S1,120,45600,338.4046280945642,68.21056003750316,155.48284958198295,339.35876898931167,0.0,496.1176508571465,4.2944300925925925,2.9251379629629626,True
B1,S1,120,46800,219.20375226987827,27.122446669599636,157.38347389616553,223.68872350741984,6.102220659631979,808.2005098587738,3.806507638888889,-1.2413798611111109,True
B2,S1,120,46800,60.18704274568029,7.4470434021623495,27.008063477046427,60.20735528262304,6.102220659631979,808.2005098587738,0.0,0.0,True
B4,S1,120,46800,213.83227815010804,26.45782519828816,121.1582003873982,214.6347212296498,6.102220659631979,808.2005098587738,3.482528157367117,-1.3645996506535383,True
S0,S1,120,46800,79.3857965330667,9.82253729918318,44.99085240633832,79.3857965330667,6.102220659631979,808.2005098587738,1.896740302014723,-0.3892935402509154,True
S1,S1,120,46800,75.20971773276045,9.305824088864126,39.66155028992056,76.7859460605141,6.102220659631979,808.2005098587738,1.8339123791201806,0.3894063901238387,True
S2,S1,120,46800,74.14768930988684,9.174417536910925,51.360363791659246,78.58537662507624,6.102220659631979,808.2005098587738,2.084073953596191,-0.7291968098758213,True
B3,S1,120,46800,294.70498301687104,36.46434015098163,216.62451343630974,296.3298457501437,0.0,808.2005098587738,3.806507638888889,-1.2413798611111109,True
B1,S1,120,48000,507.0018030374654,86.23082146219109,304.648456067194,507.0018030374654,21.783113446132305,587.9589158961755,5.7733027777777775,1.7220527777777777,True
B2,S1,120,48000,130.49018075455663,22.193758309738634,37.6784276650449,130.49018075455663,21.783113446132305,587.9589158961755,0.0,0.0,True
B4,S1,120,48000,455.9183397909475,77.5425505872345,183.16933580880112,455.9183397909475,21.783113446132305,587.9589158961755,4.559092206007517,-2.8195466338171387,True
S0,S1,120,48000,149.75617658397968,25.470517162873385,47.409895987020526,149.75617658397968,21.783113446132305,587.9589158961755,1.1614802135493068,-0.8074797570894406,True
S1,S1,120,48000,155.57511545632607,26.460201767532723,47.50064893540249,155.57511545632607,21.783113446132305,587.9589158961755,1.3866383834434575,-1.149850498217924,True
S2,S1,120,48000,178.3608303161402,30.33559411957892,60.24615279472549,178.3608303161402,21.783113446132305,587.9589158961755,1.672707751649236,-1.3911924537058609,True
B3,S1,120,48000,361.4174752448742,61.46985196984324,209.65779025990307,361.4174752448742,0.0,587.9589158961755,5.7733027777777775,1.7220527777777777,True
B1,S1,120,49200,587.021904417469,62.554793239143,374.47909151121297,587.021904417469,17.47404041804983,938.4123486322169,5.668596759259259,2.460509722222223,True
B2,S1,120,49200,187.83202771500927,20.01593734234038,105.51713423122564,188.0684385511694,17.47404041804983,938.4123486322169,0.0,0.0,True
B4,S1,120,49200,584.0540167401065,62.23852633561297,370.63895599283734,584.0540167401065,17.47404041804983,938.4123486322169,5.2407901687099,2.7827271581605846,True
S0,S1,120,49200,229.45940230673094,24.451873703620755,134.1701050363551,229.75286690462067,17.47404041804983,938.4123486322169,1.8284050055949421,-0.7763932474406141,True
S1,S1,120,49200,255.65537373634317,27.24339402704725,150.49209168256036,257.02869558023707,17.47404041804983,938.4123486322169,2.1353832132985286,-1.561489140524497,True
S2,S1,120,49200,246.50654161930535,26.268467372429722,149.26195294822242,246.7815852808597,17.47404041804983,938.4123486322169,2.0643333419586627,-0.951431103786634,True
B3,S1,120,49200,391.8406805067422,41.755703777541896,295.9783267459098,391.8406805067422,0.0,938.4123486322169,5.668596759259259,2.460509722222223,True
B1,S1,120,49800,978.9089068293239,130.222234214741,490.28471671205483,978.9089068293239,15.597973231555395,751.7217875520926,8.183536574074074,8.16807175925926,True
B2,S1,120,49800,59.016663154035975,7.850865058230903,22.895028959086204,59.016663154035975,15.597973231555395,751.7217875520926,0.0,0.0,True
B4,S1,120,49800,855.6876490224192,113.83036426400267,416.6037924705816,855.6876490224192,15.597973231555395,751.7217875520926,7.284548884642507,7.067241467319587,True
S0,S1,120,49800,110.6651595939286,14.721558085245702,64.33706230338085,110.6651595939286,15.597973231555395,751.7217875520926,1.4468887801210815,-0.6360496335215529,True
S1,S1,120,49800,88.57915771494308,11.783502777456048,46.13765537315807,88.57915771494308,15.597973231555395,751.7217875520926,1.2847339811644496,-0.3806691987703462,True
S2,S1,120,49800,108.04038293755512,14.372389456660276,57.542975423963185,108.04038293755512,15.597973231555395,751.7217875520926,1.4327157418100271,-0.678403991324159,True
B3,S1,120,49800,977.2494393446182,130.00147867563265,489.64589200712766,977.2494393446182,0.0,751.7217875520926,8.183536574074074,8.16807175925926,True
B1,S2,30,1800,143.9916890968806,41.778306050904945,81.64147884365971,143.9916890968806,1.5644411973310601,344.65659981865554,6.027034259259259,-6.027034259259259,True
B2,S2,30,1800,29.22270368659332,8.47878836557,20.055519832594506,29.22270368659332,1.5644411973310601,344.65659981865554,0.0,0.0,True
B4,S2,30,1800,80.09896501889644,23.240223765058115,42.29763396371935,80.09896501889644,1.5644411973310601,344.65659981865554,2.784104374472002,-2.784104374472002,True
S0,S2,30,1800,61.520613517911386,17.849828945762553,40.50678906044967,61.520613517911386,1.5644411973310601,344.65659981865554,2.254639262789801,1.1295153215544125,True
S1,S2,30,1800,109.56534792718831,31.789714163267785,57.24258144605081,109.56534792718831,1.5644411973310601,344.65659981865554,4.0730563782646865,-4.072407679517489,True
S2,S2,30,1800,17.255966974113594,5.006713053860855,16.749227075274945,31.76736479283275,1.5644411973310601,344.65659981865554,2.492592957781552,-0.01536169884333494,True
B3,S2,30,1800,139.16457160674838,40.37774749706554,78.98161945574272,139.16457160674838,0.0,344.65659981865554,6.027034259259259,-6.027034259259259,True
B1,S2,30,2400,306.6775032043695,289.484778104352,183.52533830324094,306.6775032043695,5.354247163839377,105.93907742320735,10.256171296296294,10.256171296296294,True
B2,S2,30,2400,7.239012334201672,6.833184232181988,3.051900869862552,7.239012334201672,5.354247163839377,105.93907742320735,0.0,0.0,True
B4,S2,30,2400,171.39430366385795,161.78572424146083,100.89067102066952,171.39430366385795,5.354247163839377,105.93907742320735,5.729727110605047,5.729727110605047,True
S0,S2,30,2400,20.719698589412417,19.558126324473253,18.34218111855753,27.782378074112582,5.354247163839377,105.93907742320735,2.1615678854143727,0.6674636103966332,True
S1,S2,30,2400,26.53342639034564,25.045929260219463,23.810424217110256,33.983341002512624,5.354247163839377,105.93907742320735,2.361318773615924,0.8735618113865856,True
S2,S2,30,2400,19.79744906353991,18.687579262610246,23.776029521033543,37.54565188301708,5.354247163839377,105.93907742320735,2.543468123435318,0.6394785416332951,True
B3,S2,30,2400,306.42584891073943,289.2472318657486,183.3959650046798,306.42584891073943,0.0,105.93907742320735,10.256171296296294,10.256171296296294,True
B1,S2,30,4800,99.20911527827758,47.08986869904065,63.153341578394084,99.20911527827758,7.077566591460693,210.68038204213286,4.267237962962965,4.267237962962965,True
B2,S2,30,4800,11.552310085579615,5.483334505853198,5.135974228542509,11.552310085579615,7.077566591460693,210.68038204213286,0.0,0.0,True
B4,S2,30,4800,15.42007898411362,7.319181233034711,19.695945213847384,27.578312721064634,7.077566591460693,210.68038204213286,1.6730948462385018,0.6525174908097799,True
S0,S2,30,4800,34.79825674843133,16.517084510256968,15.947304424133588,34.79825674843133,7.077566591460693,210.68038204213286,1.6602193315188776,1.45224554827086,True
S1,S2,30,4800,57.828829130011265,27.448606542989076,29.534500398434346,57.828829130011265,7.077566591460693,210.68038204213286,2.5277868923702673,2.4681930560230128,True
S2,S2,30,4800,33.922434178211944,16.101373013187327,18.59960247751439,33.922434178211944,7.077566591460693,210.68038204213286,1.5477130415860718,1.422733608055872,True
B3,S2,30,4800,105.48651705226881,50.069454037335625,65.80256547345341,105.48651705226881,0.0,210.68038204213286,4.267237962962965,4.267237962962965,True
B1,S2,30,5400,30.167916301032196,13.312813873106215,20.860051879786948,30.612962513974143,0.5111862510110816,226.60811296983348,1.4731657407407406,1.3644064814814814,True
B2,S2,30,5400,2.744791117801316,1.2112501542108105,2.8196569635825424,3.809148005271683,0.5111862510110816,226.60811296983348,0.0,0.0,True
B4,S2,30,5400,15.289288537968682,6.7470172791227565,14.180179264172004,17.953281974160024,0.5111862510110816,226.60811296983348,0.9662920904105522,0.48476031807106107,True
S0,S2,30,5400,37.786282012054215,16.674726035552133,16.714302204729997,37.786282012054215,0.5111862510110816,226.60811296983348,1.7559981916844882,1.6506936715771057,True
S1,S2,30,5400,14.228350657219073,6.2788355062614984,8.049394438768255,14.228350657219073,0.5111862510110816,226.60811296983348,1.2788961885852053,0.7294424251756887,True
S2,S2,30,5400,29.158401489400536,12.867324610430941,16.58650327131136,29.158401489400536,0.5111862510110816,226.60811296983348,1.4842417749961505,1.3678382757770877,True
B3,S2,30,5400,31.404263400330382,13.858402061938083,21.294479956079137,31.641381722073913,0.0,226.60811296983348,1.4731657407407406,1.3644064814814814,True
B1,S2,30,6600,31.334657252834482,20.424608014830927,20.17688815379289,31.335702225872048,2.2265992270299395,153.41619888166977,1.207522222222223,1.2070148148148154,False
B2,S2,30,6600,10.065527253854679,6.560928589827884,8.01162720657896,11.709908625526364,2.2265992270299395,153.41619888166977,0.0,0.0,False
B4,S2,30,6600,23.052782858815316,15.02630297638646,17.093830335505743,25.257433581534567,2.2265992270299395,153.41619888166977,0.8985283820293672,0.7904205529177182,False
S0,S2,30,6600,220.69710815238585,143.8551533417993,126.22060482826143,220.69710815238585,2.2265992270299395,153.41619888166977,8.784456959461934,8.784456959461934,False
S1,S2,30,6600,98.7115432767045,64.34232108230039,56.76763027725772,98.7115432767045,2.2265992270299395,153.41619888166977,4.012481580103639,4.012481580103639,False
S2,S2,30,6600,200.26409480934086,130.53647285564998,105.69208940493053,200.26409480934086,2.2265992270299395,153.41619888166977,7.694726850834784,7.694726850834784,False
B3,S2,30,6600,31.859146149707257,20.7664812333672,19.525332306671082,31.859146149707257,0.0,153.41619888166977,1.207522222222223,1.2070148148148154,False
B1,S2,30,7200,67.85311427721814,35.67012372794409,34.747957695364576,67.85311427721814,11.21521130751676,190.22393865166717,2.8040037037037036,-2.800316666666667,True
B2,S2,30,7200,17.78026539566717,9.34701779476131,8.085809829107472,17.78026539566717,11.21521130751676,190.22393865166717,0.0,0.0,True
B4,S2,30,7200,55.78197213841665,29.324370283680782,29.436110108450297,55.78197213841665,11.21521130751676,190.22393865166717,2.2419772038946832,-2.2396044887255555,True
S0,S2,30,7200,26.41753231314038,13.887596114553931,10.377088638211518,26.41753231314038,11.21521130751676,190.22393865166717,1.1020750263233163,0.6917717729099071,True
S1,S2,30,7200,17.795011076588448,9.354769543056399,7.703115545624674,17.795011076588448,11.21521130751676,190.22393865166717,0.8646343955691843,0.043067703576392634,True
S2,S2,30,7200,24.319364349903715,12.784597208049965,9.96048949318042,24.319364349903715,11.21521130751676,190.22393865166717,1.1395173446228797,0.5215922306629467,True
B3,S2,30,7200,66.36602717576756,34.8883677029184,33.82894076051011,66.36602717576756,0.0,190.22393865166717,2.8040037037037036,-2.800316666666667,True
B1,S2,30,7800,66.98568273486005,47.94358470026791,52.652165278740604,73.94140179687142,12.678371383398753,139.71771855116566,4.088648148148148,-4.088648148148148,True
B2,S2,30,7800,10.29763221275513,7.370312312238379,6.290777782004187,10.29763221275513,12.678371383398753,139.71771855116566,0.0,0.0,True
B4,S2,30,7800,25.21801323961646,18.049259250093925,16.600930049981567,25.21801323961646,12.678371383398753,139.71771855116566,1.4282141822391838,0.533525327222013,True
S0,S2,30,7800,58.6365623726836,41.96787850583923,38.50131401832882,59.01373209568424,12.678371383398753,139.71771855116566,2.6962333925630744,2.60579556158661,True
S1,S2,30,7800,36.9756776361217,26.46455869702806,21.25852323660703,37.18125513554482,12.678371383398753,139.71771855116566,2.146869918614412,1.7904305760310744,True
S2,S2,30,7800,52.758569169692564,37.76082927547374,36.28487870026778,52.758569169692564,12.678371383398753,139.71771855116566,2.6615970552044055,2.4652165362765333,True
B3,S2,30,7800,67.44906819949847,48.275243039270016,52.79530490625521,74.25605526318691,0.0,139.71771855116566,4.088648148148148,-4.088648148148148,True
B1,S2,30,8400,40.415982102325934,28.86746235948215,30.949150144768737,41.75521078351804,7.558108358805282,140.00531670928262,1.7365925925925925,0.8156703703703702,True
B2,S2,30,8400,8.50891193538836,6.077563435006467,3.9564182130075864,8.50891193538836,7.558108358805282,140.00531670928262,0.0,0.0,True
B4,S2,30,8400,38.0288166813246,27.162408953575984,16.45855217128231,38.0288166813246,7.558108358805282,140.00531670928262,2.231602179509507,-1.2337056106646396,True
S0,S2,30,8400,12.153936860018254,8.68105379544663,8.065320943715703,12.237400233940052,7.558108358805282,140.00531670928262,1.396427772520538,-0.011382011765917402,True
S1,S2,30,8400,22.075047525737155,15.76729230331689,12.671772507235078,22.075047525737155,7.558108358805282,140.00531670928262,1.4966690472364752,0.47006003299197846,True
S2,S2,30,8400,2.578386878126919,1.8416349741066418,8.716622080100457,20.37143400862991,7.558108358805282,140.00531670928262,1.6061927362206432,-0.3685903248665115,True
B3,S2,30,8400,32.750411345618645,23.39226260501522,29.10962212485853,37.95223983787857,0.0,140.00531670928262,1.7365925925925925,0.8156703703703702,True
B1,S2,30,9000,183.0901994891401,89.56254173552341,111.30552722159605,183.0901994891401,7.679234508633546,204.4272035398484,6.072262962962962,-6.072262962962962,True
B2,S2,30,9000,19.583171492872566,9.57953303365287,10.979919268778735,19.583171492872566,7.679234508633546,204.4272035398484,0.0,0.0,True
B4,S2,30,9000,96.62990690586543,47.26861456431832,58.813736631299996,96.62990690586543,7.679234508633546,204.4272035398484,3.1217654967912143,-3.1217654967912143,True
S0,S2,30,9000,40.48707333963298,19.8051299624323,25.21643543517076,42.73854395448872,7.679234508633546,204.4272035398484,1.8440323665034202,1.237483654366418,True
S1,S2,30,9000,82.22597860823278,40.22262066124909,43.03629187136064,82.22597860823278,7.679234508633546,204.4272035398484,2.865265715034272,2.719684595810696,True
S2,S2,30,9000,34.56914926876884,16.91024906185266,20.083564900768263,37.160353785642805,7.679234508633546,204.4272035398484,2.056028810489473,1.0094243806608,True
B3,S2,30,9000,183.13718150345906,89.58552400672089,111.36518453640463,183.13718150345906,0.0,204.4272035398484,6.072262962962962,-6.072262962962962,True
B1,S2,30,9600,91.3159806487687,33.600807945918056,64.89599158938587,91.3159806487687,6.515210586248788,271.7672170137864,3.812824074074075,3.7947240740740744,True
B2,S2,30,9600,14.930972849052836,5.494030153127486,11.490320362089662,15.622197420450174,6.515210586248788,271.7672170137864,0.0,0.0,True
B4,S2,30,9600,12.918249591002734,4.753424542132103,5.026078172713432,12.918249591002734,6.515210586248788,271.7672170137864,1.0146853254029466,0.4501133344532995,True
S0,S2,30,9600,68.96512530138946,25.376543226658182,48.971452178794394,69.32918780229663,6.515210586248788,271.7672170137864,3.290471132457875,2.733692829483766,True
S1,S2,30,9600,64.99424542242824,23.915410451854154,45.576182823433236,65.12953749691034,6.515210586248788,271.7672170137864,3.1498452135167394,2.644448893486021,True
S2,S2,30,9600,65.70847745540182,24.178220676288745,48.16501454812325,65.70847745540182,6.515210586248788,271.7672170137864,3.028187587896739,2.7235538841799327,True
B3,S2,30,9600,85.52729248910002,31.470790858766943,64.04215677120833,86.43392339010497,0.0,271.7672170137864,3.812824074074075,3.7947240740740744,True
B1,S2,30,10200,83.28474850596469,22.485993055143776,37.46578411006563,83.28474850596469,9.171903152240338,370.38501391386365,3.255121296296297,3.2547805555555565,True
B2,S2,30,10200,22.47237633653302,6.067301724512853,11.710496288610658,22.47237633653302,9.171903152240338,370.38501391386365,0.0,0.0,True
B4,S2,30,10200,65.52163116247881,17.69014098872706,28.99553874657023,65.52163116247881,9.171903152240338,370.38501391386365,2.55492165793391,2.55492165793391,True
S0,S2,30,10200,30.54428889677011,8.246631950361106,36.545429367015345,51.02261005652308,9.171903152240338,370.38501391386365,2.4629412745921537,-0.9376167065046195,True
S1,S2,30,10200,34.792938341649624,9.39372194733047,16.24253789247054,34.792938341649624,9.171903152240338,370.38501391386365,1.971159422936172,1.2483210295887655,True
S2,S2,30,10200,38.10867581206371,10.288935669769355,44.45055515268492,62.781089823320464,9.171903152240338,370.38501391386365,2.9510928617210834,-1.2041450403923004,True
B3,S2,30,10200,82.76252149401797,22.344997336545898,35.94953969952785,82.76252149401797,0.0,370.38501391386365,3.255121296296297,3.2547805555555565,True
B1,S2,30,10800,80.97217695247504,40.10906888539014,61.91388568919918,82.24535262696915,11.459033881583736,201.87997179353476,3.1875574074074073,3.028418518518519,True
B2,S2,30,10800,25.97453660432059,12.866326646253489,13.141212803577911,25.97453660432059,11.459033881583736,201.87997179353476,0.0,0.0,True
B4,S2,30,10800,60.826241932387745,30.129904116786545,36.83283949909042,61.00444454040112,11.459033881583736,201.87997179353476,2.3731676020579844,-0.9251977984098017,True
S0,S2,30,10800,45.881544489689226,22.72714033099473,36.872375892017594,50.234891613329125,11.459033881583736,201.87997179353476,2.134130580223333,0.34252763950156223,True
S1,S2,30,10800,50.49789701445949,25.01382210717977,37.69213525245581,52.95354392592397,11.459033881583736,201.87997179353476,2.0861906011776385,-0.10377367056172195,True
S2,S2,30,10800,52.84027072435285,26.17410249016345,44.38524403981711,59.6274269644589,11.459033881583736,201.87997179353476,2.6402253977542944,0.4993093543475476,True
B3,S2,30,10800,59.51733858344565,29.48154690863282,53.59894326282617,63.07393485425824,0.0,201.87997179353476,3.1875574074074073,3.028418518518519,True
B1,S2,30,11400,19.338566741995944,5.637649686587295,15.508845157510143,22.528690658979272,0.22365508925283367,343.0253353273248,2.3064583333333335,0.6882361111111117,True
B2,S2,30,11400,6.256851961534433,1.824020361517601,2.7182682976438763,6.321464990961852,0.22365508925283367,343.0253353273248,0.0,0.0,True
B4,S2,30,11400,14.471272513993181,4.218718276358295,9.857413211023276,14.615369529663788,0.22365508925283367,343.0253353273248,1.5960236847566494,0.5031314405884618,True
S0,S2,30,11400,14.330890199134894,4.177793510633825,18.73002874379307,28.430015620493137,0.22365508925283367,343.0253353273248,1.5437822497320879,-0.5704011110335641,True
S1,S2,30,11400,16.87327679701566,4.9189593476862825,23.860516848319875,34.0282499604884,0.22365508925283367,343.0253353273248,1.747678688577035,-0.6333809080209402,True
S2,S2,30,11400,10.947780799490102,3.191537088373781,22.109252175763228,34.64540774020714,0.22365508925283367,343.0253353273248,2.023905937947412,-0.4064138744353276,True
B3,S2,30,11400,21.95304636597636,6.399832346210848,15.54440948762622,22.48853125182518,0.0,343.0253353273248,2.3064583333333335,0.6882361111111117,True
B1,S2,30,12000,15.829855491457113,8.695189843520152,11.25972365692905,15.974207973625338,2.0960362284335297,182.0530175457166,1.7261185185185188,0.6254555555555558,True
B2,S2,30,12000,1.8932562519297682,1.0399477456913557,1.9112208036876062,2.9924141165069744,2.0960362284335297,182.0530175457166,0.0,0.0,True
B4,S2,30,12000,16.03848193027608,8.809786372394814,8.804396049985176,16.285097672686668,2.0960362284335297,182.0530175457166,1.2097646060541303,0.5160429776622144,True
S0,S2,30,12000,176.67998857651537,97.04864602540742,122.48917910564612,176.67998857651537,2.0960362284335297,182.0530175457166,6.120321501944847,6.113552885121508,True
S1,S2,30,12000,78.30114418961185,43.01007763848193,47.40310460094669,78.30114418961185,2.0960362284335297,182.0530175457166,2.702410310412728,2.6760109958093277,True
S2,S2,30,12000,164.84252284421729,90.54643810164943,105.3396559155148,164.84252284421729,2.0960362284335297,182.0530175457166,5.704797249339353,5.625463996743707,True
B3,S2,30,12000,14.729210498433801,8.090615962866448,11.183578882227433,16.013210603764275,0.0,182.0530175457166,1.7261185185185188,0.6254555555555558,True
B1,S2,30,12600,13.825516532396936,13.486689931300116,3.8519695560455616,13.825516532396936,1.7276391498902137,102.51230363286152,0.5132037037037037,-0.2988185185185184,True
B2,S2,30,12600,4.330235245582519,4.224112708549466,2.2487926528289313,4.330235245582519,1.7276391498902137,102.51230363286152,0.0,0.0,True
B4,S2,30,12600,30.878475876722096,30.121726643965143,15.146835966818497,30.878475876722096,1.7276391498902137,102.51230363286152,1.3436842799802635,-1.3436842799802635,True
S0,S2,30,12600,70.70997714156876,68.97706386036364,43.48381091697609,70.70997714156876,1.7276391498902137,102.51230363286152,3.069180280368497,2.7642191224231873,True
S1,S2,30,12600,109.53175252378445,106.84742088721609,69.10228966902899,109.53175252378445,1.7276391498902137,102.51230363286152,4.557151045491314,4.330819564009832,True
S2,S2,30,12600,54.203487245037,52.8751040842491,31.193446058179745,54.203487245037,1.7276391498902137,102.51230363286152,2.69395715730487,2.1271890588584257,True
B3,S2,30,12600,12.006600481088496,11.71235066971965,3.0230342316025185,12.006600481088496,0.0,102.51230363286152,0.5132037037037037,-0.2988185185185184,True
B1,S2,30,14400,112.5814237424582,55.1415831751952,73.43720095545521,115.63218199372552,7.302119893950183,204.1679205777712,4.04538425925926,-3.836778703703703,True
B2,S2,30,14400,7.347489921531068,3.598748471718052,3.199826123726336,7.347489921531068,7.302119893950183,204.1679205777712,0.0,0.0,True
B4,S2,30,14400,78.76729792959414,38.579664085666316,50.257455207143636,81.11204548176622,7.302119893950183,204.1679205777712,2.834068458841244,-2.672336612178388,True
S0,S2,30,14400,91.32015058240383,44.727962318457536,33.00306148475269,91.32015058240383,7.302119893950183,204.1679205777712,3.5087794850535245,3.1568876762768756,True
S1,S2,30,14400,10.567004761960659,5.175644015013367,15.836405924364502,26.17730929753932,7.302119893950183,204.1679205777712,1.659986795222263,-0.05913910755442548,True
S2,S2,30,14400,73.42212663046955,35.961637079269636,22.041580001629374,73.42212663046955,7.302119893950183,204.1679205777712,3.0630029338059432,2.5391871340399246,True
B3,S2,30,14400,111.73901884462549,54.72897922867472,73.07896146303737,114.88078004272442,0.0,204.1679205777712,4.04538425925926,-3.836778703703703,True
B1,S2,30,15000,6.7587417703477755,3.6492745395147272,7.492728423562027,11.29815123420749,3.960532120581647,185.20781862705616,0.9801074074074074,0.5911296296296299,True
B2,S2,30,15000,1.2185129291547774,0.6579165707946902,1.1442513619229084,1.8061270451892666,3.960532120581647,185.20781862705616,0.0,0.0,True
B4,S2,30,15000,5.663863716166885,3.0581126424105927,2.8988815675135355,5.679885337121135,3.960532120581647,185.20781862705616,0.7830351218319958,0.16692668660537555,True
S0,S2,30,15000,41.83697047904604,22.589203193031004,25.020785926708214,42.87846167142618,3.960532120581647,185.20781862705616,2.4197080193595766,1.9508007217964374,True
S1,S2,30,15000,41.9377015911725,22.643591346227332,20.99145564054866,42.47368437210125,3.960532120581647,185.20781862705616,2.308413751533445,2.079960230533843,True
S2,S2,30,15000,30.952942338258136,16.712546245461994,22.26933361783345,33.729737168702634,3.960532120581647,185.20781862705616,1.9544845571746885,1.861731901326268,True
B3,S2,30,15000,6.580864811274327,3.5532327199025486,7.144476633075339,10.262653842846506,0.0,185.20781862705616,0.9801074074074074,0.5911296296296299,True
B1,S2,30,15600,116.7905959774808,143.94614786205096,54.924090601897,116.7905959774808,2.8493436305942503,81.13492282503152,4.5463555555555555,4.539072222222223,True
B2,S2,30,15600,2.2166737074622076,2.732083337581392,1.9881743947988717,2.5238751269835267,2.8493436305942503,81.13492282503152,0.0,0.0,True
B4,S2,30,15600,34.39681889680836,42.39459125509435,14.899523537500931,34.39681889680836,2.8493436305942503,81.13492282503152,2.3715721146425865,1.3623081299885231,True
S0,S2,30,15600,93.78427958394278,115.59052047931289,74.99599713544343,95.0502109649714,2.8493436305942503,81.13492282503152,4.071996755525436,3.940858751984767,True
S1,S2,30,15600,62.80434455547188,77.40728944909486,48.482626435370165,63.468486160014194,2.8493436305942503,81.13492282503152,2.7745747666899723,2.679002124425546,True
S2,S2,30,15600,100.16270213612947,123.45202121179258,77.62679013193697,101.72079851756233,2.8493436305942503,81.13492282503152,4.3437922937411315,4.210092542284782,True
B3,S2,30,15600,116.99524405658251,144.19837966554084,54.61884767133877,116.99524405658251,0.0,81.13492282503152,4.5463555555555555,4.539072222222223,True
B1,S2,30,16200,48.071950405367346,52.55744991072893,21.236198732418217,48.071950405367346,11.385527881621643,91.46553055184299,2.9057879629629624,1.952260185185185,True
B2,S2,30,16200,4.821175787297921,5.2710302539220075,3.080590078489346,4.821175787297921,11.385527881621643,91.46553055184299,0.0,0.0,True
B4,S2,30,16200,1.1405272970037414,1.2469476644617357,16.235958566909282,28.478685659762295,11.385527881621643,91.46553055184299,1.950505232601491,0.11564285036503112,True
S0,S2,30,16200,94.50918442488853,103.3276512525343,71.00205640022892,95.6012554715021,11.385527881621643,91.46553055184299,3.9594973740949113,3.7449654631862224,True
S1,S2,30,16200,47.232910422566746,51.640120751057104,36.05982845760573,47.91819510439159,11.385527881621643,91.46553055184299,2.1576695666420296,1.9418447213757797,True
S2,S2,30,16200,77.39790032472814,84.61974675898124,57.498172591697696,79.8693935795596,11.385527881621643,91.46553055184299,3.3255965456515773,2.9992654196426436,True
B3,S2,30,16200,48.11673061167461,52.60640847034925,20.572128589789884,48.11673061167461,0.0,91.46553055184299,2.9057879629629624,1.952260185185185,True
B1,S2,30,16800,39.45185085471562,17.798417032544876,30.311107122266673,39.45185085471562,0.7530532930228769,221.65932387457192,2.9649027777777777,0.6455435185185188,True
B2,S2,30,16800,0.6294718304468835,0.28398166133678016,1.0496387122844484,1.8104826286057554,0.7530532930228769,221.65932387457192,0.0,0.0,True
B4,S2,30,16800,67.5261517039935,30.46393471009766,52.63662632469633,67.5261517039935,0.7530532930228769,221.65932387457192,2.9346777028997235,2.8730445327188985,True
S0,S2,30,16800,56.4431258550892,25.463907797096816,42.88893190940398,56.4431258550892,0.7530532930228769,221.65932387457192,3.0067540593682534,2.635471708299393,True
S1,S2,30,16800,28.20929496128227,12.726419294342328,23.105640492657034,28.399310323675113,0.7530532930228769,221.65932387457192,1.7808919231057048,1.1856949846088052,True
S2,S2,30,16800,57.062061448764425,25.74313611145613,43.469598859720044,61.74406265663485,0.7530532930228769,221.65932387457192,3.6105588787973906,-0.08273633962292669,True
B3,S2,30,16800,41.04980887600631,18.519324230743724,30.67315694043718,41.04980887600631,0.0,221.65932387457192,2.9649027777777777,0.6455435185185188,True
B1,S2,30,17400,115.83168652274897,94.83183627027526,65.86890643350709,115.83168652274897,5.9135320660721415,122.14430414763153,4.496454629629629,4.496454629629629,True
B2,S2,30,17400,5.004711131612058,4.097375777394449,3.3157852493877074,5.057582096155319,5.9135320660721415,122.14430414763153,0.0,0.0,True
B4,S2,30,17400,30.90116943184394,25.298903331992282,17.868882055416567,30.917745920955124,5.9135320660721415,122.14430414763153,1.836404181944469,1.1458385885657056,True
S0,S2,30,17400,43.48821350642734,35.603963533055676,39.22322067509736,47.24071829044484,5.9135320660721415,122.14430414763153,2.3366041036481953,1.656685712807687,True
S1,S2,30,17400,27.214066687699795,22.280258484101815,22.164341921122627,28.866309227530657,5.9135320660721415,122.14430414763153,1.9179514722348492,1.0443123894014075,True
S2,S2,30,17400,44.65192262523259,36.55669655399025,43.93668483699688,54.97159325391431,5.9135320660721415,122.14430414763153,2.6898900167327118,1.6067521726187624,True
B3,S2,30,17400,113.72974042875616,93.11096511818923,64.34890655065998,113.72974042875616,0.0,122.14430414763153,4.496454629629629,4.496454629629629,True
B1,S2,30,18000,235.83033999657025,99.8935965921056,131.87990626321633,235.83033999657025,3.2254748539816234,236.08153879926223,7.891821296296296,-7.891821296296296,True
B2,S2,30,18000,4.3431390857223215,1.8396775570898194,1.608487979235778,4.3431390857223215,3.2254748539816234,236.08153879926223,0.0,0.0,True
B4,S2,30,18000,136.33465461550014,57.748968982883554,73.4003934374096,136.33465461550014,3.2254748539816234,236.08153879926223,4.561806190544515,-4.561806190544515,True
S0,S2,30,18000,49.1862332970658,20.834425913704486,30.208301932183623,50.086990068831156,3.2254748539816234,236.08153879926223,1.930039602478596,1.6403258316183094,True
S1,S2,30,18000,29.75567167588464,12.603980737852435,18.37392156600405,30.296523229988544,3.2254748539816234,236.08153879926223,1.2710459131528136,0.9911874316376138,True
S2,S2,30,18000,36.94822401422794,15.650619782533967,19.320158185267733,36.94822401422794,3.2254748539816234,236.08153879926223,1.476195680988792,1.2301519279669695,True
B3,S2,30,18000,235.83033999657025,99.8935965921056,131.87990626321633,235.83033999657025,0.0,236.08153879926223,7.891821296296296,-7.891821296296296,True
B1,S2,30,18600,68.80712149475724,35.46467901105895,60.02909798126324,71.94021853876114,0.004323612071636949,194.0159150271771,3.8466407407407406,3.8466407407407406,True
B2,S2,30,18600,2.703673426326407,1.393531775961619,2.0895938998789267,2.79989338378217,0.004323612071636949,194.0159150271771,0.0,0.0,True
B4,S2,30,18600,55.12504169204904,28.412639078772123,47.47254376021746,56.81001847914486,0.004323612071636949,194.0159150271771,2.8760471073902916,2.7956927658708963,True
S0,S2,30,18600,25.115447310082914,12.945044898283125,21.24935964690866,26.87235322731103,0.004323612071636949,194.0159150271771,1.321851556288592,0.422919270771696,True
S1,S2,30,18600,25.150062211572784,12.962886167379542,21.112517221122168,26.647736240861995,0.004323612071636949,194.0159150271771,1.1088014810208664,0.540808607055576,True
S2,S2,30,18600,40.04001707883446,20.637491039446832,31.55878476249907,40.523623796137734,0.004323612071636949,194.0159150271771,1.693734643151445,0.41443316174716105,True
B3,S2,30,18600,69.52828748721981,35.836383565482514,60.2776371437932,71.20802459838455,0.0,194.0159150271771,3.8466407407407406,3.8466407407407406,True
B1,S2,30,19200,80.42069809072795,81.19240003735202,53.305132076244995,80.42069809072795,5.059402271452942,99.0495391856023,3.5153342592592596,3.5153342592592596,True
B2,S2,30,19200,2.4972100634272603,2.5211728231747808,1.09246793006194,2.4972100634272603,5.059402271452942,99.0495391856023,0.0,0.0,True
B4,S2,30,19200,64.93694929139642,65.56007208646919,42.07487896520938,64.93694929139642,5.059402271452942,99.0495391856023,2.8496861011116548,2.8496861011116548,True
S0,S2,30,19200,26.087759746437666,26.338092999659047,19.1546224854908,26.48320849482792,5.059402271452942,99.0495391856023,1.757413302792864,1.283690290547183,True
S1,S2,30,19200,35.44789214639871,35.78804347587653,19.070451875668706,35.44789214639871,5.059402271452942,99.0495391856023,1.847436224005402,1.541887535807643,True
S2,S2,30,19200,24.17159431602774,24.403540404902046,17.082078415404133,25.016966805523676,5.059402271452942,99.0495391856023,1.9492161174678706,1.2053051813805167,True
B3,S2,30,19200,84.09635176209757,84.90332459246987,54.62237949715747,84.09635176209757,0.0,99.0495391856023,3.5153342592592596,3.5153342592592596,True
B1,S2,30,19800,21.467810675597995,18.092918040757173,12.781447752554989,21.467810675597995,1.5235161711795309,118.65311403742801,0.8965685185185186,0.853748148148148,True
B2,S2,30,19800,1.8883575510948782,1.591494303722373,1.3796700418188315,2.3414530435391008,1.5235161711795309,118.65311403742801,0.0,0.0,True
B4,S2,30,19800,18.67776221045005,15.741485052434719,10.613170940186466,18.67776221045005,1.5235161711795309,118.65311403742801,0.8645842687047441,-0.8488057910464591,True
S0,S2,30,19800,49.28872541240202,41.54018696623029,21.313865158870243,49.28872541240202,1.5235161711795309,118.65311403742801,3.120722739597275,1.6387183681443085,True
S1,S2,30,19800,35.10112646850708,29.582979556216923,16.371482304367845,35.10112646850708,1.5235161711795309,118.65311403742801,2.2397383910983977,1.181548751182793,True
S2,S2,30,19800,37.376559749832595,31.500698530375285,27.326117804364962,37.376559749832595,1.5235161711795309,118.65311403742801,2.4775234714047105,0.3940442108448512,True
B3,S2,30,19800,21.309231030298996,17.959268244386067,12.544503724178632,21.309231030298996,0.0,118.65311403742801,0.8965685185185186,0.853748148148148,True
B1,S2,30,21000,62.06845738667917,46.89320565843151,38.38312177726899,62.06845738667917,6.617981943594217,132.36130163244474,2.43230462962963,2.4183175925925933,True
B2,S2,30,21000,9.250919358793535,6.989142026181107,4.406876933371233,9.250919358793535,6.617981943594217,132.36130163244474,0.0,0.0,True
B4,S2,30,21000,21.89123628667345,16.539000460620596,15.18476814258904,21.89123628667345,6.617981943594217,132.36130163244474,1.351618144291231,0.49006099260097624,True
S0,S2,30,21000,40.23571170304927,30.398395306492354,31.68982419603604,40.23571170304927,6.617981943594217,132.36130163244474,2.532855427475933,1.5255534523565288,True
S1,S2,30,21000,53.62863125997643,40.5168509213503,36.22284389014337,53.62863125997643,6.617981943594217,132.36130163244474,2.5027266317248706,2.1388511648023103,True
S2,S2,30,21000,46.36732986184897,35.03088084658371,34.56370582870525,46.36732986184897,6.617981943594217,132.36130163244474,2.230283847081215,1.4094059615668664,True
B3,S2,30,21000,59.77941548825412,45.16381657703557,39.4209156501391,59.90765534107131,0.0,132.36130163244474,2.43230462962963,2.4183175925925933,True
B1,S2,30,21600,32.41333840730703,15.194123677124905,19.452627987814203,32.41333840730703,2.4624770636930733,213.32812010807862,1.475980555555556,-1.2761861111111115,True
B2,S2,30,21600,3.3937679058927968,1.5908675819078182,2.836499383138319,4.268891559899487,2.4624770636930733,213.32812010807862,0.0,0.0,True
B4,S2,30,21600,72.88159009688916,34.16408022531914,38.840910139816536,72.88159009688916,2.4624770636930733,213.32812010807862,2.90471986430168,-2.90471986430168,True
S0,S2,30,21600,36.777815806176996,17.240022453460057,19.205831007381434,36.777815806176996,2.4624770636930733,213.32812010807862,1.9319917100406672,1.6285192706522398,True
S1,S2,30,21600,6.03768965484916,2.830236188173542,4.993199297421721,7.439731373919479,2.4624770636930733,213.32812010807862,0.9979853336255486,0.35146320410570914,True
S2,S2,30,21600,21.59731926063061,10.123990803316854,12.389399856792563,21.59731926063061,2.4624770636930733,213.32812010807862,1.1852384246719219,0.9656254348671391,True
B3,S2,30,21600,31.274092579896685,14.660089145327985,19.40762088735121,31.274092579896685,0.0,213.32812010807862,1.475980555555556,-1.2761861111111115,True
B1,S2,30,22200,66.07223993613842,36.1213838223344,53.94532764551653,70.54079735066618,0.9331987931776596,182.9172444254058,2.909235185185185,2.187120370370371,True
B2,S2,30,22200,2.532657842753222,1.3845921693763799,1.4495010817381644,2.8675507597518157,0.9331987931776596,182.9172444254058,0.0,0.0,True
B4,S2,30,22200,61.57797538706809,33.66439046274818,49.95672446584004,65.90658834626429,0.9331987931776596,182.9172444254058,2.624886026757218,2.338617430425853,True
S0,S2,30,22200,60.53754522199477,33.09559216910364,54.99893219867394,66.35269528606825,0.9331987931776596,182.9172444254058,3.0472836611695597,1.8124586433756857,True
S1,S2,30,22200,42.16444908751609,23.05110664659661,35.92014404758021,43.42659399321526,0.9331987931776596,182.9172444254058,2.181393730284472,0.8263050531763105,True
S2,S2,30,22200,53.60650045823241,29.30642248992183,48.52976269139587,58.68248060803585,0.9331987931776596,182.9172444254058,3.150936830236128,1.1140915791572275,True
B3,S2,30,22200,70.43164367353786,38.504649408416,55.31986352215944,71.53895180119574,0.0,182.9172444254058,2.909235185185185,2.187120370370371,True
B1,S2,30,23400,129.3098540808922,33.33153029896352,65.97911662240362,129.3098540808922,11.175352006098228,387.9505468877714,4.161908333333333,-4.161908333333333,True
B2,S2,30,23400,43.20376482256802,11.136410341255752,16.88988548055102,43.20376482256802,11.175352006098228,387.9505468877714,0.0,0.0,True
B4,S2,30,23400,74.57345311070155,19.222412162825123,35.587717357466815,74.57345311070155,11.175352006098228,387.9505468877714,2.1146321585320047,-2.113730415870225,True
S0,S2,30,23400,42.04385021337613,10.837425169435017,25.395369211860242,42.04385021337613,11.175352006098228,387.9505468877714,2.232055942329473,0.4696804608776651,True
S1,S2,30,23400,63.69706184846113,16.418861207814665,26.831276573182617,63.69706184846113,11.175352006098228,387.9505468877714,1.7900283473607854,-1.6972183930761011,True
S2,S2,30,23400,49.879152262701055,12.85709033350851,24.34547785176213,49.879152262701055,11.175352006098228,387.9505468877714,1.332837324089765,-0.6210754618969112,True
B3,S2,30,23400,123.03257716749282,31.71346919201132,63.99942548953087,123.03257716749282,0.0,387.9505468877714,4.161908333333333,-4.161908333333333,True
B1,S2,30,24000,59.23713266850113,22.541282692915914,38.03801287292256,59.804539280149406,14.76863669974872,262.7939743957769,5.44339074074074,5.351299999999999,True
B2,S2,30,24000,14.6285670545353,5.5665534524411,10.807342636370395,15.01224655896905,14.76863669974872,262.7939743957769,0.0,0.0,True
B4,S2,30,24000,76.43292294291314,29.084731915429114,54.41127351558374,87.6125181590056,14.76863669974872,262.7939743957769,7.943851562284282,7.943851562284282,True
S0,S2,30,24000,10.91092021799879,4.151891322122387,9.928921630534205,14.565538710222866,14.76863669974872,262.7939743957769,1.0648615631268368,0.08455597016868414,True
S1,S2,30,24000,14.629407692362088,5.566873337183024,10.778159296523723,15.481650562766768,14.76863669974872,262.7939743957769,1.0321536460421923,-0.3083532498408871,True
S2,S2,30,24000,17.711738223932617,6.739780949946029,12.255768217215078,19.144588680709667,14.76863669974872,262.7939743957769,1.0287988089912643,0.6103831498706088,True
B3,S2,30,24000,54.13457228087164,20.599624631934322,34.6350162682434,55.534535476060356,0.0,262.7939743957769,5.44339074074074,5.351299999999999,True
B1,S2,30,24600,47.01054020178575,11.433924339284772,20.194732954719996,47.01054020178575,5.482385796158998,411.1496526198494,1.5056027777777783,-1.5056027777777783,True
B2,S2,30,24600,18.057463790098673,4.391944313958761,8.811393527120586,18.057463790098673,5.482385796158998,411.1496526198494,0.0,0.0,True
B4,S2,30,24600,22.38391250729223,5.444225080736839,13.669313318122851,22.38391250729223,5.482385796158998,411.1496526198494,0.6252545845040911,0.41928564960598463,True
S0,S2,30,24600,66.7918482726075,16.245142820140845,24.681707736672365,66.7918482726075,5.482385796158998,411.1496526198494,2.9202063633821025,-2.2159229492237635,True
S1,S2,30,24600,57.93366828273863,14.09065237282453,25.847816338413534,57.93366828273863,5.482385796158998,411.1496526198494,1.9192229803013374,-1.8916490674833304,True
S2,S2,30,24600,59.76626847385164,14.536378200253953,21.677296315956156,59.76626847385164,5.482385796158998,411.1496526198494,2.3358898853464933,-1.9681752467130562,True
B3,S2,30,24600,43.660760702842104,10.619189490891051,18.22249554263687,43.660760702842104,0.0,411.1496526198494,1.5056027777777783,-1.5056027777777783,True
B1,S2,30,25200,36.992712462657934,8.77634773941439,19.521441359497206,36.992712462657934,3.544646922039172,421.5046345135625,0.30138333333333317,0.20776296296296265,False
B2,S2,30,25200,36.07953682930137,8.559701098171546,19.000166534496007,36.07953682930137,3.544646922039172,421.5046345135625,0.0,0.0,False
B4,S2,30,25200,63.37286088050794,15.034914373751407,32.02402278795252,63.37286088050794,3.544646922039172,421.5046345135625,1.6443095120971365,1.6443095120971365,False
S0,S2,30,25200,95.85247072858932,22.74054965948545,52.414225472249946,95.85247072858932,3.544646922039172,421.5046345135625,3.084415693080325,-3.084415693080325,False
S1,S2,30,25200,43.94751207365282,10.42634136736609,21.20915602195516,43.94751207365282,3.544646922039172,421.5046345135625,1.2041189315209977,-0.975544138169005,False
S2,S2,30,25200,97.16552758326968,23.052066247243896,53.379696877266454,97.16552758326968,3.544646922039172,421.5046345135625,3.1259136587017218,-3.1259136587017218,False
B3,S2,30,25200,7.879373667301942,1.869344491643641,4.464947343805935,7.879373667301942,0.0,421.5046345135625,0.30138333333333317,0.20776296296296265,False
B1,S2,30,25800,68.73015852457569,28.303927625327994,85.88472416789499,107.265042132755,16.500862434377236,242.82904985621838,4.586303703703703,4.020229629629629,True
B2,S2,30,25800,41.450711801572965,17.069914751186634,14.695557735996388,41.450711801572965,16.500862434377236,242.82904985621838,0.0,0.0,True
B4,S2,30,25800,143.25993564887398,58.99620977543654,63.36258883985435,143.25993564887398,16.500862434377236,242.82904985621838,5.559887699873256,-3.796701723947604,True
S0,S2,30,25800,15.334729511314677,6.315030891235843,37.12716644386441,46.71233874369873,16.500862434377236,242.82904985621838,2.3735790110576995,1.435054474756136,True
S1,S2,30,25800,16.874445349630854,6.949104878358824,40.11009854691874,51.42472791818862,16.500862434377236,242.82904985621838,2.183783861296679,1.604455183875596,True
S2,S2,30,25800,65.37103315360812,26.920598335460685,54.39034751515623,68.54417166102458,16.500862434377236,242.82904985621838,3.7996355295055437,-0.10480394591875873,True
B3,S2,30,25800,110.0787260209258,45.33177809084398,95.89307499930983,111.03152118596931,0.0,242.82904985621838,4.586303703703703,4.020229629629629,True
B1,S2,30,26400,220.80746755231468,108.56949248647145,116.9901620016787,220.80746755231468,18.667550735872425,203.37892578785784,7.137786111111112,7.137786111111112,True
B2,S2,30,26400,36.64515090272047,18.018165235539,18.87722295140958,36.64515090272047,18.667550735872425,203.37892578785784,0.0,0.0,True
B4,S2,30,26400,188.6226632202968,92.74444856545604,100.54322932569347,188.6226632202968,18.667550735872425,203.37892578785784,6.037550116965234,6.037550116965234,True
S0,S2,30,26400,76.98064520061567,37.85084659209641,35.50599846452285,76.98064520061567,18.667550735872425,203.37892578785784,2.6091553838319546,2.084122934596361,True
S1,S2,30,26400,81.69294010318157,40.16784914499672,45.28059587250021,81.69294010318157,18.667550735872425,203.37892578785784,3.008212669692344,2.2975946593858385,True
S2,S2,30,26400,90.31294137560896,44.40624367827241,45.35216892714421,90.31294137560896,18.667550735872425,203.37892578785784,2.830922444007135,2.607937483202555,True
B3,S2,30,26400,214.2441464971876,105.34235327836431,113.97450974697882,214.2441464971876,0.0,203.37892578785784,7.137786111111112,7.137786111111112,True
B1,S2,30,27600,280.60049056238404,70.25785432958222,153.9149588565148,280.60049056238404,17.97128925566933,399.3866497062046,9.211863888888889,-9.211863888888889,True
B2,S2,30,27600,77.86051464548075,19.495021854825698,36.96130612895666,77.86051464548075,17.97128925566933,399.3866497062046,0.0,0.0,True
B4,S2,30,27600,123.10116549890895,30.822553930999998,61.058570297155114,123.10116549890895,17.97128925566933,399.3866497062046,3.4236319890997597,-3.416600294907965,True
S0,S2,30,27600,85.65986111017041,21.447852894728257,41.34746230343456,85.65986111017041,17.97128925566933,399.3866497062046,1.6986056570406072,-1.477190212143856,True
S1,S2,30,27600,110.77871712640794,27.737210847658176,57.73861978300912,110.77871712640794,17.97128925566933,399.3866497062046,2.7729699300720654,-2.7729699300720654,True
S2,S2,30,27600,95.73527928238515,23.970575719746666,48.027665414493,95.73527928238515,17.97128925566933,399.3866497062046,2.027537173214217,-2.027537173214217,True
B3,S2,30,27600,276.81223416809763,69.30933579570706,152.38272734083267,276.81223416809763,0.0,399.3866497062046,9.211863888888889,-9.211863888888889,True
B1,S2,30,28200,48.804614655946025,12.745029676898989,19.888959109295293,48.804614655946025,8.868808371888075,382.93056896059534,1.422712962962963,1.366796296296296,True
B2,S2,30,28200,32.91131832236904,8.594591550029978,17.566077369710133,32.91131832236904,8.868808371888075,382.93056896059534,0.0,0.0,True
B4,S2,30,28200,29.831880593125465,7.790415028525772,19.2621670581831,30.78866125418881,8.868808371888075,382.93056896059534,1.1036488579830261,0.1269131965227813,True
S0,S2,30,28200,42.00686526531804,10.969838573958473,45.830529728056845,68.19906317028433,8.868808371888075,382.93056896059534,3.0968195969250614,-1.0642887271631276,True
S1,S2,30,28200,40.758094954550515,10.64372976677781,18.611547011922934,40.758094954550515,8.868808371888075,382.93056896059534,1.9383092097233425,1.04000557564405,True
S2,S2,30,28200,43.78665447715391,11.434619752610995,42.19472295634219,63.84937589514896,8.868808371888075,382.93056896059534,2.735731213718563,-1.1326292037692645,True
B3,S2,30,28200,38.835245145566574,10.14158917920257,10.848538037316116,38.835245145566574,0.0,382.93056896059534,1.422712962962963,1.366796296296296,True
B1,S2,30,30000,236.0947754510979,141.87200387006342,127.87061101736772,236.0947754510979,15.241560040934887,166.41392876027214,7.839339814814815,7.824252777777779,True
B2,S2,30,30000,18.96335244237447,11.395291598272498,8.077495200799078,18.96335244237447,15.241560040934887,166.41392876027214,0.0,0.0,True
B4,S2,30,30000,221.45333025890662,133.07379490927204,116.50852807068745,221.45333025890662,15.241560040934887,166.41392876027214,7.335214854905429,7.332902629663809,True
S0,S2,30,30000,25.535153354055186,15.344360621904368,29.82529191991647,44.11130177113247,15.241560040934887,166.41392876027214,2.7731575774670016,0.6651026869063391,True
S1,S2,30,30000,23.671877519234563,14.22469723272691,26.075010116360737,38.707726310005846,15.241560040934887,166.41392876027214,2.2854567425081562,0.571577961511844,True
S2,S2,30,30000,22.508224731432094,13.525445195069189,31.32777519828154,48.33217274049129,15.241560040934887,166.41392876027214,2.843427275136773,0.5572945368394339,True
B3,S2,30,30000,235.1352738018048,141.29542854584565,127.34527939135378,235.1352738018048,0.0,166.41392876027214,7.839339814814815,7.824252777777779,True
B1,S2,30,30600,204.561546278946,126.60488609954643,121.16580491334074,204.561546278946,17.766514361406426,161.57476427734716,7.1356314814814805,7.1356314814814805,True
B2,S2,30,30600,17.767839204124716,10.99666726025716,8.333634196979409,17.767839204124716,17.766514361406426,161.57476427734716,0.0,0.0,True
B4,S2,30,30600,147.19588707992136,91.10079023680697,83.87943990771679,147.19588707992136,17.766514361406426,161.57476427734716,5.103461600217508,5.103461600217508,True
S0,S2,30,30600,25.322876865915145,15.672544520905374,14.22446616997753,25.322876865915145,17.766514361406426,161.57476427734716,1.9142637169541956,0.19600166416994635,True
S1,S2,30,30600,30.46794027039105,18.856868154294233,16.002376925602338,30.46794027039105,17.766514361406426,161.57476427734716,1.9846537115100735,0.5222688511149284,True
S2,S2,30,30600,27.96598659679117,17.308387681622637,20.386429659499516,34.17785771587134,17.766514361406426,161.57476427734716,2.765122479677423,0.26425250404253137,True
B3,S2,30,30600,205.29544258679883,127.05910078532067,120.55180375090033,205.29544258679883,0.0,161.57476427734716,7.1356314814814805,7.1356314814814805,True
B1,S2,30,31800,95.79955684751823,31.48838748772665,60.91721789975735,104.16558639983434,19.585905071032364,304.2377348946763,4.4339249999999995,4.146262037037037,True
B2,S2,30,31800,31.014112928027178,10.19403886199847,15.194359619839236,31.014112928027178,19.585905071032364,304.2377348946763,0.0,0.0,True
B4,S2,30,31800,67.20429086865137,22.089400215892596,39.533619384560986,70.8886428726452,19.585905071032364,304.2377348946763,3.447657450940012,2.858880659279616,True
S0,S2,30,31800,35.244824467641386,11.584632813494602,37.04754022047252,60.68433722895293,19.585905071032364,304.2377348946763,4.133985876234291,-0.942683617224818,True
S1,S2,30,31800,24.40641739633472,8.022153269312222,18.677716600481393,28.227636791364628,19.585905071032364,304.2377348946763,2.7517944139726964,0.6619889164032894,True
S2,S2,30,31800,46.86404681002797,15.403758782996391,35.4558850867414,54.562231331259085,19.585905071032364,304.2377348946763,3.245601225166894,-1.3983505718000062,True
B3,S2,30,31800,105.73898321609524,34.75538077244129,61.19803582199608,105.73898321609524,0.0,304.2377348946763,4.4339249999999995,4.146262037037037,True
B1,S2,30,32400,32.10136003293826,12.492928062891792,32.044592830160475,51.355214935716724,14.467132748552386,256.9562545412402,3.1130694444444447,-0.4261750000000001,True
B2,S2,30,32400,31.15397659274625,12.124233616483615,17.34905979261029,31.15397659274625,14.467132748552386,256.9562545412402,0.0,0.0,True
B4,S2,30,32400,73.5120986335374,28.608799098812785,58.93497951678015,89.14426237296836,14.467132748552386,256.9562545412402,3.4967949714862434,-2.3270748227329143,True
S0,S2,30,32400,44.39243987328492,17.276263600799084,32.26999265578469,46.88842932111685,14.467132748552386,256.9562545412402,1.9074971226900288,-1.1896064758474463,True
S1,S2,30,32400,52.9922674376909,20.62306968643408,38.33402778120306,56.13822104146447,14.467132748552386,256.9562545412402,2.21614024685644,-1.5615896352063419,True
S2,S2,30,32400,47.908080923138996,18.64445020366297,38.53506731251501,55.02157503263488,14.467132748552386,256.9562545412402,2.382378756975915,-1.3389394365593417,True
B3,S2,30,32400,14.044393705889659,5.465674976841478,28.226098783784426,46.778747151906366,0.0,256.9562545412402,3.1130694444444447,-0.4261750000000001,True
B1,S2,30,33000,75.2812830127287,27.548568388063618,31.471684739350113,75.2812830127287,18.034052564006256,273.2674959811957,2.5028388888888884,-2.2151037037037034,True
B2,S2,30,33000,44.01961608367676,16.10861764792761,17.33319366951117,44.01961608367676,18.034052564006256,273.2674959811957,0.0,0.0,True
B4,S2,30,33000,55.88796001183653,20.451740815776475,22.025269155693884,55.88796001183653,18.034052564006256,273.2674959811957,1.9220253535125402,-1.2087422236734986,True
S0,S2,30,33000,87.97703871668014,32.19447611242213,50.50452287935591,87.97703871668014,18.034052564006256,273.2674959811957,2.331294305171447,2.220105107826853,True
S1,S2,30,33000,58.95638293404834,21.574605030268692,30.085013724529674,58.95638293404834,18.034052564006256,273.2674959811957,1.3025484773968776,0.9622943687289296,True
S2,S2,30,33000,70.32079585029614,25.733318775364015,36.551923899243526,70.32079585029614,18.034052564006256,273.2674959811957,1.709599677275249,1.5105973699030817,True
B3,S2,30,33000,65.37965807274719,23.92514991144287,27.481177219347725,65.37965807274719,0.0,273.2674959811957,2.5028388888888884,-2.2151037037037034,True
B1,S2,30,34800,106.58212822738841,244.68536623999623,78.81318063984784,117.1093819849399,18.14386258557535,43.55884860022598,4.302938888888889,3.5320000000000005,True
B2,S2,30,34800,9.366773621426912,21.503721798051195,2.0704827747229473,9.366773621426912,18.14386258557535,43.55884860022598,0.0,0.0,True
B4,S2,30,34800,52.3264099373533,120.12808331458476,39.597031435344235,62.39168909337439,18.14386258557535,43.55884860022598,2.472316911612497,1.7020627256159806,True
S0,S2,30,34800,13.319253535574113,30.577606992818936,3.661962354198929,13.319253535574113,18.14386258557535,43.55884860022598,0.4667563871278933,-0.3559146101860629,True
S1,S2,30,34800,14.125584244963255,32.42873652287029,3.891697510275421,14.125584244963255,18.14386258557535,43.55884860022598,0.5694579574461357,-0.39612236532464284,True
S2,S2,30,34800,20.697507952746335,47.51619617566971,5.714831692639704,20.697507952746335,18.14386258557535,43.55884860022598,0.8440903956855618,-0.6604355013025481,True
B3,S2,30,34800,105.96657656675751,243.27221671834494,78.96020487852753,117.47485287169508,0.0,43.55884860022598,4.302938888888889,3.5320000000000005,True
B1,S2,30,36600,114.99309704037702,161.1949683093179,65.0503910474658,114.99309704037702,32.63271368047588,71.33789487753498,3.8578944444444443,3.8578944444444443,True
B2,S2,30,36600,9.769182298069572,13.694239667206643,4.559301116208368,9.769182298069572,32.63271368047588,71.33789487753498,0.0,0.0,True
B4,S2,30,36600,88.08549331644488,123.47644049163537,46.77599008054524,88.08549331644488,32.63271368047588,71.33789487753498,2.95050752758838,2.95050752758838,True
S0,S2,30,36600,16.101949719314483,22.571383339747452,10.536664768769638,16.3154225149054,32.63271368047588,71.33789487753498,1.6800969597295685,-0.4188928227444147,True
S1,S2,30,36600,9.960740776747109,13.962762419393801,8.362446045311632,11.929727332627182,32.63271368047588,71.33789487753498,1.8767350491537533,-0.0006964990607557789,True
S2,S2,30,36600,20.3970465527792,28.592162114952508,12.171159790971345,20.3970465527792,32.63271368047588,71.33789487753498,1.855084614158308,-0.5956242836858308,True
B3,S2,30,36600,114.04774141527047,159.86978815544674,64.70032793221343,114.04774141527047,0.0,71.33789487753498,3.8578944444444443,3.8578944444444443,True
B1,S2,30,37800,115.54531814241506,73.28082055352944,62.13642567708929,115.54531814241506,18.504780049013636,157.67470570012608,5.230807407407407,-5.230807407407407,True
B2,S2,30,37800,16.48514054973979,10.45515859791239,7.5344128274257995,16.48514054973979,18.504780049013636,157.67470570012608,0.0,0.0,True
B4,S2,30,37800,79.83901332805904,50.635270237891554,42.765543133327796,79.83901332805904,18.504780049013636,157.67470570012608,3.691409296167885,-3.670224222019057,True
S0,S2,30,37800,34.222688025324544,21.704615127305846,19.571980906923837,34.222688025324544,18.504780049013636,157.67470570012608,1.506209092471505,-0.9647925815361597,True
S1,S2,30,37800,24.775171796145887,15.71283845822715,14.98447632018527,24.775171796145887,18.504780049013636,157.67470570012608,1.539244622141263,0.11618551093938696,True
S2,S2,30,37800,37.48555542472445,23.77398153893905,24.464803034391874,37.48555542472445,18.504780049013636,157.67470570012608,1.6373832964441242,-1.1881555691147543,True
B3,S2,30,37800,115.54531814241506,73.28082055352944,62.13642567708929,115.54531814241506,0.0,157.67470570012608,5.230807407407407,-5.230807407407407,True
B1,S2,30,38400,46.647020273050124,23.89375684680172,15.902702297922037,46.647020273050124,23.68723874013703,195.22681415122054,2.9744814814814813,-1.0554314814814816,True
B2,S2,30,38400,27.420449677524807,14.045432128132372,8.817647455129778,27.420449677524807,23.68723874013703,195.22681415122054,0.0,0.0,True
B4,S2,30,38400,54.27966056431953,27.80338387444826,29.62157611258882,54.27966056431953,23.68723874013703,195.22681415122054,3.1255877112125465,-2.5864047816651716,True
S0,S2,30,38400,113.33813696575115,58.05459534772753,68.45202023687266,113.33813696575115,23.68723874013703,195.22681415122054,3.968826851418256,2.1531347554881344,True
S1,S2,30,38400,90.95794611798281,46.59090838184133,51.27438513941026,90.95794611798281,23.68723874013703,195.22681415122054,2.99101014425146,1.692336273981449,True
S2,S2,30,38400,76.9522368003135,39.416837863628274,40.573494426994884,76.9522368003135,23.68723874013703,195.22681415122054,3.2421823822131834,1.1833117886519866,True
B3,S2,30,38400,30.206540062198748,15.472536492246958,12.739316386287786,30.206540062198748,0.0,195.22681415122054,2.9744814814814813,-1.0554314814814816,True
B1,S2,30,39000,14.484372984922608,6.538585617044196,16.258622058899803,26.517809336331617,12.25334024860321,221.52150072281765,1.7935120370370372,-0.04560833333333335,True
B2,S2,30,39000,6.528710211247429,2.947212884503063,7.628728253019222,11.654149222454032,12.25334024860321,221.52150072281765,0.0,0.0,True
B4,S2,30,39000,12.586770905503151,5.681963540528986,13.467287036805619,19.62420275577135,12.25334024860321,221.52150072281765,1.8009004769081072,-0.0252123858805175,True
S0,S2,30,39000,11.646937082370053,5.25770051411103,15.035814084466438,23.83839057854,12.25334024860321,221.52150072281765,1.5820611659353772,-1.0912644115353027,True
S1,S2,30,39000,2.6356491771813015,1.1897938432979471,7.7362958468359855,11.485779370565595,12.25334024860321,221.52150072281765,1.3807356265210264,-0.6285618763585035,True
S2,S2,30,39000,20.520082891362225,9.263246603334595,21.889378139332237,32.07013509781891,12.25334024860321,221.52150072281765,2.094590392034108,-1.4237046216168907,True
B3,S2,30,39000,24.18945859016449,10.919688838886994,18.03068009714842,26.24400431993652,0.0,221.52150072281765,1.7935120370370372,-0.04560833333333335,True
B1,S2,30,39600,103.467616733867,84.6015148685905,43.51266085905616,103.467616733867,13.695007905559134,122.29995750617559,5.445127777777777,3.3926537037037026,True
B2,S2,30,39600,5.282744957432988,4.319498604213524,4.37392814768982,5.421436006217526,13.695007905559134,122.29995750617559,0.0,0.0,True
B4,S2,30,39600,217.34699574204194,177.7163297305863,99.8164240045307,217.34699574204194,13.695007905559134,122.29995750617559,7.242708544206667,7.21174451104981,True
S0,S2,30,39600,43.934835809181884,35.92383571103316,33.20742228620064,43.934835809181884,13.695007905559134,122.29995750617559,1.5031510710441367,1.385213050427476,True
S1,S2,30,39600,14.223844516952179,11.630293915869872,11.425494024698933,14.223844516952179,13.695007905559134,122.29995750617559,1.264203560590783,0.39053857357980054,True
S2,S2,30,39600,43.6656711448697,35.7037500545859,31.702198767511142,43.6656711448697,13.695007905559134,122.29995750617559,1.8699505098500306,1.3776566976711433,True
B3,S2,30,39600,104.69187171293234,85.60254136445295,44.34269468986329,104.69187171293234,0.0,122.29995750617559,5.445127777777777,3.3926537037037026,True
B1,S2,30,40800,58.593769252974894,27.977924561209097,42.8464109492817,58.593769252974894,11.789659921528258,209.42857689384914,2.838369444444444,-1.333960185185185,True
B2,S2,30,40800,12.011848654052324,5.735534678316915,7.687391902795674,12.012157792546398,11.789659921528258,209.42857689384914,0.0,0.0,True
B4,S2,30,40800,24.40391584151145,11.652619811230826,18.396471573049126,26.554915184256615,11.789659921528258,209.42857689384914,1.6700152263222763,-0.4724112589589573,True
S0,S2,30,40800,11.595158444145335,5.536569371820949,7.208663110475922,12.030676767910203,11.789659921528258,209.42857689384914,1.148536306817176,0.5489969890816,True
S1,S2,30,40800,20.249641632448576,9.66899643438455,13.096467953591068,20.249641632448576,11.789659921528258,209.42857689384914,1.3205260624703221,0.8076543804518658,True
S2,S2,30,40800,18.005539870678273,8.597460832579955,8.398880480740603,18.984843397783763,11.789659921528258,209.42857689384914,1.3104565104882504,0.7319847925598634,True
B3,S2,30,40800,70.86883426543945,33.839142354178335,46.125360938998924,70.86883426543945,0.0,209.42857689384914,2.838369444444444,-1.333960185185185,True
B1,S2,30,41400,59.42990216848562,22.020795071641594,37.80416156722713,59.42990216848562,3.908441094331298,269.88081935796913,3.8260425925925925,-3.8260425925925925,True
B2,S2,30,41400,6.845267506857127,2.5364038552801276,2.6465983903790202,6.845267506857127,3.908441094331298,269.88081935796913,0.0,0.0,True
B4,S2,30,41400,41.2563803620426,15.286888657070609,24.20840995308803,41.283131008379954,3.908441094331298,269.88081935796913,2.249988381620836,2.200873014226203,True
S0,S2,30,41400,26.38262043267762,9.775655971195118,15.365196526185501,26.38262043267762,3.908441094331298,269.88081935796913,1.9431523123709447,-1.7185990093011112,True
S1,S2,30,41400,33.66623493823817,12.474482261587983,19.02879043719142,33.66623493823817,3.908441094331298,269.88081935796913,2.4131823026919097,-2.269614306412496,True
S2,S2,30,41400,27.193358583405125,10.076061962497576,16.77008435007719,27.193358583405125,3.908441094331298,269.88081935796913,2.040048943387569,-1.8401352010081682,True
B3,S2,30,41400,58.12142848544643,21.53596117860986,37.22579818688264,58.12142848544643,0.0,269.88081935796913,3.8260425925925925,-3.8260425925925925,True
B1,S2,30,42000,112.65709939250013,34.050279060163476,73.4520687775174,115.86765656400466,7.678874189289382,330.85514275359145,3.990381481481482,-3.788157407407408,True
B2,S2,30,42000,5.782329570178942,1.7476922141982256,5.92626401789219,9.113087823993386,7.678874189289382,330.85514275359145,0.0,0.0,True
B4,S2,30,42000,68.64868864341473,20.748865522257184,45.79767398302359,73.39213098644096,7.678874189289382,330.85514275359145,2.614664523665355,-2.3145245899291926,True
S0,S2,30,42000,6.944074094253595,2.098826101495808,7.054472872817122,12.260178890979068,7.678874189289382,330.85514275359145,1.3805355037370273,0.09736531576931912,True
S1,S2,30,42000,17.09965723688221,5.168321427488705,16.786327012998797,29.100802334428803,7.678874189289382,330.85514275359145,1.5491419262743338,-0.5550182564393961,True
S2,S2,30,42000,6.862427765737365,2.0741487373065395,11.224413407829891,16.381345587638055,7.678874189289382,330.85514275359145,1.0675129963292351,-0.043329201363140155,True
B3,S2,30,42000,113.20769628220091,34.216695361000866,73.42546237164883,116.16640804577455,0.0,330.85514275359145,3.990381481481482,-3.788157407407408,True
B1,S2,30,43200,45.7774269702732,17.02462823478999,23.19868172290544,45.7774269702732,7.904922840539118,268.8894367556678,1.2194916666666664,1.0666527777777774,True
B2,S2,30,43200,30.883744735577725,11.485666788629151,15.960030344033642,30.883744735577725,7.904922840539118,268.8894367556678,0.0,0.0,True
B4,S2,30,43200,64.94424271943667,24.152768328511787,34.214803795118186,64.94424271943667,7.904922840539118,268.8894367556678,1.816871547185513,1.8162804447680203,True
S0,S2,30,43200,36.148918632260255,13.443785322480984,22.064105573583028,36.148918632260255,7.904922840539118,268.8894367556678,1.7117908266935888,0.43768832293864096,True
S1,S2,30,43200,35.882737442159566,13.344792519598005,20.71057965488975,35.882737442159566,7.904922840539118,268.8894367556678,1.5172223860233724,0.4707407284644921,True
S2,S2,30,43200,37.016541550920365,13.766454345529477,23.319505673567196,37.016541550920365,7.904922840539118,268.8894367556678,1.4204547942411603,0.442265715768679,True
B3,S2,30,43200,33.078580424099734,12.301926331958253,16.909021321794583,33.078580424099734,0.0,268.8894367556678,1.2194916666666664,1.0666527777777774,True
B1,S2,30,43800,114.58059669457413,63.99979925007305,80.31102860134793,114.58059669457413,16.17448555854755,179.0327439104324,3.692505555555556,3.692505555555556,True
B2,S2,30,43800,30.777692093918272,17.191096679675493,12.018744135725202,30.777692093918272,16.17448555854755,179.0327439104324,0.0,0.0,True
B4,S2,30,43800,42.66589239239405,23.83133468240827,32.37888409703344,42.66589239239405,16.17448555854755,179.0327439104324,1.5556486204137137,1.0403764304458984,True
S0,S2,30,43800,34.223451234026896,19.115749715118266,14.014749151483858,34.223451234026896,16.17448555854755,179.0327439104324,1.7162572713111282,0.4486855407143452,True
S1,S2,30,43800,38.848589575065446,21.69915330935265,18.433295676565542,38.848589575065446,16.17448555854755,179.0327439104324,1.4411790325692884,0.7749707683486875,True
S2,S2,30,43800,34.939982382875876,19.515973234681507,18.304901402373286,34.939982382875876,16.17448555854755,179.0327439104324,2.1143147058366587,-0.6412871977513006,True
B3,S2,30,43800,109.85117563176897,61.35814780715531,79.25105838350431,109.85117563176897,0.0,179.0327439104324,3.692505555555556,3.692505555555556,True
B1,S2,30,44400,54.85655163308237,22.037087323050564,22.857632781519346,54.85655163308237,5.405581366292393,248.928321737433,2.0671240740740737,-1.9014666666666664,True
B2,S2,30,44400,3.7611049598598267,1.5109188595370038,1.670848492767005,3.7611049598598267,5.405581366292393,248.928321737433,0.0,0.0,True
B4,S2,30,44400,86.41804664413714,34.71603634370298,40.34692957881828,86.41804664413714,5.405581366292393,248.928321737433,3.176630268007242,-3.175097634343616,True
S0,S2,30,44400,33.46213091011902,13.442476403072579,25.23263079183024,33.46213091011902,5.405581366292393,248.928321737433,2.037003550214457,0.1556512206245903,True
S1,S2,30,44400,37.56384151496026,15.090224066421099,18.120461956212363,37.56384151496026,5.405581366292393,248.928321737433,1.6780884524636994,-0.8689669142306073,True
S2,S2,30,44400,31.30441533025706,12.575674439840007,19.18692401100305,31.30441533025706,5.405581366292393,248.928321737433,1.723729243420117,-0.31191539253202755,True
B3,S2,30,44400,52.34429773677794,21.027859494425126,21.802835409728164,52.34429773677794,0.0,248.928321737433,2.0671240740740737,-1.9014666666666664,True
B1,S2,30,45000,112.49884362080475,36.00962948423554,58.428084944675575,112.49884362080475,0.28845840536971346,312.41322177462285,3.930237037037037,-3.930237037037037,True
B2,S2,30,45000,12.458042321629586,3.987680883306824,6.702767849513585,12.538625265289737,0.28845840536971346,312.41322177462285,0.0,0.0,True
B4,S2,30,45000,82.47689780611735,26.399938305305398,43.437840360723115,82.47689780611735,0.28845840536971346,312.41322177462285,2.8326133792433996,-2.8326133792433996,True
S0,S2,30,45000,36.576794987620154,11.707825545874918,37.25385970367837,49.31933687964852,0.28845840536971346,312.41322177462285,2.085762602402441,1.1510948145377953,True
S1,S2,30,45000,32.601051095385685,10.435234114036414,15.447673815544807,32.601051095385685,0.28845840536971346,312.41322177462285,1.2715853169138926,-1.1179580606599766,True
S2,S2,30,45000,13.87742952303157,4.442010950817839,13.302155701945104,20.218103591490426,0.28845840536971346,312.41322177462285,1.006318478128586,0.3818484845479146,True
B3,S2,30,45000,112.30899540361136,35.94886117996372,58.23719194129456,112.30899540361136,0.0,312.41322177462285,3.930237037037037,-3.930237037037037,True
B1,S2,30,45600,154.59911186126968,51.44721318214713,58.25136466194784,154.59911186126968,11.605098889922377,300.50045920644277,5.0686990740740745,4.967699074074075,True
B2,S2,30,45600,28.401470873408748,9.451390173715854,18.49121428735598,28.401470873408748,11.605098889922377,300.50045920644277,0.0,0.0,True
B4,S2,30,45600,123.8541251425683,41.21595203868922,45.39498248939693,123.8541251425683,11.605098889922377,300.50045920644277,4.392377629830483,3.9118942046033682,True
S0,S2,30,45600,83.95453475695443,27.93823842354862,58.74234534692819,83.95453475695443,11.605098889922377,300.50045920644277,3.1930431433402253,-2.815595987785076,True
S1,S2,30,45600,27.508863923424627,9.15435004527768,20.46823049090201,28.16681046831485,11.605098889922377,300.50045920644277,2.1644977458204475,-0.23504297782196726,True
S2,S2,30,45600,68.61696009060996,22.834228031402226,48.550477407036645,68.61696009060996,11.605098889922377,300.50045920644277,2.834707954509291,-2.2633335524232066,True
B3,S2,30,45600,149.77416843668271,49.8415772249414,54.18924067574338,149.77416843668271,0.0,300.50045920644277,5.0686990740740745,4.967699074074075,True
B1,S2,30,46200,95.38405290682617,20.83643298256155,54.84905605821965,95.38405290682617,7.080476080770611,457.7753446890602,2.9917907407407407,-2.9917907407407407,False
B2,S2,30,46200,40.47784555979515,8.842294813253728,20.640830985707016,40.47784555979515,7.080476080770611,457.7753446890602,0.0,0.0,False
B4,S2,30,46200,45.49013165930637,9.937217499165477,24.27854042373087,45.49013165930637,7.080476080770611,457.7753446890602,0.8245515361095102,-0.7631465677876501,False
S0,S2,30,46200,129.43416145792034,28.27460302516671,74.95744282313359,129.43416145792034,7.080476080770611,457.7753446890602,4.235450929229574,-4.235450929229574,False
S1,S2,30,46200,56.68583358717752,12.382893540428846,32.58426817158708,56.68583358717752,7.080476080770611,457.7753446890602,1.4537293417246846,-1.4502610558600035,False
S2,S2,30,46200,127.43946737193409,27.83886656423058,75.93525598217359,127.43946737193409,7.080476080770611,457.7753446890602,4.159720230193277,-4.159720230193277,False
B3,S2,30,46200,88.29779574023591,19.288455956537238,51.78498242189961,88.29779574023591,0.0,457.7753446890602,2.9917907407407407,-2.9917907407407407,False
B1,S2,30,46800,279.44068520174966,99.76434596682678,183.04973286822573,279.44068520174966,8.823863612967866,280.10075392532326,9.379132407407408,-9.379132407407408,True
B2,S2,30,46800,20.28915074723629,7.243518792043493,11.53547213919823,20.28915074723629,8.823863612967866,280.10075392532326,0.0,0.0,True
B4,S2,30,46800,93.91802412173007,33.530086158486114,71.77862761769363,106.67433858756425,8.823863612967866,280.10075392532326,4.07532340781606,-2.994777092810654,True
S0,S2,30,46800,77.65438468822546,27.723732835409876,49.82030314817793,77.65438468822546,8.823863612967866,280.10075392532326,2.62105423170547,-2.5526710870709266,True
S1,S2,30,46800,55.49265157021897,19.81167518921198,35.78254925271506,55.49265157021897,8.823863612967866,280.10075392532326,1.9023640991997888,-1.7707605437463088,True
S2,S2,30,46800,78.81941598456469,28.139665773830252,54.157332105343855,79.29870855921043,8.823863612967866,280.10075392532326,2.869539098490457,-2.5681138832443784,True
B3,S2,30,46800,279.44068520174966,99.76434596682678,183.04973286822573,279.44068520174966,0.0,280.10075392532326,9.379132407407408,-9.379132407407408,True
B1,S2,30,47400,137.2500614911677,42.12138087384416,102.48750325882357,145.32214589653765,12.60823697741675,325.84416427903716,5.133100925925926,-4.510867592592592,True
B2,S2,30,47400,31.607182455264127,9.700091614406594,16.78969097036957,31.607182455264127,12.60823697741675,325.84416427903716,0.0,0.0,True
B4,S2,30,47400,44.70437458578899,13.719556612192793,41.443492574161525,60.481743017709334,12.60823697741675,325.84416427903716,2.8592118404742646,-0.9926658496866688,True
S0,S2,30,47400,70.32202804001652,21.581490709097416,56.96118045641191,74.96390229566136,12.60823697741675,325.84416427903716,3.163008724799353,-2.136640160761576,True
S1,S2,30,47400,58.27427970829555,17.884094943738898,48.93153725903254,65.20675539244188,12.60823697741675,325.84416427903716,2.8784675536390867,-1.647969588751669,True
S2,S2,30,47400,84.79528991330814,26.02326486371981,67.33325660703895,89.38383937729965,12.60823697741675,325.84416427903716,3.801528711908313,-2.6763693566193005,True
B3,S2,30,47400,134.15214104238564,41.17064405287438,101.58623531348165,143.58838196038218,0.0,325.84416427903716,5.133100925925926,-4.510867592592592,True
B1,S2,30,48000,77.70049557508618,18.35424022557662,27.45282997770025,77.70049557508618,7.888004025795769,423.33812034785615,4.5384518518518515,2.4703851851851875,True
B2,S2,30,48000,13.589126258431705,3.209993526513876,8.888953220510254,13.589126258431705,7.888004025795769,423.33812034785615,0.0,0.0,True
B4,S2,30,48000,64.39406965673211,15.211025551825957,24.887094948199266,64.39406965673211,7.888004025795769,423.33812034785615,4.063044356668066,2.009514007654433,True
S0,S2,30,48000,123.69954825107047,29.22003531111887,110.9261404196241,153.77073791604627,7.888004025795769,423.33812034785615,6.1605475172148925,-4.160382764144447,True
S1,S2,30,48000,17.678665423632115,4.176015476495618,35.87277616555022,54.70818058920419,7.888004025795769,423.33812034785615,3.460493263773657,-0.191266129530156,True
S2,S2,30,48000,117.79462894812053,27.825188256453,110.89759826350007,153.40285924734278,7.888004025795769,423.33812034785615,6.349108584180192,-3.94822936861835,True
B3,S2,30,48000,75.14885179561801,17.751496542259964,25.54715837867611,75.14885179561801,0.0,423.33812034785615,4.5384518518518515,2.4703851851851875,True
B1,S2,30,48600,144.6076386988973,60.19374364765,99.93259636983028,144.6076386988973,19.58480908684493,240.2369913148654,5.972561111111111,-5.972561111111111,True
B2,S2,30,48600,38.14134748615761,15.876550600056362,24.78938471680959,38.14134748615761,19.58480908684493,240.2369913148654,0.0,0.0,True
B4,S2,30,48600,70.96644178078785,29.540180882375452,47.944888285666,70.96644178078785,19.58480908684493,240.2369913148654,2.7859630422317485,-2.7859630422317485,True
S0,S2,30,48600,43.68076737529245,18.18236531194418,21.494916698251526,43.68076737529245,19.58480908684493,240.2369913148654,2.5641462627067337,1.2167753298526038,True
S1,S2,30,48600,43.313830439503406,18.02962574682529,21.910110690746645,43.313830439503406,19.58480908684493,240.2369913148654,1.5375016108931412,0.43709473130675813,True
S2,S2,30,48600,46.872906731307495,19.511111288383457,24.849903767877123,46.872906731307495,19.58480908684493,240.2369913148654,2.0449116449661067,0.2754358148545401,True
B3,S2,30,48600,141.84458814907754,59.04360830225752,99.43913432491387,141.84458814907754,0.0,240.2369913148654,5.972561111111111,-5.972561111111111,True
B1,S2,30,49800,303.8047019875967,72.1407422174497,154.53524162856985,303.8047019875967,12.707935249295451,421.12777419430427,10.32725925925926,-10.32725925925926,True
B2,S2,30,49800,55.86026310573189,13.26444526547862,24.241452539685145,55.86026310573189,12.707935249295451,421.12777419430427,0.0,0.0,True
B4,S2,30,49800,270.1983352044749,64.16065426257259,134.54125764550258,270.1983352044749,12.707935249295451,421.12777419430427,9.033692148556696,-9.033692148556696,True
S0,S2,30,49800,153.99470720605214,36.56721704016617,81.25524694426386,153.99470720605214,12.707935249295451,421.12777419430427,4.903406933699551,-4.8764615028225675,True
S1,S2,30,49800,163.45321580754745,38.81321200442404,86.22417123956455,163.45321580754745,12.707935249295451,421.12777419430427,5.240358571383402,-5.229361543431969,True
S2,S2,30,49800,178.50848559955898,42.388200574298125,97.79666491858377,178.50848559955898,12.707935249295451,421.12777419430427,5.765039514963747,-5.764408456956271,True
B3,S2,30,49800,301.92625509265986,71.69469068391437,153.73437988776428,301.92625509265986,0.0,421.12777419430427,10.32725925925926,-10.32725925925926,True
B1,S2,30,50400,301.28492424516065,133.46678660135686,165.2013437901135,301.28492424516065,4.792044744804317,225.73775237808695,10.439475925925926,10.439475925925926,True
B2,S2,30,50400,8.870106650234781,3.9293855621359635,4.785259689951331,8.870106650234781,4.792044744804317,225.73775237808695,0.0,0.0,True
B4,S2,30,50400,193.3437569204155,85.64972180487786,96.897915186474,193.3437569204155,4.792044744804317,225.73775237808695,6.610966446879468,6.610966446879468,True
S0,S2,30,50400,12.85538873212358,5.694833317287645,9.295902517073808,15.74462626049431,4.792044744804317,225.73775237808695,1.18506978058471,0.251974717707929,True
S1,S2,30,50400,111.54005506666282,49.41134298167591,72.17070434085528,112.93304255355844,4.792044744804317,225.73775237808695,3.907951371998573,3.8015161868133873,True
S2,S2,30,50400,41.26129227153918,18.278419022455257,28.567515903924175,42.58266625605645,4.792044744804317,225.73775237808695,1.7318902947042232,1.1337026408889581,True
B3,S2,30,50400,300.23788883813336,133.00295837767825,164.05488084447944,300.23788883813336,0.0,225.73775237808695,10.439475925925926,10.439475925925926,True
B1,S2,30,51000,101.58342315594797,14.973882914290607,59.23700985272448,101.58342315594797,11.401092011755816,678.4040167630797,2.874889814814813,-2.874889814814813,True
B2,S2,30,51000,52.414221128019804,7.726107132753686,22.996391127063156,52.414221128019804,11.401092011755816,678.4040167630797,0.0,0.0,True
B4,S2,30,51000,56.12007414682305,8.272367609878403,25.816702052258403,56.12007414682305,11.401092011755816,678.4040167630797,0.78418757444406,-0.08613766979915174,True
S0,S2,30,51000,341.34575482382724,50.315998489000116,199.6826334778346,341.34575482382724,11.401092011755816,678.4040167630797,11.387837535951606,-11.387837535951606,True
S1,S2,30,51000,149.08614390064295,21.976011376228126,86.09670303991989,149.08614390064295,11.401092011755816,678.4040167630797,4.693752377654126,-4.693752377654126,True
S2,S2,30,51000,326.4949759750418,48.12692258705542,187.7411786807946,326.4949759750418,11.401092011755816,678.4040167630797,10.890851617096484,-10.890851617096484,True
B3,S2,30,51000,84.34437070446323,12.432764049202111,54.01043838978177,84.34437070446323,0.0,678.4040167630797,2.874889814814813,-2.874889814814813,True
B1,S2,30,51600,74.42077312932251,20.381377861890716,38.476219929105746,74.42077312932251,16.652330796362843,365.14103037398246,1.7148064814814816,-1.7148064814814816,True
B2,S2,30,51600,57.73520653579662,15.811755385765174,27.70509893739642,57.73520653579662,16.652330796362843,365.14103037398246,0.0,0.0,True
B4,S2,30,51600,65.52184834490288,17.944257942689845,31.372818083971847,65.52184834490288,16.652330796362843,365.14103037398246,1.044492205674726,-0.5594405622560717,True
S0,S2,30,51600,62.636010211242784,17.153922731469024,30.41477780783675,62.636010211242784,16.652330796362843,365.14103037398246,1.7300831177070168,-0.7261558203544504,True
S1,S2,30,51600,68.76204277788226,18.8316395742914,35.49937522214184,68.76204277788226,16.652330796362843,365.14103037398246,1.4535764193140284,0.4602371897933674,True
S2,S2,30,51600,66.80411834903425,18.29542910601215,32.12546668233211,66.80411834903425,16.652330796362843,365.14103037398246,1.417799622783416,-0.6700718951579859,True
B3,S2,30,51600,48.77043172881143,13.356601332602935,26.04885903066267,48.77043172881143,0.0,365.14103037398246,1.7148064814814816,-1.7148064814814816,True
B1,S2,30,52200,85.4948871625983,20.07862756987795,49.32283405414217,85.4948871625983,12.193838401535865,425.8004530691038,2.151780555555556,-2.151780555555556,True
B2,S2,30,52200,49.80942392185368,11.697832532312978,24.166397175081464,49.80942392185368,12.193838401535865,425.8004530691038,0.0,0.0,True
B4,S2,30,52200,64.66155336962642,15.185881767751994,27.784365519594783,64.66155336962642,12.193838401535865,425.8004530691038,1.2817171359248478,0.623695969001549,True
S0,S2,30,52200,94.45417057130052,22.1827313452791,55.02294451968308,94.45417057130052,12.193838401535865,425.8004530691038,2.686326802244261,-2.4834383649036327,True
S1,S2,30,52200,87.6750592986483,20.59064490577688,50.34008484714561,87.6750592986483,12.193838401535865,425.8004530691038,2.327348183018982,-2.273272290114088,True
S2,S2,30,52200,96.32766855363037,22.62272570621178,54.89038758156279,96.32766855363037,12.193838401535865,425.8004530691038,2.6871165207921477,-2.6871165207921477,True
B3,S2,30,52200,62.82026184251061,14.753451150582832,42.30429195810865,62.82026184251061,0.0,425.8004530691038,2.151780555555556,-2.151780555555556,True
B1,S2,30,52800,156.89594632307703,132.8950926106399,101.72895220153318,156.89594632307703,11.09870745127973,118.05999999018442,10.02886111111111,10.02886111111111,True
B2,S2,30,52800,11.30063575044557,9.57194286920643,10.434853343472815,18.31906620996694,11.09870745127973,118.05999999018442,0.0,0.0,True
B4,S2,30,52800,51.62163801719072,43.72491785658357,35.49798492849309,59.899285827635595,11.09870745127973,118.05999999018442,2.082128963234686,1.666823073779116,True
S0,S2,30,52800,31.32210897198994,26.53066997678645,29.470128426160286,41.059717486151065,11.09870745127973,118.05999999018442,2.4729441364442675,2.1237715171977616,True
S1,S2,30,52800,54.14298682729211,45.86056821259834,47.178766897218345,62.837548423680666,11.09870745127973,118.05999999018442,3.8474668339363762,3.1024539674984464,True
S2,S2,30,52800,58.19051291901208,49.28893183453335,47.41614273561664,65.57217274886725,11.09870745127973,118.05999999018442,3.601467860217393,2.7513168978811704,True
B3,S2,30,52800,34.32452029509972,29.0737932389916,56.470484180046775,94.94504521023775,0.0,118.05999999018442,10.02886111111111,10.02886111111111,True
B1,S2,30,53400,278.6388117908732,73.34780644653164,123.22182631395712,278.6388117908732,12.368072063239815,379.8870413309396,10.446949074074073,-10.446949074074073,True
B2,S2,30,53400,46.51564728601677,12.244599637578725,17.502756469867922,46.51564728601677,12.368072063239815,379.8870413309396,0.0,0.0,True
B4,S2,30,53400,219.88981550977934,57.88294718856223,94.00228339287214,219.88981550977934,12.368072063239815,379.8870413309396,7.4537569293235055,-6.728468141020982,True
S0,S2,30,53400,132.39241196880565,34.85046805096772,57.71674508529678,132.39241196880565,12.368072063239815,379.8870413309396,4.448110454836863,-3.3585783883216593,True
S1,S2,30,53400,160.28780969526417,42.19354499003008,71.7978276309302,160.28780969526417,12.368072063239815,379.8870413309396,5.393673097862634,-4.598551934028688,True
S2,S2,30,53400,141.87292633612992,37.34608209826693,62.84879376613967,141.87292633612992,12.368072063239815,379.8870413309396,4.745736057075033,-3.959949140856143,True
B3,S2,30,53400,277.906136977185,73.1549399536075,122.83011708093952,277.906136977185,0.0,379.8870413309396,10.446949074074073,-10.446949074074073,True
B1,S2,30,54000,216.86953054606917,36.77874045173856,93.05160042779023,216.86953054606917,19.17389598573725,589.660026097543,6.021196296296295,6.004077777777777,True
B2,S2,30,54000,97.0398066280612,16.456907766036803,51.75957608628328,97.0398066280612,19.17389598573725,589.660026097543,0.0,0.0,True
B4,S2,30,54000,174.2943540540787,29.558448315987167,73.45733908004665,174.2943540540787,19.17389598573725,589.660026097543,4.512777904237195,4.246822072615831,True
S0,S2,30,54000,260.04112016576084,44.100177840907975,179.37047146903123,260.04112016576084,19.17389598573725,589.660026097543,8.897579217559038,-8.148937475141107,True
S1,S2,30,54000,121.29774941281259,20.57079402441081,58.064042318852884,121.29774941281259,19.17389598573725,589.660026097543,3.368215495976969,1.5158205466597885,True
S2,S2,30,54000,233.5329742097434,39.604681320404076,159.23955652820132,233.8786546318734,19.17389598573725,589.660026097543,8.052409996467743,-7.188112691190842,True
B3,S2,30,54000,180.42884230688432,30.598791561467888,72.63352446577129,180.42884230688432,0.0,589.660026097543,6.021196296296295,6.004077777777777,True
B1,S2,30,54600,148.12456780228212,18.715068015669733,76.24950556238949,148.12456780228212,17.708689499019258,791.472238723688,1.7114620370370366,1.6399120370370366,True
B2,S2,30,54600,127.41808094696613,16.098869260713165,56.56519624226912,127.41808094696613,17.708689499019258,791.472238723688,0.0,0.0,True
B4,S2,30,54600,136.33748408987537,17.22580747869697,61.86284608029877,136.33748408987537,17.708689499019258,791.472238723688,2.3748398613198733,-1.6331974207056161,True
S0,S2,30,54600,470.69104720143554,59.47031673030785,259.97639308235506,470.69104720143554,17.708689499019258,791.472238723688,15.966878412741453,-15.966878412741453,True
S1,S2,30,54600,135.94274541108348,17.175933502140516,60.041842922532396,135.94274541108348,17.708689499019258,791.472238723688,2.1922678642058573,-2.0332839234558677,True
S2,S2,30,54600,429.59269539259196,54.277670696996836,222.6869879908549,429.59269539259196,17.708689499019258,791.472238723688,14.36955225435669,-14.36955225435669,True
B3,S2,30,54600,49.0253796012854,6.1942007821200065,40.986880619452826,49.52264258175565,0.0,791.472238723688,1.7114620370370366,1.6399120370370366,True
B1,S2,30,55200,454.7802045924278,152.90054240881264,272.931069701207,454.7802045924278,5.7439979959961285,297.43531149580537,15.34582314814815,15.34582314814815,True
B2,S2,30,55200,21.184332480339126,7.12233270952359,10.328555680710304,21.184332480339126,5.7439979959961285,297.43531149580537,0.0,0.0,True
B4,S2,30,55200,38.58717434827903,12.973299691359346,24.740088359758765,39.53697697309864,5.7439979959961285,297.43531149580537,2.5594778380875884,-0.7063861387593883,True
S0,S2,30,55200,30.939053576957026,10.40194367688362,22.74171423264905,30.939053576957026,5.7439979959961285,297.43531149580537,2.14248136086021,0.17150054915743557,True
S1,S2,30,55200,334.97090283102204,112.61974953358758,183.00249317310474,334.97090283102204,5.7439979959961285,297.43531149580537,11.271344206879139,11.271344206879139,True
S2,S2,30,55200,70.58830696780402,23.732322370472648,65.12012550846617,75.91097431472596,5.7439979959961285,297.43531149580537,3.6898466231335,1.8075861818797951,True
B3,S2,30,55200,445.792832790069,149.87892007447672,268.4104560696471,445.792832790069,0.0,297.43531149580537,15.34582314814815,15.34582314814815,True
B1,S2,30,55800,61.63820572358204,30.266157747470665,49.60007497970564,66.50424894915265,12.899597032523635,203.65388377959252,2.950555555555556,2.950555555555556,True
B2,S2,30,55800,18.60383740817716,9.135027067940154,7.571072775298365,18.60383740817716,12.899597032523635,203.65388377959252,0.0,0.0,True
B4,S2,30,55800,29.21531096090896,14.34557024825889,30.459365846515055,43.78470466105962,12.899597032523635,203.65388377959252,1.7962677213107705,1.4640461666481712,True
S0,S2,30,55800,51.61049561688534,25.342259454644907,48.538172644744414,63.272351331142616,12.899597032523635,203.65388377959252,2.8442433086282155,2.6552501729424267,True
S1,S2,30,55800,27.771427775252157,13.6365814684429,27.04926060858935,37.515970175389704,12.899597032523635,203.65388377959252,1.9041394530054105,1.605737216350485,True
S2,S2,30,55800,51.11481999084935,25.098868257366075,49.809554176069824,66.60932502302099,12.899597032523635,203.65388377959252,2.67695868246751,2.329996255997096,True
B3,S2,30,55800,72.07438346607518,35.39062556944839,52.10982643296549,72.07438346607518,0.0,203.65388377959252,2.950555555555556,2.950555555555556,True
B1,S2,30,56400,107.36150788093873,200.53735752019708,79.30852714342782,109.39436114158312,12.982090979197448,53.536911630106545,3.0044574074074073,2.557161111111111,True
B2,S2,30,56400,37.13732812237243,69.3677072352605,30.460610488942283,41.4289242021157,12.982090979197448,53.536911630106545,0.0,0.0,True
B4,S2,30,56400,58.240947968259526,108.78652913461609,36.970637775857305,58.240947968259526,12.982090979197448,53.536911630106545,1.336869649102671,-0.22342524075890285,True
S0,S2,30,56400,141.7418029042798,264.75528488380553,109.73743828651236,148.72359848349475,12.982090979197448,53.536911630106545,4.394810236219784,4.157868055844724,True
S1,S2,30,56400,119.40551607942471,223.03400111013664,92.15719453414678,124.74828924375721,12.982090979197448,53.536911630106545,3.35739477031525,3.145973298593952,True
S2,S2,30,56400,117.74106881570484,219.9250297237785,86.14814658158843,122.19248945255646,12.982090979197448,53.536911630106545,3.4798017521621984,2.927087649812829,True
B3,S2,30,56400,48.59943780712145,90.77743995189947,34.090439063245945,52.53542032641254,0.0,53.536911630106545,3.0044574074074073,2.557161111111111,True
B1,S2,30,57000,58.99478590122816,23.417361067155827,30.75108291253057,58.99478590122816,20.934530806290123,251.9275580713135,0.990963888888889,0.5722768518518521,True
B2,S2,30,57000,50.99137940724784,20.240492861369948,22.448358999057973,50.99137940724784,20.934530806290123,251.9275580713135,0.0,0.0,True
B4,S2,30,57000,82.59034558704826,32.78337083062159,39.95942322502035,82.59034558704826,20.934530806290123,251.9275580713135,2.4163330187431806,-2.4064238923703,True
S0,S2,30,57000,79.65908708676244,31.619838534779596,38.09174402494505,79.65908708676244,20.934530806290123,251.9275580713135,1.921607762178406,1.87910422274272,True
S1,S2,30,57000,61.39020873705621,24.368199020004944,28.522463389056348,61.39020873705621,20.934530806290123,251.9275580713135,1.4526697618653646,1.0323056290875592,True
S2,S2,30,57000,74.99974123812035,29.770360103633465,34.96960990616655,74.99974123812035,20.934530806290123,251.9275580713135,1.6189321617015544,1.5979166783363399,True
B3,S2,30,57000,15.27644222674112,6.06382340371703,13.631743997437766,18.490480430807693,0.0,251.9275580713135,0.990963888888889,0.5722768518518521,True
B1,S2,30,57600,20.446187202813444,12.323901457301353,28.98915497571637,36.868961580288875,25.163091748955868,165.90677289698712,2.057221296296296,-0.9943157407407407,True
B2,S2,30,57600,17.35540701709678,10.460939426428899,8.59176982760418,17.35540701709678,25.163091748955868,165.90677289698712,0.0,0.0,True
B4,S2,30,57600,65.93696368246543,39.743382702890756,28.55945831118331,65.93696368246543,25.163091748955868,165.90677289698712,2.8489474779780357,2.4930427829462394,True
S0,S2,30,57600,103.8961745859002,62.62322675061022,64.3313471028445,103.8961745859002,25.163091748955868,165.90677289698712,3.8105512200143026,3.8105512200143026,True
S1,S2,30,57600,67.73240364584474,40.82558081453392,36.23749363129735,67.73240364584474,25.163091748955868,165.90677289698712,2.4717301120854502,2.46489364187078,True
S2,S2,30,57600,100.41838713641654,60.52699680848301,58.13390472068273,100.41838713641654,25.163091748955868,165.90677289698712,3.8498149482347146,3.812466871938938,True
B3,S2,30,57600,36.497843461235924,21.99900752930547,31.108086932857766,36.70836264610432,0.0,165.90677289698712,2.057221296296296,-0.9943157407407407,True
B1,S2,30,58200,57.850596414768276,28.77796712593794,33.88926687085442,59.42342412675581,14.726131300850723,201.02391583673335,2.3271287037037043,-2.1094657407407413,True
B2,S2,30,58200,19.074641028705344,9.488742147574767,8.803087846944345,19.074641028705344,14.726131300850723,201.02391583673335,0.0,0.0,True
B4,S2,30,58200,21.744467354498326,10.816855926813526,11.369851398699723,21.744467354498326,14.726131300850723,201.02391583673335,1.5415904354607606,0.5319288469969631,True
S0,S2,30,58200,93.97223984611794,46.74679599935754,47.57031641092155,93.97223984611794,14.726131300850723,201.02391583673335,3.215205203589026,3.026710516040382,True
S1,S2,30,58200,67.70595846333822,33.68054899414422,35.32714897662587,67.70595846333822,14.726131300850723,201.02391583673335,2.236642186985998,2.092235412224082,True
S2,S2,30,58200,77.67352865396974,38.638949167149974,34.81247579303247,77.67352865396974,14.726131300850723,201.02391583673335,2.6993033975218856,2.515693941329019,True
B3,S2,30,58200,59.270075396349725,29.484091556791387,34.64007949166471,59.78935840360437,0.0,201.02391583673335,2.3271287037037043,-2.1094657407407413,True
B1,S2,30,58800,85.29143779284622,45.120959498122616,42.280479339119644,85.29143779284622,20.632846399763356,189.02842213804212,3.932072222222222,3.4019870370370375,True
B2,S2,30,58800,17.864785664662246,9.450846313268222,9.252620290920914,17.864785664662246,20.632846399763356,189.02842213804212,0.0,0.0,True
B4,S2,30,58800,135.15171602120907,71.4980924522089,73.4369114866747,135.15171602120907,20.632846399763356,189.02842213804212,6.0001197411013445,5.95291194724141,True
S0,S2,30,58800,64.969380985066,34.37016521125098,27.46421378743393,64.969380985066,20.632846399763356,189.02842213804212,3.045759009177383,2.5471346498447915,True
S1,S2,30,58800,47.56126270536193,25.160905522783917,20.538632688299188,47.56126270536193,20.632846399763356,189.02842213804212,2.3580636841596134,1.5590011359037026,True
S2,S2,30,58800,59.47096148002834,31.46138596903612,25.235801536910593,59.47096148002834,20.632846399763356,189.02842213804212,2.3267004249439016,1.7081376155806731,True
B3,S2,30,58800,77.59321101155211,41.04843606793056,37.25288202525705,77.59321101155211,0.0,189.02842213804212,3.932072222222222,3.4019870370370375,True
B1,S2,30,59400,95.39124681349361,239.41568990277563,44.08138177647326,95.39124681349361,171.33882095737914,39.84335648688316,4.0218796296296295,4.0218796296296295,True
B2,S2,30,59400,3.4963632857584077,8.775272953997854,1.5933837438141758,3.4963632857584077,171.33882095737914,39.84335648688316,0.0,0.0,True
B4,S2,30,59400,24.80254312094497,62.25013479752947,11.16096707868429,24.80254312094497,171.33882095737914,39.84335648688316,1.2896182625065489,0.6087886135278892,True
S0,S2,30,59400,59.85045257142322,150.21438414990615,55.680792655974244,61.210873714761725,171.33882095737914,39.84335648688316,3.2561902705335055,3.068580705604408,True
S1,S2,30,59400,39.321241651103,98.6895811954195,35.72880894344832,39.46523093563437,171.33882095737914,39.84335648688316,2.494182705367676,2.303247775280459,True
S2,S2,30,59400,39.365754102144194,98.80129982298003,34.80006766639875,39.539483947951,171.33882095737914,39.84335648688316,2.411124779634992,2.2162668058659367,True
B3,S2,30,59400,28.54492618905651,71.64287526442153,23.853671213655023,39.66133056131603,0.0,39.84335648688316,4.0218796296296295,4.0218796296296295,True
B1,S2,30,60000,134.28932928399846,25.308346404770308,72.85199667614724,134.28932928399846,18.166121924636123,530.6128149829915,2.5866351851851848,2.1414111111111103,True
B2,S2,30,60000,127.04319699955052,23.94273063375275,64.5888872547489,127.04319699955052,18.166121924636123,530.6128149829915,0.0,0.0,True
B4,S2,30,60000,153.70726387494327,28.96787629975923,84.5925492334588,153.70726387494327,18.166121924636123,530.6128149829915,3.8389209534497515,-3.8257638781869265,True
S0,S2,30,60000,200.05755846856638,37.70311474195721,111.12806083118966,200.05755846856638,18.166121924636123,530.6128149829915,5.862696442028636,-5.862696442028636,True
S1,S2,30,60000,130.7505690972985,24.641426932270686,66.6622187887049,130.7505690972985,18.166121924636123,530.6128149829915,1.3355643406645752,0.8732979217082453,True
S2,S2,30,60000,189.28539660998965,35.67297872669304,102.67084345424368,189.28539660998965,18.166121924636123,530.6128149829915,5.521375027272206,-5.417568146958877,True
B3,S2,30,60000,63.257429477787035,11.921579670067848,40.35996988425011,63.257429477787035,0.0,530.6128149829915,2.5866351851851848,2.1414111111111103,True
B1,S2,30,60600,173.00196727871463,23.481454579418926,87.68522316903909,173.00196727871463,13.589436761265436,736.760010729266,5.330425925925926,-5.330425925925926,True
B2,S2,30,60600,77.07255866795096,10.461012751175563,34.94171100915936,77.07255866795096,13.589436761265436,736.760010729266,0.0,0.0,True
B4,S2,30,60600,131.52219057646005,17.851429048962043,62.95275977671814,131.52219057646005,13.589436761265436,736.760010729266,3.73432374332549,-3.73432374332549,True
S0,S2,30,60600,356.58018485610876,48.398417349382946,187.8807295905631,356.58018485610876,13.589436761265436,736.760010729266,11.799853995286593,-11.799853995286593,True
S1,S2,30,60600,172.11036319451648,23.360437685014517,82.87235376374916,172.11036319451648,13.589436761265436,736.760010729266,5.319055506976107,-5.319055506976107,True
S2,S2,30,60600,340.2124996555378,46.176841128875296,176.11840796872386,340.2124996555378,13.589436761265436,736.760010729266,11.24790380997876,-11.24790380997876,True
B3,S2,30,60600,158.78448228991283,21.55172376046081,81.89423816443461,158.78448228991283,0.0,736.760010729266,5.330425925925926,-5.330425925925926,True
B1,S2,30,61200,232.18179905710727,70.40715382793458,145.071790095732,246.6956123643244,11.79273809173926,329.7701816274632,10.287293518518519,10.287293518518519,True
B2,S2,30,61200,18.293825982687526,5.547446980319709,12.668369303527273,20.297325814216528,11.79273809173926,329.7701816274632,0.0,0.0,True
B4,S2,30,61200,80.58331819675875,24.436205177517415,41.1498333721686,83.93619602447592,11.79273809173926,329.7701816274632,3.7742948128304517,3.77089589446549,True
S0,S2,30,61200,79.96295980665923,24.248086777291547,60.00241854120979,79.96295980665923,11.79273809173926,329.7701816274632,3.0353294473554016,-2.9157815935441316,True
S1,S2,30,61200,100.65016650438747,30.521306082819386,65.98707450434668,108.02546323001239,11.79273809173926,329.7701816274632,4.233014363807949,4.233014363807949,True
S2,S2,30,61200,40.00257832054271,12.130441304039147,32.4645922029629,47.378882981080494,11.79273809173926,329.7701816274632,2.335174057151649,-1.6296570898638958,True
B3,S2,30,61200,232.83661957204487,70.60572257411592,143.75268163115993,243.35320512431088,0.0,329.7701816274632,10.287293518518519,10.287293518518519,True
B1,S2,30,61800,121.36041276599073,82.21333129322556,70.99768566680014,121.36041276599073,27.249779938557236,147.61646421204065,4.043425,4.043425,True
B2,S2,30,61800,19.207231200953416,13.011577877494465,7.326279636523105,19.207231200953416,27.249779938557236,147.61646421204065,0.0,0.0,True
B4,S2,30,61800,104.44546560619163,70.7546181679051,60.603036084901376,104.44546560619163,27.249779938557236,147.61646421204065,3.4592487909747645,3.4592487909747645,True
S0,S2,30,61800,231.73754904110055,156.98624830102005,110.14768749393072,231.73754904110055,27.249779938557236,147.61646421204065,7.766792414618354,7.766792414618354,True
S1,S2,30,61800,168.38679012438507,114.07046701952521,85.33547704081641,168.38679012438507,27.249779938557236,147.61646421204065,5.626467693721097,5.626467693721097,True
S2,S2,30,61800,217.69895821986057,147.47606873116223,103.22659069672596,217.69895821986057,27.249779938557236,147.61646421204065,7.315581714501068,7.315581714501068,True
B3,S2,30,61800,120.90234621332425,81.90302271409004,71.04990418725843,120.90234621332425,0.0,147.61646421204065,4.043425,4.043425,True
B1,S2,30,62400,22.317796486085694,10.593782007740215,10.999386799751061,22.317796486085694,13.742533751329201,210.66882884487782,1.3384879629629627,-0.44822314814814795,True
B2,S2,30,62400,19.37626662477543,9.197500518238886,7.996900807849371,19.37626662477543,13.742533751329201,210.66882884487782,0.0,0.0,True
B4,S2,30,62400,109.74888952453232,52.095457180969056,59.51317088061888,109.74888952453232,13.742533751329201,210.66882884487782,3.813718824200183,-3.8134812494718275,True
S0,S2,30,62400,116.76789878234545,55.42723117729267,72.04338906261121,116.76789878234545,13.742533751329201,210.66882884487782,3.857105285521597,3.857105285521597,True
S1,S2,30,62400,46.60648499887597,22.12310442623375,26.410629079331038,46.60648499887597,13.742533751329201,210.66882884487782,1.563679802010923,1.4263662826078902,True
S2,S2,30,62400,107.3656504914764,50.964184440657405,66.20821811718946,107.3656504914764,13.742533751329201,210.66882884487782,3.5406653310720366,3.5406653310720366,True
B3,S2,30,62400,13.068522382391938,6.203348855190489,8.750558106143243,13.068522382391938,0.0,210.66882884487782,1.3384879629629627,-0.44822314814814795,True
B1,S2,30,64200,57.99098225185503,23.773981486772076,33.12096331159651,57.99098225185503,8.457693983283054,243.92625309362427,2.735257407407407,-2.3504277777777776,True
B2,S2,30,64200,28.40345297706742,11.64427880018538,15.293357591740277,28.40345297706742,8.457693983283054,243.92625309362427,0.0,0.0,True
B4,S2,30,64200,140.89215354558917,57.76014338707186,92.38412092095307,140.89215354558917,8.457693983283054,243.92625309362427,5.781354003227521,-5.781354003227521,True
S0,S2,30,64200,17.93452362774141,7.3524368124728845,18.52686934251803,24.910417806677874,8.457693983283054,243.92625309362427,1.287097207051649,-0.2140559166148896,True
S1,S2,30,64200,28.21654176051247,11.567652682994453,14.80523204739799,28.21654176051247,8.457693983283054,243.92625309362427,1.4225506573254727,0.6132881195932467,True
S2,S2,30,64200,26.431168456942768,10.835721092636103,25.259197016353102,32.30286226725558,8.457693983283054,243.92625309362427,1.3415193781219126,-0.8905304708061322,True
B3,S2,30,64200,56.17129802097385,23.02798378959811,32.73473052344613,56.17129802097385,0.0,243.92625309362427,2.735257407407407,-2.3504277777777776,True
B1,S2,30,64800,36.55879786423209,18.70436751968586,22.95132321619089,36.55879786423209,19.028504039282943,195.4559427136732,1.5363962962962963,1.2791222222222223,True
B2,S2,30,64800,18.076678002626995,9.248466816436395,10.801032300025781,18.076678002626995,19.028504039282943,195.4559427136732,0.0,0.0,True
B4,S2,30,64800,22.201086541078194,11.3586142395276,18.216394118701736,25.906286444280717,19.028504039282943,195.4559427136732,1.4618806490004725,1.2036226435054114,True
S0,S2,30,64800,56.64859720086075,28.982796027770952,52.65818436047292,64.49238268611118,19.028504039282943,195.4559427136732,2.303334691047787,1.561749362430283,True
S1,S2,30,64800,31.818489381375088,16.279110749774716,27.15431191814354,36.05334688668263,19.028504039282943,195.4559427136732,1.2545191622054126,0.7085660598804263,True
S2,S2,30,64800,56.153354411401885,28.729417807296812,45.88667974436252,56.15489649405365,19.028504039282943,195.4559427136732,1.997656045070022,1.5022511290793,True
B3,S2,30,64800,18.263875115023236,9.34424139857354,14.864335102408344,18.263875115023236,0.0,195.4559427136732,1.5363962962962963,1.2791222222222223,True
B1,S2,30,65400,42.94477419214193,13.443911095743987,18.976908413245408,42.94477419214193,14.527122506182803,319.436612502869,1.7740787037037036,1.0997990740740748,True
B2,S2,30,65400,15.591735751058492,4.88101086124511,8.113346497669237,15.591735751058492,14.527122506182803,319.436612502869,0.0,0.0,True
B4,S2,30,65400,56.50112110866263,17.687741134606217,25.121158315221972,56.50112110866263,14.527122506182803,319.436612502869,2.3041406012683594,2.281763756079639,True
S0,S2,30,65400,23.722925898020556,7.426489315719089,24.920246619353847,37.27591458057483,14.527122506182803,319.436612502869,1.5426242298772785,1.3165668710094873,True
S1,S2,30,65400,25.905216844319877,8.109658013633991,12.962232476072117,25.905216844319877,14.527122506182803,319.436612502869,0.9162573668130847,-0.5906311975951501,True
S2,S2,30,65400,41.29463312414905,12.927332531044218,33.29225130258626,51.970896260691894,14.527122506182803,319.436612502869,1.9443324989164223,1.7218275615359555,True
B3,S2,30,65400,31.088409705069257,9.732262517274858,12.47108658342048,31.088409705069257,0.0,319.436612502869,1.7740787037037036,1.0997990740740748,True
B1,S2,30,66000,13.696975558250967,7.783910048835369,26.034440344479286,34.76894493189763,7.450026725119925,175.96523434003856,2.092983333333333,1.4346462962962965,True
B2,S2,30,66000,12.35957348336272,7.023872374402574,5.496157667375191,12.35957348336272,7.450026725119925,175.96523434003856,0.0,0.0,True
B4,S2,30,66000,2.1145761658301225,1.2017011051989255,18.33273868117939,30.264816787915535,7.450026725119925,175.96523434003856,2.3452120827307557,-1.5844396424908336,True
S0,S2,30,66000,14.550664909996806,8.269056648928062,21.713124812722526,30.475279700559813,7.450026725119925,175.96523434003856,2.367137168210373,2.2223825924136666,True
S1,S2,30,66000,5.203334309290937,2.9570240558063388,19.481046118938096,26.2580316367396,7.450026725119925,175.96523434003856,1.8258150811767602,1.4265831289213187,True
S2,S2,30,66000,4.096515482445326,2.3280254749237232,24.835511124638288,33.49127385040232,7.450026725119925,175.96523434003856,2.3001563185961107,1.6549943778943705,True
B3,S2,30,66000,23.936917349630605,13.603208292482622,26.65428071226624,33.405929051567476,0.0,175.96523434003856,2.092983333333333,1.4346462962962965,True
B1,S2,30,66600,34.76995776860143,13.877168707283705,19.61905662608357,34.76995776860143,11.27141008434368,250.55512764899757,2.649037962962963,-0.13230277777777796,True
B2,S2,30,66600,26.794835309194685,10.694187566870132,11.262405205583814,26.794835309194685,11.27141008434368,250.55512764899757,0.0,0.0,True
B4,S2,30,66600,69.57225361969867,27.767243988381818,44.98392609934665,69.57225361969867,11.27141008434368,250.55512764899757,2.317559669818585,1.8576697803916375,True
S0,S2,30,66600,40.538503156163664,16.179474567750223,20.99390371053135,40.538503156163664,11.27141008434368,250.55512764899757,1.1816538496537186,0.513325251988691,True
S1,S2,30,66600,35.14131974044929,14.025384381547653,16.430789641662574,35.14131974044929,11.27141008434368,250.55512764899757,1.6336339490664409,-0.34150378328033554,True
S2,S2,30,66600,44.48356012998797,17.754001104421597,24.332427289684656,44.48356012998797,11.27141008434368,250.55512764899757,2.0905277072202715,0.031084016920496442,True
B3,S2,30,66600,10.073553889885126,4.020494006411698,13.22836511419507,21.168149469460996,0.0,250.55512764899757,2.649037962962963,-0.13230277777777796,True
B1,S2,30,67200,38.348429345302975,14.351606430719347,15.770343302995293,38.348429345302975,21.219588846376645,267.20652862399345,0.6581694444444447,0.5334768518518523,True
B2,S2,30,67200,31.938398299061756,11.952701329391804,10.704439968450991,31.938398299061756,21.219588846376645,267.20652862399345,0.0,0.0,True
B4,S2,30,67200,30.017389665983657,11.23377853848152,11.31643445309849,30.017389665983657,21.219588846376645,267.20652862399345,0.6771031908288071,-0.1342599374938751,True
S0,S2,30,67200,102.13079404924379,38.22166867522903,53.9334520783939,102.13079404924379,21.219588846376645,267.20652862399345,3.085512531796535,3.085512531796535,True
S1,S2,30,67200,73.69326327258754,27.57914024484294,35.936289593370105,73.69326327258754,21.219588846376645,267.20652862399345,2.1349336273324973,2.065017487734717,True
S2,S2,30,67200,96.52433482648253,36.12349418389744,49.25586726474622,96.52433482648253,21.219588846376645,267.20652862399345,2.88950654031916,2.88950654031916,True
B3,S2,30,67200,15.892817587003796,5.947765449012581,9.872601493759012,16.066047425308042,0.0,267.20652862399345,0.6581694444444447,0.5334768518518523,True
B1,S2,30,67800,99.55435076136723,35.78075146348351,52.33371576606571,99.55435076136723,23.72949837499084,278.2343765556983,2.481435185185185,-2.481435185185185,True
B2,S2,30,67800,79.18439255227874,28.45960069079646,39.00849829302194,79.18439255227874,23.72949837499084,278.2343765556983,0.0,0.0,True
B4,S2,30,67800,83.55639483758877,30.03093861798995,41.829617175166646,83.55639483758877,23.72949837499084,278.2343765556983,1.4513063053254127,-1.4513063053254127,True
S0,S2,30,67800,102.30638231041,36.769856973417454,49.914357946202415,102.30638231041,23.72949837499084,278.2343765556983,2.832683658929968,2.743007311842479,True
S1,S2,30,67800,80.71002291543536,29.007926308228285,36.4654014236797,80.71002291543536,23.72949837499084,278.2343765556983,1.0814634089146338,0.7357556706275657,True
S2,S2,30,67800,100.043054594507,35.95639612651526,47.08900701609501,100.043054594507,23.72949837499084,278.2343765556983,1.868818113542388,1.8671568192918888,True
B3,S2,30,67800,72.18623070597691,25.94439680659889,40.62000246771705,72.18623070597691,0.0,278.2343765556983,2.481435185185185,-2.481435185185185,True
B1,S2,30,68400,190.85564290468483,370.1992334242056,98.06451176504727,190.85564290468483,13.903575048156213,51.55484551908466,6.507439814814814,6.347250925925925,True
B2,S2,30,68400,1.869954874694818,3.6271175984856656,1.5998385172864915,1.869954874694818,13.903575048156213,51.55484551908466,0.0,0.0,True
B4,S2,30,68400,221.01256122020527,428.6940616248971,113.40647128714218,221.01256122020527,13.903575048156213,51.55484551908466,7.360070376045981,7.3590227153462395,True
S0,S2,30,68400,75.58871154009387,146.61805457667856,64.28647065639602,75.58871154009387,13.903575048156213,51.55484551908466,2.5239066389646285,2.472986860589291,True
S1,S2,30,68400,42.376738550524166,82.19739216333619,35.65891268633181,42.376738550524166,13.903575048156213,51.55484551908466,1.408382631560408,1.3653944920889567,True
S2,S2,30,68400,64.96656296320064,126.01446538939044,54.514476341935335,64.96656296320064,13.903575048156213,51.55484551908466,2.199411004461432,2.118615613021379,True
B3,S2,30,68400,190.93947394700066,370.3618389784882,98.03687883093951,190.93947394700066,0.0,51.55484551908466,6.507439814814814,6.347250925925925,True
B1,S2,30,69000,62.77987937108552,13.647686490078204,34.46748197256991,62.77987937108552,10.440264710995939,460.00382128301493,1.45282962962963,-1.45282962962963,False
B2,S2,30,69000,48.3367204807632,10.50789542268265,23.35069185155621,48.3367204807632,10.440264710995939,460.00382128301493,0.0,0.0,False
B4,S2,30,69000,49.34352799724425,10.72676480373973,24.599753805083502,49.34352799724425,10.440264710995939,460.00382128301493,0.5113242916011579,-0.4512365649677806,False
S0,S2,30,69000,113.68178249380273,24.713225680762466,62.647232919325134,113.68178249380273,10.440264710995939,460.00382128301493,3.557922251536038,-3.557922251536038,False
S1,S2,30,69000,92.88055541027647,20.191257357649686,51.309781880968515,92.88055541027647,10.440264710995939,460.00382128301493,2.7671785532612603,-2.7671785532612603,False
S2,S2,30,69000,107.14162893142922,23.291464977963933,58.59282021743841,107.14162893142922,10.440264710995939,460.00382128301493,3.3174707065223,-3.3174707065223,False
B3,S2,30,69000,42.839121565255105,9.31277515168696,26.267125071389057,42.839121565255105,0.0,460.00382128301493,1.45282962962963,-1.45282962962963,False
B1,S2,30,69600,95.24323054066255,20.6940613471579,47.384080629772896,95.24323054066255,14.472392189175585,460.24426497480715,2.0380879629629627,-2.0380879629629627,False
B2,S2,30,69600,75.84906933323032,16.480176963722112,35.404077285826794,75.84906933323032,14.472392189175585,460.24426497480715,0.0,0.0,False
B4,S2,30,69600,79.70260164671268,17.317456775061704,37.911756364485555,79.70260164671268,14.472392189175585,460.24426497480715,0.4875113342816669,-0.183342588864571,False
S0,S2,30,69600,87.04152742778166,18.912028688189334,43.193629229761626,87.04152742778166,14.472392189175585,460.24426497480715,4.244167781400706,-1.333264884198942,False
S1,S2,30,69600,74.9972415478561,16.29509529074986,34.53107615655197,74.9972415478561,14.472392189175585,460.24426497480715,1.4845030233646326,-0.9243043464597883,False
S2,S2,30,69600,85.7762365489128,18.637111437685817,42.90460551889109,85.7762365489128,14.472392189175585,460.24426497480715,3.593032124750445,-0.9413027061705964,False
B3,S2,30,69600,60.00367927074619,13.03735512576798,31.747242408841053,60.00367927074619,0.0,460.24426497480715,2.0380879629629627,-2.0380879629629627,False
B1,S2,30,70200,70.7952246684077,19.10102070480099,39.49775406156865,70.7952246684077,13.437734363173925,370.6358197424157,2.111451851851852,-1.8109203703703702,True
B2,S2,30,70200,46.52426653504071,12.552555381013663,21.7317538948447,46.52426653504071,13.437734363173925,370.6358197424157,0.0,0.0,True
B4,S2,30,70200,52.80655023114519,14.247557148643823,23.550613342721263,52.80655023114519,13.437734363173925,370.6358197424157,1.2326094469863091,0.7537269132439274,True
S0,S2,30,70200,53.22055477827275,14.35925831865359,28.532565913250984,53.22055477827275,13.437734363173925,370.6358197424157,1.2193169844719107,-0.67017111393168,True
S1,S2,30,70200,50.15387775030512,13.531848536701345,22.76091356446259,50.15387775030512,13.437734363173925,370.6358197424157,1.0361243521549564,0.384703778702588,True
S2,S2,30,70200,53.47366840144851,14.427550051317656,29.115134440140892,53.47366840144851,13.437734363173925,370.6358197424157,1.263228827092649,-0.670989658340427,True
B3,S2,30,70200,53.592320793527264,14.45956325289143,33.16696575681352,55.8248147082306,0.0,370.6358197424157,2.111451851851852,-1.8109203703703702,True
B1,S2,30,70800,95.27958665996162,42.273687658221206,40.67930149736665,95.27958665996162,12.879450743677133,225.38745006181654,4.7238342592592595,3.6222842592592595,True
B2,S2,30,70800,15.53513213972023,6.8926340554717855,7.597634244857902,15.53513213972023,12.879450743677133,225.38745006181654,0.0,0.0,True
B4,S2,30,70800,101.29349011084949,44.941938907010105,45.35124714933098,101.29349011084949,12.879450743677133,225.38745006181654,4.669286031010629,3.9066452918795327,True
S0,S2,30,70800,6.657340713912686,2.953731768156031,15.547247889022618,28.30865732550569,12.879450743677133,225.38745006181654,2.7061617362381103,0.1755593463571132,True
S1,S2,30,70800,11.583325499966218,5.139294799594779,26.9398646526746,43.71446293136666,12.879450743677133,225.38745006181654,3.067217692704046,-0.5486142072626561,True
S2,S2,30,70800,16.9442146001114,7.517816362652024,14.635418892506541,23.25384912489173,12.879450743677133,225.38745006181654,2.9121450467027343,0.24865729271402434,True
B3,S2,30,70800,94.22771569586808,41.80699310011469,40.274267137445335,94.22771569586808,0.0,225.38745006181654,4.7238342592592595,3.6222842592592595,True
B1,S2,30,71400,68.69603219924818,24.022275443825965,34.10718453130399,68.69603219924818,19.685484909577102,285.96804811387653,1.5712342592592594,0.8631287037037045,True
B2,S2,30,71400,65.2629506245103,22.821763149749394,34.06662378193774,65.2629506245103,19.685484909577102,285.96804811387653,0.0,0.0,True
B4,S2,30,71400,176.66482186684033,61.777818547228,99.31245740715629,176.66482186684033,19.685484909577102,285.96804811387653,5.82923448845588,-5.82923448845588,True
S0,S2,30,71400,61.26727490466061,21.42451763711137,34.304176839704304,61.26727490466061,19.685484909577102,285.96804811387653,1.5346007436717086,0.1972118313669708,True
S1,S2,30,71400,63.010342585213934,22.03404995795975,33.9224669428882,63.010342585213934,19.685484909577102,285.96804811387653,1.7025158855770113,0.4626612935864288,True
S2,S2,30,71400,59.569161949127384,20.830705507842644,37.025555227945596,59.569161949127384,19.685484909577102,285.96804811387653,1.726300148259685,-0.37976365905531995,True
B3,S2,30,71400,24.532383366728574,8.578714834938284,12.050395022746713,24.532383366728574,0.0,285.96804811387653,1.5712342592592594,0.8631287037037045,True
B1,S2,30,72000,41.577057611767145,15.54042589117788,21.766672077663465,41.577057611767145,15.224371519099666,267.5413010100962,2.1493240740740744,1.0422592592592597,True
B2,S2,30,72000,19.11641751588045,7.145221109304186,9.668268479704254,19.11641751588045,15.224371519099666,267.5413010100962,0.0,0.0,True
B4,S2,30,72000,88.94084698101332,33.24378204233109,45.793931703460906,88.94084698101332,15.224371519099666,267.5413010100962,4.038511709335078,3.883873991426076,True
S0,S2,30,72000,53.664644954364164,20.058452564801957,18.959465064673374,53.664644954364164,15.224371519099666,267.5413010100962,2.021353731567238,1.3321932800073324,True
S1,S2,30,72000,35.74304363255216,13.359822762917386,17.290963410073704,35.74304363255216,15.224371519099666,267.5413010100962,1.2407506322588988,-0.06172392482429425,True
S2,S2,30,72000,22.257821862816158,8.319396586165293,10.217524849312458,22.257821862816158,15.224371519099666,267.5413010100962,1.4671092982117668,0.5265018911855682,True
B3,S2,30,72000,28.07933725380619,10.495328066281086,14.579237566869566,28.07933725380619,0.0,267.5413010100962,2.1493240740740744,1.0422592592592597,True
B1,S2,30,74400,50.629532364818814,25.764032480573494,44.46121690736329,69.0114001578285,16.212238934367736,196.51245356484594,3.3691657407407405,2.5662620370370375,True
B2,S2,30,74400,22.087993628859916,11.23999686949674,8.932629255758517,22.087993628859916,16.212238934367736,196.51245356484594,0.0,0.0,True
B4,S2,30,74400,44.14030980165674,22.461838423431598,39.44103234872527,61.34118382776175,16.212238934367736,196.51245356484594,2.8612517683077066,2.348836357272623,True
S0,S2,30,74400,13.268723437831342,6.752103084119744,21.452312645590332,32.00959901186719,16.212238934367736,196.51245356484594,1.605347939520268,0.49066583743263426,True
S1,S2,30,74400,21.03512638743523,10.704220524371998,8.254929739286204,21.03512638743523,16.212238934367736,196.51245356484594,1.487449628789254,-0.5572749750130046,True
S2,S2,30,74400,18.267131144677347,9.29566081604568,21.794045227131445,34.244465867340935,16.212238934367736,196.51245356484594,1.8763077532653192,0.3479393239835927,True
B3,S2,30,74400,70.97603426070377,36.117830179797146,48.03601441446878,70.97603426070377,0.0,196.51245356484594,3.3691657407407405,2.5662620370370375,True
B1,S2,30,75000,242.45728447637947,71.13901269251721,135.84276331285912,242.45728447637947,23.39590262893133,340.8218294009054,7.987087037037037,-7.987087037037037,True
B2,S2,30,75000,80.53361558138279,23.62924221225627,36.261943878697544,80.53361558138279,23.39590262893133,340.8218294009054,0.0,0.0,True
B4,S2,30,75000,81.33949870625378,23.865695119714562,37.82806523830741,81.33949870625378,23.39590262893133,340.8218294009054,1.2398268656546314,0.26015045875740694,True
S0,S2,30,75000,85.02000929527449,24.945587976193355,40.00966264357798,85.02000929527449,23.39590262893133,340.8218294009054,1.2680444846007561,-1.091170730378082,True
S1,S2,30,75000,119.69661045622027,35.11999529684535,61.62235754617772,119.69661045622027,23.39590262893133,340.8218294009054,3.1444445378965185,-3.1422131548742627,True
S2,S2,30,75000,90.85564777820346,26.6578135379148,44.727184339249796,90.85564777820346,23.39590262893133,340.8218294009054,1.585990084466067,-1.346617988705702,True
B3,S2,30,75000,236.34871524405312,69.34670694641406,133.7640526730608,236.34871524405312,0.0,340.8218294009054,7.987087037037037,-7.987087037037037,True
B1,S2,30,75600,107.25930780387557,23.725426215343592,84.5356903873684,116.81736509593277,9.515342394911203,452.08590492890426,4.931611111111111,-2.811305555555555,True
B2,S2,30,75600,24.229470842159678,5.35948380119704,14.091337787909206,24.432266936228316,9.515342394911203,452.08590492890426,0.0,0.0,True
B4,S2,30,75600,69.6051431203763,15.396441773897488,52.55980779137228,73.1779553250378,9.515342394911203,452.08590492890426,4.271573533270711,-0.4289783821133576,True
S0,S2,30,75600,106.29757455499978,23.512693803562914,90.50727662634822,128.82737210826593,9.515342394911203,452.08590492890426,5.32658852190196,-3.542782350118198,True
S1,S2,30,75600,112.84158989881709,24.96020970097768,86.32593562164891,118.35366282924655,9.515342394911203,452.08590492890426,4.329557528414673,-3.8859805810047208,True
S2,S2,30,75600,114.84348181573353,25.403021984017393,89.98940105531285,125.59981727365559,9.515342394911203,452.08590492890426,4.959616227380622,-3.3990789673568966,True
B3,S2,30,75600,94.50068207005472,20.90325777462937,82.27556745099238,114.39542691501316,0.0,452.08590492890426,4.931611111111111,-2.811305555555555,True
B1,S2,30,76200,20.777032715784802,13.261002804264438,9.300271776948993,20.777032715784802,12.82285539870129,156.6776888781245,1.4236175925925925,1.4236175925925925,True
B2,S2,30,76200,9.422660147328756,6.014040808744887,3.311778518354507,9.422660147328756,12.82285539870129,156.6776888781245,0.0,0.0,True
B4,S2,30,76200,8.782147941745865,5.605231992269984,8.313683252077338,14.808852768046481,12.82285539870129,156.6776888781245,0.8827939259306051,0.048206854423530815,True
S0,S2,30,76200,23.170413050744436,14.788584907432542,14.139628879837648,23.170413050744436,12.82285539870129,156.6776888781245,1.7433429390325728,0.8113305093622113,True
S1,S2,30,76200,18.4401955086807,11.769509520289674,11.27463814766144,18.4401955086807,12.82285539870129,156.6776888781245,1.5073369806803965,1.2199612145550884,True
S2,S2,30,76200,19.010163868164035,12.133293517593016,9.35324328123309,19.010163868164035,12.82285539870129,156.6776888781245,1.4456424141187105,0.8610485667842587,True
B3,S2,30,76200,15.117877674622914,9.649030300914584,8.519057218117823,15.117877674622914,0.0,156.6776888781245,1.4236175925925925,1.4236175925925925,True
B1,S2,30,77400,279.51802496474954,103.74372237404737,121.03882809988121,279.51802496474954,12.206174632091882,269.4312663632301,9.317699074074076,9.317699074074076,True
B2,S2,30,77400,17.839153592072165,6.621040621181119,12.904157855811976,17.839153592072165,12.206174632091882,269.4312663632301,0.0,0.0,True
B4,S2,30,77400,287.0339622772794,106.53327884014709,123.92793683142197,287.0339622772794,12.206174632091882,269.4312663632301,9.575600864208171,9.573648305871012,True
S0,S2,30,77400,47.92976962726529,17.78923815124315,42.178184700778075,52.17101130137068,12.206174632091882,269.4312663632301,2.281632843637004,-1.5687256909741087,True
S1,S2,30,77400,41.57779503438496,15.43168897789777,29.706964075457286,44.92425582874175,12.206174632091882,269.4312663632301,2.0996520431851,1.1423881820993846,True
S2,S2,30,77400,20.35680052560267,7.555470751549274,23.679533374531427,36.32735034627708,12.206174632091882,269.4312663632301,2.27670919229329,-0.3574104057251558,True
B3,S2,30,77400,276.35545124729714,102.56992626636445,118.99655569748585,276.35545124729714,0.0,269.4312663632301,9.317699074074076,9.317699074074076,True
B1,S2,30,78000,66.16921353483076,58.3129330086859,26.61547550705264,66.16921353483076,172.0584727914479,113.47262111644194,3.0265870370370362,3.0206499999999994,True
B2,S2,30,78000,10.155509896642709,8.949744702047072,7.8819535854986205,12.234864491435891,172.0584727914479,113.47262111644194,0.0,0.0,True
B4,S2,30,78000,42.299667270710536,37.27742150884483,17.835089836564247,42.299667270710536,172.0584727914479,113.47262111644194,2.0476001175350333,1.0313233196850768,True
S0,S2,30,78000,24.978472451091676,22.01277471634287,26.04003357873881,34.69030643226391,172.0584727914479,113.47262111644194,2.008580328114762,1.3250579805436802,True
S1,S2,30,78000,40.55383270689953,35.738870141445396,34.78558648437765,47.57029273463352,172.0584727914479,113.47262111644194,2.691118089489421,2.0225069783783103,True
S2,S2,30,78000,27.884567782117028,24.57382891816942,27.749653484758294,36.80420365738758,172.0584727914479,113.47262111644194,2.1445775356339056,1.4092984476139407,True
B3,S2,30,78000,35.263254628718556,31.076443182300814,16.890151026661755,35.263254628718556,0.0,113.47262111644194,3.0265870370370362,3.0206499999999994,True
B1,S2,30,78600,24.14788842125037,18.041461582750834,15.499318830713518,24.14788842125037,16.233310354948316,133.84663049881613,1.2511064814814814,0.6635175925925928,True
B2,S2,30,78600,13.987589003196392,10.45046031496483,6.157951818512205,13.987589003196392,16.233310354948316,133.84663049881613,0.0,0.0,True
B4,S2,30,78600,5.709073472552724,4.265384530993644,6.835412348687034,13.879734635636172,16.233310354948316,133.84663049881613,1.1907947135375585,-0.43136763711927,True
S0,S2,30,78600,56.65989410757887,42.33195404054646,39.21698649926106,56.65989410757887,16.233310354948316,133.84663049881613,2.4828041623132435,2.280701883954597,True
S1,S2,30,78600,48.13566362774679,35.96329877588704,32.86693906085619,48.13566362774679,16.233310354948316,133.84663049881613,1.9152467945323504,1.5197796197307052,True
S2,S2,30,78600,55.21795711817115,41.25464863208458,37.92214044903952,55.21795711817115,16.233310354948316,133.84663049881613,2.396978120040781,2.3536271736057235,True
B3,S2,30,78600,9.832616186799292,7.3461813346778735,10.399764233271133,13.981061870186045,0.0,133.84663049881613,1.2511064814814814,0.6635175925925928,True
B1,S2,30,79800,75.4401091142554,20.798787610955983,33.37364718634509,75.4401091142554,23.848560397840593,362.71397412855225,0.8529851851851851,-0.6381333333333331,False
B2,S2,30,79800,73.24856097717097,20.19457925577755,31.890263624443413,73.24856097717097,23.848560397840593,362.71397412855225,0.0,0.0,False
B4,S2,30,79800,80.07374129452458,22.07627690300816,35.575825737402305,80.07374129452458,23.848560397840593,362.71397412855225,0.5174402809906925,0.512505073008593,False
S0,S2,30,79800,87.16769887520508,24.032076261917414,38.31520995710128,87.16769887520508,23.848560397840593,362.71397412855225,2.238532493582603,-1.9042379871708817,False
S1,S2,30,79800,87.68053780254132,24.173465611078385,39.113559141438714,87.68053780254132,23.848560397840593,362.71397412855225,2.2892132727347017,-2.093301268092782,False
S2,S2,30,79800,85.11969143111851,23.467441979765187,36.82478119682292,85.11969143111851,23.848560397840593,362.71397412855225,1.8242185827337987,-1.7059264902886595,False
B3,S2,30,79800,20.596757172984937,5.678512172703079,8.846249230177039,20.596757172984937,0.0,362.71397412855225,0.8529851851851851,-0.6381333333333331,False
B1,S2,30,80400,196.4412180700321,101.64514781722741,81.49363986305717,196.4412180700321,13.492839792145315,193.2617761777096,6.655946296296295,6.409718518518519,True
B2,S2,30,80400,11.70977774972825,6.059024180219053,9.26449850431736,11.74140267066514,13.492839792145315,193.2617761777096,0.0,0.0,True
B4,S2,30,80400,195.6329148351368,101.22690513578166,82.70192470151983,195.6329148351368,13.492839792145315,193.2617761777096,6.410731983249279,6.410731983249279,True
S0,S2,30,80400,21.776289677246062,11.267768571692189,18.905391531250398,25.16223672508834,13.492839792145315,193.2617761777096,1.078228906030687,-0.6256301002900388,True
S1,S2,30,80400,15.059784775361427,7.792428007860972,13.061277102594039,17.551864232976108,13.492839792145315,193.2617761777096,0.8745992361744364,-0.2181117144095529,True
S2,S2,30,80400,16.304339001021315,8.436401301636087,14.535807948589394,19.733461872619745,13.492839792145315,193.2617761777096,0.9432805937661825,-0.3089381442183538,True
B3,S2,30,80400,192.46229483793195,99.58632205726883,78.82712553817478,192.46229483793195,0.0,193.2617761777096,6.655946296296295,6.409718518518519,True
B1,S2,30,81600,38.45214555885037,14.22268586038307,22.783085205727076,38.45214555885037,17.303642964812653,270.3578349146967,2.2544138888888883,-0.4081509259259251,True
B2,S2,30,81600,17.71350373591303,6.551873646089079,8.261866882955593,17.71350373591303,17.303642964812653,270.3578349146967,0.0,0.0,True
B4,S2,30,81600,35.61900316234023,13.174762689447759,23.13264501141962,36.05291260946485,17.303642964812653,270.3578349146967,2.416532042319509,0.19307898691326908,True
S0,S2,30,81600,17.8976038040953,6.619968609284933,20.9571638562284,31.855254184146517,17.303642964812653,270.3578349146967,1.6825200891206906,0.47446692942510066,True
S1,S2,30,81600,25.932924809830205,9.592074451259222,17.951993174896067,25.932924809830205,17.303642964812653,270.3578349146967,1.779043507358968,-0.5741542762242523,True
S2,S2,30,81600,20.46970124043045,7.571336427845359,21.234302914360953,34.106700804861326,17.303642964812653,270.3578349146967,2.0770862597481994,0.48821083066437504,True
B3,S2,30,81600,21.092898834391146,7.801844855373389,17.323337653050118,28.053137785273393,0.0,270.3578349146967,2.2544138888888883,-0.4081509259259251,True
B1,S2,30,82200,58.162376705435975,22.84857777108213,34.4537296592105,58.162376705435975,14.247120676330821,254.55578587061154,1.2669518518518517,0.5577870370370377,True
B2,S2,30,82200,31.824168184735015,12.501844370141702,13.967508293945272,31.824168184735015,14.247120676330821,254.55578587061154,0.0,0.0,True
B4,S2,30,82200,120.71485632912898,47.42176883399825,62.231128146029604,120.71485632912898,14.247120676330821,254.55578587061154,4.874790697235306,-4.859231444625589,True
S0,S2,30,82200,45.71681957021629,17.959450190400993,21.48921717242508,45.71681957021629,14.247120676330821,254.55578587061154,1.5702636360963584,1.1387229910667125,True
S1,S2,30,82200,29.143755822349412,11.448867965296584,12.574901399882332,29.143755822349412,14.247120676330821,254.55578587061154,0.8097003184250358,0.3870003290917191,True
S2,S2,30,82200,34.01280649421758,13.361631666665785,15.555292793110986,34.01280649421758,14.247120676330821,254.55578587061154,1.4929522663297914,0.9754519174595453,True
B3,S2,30,82200,30.778833638235902,12.091193894088311,23.413277653073703,30.778833638235902,0.0,254.55578587061154,1.2669518518518517,0.5577870370370377,True
B1,S2,30,82800,24.505736101330555,9.20202915218831,13.450910599648052,24.505736101330555,7.309459802290315,266.3079598645144,0.9253740740740745,0.7378240740740745,True
B2,S2,30,82800,15.175569584601083,5.698503939695132,6.861718313509913,15.175569584601083,7.309459802290315,266.3079598645144,0.0,0.0,True
B4,S2,30,82800,21.266346406421924,7.985621765583461,11.531499577359115,21.266346406421924,7.309459802290315,266.3079598645144,0.8079294492492867,0.47679783983256063,True
S0,S2,30,82800,42.39362960025604,15.919024584103319,27.34590170154291,42.395892028641526,7.309459802290315,266.3079598645144,1.4850842169698781,1.4745433072053535,True
S1,S2,30,82800,17.500032064588392,6.571351481004034,8.990374340591778,17.507589389825736,7.309459802290315,266.3079598645144,0.8654330422907337,0.36566830912340087,True
S2,S2,30,82800,38.32956491815626,14.39294752498447,23.180829264362846,38.32956491815626,7.309459802290315,266.3079598645144,1.4048479385126147,1.3258171993228018,True
B3,S2,30,82800,21.117032853761337,7.929553763434162,12.568125728287528,21.117032853761337,0.0,266.3079598645144,0.9253740740740745,0.7378240740740745,True
B1,S2,30,83400,57.36502229780326,35.794972644878456,44.18237390782221,57.36502229780326,15.63878967798864,160.25999758938508,2.4956222222222224,2.0238740740740746,True
B2,S2,30,83400,17.351520776131103,10.827106599981873,8.335698980765512,17.351520776131103,15.63878967798864,160.25999758938508,0.0,0.0,True
B4,S2,30,83400,42.95679236579694,26.804438420035403,21.94410018194894,42.95679236579694,15.63878967798864,160.25999758938508,2.9227313531588806,-1.8363267542833166,True
S0,S2,30,83400,93.10713684438798,58.09755287963077,44.59286679787528,93.10713684438798,15.63878967798864,160.25999758938508,3.5632392864415836,3.4019139044012343,True
S1,S2,30,83400,57.286617516109786,35.74604915625195,28.183604000306588,57.286617516109786,15.63878967798864,160.25999758938508,2.2423359780967225,1.9735674690444853,True
S2,S2,30,83400,58.00791897813035,36.19613119348539,24.308291056143364,58.00791897813035,15.63878967798864,160.25999758938508,2.786668077951408,2.196252843255532,True
B3,S2,30,83400,49.176750104833424,30.68560516944041,43.335122108615025,49.9230854710151,0.0,160.25999758938508,2.4956222222222224,2.0238740740740746,True
B1,S2,30,84000,74.97029426113987,32.703677739414886,38.42730687763358,74.97029426113987,10.172154071327084,229.24117237978015,2.770043518518518,2.6973379629629624,True
B2,S2,30,84000,9.512564616394961,4.149588190308,3.172291558172828,9.512564616394961,10.172154071327084,229.24117237978015,0.0,0.0,True
B4,S2,30,84000,40.11279824739147,17.49807760577024,22.012390000312898,40.11279824739147,10.172154071327084,229.24117237978015,1.7825484512181151,1.181128422169923,True
S0,S2,30,84000,34.01327544206253,14.837332704664973,21.779038898364682,34.01327544206253,10.172154071327084,229.24117237978015,2.4103663317515576,1.0445792916827519,True
S1,S2,30,84000,25.274325021948464,11.025211902195691,14.826272950754007,25.274325021948464,10.172154071327084,229.24117237978015,1.6420970400937016,0.6607686920724528,True
S2,S2,30,84000,22.73794883456302,9.918789281400738,20.84089228546221,25.4797432627247,10.172154071327084,229.24117237978015,2.539155075860323,0.48763276389517907,True
B3,S2,30,84000,68.13087071955091,29.72017199714875,37.217020248496326,68.13505575347041,0.0,229.24117237978015,2.770043518518518,2.6973379629629624,True
B1,S2,30,84600,182.21515848715168,70.4325900708943,127.26249643137021,185.88473883879942,7.071153049100205,258.7085868966937,7.673687037037036,-7.673687037037036,True
B2,S2,30,84600,10.249353266558995,3.961736790225567,5.012238967680181,10.249353266558995,7.071153049100205,258.7085868966937,0.0,0.0,True
B4,S2,30,84600,127.86253816243172,49.423383930232355,93.69656891529142,133.42964166952308,7.071153049100205,258.7085868966937,5.064517369284969,-5.064517369284969,True
S0,S2,30,84600,16.034854885747745,6.198037366324725,14.558712294987668,21.46426506999445,7.071153049100205,258.7085868966937,1.3710754530139972,-0.5759814580312956,True
S1,S2,30,84600,10.417124228613732,4.026586188564916,12.850950213692228,17.435842832247385,7.071153049100205,258.7085868966937,0.8783830873398005,-0.38626390563736984,True
S2,S2,30,84600,16.721136431323956,6.463309406116064,21.242684660377346,30.42763169850992,7.071153049100205,258.7085868966937,1.5384541683882618,-0.8091791120581163,True
B3,S2,30,84600,182.70082194761173,70.62031613993817,127.3119551398935,186.2125105274418,0.0,258.7085868966937,7.673687037037036,-7.673687037037036,True
B1,S2,30,85200,239.67969549268824,64.14545838540361,137.0883709342175,239.67969549268824,23.88057033150273,373.6502965691296,7.980980555555555,-7.980980555555555,True
B2,S2,30,85200,86.54309528594047,23.161521904460475,40.09903502162009,86.54309528594047,23.88057033150273,373.6502965691296,0.0,0.0,True
B4,S2,30,85200,89.737726477443,24.016500803403083,46.3274117614621,89.737726477443,23.88057033150273,373.6502965691296,1.4665095808956743,-1.4661071611450502,True
S0,S2,30,85200,84.31180130448281,22.564360868608105,43.44289192422238,84.31180130448281,23.88057033150273,373.6502965691296,1.6529639757011494,-0.4160564052287627,True
S1,S2,30,85200,93.84458050991536,25.115617830789823,55.69643852230323,93.84458050991536,23.88057033150273,373.6502965691296,2.220820591874788,-1.8658562314567317,True
S2,S2,30,85200,88.05616599739103,23.56646490205572,54.170822362094086,88.05616599739103,23.88057033150273,373.6502965691296,2.2974891235703856,-1.3930923680566432,True
B3,S2,30,85200,235.55307308050575,63.0410507480825,135.57574541097796,235.55307308050575,0.0,373.6502965691296,7.980980555555555,-7.980980555555555,True
B1,S2,30,85800,53.50196696970319,18.89423580647281,38.83123350962781,53.50196696970319,17.683118208693145,283.1655512173423,2.0981351851851846,1.1459222222222214,True
B2,S2,30,85800,32.578431394260065,11.50508289380676,13.620936744092056,32.578431394260065,17.683118208693145,283.1655512173423,0.0,0.0,True
B4,S2,30,85800,40.41358953345722,14.272071358863132,24.68084001786083,40.41358953345722,17.683118208693145,283.1655512173423,1.4574446184397807,0.6106027830063154,True
S0,S2,30,85800,46.28134857221383,16.344272236946935,24.33389056652596,46.28134857221383,17.683118208693145,283.1655512173423,1.7151453676902197,-0.8889084524880324,True
S1,S2,30,85800,43.089810307747506,15.217179534199108,22.93513408302351,43.089810307747506,17.683118208693145,283.1655512173423,1.9432091406507228,-0.6554712758361068,True
S2,S2,30,85800,48.89462033361498,17.267149949354597,26.3339966845743,48.89462033361498,17.683118208693145,283.1655512173423,1.94742940531565,-0.9319869072254983,True
B3,S2,30,85800,30.98913994405913,10.943824137800425,32.78378275861281,40.601027218277615,0.0,283.1655512173423,2.0981351851851846,1.1459222222222214,True
B1,S2,30,86400,236.49994878782348,56.39467115625697,123.48282790619088,236.49994878782348,20.93568211160337,419.36577328828685,7.833141666666667,-7.833141666666667,True
B2,S2,30,86400,81.68990047112545,19.479391422572995,37.012651516161554,81.68990047112545,20.93568211160337,419.36577328828685,0.0,0.0,True
B4,S2,30,86400,155.54859428749157,37.09138995007157,77.20081412044405,155.54859428749157,20.93568211160337,419.36577328828685,4.733221430619229,-4.733221430619229,True
S0,S2,30,86400,118.35656552325696,28.222752800070424,60.749352704846494,118.35656552325696,20.93568211160337,419.36577328828685,3.155956448198818,-3.155342509645404,True
S1,S2,30,86400,150.82030573510727,35.96390438650034,79.32168002780074,150.82030573510727,20.93568211160337,419.36577328828685,4.556626238128189,-4.556626238128189,True
S2,S2,30,86400,127.37958555561758,30.3743399364288,66.88409345774578,127.37958555561758,20.93568211160337,419.36577328828685,3.591305621638509,-3.591305621638509,True
B3,S2,30,86400,230.88885356308901,55.0566756444303,121.33671373930811,230.88885356308901,0.0,419.36577328828685,7.833141666666667,-7.833141666666667,True
B1,S2,30,87000,92.14408155001038,36.11660898616305,54.751879683573506,92.14408155001038,16.767516239748712,255.1293826762986,3.1367555555555553,-3.1367555555555553,True
B2,S2,30,87000,36.13228842307513,14.16233914104626,16.91589921040239,36.13228842307513,16.767516239748712,255.1293826762986,0.0,0.0,True
B4,S2,30,87000,69.16087220000625,27.108156447725086,39.47339183370481,69.16087220000625,16.767516239748712,255.1293826762986,2.2126181799748905,-2.2120431183859606,True
S0,S2,30,87000,39.41880486099992,15.45051551785137,20.410090767646402,39.41880486099992,16.767516239748712,255.1293826762986,1.5458302678753695,0.3084551772628512,True
S1,S2,30,87000,37.84732068639069,14.834559739600973,23.02191860220378,37.84732068639069,16.767516239748712,255.1293826762986,1.3113845890115594,-0.4084052235357095,True
S2,S2,30,87000,35.47119898725842,13.903219854634829,21.212099014789114,35.47119898725842,16.767516239748712,255.1293826762986,1.2604662646797897,0.10887193609401834,True
B3,S2,30,87000,88.84131522654972,34.82206333688708,52.96239872530784,88.84131522654972,0.0,255.1293826762986,3.1367555555555553,-3.1367555555555553,True
B1,S2,30,87600,76.0152029248059,53.33044053952427,64.2730850046613,90.84934897561051,19.419666518814726,142.53623663294044,4.2365759259259255,4.152266666666666,True
B2,S2,30,87600,6.74418071143818,4.731555196595941,9.288729592587872,16.65536268068357,19.419666518814726,142.53623663294044,0.0,0.0,True
B4,S2,30,87600,96.01546197917457,67.36214189970075,76.42510660125279,105.13224578792465,19.419666518814726,142.53623663294044,5.7194533291167895,5.719254708538835,True
S0,S2,30,87600,6.132896684964114,4.302693006240624,23.35773495083379,30.110936996459074,19.419666518814726,142.53623663294044,1.9321757646958526,1.6088514654543216,True
S1,S2,30,87600,2.330099373456219,1.6347417530439607,13.408340343282246,21.101379682676615,19.419666518814726,142.53623663294044,1.3686041634549333,0.592253771548276,True
S2,S2,30,87600,38.92071330256152,27.305837604503488,32.41304714427932,42.57022816704866,19.419666518814726,142.53623663294044,2.0530568750089593,0.6281252694034275,True
B3,S2,30,87600,20.21279842210906,14.180813875534747,23.47285435660645,44.56660885420525,0.0,142.53623663294044,4.2365759259259255,4.152266666666666,True
B1,S2,30,88200,136.8071726446485,121.5620305684428,92.70759874124163,136.8071726446485,0.7470408676238726,112.54103934009416,4.641432407407408,4.641432407407408,True
B2,S2,30,88200,6.792892136180229,6.035924473429113,2.7314198739511406,6.845030567673989,0.7470408676238726,112.54103934009416,0.0,0.0,True
B4,S2,30,88200,125.15662144315662,111.20976150303599,79.45394880459321,125.15662144315662,0.7470408676238726,112.54103934009416,4.237409222894409,4.236872287929066,True
S0,S2,30,88200,82.42442711774646,73.23944011985121,51.51298441234579,82.42442711774646,0.7470408676238726,112.54103934009416,3.0549480024038256,2.8379091135149364,True
S1,S2,30,88200,62.01233169525691,55.10197174193347,40.4081497056103,62.01233169525691,0.7470408676238726,112.54103934009416,2.3476808288765616,2.130641939987673,True
S2,S2,30,88200,42.500318521974066,37.76428471887481,28.43800301318053,42.500318521974066,0.7470408676238726,112.54103934009416,1.8267051083008925,1.4936500455414035,True
B3,S2,30,88200,137.54666322888315,122.21911583135737,92.83420888931951,137.54666322888315,0.0,112.54103934009416,4.641432407407408,4.641432407407408,True
B1,S2,30,88800,117.61299444314508,45.401445854757405,44.26149902815888,117.61299444314508,16.08329649963566,259.0512091165506,4.909261111111111,-3.070387037037037,True
B2,S2,30,88800,45.47524228072273,17.554537744026824,17.379027906869606,45.47524228072273,16.08329649963566,259.0512091165506,0.0,0.0,True
B4,S2,30,88800,119.260300271941,46.037345542087095,70.50341109959977,119.260300271941,16.08329649963566,259.0512091165506,3.596251708263782,1.9574091413589456,True
S0,S2,30,88800,93.85108237532657,36.22877603829354,44.260665415983844,93.85108237532657,16.08329649963566,259.0512091165506,3.336259756184501,-1.145254309162035,True
S1,S2,30,88800,102.91870287573761,39.72909573621528,41.477508102187045,102.91870287573761,16.08329649963566,259.0512091165506,3.78338652302343,-2.786414798058656,True
S2,S2,30,88800,98.92076535775928,38.18579565604479,43.59717497976902,98.92076535775928,16.08329649963566,259.0512091165506,3.8087778440236675,-1.7478908621573153,True
B3,S2,30,88800,101.67015595503574,39.2471265823326,36.14679196808519,101.67015595503574,0.0,259.0512091165506,4.909261111111111,-3.070387037037037,True
B1,S2,30,89400,124.10919530586725,28.840166023797632,60.007659583902516,125.14648451639367,19.858083012817765,430.33453830833645,3.9235583333333337,3.9235583333333337,True
B2,S2,30,89400,74.39532531110936,17.2877886129151,40.40995775093207,74.39532531110936,19.858083012817765,430.33453830833645,0.0,0.0,True
B4,S2,30,89400,145.24041323696085,33.75058246728398,69.17972331768794,145.47077342416478,19.858083012817765,430.33453830833645,4.692867679801798,4.692700312391325,True
S0,S2,30,89400,142.955195424375,33.21954960583411,102.22387282161091,147.94489625437808,19.858083012817765,430.33453830833645,4.809066707079143,-4.467448498959514,True
S1,S2,30,89400,77.25869175708827,17.95317012220202,44.24904775874325,80.27856555482427,19.858083012817765,430.33453830833645,2.465899317769772,1.0433675972726304,True
S2,S2,30,89400,112.31545630954159,26.099568198978048,81.27534826175476,122.94194418046274,19.858083012817765,430.33453830833645,3.9997654418749757,-3.270201636620658,True
B3,S2,30,89400,102.40939084616353,23.79762294905244,41.56362457432423,102.40939084616353,0.0,430.33453830833645,3.9235583333333337,3.9235583333333337,True
B1,S2,30,90000,116.99779749639474,17.074801901093384,57.09749078980544,116.99779749639474,14.637787204039842,685.2073492513128,1.487642592592591,-1.487642592592591,False
B2,S2,30,90000,111.74812850444667,16.308658777018007,53.208671741152315,111.74812850444667,14.637787204039842,685.2073492513128,0.0,0.0,False
B4,S2,30,90000,117.57525463808399,17.159076703796565,56.70409506221673,117.57525463808399,14.637787204039842,685.2073492513128,1.63127736955976,-1.631084853925582,False
S0,S2,30,90000,348.9612913601543,50.9278383749743,193.74404025948357,348.9612913601543,14.637787204039842,685.2073492513128,11.363082532119584,-11.363082532119584,False
S1,S2,30,90000,141.64119471059368,20.67128948125804,70.19976024299514,141.64119471059368,14.637787204039842,685.2073492513128,3.261727144340473,-3.261727144340473,False
S2,S2,30,90000,319.65655960568375,46.65106992138282,171.98187409718767,319.65655960568375,14.637787204039842,685.2073492513128,10.349411522677316,-10.349411522677316,False
B3,S2,30,90000,44.14345845211093,6.442350406828528,24.598293700479687,44.14345845211093,0.0,685.2073492513128,1.487642592592591,-1.487642592592591,False
B1,S2,30,90600,250.30111908250117,57.154642718925466,166.44717885825509,250.30111908250117,9.165459933117518,437.9366350226867,8.422221296296295,8.422221296296295,True
B2,S2,30,90600,65.85581573420711,15.037749863241185,31.00807443949562,65.85581573420711,9.165459933117518,437.9366350226867,0.0,0.0,True
B4,S2,30,90600,52.033062904360406,11.881413598034543,44.75768207255117,64.44575720475558,9.165459933117518,437.9366350226867,5.126183969390914,-0.6303378727519491,True
S0,S2,30,90600,141.10613106650595,32.22067298827287,64.89116606235335,141.10613106650595,9.165459933117518,437.9366350226867,5.070029350147797,-4.5239024182099286,True
S1,S2,30,90600,165.78655635958935,37.856288581794715,114.4321179651026,165.78655635958935,9.165459933117518,437.9366350226867,5.461652076004629,5.461652076004629,True
S2,S2,30,90600,104.13898745386675,23.779464681796252,44.67835071170421,104.13898745386675,9.165459933117518,437.9366350226867,5.766868261203741,-3.2373614329043927,True
B3,S2,30,90600,241.85544393217938,55.22612738704776,163.7211888079487,241.85544393217938,0.0,437.9366350226867,8.422221296296295,8.422221296296295,True
B1,S2,30,91200,212.91723532143183,43.46229042507773,94.16662849955912,212.91723532143183,16.758164740316893,489.8895875919568,6.858122222222224,6.858122222222224,True
B2,S2,30,91200,61.9821460867073,12.652268522664341,33.042975543965156,61.9821460867073,16.758164740316893,489.8895875919568,0.0,0.0,True
B4,S2,30,91200,190.20281979589205,38.825650639122685,81.9870711577107,190.20281979589205,16.758164740316893,489.8895875919568,6.054140786061856,6.054140786061856,True
S0,S2,30,91200,114.618967056869,23.396897986804827,96.21341596243181,133.64849582512863,16.758164740316893,489.8895875919568,5.534653679135828,-3.322902903396219,True
S1,S2,30,91200,160.12371285938124,32.68567385693303,73.62294773212537,160.12371285938124,16.758164740316893,489.8895875919568,4.9312653706262966,4.929269323930589,True
S2,S2,30,91200,90.50311485331044,18.474186254534786,75.20922081485566,107.89396629520344,16.758164740316893,489.8895875919568,4.5320780426435086,-2.2954441845698073,True
B3,S2,30,91200,199.14448972404907,40.65089252109646,86.01635422571178,199.14448972404907,0.0,489.8895875919568,6.858122222222224,6.858122222222224,True
B1,S2,30,91800,117.84527965395185,19.63470650126476,49.32922201182879,117.84527965395185,14.974454835459186,600.1886488415853,2.915942592592594,2.84276851851852,True
B2,S2,30,91800,73.0408453026104,12.169647900470194,34.90596098014498,73.0408453026104,14.974454835459186,600.1886488415853,0.0,0.0,True
B4,S2,30,91800,137.87259660942274,22.97154350978288,58.51830426838223,137.87259660942274,14.974454835459186,600.1886488415853,3.6874685784259813,3.6859473216284337,True
S0,S2,30,91800,246.4812928183685,41.0673033044024,160.11153683604968,246.4812928183685,14.974454835459186,600.1886488415853,7.994163968491622,-7.975546276346859,True
S1,S2,30,91800,84.00071998913302,13.995719537725595,38.47285696391621,84.00071998913302,14.974454835459186,600.1886488415853,2.1659055848837716,0.8698376217746422,True
S2,S2,30,91800,212.43184475928916,35.39417900843352,128.93090807791546,212.44074630799386,14.974454835459186,600.1886488415853,6.854350858885343,-6.81654543002128,True
B3,S2,30,91800,85.71910003173751,14.282026192461753,32.521350801723834,85.71910003173751,0.0,600.1886488415853,2.915942592592594,2.84276851851852,True
B1,S2,30,92400,172.44620351709344,41.78546362364716,66.4255187674035,172.44620351709344,15.24818855339093,412.694244750471,6.910451851851852,-6.402446296296295,True
B2,S2,30,92400,72.77801849430134,17.634851811007298,29.36447139684874,72.77801849430134,15.24818855339093,412.694244750471,0.0,0.0,True
B4,S2,30,92400,46.17037391375403,11.18754974198155,31.99687342562062,46.17037391375403,15.24818855339093,412.694244750471,4.783573348778092,3.2573440547411163,True
S0,S2,30,92400,140.8938273270216,34.140002948723165,57.61859864598992,140.8938273270216,15.24818855339093,412.694244750471,5.149523582002346,-5.039557328946548,True
S1,S2,30,92400,119.0257463750038,28.841145203507942,48.169655052500445,119.0257463750038,15.24818855339093,412.694244750471,4.1408827081665285,-3.569373183306026,True
S2,S2,30,92400,154.76153670826696,37.50028954288933,64.39023301401647,154.76153670826696,15.24818855339093,412.694244750471,5.837975943791216,-5.616978854902018,True
B3,S2,30,92400,167.56309653871395,40.60223729071587,64.61791754337567,167.56309653871395,0.0,412.694244750471,6.910451851851852,-6.402446296296295,True
B1,S2,30,93000,186.23521527959886,37.37365708431114,83.39211967749831,186.23521527959886,11.742204434515855,498.306105981203,7.479796296296298,7.479796296296298,True
B2,S2,30,93000,37.3106370798101,7.4874934567262805,21.391620514410633,37.3106370798101,11.742204434515855,498.306105981203,0.0,0.0,True
B4,S2,30,93000,145.58806274063062,29.216592169577478,64.69682248143032,145.58806274063062,11.742204434515855,498.306105981203,5.844929664660695,5.8440907802886235,True
S0,S2,30,93000,154.36065848514204,30.97707546272066,132.82287974223937,166.70969733037794,11.742204434515855,498.306105981203,6.3040526458774115,-5.80428458330059,True
S1,S2,30,93000,86.62673834543496,17.384241795484375,38.22671134274728,86.62673834543496,11.742204434515855,498.306105981203,5.250484728321483,3.489728011387662,True
S2,S2,30,93000,123.3551573710424,24.754895814119436,108.64688254462035,141.3560248937335,11.742204434515855,498.306105981203,5.127432985790405,-4.686178630469603,True
B3,S2,30,93000,185.44432776883033,37.21494188871642,82.08506010095435,185.44432776883033,0.0,498.306105981203,7.479796296296298,7.479796296296298,True
B1,S2,60,1800,338.32298332068325,46.39231961730312,182.6780826579892,338.32298332068325,0.2566298637611101,729.2650725627818,6.669714814814814,-6.669714814814814,True
B2,S2,60,1800,35.05429064787487,4.80679686532733,27.583273810129494,35.96931393204212,0.2566298637611101,729.2650725627818,0.0,0.0,True
B4,S2,60,1800,175.5512441732195,24.07235047693943,96.07839001000097,175.5512441732195,0.2566298637611101,729.2650725627818,2.9569488138772395,-2.9569488138772395,True
S0,S2,60,1800,33.9539685098621,4.655915905932686,54.189933027995906,79.4056240776633,0.2566298637611101,729.2650725627818,2.114243747158692,0.9117043174050002,True
S1,S2,60,1800,240.00863595891735,32.91102851196198,133.36110162823798,240.00863595891735,0.2566298637611101,729.2650725627818,4.289063069990399,-4.2887387206167995,True
S2,S2,60,1800,14.372018151219327,1.9707536658396665,24.32163739117537,39.74512492712127,0.2566298637611101,729.2650725627818,2.1260068218777946,0.16328677280495796,True
B3,S2,60,1800,324.0119355153302,44.429926470588825,175.40041678860652,324.0119355153302,0.0,729.2650725627818,6.669714814814814,-6.669714814814814,True
B1,S2,60,2400,677.4548839795408,452.17499024502786,371.154947772898,677.4548839795408,17.003115278859113,149.82139627236717,11.301734722222221,11.301734722222221,True
B2,S2,60,2400,11.52096497805004,7.689799497733655,8.018683938552627,11.865033037692989,17.003115278859113,149.82139627236717,0.0,0.0,True
B4,S2,60,2400,416.6412143653009,278.0919312805427,217.62770566894903,416.6412143653009,17.003115278859113,149.82139627236717,6.938389142068748,6.938389142068748,True
S0,S2,60,2400,39.67065136052266,26.47862878570666,28.992619375227708,40.73995649383047,17.003115278859113,149.82139627236717,1.4763673641253146,0.6116525829254374,True
S1,S2,60,2400,44.64058680462146,29.79586889142809,34.08116727983469,45.221005099726966,17.003115278859113,149.82139627236717,1.5291386207475142,0.6997712702230189,True
S2,S2,60,2400,48.51153963742924,32.3795805168161,35.353246905198226,49.07274720562218,17.003115278859113,149.82139627236717,1.7483823504070544,0.7649484342700869,True
B3,S2,60,2400,676.8878238563566,451.79649949718214,370.82980836946905,676.8878238563566,0.0,149.82139627236717,11.301734722222221,11.301734722222221,True
B1,S2,60,4800,238.16093671769448,58.92396090565713,142.73880324728398,238.16093671769448,19.380438535462453,404.18351559735237,4.562051388888889,4.562051388888889,True
B2,S2,60,4800,37.3685213476271,9.245434290510161,13.672612039661805,37.3685213476271,19.380438535462453,404.18351559735237,0.0,0.0,True
B4,S2,60,4800,74.5904912859313,18.454609950059996,44.08885838256681,74.5904912859313,19.380438535462453,404.18351559735237,2.170787524507732,0.6750159405799583,True
S0,S2,60,4800,79.47462141925944,19.663004143501997,40.49777613322718,79.47462141925944,19.380438535462453,404.18351559735237,1.263261517751369,0.6732140955562941,True
S1,S2,60,4800,111.2879422735393,27.53401313486628,62.04620216362012,111.2879422735393,19.380438535462453,404.18351559735237,1.9927306940562577,1.7778562377655096,True
S2,S2,60,4800,85.40357750032341,21.129901197010334,44.72605453050527,85.40357750032341,19.380438535462453,404.18351559735237,1.3579694799302717,0.7178540564007861,True
B3,S2,60,4800,209.319489966867,51.78823031847521,139.10567510531192,209.319489966867,0.0,404.18351559735237,4.562051388888889,4.562051388888889,True
B1,S2,60,5400,83.64866057416127,19.237526535492233,29.110703535391448,83.64866057416127,11.502951709384288,434.8202479140645,2.0609879629629626,1.675307407407407,True
B2,S2,60,5400,6.488644642467551,1.4922590825968,3.5449167797658423,6.488644642467551,11.502951709384288,434.8202479140645,0.0,0.0,True
B4,S2,60,5400,3.7191639173850612,0.8553336545910109,20.869234548617523,37.30313523265301,11.502951709384288,434.8202479140645,1.718667504435275,0.28087871815636317,True
S0,S2,60,5400,129.5719926795906,29.798978612697564,66.83677450293675,130.70274373043767,11.502951709384288,434.8202479140645,2.482130031871384,2.382763882928804,True
S1,S2,60,5400,64.48937497900654,14.831272298927503,30.313716244536074,66.36329992935781,11.502951709384288,434.8202479140645,1.5531994714582351,1.2141614786423656,True
S2,S2,60,5400,121.89745772099195,28.033988367782516,59.0729497959998,123.11256281016368,11.502951709384288,434.8202479140645,2.4123426872432634,2.309023253552923,True
B3,S2,60,5400,87.3668652102481,20.092639574483385,30.85005265731191,87.3668652102481,0.0,434.8202479140645,2.0609879629629626,1.675307407407407,True
B1,S2,60,6600,18.46327913467133,5.32154240090451,19.277355602296122,31.503555187964867,12.449021924692532,346.9535285772242,1.3456143518518522,0.6038736111111117,True
B2,S2,60,6600,23.926806554612707,6.896256871267741,11.802505474729468,23.926806554612707,12.449021924692532,346.9535285772242,0.0,0.0,True
B4,S2,60,6600,50.426169719503704,14.533983823796147,27.075579726078974,53.593252120471604,12.449021924692532,346.9535285772242,1.5445325940554453,-0.6058777890200374,True
S0,S2,60,6600,312.3704376346946,90.03235647023197,211.86260862644127,312.3704376346946,12.449021924692532,346.9535285772242,6.471306253983877,6.367982156621374,True
S1,S2,60,6600,138.48962019995886,39.91589904500255,93.26495677180927,139.06186625041977,12.449021924692532,346.9535285772242,3.093313590342873,2.987610770887041,True
S2,S2,60,6600,320.27905221135813,92.31180138871858,202.52475230221958,320.27905221135813,12.449021924692532,346.9535285772242,6.2033259953633415,6.2033259953633415,True
B3,S2,60,6600,32.33362247622862,9.319294894858484,21.935670881409333,32.44691183264163,0.0,346.9535285772242,1.3456143518518522,0.6038736111111117,True
B1,S2,60,7200,68.14801498949862,22.47537229188743,67.9493076881218,110.11647444940395,16.96083058233404,303.21195175083665,2.770047222222222,-1.49962037037037,True
B2,S2,60,7200,34.98527305119956,11.538223625152016,23.560741090484747,39.027533736415315,16.96083058233404,303.21195175083665,0.0,0.0,True
B4,S2,60,7200,72.11211843268798,23.782742736983487,61.62955467870142,98.34503213068277,16.96083058233404,303.21195175083665,2.2001330915209594,-1.558547251191428,True
S0,S2,60,7200,90.89547169778486,29.977535902832052,53.498145225083576,94.65394027634314,16.96083058233404,303.21195175083665,1.7910465094131651,1.4103432807831766,True
S1,S2,60,7200,66.17832989954967,21.825765612937143,39.02669841604651,69.25352645903223,16.96083058233404,303.21195175083665,1.45609161250532,0.885480758366819,True
S2,S2,60,7200,77.55384730324417,25.577437451071773,49.48804359170541,88.13443011071459,16.96083058233404,303.21195175083665,1.868163186351944,1.1762724227582397,True
B3,S2,60,7200,120.74858480120841,39.82316135758169,76.67742383095687,120.74858480120841,0.0,303.21195175083665,2.770047222222222,-1.49962037037037,True
B1,S2,60,7800,196.8509324223914,54.50022786461873,101.01917391146107,196.8509324223914,12.74190764539838,361.1928612690921,5.44347037037037,-5.44347037037037,True
B2,S2,60,7800,37.56444982436592,10.400108599150872,18.936002610348215,37.59382117921622,12.74190764539838,361.1928612690921,0.0,0.0,True
B4,S2,60,7800,138.55708062095118,38.36096874509512,68.23420111143301,138.55708062095118,12.74190764539838,361.1928612690921,2.624566497657067,-1.6376831882912157,True
S0,S2,60,7800,106.49489547312172,29.484219344463185,62.5236781396739,107.42145368192843,12.74190764539838,361.1928612690921,2.828466158657192,2.7349661471745783,True
S1,S2,60,7800,78.4200837724023,21.711415750816457,45.946462162293244,81.41784365327055,12.74190764539838,361.1928612690921,1.8493886609315517,1.5141230746102292,True
S2,S2,60,7800,95.36481001832101,26.40273943489523,55.3484527895567,95.39768799590874,12.74190764539838,361.1928612690921,2.452104430705271,2.3538332612121855,True
B3,S2,60,7800,196.48126516184132,54.39788163904517,101.00732555900038,196.48126516184132,0.0,361.1928612690921,5.44347037037037,-5.44347037037037,True
B1,S2,60,8400,172.62213473609975,97.49286908136274,77.46141311958559,172.62213473609975,11.040655545138009,177.06129316190072,3.2150421296296297,2.6249162037037035,True
B2,S2,60,8400,11.068232889778667,6.2510742422163,8.353134507989363,11.874319004963816,11.040655545138009,177.06129316190072,0.0,0.0,True
B4,S2,60,8400,51.15482577915231,28.891026867389662,31.699714882914282,51.15482577915231,11.040655545138009,177.06129316190072,2.247046134873464,0.10379983363186729,True
S0,S2,60,8400,24.86108657286833,14.04094939605797,18.359053490279628,27.097235445268897,11.040655545138009,177.06129316190072,0.9778159968335035,0.16379172687628396,True
S1,S2,60,8400,31.955582285277117,18.047751552372137,24.105094841984645,33.96338568400111,11.040655545138009,177.06129316190072,0.9809692003090079,0.35213435029247475,True
S2,S2,60,8400,14.965350736123536,8.452073555364565,12.63318316760102,20.37143400862991,11.040655545138009,177.06129316190072,1.136051443940487,0.008281906539631952,True
B3,S2,60,8400,165.2018846544013,93.30208861817393,72.47957267379418,165.2018846544013,0.0,177.06129316190072,3.2150421296296297,2.6249162037037035,True
B1,S2,60,9000,430.81298983817754,90.88234982222663,228.79599291667844,430.81298983817754,19.399174842965007,474.0337267697009,7.028474537037036,-7.028474537037036,True
B2,S2,60,9000,75.72109049018727,15.973777015021282,33.14846172518927,75.72109049018727,19.399174842965007,474.0337267697009,0.0,0.0,True
B4,S2,60,9000,253.1197268140916,53.396986863988346,127.2467806104147,253.1197268140916,19.399174842965007,474.0337267697009,3.9644739391357255,-3.9644739391357255,True
S0,S2,60,9000,88.10020113480344,18.585217920075344,44.77677889969799,88.10020113480344,19.399174842965007,474.0337267697009,1.5174476384279039,0.8556356791258583,True
S1,S2,60,9000,166.08529164516654,35.036598087008166,94.93818334556043,166.08529164516654,19.399174842965007,474.0337267697009,2.6410235469753447,2.5535857398997535,True
S2,S2,60,9000,78.50498548886111,16.561054848108114,38.706520884270624,78.50498548886111,19.399174842965007,474.0337267697009,1.6146016214166596,0.49113074265763257,True
B3,S2,60,9000,430.485593096908,90.81328369406303,228.7346896978148,430.485593096908,0.0,474.0337267697009,7.028474537037036,-7.028474537037036,True
B1,S2,60,9600,141.48399402279477,20.34231017064289,89.65766391525756,141.48399402279477,17.011397980274598,695.5158624362052,2.7547675925925925,1.0490064814814821,True
B2,S2,60,9600,59.245563977367,8.51821894756587,21.748358931332174,59.245563977367,17.011397980274598,695.5158624362052,0.0,0.0,True
B4,S2,60,9600,148.34223793444943,21.328375950312104,57.09415084298299,148.34223793444943,17.011397980274598,695.5158624362052,2.558963658449792,-1.8265643285216686,True
S0,S2,60,9600,131.10282484957173,18.849724633217388,73.52696339518656,131.10282484957173,17.011397980274598,695.5158624362052,2.6479651753277005,0.3669053685976642,True
S1,S2,60,9600,126.72153508188781,18.219790794995863,69.80821357470649,126.72153508188781,17.011397980274598,695.5158624362052,2.5321705260084273,0.364976527492953,True
S2,S2,60,9600,129.59744785963585,18.633284279914307,71.37576101189534,129.59744785963585,17.011397980274598,695.5158624362052,2.6612070544376993,0.2146636816006361,True
B3,S2,60,9600,79.23188355765316,11.39181546199754,72.2204379269005,86.43392339010497,0.0,695.5158624362052,2.7547675925925925,1.0490064814814821,True
B1,S2,60,10200,271.70798424123234,43.17217345282353,125.7845789721951,271.70798424123234,24.185764612589047,629.3590581862684,5.156687500000001,5.1565171296296315,True
B2,S2,60,10200,79.35592772579393,12.60900700380598,32.70469140176024,79.35592772579393,24.185764612589047,629.3590581862684,0.0,0.0,True
B4,S2,60,10200,221.38268855896573,35.175896124695825,101.68586683358765,221.38268855896573,24.185764612589047,629.3590581862684,4.129887775555294,4.129887775555294,True
S0,S2,60,10200,60.423675489989925,9.6008271755273,32.078297028134884,60.423675489989925,24.185764612589047,629.3590581862684,2.1694203401629406,0.33231784716331303,True
S1,S2,60,10200,177.98568641475168,28.280467898195266,70.98945674592437,177.98568641475168,24.185764612589047,629.3590581862684,3.499418551374725,3.1379993547010216,True
S2,S2,60,10200,38.655710624834214,6.1420758344584705,35.89217841886699,62.781089823320464,24.185764612589047,629.3590581862684,2.287101361624532,-0.0411399703657267,True
B3,S2,60,10200,259.09659141044534,41.16832641721695,120.14009194526997,259.09659141044534,0.0,629.3590581862684,5.156687500000001,5.1565171296296315,True
B1,S2,60,10800,144.03514104827354,40.60421680393248,104.3080865467219,164.86027764824667,5.909855308615862,354.7295142861218,4.5908643518518515,3.8769467592592597,True
B2,S2,60,10800,37.34632103066413,10.528112132372755,23.25845575101417,40.7423585980645,5.909855308615862,354.7295142861218,0.0,0.0,True
B4,S2,60,10800,36.332605001817996,10.242340583059697,32.91318279916123,61.00444454040112,5.909855308615862,354.7295142861218,3.1011564275639745,-0.08260693866126625,True
S0,S2,60,10800,41.866915860292536,11.80249011547515,36.30711790727251,50.234891613329125,5.909855308615862,354.7295142861218,1.819544968615297,0.009286813785455384,True
S1,S2,60,10800,49.05011296962007,13.827468816157394,38.72223762598927,52.95354392592397,5.909855308615862,354.7295142861218,1.7778414211144522,-0.1585661114913069,True
S2,S2,60,10800,57.63669753163765,16.248069362829614,43.690378955272585,59.6274269644589,5.909855308615862,354.7295142861218,2.464683145280056,-0.27594133723956393,True
B3,S2,60,10800,147.47545638025798,41.57405866750223,96.23398457529969,155.79430236882024,0.0,354.7295142861218,4.5908643518518515,3.8769467592592597,True
B1,S2,60,11400,142.44860668709208,25.943863087722438,65.53999682736566,142.44860668709208,8.365792950668727,549.0647487825506,3.8297430555555563,3.020631944444445,True
B2,S2,60,11400,23.01016097752023,4.190791892675863,9.849933160602589,23.01016097752023,8.365792950668727,549.0647487825506,0.0,0.0,True
B4,S2,60,11400,107.72153387135259,19.619094853604267,45.409210414633094,107.72153387135259,8.365792950668727,549.0647487825506,2.7769892823640303,2.230543160279936,True
S0,S2,60,11400,103.92424838536512,18.927503289147207,49.63392301743352,103.92424838536512,8.365792950668727,549.0647487825506,3.244399873726924,2.172356741898598,True
S1,S2,60,11400,64.2034531565487,11.693238966607849,35.17207297269242,64.2034531565487,8.365792950668727,549.0647487825506,2.558525624831826,1.3679958265328385,True
S2,S2,60,11400,103.50725488359836,18.85155714569302,44.11565684077881,103.50725488359836,8.365792950668727,549.0647487825506,3.3879149425023694,2.169206569238471,True
B3,S2,60,11400,150.237436702999,27.36242620494626,68.30861825122918,150.237436702999,0.0,549.0647487825506,3.8297430555555563,3.020631944444445,True
B1,S2,60,12000,162.32173738280758,72.33123810821915,69.38812682159664,162.32173738280758,5.608730367788349,224.41443230924403,3.516415277777778,2.9660837962962967,True
B2,S2,60,12000,20.80568336982562,9.271098634670386,8.767760226175255,21.618683916428825,5.608730367788349,224.41443230924403,0.0,0.0,True
B4,S2,60,12000,142.83209142545948,63.64657119228244,61.75292234996714,142.83209142545948,5.608730367788349,224.41443230924403,2.785586642574664,2.427373678967342,True
S0,S2,60,12000,197.38646940702696,87.95622784858487,159.54366264559815,197.65020409510535,5.608730367788349,224.41443230924403,3.5157519586335697,3.189638001911626,True
S1,S2,60,12000,103.85378301981193,46.277675616112326,74.82518448997769,104.3511873703577,5.608730367788349,224.41443230924403,1.923219855931042,1.5861541477009207,True
S2,S2,60,12000,191.3212303283709,85.2535322080932,149.13556372851974,191.70850995015726,5.608730367788349,224.41443230924403,3.425242283436237,3.029952337625114,True
B3,S2,60,12000,25.98427228423324,11.578699291686732,30.795311195763873,72.65340902396638,0.0,224.41443230924403,3.516415277777778,2.9660837962962967,True
B1,S2,60,12600,98.86812356400016,35.39381810722094,51.76539133242409,104.25008696971896,10.037366774618956,279.3372652379354,1.880900925925926,-1.5445259259259259,True
B2,S2,60,12600,23.251779554474655,8.323908925888972,10.412383986249417,23.251779554474655,10.037366774618956,279.3372652379354,0.0,0.0,True
B4,S2,60,12600,159.0247077802632,56.92928497914816,76.96882497850986,159.0247077802632,10.037366774618956,279.3372652379354,2.9963465206143063,-2.9963465206143063,True
S0,S2,60,12600,193.07319539491593,69.11830944949611,94.54382487582096,193.07319539491593,10.037366774618956,279.3372652379354,4.08177807402134,3.929297495048686,True
S1,S2,60,12600,222.83102153982193,79.77131921514936,120.094516098949,222.83102153982193,10.037366774618956,279.3372652379354,4.768081231875507,4.654915491134766,True
S2,S2,60,12600,174.95201519625425,62.631104749748545,76.70872372187927,174.95201519625425,10.037366774618956,279.3372652379354,3.7216069897696253,3.438222940546403,True
B3,S2,60,12600,94.59053526200319,33.86248346830214,50.08393058019036,101.18693511272488,0.0,279.3372652379354,1.880900925925926,-1.5445259259259259,True
B1,S2,60,14400,63.54538822047091,15.856966072049547,89.91522373190647,122.30047213255354,10.048672287252066,400.74115017802734,3.8178125,-3.709075462962963,True
B2,S2,60,14400,8.664943945154421,2.162229644074501,7.108741417576837,11.189380046520657,10.048672287252066,400.74115017802734,0.0,0.0,True
B4,S2,60,14400,50.9721425421457,12.719468045520546,63.60677968712835,90.66940609909582,10.048672287252066,400.74115017802734,3.5193188634055947,-3.437271317071868,True
S0,S2,60,14400,98.96390106090318,24.695218101994005,77.50656651488659,110.25495639853979,10.048672287252066,400.74115017802734,2.57459573941641,2.3179399089808213,True
S1,S2,60,14400,20.117038845424165,5.019958353787043,15.649194127677031,26.17730929753932,10.048672287252066,400.74115017802734,1.326224805696559,-0.2273823815521491,True
S2,S2,60,14400,93.249033746806,23.269143611875286,69.5161208883567,100.9446316423703,10.048672287252066,400.74115017802734,2.6023269165683294,2.2915800942122115,True
B3,S2,60,14400,66.63217830394369,16.627236377981813,90.25063555665899,122.8775005399824,0.0,400.74115017802734,3.8178125,-3.709075462962963,True
B1,S2,60,15000,14.073587993352335,3.761510751782273,9.726435533304528,20.432431417094826,0.7640475208573299,374.1472222745611,1.349272685185185,0.529913425925926,True
B2,S2,60,15000,19.235474699779758,5.141151278056036,9.06591626613426,19.277022609292032,0.7640475208573299,374.1472222745611,0.0,0.0,True
B4,S2,60,15000,19.008569200447226,5.080505231306551,10.896899581699357,25.628212107399012,0.7640475208573299,374.1472222745611,1.2594319997279293,-0.26281660758160436,True
S0,S2,60,15000,47.51322112122857,12.699070925177645,28.484362411359974,47.51322112122857,0.7640475208573299,374.1472222745611,2.6398096608977273,2.1902580616471714,True
S1,S2,60,15000,71.30874638617335,19.059007294685923,32.56827778700392,71.30874638617335,0.7640475208573299,374.1472222745611,2.553817836376128,2.3231269053200236,True
S2,S2,60,15000,35.58723011721648,9.511558017421665,23.620951452699778,35.58723011721648,0.7640475208573299,374.1472222745611,2.153974356047645,1.829164884030415,True
B3,S2,60,15000,18.605236814120232,4.972704782094338,11.524476882526574,21.223073438252303,0.0,374.1472222745611,1.349272685185185,0.529913425925926,True
B1,S2,60,15600,113.79431449286983,38.990026235522016,91.12468454654946,121.50546262702966,6.114868833704843,291.8549318368939,2.785805555555556,2.371040740740741,True
B2,S2,60,15600,5.2212620644315715,1.7889922337682225,3.6453020583781712,6.433288804661675,6.114868833704843,291.8549318368939,0.0,0.0,True
B4,S2,60,15600,79.38535835396019,27.200279897385972,36.5582113356826,79.38570716678721,6.114868833704843,291.8549318368939,2.502555559836413,-0.5840074979582753,True
S0,S2,60,15600,135.62397467394075,46.469653200767425,89.4514955336456,135.62397467394075,6.114868833704843,291.8549318368939,4.515927576037305,4.365551497789724,True
S1,S2,60,15600,91.51997480280745,31.35803607182294,58.2221375573173,91.51997480280745,6.114868833704843,291.8549318368939,3.03328298648618,2.974894599707884,True
S2,S2,60,15600,115.51635575451772,39.58005952733915,90.31124767588778,115.51635575451772,6.114868833704843,291.8549318368939,4.357533300893506,3.9317855256784626,True
B3,S2,60,15600,119.58110927335065,40.9727903245369,93.6703130899691,122.0679879043288,0.0,291.8549318368939,2.785805555555556,2.371040740740741,True
B1,S2,60,16200,134.1754519610005,36.11796126763575,71.24956747645123,134.1754519610005,20.884231631018174,371.4923192002845,3.6366652777777775,-1.2025208333333335,True
B2,S2,60,16200,47.802940296108524,12.867813902320895,23.17251346294945,47.802940296108524,20.884231631018174,371.4923192002845,0.0,0.0,True
B4,S2,60,16200,132.160625219928,35.57560099881246,62.536756058999465,132.160625219928,20.884231631018174,371.4923192002845,3.757777257604926,-2.7247032161216653,True
S0,S2,60,16200,106.67276088607122,28.714661211759857,97.84035479360327,133.68323045346153,20.884231631018174,371.4923192002845,2.8967280265132245,2.098029293179616,True
S1,S2,60,16200,76.68093144550721,20.641323516615117,62.433256237140306,96.45723756862252,20.884231631018174,371.4923192002845,2.004713787647741,0.5000859671223236,True
S2,S2,60,16200,92.5152126021935,24.90366767241702,83.51544640516418,119.83298744456576,20.884231631018174,371.4923192002845,2.8443110612498774,1.3877514846127361,True
B3,S2,60,16200,116.78279083878886,31.436125271765626,59.32549428072376,116.78279083878886,0.0,371.4923192002845,3.6366652777777775,-1.2025208333333335,True
B1,S2,60,16800,75.52162511145778,14.949330908228532,49.140125944836534,76.79763936526423,0.08097536265818835,505.1839816448812,2.2611393518518517,-0.373672685185185,True
B2,S2,60,16800,10.52746626794102,2.083887583621227,5.0499099318762815,10.528112998658635,0.08097536265818835,505.1839816448812,0.0,0.0,True
B4,S2,60,16800,84.59583030675171,16.745548825856932,64.34851845927531,84.59583030675171,0.08097536265818835,505.1839816448812,1.7882525430650833,1.67017221882842,True
S0,S2,60,16800,94.46308184643232,18.6987484319792,61.71527655573696,94.46308184643232,0.08097536265818835,505.1839816448812,2.405986198014997,2.1359700800663948,True
S1,S2,60,16800,46.252461278003715,9.155567666141254,30.55562153823214,46.252461278003715,0.08097536265818835,505.1839816448812,1.375912739243877,0.9226008053822393,True
S2,S2,60,16800,40.38313612066746,7.9937483348501654,44.640168834156654,61.74406265663485,0.08097536265818835,505.1839816448812,2.6382220111924686,0.780179915711441,True
B3,S2,60,16800,73.64019376266346,14.576905927003201,48.984855656912636,75.25420109587975,0.0,505.1839816448812,2.2611393518518517,-0.373672685185185,True
B1,S2,60,17400,267.1369521334641,125.09278627329438,135.30024336976848,267.1369521334641,10.229994789302468,213.5510448618844,5.013194907407407,5.012487499999999,True
B2,S2,60,17400,25.426763349425777,11.906644318163234,10.406794476724412,25.824968139280475,10.229994789302468,213.5510448618844,0.0,0.0,True
B4,S2,60,17400,117.97533637817267,55.244560594153974,48.1181020813629,117.97533637817267,10.229994789302468,213.5510448618844,2.394823272226175,1.881248748884614,True
S0,S2,60,17400,59.04580443623881,27.649503880642257,42.28647975757205,60.338509079304075,10.229994789302468,213.5510448618844,1.89506568347534,0.716054128953054,True
S1,S2,60,17400,52.2152453803572,24.450943526934164,30.899793314823093,53.649805226944764,10.229994789302468,213.5510448618844,1.6443185568968095,0.6127053188015036,True
S2,S2,60,17400,59.272486591015564,27.75565281328895,44.71603090862225,60.53881626365057,10.229994789302468,213.5510448618844,2.0825371006139823,0.6471575829963337,True
B3,S2,60,17400,82.63005557975904,38.6933511063833,96.39852884971889,162.0368843017361,0.0,213.5510448618844,5.013194907407407,5.012487499999999,True
B1,S2,60,18000,316.05260674927143,67.69210213506845,212.2884503943222,316.05260674927143,5.639816306712058,466.89731413369384,7.796016203703703,-7.796016203703703,True
B2,S2,60,18000,10.042978049137936,2.151003602959724,3.8629428557182175,10.042978049137936,5.639816306712058,466.89731413369384,0.0,0.0,True
B4,S2,60,18000,199.80224196305812,42.793615622694645,123.30212399996259,199.80224196305812,5.639816306712058,466.89731413369384,5.058081890905706,-5.044583434482,True
S0,S2,60,18000,64.08370436402598,13.72543864017087,46.22179731925159,64.08370436402598,5.639816306712058,466.89731413369384,2.0840232481787764,1.1248763071863828,True
S1,S2,60,18000,46.14065697285551,9.882399314818795,30.777520463934785,46.14065697285551,5.639816306712058,466.89731413369384,1.3300139664467496,0.3576354684713839,True
S2,S2,60,18000,59.26637796249599,12.693664360109242,39.79110333840603,59.26637796249599,5.639816306712058,466.89731413369384,1.8325280435945197,0.3585592562227139,True
B3,S2,60,18000,316.05260674927143,67.69210213506845,212.2884503943222,316.05260674927143,0.0,466.89731413369384,7.796016203703703,-7.796016203703703,True
B1,S2,60,18600,115.5576965532633,26.372812223298812,77.209330303116,115.5576965532633,5.77556620414475,438.1697923408219,3.0219046296296295,3.0219046296296295,True
B2,S2,60,18600,15.768520264703811,3.5987237231631366,5.3792662906767115,15.768520264703811,5.77556620414475,438.1697923408219,0.0,0.0,True
B4,S2,60,18600,60.85618714393389,13.888722638505868,52.914704751810476,60.85618714393389,5.77556620414475,438.1697923408219,2.0318605271395076,1.3523716407912723,True
S0,S2,60,18600,52.919391015591124,12.07737090521037,25.42334018111847,52.919391015591124,5.77556620414475,438.1697923408219,1.6223504889374514,1.127894256457388,True
S1,S2,60,18600,49.56130645391269,11.310982025744574,25.458141536461728,49.56130645391269,5.77556620414475,438.1697923408219,1.4422743234169213,1.0667844787190375,True
S2,S2,60,18600,51.32139293423043,11.712672537296017,32.86689066603413,51.32139293423043,5.77556620414475,438.1697923408219,1.7337032929992255,1.0856067666488518,True
B3,S2,60,18600,111.09985591688167,25.355434778686153,76.82062736873573,111.09985591688167,0.0,438.1697923408219,3.0219046296296295,3.0219046296296295,True
B1,S2,60,19200,124.66792041543397,51.01875755583914,81.04268444554279,124.66792041543397,10.631899561958852,244.35702942978787,2.7518699074074076,2.7518699074074076,True
B2,S2,60,19200,17.048855433960604,6.9770268012115135,6.832940520279598,17.048855433960604,10.631899561958852,244.35702942978787,0.0,0.0,True
B4,S2,60,19200,96.44791424627039,39.47007969090702,64.1507853155528,96.44791424627039,10.631899561958852,244.35702942978787,2.1257300348905117,2.1257300348905117,True
S0,S2,60,19200,64.81091368351956,26.523040419486662,33.35803070728664,64.81091368351956,10.631899561958852,244.35702942978787,1.9168782252368104,1.3765555079070781,True
S1,S2,60,19200,82.70827084142407,33.84730573719345,42.18839012948397,82.70827084142407,10.631899561958852,244.35702942978787,2.0991639810122242,1.717804589266085,True
S2,S2,60,19200,48.958687710737514,20.035718974397263,25.44085164217827,48.958687710737514,10.631899561958852,244.35702942978787,1.8111438379703246,1.0378124725539981,True
B3,S2,60,19200,132.43171223957896,54.19599041149382,85.72040370551903,132.43171223957896,0.0,244.35702942978787,2.7518699074074076,2.7518699074074076,True
B1,S2,60,19800,65.58778399424713,37.79386204769894,29.016835296076415,65.58778399424713,168.74040742993176,173.54083557660763,1.9687689814814815,1.9473587962962962,True
B2,S2,60,19800,8.63578160673309,4.976224516863596,4.046758100322806,8.63578160673309,168.74040742993176,173.54083557660763,0.0,0.0,True
B4,S2,60,19800,38.46531937487364,22.16499606393422,19.760081235798054,38.46531937487364,168.74040742993176,173.54083557660763,0.750730346484998,-0.49440916994782613,True
S0,S2,60,19800,81.11361889510255,46.74036437913534,57.958738789123174,86.47741775280764,168.74040742993176,173.54083557660763,2.46706095431974,1.5234056410767616,True
S1,S2,60,19800,55.02822046657452,31.709090418827063,39.98339011546693,60.353931628508086,168.74040742993176,173.54083557660763,1.8328736951170228,1.1308794030517155,True
S2,S2,60,19800,76.83737886083236,44.27625267881886,52.77262511788621,77.84399097944596,168.74040742993176,173.54083557660763,2.214578809884906,0.966115553199471,True
B3,S2,60,19800,73.41630773904353,42.304917741758096,28.74529492023344,73.41630773904353,0.0,173.54083557660763,1.9687689814814815,1.9473587962962962,True
B1,S2,60,21000,75.54170147694899,23.53076990936798,56.59057286029255,77.10844505403502,9.126992799358305,321.03370084322916,1.7667074074074078,1.4830990740740746,True
B2,S2,60,21000,20.179553206281028,6.2858052451432,11.45047669658022,20.279299699288494,9.126992799358305,321.03370084322916,0.0,0.0,True
B4,S2,60,21000,75.88582880257776,23.637963429775617,38.90075813384402,76.9497312842024,9.126992799358305,321.03370084322916,1.784622751302777,-0.8636336435409874,True
S0,S2,60,21000,143.41164346984402,44.67183448128906,70.37065156807307,143.41164346984402,9.126992799358305,321.03370084322916,3.507930137496587,2.931747554544202,True
S1,S2,60,21000,139.7918444088849,43.54428960003475,75.1208402787306,139.7918444088849,9.126992799358305,321.03370084322916,3.2727653261865917,3.0093236295032724,True
S2,S2,60,21000,126.57999429578317,39.428880507967655,64.13684172823584,126.61139672313708,9.126992799358305,321.03370084322916,3.297464985701055,2.8776014873067703,True
B3,S2,60,21000,62.34871510543159,19.421236755414167,51.71312349714156,64.12580974503867,0.0,321.03370084322916,1.7667074074074078,1.4830990740740746,True
B1,S2,60,21600,11.612940719407801,2.921484530550302,25.56542958091541,40.42386088169968,9.053324968542483,397.5013592565675,1.4065351851851855,-0.784291666666667,True
B2,S2,60,21600,10.708329035235517,2.693910042285873,3.874940069982613,10.708329035235517,9.053324968542483,397.5013592565675,0.0,0.0,True
B4,S2,60,21600,71.16474990237468,17.903020516828306,70.741101468089,105.0295456194084,9.053324968542483,397.5013592565675,3.236655405845977,-3.236655405845977,True
S0,S2,60,21600,72.49307823544716,18.23719002396076,49.40369050338839,75.35326480639061,9.053324968542483,397.5013592565675,2.0307102385109634,1.8637492069965313,True
S1,S2,60,21600,30.523859357898317,7.678932070820083,18.10400055866474,30.523859357898317,9.053324968542483,397.5013592565675,1.1549841515412906,0.8027639413083415,True
S2,S2,60,21600,65.30307329887592,16.428389935825603,40.21930448824457,65.30307329887592,9.053324968542483,397.5013592565675,1.5791807586909348,1.456677624383468,True
B3,S2,60,21600,20.38901134277358,5.129293489940868,26.020816508619983,38.48221116194395,0.0,397.5013592565675,1.4065351851851855,-0.784291666666667,True
B1,S2,60,22200,12.360629872757288,3.3025637185790266,56.46715306493298,70.54079735066618,7.576244919697482,374.2737741355561,2.620536574074074,2.0552060185185184,True
B2,S2,60,22200,14.441636274544583,3.8585755328168005,6.4823259237127235,14.54251209458392,7.576244919697482,374.2737741355561,0.0,0.0,True
B4,S2,60,22200,70.15593604407796,18.74455035117384,67.31757089978973,99.22261547064535,7.576244919697482,374.2737741355561,2.4348121240707505,1.0247783119946166,True
S0,S2,60,22200,32.39883307794133,8.656452927478425,53.55052472027429,66.35269528606825,7.576244919697482,374.2737741355561,2.345764229750421,1.586166187199597,True
S1,S2,60,22200,33.79791722110504,9.030265959501603,37.9892531698281,44.2432631055516,7.576244919697482,374.2737741355561,1.59734783206016,0.824434375090349,True
S2,S2,60,22200,36.743867614174114,9.817377052143135,49.38300700581404,58.68248060803585,7.576244919697482,374.2737741355561,2.3481661093073445,1.2650440167527741,True
B3,S2,60,22200,18.237251741623624,4.872703620162917,58.80082999227538,71.53895180119574,0.0,374.2737741355561,2.620536574074074,2.0552060185185184,True
B1,S2,60,23400,333.4696599187377,40.56468188808504,172.821847624748,333.4696599187377,25.603128505572155,822.0689634366067,4.918976851851852,-4.918976851851852,True
B2,S2,60,23400,192.30790542025798,23.393159695060994,83.47115204109951,192.30790542025798,25.603128505572155,822.0689634366067,0.0,0.0,True
B4,S2,60,23400,214.1951249900453,26.05561510248681,104.6962608630666,214.1951249900453,25.603128505572155,822.0689634366067,1.6853091173004875,-1.681251600564506,True
S0,S2,60,23400,184.32603294221772,22.422210439821804,80.07919441141428,184.32603294221772,25.603128505572155,822.0689634366067,2.4907481117058294,-1.1398799101022603,True
S1,S2,60,23400,213.10838873466395,25.923419836187215,99.04484041344728,213.10838873466395,25.603128505572155,822.0689634366067,1.9886736918277101,-1.9305413751729377,True
S2,S2,60,23400,207.00304645486028,25.180739775103206,93.40203202619007,207.00304645486028,25.603128505572155,822.0689634366067,2.0754395185486647,-1.7195585874522377,True
B3,S2,60,23400,291.565439410405,35.46727250126733,157.3840593643189,291.565439410405,0.0,822.0689634366067,4.918976851851852,-4.918976851851852,True
B1,S2,60,24000,150.7631084542484,26.943675420010518,67.68480031803296,150.7631084542484,26.294130957421675,559.5491561714691,4.856095833333333,4.8100504629629635,True
B2,S2,60,24000,100.37204426171299,17.938020843150877,33.394854438046316,100.37204426171299,26.294130957421675,559.5491561714691,0.0,0.0,True
B4,S2,60,24000,181.31810364100718,32.40432080741871,82.94380419743885,181.31810364100718,26.294130957421675,559.5491561714691,7.190998580290204,7.190998580290204,True
S0,S2,60,24000,92.17641781058856,16.473336934555554,29.659783475048005,92.17641781058856,26.294130957421675,559.5491561714691,1.2390141417337759,-0.19978258044965563,True
S1,S2,60,24000,100.85834822086771,18.024930805178542,34.029007787282815,100.85834822086771,26.294130957421675,559.5491561714691,0.9566427832860939,-0.5203118400912252,True
S2,S2,60,24000,87.0302331799529,15.553634961301455,28.11832806189,87.0302331799529,26.294130957421675,559.5491561714691,1.3219099697548164,-0.04574836753767045,True
B3,S2,60,24000,99.84697735719476,17.84418334938879,54.52593314776323,99.84697735719476,0.0,559.5491561714691,4.856095833333333,4.8100504629629635,True
B1,S2,60,24600,151.75151139844633,17.76762270400539,74.03779128969892,151.75151139844633,17.92828217179512,854.0901274554681,2.0177282407407415,-2.0177282407407415,True
B2,S2,60,24600,107.5336131215671,12.590429237478087,45.35624461341212,107.5336131215671,17.92828217179512,854.0901274554681,0.0,0.0,True
B4,S2,60,24600,143.27162133331655,16.774766119842155,57.73870640712618,143.27162133331655,17.92828217179512,854.0901274554681,1.4973436435952663,1.394359176146213,True
S0,S2,60,24600,221.95478528455493,25.987279111375464,109.45030519377974,221.95478528455493,17.92828217179512,854.0901274554681,3.8238342399258847,-3.4716925328467156,True
S1,S2,60,24600,168.06643086433766,19.677833224117276,85.12185245932099,168.06643086433766,17.92828217179512,854.0901274554681,2.393980344332335,-2.3801933879233315,True
S2,S2,60,24600,217.77198718406237,25.497541791386286,105.6189936062273,217.77198718406237,17.92828217179512,854.0901274554681,3.5684955260192996,-3.384638206702581,True
B3,S2,60,24600,117.34989788434741,13.739755807031734,61.949381846525434,117.34989788434741,0.0,854.0901274554681,2.0177282407407415,-2.0177282407407415,True
B1,S2,60,25200,142.58376563383536,18.44881632213293,59.48718271158328,142.58376563383536,18.302491752167477,772.8613215297639,1.4540592592592592,1.407249074074074,True
B2,S2,60,25200,96.23006247584162,12.451142241840818,49.46566007280094,96.23006247584162,18.302491752167477,772.8613215297639,0.0,0.0,True
B4,S2,60,25200,261.88556802290793,33.88519527727749,107.55940449625324,261.88556802290793,18.302491752167477,772.8613215297639,3.8535778959657847,3.8535778959657847,True
S0,S2,60,25200,150.3754516318811,19.456977266534093,99.69912982111357,151.1319847860684,18.302491752167477,772.8613215297639,2.4443790047860463,-1.6839573273096027,True
S1,S2,60,25200,109.7636562122168,14.202244717714168,59.30874147996028,109.7636562122168,18.302491752167477,772.8613215297639,1.4338829602957543,-0.5913963253375396,True
S2,S2,60,25200,149.722785775289,19.372529275877724,100.8772478503361,150.73470558363704,18.302491752167477,772.8613215297639,2.3841369216639143,-1.6334020297715526,True
B3,S2,60,25200,87.00862869655495,11.257987205820356,26.82553973650643,87.00862869655495,0.0,772.8613215297639,1.4540592592592592,1.407249074074074,True
B1,S2,60,25800,152.33668547080873,22.289034964057414,81.35504691276695,152.33668547080873,43.52197912163371,683.4602113391719,3.575028703703704,0.7282379629629624,True
B2,S2,60,25800,261.5988445262621,38.27565089907507,108.96490065567082,261.5988445262621,43.52197912163371,683.4602113391719,0.0,0.0,True
B4,S2,60,25800,496.16970702434395,72.59672162219204,240.26429891594685,496.16970702434395,43.52197912163371,683.4602113391719,8.55465797147064,-7.673064983507813,True
S0,S2,60,25800,228.87716372136646,33.488001192184186,94.31024179796725,228.87716372136646,43.52197912163371,683.4602113391719,3.1704927010259754,-1.2311417520088332,True
S1,S2,60,25800,215.46082777183793,31.52499943627501,88.07297682006956,215.46082777183793,43.52197912163371,683.4602113391719,2.5010686517802387,-0.604699365601972,True
S2,S2,60,25800,254.80881456787415,37.28217244257742,116.27256942195801,254.80881456787415,43.52197912163371,683.4602113391719,3.696028400943254,-1.8302515385146239,True
B3,S2,60,25800,113.87225450966801,16.661138808146085,102.57900231292872,113.87225450966801,0.0,683.4602113391719,3.575028703703704,0.7282379629629624,True
B1,S2,60,26400,636.7786344470874,308.3886575889499,326.1108158019152,636.7786344470874,26.36239243045916,206.48575061922259,10.535491203703705,10.535491203703705,True
B2,S2,60,26400,36.202959057842875,17.5329091471325,29.108246367949228,36.98062521201634,26.36239243045916,206.48575061922259,0.0,0.0,True
B4,S2,60,26400,545.1818985543374,264.0288237417891,280.46725850074205,545.1818985543374,26.36239243045916,206.48575061922259,8.988986062995776,8.988986062995776,True
S0,S2,60,26400,79.72207676620923,38.608996759889536,62.274087285151204,81.42857961263961,26.36239243045916,206.48575061922259,1.382341396405655,1.0975353569730435,True
S1,S2,60,26400,81.79711362687736,39.61392656954728,66.6801123650538,83.50348781270112,26.36239243045916,206.48575061922259,1.5373578689126162,1.1597590489445484,True
S2,S2,60,26400,97.27945343636631,47.11194508320236,76.41213191585516,98.93542192247085,26.36239243045916,206.48575061922259,1.556762407997847,1.4245095450891256,True
B3,S2,60,26400,630.8919943664349,305.53778770422457,321.23581301257826,630.8919943664349,0.0,206.48575061922259,10.535491203703705,10.535491203703705,True
B1,S2,60,27600,619.9291372889122,73.86013298727018,340.87979159818093,619.9291372889122,41.78426166812258,839.3284877997136,9.864509722222222,-9.864509722222222,True
B2,S2,60,27600,297.9085822640388,35.49368174610652,132.934154793018,297.9085822640388,41.78426166812258,839.3284877997136,0.0,0.0,True
B4,S2,60,27600,355.6719492424822,42.37577473092455,174.51761088296664,355.6719492424822,41.78426166812258,839.3284877997136,4.046802682023215,-4.0432868349273186,True
S0,S2,60,27600,303.62371616357296,36.17459916790359,138.73889826365092,303.62371616357296,41.78426166812258,839.3284877997136,1.8471604173380745,-1.6908247768591702,True
S1,S2,60,27600,332.43338885234596,39.60706608729734,160.9557999996613,332.43338885234596,41.78426166812258,839.3284877997136,3.098943404330264,-3.098943404330264,True
S2,S2,60,27600,311.92250559447,37.16334070968686,145.50514224910472,311.92250559447,41.78426166812258,839.3284877997136,2.032953717754985,-2.029777152172181,True
B3,S2,60,27600,593.6347073014247,70.72733928734252,331.51342376018584,593.6347073014247,0.0,839.3284877997136,9.864509722222222,-9.864509722222222,True
B1,S2,60,28200,448.7824119585113,113.16430545752895,190.59133612704096,448.7824119585113,29.635354986713455,396.57594339846077,7.5827939814814815,7.554835648148149,True
B2,S2,60,28200,33.946257379025795,8.559837767294473,27.25300869831375,34.612409172835875,29.635354986713455,396.57594339846077,0.0,0.0,True
B4,S2,60,28200,331.76636134722725,83.6577121910504,133.54191604433166,331.76636134722725,29.635354986713455,396.57594339846077,6.0737229431667155,5.585355112436593,True
S0,S2,60,28200,22.485397784157005,5.669884459321512,36.69426433532141,68.19906317028433,29.635354986713455,396.57594339846077,2.2358282520668045,0.1443203863190064,True
S1,S2,60,28200,81.9070039965881,20.653548295109726,58.02442322857663,84.22054430979237,29.635354986713455,396.57594339846077,1.8181915043395527,1.358085983596203,True
S2,S2,60,28200,29.46524963089459,7.42991351880598,36.784967507601905,63.84937589514896,29.635354986713455,396.57594339846077,2.35128698052528,0.4067028376134356,True
B3,S2,60,28200,448.6137212501382,113.12176865942479,189.71204738820222,448.6137212501382,0.0,396.57594339846077,7.5827939814814815,7.554835648148149,True
B1,S2,60,30000,245.3340249568952,45.275997582312705,202.75629616925244,266.9626934218866,40.44935525209627,541.8633228585916,4.658582407407407,4.361704629629631,True
B2,S2,60,30000,190.3923498169451,35.136600280036156,72.01570403712927,190.3923498169451,40.44935525209627,541.8633228585916,0.0,0.0,True
B4,S2,60,30000,274.5855147419169,50.67431272028992,203.36879441645337,274.5855147419169,40.44935525209627,541.8633228585916,4.795807650813496,4.794651538192685,True
S0,S2,60,30000,166.02988634831297,30.640547042827123,65.11408930488676,166.02988634831297,40.44935525209627,541.8633228585916,2.03534626311332,-0.22460504093553046,True
S1,S2,60,30000,169.74930270978047,31.326959317761283,67.34406911177138,169.74930270978047,40.44935525209627,541.8633228585916,1.6434714893724345,0.12010470337063524,True
S2,S2,60,30000,172.9468420145716,31.917060025800087,66.23741182670717,172.9468420145716,40.44935525209627,541.8633228585916,2.316050285635378,-0.6006390559577132,True
B3,S2,60,30000,263.8511529670794,48.69330361301014,205.4957195129171,268.39585549668243,0.0,541.8633228585916,4.658582407407407,4.361704629629631,True
B1,S2,60,30600,535.4537847849383,326.9262094911866,281.8269979006749,535.4537847849383,34.098103353815375,163.78429420458357,9.829960648148147,9.829960648148147,True
B2,S2,60,30600,16.60911724822837,10.140848564809186,13.443437602307526,17.77216018550258,34.098103353815375,163.78429420458357,0.0,0.0,True
B4,S2,60,30600,437.8300054672254,267.32111744507705,220.58744081219518,437.8300054672254,34.098103353815375,163.78429420458357,7.911490682185625,7.911490682185625,True
S0,S2,60,30600,23.788923008681277,14.524544691059598,20.038690992046565,25.478032236970336,34.098103353815375,163.78429420458357,0.9649869510696905,0.09014573949238057,True
S1,S2,60,30600,28.858146260825155,17.619605347981864,23.82155160673712,30.713431788117404,34.098103353815375,163.78429420458357,1.000181948347629,0.25327933296487154,True
S2,S2,60,30600,26.417895022836195,16.12968761817754,24.00979087442832,34.17785771587134,34.098103353815375,163.78429420458357,1.390194883850768,0.12465015952095283,True
B3,S2,60,30600,557.9834987512529,340.6819325754603,290.0483915586927,557.9834987512529,0.0,163.78429420458357,9.829960648148147,9.829960648148147,True
B1,S2,60,31800,229.01605386255974,33.90598660804673,103.50582051431323,229.01605386255974,40.57430425141364,675.444299881274,3.3764143518518517,3.034813425925926,True
B2,S2,60,31800,221.0037849532742,32.7197646041459,101.25264009518327,221.0037849532742,40.57430425141364,675.444299881274,0.0,0.0,True
B4,S2,60,31800,217.78648449179096,32.24344102542168,96.76161872001614,217.78648449179096,40.57430425141364,675.444299881274,2.550069018688438,1.9078126369292476,True
S0,S2,60,31800,208.6258414210479,30.887201425449746,102.43222615338131,208.6258414210479,40.57430425141364,675.444299881274,3.2690018435964827,-1.0786195760062383,True
S1,S2,60,31800,212.74991483374097,31.49777337245085,92.68160767736707,212.74991483374097,40.57430425141364,675.444299881274,2.169726250132805,0.7325644388229617,True
S2,S2,60,31800,214.13550699607353,31.702911259109467,110.09423516758685,214.13550699607353,40.57430425141364,675.444299881274,3.1961344499831643,-1.4705154924610577,True
B3,S2,60,31800,162.7283706696547,24.092048848181594,90.92715147164665,162.7283706696547,0.0,675.444299881274,3.3764143518518517,3.034813425925926,True
B1,S2,60,32400,148.4797910973775,37.323922537274896,72.85383982141163,148.4797910973775,34.67059732086016,397.81400507701926,3.3509277777777777,1.5283064814814815,True
B2,S2,60,32400,102.94639082127264,25.878020760315263,43.062430550636506,102.94639082127264,34.67059732086016,397.81400507701926,0.0,0.0,True
B4,S2,60,32400,107.80220130556766,27.09864407229617,62.95302557885514,107.80220130556766,34.67059732086016,397.81400507701926,2.990959659395315,-0.14476951202284,True
S0,S2,60,32400,109.55289394507561,27.538722253849635,53.94677438290902,109.55289394507561,34.67059732086016,397.81400507701926,1.6665688971948425,-0.5457013897634962,True
S1,S2,60,32400,112.80896900077197,28.35721406513364,59.58744272435486,112.80896900077197,34.67059732086016,397.81400507701926,1.6404153981093201,-0.7620303301316029,True
S2,S2,60,32400,113.55640910267483,28.545100889720967,59.71758886084985,113.55640910267483,34.67059732086016,397.81400507701926,2.007013152747764,-0.8242283427464456,True
B3,S2,60,32400,93.22453569654562,23.4342015381024,54.23399873595829,93.24180088284885,0.0,397.81400507701926,3.3509277777777777,1.5283064814814815,True
B1,S2,60,33000,120.78528918606645,25.690290248046647,98.64208186802988,165.4536781733002,27.487231301939975,470.1593015098392,3.701266666666667,-0.9330944444444449,True
B2,S2,60,33000,131.20914318966305,27.907380066353355,78.06481314574425,131.43139706350016,27.487231301939975,470.1593015098392,0.0,0.0,True
B4,S2,60,33000,119.46880475806562,25.41028208405347,84.6209420311131,143.83637034531495,27.487231301939975,470.1593015098392,3.2643023200556436,-0.23687822185267493,True
S0,S2,60,33000,181.1239085164436,38.52394453003354,112.54822343300167,181.28157897463782,27.487231301939975,470.1593015098392,1.8163599572534508,1.6455079348085868,True
S1,S2,60,33000,147.59018503854355,31.391527204626595,88.73328902023495,147.7889681513316,27.487231301939975,470.1593015098392,1.2117381300548837,0.776393151521999,True
S2,S2,60,33000,173.0263846503638,36.801650864870275,102.54475993233629,173.18194502824034,27.487231301939975,470.1593015098392,1.6161613317180983,1.5081125400079478,True
B3,S2,60,33000,59.956169765815964,12.752309605122475,76.76915011877108,132.49844478636285,0.0,470.1593015098392,3.701266666666667,-0.9330944444444449,True
B1,S2,60,34800,123.63479786398977,60.31972867938533,87.82301439751606,123.63479786398977,23.880079779442134,204.96577251058292,4.518889814814814,1.5597268518518521,True
B2,S2,60,34800,64.37217681368763,31.406305562731905,37.47231067690461,64.37217681368763,23.880079779442134,204.96577251058292,0.0,0.0,True
B4,S2,60,34800,71.60082795956146,34.93306569313397,53.41516488068415,77.25110738488321,23.880079779442134,204.96577251058292,3.2644878279230705,0.24459865585849097,True
S0,S2,60,34800,57.82712561077623,28.21306450460672,35.94941733030619,58.18582203125808,23.880079779442134,204.96577251058292,0.8982961447810784,-0.4007931407256295,True
S1,S2,60,34800,55.37799622115935,27.01816773739627,35.5379574184503,59.09411768243717,23.880079779442134,204.96577251058292,1.1206536233582605,-0.3823248167771763,True
S2,S2,60,34800,55.6789812548262,27.16501422302172,38.78978208697787,67.29057949055294,23.880079779442134,204.96577251058292,1.4020555527759833,-0.6037141298472111,True
B3,S2,60,34800,86.9573843770576,42.425319755554675,73.55972299925692,117.47485287169508,0.0,204.96577251058292,4.518889814814814,1.5597268518518521,True
B1,S2,60,36600,254.60962569905232,211.12644461081143,140.06555834686412,254.60962569905232,28.044236078268582,120.59580038322407,4.201673148148149,4.201673148148149,True
B2,S2,60,36600,29.782858234314546,24.69643067144285,14.889558699786118,29.782858234314546,28.044236078268582,120.59580038322407,0.0,0.0,True
B4,S2,60,36600,226.0059584918566,187.4078183267284,117.05805112745725,226.0059584918566,28.044236078268582,120.59580038322407,3.704440468938583,3.704440468938583,True
S0,S2,60,36600,41.801697970585295,34.66264815005969,20.437173555348505,41.801697970585295,28.044236078268582,120.59580038322407,1.6548452176643111,-0.6077534160989965,True
S1,S2,60,36600,26.864920944259328,22.276829590159156,16.63082241482429,27.426226233450734,28.044236078268582,120.59580038322407,1.8735255308074048,-0.19558176478174524,True
S2,S2,60,36600,53.37912109391565,44.262835790541466,26.864208945235735,53.37912109391565,28.044236078268582,120.59580038322407,1.6023188693967456,-0.8408481139781386,True
B3,S2,60,36600,250.56450679720948,207.77216619565235,138.1501235774583,250.56450679720948,0.0,120.59580038322407,4.201673148148149,4.201673148148149,True
B1,S2,60,37800,267.90936121991973,71.19362078762889,159.82253681212816,267.90936121991973,30.651844097383602,376.3109085561126,6.254459722222222,-6.254459722222222,True
B2,S2,60,37800,85.01830734987213,22.59257050933852,41.4953047200016,85.01830734987213,30.651844097383602,376.3109085561126,0.0,0.0,True
B4,S2,60,37800,213.64569379980074,56.773717939655086,121.96308801002996,213.64569379980074,30.651844097383602,376.3109085561126,5.047404905089683,-5.03681236801527,True
S0,S2,60,37800,62.527794716070005,16.615993130782797,43.87772984224252,68.59954180663247,30.651844097383602,376.3109085561126,1.471205267126345,-0.13407230374599133,True
S1,S2,60,37800,95.04540241047083,25.25714781300271,47.94014947178438,95.04540241047083,30.651844097383602,376.3109085561126,1.762981600842575,0.9686424853400039,True
S2,S2,60,37800,55.36314168410149,14.712074623753875,45.72952743547348,67.96509598443717,30.651844097383602,376.3109085561126,1.6424519351298834,-0.21972442167192496,True
B3,S2,60,37800,267.90936121991973,71.19362078762889,159.82253681212816,267.90936121991973,0.0,376.3109085561126,6.254459722222222,-6.254459722222222,True
B1,S2,60,38400,142.03784501647868,33.674437640617526,77.28242941098101,142.03784501647868,38.379096325888135,421.7972294959874,3.3096601851851855,-1.6242305555555558,True
B2,S2,60,38400,121.13944995907357,28.71983064085678,59.07072896706053,121.13944995907357,38.379096325888135,421.7972294959874,0.0,0.0,True
B4,S2,60,38400,121.7962290474035,28.87554031422631,75.82891227463654,121.90534889510785,38.379096325888135,421.7972294959874,3.3552189143407234,-2.5603399846113946,True
S0,S2,60,38400,215.07200541268085,50.98943055403043,130.52316853481994,215.07200541268085,38.379096325888135,421.7972294959874,3.1245877601843417,0.7277615890400319,True
S1,S2,60,38400,194.04965510738853,46.005436152167654,112.12685264390532,194.04965510738853,38.379096325888135,421.7972294959874,2.368253568277761,0.5791556251209481,True
S2,S2,60,38400,185.5578373099077,43.99218969068002,102.24840069009663,185.5578373099077,38.379096325888135,421.7972294959874,3.1603308076881595,0.05679537179141704,True
B3,S2,60,38400,83.26205379643909,19.73982946638372,49.0343349868674,83.26205379643909,0.0,421.7972294959874,3.3096601851851855,-1.6242305555555558,True
B1,S2,60,39000,115.92407469205688,21.10490161579147,61.80793084951598,115.92407469205688,13.448593724267742,549.2755986377979,2.668012037037037,-1.789610185185185,True
B2,S2,60,39000,75.85497605242678,13.810002891180117,35.15907826956907,75.85497605242678,13.448593724267742,549.2755986377979,0.0,0.0,True
B4,S2,60,39000,94.82146050574183,17.263002532954097,43.00047427686428,94.82146050574183,13.448593724267742,549.2755986377979,2.6160631162578416,-1.728219070744047,True
S0,S2,60,39000,60.542039137369294,11.022160694469843,36.80009751231391,70.91239180027564,13.448593724267742,549.2755986377979,1.988046975677064,-1.1936698705852642,True
S1,S2,60,39000,84.36413023542302,15.359162221050024,41.12736204240483,84.36413023542302,13.448593724267742,549.2755986377979,1.7519849464443538,-1.2758061981604223,True
S2,S2,60,39000,69.10724957161183,12.581525511600667,37.423418884226976,69.10724957161183,13.448593724267742,549.2755986377979,2.242511104652157,-1.5903498832072738,True
B3,S2,60,39000,111.57337130935504,20.312821393496584,62.161717047981256,111.57337130935504,0.0,549.2755986377979,2.668012037037037,-1.789610185185185,True
B1,S2,60,39600,327.3825464622098,265.5181170809118,162.46080953088838,327.3825464622098,25.121505213853148,123.2995134424089,6.47148425925926,5.445247222222222,True
B2,S2,60,39600,4.98752058976628,4.045044826633372,4.769740290463085,5.421436006217526,25.121505213853148,123.2995134424089,0.0,0.0,True
B4,S2,60,39600,574.8640093408009,466.2338019762828,298.3342469795831,574.8640093408009,25.121505213853148,123.2995134424089,9.609473426809512,9.593991410231085,True
S0,S2,60,39600,43.72287776541046,35.46070584117322,38.965129896230266,44.07862135291138,25.121505213853148,123.2995134424089,0.7576551651516982,0.6865268955841084,True
S1,S2,60,39600,13.992934955857558,11.348734934297548,12.915683626334216,14.351744740837646,25.121505213853148,123.2995134424089,0.6381814099250211,0.18918965716027064,True
S2,S2,60,39600,43.479180762039014,35.263059478614565,38.18866125776113,43.829024592758614,25.121505213853148,123.2995134424089,0.941054884554645,0.682748719205942,True
B3,S2,60,39600,329.7566428460671,267.4435880885214,163.70299124629653,329.7566428460671,0.0,123.2995134424089,6.47148425925926,5.445247222222222,True
B1,S2,60,40800,67.75266518263848,17.923168113829885,52.43773451202055,71.01820398991835,28.17638680461805,378.0172386507893,2.5717504629629633,-0.61645787037037,True
B2,S2,60,40800,60.58882668686211,16.02805917082364,25.030540792165358,60.58882668686211,28.17638680461805,378.0172386507893,0.0,0.0,True
B4,S2,60,40800,57.309883913521126,15.160653550634432,29.44655371432307,57.309883913521126,28.17638680461805,378.0172386507893,2.1711804374589194,-0.11663976020522583,True
S0,S2,60,40800,69.17998536899702,18.3007488271997,27.566790061492576,69.17998536899702,28.17638680461805,378.0172386507893,1.5299599663668915,0.13116306106657144,True
S1,S2,60,40800,75.05559067700874,19.855070881131105,33.5412461098795,75.05559067700874,28.17638680461805,378.0172386507893,1.4571630539284313,0.30636015407704437,True
S2,S2,60,40800,66.9046160088666,17.698826711623273,27.82584833839136,66.9046160088666,28.17638680461805,378.0172386507893,1.8967446097354763,0.09604563694587744,True
B3,S2,60,40800,70.50592899985246,18.65151156902279,63.42178521160059,87.89973025181816,0.0,378.0172386507893,2.5717504629629633,-0.61645787037037,True
B1,S2,60,41400,211.314007451416,36.523212744704686,114.55006783011386,211.314007451416,3.1746242898466517,578.5745326636231,4.496512962962963,-4.462466666666666,True
B2,S2,60,41400,3.484677330180763,0.6022866775933112,4.677498622218889,9.522341476736948,3.1746242898466517,578.5745326636231,0.0,0.0,True
B4,S2,60,41400,45.74107254983624,7.905821975823051,28.98310317707218,45.74107254983624,3.1746242898466517,578.5745326636231,1.9825515419463204,1.1997863010497711,True
S0,S2,60,41400,14.831981239945266,2.563538559442335,28.964266849805473,54.828448208686126,3.1746242898466517,578.5745326636231,2.583353207354528,-0.18065834373463086,True
S1,S2,60,41400,27.8078968093619,4.806277366088131,37.306979673900614,59.73120081680341,3.1746242898466517,578.5745326636231,2.148356021188945,-1.0204246517639513,True
S2,S2,60,41400,6.812145100116608,1.177401478208014,33.44024827572117,60.52296207801661,3.1746242898466517,578.5745326636231,2.6839993158244697,-0.3414708956536387,True
B3,S2,60,41400,210.18553079798318,36.3281684436295,113.78596703698948,210.18553079798318,0.0,578.5745326636231,4.496512962962963,-4.462466666666666,True
B1,S2,60,42000,78.92400081645685,19.549764080126252,80.6056733762545,115.86765656400466,15.850145165057357,403.7082007382831,4.562368981481481,0.5385717592592588,True
B2,S2,60,42000,6.258163277280491,1.5501699657910954,5.922635753319293,9.113087823993386,15.850145165057357,403.7082007382831,0.0,0.0,True
B4,S2,60,42000,120.63131319406722,29.88081811899342,56.73004768030528,120.63131319406722,15.850145165057357,403.7082007382831,4.202062029739564,1.6800480817498213,True
S0,S2,60,42000,48.54409089466329,12.024549118865577,29.96023784519841,48.782215664215684,15.850145165057357,403.7082007382831,1.379312805881043,0.7231777118971892,True
S1,S2,60,42000,26.56957738059608,6.581381634558538,19.737600433045156,29.100802334428803,15.850145165057357,403.7082007382831,1.367863049651323,0.3012329582944582,True
S2,S2,60,42000,53.46850120057365,13.244343588461392,32.830439100081215,53.5999932388349,15.850145165057357,403.7082007382831,1.3605545154619354,0.7919139423353526,True
B3,S2,60,42000,108.06538382652163,26.76819138895286,87.46709546258462,116.16640804577455,0.0,403.7082007382831,4.562368981481481,0.5385717592592588,True
B1,S2,60,43200,114.91325836322744,21.147116973326273,60.3625004688276,114.91325836322744,19.592377425820676,543.3991711880738,1.1494032407407406,1.0060874999999996,True
B2,S2,60,43200,92.655735925282,17.05113677716915,44.220217225503504,92.655735925282,19.592377425820676,543.3991711880738,0.0,0.0,True
B4,S2,60,43200,159.50394715251272,29.352997871486895,84.47853800171319,159.50394715251272,19.592377425820676,543.3991711880738,2.0049473426598965,2.0046517914511504,True
S0,S2,60,43200,95.0709628360047,17.49560320972592,49.67829248312458,95.0709628360047,19.592377425820676,543.3991711880738,1.5823426826997622,0.15608535824347594,True
S1,S2,60,43200,96.46951196119814,17.75297370260608,50.10153218112583,96.46951196119814,19.592377425820676,543.3991711880738,1.5577836454073504,0.30081746629941614,True
S2,S2,60,43200,96.07708953599109,17.680757467099305,50.179694072742116,96.07708953599109,19.592377425820676,543.3991711880738,1.2454482613424687,0.14611236956800888,True
B3,S2,60,43200,61.46206134524359,11.310665272246284,38.84327342743908,61.46206134524359,0.0,543.3991711880738,1.1494032407407406,1.0060874999999996,True
B1,S2,60,43800,194.62334363345036,46.651118163318316,116.06068113954723,194.62334363345036,19.259232424583722,417.18902203395055,2.972223148148148,2.6995111111111108,True
B2,S2,60,43800,84.88968803859683,20.348015780647405,45.13171594619312,84.88968803859683,19.259232424583722,417.18902203395055,0.0,0.0,True
B4,S2,60,43800,93.96987999490139,22.524533252759987,54.75200732595438,93.96987999490139,19.259232424583722,417.18902203395055,1.8241698528362311,0.002508715897036401,True
S0,S2,60,43800,129.61189665982346,31.067906827441814,60.94524305160277,129.61189665982346,19.259232424583722,417.18902203395055,2.2878610497403056,1.6358663423255153,True
S1,S2,60,43800,115.22162796587023,27.618566616188087,56.734496607534396,115.22162796587023,19.259232424583722,417.18902203395055,1.6778895167503391,1.2003507980137629,True
S2,S2,60,43800,108.15093301850744,25.92372457243283,47.52731112359409,108.15093301850744,19.259232424583722,417.18902203395055,2.628665989453614,1.2508650376596344,True
B3,S2,60,43800,158.6816842604283,38.03592038131696,100.56978774415334,158.6816842604283,0.0,417.18902203395055,2.972223148148148,2.6995111111111108,True
B1,S2,60,44400,173.9318338933611,31.083169863963136,95.51074397076137,173.9318338933611,17.348151834933585,559.5691644532442,3.0532060185185186,-2.9251597222222223,True
B2,S2,60,44400,48.37843222936812,8.645657284678787,20.332833068127428,48.37843222936812,17.348151834933585,559.5691644532442,0.0,0.0,True
B4,S2,60,44400,226.32894717582218,40.44700129196156,128.68787778109493,226.32894717582218,17.348151834933585,559.5691644532442,3.9401763907165597,-3.927813512222404,True
S0,S2,60,44400,71.7145107783822,12.816022635638717,44.10257984168752,71.7145107783822,17.348151834933585,559.5691644532442,2.1054542034838355,0.4784692538421796,True
S1,S2,60,44400,74.28083376468676,13.274647440100933,51.1829336182969,89.38572163757676,17.348151834933585,559.5691644532442,1.9628431628148322,-0.7720804803928825,True
S2,S2,60,44400,63.50070535975382,11.348142355521047,42.195998336216896,69.35997492566683,17.348151834933585,559.5691644532442,1.990294341692363,0.14169036691165643,True
B3,S2,60,44400,169.05264549918016,30.21121538467219,92.49289816820414,169.05264549918016,0.0,559.5691644532442,3.0532060185185186,-2.9251597222222223,True
B1,S2,60,45000,335.2714754163165,43.61066917960471,160.67435732316292,335.2714754163165,14.530266393670175,768.7831480767829,6.322357407407408,-6.322357407407408,True
B2,S2,60,45000,64.85299893750356,8.435798716418573,22.41232357629342,64.85299893750356,14.530266393670175,768.7831480767829,0.0,0.0,True
B4,S2,60,45000,259.82979297537184,33.79754012888705,118.16417641190844,259.82979297537184,14.530266393670175,768.7831480767829,4.85741542935677,-4.85741542935677,True
S0,S2,60,45000,74.65435118759345,9.710716393088429,40.46184284434054,74.65435118759345,14.530266393670175,768.7831480767829,2.541138185508349,-0.92270947703823,True
S1,S2,60,45000,168.0001461448718,21.852735269386084,69.02577894334611,168.0001461448718,14.530266393670175,768.7831480767829,3.022890390816258,-2.9460767626893003,True
S2,S2,60,45000,98.07926576398422,12.757728367140075,38.491883711981934,98.07926576398422,14.530266393670175,768.7831480767829,2.137634787833912,-1.4435513064956618,True
B3,S2,60,45000,330.52366330506595,42.993094233649174,160.52981115515936,330.52366330506595,0.0,768.7831480767829,6.322357407407408,-6.322357407407408,True
B1,S2,60,45600,437.2361717902829,90.80803041860048,250.9317082997037,437.2361717902829,22.10864340549268,481.49505035484447,7.0488944444444455,6.998394444444445,True
B2,S2,60,45600,88.08370872722199,18.293793189007335,34.77088973822007,88.08370872722199,22.10864340549268,481.49505035484447,0.0,0.0,True
B4,S2,60,45600,402.35310600278524,83.56329015350532,221.4416363446066,402.35310600278524,22.10864340549268,481.49505035484447,6.633236658506459,6.392994945892902,True
S0,S2,60,45600,150.62004633942678,31.28174344231062,84.36015729154582,150.62004633942678,22.10864340549268,481.49505035484447,2.4084821787878283,-2.219758601010254,True
S1,S2,60,45600,87.49562434799337,18.171656029176674,35.01994606162593,87.49562434799337,22.10864340549268,481.49505035484447,1.4572210834650259,-0.14185214246914213,True
S2,S2,60,45600,153.80145996956298,31.94247996032708,76.18521544892705,153.80145996956298,22.10864340549268,481.49505035484447,2.6035532276164686,-2.3178660265734266,True
B3,S2,60,45600,420.13281110391944,87.25589407290828,245.26386984584335,420.13281110391944,0.0,481.49505035484447,7.0488944444444455,6.998394444444445,True
B1,S2,60,46200,169.09714336956492,28.267060272814636,81.68155204922256,169.09714336956492,17.206513015267046,598.2126961118458,5.360819444444444,2.335324074074074,True
B2,S2,60,46200,65.32396735371938,10.919856395275499,43.30668081051382,65.32396735371938,17.206513015267046,598.2126961118458,0.0,0.0,True
B4,S2,60,46200,285.2513169697985,47.683928947650756,105.58572756972204,285.2513169697985,17.206513015267046,598.2126961118458,5.235863426867435,4.442014374918855,True
S0,S2,60,46200,158.84570515323801,26.5533824650788,119.02582448116318,158.84570515323801,17.206513015267046,598.2126961118458,2.8428565882552603,-2.5209499565382796,True
S1,S2,60,46200,67.70641569242851,11.318117474352244,51.089207550568645,68.06846711202155,17.206513015267046,598.2126961118458,1.671568387433945,-0.25802098665324563,True
S2,S2,60,46200,144.82045067101475,24.20885608284351,112.38759663128279,148.31124635940674,17.206513015267046,598.2126961118458,2.8307567091135124,-2.252115965309828,True
B3,S2,60,46200,141.89739706360663,23.720224927669634,65.4421453135157,141.89739706360663,0.0,598.2126961118458,5.360819444444444,2.335324074074074,True
B1,S2,60,46800,336.9565854921452,99.50745997286023,242.05048966637997,336.9565854921452,18.906647517645684,338.6244464325058,5.6609027777777765,-5.6609027777777765,True
B2,S2,60,46800,38.94768142222338,11.501733508182015,18.540093065546802,38.94768142222338,18.906647517645684,338.6244464325058,0.0,0.0,True
B4,S2,60,46800,106.2541447952705,31.378167144955068,76.33701563103835,106.67433858756425,18.906647517645684,338.6244464325058,4.366640130872802,0.668589465792092,True
S0,S2,60,46800,101.26260817631417,29.90410445646833,68.79942494201754,101.26260817631417,18.906647517645684,338.6244464325058,1.6332676075253731,-1.5990760352081015,True
S1,S2,60,46800,84.75061482952698,25.027907973684755,50.83036106284817,84.75061482952698,18.906647517645684,338.6244464325058,1.391525308697432,-1.325723530970692,True
S2,S2,60,46800,110.46179840899006,32.62073945715765,71.87921752467243,110.46179840899006,18.906647517645684,338.6244464325058,1.9260691787729272,-1.7753565711498875,True
B3,S2,60,46800,336.9565854921452,99.50745997286023,242.05048966637997,336.9565854921452,0.0,338.6244464325058,5.6609027777777765,-5.6609027777777765,True
B1,S2,60,47400,214.35874478595437,37.45200657623735,116.87935162242222,214.35874478595437,17.70478397324701,572.3558345254625,5.520998148148148,-3.1612175925925925,True
B2,S2,60,47400,112.20536570831196,19.60412717751727,43.844658926317116,112.20536570831196,17.70478397324701,572.3558345254625,0.0,0.0,True
B4,S2,60,47400,130.35362591599065,22.774927423263925,70.93108653716297,130.35362591599065,17.70478397324701,572.3558345254625,4.080271423554473,0.4168396177179175,True
S0,S2,60,47400,173.55955319139085,30.323715199878805,86.56641612262717,173.55955319139085,17.70478397324701,572.3558345254625,2.916195198782178,-2.4017978753899563,True
S1,S2,60,47400,153.30500615159167,26.78491192086757,74.08521147468028,153.30500615159167,17.70478397324701,572.3558345254625,2.552137182567149,-1.9211899794323066,True
S2,S2,60,47400,198.6672154978392,34.71043772316102,102.38905853666562,198.6672154978392,17.70478397324701,572.3558345254625,3.50085232714429,-2.9382726494997833,True
B3,S2,60,47400,187.54897958606713,32.7678986170488,108.00127258838346,187.54897958606713,0.0,572.3558345254625,5.520998148148148,-3.1612175925925925,True
B1,S2,60,48000,482.5585053184484,94.11882617662617,226.65408903831107,482.5585053184484,17.538016014242977,512.7119885801219,9.11646388888889,8.082430555555556,True
B2,S2,60,48000,32.38612041771729,6.316630221073187,16.113531101647823,32.38612041771729,17.538016014242977,512.7119885801219,0.0,0.0,True
B4,S2,60,48000,451.27369352667677,88.01699659421088,208.0257830252501,451.27369352667677,17.538016014242977,512.7119885801219,8.591970314999372,7.565205140492556,True
S0,S2,60,48000,143.01171374662422,27.893187000107698,120.10520817663235,153.77073791604627,17.538016014242977,512.7119885801219,3.7335255266636804,-2.3629588681047773,True
S1,S2,60,48000,39.07407508353241,7.621057426751837,31.300258528500795,54.70818058920419,17.538016014242977,512.7119885801219,2.421163235510431,-0.3932834683661069,True
S2,S2,60,48000,153.50397522352765,29.939611057005635,119.62339552771147,153.50397522352765,17.538016014242977,512.7119885801219,4.104941679207909,-2.548173858751563,True
B3,S2,60,48000,478.21118334402644,93.27091895556407,224.14181766625742,478.21118334402644,0.0,512.7119885801219,9.11646388888889,8.082430555555556,True
B1,S2,60,48600,232.80520776934057,64.83533757886349,156.06287730515493,232.80520776934057,139.18143813552427,359.07148240905553,4.4468967592592605,-3.932804166666667,True
B2,S2,60,48600,80.38421795985222,22.38668953060389,48.62288112416882,80.39549330947527,139.18143813552427,359.07148240905553,0.0,0.0,True
B4,S2,60,48600,144.91964817830717,40.35955381530806,84.36958450725601,144.91964817830717,139.18143813552427,359.07148240905553,2.393757643746316,-1.7385430083652322,True
S0,S2,60,48600,105.62540609940044,29.41626146157483,57.78300122711956,105.62865098232376,139.18143813552427,359.07148240905553,2.2375173244149678,1.1353339677406185,True
S1,S2,60,48600,120.45779685301201,33.54702413147532,65.01806884001387,120.45779685301201,139.18143813552427,359.07148240905553,1.7916521426801277,1.1207897474336936,True
S2,S2,60,48600,114.99796092570675,32.026481232698025,64.12446644198832,114.99796092570675,139.18143813552427,359.07148240905553,1.7076175991863127,0.7200183966467232,True
B3,S2,60,48600,196.93459219748067,54.84551178395506,148.58496003379403,202.03550610758825,0.0,359.07148240905553,4.4468967592592605,-3.932804166666667,True
B1,S2,60,49800,632.0122959887283,74.11381280974068,337.9489557524702,632.0122959887283,33.702244782558836,852.7591174012083,10.496024537037037,-10.496024537037037,True
B2,S2,60,49800,240.5265222913242,28.205681696412828,100.51146838916026,240.5265222913242,33.702244782558836,852.7591174012083,0.0,0.0,True
B4,S2,60,49800,576.6079876199714,67.61674848780156,305.6621824430341,576.6079876199714,33.702244782558836,852.7591174012083,9.38115521142215,-9.38115521142215,True
S0,S2,60,49800,339.23248261042437,39.780575274790216,171.8797912501152,339.23248261042437,33.702244782558836,852.7591174012083,4.648679919119039,-4.4873308968666255,True
S1,S2,60,49800,344.7404962141351,40.42648025443985,176.4274312436494,344.7404962141351,33.702244782558836,852.7591174012083,4.816041250874725,-4.5840469069733825,True
S2,S2,60,49800,363.6129199517744,42.63958162768031,190.53396499349984,363.6129199517744,33.702244782558836,852.7591174012083,5.0827788148770745,-4.973623588163298,True
B3,S2,60,49800,617.3909535418154,72.3992204766242,332.78630738393156,617.3909535418154,0.0,852.7591174012083,10.496024537037037,-10.496024537037037,True
B1,S2,60,50400,485.834610035851,90.70580902760918,348.83696148247645,511.474100168543,20.819225287345372,535.6157618173847,9.535380092592595,9.06612453703704,True
B2,S2,60,50400,93.07130340802178,17.376505704802977,26.228101009934697,93.07130340802178,20.819225287345372,535.6157618173847,0.0,0.0,True
B4,S2,60,50400,346.9471645712226,64.77538364330516,246.54268805261367,376.93064084604526,20.819225287345372,535.6157618173847,7.184348587851731,6.423438045110846,True
S0,S2,60,50400,112.36852240938067,20.9793158491277,28.024273115563357,112.36852240938067,20.819225287345372,535.6157618173847,2.4092919740871217,-1.4686004570372357,True
S1,S2,60,50400,102.12515518584637,19.066868913515165,98.94736899305023,135.29283040663577,20.819225287345372,535.6157618173847,3.501561748359958,1.99182491618987,True
S2,S2,60,50400,109.91856292757393,20.521905956354225,36.38712562994214,109.91856292757393,20.819225287345372,535.6157618173847,3.008105852011897,-1.5753093842153068,True
B3,S2,60,50400,518.2827056579828,96.76390102849297,355.9357921012351,532.100152966662,0.0,535.6157618173847,9.535380092592595,9.06612453703704,True
B1,S2,60,51000,200.53030649312186,18.721763221494346,99.16254965423877,200.53030649312186,12.287868001980472,1071.1080154186236,4.8273166666666665,1.9354398148148169,True
B2,S2,60,51000,130.01485864719444,12.138351760572013,68.94974405557066,130.01485864719444,12.287868001980472,1071.1080154186236,0.0,0.0,True
B4,S2,60,51000,308.983458302328,28.847086741440105,128.62417754984511,308.983458302328,12.287868001980472,1071.1080154186236,4.808371912716232,4.373209290594626,True
S0,S2,60,51000,431.049648580954,40.243340762648096,316.0092298231951,431.46389530565193,12.287868001980472,1071.1080154186236,6.992890932795267,-6.880113883704877,True
S1,S2,60,51000,158.3521148428063,14.783953864906628,120.80114728173203,158.3521148428063,12.287868001980472,1071.1080154186236,4.2344389530501285,-0.5960588508598152,True
S2,S2,60,51000,416.72393018266746,38.90587356120179,301.4338481077779,416.72393018266746,12.287868001980472,1071.1080154186236,6.69044363309078,-6.6474038703034575,True
B3,S2,60,51000,117.82980930236626,11.000740131359635,57.35197884414489,117.82980930236626,0.0,1071.1080154186236,4.8273166666666665,1.9354398148148169,True
B1,S2,60,51600,219.03690490801944,29.210907061671985,109.00518412814435,219.03690490801944,26.92085112158253,749.8462969519376,2.023925462962963,-2.023925462962963,True
B2,S2,60,51600,208.17202851557428,27.761959932558998,97.15496224521004,208.17202851557428,26.92085112158253,749.8462969519376,0.0,0.0,True
B4,S2,60,51600,216.0460455928895,28.812044077712805,103.05893767058924,216.0460455928895,26.92085112158253,749.8462969519376,1.0877854960261317,-0.8298720436989755,True
S0,S2,60,51600,208.2154843277329,27.767755228519686,101.29276620344896,208.2154843277329,26.92085112158253,749.8462969519376,1.9175449126146031,-1.3833674727243945,True
S1,S2,60,51600,212.28301024269803,28.31020318505415,102.54500836856407,212.28301024269803,26.92085112158253,749.8462969519376,1.476056104449088,-0.14842613013629916,True
S2,S2,60,51600,216.0221770788254,28.808860956830415,104.83313661377416,216.0221770788254,26.92085112158253,749.8462969519376,1.7319499025380636,-1.3563122945993045,True
B3,S2,60,51600,113.82573830849303,15.179876032086193,61.63527548223473,113.82573830849303,0.0,749.8462969519376,2.023925462962963,-2.023925462962963,True
B1,S2,60,52200,180.20999389689834,24.549872396837053,94.58340331715492,180.20999389689834,30.41654223212391,734.0567436925504,2.3491564814814816,-0.16506574074074098,True
B2,S2,60,52200,150.38653417210313,20.487044831930657,69.75650411921951,150.38653417210313,30.41654223212391,734.0567436925504,0.0,0.0,True
B4,S2,60,52200,262.5244207340345,35.76350506821163,122.84522026429241,262.5244207340345,30.41654223212391,734.0567436925504,3.59262639866468,3.2636158152030306,True
S0,S2,60,52200,183.93994881755398,25.058001359986786,99.44272426780923,183.93994881755398,30.41654223212391,734.0567436925504,2.279082835398149,-0.9038025941603488,True
S1,S2,60,52200,176.89229758430398,24.097905114865735,94.68969932954809,176.89229758430398,30.41654223212391,734.0567436925504,2.1535838344010028,-0.6112613704337108,True
S2,S2,60,52200,181.34688194024582,24.70474980285727,99.47355614195753,181.34688194024582,30.41654223212391,734.0567436925504,2.4284937982841655,-1.1128735641771028,True
B3,S2,60,52200,18.575532746988166,2.5305309033123295,40.98288280440847,64.21764182682728,0.0,734.0567436925504,2.3491564814814816,-0.16506574074074098,True
B1,S2,60,52800,130.24701339574563,61.81197197447177,150.11726045710174,213.55496155186728,24.198480280426214,210.71486515514732,10.463130092592593,10.463130092592593,True
B2,S2,60,52800,17.67918915699812,8.39010059588397,14.670591914709227,24.77908969356997,24.198480280426214,210.71486515514732,0.0,0.0,True
B4,S2,60,52800,42.15551013314842,20.005949794813823,40.5947971542478,59.899285827635595,24.198480280426214,210.71486515514732,2.233327259878646,1.7125196899476032,True
S0,S2,60,52800,59.884156189732664,28.41952139714516,42.74882829603144,63.21653594364316,24.198480280426214,210.71486515514732,2.595251274764715,2.2547146676285306,True
S1,S2,60,52800,61.265992271421496,29.075306208848595,49.27552607474825,62.86108662407658,24.198480280426214,210.71486515514732,3.614914191606195,2.853441882435706,True
S2,S2,60,52800,59.728429970009586,28.34561763169016,49.46500104981684,65.57217274886725,24.198480280426214,210.71486515514732,3.1645293829195196,2.4115110947993603,True
B3,S2,60,52800,48.309001781201275,22.92624288544229,50.9850631922714,94.94504521023775,0.0,210.71486515514732,10.463130092592593,10.463130092592593,True
B1,S2,60,53400,849.1802844014311,82.38862471703538,412.20517016276284,849.1802844014311,22.387166942571408,1030.7008853685202,14.959691666666664,-14.959691666666664,True
B2,S2,60,53400,248.09576589996317,24.07058822029227,103.38599560909911,248.09576589996317,22.387166942571408,1030.7008853685202,0.0,0.0,True
B4,S2,60,53400,667.7100300441591,64.78213413054591,323.5432221562764,667.7100300441591,22.387166942571408,1030.7008853685202,11.15832289829156,-10.7956785041403,True
S0,S2,60,53400,451.701713747288,43.82471385825822,207.88318297742876,451.701713747288,22.387166942571408,1030.7008853685202,7.060984276815421,-6.516218243557817,True
S1,S2,60,53400,540.8385261686291,52.47288848260336,250.6349753385864,540.8385261686291,22.387166942571408,1030.7008853685202,8.843475775107466,-8.445915193190492,True
S2,S2,60,53400,463.4049644411348,44.960179138242175,216.48461824637928,463.4049644411348,22.387166942571408,1030.7008853685202,7.2422748913517765,-6.849381433242332,True
B3,S2,60,53400,844.0558792303211,81.89144796635492,410.1851258419301,844.0558792303211,0.0,1030.7008853685202,14.959691666666664,-14.959691666666664,True
B1,S2,60,54000,473.8669916346769,35.52755762331506,256.1770679589143,473.8669916346769,25.924731987059296,1333.8012048531598,4.502369907407407,3.4713606481481483,True
B2,S2,60,54000,426.6912487415333,31.990618031306123,184.80289192919702,426.6912487415333,25.924731987059296,1333.8012048531598,0.0,0.0,True
B4,S2,60,54000,449.31036172525233,33.686456429218595,228.39152920140688,449.31036172525233,25.924731987059296,1333.8012048531598,3.708903000258086,2.333726071722179,True
S0,S2,60,54000,708.1815364000296,53.094984006855384,359.57831745984436,708.1815364000296,25.924731987059296,1333.8012048531598,10.887465465318078,-10.513144594109113,True
S1,S2,60,54000,411.46073879984925,30.84873047817854,188.74887027274858,411.46073879984925,25.924731987059296,1333.8012048531598,3.3045757756776983,-0.40774863341589757,True
S2,S2,60,54000,684.1079725765197,51.290100060438476,338.82152384277686,684.1079725765197,25.924731987059296,1333.8012048531598,10.532755222302388,-10.100606569663936,True
B3,S2,60,54000,209.3388498751745,15.694906340875658,166.68088480697793,239.32209553629863,0.0,1333.8012048531598,4.502369907407407,3.4713606481481483,True
B1,S2,60,54600,554.3160541258687,34.73230722380764,254.53908435884875,554.3160541258687,38.94982073502902,1595.9666904763146,1.8574638888888884,1.4704916666666663,True
B2,S2,60,54600,522.3040327446996,32.726499610641525,242.70834179783853,522.3040327446996,38.94982073502902,1595.9666904763146,0.0,0.0,True
B4,S2,60,54600,529.7340263495604,33.19204777334431,246.39431319113712,529.7340263495604,38.94982073502902,1595.9666904763146,2.7836153736664397,-1.387766086643264,True
S0,S2,60,54600,977.3924807786855,61.24140852131342,560.3101380220103,977.3924807786855,38.94982073502902,1595.9666904763146,15.49805594707411,-15.49805594707411,True
S1,S2,60,54600,524.0746276166489,32.8374414543852,245.93699842546386,524.0746276166489,38.94982073502902,1595.9666904763146,2.7795608734740638,-2.172491203856786,True
S2,S2,60,54600,944.5663905256873,59.184593022037475,530.5380652071748,944.5663905256873,38.94982073502902,1595.9666904763146,14.765642192600444,-14.752861820546128,True
B3,S2,60,54600,86.56869232651209,5.42421673604452,44.01277488833264,86.56869232651209,0.0,1595.9666904763146,1.8574638888888884,1.4704916666666663,True
B1,S2,60,55200,685.945897769812,129.2505258680688,455.1599112958219,685.945897769812,26.06203578258778,530.7103341846241,16.428979166666668,16.428979166666668,True
B2,S2,60,55200,59.63160103423208,11.236186143962927,23.782547134452972,59.63160103423208,26.06203578258778,530.7103341846241,0.0,0.0,True
B4,S2,60,55200,124.02146503842667,23.368956104646333,63.19030988890485,124.02146503842667,26.06203578258778,530.7103341846241,2.7013107055923924,1.0682968208709978,True
S0,S2,60,55200,104.04327193362398,19.604530990238697,44.26727620042898,104.04327193362398,26.06203578258778,530.7103341846241,2.5603309963413654,1.36384163891421,True
S1,S2,60,55200,571.7332000774275,107.729803482314,350.15990525001877,571.7332000774275,26.06203578258778,530.7103341846241,13.840129134368611,13.840129134368611,True
S2,S2,60,55200,88.78180386772864,16.728862837037415,76.11577834074572,97.61551685444734,26.06203578258778,530.7103341846241,3.006268116021532,1.7287961294534542,True
B3,S2,60,55200,759.7489876655923,143.15699897437648,468.65475253760223,759.7489876655923,0.0,530.7103341846241,16.428979166666668,16.428979166666668,True
B1,S2,60,55800,135.87673717893375,32.677196296447335,70.1232082050409,135.87673717893375,27.27495241544705,415.8151634132279,2.937406018518519,2.816289351851852,True
B2,S2,60,55800,81.65524895329435,19.637390874114704,40.20371099931669,81.65524895329435,27.27495241544705,415.8151634132279,0.0,0.0,True
B4,S2,60,55800,61.149254775203325,14.70587418536119,31.792890678591103,61.149254775203325,27.27495241544705,415.8151634132279,1.7697716738834428,0.6747012371294877,True
S0,S2,60,55800,165.06950343579055,39.69780757411873,76.5779863810679,165.06950343579055,27.27495241544705,415.8151634132279,3.706863326184019,3.6123667583411256,True
S1,S2,60,55800,146.8656837697861,35.31994421854074,62.24950453120663,146.8656837697861,27.27495241544705,415.8151634132279,2.7992626078315856,2.6500614895041226,True
S2,S2,60,55800,140.9951869889338,33.90813981663673,70.1064046199717,140.9951869889338,27.27495241544705,415.8151634132279,3.2988606691694287,3.125379455934221,True
B3,S2,60,55800,126.91804045889748,30.522706150754093,74.84255620804494,126.91804045889748,0.0,415.8151634132279,2.937406018518519,2.816289351851852,True
B1,S2,60,56400,206.3707515547138,64.99244418703415,119.35221646516342,206.3707515547138,27.867582290685245,317.53037470144,3.739356018518518,-0.9585467592592593,True
B2,S2,60,56400,71.71112758135412,22.584021339306823,35.68824138544667,71.71112758135412,27.867582290685245,317.53037470144,0.0,0.0,True
B4,S2,60,56400,241.78131818594952,76.14431167830352,115.59973826184742,241.78131818594952,27.867582290685245,317.53037470144,3.9017153375066,-3.344993133334716,True
S0,S2,60,56400,16.52875697362513,5.20540971526469,100.28804060853885,148.72359848349475,27.867582290685245,317.53037470144,3.7515771781794927,3.6331060879919628,True
S1,S2,60,56400,61.04218387447457,19.22404555213651,88.99884637959563,124.74828924375721,27.867582290685245,317.53037470144,2.240153514957559,2.1105260636855316,True
S2,S2,60,56400,26.67065755354189,8.399403546391161,81.20217658765627,122.19248945255646,27.867582290685245,317.53037470144,3.0614886329298505,2.6777314291208767,True
B3,S2,60,56400,112.05308017011873,35.28893268100016,57.530165932012096,112.05308017011873,0.0,317.53037470144,3.739356018518518,-0.9585467592592593,True
B1,S2,60,57000,199.27874726858894,48.82239428016347,96.20783383351024,199.27874726858894,36.08322650782347,408.1707794276609,2.3906560185185186,2.180921759259259,True
B2,S2,60,57000,115.26105079543106,28.23843758660301,59.83332364358586,115.26105079543106,36.08322650782347,408.1707794276609,0.0,0.0,True
B4,S2,60,57000,143.52357362042167,35.16262820716151,84.72155754864306,143.52357362042167,36.08322650782347,408.1707794276609,2.3041375853855923,-1.0167867861352737,True
S0,S2,60,57000,208.17378197052204,51.00163766314295,106.78919158658577,208.17378197052204,36.08322650782347,408.1707794276609,2.9003094762213326,2.7774536379920742,True
S1,S2,60,57000,183.70172157841782,45.006093242638606,90.79883866764082,183.70172157841782,36.08322650782347,408.1707794276609,2.4490833996114443,2.1475222726912206,True
S2,S2,60,57000,211.63177085571553,51.848829343557284,109.2501501779895,211.63177085571553,36.08322650782347,408.1707794276609,2.856876275467856,2.7410150799206736,True
B3,S2,60,57000,121.82849264751822,29.84743121943877,54.634427830605695,121.82849264751822,0.0,408.1707794276609,2.3906560185185186,2.180921759259259,True
B1,S2,60,57600,78.35187434614703,20.657479565148375,48.05108199016246,85.27292817548178,36.40184015938237,379.29058140440304,2.6648564814814812,-1.7841203703703707,True
B2,S2,60,57600,82.92832081793203,21.86406013850186,41.933774985597985,86.29968216394975,36.40184015938237,379.29058140440304,0.0,0.0,True
B4,S2,60,57600,141.3657887396916,37.27110444352588,86.409900668349,147.40600415747352,36.40184015938237,379.29058140440304,2.518801910945531,1.435587366298399,True
S0,S2,60,57600,164.4071368272371,43.34595818817466,117.2982814882938,177.60636334626795,36.40184015938237,379.29058140440304,3.032729615150059,1.5186573398129455,True
S1,S2,60,57600,144.4688893202072,38.08923722420968,92.11011827512527,150.33079174954938,36.40184015938237,379.29058140440304,2.340629186364438,0.5612344034626646,True
S2,S2,60,57600,165.4374432173921,43.617598571740224,115.30405376102227,175.9454016571456,36.40184015938237,379.29058140440304,3.1389475536774314,1.5244701164821604,True
B3,S2,60,57600,39.292129501895936,10.359373901774353,33.819178221302465,49.65120282617597,0.0,379.29058140440304,2.6648564814814812,-1.7841203703703707,True
B1,S2,60,58200,111.61243790160029,28.158329184365957,48.355065690675374,111.61243790160029,27.493336248343947,396.3745049318112,3.078544907407408,-2.0141847222222227,True
B2,S2,60,58200,75.86462988382648,19.139634093488826,28.114689196809888,75.86462988382648,27.493336248343947,396.3745049318112,0.0,0.0,True
B4,S2,60,58200,29.623015143911672,7.473491552895854,40.64402105894019,83.61177078408812,27.493336248343947,396.3745049318112,2.5955054489248535,0.9077856338893514,True
S0,S2,60,58200,95.69235317320668,24.141904179651707,89.58635815460595,135.75208689905446,27.493336248343947,396.3745049318112,3.2120051477013307,2.0069272338107567,True
S1,S2,60,58200,65.86546447013679,16.616978047432113,60.8397279842894,90.34880686518267,27.493336248343947,396.3745049318112,2.257353936123808,0.9237616184072049,True
S2,S2,60,58200,63.7030882632976,16.071439376318242,69.43401379130668,110.79966404968158,27.493336248343947,396.3745049318112,2.8517933383346006,1.1362233234631915,True
B3,S2,60,58200,131.25176471611442,33.11306935310934,59.16755734097766,131.25176471611442,0.0,396.3745049318112,3.078544907407408,-2.0141847222222227,True
B1,S2,60,58800,202.41713885688998,75.57178571951437,142.4040808571598,240.8905420828678,36.273692239496086,267.84750013472456,5.513163888888889,5.248121296296296,True
B2,S2,60,58800,18.917411736717014,7.0627546373222625,28.572937487712686,53.35085945003885,36.273692239496086,267.84750013472456,0.0,0.0,True
B4,S2,60,58800,253.42703263269385,94.6161649838892,188.4107661532148,306.1326586647372,36.273692239496086,267.84750013472456,7.936855295065256,7.91325139813529,True
S0,S2,60,58800,77.51910993527562,28.941509588958006,71.05291471149957,114.64197268833354,36.273692239496086,267.84750013472456,2.480593100621356,2.083033767817993,True
S1,S2,60,58800,72.20450120137794,26.95731756505467,63.94567727026989,109.437270424582,36.273692239496086,267.84750013472456,2.16419419650872,1.6406096126031677,True
S2,S2,60,58800,67.48197505770194,25.19417766593274,60.9997310302547,98.42464012210164,36.273692239496086,267.84750013472456,1.7109870139837293,0.9902128046477632,True
B3,S2,60,58800,66.36085332918036,24.77561048574339,56.0115185634484,98.29965542436048,0.0,267.84750013472456,5.513163888888889,5.248121296296296,True
B1,S2,60,59400,211.79741961482696,56.203295970121815,103.72027992708047,211.79741961482696,30.02776855948419,376.8416352795758,6.244221759259259,-0.9317921296296295,True
B2,S2,60,59400,130.57258256915338,34.64919221897618,40.810416462923286,130.57258256915338,30.02776855948419,376.8416352795758,0.0,0.0,True
B4,S2,60,59400,280.04594932080005,74.31396191480705,92.18005027875584,280.04594932080005,30.02776855948419,376.8416352795758,5.781169738645796,-4.448884047073708,True
S0,S2,60,59400,222.1796018669576,58.958347769116415,97.3021944931099,222.1796018669576,30.02776855948419,376.8416352795758,3.9444387535606764,-0.7820532654917197,True
S1,S2,60,59400,194.5019328800782,51.61370577743586,77.32412655155574,194.5019328800782,30.02776855948419,376.8416352795758,3.5365165003519285,-1.1375005606102369,True
S2,S2,60,59400,209.49296104218487,55.591776871142095,83.1859478516966,209.49296104218487,30.02776855948419,376.8416352795758,3.8913498901201624,-1.577654097369698,True
B3,S2,60,59400,223.59747823804443,59.3346003480107,76.72621082755329,223.59747823804443,0.0,376.8416352795758,6.244221759259259,-0.9317921296296295,True
B1,S2,60,60000,366.4706755978056,36.15642139184445,186.46052804025268,366.4706755978056,40.4223414297768,1013.5700976216298,3.2125277777777765,2.965123148148147,True
B2,S2,60,60000,332.93362194920354,32.84761682792749,162.6085949800741,332.93362194920354,40.4223414297768,1013.5700976216298,0.0,0.0,True
B4,S2,60,60000,343.76080311309283,33.91583906428742,174.02963586677458,343.76080311309283,40.4223414297768,1013.5700976216298,3.694919252461347,-3.6535642746434616,True
S0,S2,60,60000,419.0062448714508,41.33964151612805,220.06206336592265,419.0062448714508,40.4223414297768,1013.5700976216298,4.763043423334525,-4.740712981416947,True
S1,S2,60,60000,349.8518473322071,34.51678854310561,174.82124751878865,349.8518473322071,40.4223414297768,1013.5700976216298,1.7704590742918538,1.193697208957181,True
S2,S2,60,60000,415.21324500584603,40.96541975539288,216.19613694480785,415.21324500584603,40.4223414297768,1013.5700976216298,4.6826967616576605,-4.6034976346571135,True
B3,S2,60,60000,156.48061988739386,15.438559232812803,87.99051516916094,157.1571437022719,0.0,1013.5700976216298,3.2125277777777765,2.965123148148147,True
B1,S2,60,60600,398.0866398485921,28.031937126310634,220.79688622937917,398.0866398485921,28.87471364489977,1420.1181960948036,4.845935648148148,-4.409960648148148,True
B2,S2,60,60600,296.18727980664653,20.856523113437653,137.4200582614333,296.18727980664653,28.87471364489977,1420.1181960948036,0.0,0.0,True
B4,S2,60,60600,350.31343536093203,24.66790696184742,182.6139069489643,350.31343536093203,28.87471364489977,1420.1181960948036,3.584308105261855,-2.97224102429596,True
S0,S2,60,60600,715.1207018911726,50.3564213075848,423.4072587645301,715.1207018911726,28.87471364489977,1420.1181960948036,11.175293789112299,-11.175293789112299,True
S1,S2,60,60600,410.39135697200425,28.89839438016802,225.52469540171165,410.39135697200425,28.87471364489977,1420.1181960948036,5.0659180451603225,-4.848443510495755,True
S2,S2,60,60600,700.938069446201,49.35772750280344,410.9129046451322,700.938069446201,28.87471364489977,1420.1181960948036,10.935600945998504,-10.935600945998504,True
B3,S2,60,60600,262.20451860401243,18.463570097549002,178.6990074325455,275.3424828370477,0.0,1420.1181960948036,4.845935648148148,-4.409960648148148,True
B1,S2,60,61200,292.28126806459534,49.37999981925787,197.04057256146282,292.28126806459534,38.74699388498869,591.9021246140378,11.445339351851851,11.445339351851851,True
B2,S2,60,61200,104.82308427367123,17.709529990625278,40.075005416551384,104.82308427367123,38.74699388498869,591.9021246140378,0.0,0.0,True
B4,S2,60,61200,159.2014401574257,26.89658197480476,82.98009209989318,159.2014401574257,38.74699388498869,591.9021246140378,4.481139596733021,4.47944013755054,True
S0,S2,60,61200,206.41804929402815,34.87367939904379,109.32408706983254,206.41804929402815,38.74699388498869,591.9021246140378,2.517826417918687,-0.5569346356052591,True
S1,S2,60,61200,278.4086812887904,47.036269969521165,130.98826902276983,278.4086812887904,38.74699388498869,591.9021246140378,7.40280384411704,7.40280384411704,True
S2,S2,60,61200,157.6106708349583,26.62782650725095,70.72535277577605,157.6106708349583,38.74699388498869,591.9021246140378,2.0964611544893255,-0.26393533494739446,True
B3,S2,60,61200,397.2486654286633,67.11391105205064,234.50653377793645,397.2486654286633,0.0,591.9021246140378,11.445339351851851,11.445339351851851,True
B1,S2,60,61800,70.11079819147187,25.64080933680654,89.12422820557657,145.1574453953607,36.23809965938873,273.434419602466,4.416444907407408,4.416444907407408,True
B2,S2,60,61800,34.8640088134889,12.750409719513774,15.712992383491256,34.8640088134889,36.23809965938873,273.434419602466,0.0,0.0,True
B4,S2,60,61800,65.80470993603426,24.06599360523257,77.26576539850402,126.84843693359436,36.23809965938873,273.434419602466,3.671518601996845,3.671518601996845,True
S0,S2,60,61800,116.19699129758587,42.49537840426946,171.16250306093994,282.36967206724086,36.23809965938873,273.434419602466,9.13131858024609,9.13131858024609,True
S1,S2,60,61800,94.47320774488416,34.55059091764472,125.51512484704625,202.23109455501518,36.23809965938873,273.434419602466,6.115889620986963,6.115889620986963,True
S2,S2,60,61800,84.35119388888916,30.848784147776115,154.71243477505604,275.9012214244008,36.23809965938873,273.434419602466,9.616811520191186,9.616811520191186,True
B3,S2,60,61800,44.129949958382866,16.13913494231685,87.60674077189937,142.82576750817466,0.0,273.434419602466,4.416444907407408,4.416444907407408,True
B1,S2,60,62400,39.218059822792014,11.59540928697241,26.58487423405904,49.303595969513324,26.594342444546932,338.220573782195,2.263787037037037,0.9438083333333335,True
B2,S2,60,62400,52.209939503659825,15.436653932614291,31.907087039943764,52.209939503659825,26.594342444546932,338.220573782195,0.0,0.0,True
B4,S2,60,62400,143.9561868740251,42.562811973327506,114.43207916562983,166.57613852044926,26.594342444546932,338.220573782195,3.4014523261664626,-2.5747415053744147,True
S0,S2,60,62400,161.95533878789013,47.88453197178508,115.6447092833103,162.3122843231099,26.594342444546932,338.220573782195,2.6363335765623974,2.494890213681793,True
S1,S2,60,62400,84.18000529057785,24.889084761823955,55.04006892584074,84.46999191356157,26.594342444546932,338.220573782195,1.3337992792087585,1.144698081359914,True
S2,S2,60,62400,160.79671567616208,47.541967621316516,111.94453900254327,161.17000751505316,26.594342444546932,338.220573782195,2.5807875964848805,2.570701771880185,True
B3,S2,60,62400,75.58460365299459,22.34772497951856,24.160937301260212,75.58460365299459,0.0,338.220573782195,2.263787037037037,0.9438083333333335,True
B1,S2,60,64200,11.642025676250643,2.6314938034920528,36.28541901833227,58.973885819951725,15.533858832910862,442.41128977014534,2.2889444444444442,-1.5938537037037037,True
B2,S2,60,64200,33.45941968500743,7.562966962798636,23.024129330388963,33.45941968500743,15.533858832910862,442.41128977014534,0.0,0.0,True
B4,S2,60,64200,83.08436604770968,18.779892821197247,104.48658123253253,144.84657342126616,15.533858832910862,442.41128977014534,4.898895269379386,-4.898895269379386,True
S0,S2,60,64200,71.01695905124639,16.052248370095445,30.619949514442215,71.01695905124639,15.533858832910862,442.41128977014534,2.104335550267145,1.264035553767085,True
S1,S2,60,64200,90.39342415787699,20.431988569921188,39.17070355721783,90.39342415787699,15.533858832910862,442.41128977014534,2.515472115588946,2.110840846722833,True
S2,S2,60,64200,70.03661497842297,15.8306572634732,34.44133751190001,70.03661497842297,15.533858832910862,442.41128977014534,1.9947316421968306,0.848520266060567,True
B3,S2,60,64200,30.285505027176654,6.845554290197133,39.723399516255014,57.23877958445587,0.0,442.41128977014534,2.2889444444444442,-1.5938537037037037,True
B1,S2,60,64800,129.4142961092683,26.491712333315633,59.46161646178375,129.4142961092683,44.814180910923646,488.50861160272586,2.0405523148148146,-0.33389212962962955,True
B2,S2,60,64800,136.44159067285676,27.930232432384702,50.629793880213725,136.44159067285676,44.814180910923646,488.50861160272586,0.0,0.0,True
B4,S2,60,64800,108.59655678255082,22.23022362415706,47.000529575575264,108.59655678255082,44.814180910923646,488.50861160272586,2.1753543524648378,-0.5988448813110994,True
S0,S2,60,64800,135.70058396101254,27.778544889065234,60.82518030547786,135.70058396101254,44.814180910923646,488.50861160272586,2.208178920842788,1.0458002473013108,True
S1,S2,60,64800,128.1068444602521,26.224070859253047,51.00861860961851,128.1068444602521,44.814180910923646,488.50861160272586,1.5041406617038389,-0.06743703958831546,True
S2,S2,60,64800,135.47872392051255,27.733129100022722,63.22211988199905,135.47872392051255,44.814180910923646,488.50861160272586,2.144358551364199,0.6821430221852626,True
B3,S2,60,64800,53.79426356500956,11.01193761733665,22.157812540505752,53.79426356500956,0.0,488.50861160272586,2.0405523148148146,-0.33389212962962955,True
B1,S2,60,65400,197.6037427633978,35.98017355303144,84.93816070279345,197.6037427633978,30.16857726417895,549.2017498808009,2.9579444444444447,2.6208046296296303,True
B2,S2,60,65400,99.14225501969271,18.05206466316078,42.190529907768415,99.14225501969271,30.16857726417895,549.2017498808009,0.0,0.0,True
B4,S2,60,65400,223.6942288027724,40.73079316504784,100.06381615967808,223.6942288027724,30.16857726417895,549.2017498808009,3.73142495602804,3.7202365334336793,True
S0,S2,60,65400,138.08852938152398,25.14349770580571,55.09223408905692,138.08852938152398,30.16857726417895,549.2017498808009,2.4855671189483446,2.372538439514449,True
S1,S2,60,65400,133.99786453758256,24.39865943010297,58.95935379347088,133.99786453758256,30.16857726417895,549.2017498808009,1.406359816096171,0.47184679018424447,True
S2,S2,60,65400,110.37929844035506,20.098133056624793,45.522909228829725,110.37929844035506,30.16857726417895,549.2017498808009,2.576290620047888,2.335439275038594,True
B3,S2,60,65400,152.3346801943667,27.737471744660233,65.36988504113761,152.3346801943667,0.0,549.2017498808009,2.9579444444444447,2.6208046296296303,True
B1,S2,60,66000,78.5211039475754,20.878178905217123,39.73546327507984,78.5211039475754,24.412360471687716,376.09172861314175,2.5086773148148147,1.0393402777777778,True
B2,S2,60,66000,66.93495953511199,17.797509076293224,29.26483871242582,66.93495953511199,24.412360471687716,376.09172861314175,0.0,0.0,True
B4,S2,60,66000,78.52440655440715,20.879057043868016,34.561233548816716,78.52440655440715,24.412360471687716,376.09172861314175,2.541922539912749,-1.6505199947784155,True
S0,S2,60,66000,64.92712143959183,17.26363982505386,30.18783529609939,64.92712143959183,24.412360471687716,376.09172861314175,2.1245912913869645,1.5893903085195946,True
S1,S2,60,66000,52.92514743030431,14.07240399183162,26.427735835261203,52.92514743030431,24.412360471687716,376.09172861314175,1.7538504661513397,0.5726028612555021,True
S2,S2,60,66000,32.67687700430123,8.688539129748733,28.196164156547525,45.80641671670459,24.412360471687716,376.09172861314175,2.4262504732099885,0.5996349032551183,True
B3,S2,60,66000,14.086012221222541,3.7453661300038315,21.71672895009677,33.405929051567476,0.0,376.09172861314175,2.5086773148148147,1.0393402777777778,True
B1,S2,60,66600,77.45011515170815,14.9787773844394,42.10886057320281,77.45011515170815,20.293546117053115,517.0656667357022,2.010762037037037,-0.38784722222222234,True
B2,S2,60,66600,81.25159239711945,15.713979408083802,39.19624876670248,81.25159239711945,20.293546117053115,517.0656667357022,0.0,0.0,True
B4,S2,60,66600,131.81436810284399,25.492771340824845,75.9905699379833,131.81436810284399,20.293546117053115,517.0656667357022,2.4270097044604535,2.075793044393748,True
S0,S2,60,66600,98.33119598456082,19.01715822776196,46.920631282503535,98.33119598456082,20.293546117053115,517.0656667357022,2.0128704571372262,1.4388586157972616,True
S1,S2,60,66600,66.43492163181189,12.848449608194555,35.016634954756796,66.43492163181189,20.293546117053115,517.0656667357022,2.034934728927876,0.6802519118092033,True
S2,S2,60,66600,90.35113956894497,17.473823032834996,46.443344650704596,90.35113956894497,20.293546117053115,517.0656667357022,2.3821871515734885,1.2104529002291973,True
B3,S2,60,66600,26.971729740414958,5.216306453045072,19.196510691304443,28.28045374901263,0.0,517.0656667357022,2.010762037037037,-0.38784722222222234,True
B1,S2,60,67200,172.90938679955178,37.57049878198635,76.64807713152162,172.90938679955178,39.13553055984072,460.2264872843673,1.8487319444444446,1.7863856481481488,True
B2,S2,60,67200,114.85815228478997,24.956875681477403,53.92291742537774,114.85815228478997,39.13553055984072,460.2264872843673,0.0,0.0,True
B4,S2,60,67200,154.40511103456882,33.54980977858498,68.7177349944185,154.40511103456882,39.13553055984072,460.2264872843673,1.4320026627124856,1.0252115303384541,True
S0,S2,60,67200,211.38621448994016,45.93091017799844,126.34613846956682,211.38621448994016,39.13553055984072,460.2264872843673,3.4832138224768734,3.361122819423262,True
S1,S2,60,67200,190.99747259806526,41.50075623093172,103.2473513591859,190.99747259806526,39.13553055984072,460.2264872843673,2.8050832661779865,2.7140487739367707,True
S2,S2,60,67200,224.6922868486114,48.82211108153305,126.79979213124402,224.70023833316282,39.13553055984072,460.2264872843673,3.624044970032497,3.5434377329154008,True
B3,S2,60,67200,92.72963718001157,20.14869629237903,40.04567088544982,92.72963718001157,0.0,460.2264872843673,1.8487319444444446,1.7863856481481488,True
B1,S2,60,67800,179.85521404233396,35.371468513007684,106.75412099645308,179.85521404233396,30.574416195334827,508.47539444451706,2.216211111111111,-1.6669546296296291,True
B2,S2,60,67800,143.92194712677957,28.304604057391376,83.93430365771215,143.92194712677957,30.574416195334827,508.47539444451706,0.0,0.0,True
B4,S2,60,67800,161.0183348421601,31.666888231251438,91.75971167184326,161.0183348421601,30.574416195334827,508.47539444451706,1.433646529483948,-0.9261987848720336,True
S0,S2,60,67800,204.70349818287735,40.25828986405631,116.82312246959356,204.70349818287735,30.574416195334827,508.47539444451706,3.057974177442284,2.808406164921116,True
S1,S2,60,67800,177.9131026260519,34.98952054905483,96.04800733871008,177.9131026260519,30.574416195334827,508.47539444451706,1.485550629261895,1.0265105535886991,True
S2,S2,60,67800,226.97986750283627,44.63930211427438,124.368046161615,226.97986750283627,30.574416195334827,508.47539444451706,2.7546983247316112,2.585023817468797,True
B3,S2,60,67800,91.89991892132122,18.073621639394588,67.02351522242952,91.89991892132122,0.0,508.47539444451706,2.216211111111111,-1.6669546296296291,True
B1,S2,60,68400,313.52298176484646,80.90180161200756,191.79952190834265,313.52298176484646,22.751093785952918,387.53522853354224,5.722364351851852,1.6152652777777774,True
B2,S2,60,68400,115.99221185376176,29.930752951849982,41.119406297888816,115.99221185376176,22.751093785952918,387.53522853354224,0.0,0.0,True
B4,S2,60,68400,346.2469163085355,89.34592027123719,218.86455234735774,346.2469163085355,22.751093785952918,387.53522853354224,6.007057268704514,2.50179735083455,True
S0,S2,60,68400,180.82393056938565,46.65999817710375,94.88118533066705,180.82393056938565,22.751093785952918,387.53522853354224,2.4607670096051697,0.03813806073405923,True
S1,S2,60,68400,157.14446067561494,40.54972273624246,69.3137993580145,157.14446067561494,22.751093785952918,387.53522853354224,2.081706421226431,-0.6887492597118292,True
S2,S2,60,68400,176.95174164101113,45.66081445307765,86.82881641046708,176.95174164101113,22.751093785952918,387.53522853354224,2.7191149420280993,-0.5601016332866936,True
B3,S2,60,68400,224.90342228982456,58.03431681317678,166.48680856599972,224.90342228982456,0.0,387.53522853354224,5.722364351851852,1.6152652777777774,True
B1,S2,60,69000,191.9791090205894,21.355859046457798,91.69984543791377,191.9791090205894,23.735852372470728,898.9528756626257,1.1402115740740746,-1.06951712962963,True
B2,S2,60,69000,179.0186185709444,19.914127138086993,80.73271617551534,179.0186185709444,23.735852372470728,898.9528756626257,0.0,0.0,True
B4,S2,60,69000,185.3746138278456,20.62117145920518,83.1122648791211,185.3746138278456,23.735852372470728,898.9528756626257,0.5542414167044165,0.028001396596943662,True
S0,S2,60,69000,259.4455620227872,28.860863460895843,139.2979031659124,259.4455620227872,23.735852372470728,898.9528756626257,3.269417571867589,-3.269417571867589,True
S1,S2,60,69000,230.2337491511556,25.611325730667293,119.7684039620546,230.2337491511556,23.735852372470728,898.9528756626257,2.5083601226943726,-2.5083601226943726,True
S2,S2,60,69000,259.3551162106048,28.8508022202423,138.1374570504972,259.3551162106048,23.735852372470728,898.9528756626257,3.2551452605651843,-3.2551452605651843,True
B3,S2,60,69000,62.74346684863876,6.979616901763625,44.00724690319013,63.72649411121743,0.0,898.9528756626257,1.1402115740740746,-1.06951712962963,True
B1,S2,60,69600,214.55493710558235,24.46089226855408,119.27578715013105,214.55493710558235,26.560032977269906,877.1345490998518,2.0492254629629625,-1.297336574074074,True
B2,S2,60,69600,209.54977680080242,23.89026598209479,107.25336396688395,209.54977680080242,26.560032977269906,877.1345490998518,0.0,0.0,True
B4,S2,60,69600,231.35683698612354,26.376436457046474,112.58175592594162,231.35683698612354,26.560032977269906,877.1345490998518,1.5174672171136665,0.989308958491932,True
S0,S2,60,69600,240.7129363039711,27.443102834223062,128.97738057747847,240.7129363039711,26.560032977269906,877.1345490998518,3.848216493401995,-2.1712971785709407,True
S1,S2,60,69600,207.70996098776135,23.680513006917927,108.16845497510587,207.70996098776135,26.560032977269906,877.1345490998518,1.6737817193443578,-0.8102404966783484,True
S2,S2,60,69600,241.95332946347418,27.58451707457832,129.7928062010863,241.95332946347418,26.560032977269906,877.1345490998518,3.574682636765298,-2.029839452186399,True
B3,S2,60,69600,75.10115754313398,8.562102316025014,62.947197994846874,97.45809441713418,0.0,877.1345490998518,2.0492254629629625,-1.297336574074074,True
B1,S2,60,70200,155.92772505880222,23.085902413055344,78.70193795466673,155.92772505880222,30.229455100841953,675.4239980267062,1.5479027777777776,-0.6869768518518516,True
B2,S2,60,70200,128.68320837175176,19.052211462386275,60.945221883556485,128.68320837175176,30.229455100841953,675.4239980267062,0.0,0.0,True
B4,S2,60,70200,196.05979825408153,29.027662450088037,93.05173844807113,196.05979825408153,30.229455100841953,675.4239980267062,2.621195311987222,2.3817540451160317,True
S0,S2,60,70200,124.48514690049599,18.430666849887952,62.08632344642523,124.48514690049599,30.229455100841953,675.4239980267062,1.4917943171013788,-0.2750439007805889,True
S1,S2,60,70200,147.7591913613105,21.876508947416486,71.31039150511664,147.7591913613105,30.229455100841953,675.4239980267062,1.6297674467461365,1.1724682407906082,True
S2,S2,60,70200,123.83785007830647,18.33483122306974,63.21112825161759,123.83785007830647,30.229455100841953,675.4239980267062,1.391152842340944,-0.19608187785104692,True
B3,S2,60,70200,42.637009379534916,6.31262873455809,38.51685361688853,55.8248147082306,0.0,675.4239980267062,1.5479027777777776,-0.6869768518518516,True
B1,S2,60,70800,163.20195455268976,28.426556520786303,89.57912913828291,163.20195455268976,19.495530597999554,574.1179183393242,3.7487870370370366,1.5824166666666668,True
B2,S2,60,70800,113.3522101422137,19.743715797983246,50.16679710929603,113.3522101422137,19.495530597999554,574.1179183393242,0.0,0.0,True
B4,S2,60,70800,162.58082964487681,28.318368831816485,89.28384402465011,162.58082964487681,19.495530597999554,574.1179183393242,4.249153367919698,1.2523361939235176,True
S0,S2,60,70800,107.40762945196818,18.708287273571283,45.787179771502885,107.40762945196818,19.495530597999554,574.1179183393242,2.615999020306831,-0.4634434673863347,True
S1,S2,60,70800,108.63505179557457,18.922079998793446,50.15990367606076,108.63505179557457,19.495530597999554,574.1179183393242,2.918289955635547,-1.2664230557548295,True
S2,S2,60,70800,125.84152524067042,21.91910776877958,55.913031205628755,125.84152524067042,19.495530597999554,574.1179183393242,2.6916945654015887,-0.4746616986630619,True
B3,S2,60,70800,82.92877121663956,14.444553734974301,64.56411281184127,101.40284756782083,0.0,574.1179183393242,3.7487870370370366,1.5824166666666668,True
B1,S2,60,71400,207.71917526734958,34.46882649215397,104.64052395553918,207.71917526734958,30.830347393590067,602.6290895474264,1.1081564814814815,0.3458092592592599,True
B2,S2,60,71400,193.7825048536937,32.15618167374298,97.83132688993022,193.7825048536937,30.830347393590067,602.6290895474264,0.0,0.0,True
B4,S2,60,71400,380.5026832540159,63.14044407311517,219.85393688029853,380.5026832540159,30.830347393590067,602.6290895474264,7.292323043327742,-7.292323043327742,True
S0,S2,60,71400,196.50151201141716,32.6073724982293,98.29578187591441,196.50151201141716,30.830347393590067,602.6290895474264,1.3480798719538132,0.49411224791092423,True
S1,S2,60,71400,201.8567560498588,33.496019284673594,100.78794644017887,201.8567560498588,30.830347393590067,602.6290895474264,1.4424745251898992,0.5753190002333427,True
S2,S2,60,71400,182.54434346880439,30.291326229521207,92.20937670717302,182.54434346880439,30.830347393590067,602.6290895474264,1.3372359992572063,0.1953934601048088,True
B3,S2,60,71400,21.571367651719452,3.579543043287127,18.21187327981502,25.622475124930496,0.0,602.6290895474264,1.1081564814814815,0.3458092592592599,True
B1,S2,60,72000,92.0847480753606,20.366094588142936,67.2664148462165,116.62767175118468,28.773750077603598,452.1473062831201,2.9914310185185187,2.4378986111111116,True
B2,S2,60,72000,49.83497080825126,11.02184401316464,33.15722216278768,56.753072046236525,28.773750077603598,452.1473062831201,0.0,0.0,True
B4,S2,60,72000,154.52634658373816,34.17610686526544,117.97729387736034,195.19442705101724,28.773750077603598,452.1473062831201,5.179430451212536,5.1021115922580345,True
S0,S2,60,72000,94.64575162753422,20.932503702293452,67.87564871502393,116.09509752713252,28.773750077603598,452.1473062831201,2.047789705787895,1.5358299171078387,True
S1,S2,60,72000,80.15372057438793,17.72734669886505,50.97783655623961,86.93878303111961,28.773750077603598,452.1473062831201,1.6249972708435714,0.9054793199770703,True
S2,S2,60,72000,56.943635778682946,12.594045123654166,45.34154971822361,85.8144744464052,28.773750077603598,452.1473062831201,1.6911043027842751,1.0218280340250283,True
B3,S2,60,72000,67.68075099191053,14.968739181104624,46.89969522452449,83.4092916901101,0.0,452.1473062831201,2.9914310185185187,2.4378986111111116,True
B1,S2,60,74400,35.606341298936755,8.346570562496433,38.957687254913544,69.0114001578285,31.931546243860204,426.59845780165557,2.735977777777778,2.0199916666666673,True
B2,S2,60,74400,85.45661818000308,20.032097307706543,48.269654637765605,85.73829406526508,31.931546243860204,426.59845780165557,0.0,0.0,True
B4,S2,60,74400,26.873010537296356,6.29936889030921,34.826146514686194,61.34118382776175,31.931546243860204,426.59845780165557,2.398824305859704,1.5310824276216606,True
S0,S2,60,74400,62.30497067685563,14.605062333775233,38.68021514470704,71.9422232279007,31.931546243860204,426.59845780165557,1.611427621004533,0.6905564537833093,True
S1,S2,60,74400,91.1179014590608,21.359172728520626,50.686168248395674,93.35324845890018,31.931546243860204,426.59845780165557,1.3901902994211361,0.1462617397643865,True
S2,S2,60,74400,44.7095211625786,10.480469477779039,37.061011003384706,68.27865645409702,31.931546243860204,426.59845780165557,2.1430748692658947,0.22035900324358948,True
B3,S2,60,74400,70.12563290629808,16.43832311716949,61.005965433196955,76.79660927519984,0.0,426.59845780165557,2.735977777777778,2.0199916666666673,True
B1,S2,60,75000,296.6058620929425,52.72153180108467,221.7533200280566,296.6058620929425,30.94348242673403,562.5896136933568,6.680362962962963,-5.979950925925926,True
B2,S2,60,75000,124.18055067826154,22.073025817705012,80.42133271996343,124.18055067826154,30.94348242673403,562.5896136933568,0.0,0.0,True
B4,S2,60,75000,197.99627788104814,35.19373146283631,127.76497874674132,229.36092791967872,30.94348242673403,562.5896136933568,3.7229208250097896,3.009630665075111,True
S0,S2,60,75000,108.55290005315312,19.295219359012304,83.02818031393551,121.34135654125524,30.94348242673403,562.5896136933568,1.8149798028583548,-0.9471484659948259,True
S1,S2,60,75000,161.23096513483893,28.658716977793144,111.83198105675058,161.23096513483893,30.94348242673403,562.5896136933568,3.0780699752384315,-2.6312979791355233,True
S2,S2,60,75000,105.76186966096874,18.79911521413457,86.99454982461033,125.21361200068374,30.94348242673403,562.5896136933568,2.220274787429333,-1.244940909884676,True
B3,S2,60,75000,273.6396782465961,48.63930502558926,211.56070332926154,284.17343886308635,0.0,562.5896136933568,6.680362962962963,-5.979950925925926,True
B1,S2,60,75600,157.20206749408717,23.204745052325098,115.6832517400141,160.19430885308142,23.78157210053434,677.4565595942009,4.869511111111112,0.9980527777777785,True
B2,S2,60,75600,59.16830613138261,8.733889323741236,26.505651464139834,59.16830613138261,23.78157210053434,677.4565595942009,0.0,0.0,True
B4,S2,60,75600,192.90516472809333,28.474912818564228,107.18423363475739,192.90516472809333,23.78157210053434,677.4565595942009,5.3883711927559625,3.038095235063928,True
S0,S2,60,75600,133.614560810168,19.722971003514033,104.09139667893336,133.614560810168,23.78157210053434,677.4565595942009,3.332404916997154,-1.9474283823014897,True
S1,S2,60,75600,125.33720628074381,18.501142915469188,105.5768196473441,135.53176969830756,23.78157210053434,677.4565595942009,3.260360640271441,-1.1990691233559154,True
S2,S2,60,75600,142.00803618360993,20.961939798571482,108.01236005691818,142.00803618360993,23.78157210053434,677.4565595942009,3.1040625655833316,-1.816032570847359,True
B3,S2,60,75600,65.13508908786477,9.6146517685032,90.10363438118667,122.6097587152902,0.0,677.4565595942009,4.869511111111112,0.9980527777777785,True
B1,S2,60,76200,54.316168642195954,15.948671962725392,33.00850863939061,63.18694826062741,32.21459734610452,340.5685988723172,1.556203240740741,0.9769449074074074,True
B2,S2,60,76200,39.185267358676484,11.505836852964668,19.028669588595402,39.185267358676484,32.21459734610452,340.5685988723172,0.0,0.0,True
B4,S2,60,76200,25.28512935415916,7.424386581112497,15.663237070987588,29.691871989960312,32.21459734610452,340.5685988723172,1.5860433345166276,-0.818080904377458,True
S0,S2,60,76200,44.42362648248356,13.0439584358564,21.050482208222085,44.42362648248356,32.21459734610452,340.5685988723172,1.4856409818545826,0.5974828992958591,True
S1,S2,60,76200,54.066621964201396,15.87539841994404,25.014751663650543,54.066621964201396,32.21459734610452,340.5685988723172,1.620590579463071,1.443697841695591,True
S2,S2,60,76200,36.23841190820579,10.640561704219818,20.768714704608513,39.14056732385395,32.21459734610452,340.5685988723172,1.6265347747680725,0.5794481269918657,True
B3,S2,60,76200,37.352129493844984,10.967578813056896,18.705143127060904,37.352129493844984,0.0,340.5685988723172,1.556203240740741,0.9769449074074074,True
B1,S2,60,77400,540.3055874563621,115.85048252504063,293.4938843461501,540.3055874563621,27.313104804099833,466.38181877194785,10.555263425925926,10.555263425925926,True
B2,S2,60,77400,76.27172901942916,16.353924177461266,31.90844909161431,76.27172901942916,27.313104804099833,466.38181877194785,0.0,0.0,True
B4,S2,60,77400,547.6590193868489,117.42718033668548,300.07080156053115,547.6590193868489,27.313104804099833,466.38181877194785,10.762504191186723,10.761527912018144,True
S0,S2,60,77400,107.21272558949552,22.98818720502494,61.301517976510446,107.21272558949552,27.313104804099833,466.38181877194785,1.8469988623661027,-0.5201600782605712,True
S1,S2,60,77400,139.30908983916544,29.87018023258,55.43091040361538,139.30908983916544,27.313104804099833,466.38181877194785,2.831157481916133,2.1530682694407823,True
S2,S2,60,77400,83.13378675424826,17.825263208834297,37.136938843075725,83.13378675424826,27.313104804099833,466.38181877194785,1.8241980416507468,0.010737143609949531,True
B3,S2,60,77400,540.9683766400738,115.99259552281076,296.48296632009755,540.9683766400738,0.0,466.38181877194785,10.555263425925926,10.555263425925926,True
B1,S2,60,78000,178.3975403251786,71.7408135331512,90.5057086548906,178.3975403251786,45.45122577135028,248.6695251131236,2.6690990740740737,2.6661305555555552,True
B2,S2,60,78000,77.99324402948247,31.364214812411024,30.09014576321343,77.99324402948247,45.45122577135028,248.6695251131236,0.0,0.0,True
B4,S2,60,78000,113.18787016834135,45.517387028768574,58.72215587357104,113.18787016834135,45.45122577135028,248.6695251131236,1.6788744357216638,0.43755796804943325,True
S0,S2,60,78000,95.28628051908369,38.31843909129456,35.37898897440958,95.28628051908369,45.45122577135028,248.6695251131236,2.3359985351180526,1.7333555625647592,True
S1,S2,60,78000,101.05738568129404,40.639232183888026,45.883052107155656,101.05738568129404,45.45122577135028,248.6695251131236,2.618776360457296,2.1417751660634146,True
S2,S2,60,78000,80.78516430724177,32.48695805024414,37.27575492033229,80.78516430724177,45.45122577135028,248.6695251131236,1.7748238701551353,1.0768034491290248,True
B3,S2,60,78000,27.97319426800986,11.24914452435795,23.97098909596092,45.49467662841654,0.0,248.6695251131236,2.6690990740740737,2.6661305555555552,True
B1,S2,60,78600,29.505356061986358,11.068085686950914,34.36417784330858,63.164109574545314,146.95851679719638,266.5804810019918,1.7377828703703704,0.6866476851851854,True
B2,S2,60,78600,55.66489734193216,20.881085191498418,33.56714814786186,61.11607036002899,146.95851679719638,266.5804810019918,0.0,0.0,True
B4,S2,60,78600,41.69896338371424,15.6421667584142,32.84094679917997,63.431357591285526,146.95851679719638,266.5804810019918,1.6633891572859254,-0.7429678776733905,True
S0,S2,60,78600,136.37998393344733,51.15902838078694,83.52115790450264,138.61563337143411,146.95851679719638,266.5804810019918,2.2970293979400194,2.0039981518256655,True
S1,S2,60,78600,115.4611765936215,43.311939478704296,71.83974565695691,118.06749197479544,146.95851679719638,266.5804810019918,1.757388183265303,1.3419785025251676,True
S2,S2,60,78600,130.16196355875093,48.8265168813235,78.8089781519269,132.3594325588444,146.95851679719638,266.5804810019918,2.158396178915925,1.9650246628354273,True
B3,S2,60,78600,13.709156667588294,5.1425958179908395,11.782645509356932,18.197046536117362,0.0,266.5804810019918,1.7377828703703704,0.6866476851851854,True
B1,S2,60,79800,108.0947147491096,14.860063985794383,81.11293263727329,121.59510979168921,38.599783358706865,727.4175592544134,0.8009712962962962,-0.6537435185185183,False
B2,S2,60,79800,115.22323467134446,15.840040318719508,84.6721629627497,129.80714329205477,38.599783358706865,727.4175592544134,0.0,0.0,False
B4,S2,60,79800,162.83659515246654,22.385573881302836,97.71352055669631,162.83659515246654,38.599783358706865,727.4175592544134,1.0090599880180802,0.07612117585489296,False
S0,S2,60,79800,65.21210871522386,8.964879646576694,76.88171245041852,117.5236453676696,38.599783358706865,727.4175592544134,1.7029634041694677,-1.5357361398395963,False
S1,S2,60,79800,66.31418306204287,9.116384697946172,74.14683775103684,111.3624554207102,38.599783358706865,727.4175592544134,1.7254373405143542,-1.6132241702200287,False
S2,S2,60,79800,75.97509443998261,10.444495527143362,79.56994752881776,120.50945658068174,38.599783358706865,727.4175592544134,1.677860083155957,-1.6187140369333874,False
B3,S2,60,79800,12.73741995260656,1.751046533116705,15.224178929524387,22.672474446679328,0.0,727.4175592544134,0.8009712962962962,-0.6537435185185183,False
B1,S2,60,80400,398.39968862602075,116.70929667191906,231.87591382458675,398.39968862602075,29.401748991973353,341.36071417340486,7.30996574074074,7.186851851851852,True
B2,S2,60,80400,57.90590371706079,16.963259482649686,28.12789914328756,57.94575712113624,29.401748991973353,341.36071417340486,0.0,0.0,True
B4,S2,60,80400,399.7566259259073,117.10680500944768,232.04708225345422,399.7566259259073,29.401748991973353,341.36071417340486,7.195322729753665,7.195322729753665,True
S0,S2,60,80400,48.92473260988281,14.332268060884699,31.153961286377825,49.171185131206904,29.401748991973353,341.36071417340486,1.3335631608847196,-0.7139178227878901,True
S1,S2,60,80400,48.527931919151364,14.216027183051908,26.389133702834762,48.56459948202743,29.401748991973353,341.36071417340486,1.1281339469034715,-0.12280101687792609,True
S2,S2,60,80400,52.23346307839737,15.301544937553578,30.854287772675058,53.737234725207124,29.401748991973353,341.36071417340486,1.4072669353108975,-0.6552036726659316,True
B3,S2,60,80400,325.3271420104537,95.30304118276294,207.5085969446645,325.3271420104537,0.0,341.36071417340486,7.30996574074074,7.186851851851852,True
B1,S2,60,81600,106.61779714562763,19.395053977220456,55.719333950547586,106.61779714562763,21.0460798302233,549.7164239442207,2.203408333333333,-0.5436851851851844,True
B2,S2,60,81600,103.10679775345181,18.756361145926757,48.44799587483162,103.10679775345181,21.0460798302233,549.7164239442207,0.0,0.0,True
B4,S2,60,81600,95.40317253290843,17.35497947257783,48.82875649101089,95.40317253290843,21.0460798302233,549.7164239442207,2.2871183684858596,-0.706508007860703,True
S0,S2,60,81600,121.26577987053815,22.059697434625477,52.51433920777137,121.26577987053815,21.0460798302233,549.7164239442207,2.280096269335393,1.313211014086666,True
S1,S2,60,81600,107.94058184439727,19.63568435338398,53.79515783495107,107.94058184439727,21.0460798302233,549.7164239442207,1.760454370230932,-0.7072086439437587,True
S2,S2,60,81600,108.83105820604698,19.797672666423733,45.59321403430226,108.83105820604698,21.0460798302233,549.7164239442207,2.475825364748504,1.117851225103099,True
B3,S2,60,81600,16.662627653017427,3.0311314938460296,21.719044238866672,34.975096792709564,0.0,549.7164239442207,2.203408333333333,-0.5436851851851844,True
B1,S2,60,82200,74.62864658680483,14.581193908915033,64.31738190137636,101.40304138281088,25.256253920072712,511.81437578425187,1.5184388888888887,0.5174601851851858,True
B2,S2,60,82200,62.055091934355026,12.124530859311673,35.81172072659662,62.055091934355026,25.256253920072712,511.81437578425187,0.0,0.0,True
B4,S2,60,82200,180.17877571774054,35.20393022209528,122.52562906156788,180.17877571774054,25.256253920072712,511.81437578425187,6.31182697121622,-6.304047344911361,True
S0,S2,60,82200,34.15647857055315,6.673606718884217,48.903720753033056,93.02550334559288,25.256253920072712,511.81437578425187,1.865598449883416,1.3114038272620467,True
S1,S2,60,82200,27.150561477040362,5.304767267515225,35.806029456511354,73.41565740469983,25.256253920072712,511.81437578425187,1.2161724112304844,0.5055770596731965,True
S2,S2,60,82200,38.76733343959202,7.574490923626155,44.32079563328137,86.49212211053975,25.256253920072712,511.81437578425187,1.6917484112132963,1.227223846042095,True
B3,S2,60,82200,35.931255202206096,7.020368497299186,32.60918837383038,48.27793354597732,0.0,511.81437578425187,1.5184388888888887,0.5174601851851858,True
B1,S2,60,82800,84.66287744386365,17.051908817926822,40.41737577166536,84.66287744386365,21.673389896835154,496.50088062197955,1.4503231481481482,1.3565481481481485,True
B2,S2,60,82800,55.329063672775675,11.14379970554403,24.985625378658522,55.329063672775675,21.673389896835154,496.50088062197955,0.0,0.0,True
B4,S2,60,82800,85.23554207829835,17.167248922403033,37.91762061869481,85.23554207829835,21.673389896835154,496.50088062197955,1.2269889154673999,1.010659315140723,True
S0,S2,60,82800,114.76929900874342,23.115628488910016,60.17028743124989,114.76929900874342,21.673389896835154,496.50088062197955,2.3376320977826004,2.0006432250451147,True
S1,S2,60,82800,66.24892132564452,13.343162904898128,29.157589856027858,66.24892132564452,21.673389896835154,496.50088062197955,1.2586664649557526,0.511656954106613,True
S2,S2,60,82800,78.87441131734192,15.886056681014121,43.4359295564484,78.87441131734192,21.673389896835154,496.50088062197955,1.6145042121891833,1.1978903274099335,True
B3,S2,60,82800,70.95910251082282,14.291838198137837,33.905441350749165,70.95910251082282,0.0,496.50088062197955,1.4503231481481482,1.3565481481481485,True
B1,S2,60,83400,113.83996242237185,27.1995116610065,76.59429914968267,115.21858206272985,27.307988991892422,418.53678787025433,2.185652314814815,0.388055092592593,True
B2,S2,60,83400,90.89962192354268,21.718430627350592,39.02916268156731,90.89962192354268,27.307988991892422,418.53678787025433,0.0,0.0,True
B4,S2,60,83400,156.31989541530078,37.349141090020424,74.2983883918928,156.31989541530078,27.307988991892422,418.53678787025433,3.7874587821998036,-3.244256482762021,True
S0,S2,60,83400,179.2136202757233,42.81908435998204,112.68346804079063,179.2136202757233,27.307988991892422,418.53678787025433,3.6645260687119223,3.466122600871927,True
S1,S2,60,83400,120.77849942374901,28.857319816099448,73.72778931892174,120.77849942374901,27.307988991892422,418.53678787025433,1.8119196209649613,1.4446009329335352,True
S2,S2,60,83400,152.06034971889463,36.331417960333056,90.78297750848996,155.95759815392535,27.307988991892422,418.53678787025433,3.1465607278525987,2.851353110504661,True
B3,S2,60,83400,31.689299231193008,7.571448950149786,47.194634022189895,57.049025363169704,0.0,418.53678787025433,2.185652314814815,0.388055092592593,True
B1,S2,60,84000,175.46548221050833,39.28908728278793,87.15253125490445,175.46548221050833,23.13425870787834,446.6010649409451,3.394181018518518,2.909805092592592,True
B2,S2,60,84000,69.40658049799693,15.541069188264181,37.12047042630084,69.40658049799693,23.13425870787834,446.6010649409451,0.0,0.0,True
B4,S2,60,84000,117.23276984066652,26.249997826621488,57.459985350582365,117.23276984066652,23.13425870787834,446.6010649409451,3.1084645512024363,1.7120900165552757,True
S0,S2,60,84000,101.90572594948333,22.818066043563626,57.12284886624135,101.90572594948333,23.13425870787834,446.6010649409451,1.9919350143662105,1.0455673451474015,True
S1,S2,60,84000,83.2716795078154,18.645651800858687,46.977117526168854,83.2716795078154,23.13425870787834,446.6010649409451,1.4970772983237213,0.47150158376302803,True
S2,S2,60,84000,85.2817782693605,19.095740015899306,47.348499919481554,85.2817782693605,23.13425870787834,446.6010649409451,2.183472544153649,0.6170417713229064,True
B3,S2,60,84000,136.40016600106614,30.541836262549573,61.9047423534099,136.40016600106614,0.0,446.6010649409451,3.394181018518518,2.909805092592592,True
B1,S2,60,84600,87.4364126613033,17.027063207963806,118.79642237663835,185.88473883879942,23.514432627596243,513.5143482665173,7.600894444444443,-7.600894444444443,True
B2,S2,60,84600,57.08216018103932,11.115981544378055,25.921574632578803,57.08216018103932,23.514432627596243,513.5143482665173,0.0,0.0,True
B4,S2,60,84600,22.488707233885815,4.379372710772636,82.67662511497495,133.42964166952308,23.514432627596243,513.5143482665173,4.931473253970299,-4.929093151343384,True
S0,S2,60,84600,46.19822257194008,8.996481350110765,23.70599291300035,52.570090249002526,23.514432627596243,513.5143482665173,1.606205739256822,0.20393551961504022,True
S1,S2,60,84600,77.51197420667071,15.094412545302724,32.89712911722934,82.28383828227501,23.514432627596243,513.5143482665173,1.6752023718661193,0.8551839500688182,True
S2,S2,60,84600,55.312749304229065,10.771412617962795,27.550300525236246,61.73153430891826,23.514432627596243,513.5143482665173,1.8428132291975794,0.14087176239664928,True
B3,S2,60,84600,92.31536813484131,17.977174045179556,119.83882611878221,186.2125105274418,0.0,513.5143482665173,7.600894444444443,-7.600894444444443,True
B1,S2,60,85200,427.8029592743907,57.94294413508877,255.78994992576045,427.8029592743907,46.84512375334268,738.3176082268213,7.814310648148148,-7.814310648148148,True
B2,S2,60,85200,272.5571666032102,36.915978105655164,131.20461720070958,272.5571666032102,46.84512375334268,738.3176082268213,0.0,0.0,True
B4,S2,60,85200,260.14242285971494,35.23448715851236,122.58424582438073,260.14242285971494,46.84512375334268,738.3176082268213,1.1344533560287804,-0.7258721938731634,True
S0,S2,60,85200,279.2086034053024,37.816869094570706,129.84857424870043,279.2086034053024,46.84512375334268,738.3176082268213,1.575742012135817,-0.09795332081799145,True
S1,S2,60,85200,264.31602836306746,35.79977308110819,128.49130541937836,264.31602836306746,46.84512375334268,738.3176082268213,1.973889359288029,-1.4690022532844882,True
S2,S2,60,85200,264.3141755821218,35.799522134777646,123.70557431689531,264.3141755821218,46.84512375334268,738.3176082268213,1.72271769923835,-0.5057069761805115,True
B3,S2,60,85200,405.4129397622999,54.910371260948104,250.41902740230066,405.4129397622999,0.0,738.3176082268213,7.814310648148148,-7.814310648148148,True
B1,S2,60,85800,110.44106165664938,18.622630733601593,65.95590859029392,110.8550802419218,24.031078105661912,593.0475840740156,2.2539356481481483,0.7134097222222218,True
B2,S2,60,85800,105.32292094744234,17.759607116837604,53.438003655582364,105.32292094744234,24.031078105661912,593.0475840740156,0.0,0.0,True
B4,S2,60,85800,104.34871252044982,17.59533557216659,57.366136910450436,105.85330954486747,24.031078105661912,593.0475840740156,1.8860620447235767,0.7115734335991125,True
S0,S2,60,85800,108.4449654307154,18.28604792312599,60.40803316480686,108.4449654307154,24.031078105661912,593.0475840740156,1.94413586873813,-0.016198213324597362,True
S1,S2,60,85800,106.28381852223558,17.921634178509827,59.51737486236679,107.67288880136566,24.031078105661912,593.0475840740156,2.035686373474473,0.23063345514888559,True
S2,S2,60,85800,107.97486661261576,18.20677960963414,62.76657071994414,110.83770464622627,24.031078105661912,593.0475840740156,1.8873890563389562,0.19964204749208184,True
B3,S2,60,85800,28.690617523440654,4.837827232402975,28.48263346530032,40.601027218277615,0.0,593.0475840740156,2.2539356481481483,0.7134097222222218,True
B1,S2,60,86400,195.8881264752769,29.504172403171488,189.96164537248853,262.38362630215533,41.51811347683453,663.9336423285688,5.0080888888888895,-4.910601851851852,True
B2,S2,60,86400,168.97317095791274,25.450310119138525,99.40594342183672,168.97317095791274,41.51811347683453,663.9336423285688,0.0,0.0,True
B4,S2,60,86400,102.84775454471298,15.490667739625625,121.3663522073458,173.96581940595863,41.51811347683453,663.9336423285688,3.4038422401726334,-2.3495197947785726,True
S0,S2,60,86400,121.40516187148569,18.285737328460975,99.61120763040692,133.19724795961397,41.51811347683453,663.9336423285688,2.340730673322395,-1.5227786857201944,True
S1,S2,60,86400,113.74749147908533,17.13235845078532,117.64096741981352,166.07599709100126,41.51811347683453,663.9336423285688,3.1065699109783154,-2.392977006744721,True
S2,S2,60,86400,107.03599431295247,16.12148978285729,98.0731147783373,139.67567950419308,41.51811347683453,663.9336423285688,2.591346922345514,-1.4244714642888445,True
B3,S2,60,86400,254.39189270485448,38.315861177427806,198.18228895321417,255.4208939903138,0.0,663.9336423285688,5.0080888888888895,-4.910601851851852,True
B1,S2,60,87000,215.24276617615058,39.85390181812924,116.36402111508644,215.24276617615058,26.744142943869047,540.0795313803836,3.619550925925925,-3.619550925925925,True
B2,S2,60,87000,151.72899080084974,28.093823591693468,67.94995415297753,151.72899080084974,26.744142943869047,540.0795313803836,0.0,0.0,True
B4,S2,60,87000,197.7456261830819,36.614167857401654,99.9136978658509,197.7456261830819,26.744142943869047,540.0795313803836,3.097021254669476,-3.0967337238750114,True
S0,S2,60,87000,162.3171135793987,30.054298329828217,73.12855625682101,162.3171135793987,26.744142943869047,540.0795313803836,1.5958177169076508,0.37611723049547546,True
S1,S2,60,87000,149.2938641639041,27.642940620675898,68.94745229628312,149.2938641639041,26.744142943869047,540.0795313803836,1.208803156773164,-0.6507763972767797,True
S2,S2,60,87000,150.74110303919545,27.910908353426734,67.53800179382338,150.74110303919545,26.744142943869047,540.0795313803836,1.0114891905414967,0.028670360431286047,True
B3,S2,60,87000,190.2342659654175,35.2233800601922,107.21397986362065,190.2342659654175,0.0,540.0795313803836,3.619550925925925,-3.619550925925925,True
B1,S2,60,87600,56.50902222275222,13.458861925781003,56.33295429774287,90.84934897561051,29.855265117245263,419.86478897228943,2.4076393518518517,1.9222069444444443,True
B2,S2,60,87600,131.41619840726705,31.29964737670354,52.55077437551233,131.41619840726705,29.855265117245263,419.86478897228943,0.0,0.0,True
B4,S2,60,87600,100.60683975618382,23.961723487802104,76.8072534846047,105.13224578792465,29.855265117245263,419.86478897228943,3.764763816929653,3.764664506640676,True
S0,S2,60,87600,164.9241711015221,39.28030533477454,72.54825072880692,164.9241711015221,29.855265117245263,419.86478897228943,2.426104489409425,2.0212266535833883,True
S1,S2,60,87600,133.03658428780793,31.68557778170538,53.61818910953069,133.03658428780793,29.855265117245263,419.86478897228943,1.1696939081426945,0.18280231237097858,True
S2,S2,60,87600,159.7617638551917,38.050764925118735,70.08335730169141,159.7617638551917,29.855265117245263,419.86478897228943,2.216374144206641,1.395299163553623,True
B3,S2,60,87600,27.982423553915844,6.664627348820777,23.254307670237505,44.56660885420525,0.0,419.86478897228943,2.4076393518518517,1.9222069444444443,True
B1,S2,60,88200,157.8941205194309,45.5397649608565,124.00198140485888,163.26608639979526,14.068180066285016,346.7170299520608,2.8628601851851854,2.624653703703704,True
B2,S2,60,88200,36.58951820331681,10.553135566596165,12.584408055611426,36.58951820331681,14.068180066285016,346.7170299520608,0.0,0.0,True
B4,S2,60,88200,196.8104232513291,56.763990877096894,126.34932142349024,196.8104232513291,14.068180066285016,346.7170299520608,3.305691417359367,3.3054229498766956,True
S0,S2,60,88200,91.12015879959834,26.280843145258014,78.29081533068813,105.26424654338518,14.068180066285016,346.7170299520608,2.4873607467576115,1.450076927995006,True
S1,S2,60,88200,55.39573429827292,15.97721759035957,49.313516802615965,62.866924247876284,14.068180066285016,346.7170299520608,1.7498257162068906,0.6889756010913937,True
S2,S2,60,88200,58.983529995070576,17.01200832368286,47.854532331173495,68.94872946840285,14.068180066285016,346.7170299520608,1.5764740242458994,0.8679455800692574,True
B3,S2,60,88200,154.32645466130322,44.51078006829989,123.16822252162878,159.50762978337912,0.0,346.7170299520608,2.8628601851851854,2.624653703703704,True
B1,S2,60,88800,482.2607915336521,61.09517410170568,222.89820370986774,482.2607915336521,25.44798154107305,789.3598776407908,8.497681018518518,-7.578243981481482,True
B2,S2,60,88800,241.42650254582207,30.585099317105975,104.11290996594987,241.42650254582207,25.44798154107305,789.3598776407908,0.0,0.0,True
B4,S2,60,88800,342.64126722321345,43.40748458704118,170.19850977703496,342.64126722321345,25.44798154107305,789.3598776407908,4.30410279516,-1.5272723703486364,True
S0,S2,60,88800,331.722839135402,42.02428430069727,158.22208816686242,331.722839135402,25.44798154107305,789.3598776407908,4.867677475778528,-3.7721747522672953,True
S1,S2,60,88800,360.3249545685148,45.64774126162081,168.89077562082917,360.3249545685148,25.44798154107305,789.3598776407908,5.752907679653315,-5.254421817170929,True
S2,S2,60,88800,343.57272218046904,43.52548589210365,164.92743032902953,343.57272218046904,25.44798154107305,789.3598776407908,5.3305592205010495,-4.3001157295678745,True
B3,S2,60,88800,451.11173142257974,57.14905763526334,206.15810230091589,451.11173142257974,0.0,789.3598776407908,8.497681018518518,-7.578243981481482,True
B1,S2,60,89400,324.1065925513116,34.490200892150476,158.09316278552652,324.1065925513116,25.330343602766582,939.7063054656608,3.3676004629629634,2.6389634259259265,True
B2,S2,60,89400,231.25138243622766,24.608899726562296,100.70235603687415,231.25138243622766,25.330343602766582,939.7063054656608,0.0,0.0,True
B4,S2,60,89400,349.59335913966544,37.2024064440462,175.49987611997224,349.59335913966544,25.330343602766582,939.7063054656608,3.78151655056983,3.261593541105176,True
S0,S2,60,89400,271.3419593803503,28.875187683867875,146.98345723047524,271.3419593803503,25.330343602766582,939.7063054656608,5.623549401168927,-5.452740297109113,True
S1,S2,60,89400,264.46573503411275,28.143445829392384,115.17703703570275,264.46573503411275,25.330343602766582,939.7063054656608,2.595533595570138,-0.5954327471827262,True
S2,S2,60,89400,284.44782179884567,30.269864120778756,137.53581499884018,284.44782179884567,25.330343602766582,939.7063054656608,5.454834178474318,-5.090052275847159,True
B3,S2,60,89400,120.31479625894285,12.80344673214917,93.1249922282519,133.48556012331528,0.0,939.7063054656608,3.3676004629629634,2.6389634259259265,True
B1,S2,60,90000,330.19641077659065,24.252140399830406,166.7547147774254,330.19641077659065,24.427861772784432,1361.5145110198177,1.7732203703703688,-1.30328148148148,True
B2,S2,60,90000,326.48537394026545,23.979573577641673,162.80111483149878,326.48537394026545,24.427861772784432,1361.5145110198177,0.0,0.0,True
B4,S2,60,90000,339.7718039507237,24.955430236011498,171.9106964261889,339.7718039507237,24.427861772784432,1361.5145110198177,2.6417021981894306,-2.434841129028605,True
S0,S2,60,90000,709.3518188391381,52.10020261244304,412.93136019352085,709.3518188391381,24.427861772784432,1361.5145110198177,11.120532866343446,-11.120532866343446,True
S1,S2,60,90000,361.7293149238905,26.568157151181865,191.62769118399876,361.7293149238905,24.427861772784432,1361.5145110198177,3.4768054714355867,-3.2058107756218495,True
S2,S2,60,90000,683.4049770412166,50.19446884406135,389.9901556926016,683.4049770412166,24.427861772784432,1361.5145110198177,10.673264237599481,-10.673264237599481,True
B3,S2,60,90000,77.24440248670253,5.673417496582098,54.75461311618863,91.42393898843912,0.0,1361.5145110198177,1.7732203703703688,-1.30328148148148,True
B1,S2,60,90600,380.4812377337672,34.21200251268594,249.343777514704,380.4812377337672,25.234673125287685,1112.127936950441,4.8979430555555545,4.510882870370368,True
B2,S2,60,90600,291.25209992359436,26.18872256030497,125.8022984165833,291.25209992359436,25.234673125287685,1112.127936950441,0.0,0.0,True
B4,S2,60,90600,429.3867124831758,38.609470926572925,179.86123465433525,429.3867124831758,25.234673125287685,1112.127936950441,8.544143628018624,-6.296220579699141,True
S0,S2,60,90600,489.6637518196772,44.029444414675986,234.7075644738021,489.6637518196772,25.234673125287685,1112.127936950441,7.634335823772204,-7.36127235780327,True
S1,S2,60,90600,293.7317087059244,26.411683309688655,172.46949843981292,293.7317087059244,25.234673125287685,1112.127936950441,3.4989740498903257,2.219179535376904,True
S2,S2,60,90600,459.43479421719786,41.31132569846336,209.72993020352223,459.43479421719786,25.234673125287685,1112.127936950441,8.119893353617384,-6.855139939467711,True
B3,S2,60,90600,260.05214949285664,23.383294390206938,217.84560924332575,268.84861304338585,0.0,1112.127936950441,4.8979430555555545,4.510882870370368,True
B1,S2,60,91200,448.5707331755909,41.5690057245664,252.8444294770151,448.5707331755909,29.35982913204932,1079.0990194660708,5.247700925925925,5.242479629629629,True
B2,S2,60,91200,305.51472960485336,28.312019943824943,128.77414623926543,305.51472960485336,29.35982913204932,1079.0990194660708,0.0,0.0,True
B4,S2,60,91200,342.72375095304017,31.760176292497885,202.9747731535081,342.72375095304017,29.35982913204932,1079.0990194660708,4.7378838620208406,2.8324409859332627,True
S0,S2,60,91200,429.14976695806416,39.7692666953218,202.2639071038279,429.14976695806416,29.35982913204932,1079.0990194660708,7.017532570178167,-5.911657182308363,True
S1,S2,60,91200,339.71241211226976,31.481115818301515,178.36527135694644,339.71241211226976,29.35982913204932,1079.0990194660708,2.9451254519712844,2.5793709499495416,True
S2,S2,60,91200,408.60432022704276,37.86532216748902,183.19232625979552,408.60432022704276,29.35982913204932,1079.0990194660708,6.628165060151935,-5.509848131115084,True
B3,S2,60,91200,307.64423242810034,28.50936076100969,208.04278593150025,307.79870421455314,0.0,1079.0990194660708,5.247700925925925,5.242479629629629,True
B1,S2,60,91800,612.1194748795848,77.2745057925343,294.6377984242307,612.1194748795848,28.20739620607731,792.1363826292155,9.729876851851854,9.693289814814817,True
B2,S2,60,91800,150.6689127982302,19.02057727712723,74.8304747954296,150.6689127982302,28.20739620607731,792.1363826292155,0.0,0.0,True
B4,S2,60,91800,664.4799726578026,83.88454150436787,331.5100376319901,664.4799726578026,28.20739620607731,792.1363826292155,10.627443790639903,10.626683162241129,True
S0,S2,60,91800,283.9171997963936,35.84195929166027,206.0034345266905,283.9171997963936,28.20739620607731,792.1363826292155,5.152236348393313,-4.040897751294948,True
S1,S2,60,91800,271.40969920755083,34.263001316351954,128.58067956783563,271.40969920755083,28.20739620607731,792.1363826292155,4.216022235805816,3.3185447357327336,True
S2,S2,60,91800,277.43932389971746,35.02418648905585,177.3261907295605,277.43932389971746,28.20739620607731,792.1363826292155,5.364528591708461,-4.110289503395388,True
B3,S2,60,91800,570.5791946591219,72.03042394862445,273.43895327381904,570.5791946591219,0.0,792.1363826292155,9.729876851851854,9.693289814814817,True
B1,S2,60,92400,686.3993585085835,61.221050006376814,320.5532823492102,686.3993585085835,32.05301699458275,1121.181943852789,11.570645833333334,-11.316643055555556,True
B2,S2,60,92400,362.4567358877007,32.32809249872216,152.56628480600435,362.4567358877007,32.05301699458275,1121.181943852789,0.0,0.0,True
B4,S2,60,92400,346.2312000849837,30.880911165515865,139.62586641861725,346.2312000849837,32.05301699458275,1121.181943852789,5.924982560722353,-1.9045238589627491,True
S0,S2,60,92400,511.01957205279086,45.57864803786813,236.93952460960452,511.01957205279086,32.05301699458275,1121.181943852789,7.5625514072141655,-7.507568280686265,True
S1,S2,60,92400,469.83917612797177,41.905703057742215,213.90639181633787,469.83917612797177,32.05301699458275,1121.181943852789,6.507197560343553,-6.221442797913301,True
S2,S2,60,92400,531.292872594759,47.38685594320611,253.02946904526797,531.292872594759,32.05301699458275,1121.181943852789,8.040249169416287,-7.929750624971687,True
B3,S2,60,92400,654.2790507761708,58.35618869563936,308.62802729127833,654.2790507761708,0.0,1121.181943852789,11.570645833333334,-11.316643055555556,True
B1,S2,60,93000,685.7042992154319,96.36937005844132,333.49158617085624,685.7042992154319,24.181475157523323,711.5375962295902,12.277177314814816,12.277177314814816,True
B2,S2,60,93000,102.26860799823457,14.372902927428136,48.8542264054065,102.26860799823457,24.181475157523323,711.5375962295902,0.0,0.0,True
B4,S2,60,93000,640.1444224926572,89.96635257009008,298.364840571282,640.1444224926572,24.181475157523323,711.5375962295902,11.357992919702754,11.35757347751672,True
S0,S2,60,93000,138.14720694533736,19.41530674940776,137.10449715564576,166.70969733037794,24.181475157523323,711.5375962295902,3.6785752868206996,-2.9573224056301965,True
S1,S2,60,93000,301.28284474773625,42.34250534957284,148.330966400375,301.28284474773625,24.181475157523323,711.5375962295902,6.114549918440397,5.234171559973486,True
S2,S2,60,93000,106.38635163752849,14.951613548077514,108.30814617930048,141.3560248937335,24.181475157523323,711.5375962295902,2.946781583840224,-2.313365715320232,True
B3,S2,60,93000,678.2675736174978,95.32420735202341,330.02562218116503,678.2675736174978,0.0,711.5375962295902,12.277177314814816,12.277177314814816,True
B1,S2,120,1800,159.57073733733714,18.133371079394927,233.06246456324968,343.00998196044867,14.930432419305617,879.9838520850569,4.954495601851852,-1.8289900462962956,True
B2,S2,120,1800,33.33019471879515,3.787591629076114,31.060259332093135,35.96931393204212,14.930432419305617,879.9838520850569,0.0,0.0,True
B4,S2,120,1800,221.09680447635515,25.12509791543135,106.0064136509819,221.09680447635515,14.930432419305617,879.9838520850569,4.769702444267088,1.8114776937532524,True
S0,S2,120,1800,30.124067858433953,3.423252345717162,42.7237406694471,79.4056240776633,14.930432419305617,879.9838520850569,1.7953055556420032,0.7616784501652188,True
S1,S2,120,1800,268.93713957976604,30.561599391004652,204.1258387895432,268.93713957976604,14.930432419305617,879.9838520850569,2.5929260874217683,-2.404654924773115,True
S2,S2,120,1800,38.648255079493815,4.391927759574181,26.225756605021765,39.74512492712127,14.930432419305617,879.9838520850569,1.9546516277534551,0.4816618400278932,True
B3,S2,120,1800,158.35916654033974,17.99569005330261,223.00322959205272,328.6754852443268,0.0,879.9838520850569,4.954495601851852,-1.8289900462962956,True
B1,S2,120,2400,1499.8946674904287,965.909341269233,831.0676274029013,1499.8946674904287,24.793049461457777,155.28317238546666,12.529384027777777,12.529384027777777,True
B2,S2,120,2400,11.897785606773384,7.661992876626036,10.254536576992926,12.371995956772805,24.793049461457777,155.28317238546666,0.0,0.0,True
B4,S2,120,2400,1005.2728083275483,647.380390859167,539.5319697480326,1005.2728083275483,24.793049461457777,155.28317238546666,8.382591101026561,8.382591101026561,True
S0,S2,120,2400,39.1275342752877,25.197536651401993,34.51845847242089,40.73995649383047,24.793049461457777,155.28317238546666,0.7546670153959906,0.2893429581293854,True
S1,S2,120,2400,44.102909042588884,28.40160228895258,39.47939325949486,45.221005099726966,24.793049461457777,155.28317238546666,0.7810526437070904,0.33340230177817615,True
S2,S2,120,2400,47.975565090696236,30.895533851925858,42.20406954603824,49.07274720562218,24.793049461457777,155.28317238546666,0.8906745085368605,0.36599088380171013,True
B3,S2,120,2400,1503.0362865469021,967.9324961341241,831.5412990390474,1503.0362865469021,0.0,155.28317238546666,12.529384027777777,12.529384027777777,True
B1,S2,120,4800,372.5613348101767,44.35494885346239,232.43868007719794,372.5613348101767,29.866671371461322,839.9543781259354,4.258679398148148,4.258679398148148,True
B2,S2,120,4800,136.42023283180038,16.241386006722706,65.26074298377016,136.42023283180038,29.866671371461322,839.9543781259354,0.0,0.0,True
B4,S2,120,4800,91.70097790536641,10.91737602582239,58.652275784921216,96.00092668368522,29.866671371461322,839.9543781259354,2.611106027227451,-0.8982153776923053,True
S0,S2,120,4800,263.7592819596777,31.401619996096024,123.63678116440781,264.46384529670996,29.866671371461322,839.9543781259354,1.8726957748113766,1.527988989242549,True
S1,S2,120,4800,283.0295387696349,33.69582278993728,146.1176111919812,283.79382974419167,29.866671371461322,839.9543781259354,2.5557775657994495,2.4222511740730246,True
S2,S2,120,4800,258.52425571655124,30.77836873633039,120.82721784429687,259.32844844762735,29.866671371461322,839.9543781259354,1.8840165124582018,1.505337797485633,True
B3,S2,120,4800,384.5909369275586,45.78712212747064,224.61181784071277,384.5909369275586,0.0,839.9543781259354,4.258679398148148,4.258679398148148,True
B1,S2,120,5400,144.29527416516822,16.574250260617575,113.79924555217836,193.09485701977619,26.49393516035552,870.5991034057888,2.5657152777777776,1.6997143518518514,True
B2,S2,120,5400,109.22293001301553,12.545720479809223,45.71703735071538,109.22293001301553,26.49393516035552,870.5991034057888,0.0,0.0,True
B4,S2,120,5400,67.94774165851916,7.80471073226554,38.6415016442026,73.27748200226415,26.49393516035552,870.5991034057888,2.331212156060141,-0.31256087096597185,True
S0,S2,120,5400,163.48332348295892,18.778255438514837,113.97225441570778,173.9697291193504,26.49393516035552,870.5991034057888,2.0684523396713304,1.4607672687232676,True
S1,S2,120,5400,116.30838494615553,13.359580143277938,65.1408679972002,116.30838494615553,26.49393516035552,870.5991034057888,1.5159835862198663,0.5766629413105503,True
S2,S2,120,5400,139.37577653692261,16.00917988448228,100.65393939258524,152.72590339185064,26.49393516035552,870.5991034057888,2.2013380071209685,1.174589777450364,True
B3,S2,120,5400,154.02707018356637,17.69207774060547,109.30135311261319,174.73679388514066,0.0,870.5991034057888,2.5657152777777776,1.6997143518518514,True
B1,S2,120,6600,106.93423809479513,16.438097998661753,42.62659936933851,106.93423809479513,27.750070373962814,650.5268316535208,1.7780168981481483,0.9971266203703709,True
B2,S2,120,6600,100.45673032279207,15.442365392899987,51.178733935733455,102.85921857417702,27.750070373962814,650.5268316535208,0.0,0.0,True
B4,S2,120,6600,155.28815603224103,23.871137741932458,87.17979992404896,170.37878011206325,27.750070373962814,650.5268316535208,2.0560275067153233,-1.4212813453819562,True
S0,S2,120,6600,404.9700680015429,62.25263099020569,292.7183273455718,409.7895986301183,27.750070373962814,650.5268316535208,4.131176381698521,3.8891627187022753,True
S1,S2,120,6600,191.06013917089166,29.37006282819289,133.04870961127813,196.47850254154835,27.750070373962814,650.5268316535208,2.203576445686756,1.6554997510737453,True
S2,S2,120,6600,406.17721317967204,62.43819523127792,294.33373341227264,417.1220453755908,27.750070373962814,650.5268316535208,4.033504727841552,3.692543227410691,True
B3,S2,120,6600,11.52480045909852,1.771610316180898,29.237982192359542,52.154667372155416,0.0,650.5268316535208,1.7780168981481483,0.9971266203703709,True
B1,S2,120,7200,82.0921984890133,12.343905482365361,68.23281406650553,110.11647444940395,29.28359231214226,665.0423450365131,2.905474074074074,-2.00654537037037,True
B2,S2,120,7200,83.95660230862401,12.624249107628552,45.56119753939576,83.95660230862401,29.28359231214226,665.0423450365131,0.0,0.0,True
B4,S2,120,7200,155.07480235901104,23.31803433516657,82.40895606002826,155.07480235901104,29.28359231214226,665.0423450365131,3.262335161214261,-2.894532387417589,True
S0,S2,120,7200,167.7074938421988,25.217566233769837,107.41357793565142,167.7074938421988,29.28359231214226,665.0423450365131,2.3097563340351788,2.072654713978878,True
S1,S2,120,7200,147.26564651483528,22.14379995709144,85.06612298836495,147.26564651483528,29.28359231214226,665.0423450365131,1.7593546253385295,1.4422093224294932,True
S2,S2,120,7200,163.75111933309773,24.62266058022324,99.49550133785188,163.75111933309773,29.28359231214226,665.0423450365131,2.149619270154411,1.7290118250909177,True
B3,S2,120,7200,47.99261541929583,7.216475127859847,94.37789896976939,136.7300983821228,0.0,665.0423450365131,2.905474074074074,-2.00654537037037,True
B1,S2,120,7800,293.3035146454306,54.448111402187436,199.58918358867137,300.53528024417955,22.456913192630648,538.684459556199,4.067963194444445,-3.874277083333333,True
B2,S2,120,7800,70.43896727563782,13.076109033045007,44.25205871037389,71.28901916169922,22.456913192630648,538.684459556199,0.0,0.0,True
B4,S2,120,7800,211.51858500346913,39.26576704620938,140.08708593646372,214.29773875153867,22.456913192630648,538.684459556199,2.4575211927862464,-1.8696248212661077,True
S0,S2,120,7800,130.18981921771496,24.16810377729724,94.96332441920458,131.661423485598,22.456913192630648,538.684459556199,1.903141077745348,1.449378937025431,True
S1,S2,120,7800,76.75889937576979,14.249325001691794,62.18803450273416,81.41784365327055,22.456913192630648,538.684459556199,1.4391822351820853,0.49357311838548035,True
S2,S2,120,7800,115.78361314227602,21.49377266937784,83.41144168701123,118.36920173640253,22.456913192630648,538.684459556199,1.7930527198082011,1.1827015411577646,True
B3,S2,120,7800,287.7336241602941,53.414131233217034,197.90708204229165,298.00135998100086,0.0,538.684459556199,4.067963194444445,-3.874277083333333,True
B1,S2,120,8400,322.9998880787011,49.57630315150521,173.27463470951355,322.9998880787011,28.037198032605115,651.5207216875637,2.874484259259259,0.25322083333333334,True
B2,S2,120,8400,155.37301418922695,23.847747127179783,56.25547895445502,155.37301418922695,28.037198032605115,651.5207216875637,0.0,0.0,True
B4,S2,120,8400,350.32434460866386,53.770253646155204,140.33851966446673,350.32434460866386,28.037198032605115,651.5207216875637,3.4980994999000035,-2.3226765156473377,True
S0,S2,120,8400,178.98871990699732,27.472452363968134,70.23944978733512,178.98871990699732,28.037198032605115,651.5207216875637,1.2476318176307037,0.5097137030010711,True
S1,S2,120,8400,208.2066250359926,31.957022717051505,85.70438159952778,208.2066250359926,28.037198032605115,651.5207216875637,1.4033234709591427,0.9795528556356392,True
S2,S2,120,8400,162.3499752030191,24.918620359840826,61.04224434031387,162.3499752030191,28.037198032605115,651.5207216875637,1.3799260903274089,0.2450052140258158,True
B3,S2,120,8400,218.54110880256258,33.54323224539953,133.8221087624295,218.54110880256258,0.0,651.5207216875637,2.874484259259259,0.25322083333333334,True
B1,S2,120,9000,857.5380545019509,73.27638856291134,477.09242923889923,857.5380545019509,38.079483851774086,1170.2788187571675,8.829734027777777,-8.829734027777777,True
B2,S2,120,9000,320.3001594235967,27.369559654489386,130.3550849461764,320.3001594235967,38.079483851774086,1170.2788187571675,0.0,0.0,True
B4,S2,120,9000,529.7188601731652,45.264329464300225,281.32092418798254,529.7188601731652,38.079483851774086,1170.2788187571675,5.160395778409769,-5.160395778409769,True
S0,S2,120,9000,428.59701556032525,36.623495930268476,182.74703954741852,428.59701556032525,38.079483851774086,1170.2788187571675,2.0827064068778025,0.6112705238617612,True
S1,S2,120,9000,518.7189625948882,44.32439127162586,247.32050709368565,518.7189625948882,38.079483851774086,1170.2788187571675,2.4184412040161782,1.8497162843446138,True
S2,S2,120,9000,408.74524918883924,34.927168007956034,170.1751094385969,408.74524918883924,38.079483851774086,1170.2788187571675,2.1250163589017887,0.33996706368487595,True
B3,S2,120,9000,856.032628225049,73.14775030570519,476.4851562667457,856.032628225049,0.0,1170.2788187571675,8.829734027777777,-8.829734027777777,True
B1,S2,120,9600,346.1035323628694,26.09239994309162,180.40824804377797,346.1035323628694,40.97622682025908,1326.4534236702355,2.9686196759259262,1.407761805555556,True
B2,S2,120,9600,282.45880794336796,21.294287677423114,128.2818219079859,282.45880794336796,40.97622682025908,1326.4534236702355,0.0,0.0,True
B4,S2,120,9600,310.76974478703283,23.428620955807652,188.00043727582278,310.76974478703283,40.97622682025908,1326.4534236702355,2.620180501963473,-1.8449878542175207,True
S0,S2,120,9600,324.7219842719821,24.48046636824166,173.31020618999955,324.7219842719821,40.97622682025908,1326.4534236702355,2.4086927577453205,0.3496116078804886,True
S1,S2,120,9600,313.22401987006407,23.613646305302424,165.03210876375047,313.22401987006407,40.97622682025908,1326.4534236702355,2.6088722967533626,0.6163376342225927,True
S2,S2,120,9600,304.24233134087643,22.93652576952547,167.68001502984646,304.24233134087643,40.97622682025908,1326.4534236702355,2.5154301390044034,0.04536630280526898,True
B3,S2,120,9600,41.92175655275325,3.1604393946044245,69.12573736649027,92.73207683778351,0.0,1326.4534236702355,2.9686196759259262,1.407761805555556,True
B1,S2,120,10200,525.3867634094091,53.35616336538732,314.5040443116358,525.3867634094091,17.75512839769859,984.678676784757,7.47181712962963,7.471731944444445,True
B2,S2,120,10200,190.20296104635983,19.316246561510205,87.76106526673327,190.20296104635983,17.75512839769859,984.678676784757,0.0,0.0,True
B4,S2,120,10200,449.89703619313605,45.68973075177903,263.19771318510567,449.89703619313605,17.75512839769859,984.678676784757,6.06109739274647,6.06109739274647,True
S0,S2,120,10200,197.92513191757405,20.100479129278323,96.6282778125,197.92513191757405,17.75512839769859,984.678676784757,1.9944826543891188,0.17080233047438423,True
S1,S2,120,10200,340.4033700668731,34.56999507477733,198.132611160079,340.4033700668731,17.75512839769859,984.678676784757,2.9084617960022032,2.0117656674992164,True
S2,S2,120,10200,181.22147965568746,18.404123490053095,87.0032781581535,181.22147965568746,17.75512839769859,984.678676784757,2.4059756847276925,-0.12645285759163422,True
B3,S2,120,10200,362.2075786874456,36.78434267208382,250.221198182692,368.3013104549499,0.0,984.678676784757,7.47181712962963,7.471731944444445,True
B1,S2,120,10800,191.15184152205666,21.11914724846012,126.35917223536505,191.15184152205666,2.6411382209043537,905.1115524372997,3.8591694444444444,2.228789351851853,True
B2,S2,120,10800,14.958648295782535,1.6526856005209118,21.061924039883287,40.7423585980645,2.6411382209043537,905.1115524372997,0.0,0.0,True
B4,S2,120,10800,229.27370291278746,25.330988461631645,131.95043605355409,229.27370291278746,2.6411382209043537,905.1115524372997,3.58930494393033,-2.0184257970845225,True
S0,S2,120,10800,89.44940545801822,9.88269404109884,45.276899478851206,89.44940545801822,2.6411382209043537,905.1115524372997,2.5319724211711105,1.0908217778420268,True
S1,S2,120,10800,63.15604289761133,6.977708187189045,41.80327412750752,64.87545172594099,2.6411382209043537,905.1115524372997,2.152884713151134,0.8645219293890235,True
S2,S2,120,10800,58.241340724354664,6.4347141043025475,55.17131505865288,81.44133394289773,2.6411382209043537,905.1115524372997,2.9956342223221553,0.8772486800027578,True
B3,S2,120,10800,201.5342210231047,22.26623011057697,131.78123234276103,201.5342210231047,0.0,905.1115524372997,3.8591694444444444,2.228789351851853,True
B1,S2,120,11400,482.2046078412093,62.28582770498632,233.5095226932552,483.69880179870427,14.029053457988615,774.180300091936,6.167913425925926,5.7633578703703705,True
B2,S2,120,11400,66.62022054806226,8.605259077265455,33.565772769489485,67.83197302996315,14.029053457988615,774.180300091936,0.0,0.0,True
B4,S2,120,11400,387.95523033829835,50.11174144992163,181.96387091043064,388.54034269439126,14.029053457988615,774.180300091936,4.56217406780946,4.288951006767412,True
S0,S2,120,11400,280.97099571408273,36.29270800105824,173.9243279263541,281.30875174983794,14.029053457988615,774.180300091936,3.380075916180247,2.6809973719051117,True
S1,S2,120,11400,199.33165376434172,25.7474458780042,115.50474782367193,200.48173236949594,14.029053457988615,774.180300091936,2.6178771150812215,1.8709691960833217,True
S2,S2,120,11400,299.6993014446646,38.71182222139655,179.97030637917817,300.3368150644501,14.029053457988615,774.180300091936,3.498568852878324,2.6915730627914725,True
B3,S2,120,11400,326.72209506026303,42.202326127578274,209.91247822572265,386.24024744152877,0.0,774.180300091936,6.167913425925926,5.7633578703703705,True
B1,S2,120,12000,277.4826488459479,55.0539685705883,161.55093707098334,277.4826488459479,16.569596308672697,504.01933965971807,2.8579543981481486,2.510778935185185,True
B2,S2,120,12000,56.51569511951359,11.213001302225704,22.234536086272403,56.51569511951359,16.569596308672697,504.01933965971807,0.0,0.0,True
B4,S2,120,12000,188.74448641025495,37.44786589690849,127.01676756367125,188.74448641025495,16.569596308672697,504.01933965971807,2.369466346023834,1.3584399772147993,True
S0,S2,120,12000,356.0601958172798,70.6441534679342,202.67284865431824,356.0601958172798,16.569596308672697,504.01933965971807,3.798765016327455,3.559467748480156,True
S1,S2,120,12000,256.3978003960982,50.87062741862282,118.6335106599352,256.3978003960982,16.569596308672697,504.01933965971807,2.7031611009090493,2.4701349930982244,True
S2,S2,120,12000,337.6053118192284,66.98261063695652,190.08934597025916,337.6053118192284,16.569596308672697,504.01933965971807,3.5978704592101645,3.209183654392119,True
B3,S2,120,12000,98.97952497978201,19.638041081242385,53.16667252049869,98.97952497978201,0.0,504.01933965971807,2.8579543981481486,2.510778935185185,True
B1,S2,120,12600,116.95907909796098,37.368405014998174,67.54569843226159,116.95907909796098,51.80334507973352,312.9892192375305,2.279775,0.5482939814814817,True
B2,S2,120,12600,30.606750717125404,9.778851422322521,20.707264146669342,30.606750717125404,51.80334507973352,312.9892192375305,0.0,0.0,True
B4,S2,120,12600,141.20775880116554,45.1158538767438,123.62142593201155,165.83813976247907,51.80334507973352,312.9892192375305,1.910229184816111,-1.3383799094161748,True
S0,S2,120,12600,240.17988911702358,76.73743194801504,165.29285668789734,240.341201142713,51.80334507973352,312.9892192375305,2.5524852179469697,2.344204476955772,True
S1,S2,120,12600,285.37736831769854,91.17801853140601,195.74683180181344,285.51692553872823,51.80334507973352,312.9892192375305,3.0527024981189443,2.8981744446240283,True
S2,S2,120,12600,198.1878764694501,63.32099135946386,144.64353343528356,198.34621348482088,51.80334507973352,312.9892192375305,2.1642498668617676,1.87105797108235,True
B3,S2,120,12600,40.48171455841198,12.93390061709762,48.904642266173525,101.18693511272488,0.0,312.9892192375305,2.279775,0.5482939814814817,True
B1,S2,120,14400,101.62259520436787,13.10318413240373,73.79648949292645,122.30047213255354,10.256581948131167,775.5564920518718,3.6471055555555556,-3.4845810185185186,True
B2,S2,120,14400,11.49663960964391,1.4823729447776934,13.675720130530443,24.79345954203049,10.256581948131167,775.5564920518718,0.0,0.0,True
B4,S2,120,14400,95.56706280182223,12.322385768312333,65.27777032482305,95.56706280182223,10.256581948131167,775.5564920518718,4.4581203857323395,-4.4170966125654765,True
S0,S2,120,14400,120.3003762690876,15.51149110373787,77.49763480845819,120.3003762690876,10.256581948131167,775.5564920518718,2.6072027001570683,2.2540989853139966,True
S1,S2,120,14400,41.41539064309036,5.3400869011512775,19.489152955866984,41.41539064309036,10.256581948131167,775.5564920518718,1.5730687361660423,0.19691403603028074,True
S2,S2,120,14400,98.83153452316955,12.743305682567785,72.3489781208558,100.9446316423703,10.256581948131167,775.5564920518718,2.3800213193204893,2.0622486554999795,True
B3,S2,120,14400,97.00975863793147,12.508406496769178,73.99013735486555,122.8775005399824,0.0,775.5564920518718,3.6471055555555556,-3.4845810185185186,True
B1,S2,120,15000,95.97501567542164,14.401445870648457,54.557550217373695,100.74139408987146,5.822759366315564,666.4262500963741,2.002391435185185,1.2204770833333336,True
B2,S2,120,15000,22.822149209905646,3.4245573619894563,15.950844729248548,24.27039055078677,5.822759366315564,666.4262500963741,0.0,0.0,True
B4,S2,120,15000,59.29844589108393,8.897975714868462,31.450423980707654,61.578137317788695,5.822759366315564,666.4262500963741,1.7899163984173576,0.12927872157453005,True
S0,S2,120,15000,117.08075795512056,17.568449312761782,84.33276637643654,132.3888954111393,5.822759366315564,666.4262500963741,3.577868618467517,3.2779047797184475,True
S1,S2,120,15000,94.20332037555542,14.135595703490425,87.50795884479219,138.3812195073377,5.822759366315564,666.4262500963741,3.115750212323278,2.9725902026928637,True
S2,S2,120,15000,107.61560293084968,16.148163868888272,84.56784706874977,134.41631891045674,5.822759366315564,666.4262500963741,3.330068324702633,2.9547926968056837,True
B3,S2,120,15000,121.73667755174347,18.267089199163255,68.78532262606609,123.20314118150581,0.0,666.4262500963741,2.002391435185185,1.2204770833333336,True
B1,S2,120,15600,280.7213598601558,42.297859298478244,160.865069718459,280.7213598601558,26.0404232691697,663.6774638622323,3.062993287037037,1.709259953703704,True
B2,S2,120,15600,60.244792518574826,9.077420252901728,22.11302930746041,60.244792518574826,26.0404232691697,663.6774638622323,0.0,0.0,True
B4,S2,120,15600,113.48952517408105,17.10010228667934,54.55353426373019,113.48952517408105,26.0404232691697,663.6774638622323,3.1292290763741364,-1.652087617491906,True
S0,S2,120,15600,249.87964619881413,37.65076559096252,177.69097911740906,284.9938292544159,26.0404232691697,663.6774638622323,3.706327801275265,3.23179039548467,True
S1,S2,120,15600,192.78361911076146,29.047787458213275,131.76590006770795,224.74148422297893,26.0404232691697,663.6774638622323,2.760951583124005,2.30288230577181,True
S2,S2,120,15600,239.54208143032997,36.09314681808371,167.46440770297195,271.11010241202433,26.0404232691697,663.6774638622323,3.802269177230183,2.861115501304091,True
B3,S2,120,15600,236.2706263707338,35.60021836447039,153.07840856390607,236.2706263707338,0.0,663.6774638622323,3.062993287037037,1.709259953703704,True
B1,S2,120,16200,325.3166716826108,37.06296777578876,161.4353347201429,325.3166716826108,22.274646194460004,877.7404811471212,3.906506018518518,-2.328096759259259,True
B2,S2,120,16200,201.09520509838225,22.910553793254522,89.80052836462932,201.09520509838225,22.274646194460004,877.7404811471212,0.0,0.0,True
B4,S2,120,16200,449.9282373564356,51.25982531515731,205.4457791578279,449.9282373564356,22.274646194460004,877.7404811471212,5.073119978316359,-4.552714188315835,True
S0,S2,120,16200,264.47267308680455,30.131078464236325,136.32813533365504,264.47267308680455,22.274646194460004,877.7404811471212,2.651357112264111,2.1169996866230054,True
S1,S2,120,16200,199.8157055978318,22.76478183354289,97.60304185630615,199.8157055978318,22.274646194460004,877.7404811471212,1.715971433807095,0.18738963678310946,True
S2,S2,120,16200,211.95104722395823,24.14734785240381,105.28324842676535,211.95104722395823,22.274646194460004,877.7404811471212,2.7815836791482593,1.1768722170799382,True
B3,S2,120,16200,286.1979709998199,32.60621757193961,142.4196521501154,286.1979709998199,0.0,877.7404811471212,3.906506018518518,-2.328096759259259,True
B1,S2,120,16800,275.7765735020673,38.34283854379424,121.14174830400586,275.7790126432613,9.914867281857973,719.2388043652068,3.404712962962963,2.069407407407408,True
B2,S2,120,16800,33.89159628298215,4.712147909329579,11.543112393701596,34.288062089638814,9.914867281857973,719.2388043652068,0.0,0.0,True
B4,S2,120,16800,400.32034599994967,55.658891535095705,173.41462169081828,400.32034599994967,9.914867281857973,719.2388043652068,3.9593927686913957,3.900352606573064,True
S0,S2,120,16800,152.10880553189133,21.148581612770617,105.16444110208046,153.61098459299765,9.914867281857973,719.2388043652068,2.150525940745169,1.4260121045097245,True
S1,S2,120,16800,113.72266393017179,15.81153064044456,65.09933048084024,115.04744021717863,9.914867281857973,719.2388043652068,1.5770381928589519,0.9342639152627805,True
S2,S2,120,16800,97.40908774097178,13.543358221188317,65.21971321850563,98.33840875759465,9.914867281857973,719.2388043652068,2.36329336019607,0.719267805269719,True
B3,S2,120,16800,133.13473780399826,18.51050541155127,100.3399293652834,192.04451752436793,0.0,719.2388043652068,3.404712962962963,2.069407407407408,True
B1,S2,120,17400,288.7380156963439,42.416648011733905,211.5411231745953,288.7380156963439,14.49878407108111,680.7186075063476,3.3946462962962958,2.8982356481481477,True
B2,S2,120,17400,63.16808366394322,9.279617593434773,23.82887723458062,63.16808366394322,14.49878407108111,680.7186075063476,0.0,0.0,True
B4,S2,120,17400,74.5014414491785,10.944528418592375,70.73473212304636,118.90933357883164,14.49878407108111,680.7186075063476,2.356735286193562,0.10389398142534144,True
S0,S2,120,17400,130.47061975400015,19.16660104708296,68.16386663892615,130.47061975400015,14.49878407108111,680.7186075063476,1.9895444658270582,0.9204652180697184,True
S1,S2,120,17400,116.18419374217545,17.067873929256745,57.79289848901313,116.18419374217545,14.49878407108111,680.7186075063476,1.5139997080577916,0.5913107579466166,True
S2,S2,120,17400,112.54620351730799,16.5334401434382,59.747769734084486,112.54620351730799,14.49878407108111,680.7186075063476,2.0027706093713693,0.44807210962608307,True
B3,S2,120,17400,96.81679008678589,14.222733008790726,95.11292346154767,162.0368843017361,0.0,680.7186075063476,3.3946462962962958,2.8982356481481477,True
B1,S2,120,18000,668.248189863029,73.75704831727755,361.85048471414854,668.248189863029,0.016732335071082315,906.0126524972288,7.567055787037037,-7.567055787037037,True
B2,S2,120,18000,19.978598754602842,2.205112555496453,10.743452135667036,20.886587479489144,0.016732335071082315,906.0126524972288,0.0,0.0,True
B4,S2,120,18000,487.6675983745701,53.825694048578605,238.32825824706248,487.6675983745701,0.016732335071082315,906.0126524972288,5.536084275954146,-5.5074709797888435,True
S0,S2,120,18000,102.24845128846036,11.28554342002118,60.089592591925495,102.24845128846036,0.016732335071082315,906.0126524972288,1.8531868685581139,1.1263852818218854,True
S1,S2,120,18000,87.66830452132344,9.676278171136422,45.06085040605516,87.66830452132344,0.016732335071082315,906.0126524972288,1.4455283929140004,0.7837777452246396,True
S2,S2,120,18000,80.7991798685586,8.918107230164287,47.25123099329466,80.7991798685586,0.016732335071082315,906.0126524972288,1.8055797883744595,0.7446326932026488,True
B3,S2,120,18000,668.248189863029,73.75704831727755,361.85048471414854,668.248189863029,0.0,906.0126524972288,7.567055787037037,-7.567055787037037,True
B1,S2,120,18600,358.56015423696107,52.487299637085904,189.66472963836353,358.56015423696107,4.58214690482377,683.1369811671805,4.651887268518518,4.651887268518518,True
B2,S2,120,18600,18.700946928270895,2.7375105496878835,14.961547161432419,23.56017130125133,4.58214690482377,683.1369811671805,0.0,0.0,True
B4,S2,120,18600,159.04542658584816,23.281630327509063,91.38804990465925,159.04542658584816,4.58214690482377,683.1369811671805,2.735006886235451,2.395262443061333,True
S0,S2,120,18600,85.85651153570296,12.567978883094861,55.834566364147925,85.85651153570296,4.58214690482377,683.1369811671805,1.7696143570871308,1.252224882182233,True
S1,S2,120,18600,98.51481980533904,14.42094667997926,59.26986602614404,98.51481980533904,4.58214690482377,683.1369811671805,1.853103470014795,1.4291136945272644,True
S2,S2,120,18600,79.92499705419029,11.699702879155165,56.3219835621294,79.92499705419029,4.58214690482377,683.1369811671805,1.8377702080154033,1.1272208473533738,True
B3,S2,120,18600,372.1372104180327,54.47475699269186,191.49119435684665,372.1372104180327,0.0,683.1369811671805,4.651887268518518,4.651887268518518,True
B1,S2,120,19200,74.00595455410556,17.696046330805725,126.0244197205932,193.05691904539574,158.0063084295532,418.20615277930256,3.324614351851852,3.324614351851852,True
B2,S2,120,19200,29.16722724737221,6.97436588475169,19.772599475015024,32.124465433384856,158.0063084295532,418.20615277930256,0.0,0.0,True
B4,S2,120,19200,85.95282829397952,20.552741207358302,99.39765869670549,147.46413809480046,158.0063084295532,418.20615277930256,2.1421814492942586,2.1421814492942586,True
S0,S2,120,19200,72.50104278005028,17.336197064109392,56.79266630062678,89.3465936230829,158.0063084295532,418.20615277930256,2.1919695897782754,1.4499805744919199,True
S1,S2,120,19200,80.27319465231147,19.19464697466409,70.04498976720633,105.3155367332045,158.0063084295532,418.20615277930256,2.1786288647518974,1.6643114783488901,True
S2,S2,120,19200,41.60862408482558,9.949309403581026,37.11774766853918,55.29872629710965,158.0063084295532,418.20615277930256,1.9759507194487447,1.0388751352672807,True
B3,S2,120,19200,226.65527080475363,54.19701965130223,135.17936442721572,226.65527080475363,0.0,418.20615277930256,3.324614351851852,3.324614351851852,True
B1,S2,120,19800,87.20177750425383,23.3409397707214,68.91702834744207,115.87142557497137,18.940229856820892,373.600113623697,2.064782175925926,1.754253472222222,True
B2,S2,120,19800,45.5404492374429,12.189624032960767,18.16607803706692,45.5404492374429,18.940229856820892,373.600113623697,0.0,0.0,True
B4,S2,120,19800,74.2628834307674,19.87763941248893,32.230991315420766,74.2628834307674,18.940229856820892,373.600113623697,1.7252662427946204,-1.5039215658353307,True
S0,S2,120,19800,105.05078890452005,28.118510962320226,70.15229157050754,105.05078890452005,18.940229856820892,373.600113623697,2.2757740061634717,1.4888351911059041,True
S1,S2,120,19800,92.46070370241353,24.748574834627366,51.7431516518983,92.46070370241353,18.940229856820892,373.600113623697,1.7858044610219497,1.2529111905746646,True
S2,S2,120,19800,128.62116468507264,34.427496136851914,77.27006631434126,128.62116468507264,18.940229856820892,373.600113623697,2.0446238633012044,1.0861452618118654,True
B3,S2,120,19800,92.83366540443096,24.848403953628413,60.26610896456404,92.83366540443096,0.0,373.600113623697,2.064782175925926,1.754253472222222,True
B1,S2,120,21000,68.1793893582358,9.481912695386095,74.29544314063753,107.03829201886481,18.586496151511565,719.0467951831272,1.4381087962962966,0.8544037037037041,True
B2,S2,120,21000,28.640876014287773,3.983172751224557,24.355645884970297,47.26969036665446,18.586496151511565,719.0467951831272,0.0,0.0,True
B4,S2,120,21000,119.86466700256632,16.6699396764628,97.72349802845902,179.17467232467138,18.586496151511565,719.0467951831272,2.9024276022667266,-2.441933048385832,True
S0,S2,120,21000,183.46290627845104,25.514738054249534,134.78608141443752,212.9742004232448,18.586496151511565,719.0467951831272,2.769320188003775,2.397748380770367,True
S1,S2,120,21000,163.10457507827883,22.683443716168608,129.3793692184662,196.6161732853789,18.586496151511565,719.0467951831272,2.5161235262085015,2.337937130300461,True
S2,S2,120,21000,166.3689104195502,23.137424648027153,119.75243595208232,189.26675178894223,18.586496151511565,719.0467951831272,2.4404444348297933,2.199665868608491,True
B3,S2,120,21000,47.50439605408068,6.606579206292441,56.73339607262385,71.46415374226056,0.0,719.0467951831272,1.4381087962962966,0.8544037037037041,True
B1,S2,120,21600,81.3171856780657,10.52525828258269,46.606458876585506,103.98345041096285,16.565331579888753,772.5908808587646,2.128224768518519,-0.5995428240740744,True
B2,S2,120,21600,37.71818776751529,4.882038955156973,19.00337933651386,37.78226180417306,16.565331579888753,772.5908808587646,0.0,0.0,True
B4,S2,120,21600,231.43187333872845,29.955294460825495,117.62423576525292,231.47057473650767,16.565331579888753,772.5908808587646,4.2872212262290565,-4.203128137155618,True
S0,S2,120,21600,42.874801639692855,5.549483264937822,52.78002548368657,75.35326480639061,16.565331579888753,772.5908808587646,2.188237234130692,1.7249576970980642,True
S1,S2,120,21600,27.97887099319139,3.6214342786562264,23.69177397138602,47.19494661156591,16.565331579888753,772.5908808587646,1.3345001362730489,0.7658192450607484,True
S2,S2,120,21600,52.436776850075894,6.787133805124697,42.884832241574806,65.32017408092858,16.565331579888753,772.5908808587646,1.9707855163661758,1.367973042921659,True
B3,S2,120,21600,80.26081500881914,10.388527356109373,56.242994398225875,113.46942361759001,0.0,772.5908808587646,2.128224768518519,-0.5995428240740744,True
B1,S2,120,22200,186.92472159691303,27.397842828215502,101.30806104915558,208.905061388079,33.65856185299909,682.260726762071,3.498109953703703,2.61676087962963,True
B2,S2,120,22200,61.38640916020633,8.997500039543386,42.15395412233321,91.51585913213391,33.65856185299909,682.260726762071,0.0,0.0,True
B4,S2,120,22200,80.79800831032446,11.84268786711237,58.47055542417272,99.22261547064535,33.65856185299909,682.260726762071,2.8701502733195157,0.7022325710404245,True
S0,S2,120,22200,50.9956651260427,7.47451276699776,53.04238945199091,76.36530979088117,33.65856185299909,682.260726762071,2.1274430355052916,0.5754761235302461,True
S1,S2,120,22200,59.901813314501425,8.779900551917793,51.046014050726775,86.06937064220413,33.65856185299909,682.260726762071,1.6517651071249577,0.11300320147669875,True
S2,S2,120,22200,82.72538598693856,12.125186566071815,63.29543569957912,105.64416817425703,33.65856185299909,682.260726762071,2.273815134875728,0.2017614508692382,True
B3,S2,120,22200,173.57242175224462,25.440775783181728,86.48292525791256,173.57242175224462,0.0,682.260726762071,3.498109953703703,2.61676087962963,True
B1,S2,120,23400,559.2808945344398,40.43662979347003,323.8314797244725,559.2808945344398,51.509694928901126,1383.1046192300528,3.6383016203703704,-2.724463194444444,True
B2,S2,120,23400,454.42463995629817,32.855406137625906,217.310894892929,454.42463995629817,51.509694928901126,1383.1046192300528,0.0,0.0,True
B4,S2,120,23400,508.3791752815793,36.75637896174362,242.29653452193185,508.3791752815793,51.509694928901126,1383.1046192300528,4.220799680469271,2.530512142131481,True
S0,S2,120,23400,428.3469903587638,30.96996311075992,205.61630283860896,428.3469903587638,51.509694928901126,1383.1046192300528,1.8648811267198027,-0.669831245275958,True
S1,S2,120,23400,461.9992751200919,33.40306067210432,230.6877395136562,461.9992751200919,51.509694928901126,1383.1046192300528,1.601970585481965,-1.4564979167987677,True
S2,S2,120,23400,446.51644234809265,32.283634667973246,221.57732107493848,446.51644234809265,51.509694928901126,1383.1046192300528,1.7264643313089187,-0.9243262441063359,True
B3,S2,120,23400,373.3344326118989,26.992494090557432,257.7153578920305,373.3344326118989,0.0,1383.1046192300528,3.6383016203703704,-2.724463194444444,True
B1,S2,120,24000,616.9900303464485,43.60584641630923,274.6897624431273,616.9900303464485,44.579902731346024,1414.9250182096803,2.8547023148148147,2.3461611111111114,True
B2,S2,120,24000,598.0218547355514,42.26526826787153,252.29261005085823,598.0218547355514,44.579902731346024,1414.9250182096803,0.0,0.0,True
B4,S2,120,24000,830.2334620160408,58.67685222405241,358.6637407302029,830.2334620160408,44.579902731346024,1414.9250182096803,6.19611766833146,6.19611766833146,True
S0,S2,120,24000,569.179877527682,40.226857974980994,240.0447474846931,569.179877527682,44.579902731346024,1414.9250182096803,2.5314241908298305,-1.8357375566481857,True
S1,S2,120,24000,576.4701405092243,40.74209820946117,245.21210254314792,576.4701405092243,44.579902731346024,1414.9250182096803,1.4750817781569177,-1.196839557472517,True
S2,S2,120,24000,564.137130397092,39.87046120019143,236.79694333871151,564.137130397092,44.579902731346024,1414.9250182096803,2.4401352228119335,-1.7687026862918636,True
B3,S2,120,24000,96.57612264362646,6.825529367331794,86.23361111251316,122.80082665415041,0.0,1414.9250182096803,2.8547023148148147,2.3461611111111114,True
B1,S2,120,24600,474.9498769707818,29.16622132166513,233.65567583560482,474.9498769707818,36.31371864730687,1628.4244425519105,1.824346527777778,-1.340239583333334,True
B2,S2,120,24600,441.35630646249183,27.10327202967063,209.83313660637876,441.35630646249183,36.31371864730687,1628.4244425519105,0.0,0.0,True
B4,S2,120,24600,790.1902397143695,48.5248329038871,327.81229413542025,790.1902397143695,36.31371864730687,1628.4244425519105,4.7011196439550895,4.649627410230563,True
S0,S2,120,24600,530.7528092350009,32.593026447285204,284.3989625386759,530.7528092350009,36.31371864730687,1628.4244425519105,3.1341066223559655,-2.577824930078159,True
S1,S2,120,24600,484.6430967400792,29.761472750961232,243.91072519654838,484.6430967400792,36.31371864730687,1628.4244425519105,2.1517301343339357,-1.6412044359795765,True
S2,S2,120,24600,528.825059163634,32.474645144413955,282.25306319173217,528.825059163634,36.31371864730687,1628.4244425519105,2.9771039497496097,-2.5098078441450697,True
B3,S2,120,24600,154.1215244410978,9.464456588453888,122.9910638439874,183.046975391263,0.0,1628.4244425519105,1.824346527777778,-1.340239583333334,True
B1,S2,120,25200,250.87523996208404,17.22194069910239,150.5211708345069,271.0177218680789,62.0250624328274,1456.7187539738752,2.533825462962963,2.187743518518518,True
B2,S2,120,25200,429.66439920226804,29.495357153201972,147.96150556850003,429.66439920226804,62.0250624328274,1456.7187539738752,0.0,0.0,True
B4,S2,120,25200,354.35001646116524,24.32521826842082,273.64657287357284,460.27348911073926,62.0250624328274,1456.7187539738752,6.219841185616201,6.219841185616201,True
S0,S2,120,25200,414.1240174340284,28.42854986965146,175.42103707425247,414.1240174340284,62.0250624328274,1456.7187539738752,2.8074358529060106,-1.457549539659218,True
S1,S2,120,25200,382.3548268716779,26.2476765558642,137.63495984586896,382.3548268716779,62.0250624328274,1456.7187539738752,1.9612492258602534,-0.7448801771536069,True
S2,S2,120,25200,406.12954565337657,27.879749920529964,165.04555418245633,406.12954565337657,62.0250624328274,1456.7187539738752,3.0261408168600146,-1.745767451583256,True
B3,S2,120,25200,218.99792821881658,15.03364514401962,150.58162089256135,224.5649107829829,0.0,1456.7187539738752,2.533825462962963,2.187743518518518,True
B1,S2,120,25800,728.6509240045109,81.75529914381949,322.9662515539901,728.6509240045109,69.61582228429324,891.2583424380941,6.133472916666666,4.701864583333332,True
B2,S2,120,25800,446.78222262389767,50.129373420696,298.45824486000714,446.88584738992796,69.61582228429324,891.2583424380941,0.0,0.0,True
B4,S2,120,25800,648.1349187968175,72.72132982495323,471.50427941005086,659.9336546049536,69.61582228429324,891.2583424380941,5.756678231724883,-4.692706117403856,True
S0,S2,120,25800,421.65263108147815,47.30981029900045,275.1808278792462,421.84306958919956,69.61582228429324,891.2583424380941,2.2764170487158153,-0.06680319751789493,True
S1,S2,120,25800,427.30120388453304,47.94358532629532,276.0813331459406,427.6833731478219,69.61582228429324,891.2583424380941,2.0272425098931564,0.4252898735103876,True
S2,S2,120,25800,438.11770002658466,49.1572060720448,291.03097536214216,438.20406041816005,69.61582228429324,891.2583424380941,2.6166145864494026,-0.25165978037308584,True
B3,S2,120,25800,492.33417414285145,55.24034398332137,193.58194896478918,492.33417414285145,0.0,891.2583424380941,6.133472916666666,4.701864583333332,True
B1,S2,120,26400,630.2577117103757,119.50041888731309,576.3077742154852,878.5724215266647,62.06441202092367,527.4104623053232,9.59068726851852,9.59068726851852,True
B2,S2,120,26400,256.7503128879138,48.6813082481626,98.68336338832933,256.7503128879138,62.06441202092367,527.4104623053232,0.0,0.0,True
B4,S2,120,26400,499.745114848871,94.75449399780081,481.64900418456244,742.8560308916225,62.06441202092367,527.4104623053232,7.905578404620525,7.89737641793726,True
S0,S2,120,26400,190.08561092421652,36.04130454548587,84.96514084117732,190.08561092421652,62.06441202092367,527.4104623053232,1.6914642885331996,0.7833036091334611,True
S1,S2,120,26400,189.76562542770893,35.980633489566934,88.04885439272647,189.76562542770893,62.06441202092367,527.4104623053232,1.700433815134004,0.7561025549209692,True
S2,S2,120,26400,175.8498926129678,33.342132016934954,86.8874596612943,175.8498926129678,62.06441202092367,527.4104623053232,1.9521124339684306,0.45319035381144224,True
B3,S2,120,26400,984.8642625241165,186.7358220804442,652.4584957574492,984.8642625241165,0.0,527.4104623053232,9.59068726851852,9.59068726851852,True
B1,S2,120,27600,884.9812430188869,71.53060510341687,648.6665110289131,931.7438520303947,70.34163525606704,1237.206426171576,8.039225,-6.169837037037037,True
B2,S2,120,27600,597.2269923517455,48.272218743626375,387.33479362764666,597.5554755563502,70.34163525606704,1237.206426171576,0.0,0.0,True
B4,S2,120,27600,673.0845585091735,54.40357763028868,426.27367560756056,673.0845585091735,70.34163525606704,1237.206426171576,4.825697874089928,-0.8149240267266454,True
S0,S2,120,27600,600.0283442437991,48.49864432894459,388.15017272962785,600.2687475525117,70.34163525606704,1237.206426171576,2.0414943347024392,-0.7732521952700819,True
S1,S2,120,27600,617.7841790209092,49.93379972431818,407.9735345194791,617.7984107909409,70.34163525606704,1237.206426171576,2.6399712090706084,-1.6718826083145806,True
S2,S2,120,27600,610.9868686267516,49.38439177990657,396.2319855895266,611.221811042813,70.34163525606704,1237.206426171576,2.188787982053495,-0.8082721546986302,True
B3,S2,120,27600,746.8413525592141,60.365136872934585,594.4210556537876,853.1496900283544,0.0,1237.206426171576,8.039225,-6.169837037037037,True
B1,S2,120,28200,1266.9470018053305,316.9713519438994,647.3113790414834,1266.9470018053305,61.77370363119164,399.7039461249378,10.834471759259259,10.820492592592592,True
B2,S2,120,28200,35.85816947436483,8.971182251765018,31.30134619981855,35.85816947436483,61.77370363119164,399.7039461249378,0.0,0.0,True
B4,S2,120,28200,1028.4272736832975,257.2972530428399,512.5511109911187,1028.4272736832975,61.77370363119164,399.7039461249378,9.004056281730966,8.759872366365904,True
S0,S2,120,28200,24.006972577576462,6.00618853286789,30.676160117708612,68.19906317028433,61.77370363119164,399.7039461249378,1.1248393575148836,0.06523496167802172,True
S1,S2,120,28200,82.20873703708143,20.56740691055999,70.84656569434419,84.22054430979237,61.77370363119164,399.7039461249378,0.916020983651258,0.67211776031662,True
S2,S2,120,28200,30.45682761765821,7.619846617210565,33.41805650136231,63.84937589514896,61.77370363119164,399.7039461249378,1.1825687217441216,0.1964261873252363,True
B3,S2,120,28200,1293.7948513943088,323.68828577686844,653.8799975732112,1293.7948513943088,0.0,399.7039461249378,10.834471759259259,10.820492592592592,True
B1,S2,120,30000,783.1920499925374,110.81219688844753,395.7011558989486,783.1920499925374,73.78890644385375,706.7742288161306,7.689271527777777,7.540832638888888,True
B2,S2,120,30000,306.72973338668606,43.39854523282041,204.91506174828396,307.7725572707202,73.78890644385375,706.7742288161306,0.0,0.0,True
B4,S2,120,30000,805.8495205099014,114.01795476608208,410.65731950173057,805.8495205099014,73.78890644385375,706.7742288161306,7.7599529596712,7.759374903360794,True
S0,S2,120,30000,293.1710496865802,41.48015557636433,193.01887586098616,294.58651435604133,73.78890644385375,706.7742288161306,1.5001666070915052,-0.06722965072157495,True
S1,S2,120,30000,312.3723717960803,44.19691028057347,203.87912420094435,313.9288563396411,73.78890644385375,706.7742288161306,1.416549410413045,0.32548656359500466,True
S2,S2,120,30000,306.52229086453474,43.36919462640415,202.02394733826873,307.8349916344144,73.78890644385375,706.7742288161306,1.8677295001748337,-0.22337235122867025,True
B3,S2,120,30000,757.5342001110192,107.18192164135824,382.9132214513731,757.5342001110192,0.0,706.7742288161306,7.689271527777777,7.540832638888888,True
B1,S2,120,30600,967.7056776284876,122.46154676187996,552.0435569558201,967.7056776284876,55.828958798424246,790.2118691266741,6.707113657407406,5.956807638888888,True
B2,S2,120,30600,470.7241425363636,59.56935866536633,171.09347804316045,470.7241425363636,55.828958798424246,790.2118691266741,0.0,0.0,True
B4,S2,120,30600,857.9985054378154,108.57828627480093,467.8103494620694,857.9985054378154,55.828958798424246,790.2118691266741,5.620705838077348,4.447694590215952,True
S0,S2,120,30600,448.04670312355614,56.69956636044054,165.93486927120773,448.04670312355614,55.828958798424246,790.2118691266741,1.9463764290958807,-1.273357683148224,True
S1,S2,120,30600,452.0531375467347,57.2065739845612,167.4965636297634,452.0531375467347,55.828958798424246,790.2118691266741,1.6620342499204588,-0.7826133599046614,True
S2,S2,120,30600,426.46268316416325,53.96814447187196,155.34030153164963,426.46268316416325,55.828958798424246,790.2118691266741,2.2859948104864363,-1.4234248986798168,True
B3,S2,120,30600,665.2952325755585,84.19200705132778,513.4040055558169,697.4845220779822,0.0,790.2118691266741,6.707113657407406,5.956807638888888,True
B1,S2,120,31800,930.8573618368528,86.6898532753577,425.2684936269424,930.8573618368528,73.78265650768948,1073.7789102954412,5.532360416666667,5.361559953703704,True
B2,S2,120,31800,579.0905901397233,53.93015122455622,299.3344624538036,579.0905901397233,73.78265650768948,1073.7789102954412,0.0,0.0,True
B4,S2,120,31800,848.6330787943841,79.03238466109283,386.03901128208605,848.6330787943841,73.78265650768948,1073.7789102954412,4.489846237387684,4.168718046508088,True
S0,S2,120,31800,553.0090894757817,51.50120608381347,282.9216112317797,553.0090894757817,73.78265650768948,1073.7789102954412,2.4677853703956627,-0.8121604828848672,True
S1,S2,120,31800,577.0921965265388,53.744042744121025,289.3824547103171,577.0921965265388,73.78265650768948,1073.7789102954412,1.9578881256670373,0.3509727912004232,True
S2,S2,120,31800,550.1768297957061,51.23744045637194,285.4951161648241,550.1768297957061,73.78265650768948,1073.7789102954412,2.5912764240055695,-1.1220336472164962,True
B3,S2,120,31800,623.4983322996256,58.065801658190075,288.5369011679366,623.4983322996256,0.0,1073.7789102954412,5.532360416666667,5.361559953703704,True
B1,S2,120,32400,543.9451759591927,62.60946036498328,264.72871301468183,543.9451759591927,63.361580750315014,868.7907111613035,3.33865,0.9226060185185184,True
B2,S2,120,32400,509.83155288426127,58.682896390866645,251.01180303277684,510.030673034017,63.361580750315014,868.7907111613035,0.0,0.0,True
B4,S2,120,32400,477.8480677822324,55.00151666487063,240.38332485651446,477.8480677822324,63.361580750315014,868.7907111613035,3.3137945843939267,-0.741109900102103,True
S0,S2,120,32400,552.4102189220141,63.583808139892874,272.39801236834336,552.6576233228093,63.361580750315014,868.7907111613035,1.7414644272241466,0.5499032725225453,True
S1,S2,120,32400,528.7186199740426,60.856845403803845,262.5023545522218,528.9655479388683,63.361580750315014,868.7907111613035,1.50378555479126,0.12122720432288564,True
S2,S2,120,32400,540.3039934475232,62.190351082978836,265.9646174640633,540.5471070222369,63.361580750315014,868.7907111613035,1.805119896790205,0.35135237058256125,True
B3,S2,120,32400,104.64879769089549,12.045340304227302,66.55887264217708,104.64879769089549,0.0,868.7907111613035,3.33865,0.9226060185185184,True
B1,S2,120,33000,230.47118506688398,33.661137233457616,153.70258547468814,256.896586344243,83.27642206131415,684.6803287376943,4.094371990740741,1.21941412037037,True
B2,S2,120,33000,270.0775556051647,39.4457886796735,136.71517229335058,270.0775556051647,83.27642206131415,684.6803287376943,0.0,0.0,True
B4,S2,120,33000,265.4271072037211,38.766574131474435,172.96094202420804,298.81631854433357,83.27642206131415,684.6803287376943,3.7565231832408608,1.8645097654994194,True
S0,S2,120,33000,280.94617542508337,41.033189305007156,163.84098031864707,280.94617542508337,83.27642206131415,684.6803287376943,1.6465888131167787,1.1932230595498696,True
S1,S2,120,33000,277.59358749760355,40.54353190041065,141.52075609220327,277.59358749760355,83.27642206131415,684.6803287376943,1.194055979703943,0.5990658473894654,True
S2,S2,120,33000,270.78537229166926,39.549167827108555,151.99288432252294,270.78537229166926,83.27642206131415,684.6803287376943,1.5996383619777408,0.835377818227801,True
B3,S2,120,33000,160.0857016444294,23.38108675322544,107.35786797028476,163.75211775353839,0.0,684.6803287376943,4.094371990740741,1.21941412037037,True
B1,S2,120,34800,389.4625325117379,160.38187150746347,197.71798111147342,389.4625325117379,66.24787233131791,242.83451044129635,4.4343307870370365,2.9547493055555556,True
B2,S2,120,34800,97.25675004478548,40.050629487564805,59.14201414289256,97.25675004478548,66.24787233131791,242.83451044129635,0.0,0.0,True
B4,S2,120,34800,293.89918009271247,121.02858838252345,135.35248545148139,293.89918009271247,66.24787233131791,242.83451044129635,3.6147997024559824,2.1048551164236926,True
S0,S2,120,34800,90.3149036938409,37.19195576020647,55.30639008004409,90.3149036938409,66.24787233131791,242.83451044129635,0.7373715978107631,-0.45741021540703886,True
S1,S2,120,34800,87.57087994531187,36.06195832139829,53.6126769727369,87.57087994531187,66.24787233131791,242.83451044129635,0.850413877849367,-0.43714492064103316,True
S2,S2,120,34800,90.1741341494732,37.133986427877275,55.61388633570764,90.1741341494732,66.24787233131791,242.83451044129635,0.9934385001699684,-0.5754161250383354,True
B3,S2,120,34800,326.74563159861196,134.55485837034706,165.4909781883343,326.74563159861196,0.0,242.83451044129635,4.4343307870370365,2.9547493055555556,True
B1,S2,120,36600,574.4583318414494,316.7017715221465,314.7659399735162,574.4583318414494,56.912739788473104,181.38778608040667,4.730807870370371,4.730807870370371,True
B2,S2,120,36600,69.86507213876077,38.51696613563085,36.7669665677417,69.86507213876077,56.912739788473104,181.38778608040667,0.0,0.0,True
B4,S2,120,36600,528.1560673326679,291.1750999036637,289.90582523006935,528.1560673326679,56.912739788473104,181.38778608040667,4.315879595878136,4.315879595878136,True
S0,S2,120,36600,92.58633633934352,51.0433135218384,51.9027490310021,92.58633633934352,56.912739788473104,181.38778608040667,1.3051076137692736,-0.6600975603830092,True
S1,S2,120,36600,70.696209273126,38.97517622371077,37.76633019372699,70.696209273126,56.912739788473104,181.38778608040667,1.4555259391099924,-0.3893980559201175,True
S2,S2,120,36600,109.22123289044289,60.214215769757864,62.549260176756746,109.22123289044289,56.912739788473104,181.38778608040667,1.265830842401304,-0.8407472020028114,True
B3,S2,120,36600,558.6453656248926,307.98400360719603,308.9278800584313,558.6453656248926,0.0,181.38778608040667,4.730807870370371,4.730807870370371,True
B1,S2,120,37800,447.3505971891986,56.034077590754904,304.0949985078589,471.11809043591694,70.9050340428214,798.3545307133015,6.6343451388888885,-6.6343451388888885,True
B2,S2,120,37800,337.96470993569665,42.332660106999974,160.23513049135136,337.96470993569665,70.9050340428214,798.3545307133015,0.0,0.0,True
B4,S2,120,37800,323.38645112651267,40.50662189360638,235.75295775212214,359.13072102627314,70.9050340428214,798.3545307133015,4.981783254331623,-4.898898156040368,True
S0,S2,120,37800,410.2471144911945,51.386583116733014,197.14362808583917,410.2471144911945,70.9050340428214,798.3545307133015,2.297896513655343,0.29684464264702026,True
S1,S2,120,37800,462.88339198439286,57.97967872378991,217.87932532981918,462.88339198439286,70.9050340428214,798.3545307133015,2.2248262217792565,1.55165323932725,True
S2,S2,120,37800,372.3940194421131,46.645193972832125,171.75487164305395,372.3940194421131,70.9050340428214,798.3545307133015,2.4160947606564296,-0.11752749066944518,True
B3,S2,120,37800,447.3505971891986,56.034077590754904,304.0949985078589,471.11809043591694,0.0,798.3545307133015,6.6343451388888885,-6.6343451388888885,True
B1,S2,120,38400,224.23739885751257,23.077765594089286,129.7818902966539,224.23739885751257,51.93957966955853,971.6599206421639,3.753776851851852,-2.7069203703703706,True
B2,S2,120,38400,245.68910385460737,25.285503563040145,129.00644129564216,245.68910385460737,51.93957966955853,971.6599206421639,0.0,0.0,True
B4,S2,120,38400,269.3893196095096,27.72465076376433,130.2216058094918,269.3893196095096,51.93957966955853,971.6599206421639,3.0497429333899246,-2.273478625789893,True
S0,S2,120,38400,307.3502909709228,31.631467393220966,199.97000123441424,307.3502909709228,51.93957966955853,971.6599206421639,2.5563173679307027,-0.23295414077261617,True
S1,S2,120,38400,270.6388408033722,27.85324731975244,178.93833927963226,277.6574307417018,51.93957966955853,971.6599206421639,2.1483575567381634,-0.5119472615465708,True
S2,S2,120,38400,289.8482606012926,29.830216770671548,177.33053721108894,289.8482606012926,51.93957966955853,971.6599206421639,2.7000928982558823,-0.7680369152697193,True
B3,S2,120,38400,161.5353505202251,16.624679796761342,82.2846357237681,161.5353505202251,0.0,971.6599206421639,3.753776851851852,-2.7069203703703706,True
B1,S2,120,39000,246.61139664844714,36.602104953125526,102.72990495452467,246.61139664844714,39.57281728446905,673.7628804798794,4.528791666666666,1.767818518518518,True
B2,S2,120,39000,88.17346643301312,13.086720712517236,66.55374995843788,89.09197648004498,39.57281728446905,673.7628804798794,0.0,0.0,True
B4,S2,120,39000,184.8545408159808,27.436142027343568,76.797829742189,184.8545408159808,39.57281728446905,673.7628804798794,4.19539794130001,1.2951060641917653,True
S0,S2,120,39000,23.01016546204729,3.4151726265564792,34.14364124283528,70.91239180027564,39.57281728446905,673.7628804798794,1.372851070414381,-0.2535714875005779,True
S1,S2,120,39000,41.731825005591276,6.193844483665869,47.40916284426665,86.01391587797782,39.57281728446905,673.7628804798794,1.2653715627671052,-0.38301173003781497,True
S2,S2,120,39000,25.666216250782895,3.8093841311801633,37.59847953566004,69.72867308559108,39.57281728446905,673.7628804798794,1.5660354213530954,-0.378505833847038,True
B3,S2,120,39000,362.68560471648266,53.82985843004058,155.06193139707878,362.68560471648266,0.0,673.7628804798794,4.528791666666666,1.767818518518518,True
B1,S2,120,39600,649.151742814374,281.1045508829687,402.57815333159624,673.4243477362971,47.816113382728744,230.92893401239638,6.1054157407407414,5.586940740740741,True
B2,S2,120,39600,55.889573241901715,24.20206609488854,16.545768131683403,56.55102227330372,47.816113382728744,230.92893401239638,0.0,0.0,True
B4,S2,120,39600,1141.9980293457666,494.52357896584044,695.0390022611296,1171.2474652742806,47.816113382728744,230.92893401239638,10.101526722343536,10.093785714054324,True
S0,S2,120,39600,44.63409328845065,19.328064488469284,42.27163576192448,62.262817995510325,47.816113382728744,230.92893401239638,0.5383433243001199,0.2560334333115523,True
S1,S2,120,39600,44.099799878879416,19.09669746126837,17.7722734413776,46.27360301342478,47.816113382728744,230.92893401239638,0.45445184979996706,-0.005640678139745757,True
S2,S2,120,39600,36.47301605074255,15.794043395525595,40.46396960737693,52.249568748819634,47.816113382728744,230.92893401239638,0.6934085158126997,0.1599873215335213,True
B3,S2,120,39600,670.4357452397107,290.3212402148452,406.12687177262796,670.5574770034912,0.0,230.92893401239638,6.1054157407407414,5.586940740740741,True
B1,S2,120,40800,203.4733797776121,21.24962916244383,81.84502942314056,203.4733797776121,31.106002757119597,957.5384973645887,3.3065349537037036,-2.289462268518518,True
B2,S2,120,40800,207.77935708642886,21.699321505954615,90.28774153068676,207.77935708642886,31.106002757119597,957.5384973645887,0.0,0.0,True
B4,S2,120,40800,195.85458356604056,20.4539644207608,74.30197682874004,195.85458356604056,31.106002757119597,957.5384973645887,2.755909270091017,-1.6742297266335848,True
S0,S2,120,40800,209.6679341445339,21.896553999823315,79.38710758256578,209.6679341445339,31.106002757119597,957.5384973645887,2.0566565868607096,-0.024747641334029707,True
S1,S2,120,40800,218.6237373098997,22.83184831853892,87.89706245033884,218.6237373098997,31.106002757119597,957.5384973645887,1.7715723419430192,0.12424825142609151,True
S2,S2,120,40800,210.6331255156001,21.997353223428703,78.18322335672349,210.6331255156001,31.106002757119597,957.5384973645887,2.2997451188194886,-0.13257376140385108,True
B3,S2,120,40800,232.34944909097356,24.265285388573268,108.84639306554703,232.34944909097356,0.0,957.5384973645887,3.3065349537037036,-2.289462268518518,True
B1,S2,120,41400,302.3964856717575,30.759764284211865,252.72010504454877,397.7764998233111,21.161158767609457,983.0910369718574,4.705723842592593,-2.9969474537037026,True
B2,S2,120,41400,37.276832386242546,3.7917986213223562,19.596018033781487,38.3156279126524,21.161158767609457,983.0910369718574,0.0,0.0,True
B4,S2,120,41400,275.2888675438568,28.002377927461197,84.80798133992722,275.2888675438568,21.161158767609457,983.0910369718574,3.3180110352721823,2.6526544601167434,True
S0,S2,120,41400,62.85194644587017,6.3932986958632405,35.805573207166226,63.65332091595339,21.161158767609457,983.0910369718574,1.9813330066177854,0.27125968408127915,True
S1,S2,120,41400,21.69599364990465,2.2069160264885754,33.693830226905945,59.73120081680341,21.161158767609457,983.0910369718574,1.6819601996214752,-0.24131173119311294,True
S2,S2,120,41400,68.66653221661305,6.9847582405106134,39.65887136132149,69.45703957352335,21.161158767609457,983.0910369718574,2.0350612652967546,0.30034416663591357,True
B3,S2,120,41400,327.98049108489005,33.36216878704785,254.77309684286263,398.7171868009255,0.0,983.0910369718574,4.705723842592593,-2.9969474537037026,True
B1,S2,120,42000,63.65927591900951,8.613720945567941,109.25037753813274,179.78451409275536,37.70830616016636,739.0450227176725,4.252166898148148,1.1011696759259255,True
B2,S2,120,42000,152.96469077825338,20.69761463459425,47.913705800363594,152.96469077825338,37.70830616016636,739.0450227176725,0.0,0.0,True
B4,S2,120,42000,133.8734787747592,18.11438744049307,152.2889719259098,269.6454889442934,37.70830616016636,739.0450227176725,4.198033584424293,2.860093033502534,True
S0,S2,120,42000,117.16061188545507,15.852973538015744,44.958014722141534,117.16061188545507,37.70830616016636,739.0450227176725,1.5495007644393146,0.05630188353212214,True
S1,S2,120,42000,134.2934869961461,18.17121864948253,45.237323956485426,134.2934869961461,37.70830616016636,739.0450227176725,1.4532995795620745,0.05880178825526639,True
S2,S2,120,42000,116.81516313421405,15.806230952568013,45.90522710806135,116.81516313421405,37.70830616016636,739.0450227176725,1.8693173148063624,-0.19999062403250567,True
B3,S2,120,42000,237.64530182810898,32.155727259243506,157.94467992058836,237.64530182810898,0.0,739.0450227176725,4.252166898148148,1.1011696759259255,True
B1,S2,120,43200,405.40829355143984,42.17441234326777,197.6345580959103,405.40829355143984,32.81529266175953,961.2660165877913,2.193138194444444,2.0727993055555554,True
B2,S2,120,43200,272.0590075368938,28.30215599451049,132.43723795167293,272.0590075368938,32.81529266175953,961.2660165877913,0.0,0.0,True
B4,S2,120,43200,511.55887244871843,53.21720144280149,256.1922873568165,511.55887244871843,32.81529266175953,961.2660165877913,3.169033172045726,3.1688853964413526,True
S0,S2,120,43200,299.9746494017208,31.206205589847194,140.67525033682412,299.9746494017208,32.81529266175953,961.2660165877913,1.935101866220034,0.8959758502844957,True
S1,S2,120,43200,308.7510686098878,32.119211881208734,144.8334197450819,308.7510686098878,32.81529266175953,961.2660165877913,1.888803975275849,0.9778841293053292,True
S2,S2,120,43200,284.75783410188313,29.62320826785168,133.8657606637139,284.75783410188313,32.81529266175953,961.2660165877913,1.9329934854109903,0.6944917616571291,True
B3,S2,120,43200,244.8281905552559,25.46934837292212,125.87605478116883,244.8281905552559,0.0,961.2660165877913,2.193138194444444,2.0727993055555554,True
B1,S2,120,43800,439.98781122766735,45.02015043514924,240.50310001076085,439.98781122766735,37.256872721216844,977.3130630948519,2.469520138888889,1.4921756944444444,True
B2,S2,120,43800,272.0544633489442,27.8369821935492,125.2527600874687,272.0544633489442,37.256872721216844,977.3130630948519,0.0,0.0,True
B4,S2,120,43800,343.77089150106656,35.175104527146004,163.93090943836137,343.77089150106656,37.256872721216844,977.3130630948519,2.338065604344829,-1.1848100316105412,True
S0,S2,120,43800,371.507894266775,38.01319232246041,185.0461827744962,371.507894266775,37.256872721216844,977.3130630948519,2.1966576266120708,1.0571677980838474,True
S1,S2,120,43800,346.91494623213146,35.49680847747577,173.1691870445135,346.91494623213146,37.256872721216844,977.3130630948519,1.8717799995563462,0.5714281565324859,True
S2,S2,120,43800,343.08766226505,35.10519558375657,165.96256688275287,343.08766226505,37.256872721216844,977.3130630948519,2.3238913690389116,0.7107988008247598,True
B3,S2,120,43800,181.77538677916553,18.59950446211559,151.39221592787405,196.58369894703458,0.0,977.3130630948519,2.469520138888889,1.4921756944444444,True
B1,S2,120,44400,498.78237799797455,37.525707013163625,238.8149355281345,498.78237799797455,31.412784378351034,1329.175164702445,4.722781712962964,-4.658758564814814,True
B2,S2,120,44400,279.85307314690664,21.054642050098472,113.72289850096881,279.85307314690664,31.412784378351034,1329.175164702445,0.0,0.0,True
B4,S2,120,44400,535.6005034805424,40.29570501345053,276.36709310573235,535.6005034805424,31.412784378351034,1329.175164702445,4.82463214491779,-4.818450705670712,True
S0,S2,120,44400,201.5436023440946,15.163058090181293,113.53391739579456,201.5436023440946,31.412784378351034,1329.175164702445,2.3232961944960917,-0.22212011159802525,True
S1,S2,120,44400,273.3635344712049,20.56640401736676,123.01817345160954,273.3635344712049,31.412784378351034,1329.175164702445,2.6684702727035985,-1.8663354114314132,True
S2,S2,120,44400,204.25987015369103,15.367415490299017,108.76411452463041,204.25987015369103,31.412784378351034,1329.175164702445,2.2600939575154824,-0.40952787287866826,True
B3,S2,120,44400,456.184145099662,34.32084477757944,221.07137862266714,456.184145099662,0.0,1329.175164702445,4.722781712962964,-4.658758564814814,True
B1,S2,120,45000,516.2987546995515,41.24633040810625,334.55464361310356,516.2987546995515,38.57632394229557,1251.7446996886829,5.892231481481482,-3.931981481481482,True
B2,S2,120,45000,288.7689526785625,23.06931699014833,126.15512801013067,288.7689526785625,38.57632394229557,1251.7446996886829,0.0,0.0,True
B4,S2,120,45000,438.18624186537346,35.00603932849512,275.2158231980286,438.18624186537346,38.57632394229557,1251.7446996886829,4.882509686786364,-2.994089826516691,True
S0,S2,120,45000,290.47194918182623,23.205366817536238,135.77918219752198,290.47194918182623,38.57632394229557,1251.7446996886829,2.4748101821480883,-1.5712340390242419,True
S1,S2,120,45000,414.3961434186334,33.105484171148994,221.04914409243815,414.3961434186334,38.57632394229557,1251.7446996886829,3.0659497109368035,-2.996426087810315,True
S2,S2,120,45000,321.1440595417939,25.65571554819961,150.89196123873901,321.1440595417939,38.57632394229557,1251.7446996886829,2.4102022952383284,-1.92058953002208,True
B3,S2,120,45000,420.1676017435592,33.56655728984174,308.17055968305186,466.72522461008623,0.0,1251.7446996886829,5.892231481481482,-3.931981481481482,True
B1,S2,120,45600,870.4780804981541,80.51190928550477,453.6487327510676,870.4780804981541,39.46122292901871,1081.1792792186006,6.22464861111111,6.0218592592592595,True
B2,S2,120,45600,383.04267733047845,35.428229590869925,208.63399441013829,383.04267733047845,39.46122292901871,1081.1792792186006,0.0,0.0,True
B4,S2,120,45600,876.921938194563,81.10791198554412,440.15598030954175,876.921938194563,39.46122292901871,1081.1792792186006,6.185391931075717,6.032466792880121,True
S0,S2,120,45600,433.7381071056613,40.117130936798596,252.70603556621487,433.7381071056613,39.46122292901871,1081.1792792186006,2.625669383521544,-2.3703542787742666,True
S1,S2,120,45600,387.29245028544875,35.82129788552331,208.53855411815468,387.29245028544875,39.46122292901871,1081.1792792186006,1.5711851484257986,-0.01149499524027649,True
S2,S2,120,45600,431.5456919167865,39.91435095099834,252.35397032117504,431.5456919167865,39.46122292901871,1081.1792792186006,2.7573001319634756,-2.325137400745765,True
B3,S2,120,45600,722.4701825711687,66.82242218823494,384.47778425090166,722.4701825711687,0.0,1081.1792792186006,6.22464861111111,6.0218592592592595,True
B1,S2,120,46200,645.7464853475218,68.88308466799934,283.3903148604748,645.7464853475218,36.04711771464906,937.4529152692154,6.164703703703704,4.512210648148148,True
B2,S2,120,46200,203.34285192749357,21.690993607833423,111.79811412942003,203.34285192749357,36.04711771464906,937.4529152692154,0.0,0.0,True
B4,S2,120,46200,944.1907885309175,100.71874257916912,430.94269347595053,944.1907885309175,36.04711771464906,937.4529152692154,7.7116502029521055,7.314725676977815,True
S0,S2,120,46200,303.04838272624545,32.32678439526926,195.61409922999258,303.04838272624545,36.04711771464906,937.4529152692154,2.238062097890317,-2.06001299587319,True
S1,S2,120,46200,203.4465403370177,21.702054260356363,114.62275775951817,203.4465403370177,36.04711771464906,937.4529152692154,1.3460027759125055,-0.26670710065572323,True
S2,S2,120,46200,296.9383686958229,31.675016831170538,188.05125576987297,296.9383686958229,36.04711771464906,937.4529152692154,2.3843079811898322,-2.01963628155167,True
B3,S2,120,46200,538.194809595513,57.41032971676829,229.0351020901832,538.194809595513,0.0,937.4529152692154,6.164703703703704,4.512210648148148,True
B1,S2,120,46800,906.6028575589289,99.40698375774697,486.37429694982154,906.6028575589289,36.99204559948242,912.0112322976258,7.616060185185185,-7.616060185185185,True
B2,S2,120,46800,340.2051790191723,37.302740028990094,131.4160662835819,340.2051790191723,36.99204559948242,912.0112322976258,0.0,0.0,True
B4,S2,120,46800,390.3051478118277,42.79609000302921,176.6059103492981,390.3051478118277,36.99204559948242,912.0112322976258,4.61915842659224,-0.9856154013434525,True
S0,S2,120,46800,381.7439341624856,41.85737199757505,173.93090445957463,381.7439341624856,36.99204559948242,912.0112322976258,2.2747314031537753,-2.000436955299029,True
S1,S2,120,46800,365.8970111181709,40.119792186809825,158.9759769268703,365.8970111181709,36.99204559948242,912.0112322976258,2.120592276143257,-1.7917942220857606,True
S2,S2,120,46800,402.16596481630506,44.09660216608628,186.72481102067002,402.16596481630506,36.99204559948242,912.0112322976258,2.7341223390480347,-2.377666456112861,True
B3,S2,120,46800,906.6028575589289,99.40698375774697,486.37429694982154,906.6028575589289,0.0,912.0112322976258,7.616060185185185,-7.616060185185185,True
B1,S2,120,47400,426.61907251678304,39.25651840941317,303.4248184344182,477.5772657454629,34.5390146058456,1086.7470927184559,5.844162037037036,-2.6693935185185182,True
B2,S2,120,47400,294.40341908993673,27.090334178258342,169.943303419009,294.40341908993673,34.5390146058456,1086.7470927184559,0.0,0.0,True
B4,S2,120,47400,372.8862134384138,34.31214271810503,198.8493776182211,372.8862134384138,34.5390146058456,1086.7470927184559,5.360272779807377,0.8696855473070091,True
S0,S2,120,47400,380.77645730400405,35.0381850437259,240.35894398288053,380.77645730400405,34.5390146058456,1086.7470927184559,3.324860362722929,-2.3823783717473668,True
S1,S2,120,47400,331.4988086957159,30.50376770426728,210.5457807860561,331.4988086957159,34.5390146058456,1086.7470927184559,3.007113811720823,-1.5869312433116014,True
S2,S2,120,47400,408.2659648503786,37.56770711289571,257.94331208846546,408.2659648503786,34.5390146058456,1086.7470927184559,3.804363991641256,-2.7446902950907446,True
B3,S2,120,47400,315.7978562624673,29.05900171055541,263.4486450946568,435.3888363606907,0.0,1086.7470927184559,5.844162037037036,-2.6693935185185182,True
B1,S2,120,48000,82.10217665510577,9.411199080371237,289.0132105683261,482.62069772829096,121.92656154860389,872.3880554853499,9.891829861111113,9.374813194444446,True
B2,S2,120,48000,136.80281015519466,15.681417150889912,69.82618829758444,136.81978713279614,121.92656154860389,872.3880554853499,0.0,0.0,True
B4,S2,120,48000,65.03080791532129,7.454344142658124,271.87350796338313,451.37452453979716,121.92656154860389,872.3880554853499,9.254707553380495,8.741324966127086,True
S0,S2,120,48000,294.164652495085,33.71947273297175,187.37420459470016,295.30948289242605,121.92656154860389,872.3880554853499,2.985521425539324,-0.6138124501820795,True
S1,S2,120,48000,219.70363221643996,25.184163267137883,113.97125456411077,220.13335743464344,121.92656154860389,872.3880554853499,2.7190931239924088,1.027805660867076,True
S2,S2,120,48000,308.40516163202494,35.351832214213985,193.4939681234457,309.0219990765987,121.92656154860389,872.3880554853499,2.9066814179140614,-0.9146458051522856,True
B3,S2,120,48000,444.25823667622933,50.92438323551644,366.2937350870613,528.4933007854931,0.0,872.3880554853499,9.891829861111113,9.374813194444446,True
B1,S2,120,48600,62.28926995908959,9.092046646895971,158.3052155498848,237.21865695952707,64.77803302030203,685.096242663418,4.1141608796296305,-3.654475694444445,True
B2,S2,120,48600,144.7923819442018,21.134604589465987,62.73671159112015,144.7923819442018,64.77803302030203,685.096242663418,0.0,0.0,True
B4,S2,120,48600,76.71518460343874,11.19772373954301,88.88351682198471,150.2940196306782,64.77803302030203,685.096242663418,3.0319504093002547,-2.30004605771142,True
S0,S2,120,48600,171.99238121631998,25.104849582545206,75.2757485824271,171.99238121631998,64.77803302030203,685.096242663418,2.3064356558986407,1.5476671380438778,True
S1,S2,120,48600,189.1751835979278,27.612935499759843,81.70472840324062,189.1751835979278,64.77803302030203,685.096242663418,2.1174229918895398,1.6847361931900082,True
S2,S2,120,48600,157.06710249559993,22.926282865744113,76.1092091604597,157.06710249559993,64.77803302030203,685.096242663418,2.013264178706551,1.161745350667566,True
B3,S2,120,48600,35.88304580457188,5.237664954207159,144.32721621661187,202.03550610758825,0.0,685.096242663418,4.1141608796296305,-3.654475694444445,True
B1,S2,120,49800,985.491268527103,70.90973815777046,587.6800951504755,985.491268527103,54.32334328258223,1389.7826929418868,8.282762037037037,-7.85995,True
B2,S2,120,49800,602.1679894171143,43.32821184745418,279.15316866131514,602.1679894171143,54.32334328258223,1389.7826929418868,0.0,0.0,True
B4,S2,120,49800,878.887908199348,63.23923248309571,526.2504720122598,878.887908199348,54.32334328258223,1389.7826929418868,7.025977930674353,-6.03534033069988,True
S0,S2,120,49800,643.880112788222,46.329553250174605,331.83625751721274,643.880112788222,54.32334328258223,1389.7826929418868,3.52898594660308,-2.9779656769519307,True
S1,S2,120,49800,649.4503645124835,46.73035344379843,336.69294920414166,649.4503645124835,54.32334328258223,1389.7826929418868,3.6926652066742993,-3.0457598236411205,True
S2,S2,120,49800,660.5076950317118,47.5259692314596,349.13396329255227,660.5076950317118,54.32334328258223,1389.7826929418868,4.007378708382866,-3.3635881088410917,True
B3,S2,120,49800,905.539000824053,65.15687707314957,560.3811467948614,905.539000824053,0.0,1389.7826929418868,8.282762037037037,-7.85995,True
B1,S2,120,50400,609.2938231017863,37.86901114833822,401.4523430642554,609.2938231017863,33.89721674170973,1608.9509723797569,7.2229687500000015,4.590782175925929,True
B2,S2,120,50400,618.0138822143067,38.410982859236455,289.16668558052123,618.0138822143067,33.89721674170973,1608.9509723797569,0.0,0.0,True
B4,S2,120,50400,524.5035366629468,32.59910001404005,301.4454643410009,524.5035366629468,33.89721674170973,1608.9509723797569,5.924039039401351,2.4950860682308575,True
S0,S2,120,50400,711.3070872310326,44.20936992125727,354.58040002271866,711.3070872310326,33.89721674170973,1608.9509723797569,4.701091453441194,-4.1743571703710565,True
S1,S2,120,50400,538.5990938227536,33.47517128046021,244.99360086665246,538.5990938227536,33.89721674170973,1608.9509723797569,3.783419021176763,-0.14526246654682326,True
S2,S2,120,50400,710.5440433338307,44.16194498971486,354.7416689052532,710.5440433338307,33.89721674170973,1608.9509723797569,4.997038518209425,-4.2591204035807175,True
B3,S2,120,50400,522.7927668098858,32.49277173664508,404.08753749778504,532.100152966662,0.0,1608.9509723797569,7.2229687500000015,4.590782175925929,True
B1,S2,120,51000,845.6658889841482,46.41255492848874,384.01488152579066,845.6658889841482,39.936189070388764,1822.0627808297309,6.071695601851852,4.625757175925928,True
B2,S2,120,51000,496.7017003776992,27.26040538249243,219.85245687265936,496.7017003776992,39.936189070388764,1822.0627808297309,0.0,0.0,True
B4,S2,120,51000,1097.413757227764,60.22919565526847,517.0259520918764,1097.413757227764,39.936189070388764,1822.0627808297309,7.482839908525301,7.2652585974644985,True
S0,S2,120,51000,678.9513531836654,37.26278591094894,444.988602598583,678.9513531836654,39.936189070388764,1822.0627808297309,4.455217922704935,-4.131740678214635,True
S1,S2,120,51000,638.9274290304952,35.06615884769571,295.41813806666386,638.9274290304952,39.936189070388764,1822.0627808297309,4.394455361317092,1.894000878157937,True
S2,S2,120,51000,672.7198187269886,36.920781534247986,432.68027288604037,672.7198187269886,39.936189070388764,1822.0627808297309,4.208327889677603,-3.9894092652714606,True
B3,S2,120,51000,528.2770703044223,28.993351703493747,255.21333134019073,528.2770703044223,0.0,1822.0627808297309,6.071695601851852,4.625757175925928,True
B1,S2,120,51600,674.4783200809374,45.41014074150458,336.6299610297797,674.4783200809374,56.895922352806195,1485.3033024503898,2.4788136574074073,-1.894495601851852,True
B2,S2,120,51600,653.8012549136699,44.018030111092905,326.80616339769216,653.8012549136699,56.895922352806195,1485.3033024503898,0.0,0.0,True
B4,S2,120,51600,732.4305283648604,49.31184944896627,347.65281525470186,732.4305283648604,56.895922352806195,1485.3033024503898,1.984727614926512,0.03800322416800284,True
S0,S2,120,51600,667.9732327742831,44.97217717568456,328.5541127530726,667.9732327742831,56.895922352806195,1485.3033024503898,2.098313874006376,-1.1435850334423718,True
S1,S2,120,51600,704.7672670340984,47.4493839656455,345.2582524543137,704.7672670340984,56.895922352806195,1485.3033024503898,2.0206930865909727,0.30237598826261664,True
S2,S2,120,51600,668.1254941270442,44.98242837168674,333.26976130945394,668.1254941270442,56.895922352806195,1485.3033024503898,2.088226609375667,-1.2425981706184261,True
B3,S2,120,51600,211.15636644822143,14.216380324467382,143.4087823327476,226.39821275651227,0.0,1485.3033024503898,2.4788136574074073,-1.894495601851852,True
B1,S2,120,52200,306.2442745920796,32.39114516867134,189.64260372392673,370.38241492711404,54.46748614382275,945.4567691181185,5.4661432870370374,4.209032175925926,True
B2,S2,120,52200,186.82423583264318,19.760209238007235,131.25060277059762,207.1838675601544,54.46748614382275,945.4567691181185,0.0,0.0,True
B4,S2,120,52200,416.5255044492998,44.05547858500362,289.53825242060947,512.5178274554805,54.46748614382275,945.4567691181185,7.320808919027387,7.1563036272965626,True
S0,S2,120,52200,246.67382633388928,26.090439498780682,160.80929686476523,269.4249950427377,54.46748614382275,945.4567691181185,2.4371670550814324,0.6754560367340908,True
S1,S2,120,52200,248.40257467613844,26.27328745108438,158.4878001919899,276.4481409041867,54.46748614382275,945.4567691181185,2.7217452784965164,1.1891456434502126,True
S2,S2,120,52200,223.43325192051364,23.632307601850755,146.14749600426504,240.52571699736188,54.46748614382275,945.4567691181185,2.7982460772275735,0.6510816246422274,True
B3,S2,120,52200,42.052959958442614,4.447898765129982,39.19377816253298,77.85329442754275,0.0,945.4567691181185,5.4661432870370374,4.209032175925926,True
B1,S2,120,52800,658.3760051083817,53.0078306057058,279.99624363941535,658.3760051083817,47.022302482382315,1242.0353702185157,8.320636805555557,3.6267192129629637,True
B2,S2,120,52800,653.0262904655036,52.577109003797084,217.50157474130546,653.0262904655036,47.022302482382315,1242.0353702185157,0.0,0.0,True
B4,S2,120,52800,794.6927003755142,63.983097376341306,277.78541360860504,794.6927003755142,47.022302482382315,1242.0353702185157,7.379378948936554,-5.366017063930425,True
S0,S2,120,52800,621.6530183072036,50.051152584956895,215.04655181398883,621.6530183072036,47.022302482382315,1242.0353702185157,4.828117775790068,-2.1307517879646434,True
S1,S2,120,52800,593.0241014883371,47.74615246134289,207.74193952445736,593.0241014883371,47.022302482382315,1242.0353702185157,5.090649627271496,-1.1089095822979054,True
S2,S2,120,52800,608.2461230547576,48.97172316016626,206.44168402462884,608.2461230547576,47.022302482382315,1242.0353702185157,5.207441002516231,-2.2149836461986245,True
B3,S2,120,52800,310.74847743314297,25.019293724177267,105.47582292127511,310.74847743314297,0.0,1242.0353702185157,8.320636805555557,3.6267192129629637,True
B1,S2,120,53400,2060.4553930124466,87.05038141680721,1070.1874978143903,2060.4553930124466,48.57327078153663,2366.9688282544676,17.509165509259258,-17.509165509259258,True
B2,S2,120,53400,1148.5387655445502,48.52361179557847,476.07790174273646,1148.5387655445502,48.57327078153663,2366.9688282544676,0.0,0.0,True
B4,S2,120,53400,1726.367158863178,72.93577922343387,872.4019452102663,1726.367158863178,48.57327078153663,2366.9688282544676,13.40511274352537,-13.22379054644974,True
S0,S2,120,53400,1373.305385748564,58.019580543496836,648.4260557617498,1373.305385748564,48.57327078153663,2366.9688282544676,8.974224871066749,-8.514681418833463,True
S1,S2,120,53400,1528.904967123081,64.59337144083047,744.5563680595695,1528.904967123081,48.57327078153663,2366.9688282544676,11.037270247165903,-10.822901504989874,True
S2,S2,120,53400,1384.000400108091,58.471424869956095,657.098201650436,1384.000400108091,48.57327078153663,2366.9688282544676,9.076629955041032,-8.664716026876743,True
B3,S2,120,53400,2012.2389200849261,85.01332573817042,1052.757010831282,2012.2389200849261,0.0,2366.9688282544676,17.509165509259258,-17.509165509259258,True
B1,S2,120,54000,1654.5445996936514,56.423258395518864,760.8151637164565,1654.5445996936514,64.52762537318623,2932.3804522162363,3.477861805555555,1.2909261574074076,True
B2,S2,120,54000,1612.9241084732762,55.003916945847166,724.1225677547847,1612.9241084732762,64.52762537318623,2932.3804522162363,0.0,0.0,True
B4,S2,120,54000,1605.4247833121694,54.748175056849135,732.0042156820637,1605.4247833121694,64.52762537318623,2932.3804522162363,3.642521235749338,-0.18848613446561274,True
S0,S2,120,54000,1851.5062100532489,63.140040667435095,954.6430475860369,1851.5062100532489,64.52762537318623,2932.3804522162363,13.192760706196095,-13.005600270591612,True
S1,S2,120,54000,1545.4872419249898,52.704185800888844,697.7679751488431,1545.4872419249898,64.52762537318623,2932.3804522162363,3.9087481587117168,-2.2302918110517256,True
S2,S2,120,54000,1832.0680602413406,62.47716113564661,936.0658072070307,1832.0680602413406,64.52762537318623,2932.3804522162363,13.019852271383503,-12.797387759045122,True
B3,S2,120,54000,168.96588475081518,5.762072401727887,179.22362724338555,239.32209553629863,0.0,2932.3804522162363,3.477861805555555,1.2909261574074076,True
B1,S2,120,54600,1540.3614826604385,72.40021619485937,803.8479318984206,1540.3614826604385,64.60764637463106,2127.564755490065,10.558221527777777,10.364735416666665,True
B2,S2,120,54600,804.9473586780418,37.83421193648367,519.9622751333469,804.9473586780418,64.60764637463106,2127.564755490065,0.0,0.0,True
B4,S2,120,54600,1410.3879798286168,66.29118931347153,713.1776439090172,1410.3879798286168,64.60764637463106,2127.564755490065,9.991928851657137,7.906238121502285,True
S0,S2,120,54600,1251.14475721206,58.806424292541465,845.6962411326233,1251.14475721206,64.60764637463106,2127.564755490065,9.029193471707739,-7.067107154079951,True
S1,S2,120,54600,1278.3089551299827,60.08319849402355,634.7456482202829,1278.3089551299827,64.60764637463106,2127.564755490065,8.22414572468314,5.7481196860177155,True
S2,S2,120,54600,1199.689101605243,56.38790069771133,814.8955313194533,1199.689101605243,64.60764637463106,2127.564755490065,8.54033114142125,-6.88367612462943,True
B3,S2,120,54600,976.7218748981817,45.907974005388276,444.7257590916278,976.7218748981817,0.0,2127.564755490065,10.558221527777777,10.364735416666665,True
B1,S2,120,55200,565.7579717202688,59.715596501224425,581.6664238826095,834.6662366099484,52.83159660446589,947.4207826236288,17.39763425925926,17.39763425925926,True
B2,S2,120,55200,227.00975441359893,23.96081641622385,101.16625328625324,227.00975441359893,52.83159660446589,947.4207826236288,0.0,0.0,True
B4,S2,120,55200,191.75055502854696,20.239217731486214,126.46397089674946,197.8389318120692,52.83159660446589,947.4207826236288,2.3229427587836398,1.1752190877183415,True
S0,S2,120,55200,274.05527106217863,28.926457608757087,128.20573715036383,274.05527106217863,52.83159660446589,947.4207826236288,3.133597161262692,2.488104198627668,True
S1,S2,120,55200,511.12122759140215,53.9487033602945,478.38669068932023,695.1533894720152,52.83159660446589,947.4207826236288,14.615849596937684,14.615849596937684,True
S2,S2,120,55200,206.60845467810128,21.807464905504222,108.40644676003863,206.60845467810128,52.83159660446589,947.4207826236288,3.224624131716391,2.4991778251462913,True
B3,S2,120,55200,1045.5346397282758,110.35589031865513,752.313225177377,1062.6433723814087,0.0,947.4207826236288,17.39763425925926,17.39763425925926,True
B1,S2,120,55800,180.96751721771858,24.672284773956633,179.6890626795132,325.58910503496617,55.38044626170413,733.4850374649648,3.7005236111111115,3.6338712962962956,True
B2,S2,120,55800,129.367987817189,17.63744060332905,69.3183033520884,129.367987817189,55.38044626170413,733.4850374649648,0.0,0.0,True
B4,S2,120,55800,156.25375948754726,21.302923918882364,105.76929532885481,193.69406240117272,55.38044626170413,733.4850374649648,2.5064223205409064,0.7364991093372338,True
S0,S2,120,55800,193.13012206734493,26.330478769523623,170.4663217625444,291.0333072122066,55.38044626170413,733.4850374649648,3.7292202521817557,3.622736423166544,True
S1,S2,120,55800,167.54384933826216,22.84216320449004,150.79753462016066,265.00222937614865,55.38044626170413,733.4850374649648,3.0035902943837813,2.8841991125968383,True
S2,S2,120,55800,198.15955575697413,27.01616878809737,149.2463516017157,245.66466849603694,55.38044626170413,733.4850374649648,3.2596277997180647,2.9813488112240747,True
B3,S2,120,55800,129.1159949367021,17.603085044917414,103.0193139218506,153.58143956107227,0.0,733.4850374649648,3.7005236111111115,3.6338712962962956,True
B1,S2,120,56400,279.2284783892321,38.443913369555055,176.71364995467766,279.2284783892321,64.71505491716717,726.3268848440439,3.39783287037037,-1.7188124999999999,True
B2,S2,120,56400,318.1273162430335,43.799468652649615,140.64576729222162,318.1273162430335,64.71505491716717,726.3268848440439,0.0,0.0,True
B4,S2,120,56400,404.8302886485484,55.73665206341262,237.3454728679639,404.8302886485484,64.71505491716717,726.3268848440439,4.173362175140018,-3.844346864703677,True
S0,S2,120,56400,376.6695680712428,51.859510632340275,164.4765924683206,376.6695680712428,64.71505491716717,726.3268848440439,3.3259433272004126,3.2052798629920183,True
S1,S2,120,56400,284.54934726354367,39.176485574348774,126.41330171800351,284.54934726354367,64.71505491716717,726.3268848440439,2.0024566873158536,1.6012282979214274,True
S2,S2,120,56400,393.0289075627574,54.11184905363211,167.82141665129052,393.0289075627574,64.71505491716717,726.3268848440439,3.02065647010128,2.7730243627324116,True
B3,S2,120,56400,228.95602689604655,31.522449694975528,140.3926328426371,228.95602689604655,0.0,726.3268848440439,3.39783287037037,-1.7188124999999999,True
B1,S2,120,57000,202.26106422932375,25.65992065940605,205.3452498098395,324.8222895398354,73.67878834849185,788.237293926245,2.860372916666667,2.4184006944444447,True
B2,S2,120,57000,56.755450845742516,7.200300123207961,117.55987266074023,208.54008868386606,73.67878834849185,788.237293926245,0.0,0.0,True
B4,S2,120,57000,41.91062868413778,5.31700656732176,127.95779769473529,213.6150157081973,73.67878834849185,788.237293926245,2.2931617843138383,-0.8509676780239611,True
S0,S2,120,57000,322.2761543967746,40.88567705183077,248.19114201242542,368.69139289444735,73.67878834849185,788.237293926245,2.9665195456856956,2.14805548890251,True
S1,S2,120,57000,265.50175358139126,33.68297283409609,214.3106652731492,324.70354781683415,73.67878834849185,788.237293926245,2.6119337002303618,1.7987407114318539,True
S2,S2,120,57000,323.33094664698734,41.01949363959444,249.8645286631,371.3823454386017,73.67878834849185,788.237293926245,3.052479504683133,2.196648902272661,True
B3,S2,120,57000,119.20039788228173,15.122400170707385,111.07540642710809,166.00457695562528,0.0,788.237293926245,2.860372916666667,2.4184006944444447,True
B1,S2,120,57600,136.8966004624665,17.63511003210668,54.80594699132269,136.8966004624665,64.11597135350509,776.2730156672171,2.882584027777778,-1.9191525462962966,True
B2,S2,120,57600,200.8378776942044,25.872067383610073,65.55130797500757,200.8378776942044,64.11597135350509,776.2730156672171,0.0,0.0,True
B4,S2,120,57600,65.05226758548918,8.380075858952262,82.93670557867617,147.40600415747352,64.11597135350509,776.2730156672171,2.559375282362105,0.7576177159808161,True
S0,S2,120,57600,215.92171011067975,27.815176587723087,150.3500284846757,234.73833370242508,64.11597135350509,776.2730156672171,3.122367381425695,1.762792286811851,True
S1,S2,120,57600,166.61944852934414,21.464026852219316,111.34370421126265,166.61944852934414,64.11597135350509,776.2730156672171,2.3033306480904647,0.6520611996095201,True
S2,S2,120,57600,171.71927295692367,22.1209895862899,135.11803409106952,198.46882167434387,64.11597135350509,776.2730156672171,3.004025813391492,1.3159114746908238,True
B3,S2,120,57600,97.41002820439317,12.54842384552913,36.29079700377757,97.41002820439317,0.0,776.2730156672171,2.882584027777778,-1.9191525462962966,True
B1,S2,120,58200,262.843440199586,39.50426888303349,165.70856845319963,304.29835862148923,63.8840634094387,665.35452403341,2.8010918981481483,-0.9480317129629634,True
B2,S2,120,58200,136.3068774843174,20.486353148697145,111.32469128311531,195.24883424664483,63.8840634094387,665.35452403341,0.0,0.0,True
B4,S2,120,58200,211.51412596131362,31.78968780118983,126.01944179081079,278.0109960453831,63.8840634094387,665.35452403341,3.838864058750625,2.754560542320387,True
S0,S2,120,58200,134.5063235987468,20.21573743624124,127.26695649641292,201.5057585784696,63.8840634094387,665.35452403341,2.846299124161343,2.044980500814375,True
S1,S2,120,58200,153.42688102343567,23.059418021741973,124.61936999808295,224.4582072418134,63.8840634094387,665.35452403341,2.32702916717557,1.4957069501053795,True
S2,S2,120,58200,131.6215036338883,19.782161070460997,111.21052388366391,185.45427475907883,63.8840634094387,665.35452403341,2.29044707563341,1.0488762912904932,True
B3,S2,120,58200,190.42963755191707,28.62077744621375,136.49040228015988,200.48044133917307,0.0,665.35452403341,2.8010918981481483,-0.9480317129629634,True
B1,S2,120,58800,209.5682680792294,32.49689979929043,137.86940968889235,240.8905420828678,67.39408842003708,644.8869565207118,6.625202546296296,4.348164583333334,True
B2,S2,120,58800,336.16861508014557,52.128301197754,80.52573008696245,336.16861508014557,67.39408842003708,644.8869565207118,0.0,0.0,True
B4,S2,120,58800,231.37245616614862,35.877986649698606,177.69555577443296,306.1326586647372,67.39408842003708,644.8869565207118,8.235406425045703,6.498072785899153,True
S0,S2,120,58800,335.87294784841663,52.082453281504606,102.2031227160496,335.87294784841663,67.39408842003708,644.8869565207118,3.212515927091016,0.6504902511631367,True
S1,S2,120,58800,334.5505970215402,51.877401711844904,100.02941526115558,334.5505970215402,67.39408842003708,644.8869565207118,2.7806152966446165,0.001278447697163377,True
S2,S2,120,58800,309.8749915619339,48.051055836788606,88.33252606133897,309.8749915619339,67.39408842003708,644.8869565207118,2.873247003964168,-0.2216411603449608,True
B3,S2,120,58800,194.36951529703833,30.14009096194145,98.73183904035947,194.36951529703833,0.0,644.8869565207118,6.625202546296296,4.348164583333334,True
B1,S2,120,59400,862.0477717803725,61.94182252150052,384.44322466931584,862.0477717803725,72.098304252559,1391.7055338194943,8.914549305555555,-6.258334490740741,True
B2,S2,120,59400,915.8107742201557,65.804924387039,394.74265859619624,915.8107742201557,72.098304252559,1391.7055338194943,0.0,0.0,True
B4,S2,120,59400,984.021395787232,70.70614953197855,464.777334325299,984.021395787232,72.098304252559,1391.7055338194943,9.55531712601594,-8.889174280229895,True
S0,S2,120,59400,872.9687916051039,62.726544544898594,383.1710695577773,872.9687916051039,72.098304252559,1391.7055338194943,4.353741088447601,-2.7613831234543333,True
S1,S2,120,59400,861.9808149739843,61.93701138834331,371.46895553851664,861.9808149739843,72.098304252559,1391.7055338194943,4.147315039296836,-2.9232676022591497,True
S2,S2,120,59400,860.9868185820798,61.8655884926409,372.63721498851845,860.9868185820798,72.098304252559,1391.7055338194943,4.399173210056434,-3.228679365745735,True
B3,S2,120,59400,803.9336025746712,57.76607069803764,388.9018693367897,803.9336025746712,0.0,1391.7055338194943,8.914549305555555,-6.258334490740741,True
B1,S2,120,60000,1367.9219997810742,56.159408210532156,625.1194682848244,1367.9219997810742,67.64608087282099,2435.7842138452834,3.7868835648148145,-0.43741875000000086,True
B2,S2,120,60000,1515.5738849748345,62.22118841070299,693.8394493652789,1515.5738849748345,67.64608087282099,2435.7842138452834,0.0,0.0,True
B4,S2,120,60000,1432.286662314229,58.80186981149412,669.5085331766749,1432.286662314229,67.64608087282099,2435.7842138452834,7.676714177551857,-7.6560366886429145,True
S0,S2,120,60000,1511.2578323145547,62.04399485489674,726.297881955631,1511.2578323145547,67.64608087282099,2435.7842138452834,7.969168606223411,-7.958003385264623,True
S1,S2,120,60000,1410.3731797202474,57.902221867746775,644.4130062560038,1410.3731797202474,67.64608087282099,2435.7842138452834,2.9192212305437315,-1.2334812069755279,True
S2,S2,120,60000,1505.3149282519287,61.8000116634118,722.124059107658,1505.3149282519287,67.64608087282099,2435.7842138452834,7.97327119166238,-7.933671628162104,True
B3,S2,120,60000,98.85205015710008,4.05832542945362,95.13730981886158,157.1571437022719,0.0,2435.7842138452834,3.7868835648148145,-0.43741875000000086,True
B1,S2,120,60600,791.3066206795379,39.30077012740657,463.8496155896165,793.064496212668,67.15197119570362,2013.4633955371692,7.1406374999999995,2.5126893518518507,True
B2,S2,120,60600,332.976271358642,16.537488195548136,299.2640992150514,460.4439700309432,67.15197119570362,2013.4633955371692,0.0,0.0,True
B4,S2,120,60600,733.2107099548783,36.41539804398907,437.42304275734114,742.6970713026719,67.15197119570362,2013.4633955371692,7.0203921045570326,3.7421175397781252,True
S0,S2,120,60600,995.5375402549483,49.4440347145894,686.8479147708224,995.5375402549483,67.15197119570362,2013.4633955371692,6.846560103515492,-5.866114212358779,True
S1,S2,120,60600,825.0851897363397,40.97840524765122,457.9093965731278,825.0851897363397,67.15197119570362,2013.4633955371692,5.502442716130266,-0.3154078333507766,True
S2,S2,120,60600,944.2645220710984,46.89752613154308,661.822247759786,944.2645220710984,67.15197119570362,2013.4633955371692,6.5865445789645145,-5.760340082537304,True
B3,S2,120,60600,420.36993698844617,20.877952781272004,211.66914161248164,420.36993698844617,0.0,2013.4633955371692,7.1406374999999995,2.5126893518518507,True
B1,S2,120,61200,510.9229928669314,58.982671313574194,441.02120065116225,801.0873279828144,75.75396623001859,866.2255904800776,14.105892129629629,14.105892129629629,True
B2,S2,120,61200,128.290123955602,14.810244047916127,130.50321877363263,231.63847385785058,75.75396623001859,866.2255904800776,0.0,0.0,True
B4,S2,120,61200,295.99437036869335,34.17058715670684,263.65959630162223,500.3491470271581,75.75396623001859,866.2255904800776,6.608370714212715,6.607520984621474,True
S0,S2,120,61200,275.7921408169251,31.838373727111456,299.286241309603,563.4546687434173,75.75396623001859,866.2255904800776,5.824572499082389,4.287191972320415,True
S1,S2,120,61200,477.5007208995932,55.124291656513385,423.0549950984477,793.9070065733495,75.75396623001859,866.2255904800776,11.257474875924789,11.257474875924789,True
S2,S2,120,61200,195.21779663921473,22.53660002482974,253.4640061918364,513.4046338973944,75.75396623001859,866.2255904800776,5.879077739774781,4.6988794950564206,True
B3,S2,120,61200,507.33878574008384,58.568898369639214,504.8730830579724,887.8312537826004,0.0,866.2255904800776,14.105892129629629,14.105892129629629,True
B1,S2,120,61800,291.7621341535295,47.67778186655696,173.28182898068877,318.67080630838217,62.802556432865345,611.9456961528294,3.888388194444445,3.8851266203703716,True
B2,S2,120,61800,274.13629158995803,44.79748665827601,137.4301270261854,274.13629158995803,62.802556432865345,611.9456961528294,0.0,0.0,True
B4,S2,120,61800,230.80288280347023,37.716235975590344,148.83476993735076,274.3778002364111,62.802556432865345,611.9456961528294,2.868636047458121,2.382759014287464,True
S0,S2,120,61800,404.89420294123244,66.16505442994614,246.70474298663595,404.89420294123244,62.802556432865345,611.9456961528294,5.883826078404243,5.813104396963942,True
S1,S2,120,61800,346.76422082565574,56.66584845774511,201.91441230088284,346.76422082565574,62.802556432865345,611.9456961528294,4.162614181734494,4.130472040052986,True
S2,S2,120,61800,414.6484830643374,67.75903248787318,243.45413415195551,414.6484830643374,62.802556432865345,611.9456961528294,6.448195237041467,6.443152325075291,True
B3,S2,120,61800,155.23738434893755,25.367836611137474,73.8926779677187,155.23738434893755,0.0,611.9456961528294,3.888388194444445,3.8851266203703716,True
B1,S2,120,62400,108.39891254152637,17.70167785424331,66.91933090733308,131.7117763546787,136.43213229295984,612.3651861370972,2.2254092592592594,1.4826115740740744,True
B2,S2,120,62400,119.02478985790762,19.436896896235407,61.497811837522086,119.02478985790762,136.43213229295984,612.3651861370972,0.0,0.0,True
B4,S2,120,62400,151.92207329585838,24.809064384311007,123.61085533426993,166.57613852044926,136.43213229295984,612.3651861370972,2.6502698132363958,-1.8848985446812925,True
S0,S2,120,62400,285.52302047530594,46.6262659829559,165.90833668810484,289.9549623843012,136.43213229295984,612.3651861370972,2.590575233184907,1.9823263930064077,True
S1,S2,120,62400,188.16897470427926,30.728228672057742,96.78569760553746,191.57828088896096,136.43213229295984,612.3651861370972,1.7083074278878705,0.752813874793707,True
S2,S2,120,62400,267.5217290622706,43.686632603960184,157.67494059352302,272.4434764818897,136.43213229295984,612.3651861370972,2.336377894263995,1.7163493354534316,True
B3,S2,120,62400,110.69530219886289,18.07668115445091,76.5280605265864,126.5406530811218,0.0,612.3651861370972,2.2254092592592594,1.4826115740740744,True
B1,S2,120,64200,201.32882592892656,21.60737541309897,66.72928410729772,201.32882592892656,59.559730451854406,931.7597444383533,2.514689583333333,-1.9838729166666667,True
B2,S2,120,64200,202.03847015259387,21.683537130527004,61.66359870644686,202.03847015259387,59.559730451854406,931.7597444383533,0.0,0.0,True
B4,S2,120,64200,302.48919867969823,32.464291410446464,124.99388594887063,302.48919867969823,59.559730451854406,931.7597444383533,5.721954726296754,-5.721954726296754,True
S0,S2,120,64200,140.14520510397207,15.040916495963119,64.19537328603384,140.14520510397207,59.559730451854406,931.7597444383533,2.1562572355549667,1.1549179005341978,True
S1,S2,120,64200,115.74413095110226,12.422100401093266,62.91219404135181,115.74413095110226,59.559730451854406,931.7597444383533,2.2396737488758616,1.8203423911828516,True
S2,S2,120,64200,147.94006490883564,15.877490500301773,63.90238477029604,147.94006490883564,59.559730451854406,931.7597444383533,2.0731500496377686,0.7689797224383089,True
B3,S2,120,64200,144.06653419302356,15.461768449748178,53.64967995512233,144.06653419302356,0.0,931.7597444383533,2.514689583333333,-1.9838729166666667,True
B1,S2,120,64800,394.5900773896183,37.98165003768449,211.07704212250158,394.5900773896183,75.93063261456935,1038.8966171772827,2.1079460648148145,-0.8415437499999999,True
B2,S2,120,64800,311.2210034546227,29.956879087759543,201.2091749872164,332.41955342544776,75.93063261456935,1038.8966171772827,0.0,0.0,True
B4,S2,120,64800,411.92569150996616,39.65030636341682,211.41346217597365,411.92569150996616,75.93063261456935,1038.8966171772827,2.14868504334393,-0.9876126986110214,True
S0,S2,120,64800,441.8557577649819,42.53125387639811,238.55352236103417,441.8557577649819,75.93063261456935,1038.8966171772827,2.346873019895566,1.7091693434078798,True
S1,S2,120,64800,384.28166518907403,36.98940383819714,213.34358234240895,384.28166518907403,75.93063261456935,1038.8966171772827,1.4202509623328432,0.17308654428036707,True
S2,S2,120,64800,426.3388866862681,41.03766242348977,238.15954426165194,426.3388866862681,75.93063261456935,1038.8966171772827,2.358203364049992,1.5066636366006465,True
B3,S2,120,64800,129.85752043204747,12.499561388973884,85.8896161272464,133.3393575885814,0.0,1038.8966171772827,2.1079460648148145,-0.8415437499999999,True
B1,S2,120,65400,209.2109264501811,22.598913176411507,163.01022325869755,297.75852096067274,54.69569153085064,925.7565831464547,4.233642361111112,4.065072453703705,True
B2,S2,120,65400,179.0238963427333,19.338117557238235,87.06939396001101,179.0238963427333,54.69569153085064,925.7565831464547,0.0,0.0,True
B4,S2,120,65400,228.26487320802215,24.657115851360967,183.27006260725074,329.0838242225575,54.69569153085064,925.7565831464547,4.869990371918373,4.864396160621194,True
S0,S2,120,65400,134.7270681961803,14.553185000129401,106.06818837268996,196.67051865753635,54.69569153085064,925.7565831464547,2.305079205167654,1.9809643740170217,True
S1,S2,120,65400,164.04106674622247,17.71967596370537,107.95210837412642,180.42090509792772,54.69569153085064,925.7565831464547,1.6221545018936059,0.6902733058564633,True
S2,S2,120,65400,72.33032851881956,7.813104420276847,89.53089125890926,180.86050392966635,54.69569153085064,925.7565831464547,2.5481122960592035,1.52002339068531,True
B3,S2,120,65400,187.25282571956845,20.227004498648547,139.07980866929958,227.3062854461363,0.0,925.7565831464547,4.233642361111112,4.065072453703705,True
B1,S2,120,66000,204.0741254144108,22.823099706631133,110.19919380319129,204.0741254144108,45.45329590144625,894.1560438222074,2.432652083333333,-0.1392534722222221,True
B2,S2,120,66000,208.47728185189797,23.315536845306085,101.15229574812872,208.47728185189797,45.45329590144625,894.1560438222074,0.0,0.0,True
B4,S2,120,66000,170.50161402902887,19.068440593455424,98.91514706804263,177.69577534095112,45.45329590144625,894.1560438222074,2.814262392146978,-2.0948918112494366,True
S0,S2,120,66000,235.69255187939783,26.359219233355937,120.88272033264303,235.69255187939783,45.45329590144625,894.1560438222074,2.0687308742620956,1.514124462158428,True
S1,S2,120,66000,177.44339380324968,19.84479051830155,94.04008667055902,181.4096414016594,45.45329590144625,894.1560438222074,1.9702187451930244,0.6495854638734443,True
S2,S2,120,66000,219.9852933078835,24.602561804259867,98.69878230228197,219.9852933078835,45.45329590144625,894.1560438222074,2.3663733781801883,0.9540313639169763,True
B3,S2,120,66000,76.19760404184974,8.521734496825786,38.462186940031295,76.19760404184974,0.0,894.1560438222074,2.432652083333333,-0.1392534722222221,True
B1,S2,120,66600,372.7718990011831,38.11079548694014,160.68694045918505,372.7718990011831,59.863850213540516,978.1267859625893,1.6949099537037038,0.08926921296296278,True
B2,S2,120,66600,338.2757009485642,34.584034074443835,156.4348937625805,338.2757009485642,59.863850213540516,978.1267859625893,0.0,0.0,True
B4,S2,120,66600,467.236552369169,47.76850599274351,216.4761986214613,467.236552369169,59.863850213540516,978.1267859625893,2.539744842495105,2.3482311794168953,True
S0,S2,120,66600,449.35444510688546,45.94030667145763,211.65679214712515,449.35444510688546,59.863850213540516,978.1267859625893,2.74804213980705,2.399990717610262,True
S1,S2,120,66600,397.98473664607894,40.68846108272315,177.7749591860971,397.98473664607894,59.863850213540516,978.1267859625893,2.399591534847909,1.681202930850854,True
S2,S2,120,66600,459.9069067269937,47.019150618024675,208.74400366647467,459.9069067269937,59.863850213540516,978.1267859625893,3.0237340685691056,2.397563324400008,True
B3,S2,120,66600,10.510069677982576,1.074509954007594,27.569725230289354,45.77181193701681,0.0,978.1267859625893,1.6949099537037038,0.08926921296296278,True
B1,S2,120,67200,248.87792651705348,25.67347103712961,113.00430760437867,248.87792651705348,69.31380215273138,969.397266762722,1.5847270833333333,1.38971550925926,True
B2,S2,120,67200,269.36513854713684,27.786867962468577,125.42432893105713,269.36513854713684,69.31380215273138,969.397266762722,0.0,0.0,True
B4,S2,120,67200,237.07025258581234,24.455428204115176,109.74763586190026,237.07025258581234,69.31380215273138,969.397266762722,1.1944931477712135,0.5779498177527868,True
S0,S2,120,67200,291.43543052276544,30.06357047983092,147.74432602644697,291.43543052276544,69.31380215273138,969.397266762722,3.2705939999595786,3.0847644921721895,True
S1,S2,120,67200,269.0019462910007,27.749402181556174,130.83783618792546,269.0019462910007,69.31380215273138,969.397266762722,2.4189895590616364,2.3121742519725434,True
S2,S2,120,67200,302.9423174112711,31.25058505920276,150.7222544614198,302.9423174112711,69.31380215273138,969.397266762722,3.142903741988593,3.015288218618887,True
B3,S2,120,67200,58.05404881887788,5.9886746960560275,72.6921825656089,103.66441847262577,0.0,969.397266762722,1.5847270833333333,1.38971550925926,True
B1,S2,120,67800,412.03563857298843,45.93877469288649,179.26845878003016,412.03563857298843,54.22780014499934,896.9234406611006,3.9263340277777776,-0.6658446759259253,True
B2,S2,120,67800,309.75387838208275,34.53515253807735,146.54161048752667,309.75387838208275,54.22780014499934,896.9234406611006,0.0,0.0,True
B4,S2,120,67800,452.8700417589699,50.49149361345382,188.57776151778123,452.8700417589699,54.22780014499934,896.9234406611006,3.6305818346247367,-0.17391267187697432,True
S0,S2,120,67800,482.5131258103492,53.79646733891808,231.76008175997168,482.5131258103492,54.22780014499934,896.9234406611006,2.7593705935237267,1.4232721128275878,True
S1,S2,120,67800,399.29774169299066,44.51859808666367,186.8018062188545,399.29774169299066,54.22780014499934,896.9234406611006,1.8350121103649952,0.1883378243181868,True
S2,S2,120,67800,483.5209242840584,53.90882904427906,239.8620633590628,483.5209242840584,54.22780014499934,896.9234406611006,2.692740383295001,0.9414239038632307,True
B3,S2,120,67800,126.17342853694696,14.067357682607511,74.56772020998555,126.17342853694696,0.0,896.9234406611006,3.9263340277777776,-0.6658446759259253,True
B1,S2,120,68400,815.4175366381232,63.30959608584338,423.06180824552933,815.4175366381232,46.08690562102345,1287.984108337185,6.320940740740741,-2.6521259259259264,True
B2,S2,120,68400,629.5732124658473,48.88051089998616,271.19295821856775,629.5732124658473,46.08690562102345,1287.984108337185,0.0,0.0,True
B4,S2,120,68400,821.6519975535723,63.79364405468811,439.12433288582105,821.6519975535723,46.08690562102345,1287.984108337185,5.871590840143024,-1.6171635303734915,True
S0,S2,120,68400,673.4727310085996,52.28890066648937,312.91738748368704,673.4727310085996,46.08690562102345,1287.984108337185,2.865092290736379,-1.615639755566765,True
S1,S2,120,68400,667.4066430804143,51.81792529583695,303.14785253345696,667.4066430804143,46.08690562102345,1287.984108337185,3.3026619438672005,-2.6061833631098996,True
S2,S2,120,68400,679.0353120860785,52.72078340801328,313.3121673911864,679.0353120860785,46.08690562102345,1287.984108337185,3.0487257335625784,-1.9692190791918753,True
B3,S2,120,68400,507.04455550195655,39.36729903884932,284.4825877353257,507.04455550195655,0.0,1287.984108337185,6.320940740740741,-2.6521259259259264,True
B1,S2,120,69000,726.8860822553756,40.893039157508845,339.22754435285935,726.8860822553756,49.6205388552988,1777.530105932231,1.3912620370370374,-0.8834268518518523,True
B2,S2,120,69000,723.1207327412502,40.68120873609662,335.0669508036967,723.1207327412502,49.6205388552988,1777.530105932231,0.0,0.0,True
B4,S2,120,69000,773.4649929130088,43.51346794812022,347.08821123261663,773.4649929130088,49.6205388552988,1777.530105932231,1.1123350560181116,0.7781448811462331,True
S0,S2,120,69000,774.6256983850087,43.57876672804672,386.8674591668366,774.6256983850087,49.6205388552988,1777.530105932231,3.558817032634792,-2.720357375219265,True
S1,S2,120,69000,741.5374958839828,41.71729600580133,361.4498986137749,741.5374958839828,49.6205388552988,1777.530105932231,2.374524888009037,-2.121096987834516,True
S2,S2,120,69000,780.4838940221705,43.90833614673679,389.4669408798851,780.4838940221705,49.6205388552988,1777.530105932231,3.45262892060102,-2.680235091358963,True
B3,S2,120,69000,102.54538405825814,5.768981561326518,78.39825786837118,130.72322528462252,0.0,1777.530105932231,1.3912620370370374,-0.8834268518518523,True
B1,S2,120,69600,674.4556216122626,43.40686631959907,330.7955752144312,674.4556216122626,56.733968643146255,1553.7993842871178,2.1218831018518514,0.38784328703703685,True
B2,S2,120,69600,594.1469073739947,38.23832815113317,309.2054906082549,594.1469073739947,56.733968643146255,1553.7993842871178,0.0,0.0,True
B4,S2,120,69600,857.7080131911122,55.20069204974154,407.42210469482853,857.7080131911122,56.733968643146255,1553.7993842871178,4.165108180323956,3.9010290510130883,True
S0,S2,120,69600,633.8247285153401,40.791928155264294,332.13383529512066,633.8247285153401,56.733968643146255,1553.7993842871178,2.670005405251687,-1.2231705396757648,True
S1,S2,120,69600,650.9202530793191,41.89216829803037,322.91067118701966,650.9202530793191,56.733968643146255,1553.7993842871178,1.7577616292313398,0.45175332818503394,True
S2,S2,120,69600,637.2892598698224,41.01489975568566,335.2116741585675,637.2892598698224,56.733968643146255,1553.7993842871178,2.494166494869502,-1.1277152292541608,True
B3,S2,120,69600,45.7768184765607,2.9461215482179557,55.935206866424785,97.45809441713418,0.0,1553.7993842871178,2.1218831018518514,0.38784328703703685,True
B1,S2,120,70200,467.1792889082221,37.35235440247756,214.49724280971802,467.1792889082221,48.21841668937897,1250.7358542229788,2.6365194444444446,0.15771990740740743,True
B2,S2,120,70200,451.73109948859724,36.11722634826326,205.29686014297357,451.73109948859724,48.21841668937897,1250.7358542229788,0.0,0.0,True
B4,S2,120,70200,636.8259367086715,50.91610147406387,293.79462738205837,636.8259367086715,48.21841668937897,1250.7358542229788,3.5405445175668135,2.6782592494134847,True
S0,S2,120,70200,438.30441771360626,35.043723759394695,195.44135438485068,438.30441771360626,48.21841668937897,1250.7358542229788,2.053896668704105,-0.3692436840834618,True
S1,S2,120,70200,517.4746710034705,41.37361771922276,229.93095384114943,517.4746710034705,48.21841668937897,1250.7358542229788,2.1022068009612944,1.1913088058524357,True
S2,S2,120,70200,463.2908070744135,37.04145887480243,206.8057951949217,463.2908070744135,48.21841668937897,1250.7358542229788,2.003617257418844,-0.28498160422602986,True
B3,S2,120,70200,18.172077670084917,1.4529109091043324,39.12203405541915,60.87460614894299,0.0,1250.7358542229788,2.6365194444444446,0.15771990740740743,True
B1,S2,120,70800,455.6901405589164,38.709762996111586,198.5406644045657,455.6901405589164,49.173627043237964,1177.196927309244,2.547500462962963,1.354112962962963,True
B2,S2,120,70800,425.78320591748655,36.16924203928332,176.48610092775692,425.78320591748655,49.173627043237964,1177.196927309244,0.0,0.0,True
B4,S2,120,70800,494.27001055368123,41.98702860051204,224.2591415899255,494.27001055368123,49.173627043237964,1177.196927309244,3.026596992162463,1.223627741821852,True
S0,S2,120,70800,445.28815752101207,37.82613997632674,184.47092618686193,445.28815752101207,49.173627043237964,1177.196927309244,1.982039446130322,0.01533439026229478,True
S1,S2,120,70800,437.9079754445073,37.1992115580396,188.9879260086505,437.9079754445073,49.173627043237964,1177.196927309244,2.0948172094711044,-0.7992651775499097,True
S2,S2,120,70800,448.341548696586,38.08551808926094,189.07036835091117,448.341548696586,49.173627043237964,1177.196927309244,2.0177780224027546,-0.13276972650682162,True
B3,S2,120,70800,132.76730528432898,11.278257885687772,90.95117126644054,132.81853427002835,0.0,1177.196927309244,2.547500462962963,1.354112962962963,True
B1,S2,120,71400,453.60964613858624,42.95907352944878,279.52385482693876,498.0608027597625,60.16706535749591,1055.9111472169745,2.185885416666667,1.5918539351851855,True
B2,S2,120,71400,376.3553488264519,35.64271007256601,241.1324721543414,409.19683817616567,60.16706535749591,1055.9111472169745,0.0,0.0,True
B4,S2,120,71400,639.6217281463498,60.575336270686876,413.44808004493115,643.8394769951952,60.16706535749591,1055.9111472169745,5.807537022827726,-5.78564474162863,True
S0,S2,120,71400,436.12373581714235,41.303071472123136,267.2190244918259,476.91343456657194,60.16706535749591,1055.9111472169745,1.697934788870854,1.0149710825093814,True
S1,S2,120,71400,445.00486048088294,42.144157835038065,271.0213210689064,482.6627302099277,60.16706535749591,1055.9111472169745,1.8512418608461303,1.2590729295871683,True
S2,S2,120,71400,387.91107222079614,36.73709414311979,243.014381973675,433.26621396303557,60.16706535749591,1055.9111472169745,1.5067989771323251,0.6326221601153221,True
B3,S2,120,71400,100.54879539231078,9.522467459248203,52.67411063505881,118.11177212218969,0.0,1055.9111472169745,2.185885416666667,1.5918539351851855,True
B1,S2,120,72000,272.9104382313488,46.5924956236013,99.81642577965852,272.9104382313488,60.80418093989677,585.739043549122,5.384637962962962,5.107871759259259,True
B2,S2,120,72000,10.68743541553341,1.8246069701578849,33.687069805501075,56.753072046236525,60.80418093989677,585.739043549122,0.0,0.0,True
B4,S2,120,72000,289.18728683516343,49.37135231466113,131.5768936677278,289.18728683516343,60.80418093989677,585.739043549122,7.533949659351097,7.495290229873846,True
S0,S2,120,72000,47.626895207137565,8.131077436558728,72.47120879987156,116.09509752713252,60.80418093989677,585.739043549122,1.5244388423334165,1.0704658588396645,True
S1,S2,120,72000,39.694554659136855,6.776832634993699,56.997645212527985,94.45800053467015,60.80418093989677,585.739043549122,1.416277474918829,0.7457865408270762,True
S2,S2,120,72000,17.48845228851282,2.9857071132814426,46.02286479540019,85.8144744464052,60.80418093989677,585.739043549122,1.3887200454923248,0.6795795527079197,True
B3,S2,120,72000,256.96257096627926,43.86980410410862,86.50135830520964,256.96257096627926,0.0,585.739043549122,5.384637962962962,5.107871759259259,True
B1,S2,120,74400,323.6394111400078,32.683246407286624,167.0719132456775,353.86153922296455,62.67158583505915,990.2303067049465,3.1242064814814814,0.885020370370371,True
B2,S2,120,74400,305.0483206779579,30.805795238990953,180.46327236043987,334.7791652387733,62.67158583505915,990.2303067049465,0.0,0.0,True
B4,S2,120,74400,344.7417906249011,34.81430413618131,170.3225662249946,359.9492540172374,62.67158583505915,990.2303067049465,3.264491034802991,0.5291452759673901,True
S0,S2,120,74400,281.5840442353248,28.436217547442414,166.6528707245348,323.30565154081637,62.67158583505915,990.2303067049465,1.713203711931444,-0.12829600610575834,True
S1,S2,120,74400,268.9820629074569,27.16358619668101,168.80761299763176,318.28378473013504,62.67158583505915,990.2303067049465,1.6063516538850573,-0.45271646739591537,True
S2,S2,120,74400,291.2215868764296,29.409480290043607,172.9771599786081,336.27528814112173,62.67158583505915,990.2303067049465,2.1520034785686275,-0.4825666252089199,True
B3,S2,120,74400,65.2317407747825,6.587532247103727,83.05973574999054,147.00542083392432,0.0,990.2303067049465,3.1242064814814814,0.885020370370371,True
B1,S2,120,75000,646.9134580611101,52.10242923536719,415.91630683624544,646.9134580611101,55.892617307534714,1241.6186107921135,7.286155092592592,-6.935949074074074,True
B2,S2,120,75000,408.8278047315175,32.92700360464944,231.07301865485425,408.8278047315175,55.892617307534714,1241.6186107921135,0.0,0.0,True
B4,S2,120,75000,364.6869397024507,29.371897016733016,195.1152735878325,364.6869397024507,55.892617307534714,1241.6186107921135,4.023742934206469,1.3069620882427664,True
S0,S2,120,75000,403.5704581399521,32.50357675312928,219.50988536028387,403.5704581399521,55.892617307534714,1241.6186107921135,2.573692359927754,-1.4472884241481578,True
S1,S2,120,75000,475.8921291368439,38.328366295447175,274.71126889283477,475.8921291368439,55.892617307534714,1241.6186107921135,3.6784247929762994,-3.2874256264515678,True
S2,S2,120,75000,421.3843583322432,33.938308806712655,226.37776722165077,421.3843583322432,55.892617307534714,1241.6186107921135,2.749547900688155,-1.6184920395871167,True
B3,S2,120,75000,563.1967833303034,45.35988575195419,384.00701844100973,566.4345171496632,0.0,1241.6186107921135,7.286155092592592,-6.935949074074074,True
B1,S2,120,75600,24.658087119497477,2.420626338760049,127.49265842724242,213.56931082867598,56.35867045308771,1018.665571164876,5.74322800925926,3.8074988425925933,True
B2,S2,120,75600,56.26476312606027,5.523379283518903,39.477602773446094,70.62904448548446,56.35867045308771,1018.665571164876,0.0,0.0,True
B4,S2,120,75600,48.66788944191617,4.777612085805836,143.25034139418665,256.88410390070413,56.35867045308771,1018.665571164876,6.313398434956875,5.138260456110858,True
S0,S2,120,75600,61.72404273138443,6.05930390489207,112.74743972853162,154.99835517212568,56.35867045308771,1018.665571164876,2.4090229494258684,-0.6749727415028154,True
S1,S2,120,75600,49.10064882130247,4.820095054862249,112.52685153592296,152.23552213549445,56.35867045308771,1018.665571164876,2.551311535764599,0.19626422005618346,True
S2,S2,120,75600,67.51927231590032,6.628207944506254,117.88610449956536,164.63482741800152,56.35867045308771,1018.665571164876,2.373836422863698,-0.6079698308420405,True
B3,S2,120,75600,129.25403254505161,12.688563960912665,93.82958986962569,133.2770728495596,0.0,1018.665571164876,5.74322800925926,3.8074988425925933,True
B1,S2,120,76200,591.5168523666083,48.26623354401685,210.87548127574067,591.5168523666083,58.876595000399924,1225.5293378696495,5.217745601851852,-3.5484687500000005,True
B2,S2,120,76200,651.1874289755879,53.1351970820669,221.50428346389424,651.1874289755879,58.876595000399924,1225.5293378696495,0.0,0.0,True
B4,S2,120,76200,653.7871385359215,53.347326606836404,224.62863097215467,653.7871385359215,58.876595000399924,1225.5293378696495,5.991982493986447,-5.325716481019824,True
S0,S2,120,76200,571.7024702132461,46.64943160047417,195.44758211117997,571.7024702132461,58.876595000399924,1225.5293378696495,3.320009444673493,-2.278447504098272,True
S1,S2,120,76200,565.0653520567656,46.10786005653889,193.28397160584814,565.0653520567656,58.876595000399924,1225.5293378696495,3.2617042261358145,-1.7295600155564834,True
S2,S2,120,76200,582.8579223065932,47.559687417992066,201.43228426913547,582.8579223065932,58.876595000399924,1225.5293378696495,3.5962468732028787,-2.493204938665016,True
B3,S2,120,76200,529.248537857731,43.18530136355032,202.95706426526058,529.248537857731,0.0,1225.5293378696495,5.217745601851852,-3.5484687500000005,True
B1,S2,120,77400,487.0269521476596,68.04769538837016,481.7701667038692,739.7138460587385,73.29456449478828,715.7141022455494,12.390696990740741,12.390696990740741,True
B2,S2,120,77400,24.6187097787338,3.439740770999582,66.16551532490959,122.34595571003996,73.29456449478828,715.7141022455494,0.0,0.0,True
B4,S2,120,77400,469.10272690060873,65.54331197733862,482.02655079041546,738.4442446727833,73.29456449478828,715.7141022455494,12.062978434192102,12.062490294607812,True
S0,S2,120,77400,68.24201661242452,9.534815144527059,99.52584552501249,161.89772412199702,73.29456449478828,715.7141022455494,2.0914986987420776,0.606597742152094,True
S1,S2,120,77400,95.30241544999582,13.315710162896746,155.37676650069346,265.823690514289,73.29456449478828,715.7141022455494,4.269444166479468,3.5529063569146113,True
S2,S2,120,77400,15.438672766605126,2.1571005403088144,80.91129999012583,145.42185227838613,73.29456449478828,715.7141022455494,1.7985763071946341,0.5428356473460361,True
B3,S2,120,77400,471.24931833372574,65.84323500894888,504.4916743460582,779.8385631030958,0.0,715.7141022455494,12.390696990740741,12.390696990740741,True
B1,S2,120,78000,395.23528071543825,76.64738001360547,226.75696533830788,417.2084828012223,104.67002043108253,515.6539997130772,2.546882175925926,2.52138912037037,True
B2,S2,120,78000,274.47971761078287,53.229436359169185,133.06442558095787,279.32357011308005,104.67002043108253,515.6539997130772,0.0,0.0,True
B4,S2,120,78000,255.96587642644974,49.63907514900991,140.49425162536843,269.31608039228433,104.67002043108253,515.6539997130772,1.7694931632186544,-0.4146554937468134,True
S0,S2,120,78000,369.15514283326337,71.58969833234505,177.55114948916946,372.3178155972887,104.67002043108253,515.6539997130772,2.316513966529036,1.8686768571952124,True
S1,S2,120,78000,389.4947769905801,75.53413281140159,191.69311489814118,392.65458224888755,104.67002043108253,515.6539997130772,2.5424171160523286,2.2107331806149997,True
S2,S2,120,78000,352.9614961534847,68.44928893209038,170.542630653451,356.1021320023477,104.67002043108253,515.6539997130772,2.0068027773851145,1.5611280219707684,True
B3,S2,120,78000,73.50405120694244,14.254529441804376,41.388608053243196,80.57561874092599,0.0,515.6539997130772,2.546882175925926,2.52138912037037,True
B1,S2,120,78600,295.67452184268103,44.730176606918654,106.43654153963091,295.67452184268103,61.5955676443901,661.0180067944276,2.5936266203703706,-0.3826395833333331,True
B2,S2,120,78600,242.38202855155131,36.66799180357738,75.18521026860202,242.38202855155131,61.5955676443901,661.0180067944276,0.0,0.0,True
B4,S2,120,78600,276.6796909185034,41.85660421873334,89.13876008479906,276.6796909185034,61.5955676443901,661.0180067944276,3.0696652836737655,-2.17559023828389,True
S0,S2,120,78600,186.82523406172706,28.26325941826098,100.5551272091897,186.82523406172706,61.5955676443901,661.0180067944276,2.00610573555013,1.4878591783154689,True
S1,S2,120,78600,185.7600287267625,28.10211322798846,87.15353088850082,185.7600287267625,61.5955676443901,661.0180067944276,1.5489027810084475,0.8639227043857932,True
S2,S2,120,78600,173.49093516930145,26.24602255703089,98.12398839896883,173.49093516930145,61.5955676443901,661.0180067944276,1.8704609688301737,1.2246054432285984,True
B3,S2,120,78600,77.51059743118579,11.72594341371567,34.69756750360376,77.51059743118579,0.0,661.0180067944276,2.5936266203703706,-0.3826395833333331,True
B1,S2,120,79800,462.0640361688305,43.18075336146019,233.4001785028467,462.0640361688305,67.64430702775849,1070.069417967203,3.642744907407408,2.5665541666666667,True
B2,S2,120,79800,274.36672869452974,25.64008690349647,169.4594948244907,274.36834576982847,67.64430702775849,1070.069417967203,0.0,0.0,True
B4,S2,120,79800,429.14444890992775,40.10435600759135,245.25717027017026,435.5796685923722,67.64430702775849,1070.069417967203,3.2371227365368025,2.221605329316621,True
S0,S2,120,79800,219.12918070316903,20.47803413721008,131.72906357399384,219.12918070316903,67.64430702775849,1070.069417967203,1.5182632825270936,-1.1248269813137433,True
S1,S2,120,79800,222.99466736945675,20.839271137481607,133.4978081263684,222.9949045565826,67.64430702775849,1070.069417967203,1.4553324815692357,-1.0884713932760448,True
S2,S2,120,79800,220.31930168066017,20.589253181274717,135.22785030028427,220.31930168066435,67.64430702775849,1070.069417967203,1.5610634460595154,-1.155801411032694,True
B3,S2,120,79800,260.55390244064137,24.34925230697764,115.91269588696773,260.55390244064137,0.0,1070.069417967203,3.642744907407408,2.5665541666666667,True
B1,S2,120,80400,875.7044349965978,118.88034023395733,487.33383213529265,875.7044349965978,62.44848529058208,736.6267906646343,6.8103340277777775,6.748777083333334,True
B2,S2,120,80400,330.257062733009,44.83370234675131,129.20593523222885,330.257062733009,62.44848529058208,736.6267906646343,0.0,0.0,True
B4,S2,120,80400,867.8257829826325,117.81078206504296,490.87403159891863,867.8257829826325,62.44848529058208,736.6267906646343,6.603307596058796,6.585707689588433,True
S0,S2,120,80400,280.1136333596558,38.0265335051035,108.86780453187369,280.1136333596558,62.44848529058208,736.6267906646343,1.3923667659806431,-0.601935264678544,True
S1,S2,120,80400,317.1272757630739,43.051281840691715,121.59519491258618,317.1272757630739,62.44848529058208,736.6267906646343,1.2491713379277958,0.2339008090500707,True
S2,S2,120,80400,271.45153257217703,36.85061906684865,110.77179886072787,271.45153257217703,62.44848529058208,736.6267906646343,1.9053463063404388,-0.9427678113224073,True
B3,S2,120,80400,487.23204690320466,66.14367724307056,337.20798461894367,487.23204690320466,0.0,736.6267906646343,6.8103340277777775,6.748777083333334,True
B1,S2,120,81600,183.7603492482336,17.304750147390262,93.0742279937131,183.7603492482336,46.537286897342526,1061.9069774662225,1.9086856481481478,-0.22311249999999935,True
B2,S2,120,81600,185.49995696127633,17.468569366018386,84.11012406464572,185.49995696127633,46.537286897342526,1061.9069774662225,0.0,0.0,True
B4,S2,120,81600,159.29395371467362,15.000744612749331,84.91345798249205,159.29395371467362,46.537286897342526,1061.9069774662225,2.8158425529812825,-1.7703267320739886,True
S0,S2,120,81600,197.5521559297206,18.60352743901284,103.4107187316104,197.5521559297206,46.537286897342526,1061.9069774662225,2.0728473596094044,1.3123074206743561,True
S1,S2,120,81600,130.79351957084378,12.316852826687835,71.04649164554124,130.79351957084378,46.537286897342526,1061.9069774662225,1.4419715037286263,-0.24193937465139423,True
S2,S2,120,81600,201.03169990220016,18.931196815551072,105.00381826322389,201.03169990220016,46.537286897342526,1061.9069774662225,2.12122543358781,1.2155809866032483,True
B3,S2,120,81600,15.245684156828773,1.4356892345886965,19.792387418860425,34.975096792709564,0.0,1061.9069774662225,1.9086856481481478,-0.22311249999999935,True
B1,S2,120,82200,229.0822656782381,22.69927424971025,107.65569360858737,229.0822656782381,46.92572383763355,1009.2052422388008,1.2824847222222222,0.6420041666666673,True
B2,S2,120,82200,244.94937593590453,24.27151244205923,114.4794489213352,244.94937593590453,46.92572383763355,1009.2052422388008,0.0,0.0,True
B4,S2,120,82200,402.42302085071316,39.875240833865064,224.14386230528766,402.42302085071316,46.92572383763355,1009.2052422388008,6.475292053610068,-6.471402240457639,True
S0,S2,120,82200,269.4885652963366,26.703048499679664,110.99229695337912,269.4885652963366,46.92572383763355,1009.2052422388008,2.1016152738330085,1.656023526153581,True
S1,S2,120,82200,252.59719095045406,25.029318158326,108.05269493232672,252.59719095045406,46.92572383763355,1009.2052422388008,1.302585654771433,0.6305632581421725,True
S2,S2,120,82200,242.27372584641782,24.006387968116634,104.85311579418827,242.27372584641782,46.92572383763355,1009.2052422388008,1.6799115914960687,1.2393431613908061,True
B3,S2,120,82200,53.72274372744265,5.323272361156704,36.98216170220272,53.72274372744265,0.0,1009.2052422388008,1.2824847222222222,0.6420041666666673,True
B1,S2,120,82800,347.62258088565807,37.97767553924917,169.26469711806246,347.62258088565807,48.97389262153409,915.3340112308799,2.137930787037037,2.017301620370371,True
B2,S2,120,82800,245.31368227136713,26.800455272221964,95.69587425734967,245.31368227136713,48.97389262153409,915.3340112308799,0.0,0.0,True
B4,S2,120,82800,389.9158185978246,42.59820063645313,178.80702474370983,389.9158185978246,48.97389262153409,915.3340112308799,2.183024851983753,2.0487661398684267,True
S0,S2,120,82800,364.89255121065287,39.864415255363426,177.50768676583803,364.89255121065287,48.97389262153409,915.3340112308799,3.0010790832472614,2.7333829129585205,True
S1,S2,120,82800,286.87976024949154,31.341538359720168,127.1934010539882,286.87976024949154,48.97389262153409,915.3340112308799,1.5496135189162268,0.9396977355395304,True
S2,S2,120,82800,313.68186117664163,34.26966083723069,140.72959274775624,313.68186117664163,48.97389262153409,915.3340112308799,2.4275731791519513,2.071683739711969,True
B3,S2,120,82800,181.9540672771705,19.87843399727831,113.8415702500195,186.15319975627543,0.0,915.3340112308799,2.137930787037037,2.017301620370371,True
B1,S2,120,83400,270.64122548630473,31.24999725998207,133.50205418067958,270.64122548630473,51.02906633554477,866.0519974921111,2.7352101851851853,0.14393009259259312,True
B2,S2,120,83400,289.06051211585054,33.376807969140856,132.82908514558898,289.06051211585054,51.02906633554477,866.0519974921111,0.0,0.0,True
B4,S2,120,83400,327.4753928910419,37.812440112064394,180.4961204823359,351.24242571226426,51.02906633554477,866.0519974921111,4.08768126066934,-3.039934985966311,True
S0,S2,120,83400,275.21079819071247,31.77762986375646,156.5788866714812,275.21079819071247,51.02906633554477,866.0519974921111,2.828230541539066,2.255844973009664,True
S1,S2,120,83400,307.09549096386365,35.45924400072306,148.5945736674745,307.09549096386365,51.02906633554477,866.0519974921111,1.697579789944494,1.3392362278890648,True
S2,S2,120,83400,244.93265959396223,28.281518927643063,132.21938164857173,244.93265959396223,51.02906633554477,866.0519974921111,2.6789609052258787,1.753147801619067,True
B3,S2,120,83400,37.71957406186494,4.355347504663948,39.20978003525047,57.049025363169704,0.0,866.0519974921111,2.7352101851851853,0.14393009259259312,True
B1,S2,120,84000,71.14404637025653,7.406933033410583,154.19330031486842,264.78200917942064,47.60343425317805,960.5061372817308,2.6893451388888887,2.3544553240740735,True
B2,S2,120,84000,38.36325662009798,3.9940667873989293,64.97814546733905,130.34498885999272,47.60343425317805,960.5061372817308,0.0,0.0,True
B4,S2,120,84000,14.749264885726287,1.535572164845013,104.84330796744558,202.82673788471507,47.60343425317805,960.5061372817308,2.4884735519561723,1.4186576788726686,True
S0,S2,120,84000,38.77430384132549,4.0368616437015445,102.33685496802306,184.60495014159986,47.60343425317805,960.5061372817308,1.7990703768115164,0.6247514323812209,True
S1,S2,120,84000,50.010058385988295,5.206636006253815,88.53921144667586,166.74127666208625,47.60343425317805,960.5061372817308,1.5428081589425358,-0.03277210178459138,True
S2,S2,120,84000,40.151378922476766,4.180231376356085,90.08701776755358,167.40667272962742,47.60343425317805,960.5061372817308,2.0183699523412146,0.3737275355089052,True
B3,S2,120,84000,110.27242751265125,11.480658293837292,102.64656315056271,142.7403538760632,0.0,960.5061372817308,2.6893451388888887,2.3544553240740735,True
B1,S2,120,84600,684.188939034956,54.61343101642665,324.6554197193239,684.188939034956,70.48569948862853,1252.7851231854768,9.482602546296295,-9.482602546296295,True
B2,S2,120,84600,578.4504116864024,46.17315459618224,230.75112541699949,578.4504116864024,70.48569948862853,1252.7851231854768,0.0,0.0,True
B4,S2,120,84600,515.9963209457239,41.18793489770152,231.26894759200943,515.9963209457239,70.48569948862853,1252.7851231854768,6.405832338039931,-6.404642286726474,True
S0,S2,120,84600,542.68614196784,43.318373751752674,201.9595463513075,542.68614196784,70.48569948862853,1252.7851231854768,1.5909738756963194,0.05299109939852438,True
S1,S2,120,84600,506.9876074372306,40.46884003125014,187.53461532670238,506.9876074372306,70.48569948862853,1252.7851231854768,1.4614816114460378,-0.026002207466773182,True
S2,S2,120,84600,515.1639567318566,41.12149379791013,187.13598632023584,515.1639567318566,70.48569948862853,1252.7851231854768,1.7892472297254711,-0.1890924506301518,True
B3,S2,120,84600,672.556304376299,53.68488912657099,322.9094653276074,672.556304376299,0.0,1252.7851231854768,9.482602546296295,-9.482602546296295,True
B1,S2,120,85200,900.2762399082452,67.57802317457289,512.4432741022433,900.2762399082452,71.13624871195806,1332.2026860456992,6.629737962962963,-6.600450462962963,True
B2,S2,120,85200,802.3469022495551,60.22708936514123,397.5691557779687,802.3469022495551,71.13624871195806,1332.2026860456992,0.0,0.0,True
B4,S2,120,85200,894.1540251121422,67.11846736822069,433.26977545594343,894.1540251121422,71.13624871195806,1332.2026860456992,2.0677289994655847,1.137566224514613,True
S0,S2,120,85200,812.1954643681692,60.966358413445505,399.9677279724482,812.1954643681692,71.13624871195806,1332.2026860456992,1.7599389404369734,-0.05707576707129441,True
S1,S2,120,85200,824.0162705999678,61.853671309269615,402.6080965086923,824.0162705999678,71.13624871195806,1332.2026860456992,2.007280616762645,-0.4669877875621243,True
S2,S2,120,85200,811.8602053499637,60.94119264687582,397.4400986990547,811.8602053499637,71.13624871195806,1332.2026860456992,1.8420087876604307,-0.10788430761689455,True
B3,S2,120,85200,717.3495243221516,53.84687569212303,437.56176451792965,717.3495243221516,0.0,1332.2026860456992,6.629737962962963,-6.600450462962963,True
B1,S2,120,85800,295.4803177778701,23.491038345666492,211.38886946909435,379.9241230362138,65.27884622848636,1257.8427289161477,2.6930844907407407,0.12140393518518469,True
B2,S2,120,85800,354.7826255522248,28.20564267664307,200.76706387558684,364.58873159947007,65.27884622848636,1257.8427289161477,0.0,0.0,True
B4,S2,120,85800,318.0546631152697,25.2857257750601,210.79917454634406,373.1825653128559,65.27884622848636,1257.8427289161477,2.3915357197290557,0.7717643646656971,True
S0,S2,120,85800,322.06894132026065,25.60486568919308,203.6815808852673,354.5286528945448,65.27884622848636,1257.8427289161477,2.1424332710302627,-0.7694884495223959,True
S1,S2,120,85800,336.08969243284633,26.719532156650985,206.5571470471868,359.07840564459474,65.27884622848636,1257.8427289161477,2.0914537179085864,-0.41539242296191614,True
S2,S2,120,85800,319.6980455002182,25.41637663841283,205.46020320847035,361.6041087283049,65.27884622848636,1257.8427289161477,2.1920937889171848,-0.557707083718326,True
B3,S2,120,85800,110.93127143640011,8.819168635810843,59.1190121975616,110.93127143640011,0.0,1257.8427289161477,2.6930844907407407,0.12140393518518469,True
B1,S2,120,86400,307.6570956003523,25.538822312713855,202.50004562664986,307.6570956003523,67.57271399549433,1204.664380499617,3.923819907407408,-3.8750763888888895,True
B2,S2,120,86400,579.3497188536463,48.092209600600086,273.2703352069475,579.3497188536463,67.57271399549433,1204.664380499617,0.0,0.0,True
B4,S2,120,86400,421.23976093912364,34.96739571268976,190.66561349402764,421.23976093912364,67.57271399549433,1204.664380499617,2.2863522055800756,-1.5188916505162864,True
S0,S2,120,86400,504.1848305089509,41.85272169331076,226.30133434663227,504.1848305089509,67.57271399549433,1204.664380499617,1.9682741951150229,-0.5733307276123595,True
S1,S2,120,86400,442.86075038493817,36.7621685802039,199.623407172007,442.86075038493817,67.57271399549433,1204.664380499617,2.1094849547352417,-1.1436034121464096,True
S2,S2,120,86400,491.45593257071795,40.796087319099925,218.83842708323257,491.45593257071795,67.57271399549433,1204.664380499617,1.8008664714039864,-0.6973751700629574,True
B3,S2,120,86400,226.01055897080604,18.76128842433869,224.29575824238412,262.25690208416256,0.0,1204.664380499617,3.923819907407408,-3.8750763888888895,True
B1,S2,120,87000,111.5348878433207,11.6072929986837,173.4252699923682,283.1531766291185,56.56775789049449,960.903527256261,3.54092986111111,-2.6186719907407396,True
B2,S2,120,87000,106.5016884204393,11.083494377894674,105.5601330682066,188.99748180411186,56.56775789049449,960.903527256261,0.0,0.0,True
B4,S2,120,87000,107.58260136822467,11.195983604661464,160.0965728123698,270.59367506284303,56.56775789049449,960.903527256261,3.094821830326724,-2.1429976883186916,True
S0,S2,120,87000,135.42863407573986,14.093884581987046,116.6216130544574,209.9790189282548,56.56775789049449,960.903527256261,2.010961103158538,1.1986719420394318,True
S1,S2,120,87000,108.60066042140802,11.301931707078184,105.36126972731972,188.67989265966713,56.56775789049449,960.903527256261,1.1039328480988715,-0.30101970912335035,True
S2,S2,120,87000,136.50621761805763,14.206027321788895,113.57501681047951,204.28955600635103,56.56775789049449,960.903527256261,1.6373046483094893,0.7353675535702439,True
B3,S2,120,87000,85.15739639141425,8.862221229905408,138.08781370436196,201.03019880710994,0.0,960.903527256261,3.54092986111111,-2.6186719907407396,True
B1,S2,120,87600,363.3117634366289,47.347353059408285,175.54738389048745,363.3117634366289,43.769025510953355,767.3327862294005,2.835666435185185,2.5384303240740733,True
B2,S2,120,87600,310.5773229879152,40.474918908921154,147.7471213716024,310.5773229879152,43.769025510953355,767.3327862294005,0.0,0.0,True
B4,S2,120,87600,605.0075207343449,78.84551938765625,275.07481350967345,605.0075207343449,43.769025510953355,767.3327862294005,5.673292606567791,5.673242951423302,True
S0,S2,120,87600,376.03181065294467,49.00504936075113,207.56593220190737,376.03181065294467,43.769025510953355,767.3327862294005,2.4567326180835183,1.735651790789197,True
S1,S2,120,87600,355.44785787760435,46.3225166780949,179.48113978982127,355.44785787760435,43.769025510953355,767.3327862294005,1.5645655407854708,0.5900582401360654,True
S2,S2,120,87600,361.67850749609437,47.134504609577256,190.67290320947714,361.67850749609437,43.769025510953355,767.3327862294005,1.901800083693551,1.1370156945752645,True
B3,S2,120,87600,177.42031294602515,23.12169063149921,96.45029094968669,180.6523800789468,0.0,767.3327862294005,2.835666435185185,2.5384303240740733,True
B1,S2,120,88200,650.7306977602647,57.22839318523756,275.61234584311995,650.7306977602647,39.542244435984685,1137.0766529368939,4.798353472222222,-1.0667951388888883,True
B2,S2,120,88200,403.3960208496083,35.47658988580044,135.3887749971388,403.3960208496083,39.542244435984685,1137.0766529368939,0.0,0.0,True
B4,S2,120,88200,692.5838750151074,60.90916326760117,317.2750837190285,692.5838750151074,39.542244435984685,1137.0766529368939,3.594067381088677,1.5895315980877096,True
S0,S2,120,88200,526.8383107586818,46.332699681937854,207.9830951224289,526.8383107586818,39.542244435984685,1137.0766529368939,3.6775191112680696,-1.1610489121361445,True
S1,S2,120,88200,509.9128683515209,44.844194719370456,187.716532607966,509.9128683515209,39.542244435984685,1137.0766529368939,3.6989842421488683,-2.117085086648572,True
S2,S2,120,88200,499.3412146442688,43.914472551568736,186.81255608498543,499.3412146442688,39.542244435984685,1137.0766529368939,3.4484124570704378,-1.7238782853577626,True
B3,S2,120,88200,439.35006316994435,38.638561616331735,203.80465333039785,439.35006316994435,0.0,1137.0766529368939,4.798353472222222,-1.0667951388888883,True
B1,S2,120,88800,781.5362095252523,45.15236042767281,524.9503692125701,781.5362095252523,51.40314658751475,1730.8867180424688,9.304358796296297,-8.84464027777778,True
B2,S2,120,88800,677.294648488145,39.129923491129766,347.8346801530928,677.294648488145,51.40314658751475,1730.8867180424688,0.0,0.0,True
B4,S2,120,88800,652.9876198911768,37.72561272118764,387.41083836022233,652.9876198911768,51.40314658751475,1730.8867180424688,3.9056261731370343,-1.4309410666929407,True
S0,S2,120,88800,618.7191352085877,35.74579022180739,385.3920334451944,618.7191352085877,51.40314658751475,1730.8867180424688,5.245613438473727,-4.612457524688204,True
S1,S2,120,88800,662.1358216399764,38.25413961167909,416.9788804163364,662.1358216399764,51.40314658751475,1730.8867180424688,6.626817276868218,-6.361066029311214,True
S2,S2,120,88800,619.5271193092483,35.79247057888902,388.263574042631,619.5271193092483,51.40314658751475,1730.8867180424688,5.550140637235977,-4.8525283062022675,True
B3,S2,120,88800,733.4619979675464,42.3749278518382,490.6709512569119,733.4619979675464,0.0,1730.8867180424688,9.304358796296297,-8.84464027777778,True
B1,S2,120,89400,1166.0862126146344,50.62474228454721,547.224728669292,1166.0862126146344,49.55666567188521,2303.391898886906,3.944314583333333,-0.8821590277777773,True
B2,S2,120,89400,1133.6993561410193,49.21869164725593,502.9676534065232,1133.6993561410193,49.55666567188521,2303.391898886906,0.0,0.0,True
B4,S2,120,89400,1173.1580526179307,50.931760816943445,561.5268947168651,1173.1580526179307,49.55666567188521,2303.391898886906,4.52888904129545,-1.0030412281472227,True
S0,S2,120,89400,1175.2196657793613,51.021264177723125,545.3804635448098,1175.2196657793613,49.55666567188521,2303.391898886906,8.372041133756186,-8.28663658172628,True
S1,S2,120,89400,1130.8098257674794,49.09324489306112,518.0872958723307,1130.8098257674794,49.55666567188521,2303.391898886906,4.920788387029105,-3.920737962835399,True
S2,S2,120,89400,1196.1270902023205,51.928944040323245,556.3304458099143,1196.1270902023205,49.55666567188521,2303.391898886906,8.27488422343958,-8.092493272126,True
B3,S2,120,89400,222.30101953192286,9.651028973373915,125.24000346855233,225.42837563242304,0.0,2303.391898886906,3.944314583333333,-0.8821590277777773,True
B1,S2,120,90000,1103.5580546169895,44.58377014515388,507.77242198361216,1103.5580546169895,49.60209434340052,2475.2461512879545,3.036498379629629,0.7838006944444459,True
B2,S2,120,90000,1067.3139889486715,43.11950907966514,474.86059627675553,1067.3139889486715,49.60209434340052,2475.2461512879545,0.0,0.0,True
B4,S2,120,90000,1000.6476076825609,40.426185782043945,465.3656220546835,1000.6476076825609,49.60209434340052,2475.2461512879545,4.801229958820188,-2.7145109095911995,True
S0,S2,120,90000,1398.747902958992,56.50944663548618,759.1535552485221,1398.747902958992,49.60209434340052,2475.2461512879545,9.377434345057825,-9.240902612073358,True
S1,S2,120,90000,1062.8839086317128,42.940533735550225,486.93645278003515,1062.8839086317128,49.60209434340052,2475.2461512879545,3.2959354613612883,-1.3525920737314716,True
S2,S2,120,90000,1375.2293919324543,55.55929826279604,735.5665068794133,1375.2293919324543,49.60209434340052,2475.2461512879545,9.26893388354726,-9.078647122045814,True
B3,S2,120,90000,86.54056195525489,3.496240642985139,78.48343623815063,129.1922749889269,0.0,2475.2461512879545,3.036498379629629,0.7838006944444459,True
B1,S2,120,90600,1244.2305554934183,56.724503512777154,600.8879220999913,1244.2305554934183,55.349242539854345,2193.462222570456,4.983243749999999,4.781681249999998,True
B2,S2,120,90600,1062.8085230959084,48.45346831870363,467.9291849613308,1062.8085230959084,55.349242539854345,2193.462222570456,0.0,0.0,True
B4,S2,120,90600,1182.6763344768021,53.91824496940081,568.0892356315071,1182.6763344768021,55.349242539854345,2193.462222570456,9.047296555649432,-7.713381082426789,True
S0,S2,120,90600,1174.620846028236,53.55099504069558,589.4099746562043,1174.620846028236,55.349242539854345,2193.462222570456,7.325934196975186,-6.636464770055817,True
S1,S2,120,90600,1107.4403266574814,50.48823340844701,508.8874147428515,1107.4403266574814,55.349242539854345,2193.462222570456,3.3170846967813974,2.528644831202263,True
S2,S2,120,90600,1147.848332319484,52.33043544166232,565.9172548486483,1147.848332319484,55.349242539854345,2193.462222570456,7.608609694523595,-6.421761147329462,True
B3,S2,120,90600,556.3461075612184,25.363833570347623,347.7299701564094,556.8189740812708,0.0,2193.462222570456,4.983243749999999,4.781681249999998,True
B1,S2,120,91200,1396.9090429583655,74.55781989666238,669.6191327227478,1396.9090429583655,57.99601186020288,1873.591589580396,7.64044537037037,7.632884722222221,True
B2,S2,120,91200,850.0595408912147,45.37058906640329,459.34265531169353,850.0595408912147,57.99601186020288,1873.591589580396,0.0,0.0,True
B4,S2,120,91200,1095.9747444508173,58.49592571539396,532.7204051662596,1095.9747444508173,57.99601186020288,1873.591589580396,6.226052145176525,4.183885530786492,True
S0,S2,120,91200,949.6808118839742,50.687717492191666,552.1281042023147,949.6808118839742,57.99601186020288,1873.591589580396,6.084884459285741,-4.976277466801656,True
S1,S2,120,91200,973.4997020659373,51.95901323852331,501.08790163919275,973.4997020659373,57.99601186020288,1873.591589580396,3.476202183495262,2.7485614690824884,True
S2,S2,120,91200,933.5192522885734,49.82511970485743,536.5642994622934,933.5192522885734,57.99601186020288,1873.591589580396,6.329439899937784,-5.144109478937665,True
B3,S2,120,91200,897.6334778572389,47.909773018263294,412.9989038933606,897.6334778572389,0.0,1873.591589580396,7.64044537037037,7.632884722222221,True
B1,S2,120,91800,918.4550168190603,47.96827052415226,499.15252827742995,918.4550168190603,61.786980542653545,1914.7136362913352,7.360033101851853,6.963323379629631,True
B2,S2,120,91800,704.6134757747426,36.79994033674555,221.73698608605892,704.6134757747426,61.786980542653545,1914.7136362913352,0.0,0.0,True
B4,S2,120,91800,935.755182016721,48.871808519064636,523.5677485289507,935.755182016721,61.786980542653545,1914.7136362913352,8.1704250846476,8.089975816214936,True
S0,S2,120,91800,491.69273344444395,25.679700824443803,232.90441771721285,491.69273344444395,61.786980542653545,1914.7136362913352,6.35739387780374,-5.774233015990607,True
S1,S2,120,91800,732.8529425598099,38.2748066692257,285.352511968346,732.8529425598099,61.786980542653545,1914.7136362913352,3.3659810654235005,1.957044548252411,True
S2,S2,120,91800,504.90126551905496,26.369544560042563,221.13262637384761,504.90126551905496,61.786980542653545,1914.7136362913352,6.694051033417459,-6.008350411467286,True
B3,S2,120,91800,510.37866279546535,26.655613305393945,422.55247822841125,653.058811135607,0.0,1914.7136362913352,7.360033101851853,6.963323379629631,True
B1,S2,120,92400,931.3682936268481,50.75319927183523,683.7767617058618,973.3846681369687,56.229567084067654,1835.0927763950788,8.57575138888889,-7.90973287037037,True
B2,S2,120,92400,789.6358060920313,43.029748481884376,457.74138143068217,789.6358060920313,56.229567084067654,1835.0927763950788,0.0,0.0,True
B4,S2,120,92400,602.7722815249236,32.84696497520038,380.3201583139997,602.7722815249236,56.229567084067654,1835.0927763950788,6.462570089683572,0.9410522442187295,True
S0,S2,120,92400,773.2826603273912,42.13861393135965,531.8778451835675,773.2826603273912,56.229567084067654,1835.0927763950788,5.620563347017432,-5.232445343158231,True
S1,S2,120,92400,688.9919464612929,37.54534677068333,481.5136422587481,696.7680950343923,56.229567084067654,1835.0927763950788,4.989551725331534,-3.479116760469381,True
S2,S2,120,92400,775.8939935200814,42.280913722753304,542.8365210106128,775.8939935200814,56.229567084067654,1835.0927763950788,5.683698848804508,-5.315650046415579,True
B3,S2,120,92400,907.8256772954521,49.470287768164894,656.1891821177587,916.2078069331858,0.0,1835.0927763950788,8.57575138888889,-7.90973287037037,True
B1,S3a,30,600,77.44230592141649,36.8086056145761,39.326804749533956,77.44230592141649,9.425807120999938,210.39184893966632,2.6701768518518514,2.2196120370370362,True
B2,S3a,30,600,20.728463043679227,9.852312790702975,9.857123309476268,20.728463043679227,9.425807120999938,210.39184893966632,0.0,0.0,True
B4,S3a,30,600,109.02625571881237,51.82057017336144,56.67803739179061,109.02625571881237,9.425807120999938,210.39184893966632,3.568799866520453,3.550606707603638,True
S0,S3a,30,600,55.83206333859621,26.537179847973608,28.45319570610018,55.83206333859621,9.425807120999938,210.39184893966632,2.213014958692571,0.9932385020789165,True
S1,S3a,30,600,35.2550189096095,16.75683686762956,17.190511053091708,35.2550189096095,9.425807120999938,210.39184893966632,1.4621441227334868,-0.02994434257179762,True
S2,S3a,30,600,55.78594074735026,26.515257615017152,28.125884064901616,55.78594074735026,9.425807120999938,210.39184893966632,1.9692457186890828,1.0843798099157498,True
B3,S3a,30,600,67.45394787380035,32.061103228929746,35.62501622143299,67.45394787380035,0.0,210.39184893966632,2.6701768518518514,2.2196120370370362,True
B1,S3a,30,1200,30.662288128135636,8.3310346583947,15.42377456493502,30.662288128135636,6.940821286165385,368.0489805337568,0.3896972222222227,-0.37288611111111153,False
B2,S3a,30,1200,29.07521189333421,7.8998213365972045,14.416555176096708,29.07521189333421,6.940821286165385,368.0489805337568,0.0,0.0,False
B4,S3a,30,1200,29.092347536600037,7.904477141713408,14.462839967960619,29.092347536600037,6.940821286165385,368.0489805337568,0.20959818099228814,-0.16223511467121976,False
S0,S3a,30,1200,67.8350745438651,18.430991017958654,44.04486859831124,67.8350745438651,6.940821286165385,368.0489805337568,2.0722893432955707,-2.0198707315306637,False
S1,S3a,30,1200,33.24450520002014,9.032630698177146,17.62078820659759,33.24450520002014,6.940821286165385,368.0489805337568,1.000985118800319,-0.0022589196542687753,False
S2,S3a,30,1200,69.74176577371338,18.949044682197343,43.490975768168155,69.74176577371338,6.940821286165385,368.0489805337568,2.1252916328152622,-2.123276147242029,False
B3,S3a,30,1200,10.80139063299181,2.9347698823475277,5.971601445062981,11.089331752750649,0.0,368.0489805337568,0.3896972222222227,-0.37288611111111153,False
B1,S3a,30,1800,100.20940032251126,36.052405594232866,31.569432058204857,100.20940032251126,0.0625877923020702,277.95482345993935,3.6380249999999994,3.3765490740740725,True
B2,S3a,30,1800,12.769961257931293,4.594257836209769,9.863005153669196,12.953108551212967,0.0625877923020702,277.95482345993935,0.0,0.0,True
B4,S3a,30,1800,89.2660716168761,32.11531662077514,28.052516167965607,89.2660716168761,0.0625877923020702,277.95482345993935,3.4352972722599673,3.0062696168754655,True
S0,S3a,30,1800,22.71564478882866,8.172423311841747,15.333136913162614,22.74207729689497,0.0625877923020702,277.95482345993935,2.1941209161270105,0.7031315510099043,True
S1,S3a,30,1800,29.317230375946995,10.54748034627015,15.498178570105173,29.342237093149546,0.0625877923020702,277.95482345993935,2.154274899155079,0.932472373765066,True
S2,S3a,30,1800,43.0802783127098,15.49902166706555,18.586002351728375,43.083770223185574,0.0625877923020702,277.95482345993935,2.415731990979833,1.408479407250719,True
B3,S3a,30,1800,101.63156587306098,36.56405908268355,31.208209328907003,101.63156587306098,0.0,277.95482345993935,3.6380249999999994,3.3765490740740725,True
B1,S3a,30,2400,21.86738012047247,4.493409315757073,10.80220921541392,21.86738012047247,0.3819798265511668,486.6545329798903,0.5565074074074078,0.5173333333333339,True
B2,S3a,30,2400,14.680133203215352,3.0165409357898594,6.757450157508274,14.680133203215352,0.3819798265511668,486.6545329798903,0.0,0.0,True
B4,S3a,30,2400,14.429723799993862,2.965085665931757,6.856460071177336,14.581554880902681,0.3819798265511668,486.6545329798903,0.4170839960078976,-0.13662802982652947,True
S0,S3a,30,2400,111.44817821440283,22.900881562117934,63.5895436486173,111.44817821440283,0.3819798265511668,486.6545329798903,3.7492184684327374,-3.7492184684327374,True
S1,S3a,30,2400,18.83878389718984,3.8710795072298856,12.76475657812476,18.83878389718984,0.3819798265511668,486.6545329798903,0.8915298213694113,0.367237988808365,True
S2,S3a,30,2400,94.1972099047407,19.356073666457178,51.437926967777685,94.1972099047407,0.3819798265511668,486.6545329798903,3.1617777088958463,-3.1617777088958463,True
B3,S3a,30,2400,16.267261347515735,3.3426712883794174,8.354272289395238,16.267261347515735,0.0,486.6545329798903,0.5565074074074078,0.5173333333333339,True
B1,S3a,30,3600,21.732805171016594,5.265987643642386,14.343318691566209,22.877881695580324,3.2097007991916264,412.70140839116016,0.6890231481481479,-0.41239722222222175,True
B2,S3a,30,3600,19.043285919401043,4.614301170824146,10.362959040942021,19.043285919401043,3.2097007991916264,412.70140839116016,0.0,0.0,True
B4,S3a,30,3600,21.48287724910484,5.205428625226129,13.18461150143794,21.76106687577327,3.2097007991916264,412.70140839116016,0.5832382221014182,-0.39022460300993295,True
S0,S3a,30,3600,132.37995173464356,32.07644777629963,81.20597363098784,132.37995173464356,3.2097007991916264,412.70140839116016,4.417642461848562,-4.417642461848562,True
S1,S3a,30,3600,72.68761085295615,17.612639398618803,46.19887345957591,72.7029050044178,3.2097007991916264,412.70140839116016,2.4087203850262866,-2.3892565914020567,True
S2,S3a,30,3600,121.48500821912252,29.436538317789918,69.77342533460235,121.48500821912252,3.2097007991916264,412.70140839116016,4.050191881579027,-4.050191881579027,True
B3,S3a,30,3600,11.723434315332188,2.840657695120019,10.22884056299402,15.947031068840058,0.0,412.70140839116016,0.6890231481481479,-0.41239722222222175,True
B1,S3a,30,4200,202.40251770710003,61.36592913729962,106.01435718420464,202.40251770710003,0.5032860782405107,329.82881633592854,6.823005555555554,-6.823005555555554,True
B2,S3a,30,4200,3.33077709483374,1.0098502404475675,1.619885274138758,3.33077709483374,0.5032860782405107,329.82881633592854,0.0,0.0,True
B4,S3a,30,4200,91.2964700867342,27.679955651221615,44.10623166240064,91.2964700867342,0.5032860782405107,329.82881633592854,3.0538280123278096,-3.053576520156277,True
S0,S3a,30,4200,71.6098615213728,21.711220480031866,44.55394850690819,71.6098615213728,0.5032860782405107,329.82881633592854,2.4157046475867876,-2.4157046475867876,True
S1,S3a,30,4200,71.94615194822694,21.813179560075262,43.70731132654089,71.94615194822694,0.5032860782405107,329.82881633592854,2.425438571689687,-2.425438571689687,True
S2,S3a,30,4200,94.6636745872096,28.700850228560764,59.125271213408446,94.6636745872096,0.5032860782405107,329.82881633592854,3.191936785710535,-3.191936785710535,True
B3,S3a,30,4200,202.36866590554828,61.35566569157411,106.00198606493065,202.36866590554828,0.0,329.82881633592854,6.823005555555554,-6.823005555555554,True
B1,S3a,30,4800,68.45487185737471,22.13064911382786,50.62205803072414,68.50608538785357,4.51160883821699,309.3215725633739,2.528634259259259,2.2057398148148155,True
B2,S3a,30,4800,13.193209177271909,4.265208232306164,5.761090577311894,13.193209177271909,4.51160883821699,309.3215725633739,0.0,0.0,True
B4,S3a,30,4800,62.02694609181947,20.05257686290579,43.53341829457745,62.02694609181947,4.51160883821699,309.3215725633739,2.028964476989824,1.9728740592291296,True
S0,S3a,30,4800,42.60737551483528,13.774459751301658,19.91832071437653,42.60737551483528,4.51160883821699,309.3215725633739,1.8407052096208796,-1.0347778354360624,True
S1,S3a,30,4800,44.32295593401326,14.329086577022482,24.536449033805635,44.32295593401326,4.51160883821699,309.3215725633739,2.3520879695714045,-0.6188862524730919,True
S2,S3a,30,4800,47.21084750991092,15.262707711806408,24.405891183919554,47.21084750991092,4.51160883821699,309.3215725633739,2.45252791724742,-0.948862567846421,True
B3,S3a,30,4800,62.02844527749874,20.053061531875645,48.74695026003067,66.43106150520627,0.0,309.3215725633739,2.528634259259259,2.2057398148148155,True
B1,S3a,30,5400,13.725075390455887,19.91912439005981,15.478659992269082,23.932041943651594,4.365570149894324,68.90400964263809,2.641577777777778,-0.09872592592592583,True
B2,S3a,30,5400,0.4246421725480604,0.6162807864889333,0.47591102649359845,1.003382134078645,4.365570149894324,68.90400964263809,0.0,0.0,True
B4,S3a,30,5400,19.059288683097733,27.660638012136477,12.901006468281313,21.83073509025687,4.365570149894324,68.90400964263809,2.2723592214239914,0.4862077017460033,True
S0,S3a,30,5400,7.699766599952243,11.174627775489563,3.6361263962061643,7.7331561463538545,4.365570149894324,68.90400964263809,0.5876129703236768,0.25009966561199576,True
S1,S3a,30,5400,14.108549797781507,20.4756586314116,6.605777998113995,14.14049265487803,4.365570149894324,68.90400964263809,0.797533714127968,0.4641785329765604,True
S2,S3a,30,5400,16.666372982749156,24.187812972259795,15.184138199822403,28.866609425570044,4.365570149894324,68.90400964263809,1.3865261970377774,-0.5665993357889915,True
B3,S3a,30,5400,13.994594134080073,20.310275420343842,15.278132727905477,23.918809469503042,0.0,68.90400964263809,2.641577777777778,-0.09872592592592583,True
B1,S3a,30,6000,38.58231977842155,9.054083748895096,21.151679818384824,38.58231977842155,0.22785695198572112,426.1316865235524,1.3240787037037025,-1.3240787037037025,False
B2,S3a,30,6000,1.916986798592793,0.44985783954060427,1.6367836400073579,2.422632576597803,0.22785695198572112,426.1316865235524,0.0,0.0,False
B4,S3a,30,6000,44.64047819858581,10.475747195138121,22.640870124347106,44.64047819858581,0.22785695198572112,426.1316865235524,1.5269177582258624,-1.5269177582258624,False
S0,S3a,30,6000,169.5688944494165,39.792603979484724,86.46193785996203,169.5688944494165,0.22785695198572112,426.1316865235524,5.721758543737863,-5.721758543737863,False
S1,S3a,30,6000,84.0164571062225,19.716078330537123,41.18186694902396,84.0164571062225,0.22785695198572112,426.1316865235524,2.99004427007994,-2.851182144540973,False
S2,S3a,30,6000,148.01855189092038,34.735401419800155,71.58562757021419,148.01855189092038,0.22785695198572112,426.1316865235524,4.997336707214943,-4.997336707214943,False
B3,S3a,30,6000,38.63435649377449,9.066295165459177,21.191057651766315,38.63435649377449,0.0,426.1316865235524,1.3240787037037025,-1.3240787037037025,False
B1,S3a,30,6600,10.604940130927162,2.4973557288286616,4.0801319249757055,10.604940130927162,2.1936607024715533,424.6467577088512,0.4685018518518517,-0.37703518518518525,False
B2,S3a,30,6600,1.1313260492708015,0.2664157982448244,1.2501417575822928,2.5408346730843148,2.1936607024715533,424.6467577088512,0.0,0.0,False
B4,S3a,30,6600,9.650674457286787,2.272635851350015,3.709238754168333,9.650674457286787,2.1936607024715533,424.6467577088512,0.42687948410361365,-0.34503169988400034,False
S0,S3a,30,6600,176.106788103557,41.471360585378676,90.24818199723494,176.106788103557,2.1936607024715533,424.6467577088512,6.006234229201831,-5.917520945447321,False
S1,S3a,30,6600,75.22217639494252,17.71405880991485,38.267945155820215,75.22217639494252,2.1936607024715533,424.6467577088512,2.676227861378228,-2.538317350904737,False
S2,S3a,30,6600,162.22584890503785,38.20254033736532,77.77110546540531,162.22584890503785,2.1936607024715533,424.6467577088512,5.456266927865501,-5.456266927865501,False
B3,S3a,30,6600,10.530519742847105,2.479830483026342,3.920012006610212,10.530519742847105,0.0,424.6467577088512,0.4685018518518517,-0.37703518518518525,False
B1,S3a,30,7200,36.62952985960362,7.040515353441861,17.79454383522519,36.62952985960362,4.3108975605379,520.2677363908699,0.9332944444444433,-0.8677277777777759,False
B2,S3a,30,7200,21.813922615740918,4.1928263257424865,12.184639841954612,21.813922615740918,4.3108975605379,520.2677363908699,0.0,0.0,False
B4,S3a,30,7200,48.078664629172266,9.24113898791745,22.82195369506442,48.078664629172266,4.3108975605379,520.2677363908699,1.36915349586482,-1.3267283614219665,False
S0,S3a,30,7200,130.2810338390783,25.041151839021587,73.195863629281,130.2810338390783,4.3108975605379,520.2677363908699,4.397746169194647,-4.397746169194647,False
S1,S3a,30,7200,138.85192292783955,26.688551531383457,71.4354262190015,138.85192292783955,4.3108975605379,520.2677363908699,4.62437748040856,-4.62437748040856,False
S2,S3a,30,7200,118.17664639215977,22.714582920701293,60.09771854762399,118.17664639215977,4.3108975605379,520.2677363908699,3.9112237013565383,-3.9112237013565383,False
B3,S3a,30,7200,26.952291931144444,5.180465757518272,11.479228563733715,26.952291931144444,0.0,520.2677363908699,0.9332944444444433,-0.8677277777777759,False
B1,S3a,30,7800,65.78306827790946,15.085677916021481,45.5651975500127,65.78306827790946,0.3865980650820463,436.06305692133134,3.9180564814814813,-2.836491666666666,True
B2,S3a,30,7800,2.77907348806662,0.637310004586787,4.275555183786415,6.422818034923427,0.3865980650820463,436.06305692133134,0.0,0.0,True
B4,S3a,30,7800,88.26850362341015,20.24214209903463,60.11088474213475,88.26850362341015,0.3865980650820463,436.06305692133134,4.119614794038077,-3.69971169838736,True
S0,S3a,30,7800,103.03719384110927,23.62896654639053,64.85368240510554,103.03719384110927,0.3865980650820463,436.06305692133134,4.751415520112202,-4.564872604066853,True
S1,S3a,30,7800,78.61381878066152,18.028085051663517,48.60938337172786,78.61381878066152,0.3865980650820463,436.06305692133134,3.600153178599239,-3.4624630891147503,True
S2,S3a,30,7800,118.28340041832817,27.125297257104556,78.22455703900792,118.28340041832817,0.3865980650820463,436.06305692133134,5.563664584446225,-5.14643369301973,True
B3,S3a,30,7800,67.38697509466226,15.453493256324927,45.10382444397252,67.38697509466226,0.0,436.06305692133134,3.9180564814814813,-2.836491666666666,True
B1,S3a,30,8400,34.286603068512825,5.2230674492189255,25.197602987206626,34.286603068512825,1.1756414700579991,656.4457266130108,1.255697222222223,0.952371296296298,True
B2,S3a,30,8400,21.33061530103501,3.2494103375601493,11.018580078803504,21.33061530103501,1.1756414700579991,656.4457266130108,0.0,0.0,True
B4,S3a,30,8400,32.7914948958689,4.9953093708233105,15.159399494339429,32.7914948958689,1.1756414700579991,656.4457266130108,1.1535841568397822,-0.8093009978901423,True
S0,S3a,30,8400,245.31865117041997,37.370743874922155,136.99291746053646,245.31865117041997,1.1756414700579991,656.4457266130108,8.367649848397589,-8.367649848397589,True
S1,S3a,30,8400,80.97698238124467,12.335670581489271,46.51611634122125,81.05601102140584,1.1756414700579991,656.4457266130108,2.9584025838545784,-2.7391915320928537,True
S2,S3a,30,8400,206.05192830428885,31.3890272951325,104.93963012860056,206.05192830428885,1.1756414700579991,656.4457266130108,7.020790901527435,-7.020790901527435,True
B3,S3a,30,8400,28.46580442177171,4.336353070442476,23.76601532393312,30.014826995316728,0.0,656.4457266130108,1.255697222222223,0.952371296296298,True
B1,S3a,30,9600,31.575193477448707,4.254417472205821,17.37888169725617,31.575193477448707,1.3704184280000324,742.1743090265579,0.5985203703703699,-0.1428962962962957,False
B2,S3a,30,9600,30.97911587796827,4.174102431354804,16.542939940743054,30.97911587796827,1.3704184280000324,742.1743090265579,0.0,0.0,False
B4,S3a,30,9600,38.77141965350491,5.2240314952908875,20.514228167297095,38.77141965350491,1.3704184280000324,742.1743090265579,0.8971151740050093,-0.8775557166793413,False
S0,S3a,30,9600,275.33317981423653,37.09818252471793,157.95217666627923,275.33317981423653,1.3704184280000324,742.1743090265579,9.322608424002395,-9.322608424002395,False
S1,S3a,30,9600,29.499213183245757,3.9747014716714153,16.88140585396106,30.295761287898948,1.3704184280000324,742.1743090265579,0.9775710038402193,-0.22079213535773495,False
S2,S3a,30,9600,229.5987187728402,30.935956146741834,123.46217375218822,229.5987187728402,1.3704184280000324,742.1743090265579,7.786810655026822,-7.786810655026822,False
B3,S3a,30,9600,2.0581283970154116,0.27731064953122264,3.4314573046389274,6.158004529010252,0.0,742.1743090265579,0.5985203703703699,-0.1428962962962957,False
B1,S3a,30,10200,239.28144704403377,47.42028184612266,144.6077373881855,239.28144704403377,6.339800406653773,504.5972687815197,7.869324074074075,7.869324074074075,True
B2,S3a,30,10200,28.65925314758243,5.679629066718413,14.433374016806694,28.65925314758243,6.339800406653773,504.5972687815197,0.0,0.0,True
B4,S3a,30,10200,131.62532477862607,26.08522338943082,78.98931941877309,131.62532477862607,6.339800406653773,504.5972687815197,4.191866734567724,4.191866734567724,True
S0,S3a,30,10200,100.4974406054879,19.916366342640917,49.57345666546539,100.4974406054879,6.339800406653773,504.5972687815197,3.339963810010124,-3.339963810010124,True
S1,S3a,30,10200,125.78434700804931,24.92767099429374,73.6610798326964,125.78434700804931,6.339800406653773,504.5972687815197,4.001328217439966,4.001328217439966,True
S2,S3a,30,10200,50.09198977489223,9.927122652853882,23.948758032377807,50.09198977489223,6.339800406653773,504.5972687815197,2.831420625060226,-1.2515374708070763,True
B3,S3a,30,10200,234.7421978301177,46.52070321287376,143.03900594869248,234.7421978301177,0.0,504.5972687815197,7.869324074074075,7.869324074074075,True
B1,S3a,30,10800,40.163328525412204,6.183927521371798,17.494641761155883,40.163328525412204,1.318696582893428,649.4792894419736,1.3082527777777788,1.1672009259259282,True
B2,S3a,30,10800,19.39483407495895,2.986212861633018,11.324269112176935,19.39483407495895,1.318696582893428,649.4792894419736,0.0,0.0,True
B4,S3a,30,10800,21.415533051002523,3.2973388680957854,11.427014486950188,21.415533051002523,1.318696582893428,649.4792894419736,0.8780101641105561,0.33699085397616935,True
S0,S3a,30,10800,204.2016182583202,31.4408206047291,125.05297764565809,204.2016182583202,1.318696582893428,649.4792894419736,6.840137814999358,-6.840137814999358,True
S1,S3a,30,10800,37.35691483919858,5.751825415602595,30.207924778537535,44.24660133494821,1.318696582893428,649.4792894419736,1.6887389002937576,-1.1189180573784492,True
S2,S3a,30,10800,178.6500256463709,27.506654723334638,105.70250030810972,178.6500256463709,1.318696582893428,649.4792894419736,5.988586960650565,-5.988586960650565,True
B3,S3a,30,10800,35.8327369955059,5.51714851851443,13.705484733560088,35.8327369955059,0.0,649.4792894419736,1.3082527777777788,1.1672009259259282,True
B1,S3a,30,11400,7.27566172248761,1.4105452702121701,4.4500019706595575,7.27566172248761,0.5850293235849789,515.8049072323092,0.3648027777777778,0.080315740740742,False
B2,S3a,30,11400,7.022571762885198,1.3614782768482576,3.237081748032574,7.022571762885198,0.5850293235849789,515.8049072323092,0.0,0.0,False
B4,S3a,30,11400,6.848524351636843,1.3277354006545716,4.203114138628333,6.848524351636843,0.5850293235849789,515.8049072323092,0.3024048555018837,0.028198315730919698,False
S0,S3a,30,11400,164.4883197338662,31.889638393801402,92.80965978785548,164.4883197338662,0.5850293235849789,515.8049072323092,5.572226315091156,-5.572226315091156,False
S1,S3a,30,11400,34.14944230132204,6.620612138911224,21.05071555250325,35.66191452398303,0.5850293235849789,515.8049072323092,1.3406709154113285,-1.1798970207917543,False
S2,S3a,30,11400,148.96806862002887,28.880700150635896,80.13253689006658,148.96806862002887,0.5850293235849789,515.8049072323092,5.059047559741732,-5.059047559741732,False
B3,S3a,30,11400,3.753032227587776,0.7276069255962851,3.4770004521606577,5.571918851321055,0.0,515.8049072323092,0.3648027777777778,0.080315740740742,False
B1,S3a,30,12000,17.197472588545065,3.2637949909081194,12.604521367413067,18.9467360714959,1.6132032229319806,526.9164465431095,0.6310064814814823,-0.42098981481481607,True
B2,S3a,30,12000,13.130613975304946,2.491972695376983,7.4857748817124286,13.130613975304946,1.6132032229319806,526.9164465431095,0.0,0.0,True
B4,S3a,30,12000,13.811368161969199,2.621168546280938,8.901854456457675,14.205539033686472,1.6132032229319806,526.9164465431095,0.3823017581837503,-0.2265112692482931,True
S0,S3a,30,12000,147.8592034516386,28.06122382812007,90.68836572123425,147.8592034516386,1.6132032229319806,526.9164465431095,4.994579208210931,-4.994579208210931,True
S1,S3a,30,12000,30.034997731967135,5.700144288343034,19.569639849247388,32.24726484655961,1.6132032229319806,526.9164465431095,1.4308420337167296,-0.9111845579725613,True
S2,S3a,30,12000,142.71201381072183,27.084372626248232,85.35902659447484,142.71201381072183,1.6132032229319806,526.9164465431095,4.833421837153387,-4.833421837153387,True
B3,S3a,30,12000,11.366374229987711,2.1571492604867433,9.720626011477554,14.497184340675423,0.0,526.9164465431095,0.6310064814814823,-0.42098981481481607,True
B1,S3a,30,12600,15.298211011628739,4.2424455777681445,8.002607556530858,15.298211011628739,7.641440691810009,360.5988746631556,1.4340398148148146,0.5454898148148156,True
B2,S3a,30,12600,5.20401060394964,1.4431577493997552,2.3071190028061355,5.20401060394964,7.641440691810009,360.5988746631556,0.0,0.0,True
B4,S3a,30,12600,37.22261365464922,10.322443099529856,20.089006178810333,37.22261365464922,7.641440691810009,360.5988746631556,1.3770984664322719,1.3182088571898218,True
S0,S3a,30,12600,41.012260669058215,11.373374558467159,24.04441638020688,41.406223394156925,7.641440691810009,360.5988746631556,1.945679367614363,-1.352060177680479,True
S1,S3a,30,12600,4.8885384222190575,1.3556721237096383,4.9920332439938395,9.1021701252113,7.641440691810009,360.5988746631556,1.4021457679791938,0.06394118048492131,True
S2,S3a,30,12600,28.434008662892733,7.8852183577815245,17.787905559797977,29.46192083566858,7.641440691810009,360.5988746631556,1.9347873043154422,-0.9126918297688098,True
B3,S3a,30,12600,17.159540676043918,4.758622913638616,8.388307200710418,17.159540676043918,0.0,360.5988746631556,1.4340398148148146,0.5454898148148156,True
B1,S3a,30,13800,308.48921146740213,97.60537061675193,164.84839993290154,308.48921146740213,4.515614055225698,316.0576201064661,10.573407407407409,-10.573407407407409,True
B2,S3a,30,13800,14.192570162909277,4.490500864408337,6.488497255616255,14.192570162909277,4.515614055225698,316.0576201064661,0.0,0.0,True
B4,S3a,30,13800,225.859422970677,71.46147050483856,116.56212285336788,225.859422970677,4.515614055225698,316.0576201064661,7.719160138319971,-7.719160138319971,True
S0,S3a,30,13800,70.33944194235612,22.25525899950199,28.69006822261743,70.33944194235612,4.515614055225698,316.0576201064661,2.6571600546774543,-2.3851663994738073,True
S1,S3a,30,13800,59.66574114429006,18.878121376789224,25.360352235790803,59.66574114429006,4.515614055225698,316.0576201064661,2.5341663074386087,-1.9845677255154472,True
S2,S3a,30,13800,93.81387867826015,29.68252391657519,50.11919931224535,93.81387867826015,4.515614055225698,316.0576201064661,3.1793006052932586,-3.1793006052932586,True
B3,S3a,30,13800,308.48921146740213,97.60537061675193,164.84839993290154,308.48921146740213,0.0,316.0576201064661,10.573407407407409,-10.573407407407409,True
B1,S3a,30,14400,183.33526321730798,62.187280510962964,115.0193595047809,183.66076361440193,5.246812415471857,294.8115140442392,6.177276851851852,-6.160045370370372,True
B2,S3a,30,14400,1.122383179435978,0.380712124855325,0.6953766271740802,1.122383179435978,5.246812415471857,294.8115140442392,0.0,0.0,True
B4,S3a,30,14400,121.0938940802914,41.075021941687176,77.76113862123698,123.08141036199979,5.246812415471857,294.8115140442392,4.193549112752873,-4.072518389760473,True
S0,S3a,30,14400,17.483084072496816,5.930258229287923,26.7990116394859,43.215606118245816,5.246812415471857,294.8115140442392,2.8787463008081957,-0.6020724579977874,True
S1,S3a,30,14400,23.424661723275428,7.945640047071004,29.4991783637067,47.14612097402095,5.246812415471857,294.8115140442392,2.571849200886374,-0.7955799404727434,True
S2,S3a,30,14400,33.50295356743122,11.364194399274307,39.16657549410014,60.34906829089631,5.246812415471857,294.8115140442392,3.0017578586347926,-1.1305015545569106,True
B3,S3a,30,14400,183.4511031623022,62.226573394543095,115.04898776383588,183.76419129745872,0.0,294.8115140442392,6.177276851851852,-6.160045370370372,True
B1,S3a,30,15600,4.324562392317902,1.2173672950842178,11.868005699668803,15.311352610624255,1.5190294785113703,355.2389167821966,0.9410740740740744,-0.10815370370370421,True
B2,S3a,30,15600,3.6160849415957435,1.0179304042335064,1.377548881931291,3.6160849415957435,1.5190294785113703,355.2389167821966,0.0,0.0,True
B4,S3a,30,15600,11.961513572509451,3.3671743177404383,3.5416640735817326,11.961513572509451,1.5190294785113703,355.2389167821966,0.7090447371138204,0.3758288322532196,True
S0,S3a,30,15600,88.00730584711326,24.774117274170194,62.658338792096046,88.78479119318597,1.5190294785113703,355.2389167821966,3.0820155004403382,-2.954927311582192,True
S1,S3a,30,15600,57.82076291842309,16.276584627093108,43.52997105021496,58.45625327288561,1.5190294785113703,355.2389167821966,2.165708186931638,-1.9476217996679142,True
S2,S3a,30,15600,79.78145957984012,22.45853587847628,59.18899676065826,82.88478039351006,1.5190294785113703,355.2389167821966,2.8791351748418994,-2.6764283637858273,True
B3,S3a,30,15600,3.1542099910915313,0.8879122872186422,11.783117811969346,15.168036032501028,0.0,355.2389167821966,0.9410740740740744,-0.10815370370370421,True
B1,S3a,30,16200,13.987485197966722,4.363780741908091,6.722512825405611,13.987485197966722,1.6215880335856347,320.535930314652,0.9231064814814816,0.46084166666666665,True
B2,S3a,30,16200,0.2772608485110694,0.08649914792357229,0.8883068683689347,1.4454373025510865,1.6215880335856347,320.535930314652,0.0,0.0,True
B4,S3a,30,16200,43.04334653795952,13.428555886295277,23.029713819693356,43.04334653795952,1.6215880335856347,320.535930314652,1.4471376223552612,1.4471376223552612,True
S0,S3a,30,16200,12.437167219842072,3.8801164061804894,7.083933871815433,13.161305737788647,1.6215880335856347,320.535930314652,0.9921816974841359,0.4129100675315141,True
S1,S3a,30,16200,6.337232731652728,1.9770740601316754,3.8793537487335303,7.055543305143021,1.6215880335856347,320.535930314652,0.9521722105773737,0.2104063219910433,True
S2,S3a,30,16200,15.056724463760387,4.697359340957519,9.668747676839487,15.056724463760387,1.6215880335856347,320.535930314652,0.8034547531610721,0.5051982156895213,True
B3,S3a,30,16200,13.891949962878893,4.333975897566913,6.751629295696195,13.891949962878893,0.0,320.535930314652,0.9231064814814816,0.46084166666666665,True
B1,S3a,30,16800,10.003015120626477,3.0859887517200844,13.330274672865373,19.19036758772406,3.0644874254130254,324.1429546705556,1.0577351851851853,0.22521296296296348,True
B2,S3a,30,16800,5.427301992774512,1.6743544521245508,1.903432795152087,5.427301992774512,3.0644874254130254,324.1429546705556,0.0,0.0,True
B4,S3a,30,16800,24.55466852961168,7.575259056476469,9.27199786811017,24.55466852961168,3.0644874254130254,324.1429546705556,0.9480080364469018,-0.8086534754991271,True
S0,S3a,30,16800,22.33849560170023,6.891556728235566,12.904826367549672,22.33849560170023,3.0644874254130254,324.1429546705556,1.9949796798610293,-0.6985501028191288,True
S1,S3a,30,16800,20.04626445285098,6.184389993367311,9.735215758029543,20.04626445285098,3.0644874254130254,324.1429546705556,1.4448337955700226,-0.6302441121581948,True
S2,S3a,30,16800,19.94603480863397,6.1534685610878785,14.192291109510984,21.302510967783295,3.0644874254130254,324.1429546705556,2.034245786868966,-0.6131558718078458,True
B3,S3a,30,16800,7.149482507921416,2.205657227746267,13.060187692912502,19.164838851462722,0.0,324.1429546705556,1.0577351851851853,0.22521296296296348,True
B1,S3a,30,17400,18.50570679025693,7.078867602505871,6.901639702077485,18.50570679025693,1.6746111394513947,261.4218520446128,0.9983842592592589,0.5915935185185178,True
B2,S3a,30,17400,2.5752036343139117,0.9850758894763095,1.0027516549290654,2.5752036343139117,1.6746111394513947,261.4218520446128,0.0,0.0,True
B4,S3a,30,17400,58.61722973084724,22.422467468727113,30.26639957093661,58.61722973084724,1.6746111394513947,261.4218520446128,2.0154824414307755,2.0154824414307755,True
S0,S3a,30,17400,78.202424294944,29.914264505171662,41.28040424021113,78.202424294944,1.6746111394513947,261.4218520446128,2.905254518872627,2.6859383053515113,True
S1,S3a,30,17400,57.65699557958443,22.055155347053777,30.112706169984286,57.65699557958443,1.6746111394513947,261.4218520446128,2.137214229728666,1.9451886381751278,True
S2,S3a,30,17400,71.16286935861164,27.221469361508227,34.05412075518135,71.16286935861164,1.6746111394513947,261.4218520446128,2.769154121041994,2.4541964295080057,True
B3,S3a,30,17400,18.514236398681444,7.082130378114645,7.028849412337027,18.514236398681444,0.0,261.4218520446128,0.9983842592592589,0.5915935185185178,True
B1,S3a,30,18600,103.2020401222791,35.459024608434206,73.05270972851126,103.2020401222791,3.5980611311581208,291.04590795126296,3.694219444444444,-3.5895083333333324,True
B2,S3a,30,18600,5.14008312153454,1.7660729737506815,3.403913178889084,5.709790038756087,3.5980611311581208,291.04590795126296,0.0,0.0,True
B4,S3a,30,18600,17.054434607971178,5.85970602645512,14.094967598658027,22.72330799965501,3.5980611311581208,291.04590795126296,1.3843278384973925,-0.10540608757769879,True
S0,S3a,30,18600,3.5805650612160287,1.2302406470581992,17.614678210779662,27.84690546766147,3.5980611311581208,291.04590795126296,2.12192184791674,-0.03243604758542763,True
S1,S3a,30,18600,8.749506108675758,3.0062288696190516,17.978454087349533,24.47334000377682,3.5980611311581208,291.04590795126296,1.6792009884106707,-0.252278449716538,True
S2,S3a,30,18600,16.23117619074188,5.576843977981601,28.34841609350983,38.5236010572675,3.5980611311581208,291.04590795126296,2.2323875334439465,-0.4407396337381613,True
B3,S3a,30,18600,102.08373548021804,35.07478809745453,72.9286037462548,102.5662660999974,0.0,291.04590795126296,3.694219444444444,-3.5895083333333324,True
B1,S3a,30,19200,76.00811104337858,58.2521186446039,64.16545183669511,78.36377894608907,6.7314163680493,130.48128173174948,3.273200925925926,1.9030564814814814,True
B2,S3a,30,19200,6.5436459863054965,5.015007439732451,9.471334408760884,12.746401257472545,6.7314163680493,130.48128173174948,0.0,0.0,True
B4,S3a,30,19200,81.93762562838776,62.796459799375356,45.7026078547904,81.93762562838776,6.7314163680493,130.48128173174948,3.0604732602008853,-1.4885317537561162,True
S0,S3a,30,19200,27.791383500861837,21.29913435246358,22.137432529516552,34.00948189273281,6.7314163680493,130.48128173174948,1.3849209299965493,-0.44070266167994104,True
S1,S3a,30,19200,23.316039083468848,17.869259693051784,19.816841249038013,29.900983967493165,6.7314163680493,130.48128173174948,1.25984853359746,-0.29479088172616846,True
S2,S3a,30,19200,40.8368621679361,31.297103788335512,29.03957756552988,46.345722355155694,6.7314163680493,130.48128173174948,1.8201876437643034,-0.8365434684875795,True
B3,S3a,30,19200,5.457833903968917,4.182848169126227,12.081709090858158,24.82113439753429,0.0,130.48128173174948,3.273200925925926,1.9030564814814814,True
B1,S3a,30,19800,89.57114959782511,36.52131498308507,57.352938402287016,91.95707176921533,1.0737509629840245,245.25718649317582,3.945510185185185,3.249660185185186,True
B2,S3a,30,19800,0.2520147596539038,0.10275530077521948,0.9316041412522368,1.5808916480967294,1.0737509629840245,245.25718649317582,0.0,0.0,True
B4,S3a,30,19800,113.35370795652727,46.218302336955695,73.02623575018107,116.05230268507093,1.0737509629840245,245.25718649317582,4.641536232871145,4.088563375429872,True
S0,S3a,30,19800,28.207637360571347,11.501248042473248,17.405702055666858,28.207637360571347,1.0737509629840245,245.25718649317582,2.2502790981206493,-0.02322686411988755,True
S1,S3a,30,19800,23.659635414322832,9.646867336538232,14.122127206605962,23.659635414322832,1.0737509629840245,245.25718649317582,1.790173676225429,-0.15284235761000806,True
S2,S3a,30,19800,39.557485596482884,16.1289812388774,26.945598008690496,41.57643955394831,1.0737509629840245,245.25718649317582,2.8060705652506424,0.12018043590100339,True
B3,S3a,30,19800,90.59841155995841,36.94016589498766,57.476095966689655,92.3100866211284,0.0,245.25718649317582,3.945510185185185,3.249660185185186,True
B1,S3a,30,20400,37.58318719566398,14.49575987528671,26.00887178957442,39.50616962852149,6.648817953810307,259.2702108686153,1.320179629629629,-1.1306481481481474,True
B2,S3a,30,20400,13.753082520511525,5.304536326960012,5.961084826050246,13.753082520511525,6.648817953810307,259.2702108686153,0.0,0.0,True
B4,S3a,30,20400,31.292694282106805,12.069529382981957,12.11597320034888,31.292694282106805,6.648817953810307,259.2702108686153,1.1676597162267222,0.9724280450677312,True
S0,S3a,30,20400,90.20941667840316,34.79359097066366,44.58748150324143,90.20941667840316,6.648817953810307,259.2702108686153,3.2295285312436657,3.020760717357718,True
S1,S3a,30,20400,26.50634184006861,10.223442851867254,9.722923656178674,26.50634184006861,6.648817953810307,259.2702108686153,1.6047641663161365,0.7937358571730371,True
S2,S3a,30,20400,80.85592312979082,31.185967280585277,37.04841835688493,80.85592312979082,6.648817953810307,259.2702108686153,2.7883288492275167,2.71326292242999,True
B3,S3a,30,20400,35.56080073789576,13.715729477273472,25.68564694664067,38.18284440224621,0.0,259.2702108686153,1.320179629629629,-1.1306481481481474,True
B1,S3a,30,21000,5.7359829287316275,3.7894879026104484,7.646153326597879,12.399108618624656,5.6177888597398065,151.36564823918044,1.1783064814814816,1.1783064814814816,False
B2,S3a,30,21000,4.410289397295891,2.9136659794347604,1.7828591182634148,4.410289397295891,5.6177888597398065,151.36564823918044,0.0,0.0,False
B4,S3a,30,21000,32.934629248077826,21.75832471317149,15.453076121687555,32.934629248077826,5.6177888597398065,151.36564823918044,1.2247907577746036,-0.9005889607478599,False
S0,S3a,30,21000,7.75767721791761,5.12512403452289,6.8038066844948135,9.805097370599398,5.6177888597398065,151.36564823918044,0.8362215576019192,0.4606370580634037,False
S1,S3a,30,21000,13.180330703608496,8.70761025168775,10.577955317013274,16.089948757404372,5.6177888597398065,151.36564823918044,0.8300880078833054,0.5709052957351133,False
S2,S3a,30,21000,10.029072559612066,6.625725636086615,8.59645032352467,11.311192489664936,5.6177888597398065,151.36564823918044,0.6284955371723809,0.362298357922031,False
B3,S3a,30,21000,10.071416457083782,6.653700211536393,8.103117349811681,11.998516473293686,0.0,151.36564823918044,1.1783064814814816,1.1783064814814816,False
B1,S3a,30,21600,25.96959630040146,17.48544618954892,17.13012720636075,25.96959630040146,4.8814800431629415,148.52121026184352,1.5554814814814815,-0.988122222222222,True
B2,S3a,30,21600,4.6400853880012365,3.1241903966583267,3.5014047263183468,5.098242364097864,4.8814800431629415,148.52121026184352,0.0,0.0,True
B4,S3a,30,21600,33.060116616043445,22.259525462900765,21.62055082831914,33.060116616043445,4.8814800431629415,148.52121026184352,1.8712602138590386,-1.4360316597629121,True
S0,S3a,30,21600,7.950434017453915,5.353063042939972,17.17644794690723,23.844265982629317,4.8814800431629415,148.52121026184352,1.678540735618575,1.1436982202411747,True
S1,S3a,30,21600,16.093188262079913,10.835616161292757,13.898680124104565,20.29323807081864,4.8814800431629415,148.52121026184352,1.2049143176362298,-0.23467484434544106,True
S2,S3a,30,21600,9.831950902340061,6.619896838307667,14.850028764056676,20.81530206857496,4.8814800431629415,148.52121026184352,1.3294051582543007,0.7781395488107898,True
B3,S3a,30,21600,24.732831849047784,16.652727112473496,15.313435861544281,24.732831849047784,0.0,148.52121026184352,1.5554814814814815,-0.988122222222222,True
B1,S3a,30,22200,114.91079550725478,44.4044586026599,80.05235765840645,115.76137634273361,0.8434002370387584,258.7821113539518,4.433183333333333,-4.269009259259258,True
B2,S3a,30,22200,5.276090904805014,2.0388159278863713,3.6355968114953012,5.986106252089104,0.8434002370387584,258.7821113539518,0.0,0.0,True
B4,S3a,30,22200,35.59594911912045,13.755181504966444,9.851494627477,35.59594911912045,0.8434002370387584,258.7821113539518,1.7371089392979642,1.3002677294360996,True
S0,S3a,30,22200,20.883495810251144,8.06991476380975,16.69831384959469,21.187414522539324,0.8434002370387584,258.7821113539518,1.6448031249590573,-0.00757618267093856,True
S1,S3a,30,22200,15.82599142991501,6.115566237215236,13.633930498756426,17.326589370146735,0.8434002370387584,258.7821113539518,1.3886190532958915,-0.04338306735072839,True
S2,S3a,30,22200,29.623128856972624,11.44713160503405,24.668307185096715,30.052492964810174,0.8434002370387584,258.7821113539518,1.8171341335913789,-0.3403389230516954,True
B3,S3a,30,22200,115.01481930694231,44.44465604874429,80.18492974354012,115.81024366722015,0.0,258.7821113539518,4.433183333333333,-4.269009259259258,True
B1,S3a,30,22800,10.10263165408294,6.751852322334316,5.526537237642565,10.10263165408294,6.684297298074966,149.62755658420798,0.8970379629629628,0.6251120370370368,True
B2,S3a,30,22800,1.246501795890166,0.8330696726900402,1.3915659930895474,2.2639411714930207,6.684297298074966,149.62755658420798,0.0,0.0,True
B4,S3a,30,22800,22.059540874696836,14.74296672236446,13.36051584993793,22.219271645873576,6.684297298074966,149.62755658420798,1.1130596857984487,0.6325952375801613,True
S0,S3a,30,22800,7.954587386290709,5.316258293514267,4.974654628809349,8.05466663545598,6.684297298074966,149.62755658420798,1.0159141681771242,0.5914919981105741,True
S1,S3a,30,22800,5.300439067141363,3.5424217224040286,5.132760717781802,7.931250140584789,6.684297298074966,149.62755658420798,0.8120705945283944,0.3910812814042514,True
S2,S3a,30,22800,9.5374350997818,6.3741167185432746,6.208842169068023,9.577335355633757,6.684297298074966,149.62755658420798,0.7817309688431794,0.6281909616045523,True
B3,S3a,30,22800,10.011241005584798,6.690773567468258,5.435313966562459,10.011241005584798,0.0,149.62755658420798,0.8970379629629628,0.6251120370370368,True
B1,S3a,30,23400,30.749261035728946,12.961991067600696,18.323668374349023,30.749261035728946,2.246111627757099,237.22637112895904,2.6448138888888892,0.17620277777777715,True
B2,S3a,30,23400,8.474419003850448,3.57229213747221,4.9473237035415405,8.474419003850448,2.246111627757099,237.22637112895904,0.0,0.0,True
B4,S3a,30,23400,38.97351326278363,16.428828328532315,26.190166567258796,40.611309057016236,2.246111627757099,237.22637112895904,2.9455663551756013,0.8104851195206636,True
S0,S3a,30,23400,67.37097461594777,28.399445767909217,41.959071034894315,67.37097461594777,2.246111627757099,237.22637112895904,3.1108725807666744,0.662556463624793,True
S1,S3a,30,23400,49.12395223403679,20.707627065345292,30.19418440956878,49.12395223403679,2.246111627757099,237.22637112895904,2.2078620421119366,0.5247212342343849,True
S2,S3a,30,23400,69.65299207908221,29.361403518337355,40.836827688461064,69.65299207908221,2.246111627757099,237.22637112895904,3.5729848425769832,0.38507716295593575,True
B3,S3a,30,23400,22.91443618994719,9.659312360972985,17.100329490905096,27.541630260214145,0.0,237.22637112895904,2.6448138888888892,0.17620277777777715,True
B1,S3a,30,24000,69.76863082844223,23.289958557890664,31.69871488475745,69.76863082844223,5.08308631590819,299.5652854212767,2.4703370370370368,2.4587055555555555,True
B2,S3a,30,24000,27.863211963525227,9.301215234048689,19.11235934132143,27.89245400445245,5.08308631590819,299.5652854212767,0.0,0.0,True
B4,S3a,30,24000,80.17974891222053,26.765367288624336,37.75730046274184,80.17974891222053,5.08308631590819,299.5652854212767,2.912807878478002,2.8985656063355716,True
S0,S3a,30,24000,30.962754229666167,10.335895291112736,22.991008521856873,32.59722276310634,5.08308631590819,299.5652854212767,1.1922693090524143,-0.4433705288380342,True
S1,S3a,30,24000,35.21817082393493,11.756425907096627,26.21763369864515,38.33354207079974,5.08308631590819,299.5652854212767,1.3761518803045842,-0.8111791028123448,True
S2,S3a,30,24000,28.542067106978642,9.527828655726955,19.8517304762452,28.615317206648516,5.08308631590819,299.5652854212767,0.8118474559171576,0.15471464155181502,True
B3,S3a,30,24000,61.23729139846164,20.442051992888306,26.08878184993068,61.23729139846164,0.0,299.5652854212767,2.4703370370370368,2.4587055555555555,True
B1,S3a,60,600,119.96912890391805,24.464499616507347,75.4153990210087,119.96912890391805,5.190942626671907,490.38047286677073,2.396822685185185,1.0969967592592587,True
B2,S3a,60,600,43.403542352459205,8.850993209154828,23.92584421661709,43.403542352459205,5.190942626671907,490.38047286677073,0.0,0.0,True
B4,S3a,60,600,162.7955233933662,33.19779893388932,104.08564971977113,162.7955233933662,5.190942626671907,490.38047286677073,2.7961910548753846,2.681023684022867,True
S0,S3a,60,600,101.04146716850397,20.604708539435556,59.422283813656904,101.04146716850397,5.190942626671907,490.38047286677073,2.5019274714591955,0.21865320585427175,True
S1,S3a,60,600,84.8345580967571,17.299742300261908,44.60441517198751,84.8345580967571,5.190942626671907,490.38047286677073,1.873486969056881,-0.6437904307773092,True
S2,S3a,60,600,110.24233073855916,22.480978921138732,63.69632357415388,110.24233073855916,5.190942626671907,490.38047286677073,2.4458360294064287,-0.055831221615061585,True
B3,S3a,60,600,83.07380291228436,16.94068330792901,58.11492754723466,83.07380291228436,0.0,490.38047286677073,2.396822685185185,1.0969967592592587,True
B1,S3a,60,1200,74.54403844615562,10.204543137771752,38.89802669320827,74.54403844615562,8.490542595340651,730.498538148499,0.4986000000000003,-0.2537101851851856,True
B2,S3a,60,1200,73.24726893927688,10.027024711771134,37.923611249730314,73.24726893927688,8.490542595340651,730.498538148499,0.0,0.0,True
B4,S3a,60,1200,74.8164888539031,10.241839640573525,38.780857820576394,74.8164888539031,8.490542595340651,730.498538148499,0.34931822524120393,0.10900724279246726,True
S0,S3a,60,1200,127.48521526869047,17.451809772516572,74.47781590297643,127.48521526869047,8.490542595340651,730.498538148499,2.1601784816035843,-1.7452045072562028,True
S1,S3a,60,1200,87.61823554435527,11.994306760206525,44.65844519502318,87.61823554435527,8.490542595340651,730.498538148499,1.51869936910719,0.524891679502306,True
S2,S3a,60,1200,125.75320226300633,17.214709639493165,73.57804321881822,125.75320226300633,8.490542595340651,730.498538148499,1.8555754846334878,-1.7083931755858524,True
B3,S3a,60,1200,14.680849879329278,2.0097028416427696,7.55039603062476,14.680849879329278,0.0,730.498538148499,0.4986000000000003,-0.2537101851851856,True
B1,S3a,60,1800,234.03312501928676,44.17768934349927,159.14543721657134,254.94220541713324,4.83084998746193,529.7541100431606,4.826977777777778,3.8373916666666665,True
B2,S3a,60,1800,13.984078083153214,2.639729983786986,12.34540581338066,16.375426395775314,4.83084998746193,529.7541100431606,0.0,0.0,True
B4,S3a,60,1800,249.9018676345345,47.17318146227771,157.3535975336534,258.4675217241225,4.83084998746193,529.7541100431606,4.698861278707198,4.205110783688366,True
S0,S3a,60,1800,32.937265677115626,6.217462980029004,26.467994806813827,44.982921645615356,4.83084998746193,529.7541100431606,2.1134202660043533,0.20538006666319594,True
S1,S3a,60,1800,38.84307007561497,7.332282909980691,31.407441973479482,53.59595903078095,4.83084998746193,529.7541100431606,2.0226426929666026,0.45525391486363087,True
S2,S3a,60,1800,49.952081526210904,9.42929570138515,27.366733290521278,49.952081526210904,4.83084998746193,529.7541100431606,2.521249637942512,-0.609143938827236,True
B3,S3a,60,1800,237.03819073400786,44.74494604953526,160.1963540857257,256.1914588876886,0.0,529.7541100431606,4.826977777777778,3.8373916666666665,True
B1,S3a,60,2400,402.3335430694509,66.44023048233637,148.61490563255148,402.3335430694509,2.5368934724841066,605.5571152427207,6.707543981481482,6.687956944444445,True
B2,S3a,60,2400,13.561579615682252,2.239521140833507,10.912747077065147,14.680133203215352,2.5368934724841066,605.5571152427207,0.0,0.0,True
B4,S3a,60,2400,318.49870531709615,52.595981006586776,111.16370435985493,318.49870531709615,2.5368934724841066,605.5571152427207,5.563828083121877,5.286972070204665,True
S0,S3a,60,2400,123.52581700234545,20.3987062315061,97.91111903607535,127.12037781628094,2.5368934724841066,605.5571152427207,2.2373591243626954,-2.100396290302593,True
S1,S3a,60,2400,69.75219880137605,11.518682060802444,43.14457384384539,70.09623159641808,2.5368934724841066,605.5571152427207,1.3827345300870304,1.097979354547248,True
S2,S3a,60,2400,77.82004060422582,12.850982780217821,70.84168448321829,100.89591967484263,2.5368934724841066,605.5571152427207,2.091670996904496,-1.3338273335972415,True
B3,S3a,60,2400,402.1842147265806,66.41557081950499,148.25939548265325,402.1842147265806,0.0,605.5571152427207,6.707543981481482,6.687956944444445,True
B1,S3a,60,3600,269.63628299747114,50.537944204277224,111.57931091086446,269.63628299747114,1.657544256498664,533.5323532504331,5.038927777777777,4.488217592592592,True
B2,S3a,60,3600,23.50688878681722,4.405897532475111,17.305170315539872,23.50688878681722,1.657544256498664,533.5323532504331,0.0,0.0,True
B4,S3a,60,3600,248.1618504145264,46.5129900563017,99.6983216450193,248.1618504145264,1.657544256498664,533.5323532504331,4.616756747000458,4.130025334444781,True
S0,S3a,60,3600,130.01786283934834,24.369255593825194,106.51759512398509,132.92853705892654,1.657544256498664,533.5323532504331,2.6614713119684383,-2.1714816475839323,True
S1,S3a,60,3600,75.44908621606936,14.14142661760093,58.17895803536808,75.44908621606936,1.657544256498664,533.5323532504331,1.6891872588759684,-1.233782074535439,True
S2,S3a,60,3600,136.13897661138265,25.5165363041219,93.29958212099724,136.13897661138265,1.657544256498664,533.5323532504331,2.9440867343617017,-2.274570418006535,True
B3,S3a,60,3600,269.8832872178491,50.584240219668445,111.01808330983029,269.8832872178491,0.0,533.5323532504331,5.038927777777777,4.488217592592592,True
B1,S3a,60,4200,408.18883954281625,61.413858335694655,232.19030974618107,408.18883954281625,0.1912407352468723,664.6526543107141,6.897134722222222,-6.897134722222222,True
B2,S3a,60,4200,1.2203369610621857,0.18360521892863735,2.678050680310423,4.465141254134331,0.1912407352468723,664.6526543107141,0.0,0.0,True
B4,S3a,60,4200,179.65944829493648,27.030577118698854,103.25239528777426,179.65944829493648,0.1912407352468723,664.6526543107141,3.0227535039600997,-3.0226277578743326,True
S0,S3a,60,4200,138.3424867675821,20.81425326000568,78.97752121789357,138.3424867675821,0.1912407352468723,664.6526543107141,2.373919616304911,-2.3506995448434793,True
S1,S3a,60,4200,162.94616265000363,24.51598765057049,87.99144028161133,162.94616265000363,0.1912407352468723,664.6526543107141,2.7668535849163205,-2.7668535849163205,True
S2,S3a,60,4200,153.31928919855494,23.067580969424778,92.5797329056029,153.31928919855494,0.1912407352468723,664.6526543107141,2.6023986237247505,-2.6023986237247505,True
B3,S3a,60,4200,408.20572826643553,61.41639932060004,232.18971104126308,408.20572826643553,0.0,664.6526543107141,6.897134722222222,-6.897134722222222,True
B1,S3a,60,4800,151.31427951191634,24.761682690861726,73.91530319784648,151.31427951191634,4.400321792259127,611.08237837067,2.697206481481482,2.3431990740740747,True
B2,S3a,60,4800,38.3463866216776,6.275158305811508,19.957771200916326,38.3463866216776,4.400321792259127,611.08237837067,0.0,0.0,True
B4,S3a,60,4800,155.40245051533864,25.43068758252995,72.28758142941633,155.40245051533864,4.400321792259127,611.08237837067,2.481680224093479,2.418316291354063,True
S0,S3a,60,4800,90.12692035035838,14.748734956269553,52.84050828556319,91.27039523645063,4.400321792259127,611.08237837067,2.030145293882615,-1.3568732962573604,True
S1,S3a,60,4800,77.9411246765283,12.754601905612606,49.871152752863715,78.67203503277855,4.400321792259127,611.08237837067,2.186073472006961,-0.8001174748911996,True
S2,S3a,60,4800,86.02670926788723,14.077759777210465,54.499957043152925,88.82061640419779,4.400321792259127,611.08237837067,2.304017882911729,-1.0452944442476193,True
B3,S3a,60,4800,137.4090155285561,22.486168868906024,65.88097413416588,137.4090155285561,0.0,611.08237837067,2.697206481481482,2.3431990740740747,True
B1,S3a,60,5400,43.41888802176859,24.16109072104365,22.321968779518933,43.41888802176859,1.355811733508139,179.70582753514486,3.3293449074074077,-0.7937087962962963,True
B2,S3a,60,5400,2.106994122313788,1.1724684453550764,0.8604981613901105,2.1097624670498245,1.355811733508139,179.70582753514486,0.0,0.0,True
B4,S3a,60,5400,45.18317033741067,25.142852047229383,43.476272700941315,81.77308178854366,1.355811733508139,179.70582753514486,3.0347507924652684,0.4903083543643774,True
S0,S3a,60,5400,19.302203034739772,10.741000055195686,6.7241578161151345,19.302203034739772,1.355811733508139,179.70582753514486,0.7476853436491478,-0.2693417513560688,True
S1,S3a,60,5400,14.711792153777044,8.18659714911019,10.924178381820202,15.942586160770308,1.355811733508139,179.70582753514486,0.8446613412961288,-0.09040146820990454,True
S2,S3a,60,5400,62.30077834004488,34.66820146823608,22.67000969082468,62.30077834004488,1.355811733508139,179.70582753514486,1.5575376703013095,-1.1475742396769166,True
B3,S3a,60,5400,40.97839238013273,22.803040358899125,22.524262372823138,41.94675575783233,0.0,179.70582753514486,3.3293449074074077,-0.7937087962962963,True
B1,S3a,60,6000,67.81075604896087,8.032690656463847,41.40109092611108,67.81075604896087,0.23160430317197844,844.1848310739322,1.1660763888888876,-1.1660763888888876,False
B2,S3a,60,6000,2.1036992334316253,0.2491988905741647,1.7260542136916688,2.422632576597803,0.23160430317197844,844.1848310739322,0.0,0.0,False
B4,S3a,60,6000,93.98888973341907,11.133686163710243,53.12454895796285,93.98888973341907,0.23160430317197844,844.1848310739322,1.6031815776436567,-1.6031815776436567,False
S0,S3a,60,6000,358.49864842987705,42.46684318809803,202.70035174977627,358.49864842987705,0.23160430317197844,844.1848310739322,6.025333217358057,-6.025333217358057,False
S1,S3a,60,6000,165.86731841636498,19.648223032550394,94.3424722103953,165.86731841636498,0.23160430317197844,844.1848310739322,2.9492095116513695,-2.8029386597501853,False
S2,S3a,60,6000,354.17366215137906,41.9545162521833,193.386328239215,354.17366215137906,0.23160430317197844,844.1848310739322,5.9503746948128065,-5.9503746948128065,False
B3,S3a,60,6000,67.86591761243602,8.039224955760009,41.44018317462363,67.86591761243602,0.0,844.1848310739322,1.1660763888888876,-1.1660763888888876,False
B1,S3a,60,6600,44.75205639951293,5.130847645124042,17.92696601173192,44.75205639951293,1.1593570859685673,872.215655088527,0.7754194444444443,-0.7254092592592594,True
B2,S3a,60,6600,5.582016809966705,0.6399812680959216,6.477166173345511,13.225248613604293,1.1593570859685673,872.215655088527,0.0,0.0,True
B4,S3a,60,6600,47.10455163509989,5.400562505418334,18.434660708180285,47.10455163509989,1.1593570859685673,872.215655088527,0.8051952036222354,-0.7642713115124287,True
S0,S3a,60,6600,349.2016489628591,40.03615928304065,197.77843013410234,349.2016489628591,1.1593570859685673,872.215655088527,5.89434021902716,-5.849983577149905,True
S1,S3a,60,6600,138.5737311974413,15.88755377056108,75.64333274492947,138.5737311974413,1.1593570859685673,872.215655088527,2.3803401721079687,-2.3113849168712233,True
S2,S3a,60,6600,344.7849318609287,39.52978026127428,190.5497519639584,344.7849318609287,1.1593570859685673,872.215655088527,5.778347925077677,-5.778347925077677,True
B3,S3a,60,6600,42.41878291365183,4.863336568906971,16.421228455163508,42.41878291365183,0.0,872.215655088527,0.7754194444444443,-0.7254092592592594,True
B1,S3a,60,7200,95.68711678044353,10.001276335931864,46.23271932754615,95.68711678044353,8.756096004558394,956.7490544848338,1.615836574074074,0.5475856481481501,True
B2,S3a,60,7200,74.91595869582352,7.8302621094475375,37.99629604777748,74.91595869582352,8.756096004558394,956.7490544848338,0.0,0.0,True
B4,S3a,60,7200,92.52777146970413,9.671059619653992,52.95805055976022,92.52777146970413,8.756096004558394,956.7490544848338,1.7561796780143997,0.027190367108125883,True
S0,S3a,60,7200,186.52604790476815,19.49581732330052,119.40994237053357,186.52604790476815,8.756096004558394,956.7490544848338,3.5454508665128333,-2.9960209038359342,True
S1,S3a,60,7200,237.8486470566404,24.860086972828125,147.2351410671431,237.8486470566404,8.756096004558394,956.7490544848338,3.8834587975576693,-3.856434399422827,True
S2,S3a,60,7200,184.84501483290398,19.320114712047946,117.44226686477279,184.84501483290398,8.756096004558394,956.7490544848338,2.886953963152222,-2.877465987968687,True
B3,S3a,60,7200,32.858748380862735,3.4344166034797587,19.379442281173937,32.858748380862735,0.0,956.7490544848338,1.615836574074074,0.5475856481481501,True
B1,S3a,60,7800,268.7303295141907,26.785301259221395,114.64108419688274,268.7303295141907,3.285409197817754,1003.275367013745,5.563684722222222,-5.022902314814814,True
B2,S3a,60,7800,4.121652639493412,0.4108196787250479,4.322956204714224,6.422818034923427,3.285409197817754,1003.275367013745,0.0,0.0,True
B4,S3a,60,7800,308.2376912930247,30.72313957139165,137.36414696928185,308.2376912930247,3.285409197817754,1003.275367013745,5.9808342447027085,-5.770882696877349,True
S0,S3a,60,7800,292.2658997651922,29.131174687874914,143.91716240126775,292.2658997651922,3.285409197817754,1003.275367013745,5.7358813073695485,-5.642609849346874,True
S1,S3a,60,7800,211.55364692728958,21.08629932348287,103.81472399694017,211.55364692728958,3.285409197817754,1003.275367013745,4.128964251584687,-4.060119206842443,True
S2,S3a,60,7800,323.49932423195014,32.24432043964637,163.22235615804317,323.49932423195014,3.285409197817754,1003.275367013745,6.468398893315323,-6.259783447602075,True
B3,S3a,60,7800,269.5876925862809,26.870757665336715,115.66885133435667,269.5876925862809,0.0,1003.275367013745,5.563684722222222,-5.022902314814814,True
B1,S3a,60,8400,175.27884384079672,14.592250102676113,55.08397347843347,175.27884384079672,6.1509912842328385,1201.177629272211,3.0382833333333346,2.845177777777779,True
B2,S3a,60,8400,30.075581342609475,2.5038412812293345,22.77868436187561,33.696740178926966,6.1509912842328385,1201.177629272211,0.0,0.0,True
B4,S3a,60,8400,70.24204934920188,5.847765362710032,33.822174712568504,70.24204934920188,6.1509912842328385,1201.177629272211,2.38731701272395,0.7776741684089562,True
S0,S3a,60,8400,440.92355455437485,36.70760625316746,298.0774198149143,475.1794832899831,6.1509912842328385,1201.177629272211,8.680374385658268,-7.4037475911650015,True
S1,S3a,60,8400,87.89042820614723,7.317021734695451,91.23428380016192,146.03972751589316,6.1509912842328385,1201.177629272211,3.7224360723752845,-1.3275840559520775,True
S2,S3a,60,8400,401.4643447211137,33.422562570063796,261.1212366554336,434.4866128417837,6.1509912842328385,1201.177629272211,7.952746591368941,-6.742282602114432,True
B3,S3a,60,8400,166.4206287901391,13.854789228048869,50.42298381945327,166.4206287901391,0.0,1201.177629272211,3.0382833333333346,2.845177777777779,True
B1,S3a,60,9600,38.685867725307084,2.577159257121542,30.122433094845224,41.64002821973547,0.7415544340272874,1501.1050488403175,0.8321347222222217,-0.38283657407407345,True
B2,S3a,60,9600,33.689685158158845,2.2443256175965764,26.115983598661312,34.104092085258394,0.7415544340272874,1501.1050488403175,0.0,0.0,True
B4,S3a,60,9600,84.93950164099198,5.65846485604803,50.2947340416073,85.38007343168034,0.7415544340272874,1501.1050488403175,1.4167977645402359,-1.3915083371419124,True
S0,S3a,60,9600,567.35542320381,37.795850706259486,333.53943712525563,567.35542320381,0.7415544340272874,1501.1050488403175,9.582473502721031,-9.582473502721031,True
S1,S3a,60,9600,64.80865966615944,4.3173966882749175,37.909300984502835,65.32745565543951,0.7415544340272874,1501.1050488403175,1.4462703125715144,-1.0258591143671658,True
S2,S3a,60,9600,537.2187628897047,35.78821903934934,300.86017610309176,537.2187628897047,0.7415544340272874,1501.1050488403175,9.079039448592766,-9.079039448592766,True
B3,S3a,60,9600,18.56482526107608,1.2367439091233743,14.443500419451421,25.687374310235406,0.0,1501.1050488403175,0.8321347222222217,-0.38283657407407345,True
B1,S3a,60,10200,385.16677117968044,34.88818190731719,258.52221040655127,385.16677117968044,6.054940575615193,1104.0035625900541,6.321312962962963,6.321312962962963,True
B2,S3a,60,10200,93.32314079732102,8.453155765039353,45.09386307130273,93.32314079732102,6.054940575615193,1104.0035625900541,0.0,0.0,True
B4,S3a,60,10200,201.376942704483,18.24060623790393,142.04541361380467,203.75323565485928,6.054940575615193,1104.0035625900541,3.2361017970261736,3.051691312649026,True
S0,S3a,60,10200,289.12050806381995,26.188367307939394,135.0851898598742,289.12050806381995,6.054940575615193,1104.0035625900541,4.884798967747564,-4.884798967747564,True
S1,S3a,60,10200,172.94902806296668,15.665622279082015,129.7787037247586,181.46598967917603,6.054940575615193,1104.0035625900541,3.0743451528559946,2.571504766121644,True
S2,S3a,60,10200,229.51612207826525,20.7894367242627,96.79874062659914,229.51612207826525,6.054940575615193,1104.0035625900541,4.607045090456038,-3.8171035133294624,True
B3,S3a,60,10200,374.8191434748326,33.95089981371853,251.66090234790357,374.8191434748326,0.0,1104.0035625900541,6.321312962962963,6.321312962962963,True
B1,S3a,60,10800,194.67015738967592,16.45368411293769,88.87241980544592,194.67015738967592,3.0664451075046326,1183.1402380978307,3.2004236111111126,3.1298976851851874,True
B2,S3a,60,10800,38.18638732065966,3.22754531466642,21.16828958386562,38.18638732065966,3.0664451075046326,1183.1402380978307,0.0,0.0,True
B4,S3a,60,10800,128.8224194946948,10.888178370284017,56.194303470992935,128.8224194946948,3.0664451075046326,1183.1402380978307,2.252453766064762,1.9819441109975684,True
S0,S3a,60,10800,365.52764397085156,30.894701422590536,217.5412376693273,365.52764397085156,3.0664451075046326,1183.1402380978307,6.1325319338740805,-6.1325319338740805,True
S1,S3a,60,10800,44.00348111198751,3.719210935022648,32.51226344448507,44.24660133494821,3.0664451075046326,1183.1402380978307,2.0347929439674135,-0.12683567111552682,True
S2,S3a,60,10800,316.0949741011791,26.716610924278452,188.92889087791735,316.0949741011791,3.0664451075046326,1183.1402380978307,5.3031894150799035,-5.3031894150799035,True
B3,S3a,60,10800,189.0027482834009,15.974669967041793,85.39538461951943,189.0027482834009,0.0,1183.1402380978307,3.2004236111111126,3.1298976851851874,True
B1,S3a,60,11400,27.343627762033144,2.7009475193669985,15.413838110840025,28.420813938679082,0.14381320158077435,1012.3716794186904,0.6160000000000004,0.429903703703705,True
B2,S3a,60,11400,7.496010986387437,0.7404406048469955,5.052744196359379,7.568000831992797,0.14381320158077435,1012.3716794186904,0.0,0.0,True
B4,S3a,60,11400,19.023698031692742,1.8791219093185478,11.227271919940561,20.67289653415704,0.14381320158077435,1012.3716794186904,0.4858061855696683,0.28032024119230936,True
S0,S3a,60,11400,291.03318280368245,28.747661429129998,164.33439125143295,291.03318280368245,0.14381320158077435,1012.3716794186904,4.931054553916379,-4.931054553916379,True
S1,S3a,60,11400,25.59638887504662,2.528358842450454,21.511737787120033,35.66191452398303,0.14381320158077435,1012.3716794186904,1.3429711433569769,-0.45404416209667714,True
S2,S3a,60,11400,268.3280598260755,26.50489590741525,153.30664186096138,268.3280598260755,0.14381320158077435,1012.3716794186904,4.559071413520319,-4.559071413520319,True
B3,S3a,60,11400,28.085562219672582,2.7742342847638204,15.711505142558936,29.17780854953699,0.0,1012.3716794186904,0.6160000000000004,0.429903703703705,True
B1,S3a,60,12000,103.12334700360765,11.117305438175347,38.29271478221029,103.12334700360765,1.9502688320428596,927.5929997344124,2.2379782407407407,1.7119800925925914,True
B2,S3a,60,12000,9.53663055345699,1.0281050585965514,10.025172079561516,13.891778198732364,1.9502688320428596,927.5929997344124,0.0,0.0,True
B4,S3a,60,12000,81.89329956976196,8.828581025644823,31.011459849997628,81.89329956976196,1.9502688320428596,927.5929997344124,1.657307125795712,1.3529006120796903,True
S0,S3a,60,12000,233.70721262325134,25.195016854392623,153.71845988349878,233.70721262325134,1.9502688320428596,927.5929997344124,3.9871271015674097,-3.958690357737637,True
S1,S3a,60,12000,26.55910260197549,2.8632280115934323,19.920303671945472,32.24726484655961,1.9502688320428596,927.5929997344124,1.6702171123347032,0.4239263205690427,True
S2,S3a,60,12000,218.24418198520337,23.528010889225214,143.12500010988995,218.24418198520337,1.9502688320428596,927.5929997344124,3.7067109472561697,-3.7067109472561697,True
B3,S3a,60,12000,104.71274218738758,11.288651619553924,37.933497926817374,104.71274218738758,0.0,927.5929997344124,2.2379782407407407,1.7119800925925914,True
B1,S3a,60,12600,144.30011688695325,23.530832034682053,46.915904610457225,144.30011688695325,6.881052760819866,613.2384807909451,2.814376851851852,2.3701018518518526,True
B2,S3a,60,12600,32.564973205823684,5.310327747831791,16.86499043414611,32.61033007335599,6.881052760819866,613.2384807909451,0.0,0.0,True
B4,S3a,60,12600,170.3884771238357,27.785026944830893,65.32715958313791,170.3884771238357,6.881052760819866,613.2384807909451,2.90351015430905,2.874065349687825,True
S0,S3a,60,12600,82.42357254416004,13.440704575135506,54.943620637737794,99.90767355486022,6.881052760819866,613.2384807909451,2.293352878745968,-1.2976456865403065,True
S1,S3a,60,12600,28.437966215830006,4.637342095550034,17.379152892959155,36.29573604153917,6.881052760819866,613.2384807909451,1.8932923226628584,0.08836412293940776,True
S2,S3a,60,12600,60.5941745647352,9.881013090793292,41.82188551052573,77.80135332683757,6.881052760819866,613.2384807909451,2.2030071491025507,-0.8692111878841114,True
B3,S3a,60,12600,141.18581735515116,23.022987268028576,45.28943386693659,141.18581735515116,0.0,613.2384807909451,2.814376851851852,2.3701018518518526,True
B1,S3a,60,13800,408.32574376114735,97.70654271014429,299.65542927638717,408.32574376114735,9.574540082087612,417.9103388935624,6.981963888888889,-6.981963888888889,True
B2,S3a,60,13800,25.112357607586524,6.009029992910127,16.71227243619377,25.112357607586524,9.574540082087612,417.9103388935624,0.0,0.0,True
B4,S3a,60,13800,280.57247117622006,67.1370016638136,217.69873850267177,299.89353031794775,9.574540082087612,417.9103388935624,5.527294749266201,-4.769323085486063,True
S0,S3a,60,13800,66.41662322458401,15.892553268824408,57.59954149330556,95.22615494561344,9.574540082087612,417.9103388935624,2.315969133023052,-1.0390488113813658,True
S1,S3a,60,13800,52.877035153413935,12.652722422089008,45.72474069101007,73.43163559114893,9.574540082087612,417.9103388935624,1.9110957560790522,-0.7957797695468409,True
S2,S3a,60,13800,109.08420387117481,26.102298440373705,83.35620363752194,123.74071900838209,9.574540082087612,417.9103388935624,2.57096887561756,-1.8137840824434117,True
B3,S3a,60,13800,408.32574376114735,97.70654271014429,299.65542927638717,408.32574376114735,0.0,417.9103388935624,6.981963888888889,-6.981963888888889,True
B1,S3a,60,14400,75.28389769277092,25.14265085526248,124.96045749769536,183.66076361440193,13.082776353441528,299.4270497814817,4.877233333333334,-1.2914277777777783,True
B2,S3a,60,14400,2.1168464530094577,0.7069656714563053,1.2881770208227643,2.1168464530094577,13.082776353441528,299.4270497814817,0.0,0.0,True
B4,S3a,60,14400,48.30803554155686,16.133490804124577,71.77005125456392,123.08141036199979,13.082776353441528,299.4270497814817,4.909985411836151,0.7769516605794782,True
S0,S3a,60,14400,8.60555871988605,2.8740084525316885,19.971643150129612,43.215606118245816,13.082776353441528,299.4270497814817,1.5856060931515537,-0.17606347143662304,True
S1,S3a,60,14400,15.162303833807984,5.063772242645832,23.52048095160069,47.14612097402095,13.082776353441528,299.4270497814817,1.419379548473335,-0.28559520739140914,True
S2,S3a,60,14400,18.48975814877202,6.17504602949721,30.8068505984674,60.34906829089631,13.082776353441528,299.4270497814817,1.7438843990731785,-0.34251184218550745,True
B3,S3a,60,14400,82.07255137103272,27.409865418280777,126.04564556235229,183.76419129745872,0.0,299.4270497814817,4.877233333333334,-1.2914277777777783,True
B1,S3a,60,15600,40.89088916478362,6.079242359821429,24.138729900726744,40.89088916478362,7.179838118365088,672.6313370073428,1.2486087962962962,0.5412513888888885,True
B2,S3a,60,15600,21.63762765615152,3.216862858697781,7.815736599874268,21.63762765615152,7.179838118365088,672.6313370073428,0.0,0.0,True
B4,S3a,60,15600,65.71316191123523,9.769565926500666,35.1581975966159,65.71316191123523,7.179838118365088,672.6313370073428,1.1974541009968664,1.0295698114747227,True
S0,S3a,60,15600,93.9903186169703,13.973526573286051,84.02376514165408,113.8795815074727,7.179838118365088,672.6313370073428,2.3804910011434286,-1.6019888161865397,True
S1,S3a,60,15600,67.8902238631192,10.093229400398583,61.71290411014832,88.8038375934898,7.179838118365088,672.6313370073428,2.0034113335365955,-1.151334714285694,True
S2,S3a,60,15600,104.70477334898531,15.56644295147407,82.4335676394895,114.42571190226887,7.179838118365088,672.6313370073428,2.282819325589744,-1.7627516522277293,True
B3,S3a,60,15600,30.689111905148447,4.562545664567131,21.648197657451913,33.10530626731451,0.0,672.6313370073428,1.2486087962962962,0.5412513888888885,True
B1,S3a,60,16200,21.31443340878913,3.270462650379263,11.345093029373015,21.31443340878913,0.8782487093751556,651.7253271893314,0.6839986111111112,0.303636574074074,True
B2,S3a,60,16200,9.268511729849058,1.4221499983468466,4.068287451489492,9.268511729849058,0.8782487093751556,651.7253271893314,0.0,0.0,True
B4,S3a,60,16200,59.38183603978576,9.111482025085525,39.26060764360202,59.38183603978576,0.8782487093751556,651.7253271893314,1.004071393640602,1.0030905854946617,True
S0,S3a,60,16200,46.65726237841463,7.159037777407155,21.33230238982864,46.65726237841463,0.8782487093751556,651.7253271893314,1.153655666863217,0.7751687275437893,True
S1,S3a,60,16200,35.25236439294913,5.409083078753519,12.55016120489944,35.25236439294913,0.8782487093751556,651.7253271893314,0.9942850178052476,0.5561959368014647,True
S2,S3a,60,16200,41.86070483267504,6.423059391171116,17.71629518021308,41.86070483267504,0.8782487093751556,651.7253271893314,0.8767798464405477,0.6848613689053273,True
B3,S3a,60,16200,18.01666327295872,2.7644565158543752,10.167746402972119,18.01666327295872,0.0,651.7253271893314,0.6839986111111112,0.303636574074074,True
B1,S3a,60,16800,23.28797593369534,3.7157764114977745,16.493362605487345,25.30740772294112,0.047927647277997074,626.7324336748319,1.3333958333333333,0.6014495370370375,True
B2,S3a,60,16800,21.83444362128729,3.4838541055329633,12.083044232123939,21.872030318437194,0.047927647277997074,626.7324336748319,0.0,0.0,True
B4,S3a,60,16800,36.75807947407465,5.865035459956086,29.421548124145225,52.00883709442949,0.047927647277997074,626.7324336748319,1.2477968425238373,-0.6082879795829124,True
S0,S3a,60,16800,31.28658549874567,4.992016340258228,22.234972847358204,33.594222846494574,0.047927647277997074,626.7324336748319,1.8490192700615034,-0.2676321893017047,True
S1,S3a,60,16800,23.999736190357567,3.8293432573188593,18.326341271671527,28.499479364220353,0.047927647277997074,626.7324336748319,1.3378300116214625,-0.10100926819600219,True
S2,S3a,60,16800,25.846847764172733,4.124064174024042,22.499089015083662,37.33839981501659,0.047927647277997074,626.7324336748319,1.9587080192444826,-0.20920916412727544,True
B3,S3a,60,16800,28.55682997227129,4.556462764313784,13.964602536507433,28.55682997227129,0.0,626.7324336748319,1.3333958333333333,0.6014495370370375,True
B1,S3a,60,17400,97.48675454129437,22.665667004485105,30.967764416464455,97.48675454129437,177.34819719427793,430.1075919010175,2.3656912037037032,2.155731944444444,True
B2,S3a,60,17400,2.6446151405780567,0.6148729272341404,2.9673498695129465,4.89117710620236,177.34819719427793,430.1075919010175,0.0,0.0,True
B4,S3a,60,17400,116.6942364957911,27.13140588382045,56.741281099922425,116.6942364957911,177.34819719427793,430.1075919010175,3.589204434478329,3.589204434478329,True
S0,S3a,60,17400,85.42129440244258,19.860447946266653,66.1825734003305,86.83034121652877,177.34819719427793,430.1075919010175,2.6593093975743742,2.4828477965676377,True
S1,S3a,60,17400,63.26689777640804,14.709551509373943,49.015415451855,64.14919322390641,177.34819719427793,430.1075919010175,2.0094629332586105,1.8773911356761095,True
S2,S3a,60,17400,93.90695880083533,21.833364620647416,64.13872719702879,93.90695880083533,177.34819719427793,430.1075919010175,2.9151326794607115,2.7311024635704895,True
B3,S3a,60,17400,75.58699046147869,17.573972625638714,30.617458849936718,85.92546259024536,0.0,430.1075919010175,2.3656912037037032,2.155731944444444,True
B1,S3a,60,18600,105.57376650840436,22.61237538740492,90.52768059930388,112.90741518708207,3.9673857034905784,466.8849012970521,2.7730481481481477,-1.6546129629629622,True
B2,S3a,60,18600,9.233014586134544,1.977578319728122,6.483546948866149,9.927870273839737,3.9673857034905784,466.8849012970521,0.0,0.0,True
B4,S3a,60,18600,57.995122455700994,12.421717278623671,35.88837728581663,58.00003661622966,3.9673857034905784,466.8849012970521,2.3178211925776995,1.5729542295401537,True
S0,S3a,60,18600,40.93468846421721,8.767618817934919,20.335806856112654,40.93468846421721,3.9673857034905784,466.8849012970521,2.1946856663915315,1.0704542009322735,True
S1,S3a,60,18600,32.164182003819384,6.889103056120282,19.77734189982839,32.164182003819384,3.9673857034905784,466.8849012970521,1.9472759711518453,0.9393653742618046,True
S2,S3a,60,18600,23.01847125142579,4.930223956156692,28.63382955826324,38.5236010572675,3.9673857034905784,466.8849012970521,2.156244052213711,0.6675514139598463,True
B3,S3a,60,18600,99.96760890950598,21.41161743114548,87.62803577085832,107.00296500168969,0.0,466.8849012970521,2.7730481481481477,-1.6546129629629622,True
B1,S3a,60,19200,80.88717286655273,21.848856631414996,68.53350885046706,80.88717286655273,4.42518321703178,370.212383334744,3.1636449074074076,0.08006527777777743,True
B2,S3a,60,19200,3.8582249348495976,1.0421652836396376,7.158629696776629,12.746401257472545,4.42518321703178,370.212383334744,0.0,0.0,True
B4,S3a,60,19200,176.6096894344049,47.704965415680164,75.12629172775678,176.6096894344049,4.42518321703178,370.212383334744,4.288951570338555,-3.4015498561108837,True
S0,S3a,60,19200,35.907223025266646,9.699087508047922,28.850933166098685,43.16691001141188,4.42518321703178,370.212383334744,1.5754420869581955,-0.05446301577289866,True
S1,S3a,60,19200,35.00667119255892,9.45583475010507,26.268019161753873,38.399116521102634,4.42518321703178,370.212383334744,1.467697028454717,0.017968370827635523,True
S2,S3a,60,19200,60.899907970299985,16.44999214281674,38.24699864429208,60.993056884908704,4.42518321703178,370.212383334744,2.0529599461948633,-0.6567497497334929,True
B3,S3a,60,19200,53.79367851016652,14.530491396752272,16.470841452108903,53.79367851016652,0.0,370.212383334744,3.1636449074074076,0.08006527777777743,True
B1,S3a,60,19800,114.7434057755153,20.846405247888523,79.0772093910708,114.7434057755153,0.8910829568709436,550.4229837762429,3.2236740740740744,2.283051851851852,True
B2,S3a,60,19800,1.633981721254536,0.296859282663745,1.0221237489290793,1.9025174731111127,0.8910829568709436,550.4229837762429,0.0,0.0,True
B4,S3a,60,19800,133.4916994050944,24.252566360739262,97.84745450210805,133.4916994050944,0.8910829568709436,550.4229837762429,3.6203990743484815,2.6103864036393656,True
S0,S3a,60,19800,23.737081719973297,4.312516450007629,23.84512857504848,33.42481392294643,0.8910829568709436,550.4229837762429,2.323996157038471,0.4729031274919622,True
S1,S3a,60,19800,24.715659721440353,4.490302994231019,20.176319717459524,33.984735566961106,0.8910829568709436,550.4229837762429,1.9961067620477684,0.5233298167704714,True
S2,S3a,60,19800,31.661470429535804,5.752207186611011,36.55423395711579,59.91174327692607,0.8910829568709436,550.4229837762429,2.7227784235608663,0.34054605545097055,True
B3,S3a,60,19800,115.47798141364859,20.979861818523286,79.21668430765904,115.47798141364859,0.0,550.4229837762429,3.2236740740740744,2.283051851851852,True
B1,S3a,60,20400,10.968703125531457,2.3279634147813852,26.61500979361257,39.50616962852149,11.29711084423091,471.1716282088354,1.478185648148148,-0.3635106481481475,True
B2,S3a,60,20400,26.595265097037885,5.644496294936117,15.713358273550195,26.595265097037885,11.29711084423091,471.1716282088354,0.0,0.0,True
B4,S3a,60,20400,90.46325632757828,19.19963998500407,47.47385399839017,90.46325632757828,11.29711084423091,471.1716282088354,2.356033099511507,2.258417263932012,True
S0,S3a,60,20400,127.39016540336367,27.03689224405105,88.40923957934379,127.63335694372273,11.29711084423091,471.1716282088354,2.3210869578717683,1.9611015362911304,True
S1,S3a,60,20400,69.48729840213991,14.747767955871348,41.30038118623826,69.57080227495744,11.29711084423091,471.1716282088354,1.5952880629148616,0.20324008093873294,True
S2,S3a,60,20400,129.01186975973337,27.381077729610663,85.01327060075575,129.01186975973337,11.29711084423091,471.1716282088354,2.320794373883264,1.8095153066782579,True
B3,S3a,60,20400,32.501486136245184,6.8980142670729085,27.42756818631817,38.18284440224621,0.0,471.1716282088354,1.478185648148148,-0.3635106481481475,True
B1,S3a,60,21000,12.165850752519619,3.7907488728286967,12.341912889376797,20.61608442170611,5.107810846689524,320.9352864211586,1.4279402777777779,0.8874449074074077,True
B2,S3a,60,21000,15.316652877191599,4.772505089107523,6.609644495352297,15.316652877191599,5.107810846689524,320.9352864211586,0.0,0.0,True
B4,S3a,60,21000,85.22114788812003,26.553997486049443,39.42579665347815,85.32221469336893,5.107810846689524,320.9352864211586,1.9483934295620975,-1.5193104318366186,True
S0,S3a,60,21000,51.8700232554164,16.162144036523344,14.328930390210992,51.8700232554164,5.107810846689524,320.9352864211586,1.8400158962746471,1.3259936727921389,True
S1,S3a,60,21000,15.155235610904983,4.7222091967216695,8.98535532470077,16.089948757404372,5.107810846689524,320.9352864211586,1.2976651169285673,0.7409874910224435,True
S2,S3a,60,21000,28.68330517401299,8.937410869919837,9.554882440432438,28.68330517401299,5.107810846689524,320.9352864211586,1.5012577104756348,0.9278927533607939,True
B3,S3a,60,21000,26.642094713745582,8.301391539347144,17.591601706338807,26.9507540381397,0.0,320.9352864211586,1.4279402777777779,0.8874449074074077,True
B1,S3a,60,21600,129.46992824494833,33.78027535321591,70.20320448478769,129.46992824494833,7.641315902180688,383.27079010213777,2.6989486111111107,-2.415268981481481,True
B2,S3a,60,21600,22.125453748272708,5.7727993678768215,11.434386610294599,22.125453748272708,7.641315902180688,383.27079010213777,0.0,0.0,True
B4,S3a,60,21600,163.8625969806365,42.75373996984451,85.082298816998,163.8625969806365,7.641315902180688,383.27079010213777,3.5280082264227213,-3.310393949374658,True
S0,S3a,60,21600,20.53421519644824,5.35762592056026,16.815837960041772,27.87338311427091,7.641315902180688,383.27079010213777,1.5079357359600747,0.8614585233353976,True
S1,S3a,60,21600,24.939012443358354,6.5068909730147615,18.670163862005907,26.006566911893465,7.641315902180688,383.27079010213777,1.1092275973865655,-0.39726387263809326,True
S2,S3a,60,21600,27.383222041865107,7.144614916927991,18.431212525557925,33.573052759653635,7.641315902180688,383.27079010213777,1.410265913729246,0.7047361723729921,True
B3,S3a,60,21600,125.63507782645789,32.7797163444095,68.67903327203818,125.63507782645789,0.0,383.27079010213777,2.6989486111111107,-2.415268981481481,True
B1,S3a,60,22200,60.27939026629453,13.06109415674189,85.66327390805384,115.76137634273361,3.26969373166805,461.5186870479718,3.544338888888889,-3.3202629629629623,True
B2,S3a,60,22200,10.207322080625481,2.211681209685123,5.726982168078203,10.207322080625481,3.26969373166805,461.5186870479718,0.0,0.0,True
B4,S3a,60,22200,67.03061666675309,14.52392255132796,49.49261451920758,81.78878634023638,3.26969373166805,461.5186870479718,2.7321859452881734,2.5137653403572413,True
S0,S3a,60,22200,23.876316361143513,5.17342353217904,22.550729021280194,30.37308045632384,3.26969373166805,461.5186870479718,1.4007253602797096,0.20885250207400333,True
S1,S3a,60,22200,14.679905403593164,3.1807824505418747,14.807802980123261,23.207743584347142,3.26969373166805,461.5186870479718,1.239339817711719,-0.18555709781956758,True
S2,S3a,60,22200,35.061080636693575,7.596892958106636,32.584818785835736,44.07593770575265,3.26969373166805,461.5186870479718,1.646473050876866,0.05100134533482219,True
B3,S3a,60,22200,59.764637807371756,12.94955967864409,85.2318764494079,115.81024366722015,0.0,461.5186870479718,3.544338888888889,-3.3202629629629623,True
B1,S3a,60,22800,13.097156584501159,4.118407662801902,6.96553615384613,13.097156584501159,0.41826204366983866,318.01505962599845,1.2179328703703705,0.32222638888888855,True
B2,S3a,60,22800,4.404693972736632,1.3850582981563109,2.3991615018788974,4.404693972736632,0.41826204366983866,318.01505962599845,0.0,0.0,True
B4,S3a,60,22800,41.89755895434166,13.174709085668859,24.597078086768697,42.19327990423842,0.41826204366983866,318.01505962599845,1.4991684155946658,-0.14048982134323082,True
S0,S3a,60,22800,7.64536275459257,2.404088272921382,9.141637854203498,14.241252152622517,0.41826204366983866,318.01505962599845,1.1937246287515129,0.5269995375083759,True
S1,S3a,60,22800,10.868228974382808,3.4175202228361092,7.318407820342926,14.002918049068873,0.41826204366983866,318.01505962599845,1.1114319398072943,0.3449874418256232,True
S2,S3a,60,22800,3.374685120788395,1.0611714818654163,10.186754979918302,18.211293353057567,0.41826204366983866,318.01505962599845,1.1950523338034287,0.4762657868054735,True
B3,S3a,60,22800,17.646285826475676,5.548883706082532,8.193830043195634,17.646285826475676,0.0,318.01505962599845,1.2179328703703705,0.32222638888888855,True
B1,S3a,60,23400,158.4469727401561,25.466432324252704,71.71042341712311,158.4469727401561,5.226839693165736,622.1797019807157,3.696568518518519,-2.286060185185186,True
B2,S3a,60,23400,30.77332345387675,4.9460506917711315,13.996232452809856,30.77332345387675,5.226839693165736,622.1797019807157,0.0,0.0,True
B4,S3a,60,23400,157.57756597498002,25.326696688003512,72.57169393184576,157.57756597498002,5.226839693165736,622.1797019807157,3.9489457713510294,-2.070920034002897,True
S0,S3a,60,23400,100.47635150865233,16.14908862966516,68.1431084596573,100.47635150865233,5.226839693165736,622.1797019807157,2.3281833151627125,-0.12322689971337643,True
S1,S3a,60,23400,81.32990061144503,13.071770157806567,53.39253367087712,81.32990061144503,5.226839693165736,622.1797019807157,1.9218891205169908,-0.12898916205428804,True
S2,S3a,60,23400,114.48283326292771,18.40028417810327,75.87814100638977,114.48283326292771,5.226839693165736,622.1797019807157,2.6954255836859593,-0.5728511798071856,True
B3,S3a,60,23400,147.77706465893678,23.75150847713079,65.23424149486216,147.77706465893678,0.0,622.1797019807157,3.696568518518519,-2.286060185185186,True
B1,S3a,120,600,278.614798795729,22.798378563747566,148.8961549531746,278.614798795729,13.4671083676993,1222.0816406600218,2.6552664351851853,-0.9083567129629637,True
B2,S3a,120,600,178.72160077521642,14.624358539474702,81.07914288998438,178.72160077521642,13.4671083676993,1222.0816406600218,0.0,0.0,True
B4,S3a,120,600,271.2025240545193,22.191849957589433,167.88920318857552,271.2025240545193,13.4671083676993,1222.0816406600218,1.6904272961046722,1.1212365619131819,True
S0,S3a,120,600,259.54748398287217,21.238146073669498,137.1872397341561,259.54748398287217,13.4671083676993,1222.0816406600218,2.3310529765313897,-0.7632756507009655,True
S1,S3a,120,600,264.72775678202606,21.662035331702707,131.82286259704972,264.72775678202606,13.4671083676993,1222.0816406600218,2.0963218698001636,-1.4053748618853699,True
S2,S3a,120,600,276.4050991273151,22.617564157009532,148.21681628642585,276.4050991273151,13.4671083676993,1222.0816406600218,2.2158414976211414,-0.9473390273127283,True
B3,S3a,120,600,161.442867008718,13.210481332615876,88.89031504567225,161.442867008718,0.0,1222.0816406600218,2.6552664351851853,-0.9083567129629637,True
B1,S3a,120,1200,286.847660409748,22.738752362027693,140.3302798897412,286.847660409748,3.767836328962646,1261.4925209738676,2.616197685185185,1.42184074074074,True
B2,S3a,120,1200,159.0763636210433,12.610170966232674,90.89163349227358,159.0763636210433,3.767836328962646,1261.4925209738676,0.0,0.0,True
B4,S3a,120,1200,352.11769376923075,27.912784888918498,163.3034735203642,352.11769376923075,3.767836328962646,1261.4925209738676,2.570663135880135,2.2754226327363254,True
S0,S3a,120,1200,216.07595648500362,17.128595920504846,131.62220237156447,216.07595648500362,3.767836328962646,1261.4925209738676,2.1367993738039686,-0.7699122202965034,True
S1,S3a,120,1200,245.63051701738982,19.471420791917495,130.0511572009407,245.63051701738982,3.767836328962646,1261.4925209738676,1.9356951633907478,1.2125169011785146,True
S2,S3a,120,1200,236.82779322673724,18.773618494694446,133.68164998089736,236.82779322673724,3.767836328962646,1261.4925209738676,2.268178157803564,-1.2465986396284041,True
B3,S3a,120,1200,181.88122812278357,14.417939472393536,90.07118902657463,206.7288329727542,0.0,1261.4925209738676,2.616197685185185,1.42184074074074,True
B1,S3a,120,1800,326.09932353407055,28.680565937126392,175.6915104539056,326.09932353407055,3.3321892075272497,1137.004493736094,5.53359236111111,3.1976743055555557,True
B2,S3a,120,1800,69.17656009408691,6.084106129323991,38.27780893983586,69.43991831700475,3.3321892075272497,1137.004493736094,0.0,0.0,True
B4,S3a,120,1800,364.3079474129211,32.04102968985093,190.85347011118495,364.3079474129211,3.3321892075272497,1137.004493736094,5.0853484313037685,3.525334601720564,True
S0,S3a,120,1800,134.59598295069543,11.837770535842404,78.29492355419507,137.48346619164892,3.3321892075272497,1137.004493736094,2.1753896951835245,-0.9475081118196984,True
S1,S3a,120,1800,91.88701061776528,8.081499336544649,57.69187578167822,97.41774983092937,3.3321892075272497,1137.004493736094,1.9744175720540078,-0.5656350802060742,True
S2,S3a,120,1800,155.6691859487587,13.69116716832348,101.06963918194066,175.8145539142141,3.3321892075272497,1137.004493736094,2.4564709396499045,-1.1215675237042486,True
B3,S3a,120,1800,365.72842698351343,32.16596143624401,194.10754075611823,365.72842698351343,0.0,1137.004493736094,5.53359236111111,3.1976743055555557,True
B1,S3a,120,2400,939.2902529375108,87.11231041509599,569.3171068851045,939.2902529375108,1.0014558806397449,1078.25202713799,7.832066435185185,7.822272916666668,True
B2,S3a,120,2400,13.010708624349766,1.2066481951241175,11.394211588955116,14.680133203215352,1.0014558806397449,1078.25202713799,0.0,0.0,True
B4,S3a,120,2400,799.8526853627538,74.18049446990673,483.8410395927308,799.8526853627538,1.0014558806397449,1078.25202713799,6.791036986629069,6.652608980170462,True
S0,S3a,120,2400,245.29950028285757,22.749736991819745,132.31496138918493,245.29950028285757,1.0014558806397449,1078.25202713799,2.2023801169932113,-2.1068382250473547,True
S1,S3a,120,2400,79.86670846421728,7.407053866266119,59.35567830420552,79.86670846421728,1.0014558806397449,1078.25202713799,1.0408934754908556,0.6372702210698787,True
S2,S3a,120,2400,244.29793779651197,22.656849386590377,112.93884014885471,244.29793779651197,1.0014558806397449,1078.25202713799,2.481256028561058,-2.1023341969074307,True
B3,S3a,120,2400,937.2058568050912,86.9189978981743,568.8463363536894,937.2058568050912,0.0,1078.25202713799,7.832066435185185,7.822272916666668,True
B1,S3a,120,3600,382.89745204352533,31.93539841713122,248.66009718369682,382.89745204352533,1.4567979771749617,1198.9750277802273,3.6758965277777778,3.4005414351851853,True
B2,S3a,120,3600,34.5576707643874,2.8822677673585244,22.88995155435005,34.5576707643874,1.4567979771749617,1198.9750277802273,0.0,0.0,True
B4,S3a,120,3600,410.56663742495675,34.2431350038271,246.7216800702961,410.56663742495675,1.4567979771749617,1198.9750277802273,3.8970964819067238,3.653730775628886,True
S0,S3a,120,3600,252.49782473002205,21.059473206668407,155.54311352211505,252.49782473002205,1.4567979771749617,1198.9750277802273,2.5176954641366747,-2.261090596213706,True
S1,S3a,120,3600,126.17481214765908,10.523556306360952,79.6815679577772,126.17481214765908,1.4567979771749617,1198.9750277802273,1.5911684360028142,-1.1050845372842142,True
S2,S3a,120,3600,269.9749352080929,22.517144140017855,161.81423576559513,269.9749352080929,1.4567979771749617,1198.9750277802273,2.7707682625422763,-2.4360101043646933,True
B3,S3a,120,3600,384.12727391683535,32.03797118510512,248.40528400000358,384.12727391683535,0.0,1198.9750277802273,3.6758965277777778,3.4005414351851853,True
B1,S3a,120,4200,743.9835996587568,58.26159059331418,451.94357742935085,747.3075868476752,3.8855002025520906,1276.970971925598,6.537844212962963,-6.461967824074073,True
B2,S3a,120,4200,34.34420557818114,2.689505582604754,12.741736988432873,34.34420557818114,3.8855002025520906,1276.970971925598,0.0,0.0,True
B4,S3a,120,4200,262.14867492871116,20.528945504016132,180.11039822094273,278.8424590027581,3.8855002025520906,1276.970971925598,2.7415498466736445,-2.030868173942738,True
S0,S3a,120,4200,225.6146492233877,17.667954415845013,138.52597711251425,227.3090174631399,3.8855002025520906,1276.970971925598,2.202032455093763,-1.85378642055042,True
S1,S3a,120,4200,259.08809932379353,20.289270862054426,160.58225124927523,262.3936589717737,3.8855002025520906,1276.970971925598,2.5586583722777765,-2.1120382940984026,True
S2,S3a,120,4200,242.94468782708086,19.025075210655288,156.41174842559812,248.35274319852542,3.8855002025520906,1276.970971925598,2.4865060767199556,-1.9288824507561386,True
B3,S3a,120,4200,738.549221542722,57.83602272720676,450.66909132708986,742.5322191042384,0.0,1276.970971925598,6.537844212962963,-6.461967824074073,True
B1,S3a,120,4800,724.7751901182753,91.63451907857309,357.7594694597582,724.7751901182753,8.315781415523821,790.9412276140265,6.144500231481482,5.95974513888889,True
B2,S3a,120,4800,59.898158923568914,7.573022726892013,34.811309466428106,59.898158923568914,8.315781415523821,790.9412276140265,0.0,0.0,True
B4,S3a,120,4800,808.7687763531264,102.25396630200692,383.6853304704471,808.7687763531264,8.315781415523821,790.9412276140265,6.755515775529259,6.723833809159552,True
S0,S3a,120,4800,122.633594632137,15.504767023218228,77.64392694010819,122.633594632137,8.315781415523821,790.9412276140265,1.3889153187658814,-0.8131075238067146,True
S1,S3a,120,4800,108.43478674605362,13.709588394217452,70.57733100703834,108.43478674605362,8.315781415523821,790.9412276140265,1.4850737523387514,-0.38306469811902377,True
S2,S3a,120,4800,144.43831924274002,18.261574210571414,79.01691182235444,144.43831924274002,8.315781415523821,790.9412276140265,1.93635259125003,-1.0872656460982286,True
B3,S3a,120,4800,704.626846149143,89.08713081940847,348.27056340263,705.0819782431787,0.0,790.9412276140265,6.144500231481482,5.95974513888889,True
B1,S3a,120,5400,745.3275435149674,72.69895834385699,313.7117995135116,745.3275435149674,0.5163128085262897,1025.224515583375,7.627710648148148,-6.359892592592592,True
B2,S3a,120,5400,13.94725028684497,1.3604093615444497,5.459705058446591,13.94725028684497,0.5163128085262897,1025.224515583375,0.0,0.0,True
B4,S3a,120,5400,522.5308271292142,50.96745339062467,207.94657524403607,522.5308271292142,0.5163128085262897,1025.224515583375,6.217306059605317,-4.454776486190494,True
S0,S3a,120,5400,372.07450373686873,36.292002198674524,151.54772895468304,372.07450373686873,0.5163128085262897,1025.224515583375,3.3865092805036023,-3.1473374843570627,True
S1,S3a,120,5400,235.58385477939655,22.97875745249266,97.79086594787123,235.58385477939655,0.5163128085262897,1025.224515583375,2.3856129060399183,-2.0013016594477597,True
S2,S3a,120,5400,435.38618758915425,42.46739918635383,186.55846337894764,435.38618758915425,0.5163128085262897,1025.224515583375,3.920131720659298,-3.7151500053471014,True
B3,S3a,120,5400,745.1057462968688,72.67732432957744,313.50844301310497,745.1057462968688,0.0,1025.224515583375,7.627710648148148,-6.359892592592592,True
B1,S3a,120,6000,164.02995841785037,9.54889858969654,82.71065154725868,164.02995841785037,1.046320255617352,1717.7893018451582,1.390742824074073,-1.390742824074073,True
B2,S3a,120,6000,8.135737631037873,0.4736167364821108,5.941943582002006,15.692052575784192,1.046320255617352,1717.7893018451582,0.0,0.0,True
B4,S3a,120,6000,229.70332185320513,13.372031226790735,116.38581394719677,229.70332185320513,1.046320255617352,1717.7893018451582,1.9439931421477783,-1.9439931421477783,True
S0,S3a,120,6000,705.5513446844883,41.07321799749378,404.72504749687977,705.5513446844883,1.046320255617352,1717.7893018451582,5.959836718192608,-5.937658397253981,True
S1,S3a,120,6000,276.60716107759146,16.102508077124167,171.61392598820964,276.60716107759146,1.046320255617352,1717.7893018451582,2.618661449943604,-2.333758580326093,True
S2,S3a,120,6000,717.4390047297998,41.765250485561,406.240611394863,717.4390047297998,1.046320255617352,1717.7893018451582,6.038165213630054,-6.038165213630054,True
B3,S3a,120,6000,162.47274719149235,9.45824653914032,82.5798824738878,162.47274719149235,0.0,1717.7893018451582,1.390742824074073,-1.390742824074073,True
B1,S3a,120,6600,171.3926319093175,9.362593260652629,98.74130691751377,182.40005736327987,7.063037506003622,1830.610677381604,1.7587122685185186,-1.4189118055555556,True
B2,S3a,120,6600,51.307816293352836,2.8027705140855215,18.15537441395493,51.307816293352836,7.063037506003622,1830.610677381604,0.0,0.0,True
B4,S3a,120,6600,208.6311244992202,11.396804742646518,113.82189350818308,213.0475706218443,7.063037506003622,1830.610677381604,1.953543711417852,-1.7413919544276837,True
S0,S3a,120,6600,492.1248449090899,26.88309704458819,340.12976673532984,492.1513090545493,7.063037506003622,1830.610677381604,4.719895542769996,-4.423002240492919,True
S1,S3a,120,6600,254.96867436158317,13.928066601593033,159.44273432470703,255.04975449366958,7.063037506003622,1830.610677381604,2.474825585394191,-2.3007690105582554,True
S2,S3a,120,6600,514.1139893146199,28.084288793178988,350.2986847562774,514.3453142296779,7.063037506003622,1830.610677381604,4.622788595658929,-4.618059797398509,True
B3,S3a,120,6600,162.28908602027775,8.865297685928848,96.59938359114066,180.4066886339342,0.0,1830.610677381604,1.7587122685185186,-1.4189118055555556,True
B1,S3a,120,7200,118.38906780032889,6.036948961911709,105.44412786698147,177.77142618675387,12.133636551425356,1961.0745187224315,2.5846569444444443,0.1573416666666686,True
B2,S3a,120,7200,173.58864537031917,8.85171082042338,83.34477272068348,173.58864537031917,12.133636551425356,1961.0745187224315,0.0,0.0,True
B4,S3a,120,7200,128.1704971287502,6.535728036089552,103.54318128321312,170.15707334964748,12.133636551425356,1961.0745187224315,2.559093364677658,-0.19293794257727298,True
S0,S3a,120,7200,406.5115758687562,20.72902237970965,206.2773495990937,406.5115758687562,12.133636551425356,1961.0745187224315,4.640666086941191,-4.319315376591405,True
S1,S3a,120,7200,466.1928225867611,23.772315541097782,251.29249197454365,466.1928225867611,12.133636551425356,1961.0745187224315,4.949496082280185,-4.933358631339809,True
S2,S3a,120,7200,409.42753258376393,20.877714165114494,201.79268380925106,409.42753258376393,12.133636551425356,1961.0745187224315,4.671888173576441,-4.570967818409304,True
B3,S3a,120,7200,65.13844675655203,3.321569177237964,53.45697657887786,94.09225798791144,0.0,1961.0745187224315,2.5846569444444443,0.1573416666666686,True
B1,S3a,120,7800,764.3759721137807,34.64173670093515,421.12003235768304,796.0447586122249,9.660745309023486,2206.5174697004913,7.513111805555554,-6.698862268518518,True
B2,S3a,120,7800,47.21678440084052,2.139878113326229,18.862587236156482,47.21678440084052,9.660745309023486,2206.5174697004913,0.0,0.0,True
B4,S3a,120,7800,866.9347112466778,39.289727960520246,470.77726926283987,885.555757080421,9.660745309023486,2206.5174697004913,8.032557402613355,-7.612024647139662,True
S0,S3a,120,7800,730.275649480167,33.096300369617886,414.2210944700778,767.1876498823384,9.660745309023486,2206.5174697004913,7.208127846513907,-6.523178720255938,True
S1,S3a,120,7800,550.9887418608018,24.970966667016327,320.27257479768946,591.1159547327588,9.660745309023486,2206.5174697004913,5.614435825665306,-4.896499971885951,True
S2,S3a,120,7800,763.7891431758208,34.61514144637596,436.4113828467092,799.1501872456653,9.660745309023486,2206.5174697004913,7.562421041042362,-6.852926465377656,True
B3,S3a,120,7800,766.1146464736076,34.720533917984284,421.1879827644409,795.192497432053,0.0,2206.5174697004913,7.513111805555554,-6.698862268518518,True
B1,S3a,120,8400,567.7314760083497,28.39756534996772,318.6005748405401,573.4504332521052,0.011723882103793982,1999.2258808517715,6.45159814814815,6.240521759259261,True
B2,S3a,120,8400,36.295898505360185,1.8154976310078725,28.431132438785262,36.48564445891568,0.011723882103793982,1999.2258808517715,0.0,0.0,True
B4,S3a,120,8400,414.0910560720015,20.712569802046467,227.2425699217769,421.98736487078065,0.011723882103793982,1999.2258808517715,4.9825904724548,4.006828783380319,True
S0,S3a,120,8400,480.2577440383289,24.022185218696485,356.2014629356805,480.2577440383289,0.011723882103793982,1999.2258808517715,6.462711347968039,-5.3006256750423715,True
S1,S3a,120,8400,222.91192017823866,11.149911688981682,135.75688904753954,223.76689787353462,0.011723882103793982,1999.2258808517715,3.9235082270575594,0.3263216320160699,True
S2,S3a,120,8400,463.1116033977066,23.164546229283385,319.4255363915958,463.1116033977066,0.011723882103793982,1999.2258808517715,6.312647429786703,-5.360559885284104,True
B3,S3a,120,8400,530.3427044166153,26.52740290610196,296.72610103191823,536.5327074042322,0.0,1999.2258808517715,6.45159814814815,6.240521759259261,True
B1,S3a,120,9600,372.1029777149366,14.271954799586817,175.66310663205294,372.1029777149366,5.939566606665794,2607.2320361167995,3.5517238425925926,2.944238194444445,True
B2,S3a,120,9600,124.71417331604935,4.7833937136564995,55.0900385967347,124.71417331604935,5.939566606665794,2607.2320361167995,0.0,0.0,True
B4,S3a,120,9600,212.34221576592765,8.144354350684846,100.81321237574254,212.34221576592765,5.939566606665794,2607.2320361167995,2.8817541665037814,1.4776011156627074,True
S0,S3a,120,9600,852.6244287739223,32.70228414513568,533.65699607849,852.6244287739223,5.939566606665794,2607.2320361167995,7.233636235234298,-7.233636235234298,True
S1,S3a,120,9600,156.23589908716244,5.992404853994489,80.13697209970682,156.23589908716244,5.939566606665794,2607.2320361167995,2.330033653177159,0.9254225743831461,True
S2,S3a,120,9600,803.6029204051002,30.822071425678825,495.31804595498676,803.6029204051002,5.939566606665794,2607.2320361167995,6.820707130666756,-6.820707130666756,True
B3,S3a,120,9600,353.6923423724233,13.56581759785413,165.75737990378911,353.6923423724233,0.0,2607.2320361167995,3.5517238425925926,2.944238194444445,True
B1,S3a,120,10200,692.059862713949,30.228846817212762,406.31639453178826,692.059862713949,2.7542599676604196,2289.402129359032,5.665605324074075,5.665605324074075,True
B2,S3a,120,10200,174.4187489904444,7.618528294078101,103.98076598106519,174.4187489904444,2.7542599676604196,2289.402129359032,0.0,0.0,True
B4,S3a,120,10200,309.8100025245923,13.532354082824686,192.91189989007995,309.8100025245923,2.7542599676604196,2289.402129359032,2.61211352732682,2.249151412559922,True
S0,S3a,120,10200,654.9432725141905,28.607611747856463,361.07149026708515,654.9432725141905,2.7542599676604196,2289.402129359032,5.508665450810822,-5.508665450810822,True
S1,S3a,120,10200,259.8691795499262,11.350962603615738,175.9189631741462,267.72321609440627,2.7542599676604196,2289.402129359032,2.5086135855576956,1.7855443168128258,True
S2,S3a,120,10200,574.1588010432432,25.078984319980144,312.46208349718154,574.1588010432432,2.7542599676604196,2289.402129359032,5.2141430631095655,-4.819172274546277,True
B3,S3a,120,10200,672.1109573291293,29.357488084336733,394.40059515872855,672.1109573291293,0.0,2289.402129359032,5.665605324074075,5.665605324074075,True
B1,S3a,120,10800,551.2095317511659,25.08614372289798,279.57466358530286,551.2095317511659,1.9037805519517226,2197.266896976422,4.59016365740741,4.554900694444447,True
B2,S3a,120,10800,76.40047395331439,3.4770684461885932,44.35228763275945,76.40047395331439,1.9037805519517226,2197.266896976422,0.0,0.0,True
B4,S3a,120,10800,383.7717604509269,17.46586912036135,192.1842202630652,383.7717604509269,1.9037805519517226,2197.266896976422,3.258250771496006,3.122995943962409,True
S0,S3a,120,10800,658.1429187579654,29.952798163191357,396.73450859249823,658.1429187579654,1.9037805519517226,2197.266896976422,5.53179324389523,-5.53179324389523,True
S1,S3a,120,10800,140.29839223027355,6.385132021209304,68.09141628543271,140.29839223027355,1.9037805519517226,2197.266896976422,2.105946461776307,0.9764817545258107,True
S2,S3a,120,10800,605.8965381907152,27.575008708521807,361.3185256379595,605.8965381907152,1.9037805519517226,2197.266896976422,5.0947754907748095,-5.0947754907748095,True
B3,S3a,120,10800,545.9079373211985,24.84486240940517,275.24248954201147,545.9079373211985,0.0,2197.266896976422,4.59016365740741,4.554900694444447,True
B1,S3a,120,11400,141.59818005118856,7.292314347202003,43.690519172651975,141.59818005118856,3.6050859819561802,1941.745422775398,1.439835416666667,1.1359418981481493,True
B2,S3a,120,11400,24.73804738056543,1.274010850773968,10.408175133643034,24.73804738056543,3.6050859819561802,1941.745422775398,0.0,0.0,True
B4,S3a,120,11400,67.89415433655188,3.496552819962805,21.067936285884077,67.89415433655188,3.6050859819561802,1941.745422775398,1.0413220342455645,0.48202268311343954,True
S0,S3a,120,11400,523.3814418430308,26.9541741004825,327.6563656713983,523.3814418430308,3.6050859819561802,1941.745422775398,4.459090827741894,-4.444872455827007,True
S1,S3a,120,11400,18.100721030569954,0.9321881652589669,28.251307830221084,44.532562837011426,3.6050859819561802,1941.745422775398,1.2972953110824137,-0.08161175511356467,True
S2,S3a,120,11400,503.6326933458666,25.937112426715984,314.40269925057123,503.6326933458666,3.6050859819561802,1941.745422775398,4.284272517685693,-4.284272517685693,True
B3,S3a,120,11400,140.42833534756514,7.232067278255585,43.31130998532351,140.42833534756514,0.0,1941.745422775398,1.439835416666667,1.1359418981481493,True
B1,S3a,120,12000,489.46937250611427,31.737960521969136,198.12327756805973,489.46937250611427,8.775697920138843,1542.220623052643,4.604040046296295,4.3410409722222205,True
B2,S3a,120,12000,43.59232463154081,2.8265945857509656,17.72495825855152,43.600138304531505,8.775697920138843,1542.220623052643,0.0,0.0,True
B4,S3a,120,12000,371.05519174059526,24.05979962880638,148.42205078952918,371.05519174059526,8.775697920138843,1542.220623052643,3.4511433344745024,3.2989400776164914,True
S0,S3a,120,12000,323.10970323435083,20.950939081257612,228.79528462707526,338.20061795915717,8.775697920138843,1542.220623052643,3.140239990156689,-2.6281680221389716,True
S1,S3a,120,12000,153.23286246934728,9.93585873375503,68.70955694865202,153.25547245533386,8.775697920138843,1542.220623052643,2.208092559372685,1.3412636339232549,True
S2,S3a,120,12000,291.56970659502804,18.905836313996392,210.77955639710422,306.5294227953445,8.775697920138843,1542.220623052643,2.984772470462822,-2.321395789592772,True
B3,S3a,120,12000,506.1436360782502,32.81914588046416,205.81131515321505,506.1436360782502,0.0,1542.220623052643,4.604040046296295,4.3410409722222205,True
B1,S3a,120,12600,902.2211543924382,145.04256586463998,404.55208414560923,902.2211543924382,9.106115052780593,622.0388814925062,7.666331712962964,7.444194212962964,True
B2,S3a,120,12600,35.39372781442532,5.689954256477087,27.736327090695674,35.900188170571276,9.106115052780593,622.0388814925062,0.0,0.0,True
B4,S3a,120,12600,929.1014103833103,149.3638803018302,421.0207513009511,929.1014103833103,9.106115052780593,622.0388814925062,7.729787232223592,7.715064829912979,True
S0,S3a,120,12600,80.37536283926521,12.921276343114494,67.8849299079125,99.90767355486022,9.106115052780593,622.0388814925062,1.2236429775369657,-0.6931169532543197,True
S1,S3a,120,12600,28.512504429325194,4.583717397361549,24.53827036214121,36.29573604153917,9.106115052780593,622.0388814925062,1.012460264907129,-0.011264483102744591,True
S2,S3a,120,12600,59.728735334256015,9.602090337334577,50.68499256233788,77.80135332683757,9.106115052780593,622.0388814925062,1.1645670205697636,-0.4927350092566282,True
B3,S3a,120,12600,533.5528678665157,85.77484201410704,217.7326877778121,561.394674092725,0.0,622.0388814925062,7.666331712962964,7.444194212962964,True
B1,S3a,120,13800,704.5427827271316,98.14779418425822,499.46487352838943,704.5442805335791,22.313093920508404,717.8386316094429,5.981695833333333,-5.981695833333333,True
B2,S3a,120,13800,74.16562166405535,10.33179581012114,46.515722382542286,74.16562166405535,22.313093920508404,717.8386316094429,0.0,0.0,True
B4,S3a,120,13800,368.15536526469407,51.286647033646645,324.8575613574659,468.77256921143083,22.313093920508404,717.8386316094429,5.188823243763553,-3.0785443357720284,True
S0,S3a,120,13800,102.93181749635819,14.339130406729167,81.90513583053666,121.37478061281402,22.313093920508404,717.8386316094429,1.9507876130873032,-0.6075561414089945,True
S1,S3a,120,13800,78.74777020253102,10.970121519647552,62.20096729279549,87.10301370153104,22.313093920508404,717.8386316094429,1.5086232426116744,-0.18125564067896993,True
S2,S3a,120,13800,163.0661986763014,22.71627514817584,130.4400089461729,196.25117030691237,22.313093920508404,717.8386316094429,2.3056412077909743,-1.2531792520591127,True
B3,S3a,120,13800,704.5427827271316,98.14779418425822,499.46487352838943,704.5442805335791,0.0,717.8386316094429,5.981695833333333,-5.981695833333333,True
B1,S3a,120,14400,316.22198928220223,41.06661443191639,145.21888063719766,316.22198928220223,0.12572264900354094,770.0220572271937,5.091723148148149,-2.721981481481482,True
B2,S3a,120,14400,5.194081152654887,0.674536671242702,3.073435236035808,5.764409928273332,0.12572264900354094,770.0220572271937,0.0,0.0,True
B4,S3a,120,14400,5.808982996575234,0.7543917660609694,75.69825495117752,123.08141036199979,0.12572264900354094,770.0220572271937,3.990971329413563,-0.0497783545078651,True
S0,S3a,120,14400,99.24475099215312,12.888559497831517,29.629884161071402,99.24475099215312,0.12572264900354094,770.0220572271937,1.8720593347723535,-0.8446386873423264,True
S1,S3a,120,14400,117.10059687400515,15.20743409554758,41.88388960920397,117.10059687400515,0.12572264900354094,770.0220572271937,1.6728366126377499,-1.0151034998724322,True
S2,S3a,120,14400,139.25230604503264,18.084197035403427,50.1053543275352,139.25230604503264,0.12572264900354094,770.0220572271937,1.9361574446212748,-1.173327509941551,True
B3,S3a,120,14400,324.5526976856817,42.14849362294605,150.4158749289893,324.5526976856817,0.0,770.0220572271937,5.091723148148149,-2.721981481481482,True
B1,S3a,120,15600,131.49723795150908,9.91959211453122,66.93372119339973,131.49723795150908,6.546495875797494,1325.6315021146752,1.1305537037037034,0.7224439814814809,True
B2,S3a,120,15600,95.57142071263985,7.209501325231206,46.36883671776902,95.57142071263985,6.546495875797494,1325.6315021146752,0.0,0.0,True
B4,S3a,120,15600,159.00477494296524,11.994643661478886,88.3668862202656,159.00477494296524,6.546495875797494,1325.6315021146752,1.0669342004264195,0.9810539784648805,True
S0,S3a,120,15600,77.91842317318311,5.877834303793024,86.57171766034227,113.8795815074727,6.546495875797494,1325.6315021146752,1.7670733340033227,-0.41341004432137524,True
S1,S3a,120,15600,71.30749228435047,5.379133806838421,65.01371041539193,88.8038375934898,6.546495875797494,1325.6315021146752,1.5638305552012457,-0.0975354212195676,True
S2,S3a,120,15600,87.67860210469999,6.614100673138292,91.15372832482922,114.42571190226887,6.546495875797494,1325.6315021146752,1.5731109907832044,-0.5152038528779891,True
B3,S3a,120,15600,81.33585590880672,6.135630888301769,42.80858593110185,81.33585590880672,0.0,1325.6315021146752,1.1305537037037034,0.7224439814814809,True
B1,S3a,120,16200,53.31669673802536,4.167177890558688,31.085233681270175,57.8806234005061,1.0679931688862196,1279.443741982353,1.0148189814814816,0.5075430555555555,True
B2,S3a,120,16200,41.60408284267851,3.2517320986867073,19.1144782839273,41.63799078512795,1.0679931688862196,1279.443741982353,0.0,0.0,True
B4,S3a,120,16200,102.55773515866964,8.015806541033845,65.17888301306532,102.55773515866964,1.0679931688862196,1279.443741982353,1.0827765851687783,0.9057931588213868,True
S0,S3a,120,16200,69.35665411336988,5.420844374595918,39.515520737621834,69.35665411336988,1.0679931688862196,1279.443741982353,1.5013374684623602,0.2537682691210423,True
S1,S3a,120,16200,75.312436811742,5.8863421923541495,38.85267711784489,75.312436811742,1.0679931688862196,1279.443741982353,1.238583115720818,0.40734708357087784,True
S2,S3a,120,16200,64.973513242658,5.07826261606383,37.63413786903942,64.973513242658,1.0679931688862196,1279.443741982353,1.4268261155434139,0.24741067665657449,True
B3,S3a,120,16200,47.87973156978237,3.7422303145270113,24.22332487814475,47.89145365550856,0.0,1279.443741982353,1.0148189814814816,0.5075430555555555,True
B1,S3a,120,16800,103.97593711552418,9.828429099106573,40.567745458475514,103.97593711552418,177.01256653665897,1057.9100288262325,2.594563888888889,2.2285907407407413,True
B2,S3a,120,16800,18.472278149636807,1.7461105052697234,16.142226126866497,21.872030318437194,177.01256653665897,1057.9100288262325,0.0,0.0,True
B4,S3a,120,16800,131.79660432144192,12.458205398399738,45.07334004568402,131.79660432144192,177.01256653665897,1057.9100288262325,1.8834775443374496,0.8936914673305965,True
S0,S3a,120,16800,80.97939515708939,7.654658047521988,39.78361834218207,80.97939515708939,177.01256653665897,1057.9100288262325,2.254164333817939,1.1076078036329666,True
S1,S3a,120,16800,67.3372334080709,6.365119109682947,34.89052248338065,67.33731572967632,177.01256653665897,1057.9100288262325,1.8304455616045479,1.0557052076491105,True
S2,S3a,120,16800,95.78812383581332,9.054467887225885,41.696111939243615,95.78812383581332,177.01256653665897,1057.9100288262325,2.4339377398214093,1.2444175795997787,True
B3,S3a,120,16800,84.26688335736338,7.965411146622628,49.01629464132771,88.63343432937225,0.0,1057.9100288262325,2.594563888888889,2.2285907407407413,True
B1,S3a,120,17400,222.5577808223464,26.597519757770197,142.85139985445832,246.36617366003247,5.548070244572913,836.7614080156042,3.343479166666666,2.3698958333333326,True
B2,S3a,120,17400,28.479903304557816,3.403587095645156,10.587175338130347,28.479903304557816,5.548070244572913,836.7614080156042,0.0,0.0,True
B4,S3a,120,17400,235.1598409194828,28.10357153984538,166.01457878732205,257.7957161967148,5.548070244572913,836.7614080156042,4.089059220079194,3.7631487448872827,True
S0,S3a,120,17400,148.29957971937267,17.723042470501596,93.79673645801759,151.79086381965382,5.548070244572913,836.7614080156042,2.2454808616826503,0.994562082310553,True
S1,S3a,120,17400,120.4040526238371,14.389293228684823,71.6340556121754,122.08144996968804,5.548070244572913,836.7614080156042,1.877370105350279,0.6170725985826544,True
S2,S3a,120,17400,156.31243073849555,18.6806453119287,97.99539213077585,170.39480500603443,5.548070244572913,836.7614080156042,2.6092440501412013,0.8715258438852894,True
B3,S3a,120,17400,152.87769465591072,18.27016556827867,95.03552749845484,175.75256020315592,0.0,836.7614080156042,3.343479166666666,2.3698958333333326,True
B1,S3a,120,18600,85.37903708333452,10.196470470156353,105.32535149969173,133.6355728034691,1.0842044597602387,837.3391295863314,2.972854861111111,-0.8422738425925922,True
B2,S3a,120,18600,4.626390186964594,0.5525109269944375,5.887648529743535,9.927870273839737,1.0842044597602387,837.3391295863314,0.0,0.0,True
B4,S3a,120,18600,94.96624350241751,11.34143146389605,57.942213753384685,99.60367444570564,1.0842044597602387,837.3391295863314,3.0307558997301323,2.0905942638540433,True
S0,S3a,120,18600,74.85272092653832,8.939355427414174,45.30603898545101,81.15208003023335,1.0842044597602387,837.3391295863314,1.8850638766748637,0.5079955925796874,True
S1,S3a,120,18600,63.57447853846502,7.592440899050372,37.583383821443306,67.54525763333253,1.0842044597602387,837.3391295863314,1.7385990099064679,0.5782493815707442,True
S2,S3a,120,18600,74.88193419984434,8.942844249597899,37.51593235091697,74.88193419984434,1.0842044597602387,837.3391295863314,2.1210766847342497,0.021995512089492356,True
B3,S3a,120,18600,42.933323645968564,5.1273518851530095,91.05745138447371,110.86626727738656,0.0,837.3391295863314,2.972854861111111,-0.8422738425925922,True
B1,S3a,120,19200,170.21671543094683,18.46555176307037,95.66747220815996,170.21671543094683,4.7790011111668,921.8068196118932,3.670992361111111,-1.4284414351851853,True
B2,S3a,120,19200,52.152560229661155,5.657645302691389,23.07443888939587,52.152560229661155,4.7790011111668,921.8068196118932,0.0,0.0,True
B4,S3a,120,19200,545.0086285211288,59.12395275515458,264.8187903801031,545.0086285211288,4.7790011111668,921.8068196118932,5.986563643190641,-5.316121818311663,True
S0,S3a,120,19200,35.967173440051916,3.9018124703389714,27.84565182656251,43.16691001141188,4.7790011111668,921.8068196118932,1.9497191219983332,0.20922005585953177,True
S1,S3a,120,19200,41.340435499416756,4.4847179061684805,27.81939963035199,41.340435499416756,4.7790011111668,921.8068196118932,1.8939690006354697,0.08230257301533296,True
S2,S3a,120,19200,30.711490681055903,3.331662342657251,42.452552259686435,70.52201969244472,4.7790011111668,921.8068196118932,2.4010699822240156,-0.18073786198861982,True
B3,S3a,120,19200,217.7935930137968,23.62681511788924,99.69872604018325,217.7935930137968,0.0,921.8068196118932,3.670992361111111,-1.4284414351851853,True
B1,S3a,120,19800,255.34796996936822,24.971947370906086,152.74372978020574,260.1440895577767,13.760605049976588,1022.5392764797546,3.4300817129629633,2.9597706018518526,True
B2,S3a,120,19800,39.520699005151485,3.8649565756737916,18.61131939348849,39.520699005151485,13.760605049976588,1022.5392764797546,0.0,0.0,True
B4,S3a,120,19800,277.62807496654267,27.150847048371492,166.92272882161186,278.87614624766144,13.760605049976588,1022.5392764797546,3.7573988192016343,3.252392483847076,True
S0,S3a,120,19800,156.95397247072276,15.34943215199131,79.79538190381314,156.95397247072276,13.760605049976588,1022.5392764797546,2.3225415574551196,1.2170023318915464,True
S1,S3a,120,19800,194.08371247092091,18.980563087912213,101.67363868086778,195.44312997067797,13.760605049976588,1022.5392764797546,2.5093301354672484,1.6356094084894202,True
S2,S3a,120,19800,154.94201228691958,15.152670987889168,77.20122241876913,154.94201228691958,13.760605049976588,1022.5392764797546,2.5320959003308956,1.102777563632252,True
B3,S3a,120,19800,223.5854006008359,21.865702936180828,146.3558917433505,235.12736813740545,0.0,1022.5392764797546,3.4300817129629633,2.9597706018518526,True
B1,S3a,120,20400,65.25213851373265,8.23170991308562,32.78619052765231,65.25213851373265,6.82739967357154,792.6923956589375,1.8329106481481483,0.8769671296296303,True
B2,S3a,120,20400,41.61345269140037,5.249634400341202,22.663825520059245,41.61345269140037,6.82739967357154,792.6923956589375,0.0,0.0,True
B4,S3a,120,20400,103.90087590424918,13.107338543077608,66.6765031780266,103.90087590424918,6.82739967357154,792.6923956589375,2.5877460960111707,2.5261584887233197,True
S0,S3a,120,20400,187.86563486273795,23.69968929834022,112.29046009862198,187.86563486273795,6.82739967357154,792.6923956589375,2.0805514270732077,1.6435476045416346,True
S1,S3a,120,20400,92.82499949417657,11.710090824955422,55.09568029695294,92.82499949417657,6.82739967357154,792.6923956589375,1.4558769934755127,0.19616813384095189,True
S2,S3a,120,20400,168.95165071928994,21.313645954537805,108.34739343139053,168.95165071928994,6.82739967357154,792.6923956589375,1.9097296501432004,1.3677727332424114,True
B3,S3a,120,20400,20.35785949231324,2.5681915966142785,30.7571935263974,48.79942623000574,0.0,792.6923956589375,1.8329106481481483,0.8769671296296303,True
B1,S3a,120,21000,66.60470976119396,9.453150676938433,34.00208822629481,74.71681922425365,1.1030911714313172,704.5768340885586,1.6398925925925925,0.36608796296296314,True
B2,S3a,120,21000,18.73741886092522,2.6593861668988827,12.860426256982922,19.04469935078803,1.1030911714313172,704.5768340885586,0.0,0.0,True
B4,S3a,120,21000,210.63275056922453,29.894929889612293,97.95422158080888,210.63275056922453,1.1030911714313172,704.5768340885586,2.7809802305527738,-2.4643249331704804,True
S0,S3a,120,21000,47.37635600913363,6.724086532084147,38.2826107281324,61.92191550033228,1.1030911714313172,704.5768340885586,1.6739758161173608,1.0937260980637682,True
S1,S3a,120,21000,12.35563724939153,1.7536252473266165,10.276583958985784,20.08872293810046,1.1030911714313172,704.5768340885586,1.2823880696179921,0.5720346061923582,True
S2,S3a,120,21000,31.997836267992525,4.541426104277891,27.29575938401674,46.89462294090332,1.1030911714313172,704.5768340885586,1.4920031961684537,0.8982393454293115,True
B3,S3a,120,21000,83.21704976240734,11.810926180968897,45.45754309793726,91.7801097581899,0.0,704.5768340885586,1.6398925925925925,0.36608796296296314,True
B1,S3a,120,21600,107.83226809267755,12.75105469152815,111.72979236702827,165.5320131116812,11.452141423577856,845.6733242962382,3.297961805555555,-3.072765972222222,True
B2,S3a,120,21600,17.117820700241616,2.024164675465779,19.912460310183445,33.136756686067756,11.452141423577856,845.6733242962382,0.0,0.0,True
B4,S3a,120,21600,158.7727111636338,18.774709642847377,150.20990303166562,225.7646000978295,11.452141423577856,845.6733242962382,4.323740839369615,-4.169455596678662,True
S0,S3a,120,21600,17.893512320633874,2.1158894110234225,21.082165423711785,41.72725933243923,11.452141423577856,845.6733242962382,1.4543305481198923,0.5351555127047004,True
S1,S3a,120,21600,36.41134669603847,4.305604262300655,35.45368483729041,68.17042685700385,11.452141423577856,845.6733242962382,1.3129520814013345,-0.6955342523433462,True
S2,S3a,120,21600,23.760874766346443,2.8096989799364938,24.56080707172518,50.560962451140576,11.452141423577856,845.6733242962382,1.5375916524851228,0.36838614190962155,True
B3,S3a,120,21600,112.18547442423176,13.265816858725149,109.28868757542007,162.62050037150155,0.0,845.6733242962382,3.297961805555555,-3.072765972222222,True
B1,S3a,120,22200,86.21868136010595,11.051124542307656,77.55982852557041,115.76137634273361,1.9528947922335644,780.1801620281267,2.426009027777778,-2.1190182870370364,True
B2,S3a,120,22200,9.609236713570905,1.2316689376708962,8.680342563282691,12.54783512017109,1.9528947922335644,780.1801620281267,0.0,0.0,True
B4,S3a,120,22200,72.83262288952821,9.335359502117472,70.02763251744537,103.68720041665631,1.9528947922335644,780.1801620281267,3.016793251861826,2.88067049145958,True
S0,S3a,120,22200,25.098363643469206,3.2169958767247366,23.016276471329434,30.37308045632384,1.9528947922335644,780.1801620281267,1.2972249945156114,0.3679260197911896,True
S1,S3a,120,22200,24.783290795662978,3.1766112497961085,14.587784098731309,24.783290795662978,1.9528947922335644,780.1801620281267,1.1422567893768631,-0.057025952503755174,True
S2,S3a,120,22200,40.929923307857216,5.246214310481484,34.891887802933546,44.07593770575265,1.9528947922335644,780.1801620281267,1.417476471309136,0.25960291633704163,True
B3,S3a,120,22200,86.94579739322394,11.144323019852614,76.90076550257993,115.81024366722015,0.0,780.1801620281267,2.426009027777778,-2.1190182870370364,True
B1,S3a,120,22800,263.13310938687727,27.962290084516074,86.77709281650297,263.13310938687727,5.00235189018493,941.0284658071887,3.330083101851852,-2.221916898148148,True
B2,S3a,120,22800,31.803851479632026,3.3796906932407773,11.466310549809405,31.803851479632026,5.00235189018493,941.0284658071887,0.0,0.0,True
B4,S3a,120,22800,357.4410482718978,37.98408456914155,127.98516612301559,357.4410482718978,5.00235189018493,941.0284658071887,4.017070917717889,-3.0114155275456174,True
S0,S3a,120,22800,101.19857427772767,10.75403964437168,50.302267456523694,101.19857427772767,5.00235189018493,941.0284658071887,1.7609539719571126,0.20188631889749972,True
S1,S3a,120,22800,76.77664466120139,8.158801508235404,35.93315920146278,76.77664466120139,5.00235189018493,941.0284658071887,1.5772025430087289,0.009297319560674092,True
S2,S3a,120,22800,107.24340995468295,11.396404450177014,50.43844886927697,107.24340995468295,5.00235189018493,941.0284658071887,1.9585954538942818,-0.0855796877978392,True
B3,S3a,120,22800,258.6546068260137,27.486374347257055,85.53433549546361,258.6546068260137,0.0,941.0284658071887,3.330083101851852,-2.221916898148148,True
B1,S3c,30,1200,60.12576309670565,12.846982634737662,33.69883661782496,60.12576309670565,4.610748732901639,468.01466777209066,2.0300305555555553,-2.0300305555555553,True
B2,S3c,30,1200,20.7608702931459,4.435944367294025,9.53142103326723,20.7608702931459,4.610748732901639,468.01466777209066,0.0,0.0,True
B4,S3c,30,1200,30.066196145766135,6.424199542482605,18.99028186448201,30.066196145766135,4.610748732901639,468.01466777209066,0.9222873872434986,-0.9100451539464702,True
S0,S3c,30,1200,150.91808884939422,32.246444233856124,92.36178872598332,150.91808884939422,4.610748732901639,468.01466777209066,5.233309960219361,-5.233309960219361,True
S1,S3c,30,1200,151.51527094407626,32.37404324640947,87.92366225366385,151.51527094407626,4.610748732901639,468.01466777209066,5.258363966472171,-5.258363966472171,True
S2,S3c,30,1200,136.90816663934083,29.252964931862152,82.14359601521512,136.90816663934083,4.610748732901639,468.01466777209066,4.729318956475142,-4.729318956475142,True
B3,S3c,30,1200,58.08166209984479,12.41022260612756,32.7313026218609,58.08166209984479,0.0,468.01466777209066,2.0300305555555553,-2.0300305555555553,True
B1,S3c,30,1800,92.77630873518409,26.989625776163628,89.3283112496967,123.66892328016324,2.6410182621132856,343.74803676278145,6.068081481481482,-2.3583314814814815,True
B2,S3c,30,1800,1.7649580940623573,0.5134452870432958,1.4105219349482228,2.585897550743704,2.6410182621132856,343.74803676278145,0.0,0.0,True
B4,S3c,30,1800,80.60026548227002,23.44748387258188,37.00534343673922,80.60026548227002,2.6410182621132856,343.74803676278145,5.074372663925057,2.1644604686685915,True
S0,S3c,30,1800,107.12705511655834,31.164412203024767,90.72445387634947,122.26485690785964,2.6410182621132856,343.74803676278145,5.503281298608879,-3.603751446852195,True
S1,S3c,30,1800,105.47900092828476,30.684975519169356,87.66504692530143,113.79076479833861,2.6410182621132856,343.74803676278145,4.94616579849017,-3.545241939850395,True
S2,S3c,30,1800,121.34893993516278,35.301711415709114,93.95953341038842,126.44331393615296,2.6410182621132856,343.74803676278145,6.244412151019831,-4.235669038166001,True
B3,S3c,30,1800,89.94775929712819,26.166770331026097,88.86266671203657,123.56527428983266,0.0,343.74803676278145,6.068081481481482,-2.3583314814814815,True
B1,S3c,30,2400,13.284998577537452,2.4539413645423553,51.67809466645715,75.50228503796988,2.480987660958189,541.3739207258941,5.4834194444444435,-0.15736574074074042,True
B2,S3c,30,2400,13.835702879877271,2.555664827985406,5.815968913843898,13.835702879877271,2.480987660958189,541.3739207258941,0.0,0.0,True
B4,S3c,30,2400,253.8629605648637,46.89235126518006,106.40346834205302,253.8629605648637,2.480987660958189,541.3739207258941,8.793636446193927,-8.57092212858571,True
S0,S3c,30,2400,187.03817588658828,34.5487968160344,93.30420738077544,187.03817588658828,2.480987660958189,541.3739207258941,6.458238940517506,-6.331430693309879,True
S1,S3c,30,2400,152.64857466862293,28.19651424360193,69.35858792088122,152.64857466862293,2.480987660958189,541.3739207258941,5.8719047409956495,-5.127338877854483,True
S2,S3c,30,2400,230.42053492398358,42.56217857983023,112.17737106725139,230.42053492398358,2.480987660958189,541.3739207258941,8.371850171612017,-7.791580378702859,True
B3,S3c,30,2400,23.93540023636117,4.421232593595883,52.48551391616922,75.43762048055572,0.0,541.3739207258941,5.4834194444444435,-0.15736574074074042,True
B1,S3c,30,3000,90.75001299656633,18.12020748551668,80.37702433794863,107.47417565630387,4.039607298992381,500.82215156256905,4.632043518518518,-2.5966009259259257,True
B2,S3c,30,3000,17.858794919796374,3.5658955707284097,8.95954587331479,17.858794919796374,4.039607298992381,500.82215156256905,0.0,0.0,True
B4,S3c,30,3000,108.88694833070554,21.741639819839715,82.57712794125337,109.02660804330688,4.039607298992381,500.82215156256905,4.180979078364428,-3.494367508662059,True
S0,S3c,30,3000,198.56486710541554,39.64778045178146,140.21995071290618,198.56486710541554,4.039607298992381,500.82215156256905,7.090650573711593,-6.787672961319894,True
S1,S3c,30,3000,170.6000951227994,34.064007470621206,123.99261864414355,170.6000951227994,4.039607298992381,500.82215156256905,5.877609515681736,-5.751867633587906,True
S2,S3c,30,3000,181.399428134519,36.22032842767664,128.97043628488112,181.399428134519,4.039607298992381,500.82215156256905,6.323070013522373,-6.121007840608288,True
B3,S3c,30,3000,80.92950340480884,16.159329844398485,77.9497581989198,106.57332103161383,0.0,500.82215156256905,4.632043518518518,-2.5966009259259257,True
B1,S3c,30,3600,3.276123305629595,1.51221981691281,23.45902086890832,39.10988967668764,1.459420585784849,216.64332585706927,3.391649074074074,-0.5932157407407408,True
B2,S3c,30,3600,4.699908263084837,2.169422134049774,1.9775525378845453,4.699908263084837,1.459420585784849,216.64332585706927,0.0,0.0,True
B4,S3c,30,3600,19.86311319456485,9.168578406920123,16.85561896687726,23.45585485972747,1.459420585784849,216.64332585706927,2.8987133986205595,-0.07878454022100509,True
S0,S3c,30,3600,106.91719553756162,49.3517144433521,77.97136282855445,107.8980166557041,1.459420585784849,216.64332585706927,4.828718877983956,-4.753179881394729,True
S1,S3c,30,3600,96.70711162126007,44.63886031968634,71.41583612415228,97.80882348160442,1.459420585784849,216.64332585706927,4.55536673515724,-4.331582092229737,True
S2,S3c,30,3600,127.4939288420207,58.84969146297864,93.7156338426772,128.77922242959878,1.459420585784849,216.64332585706927,5.5684890289545566,-5.534874712358829,True
B3,S3c,30,3600,0.9430783002280975,0.4353138027664396,23.761977202585022,39.11624665563616,0.0,216.64332585706927,3.391649074074074,-0.5932157407407408,True
B1,S3c,30,4200,14.12554924567013,4.095245272836,12.301030015335598,21.126998178698784,2.1536626660254106,344.9255979700586,0.9183231481481482,-0.13595648148148162,True
B2,S3c,30,4200,6.010998031786437,1.742694096107133,4.279227055183757,6.292702536514148,2.1536626660254106,344.9255979700586,0.0,0.0,True
B4,S3c,30,4200,19.371290328770975,5.616077914418084,14.394003209637992,24.079073123632874,2.1536626660254106,344.9255979700586,1.5212620825911507,0.002899253354044049,True
S0,S3c,30,4200,36.222879098982176,10.501650011526984,46.667011687773694,59.20941354757108,2.1536626660254106,344.9255979700586,5.42043214659247,-5.42043214659247,True
S1,S3c,30,4200,36.52704537038109,10.589833165572081,40.42627140213785,48.57788230884661,2.1536626660254106,344.9255979700586,4.636474495743444,-4.636474495743444,True
S2,S3c,30,4200,57.801759891610054,16.757747245139967,52.576821686306296,68.15995251234659,2.1536626660254106,344.9255979700586,5.558476725019739,-5.558476725019739,True
B3,S3c,30,4200,13.508693474207304,3.916407930785099,11.260328214448203,19.39335322605833,0.0,344.9255979700586,0.9183231481481482,-0.13595648148148162,True
B1,S3c,30,4800,105.11345538395297,21.967246843951393,76.25049268459432,105.11345538395297,2.5717930255489976,478.5008159222083,3.7244962962962957,-3.62019074074074,True
B2,S3c,30,4800,10.173412033275897,2.1261012927781144,6.3288396754251925,10.173412033275897,2.5717930255489976,478.5008159222083,0.0,0.0,True
B4,S3c,30,4800,49.30062410567684,10.303143164063451,43.80583192818271,63.208076367339274,2.5717930255489976,478.5008159222083,2.901752914486504,-1.346524327188355,True
S0,S3c,30,4800,237.9420102180317,49.72656311138137,159.0735136204024,237.9420102180317,2.5717930255489976,478.5008159222083,8.358292776593053,-8.358292776593053,True
S1,S3c,30,4800,170.74453166247181,35.68322685790998,118.13339672370442,170.74453166247181,2.5717930255489976,478.5008159222083,5.942009433030468,-5.942009433030468,True
S2,S3c,30,4800,274.1297357955778,57.289293283074386,188.1379719550365,274.1297357955778,2.5717930255489976,478.5008159222083,9.585010413796448,-9.585010413796448,True
B3,S3c,30,4800,103.64733092206544,21.660847269885487,76.071299143227,103.64733092206544,0.0,478.5008159222083,3.7244962962962957,-3.62019074074074,True
B1,S3c,30,5400,90.05313466493593,41.72066534214455,57.181427853278045,90.05313466493593,2.330340700760052,215.84779131977996,4.277835185185185,4.277835185185185,True
B2,S3c,30,5400,1.0952165389891193,0.507402245022998,0.5549357793446101,1.0952165389891193,2.330340700760052,215.84779131977996,0.0,0.0,True
B4,S3c,30,5400,51.22932770302176,23.734005981615613,23.465478753431544,51.22932770302176,2.330340700760052,215.84779131977996,2.3051491137455717,1.9248710922958743,True
S0,S3c,30,5400,43.59250613802007,20.19594727908866,31.960210778654716,44.112071836967274,2.330340700760052,215.84779131977996,1.8618889399984206,-1.4936815367223062,True
S1,S3c,30,5400,29.691373880370623,13.755699652438256,17.217855165650256,29.691373880370623,2.330340700760052,215.84779131977996,2.07585660310002,-0.11514105521866981,True
S2,S3c,30,5400,34.99765600567474,16.21404406859345,24.018070235884295,34.99765600567474,2.330340700760052,215.84779131977996,1.4703215989463252,-1.2771444387449435,True
B3,S3c,30,5400,92.14551167441536,42.690041492201864,57.80622883239936,92.14551167441536,0.0,215.84779131977996,4.277835185185185,4.277835185185185,True
B1,S3c,30,6000,13.647475870891508,9.33063682400021,13.914374451106983,19.308483380892074,176.70011953073336,146.26521349311923,2.141496296296296,0.7262814814814813,True
B2,S3c,30,6000,1.7639587746822465,1.2060002050762593,1.02118792404985,1.9873691887493006,176.70011953073336,146.26521349311923,0.0,0.0,True
B4,S3c,30,6000,52.38436923643856,35.81464654882063,21.19681238929297,52.38436923643856,176.70011953073336,146.26521349311923,2.288840637999919,2.2360495356868766,True
S0,S3c,30,6000,1.8547217210661282,1.2680538842910725,4.706883412338056,7.752224309966149,176.70011953073336,146.26521349311923,1.2413443284308123,-0.006767759700088499,True
S1,S3c,30,6000,9.828458087972976,6.719614222171383,10.552884675299353,14.81351187071518,176.70011953073336,146.26521349311923,1.0696309598267337,-0.3524050485990661,True
S2,S3c,30,6000,2.948557493983423,2.0158979866543127,2.8444632536698626,5.3792932302569,176.70011953073336,146.26521349311923,0.7839020518353721,0.07287157879224172,True
B3,S3c,30,6000,8.813910834286666,6.025978852928896,13.28081018322615,19.32445428759177,0.0,146.26521349311923,2.141496296296296,0.7262814814814813,True
B1,S3c,30,6600,137.18543319609725,66.52479855065124,82.53244214143767,137.18543319609725,4.494369910160427,206.216984019344,4.864124074074073,-4.864124074074073,True
B2,S3c,30,6600,7.405247822099188,3.590998024393832,3.0139995484213364,7.405247822099188,4.494369910160427,206.216984019344,0.0,0.0,True
B4,S3c,30,6600,16.898634866794694,8.194589280390955,7.72324233262243,16.898634866794694,4.494369910160427,206.216984019344,0.960468834150325,0.5780746880497768,True
S0,S3c,30,6600,13.259461158434027,6.429858928200712,9.011616733541628,15.653061964288488,4.494369910160427,206.216984019344,1.2729809431036634,-0.46851910794836743,True
S1,S3c,30,6600,36.26697113945806,17.586801257871205,22.249924839380707,37.8916970357304,4.494369910160427,206.216984019344,1.6584563649012656,-1.2956514058145603,True
S2,S3c,30,6600,18.408086432189386,8.926561757135692,13.627660433739647,21.043656100001726,4.494369910160427,206.216984019344,1.5089384632350764,-0.6488208378976372,True
B3,S3c,30,6600,137.46291802765813,66.65935819077032,82.63908839143045,137.46291802765813,0.0,206.216984019344,4.864124074074073,-4.864124074074073,True
B1,S3c,30,7200,10.660428650958247,4.306827487364556,8.051937997601357,11.35126164456101,1.2024749518157332,247.52392990510987,0.5436796296296296,-0.42109814814814794,False
B2,S3c,30,7200,4.650747907237074,1.8789083984808954,1.926337031080773,4.650747907237074,1.2024749518157332,247.52392990510987,0.0,0.0,False
B4,S3c,30,7200,52.41241583669316,21.174686365389334,30.06959857920605,52.41241583669316,1.2024749518157332,247.52392990510987,1.9326205922894948,-1.9323587353698444,False
S0,S3c,30,7200,57.09038249073522,23.064591174122533,37.70066641706859,57.09038249073522,1.2024749518157332,247.52392990510987,2.1533265765489245,-2.1384409188976514,False
S1,S3c,30,7200,56.73242278082292,22.919974970731808,37.00706771986148,56.73242278082292,1.2024749518157332,247.52392990510987,2.1262957328058203,-2.1235936472111887,False
S2,S3c,30,7200,54.728613899790815,22.110433492540068,35.509204240209584,54.728613899790815,1.2024749518157332,247.52392990510987,2.0270732848655477,-2.020215899225214,False
B3,S3c,30,7200,11.388128642993145,4.600819261135223,8.214975705741868,11.573220833061376,0.0,247.52392990510987,0.5436796296296296,-0.42109814814814794,False
B1,S3c,30,7800,75.71638973622731,46.77343261020941,40.19781212022707,75.71638973622731,4.375521656153984,161.8790529384846,2.897212962962964,2.880648148148149,True
B2,S3c,30,7800,5.734417715724927,3.542408737654312,2.745519094160276,5.734417715724927,4.375521656153984,161.8790529384846,0.0,0.0,True
B4,S3c,30,7800,72.85042786095123,45.00299855882837,41.20244003721232,72.85042786095123,4.375521656153984,161.8790529384846,2.6091763704628694,2.6085981551344646,True
S0,S3c,30,7800,28.464694360569503,17.583926915724128,12.031328979988656,28.464694360569503,4.375521656153984,161.8790529384846,1.6175158011743498,-1.2514976642801305,True
S1,S3c,30,7800,25.08834518003187,15.498203581389653,10.793005971307885,25.08834518003187,4.375521656153984,161.8790529384846,1.6765583754658897,-1.09836683882012,True
S2,S3c,30,7800,41.933055373854465,25.903941623496763,21.947784958428155,41.933055373854465,4.375521656153984,161.8790529384846,2.231148672501543,-1.8384689388449873,True
B3,S3c,30,7800,73.60590514145541,45.46969098554479,39.65528201167987,73.60590514145541,0.0,161.8790529384846,2.897212962962964,2.880648148148149,True
B1,S3c,30,8400,6.058692637952405,3.8161348548605853,5.256357112500187,10.417529550901822,1.3191996188828206,158.7651607813463,1.4460537037037036,-0.3347555555555551,True
B2,S3c,30,8400,2.7081590489113037,1.7057640577966722,1.9383309359432952,2.8709849816433084,1.3191996188828206,158.7651607813463,0.0,0.0,True
B4,S3c,30,8400,18.715089217453585,11.78790682121267,10.100325227463495,18.715089217453585,1.3191996188828206,158.7651607813463,1.3493273308189524,0.27308030237743736,True
S0,S3c,30,8400,28.355730258433308,17.860171664163293,16.862371278799834,33.63401886760126,1.3191996188828206,158.7651607813463,2.2224989893027067,-0.18660942243908285,True
S1,S3c,30,8400,25.918505381831995,16.325058504193713,14.713933599533467,27.02480323852585,1.3191996188828206,158.7651607813463,1.5859980853844802,-0.474378353072042,True
S2,S3c,30,8400,54.907155263000774,34.58388162288306,27.20114534354171,54.907155263000774,1.3191996188828206,158.7651607813463,2.789032652380845,-1.9172218168732906,True
B3,S3c,30,8400,4.609634229878652,2.903429321138727,5.570376743408326,11.429312422375903,0.0,158.7651607813463,1.4460537037037036,-0.3347555555555551,True
B1,S3c,30,9600,34.45542000835162,11.265058748220362,24.362689454171775,34.86722963182113,3.7791170415793958,305.8609881976412,1.4410657407407408,-1.1543824074074078,True
B2,S3c,30,9600,8.909411741750988,2.9128957551114385,3.3134370796684367,8.909411741750988,3.7791170415793958,305.8609881976412,0.0,0.0,True
B4,S3c,30,9600,16.974809907650314,5.549844721184755,8.944657337941358,16.974809907650314,3.7791170415793958,305.8609881976412,1.9439650492106917,0.8040992730796889,True
S0,S3c,30,9600,60.34162567711141,19.72844789153688,33.08885980763262,60.34162567711141,3.7791170415793958,305.8609881976412,2.3396981490487296,-2.2918471271401546,True
S1,S3c,30,9600,107.65313946804466,35.19675395754668,60.536818595867004,107.65313946804466,3.7791170415793958,305.8609881976412,4.17807587835103,-4.17807587835103,True
S2,S3c,30,9600,50.271322359784314,16.436003380496505,28.27380417150564,50.271322359784314,3.7791170415793958,305.8609881976412,1.8380749956228113,-1.8087200255735074,True
B3,S3c,30,9600,30.765270076194053,10.058579309994956,22.95141138349027,32.60724284145792,0.0,305.8609881976412,1.4410657407407408,-1.1543824074074078,True
B1,S3c,30,10200,150.78125391837014,35.07680476487261,57.57803806631683,150.78125391837014,2.464480380843133,429.86028781438165,5.633176851851852,-4.897837962962963,True
B2,S3c,30,10200,4.574095010906884,1.064088761063229,1.9373176156149234,4.574095010906884,2.464480380843133,429.86028781438165,0.0,0.0,True
B4,S3c,30,10200,270.2458892005839,62.86830788083384,116.29495731957584,270.2458892005839,2.464480380843133,429.86028781438165,9.282159651676405,-9.197587536901455,True
S0,S3c,30,10200,161.07059711164501,37.47045300011455,77.60801919448589,161.07059711164501,2.464480380843133,429.86028781438165,5.745250898131016,-5.489101740844994,True
S1,S3c,30,10200,155.15256637928613,36.093719465958834,70.90952942657559,155.15256637928613,2.464480380843133,429.86028781438165,5.563188536092711,-5.282208018826501,True
S2,S3c,30,10200,243.41667499659874,56.62692784072873,109.64915665416038,243.41667499659874,2.464480380843133,429.86028781438165,8.546798420926113,-8.218442286635758,True
B3,S3c,30,10200,149.79902210592297,34.84830451949258,56.93593167256463,149.79902210592297,0.0,429.86028781438165,5.633176851851852,-4.897837962962963,True
B1,S3c,30,10800,27.58444455123541,3.1971254918355374,15.742574363265657,27.58444455123541,2.4559970193848173,862.7889215383472,0.7435509259259279,0.7435509259259279,False
B2,S3c,30,10800,11.66295487314817,1.3517738327415232,4.090031951056374,11.66295487314817,2.4559970193848173,862.7889215383472,0.0,0.0,False
B4,S3c,30,10800,23.102103789854237,2.6776078381562125,14.37269319107882,23.102103789854237,2.4559970193848173,862.7889215383472,0.6306039882078643,0.5744066730501607,False
S0,S3c,30,10800,548.3241924207772,63.55253048951053,302.0528956342885,548.3241924207772,2.4559970193848173,862.7889215383472,18.438991856194335,-18.438991856194335,False
S1,S3c,30,10800,350.1017095839867,40.577909711654335,186.52541708113563,350.1017095839867,2.4559970193848173,862.7889215383472,11.805973845025798,-11.805973845025798,False
S2,S3c,30,10800,429.21268409006143,49.7471250934444,212.00919269198855,429.21268409006143,2.4559970193848173,862.7889215383472,14.466063282583255,-14.466063282583255,False
B3,S3c,30,10800,24.96932153109295,2.894024356104713,15.256926800705672,24.96932153109295,0.0,862.7889215383472,0.7435509259259279,0.7435509259259279,False
B1,S3c,30,11400,36.78112417692398,4.115965877212019,20.069186098347355,36.78112417692398,3.604701680551803,893.6207265604924,0.5078388888888893,0.3142037037037045,True
B2,S3c,30,11400,34.63714910876285,3.876045852481482,17.228483440218536,34.63714910876285,3.604701680551803,893.6207265604924,0.0,0.0,True
B4,S3c,30,11400,36.64149389014022,4.100340648003068,17.75104777893671,36.64149389014022,3.604701680551803,893.6207265604924,0.4958010683280793,-0.46775012526691656,True
S0,S3c,30,11400,544.6551428040325,60.94925135637651,311.50321721247724,544.6551428040325,3.604701680551803,893.6207265604924,18.26555007021775,-18.26555007021775,True
S1,S3c,30,11400,211.39665771571907,23.656194561352187,120.66321629822161,211.39665771571907,3.604701680551803,893.6207265604924,7.06309762582276,-7.06309762582276,True
S2,S3c,30,11400,460.25840492792844,51.50489365879451,243.1267474919472,460.25840492792844,3.604701680551803,893.6207265604924,15.439938747552842,-15.439938747552842,True
B3,S3c,30,11400,11.21951621717976,1.2555120851284634,10.019384081903715,13.604901329368793,0.0,893.6207265604924,0.5078388888888893,0.3142037037037045,True
B1,S3c,30,12000,2.5824957342599224,0.27648619824329046,2.937006573377683,3.983781452693903,0.47753285218106134,934.0414641556497,0.18221574074074076,0.03280462962963061,False
B2,S3c,30,12000,1.771901714838662,0.1897026826791268,1.0914429693346366,1.771901714838662,0.47753285218106134,934.0414641556497,0.0,0.0,False
B4,S3c,30,12000,7.024802093702746,0.752086750244326,4.337656141346948,7.024802093702746,0.47753285218106134,934.0414641556497,0.2159797738820943,0.1857743381997671,False
S0,S3c,30,12000,555.4644764280333,59.468931278137575,323.0174259653413,555.4644764280333,0.47753285218106134,934.0414641556497,18.638698305352207,-18.638698305352207,False
S1,S3c,30,12000,219.9230475792895,23.545319562241755,124.8995438410859,219.9230475792895,0.47753285218106134,934.0414641556497,7.415612124168704,-7.415612124168704,False
S2,S3c,30,12000,461.4338669917095,49.40186112710042,248.65281428328845,461.4338669917095,0.47753285218106134,934.0414641556497,15.500055893640969,-15.500055893640969,False
B3,S3c,30,12000,2.5196168612245753,0.26975428371397264,2.8916562658225575,3.9770837283957716,0.0,934.0414641556497,0.18221574074074076,0.03280462962963061,False
B1,S3c,30,12600,28.473358618948016,3.2008585754821954,14.140537699373,28.473358618948016,1.0985958438935706,889.553785257714,0.8872092592592609,0.8872092592592609,False
B2,S3c,30,12600,3.8502243051371003,0.432826476481312,1.8758617790049965,3.8502243051371003,1.0985958438935706,889.553785257714,0.0,0.0,False
B4,S3c,30,12600,7.757948510339128,0.8721168566655653,4.0802150255014125,7.757948510339128,1.0985958438935706,889.553785257714,0.20478500774776132,0.17420462680657864,False
S0,S3c,30,12600,521.1908793491646,58.59014800304284,303.58364252502207,521.1908793491646,1.0985958438935706,889.553785257714,17.516608176924954,-17.516608176924954,False
S1,S3c,30,12600,195.82488127123668,22.01383261097629,114.16632871109722,195.82488127123668,1.0985958438935706,889.553785257714,6.615597443020964,-6.615597443020964,False
S2,S3c,30,12600,435.0105709606959,48.902110043258176,233.534579811902,435.0105709606959,1.0985958438935706,889.553785257714,14.639422040755568,-14.639422040755568,False
B3,S3c,30,12600,28.671087400486737,3.2230864367780065,14.211480857737492,28.671087400486737,0.0,889.553785257714,0.8872092592592609,0.8872092592592609,False
B1,S3c,30,13200,34.35470832682904,3.62850802975093,17.49383706488766,34.35470832682904,2.552092038437865,946.7998429422585,1.0053648148148158,-1.0053648148148158,False
B2,S3c,30,13200,20.8732282753015,2.204608337326739,10.18655240671789,20.8732282753015,2.552092038437865,946.7998429422585,0.0,0.0,False
B4,S3c,30,13200,23.11252036111903,2.441120003705849,11.209920764345839,23.11252036111903,2.552092038437865,946.7998429422585,0.44632381847608144,-0.43308851407259186,False
S0,S3c,30,13200,562.940309562936,59.45716127429348,320.89288228901023,562.940309562936,2.552092038437865,946.7998429422585,18.91171400374074,-18.91171400374074,False
S1,S3c,30,13200,228.64657207444603,24.149409590511546,124.69845436394534,228.64657207444603,2.552092038437865,946.7998429422585,7.7156701410696105,-7.7156701410696105,False
S2,S3c,30,13200,482.4384738669317,50.954642363238506,261.6475226188608,482.4384738669317,2.552092038437865,946.7998429422585,16.219421674394855,-16.219421674394855,False
B3,S3c,30,13200,27.66572106432705,2.922024255765986,14.404208199163426,27.66572106432705,0.0,946.7998429422585,1.0053648148148158,-1.0053648148148158,False
B1,S3c,30,13800,107.59378957070717,12.878444306800732,43.52027818938824,107.59378957070717,0.07764630864474116,835.4564185511912,3.5362435185185186,3.51105462962963,True
B2,S3c,30,13800,3.3994769579262645,0.4069005734400217,2.170640278841605,3.3994769579262645,0.07764630864474116,835.4564185511912,0.0,0.0,True
B4,S3c,30,13800,126.39617559171268,15.128996891412111,52.429967183624484,126.39617559171268,0.07764630864474116,835.4564185511912,4.142841163289185,4.141706674864736,True
S0,S3c,30,13800,423.4391513512409,50.68357151238948,252.05994062727416,423.4391513512409,0.07764630864474116,835.4564185511912,14.272185570608587,-14.272185570608587,True
S1,S3c,30,13800,94.89624473248944,11.358611008944546,66.93045008760177,94.89624473248944,0.07764630864474116,835.4564185511912,3.339644534578316,-3.289447573019065,True
S2,S3c,30,13800,331.32274542104585,39.65769345522654,189.35614997769554,331.32274542104585,0.07764630864474116,835.4564185511912,11.188999309431216,-11.188999309431216,True
B3,S3c,30,13800,107.59282627572922,12.878329005157635,43.495313443084015,107.59282627572922,0.0,835.4564185511912,3.5362435185185186,3.51105462962963,True
B1,S3c,30,14400,33.27324458936919,5.189859418887118,19.627563506582135,35.011625104782055,0.7423621925207874,641.1203445758094,1.6013314814814812,-1.1480592592592591,True
B2,S3c,30,14400,1.627584953941915,0.2538657473143813,1.3336256520581815,2.2895840595754744,0.7423621925207874,641.1203445758094,0.0,0.0,True
B4,S3c,30,14400,68.1642283579664,10.63204887111585,39.34222791794181,68.1642283579664,0.7423621925207874,641.1203445758094,2.331865743830112,-2.331456294968957,True
S0,S3c,30,14400,324.5663158150475,50.62486607405875,214.51405488791258,324.5663158150475,0.7423621925207874,641.1203445758094,10.977038633027743,-10.977038633027743,True
S1,S3c,30,14400,109.1323618264458,17.022133636806064,76.1978815776939,109.1323618264458,0.7423621925207874,641.1203445758094,3.751852812529512,-3.7009753167907458,True
S2,S3c,30,14400,317.45549683672044,49.51574217267455,193.69547814084322,317.45549683672044,0.7423621925207874,641.1203445758094,10.76029493215875,-10.76029493215875,True
B3,S3c,30,14400,32.76084029076421,5.109936155970853,19.360206665828134,34.53344343186745,0.0,641.1203445758094,1.6013314814814812,-1.1480592592592591,True
B1,S3c,30,15000,98.01571095367852,20.720732564552794,69.32942717848685,98.01571095367852,0.664457309408074,473.03207378563036,3.420940740740741,3.420940740740741,True
B2,S3c,30,15000,4.439438505773139,0.9385068691526005,2.4736805139767983,4.439438505773139,0.664457309408074,473.03207378563036,0.0,0.0,True
B4,S3c,30,15000,27.64176467392096,5.843528632785207,14.244491697057697,27.64176467392096,0.664457309408074,473.03207378563036,1.7123580274353871,-0.6744999459226488,True
S0,S3c,30,15000,147.47852025424868,31.17727706580068,83.78481620388204,147.47852025424868,0.664457309408074,473.03207378563036,5.241496979610887,-5.241496979610887,True
S1,S3c,30,15000,63.21365508333241,13.36350293912199,32.353000923364974,63.21365508333241,0.664457309408074,473.03207378563036,2.443002836806607,-2.144489421368462,True
S2,S3c,30,15000,138.5462902058738,29.28898438050957,70.21405548880168,138.5462902058738,0.664457309408074,473.03207378563036,5.043273245235644,-4.77166677131685,True
B3,S3c,30,15000,96.8843341027542,20.48155705962984,68.93222146805857,96.8843341027542,0.0,473.03207378563036,3.420940740740741,3.420940740740741,True
B1,S3c,30,15600,118.39756175003713,36.913626746776664,74.09549823630834,118.57885814905154,0.17280053862643144,320.7421545496765,6.338581481481483,6.267222222222224,True
B2,S3c,30,15600,4.671685309935448,1.4565236417066898,2.9852964842804677,4.70345807677146,0.17280053862643144,320.7421545496765,0.0,0.0,True
B4,S3c,30,15600,133.02401143292826,41.473816131120834,80.93299480348995,133.02401143292826,0.17280053862643144,320.7421545496765,6.911465456019426,6.89941670445246,True
S0,S3c,30,15600,51.54194661722354,16.069589196839022,37.96742604832626,52.569377303915104,0.17280053862643144,320.7421545496765,2.6750638233318327,-2.4095247139199643,True
S1,S3c,30,15600,38.88962515731467,12.124887423019242,14.350183581371052,38.88962515731467,0.17280053862643144,320.7421545496765,2.4717749456468936,0.7153197315154021,True
S2,S3c,30,15600,38.510498139858946,12.006684370480665,22.81065390731835,38.76395922730368,0.17280053862643144,320.7421545496765,2.3667942540174356,-1.5930015482886355,True
B3,S3c,30,15600,119.04966927271039,37.116938819550136,74.22578747745813,119.04966927271039,0.0,320.7421545496765,6.338581481481483,6.267222222222224,True
B1,S3c,30,16200,3.8613607301009267,1.1380028001771405,3.382533235020691,4.979865570028015,1.2795258813461052,339.31030130153204,0.5096583333333332,-0.013674999999999927,False
B2,S3c,30,16200,0.5316964657006938,0.15669918174049058,0.5670366989134629,1.1190734761178538,1.2795258813461052,339.31030130153204,0.0,0.0,False
B4,S3c,30,16200,14.732913141714205,4.342017641433654,7.209827621468575,14.732913141714205,1.2795258813461052,339.31030130153204,0.6509398160153597,0.5369647299214462,False
S0,S3c,30,16200,26.914138642409057,7.932013422277886,13.089676325931821,26.914138642409057,1.2795258813461052,339.31030130153204,1.4152419872506017,-0.9198595528165365,False
S1,S3c,30,16200,33.247751953331665,9.798627340755466,19.181554149565002,33.247751953331665,1.2795258813461052,339.31030130153204,1.3965979270778612,-1.165066385620292,False
S2,S3c,30,16200,21.36694427159452,6.297169343115975,10.030901475991735,21.36694427159452,1.2795258813461052,339.31030130153204,0.8245832215276354,-0.7274337179072442,False
B3,S3c,30,16200,3.0619138483683246,0.902393424727568,2.9029522423157785,4.078223690060971,0.0,339.31030130153204,0.5096583333333332,-0.013674999999999927,False
B1,S3c,30,16800,13.475956075958749,4.490539246756938,18.290184957191034,28.378404892041736,0.891960538190763,300.0966105727963,2.0694222222222227,-0.10992777777777842,True
B2,S3c,30,16800,3.9998407956681588,1.332851040214562,2.6921550495210145,4.2586601275010185,0.891960538190763,300.0966105727963,0.0,0.0,True
B4,S3c,30,16800,72.40092649876509,24.125872784958478,36.3111446808396,72.40092649876509,0.891960538190763,300.0966105727963,3.7886086543647957,3.480493999057957,True
S0,S3c,30,16800,22.371356837326754,7.454718263770591,13.46990005906759,22.371356837326754,0.891960538190763,300.0966105727963,2.248389890238703,-0.8427874157826437,True
S1,S3c,30,16800,25.277246561674154,8.42303633933996,19.898765525779083,30.539065332124917,0.891960538190763,300.0966105727963,2.5249876388859263,-1.4343085523006969,True
S2,S3c,30,16800,21.949113213250936,7.314015700262833,13.66265522281481,22.864170311005548,0.891960538190763,300.0966105727963,2.5617556296092956,-0.6768673129849749,True
B3,S3c,30,16800,15.577857822271488,5.190947606018586,18.869731156733067,28.347521179708693,0.0,300.0966105727963,2.0694222222222227,-0.10992777777777842,True
B1,S3c,30,17400,120.19278124480975,48.12236151958099,55.24260162211547,120.19278124480975,2.729323570184515,249.76492725923956,4.51645462962963,-4.450500925925927,True
B2,S3c,30,17400,9.366791361958414,3.7502428642578396,4.806091564886291,9.366791361958414,2.729323570184515,249.76492725923956,0.0,0.0,True
B4,S3c,30,17400,148.16803216446783,59.3229937407021,69.81094691943962,148.16803216446783,2.729323570184515,249.76492725923956,5.496355470714951,-5.488520701877779,True
S0,S3c,30,17400,28.219932447063822,11.298596947430248,16.145311909403183,28.383003757175402,2.729323570184515,249.76492725923956,1.6555858404740933,-1.0493118083718824,True
S1,S3c,30,17400,46.647145018844874,18.676419275804967,24.01289063733802,46.647145018844874,2.729323570184515,249.76492725923956,2.1153334691090673,-1.7280014562804673,True
S2,S3c,30,17400,45.162399162215685,18.081961970321032,26.200714456335696,45.162399162215685,2.729323570184515,249.76492725923956,2.28507453181486,-1.7456924235522164,True
B3,S3c,30,17400,121.02524037929037,48.45565856957736,55.70805674421104,121.02524037929037,0.0,249.76492725923956,4.51645462962963,-4.450500925925927,True
B1,S3c,30,18000,116.28447225642151,58.170115602184424,58.89621523676728,116.28447225642151,0.13938211837499406,199.9041450281298,4.207675925925926,4.207675925925926,True
B2,S3c,30,18000,4.936516686453475,2.469441884638673,2.926015063677497,4.936516686453475,0.13938211837499406,199.9041450281298,0.0,0.0,True
B4,S3c,30,18000,32.99083757325608,16.503328417033938,29.305344321371578,46.21750907755038,0.13938211837499406,199.9041450281298,2.120284623788627,-1.1997769874661315,True
S0,S3c,30,18000,3.6190162014252722,1.8103757683043629,4.790912282136763,8.046505693949006,0.13938211837499406,199.9041450281298,1.5701639184344527,-0.21768357880557762,True
S1,S3c,30,18000,17.0452251916031,8.526699228374959,10.235487928231125,17.108110055562733,0.13938211837499406,199.9041450281298,1.909911721953018,0.5300680881426414,True
S2,S3c,30,18000,13.932480705489926,6.9695806975535195,13.116188394307283,18.996517563181126,0.13938211837499406,199.9041450281298,1.3710384386929313,-0.5371453850626942,True
B3,S3c,30,18000,116.19013669078345,58.12292520219307,58.678280315173346,116.19013669078345,0.0,199.9041450281298,4.207675925925926,4.207675925925926,True
B1,S3c,30,18600,6.113302800961352,2.4466158865404943,9.329008078845197,15.638403777117125,1.1801571027234308,249.86769825996424,1.586887962962963,-0.24378981481481518,True
B2,S3c,30,18600,3.9351586462799664,1.5748969049155754,2.3649625998432815,4.1509475463992676,1.1801571027234308,249.86769825996424,0.0,0.0,True
B4,S3c,30,18600,13.980661048480634,5.595225451644833,13.379230202510954,21.996211620242867,1.1801571027234308,249.86769825996424,1.5865762333447693,-0.010660929506278194,True
S0,S3c,30,18600,39.87044076873706,15.956620662209628,26.473010902931005,39.87044076873706,1.1801571027234308,249.86769825996424,2.8352356221688795,-1.621773050813881,True
S1,S3c,30,18600,75.80527351416751,30.338164573517275,44.310278709839345,75.80527351416751,1.1801571027234308,249.86769825996424,3.366687246353113,-3.0542614262805734,True
S2,S3c,30,18600,62.182455331418595,24.88615205744742,31.687978291535796,62.182455331418595,1.1801571027234308,249.86769825996424,3.5169108756162117,-2.50419527739182,True
B3,S3c,30,18600,10.107642609358104,4.045197790569166,11.178884188089935,17.213769842416074,0.0,249.86769825996424,1.586887962962963,-0.24378981481481518,True
B1,S3c,30,19200,49.76259473302067,24.439791786050712,30.173837335708548,49.76259473302067,2.157370786354819,203.61300607079326,2.569898148148148,1.6400185185185185,True
B2,S3c,30,19200,4.6673769437504715,2.292278393123715,3.2862617870551336,5.11670639789651,2.157370786354819,203.61300607079326,0.0,0.0,True
B4,S3c,30,19200,124.75443359499452,61.27036577988502,74.16646634361135,124.75443359499452,2.157370786354819,203.61300607079326,4.501547540292495,4.2713081312528125,True
S0,S3c,30,19200,11.315794161863993,5.557500662766925,8.582681122633897,13.216826379066669,2.157370786354819,203.61300607079326,2.040797047596072,-0.5818916896199944,True
S1,S3c,30,19200,15.499751609579441,7.612358320661699,12.521855202442243,17.916055066980277,2.157370786354819,203.61300607079326,1.7850173963051006,-0.717283459879553,True
S2,S3c,30,19200,34.160348317502454,16.77709542072445,19.89964558913032,34.160348317502454,2.157370786354819,203.61300607079326,2.546822516147163,-1.351763576622059,True
B3,S3c,30,19200,49.71675609572628,24.41727915869996,30.2998023631614,49.71675609572628,0.0,203.61300607079326,2.569898148148148,1.6400185185185185,True
B1,S3c,30,19800,130.2543927992975,96.25910751029467,66.54997530878475,130.2543927992975,2.0798042560068275,135.31643515951686,6.1265574074074065,6.1265574074074065,True
B2,S3c,30,19800,3.2029566383091024,2.36701228090536,2.556980559040353,3.7391965949847066,2.0798042560068275,135.31643515951686,0.0,0.0,True
B4,S3c,30,19800,16.833933352868524,12.440420362111931,8.302841222948528,16.833933352868524,2.0798042560068275,135.31643515951686,2.3541687804213893,0.5983114754267659,True
S0,S3c,30,19800,13.305507936004773,9.832883877202105,13.085336202441761,22.7443908272839,2.0798042560068275,135.31643515951686,1.8855674170844918,-0.7331929170392625,True
S1,S3c,30,19800,22.493700965500945,16.62303691268869,20.070330780884913,27.971525660292702,2.0798042560068275,135.31643515951686,1.9086638264386397,-1.2215631810426757,True
S2,S3c,30,19800,22.49419352987648,16.623400921964397,14.340337931093401,23.783607147071272,2.0798042560068275,135.31643515951686,1.2803352374990675,-0.7613090119292439,True
B3,S3c,30,19800,130.12013275809693,96.15988819444269,66.1253336432867,130.12013275809693,0.0,135.31643515951686,6.1265574074074065,6.1265574074074065,True
B1,S3c,30,21000,390.82668421491024,6753.468769662884,224.70088491842216,390.82668421491024,14.32614933688551,5.7870510332487894,13.041999074074074,13.041999074074074,True
B2,S3c,30,21000,1.6956562325654816,29.300868833250256,1.0922858325595515,1.6956562325654816,14.32614933688551,5.7870510332487894,0.0,0.0,True
B4,S3c,30,21000,115.86560346228818,2002.1527855309487,64.79640446385355,115.86560346228818,14.32614933688551,5.7870510332487894,3.846402337136313,3.846402337136313,True
S0,S3c,30,21000,1.4545826921851477,25.135128130511067,0.9517473103195011,1.4545826921851477,14.32614933688551,5.7870510332487894,0.0679350882795835,-0.02954628588267717,True
S1,S3c,30,21000,1.7819765006465673,30.792479458163417,1.3643281393038422,1.7819765006465673,14.32614933688551,5.7870510332487894,0.06562853875610399,0.004957794167510765,True
S2,S3c,30,21000,3.7415941332017724,64.65459025166538,3.4967148120642326,3.7447247006683337,14.32614933688551,5.7870510332487894,0.12789129186431314,0.08562294874202384,True
B3,S3c,30,21000,389.9310376868261,6737.992035088775,224.03994192272313,389.9310376868261,0.0,5.7870510332487894,13.041999074074074,13.041999074074074,True
B1,S3c,30,21600,30.207406461620515,6.765014004725457,17.746863178516282,30.533158187081234,1.268368871291004,446.5239309263842,1.0230277777777779,0.954375925925926,True
B2,S3c,30,21600,5.652110048839868,1.2658022688982595,2.598722987122727,5.652110048839868,1.268368871291004,446.5239309263842,0.0,0.0,True
B4,S3c,30,21600,34.687369056810596,7.768311316449756,19.496111611372115,34.687369056810596,1.268368871291004,446.5239309263842,1.1535454315898368,1.104560544610556,True
S0,S3c,30,21600,205.55983970183453,46.0355706524773,112.94860986756771,205.55983970183453,1.268368871291004,446.5239309263842,6.921634919662065,-6.921634919662065,True
S1,S3c,30,21600,61.796546246050475,13.839470175281269,33.87935635958227,61.796546246050475,1.268368871291004,446.5239309263842,2.5330606143768057,-2.1016005340290014,True
S2,S3c,30,21600,213.12663311818494,47.73017040229405,122.43523558213151,213.12663311818494,1.268368871291004,446.5239309263842,7.18004289890443,-7.18004289890443,True
B3,S3c,30,21600,29.474506368810736,6.600879443944075,17.418195520994832,30.01329019748029,0.0,446.5239309263842,1.0230277777777779,0.954375925925926,True
B1,S3c,30,22800,67.34245668502454,17.457252907366634,38.36193800095377,67.34245668502454,1.770155908927588,385.75632169828555,2.4236490740740737,2.4236490740740737,True
B2,S3c,30,22800,6.866518200789395,1.7800144325722693,4.507859249419254,6.866518200789395,1.770155908927588,385.75632169828555,0.0,0.0,True
B4,S3c,30,22800,72.42620109477777,18.775117093589724,34.830829885374335,72.42620109477777,1.770155908927588,385.75632169828555,2.672955541468745,2.662190118310543,True
S0,S3c,30,22800,126.15886294217924,32.704289170626424,77.26587756920608,126.15886294217924,1.770155908927588,385.75632169828555,4.742800514759412,-4.742800514759412,True
S1,S3c,30,22800,76.34504518395485,19.79100299584129,47.739541951712205,76.34504518395485,1.770155908927588,385.75632169828555,2.903148752099075,-2.8936164510540787,True
S2,S3c,30,22800,105.8911619581509,27.450272620800323,60.161771848470536,105.8911619581509,1.770155908927588,385.75632169828555,4.076880728824227,-4.063923252597432,True
B3,S3c,30,22800,67.48916507297912,17.495284270613954,38.09044928741423,67.48916507297912,0.0,385.75632169828555,2.4236490740740737,2.4236490740740737,True
B1,S3c,30,23400,175.75694719316067,47.31251324803355,98.26550456033162,175.75694719316067,6.627929171297575,371.48089401161894,5.885058333333333,-5.885058333333333,True
B2,S3c,30,23400,6.920412089655065,1.8629254427923856,4.252782325578883,6.920412089655065,6.627929171297575,371.48089401161894,0.0,0.0,True
B4,S3c,30,23400,80.41698766409307,21.647677972256048,47.70323962932526,80.41698766409307,6.627929171297575,371.48089401161894,2.6712824509176025,-2.6712824509176025,True
S0,S3c,30,23400,100.01735738525811,26.92395732797225,55.56635654655759,100.01735738525811,6.627929171297575,371.48089401161894,3.33617259400513,-3.33617259400513,True
S1,S3c,30,23400,101.20265904210494,27.243032057239418,57.47936767846158,101.20265904210494,6.627929171297575,371.48089401161894,3.3710751138101855,-3.3710751138101855,True
S2,S3c,30,23400,103.3708821355672,27.826702207821768,58.9578050945513,103.3708821355672,6.627929171297575,371.48089401161894,3.4522734443352405,-3.4522734443352405,True
B3,S3c,30,23400,175.67227764916709,47.2897208123098,98.21824447341835,175.67227764916709,0.0,371.48089401161894,5.885058333333333,-5.885058333333333,True
B1,S3c,30,24000,9.560385874433367,2.7724833164593057,16.162415156995404,26.644007560351117,1.8682226877351333,344.83114173046795,1.507785185185185,-0.3320685185185179,True
B2,S3c,30,24000,3.878424225370107,1.1247314282309278,2.373357645924104,4.539731820195776,1.8682226877351333,344.83114173046795,0.0,0.0,True
B4,S3c,30,24000,48.559533049436645,14.082119383345159,16.056926706735002,48.559533049436645,1.8682226877351333,344.83114173046795,1.5872264120877833,1.5822020828045718,True
S0,S3c,30,24000,70.05338078144409,20.315270955487037,42.87710096962081,70.05338078144409,1.8682226877351333,344.83114173046795,2.773492693898614,-2.4021698676029914,True
S1,S3c,30,24000,94.88252254580861,27.51564782393468,58.07661174039319,94.88252254580861,1.8682226877351333,344.83114173046795,3.4448852660801403,-3.2312225442653775,True
S2,S3c,30,24000,58.40514218244446,16.937316591926596,39.3603728265068,61.98852372912079,1.8682226877351333,344.83114173046795,2.3147274257618657,-2.005161520338526,True
B3,S3c,30,24000,9.480114939199614,2.749204985264818,16.105046285391232,26.54554083568424,0.0,344.83114173046795,1.507785185185185,-0.3320685185185179,True
B1,S3c,30,24600,17.34378237125064,10.121069088922596,43.09897888676178,58.908674075799595,14.763960817633164,171.36314571978596,3.351927777777778,0.561427777777778,True
B2,S3c,30,24600,37.328447690058624,21.78324139257943,15.070110174977984,37.328447690058624,14.763960817633164,171.36314571978596,0.0,0.0,True
B4,S3c,30,24600,51.496966348218514,30.051366139383703,24.539744729583237,51.496966348218514,14.763960817633164,171.36314571978596,4.231617413909868,-1.8296804895620074,True
S0,S3c,30,24600,76.56787669341504,44.68164748715532,30.414266964946016,76.56787669341504,14.763960817633164,171.36314571978596,2.610769320186569,-2.495249271943632,True
S1,S3c,30,24600,61.36689367117591,35.811021916884876,23.75327744981758,61.36689367117591,14.763960817633164,171.36314571978596,2.2296327126530526,-1.9151685672364063,True
S2,S3c,30,24600,88.41151558707693,51.5930745877226,36.25377763604491,88.41151558707693,14.763960817633164,171.36314571978596,3.0921688296865555,-2.9218743323186804,True
B3,S3c,30,24600,18.830956341242825,10.988918452766569,30.836194029616312,42.481213886968504,0.0,171.36314571978596,3.351927777777778,0.561427777777778,True
B1,S3c,30,25200,193.7964992829297,90.03523094386092,116.6298734767745,193.7964992829297,10.442112723718799,215.24518485854315,6.946670370370371,-6.946670370370371,True
B2,S3c,30,25200,38.289254160260626,17.788669319327127,22.834317220015937,38.520551831619144,10.442112723718799,215.24518485854315,0.0,0.0,True
B4,S3c,30,25200,170.11963392295738,79.03527971357788,102.16485181852917,170.11963392295738,10.442112723718799,215.24518485854315,6.065684503318727,-6.0655377927995175,True
S0,S3c,30,25200,53.66010891532131,24.92976042673668,44.60923686107723,59.91320132744518,10.442112723718799,215.24518485854315,2.3622980861399334,-1.855398696735513,True
S1,S3c,30,25200,53.34789009801268,24.784707789432012,48.849442354512874,66.57392450873691,10.442112723718799,215.24518485854315,2.781239525037165,-1.8154439210284772,True
S2,S3c,30,25200,70.06964648352812,32.553409512773605,57.24235553418779,76.34480413522009,10.442112723718799,215.24518485854315,2.713983255290085,-2.404953111469815,True
B3,S3c,30,25200,193.7964992829297,90.03523094386092,116.6298734767745,193.7964992829297,0.0,215.24518485854315,6.946670370370371,-6.946670370370371,True
B1,S3c,30,25800,111.87215182208872,43.749824070183706,63.31858037371895,111.97192945872956,13.172585070758398,255.70880386312598,3.1891953703703706,-2.9670268518518523,True
B2,S3c,30,25800,58.79181056756781,22.991703718983988,34.08759631315689,58.79181056756781,13.172585070758398,255.70880386312598,0.0,0.0,True
B4,S3c,30,25800,107.9316988930021,42.20883178929382,59.688281866386575,108.0904689230871,13.172585070758398,255.70880386312598,3.1227036061341633,-2.8084387983673667,True
S0,S3c,30,25800,60.550553747888046,23.67949512614322,35.7664386842584,60.550553747888046,13.172585070758398,255.70880386312598,1.7464290758992433,-0.12551564563767925,True
S1,S3c,30,25800,97.62460540793472,38.178038430069286,56.49037187291111,97.64875395025622,13.172585070758398,255.70880386312598,2.7688272243792103,-2.3728496657027702,True
S2,S3c,30,25800,62.732245272160185,24.532688872823893,37.1642185542226,62.76659094306624,13.172585070758398,255.70880386312598,1.552802580159927,-0.4506079682240174,True
B3,S3c,30,25800,104.37655378821987,40.81852177607847,59.059858593336045,104.86438786508154,0.0,255.70880386312598,3.1891953703703706,-2.9670268518518523,True
B1,S3c,30,26400,42.05771006673295,20.19006856792378,16.830925774593737,42.05771006673295,1.55820723725087,208.30890160299194,1.4268805555555555,1.3476435185185185,True
B2,S3c,30,26400,28.770248020644978,13.811338737447286,15.03572579441352,28.770248020644978,1.55820723725087,208.30890160299194,0.0,0.0,True
B4,S3c,30,26400,82.49003081325687,39.59985875710271,54.173071866648655,82.49003081325687,1.55820723725087,208.30890160299194,2.797564741320222,-2.764742778425607,True
S0,S3c,30,26400,33.449685863395,16.05773234172464,25.940401427351386,36.70262132164011,1.55820723725087,208.30890160299194,2.3973521408392497,-0.5849428190108952,True
S1,S3c,30,26400,43.15367469102713,20.716193287443897,30.11233672467743,43.880473452945566,1.55820723725087,208.30890160299194,2.1511973557180926,-1.1393468178661432,True
S2,S3c,30,26400,79.73582994774135,38.27768728755858,50.71104286299321,81.82081706501972,1.55820723725087,208.30890160299194,3.001271927049393,-2.6194261212102417,True
B3,S3c,30,26400,34.435625040074754,16.531038652253233,13.26417207217908,34.435625040074754,0.0,208.30890160299194,1.4268805555555555,1.3476435185185185,True
B1,S3c,30,27000,34.45079268726918,17.181470289836167,13.836769631191398,34.45079268726918,9.20360062022223,200.51131891575548,1.2933740740740742,1.133031481481482,True
B2,S3c,30,27000,12.492433453676924,6.23028840527731,4.141898916051114,14.356606678265761,9.20360062022223,200.51131891575548,0.0,0.0,True
B4,S3c,30,27000,73.2521406416945,36.53267109198522,30.99816370221056,73.2521406416945,9.20360062022223,200.51131891575548,2.490812791112921,2.490812791112921,True
S0,S3c,30,27000,48.586789416552996,24.23144472804882,23.436527616909377,48.586789416552996,9.20360062022223,200.51131891575548,2.189681213697717,1.6397014164715094,True
S1,S3c,30,27000,18.434056652695006,9.193524212186768,9.127186060014665,20.208596267508696,9.20360062022223,200.51131891575548,1.6868914048518548,0.5287425195966292,True
S2,S3c,30,27000,50.14838249043805,25.010250175207226,21.990289638186802,50.14838249043805,9.20360062022223,200.51131891575548,1.8573246964001018,1.6846647519901816,True
B3,S3c,30,27000,26.474706811678654,13.203597160917363,10.230301218522431,26.474706811678654,0.0,200.51131891575548,1.2933740740740742,1.133031481481482,True
B1,S3c,30,27600,83.99541050346438,31.875028132022987,51.63334319919151,83.99541050346438,10.514962341652739,263.5147807731002,2.576080555555555,-2.5009546296296294,True
B2,S3c,30,27600,21.857988699850623,8.2947865906131,15.089149499930485,21.857988699850623,10.514962341652739,263.5147807731002,0.0,0.0,True
B4,S3c,30,27600,78.65935798350834,29.85007434980966,53.118888751831285,78.65935798350834,10.514962341652739,263.5147807731002,2.464862488452791,-2.3232556556788393,True
S0,S3c,30,27600,80.04398638753108,30.375520550573242,53.90106275487521,82.0266359491216,10.514962341652739,263.5147807731002,2.7158381284307263,-2.352425370006959,True
S1,S3c,30,27600,88.08842318127913,33.4282664990727,56.273108026533045,88.12724587722455,10.514962341652739,263.5147807731002,2.807570326000057,-2.647177143268465,True
S2,S3c,30,27600,135.6259047039524,51.46804452716194,81.96945649111919,135.6259047039524,10.514962341652739,263.5147807731002,4.470356523302172,-4.426303388312698,True
B3,S3c,30,27600,84.07232310028607,31.904215336094058,51.04528478547473,84.07232310028607,0.0,263.5147807731002,2.576080555555555,-2.5009546296296294,True
B1,S3c,30,28200,40.16620424776317,16.053590308731188,22.535574874010944,40.16620424776317,9.349770770633105,250.20075556505054,1.4483999999999995,-1.4280888888888883,True
B2,S3c,30,28200,10.546427599414926,4.215186151455455,4.274218785116469,10.546427599414926,9.349770770633105,250.20075556505054,0.0,0.0,True
B4,S3c,30,28200,46.57736432442561,18.615996670048343,24.769863061348957,46.57736432442561,9.349770770633105,250.20075556505054,1.4995956317702002,1.484670315666316,True
S0,S3c,30,28200,82.34629132027769,32.91208738930774,45.99571161044022,82.34629132027769,9.349770770633105,250.20075556505054,3.162941234521625,-2.9312922724844257,True
S1,S3c,30,28200,143.06816768683854,57.1813491784767,83.43781243551975,143.06816768683854,9.349770770633105,250.20075556505054,4.989696615068889,-4.989696615068889,True
S2,S3c,30,28200,106.91137767948051,42.73023773970349,60.14337213576484,106.91137767948051,9.349770770633105,250.20075556505054,3.79242005073975,-3.79242005073975,True
B3,S3c,30,28200,39.43870573387213,15.76282439467627,22.366594001005954,39.43870573387213,0.0,250.20075556505054,1.4483999999999995,-1.4280888888888883,True
B1,S3c,30,28800,53.47829867595549,26.68963671220608,38.29271995085061,53.47829867595549,2.878263010533656,200.3710251009076,3.1080277777777776,-0.3730518518518517,True
B2,S3c,30,28800,4.800430512099742,2.3957708005347715,3.3031381507640543,4.800430512099742,2.878263010533656,200.3710251009076,0.0,0.0,True
B4,S3c,30,28800,45.903249988028556,22.909125690658872,31.450815300154627,45.903249988028556,2.878263010533656,200.3710251009076,2.8428951475805895,-0.5538140017195078,True
S0,S3c,30,28800,46.44094046348727,23.17747311024608,27.879151219051376,46.44094046348727,2.878263010533656,200.3710251009076,2.523051999377563,-1.0003812123416378,True
S1,S3c,30,28800,64.30264379919804,32.091787605925056,36.02911287649735,64.30264379919804,2.878263010533656,200.3710251009076,2.7238690630398654,-1.7926512589940058,True
S2,S3c,30,28800,56.54419667538388,28.219747164994548,32.14613680297165,56.54419667538388,2.878263010533656,200.3710251009076,2.4004310675845355,-1.537209736654885,True
B3,S3c,30,28800,47.757165025394045,23.8343667710156,35.990120044450755,48.24712578439575,0.0,200.3710251009076,3.1080277777777776,-0.3730518518518517,True
B1,S3c,30,29400,16.099055189642623,2.9487908119864064,8.358294925899552,16.099055189642623,2.661144963078122,545.9544679874307,0.6595249999999997,-0.34344907407407227,True
B2,S3c,30,29400,13.662696571042222,2.5025340705439145,6.958207940232638,13.662696571042222,2.661144963078122,545.9544679874307,0.0,0.0,True
B4,S3c,30,29400,17.285250932874373,3.166060898190566,7.344346394061842,17.285250932874373,2.661144963078122,545.9544679874307,0.5640285515450449,0.20043759820889062,True
S0,S3c,30,29400,185.73473984896972,34.02018863105006,123.17291909872323,185.73473984896972,2.661144963078122,545.9544679874307,6.3798328040296175,-6.3798328040296175,True
S1,S3c,30,29400,110.4530659225232,20.231186371583302,73.4990407838187,110.4530659225232,2.661144963078122,545.9544679874307,3.7387087450512038,-3.738495401204567,True
S2,S3c,30,29400,182.11500495342938,33.35717823223715,114.46079675305461,182.11500495342938,2.661144963078122,545.9544679874307,6.258353338218936,-6.258353338218936,True
B3,S3c,30,29400,9.051969408170292,1.6580081195303435,6.183288237005512,10.645704893272724,0.0,545.9544679874307,0.6595249999999997,-0.34344907407407227,True
B1,S3c,30,30000,28.044444910004064,4.93476952103869,16.88253015107149,37.37171587189158,0.057251677368128945,568.3030340209517,1.2895546296296296,0.8398953703703701,True
B2,S3c,30,30000,6.501001137737139,1.1439321538968705,11.106674795702133,36.04667922146898,0.057251677368128945,568.3030340209517,0.0,0.0,True
B4,S3c,30,30000,124.1125556352303,21.839150630094053,60.25791442503546,124.1125556352303,0.057251677368128945,568.3030340209517,4.32920816711632,4.329202704539553,True
S0,S3c,30,30000,194.3983415395158,34.20681043422845,116.7924261287325,194.3983415395158,0.057251677368128945,568.3030340209517,7.5307671167501695,-7.5307671167501695,True
S1,S3c,30,30000,125.10081937330979,22.01304794876349,70.6861894090818,125.10081937330979,0.057251677368128945,568.3030340209517,4.902633995163847,-4.902633995163847,True
S2,S3c,30,30000,167.62543559667165,29.495784038079197,96.27606227421539,167.62543559667165,0.057251677368128945,568.3030340209517,6.393164700020258,-6.393164700020258,True
B3,S3c,30,30000,42.521215790349416,7.482137740757122,28.567791018594143,42.556656358851335,0.0,568.3030340209517,1.2895546296296296,0.8398953703703701,True
B1,S3c,30,30600,47.73465208033625,8.682380495283674,23.035832818540957,47.73465208033625,1.7885476066418575,549.7876084360277,1.5804851851851853,-1.5513555555555556,True
B2,S3c,30,30600,8.284872480567586,1.5069223739209827,3.6110783062338823,8.284872480567586,1.7885476066418575,549.7876084360277,0.0,0.0,True
B4,S3c,30,30600,14.23291241409566,2.588801965650664,7.203339743385273,14.23291241409566,1.7885476066418575,549.7876084360277,0.5545625620883998,-0.33246852821604306,True
S0,S3c,30,30600,224.11058602284072,40.76312062768469,119.22537114734726,224.11058602284072,1.7885476066418575,549.7876084360277,7.6668030391984425,-7.6668030391984425,True
S1,S3c,30,30600,177.59314388273637,32.302136526491175,94.28386491969427,177.59314388273637,1.7885476066418575,549.7876084360277,6.036916616297009,-6.036916616297009,True
S2,S3c,30,30600,197.5528634690453,35.93257840623598,99.43848002405964,197.5528634690453,1.7885476066418575,549.7876084360277,6.766038908807053,-6.766038908807053,True
B3,S3c,30,30600,47.10406293411259,8.56768363115873,22.853483411068062,47.10406293411259,0.0,549.7876084360277,1.5804851851851853,-1.5513555555555556,True
B1,S3c,30,31200,210.63602020330936,170.32628494610043,153.17957127572458,227.17400119316662,41.07458893646211,123.66618591485448,8.131494444444446,8.131494444444446,True
B2,S3c,30,31200,16.934495274858612,13.693715181382077,2.8454380951959766,16.934495274858612,41.07458893646211,123.66618591485448,0.0,0.0,True
B4,S3c,30,31200,85.85091988050105,69.42149888863747,41.02799681198023,85.85091988050105,41.07458893646211,123.66618591485448,3.999224132380432,-3.405941620949615,True
S0,S3c,30,31200,40.090866797966065,32.418616698964954,16.83503781875149,40.090866797966065,41.07458893646211,123.66618591485448,1.6325762044374366,-1.2819916593634855,True
S1,S3c,30,31200,7.906123902110424,6.393116957252871,5.062846236913598,10.534840437995353,41.07458893646211,123.66618591485448,1.7131018112660839,0.09142547489774226,True
S2,S3c,30,31200,57.747251165984714,46.69607196080611,25.969734891205174,57.747251165984714,41.07458893646211,123.66618591485448,2.365332188462599,-2.074304322699659,True
B3,S3c,30,31200,224.44107669288962,181.48944679786578,153.82315189136193,227.7852884203442,0.0,123.66618591485448,8.131494444444446,8.131494444444446,True
B1,S3c,30,31800,9.985387575291426,1.903281329485655,5.318762344687659,9.985387575291426,0.3718667485094759,524.6406519413443,0.7618388888888891,0.3883222222222233,True
B2,S3c,30,31800,4.93631120649654,0.940893769522158,2.916506291336635,4.93631120649654,0.3718667485094759,524.6406519413443,0.0,0.0,True
B4,S3c,30,31800,29.29120695274872,5.583098992493537,20.478643671053803,30.0108366257609,0.3718667485094759,524.6406519413443,0.9126195551862406,-0.8459198967417365,True
S0,S3c,30,31800,280.4420569853565,53.454122540376524,159.25751001160742,280.4420569853565,0.3718667485094759,524.6406519413443,9.603762903959314,-9.603762903959314,True
S1,S3c,30,31800,189.12167150036777,36.047849285135435,104.07302165598317,189.12167150036777,0.3718667485094759,524.6406519413443,6.404004038522811,-6.404004038522811,True
S2,S3c,30,31800,257.75130722683883,49.12911461837232,138.52358776513998,257.75130722683883,0.3718667485094759,524.6406519413443,8.791902075868013,-8.791902075868013,True
B3,S3c,30,31800,8.334477600506116,1.588606900678738,4.5815665087501944,8.334477600506116,0.0,524.6406519413443,0.7618388888888891,0.3883222222222233,True
B1,S3c,30,32400,99.65388959247319,18.869394306201777,66.39133245541521,114.23280662162546,27.617969702386567,528.1244748789848,0.7349027777777779,0.21908611111111262,True
B2,S3c,30,32400,99.64411408343307,18.86754332040106,66.8558677830103,116.68510286038558,27.617969702386567,528.1244748789848,0.0,0.0,True
B4,S3c,30,32400,85.24186483620171,16.140487496954986,62.13017540640759,107.24453130742454,27.617969702386567,528.1244748789848,1.5955096642774633,-1.052653458125627,True
S0,S3c,30,32400,242.69885117829773,45.95485775089483,156.33168237111877,251.1172751505475,27.617969702386567,528.1244748789848,8.95984527511545,-8.95984527511545,True
S1,S3c,30,32400,124.5756463759225,23.588311525321366,86.54070433423723,146.99650162363164,27.617969702386567,528.1244748789848,4.146812799347511,-4.121279884634592,True
S2,S3c,30,32400,218.90474168193987,41.44945975702035,137.26515925168127,227.61063173464072,27.617969702386567,528.1244748789848,8.17010883276373,-8.17010883276373,True
B3,S3c,30,32400,20.867426591188046,3.951232632414856,14.644668627487995,23.00059824546145,0.0,528.1244748789848,0.7349027777777779,0.21908611111111262,True
B1,S3c,30,33000,15.023179168468669,2.941278419698814,11.050341173227748,15.023179168468669,1.0609097357592976,510.77038704846706,0.6891444444444453,-0.6301074074074086,True
B2,S3c,30,33000,15.444961800693124,3.0238561577430585,8.825698575368229,15.444961800693124,1.0609097357592976,510.77038704846706,0.0,0.0,True
B4,S3c,30,33000,72.63228271604795,14.220143641404151,35.85410458145218,72.63228271604795,1.0609097357592976,510.77038704846706,2.291918722055976,2.2903456854430675,True
S0,S3c,30,33000,147.58560721207235,28.89470708450996,86.14132275100455,147.58560721207235,1.0609097357592976,510.77038704846706,5.484984484604308,-5.484984484604308,True
S1,S3c,30,33000,100.79161026606354,19.733252518513652,62.803161706468124,100.79161026606354,1.0609097357592976,510.77038704846706,3.803859015940656,-3.803859015940656,True
S2,S3c,30,33000,129.718623274038,25.396660919132138,70.99694043188096,129.718623274038,1.0609097357592976,510.77038704846706,4.761276063121656,-4.761276063121656,True
B3,S3c,30,33000,11.69319737735913,2.2893256292576654,9.766279169980157,12.259556530084996,0.0,510.77038704846706,0.6891444444444453,-0.6301074074074086,True
B1,S3c,30,33600,205.19800011363893,115.00044509350556,128.0397738037143,205.19800011363893,4.438807502004776,178.4323529763687,6.937696296296296,6.937696296296296,True
B2,S3c,30,33600,26.396284604568034,14.793440855461856,14.306114147845795,33.30510451947321,4.438807502004776,178.4323529763687,0.0,0.0,True
B4,S3c,30,33600,151.61196134789614,84.96887409649045,86.05065708622726,151.61196134789614,4.438807502004776,178.4323529763687,5.159248854176462,5.159248854176462,True
S0,S3c,30,33600,34.639912138826475,19.413470461499845,19.962950859407123,45.438204018497245,4.438807502004776,178.4323529763687,2.5584023016183326,-1.4102158501010256,True
S1,S3c,30,33600,29.616939227658637,16.598413198967936,17.87508152196298,40.98815838346958,4.438807502004776,178.4323529763687,2.37700970126596,-1.1210791217647305,True
S2,S3c,30,33600,35.56424802675627,19.931502013800348,22.749041982013896,47.86257819561282,4.438807502004776,178.4323529763687,3.1141160501686116,-1.5039267895194257,True
B3,S3c,30,33600,192.54724762934873,107.91050188911055,120.7868548812555,192.54724762934873,0.0,178.4323529763687,6.937696296296296,6.937696296296296,True
B1,S3c,30,34200,6.860724052115621,1.346337435710034,7.984286671053414,11.762133695816358,0.21205805156354168,509.584289208849,0.7482462962962958,0.19803703703703873,True
B2,S3c,30,34200,5.047654618370404,0.9905436107944184,3.365295410333111,5.0893963750755224,0.21205805156354168,509.584289208849,0.0,0.0,True
B4,S3c,30,34200,28.128364710743273,5.519864977472861,20.212321408737665,31.32829340281467,0.21205805156354168,509.584289208849,1.0706202516689303,-0.8165883631686714,True
S0,S3c,30,34200,203.74469326104963,39.98253038322115,117.63019316948377,203.74469326104963,0.21205805156354168,509.584289208849,6.914820454176773,-6.914820454176773,True
S1,S3c,30,34200,130.74280351503353,25.65675714179046,75.30692717629539,130.74280351503353,0.21205805156354168,509.584289208849,4.376487093678811,-4.376487093678811,True
S2,S3c,30,34200,187.82548456747259,36.85857051422828,105.84269691543182,187.82548456747259,0.21205805156354168,509.584289208849,6.356674358218734,-6.356674358218734,True
B3,S3c,30,34200,4.197554010540154,0.8237212369826066,7.573663331225718,11.415075932550177,0.0,509.584289208849,0.7482462962962958,0.19803703703703873,True
B1,S3c,30,34800,70.01584656406754,46.346722712134415,38.724749198250095,70.01584656406754,11.48489832111029,151.06968188224477,3.225949074074074,-0.28325462962962966,True
B2,S3c,30,34800,2.7626414117049496,1.8287199504784573,3.2922856814720753,5.644115626443414,11.48489832111029,151.06968188224477,0.0,0.0,True
B4,S3c,30,34800,55.6169363543663,36.81541899169311,21.770616651416926,55.6169363543663,11.48489832111029,151.06968188224477,2.562111954337993,0.9402848834307417,True
S0,S3c,30,34800,47.389062947152404,31.369009556855396,40.518547849693086,49.07390104733398,11.48489832111029,151.06968188224477,2.4507948517997655,-1.915865719600505,True
S1,S3c,30,34800,31.66399051391468,20.95985780826361,26.05552208960491,33.8919057562237,11.48489832111029,151.06968188224477,2.1100281862939405,-0.7888199573343657,True
S2,S3c,30,34800,63.54295358204104,42.062015879249195,51.579260775650766,64.7052841981534,11.48489832111029,151.06968188224477,3.0437826010872957,-2.606275350218882,True
B3,S3c,30,34800,72.35984070196876,47.898320695724735,40.81023133352194,72.35984070196876,0.0,151.06968188224477,3.225949074074074,-0.28325462962962966,True
B1,S3c,30,36000,39.83137036224067,22.716590966935094,16.065020974919374,40.06152449851764,68.31176251706223,175.34043915399462,2.533866666666667,1.962174074074074,True
B2,S3c,30,36000,11.938281111704946,6.808629640319324,2.8361992258477016,11.938281111704946,68.31176251706223,175.34043915399462,0.0,0.0,True
B4,S3c,30,36000,85.08072667922353,48.52316276252763,40.67846478992562,85.08072667922353,68.31176251706223,175.34043915399462,3.9673486649793674,3.7943327524746033,True
S0,S3c,30,36000,31.80865545519639,18.141083488025313,29.98966659656878,45.84073618133543,68.31176251706223,175.34043915399462,3.2067490047951854,-0.5715236252690803,True
S1,S3c,30,36000,38.69166470775367,22.066595073240517,35.37873614016299,48.132516018846765,68.31176251706223,175.34043915399462,3.157659927167844,-0.7187699709840668,True
S2,S3c,30,36000,66.49159547469716,37.921426338108006,52.36288973631079,69.23863000998571,68.31176251706223,175.34043915399462,3.3155813094856073,-1.9332934777489421,True
B3,S3c,30,36000,55.38231899095377,31.58559386423896,18.158521119291684,55.38231899095377,0.0,175.34043915399462,2.533866666666667,1.962174074074074,True
B1,S3c,30,36600,129.69359502918684,105.8589774370528,79.6650112676622,129.69359502918684,1.1441508620504957,122.5154428742776,4.966620370370371,4.966620370370371,False
B2,S3c,30,36600,3.448290192990588,2.8145759522978184,2.2669799923183733,3.454070180248901,1.1441508620504957,122.5154428742776,0.0,0.0,False
B4,S3c,30,36600,57.35319705545346,46.813034920265466,35.186899547521016,57.35319705545346,1.1441508620504957,122.5154428742776,2.157590923534474,2.1560962683057143,False
S0,S3c,30,36600,20.768702784593604,16.95190605963523,19.13406174851266,22.510071958697676,1.1441508620504957,122.5154428742776,1.4719470209349916,0.680858605337627,False
S1,S3c,30,36600,15.416616491103357,12.583406735854123,12.037951328301883,15.770902764365971,1.1441508620504957,122.5154428742776,1.0741357134224288,-0.024173669756708545,False
S2,S3c,30,36600,30.73315439008429,25.085126959563716,29.164753456772168,34.30825421953171,1.1441508620504957,122.5154428742776,1.7225629171766748,0.9433785868066451,False
B3,S3c,30,36600,130.49272973854855,106.5112500735577,79.85859304804407,130.49272973854855,0.0,122.5154428742776,4.966620370370371,4.966620370370371,False
B1,S3c,60,1200,56.101654218411745,6.656693136385248,54.033606633084574,82.22096125670858,8.585503218743257,842.7856454995965,2.2854273148148145,-0.44709490740740726,True
B2,S3c,60,1200,61.82031335263243,7.335235677392897,30.89370279094962,61.82031335263243,8.585503218743257,842.7856454995965,0.0,0.0,True
B4,S3c,60,1200,93.01229982435898,11.036293786093383,38.49908782766993,93.01229982435898,8.585503218743257,842.7856454995965,2.2160202412807743,1.239878582601766,True
S0,S3c,60,1200,276.69359173221557,32.830838210135134,174.41127417100736,276.69359173221557,8.585503218743257,842.7856454995965,4.846412345339464,-4.82668459073669,True
S1,S3c,60,1200,266.62398626495377,31.636037904620604,172.24005793763084,266.62398626495377,8.585503218743257,842.7856454995965,4.751625547545166,-4.630791581574904,True
S2,S3c,60,1200,253.61099354257377,30.09199253651683,156.76795885527875,253.61099354257377,8.585503218743257,842.7856454995965,4.41236293815095,-4.404203231754147,True
B3,S3c,60,1200,26.88159145598806,3.18961192558671,48.2062315032023,77.62018639895797,0.0,842.7856454995965,2.2854273148148145,-0.44709490740740726,True
B1,S3c,60,1800,349.60796534040935,39.790986983277875,174.2273867399456,349.60796534040935,5.6016094338234375,878.610941435888,7.37738287037037,-5.52250787037037,True
B2,S3c,60,1800,44.77385692284256,5.095982170409802,17.502473256141695,44.77385692284256,5.6016094338234375,878.610941435888,0.0,0.0,True
B4,S3c,60,1800,125.07295671977067,14.235306074764743,75.25605865238352,125.07295671977067,5.6016094338234375,878.610941435888,4.644931020027172,-0.5678225781641203,True
S0,S3c,60,1800,287.8820977587862,32.765594438001074,162.78168906856968,288.3896911200555,5.6016094338234375,878.610941435888,5.754042705880852,-4.783966364718904,True
S1,S3c,60,1800,302.65980726517586,34.44753451061602,164.9465238297211,302.65980726517586,5.6016094338234375,878.610941435888,5.72858447717995,-5.028122547860063,True
S2,S3c,60,1800,347.55855663165863,39.55773144182042,198.24346639266645,348.19438963796586,5.6016094338234375,878.610941435888,6.910208976844722,-5.885643500989072,True
B3,S3c,60,1800,343.2849925817913,39.07133139279722,171.01697140789508,343.2849925817913,0.0,878.610941435888,7.37738287037037,-5.52250787037037,True
B1,S3c,60,2400,35.30695664949383,3.297159196977576,59.471324904758426,99.47547625225357,5.122394547502228,1070.829600277076,5.8823995370370366,0.04629953703703715,True
B2,S3c,60,2400,46.33309782729321,4.326841340144554,23.039364449717855,46.33309782729321,5.122394547502228,1070.829600277076,0.0,0.0,True
B4,S3c,60,2400,569.3531823120115,53.16935413110471,334.97366911137016,569.3531823120115,5.122394547502228,1070.829600277076,9.783530097881206,-9.672172939077097,True
S0,S3c,60,2400,332.8984886468359,31.087904981399355,211.99303714300973,332.8984886468359,5.122394547502228,1070.829600277076,6.207637796758794,-5.612875226930203,True
S1,S3c,60,2400,271.9528150993146,25.396460373242117,173.94491406192475,271.9528150993146,5.122394547502228,1070.829600277076,5.259440243775284,-4.547214273877094,True
S2,S3c,60,2400,365.9238128810114,34.17199270419206,243.5291241646428,365.9238128810114,5.122394547502228,1070.829600277076,7.202775114040842,-6.1327333523600664,True
B3,S3c,60,2400,16.59086561322265,1.549346937078484,59.9207108796584,101.70968753120252,0.0,1070.829600277076,5.8823995370370366,0.04629953703703715,True
B1,S3c,60,3000,127.50513979243516,19.11115896466712,89.99523986995032,129.9310225064872,6.545941176387359,667.1763864670258,6.627543055555555,3.0132208333333335,True
B2,S3c,60,3000,28.553513829320178,4.2797548607082465,18.417714284270637,29.15703126500585,6.545941176387359,667.1763864670258,0.0,0.0,True
B4,S3c,60,3000,32.94078747388945,4.937343128752579,72.99705668113292,109.02660804330688,6.545941176387359,667.1763864670258,4.542899099073052,0.7052258055598092,True
S0,S3c,60,3000,258.96932162094566,38.815720531161936,198.06062184039885,265.2206097091848,6.545941176387359,667.1763864670258,5.448266256502385,-5.28488926342948,True
S1,S3c,60,3000,215.87768307481315,32.356913022352984,168.3151013953094,220.89760586628555,6.545941176387359,667.1763864670258,4.762756515869783,-4.368295148687356,True
S2,S3c,60,3000,261.4282757640981,39.1842818581258,192.39167751070363,267.6617009580653,6.545941176387359,667.1763864670258,5.43580160946311,-5.3347705230060685,True
B3,S3c,60,3000,126.77822339008848,19.00220480845125,83.45185733485364,128.3684454064186,0.0,667.1763864670258,6.627543055555555,3.0132208333333335,True
B1,S3c,60,3600,35.5624518731594,6.338977368700251,43.74064280742476,76.88627460792924,2.2919177913708544,561.0124441957292,4.102701851851852,-2.703485185185185,True
B2,S3c,60,3600,1.2495761937046785,0.2227359137275606,3.382609462736956,5.515715063102207,2.2919177913708544,561.0124441957292,0.0,0.0,True
B4,S3c,60,3600,39.69805616054639,7.076145381669343,42.85304766286706,71.00016648555179,2.2919177913708544,561.0124441957292,2.86068602322485,-1.4301944592167954,True
S0,S3c,60,3600,89.76828207019052,16.00112136529928,74.14588417803603,107.8980166557041,2.2919177913708544,561.0124441957292,5.202068263751893,-5.164298765457279,True
S1,S3c,60,3600,85.87709704004509,15.307520880959958,67.57501647598264,97.80882348160442,2.2919177913708544,561.0124441957292,4.82598536233791,-4.714093040874158,True
S2,S3c,60,3600,120.06269380595533,21.40107497581055,89.03933876551221,128.77922242959878,2.2919177913708544,561.0124441957292,6.151037351621588,-6.134230193323724,True
B3,S3c,60,3600,35.96366668260243,6.410493573660412,42.98596528353562,75.36277605254848,0.0,561.0124441957292,4.102701851851852,-2.703485185185185,True
B1,S3c,60,4200,76.69362660617752,12.34096885124712,36.21295390701858,80.99648047582059,4.222183175436304,621.4554750977045,1.9504166666666667,1.0382296296296294,True
B2,S3c,60,4200,8.61394653880615,1.3860923081338814,4.4902545029754215,8.61394653880615,4.222183175436304,621.4554750977045,0.0,0.0,True
B4,S3c,60,4200,92.32007990405647,14.855461670772476,44.3779116986879,92.32007990405647,4.222183175436304,621.4554750977045,2.254564782599689,1.442666933821266,True
S0,S3c,60,4200,86.18081041345572,13.867576015788817,42.63848534117234,86.18081041345572,4.222183175436304,621.4554750977045,4.9156318836780235,-4.789984253133007,True
S1,S3c,60,4200,70.6281976408405,11.364965065234387,36.76646435863705,70.6281976408405,4.222183175436304,621.4554750977045,4.427467868153625,-4.13908994582093,True
S2,S3c,60,4200,84.68969068662068,13.627636102700013,45.80317599885684,84.68969068662068,4.222183175436304,621.4554750977045,5.179776244319783,-5.0298981664155376,True
B3,S3c,60,4200,76.95353999727497,12.382792183973669,36.99244377879347,82.01125580456434,0.0,621.4554750977045,1.9504166666666667,1.0382296296296294,True
B1,S3c,60,4800,68.24144974963767,8.744504037951591,89.04363159153067,113.66122071541523,3.974144742165216,780.3924551177095,3.189602314814815,-0.6558282407407402,True
B2,S3c,60,4800,22.906088669440408,2.935201195145511,12.56659891915288,22.906088669440408,3.974144742165216,780.3924551177095,0.0,0.0,True
B4,S3c,60,4800,88.1527779751685,11.295954669611984,61.94327446984884,88.1527779751685,3.974144742165216,780.3924551177095,3.8870010868223304,1.7628624659849004,True
S0,S3c,60,4800,280.3843243701263,35.92863084867151,218.74227361402535,290.60766268735716,3.974144742165216,780.3924551177095,5.465462916109183,-5.15664251004745,True
S1,S3c,60,4800,178.88759649161094,22.922773704242008,155.2591833022486,198.77903146518346,3.974144742165216,780.3924551177095,3.9476882074987363,-3.0858652800765274,True
S2,S3c,60,4800,325.0982859035717,41.65830714682345,253.27329682044535,332.70493878569704,3.974144742165216,780.3924551177095,6.149693790376854,-5.910253144897582,True
B3,S3c,60,4800,56.46880999109225,7.235950273580599,84.43042767179425,106.04762006264187,0.0,780.3924551177095,3.189602314814815,-0.6558282407407402,True
B1,S3c,60,5400,184.12460903760967,42.983248334754165,104.74864351936733,184.12460903760967,5.4936556948986945,428.36364437523315,4.3394763888888885,4.3394763888888885,True
B2,S3c,60,5400,14.749776682100096,3.443283965802605,5.901008487339482,14.749776682100096,5.4936556948986945,428.36364437523315,0.0,0.0,True
B4,S3c,60,5400,129.02055672347777,30.119399350907518,68.70427043788249,129.02055672347777,5.4936556948986945,428.36364437523315,2.570177026305527,2.3800380155806784,True
S0,S3c,60,5400,71.28324013623391,16.640823999011463,45.4619026676663,71.28324013623391,5.4936556948986945,428.36364437523315,1.90612181559921,-1.4258406783467164,True
S1,S3c,60,5400,48.018043379605,11.209644891699234,30.7071023904807,48.018043379605,5.4936556948986945,428.36364437523315,2.0096280654774668,-0.18479299765358406,True
S2,S3c,60,5400,80.9782725479918,18.904095529885208,43.08345933768445,80.9782725479918,5.4936556948986945,428.36364437523315,1.994618588938065,-1.678336239845197,True
B3,S3c,60,5400,191.7009720250562,44.75192387174952,108.31506479426461,191.7009720250562,0.0,428.36364437523315,4.3394763888888885,4.3394763888888885,True
B1,S3c,60,6000,91.86576866068977,36.61619969370048,55.69709009543275,96.17493484936321,5.79851936639643,250.88832109601623,2.2936467592592593,1.4431282407407404,True
B2,S3c,60,6000,24.775871286238406,9.875258911217536,15.16778701805618,24.944510380708163,5.79851936639643,250.88832109601623,0.0,0.0,True
B4,S3c,60,6000,148.53829504378976,59.204946007408374,83.72540248281118,148.53829504378976,5.79851936639643,250.88832109601623,2.985412464653511,2.9590169134969893,True
S0,S3c,60,6000,10.971667985449685,4.37312822594511,9.463349329745416,19.77898514847333,5.79851936639643,250.88832109601623,1.2772989984073506,-0.1608858388023214,True
S1,S3c,60,6000,5.423670551477469,2.1617867773931985,9.572365039135892,14.81351187071518,5.79851936639643,250.88832109601623,1.1762462635814113,-0.4408487808980817,True
S2,S3c,60,6000,11.51224072414625,4.5885917183607985,10.40917633654656,20.489863667301027,5.79851936639643,250.88832109601623,1.112455342816772,-0.22455133087199178,True
B3,S3c,60,6000,18.809148560505086,7.4970203787631595,15.272708586160526,28.366754705294827,0.0,250.88832109601623,2.2936467592592593,1.4431282407407404,True
B1,S3c,60,6600,61.10308969531897,14.136443820522874,99.95239121966213,139.8443993140748,4.063914395320207,432.2380541463426,5.179800462962963,-5.179800462962963,True
B2,S3c,60,6600,9.210196193068235,2.1308156708363173,6.701730307606043,10.010738209512294,4.063914395320207,432.2380541463426,0.0,0.0,True
B4,S3c,60,6600,27.534739621967848,6.370271973472614,20.155774074341743,33.39276463743918,4.063914395320207,432.2380541463426,0.880412403515492,0.18219108841379014,True
S0,S3c,60,6600,22.027432485315277,5.096134473587432,17.290655237337756,31.022502755080726,4.063914395320207,432.2380541463426,1.5034798010447836,-0.8504209487020574,True
S1,S3c,60,6600,20.44438722328934,4.729890630214501,27.110682084109555,37.8916970357304,4.063914395320207,432.2380541463426,1.8240572750563546,-1.500469162620717,True
S2,S3c,60,6600,24.473630006392284,5.662072039151431,18.12349322357948,27.54790612079512,4.063914395320207,432.2380541463426,1.6384425554489233,-1.1219231102156098,True
B3,S3c,60,6600,62.57094720274704,14.476038516859143,100.43862761898008,140.447912348445,0.0,432.2380541463426,5.179800462962963,-5.179800462962963,True
B1,S3c,60,7200,46.98672645436303,10.954163691203846,21.258369957628943,48.41607318576619,1.9829475312450489,428.9394222955898,1.3453763888888888,0.6962754629629632,True
B2,S3c,60,7200,9.623990261110096,2.2436711947819132,5.586290306263915,9.623990261110096,1.9829475312450489,428.9394222955898,0.0,0.0,True
B4,S3c,60,7200,102.2884354850577,23.846825488231513,58.73619123479094,102.2884354850577,1.9829475312450489,428.9394222955898,2.5461253103805705,-1.6857556573191843,True
S0,S3c,60,7200,88.9105100916939,20.72798755961024,59.07272121940946,88.9105100916939,1.9829475312450489,428.9394222955898,1.9855272079336077,-1.7074538793050942,True
S1,S3c,60,7200,97.69188183397016,22.775216442252994,62.875268933170084,97.69188183397016,1.9829475312450489,428.9394222955898,2.0947434842376373,-1.8530301015422905,True
S2,S3c,60,7200,94.97185136016643,22.141087161421975,57.607953153841926,94.97185136016643,1.9829475312450489,428.9394222955898,2.0685936829719225,-1.7861373362658999,True
B3,S3c,60,7200,55.06974757784996,12.838583892133006,24.377057213867367,55.06974757784996,0.0,428.9394222955898,1.3453763888888888,0.6962754629629632,True
B1,S3c,60,7800,124.7803174665414,41.792531325855904,85.41264975119576,128.31672929021437,7.033057941107082,298.5708534705176,3.3217013888888896,3.3134189814814823,True
B2,S3c,60,7800,13.595810393676599,4.5536294771047094,7.4791986062563085,13.595810393676599,7.033057941107082,298.5708534705176,0.0,0.0,True
B4,S3c,60,7800,104.30403290597573,34.93443237796661,75.99297492015344,109.0210310783447,7.033057941107082,298.5708534705176,2.458248140891664,2.457959033227461,True
S0,S3c,60,7800,22.744582765473254,7.617817513362594,22.596627220425958,35.58241384998018,7.033057941107082,298.5708534705176,1.3548152239231606,-0.5802176820000893,True
S1,S3c,60,7800,18.31129405926089,6.1329811153415354,19.62815746389817,32.16396264974561,7.033057941107082,298.5708534705176,1.3597534987846251,-0.4698555995431711,True
S2,S3c,60,7800,53.19015626696323,17.81491918875983,41.19486523195498,59.87592111193972,7.033057941107082,298.5708534705176,1.6928196939299676,-1.2811863004757584,True
B3,S3c,60,7800,114.10415148801337,38.21677506752366,81.47103646988334,122.0253135271382,0.0,298.5708534705176,3.3217013888888896,3.3134189814814823,True
B1,S3c,60,8400,92.18828056171479,42.2028236594436,29.989019930535207,92.18828056171479,7.599560278490285,218.44102495517757,2.4435078703703708,1.3293782407407413,True
B2,S3c,60,8400,3.2153702970273974,1.4719626488143274,2.4761211615833165,3.2229340185370505,7.599560278490285,218.44102495517757,0.0,0.0,True
B4,S3c,60,8400,132.58547312351786,60.696232839377764,47.547522179282815,132.58547312351786,7.599560278490285,218.44102495517757,2.688772792870541,2.147134261155669,True
S0,S3c,60,8400,39.400082605630615,18.03694274631572,28.96745017182011,45.10757342906707,7.599560278490285,218.44102495517757,1.8439780370614782,-0.46192047033196443,True
S1,S3c,60,8400,43.88665930218321,20.090850292974235,30.850728364851086,49.23277361882166,7.599560278490285,218.44102495517757,1.486160402394362,-0.6694922919190321,True
S2,S3c,60,8400,74.32310140885284,34.024332848696055,52.89088408510504,75.74336764955798,7.599560278490285,218.44102495517757,2.00869559216236,-1.4489768131414367,True
B3,S3c,60,8400,90.38058592943955,41.37528010042296,29.100840442442994,90.38058592943955,0.0,218.44102495517757,2.4435078703703708,1.3293782407407413,True
B1,S3c,60,9600,200.224328384801,26.473307633998395,96.2621084018584,201.77603729067633,6.385338657451934,756.3253188946535,3.757748611111111,-3.542375462962963,True
B2,S3c,60,9600,39.52784276085625,5.226301668523407,17.15438314178015,39.52784276085625,6.385338657451934,756.3253188946535,0.0,0.0,True
B4,S3c,60,9600,112.10150727154593,14.82186361754739,52.98584270409566,116.83718636087593,6.385338657451934,756.3253188946535,3.1267222740839475,-1.3008099657630565,True
S0,S3c,60,9600,235.83220451499318,31.18131822687819,119.15366137599622,239.0033696293287,6.385338657451934,756.3253188946535,4.672620898052977,-4.523567245394149,True
S1,S3c,60,9600,331.46178134050575,43.825292246586045,166.79873487780682,331.46178134050575,6.385338657451934,756.3253188946535,6.662518935155886,-6.662518935155886,True
S2,S3c,60,9600,243.71465571868447,32.22352202553077,120.04010769022364,245.68663604239302,6.385338657451934,756.3253188946535,4.572348969505424,-4.473744194156228,True
B3,S3c,60,9600,191.81927030524136,25.36200567575596,92.04108493717858,194.04868328989585,0.0,756.3253188946535,3.757748611111111,-3.542375462962963,True
B1,S3c,60,10200,693.2393609394826,55.17881628237115,311.18977583957695,693.2393609394826,3.4406319122350055,1256.3505483552076,11.89041574074074,-11.522746296296297,True
B2,S3c,60,10200,54.94454321665327,4.373344946486927,22.114625967592158,54.94454321665327,3.4406319122350055,1256.3505483552076,0.0,0.0,True
B4,S3c,60,10200,977.2295453920173,77.7831908993385,463.2793995672315,977.2295453920173,3.4406319122350055,1256.3505483552076,16.47060998311914,-16.428323925731664,True
S0,S3c,60,10200,553.5204661680368,44.05780432003601,263.48303023735645,553.5204661680368,3.4406319122350055,1256.3505483552076,9.434056181737164,-9.305981603094153,True
S1,S3c,60,10200,574.6057340156842,45.736099273244086,266.6946103768199,574.6057340156842,3.4406319122350055,1256.3505483552076,9.79876285544689,-9.658272596813786,True
S2,S3c,60,10200,660.083298085206,52.53973892472731,334.1911469642543,660.083298085206,3.4406319122350055,1256.3505483552076,11.228633402510736,-11.064455335365558,True
B3,S3c,60,10200,691.5253565893422,55.042389044576396,310.2255697730059,691.5253565893422,0.0,1256.3505483552076,11.89041574074074,-11.522746296296297,True
B1,S3c,60,10800,90.8289562046103,5.129083934020394,39.04343809814263,90.8289562046103,5.289202073606256,1770.8611785850558,0.706638888888889,0.04828888888889092,True
B2,S3c,60,10800,90.47475503571681,5.10908230017259,35.23447889242355,90.47475503571681,5.289202073606256,1770.8611785850558,0.0,0.0,True
B4,S3c,60,10800,90.69124431463327,5.121307384867791,37.18528736019709,90.69124431463327,5.289202073606256,1770.8611785850558,0.9224775094386065,-0.3138312194177968,True
S0,S3c,60,10800,1072.105728518262,60.54148916262822,622.0238205583386,1072.105728518262,5.289202073606256,1770.8611785850558,17.98411211709441,-17.98411211709441,True
S1,S3c,60,10800,691.0386125887351,39.02274333784228,392.57277951568057,691.0386125887351,5.289202073606256,1770.8611785850558,11.587310088335592,-11.587310088335592,True
S2,S3c,60,10800,974.2246962591763,55.014176607428716,537.4681932594009,974.2246962591763,5.289202073606256,1770.8611785850558,16.340719288830055,-16.340719288830055,True
B3,S3c,60,10800,8.767354484778142,0.49508988004262355,16.704713880586255,25.10746759584793,0.0,1770.8611785850558,0.706638888888889,0.04828888888889092,True
B1,S3c,60,11400,104.3715543095739,5.710364881931638,52.327256260954584,104.3715543095739,5.197933059954959,1827.756307479046,0.7275282407407405,-0.3164439814814808,True
B2,S3c,60,11400,102.8060808971099,5.624714874539614,51.22219299416684,102.8060808971099,5.197933059954959,1827.756307479046,0.0,0.0,True
B4,S3c,60,11400,112.15792872941329,6.136372133991342,55.83198935713423,112.15792872941329,5.197933059954959,1827.756307479046,0.8714512299006587,-0.8574257583700774,True
S0,S3c,60,11400,1120.9747655867127,61.33064681542969,633.3409627716975,1120.9747655867127,5.197933059954959,1827.756307479046,18.775345560165604,-18.775345560165604,True
S1,S3c,60,11400,462.692732325924,25.31479335798864,254.5725541153031,462.692732325924,5.197933059954959,1827.756307479046,7.663609293790144,-7.663609293790144,True
S2,S3c,60,11400,1027.533840826768,56.218317322838615,563.25454672368,1027.533840826768,5.197933059954959,1827.756307479046,17.20142385761399,-17.20142385761399,True
B3,S3c,60,11400,16.856001067266817,0.9222236574040689,9.525259166178229,16.856001067266817,0.0,1827.756307479046,0.7275282407407405,-0.3164439814814808,True
B1,S3c,60,12000,24.532853277895853,1.316786996704954,8.382747265527994,24.532853277895853,2.2670278796115424,1863.0844122310855,0.27699675925925943,0.15717175925926025,False
B2,S3c,60,12000,21.012524767190456,1.1278353588943126,7.212387715263355,21.012524767190456,2.2670278796115424,1863.0844122310855,0.0,0.0,False
B4,S3c,60,12000,52.77913650367683,2.8328902414288692,20.75859402222167,52.77913650367683,2.2670278796115424,1863.0844122310855,0.772197086294618,0.7570943684534543,False
S0,S3c,60,12000,1088.3116910401407,58.41451326066665,636.0676122485395,1088.3116910401407,2.2670278796115424,1863.0844122310855,18.276628464800936,-18.276628464800936,False
S1,S3c,60,12000,454.6679613018607,24.40404515850066,260.9862904366036,454.6679613018607,2.2670278796115424,1863.0844122310855,7.648414125968556,-7.648414125968556,False
S2,S3c,60,12000,994.7058562492281,53.39027312552336,556.8439279305998,994.7058562492281,2.2670278796115424,1863.0844122310855,16.712377296025533,-16.712377296025533,False
B3,S3c,60,12000,13.128726444384059,0.7046769517362937,4.821248031739443,13.128726444384059,0.0,1863.0844122310855,0.27699675925925943,0.15717175925926025,False
B1,S3c,60,12600,50.6650252212968,2.8142190101832423,31.967315176037708,50.6650252212968,2.940404379602041,1800.3227551930242,0.7278791666666674,0.5796625000000017,False
B2,S3c,60,12600,37.32822532340061,2.0734185143040316,14.754882870340758,37.32822532340061,2.940404379602041,1800.3227551930242,0.0,0.0,False
B4,S3c,60,12600,38.87062586058924,2.159092071044876,15.261518831667885,38.87062586058924,2.940404379602041,1800.3227551930242,0.615151797956927,-0.3554119735283374,False
S0,S3c,60,12600,1109.46730760325,61.626022578617956,629.6667041618359,1109.46730760325,2.940404379602041,1800.3227551930242,18.635636228618306,-18.635636228618306,False
S1,S3c,60,12600,465.46011873319594,25.85425959820693,253.37688689077999,465.46011873319594,2.940404379602041,1800.3227551930242,7.819866530303766,-7.819866530303766,False
S2,S3c,60,12600,1031.3685187585702,57.287978823996504,553.4288441931309,1031.3685187585702,2.940404379602041,1800.3227551930242,17.329471253883728,-17.329471253883728,False
B3,S3c,60,12600,39.2045420520826,2.177639644835752,29.664694591208384,42.325415465349174,0.0,1800.3227551930242,0.7278791666666674,0.5796625000000017,False
B1,S3c,60,13200,70.40433560610127,3.7322061019611903,42.36433735910507,70.40433560610127,1.2293521966006267,1886.3999919271707,0.917319907407408,-0.8334217592592601,False
B2,S3c,60,13200,54.908690390311335,2.910766042477338,30.300415218681394,54.908690390311335,1.2293521966006267,1886.3999919271707,0.0,0.0,False
B4,S3c,60,13200,54.79953928108585,2.904979830131462,31.40748101967359,54.79953928108585,1.2293521966006267,1886.3999919271707,0.6161295541805493,-0.14006163564623492,False
S0,S3c,60,13200,1020.8887252988427,54.118359291122005,628.3541606752947,1020.8887252988427,1.2293521966006267,1886.3999919271707,17.108675135481047,-17.108675135481047,False
S1,S3c,60,13200,436.15704358700754,23.121132604619223,265.46104374897925,436.15704358700754,1.2293521966006267,1886.3999919271707,7.314052631384093,-7.314052631384093,False
S2,S3c,60,13200,973.9242802597535,51.6287258496423,571.6155580082801,973.9242802597535,1.2293521966006267,1886.3999919271707,16.324241272004397,-16.324241272004397,False
B3,S3c,60,13200,45.06273131267135,2.388821644694489,30.154526223222064,45.06273131267135,0.0,1886.3999919271707,0.917319907407408,-0.8334217592592601,False
B1,S3c,60,13800,440.5215032671426,30.415079374294443,205.95685607679007,440.5215032671426,1.0251396775001582,1448.3654566407376,7.2957833333333335,7.28318888888889,True
B2,S3c,60,13800,5.673203508413719,0.3916969631112197,4.203828952987931,6.350326384054975,1.0251396775001582,1448.3654566407376,0.0,0.0,True
B4,S3c,60,13800,486.885303089643,33.616191331910045,231.08851836075718,486.885303089643,1.0251396775001582,1448.3654566407376,8.058260282976095,8.05769303876387,True
S0,S3c,60,13800,781.1307509822789,53.93188213657016,471.20844738664346,781.1307509822789,1.0251396775001582,1448.3654566407376,13.127837438673971,-13.127837438673971,True
S1,S3c,60,13800,128.93060356414796,8.901800507116677,97.48919900902183,129.87326075863257,1.0251396775001582,1448.3654566407376,2.7063426339997263,-2.2347044124148803,True
S2,S3c,60,13800,682.6119444006725,47.129813906490604,391.20060178040154,682.6119444006725,1.0251396775001582,1448.3654566407376,11.483917337775914,-11.483917337775914,True
B3,S3c,60,13800,440.7441087977809,30.430448805373988,205.96503560684772,440.7441087977809,0.0,1448.3654566407376,7.2957833333333335,7.28318888888889,True
B1,S3c,60,14400,53.150098217023526,4.168034615421595,39.39558341833868,71.88480782372194,0.2318513717600774,1275.183704577929,1.8394865740740738,-0.9776004629629629,True
B2,S3c,60,14400,13.661149760445165,1.0713083700333865,6.093557061204543,13.661149760445165,0.2318513717600774,1275.183704577929,0.0,0.0,True
B4,S3c,60,14400,162.90675484810055,12.775159709402091,95.86354960606783,172.46962867206267,0.2318513717600774,1275.183704577929,3.1718011863149718,-2.854912255576506,True
S0,S3c,60,14400,528.1387722785544,41.41668140696342,341.7449145519026,528.1387722785544,0.2318513717600774,1275.183704577929,9.108624851405926,-9.108624851405926,True
S1,S3c,60,14400,167.58652138870355,13.142147346069855,118.3103281286517,174.54957765300765,0.2318513717600774,1275.183704577929,3.213614366615989,-2.9200212083707098,True
S2,S3c,60,14400,516.1893244033719,40.47960482479852,332.49860327290725,516.1893244033719,0.2318513717600774,1275.183704577929,8.93625395332424,-8.93625395332424,True
B3,S3c,60,14400,53.4086930728564,4.18831364305538,39.42520445055695,72.14042406284302,0.0,1275.183704577929,1.8394865740740738,-0.9776004629629629,True
B1,S3c,60,15000,249.70268518583745,28.384089580556243,142.65418298809374,249.70268518583745,0.4717942397158271,879.727653329031,4.547336574074074,4.547336574074074,True
B2,S3c,60,15000,6.46739605157528,0.7351588900384809,4.191659650502766,6.46739605157528,0.4717942397158271,879.727653329031,0.0,0.0,True
B4,S3c,60,15000,23.10306095287432,2.6261605924798,16.243532735797686,30.75428386309478,0.4717942397158271,879.727653329031,1.9251002368538424,-0.24372115026566699,True
S0,S3c,60,15000,274.85309029467925,31.2429749428236,151.35963891386635,274.85309029467925,0.4717942397158271,879.727653329031,4.878128902515905,-4.854970428765704,True
S1,S3c,60,15000,118.40642016324146,13.459440511523368,59.65313119520254,118.40642016324146,0.4717942397158271,879.727653329031,2.662773418283157,-2.0082725400171917,True
S2,S3c,60,15000,271.29323069603475,30.83832020846651,138.9385552170135,271.29323069603475,0.4717942397158271,879.727653329031,4.859626150375033,-4.653365776422093,True
B3,S3c,60,15000,249.10900454193492,28.31660498556188,142.1633211359837,249.10900454193492,0.0,879.727653329031,4.547336574074074,4.547336574074074,True
B1,S3c,60,15600,290.6679491805067,45.07850931752744,161.75825410071624,290.6679491805067,0.9209299129364954,644.803818007995,6.293220370370372,6.257540740740743,True
B2,S3c,60,15600,2.4809366653854177,0.3847583708560882,3.3410311458846302,4.70345807677146,0.9209299129364954,644.803818007995,0.0,0.0,True
B4,S3c,60,15600,306.3282845162045,47.50720699243848,174.41129189060027,306.3282845162045,0.9209299129364954,644.803818007995,6.58629576277939,6.580271386995907,True
S0,S3c,60,15600,105.94281495677204,16.43024001998984,63.6247097430739,105.94281495677204,0.9209299129364954,644.803818007995,2.3795086612626104,-2.1483434682500695,True
S1,S3c,60,15600,101.21617145810417,15.69720411563214,53.131263916262235,101.21617145810417,0.9209299129364954,644.803818007995,2.6740422035456692,1.7128600967110492,True
S2,S3c,60,15600,105.39536710032458,16.345338559862213,56.479940120902725,105.39536710032458,0.9209299129364954,644.803818007995,2.2976168792577516,-1.8900579474783725,True
B3,S3c,60,15600,292.11399798941136,45.30277114236774,162.83762042507493,292.11399798941136,0.0,644.803818007995,6.293220370370372,6.257540740740743,True
B1,S3c,60,16200,56.82003680726258,9.307527929131199,24.88873324334856,56.82003680726258,1.194533893633439,610.4739866471332,1.6744055555555555,1.1361555555555556,True
B2,S3c,60,16200,4.3631752812311735,0.7147192798819748,1.9245136156156246,4.3631752812311735,1.194533893633439,610.4739866471332,0.0,0.0,True
B4,S3c,60,16200,101.62244694736502,16.646482760960776,48.97139323663871,101.62244694736502,1.194533893633439,610.4739866471332,2.0479446831396415,1.9909571400926849,True
S0,S3c,60,16200,26.977015988100558,4.419027932093336,18.873331374266936,33.69815094742421,1.194533893633439,610.4739866471332,1.9597375809321174,0.011127162118959954,True
S1,S3c,60,16200,20.980331166815464,3.4367281203977877,25.70588689702051,44.16082157661148,1.194533893633439,610.4739866471332,1.7097988494311225,-0.45095357026778876,True
S2,S3c,60,16200,40.64675311934415,6.6582285254422855,21.95051100176537,40.64675311934415,1.194533893633439,610.4739866471332,1.959912006460886,0.2520882412874982,True
B3,S3c,60,16200,57.321070044759175,9.389600752618467,25.182329061850545,57.321070044759175,0.0,610.4739866471332,1.6744055555555555,1.1361555555555556,True
B1,S3c,60,16800,74.76784848693217,14.043281823016638,30.672732210708965,74.76784848693217,1.9039372025183234,532.4100835489128,2.198597685185185,1.0413763888888883,True
B2,S3c,60,16800,3.0560119175520875,0.5739958749807056,3.040211276141495,4.2586601275010185,1.9039372025183234,532.4100835489128,0.0,0.0,True
B4,S3c,60,16800,190.90119474078298,35.856044173371636,92.86222816933119,190.90119474078298,1.9039372025183234,532.4100835489128,4.91104391459526,4.75698658694184,True
S0,S3c,60,16800,37.50808787404959,7.044961963160058,23.940399352713303,42.50810659530504,1.9039372025183234,532.4100835489128,2.1390910095621054,-0.8462833230537431,True
S1,S3c,60,16800,47.7093149085642,8.961008888213726,29.701278770651026,50.89763990472872,1.9039372025183234,532.4100835489128,2.3535149270132094,-1.4685116394617432,True
S2,S3c,60,16800,41.93806681281888,7.877023390178899,27.414501218924343,48.44899197617929,1.9039372025183234,532.4100835489128,2.237327282703823,-0.8275367916023119,True
B3,S3c,60,16800,76.78368008653467,14.421905681183539,32.03885360246972,76.78368008653467,0.0,532.4100835489128,2.198597685185185,1.0413763888888883,True
B1,S3c,60,17400,190.68195700752682,36.49166261345408,120.2990756600447,190.68195700752682,2.757585711980356,522.5356789778727,4.844637962962962,-4.811661111111111,True
B2,S3c,60,17400,12.537625436736091,2.399381696051995,8.343815471146176,12.556657025292218,2.757585711980356,522.5356789778727,0.0,0.0,True
B4,S3c,60,17400,211.48172280471286,40.472207221981535,140.1053144030884,211.48172280471286,2.757585711980356,522.5356789778727,5.27785475364244,-5.273937369223854,True
S0,S3c,60,17400,61.787686656028086,11.824587131904641,32.80095879383395,61.787686656028086,2.757585711980356,522.5356789778727,2.0459309963335093,-1.4337524214669328,True
S1,S3c,60,17400,88.30225117402603,16.898798441238164,50.15857653122662,88.55324570276942,2.757585711980356,522.5356789778727,2.526779045136043,-2.1265912014715966,True
S2,S3c,60,17400,57.018716626513346,10.911927916204139,39.091552351767895,60.9116884933634,2.757585711980356,522.5356789778727,2.3912547218153266,-1.5674599487894465,True
B3,S3c,60,17400,191.14417347923356,36.580119055818145,121.01161965139823,191.14417347923356,0.0,522.5356789778727,4.844637962962962,-4.811661111111111,True
B1,S3c,60,18000,110.04511063141206,24.74346037165577,95.61827022987208,133.44345052141242,1.4256055159012495,444.74422323512755,3.457301851851853,3.457301851851853,True
B2,S3c,60,18000,6.628247903617997,1.4903505334826515,4.229850810718878,6.628247903617997,1.4256055159012495,444.74422323512755,0.0,0.0,True
B4,S3c,60,18000,80.4874608313788,18.097471901018185,40.412356536015295,80.4874608313788,1.4256055159012495,444.74422323512755,3.0458308214804872,-2.5855770033192393,True
S0,S3c,60,18000,24.57402105172841,5.525427822979638,12.349185621341576,28.691600188553025,1.4256055159012495,444.74422323512755,1.6338132014095395,-0.6384323730010376,True
S1,S3c,60,18000,28.244622935724266,6.350756560764115,19.877035365636353,36.276879262723725,1.4256055159012495,444.74422323512755,1.7207460863881652,0.17679557632062157,True
S2,S3c,60,18000,40.66750208365789,9.144020306286874,23.064706290018627,40.71551261610945,1.4256055159012495,444.74422323512755,1.6452901399657356,-1.1253364886121986,True
B3,S3c,60,18000,117.49106379835833,26.417670575620516,97.5278160029411,135.1032086101521,0.0,444.74422323512755,3.457301851851853,3.457301851851853,True
B1,S3c,60,18600,22.33707797029111,4.851594074575065,11.2495790870415,24.582074324992373,1.578029256161271,460.4069843219012,1.6276550925925926,0.41920787037037,True
B2,S3c,60,18600,5.857111024035032,1.272159464014546,4.418013965867756,7.028681883865408,1.578029256161271,460.4069843219012,0.0,0.0,True
B4,S3c,60,18600,38.77688828177933,8.422306698689832,19.94906246782348,39.592078479732635,1.578029256161271,460.4069843219012,2.0257815596681024,1.0919438454238772,True
S0,S3c,60,18600,54.88063370665374,11.920026319210448,44.723557133126405,63.372580952734566,1.578029256161271,460.4069843219012,2.248418505617935,-1.4015924057607079,True
S1,S3c,60,18600,115.16877433310282,25.014558478674306,83.19834651406357,121.70151594720387,1.578029256161271,460.4069843219012,3.0309588527816143,-2.806449984074689,True
S2,S3c,60,18600,74.10988795434866,16.096603761017995,61.29622806320515,88.14101880164534,1.578029256161271,460.4069843219012,2.8046840697687454,-1.952636796366296,True
B3,S3c,60,18600,16.275207231437513,3.534960977059903,12.177822451547872,17.22946422138873,0.0,460.4069843219012,1.6276550925925926,0.41920787037037,True
B1,S3c,60,19200,60.39041088678171,11.870951298290564,41.57667027891135,60.672632168483894,3.2105430004448077,508.7242746541975,2.1389675925925924,-0.013914814814814729,True
B2,S3c,60,19200,5.602676576992301,1.1013188982972533,3.773377534659042,5.602676576992301,3.2105430004448077,508.7242746541975,0.0,0.0,True
B4,S3c,60,19200,117.839069808378,23.163642011869488,101.76024032243981,126.16892855846612,3.2105430004448077,508.7242746541975,3.011335607293223,1.9934719767281222,True
S0,S3c,60,19200,64.12310834756929,12.60468814686632,33.45227509303516,68.27378543126004,3.2105430004448077,508.7242746541975,2.249966930025796,-1.2312517337234303,True
S1,S3c,60,19200,69.98124515868233,13.756222898199951,33.303172209874546,71.2901652087015,3.2105430004448077,508.7242746541975,2.0171839517508,-1.38535089900712,True
S2,S3c,60,19200,89.51467683495444,17.595912224908385,49.361828100676924,90.15394991587246,3.2105430004448077,508.7242746541975,2.5787271336603523,-1.9496125584991315,True
B3,S3c,60,19200,70.00921356353967,13.76172065135442,45.13767137970455,70.23821043920373,0.0,508.7242746541975,2.1389675925925924,-0.013914814814814729,True
B1,S3c,60,19800,433.7322535119566,316.0335953362134,212.68604940577936,433.7322535119566,2.3765963938845025,137.24245140790464,8.384365277777777,8.384365277777777,True
B2,S3c,60,19800,3.986309147043759,2.9045744273365277,2.948426689168118,3.986309147043759,2.3765963938845025,137.24245140790464,0.0,0.0,True
B4,S3c,60,19800,168.59454169818213,122.84430944554792,72.508580920662,168.59454169818213,2.3765963938845025,137.24245140790464,3.7185592969736825,2.840630644476371,True
S0,S3c,60,19800,13.468049543587421,9.813326274359826,13.16287586262233,22.7443908272839,2.3765963938845025,137.24245140790464,0.9516971344681718,-0.3755098844455571,True
S1,S3c,60,19800,22.540961012643656,16.424190023864135,21.26969509064278,27.971525660292702,2.3765963938845025,137.24245140790464,0.9632453391452458,-0.6196950164472637,True
S2,S3c,60,19800,23.337196454382784,17.004357044761043,18.92525667449365,23.783607147071272,2.3765963938845025,137.24245140790464,0.6490810446741541,-0.3895679318892423,True
B3,S3c,60,19800,433.7570595742353,316.0516699640157,212.66513875781277,433.7570595742353,0.0,137.24245140790464,8.384365277777777,8.384365277777777,True
B1,S3c,60,21000,554.1208442055698,232.06381016781023,402.5517364598017,560.1565617839474,1.5749174304451068,238.7795166359086,9.439675925925924,9.240579629629629,True
B2,S3c,60,21000,1.0835937483661813,0.4538051519797851,1.2506689273055458,1.915638017791502,1.5749174304451068,238.7795166359086,0.0,0.0,True
B4,S3c,60,21000,7.509408682798976,3.1449132608176495,94.71220288979231,155.4541313723006,1.5749174304451068,238.7795166359086,5.053771911097365,0.10841636461520655,True
S0,S3c,60,21000,108.5517228337164,45.46106984513091,30.274764914613154,108.5517228337164,1.5749174304451068,238.7795166359086,1.8455993423310926,-1.8193828861394252,True
S1,S3c,60,21000,99.90126802849562,41.838290585379326,27.71662219568286,99.90126802849562,1.5749174304451068,238.7795166359086,1.721215986368516,-1.6749350851621554,True
S2,S3c,60,21000,126.17114138514233,52.84001875987055,38.00501906778784,126.17114138514233,1.5749174304451068,238.7795166359086,2.2207556788460376,-2.1139985585428693,True
B3,S3c,60,21000,551.4632813704643,230.95083244151817,401.0534246917962,557.3955709445552,0.0,238.7795166359086,9.439675925925924,9.240579629629629,True
B1,S3c,60,21600,155.5511395005124,19.476144941465382,46.358973140575955,155.5511395005124,4.060015784436266,798.6751996763933,2.5881800925925926,2.551760648148148,True
B2,S3c,60,21600,15.225566230501745,1.9063526996544817,8.217928431708707,15.225566230501745,4.060015784436266,798.6751996763933,0.0,0.0,True
B4,S3c,60,21600,154.6778350257897,19.366800808196118,47.030285721425884,154.6778350257897,4.060015784436266,798.6751996763933,2.5897179741299863,2.5368327908242647,True
S0,S3c,60,21600,347.32545126902363,43.487697052538095,224.33531467474546,352.5080590159412,4.060015784436266,798.6751996763933,6.032173759220949,-5.867257246337887,True
S1,S3c,60,21600,88.62671691657687,11.096715780393154,64.54474900935072,104.64563395667669,4.060015784436266,798.6751996763933,2.3604420087622113,-1.538318932673189,True
S2,S3c,60,21600,347.6557595168721,43.52905407075805,231.8651745790001,354.0794191282,4.060015784436266,798.6751996763933,6.063147846187626,-5.872202165422232,True
B3,S3c,60,21600,155.010481811702,19.408450628554515,45.501004811823485,155.010481811702,0.0,798.6751996763933,2.5881800925925926,2.551760648148148,True
B1,S3c,60,22800,274.41942925168826,44.891893084497966,116.0066746291505,274.41942925168826,3.4134425942514413,611.2895010579329,5.189698148148148,5.189698148148148,True
B2,S3c,60,22800,11.039065499241893,1.8058653845906152,7.21764850249162,11.039065499241893,3.4134425942514413,611.2895010579329,0.0,0.0,True
B4,S3c,60,22800,306.01385430093035,50.06038117313076,132.6292237093775,306.01385430093035,3.4134425942514413,611.2895010579329,5.674175550832641,5.66879283925354,True
S0,S3c,60,22800,151.42729311744017,24.77178045024025,116.60654409475718,151.42729311744017,3.4134425942514413,611.2895010579329,3.3210037966675334,-2.925117045004184,True
S1,S3c,60,22800,83.44506239822476,13.65066179834758,68.57734526540725,89.26704019736405,3.4134425942514413,611.2895010579329,2.192014964926656,-1.5238419700554255,True
S2,S3c,60,22800,136.3003674968863,22.29718770909643,99.63495987052494,137.66287590068467,3.4134425942514413,611.2895010579329,3.4685354688870604,-2.6931859722198186,True
B3,S3c,60,22800,270.53118955018897,44.25582135501953,114.57439989546806,270.53118955018897,0.0,611.2895010579329,5.189698148148148,5.189698148148148,True
B1,S3c,60,23400,323.8103076746818,44.78336370948361,192.17200571675266,323.8103076746818,2.1582582583040923,723.059370384252,5.555569444444444,-5.555569444444444,True
B2,S3c,60,23400,10.754765688623243,1.487397318827068,7.703710390560822,11.228234558590895,2.1582582583040923,723.059370384252,0.0,0.0,True
B4,S3c,60,23400,81.26701318287128,11.239327849341601,68.90519645569162,92.2729402580163,2.1582582583040923,723.059370384252,1.7713601924732707,-1.3606310834631101,True
S0,S3c,60,23400,203.02239174425523,28.078246415140708,117.98079911528954,203.02239174425523,2.1582582583040923,723.059370384252,3.5006840834709374,-3.4666971319740543,True
S1,S3c,60,23400,213.21724156744133,29.488206681303684,123.94942207013352,213.21724156744133,2.1582582583040923,723.059370384252,3.6498496952155484,-3.649802335315697,True
S2,S3c,60,23400,244.24947464924088,33.7800026738386,127.42899544114182,244.24947464924088,2.1582582583040923,723.059370384252,4.167912552912052,-4.167912552912052,True
B3,S3c,60,23400,323.2232793188353,44.7021769660583,191.9699322230367,323.2232793188353,0.0,723.059370384252,5.555569444444444,-5.555569444444444,True
B1,S3c,60,24000,98.87264400559562,17.120956810032627,35.57872870752503,98.87264400559562,17.51258469864753,577.4948509166129,2.501828703703704,1.5819018518518526,True
B2,S3c,60,24000,9.365019750253714,1.6216629006110344,4.427754632296055,9.365019750253714,17.51258469864753,577.4948509166129,0.0,0.0,True
B4,S3c,60,24000,231.31699052132666,40.055247272625046,101.58080140484893,231.31699052132666,17.51258469864753,577.4948509166129,3.8136725997192085,3.811160435077603,True
S0,S3c,60,24000,137.99211456226578,23.894951503592036,88.11020294401277,139.64289485426215,17.51258469864753,577.4948509166129,2.688163510911061,-2.354484668471362,True
S1,S3c,60,24000,173.83464048594715,30.101504837667882,110.27879335962118,174.7317175583288,17.51258469864753,577.4948509166129,3.1173850600172863,-2.956723794602837,True
S2,S3c,60,24000,141.4678712240095,24.496819495354547,87.50236425903279,141.4678712240095,17.51258469864753,577.4948509166129,2.659366082602969,-2.4172364833141047,True
B3,S3c,60,24000,98.051641612109,16.978790625834883,35.32053264407011,98.051641612109,0.0,577.4948509166129,2.501828703703704,1.5819018518518526,True
B1,S3c,60,24600,81.31591494738305,18.974583744018673,60.6777838469124,99.9493278218188,0.42581682227253614,428.55177243619977,3.8284666666666665,-0.8779398148148144,True
B2,S3c,60,24600,94.91318090119636,22.147424653418383,56.61759945124612,96.63938343356668,0.42581682227253614,428.55177243619977,0.0,0.0,True
B4,S3c,60,24600,197.7050826706844,46.13330182880472,120.99908171033857,213.93455544617092,0.42581682227253614,428.55177243619977,5.087188088588869,-3.2990453926572822,True
S0,S3c,60,24600,178.67150425810752,41.69192983205012,110.46454162935385,178.67150425810752,0.42581682227253614,428.55177243619977,2.947994049985942,-2.8025321705204043,True
S1,S3c,60,24600,162.0151356422646,37.80526556249034,97.42385787248033,162.0151356422646,0.42581682227253614,428.55177243619977,2.715909907037414,-2.469452778918407,True
S2,S3c,60,24600,204.66840125578818,47.75815068790971,128.30570550006146,204.66840125578818,0.42581682227253614,428.55177243619977,3.568638984575115,-3.2809562655012154,True
B3,S3c,60,24600,68.5034425395566,15.984869727672164,55.81038810263671,97.15952682279742,0.0,428.55177243619977,3.8284666666666665,-0.8779398148148144,True
B1,S3c,60,25200,383.042204100406,91.71611606836181,230.6877892742433,383.042204100406,24.7678215122439,417.63892816274563,6.770246296296297,-6.770246296296297,True
B2,S3c,60,25200,80.4204951980578,19.25598639758972,46.566366345915036,80.44188729575056,24.7678215122439,417.63892816274563,0.0,0.0,True
B4,S3c,60,25200,359.163528025936,85.99857527791974,211.54425071855422,359.163528025936,24.7678215122439,417.63892816274563,6.327853505839344,-6.327780150579739,True
S0,S3c,60,25200,85.57708515508746,20.49068690305128,63.812919291084924,88.02901984753288,24.7678215122439,417.63892816274563,2.4668067624076064,-0.6358967554818703,True
S1,S3c,60,25200,85.59560040856235,20.495120219063352,64.71668765481064,88.90799663366789,24.7678215122439,417.63892816274563,2.4269533558543994,-0.8321383108896873,True
S2,S3c,60,25200,100.62634947093738,24.094102030576348,79.32764150103434,108.77417907024197,24.7678215122439,417.63892816274563,2.6833529923327815,-1.022953301415747,True
B3,S3c,60,25200,383.042204100406,91.71611606836181,230.6877892742433,383.042204100406,0.0,417.63892816274563,6.770246296296297,-6.770246296296297,True
B1,S3c,60,25800,115.53337482191509,28.439647358495098,91.46276110923222,122.41690069745462,12.48750667044894,406.24053232996425,2.358349537037037,-1.2521337962962964,True
B2,S3c,60,25800,58.819598673785734,14.479007876547922,50.10921582809776,70.52606321529714,12.48750667044894,406.24053232996425,0.0,0.0,True
B4,S3c,60,25800,99.91628444161823,24.59535090419347,86.51505641545712,119.68148467267825,12.48750667044894,406.24053232996425,2.5615525774503736,-1.3929084863133203,True
S0,S3c,60,25800,83.55060690784138,20.566782548418473,54.28272606797681,83.55060690784138,12.48750667044894,406.24053232996425,1.992333487291093,0.329161586484789,True
S1,S3c,60,25800,109.542703403663,26.96498618081964,83.89843394105448,111.49188146880542,12.48750667044894,406.24053232996425,2.4409876937158446,-1.6920522457253158,True
S2,S3c,60,25800,75.10545846103605,18.487928329129034,52.43307357576315,75.10545846103605,12.48750667044894,406.24053232996425,1.8525637375875696,-0.0704393584614576,True
B3,S3c,60,25800,89.37032712088269,21.999362448721058,78.01611889970378,104.86438786508154,0.0,406.24053232996425,2.358349537037037,-1.2521337962962964,True
B1,S3c,60,26400,89.76085238941303,24.489154509312836,47.06930406266216,89.76085238941303,0.3605956838013076,366.53308041026247,2.3052175925925926,2.2655990740740743,True
B2,S3c,60,26400,37.90546932700502,10.341622994731395,27.591851254302366,38.97902736864705,0.3605956838013076,366.53308041026247,0.0,0.0,True
B4,S3c,60,26400,90.31229683736647,24.639603262079216,69.68854374262857,90.31229683736647,0.3605956838013076,366.53308041026247,2.247703852595559,-1.4916835180380605,True
S0,S3c,60,26400,58.68132526540885,16.0098305996628,37.37893658247103,59.91570387661818,0.3605956838013076,366.53308041026247,2.032987303450076,-0.8255934265849437,True
S1,S3c,60,26400,66.50250078885072,18.143655878049017,43.070681660910886,66.50250078885072,0.3605956838013076,366.53308041026247,1.9540880358468182,-0.9911767546237062,True
S2,S3c,60,26400,113.25308537178572,30.89846221929571,72.30700532273127,113.25308537178572,0.3605956838013076,366.53308041026247,2.460918731421487,-1.969259222277055,True
B3,S3c,60,26400,96.73201641190133,26.391073979906167,49.421293707363084,96.73650751075083,0.0,366.53308041026247,2.3052175925925926,2.2655990740740743,True
B1,S3c,60,27000,48.289116905062066,11.532065708592249,32.45969872720433,48.289116905062066,1.9468674152678593,418.7377884005905,1.3143962962962965,1.110581481481482,True
B2,S3c,60,27000,11.48579849560591,2.7429572428791364,5.832745825445532,14.356606678265761,1.9468674152678593,418.7377884005905,0.0,0.0,True
B4,S3c,60,27000,116.4852454864712,27.818183291123034,76.85588942679396,116.4852454864712,1.9468674152678593,418.7377884005905,2.601791254253787,2.601791254253787,True
S0,S3c,60,27000,55.84430376513137,13.336342052728055,46.46118172558237,70.47859117902043,1.9468674152678593,418.7377884005905,2.2548121707171838,0.13552946049690007,True
S1,S3c,60,27000,43.18962238105463,10.314240457261231,27.82487143306058,52.750759406915975,1.9468674152678593,418.7377884005905,2.2116943604456907,-0.7342256593879426,True
S2,S3c,60,27000,64.28937550225692,15.353134415648611,48.42067279956852,75.35930428248878,1.9468674152678593,418.7377884005905,2.1623082713253607,-0.04361352287613016,True
B3,S3c,60,27000,40.60903121547635,9.697961908474149,27.33836218403691,40.60903121547635,0.0,418.7377884005905,1.3143962962962965,1.110581481481482,True
B1,S3c,60,27600,160.33038327049812,29.781056958271254,100.22050494759658,160.33038327049812,10.439591061253832,538.3636433560787,2.907310185185185,-2.672035185185185,True
B2,S3c,60,27600,29.24421790204006,5.432056615067088,24.37880211861889,38.1422401530328,10.439591061253832,538.3636433560787,0.0,0.0,True
B4,S3c,60,27600,111.08108669891485,20.633095876692547,84.47988977861124,125.91493376706129,10.439591061253832,538.3636433560787,2.450909650414374,-1.7931613812323348,True
S0,S3c,60,27600,96.9525177558578,18.00874166603641,69.64598926969606,96.9525177558578,10.439591061253832,538.3636433560787,2.511537270579473,-1.6177106463875184,True
S1,S3c,60,27600,138.78330898684507,25.778729804577928,88.61737009295561,138.78330898684507,10.439591061253832,538.3636433560787,2.8640906576649696,-2.3410273737838363,True
S2,S3c,60,27600,150.98632466729734,28.04541624060479,115.65175545436749,150.98632466729734,10.439591061253832,538.3636433560787,3.2599897051405278,-2.6874111716979505,True
B3,S3c,60,27600,166.31840240409906,30.893319869687883,102.2797697735427,166.31840240409906,0.0,538.3636433560787,2.907310185185185,-2.672035185185185,True
B1,S3c,60,28200,33.35356844257998,7.534938064475102,30.677036355940608,48.98059136252018,0.7423728259347407,442.65219112857363,1.6602999999999997,-0.46903796296296246,True
B2,S3c,60,28200,14.377921486514351,3.248130648547521,11.382128079889663,17.769542543463352,0.7423728259347407,442.65219112857363,0.0,0.0,True
B4,S3c,60,28200,119.79047377891814,27.061985951883287,70.05720430576537,119.79047377891814,0.7423728259347407,442.65219112857363,2.5308052821381617,2.5233426240862196,True
S0,S3c,60,28200,119.38629072229133,26.97067655260158,86.48788112848513,123.15568729984072,0.7423728259347407,442.65219112857363,2.6924584128696267,-2.1970379054694353,True
S1,S3c,60,28200,201.2104638795168,45.45565749183715,143.63937163693544,201.55347393920766,0.7423728259347407,442.65219112857363,3.8204385587441174,-3.7839264603041896,True
S2,S3c,60,28200,161.18367872367998,36.413166353639994,114.01432146349813,163.24322479089088,0.7423728259347407,442.65219112857363,3.2054684368365325,-3.0373655998844615,True
B3,S3c,60,28200,22.023454820437863,4.975340744227986,26.840756788525145,46.1843046310947,0.0,442.65219112857363,1.6602999999999997,-0.46903796296296246,True
B1,S3c,60,28800,174.7659982586723,29.12220566770649,62.90788596200072,174.7659982586723,1.5486121349960358,600.1125060814666,5.2703,-3.7873824074074065,True
B2,S3c,60,28800,5.893737537008018,0.9821054347779132,4.0756775935534035,5.893737537008018,1.5486121349960358,600.1125060814666,0.0,0.0,True
B4,S3c,60,28800,202.7750817112986,33.789511076073374,67.16329411076705,202.7750817112986,1.5486121349960358,600.1125060814666,5.621478309130866,-4.442235164529661,True
S0,S3c,60,28800,87.23204373152801,14.535948317611977,34.82777434167691,87.23204373152801,1.5486121349960358,600.1125060814666,3.5985048019460266,-2.797837965599949,True
S1,S3c,60,28800,119.40255445988494,19.896694911349805,48.555307876834156,119.40255445988494,1.5486121349960358,600.1125060814666,4.559809849737298,-4.063169871900866,True
S2,S3c,60,28800,96.61413052180755,16.099336298232714,41.22988496230398,96.61413052180755,1.5486121349960358,600.1125060814666,3.858977789115122,-3.3407479562859526,True
B3,S3c,60,28800,180.07108929219058,30.006221744651587,62.91753258111206,180.07108929219058,0.0,600.1125060814666,5.2703,-3.7873824074074065,True
B1,S3c,60,29400,41.505185631463966,3.85567176798527,24.086863490961566,41.676893061299715,5.747259652641857,1076.4709272218975,0.8257143518518518,-0.0813439814814798,True
B2,S3c,60,29400,38.13871449493917,3.5429395750952297,18.317063368528608,38.13871449493917,5.747259652641857,1076.4709272218975,0.0,0.0,True
B4,S3c,60,29400,84.85236737730347,7.88245787522439,41.66883456169626,84.85236737730347,5.747259652641857,1076.4709272218975,1.3518215772084137,1.1700261005403365,True
S0,S3c,60,29400,269.523766001506,25.03771901179714,183.28110708719035,269.523766001506,5.747259652641857,1076.4709272218975,5.574857584747029,-5.574857584747029,True
S1,S3c,60,29400,165.44825624943002,15.369505303446571,108.47485615084798,165.44825624943002,5.747259652641857,1076.4709272218975,3.384842669889536,-3.3756501832695704,True
S2,S3c,60,29400,263.2721662208678,24.45696948828033,175.96464775048588,263.2721662208678,5.747259652641857,1076.4709272218975,5.403030227324565,-5.403030227324565,True
B3,S3c,60,29400,1.331986948003661,0.12373645347219794,7.165972321254378,11.579520153275132,0.0,1076.4709272218975,0.8257143518518518,-0.0813439814814798,True
B1,S3c,60,30000,83.81771357906489,7.725820577895234,39.31689668756831,83.81771357906489,1.004843996966598,1084.9037035480778,1.6472939814814813,1.4222643518518516,True
B2,S3c,60,30000,1.5974010623753754,0.14723897219183804,8.310539663108958,36.04667922146898,1.004843996966598,1084.9037035480778,0.0,0.0,True
B4,S3c,60,30000,424.4023727895298,39.11889796316124,200.42422994734127,424.4023727895298,1.004843996966598,1084.9037035480778,7.587275779187518,7.587273047899134,True
S0,S3c,60,30000,342.7505727118483,31.59271846809206,211.2351631675244,342.7505727118483,1.004843996966598,1084.9037035480778,6.6122915007045275,-6.6122915007045275,True
S1,S3c,60,30000,221.08763628958434,20.378549318850837,134.45046410639972,221.08763628958434,1.004843996966598,1084.9037035480778,4.266618286854311,-4.266618286854311,True
S2,S3c,60,30000,331.8496680344108,30.58793761594941,198.8423829806977,331.8496680344108,1.004843996966598,1084.9037035480778,6.2678976020396835,-6.2678976020396835,True
B3,S3c,60,30000,69.2089895478844,6.3792748906232655,41.36178946073738,69.4134618964025,0.0,1084.9037035480778,1.6472939814814813,1.4222643518518516,True
B1,S3c,60,30600,68.03926622913902,6.873936614096221,49.357854696972765,74.88742920034134,4.718971477729109,989.8151532211177,2.4703722222222217,0.27730925925925903,True
B2,S3c,60,30600,34.95995295809669,3.531967847160942,17.679174525691423,34.95995295809669,4.718971477729109,989.8151532211177,0.0,0.0,True
B4,S3c,60,30600,202.9700947271495,20.505858499602848,54.515646351221264,202.9700947271495,4.718971477729109,989.8151532211177,3.679219500449837,3.230504620930857,True
S0,S3c,60,30600,340.7703297217948,34.42767355226265,228.6727977099853,344.4940486504973,4.718971477729109,989.8151532211177,6.063182522903807,-5.891726512166141,True
S1,S3c,60,30600,268.6899627573069,27.145468715337344,181.39962323742796,274.4617380542429,4.718971477729109,989.8151532211177,4.929056369388592,-4.58250445289387,True
S2,S3c,60,30600,313.5884515425619,31.681516545999823,210.89873267325203,324.92867995790573,4.718971477729109,989.8151532211177,5.832367410209758,-5.392783511632471,True
B3,S3c,60,30600,34.02570842304858,3.437582089172914,42.78736225348023,65.47796026931783,0.0,989.8151532211177,2.4703722222222217,0.27730925925925903,True
B1,S3c,60,31200,325.7597966800604,53.93896967410861,208.8151209869155,325.7597966800604,1.235141248572344,603.9414520675007,6.12550787037037,2.281497685185185,True
B2,S3c,60,31200,13.339954651299303,2.2088158720736955,10.515901261336984,22.723778776535646,1.235141248572344,603.9414520675007,0.0,0.0,True
B4,S3c,60,31200,367.2724988744246,60.81259989972931,131.55385184990402,367.2724988744246,1.235141248572344,603.9414520675007,9.491446752378879,-9.19480549666347,True
S0,S3c,60,31200,176.17566540495005,29.17098417434997,64.83573243334534,176.17566540495005,1.235141248572344,603.9414520675007,4.320982347137402,-4.145690074600426,True
S1,S3c,60,31200,173.7035209583179,28.761649057813568,66.39155996772435,173.7035209583179,1.235141248572344,603.9414520675007,3.782995317506783,-2.88073167442487,True
S2,S3c,60,31200,217.64415532819726,36.03729377791936,72.03699714997897,217.64415532819726,1.235141248572344,603.9414520675007,5.677649185166612,-5.532135252285142,True
B3,S3c,60,31200,350.1283930964758,57.97389662489056,223.7890464517059,350.1283930964758,0.0,603.9414520675007,6.12550787037037,2.281497685185185,True
B1,S3c,60,31800,56.56868727737012,5.608261688031084,29.743321184650537,56.56868727737012,16.14278561919981,1008.6670420193949,1.2480810185185192,1.040447685185186,True
B2,S3c,60,31800,2.060270054240824,0.20425670398787635,4.328794194415506,8.029229165139922,16.14278561919981,1008.6670420193949,0.0,0.0,True
B4,S3c,60,31800,39.51201599635882,3.9172506238782283,23.01990928591049,39.51201599635882,16.14278561919981,1008.6670420193949,1.4669721713026482,-1.0128329990951133,True
S0,S3c,60,31800,407.2714291507899,40.37719209457017,281.67002322543215,407.2714291507899,16.14278561919981,1008.6670420193949,9.590217928191139,-9.590217928191139,True
S1,S3c,60,31800,273.9668723111145,27.161279282271487,187.49358146824733,274.54578239025113,16.14278561919981,1008.6670420193949,6.460019909119103,-6.460019909119103,True
S2,S3c,60,31800,396.9079920132579,39.3497532365716,263.91601354918197,396.9079920132579,16.14278561919981,1008.6670420193949,9.320614176095711,-9.320614176095711,True
B3,S3c,60,31800,51.530727121931065,5.108794574943614,28.84169557591692,51.530727121931065,0.0,1008.6670420193949,1.2480810185185192,1.040447685185186,True
B1,S3c,60,32400,258.7344112574034,24.73382373435088,139.38843323747233,258.7344112574034,17.70721748334867,1046.0752612951928,1.0216337962962965,0.5872263888888903,True
B2,S3c,60,32400,253.17997154785257,24.202844758452567,134.36792996705003,253.17997154785257,17.70721748334867,1046.0752612951928,0.0,0.0,True
B4,S3c,60,32400,259.7580815037402,24.831681917620536,134.73814748011964,259.7580815037402,17.70721748334867,1046.0752612951928,1.6027573142029061,-0.40507989804846367,True
S0,S3c,60,32400,450.47646600282354,43.063485264441525,276.7668738475885,450.47646600282354,17.70721748334867,1046.0752612951928,7.110939332046031,-6.718553884888547,True
S1,S3c,60,32400,314.6327882824462,30.077452352031077,174.14939942261233,314.6327882824462,17.70721748334867,1046.0752612951928,3.3051959366862027,-2.560751928945113,True
S2,S3c,60,32400,430.40980780909354,41.14520472228583,257.72562225238505,430.40980780909354,17.70721748334867,1046.0752612951928,6.97061463494967,-6.570862925055895,True
B3,S3c,60,32400,91.63708875225784,8.76008564037714,51.11080514766837,91.63708875225784,0.0,1046.0752612951928,1.0216337962962965,0.5872263888888903,True
B1,S3c,60,33000,41.78601020566977,4.02699146258177,35.6425567834475,69.97100428654868,3.2427144373197363,1037.6483435323719,1.7798333333333338,-0.8132435185185197,True
B2,S3c,60,33000,18.244068906140413,1.758213080554226,14.512842784736696,20.934097660152492,3.2427144373197363,1037.6483435323719,0.0,0.0,True
B4,S3c,60,33000,155.7991222510703,15.014636049116362,76.50363604510225,155.7991222510703,3.2427144373197363,1037.6483435323719,2.7356312417964883,2.734844723490034,True
S0,S3c,60,33000,254.16384692201987,24.49421795989121,164.48893623620833,260.97107137475376,3.2427144373197363,1037.6483435323719,5.168297343189975,-4.890292743550888,True
S1,S3c,60,33000,175.5889302808509,16.921814733795983,117.03034406632622,185.90546599558067,3.2427144373197363,1037.6483435323719,3.8326996962227757,-3.4211845220786357,True
S2,S3c,60,33000,247.19785288084006,23.82289283470804,156.44697396744266,255.74346124187855,3.2427144373197363,1037.6483435323719,4.967928291829379,-4.629821699344199,True
B3,S3c,60,33000,36.07692986046061,3.4767973259271248,31.537125349378023,62.91765848653435,0.0,1037.6483435323719,1.7798333333333338,-0.8132435185185197,True
B1,S3c,60,33600,248.3969888895154,37.921852920012064,184.06174052234334,248.3969888895154,3.474365184612926,655.0233434359209,4.858647222222222,2.094188888888889,True
B2,S3c,60,33600,47.814257434014166,7.299626480974673,25.323710443401673,47.814257434014166,3.474365184612926,655.0233434359209,0.0,0.0,True
B4,S3c,60,33600,190.92080480765293,29.147175703109912,136.5742204226677,190.92080480765293,3.474365184612926,655.0233434359209,2.7762629927418643,2.578421246173641,True
S0,S3c,60,33600,211.58645006680783,32.30212360935603,85.99244367561525,211.58645006680783,3.474365184612926,655.0233434359209,4.621506810672196,-4.047413584913543,True
S1,S3c,60,33600,179.445879039822,27.395341072661587,73.25606252890732,179.445879039822,3.474365184612926,655.0233434359209,4.02421396994057,-3.3962486801899545,True
S2,S3c,60,33600,211.5855206259795,32.30198171504988,87.62542328468608,211.5855206259795,3.474365184612926,655.0233434359209,4.91363684172745,-4.108542211402857,True
B3,S3c,60,33600,237.98639637312962,36.332506124861666,174.408744814725,237.98639637312962,0.0,655.0233434359209,4.858647222222222,2.094188888888889,True
B1,S3c,60,34200,355.13385857526674,53.69591770691477,129.59979668897935,355.13385857526674,0.5182603575593399,661.3796238918435,6.447373611111112,6.1722689814814835,True
B2,S3c,60,34200,7.935349883436358,1.199817713878352,5.041450308540712,7.935349883436358,0.5182603575593399,661.3796238918435,0.0,0.0,True
B4,S3c,60,34200,254.6718213445257,38.50614868446153,88.48453039256218,254.6718213445257,0.5182603575593399,661.3796238918435,5.383348248808752,4.439743941389952,True
S0,S3c,60,34200,249.66247977440372,37.74874077693561,184.64973472151414,249.66247977440372,0.5182603575593399,661.3796238918435,4.235651784517832,-4.196919687195881,True
S1,S3c,60,34200,144.41480477903576,21.83538765969787,109.50060089795872,144.41480477903576,0.5182603575593399,661.3796238918435,2.884341196148574,-2.3719959306853187,True
S2,S3c,60,34200,225.56962944916518,34.10592363305903,167.37765570361884,225.56962944916518,0.5182603575593399,661.3796238918435,3.9069791805735523,-3.7786702725687658,True
B3,S3c,60,34200,355.61626847484996,53.76885764672491,129.5468111257854,355.61626847484996,0.0,661.3796238918435,6.447373611111112,6.1722689814814835,True
B1,S3c,60,34800,214.57642425907093,136.29197805939157,107.41955397070491,214.57642425907093,173.32168010874503,157.4387776260504,3.9552250000000004,2.200623148148148,True
B2,S3c,60,34800,6.121834817614419,3.888390719188026,2.6504719331549857,6.121834817614419,173.32168010874503,157.4387776260504,0.0,0.0,True
B4,S3c,60,34800,247.09317783362755,156.94556421196617,113.22505771574917,247.09317783362755,173.32168010874503,157.4387776260504,4.345661914282614,3.5347483788289886,True
S0,S3c,60,34800,50.916026529238366,32.3402069661481,44.825156629499716,50.916026529238366,173.32168010874503,157.4387776260504,1.2731469629369196,-1.0056823968372897,True
S1,S3c,60,34800,36.64840919471571,23.277879660475545,30.015528756676826,36.64840919471571,173.32168010874503,157.4387776260504,1.1027636301840074,-0.4421595157042199,True
S2,S3c,60,34800,65.77242827934701,41.776511016599805,58.38260190372617,65.77242827934701,173.32168010874503,157.4387776260504,1.5696408375806847,-1.3508872121464781,True
B3,S3c,60,34800,186.5950143528567,118.51909495642705,106.42971555390814,197.46069356653632,0.0,157.4387776260504,3.9552250000000004,2.200623148148148,True
B1,S3c,60,36000,27.323138402564457,4.9096693322098295,35.38341794434656,102.72987721507944,4.3204225286761,556.5168762651961,3.4382870370370378,1.9283268518518517,True
B2,S3c,60,36000,114.14821337708098,20.511186317139845,66.00082574522318,125.03049515094477,4.3204225286761,556.5168762651961,0.0,0.0,True
B4,S3c,60,36000,112.1836732494087,20.158179928392684,77.41156931577048,153.55102527817252,4.3204225286761,556.5168762651961,4.641880991695827,4.491479630833795,True
S0,S3c,60,36000,54.035918154673794,9.709663886082073,42.832276846755946,78.93897030966914,4.3204225286761,556.5168762651961,3.5095443443315966,0.752853725910827,True
S1,S3c,60,36000,63.69983142474805,11.446163475264184,48.68046029096989,85.7371211798685,4.3204225286761,556.5168762651961,3.7015803895799704,0.5457028541545276,True
S2,S3c,60,36000,97.58692193395336,17.53530325780281,71.61711915235642,116.24197109720198,4.3204225286761,556.5168762651961,3.3593992038473712,-0.28754728820265163,True
B3,S3c,60,36000,158.46729866327001,28.474841540610505,96.03342268281135,159.69096475977693,0.0,556.5168762651961,3.4382870370370378,1.9283268518518517,True
B1,S3c,120,1200,311.87300487228396,18.10280280240629,141.4103576216398,311.87300487228396,14.444046757702154,1722.7885000814827,3.733096759259259,-0.7398013888888888,True
B2,S3c,120,1200,234.99104275083684,13.640156219972589,101.19231247381589,234.99104275083684,14.444046757702154,1722.7885000814827,0.0,0.0,True
B4,S3c,120,1200,369.3381716256989,21.438393140436585,184.45541135362413,369.3381716256989,14.444046757702154,1722.7885000814827,3.311571115741775,2.0029016586677395,True
S0,S3c,120,1200,605.1170906364443,35.12428197702876,338.22502624779094,605.1170906364443,14.444046757702154,1722.7885000814827,5.300227525610158,-4.805325477727797,True
S1,S3c,120,1200,612.2754447835677,35.53979172455637,332.56746225940486,612.2754447835677,14.444046757702154,1722.7885000814827,5.284943422374319,-4.895471497225405,True
S2,S3c,120,1200,635.5799856139685,36.89251382766413,339.22078091330474,635.5839273692404,14.444046757702154,1722.7885000814827,5.718260496935859,-5.204228404228567,True
B3,S3c,120,1200,132.46704345336303,7.6891065529574725,64.46032074982111,134.4339333476124,0.0,1722.7885000814827,3.733096759259259,-0.7398013888888888,True
B1,S3c,120,1800,853.6248621789766,43.76302931244863,460.3930157288276,853.6248621789766,11.357757776309708,1950.561639790686,8.048769907407408,-7.113104166666667,True
B2,S3c,120,1800,200.6414270447402,10.286341274827436,90.9216833709097,200.6414270447402,11.357757776309708,1950.561639790686,0.0,0.0,True
B4,S3c,120,1800,520.4599305008776,26.68256772222425,236.97124250001488,520.4599305008776,11.357757776309708,1950.561639790686,6.556539594200109,-4.235731236423377,True
S0,S3c,120,1800,642.113850529146,32.91943394303863,362.9931216838017,642.113850529146,11.357757776309708,1950.561639790686,5.980840251319823,-5.198420795824554,True
S1,S3c,120,1800,709.0056451248928,36.3487946579825,390.6025706188147,709.0056451248928,11.357757776309708,1950.561639790686,6.311198752425755,-5.840646834641097,True
S2,S3c,120,1800,736.7851750298213,37.77297574194504,429.54676326957235,736.7851750298213,11.357757776309708,1950.561639790686,7.0302531177957555,-6.04475662838589,True
B3,S3c,120,1800,827.0744001719253,42.40185920300772,449.2534225536057,827.0744001719253,0.0,1950.561639790686,8.048769907407408,-7.113104166666667,True
B1,S3c,120,2400,325.17749205477463,18.691452478075092,147.90518890169065,337.15655701992614,11.673336337284132,1739.7122692107791,7.080268055555556,3.4047601851851854,True
B2,S3c,120,2400,125.9033954891193,7.237024059515049,73.37163892682847,127.36755133729055,11.673336337284132,1739.7122692107791,0.0,0.0,True
B4,S3c,120,2400,1102.631951858773,63.38013310436571,716.7870539360432,1111.7707607554928,11.673336337284132,1739.7122692107791,10.151644607568834,-10.095966028166776,True
S0,S3c,120,2400,604.4131009007065,34.74213015551696,402.4434326702763,609.0175363329182,11.673336337284132,1739.7122692107791,5.82795202663059,-5.448882245179842,True
S1,S3c,120,2400,486.97805406443473,27.99187329324018,327.1794737560943,491.00697969164617,11.673336337284132,1739.7122692107791,4.831030257363907,-4.288053200922851,True
S2,S3c,120,2400,667.105456644266,38.345735007484805,444.2700094577444,672.0569859719164,11.673336337284132,1739.7122692107791,6.546520941814324,-5.972579297815084,True
B3,S3c,120,2400,300.3336421266451,17.26340886604723,118.93356189931178,305.3571557262298,0.0,1739.7122692107791,7.080268055555556,3.4047601851851854,True
B1,S3c,120,3000,39.173904978014676,3.187139095466445,80.51345914558983,129.9310225064872,9.05883352393664,1229.1244217655171,5.717028935185185,3.909867824074074,True
B2,S3c,120,3000,20.629680493320567,1.6784045722310232,19.95854648820259,31.732165874790155,9.05883352393664,1229.1244217655171,0.0,0.0,True
B4,S3c,120,3000,16.09816684142511,1.3097263837864084,57.595072881830795,109.02660804330688,9.05883352393664,1229.1244217655171,3.6643035478532373,-0.28682589722560126,True
S0,S3c,120,3000,180.4617843767064,14.682141301650379,198.49932914635207,265.2206097091848,9.05883352393664,1229.1244217655171,5.32516726012714,-5.22459401444338,True
S1,S3c,120,3000,143.42766729177123,11.669092628210201,166.41327060328692,220.89760586628555,9.05883352393664,1229.1244217655171,4.9190700611868605,-4.656241512474189,True
S2,S3c,120,3000,157.51589197710445,12.81529267401979,190.72386465851875,267.6617009580653,9.05883352393664,1229.1244217655171,5.806972039802939,-5.748052917426916,True
B3,S3c,120,3000,56.33606946686679,4.583430974867909,77.7292062498079,128.3684454064186,0.0,1229.1244217655171,5.717028935185185,3.909867824074074,True
B1,S3c,120,3600,18.92673334338676,1.5989002356185626,46.91454157028503,82.34807702182994,6.607133080505499,1183.734477096041,4.296764351851852,-3.212627777777778,True
B2,S3c,120,3600,15.192538558189526,1.2834414179994265,5.970648677700635,15.192538558189526,6.607133080505499,1183.734477096041,0.0,0.0,True
B4,S3c,120,3600,76.55980788140201,6.467650420153338,60.48954311819451,103.70252121581177,6.607133080505499,1183.734477096041,3.461829852127271,-2.374028876688335,True
S0,S3c,120,3600,170.6057630644758,14.412502665547848,95.75628910537567,170.6057630644758,6.607133080505499,1183.734477096041,5.058850073714958,-4.9771415092951425,True
S1,S3c,120,3600,158.38570324182515,13.380171508595394,89.86641400323967,158.38570324182515,6.607133080505499,1183.734477096041,4.53090398258012,-4.318842101391381,True
S2,S3c,120,3600,215.0685506932641,18.168648024924828,122.77347331702218,215.0685506932641,6.607133080505499,1183.734477096041,5.847256468230767,-5.763914787078753,True
B3,S3c,120,3600,20.67394281129654,1.7465017038292434,46.563795603085126,80.25646965349486,0.0,1183.734477096041,4.296764351851852,-3.212627777777778,True
B1,S3c,120,4200,77.89432072942125,5.5509460479569865,54.600566252604004,89.15680030229639,8.032926846255416,1403.262075625651,2.605455787037037,-0.28879930555555566,True
B2,S3c,120,4200,79.46991482433474,5.663226862943809,36.654611956251685,79.46991482433474,8.032926846255416,1403.262075625651,0.0,0.0,True
B4,S3c,120,4200,203.63211351125437,14.511338761896207,93.74935142300713,203.63211351125437,8.032926846255416,1403.262075625651,3.0840400969954023,1.641144459862857,True
S0,S3c,120,4200,367.9730115439134,26.222686263351832,214.3162744321721,378.6323368674131,8.032926846255416,1403.262075625651,5.190547399893603,-4.973313381590228,True
S1,S3c,120,4200,312.3079131646544,22.25585074872136,183.6953243545078,325.81929173602265,8.032926846255416,1403.262075625651,4.57335591350101,-4.220444079197031,True
S2,S3c,120,4200,417.24543333765496,29.733963497276452,241.6578132935577,425.2491864567044,8.032926846255416,1403.262075625651,5.769013224254927,-5.57435386265014,True
B3,S3c,120,4200,27.756547122534894,1.9780016580409263,42.51764655734123,82.01125580456434,0.0,1403.262075625651,2.605455787037037,-0.28879930555555566,True
B1,S3c,120,4800,237.12472762652246,19.605743607483586,107.98580680454994,237.12472762652246,8.802007772148793,1209.4656156577048,4.204539351851852,2.2818240740740747,True
B2,S3c,120,4800,48.209901655337504,3.986049791843075,25.75215169454297,48.209901655337504,8.802007772148793,1209.4656156577048,0.0,0.0,True
B4,S3c,120,4800,516.7100249518763,42.72217566688661,223.5946372933174,516.7100249518763,8.802007772148793,1209.4656156577048,6.81183332572662,5.749764015307905,True
S0,S3c,120,4800,361.67097798650093,29.903369992856312,275.73995733342616,361.67097798650093,8.802007772148793,1209.4656156577048,3.6857923658541965,-3.2912415941970834,True
S1,S3c,120,4800,209.946520241177,17.35861834542593,167.8732032239391,209.946520241177,8.802007772148793,1209.4656156577048,3.122796847047482,-0.8429478757777852,True
S2,S3c,120,4800,405.6644166931723,33.54079780701933,313.19968441285073,405.6644166931723,8.802007772148793,1209.4656156577048,4.074687937971534,-3.8154839333282933,True
B3,S3c,120,4800,206.5088425562573,17.074387223811918,94.35348054106932,206.5088425562573,0.0,1209.4656156577048,4.204539351851852,2.2818240740740747,True
B1,S3c,120,5400,476.91115624147255,70.12921870633278,243.11273544420627,476.91115624147255,10.226750826991275,680.04629887372,5.826302314814814,5.826302314814814,True
B2,S3c,120,5400,34.27320488529358,5.039834043954981,17.51464745736794,34.27320488529358,10.226750826991275,680.04629887372,0.0,0.0,True
B4,S3c,120,5400,349.06004403418984,51.328864609997375,175.42162224806094,349.06004403418984,10.226750826991275,680.04629887372,3.8091696571836824,3.714100151821258,True
S0,S3c,120,5400,71.88299684650808,10.570309251819964,61.94257517613666,83.15443126458224,10.226750826991275,680.04629887372,1.5917104070032801,-0.7933632585745188,True
S1,S3c,120,5400,78.7613130497059,11.58175747447621,56.29066167013713,87.2408606684087,10.226750826991275,680.04629887372,1.827565149155322,0.17582698083981863,True
S2,S3c,120,5400,82.3971608719217,12.116404575451162,67.7062765785235,94.07733311055264,10.226750826991275,680.04629887372,1.552692948683436,-0.9591218375756392,True
B3,S3c,120,5400,275.7321163689152,40.546079998608555,182.5746217782589,292.48621351323663,0.0,680.04629887372,5.826302314814814,5.826302314814814,True
B1,S3c,120,6000,105.87283842889046,15.481002647370365,65.84032858567483,105.87283842889046,10.565258626686857,683.8887689672622,2.0056990740740743,-0.0733361111111114,True
B2,S3c,120,6000,42.51923181843941,6.217273005177076,29.17881385841929,49.77382019692588,10.565258626686857,683.8887689672622,0.0,0.0,True
B4,S3c,120,6000,195.33507133331105,28.56240374122327,143.2329629342732,211.56475264632138,10.565258626686857,683.8887689672622,2.134256808074689,2.048893577684919,True
S0,S3c,120,6000,37.946629634720495,5.548655184383793,21.512335913626476,51.074102228315766,10.565258626686857,683.8887689672622,1.390389399726067,-0.5056533937521894,True
S1,S3c,120,6000,22.192785130446097,3.2450869406671696,22.163853298500687,42.120206298063586,10.565258626686857,683.8887689672622,1.4722883599788452,-0.9833757585727073,True
S2,S3c,120,6000,47.039563814043255,6.878247742696159,23.936082113937303,52.07898892063096,10.565258626686857,683.8887689672622,1.3647471624722638,-0.6623993459001672,True
B3,S3c,120,6000,9.873913330425504,1.443789367287909,29.724979264885754,54.00787691698748,0.0,683.8887689672622,2.0056990740740743,-0.0733361111111114,True
B1,S3c,120,6600,248.23784722967835,28.801802892203227,139.3211865370875,248.23784722967835,6.755922291985396,861.8830153055363,5.258707870370371,-5.1517625,True
B2,S3c,120,6600,44.644371992759964,5.179864459555871,21.831308428339675,44.644371992759964,6.755922291985396,861.8830153055363,0.0,0.0,True
B4,S3c,120,6600,62.21074417698481,7.21800326404288,38.92145252930347,74.47979099573926,6.755922291985396,861.8830153055363,1.2992468198660223,-0.08490915789993483,True
S0,S3c,120,6600,107.1461959762071,12.431640265961606,56.07781978045219,107.1461959762071,6.755922291985396,861.8830153055363,1.7445035044891957,-1.2789374140035756,True
S1,S3c,120,6600,98.71795486781012,11.453753364987096,51.254661063851266,98.71795486781012,6.755922291985396,861.8830153055363,1.9956531662022705,-1.6763233075276769,True
S2,S3c,120,6600,118.57553051793353,13.757729113144046,58.081692709510975,118.57553051793353,6.755922291985396,861.8830153055363,1.8478100792054541,-1.4435846423750862,True
B3,S3c,120,6600,250.7298859882895,29.09094175610435,140.22322126699902,250.7298859882895,0.0,861.8830153055363,5.258707870370371,-5.1517625,True
B1,S3c,120,7200,108.43816184251314,14.888991347286893,49.11502074032223,108.43816184251314,8.508342929697102,728.3110004780344,2.139740277777778,1.7898472222222226,True
B2,S3c,120,7200,27.50426410825202,3.77644496515902,13.53323517715549,27.50426410825202,8.508342929697102,728.3110004780344,0.0,0.0,True
B4,S3c,120,7200,208.42333786302558,28.61735408722713,124.75193436928205,208.47362093452588,8.508342929697102,728.3110004780344,2.7576276970001032,-2.1756938230639213,True
S0,S3c,120,7200,108.99758903342799,14.965802927854488,85.64471664969015,125.04554347259095,8.508342929697102,728.3110004780344,1.6701712159283841,-1.1438357806525918,True
S1,S3c,120,7200,125.54485039491091,17.237807792619947,93.9966336801052,138.2427948021916,8.508342929697102,728.3110004780344,1.6993373161568912,-1.3340420890954836,True
S2,S3c,120,7200,147.6088324257524,20.267280369082414,99.42604449812893,156.2977850962124,8.508342929697102,728.3110004780344,1.8851490815584888,-1.5715316475493295,True
B3,S3c,120,7200,107.07096138043094,14.701269280589448,51.458350778311875,107.07096138043094,0.0,728.3110004780344,2.139740277777778,1.7898472222222226,True
B1,S3c,120,7800,113.97535824994195,22.020753133853866,87.28876673083424,128.31672929021437,14.254105540865044,517.5815629789727,3.9855398148148153,3.981398611111112,True
B2,S3c,120,7800,3.692613868940005,0.7134361293101202,7.866679351931779,15.030851124007254,14.254105540865044,517.5815629789727,0.0,0.0,True
B4,S3c,120,7800,72.03601179712365,13.917808699080378,77.75979874874758,109.0210310783447,14.254105540865044,517.5815629789727,2.6553827493473228,2.444104212557311,True
S0,S3c,120,7800,49.757553631065036,9.613471033373438,33.64025487634669,52.949165087736546,14.254105540865044,517.5815629789727,1.5993966304923193,-0.5210690761660269,True
S1,S3c,120,7800,45.456267533109575,8.782435616810464,30.16311343813839,45.92368026414931,14.254105540865044,517.5815629789727,1.545060434234689,-0.40574701695421717,True
S2,S3c,120,7800,76.91858540358918,14.861152503361886,54.34954651544438,77.02018685646512,14.254105540865044,517.5815629789727,1.8461483817400222,-1.3679658452419983,True
B3,S3c,120,7800,125.37512539104678,24.22325955148837,83.74380012207787,125.37512539104678,0.0,517.5815629789727,3.9855398148148153,3.981398611111112,True
B1,S3c,120,8400,173.6178064076253,31.700551284910198,114.93944459441836,177.44985916604998,7.7971154604674755,547.6807164873162,2.89275,0.4149537037037041,True
B2,S3c,120,8400,33.18138759007648,6.058527640500729,9.744973269992217,33.18138759007648,7.7971154604674755,547.6807164873162,0.0,0.0,True
B4,S3c,120,8400,217.8382457468966,39.77467878439382,160.75154477284235,245.78368289160247,7.7971154604674755,547.6807164873162,2.69923721415062,1.7109364881167715,True
S0,S3c,120,8400,84.95797582029849,15.512318265502788,42.3347797688225,84.95797582029849,7.7971154604674755,547.6807164873162,1.8420794054605074,-0.9921142459272845,True
S1,S3c,120,8400,96.62068614596167,17.641790780157823,46.36658234970134,96.62068614596167,7.7971154604674755,547.6807164873162,1.6635419690966,-1.2073241018901673,True
S2,S3c,120,8400,127.48214087549512,23.276726208863607,70.66450337863753,127.48214087549512,7.7971154604674755,547.6807164873162,2.182006479633401,-1.9021470901229396,True
B3,S3c,120,8400,206.9378785904165,37.78440108639629,122.01050006498895,206.9378785904165,0.0,547.6807164873162,2.89275,0.4149537037037041,True
B1,S3c,120,9600,783.8302593123199,38.930173275312285,296.3322914412483,783.8302593123199,10.205839306995099,2013.4260738299583,7.979812268518518,-7.72256087962963,True
B2,S3c,120,9600,215.5816903628804,10.70720664468196,79.1479006007887,215.5816903628804,10.205839306995099,2013.4260738299583,0.0,0.0,True
B4,S3c,120,9600,748.8104062197337,37.19085671694612,248.73175242088584,748.8104062197337,10.205839306995099,2013.4260738299583,8.198700101913735,-6.96233692275651,True
S0,S3c,120,9600,699.128881697027,34.72334498813445,305.6652794614188,699.128881697027,10.205839306995099,2013.4260738299583,7.05333853989507,-6.914774424244151,True
S1,S3c,120,9600,948.3131053081978,47.09947475271876,426.1312388470457,948.3131053081978,10.205839306995099,2013.4260738299583,9.591447893173637,-9.587501972786148,True
S2,S3c,120,9600,778.7047938535933,38.6756089024085,336.64977033463805,778.7047938535933,10.205839306995099,2013.4260738299583,7.895977847440594,-7.752166659852588,True
B3,S3c,120,9600,779.6689034017882,38.72349293255622,290.4748163106072,779.6689034017882,0.0,2013.4260738299583,7.979812268518518,-7.72256087962963,True
B1,S3c,120,10200,1897.3764874737149,62.61681527552495,967.0313158451092,1897.3764874737149,8.592542154660755,3030.138915760768,16.021063425925924,-15.837228703703701,True
B2,S3c,120,10200,247.33443951507562,8.16247856587057,99.97751942867927,247.33443951507562,8.592542154660755,3030.138915760768,0.0,0.0,True
B4,S3c,120,10200,2465.814823049042,81.37629632171358,1289.2039374239919,2465.814823049042,8.592542154660755,3030.138915760768,20.69657346702885,-20.67543043833511,True
S0,S3c,120,10200,1631.2895199683305,53.83546976950287,824.803990737716,1631.2895199683305,8.592542154660755,3030.138915760768,13.709084149415787,-13.645046860094283,True
S1,S3c,120,10200,1642.9108144212385,54.21899325723677,838.65008110287,1642.9108144212385,8.592542154660755,3030.138915760768,13.813177747363783,-13.742932618047229,True
S2,S3c,120,10200,1727.2034736619557,57.00080166880111,897.8058010339356,1727.2034736619557,8.592542154660755,3030.138915760768,14.523078104038293,-14.440989070465703,True
B3,S3c,120,10200,1892.4216019603641,62.45329519769688,964.8407047534528,1892.4216019603641,0.0,3030.138915760768,16.021063425925924,-15.837228703703701,True
B1,S3c,120,10800,377.6912989028588,10.486899107469245,170.39693059018683,377.6912989028588,10.964137941461974,3601.553662644184,0.8195553240740736,-0.41407754629629434,True
B2,S3c,120,10800,377.0901338263157,10.47020728130604,169.86115599798092,377.0901338263157,10.964137941461974,3601.553662644184,0.0,0.0,True
B4,S3c,120,10800,376.22255996687426,10.446118403540867,169.63947728301216,376.22255996687426,10.964137941461974,3601.553662644184,0.779673026953832,-0.43984663984220124,True
S0,S3c,120,10800,2193.1632841610744,60.89492173638476,1247.4373031808393,2193.1632841610744,10.964137941461974,3601.553662644184,18.379728838630005,-18.379728838630005,True
S1,S3c,120,10800,1537.9381225673055,42.70207434416468,846.0038163128005,1537.9381225673055,10.964137941461974,3601.553662644184,12.788526899822735,-12.788526899822735,True
S2,S3c,120,10800,2087.0949484937046,57.94985009223502,1163.7280590977377,2087.0949484937046,10.964137941461974,3601.553662644184,17.473841665758428,-17.473841665758428,True
B3,S3c,120,10800,43.864363645072956,1.2179289205111739,18.27601622325154,43.864363645072956,0.0,3601.553662644184,0.8195553240740736,-0.41407754629629434,True
B1,S3c,120,11400,296.53505404586355,8.027566472380261,148.1865977460086,296.53505404586355,7.404430800035002,3693.95949651897,0.8201782407407403,-0.6146361111111105,True
B2,S3c,120,11400,290.28270514639445,7.858307743220912,144.96022195197537,290.28270514639445,7.404430800035002,3693.95949651897,0.0,0.0,True
B4,S3c,120,11400,300.0958750045574,8.123962249379154,152.4287990201283,300.0958750045574,7.404430800035002,3693.95949651897,0.781328530496865,-0.5870370552010803,True
S0,S3c,120,11400,2218.2706349391237,60.05129826219068,1288.0366176739117,2218.2706349391237,7.404430800035002,3693.95949651897,18.525987012483267,-18.525987012483267,True
S1,S3c,120,11400,1002.444544824873,27.137399469851633,558.7779527261689,1002.444544824873,7.404430800035002,3693.95949651897,8.166374141863095,-8.166374141863095,True
S2,S3c,120,11400,2142.5158595941048,58.00052387182698,1220.3706160892912,2142.5158595941048,7.404430800035002,3693.95949651897,17.88883056392322,-17.88883056392322,True
B3,S3c,120,11400,67.17386414049527,1.8184786325837372,34.39958445678891,67.17386414049527,0.0,3693.95949651897,0.8201782407407403,-0.6146361111111105,True
B1,S3c,120,12000,161.2830019203693,4.398881820206189,70.41305030425134,161.2830019203693,5.4635111395075056,3666.4545335025496,0.7333296296296302,0.6734171296296306,True
B2,S3c,120,12000,136.00522746206576,3.7094480844997824,54.21781463636322,136.00522746206576,5.4635111395075056,3666.4545335025496,0.0,0.0,True
B4,S3c,120,12000,185.495431087174,5.05925900327396,92.5907565146592,185.495431087174,5.4635111395075056,3666.4545335025496,1.096301854681405,1.0887504957608232,True
S0,S3c,120,12000,2179.143317465295,59.43461994559544,1251.7557949287614,2179.143317465295,5.4635111395075056,3666.4545335025496,18.45613234670962,-18.45613234670962,True
S1,S3c,120,12000,901.6208417992787,24.591082026536515,513.3943552398264,901.6208417992787,5.4635111395075056,3666.4545335025496,7.512928776381895,-7.512928776381895,True
S2,S3c,120,12000,2090.187866077944,57.00842181400776,1166.644495232678,2090.187866077944,5.4635111395075056,3666.4545335025496,17.70239595203463,-17.70239595203463,True
B3,S3c,120,12000,88.70966143120894,2.419494381305336,44.17421563414705,88.70966143120894,0.0,3666.4545335025496,0.7333296296296302,0.6734171296296306,True
B1,S3c,120,12600,182.53273274663496,4.946901084595649,84.4983885207662,182.53273274663496,4.245312073198587,3689.839954856402,0.833484259259259,-0.14187962962962805,True
B2,S3c,120,12600,191.3428256654201,5.18566734618349,86.05660736097003,191.3428256654201,4.245312073198587,3689.839954856402,0.0,0.0,True
B4,S3c,120,12600,219.6993659778166,5.95417060538515,100.08286032268504,219.6993659778166,4.245312073198587,3689.839954856402,1.1995386943663486,-1.0696687821520539,True
S0,S3c,120,12600,2135.907362494622,57.88617903829233,1274.7097890328482,2135.907362494622,4.245312073198587,3689.839954856402,17.872155682049677,-17.872155682049677,True
S1,S3c,120,12600,952.6962249162433,25.81944573672761,550.011901331233,952.6962249162433,4.245312073198587,3689.839954856402,7.861714720104122,-7.861714720104122,True
S2,S3c,120,12600,2089.298973205433,56.62302427116361,1211.1306465868886,2089.298973205433,4.245312073198587,3689.839954856402,17.479705869224265,-17.479705869224265,True
B3,S3c,120,12600,10.041198767577736,0.2721310108413228,25.53447170772766,42.325415465349174,0.0,3689.839954856402,0.833484259259259,-0.14187962962962805,True
B1,S3c,120,13200,360.444346508613,10.7984364391758,122.09885122213673,360.444346508613,2.1825775106281347,3337.930898967483,3.7944844907407402,2.824883564814814,True
B2,S3c,120,13200,82.05763422189358,2.458338315130381,53.73708017970108,82.05763422189358,2.1825775106281347,3337.930898967483,0.0,0.0,True
B4,S3c,120,13200,477.32081027767026,14.299900888461147,165.10904033777513,477.32081027767026,2.1825775106281347,3337.930898967483,4.211478612759526,3.8240397062462157,True
S0,S3c,120,13200,1803.367360469316,54.026503695062985,1120.2979728611344,1803.367360469316,2.1825775106281347,3337.930898967483,15.11825628707751,-15.11825628707751,True
S1,S3c,120,13200,600.615083040515,17.99363441664722,435.08825919187257,605.9496147847251,2.1825775106281347,3337.930898967483,5.255265885754134,-5.045001595658311,True
S2,S3c,120,13200,1713.8962367281215,51.34606702787882,1054.2750773840353,1713.8962367281215,2.1825775106281347,3337.930898967483,14.371795914114784,-14.371795914114784,True
B3,S3c,120,13200,347.76892950319075,10.418697691158483,108.94718168941986,347.76892950319075,0.0,3337.930898967483,3.7944844907407402,2.824883564814814,True
B1,S3c,120,13800,1041.1457551977746,38.200611282636515,552.9033172632563,1041.1457551977746,1.2790659812216927,2725.4688347644606,8.759091435185185,8.752794212962963,True
B2,S3c,120,13800,33.944003215390865,1.245437217348492,12.501517355160813,33.944003215390865,1.2790659812216927,2725.4688347644606,0.0,0.0,True
B4,S3c,120,13800,1093.595892497696,40.12505586372652,596.3614684570882,1093.595892497696,1.2790659812216927,2725.4688347644606,9.193854381701579,9.193570759595469,True
S0,S3c,120,13800,1310.9492112530972,48.09995236531081,846.4683414207188,1310.9492112530972,1.2790659812216927,2725.4688347644606,11.11823114503995,-11.11823114503995,True
S1,S3c,120,13800,126.00009391222514,4.62306126215948,133.0401109610138,179.15127718768684,1.2790659812216927,2725.4688347644606,2.3957287672275736,-1.053726235592559,True
S2,S3c,120,13800,1235.4050990436338,45.32816825074426,773.4552040155977,1235.4050990436338,1.2790659812216927,2725.4688347644606,10.507667992965846,-10.507667992965846,True
B3,S3c,120,13800,1040.1694472799743,38.16478963223468,553.7177675785665,1040.1694472799743,0.0,2725.4688347644606,8.759091435185185,8.752794212962963,True
B1,S3c,120,14400,285.2735915701797,13.229259690032892,112.45305863852836,285.2735915701797,0.026652639403030625,2156.3836394043183,3.7384115740740738,2.329868055555556,True
B2,S3c,120,14400,14.37278119468952,0.6665224560254905,10.823009990139624,15.042654076745373,0.026652639403030625,2156.3836394043183,0.0,0.0,True
B4,S3c,120,14400,167.42674320546507,7.764237315940461,113.60747570878281,172.46962867206267,0.026652639403030625,2156.3836394043183,3.4673020297399972,0.45394530879425815,True
S0,S3c,120,14400,742.2823628531282,34.422555861079395,511.08339942568597,742.2823628531282,0.026652639403030625,2156.3836394043183,6.993376876960917,-6.981797640085815,True
S1,S3c,120,14400,137.52023154729073,6.377354615122171,125.17169828323576,174.54957765300765,0.026652639403030625,2156.3836394043183,3.0059192337572815,-0.27998606965771006,True
S2,S3c,120,14400,741.5876921718695,34.3903412463622,499.76983229844234,741.5876921718695,0.026652639403030625,2156.3836394043183,6.976659636058594,-6.941528821518729,True
B3,S3c,120,14400,273.8001548769038,12.697191254545903,106.2938968847779,273.8001548769038,0.0,2156.3836394043183,3.7384115740740738,2.329868055555556,True
B1,S3c,120,15000,493.8558064778702,32.35718769360718,279.95992970059314,493.8558064778702,0.7666697610845092,1526.263070679166,6.512438657407407,6.512438657407407,True
B2,S3c,120,15000,9.642510530348183,0.6317725112786354,7.309241363885086,10.342381855522381,0.7666697610845092,1526.263070679166,0.0,0.0,True
B4,S3c,120,15000,147.57654135394645,9.669141853001587,64.08173343639112,147.57654135394645,0.7666697610845092,1526.263070679166,2.9270050158381165,1.5079338762022103,True
S0,S3c,120,15000,335.72431498821135,21.99649073857357,246.92606352835543,335.72431498821135,0.7666697610845092,1526.263070679166,3.6288187818892577,-3.5016569485078866,True
S1,S3c,120,15000,158.00591298142777,10.352469113408956,109.99453630721185,158.87517090799403,0.7666697610845092,1526.263070679166,2.49084579800207,-0.4354212535813657,True
S2,S3c,120,15000,331.8057735052625,21.73974984257553,239.1506161527199,331.8057735052625,0.7666697610845092,1526.263070679166,3.7228645916725585,-3.4469390854226596,True
B3,S3c,120,15000,497.7717856505348,32.613760708305236,280.47394925160006,497.7717856505348,0.0,1526.263070679166,6.512438657407407,6.512438657407407,True
B1,S3c,120,15600,532.2801061603842,42.36119681764324,321.223120609824,541.6548660530716,1.4606485920910703,1256.5275444217195,6.559687962962965,6.54184814814815,True
B2,S3c,120,15600,4.352110778328101,0.34636015721653235,2.800243248471188,4.70345807677146,1.4606485920910703,1256.5275444217195,0.0,0.0,True
B4,S3c,120,15600,523.714333006638,41.679494837310735,323.80582095329123,534.9742949551016,1.4606485920910703,1256.5275444217195,6.360137111646625,6.357124923754883,True
S0,S3c,120,15600,80.204830442852,6.3830539011195295,91.60805943609337,135.21927914231182,1.4606485920910703,1256.5275444217195,2.169623121097364,-1.068608153065555,True
S1,S3c,120,15600,231.35014413234683,18.411864121834196,123.89305952840195,235.2524484183605,1.4606485920910703,1256.5275444217195,3.3275508763832216,2.8287549687309026,True
S2,S3c,120,15600,66.11048058120761,5.26136341974366,86.45581462939045,128.07792434293148,1.4606485920910703,1256.5275444217195,2.1468458726724573,-0.8377677621505942,True
B3,S3c,120,15600,528.2871840600739,42.04342247851023,321.21904495568174,539.3559536351281,0.0,1256.5275444217195,6.559687962962965,6.54184814814815,True
B1,S3c,120,16200,50.085296802064875,4.37796091209609,36.18200641999567,64.57900186685528,1.1995289557748279,1144.0325258199923,2.2391048611111115,1.7837659722222226,True
B2,S3c,120,16200,5.64092549140604,0.4930738736962808,4.878602460980907,8.212201636090635,1.1995289557748279,1144.0325258199923,0.0,0.0,True
B4,S3c,120,16200,101.51067672828287,8.873058627028499,66.7227594434296,118.97450358398778,1.1995289557748279,1144.0325258199923,3.6005691314761075,3.543453270713122,True
S0,S3c,120,16200,42.66420649550937,3.72928264997794,30.153817550806956,47.742854795797754,1.1995289557748279,1144.0325258199923,2.0494142952471113,-0.4175780804673916,True
S1,S3c,120,16200,16.770799540890312,1.4659373018148885,24.804998086438886,44.16082157661148,1.1995289557748279,1144.0325258199923,1.86286316291246,-0.745983898213391,True
S2,S3c,120,16200,60.78077448713469,5.3128537096067,41.612279188554716,65.39993988734619,1.1995289557748279,1144.0325258199923,2.133359610335868,-0.32603766474566553,True
B3,S3c,120,16200,54.16009851682724,4.734139746420904,35.559682969386415,61.66395742387676,0.0,1144.0325258199923,2.2391048611111115,1.7837659722222226,True
B1,S3c,120,16800,97.61681314759514,9.25020922710478,79.03901159305843,127.76668012846403,0.18966561593844575,1055.2930290653348,2.2710215277777777,1.1298576388888883,True
B2,S3c,120,16800,1.0611489436245818,0.10055490886398002,2.7666727642598987,4.2586601275010185,0.18966561593844575,1055.2930290653348,0.0,0.0,True
B4,S3c,120,16800,186.5619773793835,17.67868944842932,180.60452941537963,258.65067253688466,0.18966561593844575,1055.2930290653348,4.22510448495056,4.148055063148984,True
S0,S3c,120,16800,30.274200680557477,2.868795665917656,27.949771268162774,43.30769719859386,0.18966561593844575,1055.2930290653348,2.0925110029478073,-1.140017872260338,True
S1,S3c,120,16800,62.773274292033726,5.948421202747028,43.783567819253456,63.787589550611116,0.18966561593844575,1055.2930290653348,2.578250194733238,-1.9209179568014119,True
S2,S3c,120,16800,20.67113316309951,1.9588050516554416,33.37071181256677,52.58296478114405,0.18966561593844575,1055.2930290653348,2.298320221596197,-1.1787755047445512,True
B3,S3c,120,16800,101.00964576109719,9.57171543628604,81.34748840075918,130.92696847593402,0.0,1055.2930290653348,2.2710215277777777,1.1298576388888883,True
B1,S3c,120,17400,163.99908094760562,16.944117787592926,182.43866124576599,257.44050102076443,5.544511224426857,967.882087479889,4.300260185185185,-4.16217962962963,True
B2,S3c,120,17400,8.112139773010341,0.8381330616554982,13.148584409805125,20.298572651551737,5.544511224426857,967.882087479889,0.0,0.0,True
B4,S3c,120,17400,146.652563494908,15.15190387258357,205.73523316748282,296.5610336259643,5.544511224426857,967.882087479889,5.379794217709569,-5.3540627953554,True
S0,S3c,120,17400,52.09388450860158,5.382255254277966,53.259979611408305,78.34989286329163,5.544511224426857,967.882087479889,1.8398720988715245,-1.0360923972339853,True
S1,S3c,120,17400,86.17047613459886,8.902993169236572,78.11929844127123,110.23010356514781,5.544511224426857,967.882087479889,2.135063867429058,-1.4451603914931002,True
S2,S3c,120,17400,47.86630979300543,4.945469123995955,57.811704129264115,80.92811678906175,5.544511224426857,967.882087479889,2.074190874412999,-1.4167129537803589,True
B3,S3c,120,17400,160.5998351121894,16.592913247351156,181.75404464432157,256.9947379268766,0.0,967.882087479889,4.300260185185185,-4.16217962962963,True
B1,S3c,120,18000,46.90008434631682,5.176819490204729,91.81527885084624,133.44345052141242,3.0180228579784587,905.963293390051,3.3305979166666675,3.328254861111112,True
B2,S3c,120,18000,20.786870944727458,2.2944495760909303,11.759153570192392,22.205432724462657,3.0180228579784587,905.963293390051,0.0,0.0,True
B4,S3c,120,18000,207.58420214487825,22.913091916573435,126.06388732905754,218.9966485204057,3.0180228579784587,905.963293390051,3.373398025126919,-2.9900211056958548,True
S0,S3c,120,18000,76.72843763004438,8.469265608204937,46.27150104719674,86.41291773976586,3.0180228579784587,905.963293390051,1.9411158535137372,-1.0200123893808726,True
S1,S3c,120,18000,77.10055039993448,8.510339321964096,47.17538871425941,84.11571517962267,3.0180228579784587,905.963293390051,1.9439707855116914,-0.4730280547170515,True
S2,S3c,120,18000,102.8556281607889,11.353178314312311,64.51729013643562,118.35953097005412,3.0180228579784587,905.963293390051,2.22499882226667,-1.5343343239153755,True
B3,S3c,120,18000,70.62344994953553,7.795398606633116,103.07476673722938,135.1032086101521,0.0,905.963293390051,3.3305979166666675,3.328254861111112,True
B1,S3c,120,18600,75.04163273437534,7.735427942186788,35.79649372620685,75.21936366689881,4.9185722566058665,970.1031836276306,1.9444761574074072,0.00764652777777736,True
B2,S3c,120,18600,12.1372982410168,1.251134770595253,7.358479208771147,12.1372982410168,4.9185722566058665,970.1031836276306,0.0,0.0,True
B4,S3c,120,18600,115.9642220108492,11.953802849838032,74.00421514029588,126.26300563847559,4.9185722566058665,970.1031836276306,2.47153784601376,1.3216604248050237,True
S0,S3c,120,18600,18.75361023313436,1.9331562404533702,45.10844546575892,63.372580952734566,4.9185722566058665,970.1031836276306,2.249192717821866,-1.316422069742069,True
S1,S3c,120,18600,43.11325357551491,4.444192566639769,90.83007875327839,122.96481343168458,4.9185722566058665,970.1031836276306,2.9257347351458964,-2.6845417523627755,True
S2,S3c,120,18600,34.62970053504321,3.5696924945187742,60.83331970535964,88.14101880164534,4.9185722566058665,970.1031836276306,2.73464763475558,-2.010757756450101,True
B3,S3c,120,18600,89.12067930185239,9.186721660740465,37.90629050393446,89.27270660309306,0.0,970.1031836276306,1.9444761574074072,0.00764652777777736,True
B1,S3c,120,19200,393.0217113598055,60.76134996474458,146.9654514604591,393.0217113598055,4.190361909349968,646.8284716976294,4.192279398148148,3.105225231481482,True
B2,S3c,120,19200,11.92943936576345,1.8442971958940086,7.949145022452577,11.92943936576345,4.190361909349968,646.8284716976294,0.0,0.0,True
B4,S3c,120,19200,239.5127803698555,37.02879369877516,127.73341522907334,239.5127803698555,4.190361909349968,646.8284716976294,3.218192034437656,2.079909635178035,True
S0,S3c,120,19200,71.16357572635107,11.00192382372705,56.606644570018965,86.23847216088646,4.190361909349968,646.8284716976294,1.6008320322469838,-0.8033808090844938,True
S1,S3c,120,19200,78.52231814657583,12.139589022803927,61.492076295455206,94.16019044523904,4.190361909349968,646.8284716976294,1.4852244471274851,-0.9247567126958527,True
S2,S3c,120,19200,96.93470079328569,14.986152439900543,76.59649763097556,100.3232622895003,4.190361909349968,646.8284716976294,1.5944457488458563,-1.1889480061431272,True
B3,S3c,120,19200,406.7349168176807,62.8814182761911,155.42903227721828,406.7349168176807,0.0,646.8284716976294,4.192279398148148,3.105225231481482,True
B1,S3c,120,19800,701.0084149107736,128.58415159016823,483.73571267023635,706.175084319588,5.69343417944297,545.1748183905845,7.175033564814815,6.129300694444445,True
B2,S3c,120,19800,27.55294606785249,5.0539652857026285,8.718963175513423,27.55294606785249,5.69343417944297,545.1748183905845,0.0,0.0,True
B4,S3c,120,19800,425.1356678333457,77.98153060121018,220.724550352061,425.3783160774323,5.69343417944297,545.1748183905845,4.773222460554348,0.5288132790482242,True
S0,S3c,120,19800,150.99250354430467,27.69616248785133,56.50106503943547,153.17975905963132,5.69343417944297,545.1748183905845,1.7517293905201181,-1.4125364625214742,True
S1,S3c,120,19800,209.36568645917677,38.40340371502248,74.28593900168016,209.98073231908958,5.69343417944297,545.1748183905845,2.1673693449521854,-1.9772482589413252,True
S2,S3c,120,19800,190.18354967915894,34.884874220823605,72.10405870441915,198.21111034752892,5.69343417944297,545.1748183905845,2.1527081565543607,-1.8807483826557545,True
B3,S3c,120,19800,724.2431863164213,132.84604532074064,487.9294045633308,727.0926693719867,0.0,545.1748183905845,7.175033564814815,6.129300694444445,True
B1,S3c,120,21000,548.3099860846542,52.769970829819044,458.2792785320333,560.1565617839474,2.0458493410742604,1039.05682997804,6.154356712962962,4.536170138888888,True
B2,S3c,120,21000,43.86685185490869,4.221795246352001,18.88299443180272,43.86685185490869,2.0458493410742604,1039.05682997804,0.0,0.0,True
B4,S3c,120,21000,544.737772149485,52.42617693596198,262.57048275214345,562.0930316414028,2.0458493410742604,1039.05682997804,7.437735063828107,-4.570057186577191,True
S0,S3c,120,21000,457.4104264583907,44.021694796814714,230.71020836983084,462.5902845611612,2.0458493410742604,1039.05682997804,3.938886550776021,-3.843320066238656,True
S1,S3c,120,21000,406.4766683653403,39.119772531973155,205.67091011305448,411.22602471301786,2.0458493410742604,1039.05682997804,3.518933392863355,-3.4153092148145,True
S2,S3c,120,21000,483.54959734602977,46.537358053481,254.06545674837426,489.9713089693445,2.0458493410742604,1039.05682997804,4.210284217860277,-4.061432834276252,True
B3,S3c,120,21000,543.4787828422682,52.30501038655935,456.56072413808255,557.3955709445552,0.0,1039.05682997804,6.154356712962962,4.536170138888888,True
B1,S3c,120,21600,533.3202659443274,38.64984214518702,328.3334206927148,533.3202659443274,1.1079048260205224,1379.8769576882748,4.475611342592592,4.388530324074074,True
B2,S3c,120,21600,35.78703125506173,2.593494373224131,17.507491825381276,35.78703125506173,1.1079048260205224,1379.8769576882748,0.0,0.0,True
B4,S3c,120,21600,480.73089507320947,34.83867836148115,311.9745297847853,495.68917439756444,1.1079048260205224,1379.8769576882748,4.326559904232638,3.939898554561581,True
S0,S3c,120,21600,598.3433468476285,43.362079750214875,355.13141319822245,598.3433468476285,1.1079048260205224,1379.8769576882748,5.148652798735027,-5.066194542293496,True
S1,S3c,120,21600,165.25083922741769,11.975766267179683,98.5111584362133,167.3946123394631,1.1079048260205224,1379.8769576882748,2.001755139827636,-1.4116062176186823,True
S2,S3c,120,21600,651.2383071811839,47.19538967243946,372.78986782724434,651.2383071811839,1.1079048260205224,1379.8769576882748,5.606782229534858,-5.511309389152161,True
B3,S3c,120,21600,529.9464005822517,38.40533734761957,327.7039468339356,529.9464005822517,0.0,1379.8769576882748,4.475611342592592,4.388530324074074,True
B1,S3c,120,22800,425.1368432424595,31.84059983497274,256.4107255123991,425.1368432424595,1.831192232612354,1335.2036250758763,4.227064351851851,4.227064351851851,True
B2,S3c,120,22800,45.77749403166965,3.4285028269802837,20.597443846002697,45.77749403166965,1.831192232612354,1335.2036250758763,0.0,0.0,True
B4,S3c,120,22800,525.889324205587,39.38645119958403,293.2123260040609,525.889324205587,1.831192232612354,1335.2036250758763,5.304297479197541,5.301606123407991,True
S0,S3c,120,22800,335.6797778331364,25.140717979556158,191.30145368091064,335.6797778331364,1.831192232612354,1335.2036250758763,3.410843940069235,-3.195907088489119,True
S1,S3c,120,22800,176.4320170249956,13.21386593861063,102.21171516978096,177.79496724541755,1.831192232612354,1335.2036250758763,2.042888095086155,-1.6039948119658296,True
S2,S3c,120,22800,362.113838903002,27.120495488650576,182.6570844287542,362.113838903002,1.831192232612354,1335.2036250758763,3.8488008604416004,-3.461126112107979,True
B3,S3c,120,22800,403.89437124904055,30.24964609619662,246.91132396394949,403.89437124904055,0.0,1335.2036250758763,4.227064351851851,4.227064351851851,True
B1,S3c,120,23400,504.81060405953525,38.77775442832143,348.5193224583609,508.70731964274944,16.718991790899253,1301.8046338723666,4.413781944444445,-4.341833796296296,True
B2,S3c,120,23400,9.216185933469673,0.7079546111350883,9.853725363132536,14.330846705130194,16.718991790899253,1301.8046338723666,0.0,0.0,True
B4,S3c,120,23400,122.41984577434586,9.403856968168414,69.34302531081589,122.41984577434586,16.718991790899253,1301.8046338723666,2.5828507420327576,0.9352806197345389,True
S0,S3c,120,23400,338.87081630558345,26.030850366354397,215.49154213342882,340.38260544015117,16.718991790899253,1301.8046338723666,3.094423797190999,-2.9105909002227084,True
S1,S3c,120,23400,329.0692299588442,25.277927378395493,222.7228276868531,332.4104445328968,16.718991790899253,1301.8046338723666,3.0957823215451334,-2.8313427324711977,True
S2,S3c,120,23400,385.78676459641787,29.634766581591514,244.89671547565368,385.78676459641787,16.718991790899253,1301.8046338723666,3.4266906338378007,-3.3056510554541454,True
B3,S3c,120,23400,505.52350858140363,38.832517217093184,348.2624257409809,509.1761334600694,0.0,1301.8046338723666,4.413781944444445,-4.341833796296296,True
B1,S3c,120,24000,346.0528227202331,34.381036756039954,177.36930209780022,346.0528227202331,16.041153648434975,1006.5223604969957,3.547742592592593,2.866981018518519,True
B2,S3c,120,24000,27.061440722676746,2.6886080016458336,12.402758042344535,27.061440722676746,16.041153648434975,1006.5223604969957,0.0,0.0,True
B4,S3c,120,24000,565.1947013770292,56.15321860290815,309.82552165455365,565.1947013770292,16.041153648434975,1006.5223604969957,4.796299140907305,4.714698345958568,True
S0,S3c,120,24000,301.8823135126701,29.992608744788157,172.16450460297332,301.8823135126701,16.041153648434975,1006.5223604969957,2.8180787804485012,-2.578508419495883,True
S1,S3c,120,24000,371.80896402346497,36.939960662163024,209.74987993680372,371.80896402346497,16.041153648434975,1006.5223604969957,3.2794291592434734,-3.1736585984957135,True
S2,S3c,120,24000,334.8367451300018,33.26669712182726,186.75257899497967,334.91672594958663,16.041153648434975,1006.5223604969957,3.110473781382739,-2.860529263533525,True
B3,S3c,120,24000,311.00225708995464,30.898693292455963,157.773907943072,311.00225708995464,0.0,1006.5223604969957,3.547742592592593,2.866981018518519,True
B1,S3c,120,24600,186.07987777535803,21.986412323881037,106.23451073697795,186.07987777535803,29.26232468651707,846.3403443646109,2.924975462962963,-0.7240930555555553,True
B2,S3c,120,24600,203.43560841390544,24.037092142480162,114.29804240521787,203.43560841390544,29.26232468651707,846.3403443646109,0.0,0.0,True
B4,S3c,120,24600,401.0834394242773,47.390324955546134,226.26002229234535,401.0834394242773,29.26232468651707,846.3403443646109,4.447841145364215,-3.383516397659178,True
S0,S3c,120,24600,256.0478440062706,30.253531656758987,185.5621379868072,267.9644059034905,29.26232468651707,846.3403443646109,2.7074004061967742,-1.7192144630011372,True
S1,S3c,120,24600,233.8517530716078,27.6309353121021,164.0008422033301,237.6833923752058,29.26232468651707,846.3403443646109,2.3973469841357513,-1.4533699410827157,True
S2,S3c,120,24600,297.143943812462,35.109273212721824,216.3341074086017,313.0959050067686,29.26232468651707,846.3403443646109,3.12599598841848,-2.151954783423013,True
B3,S3c,120,24600,104.10859861588305,12.301032239464192,76.966918173468,123.64697942475914,0.0,846.3403443646109,2.924975462962963,-0.7240930555555553,True
B1,S3c,120,25200,644.1297200484535,78.11491603988473,434.0826243051212,644.1297200484535,8.996411182888288,824.5924756797625,6.521190046296296,-6.521190046296296,True
B2,S3c,120,25200,118.89755375722163,14.418947208947914,79.94301740885405,119.07020852779416,8.996411182888288,824.5924756797625,0.0,0.0,True
B4,S3c,120,25200,620.4224243683632,75.23988426609286,414.1255715347743,620.4224243683632,8.996411182888288,824.5924756797625,6.299993651067819,-6.299956973438017,True
S0,S3c,120,25200,104.84744661578641,12.715062252945515,90.5125082764446,129.6799298198613,8.996411182888288,824.5924756797625,2.22957012484935,-0.15336758449854065,True
S1,S3c,120,25200,126.11002158011858,15.293617792978077,96.79670727790011,140.74896016177667,8.996411182888288,824.5924756797625,2.1685621426642583,-0.6676248379365952,True
S2,S3c,120,25200,134.25884276945806,16.28184184663827,107.70802793204766,150.02928995366736,8.996411182888288,824.5924756797625,2.2731634045710796,-0.4502016253390927,True
B3,S3c,120,25200,644.1297200484535,78.11491603988473,434.0826243051212,644.1297200484535,0.0,824.5924756797625,6.521190046296296,-6.521190046296296,True
B1,S3c,120,25800,196.7535180609667,25.440539704200788,132.33583303151764,196.7535180609667,12.366323289596764,773.3857864205546,2.0501928240740743,-1.0232673611111114,True
B2,S3c,120,25800,88.14599647822754,11.397416144171958,62.61739938765918,88.14599647822754,12.366323289596764,773.3857864205546,0.0,0.0,True
B4,S3c,120,25800,282.2905667673094,36.50061479327528,163.16233337220677,282.2905667673094,12.366323289596764,773.3857864205546,3.107449327411811,-2.4632138147211555,True
S0,S3c,120,25800,131.7417948581176,17.03442152303515,83.9353163556766,131.7417948581176,12.366323289596764,773.3857864205546,2.0126603953705846,-0.24821592005007734,True
S1,S3c,120,25800,225.01731227107905,29.095092801294168,137.73135070859183,225.01731227107905,12.366323289596764,773.3857864205546,2.4668734914348103,-1.8419033248694325,True
S2,S3c,120,25800,188.5318261042897,24.377461987873822,106.5399006431772,188.5318261042897,12.366323289596764,773.3857864205546,2.1533461451936278,-1.0085582707062024,True
B3,S3c,120,25800,138.9865478448172,17.971179492202175,105.3955207438448,140.0478737746882,0.0,773.3857864205546,2.0501928240740743,-1.0232673611111114,True
B1,S3c,120,26400,152.21815883181804,19.365828470362043,92.41541769751579,152.21815883181804,1.8866721016232564,786.0141850619848,1.9712208333333334,1.9230902777777779,True
B2,S3c,120,26400,33.72951488909022,4.29120943745186,33.254767495077516,42.75962430110227,1.8866721016232564,786.0141850619848,0.0,0.0,True
B4,S3c,120,26400,113.35332501553563,14.421282359757493,88.28084594894334,124.08432497701307,1.8866721016232564,786.0141850619848,1.9360597896545169,-0.9536119035822848,True
S0,S3c,120,26400,97.92154277698324,12.457986718046467,59.23896215511513,107.79760151989863,1.8866721016232564,786.0141850619848,2.14389973708363,-0.34503198304402183,True
S1,S3c,120,26400,103.1840527339481,13.127505164020805,62.32879103059772,109.49831678338661,1.8866721016232564,786.0141850619848,2.0105114947727785,-0.6697659238990435,True
S2,S3c,120,26400,143.8472296085934,18.30084397233234,97.67179359769617,145.05640521330525,1.8866721016232564,786.0141850619848,2.4520416280029385,-1.2200853772156606,True
B3,S3c,120,26400,133.54627516884494,16.9903136237056,87.21486895707366,133.54627516884494,0.0,786.0141850619848,1.9712208333333334,1.9230902777777779,True
B1,S3c,120,27000,75.08853401157658,7.839650980666118,46.41051533334478,81.9645940847038,8.170217723487117,957.8045527378373,1.4990023148148148,0.11427314814814858,True
B2,S3c,120,27000,24.55700483580716,2.5638847472182262,17.5665591804625,34.79937933702353,8.170217723487117,957.8045527378373,0.0,0.0,True
B4,S3c,120,27000,97.24734654485414,10.153151419762766,96.4197665353117,122.86366242995855,8.170217723487117,957.8045527378373,2.0971623877702843,1.3307004495558519,True
S0,S3c,120,27000,43.669344985828545,4.559316915022158,38.682003190639534,70.47859117902043,8.170217723487117,957.8045527378373,2.3831747206483285,-0.7410905929453092,True
S1,S3c,120,27000,111.3651894362796,11.627130933753413,59.012167639173214,111.3651894362796,8.170217723487117,957.8045527378373,2.553975117702915,-1.5507367510207986,True
S2,S3c,120,27000,89.29678034323541,9.323069105067933,57.95728831993865,89.29678034323541,8.170217723487117,957.8045527378373,2.707280183893383,-1.369003120358429,True
B3,S3c,120,27000,46.42674267519513,4.847204217445674,29.643347330101598,53.50699682406875,0.0,957.8045527378373,1.4990023148148148,0.11427314814814858,True
B1,S3c,120,27600,222.4091185702264,22.649750816847387,156.15258995372676,222.4384227923466,9.183358815695673,981.9495162162825,2.57832037037037,-2.110536574074074,True
B2,S3c,120,27600,56.451248279137225,5.748895166898109,32.78450720953681,56.451248279137225,9.183358815695673,981.9495162162825,0.0,0.0,True
B4,S3c,120,27600,41.518852859398265,4.228206458044977,84.36984823028057,125.91493376706129,9.183358815695673,981.9495162162825,2.0852120484414582,-0.12381874325220509,True
S0,S3c,120,27600,201.1312740927445,20.482852811798082,123.18740226624534,202.98448158969262,9.183358815695673,981.9495162162825,2.60199784172455,-1.907374275928477,True
S1,S3c,120,27600,247.49035248224956,25.203979267274036,161.45799493775348,248.86559289735553,9.183358815695673,981.9495162162825,2.788092879977958,-2.333933776657204,True
S2,S3c,120,27600,276.64081416531747,28.172610668549382,178.74837307500135,277.9313295784492,9.183358815695673,981.9495162162825,3.260737211150297,-2.890396525952705,True
B3,S3c,120,27600,226.0809747022301,23.023686143599452,160.80338443982757,226.82211358665867,0.0,981.9495162162825,2.57832037037037,-2.110536574074074,True
B1,S3c,120,28200,160.1946184593018,15.35536104591729,43.454855039726176,160.1946184593018,0.020096727263990283,1043.2487909614774,3.2836893518518515,-1.7632101851851845,True
B2,S3c,120,28200,12.413536004330796,1.189892201350193,13.838854834352519,19.86993697242946,0.020096727263990283,1043.2487909614774,0.0,0.0,True
B4,S3c,120,28200,362.3514489129517,34.732985271806726,190.31913355780463,362.3514489129517,0.020096727263990283,1043.2487909614774,3.9260708149776686,2.402238220222021,True
S0,S3c,120,28200,44.2460117617214,4.241175465053112,109.85496928720761,161.2206719021919,0.020096727263990283,1043.2487909614774,3.1454816074078265,-2.4974379355346925,True
S1,S3c,120,28200,125.0544243783392,11.987018385431028,193.05994488641008,285.39017079082373,0.020096727263990283,1043.2487909614774,4.547247876804078,-4.376372214655254,True
S2,S3c,120,28200,78.18993245270916,7.494850042495411,147.2043161260037,213.43285906865776,0.020096727263990283,1043.2487909614774,3.5544903645447046,-3.166653584711602,True
B3,S3c,120,28200,162.55646148840796,15.58175412200506,45.01567834017928,162.55646148840796,0.0,1043.2487909614774,3.2836893518518515,-1.7632101851851845,True
B1,S3c,120,28800,690.0704858470003,41.11627856265379,358.96428736802665,690.0704858470003,6.580508972828751,1678.3388720247565,8.56082199074074,-7.819363194444444,True
B2,S3c,120,28800,46.82740519841193,2.7901043096212814,18.658825003465953,46.82740519841193,6.580508972828751,1678.3388720247565,0.0,0.0,True
B4,S3c,120,28800,691.0725250934447,41.175982789442955,376.0617597728054,691.0725250934447,6.580508972828751,1678.3388720247565,8.517329128809815,-7.927707556509211,True
S0,S3c,120,28800,338.45024126705613,20.165786952115816,185.9513198525249,338.45024126705613,6.580508972828751,1678.3388720247565,4.586681193346528,-4.186347775173489,True
S1,S3c,120,28800,476.9597998781672,28.418563606452164,253.9751458902093,476.9597998781672,6.580508972828751,1678.3388720247565,6.585904355304847,-6.337584366386632,True
S2,S3c,120,28800,352.90052099927084,21.026773965708717,197.60258926592167,352.90052099927084,6.580508972828751,1678.3388720247565,4.793547368306973,-4.534432451892388,True
B3,S3c,120,28800,683.1985175604473,40.706827980229825,359.31844828706465,683.1985175604473,0.0,1678.3388720247565,8.56082199074074,-7.819363194444444,True
B1,S3c,120,29400,133.17052790736534,6.155612944191874,62.99670697709452,133.17052790736534,7.319126199172066,2163.3999589434607,0.9527763888888889,0.04046018518518682,True
B2,S3c,120,29400,109.77466201828966,5.0741732505116754,57.3840080478197,109.77466201828966,7.319126199172066,2163.3999589434607,0.0,0.0,True
B4,S3c,120,29400,536.4953267373896,24.798712069838338,203.8178886941708,536.4953267373896,7.319126199172066,2163.3999589434607,4.940541654073906,4.849643915739867,True
S0,S3c,120,29400,373.62540633993757,17.270288131206442,268.76701817419735,377.946656241664,7.319126199172066,2163.3999589434607,6.093574542725778,-6.093574542725778,True
S1,S3c,120,29400,256.9453151254561,11.87692151251313,173.72334682608866,259.78779828539166,7.319126199172066,2163.3999589434607,3.8205397342443876,-3.8159434909344054,True
S2,S3c,120,29400,367.0593171680371,16.966780259499398,260.52942536289174,370.08723589455747,7.319126199172066,2163.3999589434607,5.973665019362016,-5.973665019362016,True
B3,S3c,120,29400,27.580476882193885,1.2748672185268672,24.367579773142054,42.736252136693096,0.0,2163.3999589434607,0.9527763888888889,0.04046018518518682,True
B1,S3c,120,30000,126.0455519733728,6.070437190070916,61.57780276938899,126.0455519733728,5.887137225067783,2076.383430497208,2.1876002314814813,2.0647868055555554,True
B2,S3c,120,30000,51.81442226376747,2.4954168629326836,20.402737214746125,51.81442226376747,5.887137225067783,2076.383430497208,0.0,0.0,True
B4,S3c,120,30000,774.9903329228205,37.324047261215256,418.33987346147546,774.9903329228205,5.887137225067783,2076.383430497208,11.257361275942145,11.257359910297954,True
S0,S3c,120,30000,434.9045006326256,20.945288536062147,317.96440293010846,434.9045006326256,5.887137225067783,2076.383430497208,6.337737011804167,-6.252009006435334,True
S1,S3c,120,30000,308.5174218293968,14.858403187869769,213.7916196065588,308.5174218293968,5.887137225067783,2076.383430497208,4.214592795925428,-3.9481314266803564,True
S2,S3c,120,30000,445.4797778375821,21.454600884139598,316.19353398825695,445.6328179895674,5.887137225067783,2076.383430497208,6.263032670614698,-6.043243394164521,True
B3,S3c,120,30000,100.88592555492247,4.858732933096295,55.09141591664442,100.88592555492247,0.0,2076.383430497208,2.1876002314814813,2.0647868055555554,True
B1,S3c,120,30600,337.88475556992984,21.198625984200888,217.13959427984693,381.9912164388548,6.768504846908024,1593.8993207472588,4.906144675925926,3.619403472222222,True
B2,S3c,120,30600,11.476161307155143,0.7200054079811541,26.89339640298781,49.980731464587436,6.768504846908024,1593.8993207472588,0.0,0.0,True
B4,S3c,120,30600,477.2782576333156,29.944065564288962,394.62912283431615,723.7490493119452,6.768504846908024,1593.8993207472588,8.842873888224855,8.618516448465366,True
S0,S3c,120,30600,177.70921422970167,11.149337471728595,280.72615728000824,385.9388549928457,6.768504846908024,1593.8993207472588,5.1920824350206045,-5.018708293383283,True
S1,S3c,120,30600,136.8511493335007,8.585934353077054,222.6154509615181,311.2441470321033,6.768504846908024,1593.8993207472588,4.274347201427023,-3.974785218500522,True
S2,S3c,120,30600,134.24855140058358,8.422649389024434,262.4880101344042,376.2123096238064,6.768504846908024,1593.8993207472588,5.750341655698407,-5.467127070095498,True
B3,S3c,120,30600,362.92048416763754,22.769348066318994,220.8598607823517,372.51225365166675,0.0,1593.8993207472588,4.906144675925926,3.619403472222222,True
B1,S3c,120,31200,457.38004867623806,28.33201670855795,349.75953785302113,495.32129408388886,17.440343205411217,1614.3575424974324,5.397530092592592,-1.1940273148148148,True
B2,S3c,120,31200,30.46307302224558,1.8870090559442492,17.86285443085406,30.46307302224558,17.440343205411217,1614.3575424974324,0.0,0.0,True
B4,S3c,120,31200,933.4539863940918,57.822010417223076,573.2780226519861,976.8982266229481,17.440343205411217,1614.3575424974324,13.125499533596848,-12.977178905739144,True
S0,S3c,120,31200,509.96147584140084,31.589128332282804,301.53864229694665,525.5686058309185,17.440343205411217,1614.3575424974324,6.955600137664271,-6.867954001395783,True
S1,S3c,120,31200,427.92288983164946,26.50731814772873,261.86364665724733,444.53009298662636,17.440343205411217,1614.3575424974324,5.674309358888427,-5.223177537347469,True
S2,S3c,120,31200,542.1070237455323,33.58035685867243,332.79858523877056,569.4773294105979,17.440343205411217,1614.3575424974324,7.80490949692003,-7.732152530479294,True
B3,S3c,120,31200,491.57930302462313,30.450460327651054,371.2178840621794,523.2712089720486,0.0,1614.3575424974324,5.397530092592592,-1.1940273148148148,True
B1,S3c,120,31800,33.946151313944256,1.6507304143314032,55.381129881307636,133.93567420316745,2.629934365352843,2056.4321720390362,1.194969444444445,0.9488370370370379,True
B2,S3c,120,31800,41.06850790742432,1.9970757346547063,20.90765861852248,72.40848949215726,2.629934365352843,2056.4321720390362,0.0,0.0,True
B4,S3c,120,31800,126.2416972649023,6.138869979831551,63.423458940737596,126.2416972649023,2.629934365352843,2056.4321720390362,1.677136186823134,-0.9979351937933294,True
S0,S3c,120,31800,618.0274223377529,30.053382296823024,435.4576570270573,618.0274223377529,2.629934365352843,2056.4321720390362,8.350578630118585,-8.154385906539844,True
S1,S3c,120,31800,424.75876360510836,20.655131220979815,289.9949353532538,424.75876360510836,2.629934365352843,2056.4321720390362,5.559081837326249,-5.28853458231791,True
S2,S3c,120,31800,629.2743480027776,30.60029679358821,431.9365233243677,629.2743480027776,2.629934365352843,2056.4321720390362,8.372664916599033,-8.172949896423985,True
B3,S3c,120,31800,54.20002213551271,2.6356338357501565,40.41426002492708,64.62641113367346,0.0,2056.4321720390362,1.194969444444445,0.9488370370370379,True
B1,S3c,120,32400,294.40648637920486,14.117469258381808,224.3197281985426,306.69870230971156,21.247998428927733,2085.4055425295874,1.2560868055555554,0.32699143518518664,True
B2,S3c,120,32400,314.5336899877268,15.082615039288658,232.00519162193092,314.5336899877268,21.247998428927733,2085.4055425295874,0.0,0.0,True
B4,S3c,120,32400,508.52901210402786,24.38513764987814,291.0789620102665,508.52901210402786,21.247998428927733,2085.4055425295874,2.455090639404836,1.4511720332791507,True
S0,S3c,120,32400,491.51801744863036,23.56942126721411,394.73574983538845,499.3919646833884,21.247998428927733,2085.4055425295874,6.139618337618003,-5.804423314219718,True
S1,S3c,120,32400,392.5996945788872,18.8260598033448,280.30599227351485,392.5996945788872,21.247998428927733,2085.4055425295874,2.8492097658553797,-2.0430767538524592,True
S2,S3c,120,32400,483.52414895991745,23.186096857372156,379.30305900184374,485.58149068721156,21.247998428927733,2085.4055425295874,6.066448050379662,-5.697520407903056,True
B3,S3c,120,32400,101.9970245530209,4.890992302115922,75.9820066771236,104.59577405797089,0.0,2085.4055425295874,1.2560868055555554,0.32699143518518664,True
B1,S3c,120,33000,317.1169654610346,18.725707772634593,175.53747471080652,317.1169654610346,1.1779679359382829,1693.4845364000796,4.145873148148147,2.8454726851851837,True
B2,S3c,120,33000,34.31030578826563,2.026018251173446,17.784692785276555,34.31030578826563,1.1779679359382829,1693.4845364000796,0.0,0.0,True
B4,S3c,120,33000,787.9254395077927,46.52687536094798,410.8364307024844,787.9254395077927,1.1779679359382829,1693.4845364000796,8.608766053729966,8.608372794576738,True
S0,S3c,120,33000,321.51717109237256,18.98553923473295,226.46125100472653,321.51717109237256,1.1779679359382829,1693.4845364000796,4.8949020769310865,-4.468853164232216,True
S1,S3c,120,33000,205.4951132754373,12.134454661881236,148.22713029968227,205.4951132754373,1.1779679359382829,1693.4845364000796,3.7476622017830232,-3.041780180657413,True
S2,S3c,120,33000,320.55968138891615,18.928999615806653,216.190196159751,320.55968138891615,1.1779679359382829,1693.4845364000796,4.976879681125929,-4.321037382380658,True
B3,S3c,120,33000,288.0191819738112,17.007488157291785,164.5982173883615,288.0274911498748,0.0,1693.4845364000796,4.145873148148147,2.8454726851851837,True
B1,S3c,120,33600,278.37570714976926,21.118671304383938,263.01576013464603,378.40654646194906,4.562304405194751,1318.1497222885532,5.5356400462962965,1.7032289351851855,True
B2,S3c,120,33600,87.5907640015029,6.644978375402533,56.3367102102643,87.5907640015029,4.562304405194751,1318.1497222885532,0.0,0.0,True
B4,S3c,120,33600,287.89427834806406,21.8407873916042,189.58487428417834,287.89427834806406,4.562304405194751,1318.1497222885532,4.016751124332906,3.022925950468154,True
S0,S3c,120,33600,441.7702287784064,33.51441959198771,270.68792754542113,441.7702287784064,4.562304405194751,1318.1497222885532,4.428579297595014,-4.122166636054712,True
S1,S3c,120,33600,382.02067980233323,28.98158481868617,233.01698112084233,382.02067980233323,4.562304405194751,1318.1497222885532,3.879691550468301,-3.511710507973586,True
S2,S3c,120,33600,433.54568034853236,32.89047313956235,269.6815680066137,433.54568034853236,4.562304405194751,1318.1497222885532,4.551961049907542,-4.085277934762609,True
B3,S3c,120,33600,210.06674926401038,15.936486251295902,250.11170277033645,369.5125889430334,0.0,1318.1497222885532,5.5356400462962965,1.7032289351851855,True
B1,S3c,120,34200,310.0931862223338,37.83890286010851,227.91687937090487,421.1936604528533,174.45883228021347,819.5089254272436,10.483998379629632,10.346446064814819,True
B2,S3c,120,34200,15.30399633172777,1.867459384136563,6.846379956586182,15.30399633172777,174.45883228021347,819.5089254272436,0.0,0.0,True
B4,S3c,120,34200,299.3582943585794,36.52898523374979,172.41544414497565,311.2409570430358,174.45883228021347,819.5089254272436,8.630432872507596,8.158630718798197,True
S0,S3c,120,34200,285.5952309238483,34.84955710213355,236.38470755055116,285.5952309238483,174.45883228021347,819.5089254272436,2.754399373727376,-2.6013010420165856,True
S1,S3c,120,34200,186.73467071893646,22.786166803684782,146.9058977139456,186.73467071893646,174.45883228021347,819.5089254272436,2.0886297801311344,-1.3837054341964798,True
S2,S3c,120,34200,263.1647017216741,32.11248755887259,216.6212300868892,263.1647017216741,174.45883228021347,819.5089254272436,2.7677011922743313,-2.5941700156937704,True
B3,S3c,120,34200,288.86126653055294,35.24809279898418,236.6248176802832,419.3863573480933,0.0,819.5089254272436,10.483998379629632,10.346446064814819,True
B1,S3c,120,34800,362.8298126853865,76.09337437380364,240.35098027655565,367.125458741648,3.976601323702417,476.82182012721523,4.204146064814815,0.8210280092592596,True
B2,S3c,120,34800,44.595420852174605,9.352638442652776,24.168666932774144,44.98459552579886,3.976601323702417,476.82182012721523,0.0,0.0,True
B4,S3c,120,34800,400.2321917091975,83.93747408673879,278.26093910538646,421.10961624753446,3.976601323702417,476.82182012721523,4.9225226394865835,1.512326842070955,True
S0,S3c,120,34800,89.70229038278107,18.81253889741217,62.39090189104638,98.14462126094124,3.976601323702417,476.82182012721523,1.280839195980512,-0.9251804514215766,True
S1,S3c,120,34800,66.28585330192836,13.901598145035267,44.467851260065785,67.61639470353896,3.976601323702417,476.82182012721523,1.1705638201637556,-0.32479133086701484,True
S2,S3c,120,34800,123.23268175436,25.84459782513345,83.15807167884455,139.04596762044667,3.976601323702417,476.82182012721523,1.710878595843706,-1.26454592329632,True
B3,S3c,120,34800,187.96198523280103,39.419753312181285,127.27684308743441,197.46069356653632,0.0,476.82182012721523,4.204146064814815,0.8210280092592596,True
