method,drive,T,k0,dist_m,end_m,drift_pct
"DR, no map",S1,30,600,166.8751495184226,40.921966379252176,24.52250469728238
DR + map (particle filter),S1,30,600,166.8751495184226,40.5487517684423,24.298855692690072
MaverickGRID: DR + map + consistency,S1,30,600,166.8751495184226,40.548753853171036,24.2988569419646
"DR, no map",S1,30,1200,552.2415647498376,67.05852684869069,12.142969875704273
DR + map (particle filter),S1,30,1200,552.2415647498376,26.488622645763062,4.796564463191441
MaverickGRID: DR + map + consistency,S1,30,1200,552.2415647498376,26.490324574953256,4.796872648829544
"DR, no map",S1,30,1800,144.9686403037818,54.894683731221754,37.866592123779284
DR + map (particle filter),S1,30,1800,144.9686403037818,17.926049985555863,12.365467419706652
MaverickGRID: DR + map + consistency,S1,30,1800,144.9686403037818,17.932348913661983,12.369812447771286
"DR, no map",S1,30,2400,362.41616599068556,25.165496294809092,6.943811743611864
DR + map (particle filter),S1,30,2400,362.41616599068556,4.31159457752066,1.1896805336303549
MaverickGRID: DR + map + consistency,S1,30,2400,362.41616599068556,4.310753177272075,1.189448369525234
"DR, no map",S1,30,3000,390.1803818969313,102.31597020899193,26.222735677166714
DR + map (particle filter),S1,30,3000,390.1803818969313,118.5287441408893,30.377935344837365
MaverickGRID: DR + map + consistency,S1,30,3000,390.1803818969313,118.52844587384213,30.377858901463735
"DR, no map",S1,30,3600,362.8507337092701,53.210868684115596,14.664671651663292
DR + map (particle filter),S1,30,3600,362.8507337092701,12.945194108447172,3.5676361946726436
MaverickGRID: DR + map + consistency,S1,30,3600,362.8507337092701,12.947035525416917,3.5681436807540194
"DR, no map",S1,30,4200,255.33478793746568,73.04120446256947,28.60605288162225
DR + map (particle filter),S1,30,4200,255.33478793746568,13.555607445090402,5.308954394577178
MaverickGRID: DR + map + consistency,S1,30,4200,255.33478793746568,13.56897748008593,5.314190670880743
"DR, no map",S1,30,4800,366.0991876071308,72.40994801659511,19.77877866647982
DR + map (particle filter),S1,30,4800,366.0991876071308,52.19199635241804,14.256244788072689
MaverickGRID: DR + map + consistency,S1,30,4800,366.0991876071308,52.19232952823501,14.256335795053378
"DR, no map",S1,30,5400,413.01389696131844,33.75038595883561,8.171731316342743
DR + map (particle filter),S1,30,5400,413.01389696131844,20.94884766254192,5.072189535671707
MaverickGRID: DR + map + consistency,S1,30,5400,413.01389696131844,20.94899153443426,5.072224370308845
"DR, no map",S1,30,6000,354.73974670766756,72.06995994144904,20.31629119948607
DR + map (particle filter),S1,30,6000,354.73974670766756,50.375589513610436,14.200717562986744
MaverickGRID: DR + map + consistency,S1,30,6000,354.73974670766756,50.3762355754705,14.200899685758737
"DR, no map",S1,30,7200,229.68592270587942,10.744916601039794,4.678091053407319
DR + map (particle filter),S1,30,7200,229.68592270587942,12.532813862012437,5.45650064852304
MaverickGRID: DR + map + consistency,S1,30,7200,229.68592270587942,12.532800781852435,5.456494953720394
"DR, no map",S1,30,7800,248.65467669336618,22.009868392543762,8.851580306163195
DR + map (particle filter),S1,30,7800,248.65467669336618,8.18191520222571,3.2904730813952927
MaverickGRID: DR + map + consistency,S1,30,7800,248.65467669336618,8.182135922789556,3.290561847296172
"DR, no map",S1,30,8400,171.38760483554813,21.145889823601305,12.3380508432284
DR + map (particle filter),S1,30,8400,171.38760483554813,3.940646355057656,2.299259832027428
MaverickGRID: DR + map + consistency,S1,30,8400,171.38760483554813,3.9408855084001346,2.2993993714898693
"DR, no map",S1,30,9000,124.38456948621757,27.37507444012229,22.00841676198074
DR + map (particle filter),S1,30,9000,124.38456948621757,17.502943607600876,14.071635798474414
MaverickGRID: DR + map + consistency,S1,30,9000,124.38456948621757,17.50312981555219,14.071785501891874
"DR, no map",S1,30,9600,250.13055168890625,3.4502384860164903,1.379375075423669
DR + map (particle filter),S1,30,9600,250.13055168890625,6.417468345573066,2.5656475397514154
MaverickGRID: DR + map + consistency,S1,30,9600,250.13055168890625,6.417445286623796,2.5656383209858094
"DR, no map",S1,30,10200,116.90031925263989,52.004479707281455,44.48617423780651
DR + map (particle filter),S1,30,10200,116.90031925263989,19.292438238776043,16.503323825046248
MaverickGRID: DR + map + consistency,S1,30,10200,116.90031925263989,19.282189599036645,16.494556834669385
"DR, no map",S1,30,10800,304.14166305512185,16.067512800887474,5.282904235969618
DR + map (particle filter),S1,30,10800,304.14166305512185,13.170868269822398,4.330504455561994
MaverickGRID: DR + map + consistency,S1,30,10800,304.14166305512185,13.170881801658686,4.330508904750623
"DR, no map",S1,30,11400,207.81055357217184,8.07052317021651,3.883596396567823
DR + map (particle filter),S1,30,11400,207.81055357217184,48.749003175917544,23.45838665936049
MaverickGRID: DR + map + consistency,S1,30,11400,207.81055357217184,48.71768985778986,23.443318455369198
"DR, no map",S1,30,12000,239.97122967127945,41.688783839094164,17.37240914096279
DR + map (particle filter),S1,30,12000,239.97122967127945,4.719712460956014,1.9667826294932242
MaverickGRID: DR + map + consistency,S1,30,12000,239.97122967127945,4.70458037434444,1.960476837489615
"DR, no map",S1,30,12600,242.48126719254634,17.68125147793267,7.2918010049380735
DR + map (particle filter),S1,30,12600,242.48126719254634,9.492515894309763,3.914741952734877
MaverickGRID: DR + map + consistency,S1,30,12600,242.48126719254634,9.492605974381112,3.914779102025786
"DR, no map",S1,30,13200,192.4800595878062,24.232861571439724,12.58980365204277
DR + map (particle filter),S1,30,13200,192.4800595878062,12.079039979020385,6.275476018080786
MaverickGRID: DR + map + consistency,S1,30,13200,192.4800595878062,12.079260510905204,6.2755905919671875
"DR, no map",S1,30,14400,242.73561872338112,11.214819470083768,4.620178747999919
DR + map (particle filter),S1,30,14400,242.73561872338112,3.8718314923335764,1.5950817241806914
MaverickGRID: DR + map + consistency,S1,30,14400,242.73561872338112,3.871905659977525,1.5951122790882646
"DR, no map",S1,30,15000,248.55091383585426,33.88328056491041,13.632329908586573
DR + map (particle filter),S1,30,15000,248.55091383585426,2.8043442502289935,1.1282775858474667
MaverickGRID: DR + map + consistency,S1,30,15000,248.55091383585426,2.8056566175097464,1.1288055932727863
"DR, no map",S1,30,15600,105.34287244890203,40.31238644821407,38.267787379509834
DR + map (particle filter),S1,30,15600,105.34287244890203,32.700223840920216,31.041705129867136
MaverickGRID: DR + map + consistency,S1,30,15600,105.34287244890203,32.70033242096028,31.04180820284924
"DR, no map",S1,30,16200,161.75712631402598,33.01460036504173,20.409982000390563
DR + map (particle filter),S1,30,16200,161.75712631402598,25.674383114757784,15.872180533743542
MaverickGRID: DR + map + consistency,S1,30,16200,161.75712631402598,25.67328125512826,15.871499352237272
"DR, no map",S1,30,16800,72.74148807116536,43.09665572802272,59.2463212820995
DR + map (particle filter),S1,30,16800,72.74148807116536,67.00967770607676,92.12030092169547
MaverickGRID: DR + map + consistency,S1,30,16800,72.74148807116536,67.00730232889366,92.11703541634759
"DR, no map",S1,30,17400,81.0220009624773,36.15777329823808,44.627104821792
DR + map (particle filter),S1,30,17400,81.0220009624773,40.5146202167428,50.00446759579021
MaverickGRID: DR + map + consistency,S1,30,17400,81.0220009624773,40.514557444446304,50.00439012017156
"DR, no map",S1,30,18600,346.949811594092,20.095116369367304,5.791937536163657
DR + map (particle filter),S1,30,18600,346.949811594092,10.272938910168346,2.9609293813904687
MaverickGRID: DR + map + consistency,S1,30,18600,346.949811594092,10.273045232304993,2.960960026207988
"DR, no map",S1,30,19200,294.0551755311167,33.82055189072245,11.501430583439463
DR + map (particle filter),S1,30,19200,294.0551755311167,29.85126527953701,10.151586424425362
MaverickGRID: DR + map + consistency,S1,30,19200,294.0551755311167,29.85130017327982,10.151598290818377
"DR, no map",S1,30,19800,385.84104521978793,19.94456250705342,5.169113746229962
DR + map (particle filter),S1,30,19800,385.84104521978793,22.391849305811018,5.803387063980162
MaverickGRID: DR + map + consistency,S1,30,19800,385.84104521978793,22.391808669536545,5.803376532110891
"DR, no map",S1,30,20400,225.68868606848957,18.464134765188813,8.181240755500484
DR + map (particle filter),S1,30,20400,225.68868606848957,16.6443273819449,7.374905526674856
MaverickGRID: DR + map + consistency,S1,30,20400,225.68868606848957,16.64432663470872,7.374905195583299
"DR, no map",S1,30,21000,234.155931438097,16.106150027293154,6.878386521483903
DR + map (particle filter),S1,30,21000,234.155931438097,36.44902075973305,15.566131737888071
MaverickGRID: DR + map + consistency,S1,30,21000,234.155931438097,36.446604616367274,15.565099885587369
"DR, no map",S1,30,21600,289.2591334268246,34.714778162005274,12.001272959212281
DR + map (particle filter),S1,30,21600,289.2591334268246,28.24126620166574,9.763310104367052
MaverickGRID: DR + map + consistency,S1,30,21600,289.2591334268246,28.24132660927391,9.763330987928258
"DR, no map",S1,30,22200,230.26142265383825,10.003693372538175,4.34449386147377
DR + map (particle filter),S1,30,22200,230.26142265383825,18.93239770901014,8.222131823389285
MaverickGRID: DR + map + consistency,S1,30,22200,230.26142265383825,18.93192568077066,8.221926826723305
"DR, no map",S1,30,22800,185.70877684023426,36.1678975318775,19.475599455912004
DR + map (particle filter),S1,30,22800,185.70877684023426,33.29834792175637,17.93041152298527
MaverickGRID: DR + map + consistency,S1,30,22800,185.70877684023426,33.29837297897775,17.930425015735487
"DR, no map",S1,30,23400,254.86734468596427,64.63722145953831,25.36112326951156
DR + map (particle filter),S1,30,23400,254.86734468596427,4.200894043643566,1.6482668851985385
MaverickGRID: DR + map + consistency,S1,30,23400,254.86734468596427,4.213288389360612,1.653129942775537
"DR, no map",S1,30,24000,77.74384929843944,28.43134128132895,36.5705345669058
DR + map (particle filter),S1,30,24000,77.74384929843944,10.902905060716119,14.024138448383946
MaverickGRID: DR + map + consistency,S1,30,24000,77.74384929843944,10.904001001016661,14.025548129420365
"DR, no map",S1,30,24600,317.602931063973,38.754661774949376,12.202236813470478
DR + map (particle filter),S1,30,24600,317.602931063973,16.510037698436335,5.1983266159186705
MaverickGRID: DR + map + consistency,S1,30,24600,317.602931063973,16.510672916081937,5.198526619628797
"DR, no map",S1,30,25800,166.68026173533585,20.27522006461643,12.164139804874166
DR + map (particle filter),S1,30,25800,166.68026173533585,2.1701542439696766,1.301986342819384
MaverickGRID: DR + map + consistency,S1,30,25800,166.68026173533585,2.170685047979985,1.3023047992489472
"DR, no map",S1,30,26400,278.0137552020079,17.059818484157898,6.136321734067454
DR + map (particle filter),S1,30,26400,278.0137552020079,2.6816384363743846,0.964570416462263
MaverickGRID: DR + map + consistency,S1,30,26400,278.0137552020079,2.6817428277503756,0.9646079654590439
"DR, no map",S1,30,27000,256.14231577664185,24.935868406126335,9.735161615338331
DR + map (particle filter),S1,30,27000,256.14231577664185,6.209313576749279,2.4241654714185725
MaverickGRID: DR + map + consistency,S1,30,27000,256.14231577664185,6.209461427594655,2.4242231935660934
"DR, no map",S1,30,27600,365.95902044901413,43.6269624321915,11.921269867501369
DR + map (particle filter),S1,30,27600,365.95902044901413,27.29299395535372,7.45793720888927
MaverickGRID: DR + map + consistency,S1,30,27600,365.95902044901413,27.293281388459427,7.458015751318791
"DR, no map",S1,30,28200,409.38751736701215,27.3892246468308,6.690293056072009
DR + map (particle filter),S1,30,28200,409.38751736701215,10.93329063548671,2.670645823742866
MaverickGRID: DR + map + consistency,S1,30,28200,409.38751736701215,10.93350803384754,2.6706989270622414
"DR, no map",S1,30,28800,208.6837180598328,43.41339027597414,20.80343913727225
DR + map (particle filter),S1,30,28800,208.6837180598328,44.87692315012929,21.504755410416056
MaverickGRID: DR + map + consistency,S1,30,28800,208.6837180598328,44.87691181068479,21.504749976621508
"DR, no map",S1,30,29400,274.90967108625034,40.56919950178767,14.757283489331833
DR + map (particle filter),S1,30,29400,274.90967108625034,97.99870451186898,35.64760167390503
MaverickGRID: DR + map + consistency,S1,30,29400,274.90967108625034,97.94889087446526,35.6294816720852
"DR, no map",S1,30,30000,330.16823942980255,29.63985285684261,8.977196870307804
DR + map (particle filter),S1,30,30000,330.16823942980255,6.612828189001092,2.0028662358382454
MaverickGRID: DR + map + consistency,S1,30,30000,330.16823942980255,6.613329520574872,2.0030180770858004
"DR, no map",S1,30,30600,163.18531310473963,14.763546331505765,9.047104822497023
DR + map (particle filter),S1,30,30600,163.18531310473963,2.6325579503903316,1.6132321593798322
MaverickGRID: DR + map + consistency,S1,30,30600,163.18531310473963,2.632414992524408,1.6131445547644392
"DR, no map",S1,30,31200,145.27560221636625,21.22424751677385,14.60964345903279
DR + map (particle filter),S1,30,31200,145.27560221636625,4.334644023329272,2.9837384648204512
MaverickGRID: DR + map + consistency,S1,30,31200,145.27560221636625,4.3335576296307385,2.982990649163893
"DR, no map",S1,30,31800,50.790597661925915,25.294995516393225,49.80251597896647
DR + map (particle filter),S1,30,31800,50.790597661925915,12.596699257117873,24.80124242869605
MaverickGRID: DR + map + consistency,S1,30,31800,50.790597661925915,12.597552342698565,24.80292204189212
"DR, no map",S1,30,32400,161.8882406623403,21.434370630607596,13.240227049792026
DR + map (particle filter),S1,30,32400,161.8882406623403,16.808921778014952,10.383040614465811
MaverickGRID: DR + map + consistency,S1,30,32400,161.8882406623403,16.80810593964197,10.382536662869548
"DR, no map",S1,30,33000,211.94654848827238,33.406747062590945,15.761873595426554
DR + map (particle filter),S1,30,33000,211.94654848827238,9.89090987409181,4.666700139558584
MaverickGRID: DR + map + consistency,S1,30,33000,211.94654848827238,9.883863204288067,4.663375400442046
"DR, no map",S1,30,33600,92.77072713586466,19.724806617583347,21.26188640161886
DR + map (particle filter),S1,30,33600,92.77072713586466,13.003349424995639,14.016651401203271
MaverickGRID: DR + map + consistency,S1,30,33600,92.77072713586466,13.003445741304706,14.01675522307903
"DR, no map",S1,30,34200,196.13826135665522,53.68070199332979,27.368806892663088
DR + map (particle filter),S1,30,34200,196.13826135665522,56.00472993756853,28.55369959445611
MaverickGRID: DR + map + consistency,S1,30,34200,196.13826135665522,56.00468633895171,28.553677365944182
"DR, no map",S1,30,35400,451.2147521351014,26.022309204701543,5.767167203990267
DR + map (particle filter),S1,30,35400,451.2147521351014,38.798651747586995,8.598710827603885
MaverickGRID: DR + map + consistency,S1,30,35400,451.2147521351014,38.798404806548604,8.59865609955317
"DR, no map",S1,30,36000,397.96746625171255,9.273958410147317,2.330330792487842
DR + map (particle filter),S1,30,36000,397.96746625171255,1.706450775874316,0.4287915270930699
MaverickGRID: DR + map + consistency,S1,30,36000,397.96746625171255,1.7063979620486132,0.42877825620281346
"DR, no map",S1,30,36600,84.86930393452502,47.40910475248464,55.8613097487636
DR + map (particle filter),S1,30,36600,84.86930393452502,32.02275249927481,37.73184298056659
MaverickGRID: DR + map + consistency,S1,30,36600,84.86930393452502,32.023560148329565,37.732794619165375
"DR, no map",S1,30,37200,173.89154789870454,23.88946776096818,13.738141991170437
DR + map (particle filter),S1,30,37200,173.89154789870454,14.115204973821204,8.117246148181742
MaverickGRID: DR + map + consistency,S1,30,37200,173.89154789870454,14.115351989081839,8.117330692406238
"DR, no map",S1,30,37800,339.2764379667169,26.355930518922193,7.7682761222303665
DR + map (particle filter),S1,30,37800,339.2764379667169,24.076954342686655,7.096559515591415
MaverickGRID: DR + map + consistency,S1,30,37800,339.2764379667169,24.076924435220715,7.096550700518337
"DR, no map",S1,30,38400,171.6830339097557,48.516223409894145,28.259183394555137
DR + map (particle filter),S1,30,38400,171.6830339097557,6.233459572195386,3.6307953268533057
MaverickGRID: DR + map + consistency,S1,30,38400,171.6830339097557,6.24116467863436,3.635283310472598
"DR, no map",S1,30,39000,138.90451378869838,10.126927021119862,7.290567271647449
DR + map (particle filter),S1,30,39000,138.90451378869838,3.4815939786118237,2.5064656890185915
MaverickGRID: DR + map + consistency,S1,30,39000,138.90451378869838,3.4816486598834944,2.5065050551055386
"DR, no map",S1,30,39600,175.1639359411988,31.051660466129228,17.727199551255254
DR + map (particle filter),S1,30,39600,175.1639359411988,6.615765435289874,3.77689927994695
MaverickGRID: DR + map + consistency,S1,30,39600,175.1639359411988,6.610907834592211,3.774126105964782
"DR, no map",S1,30,40200,132.2687310167829,41.71200807716291,31.535804234691177
DR + map (particle filter),S1,30,40200,132.2687310167829,4.866558574331135,3.6792963362698643
MaverickGRID: DR + map + consistency,S1,30,40200,132.2687310167829,4.871116199012014,3.682742067279637
"DR, no map",S1,30,40800,231.94159317701457,43.974458940438545,18.959281230287083
DR + map (particle filter),S1,30,40800,231.94159317701457,3.6956551794648105,1.5933559517478775
MaverickGRID: DR + map + consistency,S1,30,40800,231.94159317701457,3.698873057699412,1.5947433175025596
"DR, no map",S1,30,41400,278.2256492132012,41.60429096858749,14.953434770029627
DR + map (particle filter),S1,30,41400,278.2256492132012,31.950431341852216,11.483639783824875
MaverickGRID: DR + map + consistency,S1,30,41400,278.2256492132012,31.950148347633764,11.483538069903368
"DR, no map",S1,30,42000,373.3511328389457,92.94553313919558,24.894938025885125
DR + map (particle filter),S1,30,42000,373.3511328389457,108.62145540460494,29.093645592729864
MaverickGRID: DR + map + consistency,S1,30,42000,373.3511328389457,108.62019173919407,29.093307127060488
"DR, no map",S1,30,43200,248.4811211427218,40.812069117392284,16.42461565277258
DR + map (particle filter),S1,30,43200,248.4811211427218,0.9265340205535645,0.372879040585697
MaverickGRID: DR + map + consistency,S1,30,43200,248.4811211427218,0.9181779639035345,0.36951618685596416
"DR, no map",S1,30,43800,149.9966309562764,16.55033194620447,11.03380245322233
DR + map (particle filter),S1,30,43800,149.9966309562764,6.958708831974879,4.639243420076097
MaverickGRID: DR + map + consistency,S1,30,43800,149.9966309562764,6.958857958867187,4.639342840237308
"DR, no map",S1,30,44400,159.0952520567219,29.01655622313324,18.23848031164879
DR + map (particle filter),S1,30,44400,159.0952520567219,7.355895115766033,4.623579283901854
MaverickGRID: DR + map + consistency,S1,30,44400,159.0952520567219,7.356081666360056,4.6236965410742785
"DR, no map",S1,30,45000,234.3423974906855,21.24104052097962,9.064104809213577
DR + map (particle filter),S1,30,45000,234.3423974906855,36.57594845880199,15.607909132301076
MaverickGRID: DR + map + consistency,S1,30,45000,234.3423974906855,36.57559493127913,15.607758272906171
"DR, no map",S1,30,45600,213.47295323051443,15.147337415797582,7.095670522457726
DR + map (particle filter),S1,30,45600,213.47295323051443,8.30557282508736,3.8906909280065824
MaverickGRID: DR + map + consistency,S1,30,45600,213.47295323051443,8.305645212536767,3.89072483743085
"DR, no map",S1,30,46800,342.8521941993754,52.12193099401353,15.20244929910047
DR + map (particle filter),S1,30,46800,342.8521941993754,61.79948228987556,18.025109168161812
MaverickGRID: DR + map + consistency,S1,30,46800,342.8521941993754,61.79931754153772,18.02506111586971
"DR, no map",S1,30,48000,6.717687859371341,11.361501336407283,169.12815204055227
DR + map (particle filter),S1,30,48000,6.717687859371341,11.32724729498497,168.61824383791782
MaverickGRID: DR + map + consistency,S1,30,48000,6.717687859371341,11.327247507772617,168.61824700549053
"DR, no map",S1,30,49200,52.39196133240114,14.05535863931888,26.827319080773798
DR + map (particle filter),S1,30,49200,52.39196133240114,14.205896363878614,27.11464889384311
MaverickGRID: DR + map + consistency,S1,30,49200,52.39196133240114,14.205895407841062,27.114647069064024
"DR, no map",S1,30,49800,416.45605204182135,19.54216741221969,4.692492116852999
DR + map (particle filter),S1,30,49800,416.45605204182135,15.444520425906068,3.708559486693472
MaverickGRID: DR + map + consistency,S1,30,49800,416.45605204182135,15.444407969633845,3.708532483538716
"DR, no map",S1,30,51000,43.46994552677212,13.784410320657328,31.710208406329453
DR + map (particle filter),S1,30,51000,43.46994552677212,10.89836355431284,25.071031081924854
MaverickGRID: DR + map + consistency,S1,30,51000,43.46994552677212,10.898158427169225,25.070559199245615
"DR, no map",S1,60,600,348.09699851895357,89.63371419595634,25.74963719231146
DR + map (particle filter),S1,60,600,348.09699851895357,20.45820035358682,5.87715505753575
MaverickGRID: DR + map + consistency,S1,60,600,348.09699851895357,20.54024956976283,5.900725848586836
"DR, no map",S1,60,1200,889.5185967458858,53.2271750253514,5.9838181259022205
DR + map (particle filter),S1,60,1200,889.5185967458858,8.831416156349098,0.9928309749404849
MaverickGRID: DR + map + consistency,S1,60,1200,889.5185967458858,8.832170284246182,0.992915754269421
"DR, no map",S1,60,1800,533.7944173775215,66.30103788837825,12.420706498600829
DR + map (particle filter),S1,60,1800,533.7944173775215,38.885735187765,7.284777420267285
MaverickGRID: DR + map + consistency,S1,60,1800,533.7944173775215,38.857407074512,7.279470487049029
"DR, no map",S1,60,2400,723.5579185511472,148.93662888595284,20.583926326752618
DR + map (particle filter),S1,60,2400,723.5579185511472,26.737935419817983,3.695341414182577
MaverickGRID: DR + map + consistency,S1,60,2400,723.5579185511472,26.756032151651336,3.697842489959564
"DR, no map",S1,60,3000,817.3683547420087,163.2568194097958,19.97346954560354
DR + map (particle filter),S1,60,3000,817.3683547420087,122.94080166486347,15.04105229320605
MaverickGRID: DR + map + consistency,S1,60,3000,817.3683547420087,122.94251263032115,15.041261619325388
"DR, no map",S1,60,3600,716.023769218016,210.9522890599407,29.461632159268394
DR + map (particle filter),S1,60,3600,716.023769218016,9.649148715862085,1.3476017320486602
MaverickGRID: DR + map + consistency,S1,60,3600,716.023769218016,9.834707492065027,1.3735169019326983
"DR, no map",S1,60,4200,265.4307374160122,99.02410907999234,37.306948714380006
DR + map (particle filter),S1,60,4200,265.4307374160122,42.00513280972601,15.825270734900212
MaverickGRID: DR + map + consistency,S1,60,4200,265.4307374160122,42.013683508808924,15.828492177588485
"DR, no map",S1,60,4800,790.0466156053841,187.21604350504438,23.6968350736605
DR + map (particle filter),S1,60,4800,790.0466156053841,38.21988300450043,4.8376744168714545
MaverickGRID: DR + map + consistency,S1,60,4800,790.0466156053841,38.25023062488385,4.841515661145397
"DR, no map",S1,60,5400,693.9504844793873,89.93993261292974,12.96056917957253
DR + map (particle filter),S1,60,5400,693.9504844793873,11.258549478090869,1.6223851312009978
MaverickGRID: DR + map + consistency,S1,60,5400,693.9504844793873,11.25365781791402,1.6216802307381761
"DR, no map",S1,60,6000,525.0498763028035,16.50877038724904,3.144228983253432
DR + map (particle filter),S1,60,6000,525.0498763028035,87.09105675110456,16.587196889629958
MaverickGRID: DR + map + consistency,S1,60,6000,525.0498763028035,87.0690605038195,16.583007526242245
"DR, no map",S1,60,7200,510.28618561212846,35.88737866053708,7.032794473455585
DR + map (particle filter),S1,60,7200,510.28618561212846,1.838856285261714,0.3603578417581227
MaverickGRID: DR + map + consistency,S1,60,7200,510.28618561212846,1.8397813937573175,0.36053913384904884
"DR, no map",S1,60,7800,442.871636055308,38.875763694811866,8.778110976146793
DR + map (particle filter),S1,60,7800,442.871636055308,24.68788199790254,5.574500597464182
MaverickGRID: DR + map + consistency,S1,60,7800,442.871636055308,24.687987602129443,5.574524442799557
"DR, no map",S1,60,8400,405.51804642663706,51.5127119106357,12.702939453510844
DR + map (particle filter),S1,60,8400,405.51804642663706,7.556912183274158,1.863520563354581
MaverickGRID: DR + map + consistency,S1,60,8400,405.51804642663706,7.559095934061129,1.8640590722584913
"DR, no map",S1,60,9000,255.30804461788668,35.39365567904438,13.863118074488094
DR + map (particle filter),S1,60,9000,255.30804461788668,30.16178256029602,11.813878644301408
MaverickGRID: DR + map + consistency,S1,60,9000,255.30804461788668,30.161832903315553,11.813898362841654
"DR, no map",S1,60,9600,544.8557810905893,34.51886877246634,6.335413878397875
DR + map (particle filter),S1,60,9600,544.8557810905893,40.96567556066397,7.518627310637435
MaverickGRID: DR + map + consistency,S1,60,9600,544.8557810905893,40.96553947206268,7.51860233364242
"DR, no map",S1,60,10200,438.3038813663942,78.00666539569707,17.7973932497505
DR + map (particle filter),S1,60,10200,438.3038813663942,177.2009304790503,40.428784232216636
MaverickGRID: DR + map + consistency,S1,60,10200,438.3038813663942,176.51381539276872,40.272017405480014
"DR, no map",S1,60,10800,667.1593653186289,75.1953548119482,11.270973431668104
DR + map (particle filter),S1,60,10800,667.1593653186289,26.526563806394744,3.9760460821419947
MaverickGRID: DR + map + consistency,S1,60,10800,667.1593653186289,26.527871391318737,3.9762420750324443
"DR, no map",S1,60,11400,344.06347375680485,85.01222627122583,24.708297379836143
DR + map (particle filter),S1,60,11400,344.06347375680485,12.053874240819688,3.503386776051606
MaverickGRID: DR + map + consistency,S1,60,11400,344.06347375680485,11.996326691345475,3.486660923450673
"DR, no map",S1,60,12000,473.55287604832637,59.75113718795155,12.617627346403005
DR + map (particle filter),S1,60,12000,473.55287604832637,4.515031083650677,0.9534375804719883
MaverickGRID: DR + map + consistency,S1,60,12000,473.55287604832637,4.520430624658783,0.954577799712797
"DR, no map",S1,60,12600,415.33246462956134,31.681641820856026,7.628019603310605
DR + map (particle filter),S1,60,12600,415.33246462956134,7.690276859695817,1.8515954120164533
MaverickGRID: DR + map + consistency,S1,60,12600,415.33246462956134,7.690616667425993,1.8516772278529494
"DR, no map",S1,60,13200,265.8215614858275,72.85057070740216,27.40581700754408
DR + map (particle filter),S1,60,13200,265.8215614858275,54.54073356793108,20.517798956214076
MaverickGRID: DR + map + consistency,S1,60,13200,265.8215614858275,54.541271017167226,20.518001140428613
"DR, no map",S1,60,14400,416.867247081757,54.87453323474185,13.163551135016306
DR + map (particle filter),S1,60,14400,416.867247081757,65.27950533502123,15.659542886135753
MaverickGRID: DR + map + consistency,S1,60,14400,416.867247081757,65.27914213800906,15.659455760794362
"DR, no map",S1,60,15000,467.281433877601,48.17510595786269,10.309655480658709
DR + map (particle filter),S1,60,15000,467.281433877601,4.866574231470714,1.0414653522796407
MaverickGRID: DR + map + consistency,S1,60,15000,467.281433877601,4.864132657453272,1.0409428461750903
"DR, no map",S1,60,15600,176.70149635521136,63.42679373094401,35.89488206904672
DR + map (particle filter),S1,60,15600,176.70149635521136,24.225137506005517,13.709639140410742
MaverickGRID: DR + map + consistency,S1,60,15600,176.70149635521136,24.230490691038202,13.71266864788131
"DR, no map",S1,60,16200,271.56780982307464,70.81215958323257,26.075314165315252
DR + map (particle filter),S1,60,16200,271.56780982307464,73.02396115004102,26.889770623998416
MaverickGRID: DR + map + consistency,S1,60,16200,271.56780982307464,73.02392355120178,26.8897567788968
"DR, no map",S1,60,16800,211.69618307800343,30.40002086392714,14.360212084091135
DR + map (particle filter),S1,60,16800,211.69618307800343,18.555343523125238,8.765081756947962
MaverickGRID: DR + map + consistency,S1,60,16800,211.69618307800343,18.55535918758167,8.765089156446717
"DR, no map",S1,60,17400,238.1531764034434,23.00456977405576,9.659568737006834
DR + map (particle filter),S1,60,17400,238.1531764034434,56.49460978136062,23.721963584334446
MaverickGRID: DR + map + consistency,S1,60,17400,238.1531764034434,56.491637237543614,23.720715419660813
"DR, no map",S1,60,18600,626.8979415196268,23.770401715697513,3.7917498433759516
DR + map (particle filter),S1,60,18600,626.8979415196268,22.568369299372428,3.6000069237212298
MaverickGRID: DR + map + consistency,S1,60,18600,626.8979415196268,22.56835870721892,3.6000052341075293
"DR, no map",S1,60,19200,670.3016113002978,73.26730384851317,10.930497945004808
DR + map (particle filter),S1,60,19200,670.3016113002978,17.23983697598117,2.5719521906769898
MaverickGRID: DR + map + consistency,S1,60,19200,670.3016113002978,17.242367052295787,2.572329644090791
"DR, no map",S1,60,19800,752.5909389046311,32.70911208398615,4.346200624152222
DR + map (particle filter),S1,60,19800,752.5909389046311,35.36176453959552,4.698669982801452
MaverickGRID: DR + map + consistency,S1,60,19800,752.5909389046311,35.35938842650431,4.698354258419404
"DR, no map",S1,60,20400,379.7904720798049,72.45345443928878,19.077217509570442
DR + map (particle filter),S1,60,20400,379.7904720798049,16.02713269535236,4.219993357807197
MaverickGRID: DR + map + consistency,S1,60,20400,379.7904720798049,16.011289866194243,4.215821892137886
"DR, no map",S1,60,21000,510.5306141107568,49.99311111213854,9.792382617292528
DR + map (particle filter),S1,60,21000,510.5306141107568,47.71781618429907,9.34671004351307
MaverickGRID: DR + map + consistency,S1,60,21000,510.5306141107568,47.717780190049375,9.346702993152388
"DR, no map",S1,60,21600,530.3141003033319,49.77358218745474,9.385679573480129
DR + map (particle filter),S1,60,21600,530.3141003033319,3.337465079584941,0.6293374205354827
MaverickGRID: DR + map + consistency,S1,60,21600,530.3141003033319,3.33471320587347,0.6288185066107168
"DR, no map",S1,60,22200,495.06180847311924,32.95035642158976,6.655806579630125
DR + map (particle filter),S1,60,22200,495.06180847311924,3.4430130602647493,0.6954713535434631
MaverickGRID: DR + map + consistency,S1,60,22200,495.06180847311924,3.4435204276999745,0.6955738392182903
"DR, no map",S1,60,22800,468.4773146959973,79.81577122288945,17.037275598858663
DR + map (particle filter),S1,60,22800,468.4773146959973,4.46224545121546,0.9524997926764256
MaverickGRID: DR + map + consistency,S1,60,22800,468.4773146959973,4.459911869610103,0.9520016721629763
"DR, no map",S1,60,23400,470.3651431438445,105.94004445523001,22.522936913892877
DR + map (particle filter),S1,60,23400,470.3651431438445,12.850088223157073,2.7319388799240443
MaverickGRID: DR + map + consistency,S1,60,23400,470.3651431438445,12.855579629301317,2.733106357196603
"DR, no map",S1,60,24000,217.392254010572,34.8608987525388,16.035943373972966
DR + map (particle filter),S1,60,24000,217.392254010572,23.214926201569547,10.678819402847989
MaverickGRID: DR + map + consistency,S1,60,24000,217.392254010572,23.190390428953105,10.66753299674851
"DR, no map",S1,60,24600,423.2655826185961,26.88061503876227,6.350767967586994
DR + map (particle filter),S1,60,24600,423.2655826185961,12.011419292758404,2.837797304105842
MaverickGRID: DR + map + consistency,S1,60,24600,423.2655826185961,12.011617044109713,2.837844024500655
"DR, no map",S1,60,25800,438.49296501749546,42.602500977765104,9.71566350581367
DR + map (particle filter),S1,60,25800,438.49296501749546,41.38757068242156,9.438593999055433
MaverickGRID: DR + map + consistency,S1,60,25800,438.49296501749546,41.38246150072835,9.437428830603297
"DR, no map",S1,60,26400,347.2639354325379,112.05403441123717,32.267685462835985
DR + map (particle filter),S1,60,26400,347.2639354325379,84.52522691171617,24.340341246906327
MaverickGRID: DR + map + consistency,S1,60,26400,347.2639354325379,84.52601384068412,24.34056785522572
"DR, no map",S1,60,27000,379.7607770577922,122.93799506632836,32.37248354577165
DR + map (particle filter),S1,60,27000,379.7607770577922,45.563353249126166,11.997909210669302
MaverickGRID: DR + map + consistency,S1,60,27000,379.7607770577922,45.54737817990784,11.99370259687888
"DR, no map",S1,60,27600,774.847434930959,25.6192635879462,3.30636231508322
DR + map (particle filter),S1,60,27600,774.847434930959,68.67722010286474,8.863321604592272
MaverickGRID: DR + map + consistency,S1,60,27600,774.847434930959,68.67097159390148,8.862515186621254
"DR, no map",S1,60,28200,686.8510533251937,122.3602828254855,17.81467499148659
DR + map (particle filter),S1,60,28200,686.8510533251937,47.508059379300235,6.916792097690395
MaverickGRID: DR + map + consistency,S1,60,28200,686.8510533251937,47.5117911727684,6.917335416864195
"DR, no map",S1,60,28800,507.7667246588845,79.30626382064865,15.618641389690563
DR + map (particle filter),S1,60,28800,507.7667246588845,106.00767512009821,20.877239482621416
MaverickGRID: DR + map + consistency,S1,60,28800,507.7667246588845,106.0068392037718,20.87707485656661
"DR, no map",S1,60,29400,628.6110906259939,107.44432938828758,17.092337534371307
DR + map (particle filter),S1,60,29400,628.6110906259939,411.8666608739819,65.52010726756825
MaverickGRID: DR + map + consistency,S1,60,29400,628.6110906259939,199.58298343939495,31.749834900406054
"DR, no map",S1,60,30000,535.5955656379115,91.18050171274193,17.024133051613866
DR + map (particle filter),S1,60,30000,535.5955656379115,19.566669104191728,3.653254500135228
MaverickGRID: DR + map + consistency,S1,60,30000,535.5955656379115,19.566598816910407,3.653241376934471
"DR, no map",S1,60,30600,341.69993142553625,25.665605820766583,7.511153342551861
DR + map (particle filter),S1,60,30600,341.69993142553625,6.233481707171083,1.8242560603292048
MaverickGRID: DR + map + consistency,S1,60,30600,341.69993142553625,6.233837207925774,1.8243600992013254
"DR, no map",S1,60,31200,261.47225088003813,58.18024284694861,22.25102000351133
DR + map (particle filter),S1,60,31200,261.47225088003813,12.453585581446484,4.762870836018509
MaverickGRID: DR + map + consistency,S1,60,31200,261.47225088003813,12.45468167520499,4.763290036815081
"DR, no map",S1,60,31800,206.73595356825416,52.904435662095366,25.590341084347912
DR + map (particle filter),S1,60,31800,206.73595356825416,63.616088563080766,30.77166185420081
MaverickGRID: DR + map + consistency,S1,60,31800,206.73595356825416,63.61590618334805,30.77157363551917
"DR, no map",S1,60,32400,361.06834877649993,40.110757654500546,11.108909930880971
DR + map (particle filter),S1,60,32400,361.06834877649993,21.199376601939647,5.871291868637865
MaverickGRID: DR + map + consistency,S1,60,32400,361.06834877649993,21.199624074363282,5.871360407579169
"DR, no map",S1,60,33000,383.05627938532115,45.974310595717014,12.001972835294753
DR + map (particle filter),S1,60,33000,383.05627938532115,3.7747634077436487,0.9854331101949034
MaverickGRID: DR + map + consistency,S1,60,33000,383.05627938532115,3.7767050109276714,0.9859399817144457
"DR, no map",S1,60,33600,194.24612694680928,46.83979614036686,24.113631955808867
DR + map (particle filter),S1,60,33600,194.24612694680928,61.821104496494584,31.82617098637089
MaverickGRID: DR + map + consistency,S1,60,33600,194.24612694680928,61.79937344823341,31.814983608479373
"DR, no map",S1,60,34200,390.96706749994667,71.3869977580131,18.259082079342356
DR + map (particle filter),S1,60,34200,390.96706749994667,1.8926375990120419,0.4840913100723759
MaverickGRID: DR + map + consistency,S1,60,34200,390.96706749994667,1.8766731375332104,0.4800079836733222
"DR, no map",S1,60,35400,950.0470260227225,56.58112120930792,5.955612686477128
DR + map (particle filter),S1,60,35400,950.0470260227225,65.88910202757815,6.935351642898807
MaverickGRID: DR + map + consistency,S1,60,35400,950.0470260227225,65.88799125820962,6.935234725594916
"DR, no map",S1,60,36000,531.4823105168355,64.55053207288019,12.145377333463568
DR + map (particle filter),S1,60,36000,531.4823105168355,37.29031347392546,7.01628497055016
MaverickGRID: DR + map + consistency,S1,60,36000,531.4823105168355,37.29070980897227,7.016359542184806
"DR, no map",S1,60,36600,272.26763703218586,70.39100358918971,25.85360653086672
DR + map (particle filter),S1,60,36600,272.26763703218586,93.63722822616162,34.391611594694375
MaverickGRID: DR + map + consistency,S1,60,36600,272.26763703218586,93.62128273070931,34.38575504280076
"DR, no map",S1,60,37200,574.179209239468,34.38808681642454,5.989086031515048
DR + map (particle filter),S1,60,37200,574.179209239468,77.43853223822936,13.486822753613973
MaverickGRID: DR + map + consistency,S1,60,37200,574.179209239468,77.4169878123302,13.483070540793921
"DR, no map",S1,60,37800,520.8579990816717,34.89060769606637,6.698679439997512
DR + map (particle filter),S1,60,37800,520.8579990816717,18.059685291673507,3.467295371006044
MaverickGRID: DR + map + consistency,S1,60,37800,520.8579990816717,18.05879182675012,3.4671238338644508
"DR, no map",S1,60,38400,280.16656127600424,153.43080392695322,54.76413859961035
DR + map (particle filter),S1,60,38400,280.16656127600424,26.883924115641197,9.595693359407255
MaverickGRID: DR + map + consistency,S1,60,38400,280.16656127600424,26.3277439429243,9.397175674004755
"DR, no map",S1,60,39000,357.50122440022494,4.643043295882118,1.2987489213978751
DR + map (particle filter),S1,60,39000,357.50122440022494,51.709404688382506,14.464119605501965
MaverickGRID: DR + map + consistency,S1,60,39000,357.50122440022494,51.703254301066345,14.462399223333628
"DR, no map",S1,60,39600,417.53158079394484,59.172318728021494,14.171938471217942
DR + map (particle filter),S1,60,39600,417.53158079394484,8.4224154553437,2.0171924335228257
MaverickGRID: DR + map + consistency,S1,60,39600,417.53158079394484,8.422596376781351,2.017235764721225
"DR, no map",S1,60,40200,269.6945708400946,124.24432432425897,46.068530017953165
DR + map (particle filter),S1,60,40200,269.6945708400946,59.22854019068168,21.961339453807188
MaverickGRID: DR + map + consistency,S1,60,40200,269.6945708400946,59.24538749528034,21.967586262760808
"DR, no map",S1,60,40800,506.75445339397805,73.86212717455105,14.575526012620292
DR + map (particle filter),S1,60,40800,506.75445339397805,16.09674852701021,3.1764394805418186
MaverickGRID: DR + map + consistency,S1,60,40800,506.75445339397805,16.099863102380436,3.1770540928751427
"DR, no map",S1,60,41400,448.57168482442967,33.83211799398842,7.542187600902688
DR + map (particle filter),S1,60,41400,448.57168482442967,37.10896981931478,8.272695552292646
MaverickGRID: DR + map + consistency,S1,60,41400,448.57168482442967,37.10089627990022,8.270895719693378
"DR, no map",S1,60,42000,434.7031737412926,97.15752552739717,22.35031428254975
DR + map (particle filter),S1,60,42000,434.7031737412926,156.58849744702283,36.02193563468535
MaverickGRID: DR + map + consistency,S1,60,42000,434.7031737412926,156.56216475076172,36.01587800781447
"DR, no map",S1,60,43200,543.5512951531714,72.74275964186398,13.382869342876878
DR + map (particle filter),S1,60,43200,543.5512951531714,27.97546505418316,5.146793927940093
MaverickGRID: DR + map + consistency,S1,60,43200,543.5512951531714,27.914147038345106,5.135512929001296
"DR, no map",S1,60,43800,397.22346272839764,53.271533029414854,13.410973426269983
DR + map (particle filter),S1,60,43800,397.22346272839764,2.534281516181885,0.6379989486962167
MaverickGRID: DR + map + consistency,S1,60,43800,397.22346272839764,2.530084651649402,0.6369423986868954
"DR, no map",S1,60,44400,372.8622675191886,33.51746036610519,8.989233635548892
DR + map (particle filter),S1,60,44400,372.8622675191886,57.971973829369375,15.547825264026203
MaverickGRID: DR + map + consistency,S1,60,44400,372.8622675191886,57.9699731722892,15.547288696705117
"DR, no map",S1,60,45000,569.998054356968,100.49046684467163,17.62996664226125
DR + map (particle filter),S1,60,45000,569.998054356968,84.85266341102108,14.886482991024577
MaverickGRID: DR + map + consistency,S1,60,45000,569.998054356968,84.85291980020828,14.886527971737276
"DR, no map",S1,60,45600,435.6404191511319,15.221237740935605,3.493991161470963
DR + map (particle filter),S1,60,45600,435.6404191511319,50.80124790228978,11.661279731866632
MaverickGRID: DR + map + consistency,S1,60,45600,435.6404191511319,50.79930903923976,11.66083467145332
"DR, no map",S1,60,46800,476.79627526674943,15.339450047125924,3.2171916692394635
DR + map (particle filter),S1,60,46800,476.79627526674943,104.23504707460263,21.861548103807454
MaverickGRID: DR + map + consistency,S1,60,46800,476.79627526674943,104.13378911255465,21.840310949219507
"DR, no map",S1,60,48000,18.41393840026695,17.14857093245133,93.12820842391179
DR + map (particle filter),S1,60,48000,18.41393840026695,19.01651343233944,103.27238540161379
MaverickGRID: DR + map + consistency,S1,60,48000,18.41393840026695,19.016492730319655,103.27227297580168
"DR, no map",S1,60,49200,371.4274777705741,115.37543642983947,31.062708963364678
DR + map (particle filter),S1,60,49200,371.4274777705741,101.33608142990687,27.28287148763421
MaverickGRID: DR + map + consistency,S1,60,49200,371.4274777705741,101.33634408917699,27.282942203799774
"DR, no map",S1,60,49800,567.5978827524158,36.8351706738149,6.489659632835923
DR + map (particle filter),S1,60,49800,567.5978827524158,6.617983094376033,1.1659633158397058
MaverickGRID: DR + map + consistency,S1,60,49800,567.5978827524158,6.618202974185844,1.1660020544989738
"DR, no map",S1,60,51000,154.76148828656056,20.582938838534343,13.299780886329042
DR + map (particle filter),S1,60,51000,154.76148828656056,86.6017718586346,55.95821855775929
MaverickGRID: DR + map + consistency,S1,60,51000,154.76148828656056,82.58815044745582,53.364794666831685
"DR, no map",S1,120,600,1239.1847541031334,395.1241918826329,31.88581771800494
DR + map (particle filter),S1,120,600,1239.1847541031334,178.66163016834793,14.417674973547848
MaverickGRID: DR + map + consistency,S1,120,600,1239.1847541031334,181.31983874179886,14.63218766543251
"DR, no map",S1,120,1200,1424.5610963594577,161.04108991726153,11.304610966058997
DR + map (particle filter),S1,120,1200,1424.5610963594577,46.86968495102117,3.2901140618537994
MaverickGRID: DR + map + consistency,S1,120,1200,1424.5610963594577,46.85252910625133,3.2889097719982305
"DR, no map",S1,120,1800,1258.7285244833668,226.38188917185263,17.984965365329188
DR + map (particle filter),S1,120,1800,1258.7285244833668,42.31571576764043,3.361782540441635
MaverickGRID: DR + map + consistency,S1,120,1800,1258.7285244833668,42.33661090653774,3.3634425599367748
"DR, no map",S1,120,2400,1541.4596212800168,213.25988325945215,13.834931536017965
DR + map (particle filter),S1,120,2400,1541.4596212800168,11.183812851599386,0.7255339482919722
MaverickGRID: DR + map + consistency,S1,120,2400,1541.4596212800168,11.198005470305594,0.7264546742396568
"DR, no map",S1,120,3000,1534.283959688848,170.56336892062265,11.11680584571925
DR + map (particle filter),S1,120,3000,1534.283959688848,1151.7208676178993,75.065691741408
MaverickGRID: DR + map + consistency,S1,120,3000,1534.283959688848,173.82921339339867,11.32966373634325
"DR, no map",S1,120,3600,982.8200203828864,498.96775698872403,50.76898584079886
DR + map (particle filter),S1,120,3600,982.8200203828864,59.05290436868032,6.008516630102277
MaverickGRID: DR + map + consistency,S1,120,3600,982.8200203828864,35.500234383830225,3.612078879915375
"DR, no map",S1,120,4200,1055.9718967934118,243.56092317695163,23.065095190180177
DR + map (particle filter),S1,120,4200,1055.9718967934118,28.11357181864455,2.6623409111563348
MaverickGRID: DR + map + consistency,S1,120,4200,1055.9718967934118,27.88646420894265,2.6408339363597952
"DR, no map",S1,120,4800,1485.4142341196734,470.7732798048737,31.693063725343674
DR + map (particle filter),S1,120,4800,1485.4142341196734,5.743661299771833,0.38667067864579857
MaverickGRID: DR + map + consistency,S1,120,4800,1485.4142341196734,5.0496905359770095,0.3399516727379211
"DR, no map",S1,120,5400,1220.0274884805353,154.4321420463775,12.658087092669744
DR + map (particle filter),S1,120,5400,1220.0274884805353,50.890700179070144,4.171274881884112
MaverickGRID: DR + map + consistency,S1,120,5400,1220.0274884805353,50.89421163327499,4.171562699514288
"DR, no map",S1,120,6000,1200.3568047237582,147.95998145588786,12.326333376344573
DR + map (particle filter),S1,120,6000,1200.3568047237582,128.31227268932017,10.689511000760234
MaverickGRID: DR + map + consistency,S1,120,6000,1200.3568047237582,128.18487127162084,10.678897371779419
"DR, no map",S1,120,7200,954.2467501122246,48.51779810104616,5.084407999853309
DR + map (particle filter),S1,120,7200,954.2467501122246,24.28366127411534,2.5447989496699304
MaverickGRID: DR + map + consistency,S1,120,7200,954.2467501122246,24.283175973410003,2.5447480927290735
"DR, no map",S1,120,7800,849.0569899529426,66.5424790875034,7.83722175011967
DR + map (particle filter),S1,120,7800,849.0569899529426,12.864963065016662,1.5152060718244225
MaverickGRID: DR + map + consistency,S1,120,7800,849.0569899529426,12.866061187238378,1.515335406160599
"DR, no map",S1,120,8400,661.5829767821693,96.23366783539574,14.545970983633897
DR + map (particle filter),S1,120,8400,661.5829767821693,82.30703510490402,12.440923964705364
MaverickGRID: DR + map + consistency,S1,120,8400,661.5829767821693,82.28780935337306,12.43801794199836
"DR, no map",S1,120,9000,800.6880241440479,84.84834424741454,10.596929351868251
DR + map (particle filter),S1,120,9000,800.6880241440479,47.66836007149526,5.953424883862066
MaverickGRID: DR + map + consistency,S1,120,9000,800.6880241440479,47.66901129999786,5.95350621747553
"DR, no map",S1,120,9600,984.2950781247376,94.86334524249163,9.637693751676954
DR + map (particle filter),S1,120,9600,984.2950781247376,12.121140321940192,1.2314539197974235
MaverickGRID: DR + map + consistency,S1,120,9600,984.2950781247376,12.124875728581534,1.2318334204902908
"DR, no map",S1,120,10200,1106.7408344230025,158.67946339478254,14.337544839710358
DR + map (particle filter),S1,120,10200,1106.7408344230025,785.6111256758903,70.98419984525712
MaverickGRID: DR + map + consistency,S1,120,10200,1106.7408344230025,183.4659782862842,16.577140065671646
"DR, no map",S1,120,10800,1012.2398381325447,244.81425948644664,24.185400560612017
DR + map (particle filter),S1,120,10800,1012.2398381325447,8.234757169089043,0.8135183835760836
MaverickGRID: DR + map + consistency,S1,120,10800,1012.2398381325447,8.328159495858724,0.8227456756911615
"DR, no map",S1,120,11400,817.9996263274697,67.74748346233734,8.282092226190821
DR + map (particle filter),S1,120,11400,817.9996263274697,6.889774530251262,0.8422711097294656
MaverickGRID: DR + map + consistency,S1,120,11400,817.9996263274697,6.889499665931565,0.8422375077190428
"DR, no map",S1,120,12000,889.5634949795706,79.11444951365695,8.893625914300122
DR + map (particle filter),S1,120,12000,889.5634949795706,13.649606611564257,1.5344162264524726
MaverickGRID: DR + map + consistency,S1,120,12000,889.5634949795706,13.64816387855849,1.5342540420762127
"DR, no map",S1,120,12600,682.0771246241552,126.29766875409584,18.516625788277185
DR + map (particle filter),S1,120,12600,682.0771246241552,63.9601985355864,9.377267793701536
MaverickGRID: DR + map + consistency,S1,120,12600,682.0771246241552,63.962375389872356,9.377586944455516
"DR, no map",S1,120,13200,606.4383575950958,62.44781423701012,10.29747103805479
DR + map (particle filter),S1,120,13200,606.4383575950958,109.97080410262446,18.13388001028281
MaverickGRID: DR + map + consistency,S1,120,13200,606.4383575950958,109.96802136325269,18.133421144293063
"DR, no map",S1,120,14400,885.3156723796844,79.03869504254531,8.927741539929281
DR + map (particle filter),S1,120,14400,885.3156723796844,96.34413022429352,10.8824607120447
MaverickGRID: DR + map + consistency,S1,120,14400,885.3156723796844,96.3425000482888,10.882276577045673
"DR, no map",S1,120,15000,644.3586403166174,219.4702761244127,34.06026743376514
DR + map (particle filter),S1,120,15000,644.3586403166174,48.68085793057915,7.5549321270308285
MaverickGRID: DR + map + consistency,S1,120,15000,644.3586403166174,48.746421935236086,7.565107206645609
"DR, no map",S1,120,15600,448.9386541589078,72.16921884006872,16.075519042858687
DR + map (particle filter),S1,120,15600,448.9386541589078,78.80756321996486,17.554194206692184
MaverickGRID: DR + map + consistency,S1,120,15600,448.9386541589078,78.76596681575423,17.544928708204743
"DR, no map",S1,120,16200,483.681166841877,60.0311651328919,12.411309194620149
DR + map (particle filter),S1,120,16200,483.681166841877,100.33458851889282,20.743951883430224
MaverickGRID: DR + map + consistency,S1,120,16200,483.681166841877,100.32382268355538,20.74172607104068
"DR, no map",S1,120,16800,450.5063890222714,38.329510693945856,8.508094807963086
DR + map (particle filter),S1,120,16800,450.5063890222714,72.82506450141453,16.16515687146322
MaverickGRID: DR + map + consistency,S1,120,16800,450.5063890222714,72.82418374361797,16.164961367510774
"DR, no map",S1,120,17400,653.9043627063716,54.065832116276624,8.268155895536406
DR + map (particle filter),S1,120,17400,653.9043627063716,77.75761833315234,11.891283002200817
MaverickGRID: DR + map + consistency,S1,120,17400,653.9043627063716,77.75711924370377,11.891206677668205
"DR, no map",S1,120,18600,1298.2995484965115,114.33135482725599,8.806238510955101
DR + map (particle filter),S1,120,18600,1298.2995484965115,46.08773012925673,3.549853358774434
MaverickGRID: DR + map + consistency,S1,120,18600,1298.2995484965115,46.08219951364172,3.5494273695933227
"DR, no map",S1,120,19200,1424.0423329257733,152.336452727255,10.697466585440011
DR + map (particle filter),S1,120,19200,1424.0423329257733,74.87095110467706,5.2576352102434045
MaverickGRID: DR + map + consistency,S1,120,19200,1424.0423329257733,74.86491216127887,5.257211139746442
"DR, no map",S1,120,19800,1133.0795751726503,113.07849377248388,9.979748664629652
DR + map (particle filter),S1,120,19800,1133.0795751726503,10.468828063715508,0.9239269944584735
MaverickGRID: DR + map + consistency,S1,120,19800,1133.0795751726503,10.464838689688253,0.9235749120350792
"DR, no map",S1,120,20400,891.1236846156312,74.39683504231054,8.34865421340475
DR + map (particle filter),S1,120,20400,891.1236846156312,15.157147929955965,1.7009028254583656
MaverickGRID: DR + map + consistency,S1,120,20400,891.1236846156312,15.158155759500321,1.7010159219411272
"DR, no map",S1,120,21000,1041.9013616590778,103.7512779920717,9.95787910545224
DR + map (particle filter),S1,120,21000,1041.9013616590778,5.461785239921976,0.5242132740113584
MaverickGRID: DR + map + consistency,S1,120,21000,1041.9013616590778,5.454248193236274,0.5234898805152889
"DR, no map",S1,120,21600,1025.6131395864572,10.993097102473007,1.071856110083144
DR + map (particle filter),S1,120,21600,1025.6131395864572,4.917821600351745,0.4795006431308676
MaverickGRID: DR + map + consistency,S1,120,21600,1025.6131395864572,4.917838325350378,0.47950227386257216
"DR, no map",S1,120,22200,964.4536029839745,62.79147579858751,6.510575065955854
DR + map (particle filter),S1,120,22200,964.4536029839745,83.1077046624043,8.61707648820772
MaverickGRID: DR + map + consistency,S1,120,22200,964.4536029839745,83.1063923142634,8.616940416535963
"DR, no map",S1,120,22800,939.6775194999473,85.37777364264983,9.08585891126606
DR + map (particle filter),S1,120,22800,939.6775194999473,13.400500467362653,1.4260743914033165
MaverickGRID: DR + map + consistency,S1,120,22800,939.6775194999473,13.40208491972305,1.4262430080114097
"DR, no map",S1,120,23400,688.0951331760257,239.29966715058285,34.77711955991501
DR + map (particle filter),S1,120,23400,688.0951331760257,15.455113233833929,2.246072161925939
MaverickGRID: DR + map + consistency,S1,120,23400,688.0951331760257,14.941028846008585,2.171360924621804
"DR, no map",S1,120,24000,641.5966461760235,31.77938615063196,4.953172112111262
DR + map (particle filter),S1,120,24000,641.5966461760235,272.13440940631614,42.41518577571484
MaverickGRID: DR + map + consistency,S1,120,24000,641.5966461760235,257.63502391299255,40.15529467750831
"DR, no map",S1,120,24600,768.6650379100977,32.20576984805767,4.189831494823943
DR + map (particle filter),S1,120,24600,768.6650379100977,15.887321701380683,2.066871903602678
MaverickGRID: DR + map + consistency,S1,120,24600,768.6650379100977,15.886267759607252,2.0667347903320787
"DR, no map",S1,120,25800,786.9003175136712,70.91364353508602,9.011769592258933
DR + map (particle filter),S1,120,25800,786.9003175136712,107.31030038621655,13.637089475993532
MaverickGRID: DR + map + consistency,S1,120,25800,786.9003175136712,107.29569275006905,13.63523312445543
"DR, no map",S1,120,26400,727.7173878846065,198.1052425425356,27.22282658634906
DR + map (particle filter),S1,120,26400,727.7173878846065,10.150018534876052,1.394774771615809
MaverickGRID: DR + map + consistency,S1,120,26400,727.7173878846065,10.19240241257183,1.4005989938209407
"DR, no map",S1,120,27000,1155.3992642184137,50.40360594543402,4.362440543834884
DR + map (particle filter),S1,120,27000,1155.3992642184137,665.537068691227,57.60234486053954
MaverickGRID: DR + map + consistency,S1,120,27000,1155.3992642184137,258.427301669703,22.36692628019976
"DR, no map",S1,120,27600,1463.0674521516764,201.7021401273843,13.786250239573631
DR + map (particle filter),S1,120,27600,1463.0674521516764,44.882095603985114,3.067670977026983
MaverickGRID: DR + map + consistency,S1,120,27600,1463.0674521516764,44.8912685996671,3.0682979471416205
"DR, no map",S1,120,28200,1195.2348952099464,154.15093484625996,12.897124696077661
DR + map (particle filter),S1,120,28200,1195.2348952099464,130.35620815893046,10.906325499811736
MaverickGRID: DR + map + consistency,S1,120,28200,1195.2348952099464,130.28233600114046,10.900144944166478
"DR, no map",S1,120,28800,1137.1315274835067,198.74830594963316,17.47804023950219
DR + map (particle filter),S1,120,28800,1137.1315274835067,44.44509666936745,3.908527342278978
MaverickGRID: DR + map + consistency,S1,120,28800,1137.1315274835067,44.48856656170098,3.9123501095915447
"DR, no map",S1,120,29400,1165.911396786379,172.66631205193832,14.80955692927107
DR + map (particle filter),S1,120,29400,1165.911396786379,320.8218065785688,27.516825674991708
MaverickGRID: DR + map + consistency,S1,120,29400,1165.911396786379,320.7617631127207,27.5116757582816
"DR, no map",S1,120,30000,877.8666334160201,128.01421956600078,14.582422282968233
DR + map (particle filter),S1,120,30000,877.8666334160201,10.515694503391453,1.1978692552047454
MaverickGRID: DR + map + consistency,S1,120,30000,877.8666334160201,10.52345520913935,1.1987532967496093
"DR, no map",S1,120,30600,603.7729796241337,57.97556299515343,9.602212247266335
DR + map (particle filter),S1,120,30600,603.7729796241337,27.010206754479228,4.47356997845347
MaverickGRID: DR + map + consistency,S1,120,30600,603.7729796241337,27.008755988819118,4.47332969515013
"DR, no map",S1,120,31200,468.5377265966403,118.58976916897832,25.310612665150686
DR + map (particle filter),S1,120,31200,468.5377265966403,70.8420814859829,15.119824395052435
MaverickGRID: DR + map + consistency,S1,120,31200,468.5377265966403,70.84421058666622,15.120278808979524
"DR, no map",S1,120,31800,568.5278646549191,91.84136812386998,16.154242181184063
DR + map (particle filter),S1,120,31800,568.5278646549191,95.46368620653742,16.791382118883703
MaverickGRID: DR + map + consistency,S1,120,31800,568.5278646549191,95.46348260291936,16.791346306458188
"DR, no map",S1,120,32400,745.01998739955,80.41993579761235,10.794332656538998
DR + map (particle filter),S1,120,32400,745.01998739955,258.24695657053906,34.66309104966907
MaverickGRID: DR + map + consistency,S1,120,32400,745.01998739955,237.48681238622342,31.876569273685888
"DR, no map",S1,120,33000,577.9344208963388,26.60995683648711,4.6043211607325265
DR + map (particle filter),S1,120,33000,577.9344208963388,71.51488152536999,12.374220835376969
MaverickGRID: DR + map + consistency,S1,120,33000,577.9344208963388,71.51268635515952,12.373841005048284
"DR, no map",S1,120,33600,585.8008846327917,84.97415693972161,14.505638207253224
DR + map (particle filter),S1,120,33600,585.8008846327917,389.35867185418056,66.46604367937228
MaverickGRID: DR + map + consistency,S1,120,33600,585.8008846327917,213.34818795890195,36.41991563270494
"DR, no map",S1,120,34200,1003.6930584611464,135.0416409088945,13.454475924735316
DR + map (particle filter),S1,120,34200,1003.6930584611464,218.0955673114536,21.729309122236618
MaverickGRID: DR + map + consistency,S1,120,34200,1003.6930584611464,218.08909298473876,21.7286640717742
"DR, no map",S1,120,35400,1483.3622932641565,148.89218648512482,10.037479526157146
DR + map (particle filter),S1,120,35400,1483.3622932641565,25.736630400812142,1.7350198611411631
MaverickGRID: DR + map + consistency,S1,120,35400,1483.3622932641565,25.73084384409839,1.734629763810253
"DR, no map",S1,120,36000,804.228133844772,138.3423596647006,17.20188014355175
DR + map (particle filter),S1,120,36000,804.228133844772,146.86845586468638,18.26203905135134
MaverickGRID: DR + map + consistency,S1,120,36000,804.228133844772,146.8682759166479,18.262016676103457
"DR, no map",S1,120,36600,847.2068560054452,62.14204088587677,7.334931303421531
DR + map (particle filter),S1,120,36600,847.2068560054452,324.5362995243454,38.30661865208743
MaverickGRID: DR + map + consistency,S1,120,36600,847.2068560054452,304.38856860888313,35.928482690055894
"DR, no map",S1,120,37200,1096.5328324474149,42.29698767008501,3.8573389157605
DR + map (particle filter),S1,120,37200,1096.5328324474149,18.610019474806457,1.697169380078632
MaverickGRID: DR + map + consistency,S1,120,37200,1096.5328324474149,18.60906496481628,1.6970823320704074
"DR, no map",S1,120,37800,801.628832079472,259.51897526112623,32.37395723254101
DR + map (particle filter),S1,120,37800,801.628832079472,37.494500902036606,4.677289463849957
MaverickGRID: DR + map + consistency,S1,120,37800,801.628832079472,37.05655699009796,4.62265770730465
"DR, no map",S1,120,38400,638.4147653163451,88.12108648370824,13.803109086933912
DR + map (particle filter),S1,120,38400,638.4147653163451,53.867098031211235,8.437633488085007
MaverickGRID: DR + map + consistency,S1,120,38400,638.4147653163451,53.86157904579942,8.436769005351891
"DR, no map",S1,120,39000,775.5423769908641,32.59401437259231,4.2027380243305865
DR + map (particle filter),S1,120,39000,775.5423769908641,3.971602383396548,0.5121064304450424
MaverickGRID: DR + map + consistency,S1,120,39000,775.5423769908641,3.9717031177399593,0.5121194193346763
"DR, no map",S1,120,39600,687.9588060272671,217.83777445632836,31.664363119976464
DR + map (particle filter),S1,120,39600,687.9588060272671,68.4522533443178,9.950051186873639
MaverickGRID: DR + map + consistency,S1,120,39600,687.9588060272671,68.4864259625686,9.955018434614551
"DR, no map",S1,120,40200,777.5168670955611,160.15913198445827,20.598798400700655
DR + map (particle filter),S1,120,40200,777.5168670955611,185.56650953315238,23.866557419691993
MaverickGRID: DR + map + consistency,S1,120,40200,777.5168670955611,185.51220131656126,23.859572591595082
"DR, no map",S1,120,40800,956.3644817159932,160.21405558782615,16.7524054532385
DR + map (particle filter),S1,120,40800,956.3644817159932,23.74620659918626,2.482966175885027
MaverickGRID: DR + map + consistency,S1,120,40800,956.3644817159932,23.695340886152152,2.4776475223793226
"DR, no map",S1,120,41400,883.7679748182836,137.9361036224173,15.607728221966756
DR + map (particle filter),S1,120,41400,883.7679748182836,94.268057191799,10.666607059526227
MaverickGRID: DR + map + consistency,S1,120,41400,883.7679748182836,94.26910775949248,10.666725933226498
"DR, no map",S1,120,42000,470.29910119625947,106.69912164790863,22.687502777808255
DR + map (particle filter),S1,120,42000,470.29910119625947,73.835021212188,15.69958799078718
MaverickGRID: DR + map + consistency,S1,120,42000,470.29910119625947,73.83700330310022,15.700009444051108
"DR, no map",S1,120,43200,941.8126249607377,127.00563895436683,13.485234279978084
DR + map (particle filter),S1,120,43200,941.8126249607377,46.70518113652691,4.959073588387494
MaverickGRID: DR + map + consistency,S1,120,43200,941.8126249607377,46.687459344042885,4.957191919782259
"DR, no map",S1,120,43800,770.4539937574207,47.9659710811159,6.225676220742404
DR + map (particle filter),S1,120,43800,770.4539937574207,34.335728790608414,4.456557960476885
MaverickGRID: DR + map + consistency,S1,120,43800,770.4539937574207,34.33576527383795,4.4565626957667055
"DR, no map",S1,120,44400,943.5283529140336,148.43185176563307,15.731573016031765
DR + map (particle filter),S1,120,44400,943.5283529140336,58.2478876401458,6.173411478335602
MaverickGRID: DR + map + consistency,S1,120,44400,943.5283529140336,58.25642737425002,6.174316563389787
"DR, no map",S1,120,45000,1006.279157739199,91.9208597738036,9.134727581988443
DR + map (particle filter),S1,120,45000,1006.279157739199,73.99728998518808,7.353554867561534
MaverickGRID: DR + map + consistency,S1,120,45000,1006.279157739199,73.98186379073626,7.352021874024583
"DR, no map",S1,120,45600,496.00760090231523,22.53912000022838,4.54410778367634
DR + map (particle filter),S1,120,45600,496.00760090231523,4.318686102980012,0.8706895005487109
MaverickGRID: DR + map + consistency,S1,120,45600,496.00760090231523,4.318912678992874,0.8707351804964475
"DR, no map",S1,120,46800,809.1208040355552,30.259730552095732,3.739828515244311
DR + map (particle filter),S1,120,46800,809.1208040355552,164.9218102954114,20.382841409200033
MaverickGRID: DR + map + consistency,S1,120,46800,809.1208040355552,164.7837177904982,20.365774426837888
"DR, no map",S1,120,48000,586.3738562780727,137.92869144065276,23.52231259356209
DR + map (particle filter),S1,120,48000,586.3738562780727,142.18400942272854,24.24801308933211
MaverickGRID: DR + map + consistency,S1,120,48000,586.3738562780727,142.18392588111197,24.247998842172954
"DR, no map",S1,120,49200,940.4438220193549,261.0531174492357,27.758502032443896
DR + map (particle filter),S1,120,49200,940.4438220193549,10.402538073208841,1.106130725689934
MaverickGRID: DR + map + consistency,S1,120,49200,940.4438220193549,16.314817514295495,1.7347997968941653
"DR, no map",S1,120,49800,753.9923649090074,72.61603402501939,9.630871266684878
DR + map (particle filter),S1,120,49800,753.9923649090074,70.03089550331661,9.288011226979469
MaverickGRID: DR + map + consistency,S1,120,49800,753.9923649090074,70.00193743597383,9.284170595603012
"DR, no map",S2,30,600,32.0568780576044,34.82836449067829,108.64552820175965
DR + map (particle filter),S2,30,600,32.0568780576044,34.95915375094052,109.05351946038193
MaverickGRID: DR + map + consistency,S2,30,600,32.0568780576044,34.95915292086249,109.05351687099058
"DR, no map",S2,30,1800,302.73867920201667,49.22969155437292,16.261447557390607
DR + map (particle filter),S2,30,1800,302.73867920201667,19.892330621574207,6.570792564071441
MaverickGRID: DR + map + consistency,S2,30,1800,302.73867920201667,19.870438500042024,6.5635612048048
"DR, no map",S2,30,2400,166.33897480738602,24.188559764421143,14.541727092180617
DR + map (particle filter),S2,30,2400,166.33897480738602,23.639395609446034,14.211579479084515
MaverickGRID: DR + map + consistency,S2,30,2400,166.33897480738602,23.639399099471586,14.211581577225108
"DR, no map",S2,30,4800,245.397117951409,15.756153332918382,6.420675786436193
DR + map (particle filter),S2,30,4800,245.397117951409,5.799725916244905,2.3634042504905484
MaverickGRID: DR + map + consistency,S2,30,4800,245.397117951409,5.799093647982549,2.3631465994359497
"DR, no map",S2,30,5400,235.81357432599057,14.998634260796337,6.360377812713234
DR + map (particle filter),S2,30,5400,235.81357432599057,24.551611500499483,10.411449625270146
MaverickGRID: DR + map + consistency,S2,30,5400,235.81357432599057,24.551238183680244,10.41129131512184
"DR, no map",S2,30,6000,112.72868820358568,34.07170914142221,30.224523752010146
DR + map (particle filter),S2,30,6000,112.72868820358568,35.48382956966576,31.477195499323738
MaverickGRID: DR + map + consistency,S2,30,6000,112.72868820358568,35.468706103650646,31.46377968986466
"DR, no map",S2,30,6600,162.4821142023319,60.418593443630854,37.184765683436524
DR + map (particle filter),S2,30,6600,162.4821142023319,27.117989462536393,16.689830505754955
MaverickGRID: DR + map + consistency,S2,30,6600,162.4821142023319,27.096457316937883,16.67657849601578
"DR, no map",S2,30,7200,161.54959449160503,20.909047873464058,12.942804306791745
DR + map (particle filter),S2,30,7200,161.54959449160503,33.232767276481354,20.571247721830897
MaverickGRID: DR + map + consistency,S2,30,7200,161.54959449160503,33.22000484173488,20.56334771144298
"DR, no map",S2,30,8400,120.72220347763053,72.19823551161848,59.805266497638605
DR + map (particle filter),S2,30,8400,120.72220347763053,9.963709252898646,8.253418978344685
MaverickGRID: DR + map + consistency,S2,30,8400,120.72220347763053,10.053456029665059,8.327760544503262
"DR, no map",S2,30,9600,268.9016477915519,50.06228130680722,18.61732039128844
DR + map (particle filter),S2,30,9600,268.9016477915519,36.91998375306066,13.729920979019223
MaverickGRID: DR + map + consistency,S2,30,9600,268.9016477915519,36.92032929646719,13.730049480800213
"DR, no map",S2,30,10200,435.56685769101125,34.59886187285266,7.9434101245134
DR + map (particle filter),S2,30,10200,435.56685769101125,10.44628625132687,2.3983198140243736
MaverickGRID: DR + map + consistency,S2,30,10200,435.56685769101125,10.443940881781758,2.3977813502951673
"DR, no map",S2,30,10800,216.23856547260692,34.17902232361881,15.80616401561756
DR + map (particle filter),S2,30,10800,216.23856547260692,66.98934397962057,30.97936939842804
MaverickGRID: DR + map + consistency,S2,30,10800,216.23856547260692,66.9497436314234,30.961056130343497
"DR, no map",S2,30,11400,385.5951215880785,18.858344456774333,4.890711370804174
DR + map (particle filter),S2,30,11400,385.5951215880785,9.337636481582884,2.4216168615219265
MaverickGRID: DR + map + consistency,S2,30,11400,385.5951215880785,9.337194969945834,2.421502360167441
"DR, no map",S2,30,12000,201.76451067043848,21.093974135072745,10.454749482443706
DR + map (particle filter),S2,30,12000,201.76451067043848,18.024475233324026,8.933422024235544
MaverickGRID: DR + map + consistency,S2,30,12000,201.76451067043848,18.018698828466587,8.930559080282594
"DR, no map",S2,30,13200,53.713732621284414,26.501846232227873,49.33905155890496
DR + map (particle filter),S2,30,13200,53.713732621284414,3.957710130840682,7.36815324070853
MaverickGRID: DR + map + consistency,S2,30,13200,53.713732621284414,3.951061236328636,7.355774852189294
"DR, no map",S2,30,14400,198.2015341947462,81.2356401776172,40.986383131523986
DR + map (particle filter),S2,30,14400,198.2015341947462,68.58815291974459,34.605258328803934
MaverickGRID: DR + map + consistency,S2,30,14400,198.2015341947462,68.58851532855954,34.605441177446565
"DR, no map",S2,30,15000,194.02677290982473,24.744720675371834,12.753250649008171
DR + map (particle filter),S2,30,15000,194.02677290982473,33.69026184149041,17.36371807675644
MaverickGRID: DR + map + consistency,S2,30,15000,194.02677290982473,33.675085233915,17.355896162621704
"DR, no map",S2,30,15600,134.98680695120123,68.68598872726133,50.88348282220783
DR + map (particle filter),S2,30,15600,134.98680695120123,41.01862819494562,30.387138655538518
MaverickGRID: DR + map + consistency,S2,30,15600,134.98680695120123,41.02163384587987,30.389365281237822
"DR, no map",S2,30,16200,148.0101232436907,54.99285208151873,37.154791088833804
DR + map (particle filter),S2,30,16200,148.0101232436907,56.158822629951125,37.9425551436699
MaverickGRID: DR + map + consistency,S2,30,16200,148.0101232436907,56.14494786450323,37.933180943349115
"DR, no map",S2,30,16800,209.3452490095624,16.416250101540125,7.841711325768023
DR + map (particle filter),S2,30,16800,209.3452490095624,23.281116918236492,11.120919642734796
MaverickGRID: DR + map + consistency,S2,30,16800,209.3452490095624,23.280906333803458,11.120819050801598
"DR, no map",S2,30,17400,167.39730836137903,9.351583127582174,5.586459674365779
DR + map (particle filter),S2,30,17400,167.39730836137903,38.81353902561174,23.18647737263533
MaverickGRID: DR + map + consistency,S2,30,17400,167.39730836137903,38.80954530425898,23.184091598699148
"DR, no map",S2,30,18600,202.8044486237418,38.85771381431742,19.16018809153896
DR + map (particle filter),S2,30,18600,202.8044486237418,36.88197640272912,18.18597996888883
MaverickGRID: DR + map + consistency,S2,30,18600,202.8044486237418,36.88168268038162,18.185835138561146
"DR, no map",S2,30,19200,153.2258864484213,37.753141515745185,24.638879494068775
DR + map (particle filter),S2,30,19200,153.2258864484213,38.24038116170075,24.956867307518028
MaverickGRID: DR + map + consistency,S2,30,19200,153.2258864484213,38.238196666397826,24.955441637643595
"DR, no map",S2,30,19800,126.10431068919857,8.13431762671725,6.450467539341613
DR + map (particle filter),S2,30,19800,126.10431068919857,5.820557697780068,4.615669096455897
MaverickGRID: DR + map + consistency,S2,30,19800,126.10431068919857,5.82013352044196,4.615332726243182
"DR, no map",S2,30,21000,141.42678628169926,34.7872587714954,24.5973621306821
DR + map (particle filter),S2,30,21000,141.42678628169926,7.3103487109151155,5.168998676356885
MaverickGRID: DR + map + consistency,S2,30,21000,141.42678628169926,7.31195429351456,5.170133951110457
"DR, no map",S2,30,21600,199.20309685007282,16.748718868730556,8.407860687696148
DR + map (particle filter),S2,30,21600,199.20309685007282,15.076977605931404,7.568646192924833
MaverickGRID: DR + map + consistency,S2,30,21600,199.20309685007282,15.076868218433043,7.568591280375736
"DR, no map",S2,30,22200,170.62979607474762,38.04787527164369,22.298494253006137
DR + map (particle filter),S2,30,22200,170.62979607474762,18.339490844729866,10.748117425338718
MaverickGRID: DR + map + consistency,S2,30,22200,170.62979607474762,18.33898095949162,10.747818599899096
"DR, no map",S2,30,22800,172.56656467908607,52.74398060190754,30.564426370770626
DR + map (particle filter),S2,30,22800,172.56656467908607,82.85328179665802,48.01236088273321
MaverickGRID: DR + map + consistency,S2,30,22800,172.56656467908607,82.84459764273122,48.007328532496096
"DR, no map",S2,30,23400,336.80294576710503,34.15207304427433,10.140075517002769
DR + map (particle filter),S2,30,23400,336.80294576710503,11.799452131045882,3.5033696347789824
MaverickGRID: DR + map + consistency,S2,30,23400,336.80294576710503,11.79474755537537,3.501972801488289
"DR, no map",S2,30,24000,326.8359091209901,35.035899870901204,10.719721699224733
DR + map (particle filter),S2,30,24000,326.8359091209901,10.562311819016228,3.231686459245887
MaverickGRID: DR + map + consistency,S2,30,24000,326.8359091209901,10.557915218068803,3.2303412579308755
"DR, no map",S2,30,24600,385.9735787941186,53.302753138657984,13.809948677106236
DR + map (particle filter),S2,30,24600,385.9735787941186,22.704646769316113,5.882435486970716
MaverickGRID: DR + map + consistency,S2,30,24600,385.9735787941186,22.705450221896413,5.882643649556044
"DR, no map",S2,30,25200,424.2327656943629,14.903984410265327,3.5131620222382476
DR + map (particle filter),S2,30,25200,424.2327656943629,9.842178883026246,2.3199949836305223
MaverickGRID: DR + map + consistency,S2,30,25200,424.2327656943629,9.841889509907627,2.3199267726996324
"DR, no map",S2,30,25800,206.54243523650968,43.09148296173004,20.86325888062006
DR + map (particle filter),S2,30,25800,206.54243523650968,41.12813847748844,19.912682074457493
MaverickGRID: DR + map + consistency,S2,30,25800,206.54243523650968,41.128155315676686,19.91269022686851
"DR, no map",S2,30,26400,272.99792707380277,52.52395645264791,19.23969057774145
DR + map (particle filter),S2,30,26400,272.99792707380277,12.261538047813257,4.491439982435636
MaverickGRID: DR + map + consistency,S2,30,26400,272.99792707380277,12.264038585759618,4.492355937356306
"DR, no map",S2,30,27600,330.194778376882,28.95003931121238,8.767564239967781
DR + map (particle filter),S2,30,27600,330.194778376882,27.716013425868766,8.393837589470873
MaverickGRID: DR + map + consistency,S2,30,27600,330.194778376882,27.716021521336984,8.39384004119596
"DR, no map",S2,30,28200,422.3989402748768,77.73482782065317,18.403177756569914
DR + map (particle filter),S2,30,28200,422.3989402748768,24.792773585072695,5.86951604777672
MaverickGRID: DR + map + consistency,S2,30,28200,422.3989402748768,24.757913377334784,5.861263136982194
"DR, no map",S2,30,30000,238.76813687996102,26.535997300673895,11.113709579270486
DR + map (particle filter),S2,30,30000,238.76813687996102,16.26907010682782,6.813752588356032
MaverickGRID: DR + map + consistency,S2,30,30000,238.76813687996102,16.269202554554187,6.8138080596295865
"DR, no map",S2,30,30600,233.5271263069225,66.21947540642475,28.35622415847019
DR + map (particle filter),S2,30,30600,233.5271263069225,12.196326156688613,5.222659289978628
MaverickGRID: DR + map + consistency,S2,30,30600,233.5271263069225,12.206980751709567,5.227221755671351
"DR, no map",S2,30,31800,326.49342323136943,7.0125781506234315,2.1478466797948244
DR + map (particle filter),S2,30,31800,326.49342323136943,10.01890164213461,3.0686381192538508
MaverickGRID: DR + map + consistency,S2,30,31800,326.49342323136943,10.018878464810452,3.0686310203898284
"DR, no map",S2,30,32400,288.16174754912555,17.2333260413833,5.980435011918221
DR + map (particle filter),S2,30,32400,288.16174754912555,26.72454154655315,9.27414612586536
MaverickGRID: DR + map + consistency,S2,30,32400,288.16174754912555,26.72437288301053,9.274087595007588
"DR, no map",S2,30,33000,234.58822944652619,72.43777050693846,30.878689300756445
DR + map (particle filter),S2,30,33000,234.58822944652619,58.05697401019035,24.748459949233855
MaverickGRID: DR + map + consistency,S2,30,33000,234.58822944652619,58.05738899970805,24.748636850487035
"DR, no map",S2,30,34200,114.87058216688324,23.3480382758963,20.32551575474426
DR + map (particle filter),S2,30,34200,114.87058216688324,30.683494044633044,26.711359397531616
MaverickGRID: DR + map + consistency,S2,30,34200,114.87058216688324,30.68334417931815,26.71122893304535
"DR, no map",S2,30,34800,77.29146662359508,6.141461749787747,7.945847087746835
DR + map (particle filter),S2,30,34800,77.29146662359508,7.356587554064036,9.517981577306827
MaverickGRID: DR + map + consistency,S2,30,34800,77.29146662359508,7.356577366067295,9.517968396037038
"DR, no map",S2,30,36600,126.81731992907223,66.01193034135093,52.05277195439141
DR + map (particle filter),S2,30,36600,126.81731992907223,70.84780940105877,55.86603583854579
MaverickGRID: DR + map + consistency,S2,30,36600,126.81731992907223,70.84772596320573,55.86597004480951
"DR, no map",S2,30,38400,151.58938320909846,26.296992707597973,17.347516132659887
DR + map (particle filter),S2,30,38400,151.58938320909846,13.581038949861767,8.959096384163287
MaverickGRID: DR + map + consistency,S2,30,38400,151.58938320909846,13.581009317639504,8.959076836473576
"DR, no map",S2,30,39000,219.93348820613562,8.99937344511253,4.091861370687554
DR + map (particle filter),S2,30,39000,219.93348820613562,34.75634638500019,15.803116964354397
MaverickGRID: DR + map + consistency,S2,30,39000,219.93348820613562,34.75490685009386,15.802462432423823
"DR, no map",S2,30,39600,203.74284584896276,18.391224331480576,9.026684718595828
DR + map (particle filter),S2,30,39600,203.74284584896276,11.608541197295189,5.697643590342678
MaverickGRID: DR + map + consistency,S2,30,39600,203.74284584896276,11.60861568669131,5.697680150839225
"DR, no map",S2,30,40800,236.39159679001222,55.21970332561108,23.359418894514683
DR + map (particle filter),S2,30,40800,236.39159679001222,33.36553015916853,14.11451617242016
MaverickGRID: DR + map + consistency,S2,30,40800,236.39159679001222,33.36673253729379,14.115024810688858
"DR, no map",S2,30,41400,242.00197306384385,22.72699986767486,9.391245691075058
DR + map (particle filter),S2,30,41400,242.00197306384385,7.981930029278248,3.298291302431857
MaverickGRID: DR + map + consistency,S2,30,41400,242.00197306384385,7.9822420142782535,3.2984202208022557
"DR, no map",S2,30,42000,309.5629933644572,23.015540977079933,7.43484895495344
DR + map (particle filter),S2,30,42000,309.5629933644572,60.23618426829225,19.458457748331206
MaverickGRID: DR + map + consistency,S2,30,42000,309.5629933644572,60.231621565476,19.45698383093344
"DR, no map",S2,30,43200,283.5912839851728,19.153133287287805,6.753780658607688
DR + map (particle filter),S2,30,43200,283.5912839851728,12.614837667742254,4.448245901803457
MaverickGRID: DR + map + consistency,S2,30,43200,283.5912839851728,12.614136993732984,4.447998830031919
"DR, no map",S2,30,43800,188.8239346520772,38.864968687277866,20.582649524219264
DR + map (particle filter),S2,30,43800,188.8239346520772,47.68811219184944,25.2553323177586
MaverickGRID: DR + map + consistency,S2,30,43800,188.8239346520772,47.687871372495664,25.255204781302897
"DR, no map",S2,30,44400,206.9693733481167,48.48066415859811,23.424076410114548
DR + map (particle filter),S2,30,44400,206.9693733481167,34.95408264453368,16.88852900266644
MaverickGRID: DR + map + consistency,S2,30,44400,206.9693733481167,34.94457611281329,16.88393579567808
"DR, no map",S2,30,45000,270.34176327341214,42.84921906847649,15.8500183433148
DR + map (particle filter),S2,30,45000,270.34176327341214,66.31143339616852,24.528741912918562
MaverickGRID: DR + map + consistency,S2,30,45000,270.34176327341214,66.3099891553108,24.52820768511734
"DR, no map",S2,30,45600,408.78641764864994,13.259672218914682,3.243667511064741
DR + map (particle filter),S2,30,45600,408.78641764864994,4.620192543616126,1.1302216375464706
MaverickGRID: DR + map + consistency,S2,30,45600,408.78641764864994,4.6202563532890135,1.130237247084883
"DR, no map",S2,30,46200,441.02415678698225,27.361457160713137,6.2040722122912895
DR + map (particle filter),S2,30,46200,441.02415678698225,56.56851811767991,12.826625763495965
MaverickGRID: DR + map + consistency,S2,30,46200,441.02415678698225,56.566393511801934,12.826144019844223
"DR, no map",S2,30,48000,514.639094969958,43.02826168615029,8.360861447702892
DR + map (particle filter),S2,30,48000,514.639094969958,57.329196563986045,11.139689371506575
MaverickGRID: DR + map + consistency,S2,30,48000,514.639094969958,57.328806512061796,11.139613580155304
"DR, no map",S2,30,48600,226.02618124833967,34.95974212202163,15.467120635733183
DR + map (particle filter),S2,30,48600,226.02618124833967,9.463403905877628,4.186861828842734
MaverickGRID: DR + map + consistency,S2,30,48600,226.02618124833967,9.464991530297862,4.187564236153014
"DR, no map",S2,30,49800,306.77876186405535,97.21762675274552,31.689816518597894
DR + map (particle filter),S2,30,49800,306.77876186405535,155.92903498757198,50.82784546104587
MaverickGRID: DR + map + consistency,S2,30,49800,306.77876186405535,155.85768125764383,50.80458644223551
"DR, no map",S2,30,50400,326.7167816575033,106.79339599668046,32.68684132320813
DR + map (particle filter),S2,30,50400,326.7167816575033,7.59714970019385,2.3253013394818303
MaverickGRID: DR + map + consistency,S2,30,50400,326.7167816575033,7.663247305088957,2.3455321964827403
"DR, no map",S2,30,51000,655.7703683410939,138.08553249086418,21.056994819723247
DR + map (particle filter),S2,30,51000,655.7703683410939,117.0483124642745,17.848978562476418
MaverickGRID: DR + map + consistency,S2,30,51000,655.7703683410939,117.04871395730886,17.849039787114457
"DR, no map",S2,30,51600,351.17007532818315,69.91033569208359,19.90782831559593
DR + map (particle filter),S2,30,51600,351.17007532818315,5.591921416449561,1.592368430374848
MaverickGRID: DR + map + consistency,S2,30,51600,351.17007532818315,5.58385400398661,1.5900711354087516
"DR, no map",S2,30,52200,423.19906125648527,20.64382935562533,4.878042331741816
DR + map (particle filter),S2,30,52200,423.19906125648527,25.257299192317205,5.968184125297408
MaverickGRID: DR + map + consistency,S2,30,52200,423.19906125648527,25.25725920857965,5.968174677323341
"DR, no map",S2,30,52800,186.7600877806723,41.78047817385648,22.371202900120032
DR + map (particle filter),S2,30,52800,186.7600877806723,41.82242929122785,22.39366547114893
MaverickGRID: DR + map + consistency,S2,30,52800,186.7600877806723,41.82241078513723,22.39365556213098
"DR, no map",S2,30,54000,705.2252865512235,147.87302113264477,20.968196114434722
DR + map (particle filter),S2,30,54000,705.2252865512235,151.0118596023791,21.413279200590672
MaverickGRID: DR + map + consistency,S2,30,54000,705.2252865512235,151.01182600364828,21.413274436335694
"DR, no map",S2,30,54600,787.7991289058032,38.11559705306163,4.838238029788314
DR + map (particle filter),S2,30,54600,787.7991289058032,42.57714116936927,5.404568196020461
MaverickGRID: DR + map + consistency,S2,30,54600,787.7991289058032,42.57673917768645,5.404517168840045
"DR, no map",S2,30,55200,395.73414527469606,9.583111292091392,2.4216033431836776
DR + map (particle filter),S2,30,55200,395.73414527469606,21.0627481377634,5.3224490201983565
MaverickGRID: DR + map + consistency,S2,30,55200,395.73414527469606,21.06261531454104,5.322415456447554
"DR, no map",S2,30,55800,209.67749308067545,46.04618558963921,21.960480790335705
DR + map (particle filter),S2,30,55800,209.67749308067545,14.496700092550219,6.913808382367712
MaverickGRID: DR + map + consistency,S2,30,55800,209.67749308067545,14.497917008420416,6.914388757424814
"DR, no map",S2,30,56400,51.865487160337,116.08597554010858,223.82123816024387
DR + map (particle filter),S2,30,56400,51.865487160337,114.49219283631963,220.74832244875748
MaverickGRID: DR + map + consistency,S2,30,56400,51.865487160337,114.49220616826528,220.74834815360748
"DR, no map",S2,30,57000,244.02362064347457,8.38483460588169,3.4360749929746226
DR + map (particle filter),S2,30,57000,244.02362064347457,11.15253996143248,4.570270669709739
MaverickGRID: DR + map + consistency,S2,30,57000,244.02362064347457,11.15248699955846,4.570248966124701
"DR, no map",S2,30,57600,175.07535627401376,16.15864049779925,9.229534551115838
DR + map (particle filter),S2,30,57600,175.07535627401376,14.575588839115419,8.325322963388913
MaverickGRID: DR + map + consistency,S2,30,57600,175.07535627401376,14.572296047519178,8.323442178070911
"DR, no map",S2,30,58200,178.23116262513196,35.37390770446014,19.847206954970595
DR + map (particle filter),S2,30,58200,178.23116262513196,10.179115276943469,5.7111871611099145
MaverickGRID: DR + map + consistency,S2,30,58200,178.23116262513196,10.178332884397472,5.710748184819533
"DR, no map",S2,30,58800,240.68879064338657,7.65920061184754,3.182200796046084
DR + map (particle filter),S2,30,58800,240.68879064338657,19.546827593197737,8.121203958417423
MaverickGRID: DR + map + consistency,S2,30,58800,240.68879064338657,19.54660414564104,8.12111112170654
"DR, no map",S2,30,59400,87.93741789133388,60.53389548854423,68.83747207968653
DR + map (particle filter),S2,30,59400,87.93741789133388,22.766650221057095,25.889605093010946
MaverickGRID: DR + map + consistency,S2,30,59400,87.93741789133388,22.775001148521774,25.89910153680578
"DR, no map",S2,30,60000,530.8586843828422,51.62261661768987,9.724361329362923
DR + map (particle filter),S2,30,60000,530.8586843828422,5.962327886121457,1.1231478473509484
MaverickGRID: DR + map + consistency,S2,30,60000,530.8586843828422,5.964401371708493,1.123538438227209
"DR, no map",S2,30,60600,658.2947754692145,137.80033937035142,20.932923137986492
DR + map (particle filter),S2,30,60600,658.2947754692145,114.12381639721005,17.336278617108228
MaverickGRID: DR + map + consistency,S2,30,60600,658.2947754692145,114.12422477300461,17.336340652507833
"DR, no map",S2,30,61200,435.9753519709331,55.78385204908392,12.795184818797527
DR + map (particle filter),S2,30,61200,435.9753519709331,33.26141632392222,7.629196506994228
MaverickGRID: DR + map + consistency,S2,30,61200,435.9753519709331,33.23666496709038,7.623519269343075
"DR, no map",S2,30,61800,183.01660502805544,91.11828903069986,49.786897214453255
DR + map (particle filter),S2,30,61800,183.01660502805544,20.121428664459348,10.99431860916382
MaverickGRID: DR + map + consistency,S2,30,61800,183.01660502805544,18.530759307571728,10.125179245200764
"DR, no map",S2,30,62400,186.80435393649975,33.85193505789767,18.12159853051655
DR + map (particle filter),S2,30,62400,186.80435393649975,1.9421471993683972,1.0396691289265076
MaverickGRID: DR + map + consistency,S2,30,62400,186.80435393649975,1.9444589725484895,1.0409066660242126
"DR, no map",S2,30,63600,88.23221303596381,15.555326163145098,17.629985271711007
DR + map (particle filter),S2,30,63600,88.23221303596381,22.543959549072937,25.5507130257335
MaverickGRID: DR + map + consistency,S2,30,63600,88.23221303596381,22.543823702381495,25.550559060773576
"DR, no map",S2,30,64200,196.60815356384344,14.808561141610486,7.532017809628525
DR + map (particle filter),S2,30,64200,196.60815356384344,15.598733175467325,7.933919775306794
MaverickGRID: DR + map + consistency,S2,30,64200,196.60815356384344,15.59692222026552,7.932998676578701
"DR, no map",S2,30,64800,197.51799550188616,6.605008454982297,3.344003384703863
DR + map (particle filter),S2,30,64800,197.51799550188616,2.0903195437286968,1.0582932144573813
MaverickGRID: DR + map + consistency,S2,30,64800,197.51799550188616,2.090359454451884,1.0583134205773783
"DR, no map",S2,30,65400,358.95594957208476,8.517192927991212,2.372768284839588
DR + map (particle filter),S2,30,65400,358.95594957208476,14.198213272376247,3.955419401545535
MaverickGRID: DR + map + consistency,S2,30,65400,358.95594957208476,14.198138417111638,3.955398547938094
"DR, no map",S2,30,66000,179.9755805272273,24.918108365696828,13.845271837824205
DR + map (particle filter),S2,30,66000,179.9755805272273,11.425331428063258,6.3482675786312
MaverickGRID: DR + map + consistency,S2,30,66000,179.9755805272273,11.42560188167512,6.348417851024305
"DR, no map",S2,30,66600,216.71605850900508,36.45199468548549,16.82016318323306
DR + map (particle filter),S2,30,66600,216.71605850900508,9.024355886210772,4.164138065401272
MaverickGRID: DR + map + consistency,S2,30,66600,216.71605850900508,9.003676519509465,4.1545959175588
"DR, no map",S2,30,67200,266.326712991135,36.34783825194524,13.647837967029284
DR + map (particle filter),S2,30,67200,266.326712991135,11.085904479220947,4.162520670463106
MaverickGRID: DR + map + consistency,S2,30,67200,266.326712991135,11.082492207453692,4.161239435197995
"DR, no map",S2,30,67800,254.11959736373922,1.0769138617096163,0.42378229498300124
DR + map (particle filter),S2,30,67800,254.11959736373922,17.305078985907464,6.809816781323438
MaverickGRID: DR + map + consistency,S2,30,67800,254.11959736373922,17.304593812420006,6.809625858036728
"DR, no map",S2,30,68400,114.2339139257535,21.314448698912404,18.658599680621784
DR + map (particle filter),S2,30,68400,114.2339139257535,8.071899555559513,7.06611484992614
MaverickGRID: DR + map + consistency,S2,30,68400,114.2339139257535,8.07243568124196,7.06658417262027
"DR, no map",S2,30,69000,453.2248570462435,8.496745533243416,1.8747306995954274
DR + map (particle filter),S2,30,69000,453.2248570462435,24.72044880724481,5.454345326148458
MaverickGRID: DR + map + consistency,S2,30,69000,453.2248570462435,24.719764385449523,5.454194314617503
"DR, no map",S2,30,69600,442.12460990738,33.405167953737966,7.5556002097996675
DR + map (particle filter),S2,30,69600,442.12460990738,10.482186295800888,2.3708669594295566
MaverickGRID: DR + map + consistency,S2,30,69600,442.12460990738,10.480406764207622,2.370464463944485
"DR, no map",S2,30,70200,360.9966350465485,3.258956023541959,0.9027663161241752
DR + map (particle filter),S2,30,70200,360.9966350465485,10.575353509836594,2.929488112395552
MaverickGRID: DR + map + consistency,S2,30,70200,360.9966350465485,10.57517096011888,2.929437544135355
"DR, no map",S2,30,70800,290.32736251315015,12.383886965583072,4.265490809541644
DR + map (particle filter),S2,30,70800,290.32736251315015,11.097949127772253,3.8225639608011734
MaverickGRID: DR + map + consistency,S2,30,70800,290.32736251315015,11.097261850312263,3.822327235797357
"DR, no map",S2,30,71400,285.6388388061334,20.57407201441472,7.202827213696453
DR + map (particle filter),S2,30,71400,285.6388388061334,21.624737948804405,7.57065742151451
MaverickGRID: DR + map + consistency,S2,30,71400,285.6388388061334,21.624559835782748,7.570595065490938
"DR, no map",S2,30,72000,278.5259661215166,3.5361446108911494,1.2695924405656251
DR + map (particle filter),S2,30,72000,278.5259661215166,11.894070001708018,4.2703630714699035
MaverickGRID: DR + map + consistency,S2,30,72000,278.5259661215166,11.893978470778881,4.270330208850159
"DR, no map",S2,30,72600,112.28904619950168,41.98366531108723,37.388923258369914
DR + map (particle filter),S2,30,72600,112.28904619950168,51.561136284807894,45.91822446616944
MaverickGRID: DR + map + consistency,S2,30,72600,112.28904619950168,51.56096349602927,45.91807058759938
"DR, no map",S2,30,74400,197.72808092971582,13.586669601046337,6.871391022034872
DR + map (particle filter),S2,30,74400,197.72808092971582,17.58520285331973,8.893629458514061
MaverickGRID: DR + map + consistency,S2,30,74400,197.72808092971582,17.582909335095188,8.89246952300376
"DR, no map",S2,30,75000,297.0249309212574,72.6754088091916,24.467780729307925
DR + map (particle filter),S2,30,75000,297.0249309212574,84.88576579335817,28.578666959057976
MaverickGRID: DR + map + consistency,S2,30,75000,297.0249309212574,84.88555293165204,28.578595294465554
"DR, no map",S2,30,75600,486.2673445922068,125.06995312650449,25.720409671225312
DR + map (particle filter),S2,30,75600,486.2673445922068,44.488535902714794,9.148986950794267
MaverickGRID: DR + map + consistency,S2,30,75600,486.2673445922068,44.54018970690387,9.15960946220975
"DR, no map",S2,30,76200,172.64850400576466,12.051567716467058,6.980406685750756
DR + map (particle filter),S2,30,76200,172.64850400576466,10.142870719219394,5.87486742363011
MaverickGRID: DR + map + consistency,S2,30,76200,172.64850400576466,10.142885032114537,5.87487571382366
"DR, no map",S2,30,76800,250.64550545826108,41.96182003711768,16.741501093505708
DR + map (particle filter),S2,30,76800,250.64550545826108,41.87872880428582,16.708350196712267
MaverickGRID: DR + map + consistency,S2,30,76800,250.64550545826108,41.87870771949322,16.708341784515703
"DR, no map",S2,30,77400,421.60146760100076,20.554442369301515,4.875325146817095
DR + map (particle filter),S2,30,77400,421.60146760100076,11.482631748846941,2.723574899818419
MaverickGRID: DR + map + consistency,S2,30,77400,421.60146760100076,11.482708985333012,2.723593219604285
"DR, no map",S2,30,78000,162.59927691414282,20.437547409141985,12.569273244636634
DR + map (particle filter),S2,30,78000,162.59927691414282,27.180136184382974,16.716025249444918
MaverickGRID: DR + map + consistency,S2,30,78000,162.59927691414282,27.17455576250217,16.71259324040606
"DR, no map",S2,30,78600,143.9153666935539,17.5738326635033,12.211227381245624
DR + map (particle filter),S2,30,78600,143.9153666935539,23.066316182876506,16.027695104993725
MaverickGRID: DR + map + consistency,S2,30,78600,143.9153666935539,23.061314909878313,16.024219956291333
"DR, no map",S2,30,79200,75.21395952188726,28.38826469939162,37.74334562340204
DR + map (particle filter),S2,30,79200,75.21395952188726,15.148372443916179,20.140373595819007
MaverickGRID: DR + map + consistency,S2,30,79200,75.21395952188726,15.149002857562923,20.14121175624927
"DR, no map",S2,30,79800,346.57010999002824,28.388563446589988,8.191290197359145
DR + map (particle filter),S2,30,79800,346.57010999002824,39.130580508760644,11.290812271689136
MaverickGRID: DR + map + consistency,S2,30,79800,346.57010999002824,39.12986702036332,11.290606400387267
"DR, no map",S2,30,80400,303.59852703634346,28.88710904843328,9.514904215913813
DR + map (particle filter),S2,30,80400,303.59852703634346,39.95528449293721,13.160565989226358
MaverickGRID: DR + map + consistency,S2,30,80400,303.59852703634346,39.95503033360558,13.160482273625327
"DR, no map",S2,30,81000,158.65854010149474,17.284733875006822,10.894297819675943
DR + map (particle filter),S2,30,81000,158.65854010149474,21.39157513865406,13.482775730174845
MaverickGRID: DR + map + consistency,S2,30,81000,158.65854010149474,21.391523766157718,13.482743350892704
"DR, no map",S2,30,81600,294.81342567639587,77.02857984956991,26.1279077344737
DR + map (particle filter),S2,30,81600,294.81342567639587,55.740799790003,18.907144293756588
MaverickGRID: DR + map + consistency,S2,30,81600,294.81342567639587,55.742337667473485,18.907665938070092
"DR, no map",S2,30,82200,237.04069937857565,20.41235188456209,8.611327901948895
DR + map (particle filter),S2,30,82200,237.04069937857565,16.391997095083298,6.915266930133285
MaverickGRID: DR + map + consistency,S2,30,82200,237.04069937857565,16.392025948786824,6.915279102601389
"DR, no map",S2,30,82800,278.29475936567997,13.155767252079539,4.727278114063524
DR + map (particle filter),S2,30,82800,278.29475936567997,10.384128230217408,3.731341637149782
MaverickGRID: DR + map + consistency,S2,30,82800,278.29475936567997,10.383356928892226,3.7310644844908745
"DR, no map",S2,30,83400,169.1050821349487,23.263715675875183,13.75695832565833
DR + map (particle filter),S2,30,83400,169.1050821349487,5.467440113700118,3.233161324706379
MaverickGRID: DR + map + consistency,S2,30,83400,169.1050821349487,5.46596621439588,3.2322897368832155
"DR, no map",S2,30,84000,262.7582154901649,27.210268549732895,10.355629984384402
DR + map (particle filter),S2,30,84000,262.7582154901649,15.939666366437717,6.0662865808792725
MaverickGRID: DR + map + consistency,S2,30,84000,262.7582154901649,15.939812167787888,6.066342069667663
"DR, no map",S2,30,85200,307.17794286543057,72.50659611449063,23.604102377316373
DR + map (particle filter),S2,30,85200,307.17794286543057,149.55019177822015,48.68519867773695
MaverickGRID: DR + map + consistency,S2,30,85200,307.17794286543057,149.329927989026,48.613493077022426
"DR, no map",S2,30,85800,271.96482400800505,9.70144249122057,3.5671681169087575
DR + map (particle filter),S2,30,85800,271.96482400800505,33.620139247056834,12.361944001282772
MaverickGRID: DR + map + consistency,S2,30,85800,271.96482400800505,33.618887879813215,12.361483880291692
"DR, no map",S2,30,86400,337.3898093094318,60.160241758033344,17.831078502687767
DR + map (particle filter),S2,30,86400,337.3898093094318,180.88639675011134,53.61347372060494
MaverickGRID: DR + map + consistency,S2,30,86400,337.3898093094318,176.9440299357824,52.444983533424065
"DR, no map",S2,30,87000,235.58635957469266,37.246045082218195,15.809932777712174
DR + map (particle filter),S2,30,87000,235.58635957469266,8.191682186471175,3.477146215621198
MaverickGRID: DR + map + consistency,S2,30,87000,235.58635957469266,8.193902413848255,3.4780886417366528
"DR, no map",S2,30,87600,149.9921586511539,23.124352645546026,15.417041033010113
DR + map (particle filter),S2,30,87600,149.9921586511539,23.71114670404053,15.808257523106272
MaverickGRID: DR + map + consistency,S2,30,87600,149.9921586511539,23.71108278684733,15.808214909416483
"DR, no map",S2,30,88200,133.67644325648092,118.9351202449686,88.9723853714236
DR + map (particle filter),S2,30,88200,133.67644325648092,83.46545494687675,62.438416906959525
MaverickGRID: DR + map + consistency,S2,30,88200,133.67644325648092,83.46903426488895,62.44109450513988
"DR, no map",S2,30,88800,203.09070520844568,31.553241948659984,15.536526852016573
DR + map (particle filter),S2,30,88800,203.09070520844568,24.659570328905776,12.142146192065262
MaverickGRID: DR + map + consistency,S2,30,88800,203.09070520844568,24.657720367908194,12.14123528824242
"DR, no map",S2,30,89400,513.8287598662475,33.84917495682147,6.587637283213302
DR + map (particle filter),S2,30,89400,513.8287598662475,35.87024560361682,6.980972729699685
MaverickGRID: DR + map + consistency,S2,30,89400,513.8287598662475,35.86346334454449,6.979652784301126
"DR, no map",S2,30,90000,666.9691107356787,77.16241382463754,11.569113559026151
DR + map (particle filter),S2,30,90000,666.9691107356787,76.79160501505221,11.513517459654123
MaverickGRID: DR + map + consistency,S2,30,90000,666.9691107356787,76.58393592411144,11.482381221468865
"DR, no map",S2,30,90600,450.77333952843276,39.38930118352016,8.738161228595832
DR + map (particle filter),S2,30,90600,450.77333952843276,32.349686983255936,7.176486306199451
MaverickGRID: DR + map + consistency,S2,30,90600,450.77333952843276,32.342348609052756,7.174858354064825
"DR, no map",S2,30,91200,606.5308090854776,37.65181013552263,6.20773249627562
DR + map (particle filter),S2,30,91200,606.5308090854776,23.214340028568632,3.8273966764476532
MaverickGRID: DR + map + consistency,S2,30,91200,606.5308090854776,23.214115325453943,3.827359629176299
"DR, no map",S2,30,91800,649.4227046408012,21.773469777584452,3.3527423082054795
DR + map (particle filter),S2,30,91800,649.4227046408012,29.778209720333937,4.585335484506106
MaverickGRID: DR + map + consistency,S2,30,91800,649.4227046408012,29.776887498389883,4.585131884919179
"DR, no map",S2,30,92400,342.2589369032228,6.992285170745975,2.0429810347722537
DR + map (particle filter),S2,30,92400,342.2589369032228,15.061699056262889,4.400673709952456
MaverickGRID: DR + map + consistency,S2,30,92400,342.2589369032228,15.061611328499238,4.4006480779662045
"DR, no map",S2,30,93000,615.8957375709404,112.42999156020271,18.254711747741677
DR + map (particle filter),S2,30,93000,615.8957375709404,24.770567800799316,4.021876803124682
MaverickGRID: DR + map + consistency,S2,30,93000,615.8957375709404,24.743009160845574,4.017402240585504
"DR, no map",S2,60,600,125.45461622032357,18.737834967295008,14.935946983718475
DR + map (particle filter),S2,60,600,125.45461622032357,34.77848946463035,27.721968718594074
MaverickGRID: DR + map + consistency,S2,60,600,125.45461622032357,34.77804286730189,27.72161273541712
"DR, no map",S2,60,1800,693.0367230445906,54.29099090602222,7.833782698774693
DR + map (particle filter),S2,60,1800,693.0367230445906,58.656500579736,8.463692994802813
MaverickGRID: DR + map + consistency,S2,60,1800,693.0367230445906,58.65144587735111,8.46296363916886
"DR, no map",S2,60,2400,257.5093592822456,9.652362223326902,3.7483539434181643
DR + map (particle filter),S2,60,2400,257.5093592822456,2.329975323850947,0.9048118990103017
MaverickGRID: DR + map + consistency,S2,60,2400,257.5093592822456,2.32985993979323,0.9047670912961127
"DR, no map",S2,60,4800,427.74353456742654,25.589877212235738,5.982528114215581
DR + map (particle filter),S2,60,4800,427.74353456742654,40.58237839512478,9.487549224131557
MaverickGRID: DR + map + consistency,S2,60,4800,427.74353456742654,40.58215420871147,9.487496812722574
"DR, no map",S2,60,5400,500.4404440397955,78.66874462428841,15.7199014510571
DR + map (particle filter),S2,60,5400,500.4404440397955,8.805188556235262,1.7594877994183589
MaverickGRID: DR + map + consistency,S2,60,5400,500.4404440397955,8.809038088610354,1.7602570282888348
"DR, no map",S2,60,6000,391.2814458140347,28.53800818770456,7.293473404631582
DR + map (particle filter),S2,60,6000,391.2814458140347,26.904275761901015,6.875939569771442
MaverickGRID: DR + map + consistency,S2,60,6000,391.2814458140347,26.90428599016545,6.875942183814235
"DR, no map",S2,60,6600,370.12851458049283,195.83721794230146,52.91060002882113
DR + map (particle filter),S2,60,6600,370.12851458049283,49.51283103641312,13.377199833558198
MaverickGRID: DR + map + consistency,S2,60,6600,370.12851458049283,43.72670637927198,11.813925341264843
"DR, no map",S2,60,7200,318.247875582755,94.09829248538915,29.567610565532426
DR + map (particle filter),S2,60,7200,318.247875582755,43.89996684765429,13.794268623872979
MaverickGRID: DR + map + consistency,S2,60,7200,318.247875582755,43.90537605242895,13.795968306789874
"DR, no map",S2,60,8400,212.41608862034485,116.94242212048209,55.053467409192066
DR + map (particle filter),S2,60,8400,212.41608862034485,18.47967118762548,8.699751185351376
MaverickGRID: DR + map + consistency,S2,60,8400,212.41608862034485,17.554929106772544,8.264406533795466
"DR, no map",S2,60,9600,658.2811634149695,130.261335559424,19.788100100520335
DR + map (particle filter),S2,60,9600,658.2811634149695,232.08309825099684,35.2559227195592
MaverickGRID: DR + map + consistency,S2,60,9600,658.2811634149695,232.0366831528661,35.24887176615049
"DR, no map",S2,60,10200,687.4682080713,97.58054166192335,14.194189711795792
DR + map (particle filter),S2,60,10200,687.4682080713,18.601881421523203,2.705853333016082
MaverickGRID: DR + map + consistency,S2,60,10200,687.4682080713,18.597661736254082,2.70523953222943
"DR, no map",S2,60,10800,325.2682672546117,20.284806093638622,6.236331095206466
DR + map (particle filter),S2,60,10800,325.2682672546117,133.32112314909787,40.98805096309549
MaverickGRID: DR + map + consistency,S2,60,10800,325.2682672546117,132.40153974970835,40.70533558875198
"DR, no map",S2,60,11400,596.6050430190726,57.04382067980193,9.56140437417964
DR + map (particle filter),S2,60,11400,596.6050430190726,10.95562391927953,1.8363277426954796
MaverickGRID: DR + map + consistency,S2,60,11400,596.6050430190726,10.955875070685229,1.83636983945759
"DR, no map",S2,60,12000,272.6451766856027,70.19776105478776,25.74692936370388
DR + map (particle filter),S2,60,12000,272.6451766856027,40.374892387812956,14.808584871600626
MaverickGRID: DR + map + consistency,S2,60,12000,272.6451766856027,40.37606351184487,14.80901441304572
"DR, no map",S2,60,13200,63.173630001826176,31.25139631852921,49.46905270066928
DR + map (particle filter),S2,60,13200,63.173630001826176,17.699455972685396,28.01715838107412
MaverickGRID: DR + map + consistency,S2,60,13200,63.173630001826176,17.528796842364972,27.747015395281643
"DR, no map",S2,60,14400,379.91948289750525,86.91519014412262,22.877265856768556
DR + map (particle filter),S2,60,14400,379.91948289750525,50.73394455064915,13.35386755207186
MaverickGRID: DR + map + consistency,S2,60,14400,379.91948289750525,50.7378529955378,13.354896308180612
"DR, no map",S2,60,15000,375.58117624856027,21.053364127430914,5.605542944862008
DR + map (particle filter),S2,60,15000,375.58117624856027,83.5232364346911,22.23839790613342
MaverickGRID: DR + map + consistency,S2,60,15000,375.58117624856027,83.50961725797238,22.234771745510905
"DR, no map",S2,60,15600,284.477590090063,104.42031211966372,36.70598871658228
DR + map (particle filter),S2,60,15600,284.477590090063,21.522846346535296,7.565744050250623
MaverickGRID: DR + map + consistency,S2,60,15600,284.477590090063,21.389179125113827,7.5187571429940085
"DR, no map",S2,60,16200,358.9238864908523,24.68938336647959,6.878723956731934
DR + map (particle filter),S2,60,16200,358.9238864908523,125.23357390216395,34.89140138499969
MaverickGRID: DR + map + consistency,S2,60,16200,358.9238864908523,125.0052452809677,34.82778661044997
"DR, no map",S2,60,16800,507.7433725974897,54.74021339918302,10.781078858626083
DR + map (particle filter),S2,60,16800,507.7433725974897,67.10853129101045,13.217017673258791
MaverickGRID: DR + map + consistency,S2,60,16800,507.7433725974897,67.10772275501147,13.21685843218493
"DR, no map",S2,60,17400,276.8092523115659,44.7052239236196,16.150191350288072
DR + map (particle filter),S2,60,17400,276.8092523115659,8.297413280451925,2.997520209733696
MaverickGRID: DR + map + consistency,S2,60,17400,276.8092523115659,8.299840393125399,2.998397027489318
"DR, no map",S2,60,18600,448.9145009511521,64.18785985749213,14.298459889687686
DR + map (particle filter),S2,60,18600,448.9145009511521,117.8306876046844,26.247912989004995
MaverickGRID: DR + map + consistency,S2,60,18600,448.9145009511521,117.79864348898782,26.240774855656955
"DR, no map",S2,60,19200,278.5297437197243,9.471344385205,3.4004786198833097
DR + map (particle filter),S2,60,19200,278.5297437197243,92.16851680494538,33.09108591924446
MaverickGRID: DR + map + consistency,S2,60,19200,278.5297437197243,91.697556591265,32.921997976466514
"DR, no map",S2,60,19800,212.46795679667525,43.29260344482949,20.37606239432098
DR + map (particle filter),S2,60,19800,212.46795679667525,40.342209593737785,18.98743236484546
MaverickGRID: DR + map + consistency,S2,60,19800,212.46795679667525,40.34223259864197,18.987443192315414
"DR, no map",S2,60,21000,324.06576919764746,31.727243666311498,9.790371795473739
DR + map (particle filter),S2,60,21000,324.06576919764746,14.616703124428216,4.510412550087479
MaverickGRID: DR + map + consistency,S2,60,21000,324.06576919764746,14.61374725691688,4.5095004304524275
"DR, no map",S2,60,21600,385.25091056171493,31.61947869908669,8.207502651449655
DR + map (particle filter),S2,60,21600,385.25091056171493,11.77333515011633,3.0560174751956386
MaverickGRID: DR + map + consistency,S2,60,21600,385.25091056171493,11.773665814409808,3.05610330608777
"DR, no map",S2,60,22200,421.3310355586614,43.10670598359522,10.2310777857696
DR + map (particle filter),S2,60,22200,421.3310355586614,10.830570608295332,2.570560840346024
MaverickGRID: DR + map + consistency,S2,60,22200,421.3310355586614,10.829948456065285,2.570413176827902
"DR, no map",S2,60,22800,253.18705976974266,51.71401708080026,20.425221228853808
DR + map (particle filter),S2,60,22800,253.18705976974266,139.38841137394076,55.05352899974649
MaverickGRID: DR + map + consistency,S2,60,22800,253.18705976974266,138.44053522151785,54.67915119651874
"DR, no map",S2,60,23400,768.7959808257173,21.940704190037955,2.853904642747062
DR + map (particle filter),S2,60,23400,768.7959808257173,54.89913330250669,7.14092355731918
MaverickGRID: DR + map + consistency,S2,60,23400,768.7959808257173,54.89438525255298,7.140305961744785
"DR, no map",S2,60,24000,576.8036411586994,64.77610502357375,11.230183098957157
DR + map (particle filter),S2,60,24000,576.8036411586994,10.452500508472477,1.8121419080287355
MaverickGRID: DR + map + consistency,S2,60,24000,576.8036411586994,10.451342668360066,1.8119411741862645
"DR, no map",S2,60,24600,837.3225167745785,77.05324671776683,9.202337829702826
DR + map (particle filter),S2,60,24600,837.3225167745785,13.305623628507954,1.5890679352278847
MaverickGRID: DR + map + consistency,S2,60,24600,837.3225167745785,13.307144429741278,1.5892495619252276
"DR, no map",S2,60,25200,820.0223741920868,92.89943188566828,11.328889894888036
DR + map (particle filter),S2,60,25200,820.0223741920868,38.376189432843596,4.6798954078116575
MaverickGRID: DR + map + consistency,S2,60,25200,820.0223741920868,38.36691925620833,4.6787649293116775
"DR, no map",S2,60,25800,639.213400684012,161.49903996949732,25.265277573448834
DR + map (particle filter),S2,60,25800,639.213400684012,49.318516787237435,7.715501072797047
MaverickGRID: DR + map + consistency,S2,60,25800,639.213400684012,49.40635393141713,7.7292425156525475
"DR, no map",S2,60,26400,326.8438841505937,104.07473287706122,31.8423375574342
DR + map (particle filter),S2,60,26400,326.8438841505937,27.537742584744375,8.425350425726897
MaverickGRID: DR + map + consistency,S2,60,26400,326.8438841505937,27.140553674755736,8.303827910162363
"DR, no map",S2,60,27600,765.4502287886152,65.31769961062886,8.533239282454618
DR + map (particle filter),S2,60,27600,765.4502287886152,91.26049956831264,11.92246029016668
MaverickGRID: DR + map + consistency,S2,60,27600,765.4502287886152,91.25941450274352,11.922318534958006
"DR, no map",S2,60,28200,525.2057381339648,124.97235153843964,23.79493262630021
DR + map (particle filter),S2,60,28200,525.2057381339648,12.241872466712154,2.3308718046773524
MaverickGRID: DR + map + consistency,S2,60,28200,525.2057381339648,12.187005429985096,2.3204250344417487
"DR, no map",S2,60,30000,538.708394071917,52.94028779381113,9.827262462656867
DR + map (particle filter),S2,60,30000,538.708394071917,35.29242453349174,6.551303993377211
MaverickGRID: DR + map + consistency,S2,60,30000,538.708394071917,35.27860457607313,6.548738605948559
"DR, no map",S2,60,30600,282.70192243487423,101.058865153738,35.74749838392727
DR + map (particle filter),S2,60,30600,282.70192243487423,19.20994752518587,6.795124475890767
MaverickGRID: DR + map + consistency,S2,60,30600,282.70192243487423,19.20224946048681,6.792401443577171
"DR, no map",S2,60,31800,712.0664509780105,23.63883790938177,3.3197516716191653
DR + map (particle filter),S2,60,31800,712.0664509780105,36.540791961191836,5.131654764945563
MaverickGRID: DR + map + consistency,S2,60,31800,712.0664509780105,36.54066529889469,5.13163697695724
"DR, no map",S2,60,32400,406.87670862434624,25.744859880524764,6.32743515045832
DR + map (particle filter),S2,60,32400,406.87670862434624,32.21707815796403,7.918142640037141
MaverickGRID: DR + map + consistency,S2,60,32400,406.87670862434624,32.21681483666932,7.918077922325576
"DR, no map",S2,60,33000,529.147881549193,121.1942572957691,22.903664839580788
DR + map (particle filter),S2,60,33000,529.147881549193,33.86921042123683,6.400707931037635
MaverickGRID: DR + map + consistency,S2,60,33000,529.147881549193,33.91603641313671,6.409557251526794
"DR, no map",S2,60,34200,392.4935328864915,54.34730170419,13.846674441870908
DR + map (particle filter),S2,60,34200,392.4935328864915,29.898467455278674,7.617569450227162
MaverickGRID: DR + map + consistency,S2,60,34200,392.4935328864915,29.89911733496609,7.617735027397985
"DR, no map",S2,60,34800,278.9708333350789,45.173003751868386,16.192733559930957
DR + map (particle filter),S2,60,34800,278.9708333350789,24.295562144369782,8.708997228820609
MaverickGRID: DR + map + consistency,S2,60,34800,278.9708333350789,24.296010804382437,8.709158055673829
"DR, no map",S2,60,36600,181.98621900017798,193.95984621221362,106.57941424236301
DR + map (particle filter),S2,60,36600,181.98621900017798,13.841890420736561,7.606010222522961
MaverickGRID: DR + map + consistency,S2,60,36600,181.98621900017798,35.328742200385484,19.412866751383486
"DR, no map",S2,60,38400,391.50242864391635,41.816083140356056,10.680925603756366
DR + map (particle filter),S2,60,38400,391.50242864391635,12.16235739908898,3.1065854281458427
MaverickGRID: DR + map + consistency,S2,60,38400,391.50242864391635,12.162101912231426,3.1065201700940754
"DR, no map",S2,60,39000,542.2088308749534,58.85110496670335,10.853955453240461
DR + map (particle filter),S2,60,39000,542.2088308749534,11.792574282469294,2.1749137252965456
MaverickGRID: DR + map + consistency,S2,60,39000,542.2088308749534,11.794994465810447,2.1753600816086043
"DR, no map",S2,60,39600,204.73395131135908,18.243646300998847,8.910904216982527
DR + map (particle filter),S2,60,39600,204.73395131135908,10.371764667956056,5.065972009782927
MaverickGRID: DR + map + consistency,S2,60,39600,204.73395131135908,10.371860818503418,5.066018973438317
"DR, no map",S2,60,40800,381.52232100084143,52.497072409556885,13.759895429405585
DR + map (particle filter),S2,60,40800,381.52232100084143,15.963575887823932,4.184178751572631
MaverickGRID: DR + map + consistency,S2,60,40800,381.52232100084143,15.965577627628502,4.184703423313807
"DR, no map",S2,60,41400,569.9188836887834,128.07353781448214,22.472239730947305
DR + map (particle filter),S2,60,41400,569.9188836887834,67.87263726041867,11.909175007698465
MaverickGRID: DR + map + consistency,S2,60,41400,569.9188836887834,67.88092595887917,11.91062937229275
"DR, no map",S2,60,42000,462.82811112871565,37.89368456390462,8.1874206973928
DR + map (particle filter),S2,60,42000,462.82811112871565,13.507732199025796,2.9185202614603507
MaverickGRID: DR + map + consistency,S2,60,42000,462.82811112871565,13.508125813575088,2.9186053069750524
"DR, no map",S2,60,43200,550.8215622218272,86.91449576308682,15.779065621996212
DR + map (particle filter),S2,60,43200,550.8215622218272,110.27110262657672,20.019387436791785
MaverickGRID: DR + map + consistency,S2,60,43200,550.8215622218272,110.26979296235753,20.019149671186913
"DR, no map",S2,60,43800,455.3407422734126,56.932174017372155,12.503202268508366
DR + map (particle filter),S2,60,43800,455.3407422734126,138.74561105050765,30.47072185058214
MaverickGRID: DR + map + consistency,S2,60,43800,455.3407422734126,138.70690509823174,30.462221413726294
"DR, no map",S2,60,44400,542.677207874103,81.95794600344846,15.102522238682644
DR + map (particle filter),S2,60,44400,542.677207874103,135.96152424396033,25.053848267661603
MaverickGRID: DR + map + consistency,S2,60,44400,542.677207874103,135.84777884551414,25.03288822054782
"DR, no map",S2,60,45000,696.6749658183859,123.29362778704716,17.697439098046793
DR + map (particle filter),S2,60,45000,696.6749658183859,16.063221600903596,2.3056981216533434
MaverickGRID: DR + map + consistency,S2,60,45000,696.6749658183859,16.09863759226801,2.310781696218537
"DR, no map",S2,60,45600,500.6211424366064,13.971309847812229,2.790795007140837
DR + map (particle filter),S2,60,45600,500.6211424366064,15.160458598013298,3.028329671460702
MaverickGRID: DR + map + consistency,S2,60,45600,500.6211424366064,15.160404777673135,3.0283189207481174
"DR, no map",S2,60,46200,700.336159919173,56.14218250864302,8.016462053754655
DR + map (particle filter),S2,60,46200,700.336159919173,21.450574079632048,3.0628968354436665
MaverickGRID: DR + map + consistency,S2,60,46200,700.336159919173,21.449918691123095,3.0628032534545504
"DR, no map",S2,60,48000,609.2577878592047,50.48431339989329,8.286199110771133
DR + map (particle filter),S2,60,48000,609.2577878592047,95.05377787760166,15.601569610065935
MaverickGRID: DR + map + consistency,S2,60,48000,609.2577878592047,94.96048883008571,15.58625769294728
"DR, no map",S2,60,48600,395.9545775397046,59.03836471906439,14.910388228342754
DR + map (particle filter),S2,60,48600,395.9545775397046,16.52047650564095,4.172316079357448
MaverickGRID: DR + map + consistency,S2,60,48600,395.9545775397046,16.519991563111084,4.172193605074444
"DR, no map",S2,60,49800,737.3410717463914,221.7841058090683,30.07890300804388
DR + map (particle filter),S2,60,49800,737.3410717463914,410.3135587576816,55.64772864013318
MaverickGRID: DR + map + consistency,S2,60,49800,737.3410717463914,408.2812846656124,55.37210665596027
"DR, no map",S2,60,50400,516.9820093582687,244.11239175252607,47.218740175416066
DR + map (particle filter),S2,60,50400,516.9820093582687,28.46497572955763,5.505989611687124
MaverickGRID: DR + map + consistency,S2,60,50400,516.9820093582687,24.654521698056527,4.76893223589352
"DR, no map",S2,60,51000,1138.7576980738017,225.54618142915936,19.806336484984353
DR + map (particle filter),S2,60,51000,1138.7576980738017,8.411872652080614,0.7386885433406263
MaverickGRID: DR + map + consistency,S2,60,51000,1138.7576980738017,8.504707184802678,0.7468408072400575
"DR, no map",S2,60,51600,739.8458362633942,139.41643515503682,18.843984560237878
DR + map (particle filter),S2,60,51600,739.8458362633942,8.028387584384806,1.0851433083589865
MaverickGRID: DR + map + consistency,S2,60,51600,739.8458362633942,8.049359283564756,1.087977912292945
"DR, no map",S2,60,52200,733.8518948246285,35.11213542403526,4.784635111206757
DR + map (particle filter),S2,60,52200,733.8518948246285,4.28844425862017,0.5843746250249849
MaverickGRID: DR + map + consistency,S2,60,52200,733.8518948246285,4.288526996011513,0.5843858994240738
"DR, no map",S2,60,52800,291.98090576785273,87.03571172967573,29.80869981918469
DR + map (particle filter),S2,60,52800,291.98090576785273,24.043853008218232,8.23473471492514
MaverickGRID: DR + map + consistency,S2,60,52800,291.98090576785273,24.051989226176183,8.237521273154542
"DR, no map",S2,60,54000,1313.260821775069,308.18659380205366,23.467279971505832
DR + map (particle filter),S2,60,54000,1313.260821775069,380.09626072502215,28.942937642140656
MaverickGRID: DR + map + consistency,S2,60,54000,1313.260821775069,380.0922311674864,28.942630806097963
"DR, no map",S2,60,54600,1641.2670322368022,142.14303949570763,8.66056751910674
DR + map (particle filter),S2,60,54600,1641.2670322368022,90.128043479399,5.491369881265934
MaverickGRID: DR + map + consistency,S2,60,54600,1641.2670322368022,90.12662141983209,5.491283237256217
"DR, no map",S2,60,55200,643.6879200197743,96.70845671462318,15.024121737697403
DR + map (particle filter),S2,60,55200,643.6879200197743,20.13359560646934,3.1278504660846873
MaverickGRID: DR + map + consistency,S2,60,55200,643.6879200197743,20.13185810913592,3.1275805375557555
"DR, no map",S2,60,55800,467.5043399153652,52.32184007936745,11.191733554567547
DR + map (particle filter),S2,60,55800,467.5043399153652,15.165946943607176,3.244022707115991
MaverickGRID: DR + map + consistency,S2,60,55800,467.5043399153652,15.16065842900767,3.2428914845479904
"DR, no map",S2,60,56400,273.45482373652953,113.6176965773332,41.548982396742254
DR + map (particle filter),S2,60,56400,273.45482373652953,93.66491001984808,34.25242558898618
MaverickGRID: DR + map + consistency,S2,60,56400,273.45482373652953,93.65918758746514,34.250332946294876
"DR, no map",S2,60,57000,441.1031835226329,40.41241125948622,9.161668464225144
DR + map (particle filter),S2,60,57000,441.1031835226329,11.709016335510942,2.6544846586694733
MaverickGRID: DR + map + consistency,S2,60,57000,441.1031835226329,11.705973019352516,2.6537947257303993
"DR, no map",S2,60,57600,387.35942091521724,15.482638122876713,3.9969695551216384
DR + map (particle filter),S2,60,57600,387.35942091521724,37.363575245764096,9.645712283822832
MaverickGRID: DR + map + consistency,S2,60,57600,387.35942091521724,37.360035512252665,9.64479847269025
"DR, no map",S2,60,58200,336.7234028688075,39.20580938841928,11.64332774449136
DR + map (particle filter),S2,60,58200,336.7234028688075,11.427610525398213,3.393767830818276
MaverickGRID: DR + map + consistency,S2,60,58200,336.7234028688075,11.428150385724802,3.3939281583517915
"DR, no map",S2,60,58800,310.2956891729837,100.77577468834745,32.477336361629874
DR + map (particle filter),S2,60,58800,310.2956891729837,75.15957258540797,24.221919674658448
MaverickGRID: DR + map + consistency,S2,60,58800,310.2956891729837,75.16029105420165,24.222151217931124
"DR, no map",S2,60,59400,271.8327402779895,185.1747372627068,68.12083675915493
DR + map (particle filter),S2,60,59400,271.8327402779895,186.8185833674843,68.72556380678591
MaverickGRID: DR + map + consistency,S2,60,59400,271.8327402779895,178.45378242767958,65.64837710320839
"DR, no map",S2,60,60000,1017.7774121609734,88.40441533023242,8.686026460592174
DR + map (particle filter),S2,60,60000,1017.7774121609734,11.367669806071788,1.1169111900347282
MaverickGRID: DR + map + consistency,S2,60,60000,1017.7774121609734,11.369511574547397,1.117092149884456
"DR, no map",S2,60,60600,1409.9463821093357,251.28925162632925,17.822610477597777
DR + map (particle filter),S2,60,60600,1409.9463821093357,238.29128325792598,16.900733693251
MaverickGRID: DR + map + consistency,S2,60,60600,1409.9463821093357,238.2913628394534,16.900739337545595
"DR, no map",S2,60,61200,671.9090605154272,50.289684950821176,7.484596935222681
DR + map (particle filter),S2,60,61200,671.9090605154272,12.553279415361104,1.8683003628097192
MaverickGRID: DR + map + consistency,S2,60,61200,671.9090605154272,12.552676167722426,1.8682105816660906
"DR, no map",S2,60,61800,306.25741809638,95.98908770759506,31.342616385992994
DR + map (particle filter),S2,60,61800,306.25741809638,52.99166618686501,17.302982084890562
MaverickGRID: DR + map + consistency,S2,60,61800,306.25741809638,52.59718996820535,17.174176643666762
"DR, no map",S2,60,62400,384.72114321349443,51.19635391304927,13.30739285224018
DR + map (particle filter),S2,60,62400,384.72114321349443,21.728639666975287,5.647893298891907
MaverickGRID: DR + map + consistency,S2,60,62400,384.72114321349443,21.72836168859254,5.647821044380386
"DR, no map",S2,60,63600,333.5276612505171,83.94424273002271,25.168599934195882
DR + map (particle filter),S2,60,63600,333.5276612505171,54.731286669630485,16.409819342846372
MaverickGRID: DR + map + consistency,S2,60,63600,333.5276612505171,54.73312278579645,16.410369856755498
"DR, no map",S2,60,64200,409.27090309880634,28.271543091652905,6.907782321585558
DR + map (particle filter),S2,60,64200,409.27090309880634,2.5643561799059325,0.6265669414780861
MaverickGRID: DR + map + consistency,S2,60,64200,409.27090309880634,2.563585013056794,0.6263785169301157
"DR, no map",S2,60,64800,442.3198448411438,10.609196307179431,2.398535003779822
DR + map (particle filter),S2,60,64800,442.3198448411438,26.57458798659465,6.008002647075158
MaverickGRID: DR + map + consistency,S2,60,64800,442.3198448411438,26.574314298293046,6.007940771420065
"DR, no map",S2,60,65400,598.5207549206832,38.34999684230893,6.407463154287963
DR + map (particle filter),S2,60,65400,598.5207549206832,43.485901349485744,7.265562804960465
MaverickGRID: DR + map + consistency,S2,60,65400,598.5207549206832,43.48583180710197,7.265551185917483
"DR, no map",S2,60,66000,373.6310023115615,13.349057861467255,3.5727918130133673
DR + map (particle filter),S2,60,66000,373.6310023115615,21.62534340331647,5.787887854467612
MaverickGRID: DR + map + consistency,S2,60,66000,373.6310023115615,21.625260576432616,5.787865686370387
"DR, no map",S2,60,66600,504.22597738864886,80.69109970620039,16.002963616451094
DR + map (particle filter),S2,60,66600,504.22597738864886,16.319991938529327,3.236642432238304
MaverickGRID: DR + map + consistency,S2,60,66600,504.22597738864886,16.254481892596193,3.223650232536019
"DR, no map",S2,60,67200,479.75360823579945,81.68474226251223,17.026394561760977
DR + map (particle filter),S2,60,67200,479.75360823579945,8.889442486742585,1.8529183176822328
MaverickGRID: DR + map + consistency,S2,60,67200,479.75360823579945,8.88689371017561,1.852387049855744
"DR, no map",S2,60,67800,502.7119517412609,26.50420386859781,5.272244627722551
DR + map (particle filter),S2,60,67800,502.7119517412609,7.3147416926222455,1.4550562538419705
MaverickGRID: DR + map + consistency,S2,60,67800,502.7119517412609,7.315024900245049,1.4551125898057014
"DR, no map",S2,60,68400,325.0592617938935,73.15206740661077,22.504224922836823
DR + map (particle filter),S2,60,68400,325.0592617938935,28.143645124568046,8.65800438026367
MaverickGRID: DR + map + consistency,S2,60,68400,325.0592617938935,28.157241621220873,8.662187154991512
"DR, no map",S2,60,69000,903.9698989847933,64.03858053227636,7.084149660756969
DR + map (particle filter),S2,60,69000,903.9698989847933,13.459123733241036,1.488890697395605
MaverickGRID: DR + map + consistency,S2,60,69000,903.9698989847933,13.459877387061804,1.4889740689571598
"DR, no map",S2,60,69600,903.9381300436098,75.04764926770139,8.302299324853214
DR + map (particle filter),S2,60,69600,903.9381300436098,5.3626672020014325,0.5932560010210781
MaverickGRID: DR + map + consistency,S2,60,69600,903.9381300436098,5.359072648890071,0.5928583462489326
"DR, no map",S2,60,70200,673.9563671834969,53.40827900214452,7.9245900183925615
DR + map (particle filter),S2,60,70200,673.9563671834969,25.634346645001866,3.803561757585183
MaverickGRID: DR + map + consistency,S2,60,70200,673.9563671834969,25.63461797541655,3.8036020169295406
"DR, no map",S2,60,70800,594.1863044591969,9.561309222213689,1.6091433192685223
DR + map (particle filter),S2,60,70800,594.1863044591969,15.278799770310972,2.57138201531203
MaverickGRID: DR + map + consistency,S2,60,70800,594.1863044591969,15.27875017600617,2.571373668720325
"DR, no map",S2,60,71400,591.5405978955944,21.493388358911798,3.6334595521211095
DR + map (particle filter),S2,60,71400,591.5405978955944,70.05637620580879,11.843037731481887
MaverickGRID: DR + map + consistency,S2,60,71400,591.5405978955944,70.05286397478743,11.842443988460046
"DR, no map",S2,60,72000,492.6413664222578,6.99221608229258,1.4193319032611118
DR + map (particle filter),S2,60,72000,492.6413664222578,9.327702640964938,1.8934062944624674
MaverickGRID: DR + map + consistency,S2,60,72000,492.6413664222578,9.327677845875888,1.8934012613713103
"DR, no map",S2,60,72600,177.33175516027586,67.31341479886397,37.95903037108318
DR + map (particle filter),S2,60,72600,177.33175516027586,87.08005366448285,49.10573043490051
MaverickGRID: DR + map + consistency,S2,60,72600,177.33175516027586,87.07922556009761,49.10526345458755
"DR, no map",S2,60,74400,445.13983804746687,8.46842112470719,1.9024181618640412
DR + map (particle filter),S2,60,74400,445.13983804746687,79.59031942201374,17.879846425591488
MaverickGRID: DR + map + consistency,S2,60,74400,445.13983804746687,79.55478216690169,17.871863034289568
"DR, no map",S2,60,75000,516.0833346618417,92.26749596259135,17.878410280976944
DR + map (particle filter),S2,60,75000,516.0833346618417,8.093843202242928,1.5683209781510064
MaverickGRID: DR + map + consistency,S2,60,75000,516.0833346618417,8.092795880057198,1.5681180415096951
"DR, no map",S2,60,75600,726.2896173354918,112.40095754264665,15.476051820072454
DR + map (particle filter),S2,60,75600,726.2896173354918,36.94481810622687,5.086788689306171
MaverickGRID: DR + map + consistency,S2,60,75600,726.2896173354918,36.82407916575471,5.070164612961102
"DR, no map",S2,60,76200,344.86661931208494,20.41734038521967,5.920358550777315
DR + map (particle filter),S2,60,76200,344.86661931208494,34.3049522895411,9.947310168194923
MaverickGRID: DR + map + consistency,S2,60,76200,344.86661931208494,34.29715021168745,9.94504782170595
"DR, no map",S2,60,76800,782.1525154217461,111.37078034641785,14.23901069810731
DR + map (particle filter),S2,60,76800,782.1525154217461,104.57082370956921,13.36962058521072
MaverickGRID: DR + map + consistency,S2,60,76800,782.1525154217461,104.56994206923329,13.369507865463799
"DR, no map",S2,60,77400,563.994918926848,81.43159833109289,14.43835672953196
DR + map (particle filter),S2,60,77400,563.994918926848,8.481913336603078,1.5038988919868639
MaverickGRID: DR + map + consistency,S2,60,77400,563.994918926848,8.4869716498854,1.5047957641239298
"DR, no map",S2,60,78000,258.7389590371248,76.53177359711538,29.57875917949191
DR + map (particle filter),S2,60,78000,258.7389590371248,66.27586563139566,25.614954113611535
MaverickGRID: DR + map + consistency,S2,60,78000,258.7389590371248,66.27600407390112,25.61500762024462
"DR, no map",S2,60,78600,310.3349543393971,11.782779339977019,3.7967941333127464
DR + map (particle filter),S2,60,78600,310.3349543393971,51.36365600745928,16.551037931513683
MaverickGRID: DR + map + consistency,S2,60,78600,310.3349543393971,51.36086785992413,16.5501394998365
"DR, no map",S2,60,79200,305.31717149885463,22.637524802715404,7.4144289663053975
DR + map (particle filter),S2,60,79200,305.31717149885463,59.27475569777021,19.41415722108921
MaverickGRID: DR + map + consistency,S2,60,79200,305.31717149885463,59.264417020419046,19.410771012151002
"DR, no map",S2,60,79800,712.6018644536158,42.143801803641395,5.914074030097432
DR + map (particle filter),S2,60,79800,712.6018644536158,22.179500571100977,3.1124673786963784
MaverickGRID: DR + map + consistency,S2,60,79800,712.6018644536158,22.17857385486267,3.1123373318519154
"DR, no map",S2,60,80400,436.57627160425733,40.411241158926515,9.256398890033593
DR + map (particle filter),S2,60,80400,436.57627160425733,6.852895341176836,1.5696902893954736
MaverickGRID: DR + map + consistency,S2,60,80400,436.57627160425733,6.853364857575979,1.569797834498055
"DR, no map",S2,60,81000,319.6474538487764,22.25071016970186,6.961015926073529
DR + map (particle filter),S2,60,81000,319.6474538487764,10.173734461490533,3.182798529752618
MaverickGRID: DR + map + consistency,S2,60,81000,319.6474538487764,10.172935047999031,3.1825484375082165
"DR, no map",S2,60,81600,571.4897253231748,124.91688466827922,21.858115576380538
DR + map (particle filter),S2,60,81600,571.4897253231748,19.683009680540682,3.4441581026518073
MaverickGRID: DR + map + consistency,S2,60,81600,571.4897253231748,18.738536159425223,3.2788929230230113
"DR, no map",S2,60,82200,492.37947325819016,10.03631256114089,2.0383287903389355
DR + map (particle filter),S2,60,82200,492.37947325819016,7.528919113509796,1.5290887460618894
MaverickGRID: DR + map + consistency,S2,60,82200,492.37947325819016,7.528783368424385,1.5290611768611442
"DR, no map",S2,60,82800,515.1823321481705,30.361733586230898,5.893395734211363
DR + map (particle filter),S2,60,82800,515.1823321481705,12.487111579087156,2.4238237221799297
MaverickGRID: DR + map + consistency,S2,60,82800,515.1823321481705,12.485760377321956,2.423561445762265
"DR, no map",S2,60,83400,398.8549170631396,22.99513636762476,5.765288425411232
DR + map (particle filter),S2,60,83400,398.8549170631396,13.233142143659288,3.317783378752844
MaverickGRID: DR + map + consistency,S2,60,83400,398.8549170631396,13.233238950680638,3.3178076499896294
"DR, no map",S2,60,84000,529.1814146749113,61.518554238141974,11.625229558739186
DR + map (particle filter),S2,60,84000,529.1814146749113,14.604729118539977,2.759871891478277
MaverickGRID: DR + map + consistency,S2,60,84000,529.1814146749113,14.59758795964818,2.758522418746665
"DR, no map",S2,60,85200,692.971947461479,152.56109009600726,22.015478498786972
DR + map (particle filter),S2,60,85200,692.971947461479,380.75803901902214,54.945664166324384
MaverickGRID: DR + map + consistency,S2,60,85200,692.971947461479,360.7808978475044,52.06284311639607
"DR, no map",S2,60,85800,625.7932570593248,7.935851389279237,1.2681267015516793
DR + map (particle filter),S2,60,85800,625.7932570593248,14.36573401082191,2.295603835414936
MaverickGRID: DR + map + consistency,S2,60,85800,625.7932570593248,14.365444501955059,2.2955575727133835
"DR, no map",S2,60,86400,666.08990049313,83.63247088060155,12.555733215394115
DR + map (particle filter),S2,60,86400,666.08990049313,136.15930503790054,20.44158077417132
MaverickGRID: DR + map + consistency,S2,60,86400,666.08990049313,136.1568206603908,20.441207794862084
"DR, no map",S2,60,87000,513.3324584809991,101.76790646080292,19.82495062984018
DR + map (particle filter),S2,60,87000,513.3324584809991,15.255905893120127,2.971934784382005
MaverickGRID: DR + map + consistency,S2,60,87000,513.3324584809991,15.134635699842654,2.94831068049496
"DR, no map",S2,60,87600,418.4947209609472,39.24417211749506,9.37745929682999
DR + map (particle filter),S2,60,87600,418.4947209609472,9.829214461083321,2.3487069176197704
MaverickGRID: DR + map + consistency,S2,60,87600,418.4947209609472,9.829882891895707,2.348866640258768
"DR, no map",S2,60,88200,354.8106983180653,169.5795336136074,47.794368776780814
DR + map (particle filter),S2,60,88200,354.8106983180653,98.5176846122055,27.766266654082298
MaverickGRID: DR + map + consistency,S2,60,88200,354.8106983180653,98.52693890063954,27.768874886719562
"DR, no map",S2,60,88800,701.4652560372422,183.85824637817214,26.21059914169302
DR + map (particle filter),S2,60,88800,701.4652560372422,388.1682498382656,55.33677491471608
MaverickGRID: DR + map + consistency,S2,60,88800,701.4652560372422,383.3881429005356,54.655328913422444
"DR, no map",S2,60,89400,919.4763285007383,138.6264962120723,15.076679183042284
DR + map (particle filter),S2,60,89400,919.4763285007383,136.78447723547444,14.876345697611356
MaverickGRID: DR + map + consistency,S2,60,89400,919.4763285007383,136.78438305252587,14.876335454503877
"DR, no map",S2,60,90000,1365.3127855002017,165.2072900759232,12.100325422163037
DR + map (particle filter),S2,60,90000,1365.3127855002017,442.0745211401973,32.37899225987524
MaverickGRID: DR + map + consistency,S2,60,90000,1365.3127855002017,441.4417560028666,32.33264645955382
"DR, no map",S2,60,90600,1089.1359066345854,44.419566402909005,4.078422732399379
DR + map (particle filter),S2,60,90600,1089.1359066345854,125.19575218001835,11.494961410910735
MaverickGRID: DR + map + consistency,S2,60,90600,1089.1359066345854,125.17300055697682,11.492872450028724
"DR, no map",S2,60,91200,1081.396105217567,212.0263146748111,19.606720761413627
DR + map (particle filter),S2,60,91200,1081.396105217567,223.97100367284614,20.711282627357456
MaverickGRID: DR + map + consistency,S2,60,91200,1081.396105217567,223.97076456839017,20.711260516638283
"DR, no map",S2,60,91800,887.3285286445898,16.819178133450418,1.8954848841772296
DR + map (particle filter),S2,60,91800,887.3285286445898,10.594385974367302,1.1939643133699778
MaverickGRID: DR + map + consistency,S2,60,91800,887.3285286445898,10.594384699010977,1.193964169640087
"DR, no map",S2,60,92400,1015.6005914008067,274.89893093321433,27.067622179507524
DR + map (particle filter),S2,60,92400,1015.6005914008067,183.66322581060703,18.084198391149258
MaverickGRID: DR + map + consistency,S2,60,92400,1015.6005914008067,183.67522585211387,18.085379962094414
"DR, no map",S2,60,93000,842.566338077397,93.31598684839865,11.075209467937084
DR + map (particle filter),S2,60,93000,842.566338077397,308.6439101770368,36.63140766830459
MaverickGRID: DR + map + consistency,S2,60,93000,842.566338077397,300.579168910627,35.67424371551576
"DR, no map",S2,120,600,257.0145669638705,11.526263857446281,4.484673376146253
DR + map (particle filter),S2,120,600,257.0145669638705,160.2574471715402,62.35344909227196
MaverickGRID: DR + map + consistency,S2,120,600,257.0145669638705,136.0593963551655,52.93839876954985
"DR, no map",S2,120,1800,951.8988631212807,86.23127460867464,9.058869376723688
DR + map (particle filter),S2,120,1800,951.8988631212807,120.16924299934496,12.624160785874821
MaverickGRID: DR + map + consistency,S2,120,1800,951.8988631212807,120.16779503929908,12.624008673071458
"DR, no map",S2,120,2400,262.7765488863071,10.093737418822965,3.841186537231722
DR + map (particle filter),S2,120,2400,262.7765488863071,11.170193525875591,4.250833483131132
MaverickGRID: DR + map + consistency,S2,120,2400,262.7765488863071,11.170082778619495,4.250791338100852
"DR, no map",S2,120,4800,929.0801398596627,71.01706835367348,7.643804372397906
DR + map (particle filter),S2,120,4800,929.0801398596627,15.844922526994148,1.70544195782589
MaverickGRID: DR + map + consistency,S2,120,4800,929.0801398596627,15.842864247461511,1.7052204183219943
"DR, no map",S2,120,5400,892.3604385874305,187.79782840515006,21.045064335486032
DR + map (particle filter),S2,120,5400,892.3604385874305,113.21468689996802,12.687102879547435
MaverickGRID: DR + map + consistency,S2,120,5400,892.3604385874305,112.95359286108605,12.657844070260095
"DR, no map",S2,120,6000,761.8897369743053,130.1308909826014,17.080016263165657
DR + map (particle filter),S2,120,6000,761.8897369743053,83.51491342941446,10.96154855177305
MaverickGRID: DR + map + consistency,S2,120,6000,761.8897369743053,83.39645357338928,10.946000389056538
"DR, no map",S2,120,6600,689.0788109243224,400.5508039170889,58.128445914596426
DR + map (particle filter),S2,120,6600,689.0788109243224,28.93241465931559,4.198709088225479
MaverickGRID: DR + map + consistency,S2,120,6600,689.0788109243224,34.62456077824077,5.024760626697516
"DR, no map",S2,120,7200,660.0037176952958,51.100099923838314,7.742395770478026
DR + map (particle filter),S2,120,7200,660.0037176952958,70.28323031565284,10.648914306282823
MaverickGRID: DR + map + consistency,S2,120,7200,660.0037176952958,70.28290787298438,10.648865451608247
"DR, no map",S2,120,8400,594.7655721849844,194.18376953613733,32.64879115695388
DR + map (particle filter),S2,120,8400,594.7655721849844,77.46941971336108,13.025202421983241
MaverickGRID: DR + map + consistency,S2,120,8400,594.7655721849844,75.95632360096042,12.770800320859262
"DR, no map",S2,120,9600,1347.1586847696967,309.0182889035047,22.938521823532085
DR + map (particle filter),S2,120,9600,1347.1586847696967,634.5128378198697,47.100081452419445
MaverickGRID: DR + map + consistency,S2,120,9600,1347.1586847696967,617.6892071545102,45.851258217594996
"DR, no map",S2,120,10200,1013.6858542837069,118.13486788646838,11.6539919529552
DR + map (particle filter),S2,120,10200,1013.6858542837069,58.793326793179354,5.799955335740976
MaverickGRID: DR + map + consistency,S2,120,10200,1013.6858542837069,58.76729222469348,5.797387028372785
"DR, no map",S2,120,10800,922.8574434309189,226.8427224960737,24.580472759989625
DR + map (particle filter),S2,120,10800,922.8574434309189,68.46705089401503,7.419027866262225
MaverickGRID: DR + map + consistency,S2,120,10800,922.8574434309189,68.51308658691616,7.4240162524131765
"DR, no map",S2,120,11400,869.8267347102408,104.00964517650961,11.957513034036324
DR + map (particle filter),S2,120,11400,869.8267347102408,33.89885919071279,3.8971967448212865
MaverickGRID: DR + map + consistency,S2,120,11400,869.8267347102408,33.89425131970259,3.896666998973484
"DR, no map",S2,120,12000,530.1151547582999,109.55281424311255,20.665852175658312
DR + map (particle filter),S2,120,12000,530.1151547582999,88.91638720087478,16.773032501101618
MaverickGRID: DR + map + consistency,S2,120,12000,530.1151547582999,88.42011836472872,16.67941721172693
"DR, no map",S2,120,13200,93.05161084938634,57.17982970063527,61.449586072385934
DR + map (particle filter),S2,120,13200,93.05161084938634,8.933920610296816,9.601038099982269
MaverickGRID: DR + map + consistency,S2,120,13200,93.05161084938634,8.281599581358389,8.900006679909083
"DR, no map",S2,120,14400,756.2532817383292,84.02495985357112,11.11069027831929
DR + map (particle filter),S2,120,14400,756.2532817383292,123.6657337049223,16.35242275189383
MaverickGRID: DR + map + consistency,S2,120,14400,756.2532817383292,123.658054940851,16.35140738253852
"DR, no map",S2,120,15000,660.6605727393842,126.35494672931347,19.125546754726297
DR + map (particle filter),S2,120,15000,660.6605727393842,232.87209430592466,35.24837169264337
MaverickGRID: DR + map + consistency,S2,120,15000,660.6605727393842,232.84336907129452,35.24402373609572
"DR, no map",S2,120,15600,644.190927839637,121.57547768485591,18.872584575596594
DR + map (particle filter),S2,120,15600,644.190927839637,120.35290831815138,18.68280087733736
MaverickGRID: DR + map + consistency,S2,120,15600,644.190927839637,120.24625552479603,18.666244792992458
"DR, no map",S2,120,16200,867.4032532034171,80.5686006053425,9.288482641469658
DR + map (particle filter),S2,120,16200,867.4032532034171,369.3259185378445,42.57834140855278
MaverickGRID: DR + map + consistency,S2,120,16200,867.4032532034171,238.35666902880646,27.47933768388909
"DR, no map",S2,120,16800,785.4181256793098,151.8707355205992,19.336291149283813
DR + map (particle filter),S2,120,16800,785.4181256793098,35.57654230970173,4.529630924793276
MaverickGRID: DR + map + consistency,S2,120,16800,785.4181256793098,35.595788839571355,4.532081406802839
"DR, no map",S2,120,17400,665.8049218442771,126.93992168396886,19.065632818145254
DR + map (particle filter),S2,120,17400,665.8049218442771,155.08825779574033,23.293348052481566
MaverickGRID: DR + map + consistency,S2,120,17400,665.8049218442771,153.53519729408052,23.060087460571573
"DR, no map",S2,120,18600,728.3743424520173,90.27885593171948,12.394568379193935
DR + map (particle filter),S2,120,18600,728.3743424520173,69.40413838710758,9.528635804696767
MaverickGRID: DR + map + consistency,S2,120,18600,728.3743424520173,69.28745204407889,9.512615698519514
"DR, no map",S2,120,19200,491.4066159112038,49.41681834208843,10.056197198415
DR + map (particle filter),S2,120,19200,491.4066159112038,58.195985254883205,11.84273539886551
MaverickGRID: DR + map + consistency,S2,120,19200,491.4066159112038,58.195711460364976,11.842679682375465
"DR, no map",S2,120,19800,360.9420448455196,30.001007933845628,8.311862904939717
DR + map (particle filter),S2,120,19800,360.9420448455196,65.36276405560521,18.10893604361885
MaverickGRID: DR + map + consistency,S2,120,19800,360.9420448455196,65.36037435099374,18.108273969292622
"DR, no map",S2,120,21000,710.0325109221883,33.33202795803563,4.69443686666461
DR + map (particle filter),S2,120,21000,710.0325109221883,15.174065596132909,2.137094479860489
MaverickGRID: DR + map + consistency,S2,120,21000,710.0325109221883,15.174249768931627,2.137120418503563
"DR, no map",S2,120,21600,807.2971525774169,16.129835203535436,1.9980047188372365
DR + map (particle filter),S2,120,21600,807.2971525774169,13.802637183021517,1.7097344068357645
MaverickGRID: DR + map + consistency,S2,120,21600,807.2971525774169,13.80245057233758,1.7097112913468344
"DR, no map",S2,120,22200,675.1741081183626,17.07604759868353,2.5291324701820446
DR + map (particle filter),S2,120,22200,675.1741081183626,15.84581872855023,2.3469233399235074
MaverickGRID: DR + map + consistency,S2,120,22200,675.1741081183626,15.845773976471285,2.346916711695558
"DR, no map",S2,120,22800,1022.6979117492031,99.2166371773664,9.701460816290135
DR + map (particle filter),S2,120,22800,1022.6979117492031,450.60842601119134,44.060755462038564
MaverickGRID: DR + map + consistency,S2,120,22800,1022.6979117492031,424.48542824837256,41.50643346111275
"DR, no map",S2,120,23400,1346.9952172034782,81.28801574939561,6.034766472160099
DR + map (particle filter),S2,120,23400,1346.9952172034782,5.207398225812173,0.38659366858208666
MaverickGRID: DR + map + consistency,S2,120,23400,1346.9952172034782,5.207538892607631,0.3866041115883915
"DR, no map",S2,120,24000,1415.3144490044988,95.7425376522213,6.764753777477826
DR + map (particle filter),S2,120,24000,1415.3144490044988,13.115192001873186,0.9266627646667583
MaverickGRID: DR + map + consistency,S2,120,24000,1415.3144490044988,13.110757609809262,0.9263494496951601
"DR, no map",S2,120,24600,1658.7637453758834,294.14590165352683,17.73283883696602
DR + map (particle filter),S2,120,24600,1658.7637453758834,8.248698559112766,0.49727989185365107
MaverickGRID: DR + map + consistency,S2,120,24600,1658.7637453758834,8.291814020864818,0.49987914457256566
"DR, no map",S2,120,25200,1460.4441550255856,321.2911310728183,21.99954924446869
DR + map (particle filter),S2,120,25200,1460.4441550255856,54.89492809317852,3.7587831006257693
MaverickGRID: DR + map + consistency,S2,120,25200,1460.4441550255856,54.98279770815533,3.7647997370493145
"DR, no map",S2,120,25800,967.3620513530541,242.55547444292134,25.073908378322034
DR + map (particle filter),S2,120,25800,967.3620513530541,91.48364163507617,9.457021960611081
MaverickGRID: DR + map + consistency,S2,120,25800,967.3620513530541,91.58634546830486,9.467638857675116
"DR, no map",S2,120,26400,593.2543819152345,231.98516071452372,39.103825911170475
DR + map (particle filter),S2,120,26400,593.2543819152345,125.70642604135267,21.189295835544943
MaverickGRID: DR + map + consistency,S2,120,26400,593.2543819152345,125.1877358200891,21.10186450135251
"DR, no map",S2,120,27600,1292.2263813688512,127.04049528729588,9.83113308309975
DR + map (particle filter),S2,120,27600,1292.2263813688512,22.553080512351283,1.7452886612994916
MaverickGRID: DR + map + consistency,S2,120,27600,1292.2263813688512,22.5543819745012,1.7453893760170271
"DR, no map",S2,120,28200,528.8888269120758,124.2572952766062,23.4940291709477
DR + map (particle filter),S2,120,28200,528.8888269120758,9.877450733745183,1.8675854416163045
MaverickGRID: DR + map + consistency,S2,120,28200,528.8888269120758,9.852563436013098,1.862879859560924
"DR, no map",S2,120,30000,822.8889345338259,110.97699461091361,13.48626648792927
DR + map (particle filter),S2,120,30000,822.8889345338259,15.16589024847362,1.8430057340685029
MaverickGRID: DR + map + consistency,S2,120,30000,822.8889345338259,15.158215562777976,1.8420730826044274
"DR, no map",S2,120,30600,803.5113183360631,24.68250701120791,3.0718306572608376
DR + map (particle filter),S2,120,30600,803.5113183360631,294.36251840973995,36.634520471885224
MaverickGRID: DR + map + consistency,S2,120,30600,803.5113183360631,288.93143223904303,35.95860140929582
"DR, no map",S2,120,31800,1120.1752146286565,69.93920879329977,6.243595455420334
DR + map (particle filter),S2,120,31800,1120.1752146286565,3.4416719313070856,0.30724407095973966
MaverickGRID: DR + map + consistency,S2,120,31800,1120.1752146286565,3.4426998241298943,0.3073358327492691
"DR, no map",S2,120,32400,936.7047512830021,129.62763923344374,13.838687062907827
DR + map (particle filter),S2,120,32400,936.7047512830021,39.245006992323866,4.189688046160765
MaverickGRID: DR + map + consistency,S2,120,32400,936.7047512830021,39.23715901431424,4.188850217805686
"DR, no map",S2,120,33000,709.8819588227518,169.1113291084662,23.82245766449899
DR + map (particle filter),S2,120,33000,709.8819588227518,19.859854407789584,2.797627712743201
MaverickGRID: DR + map + consistency,S2,120,33000,709.8819588227518,20.189624221469057,2.844081888621449
"DR, no map",S2,120,34200,672.7777639196205,67.13852364192597,9.979301820377536
DR + map (particle filter),S2,120,34200,672.7777639196205,18.407696727450293,2.736073888680057
MaverickGRID: DR + map + consistency,S2,120,34200,672.7777639196205,18.40295921509189,2.7353697167212805
"DR, no map",S2,120,34800,309.8487602096343,192.82248562301388,62.2311625492889
DR + map (particle filter),S2,120,34800,309.8487602096343,127.96165177915466,41.29810030305743
MaverickGRID: DR + map + consistency,S2,120,34800,309.8487602096343,127.97343594293724,41.30190350168072
"DR, no map",S2,120,36600,250.13121257892976,696.5460991304877,278.47228338634073
DR + map (particle filter),S2,120,36600,250.13121257892976,17.692935243139882,7.073461588707893
MaverickGRID: DR + map + consistency,S2,120,36600,250.13121257892976,690.9624605800105,276.2399995810099
"DR, no map",S2,120,38400,934.6141432320671,22.811522697234345,2.440742295889929
DR + map (particle filter),S2,120,38400,934.6141432320671,10.595225297516611,1.1336470108269898
MaverickGRID: DR + map + consistency,S2,120,38400,934.6141432320671,10.59527364811669,1.133652184149096
"DR, no map",S2,120,39000,747.7762182588373,51.82211901973353,6.930164099147063
DR + map (particle filter),S2,120,39000,747.7762182588373,53.132181742242516,7.105358587888549
MaverickGRID: DR + map + consistency,S2,120,39000,747.7762182588373,53.13101333131587,7.105202336472937
"DR, no map",S2,120,39600,258.6598694653201,26.50970422022047,10.248866310424997
DR + map (particle filter),S2,120,39600,258.6598694653201,18.52696171533992,7.162673418817264
MaverickGRID: DR + map + consistency,S2,120,39600,258.6598694653201,18.527057876968353,7.162710595681474
"DR, no map",S2,120,40800,951.9314838065421,143.3542154910109,15.059299742642434
DR + map (particle filter),S2,120,40800,951.9314838065421,112.9290240438319,11.863146241603046
MaverickGRID: DR + map + consistency,S2,120,40800,951.9314838065421,112.9296248403464,11.863209355022942
"DR, no map",S2,120,41400,1033.8366586268558,271.45582241911274,26.25712874020747
DR + map (particle filter),S2,120,41400,1033.8366586268558,27.78958354987545,2.688005239317557
MaverickGRID: DR + map + consistency,S2,120,41400,1033.8366586268558,30.046785707072676,2.906337810363669
"DR, no map",S2,120,42000,708.2696277012567,72.72626872482793,10.268161428983847
DR + map (particle filter),S2,120,42000,708.2696277012567,7.909814875960858,1.1167801874595085
MaverickGRID: DR + map + consistency,S2,120,42000,708.2696277012567,7.912179271630285,1.1171140145187177
"DR, no map",S2,120,43200,1007.2136362417618,142.78135784834615,14.175876170730703
DR + map (particle filter),S2,120,43200,1007.2136362417618,11.368622699398605,1.1287200937646749
MaverickGRID: DR + map + consistency,S2,120,43200,1007.2136362417618,11.382962963559303,1.130143849723163
"DR, no map",S2,120,43800,998.6592986334273,118.73372129173121,11.889312146215161
DR + map (particle filter),S2,120,43800,998.6592986334273,671.5258162763424,67.24273405307127
MaverickGRID: DR + map + consistency,S2,120,43800,998.6592986334273,115.82257331107316,11.597806526166192
"DR, no map",S2,120,44400,1240.3543973840083,213.09708180619032,17.180338317470117
DR + map (particle filter),S2,120,44400,1240.3543973840083,514.5940276279865,41.487661003443876
MaverickGRID: DR + map + consistency,S2,120,44400,1240.3543973840083,498.3033334678443,40.17427071801413
"DR, no map",S2,120,45000,1198.8818644821397,224.73798197234206,18.74563196177951
DR + map (particle filter),S2,120,45000,1198.8818644821397,10.761021235995067,0.8975881239677705
MaverickGRID: DR + map + consistency,S2,120,45000,1198.8818644821397,10.622404902955275,0.886025989520131
"DR, no map",S2,120,45600,1202.0691894723982,171.80247889166876,14.292228799830966
DR + map (particle filter),S2,120,45600,1202.0691894723982,476.9150930843578,39.674512687051006
MaverickGRID: DR + map + consistency,S2,120,45600,1202.0691894723982,417.4853624910272,34.73056011644939
"DR, no map",S2,120,46200,998.0852874261109,138.93559998895773,13.92021320615281
DR + map (particle filter),S2,120,46200,998.0852874261109,39.50505722321542,3.9580843161301495
MaverickGRID: DR + map + consistency,S2,120,46200,998.0852874261109,39.51021961153442,3.9586015453072583
"DR, no map",S2,120,48000,1005.4077277791338,27.962983314305536,2.781258045039454
DR + map (particle filter),S2,120,48000,1005.4077277791338,17.11525584228489,1.7023199016075932
MaverickGRID: DR + map + consistency,S2,120,48000,1005.4077277791338,17.114959424808763,1.7022904192923158
"DR, no map",S2,120,48600,694.2338637240865,11.056738663350185,1.5926533177218403
DR + map (particle filter),S2,120,48600,694.2338637240865,64.2299955257189,9.251924874590419
MaverickGRID: DR + map + consistency,S2,120,48600,694.2338637240865,64.22248924585375,9.25084364242106
"DR, no map",S2,120,49800,1256.145601044835,207.85276220632718,16.546868614071464
DR + map (particle filter),S2,120,49800,1256.145601044835,662.4297027193732,52.73510508402675
MaverickGRID: DR + map + consistency,S2,120,49800,1256.145601044835,607.2546210662969,48.34269375788885
"DR, no map",S2,120,50400,1657.326053367169,255.8138305537802,15.435335131191982
DR + map (particle filter),S2,120,50400,1657.326053367169,849.1303885675339,51.23496289956742
MaverickGRID: DR + map + consistency,S2,120,50400,1657.326053367169,156.5842390827457,9.44800443851199
"DR, no map",S2,120,51000,1879.884757130266,122.79507418650984,6.532053293200929
DR + map (particle filter),S2,120,51000,1879.884757130266,26.35438715344499,1.4019150404557896
MaverickGRID: DR + map + consistency,S2,120,51000,1879.884757130266,26.34766359436132,1.4015573824100946
"DR, no map",S2,120,51600,1474.9493374002097,366.7237742811875,24.863482763929092
DR + map (particle filter),S2,120,51600,1474.9493374002097,6.502170754825048,0.44084027769292544
MaverickGRID: DR + map + consistency,S2,120,51600,1474.9493374002097,6.32692578315657,0.42895885456707283
"DR, no map",S2,120,52200,1026.955422579109,74.26703577420734,7.231768209343708
DR + map (particle filter),S2,120,52200,1026.955422579109,42.67445356428517,4.1554338801884905
MaverickGRID: DR + map + consistency,S2,120,52200,1026.955422579109,42.67479964202944,4.155467579581536
"DR, no map",S2,120,52800,1130.3537835138643,228.1119890133931,20.180583489911875
DR + map (particle filter),S2,120,52800,1130.3537835138643,559.3459924589974,49.48415271546148
MaverickGRID: DR + map + consistency,S2,120,52800,1130.3537835138643,508.7566596970189,45.00862182417588
"DR, no map",S2,120,54000,2957.354512793124,444.94423457583133,15.045346530186407
DR + map (particle filter),S2,120,54000,2957.354512793124,236.23381494172997,7.988011377053843
MaverickGRID: DR + map + consistency,S2,120,54000,2957.354512793124,233.64628334035316,7.900516570794278
"DR, no map",S2,120,54600,2287.6793991765853,281.17781005695673,12.29096219331093
DR + map (particle filter),S2,120,54600,2287.6793991765853,12.586411567913908,0.5501824937726935
MaverickGRID: DR + map + consistency,S2,120,54600,2287.6793991765853,12.596877995548464,0.5506400066409006
"DR, no map",S2,120,55200,1111.9767555527592,281.4382097379295,25.30972057936838
DR + map (particle filter),S2,120,55200,1111.9767555527592,105.3012913238033,9.469738535268073
MaverickGRID: DR + map + consistency,S2,120,55200,1111.9767555527592,105.31743296826845,9.471190152344107
"DR, no map",S2,120,55800,741.4537176373005,175.5602632425063,23.677845166377022
DR + map (particle filter),S2,120,55800,741.4537176373005,123.85956978954523,16.704963080397427
MaverickGRID: DR + map + consistency,S2,120,55800,741.4537176373005,123.86096620216188,16.70515141482524
"DR, no map",S2,120,56400,715.4648712010675,111.92173232896238,15.64321839324924
DR + map (particle filter),S2,120,56400,715.4648712010675,123.0304857769884,17.195880710460916
MaverickGRID: DR + map + consistency,S2,120,56400,715.4648712010675,122.09940908945748,17.065744805120392
"DR, no map",S2,120,57000,828.6444410422581,42.15239883803724,5.086910229557385
DR + map (particle filter),S2,120,57000,828.6444410422581,4.879205174822233,0.5888177043322987
MaverickGRID: DR + map + consistency,S2,120,57000,828.6444410422581,4.879772469833541,0.5888861649389486
"DR, no map",S2,120,57600,724.3695839170665,56.99759779634815,7.8685796673199135
DR + map (particle filter),S2,120,57600,724.3695839170665,44.83608678998331,6.1896699951880665
MaverickGRID: DR + map + consistency,S2,120,57600,724.3695839170665,44.829199386933404,6.188719181790759
"DR, no map",S2,120,58200,648.0568643270658,98.46147801738078,15.193339263464473
DR + map (particle filter),S2,120,58200,648.0568643270658,95.78201956400758,14.779878871195423
MaverickGRID: DR + map + consistency,S2,120,58200,648.0568643270658,95.78203817434418,14.779881742908943
"DR, no map",S2,120,58800,582.5693551828657,98.23298242172098,16.8620236453883
DR + map (particle filter),S2,120,58800,582.5693551828657,130.87765474561922,22.46559205032976
MaverickGRID: DR + map + consistency,S2,120,58800,582.5693551828657,130.86838909380728,22.464001569860866
"DR, no map",S2,120,59400,1291.5975616702494,298.19819293202363,23.087546909457153
DR + map (particle filter),S2,120,59400,1291.5975616702494,681.4868333650304,52.76309382961014
MaverickGRID: DR + map + consistency,S2,120,59400,1291.5975616702494,610.1113915611859,47.23695752198625
"DR, no map",S2,120,60000,2429.284119926382,343.2555041929596,14.129903594947214
DR + map (particle filter),S2,120,60000,2429.284119926382,122.97234853057385,5.06208176811778
MaverickGRID: DR + map + consistency,S2,120,60000,2429.284119926382,122.9871139626197,5.062689578127516
"DR, no map",S2,120,60600,2083.996580979585,327.7879497277395,15.728814179419738
DR + map (particle filter),S2,120,60600,2083.996580979585,8.992261855122957,0.43149119999496993
MaverickGRID: DR + map + consistency,S2,120,60600,2083.996580979585,9.083301921011408,0.4358597323965758
"DR, no map",S2,120,61200,978.8704415290553,172.64409460437017,17.637073026200444
DR + map (particle filter),S2,120,61200,978.8704415290553,34.63620312348453,3.538384821323307
MaverickGRID: DR + map + consistency,S2,120,61200,978.8704415290553,34.585091590818294,3.533163340471725
"DR, no map",S2,120,61800,691.6172380175017,50.87722493379399,7.356269065767056
DR + map (particle filter),S2,120,61800,691.6172380175017,220.50866229457296,31.883048913970665
MaverickGRID: DR + map + consistency,S2,120,61800,691.6172380175017,219.9144534472467,31.797133061290424
"DR, no map",S2,120,62400,649.7884176603542,101.66749556814597,15.646246194140042
DR + map (particle filter),S2,120,62400,649.7884176603542,21.801001436705114,3.3550923414736125
MaverickGRID: DR + map + consistency,S2,120,62400,649.7884176603542,21.77670141255349,3.3513526589106144
"DR, no map",S2,120,63600,743.7885914827557,129.92720071753845,17.468297067924407
DR + map (particle filter),S2,120,63600,743.7885914827557,2.0318470669248843,0.27317534716072495
MaverickGRID: DR + map + consistency,S2,120,63600,743.7885914827557,2.1330923055854654,0.2867874460581747
"DR, no map",S2,120,64200,852.0729940991496,13.284042956676481,1.559026403685165
DR + map (particle filter),S2,120,64200,852.0729940991496,22.3866714529279,2.6273185053348755
MaverickGRID: DR + map + consistency,S2,120,64200,852.0729940991496,22.386142778102005,2.627256459614667
"DR, no map",S2,120,64800,1042.0422825995868,70.60025855786824,6.775181749990175
DR + map (particle filter),S2,120,64800,1042.0422825995868,32.75024125684833,3.1428898619301875
MaverickGRID: DR + map + consistency,S2,120,64800,1042.0422825995868,32.75053168517119,3.1429177329991176
"DR, no map",S2,120,65400,972.8775132887981,69.71953812126208,7.166322293294272
DR + map (particle filter),S2,120,65400,972.8775132887981,19.409592800832613,1.9950705546907719
MaverickGRID: DR + map + consistency,S2,120,65400,972.8775132887981,19.408883824666436,1.9949976805461347
"DR, no map",S2,120,66000,878.4934078150629,71.38669115772754,8.126036066141499
DR + map (particle filter),S2,120,66000,878.4934078150629,5.689660800632125,0.6476611833415022
MaverickGRID: DR + map + consistency,S2,120,66000,878.4934078150629,5.68542434210122,0.6471789419845133
"DR, no map",S2,120,66600,984.9360029728817,77.08296180710875,7.82618988182434
DR + map (particle filter),S2,120,66600,984.9360029728817,15.091295149015805,1.5322107328257868
MaverickGRID: DR + map + consistency,S2,120,66600,984.9360029728817,15.087761200150643,1.5318519329794522
"DR, no map",S2,120,67200,982.9618486763065,88.86215877461763,9.040244938731117
DR + map (particle filter),S2,120,67200,982.9618486763065,1.1195481480312928,0.11389538154903148
MaverickGRID: DR + map + consistency,S2,120,67200,982.9618486763065,1.1182151994990834,0.11375977623189691
"DR, no map",S2,120,67800,828.186906463324,44.74228479063443,5.402438077861091
DR + map (particle filter),S2,120,67800,828.186906463324,69.05748180772778,8.338393334740068
MaverickGRID: DR + map + consistency,S2,120,67800,828.186906463324,69.05691193345749,8.338324524877724
"DR, no map",S2,120,68400,1230.4147599058447,233.62069184516795,18.987149655376808
DR + map (particle filter),S2,120,68400,1230.4147599058447,31.432503285864048,2.5546266438050016
MaverickGRID: DR + map + consistency,S2,120,68400,1230.4147599058447,31.572959825027986,2.5660420253284393
"DR, no map",S2,120,69000,1809.3114098348146,204.4762510358895,11.301329882983364
DR + map (particle filter),S2,120,69000,1809.3114098348146,28.086185344243862,1.5523135039980795
MaverickGRID: DR + map + consistency,S2,120,69000,1809.3114098348146,28.04483040637445,1.5500278312474065
"DR, no map",S2,120,69600,1579.1986510707907,68.39179055303859,4.330790841713605
DR + map (particle filter),S2,120,69600,1579.1986510707907,17.915202354731633,1.1344489398204627
MaverickGRID: DR + map + consistency,S2,120,69600,1579.1986510707907,17.91360470929284,1.1343477717098067
"DR, no map",S2,120,70200,1269.2789956490792,166.22104193090897,13.095705711722385
DR + map (particle filter),S2,120,70200,1269.2789956490792,25.66436250802387,2.0219638547551733
MaverickGRID: DR + map + consistency,S2,120,70200,1269.2789956490792,25.65824871561052,2.0214821803215535
"DR, no map",S2,120,70800,1187.1352001983287,49.85812063789899,4.199868779021079
DR + map (particle filter),S2,120,70800,1187.1352001983287,26.86193183376984,2.2627525347813924
MaverickGRID: DR + map + consistency,S2,120,70800,1187.1352001983287,26.86211872258215,2.262768277622838
"DR, no map",S2,120,71400,1085.1951648750962,19.934969369933192,1.836993935761561
DR + map (particle filter),S2,120,71400,1085.1951648750962,10.16707755481095,0.9368893157555821
MaverickGRID: DR + map + consistency,S2,120,71400,1085.1951648750962,10.16685507230599,0.9368688141433228
"DR, no map",S2,120,72000,670.6749204941234,56.62480796527778,8.44295891123514
DR + map (particle filter),S2,120,72000,670.6749204941234,36.945682911778015,5.508731843522355
MaverickGRID: DR + map + consistency,S2,120,72000,670.6749204941234,36.945880160615715,5.508761254020896
"DR, no map",S2,120,72600,179.01401431398202,67.74855690702691,37.84539281276558
DR + map (particle filter),S2,120,72600,179.01401431398202,93.39898181962114,52.17411730447193
MaverickGRID: DR + map + consistency,S2,120,72600,179.01401431398202,93.3968386596807,52.17292010214748
"DR, no map",S2,120,74400,961.5457179366417,62.799300210084844,6.531077934062707
DR + map (particle filter),S2,120,74400,961.5457179366417,14.414904189512846,1.4991387222279404
MaverickGRID: DR + map + consistency,S2,120,74400,961.5457179366417,14.41583717061066,1.4992357515298664
"DR, no map",S2,120,75000,1243.177884982225,200.35979225015967,16.116743602869384
DR + map (particle filter),S2,120,75000,1243.177884982225,40.016648164165055,3.2188996158612664
MaverickGRID: DR + map + consistency,S2,120,75000,1243.177884982225,39.56146251528829,3.1822849322849676
"DR, no map",S2,120,75600,1071.9634659567935,118.9366692171355,11.095216674290032
DR + map (particle filter),S2,120,75600,1071.9634659567935,41.99471612088171,3.917551059764788
MaverickGRID: DR + map + consistency,S2,120,75600,1071.9634659567935,41.997643761409066,3.917824169867914
"DR, no map",S2,120,76200,1127.8747708511178,211.18811877752765,18.724429718217802
DR + map (particle filter),S2,120,76200,1127.8747708511178,128.39854258043007,11.38411336956654
MaverickGRID: DR + map + consistency,S2,120,76200,1127.8747708511178,128.40340888296495,11.384544827265627
"DR, no map",S2,120,76800,1347.9630808030422,120.9644126584978,8.97386689451716
DR + map (particle filter),S2,120,76800,1347.9630808030422,488.01358177257435,36.20377951908317
MaverickGRID: DR + map + consistency,S2,120,76800,1347.9630808030422,480.1432253127217,35.619909191183396
"DR, no map",S2,120,77400,823.4344388234423,104.59272515383807,12.702010047488972
DR + map (particle filter),S2,120,77400,823.4344388234423,67.64307866408687,8.21474976936089
MaverickGRID: DR + map + consistency,S2,120,77400,823.4344388234423,67.64353690664922,8.214805419518418
"DR, no map",S2,120,78000,569.4652167118938,66.01434152455877,11.592339547220673
DR + map (particle filter),S2,120,78000,569.4652167118938,122.78123259115159,21.56079581121626
MaverickGRID: DR + map + consistency,S2,120,78000,569.4652167118938,122.77824440437904,21.56027107560733
"DR, no map",S2,120,78600,615.8783803381365,21.107861422757363,3.427277543200735
DR + map (particle filter),S2,120,78600,615.8783803381365,71.52841278008529,11.61404833545447
MaverickGRID: DR + map + consistency,S2,120,78600,615.8783803381365,71.52661935038914,11.61375713677736
"DR, no map",S2,120,79200,1018.9362868963275,68.73554271224212,6.745813609368068
DR + map (particle filter),S2,120,79200,1018.9362868963275,225.59288966309714,22.14003883895935
MaverickGRID: DR + map + consistency,S2,120,79200,1018.9362868963275,225.55354669934337,22.136177658995525
"DR, no map",S2,120,79800,1150.451272316668,18.300030752592825,1.5906828209891917
DR + map (particle filter),S2,120,79800,1150.451272316668,26.295921281068445,2.285704915438639
MaverickGRID: DR + map + consistency,S2,120,79800,1150.451272316668,26.29582850234748,2.2856968508883884
"DR, no map",S2,120,80400,756.8464539653793,63.87819428934388,8.440046716829288
DR + map (particle filter),S2,120,80400,756.8464539653793,7.130060683433709,0.9420749276259226
MaverickGRID: DR + map + consistency,S2,120,80400,756.8464539653793,7.130048623929973,0.9420733342375052
"DR, no map",S2,120,81000,891.9724909869417,92.55676289799466,10.376638722970402
DR + map (particle filter),S2,120,81000,891.9724909869417,120.6386060420266,13.524924508438984
MaverickGRID: DR + map + consistency,S2,120,81000,891.9724909869417,120.63786386233383,13.524841301871488
"DR, no map",S2,120,81600,1064.570286546576,135.3715713770189,12.716076438330715
DR + map (particle filter),S2,120,81600,1064.570286546576,7.45703792782687,0.7004739867404347
MaverickGRID: DR + map + consistency,S2,120,81600,1064.570286546576,7.476816033038677,0.7023318354388017
"DR, no map",S2,120,82200,1008.5950443957697,39.06125961742624,3.872838740827554
DR + map (particle filter),S2,120,82200,1008.5950443957697,13.611676578153373,1.3495680604209068
MaverickGRID: DR + map + consistency,S2,120,82200,1008.5950443957697,13.611412246052213,1.3495418524692984
"DR, no map",S2,120,82800,914.7335884773881,54.26874491182442,5.932737749595157
DR + map (particle filter),S2,120,82800,914.7335884773881,9.59009232426451,1.0484027748699614
MaverickGRID: DR + map + consistency,S2,120,82800,914.7335884773881,9.588463495217333,1.048224708920739
"DR, no map",S2,120,83400,928.9795745976992,53.40259229444689,5.7485216849437455
DR + map (particle filter),S2,120,83400,928.9795745976992,12.726185695892422,1.369910172826306
MaverickGRID: DR + map + consistency,S2,120,83400,928.9795745976992,12.724402219938069,1.369718190569309
"DR, no map",S2,120,84000,1006.7365098564294,68.13278339565156,6.7676877443699714
DR + map (particle filter),S2,120,84000,1006.7365098564294,11.552695118127067,1.1475391033324693
MaverickGRID: DR + map + consistency,S2,120,84000,1006.7365098564294,11.553821164586921,1.147650954492016
"DR, no map",S2,120,85200,1319.8214819733937,260.44243761923553,19.73315642883935
DR + map (particle filter),S2,120,85200,1319.8214819733937,291.28212125220256,22.069812109489103
MaverickGRID: DR + map + consistency,S2,120,85200,1319.8214819733937,289.1533335611762,21.908518501216914
"DR, no map",S2,120,85800,1292.9057529766014,50.2063278767886,3.883216372206615
DR + map (particle filter),S2,120,85800,1292.9057529766014,33.580636092375165,2.5972996109781326
MaverickGRID: DR + map + consistency,S2,120,85800,1292.9057529766014,33.57923958123286,2.597191597602905
"DR, no map",S2,120,86400,1179.9784166341042,59.87422306065282,5.074179511812124
DR + map (particle filter),S2,120,86400,1179.9784166341042,174.263113778522,14.768330617064052
MaverickGRID: DR + map + consistency,S2,120,86400,1179.9784166341042,174.25353027378858,14.76751844079046
"DR, no map",S2,120,87000,932.7139357742057,72.47343621363105,7.770167618807364
DR + map (particle filter),S2,120,87000,932.7139357742057,95.40957878180593,10.229243407048546
MaverickGRID: DR + map + consistency,S2,120,87000,932.7139357742057,95.34862734467467,10.22270855913929
"DR, no map",S2,120,87600,774.3431915642556,147.04739875849822,18.989951788876304
DR + map (particle filter),S2,120,87600,774.3431915642556,10.22096026413802,1.3199522350665462
MaverickGRID: DR + map + consistency,S2,120,87600,774.3431915642556,10.238901054624119,1.3222691393386503
"DR, no map",S2,120,88200,1056.8831487180662,255.96984742082105,24.219313907246665
DR + map (particle filter),S2,120,88200,1056.8831487180662,406.12473632282786,38.426645066243324
MaverickGRID: DR + map + consistency,S2,120,88200,1056.8831487180662,404.3590398931957,38.25957868508531
"DR, no map",S2,120,88800,1622.7974754952727,315.064639156547,19.41490813943929
DR + map (particle filter),S2,120,88800,1622.7974754952727,935.635044984931,57.65568773142059
MaverickGRID: DR + map + consistency,S2,120,88800,1622.7974754952727,522.3710855873946,32.189542655528754
"DR, no map",S2,120,89400,2286.7054848921807,361.0899317649072,15.790836824005464
DR + map (particle filter),S2,120,89400,2286.7054848921807,631.3845762793819,27.61110166791558
MaverickGRID: DR + map + consistency,S2,120,89400,2286.7054848921807,631.2739806671556,27.60626520721012
"DR, no map",S2,120,90000,2456.758902347601,320.9056973344579,13.062156690581666
DR + map (particle filter),S2,120,90000,2456.758902347601,44.48326769655543,1.8106484789390047
MaverickGRID: DR + map + consistency,S2,120,90000,2456.758902347601,44.45514972094256,1.8095039638795087
"DR, no map",S2,120,90600,2172.9351162711605,255.18965114233566,11.744006953150578
DR + map (particle filter),S2,120,90600,2172.9351162711605,265.4939132805228,12.218216332944191
MaverickGRID: DR + map + consistency,S2,120,90600,2172.9351162711605,265.4937846374679,12.218210412700467
"DR, no map",S2,120,91200,1970.9113786700932,340.653283815771,17.2840487655834
DR + map (particle filter),S2,120,91200,1970.9113786700932,507.06145211803135,25.727257836431992
MaverickGRID: DR + map + consistency,S2,120,91200,1970.9113786700932,507.0483556219007,25.726593347085977
"DR, no map",S2,120,91800,1903.6300501903934,256.8953655280992,13.495025753685994
DR + map (particle filter),S2,120,91800,1903.6300501903934,344.7652472484023,18.11093742788523
MaverickGRID: DR + map + consistency,S2,120,91800,1903.6300501903934,344.7625881420628,18.11079774179763
"DR, no map",S2,120,92400,1860.6415195530399,371.53559077511596,19.96814468938464
DR + map (particle filter),S2,120,92400,1860.6415195530399,360.2618542880192,19.362238803236032
MaverickGRID: DR + map + consistency,S2,120,92400,1860.6415195530399,360.2617546604903,19.362233448764044
"DR, no map",S3a,30,600,210.39187279514533,57.4450461583383,27.303833268441636
DR + map (particle filter),S3a,30,600,210.39187279514533,22.059264571103142,10.484846338423841
MaverickGRID: DR + map + consistency,S3a,30,600,210.39187279514533,22.03751018459029,10.47450640170298
"DR, no map",S3a,30,1200,368.0490541403405,14.577763252436183,3.960820735291863
DR + map (particle filter),S3a,30,1200,368.0490541403405,50.729355595058934,13.78331367093131
MaverickGRID: DR + map + consistency,S3a,30,1200,368.0490541403405,50.714207426475824,13.779197869406296
"DR, no map",S3a,30,1800,277.95487461301946,24.62967804229871,8.861034754864145
DR + map (particle filter),S3a,30,1800,277.95487461301946,4.601641393906326,1.6555354175072217
MaverickGRID: DR + map + consistency,S3a,30,1800,277.95487461301946,4.601772061059342,1.6555824277110174
"DR, no map",S3a,30,2400,486.65462354481565,28.498197832764063,5.855938987116124
DR + map (particle filter),S3a,30,2400,486.65462354481565,3.715549887777987,0.7634880484056112
MaverickGRID: DR + map + consistency,S3a,30,2400,486.65462354481565,3.714896941879828,0.7633538781200392
"DR, no map",S3a,30,3600,412.7014954475612,12.881560650139832,3.1212779193276736
DR + map (particle filter),S3a,30,3600,412.7014954475612,10.989224225490672,2.6627536722572858
MaverickGRID: DR + map + consistency,S3a,30,3600,412.7014954475612,10.988766288878265,2.6626427115223583
"DR, no map",S3a,30,4200,329.82884900154295,13.111074119433173,3.975114414376724
DR + map (particle filter),S3a,30,4200,329.82884900154295,67.90189361196138,20.587008631147285
MaverickGRID: DR + map + consistency,S3a,30,4200,329.82884900154295,67.89009185983969,20.583430486858987
"DR, no map",S3a,30,4800,309.32161444747175,19.268377216791247,6.2292372459032785
DR + map (particle filter),S3a,30,4800,309.32161444747175,45.871305062463556,14.829647499545592
MaverickGRID: DR + map + consistency,S3a,30,4800,309.32161444747175,45.86899007083826,14.82889909027926
"DR, no map",S3a,30,5400,68.90402351028192,35.407041195677905,51.38602855375265
DR + map (particle filter),S3a,30,5400,68.90402351028192,7.022848216294355,10.192217897473576
MaverickGRID: DR + map + consistency,S3a,30,5400,68.90402351028192,6.984252437921272,10.13620407359677
"DR, no map",S3a,30,6000,426.13177399416867,61.47216074046407,14.425622422914016
DR + map (particle filter),S3a,30,6000,426.13177399416867,43.336590623405115,10.169762798302422
MaverickGRID: DR + map + consistency,S3a,30,6000,426.13177399416867,43.33689664928019,10.16983461314791
"DR, no map",S3a,30,6600,424.6468410771089,9.63838371175047,2.269741059960057
DR + map (particle filter),S3a,30,6600,424.6468410771089,38.66142354445494,9.10437092770806
MaverickGRID: DR + map + consistency,S3a,30,6600,424.6468410771089,38.66058045040801,9.104172387658922
"DR, no map",S3a,30,7200,520.2677759909164,57.49594795074886,11.051222198269052
DR + map (particle filter),S3a,30,7200,520.2677759909164,98.12066636977758,18.85964706979867
MaverickGRID: DR + map + consistency,S3a,30,7200,520.2677759909164,98.11833900111705,18.859199729262137
"DR, no map",S3a,30,7800,436.06311095887384,38.93691998512254,8.92919373516894
DR + map (particle filter),S3a,30,7800,436.06311095887384,18.57769497115159,4.26032253228219
MaverickGRID: DR + map + consistency,S3a,30,7800,436.06311095887384,18.577977456683794,4.260387313164843
"DR, no map",S3a,30,8400,656.4458408962362,91.77945297008235,13.981268103515923
DR + map (particle filter),S3a,30,8400,656.4458408962362,70.47794134077292,10.73629185380326
MaverickGRID: DR + map + consistency,S3a,30,8400,656.4458408962362,70.4782709703595,10.736342068088438
"DR, no map",S3a,30,9600,742.174447327607,62.93629434160973,8.479986688874604
DR + map (particle filter),S3a,30,9600,742.174447327607,35.597370574985916,4.796361650978897
MaverickGRID: DR + map + consistency,S3a,30,9600,742.174447327607,35.59776058077338,4.796414200051271
"DR, no map",S3a,30,10200,504.59735889702824,63.86174090032647,12.655980015416322
DR + map (particle filter),S3a,30,10200,504.59735889702824,41.82270261524585,8.288331652520696
MaverickGRID: DR + map + consistency,S3a,30,10200,504.59735889702824,41.822806770583476,8.288352293797507
"DR, no map",S3a,30,10800,649.4794274681469,53.332366873493484,8.21155599668461
DR + map (particle filter),S3a,30,10800,649.4794274681469,44.925049745730945,6.917085876124114
MaverickGRID: DR + map + consistency,S3a,30,10800,649.4794274681469,44.91128598430879,6.9149666771410425
"DR, no map",S3a,30,11400,515.8050116156347,28.39544323896603,5.505073157398017
DR + map (particle filter),S3a,30,11400,515.8050116156347,15.366062876591755,2.979044896919724
MaverickGRID: DR + map + consistency,S3a,30,11400,515.8050116156347,15.36453500557064,2.9787486859511003
"DR, no map",S3a,30,12000,526.9165572580916,22.70215056702664,4.308490643217116
DR + map (particle filter),S3a,30,12000,526.9165572580916,7.525980336504308,1.428305911597682
MaverickGRID: DR + map + consistency,S3a,30,12000,526.9165572580916,7.52594874730027,1.4282999164920809
"DR, no map",S3a,30,12600,360.5989440307759,47.274535763563215,13.110003938205791
DR + map (particle filter),S3a,30,12600,360.5989440307759,32.678333951530234,9.062237838594793
MaverickGRID: DR + map + consistency,S3a,30,12600,360.5989440307759,32.678531979796794,9.062292755080223
"DR, no map",S3a,30,13800,316.05767562522703,8.959587729712407,2.834795172111704
DR + map (particle filter),S3a,30,13800,316.05767562522703,6.645663911178188,2.102674424227065
MaverickGRID: DR + map + consistency,S3a,30,13800,316.05767562522703,6.645419351490889,2.102597046043854
"DR, no map",S3a,30,14400,294.81157071641593,7.2485373917528335,2.458701798622864
DR + map (particle filter),S3a,30,14400,294.81157071641593,24.53530257719983,8.322367577899694
MaverickGRID: DR + map + consistency,S3a,30,14400,294.81157071641593,24.533731919414347,8.321834811230575
"DR, no map",S3a,30,15600,355.23899083630465,25.21553285122385,7.098188403210291
DR + map (particle filter),S3a,30,15600,355.23899083630465,19.65721868182178,5.533519458420007
MaverickGRID: DR + map + consistency,S3a,30,15600,355.23899083630465,19.654420156865847,5.532731671879642
"DR, no map",S3a,30,16200,320.5359824320231,42.9024004696269,13.384581707211396
DR + map (particle filter),S3a,30,16200,320.5359824320231,8.615389245035171,2.6878072095579033
MaverickGRID: DR + map + consistency,S3a,30,16200,320.5359824320231,8.6166221308835,2.6881918421470354
"DR, no map",S3a,30,16800,324.14299735727946,29.76978101288169,9.184150592668399
DR + map (particle filter),S3a,30,16800,324.14299735727946,12.429777537183226,3.8346586656267565
MaverickGRID: DR + map + consistency,S3a,30,16800,324.14299735727946,12.430064710931841,3.834747260398495
"DR, no map",S3a,30,17400,261.421863152411,23.74327672607856,9.082360763466841
DR + map (particle filter),S3a,30,17400,261.421863152411,14.217367664585478,5.4384769097512855
MaverickGRID: DR + map + consistency,S3a,30,17400,261.421863152411,14.215535124436022,5.437775920121973
"DR, no map",S3a,30,18600,291.0459363482777,21.441788201812116,7.3671491417609
DR + map (particle filter),S3a,30,18600,291.0459363482777,10.76084485802653,3.6973011865555323
MaverickGRID: DR + map + consistency,S3a,30,18600,291.0459363482777,10.760682590641952,3.697245433368728
"DR, no map",S3a,30,19200,130.4812849362936,53.44700044422404,40.961430193087914
DR + map (particle filter),S3a,30,19200,130.4812849362936,95.18330411712304,72.94785927621382
MaverickGRID: DR + map + consistency,S3a,30,19200,130.4812849362936,95.00767708338287,72.81325987076966
"DR, no map",S3a,30,19800,245.25721918023294,27.317583977718737,11.138340420325722
DR + map (particle filter),S3a,30,19800,245.25721918023294,29.40170863516814,11.98811139319068
MaverickGRID: DR + map + consistency,S3a,30,19800,245.25721918023294,29.39096494661564,11.983730813247544
"DR, no map",S3a,30,20400,259.2702479884787,6.824732050505216,2.632285078389901
DR + map (particle filter),S3a,30,20400,259.2702479884787,11.10317932600344,4.28247336983179
MaverickGRID: DR + map + consistency,S3a,30,20400,259.2702479884787,11.1031361532359,4.282456718184378
"DR, no map",S3a,30,21000,151.36567100397787,6.804064726897236,4.495117473973624
DR + map (particle filter),S3a,30,21000,151.36567100397787,6.241881263913947,4.123709968391651
MaverickGRID: DR + map + consistency,S3a,30,21000,151.36567100397787,6.241868736887766,4.123701692389505
"DR, no map",S3a,30,21600,148.5212259785049,2.3909402295405515,1.6098306580680841
DR + map (particle filter),S3a,30,21600,148.5212259785049,3.5007678263622584,2.357082500025226
MaverickGRID: DR + map + consistency,S3a,30,21600,148.5212259785049,3.500714243149905,2.3570464222107583
"DR, no map",S3a,30,22200,258.78214857544083,6.368796466994901,2.461064838534739
DR + map (particle filter),S3a,30,22200,258.78214857544083,9.869686454381876,3.813897716172891
MaverickGRID: DR + map + consistency,S3a,30,22200,258.78214857544083,9.869386292681245,3.813781726062181
"DR, no map",S3a,30,22800,149.62757635513069,6.628812640381435,4.43020785463263
DR + map (particle filter),S3a,30,22800,149.62757635513069,9.878648302285129,6.602157532003887
MaverickGRID: DR + map + consistency,S3a,30,22800,149.62757635513069,9.878616174054136,6.602136059871694
"DR, no map",S3a,30,23400,237.22639686117535,33.81934060263298,14.256145627176567
DR + map (particle filter),S3a,30,23400,237.22639686117535,32.96908858786292,13.897731881480457
MaverickGRID: DR + map + consistency,S3a,30,23400,237.22639686117535,32.96909260825527,13.89773357622961
"DR, no map",S3a,30,24000,299.5653375861586,11.601436687625679,3.8727567017959696
DR + map (particle filter),S3a,30,24000,299.5653375861586,8.724293533298251,2.912317427509129
MaverickGRID: DR + map + consistency,S3a,30,24000,299.5653375861586,8.724230364325024,2.9122963406324773
"DR, no map",S3a,60,600,490.38054286726896,106.37248328521956,21.69182379530326
DR + map (particle filter),S3a,60,600,490.38054286726896,32.86553655422446,6.702047426690044
MaverickGRID: DR + map + consistency,S3a,60,600,490.38054286726896,32.81113740627823,6.690954174982265
"DR, no map",S3a,60,1200,730.4986894887826,57.858210437588276,7.92037155851417
DR + map (particle filter),S3a,60,1200,730.4986894887826,35.9341226511836,4.919122124138376
MaverickGRID: DR + map + consistency,S3a,60,1200,730.4986894887826,35.93440290763718,4.9191604892248035
"DR, no map",S3a,60,1800,529.7542107125546,49.510759180792874,9.345986908569847
DR + map (particle filter),S3a,60,1800,529.7542107125546,60.36456863905533,11.39482564147267
MaverickGRID: DR + map + consistency,S3a,60,1800,529.7542107125546,60.356760479002375,11.393351720190864
"DR, no map",S3a,60,2400,605.5572279228161,47.08050735465545,7.774741210859811
DR + map (particle filter),S3a,60,2400,605.5572279228161,88.02669018243444,14.536477499308166
MaverickGRID: DR + map + consistency,S3a,60,2400,605.5572279228161,88.02352936601793,14.53595553106623
"DR, no map",S3a,60,3600,533.5324661021324,66.96844464535867,12.551896819815859
DR + map (particle filter),S3a,60,3600,533.5324661021324,70.2514881711317,13.167237728637808
MaverickGRID: DR + map + consistency,S3a,60,3600,533.5324661021324,70.12469231811694,13.143472379559597
"DR, no map",S3a,60,4200,664.6527233691922,14.805093660024754,2.2274931162511797
DR + map (particle filter),S3a,60,4200,664.6527233691922,31.888281008501043,4.79773570276762
MaverickGRID: DR + map + consistency,S3a,60,4200,664.6527233691922,31.88774598606555,4.7976552062291
"DR, no map",S3a,60,4800,611.0824783444077,11.431216249125086,1.870650305683028
DR + map (particle filter),S3a,60,4800,611.0824783444077,127.64835638496547,20.888891583146084
MaverickGRID: DR + map + consistency,S3a,60,4800,611.0824783444077,127.58764423193584,20.878956401696584
"DR, no map",S3a,60,5400,179.70585553707605,57.01133433354141,31.724806163469232
DR + map (particle filter),S3a,60,5400,179.70585553707605,56.52493807059657,31.454143718168726
MaverickGRID: DR + map + consistency,S3a,60,5400,179.70585553707605,52.19334702695706,29.04376536366606
"DR, no map",S3a,60,6000,844.1850049029517,37.295481490660336,4.417927500968565
DR + map (particle filter),S3a,60,6000,844.1850049029517,19.21526362037919,2.2761910610563607
MaverickGRID: DR + map + consistency,S3a,60,6000,844.1850049029517,19.21539561714262,2.2762066970558945
"DR, no map",S3a,60,6600,872.2158172618872,36.862765908924985,4.226335406831628
DR + map (particle filter),S3a,60,6600,872.2158172618872,53.77528025466768,6.165364029224132
MaverickGRID: DR + map + consistency,S3a,60,6600,872.2158172618872,53.774964653856756,6.165327845425963
"DR, no map",S3a,60,7200,956.7491223098416,118.7081791265514,12.407451060938413
DR + map (particle filter),S3a,60,7200,956.7491223098416,21.78237505580851,2.2767070852618274
MaverickGRID: DR + map + consistency,S3a,60,7200,956.7491223098416,21.78571960045396,2.277056659101767
"DR, no map",S3a,60,7800,1003.2755176971353,134.08153354369085,13.364378097399845
DR + map (particle filter),S3a,60,7800,1003.2755176971353,56.75129762298416,5.656601464097124
MaverickGRID: DR + map + consistency,S3a,60,7800,1003.2755176971353,56.75510682608826,5.656981140769873
"DR, no map",S3a,60,8400,1201.1778355001688,114.12324980593729,9.500945358221376
DR + map (particle filter),S3a,60,8400,1201.1778355001688,16.25683589091988,1.3534079143368938
MaverickGRID: DR + map + consistency,S3a,60,8400,1201.1778355001688,16.24673170568664,1.352566724553448
"DR, no map",S3a,60,9600,1501.105337687262,189.38322201815612,12.616251322504587
DR + map (particle filter),S3a,60,9600,1501.105337687262,108.02470785406068,7.196344263254254
MaverickGRID: DR + map + consistency,S3a,60,9600,1501.105337687262,108.02705473699848,7.196500606908419
"DR, no map",S3a,60,10200,1104.0037616348307,54.06121639249484,4.896832626044673
DR + map (particle filter),S3a,60,10200,1104.0037616348307,94.73915150752228,8.581415643659643
MaverickGRID: DR + map + consistency,S3a,60,10200,1104.0037616348307,94.7210897319177,8.57977961883507
"DR, no map",S3a,60,10800,1183.140483433399,155.349666153033,13.130280666436
DR + map (particle filter),S3a,60,10800,1183.140483433399,7.432779931751081,0.6282246306188106
MaverickGRID: DR + map + consistency,S3a,60,10800,1183.140483433399,7.41551675322465,0.6267655326699065
"DR, no map",S3a,60,11400,1012.3718888872475,96.39071400182257,9.521275240837713
DR + map (particle filter),S3a,60,11400,1012.3718888872475,26.36795583091442,2.604572106392332
MaverickGRID: DR + map + consistency,S3a,60,11400,1012.3718888872475,26.36948348838676,2.604723005235841
"DR, no map",S3a,60,12000,927.5931952627443,28.067940444535818,3.0258889983108883
DR + map (particle filter),S3a,60,12000,927.5931952627443,34.32821889517895,3.700783821021385
MaverickGRID: DR + map + consistency,S3a,60,12000,927.5931952627443,34.32700071661607,3.700652494210333
"DR, no map",S3a,60,12600,613.2385859117989,203.2820244554939,33.14892916486042
DR + map (particle filter),S3a,60,12600,613.2385859117989,62.598611318163826,10.207872230526487
MaverickGRID: DR + map + consistency,S3a,60,12600,613.2385859117989,62.64520340728393,10.215469940486441
"DR, no map",S3a,60,13800,417.91041506261695,27.854531439683708,6.665191973143375
DR + map (particle filter),S3a,60,13800,417.91041506261695,41.38891355219446,9.903776517747954
MaverickGRID: DR + map + consistency,S3a,60,13800,417.91041506261695,41.38865764115879,9.903715281888196
"DR, no map",S3a,60,14400,299.4271070397612,11.039507981062041,3.6868766125426626
DR + map (particle filter),S3a,60,14400,299.4271070397612,22.673351185553553,7.572244012811685
MaverickGRID: DR + map + consistency,S3a,60,14400,299.4271070397612,22.67320077764524,7.572193780917251
"DR, no map",S3a,60,15600,672.6314687523053,27.632035345738355,4.10804974631863
DR + map (particle filter),S3a,60,15600,672.6314687523053,34.08128306026857,5.066858249062817
MaverickGRID: DR + map + consistency,S3a,60,15600,672.6314687523053,34.07860705978723,5.066460408550493
"DR, no map",S3a,60,16200,651.725422263315,110.71327518726638,16.98771774204861
DR + map (particle filter),S3a,60,16200,651.725422263315,4.291646848198345,0.6585053615515404
MaverickGRID: DR + map + consistency,S3a,60,16200,651.725422263315,4.302640464523908,0.6601922094095514
"DR, no map",S3a,60,16800,626.7325164244874,49.254644816818896,7.858957932774405
DR + map (particle filter),S3a,60,16800,626.7325164244874,60.142496657186285,9.596198550587351
MaverickGRID: DR + map + consistency,S3a,60,16800,626.7325164244874,60.1349898662909,9.595000784283759
"DR, no map",S3a,60,17400,430.1076370126942,48.5495328704838,11.287763502104685
DR + map (particle filter),S3a,60,17400,430.1076370126942,19.54521014004813,4.544260193982854
MaverickGRID: DR + map + consistency,S3a,60,17400,430.1076370126942,19.53827849063495,4.54264858590695
"DR, no map",S3a,60,18600,466.8849395036742,21.75041943191703,4.658625196828792
DR + map (particle filter),S3a,60,18600,466.8849395036742,10.23306445075375,2.1917743719966833
MaverickGRID: DR + map + consistency,S3a,60,18600,466.8849395036742,10.232371717021953,2.1916259984525435
"DR, no map",S3a,60,19200,370.21241404556054,74.10702870642771,20.017434827916833
DR + map (particle filter),S3a,60,19200,370.21241404556054,149.5193495154956,40.38744889227158
MaverickGRID: DR + map + consistency,S3a,60,19200,370.21241404556054,149.14621330824576,40.28665913128752
"DR, no map",S3a,60,19800,550.4230817433936,38.93872894289397,7.07432704667119
DR + map (particle filter),S3a,60,19800,550.4230817433936,74.14351695611657,13.470277576528334
MaverickGRID: DR + map + consistency,S3a,60,19800,550.4230817433936,74.10322915079479,13.462958151406449
"DR, no map",S3a,60,20400,471.17168772434616,7.935696242957275,1.6842472605442218
DR + map (particle filter),S3a,60,20400,471.17168772434616,3.94476279184298,0.8372240723748283
MaverickGRID: DR + map + consistency,S3a,60,20400,471.17168772434616,3.944644080869105,0.8371988775303655
"DR, no map",S3a,60,21000,320.9353173544068,35.880859227834634,11.18009059383503
DR + map (particle filter),S3a,60,21000,320.9353173544068,19.30759875275088,6.016040525521105
MaverickGRID: DR + map + consistency,S3a,60,21000,320.9353173544068,19.30784977862542,6.016118742489125
"DR, no map",S3a,60,21600,383.2708323584601,19.629986044932892,5.121700997735626
DR + map (particle filter),S3a,60,21600,383.2708323584601,9.241769690609512,2.411289592203041
MaverickGRID: DR + map + consistency,S3a,60,21600,383.2708323584601,9.241116171464935,2.411119081146784
"DR, no map",S3a,60,22200,461.5187439857293,12.900218181472024,2.795166685986412
DR + map (particle filter),S3a,60,22200,461.5187439857293,1.0258838295117048,0.22228432601719558
MaverickGRID: DR + map + consistency,S3a,60,22200,461.5187439857293,1.0257245689917152,0.2222498180969724
"DR, no map",S3a,60,22800,318.01510111427643,16.662202524612614,5.2394375192344
DR + map (particle filter),S3a,60,22800,318.01510111427643,5.044559050952878,1.586263996042173
MaverickGRID: DR + map + consistency,S3a,60,22800,318.01510111427643,5.044709154652095,1.5863111962218786
"DR, no map",S3a,60,23400,622.1798077563086,76.01151396250141,12.216968955744882
DR + map (particle filter),S3a,60,23400,622.1798077563086,53.50733842973594,8.599979903348672
MaverickGRID: DR + map + consistency,S3a,60,23400,622.1798077563086,53.50767476648498,8.600033961153963
"DR, no map",S3a,60,24000,523.991064388552,16.24774626177627,3.1007678118969175
DR + map (particle filter),S3a,60,24000,523.991064388552,6.394141798430913,1.2202768774105472
MaverickGRID: DR + map + consistency,S3a,60,24000,523.991064388552,6.394171754499256,1.2202825943149718
"DR, no map",S3a,120,600,1222.0818621214817,238.74216963261574,19.53569372334596
DR + map (particle filter),S3a,120,600,1222.0818621214817,48.45567878553477,3.9650108791744767
MaverickGRID: DR + map + consistency,S3a,120,600,1222.0818621214817,48.30091503076904,3.9523469358198904
"DR, no map",S3a,120,1200,1261.4927732368521,93.19551228082761,7.3877167002469735
DR + map (particle filter),S3a,120,1200,1261.4927732368521,11.792237655955928,0.9347844003654765
MaverickGRID: DR + map + consistency,S3a,120,1200,1261.4927732368521,11.794649262083476,0.9349755711893378
"DR, no map",S3a,120,1800,1137.004707379319,243.8581351340841,21.447416492773588
DR + map (particle filter),S3a,120,1800,1137.004707379319,125.99188172175467,11.081034309185338
MaverickGRID: DR + map + consistency,S3a,120,1800,1137.004707379319,126.01250922723311,11.08284850620181
"DR, no map",S3a,120,2400,1078.2522200475946,206.80668941555126,19.179806502640236
DR + map (particle filter),S3a,120,2400,1078.2522200475946,29.700433800742125,2.7544978112292813
MaverickGRID: DR + map + consistency,S3a,120,2400,1078.2522200475946,29.799293772089417,2.763666349861451
"DR, no map",S3a,120,3600,1198.975209850623,174.90775323151345,14.58810422388172
DR + map (particle filter),S3a,120,3600,1198.975209850623,115.73918252970027,9.653175610204642
MaverickGRID: DR + map + consistency,S3a,120,3600,1198.975209850623,115.50046684399774,9.633265633439379
"DR, no map",S3a,120,4200,1276.9711411382693,48.176821434066106,3.772741597834556
DR + map (particle filter),S3a,120,4200,1276.9711411382693,55.0309912202558,4.309493726788701
MaverickGRID: DR + map + consistency,S3a,120,4200,1276.9711411382693,55.02834766048595,4.3092867088158835
"DR, no map",S3a,120,4800,790.9413556210461,57.563591187863864,7.277858311336497
DR + map (particle filter),S3a,120,4800,790.9413556210461,288.1393929732738,36.42993136286661
MaverickGRID: DR + map + consistency,S3a,120,4800,790.9413556210461,266.5316746284657,33.69803244378155
"DR, no map",S3a,120,5400,1025.2247176341814,60.15934191458747,5.867917626236301
DR + map (particle filter),S3a,120,5400,1025.2247176341814,467.0382889611597,45.554723850094234
MaverickGRID: DR + map + consistency,S3a,120,5400,1025.2247176341814,352.8373670953658,34.415612599506645
"DR, no map",S3a,120,6000,1717.7896381301873,119.43299367687905,6.952713593434047
DR + map (particle filter),S3a,120,6000,1717.7896381301873,228.12412671946552,13.280096797404044
MaverickGRID: DR + map + consistency,S3a,120,6000,1717.7896381301873,228.0411121230732,13.275264156983491
"DR, no map",S3a,120,6600,1830.6109076455564,185.90109894316137,10.15513991349797
DR + map (particle filter),S3a,120,6600,1830.6109076455564,14.18834732102572,0.7750607877276383
MaverickGRID: DR + map + consistency,S3a,120,6600,1830.6109076455564,14.198000541455423,0.775588110076117
"DR, no map",S3a,120,7200,1961.0747373290399,293.7385679031473,14.978448414628794
DR + map (particle filter),S3a,120,7200,1961.0747373290399,32.99457049988346,1.6824738941271389
MaverickGRID: DR + map + consistency,S3a,120,7200,1961.0747373290399,33.063763323169496,1.686002205515224
"DR, no map",S3a,120,7800,2206.5178269000494,367.9443636896538,16.675340629655423
DR + map (particle filter),S3a,120,7800,2206.5178269000494,20.749134979147932,0.9403565530353554
MaverickGRID: DR + map + consistency,S3a,120,7800,2206.5178269000494,20.434521652710963,0.926098189807945
"DR, no map",S3a,120,8400,1999.2261546165903,21.295285693057274,1.0651764255825906
DR + map (particle filter),S3a,120,8400,1999.2261546165903,163.79803216911264,8.193071693808731
MaverickGRID: DR + map + consistency,S3a,120,8400,1999.2261546165903,163.78761189942242,8.19255047865425
"DR, no map",S3a,120,9600,2607.2325244399353,171.3946655152506,6.573815872140833
DR + map (particle filter),S3a,120,9600,2607.2325244399353,37.710594305097175,1.4463840087756599
MaverickGRID: DR + map + consistency,S3a,120,9600,2607.2325244399353,37.71104660143784,1.4464013565318123
"DR, no map",S3a,120,10200,2289.4025742231865,182.34058397241586,7.964548744088205
DR + map (particle filter),S3a,120,10200,2289.4025742231865,14.457091966145803,0.6314788027636955
MaverickGRID: DR + map + consistency,S3a,120,10200,2289.4025742231865,14.461077980625976,0.6316529099532764
"DR, no map",S3a,120,10800,2197.2673521478246,372.0852868132631,16.93400152009497
DR + map (particle filter),S3a,120,10800,2197.2673521478246,23.35334470996186,1.0628358304752497
MaverickGRID: DR + map + consistency,S3a,120,10800,2197.2673521478246,23.40522280821293,1.0651968585131149
"DR, no map",S3a,120,11400,1941.7458281543954,275.5483448661103,14.190752511002714
DR + map (particle filter),S3a,120,11400,1941.7458281543954,42.29587968789225,2.178239761075936
MaverickGRID: DR + map + consistency,S3a,120,11400,1941.7458281543954,42.310259385878254,2.178980316187604
"DR, no map",S3a,120,12000,1542.220923992995,209.94739431348017,13.613315125429708
DR + map (particle filter),S3a,120,12000,1542.220923992995,27.514882964328255,1.7841077459310382
MaverickGRID: DR + map + consistency,S3a,120,12000,1542.220923992995,27.52485473377661,1.784754330949645
"DR, no map",S3a,120,12600,622.038987428016,249.54978943301148,40.11803029659617
DR + map (particle filter),S3a,120,12600,622.038987428016,38.51293481035421,6.191402080695308
MaverickGRID: DR + map + consistency,S3a,120,12600,622.038987428016,38.85321822471755,6.246106596206521
"DR, no map",S3a,120,13800,717.8387651392954,99.13584341256121,13.810321791875374
DR + map (particle filter),S3a,120,13800,717.8387651392954,65.61905878843598,9.141197435290739
MaverickGRID: DR + map + consistency,S3a,120,13800,717.8387651392954,65.6196255303064,9.141276386428228
"DR, no map",S3a,120,14400,770.0222048729032,55.13947119745578,7.160763786877663
DR + map (particle filter),S3a,120,14400,770.0222048729032,30.666226271800504,3.9825119428682125
MaverickGRID: DR + map + consistency,S3a,120,14400,770.0222048729032,30.666439039230028,3.9825395742050977
"DR, no map",S3a,120,15600,1325.6317291744765,151.02994335827094,11.393054347931404
DR + map (particle filter),S3a,120,15600,1325.6317291744765,9.698128972132118,0.7315854591208018
MaverickGRID: DR + map + consistency,S3a,120,15600,1325.6317291744765,9.68682078542742,0.7307324177778838
"DR, no map",S3a,120,16200,1279.4439199005851,302.2881914681378,23.626529210567206
DR + map (particle filter),S3a,120,16200,1279.4439199005851,112.93148991035011,8.826607259122781
MaverickGRID: DR + map + consistency,S3a,120,16200,1279.4439199005851,112.12595304828535,8.763647339619054
"DR, no map",S3a,120,16800,1057.9101567626035,40.71469849880541,3.848596994606778
DR + map (particle filter),S3a,120,16800,1057.9101567626035,21.945949547304075,2.0744625058202155
MaverickGRID: DR + map + consistency,S3a,120,16800,1057.9101567626035,21.94507273413407,2.074379624191336
"DR, no map",S3a,120,17400,836.7615169462224,70.49899714656686,8.425219816974177
DR + map (particle filter),S3a,120,17400,836.7615169462224,120.09939269528671,14.352881945813165
MaverickGRID: DR + map + consistency,S3a,120,17400,836.7615169462224,120.09811990553803,14.352729836792504
"DR, no map",S3a,120,18600,837.3391985118037,108.01305398472581,12.89955781082464
DR + map (particle filter),S3a,120,18600,837.3391985118037,159.40555105065005,19.037153800271177
MaverickGRID: DR + map + consistency,S3a,120,18600,837.3391985118037,159.36495767672474,19.03230589944467
"DR, no map",S3a,120,19200,921.806948403722,94.65279154389854,10.268179439068803
DR + map (particle filter),S3a,120,19200,921.806948403722,740.3063282775855,80.31034367440623
MaverickGRID: DR + map + consistency,S3a,120,19200,921.806948403722,95.4791875481966,10.357829013280531
"DR, no map",S3a,120,19800,1022.5394341480304,149.47284622138739,14.617807512326081
DR + map (particle filter),S3a,120,19800,1022.5394341480304,10.341801439396955,1.0113841182089607
MaverickGRID: DR + map + consistency,S3a,120,19800,1022.5394341480304,10.328336926709056,1.010067346235358
"DR, no map",S3a,120,20400,792.6924862329151,38.53048357068567,4.860710078607247
DR + map (particle filter),S3a,120,20400,792.6924862329151,21.15600071272065,2.6688786736530803
MaverickGRID: DR + map + consistency,S3a,120,20400,792.6924862329151,21.155732801756713,2.6688448760621366
"DR, no map",S3a,120,21000,704.5769073560909,50.90847321090868,7.225396217134278
DR + map (particle filter),S3a,120,21000,704.5769073560909,12.023762554257752,1.7065223723236478
MaverickGRID: DR + map + consistency,S3a,120,21000,704.5769073560909,12.023574909435851,1.7064957400539917
"DR, no map",S3a,120,21600,845.6734235894155,6.409388838155561,0.757903542829956
DR + map (particle filter),S3a,120,21600,845.6734235894155,5.00972321335248,0.5923945430481874
MaverickGRID: DR + map + consistency,S3a,120,21600,845.6734235894155,5.009634418616742,0.592384043163331
"DR, no map",S3a,120,22200,780.1802605925573,26.769065203764647,3.4311384888709164
DR + map (particle filter),S3a,120,22200,780.1802605925573,8.43420054154099,1.0810579256561943
MaverickGRID: DR + map + consistency,S3a,120,22200,780.1802605925573,8.43436026440769,1.0810783982155203
"DR, no map",S3a,120,22800,941.0286130940785,145.68706166100597,15.481682451927849
DR + map (particle filter),S3a,120,22800,941.0286130940785,144.80645079168687,15.388102845838755
MaverickGRID: DR + map + consistency,S3a,120,22800,941.0286130940785,144.8061269018994,15.38806842714171
"DR, no map",S3a,120,23400,1147.4131711341797,106.85164621557229,9.312394950979428
DR + map (particle filter),S3a,120,23400,1147.4131711341797,3.2602578682001573,0.2841398329929838
MaverickGRID: DR + map + consistency,S3a,120,23400,1147.4131711341797,3.254019259954622,0.28359612228767883
"DR, no map",S3c,30,1200,467.48263235834827,30.11039489011308,6.4409654617996575
DR + map (particle filter),S3c,30,1200,467.48263235834827,63.85529975761116,13.659395095701212
MaverickGRID: DR + map + consistency,S3c,30,1200,467.48263235834827,63.853429765939666,13.658995082622212
"DR, no map",S3c,30,1800,346.08429197418883,83.31361060801436,24.07321353210331
DR + map (particle filter),S3c,30,1800,346.08429197418883,26.08926821448561,7.538414432409826
MaverickGRID: DR + map + consistency,S3c,30,1800,346.08429197418883,26.094984512069182,7.540066139151834
"DR, no map",S3c,30,2400,534.5633988483296,126.5265729324642,23.669142557282207
DR + map (particle filter),S3c,30,2400,534.5633988483296,80.38085697038491,15.036730375397658
MaverickGRID: DR + map + consistency,S3c,30,2400,534.5633988483296,80.38536846900315,15.037574334903296
"DR, no map",S3c,30,3000,503.7102470615969,13.398622599678081,2.6599861086486123
DR + map (particle filter),S3c,30,3000,503.7102470615969,14.176175477537534,2.814351218827593
MaverickGRID: DR + map + consistency,S3c,30,3000,503.7102470615969,14.175737043191655,2.8142641778455135
"DR, no map",S3c,30,3600,215.99875648567334,18.582150889554132,8.602897161024462
DR + map (particle filter),S3c,30,3600,215.99875648567334,42.25237587331161,19.561397741710657
MaverickGRID: DR + map + consistency,S3c,30,3600,215.99875648567334,42.250123908512066,19.560355159412417
"DR, no map",S3c,30,4200,345.7671884709929,17.415846609310822,5.036870816552876
DR + map (particle filter),S3c,30,4200,345.7671884709929,13.867955690895327,4.010778394624548
MaverickGRID: DR + map + consistency,S3c,30,4200,345.7671884709929,13.867407856537405,4.010619954386091
"DR, no map",S3c,30,4800,477.95755188384214,49.93185321847775,10.446922121362917
DR + map (particle filter),S3c,30,4800,477.95755188384214,79.97194520030149,16.73201833198297
MaverickGRID: DR + map + consistency,S3c,30,4800,477.95755188384214,79.97093290993386,16.731806536947275
"DR, no map",S3c,30,5400,215.23037437345727,14.174085416892103,6.585541403323455
DR + map (particle filter),S3c,30,5400,215.23037437345727,23.41656472838134,10.879767689178507
MaverickGRID: DR + map + consistency,S3c,30,5400,215.23037437345727,23.415631064346346,10.879333891654477
"DR, no map",S3c,30,6000,149.9813839500615,33.90197714067547,22.604123423720125
DR + map (particle filter),S3c,30,6000,149.9813839500615,14.831957751552482,9.889199153203572
MaverickGRID: DR + map + consistency,S3c,30,6000,149.9813839500615,14.780586285775248,9.854947258452196
"DR, no map",S3c,30,6600,206.95089096615726,24.708889771252025,11.939494271272636
DR + map (particle filter),S3c,30,6600,206.95089096615726,19.780034483188427,9.557839732336818
MaverickGRID: DR + map + consistency,S3c,30,6600,206.95089096615726,19.762781134944667,9.549502803627204
"DR, no map",S3c,30,7200,247.17848291315553,35.63682240397524,14.417445233894405
DR + map (particle filter),S3c,30,7200,247.17848291315553,19.411732057600318,7.853325996996468
MaverickGRID: DR + map + consistency,S3c,30,7200,247.17848291315553,19.412141285675236,7.853491556745074
"DR, no map",S3c,30,7800,162.932736413899,28.54704986263521,17.520757639592432
DR + map (particle filter),S3c,30,7800,162.932736413899,32.856167150012176,20.165479248164996
MaverickGRID: DR + map + consistency,S3c,30,7800,162.932736413899,32.85435124627311,20.16436473687707
"DR, no map",S3c,30,8400,158.46108548042747,10.473393073897322,6.609441707497931
DR + map (particle filter),S3c,30,8400,158.46108548042747,12.980147749468001,8.191378791906143
MaverickGRID: DR + map + consistency,S3c,30,8400,158.46108548042747,12.979513053876511,8.190978254708277
"DR, no map",S3c,30,9600,306.6766926355939,12.954091619917348,4.224022213292205
DR + map (particle filter),S3c,30,9600,306.6766926355939,12.62683028202199,4.1173100484117064
MaverickGRID: DR + map + consistency,S3c,30,9600,306.6766926355939,12.62678664671572,4.1172958199726635
"DR, no map",S3c,30,10200,422.00092641592573,104.3433559788759,24.725859458430357
DR + map (particle filter),S3c,30,10200,422.00092641592573,20.60075525682414,4.8816848417342
MaverickGRID: DR + map + consistency,S3c,30,10200,422.00092641592573,20.705826812794317,4.9065832600534565
"DR, no map",S3c,30,10800,862.685168201343,45.560369701615215,5.281227889498366
DR + map (particle filter),S3c,30,10800,862.685168201343,102.25019037918483,11.852549939205694
MaverickGRID: DR + map + consistency,S3c,30,10800,862.685168201343,102.24766014688144,11.85225664190598
"DR, no map",S3c,30,11400,892.5845998700438,58.15425189640074,6.515264984951312
DR + map (particle filter),S3c,30,11400,892.5845998700438,34.12984628770855,3.823709964599176
MaverickGRID: DR + map + consistency,S3c,30,11400,892.5845998700438,34.128735403660926,3.8235855075955727
"DR, no map",S3c,30,12000,933.8814775458682,91.50169483231134,9.797998678886657
DR + map (particle filter),S3c,30,12000,933.8814775458682,63.853565912038505,6.837437881286418
MaverickGRID: DR + map + consistency,S3c,30,12000,933.8814775458682,63.85276156584879,6.837351751921069
"DR, no map",S3c,30,12600,890.2482797346604,23.53060859793776,2.643151257192105
DR + map (particle filter),S3c,30,12600,890.2482797346604,36.059562270177956,4.050506256628269
MaverickGRID: DR + map + consistency,S3c,30,12600,890.2482797346604,36.05834229518883,4.050369219015629
"DR, no map",S3c,30,13200,946.2246670037687,31.678393595954713,3.3478723077749297
DR + map (particle filter),S3c,30,13200,946.2246670037687,85.7143248185666,9.058559537449177
MaverickGRID: DR + map + consistency,S3c,30,13200,946.2246670037687,85.71244313862171,9.058360675592104
"DR, no map",S3c,30,13800,840.2349028609576,64.2185899171174,7.64293291060111
DR + map (particle filter),S3c,30,13800,840.2349028609576,17.689838708880025,2.1053444279268825
MaverickGRID: DR + map + consistency,S3c,30,13800,840.2349028609576,17.68847672828318,2.105182332708961
"DR, no map",S3c,30,14400,640.6544972282879,51.1939290142042,7.990879520191988
DR + map (particle filter),S3c,30,14400,640.6544972282879,43.03416872241677,6.7172194854791085
MaverickGRID: DR + map + consistency,S3c,30,14400,640.6544972282879,43.03375912501116,6.717155551266925
"DR, no map",S3c,30,15000,472.3346249088856,45.58974445089541,9.652001366550204
DR + map (particle filter),S3c,30,15000,472.3346249088856,31.54484577675964,6.678495310997942
MaverickGRID: DR + map + consistency,S3c,30,15000,472.3346249088856,31.545019085743096,6.678532002990084
"DR, no map",S3c,30,15600,325.83841497301444,54.91022898715684,16.851981369877596
DR + map (particle filter),S3c,30,15600,325.83841497301444,6.378190672548206,1.957470445305364
MaverickGRID: DR + map + consistency,S3c,30,15600,325.83841497301444,6.3814924843559115,1.9584837732789793
"DR, no map",S3c,30,16200,339.4661467402734,22.55752266123665,6.644999178223058
DR + map (particle filter),S3c,30,16200,339.4661467402734,2.3538071803877063,0.6933849525174042
MaverickGRID: DR + map + consistency,S3c,30,16200,339.4661467402734,2.353402083089605,0.693265618880754
"DR, no map",S3c,30,16800,300.6832836436779,23.485456139591005,7.810695644598002
DR + map (particle filter),S3c,30,16800,300.6832836436779,8.692241062640317,2.8908294991686274
MaverickGRID: DR + map + consistency,S3c,30,16800,300.6832836436779,8.692007007140074,2.8907516579606267
"DR, no map",S3c,30,17400,246.29367263681337,16.299092025274042,6.617746956621502
DR + map (particle filter),S3c,30,17400,246.29367263681337,9.7070624482188,3.941255308873855
MaverickGRID: DR + map + consistency,S3c,30,17400,246.29367263681337,9.706708958285049,3.941111785116234
"DR, no map",S3c,30,18000,199.5811481386791,6.183082053384359,3.0980291029732125
DR + map (particle filter),S3c,30,18000,199.5811481386791,9.98026536527977,5.000605246716476
MaverickGRID: DR + map + consistency,S3c,30,18000,199.5811481386791,9.980219875618603,5.000582454152353
"DR, no map",S3c,30,18600,250.26531333354885,9.076078733367357,3.6265827702902365
DR + map (particle filter),S3c,30,18600,250.26531333354885,5.2891718890757495,2.113425875373485
MaverickGRID: DR + map + consistency,S3c,30,18600,250.26531333354885,5.289187986156279,2.1134323073797088
"DR, no map",S3c,30,19200,204.7054107343004,3.20040738729087,1.5634210037783873
DR + map (particle filter),S3c,30,19200,204.7054107343004,2.6170127431691927,1.2784287106929348
MaverickGRID: DR + map + consistency,S3c,30,19200,204.7054107343004,2.616984274102439,1.2784148033581693
"DR, no map",S3c,30,19800,139.44061673972212,11.858758345858247,8.504522299979236
DR + map (particle filter),S3c,30,19800,139.44061673972212,3.488692922872383,2.501920175370658
MaverickGRID: DR + map + consistency,S3c,30,19800,139.44061673972212,3.4886339761254246,2.5018779016427186
"DR, no map",S3c,30,21000,7.832824073001074,2.5782477301266575,32.915940739861725
DR + map (particle filter),S3c,30,21000,7.832824073001074,2.551122967800923,32.569644664870964
MaverickGRID: DR + map + consistency,S3c,30,21000,7.832824073001074,2.551123135564877,32.56964680667771
"DR, no map",S3c,30,21600,446.57730370146646,44.75040672470021,10.020752589481242
DR + map (particle filter),S3c,30,21600,446.57730370146646,9.039039121763878,2.0240704233832734
MaverickGRID: DR + map + consistency,S3c,30,21600,446.57730370146646,9.035753574384405,2.023334705882128
"DR, no map",S3c,30,22800,386.0893767535935,32.11371849978653,8.317690263796576
DR + map (particle filter),S3c,30,22800,386.0893767535935,11.597296994069028,3.003785572031046
MaverickGRID: DR + map + consistency,S3c,30,22800,386.0893767535935,11.597163230598984,3.0037509263044084
"DR, no map",S3c,30,23400,369.4760480572576,18.40981975705835,4.9826828704753785
DR + map (particle filter),S3c,30,23400,369.4760480572576,10.495530459961467,2.8406524631699477
MaverickGRID: DR + map + consistency,S3c,30,23400,369.4760480572576,10.495279025180091,2.8405844114565286
"DR, no map",S3c,30,24000,347.0185930666481,12.336831439088241,3.5550923453599617
DR + map (particle filter),S3c,30,24000,347.0185930666481,8.4130454659603,2.4243788759596803
MaverickGRID: DR + map + consistency,S3c,30,24000,347.0185930666481,8.413061003324767,2.424383353346419
"DR, no map",S3c,30,24600,167.75867944440702,17.656418202680012,10.524891028682132
DR + map (particle filter),S3c,30,24600,167.75867944440702,0.9034709470921716,0.5385539216714982
MaverickGRID: DR + map + consistency,S3c,30,24600,167.75867944440702,0.9026741290996408,0.5380789429728283
"DR, no map",S3c,30,25800,256.5648578886772,151.00132576611782,58.85503065725271
DR + map (particle filter),S3c,30,25800,256.5648578886772,192.61999541660137,75.0765311359121
MaverickGRID: DR + map + consistency,S3c,30,25800,256.5648578886772,181.26630174346198,70.6512588026038
"DR, no map",S3c,30,26400,208.7192686868069,15.426542250743923,7.391048439275712
DR + map (particle filter),S3c,30,26400,208.7192686868069,38.30256967963754,18.35123796697101
MaverickGRID: DR + map + consistency,S3c,30,26400,208.7192686868069,38.25339837736698,18.32767938391352
"DR, no map",S3c,30,27000,200.80563352822685,50.964127886580336,25.379829734416496
DR + map (particle filter),S3c,30,27000,200.80563352822685,54.311665812981374,27.04688352547982
MaverickGRID: DR + map + consistency,S3c,30,27000,200.80563352822685,54.31150154664,27.04680172182796
"DR, no map",S3c,30,27600,262.86372430919187,65.97380909429162,25.098103311010817
DR + map (particle filter),S3c,30,27600,262.86372430919187,65.74363693782288,25.010540009123638
MaverickGRID: DR + map + consistency,S3c,30,27600,262.86372430919187,65.73735446265496,25.008149996890328
"DR, no map",S3c,30,28200,250.13903981869956,26.69013973931308,10.670121608629366
DR + map (particle filter),S3c,30,28200,250.13903981869956,32.92106142304254,13.161104898661032
MaverickGRID: DR + map + consistency,S3c,30,28200,250.13903981869956,32.905382650589175,13.154836875698793
"DR, no map",S3c,30,28800,199.20915619517694,27.79570168617387,13.953024156651106
DR + map (particle filter),S3c,30,28800,199.20915619517694,94.94758732228661,47.66226067905275
MaverickGRID: DR + map + consistency,S3c,30,28800,199.20915619517694,92.32714955863395,46.34684033708552
"DR, no map",S3c,30,29400,545.9480349465969,30.459771709228985,5.579243766709129
DR + map (particle filter),S3c,30,29400,545.9480349465969,47.002316316519746,8.60930222436232
MaverickGRID: DR + map + consistency,S3c,30,29400,545.9480349465969,47.00206528306707,8.609256243163268
"DR, no map",S3c,30,30000,569.1987791781328,40.51178238790908,7.117334729073756
DR + map (particle filter),S3c,30,30000,569.1987791781328,17.53009102900884,3.079783666142182
MaverickGRID: DR + map + consistency,S3c,30,30000,569.1987791781328,17.530458308036554,3.0798481917597957
"DR, no map",S3c,30,30600,548.5686283553719,13.067694007921567,2.3821438799916383
DR + map (particle filter),S3c,30,30600,548.5686283553719,22.41170969736486,4.085488768206807
MaverickGRID: DR + map + consistency,S3c,30,30600,548.5686283553719,22.4112757903518,4.085409670170458
"DR, no map",S3c,30,31200,118.56698601300235,23.919457562809296,20.173792357500112
DR + map (particle filter),S3c,30,31200,118.56698601300235,22.221768786267777,18.741952995103443
MaverickGRID: DR + map + consistency,S3c,30,31200,118.56698601300235,22.21101657327846,18.732884523894995
"DR, no map",S3c,30,31800,525.3402522864307,51.516411030087724,9.80629426469295
DR + map (particle filter),S3c,30,31800,525.3402522864307,15.41588509037397,2.934457244286848
MaverickGRID: DR + map + consistency,S3c,30,31800,525.3402522864307,15.416992243064911,2.9346679939269382
"DR, no map",S3c,30,32400,526.1727040372307,36.354067632241744,6.909151188061139
DR + map (particle filter),S3c,30,32400,526.1727040372307,205.32011685957903,39.02143066035046
MaverickGRID: DR + map + consistency,S3c,30,32400,526.1727040372307,190.0723721809577,36.12357135263114
"DR, no map",S3c,30,33000,510.47149468239996,59.17058983347517,11.591360232619714
DR + map (particle filter),S3c,30,33000,510.47149468239996,52.70740878836912,10.32524035865354
MaverickGRID: DR + map + consistency,S3c,30,33000,510.47149468239996,52.70745959437473,10.325250311414104
"DR, no map",S3c,30,33600,176.4354888480932,24.28907962126929,13.766549904357177
DR + map (particle filter),S3c,30,33600,176.4354888480932,12.96424247687846,7.347865535170403
MaverickGRID: DR + map + consistency,S3c,30,33600,176.4354888480932,12.960814091231214,7.34592239682016
"DR, no map",S3c,30,34200,510.6906262458811,67.10989548518894,13.14100788935916
DR + map (particle filter),S3c,30,34200,510.6906262458811,13.24285922609558,2.593127530741003
MaverickGRID: DR + map + consistency,S3c,30,34200,510.6906262458811,13.236094842014202,2.5918029745941427
"DR, no map",S3c,30,34800,154.25456649478096,60.202832871792175,39.02823380844876
DR + map (particle filter),S3c,30,34800,154.25456649478096,59.75087095348296,38.735236376619405
MaverickGRID: DR + map + consistency,S3c,30,34800,154.25456649478096,59.749337807925464,38.7342424705119
"DR, no map",S3c,30,36000,172.0359831916608,32.22507487791142,18.731589915122758
DR + map (particle filter),S3c,30,36000,172.0359831916608,14.92432853087931,8.675120317272524
MaverickGRID: DR + map + consistency,S3c,30,36000,172.0359831916608,14.923574901410722,8.67468225224996
"DR, no map",S3c,30,36600,122.92677273227058,10.406184908887315,8.465352727962324
DR + map (particle filter),S3c,30,36600,122.92677273227058,63.96014174369422,52.03109161825696
MaverickGRID: DR + map + consistency,S3c,30,36600,122.92677273227058,63.48527068663085,51.6447876044864
"DR, no map",S3c,60,1200,843.2979114918987,61.93314910639577,7.344160143457291
DR + map (particle filter),S3c,60,1200,843.2979114918987,9.213316750926321,1.0925340410990487
MaverickGRID: DR + map + consistency,S3c,60,1200,843.2979114918987,9.210309142425027,1.0921773926999114
"DR, no map",S3c,60,1800,879.7401491601881,71.94789203399554,8.178311755201575
DR + map (particle filter),S3c,60,1800,879.7401491601881,168.07110179096156,19.104630151460576
MaverickGRID: DR + map + consistency,S3c,60,1800,879.7401491601881,167.6431554065719,19.055985516473964
"DR, no map",S3c,60,2400,1068.1383843162378,243.4421025955942,22.791251224571635
DR + map (particle filter),S3c,60,2400,1068.1383843162378,22.814122180858877,2.1358770095565096
MaverickGRID: DR + map + consistency,S3c,60,2400,1068.1383843162378,20.785398098856632,1.9459461811366583
"DR, no map",S3c,60,3000,671.0373819042068,158.42090719210452,23.608357963985934
DR + map (particle filter),S3c,60,3000,671.0373819042068,28.910070392927302,4.3082652580231855
MaverickGRID: DR + map + consistency,S3c,60,3000,671.0373819042068,28.93379314747608,4.311800493941259
"DR, no map",S3c,60,3600,559.2417437710155,14.174345043079398,2.534564917758206
DR + map (particle filter),S3c,60,3600,559.2417437710155,29.886695832840246,5.344146098842992
MaverickGRID: DR + map + consistency,S3c,60,3600,559.2417437710155,29.8861221011465,5.344043507843637
"DR, no map",S3c,60,4200,620.8597520448656,52.72599896947118,8.49241697433481
DR + map (particle filter),S3c,60,4200,620.8597520448656,15.458263409318379,2.4898156722842795
MaverickGRID: DR + map + consistency,S3c,60,4200,620.8597520448656,15.456788238829684,2.4895780710411906
"DR, no map",S3c,60,4800,784.0520213589341,93.42041494558056,11.915078642825573
DR + map (particle filter),S3c,60,4800,784.0520213589341,235.8724039426762,30.0837696373587
MaverickGRID: DR + map + consistency,S3c,60,4800,784.0520213589341,235.56607807946486,30.04470005334304
"DR, no map",S3c,60,5400,427.8901677669081,28.95263996018837,6.766371873251416
DR + map (particle filter),S3c,60,5400,427.8901677669081,65.72619087937566,15.360528432422361
MaverickGRID: DR + map + consistency,S3c,60,5400,427.8901677669081,65.7191862212195,15.358891409961032
"DR, no map",S3c,60,6000,251.06261763308737,32.15569491866151,12.807838626798311
DR + map (particle filter),S3c,60,6000,251.06261763308737,71.15834553047262,28.342867688277742
MaverickGRID: DR + map + consistency,S3c,60,6000,251.06261763308737,71.14872846569176,28.339037143981056
"DR, no map",S3c,60,6600,432.527777148323,11.376843429811501,2.6303150990254527
DR + map (particle filter),S3c,60,6600,432.527777148323,11.22834996935563,2.5959835558734965
MaverickGRID: DR + map + consistency,S3c,60,6600,432.527777148323,11.228304078625525,2.595972945981478
"DR, no map",S3c,60,7200,428.39941802770323,36.5288763993025,8.526826802771309
DR + map (particle filter),S3c,60,7200,428.39941802770323,23.819659572602035,5.560152178138975
MaverickGRID: DR + map + consistency,S3c,60,7200,428.39941802770323,23.819809815150737,5.560187248809565
"DR, no map",S3c,60,7800,299.6967488287347,30.278789008834,10.103142302066539
DR + map (particle filter),S3c,60,7800,299.6967488287347,16.909225995458648,5.642111921982052
MaverickGRID: DR + map + consistency,S3c,60,7800,299.6967488287347,16.90834985866634,5.64181958087534
"DR, no map",S3c,60,8400,221.316643970968,13.525139350943656,6.111216539465447
DR + map (particle filter),S3c,60,8400,221.316643970968,11.693524924756053,5.283617497060001
MaverickGRID: DR + map + consistency,S3c,60,8400,221.316643970968,11.692974589840592,5.283368833016671
"DR, no map",S3c,60,9600,758.1846229563582,100.37156410514196,13.238406723914714
DR + map (particle filter),S3c,60,9600,758.1846229563582,101.60901717740965,13.401619355086599
MaverickGRID: DR + map + consistency,S3c,60,9600,758.1846229563582,101.60897134526434,13.401613310101785
"DR, no map",S3c,60,10200,1245.5414996514492,421.8273552781121,33.86698519448415
DR + map (particle filter),S3c,60,10200,1245.5414996514492,170.38897260140848,13.679911319622024
MaverickGRID: DR + map + consistency,S3c,60,10200,1245.5414996514492,172.02523829896694,13.811281145357764
"DR, no map",S3c,60,10800,1770.85966806125,206.7368723561237,11.674379177795648
DR + map (particle filter),S3c,60,10800,1770.85966806125,458.1791033162546,25.873258710435955
MaverickGRID: DR + map + consistency,S3c,60,10800,1770.85966806125,458.02203004567156,25.86438882235753
"DR, no map",S3c,60,11400,1826.7839305106804,251.9693686229399,13.793058085008525
DR + map (particle filter),S3c,60,11400,1826.7839305106804,217.73646240769398,11.919114174976643
MaverickGRID: DR + map + consistency,S3c,60,11400,1826.7839305106804,217.6987601629748,11.91705031596795
"DR, no map",S3c,60,12000,1863.456824040959,270.32385657756834,14.506580087611763
DR + map (particle filter),S3c,60,12000,1863.456824040959,248.21964153788977,13.320385980267492
MaverickGRID: DR + map + consistency,S3c,60,12000,1863.456824040959,248.17224823265101,13.317842679847148
"DR, no map",S3c,60,12600,1800.0143561167697,43.00567308576835,2.389185005087732
DR + map (particle filter),S3c,60,12600,1800.0143561167697,430.4926543594006,23.916067830043122
MaverickGRID: DR + map + consistency,S3c,60,12600,1800.0143561167697,429.9070065494192,23.883532100092342
"DR, no map",S3c,60,13200,1886.1602001145973,132.67359773175158,7.034057749903256
DR + map (particle filter),S3c,60,13200,1886.1602001145973,134.09593710905986,7.109467006085306
MaverickGRID: DR + map + consistency,S3c,60,13200,1886.1602001145973,134.09338094452937,7.109331483952545
"DR, no map",S3c,60,13800,1454.6704693022352,219.05289896041126,15.058592552957014
DR + map (particle filter),S3c,60,13800,1454.6704693022352,24.99517133391437,1.7182703479162438
MaverickGRID: DR + map + consistency,S3c,60,13800,1454.6704693022352,24.960315945982288,1.715874245935236
"DR, no map",S3c,60,14400,1277.2764234181543,174.85533954260242,13.689702270920124
DR + map (particle filter),S3c,60,14400,1277.2764234181543,30.544857094813242,2.391405379038573
MaverickGRID: DR + map + consistency,S3c,60,14400,1277.2764234181543,30.55323713652068,2.3920614658146064
"DR, no map",S3c,60,15000,878.4574772518984,98.84534451840045,11.252149031461482
DR + map (particle filter),S3c,60,15000,878.4574772518984,14.60385396864276,1.6624429009732355
MaverickGRID: DR + map + consistency,S3c,60,15000,878.4574772518984,14.608883053998376,1.6630153914449826
"DR, no map",S3c,60,15600,647.2998371041695,136.82039086920267,21.137096446879575
DR + map (particle filter),S3c,60,15600,647.2998371041695,15.487908143075067,2.3926945837594285
MaverickGRID: DR + map + consistency,S3c,60,15600,647.2998371041695,15.440984022881489,2.3854453744280155
"DR, no map",S3c,60,16200,610.9102775360483,32.110767138390955,5.25621655407429
DR + map (particle filter),S3c,60,16200,610.9102775360483,10.258246514046734,1.6791739951438975
MaverickGRID: DR + map + consistency,S3c,60,16200,610.9102775360483,10.257047555521579,1.6789777374331922
"DR, no map",S3c,60,16800,536.5502544558216,2.408229099680849,0.44883570172253784
DR + map (particle filter),S3c,60,16800,536.5502544558216,4.604281833152715,0.8581268566953633
MaverickGRID: DR + map + consistency,S3c,60,16800,536.5502544558216,4.60423137080796,0.8581174517338828
"DR, no map",S3c,60,17400,521.3024615365473,67.05284158075882,12.862559939410128
DR + map (particle filter),S3c,60,17400,521.3024615365473,27.016065416410477,5.182416621778496
MaverickGRID: DR + map + consistency,S3c,60,17400,521.3024615365473,27.017012495000948,5.182598297228038
"DR, no map",S3c,60,18000,443.59472427566334,44.25592787706122,9.976657848969195
DR + map (particle filter),S3c,60,18000,443.59472427566334,21.97591258937405,4.954051837577209
MaverickGRID: DR + map + consistency,S3c,60,18000,443.59472427566334,21.976339212787774,4.954148011717787
"DR, no map",S3c,60,18600,459.72985119384634,20.85992475004466,4.537430992543709
DR + map (particle filter),S3c,60,18600,459.72985119384634,4.195252114827704,0.9125472500716001
MaverickGRID: DR + map + consistency,S3c,60,18600,459.72985119384634,4.195249175984191,0.9125466108171542
"DR, no map",S3c,60,19200,509.4076153154001,19.452968010399406,3.818743070488863
DR + map (particle filter),S3c,60,19200,509.4076153154001,17.568776302692317,3.44886408732123
MaverickGRID: DR + map + consistency,S3c,60,19200,509.4076153154001,17.56868459086188,3.448846083697476
"DR, no map",S3c,60,19800,141.32893820982073,12.106268358824751,8.566022296758122
DR + map (particle filter),S3c,60,19800,141.32893820982073,3.584868103592157,2.536542161146053
MaverickGRID: DR + map + consistency,S3c,60,19800,141.32893820982073,3.584884589223027,2.5365538258702625
"DR, no map",S3c,60,21000,232.86440087519858,55.054905220220746,23.64247390897971
DR + map (particle filter),S3c,60,21000,232.86440087519858,54.62488341795251,23.45780772528996
MaverickGRID: DR + map + consistency,S3c,60,21000,232.86440087519858,54.62488632567482,23.45780897396614
"DR, no map",S3c,60,21600,806.6577819287603,83.60387665773962,10.364231094112604
DR + map (particle filter),S3c,60,21600,806.6577819287603,3.443008946461314,0.4268239919819409
MaverickGRID: DR + map + consistency,S3c,60,21600,806.6577819287603,3.4390434229490974,0.42633239274357054
"DR, no map",S3c,60,22800,614.4404885254465,26.65951803904811,4.338828338449253
DR + map (particle filter),S3c,60,22800,614.4404885254465,0.8039543097003097,0.13084331594580695
MaverickGRID: DR + map + consistency,S3c,60,22800,614.4404885254465,0.8038533035406126,0.13082687722446884
"DR, no map",S3c,60,23400,720.950775568521,44.468775523116484,6.168073747899042
DR + map (particle filter),S3c,60,23400,720.950775568521,18.7340493577909,2.598519897980243
MaverickGRID: DR + map + consistency,S3c,60,23400,720.950775568521,18.734145001458447,2.5985331643044898
"DR, no map",S3c,60,24000,581.0903498579376,23.403073490067584,4.027441428994487
DR + map (particle filter),S3c,60,24000,581.0903498579376,50.913285542929664,8.761681476103798
MaverickGRID: DR + map + consistency,S3c,60,24000,581.0903498579376,50.90765286108602,8.760712146317987
"DR, no map",S3c,60,24600,430.3386131369928,56.50373491013974,13.130063904386962
DR + map (particle filter),S3c,60,24600,430.3386131369928,8.831255443749829,2.052164312975213
MaverickGRID: DR + map + consistency,S3c,60,24600,430.3386131369928,8.823119800168502,2.0502737915734683
"DR, no map",S3c,60,25800,406.4599703990784,200.15484041712634,49.243432316497596
DR + map (particle filter),S3c,60,25800,406.4599703990784,155.46270060524688,38.2479732143383
MaverickGRID: DR + map + consistency,S3c,60,25800,406.4599703990784,155.46800378505222,38.24927793809748
"DR, no map",S3c,60,26400,365.62224498628063,30.40938701398093,8.317159973437061
DR + map (particle filter),S3c,60,26400,365.62224498628063,20.37318498904804,5.572195146335395
MaverickGRID: DR + map + consistency,S3c,60,26400,365.62224498628063,20.37272298056414,5.572068784088505
"DR, no map",S3c,60,27000,419.1071274060479,59.30444435492788,14.150187500264424
DR + map (particle filter),S3c,60,27000,419.1071274060479,42.58231952691279,10.160247044822341
MaverickGRID: DR + map + consistency,S3c,60,27000,419.1071274060479,42.582586234245596,10.160310681853394
"DR, no map",S3c,60,27600,537.2785593547135,102.72441785348278,19.119396459232927
DR + map (particle filter),S3c,60,27600,537.2785593547135,39.260940178028534,7.307371473222757
MaverickGRID: DR + map + consistency,S3c,60,27600,537.2785593547135,39.26211952490415,7.307590977026712
"DR, no map",S3c,60,28200,444.73110020254836,41.329718733083205,9.293192833660608
DR + map (particle filter),S3c,60,28200,444.73110020254836,5.640725249825863,1.268345129732742
MaverickGRID: DR + map + consistency,S3c,60,28200,444.73110020254836,5.63901123247566,1.2679597244059226
"DR, no map",S3c,60,28800,593.8034731184111,102.22673765644012,17.21558432785639
DR + map (particle filter),S3c,60,28800,593.8034731184111,111.95302749648523,18.853548785855708
MaverickGRID: DR + map + consistency,S3c,60,28800,593.8034731184111,111.95293665210542,18.85353348712744
"DR, no map",S3c,60,29400,1075.053345084783,38.899904318488986,3.6184161926793674
DR + map (particle filter),S3c,60,29400,1075.053345084783,4.093708952219058,0.38079123895905015
MaverickGRID: DR + map + consistency,S3c,60,29400,1075.053345084783,4.093693393906174,0.3807897917459463
"DR, no map",S3c,60,30000,1086.720402829475,73.74180091111774,6.785719741629723
DR + map (particle filter),S3c,60,30000,1086.720402829475,11.007903086478796,1.0129471258492717
MaverickGRID: DR + map + consistency,S3c,60,30000,1086.720402829475,11.005963072798618,1.0127686058108951
"DR, no map",S3c,60,30600,997.3417822996798,105.31207244769254,10.559276099399245
DR + map (particle filter),S3c,60,30600,997.3417822996798,14.849072575248243,1.4888649847807554
MaverickGRID: DR + map + consistency,S3c,60,30600,997.3417822996798,14.842386751556594,1.488194620437227
"DR, no map",S3c,60,31200,595.9952280612474,54.29229689589932,9.109518724253942
DR + map (particle filter),S3c,60,31200,595.9952280612474,112.11043467146128,18.81062622533955
MaverickGRID: DR + map + consistency,S3c,60,31200,595.9952280612474,112.10698331609282,18.81004713423178
"DR, no map",S3c,60,31800,1008.80952020167,100.70545441813165,9.982603494661682
DR + map (particle filter),S3c,60,31800,1008.80952020167,29.277601300188447,2.9021932003908524
MaverickGRID: DR + map + consistency,S3c,60,31800,1008.80952020167,29.280152176670683,2.9024460604631606
"DR, no map",S3c,60,32400,1046.1201995524043,100.7854620130499,9.634214314585668
DR + map (particle filter),S3c,60,32400,1046.1201995524043,461.59445706480454,44.12441871042195
MaverickGRID: DR + map + consistency,S3c,60,32400,1046.1201995524043,325.108027768658,31.07750217496609
"DR, no map",S3c,60,33000,1041.7970417739361,228.58190900726493,21.941117112220198
DR + map (particle filter),S3c,60,33000,1041.7970417739361,9.562326809065258,0.9178684931551406
MaverickGRID: DR + map + consistency,S3c,60,33000,1041.7970417739361,9.642680626102962,0.9255814942307512
"DR, no map",S3c,60,33600,650.6159855258006,267.6508241116997,41.13806455207145
DR + map (particle filter),S3c,60,33600,650.6159855258006,113.27270695545005,17.410071297880545
MaverickGRID: DR + map + consistency,S3c,60,33600,650.6159855258006,114.19417639963986,17.551701608953383
"DR, no map",S3c,60,34200,666.8576982546192,151.39675458816362,22.70300770080597
DR + map (particle filter),S3c,60,34200,666.8576982546192,50.68423294986094,7.600457051409598
MaverickGRID: DR + map + consistency,S3c,60,34200,666.8576982546192,50.6802972747346,7.599866869255798
"DR, no map",S3c,60,34800,160.11062922062496,73.54866446026344,45.936153532266005
DR + map (particle filter),S3c,60,34800,160.11062922062496,98.38741975456124,61.44964905420987
MaverickGRID: DR + map + consistency,S3c,60,34800,160.11062922062496,98.36232264056876,61.433974196072946
"DR, no map",S3c,60,36000,557.8695294632848,19.066369204105015,3.4177111667038687
DR + map (particle filter),S3c,60,36000,557.8695294632848,30.948874389567127,5.547690410577259
MaverickGRID: DR + map + consistency,S3c,60,36000,557.8695294632848,30.946432746551874,5.547252737808573
"DR, no map",S3c,120,1200,1724.4062281861202,237.4232487544858,13.768405893791519
DR + map (particle filter),S3c,120,1200,1724.4062281861202,205.47330409323146,11.915597423315159
MaverickGRID: DR + map + consistency,S3c,120,1200,1724.4062281861202,205.41527249245945,11.912232114154042
"DR, no map",S3c,120,1800,1949.066945112262,163.92588179059047,8.41047980428136
DR + map (particle filter),S3c,120,1800,1949.066945112262,788.1221171103531,40.43586697146306
MaverickGRID: DR + map + consistency,S3c,120,1800,1949.066945112262,762.987815591102,39.14631139297043
"DR, no map",S3c,120,2400,1740.8411459865354,213.22062073913213,12.248137702323202
DR + map (particle filter),S3c,120,2400,1740.8411459865354,75.2605224688479,4.323227460607712
MaverickGRID: DR + map + consistency,S3c,120,2400,1740.8411459865354,75.14434439511294,4.31655378598767
"DR, no map",S3c,120,3000,1231.1879811125514,76.08359886325971,6.179689862997809
DR + map (particle filter),S3c,120,3000,1231.1879811125514,27.580135806840147,2.24012386653723
MaverickGRID: DR + map + consistency,S3c,120,3000,1231.1879811125514,27.58069784870454,2.240169516906874
"DR, no map",S3c,120,3600,1181.3911586244733,84.23622280033858,7.1302567473432905
DR + map (particle filter),S3c,120,3600,1181.3911586244733,162.50686781016137,13.75555137888222
MaverickGRID: DR + map + consistency,S3c,120,3600,1181.3911586244733,162.48786462972288,13.753942836250108
"DR, no map",S3c,120,4200,1406.279487822429,284.9015767102063,20.259242858712653
DR + map (particle filter),S3c,120,4200,1406.279487822429,19.324316942071928,1.3741448346085818
MaverickGRID: DR + map + consistency,S3c,120,4200,1406.279487822429,19.45874703665412,1.3837041075515693
"DR, no map",S3c,120,4800,1212.5873570618357,232.31095058752953,19.15828572965097
DR + map (particle filter),S3c,120,4800,1212.5873570618357,155.34539398399428,12.811068256591799
MaverickGRID: DR + map + consistency,S3c,120,4800,1212.5873570618357,155.3404939741757,12.810664161184564
"DR, no map",S3c,120,5400,679.7273465964811,98.81204886594637,14.53701243016282
DR + map (particle filter),S3c,120,5400,679.7273465964811,165.7482316462396,24.384517185629097
MaverickGRID: DR + map + consistency,S3c,120,5400,679.7273465964811,165.73711745455364,24.382882090065912
"DR, no map",S3c,120,6000,684.3292312115175,42.368562591973834,6.191254247164878
DR + map (particle filter),S3c,120,6000,684.3292312115175,25.292183292271375,3.6959086560565
MaverickGRID: DR + map + consistency,S3c,120,6000,684.3292312115175,25.29237561571722,3.6959367599920143
"DR, no map",S3c,120,6600,861.6126577256516,70.76205758004217,8.21274582558114
DR + map (particle filter),S3c,120,6600,861.6126577256516,29.155612694639533,3.3838421979082685
MaverickGRID: DR + map + consistency,S3c,120,6600,861.6126577256516,29.15543103930257,3.3838211147294945
"DR, no map",S3c,120,7200,728.9176098719365,63.933683033473514,8.771043828218943
DR + map (particle filter),S3c,120,7200,728.9176098719365,86.55429585901554,11.874359281047177
MaverickGRID: DR + map + consistency,S3c,120,7200,728.9176098719365,86.55380938137772,11.874292541318127
"DR, no map",S3c,120,7800,521.5708550941356,22.992910607334753,4.408396363171957
DR + map (particle filter),S3c,120,7800,521.5708550941356,7.5680394755747145,1.4510088900977411
MaverickGRID: DR + map + consistency,S3c,120,7800,521.5708550941356,7.568201975390896,1.4510400459444672
"DR, no map",S3c,120,8400,544.8632359671749,47.710880175387224,8.75648732120762
DR + map (particle filter),S3c,120,8400,544.8632359671749,22.647747138209535,4.15659300228029
MaverickGRID: DR + map + consistency,S3c,120,8400,544.8632359671749,22.647462611551333,4.156540782449804
"DR, no map",S3c,120,9600,2004.5221361515291,577.9206148223321,28.83084224412102
DR + map (particle filter),S3c,120,9600,2004.5221361515291,335.78079594681594,16.75116427456768
MaverickGRID: DR + map + consistency,S3c,120,9600,2004.5221361515291,335.88574674454503,16.756399976176375
"DR, no map",S3c,120,10200,3019.331332972685,1175.6684221781215,38.93803933802179
DR + map (particle filter),S3c,120,10200,3019.331332972685,1050.2677055815504,34.78477814316286
MaverickGRID: DR + map + consistency,S3c,120,10200,3019.331332972685,1050.2737151416632,34.784977179288745
"DR, no map",S3c,120,10800,3600.610553504237,728.1253004106131,20.2222731281498
DR + map (particle filter),S3c,120,10800,3600.610553504237,1720.3580204594027,47.77961945329221
MaverickGRID: DR + map + consistency,S3c,120,10800,3600.610553504237,1458.8628696020805,40.517096973519266
"DR, no map",S3c,120,11400,3693.3601618440207,1008.9566687955298,27.318122917418865
DR + map (particle filter),S3c,120,11400,3693.3601618440207,97.1364945218313,2.6300303860247682
MaverickGRID: DR + map + consistency,S3c,120,11400,3693.3601618440207,99.30404570478917,2.688718168639385
"DR, no map",S3c,120,12000,3666.5160153218167,714.0955769635232,19.476134127859407
DR + map (particle filter),S3c,120,12000,3666.5160153218167,1574.8220424449771,42.95145680160767
MaverickGRID: DR + map + consistency,S3c,120,12000,3666.5160153218167,1234.490222537771,33.669298521512594
"DR, no map",S3c,120,12600,3689.2705851098467,103.49875411255947,2.805398837653374
DR + map (particle filter),S3c,120,12600,3689.2705851098467,1628.0876945031418,44.13034113231535
MaverickGRID: DR + map + consistency,S3c,120,12600,3689.2705851098467,1335.9806300614473,36.21259539632463
"DR, no map",S3c,120,13200,3343.9237762287466,504.58834949574197,15.089708476094902
DR + map (particle filter),S3c,120,13200,3343.9237762287466,1365.5392660967389,40.83643520238324
MaverickGRID: DR + map + consistency,S3c,120,13200,3343.9237762287466,1152.0963622490824,34.453427749732036
"DR, no map",S3c,120,13800,2733.859783240965,641.1813295080716,23.453336321000236
DR + map (particle filter),S3c,120,13800,2733.859783240965,11.866707005185905,0.4340642149217337
MaverickGRID: DR + map + consistency,S3c,120,13800,2733.859783240965,11.820503769430779,0.43237417814521867
"DR, no map",S3c,120,14400,2157.235493542543,387.6059939299317,17.96771817866846
DR + map (particle filter),S3c,120,14400,2157.235493542543,27.99527722026532,1.2977385781045339
MaverickGRID: DR + map + consistency,S3c,120,14400,2157.235493542543,28.06895202855704,1.3011538199041546
"DR, no map",S3c,120,15000,1527.4943654745298,157.10493086526787,10.285139796012395
DR + map (particle filter),S3c,120,15000,1527.4943654745298,19.18811946514502,1.256182667435507
MaverickGRID: DR + map + consistency,S3c,120,15000,1527.4943654745298,19.19337596943287,1.256526793371855
"DR, no map",S3c,120,15600,1259.4617490456012,251.6721778116352,19.982518564168235
DR + map (particle filter),S3c,120,15600,1259.4617490456012,31.7543615402573,2.5212644658974535
MaverickGRID: DR + map + consistency,S3c,120,15600,1259.4617490456012,31.669239378757542,2.51450585162717
"DR, no map",S3c,120,16200,1148.5988269266252,10.22856704210889,0.890525638919385
DR + map (particle filter),S3c,120,16200,1148.5988269266252,6.005388729352771,0.5228447555898825
MaverickGRID: DR + map + consistency,S3c,120,16200,1148.5988269266252,6.005314034887865,0.5228382524955771
"DR, no map",S3c,120,16800,1058.1633782698564,130.34150966300396,12.31771126648874
DR + map (particle filter),S3c,120,16800,1058.1633782698564,36.88658522449855,3.4859064282502144
MaverickGRID: DR + map + consistency,S3c,120,16800,1058.1633782698564,36.89031569217025,3.4862589699983317
"DR, no map",S3c,120,17400,965.4477220799574,97.87907168722946,10.138205254279239
DR + map (particle filter),S3c,120,17400,965.4477220799574,22.716607560280192,2.352960915515923
MaverickGRID: DR + map + consistency,S3c,120,17400,965.4477220799574,22.71902890831523,2.3532117160491537
"DR, no map",S3c,120,18000,904.173129558776,80.86257232852557,8.943262046283701
DR + map (particle filter),S3c,120,18000,904.173129558776,5.310718415031762,0.5873563636671352
MaverickGRID: DR + map + consistency,S3c,120,18000,904.173129558776,5.308279100823596,0.5870865796923165
"DR, no map",S3c,120,18600,970.0658321150809,62.692783974335136,6.462734991669902
DR + map (particle filter),S3c,120,18600,970.0658321150809,12.336724447665496,1.2717409519276797
MaverickGRID: DR + map + consistency,S3c,120,18600,970.0658321150809,12.337841060918617,1.2718560588839454
"DR, no map",S3c,120,19200,651.5754181629861,47.09087531445245,7.227233256775974
DR + map (particle filter),S3c,120,19200,651.5754181629861,4.257961270883535,0.6534870948459326
MaverickGRID: DR + map + consistency,S3c,120,19200,651.5754181629861,4.259017944899282,0.6536492670191442
"DR, no map",S3c,120,19800,547.0718493960118,191.1053015975574,34.93239540812509
DR + map (particle filter),S3c,120,19800,547.0718493960118,185.75109040662605,33.95369193492635
MaverickGRID: DR + map + consistency,S3c,120,19800,547.0718493960118,185.7511641143398,33.95370540805859
"DR, no map",S3c,120,21000,1041.1310996505083,227.24200272412753,21.826454209312274
DR + map (particle filter),S3c,120,21000,1041.1310996505083,114.35420799051185,10.983651149110694
MaverickGRID: DR + map + consistency,S3c,120,21000,1041.1310996505083,114.3708391615256,10.985248562829227
"DR, no map",S3c,120,21600,1380.6032654315504,109.07984806123565,7.900882954028024
DR + map (particle filter),S3c,120,21600,1380.6032654315504,160.76504312156297,11.644550403935982
MaverickGRID: DR + map + consistency,S3c,120,21600,1380.6032654315504,160.7395467524841,11.642703648266394
"DR, no map",S3c,120,22800,1336.184896752201,22.59721347254762,1.691174142700876
DR + map (particle filter),S3c,120,22800,1336.184896752201,32.05127464697226,2.3987155314266553
MaverickGRID: DR + map + consistency,S3c,120,22800,1336.184896752201,32.05038621102688,2.398649040932148
"DR, no map",S3c,120,23400,1303.2981507085192,206.11063264792745,15.81454194006785
DR + map (particle filter),S3c,120,23400,1303.2981507085192,12.264441631952689,0.9410311543283708
MaverickGRID: DR + map + consistency,S3c,120,23400,1303.2981507085192,12.253194616048031,0.9401681886364036
"DR, no map",S3c,120,24000,1012.0197259394508,26.319035581002694,2.6006445236599434
DR + map (particle filter),S3c,120,24000,1012.0197259394508,10.953080313706119,1.082299092889563
MaverickGRID: DR + map + consistency,S3c,120,24000,1012.0197259394508,10.952656158560048,1.0822571811426673
"DR, no map",S3c,120,24600,846.4663767245158,152.05505501069638,17.963507965796378
DR + map (particle filter),S3c,120,24600,846.4663767245158,24.722536115662923,2.920675504126837
MaverickGRID: DR + map + consistency,S3c,120,24600,846.4663767245158,24.68550552156987,2.9163007770128853
"DR, no map",S3c,120,25800,772.5016114970169,350.2616260532847,45.341216230542095
DR + map (particle filter),S3c,120,25800,772.5016114970169,376.0360287697298,48.6777015313944
MaverickGRID: DR + map + consistency,S3c,120,25800,772.5016114970169,366.2157461104377,47.40647018208218
"DR, no map",S3c,120,26400,785.5142677921157,26.410815035556745,3.3622323767321176
DR + map (particle filter),S3c,120,26400,785.5142677921157,31.29300397206325,3.983760098975677
MaverickGRID: DR + map + consistency,S3c,120,26400,785.5142677921157,31.29100847193386,3.9835060615620725
"DR, no map",S3c,120,27000,956.9965643999552,52.99545868721039,5.537685364674112
DR + map (particle filter),S3c,120,27000,956.9965643999552,218.83494282250916,22.86684727648113
MaverickGRID: DR + map + consistency,S3c,120,27000,956.9965643999552,218.73930065963444,22.856853284189768
"DR, no map",S3c,120,27600,982.9359588439777,153.83527920703347,15.65059023661702
DR + map (particle filter),S3c,120,27600,982.9359588439777,469.65223236377005,47.78055255157456
MaverickGRID: DR + map + consistency,S3c,120,27600,982.9359588439777,444.4390629714388,45.215464850237
"DR, no map",S3c,120,28200,1039.0048300943163,127.55981923479004,12.277115133642905
DR + map (particle filter),S3c,120,28200,1039.0048300943163,80.91967898799723,7.788190838405602
MaverickGRID: DR + map + consistency,S3c,120,28200,1039.0048300943163,80.92048233675074,7.788268157464208
"DR, no map",S3c,120,28800,1670.6166535984705,348.7465603287151,20.87531927671874
DR + map (particle filter),S3c,120,28800,1670.6166535984705,870.1038493411309,52.082795144352644
MaverickGRID: DR + map + consistency,S3c,120,28800,1670.6166535984705,813.5063791603098,48.694976038221306
"DR, no map",S3c,120,29400,2163.820658121732,168.95965087275678,7.808394389737428
DR + map (particle filter),S3c,120,29400,2163.820658121732,2.620404420554583,0.1211008135410437
MaverickGRID: DR + map + consistency,S3c,120,29400,2163.820658121732,2.6273786216647625,0.12142312311341986
"DR, no map",S3c,120,30000,2085.7575024498205,46.53001628594168,2.2308449678972737
DR + map (particle filter),S3c,120,30000,2085.7575024498205,46.991022007133964,2.2529475239542847
MaverickGRID: DR + map + consistency,S3c,120,30000,2085.7575024498205,46.98933921354312,2.2528668437415145
"DR, no map",S3c,120,30600,1593.5299622499426,142.0956102106783,8.917034105216958
DR + map (particle filter),S3c,120,30600,1593.5299622499426,174.83405529263098,10.971494696326804
MaverickGRID: DR + map + consistency,S3c,120,30600,1593.5299622499426,174.8337212578488,10.971473734387581
"DR, no map",S3c,120,31200,1606.5537966963616,123.78236245237784,7.704837690895743
DR + map (particle filter),S3c,120,31200,1606.5537966963616,703.184211879822,43.76972705961142
MaverickGRID: DR + map + consistency,S3c,120,31200,1606.5537966963616,585.0959045200257,36.41931603679803
"DR, no map",S3c,120,31800,2056.656381354358,311.33999476181634,15.138162970947603
DR + map (particle filter),S3c,120,31800,2056.656381354358,24.692795926058213,1.2006281724999395
MaverickGRID: DR + map + consistency,S3c,120,31800,2056.656381354358,24.738914249043525,1.202870565706866
"DR, no map",S3c,120,32400,2089.604108210161,404.00164425678093,19.333884474548928
DR + map (particle filter),S3c,120,32400,2089.604108210161,1700.6755686227134,81.38745334298838
MaverickGRID: DR + map + consistency,S3c,120,32400,2089.604108210161,420.3069235750371,20.114189186536805
"DR, no map",S3c,120,33000,1693.3283957700569,604.9540964977369,35.72573979205188
DR + map (particle filter),S3c,120,33000,1693.3283957700569,741.713546452174,43.80210881155589
MaverickGRID: DR + map + consistency,S3c,120,33000,1693.3283957700569,568.3601575237346,33.56467410240691
"DR, no map",S3c,120,33600,1319.2076808214904,744.2271470890271,56.414706941789916
DR + map (particle filter),S3c,120,33600,1319.2076808214904,897.3123229774826,68.01903415379698
MaverickGRID: DR + map + consistency,S3c,120,33600,1319.2076808214904,741.8322249678686,56.2331644783874
"DR, no map",S3c,120,34200,827.5800566835635,109.75252925885106,13.261862507740014
DR + map (particle filter),S3c,120,34200,827.5800566835635,47.898266562684775,5.7877502213661165
MaverickGRID: DR + map + consistency,S3c,120,34200,827.5800566835635,47.8953197163859,5.787394141458792
"DR, no map",S3c,120,34800,476.20916573773127,486.23258909063634,102.10483629339159
DR + map (particle filter),S3c,120,34800,476.20916573773127,704.004819671351,147.8352098873873
MaverickGRID: DR + map + consistency,S3c,120,34800,476.20916573773127,701.916569813046,147.39669462801172
